campaign_id,session_id,profile_id,container_id,kind,run_id,round,round_attempt,order_in_round,seed,is_warmup,warmup_kind,backend,depth,leaf_index,started_at_utc,input_ms,witness_ms,prove_ms,verify_first_ms,verify_steady_ms,stage_sum_ms,wall_ms,zkey_bytes,zkey_sha256,proof_valid,root_matches,input_matches_committed,public_root,expected_root,heap_used_mb,rss_mb,image_id,manifest_sha256,status,error
V2-PRV-D2-01-run1,S20261005T152152Z,cpu4,ba1b6a403825,primary,V2-PRV-D2-01-run1/cpu4/primary0a1/in_process1,0,1,1,0,1,in_process,groth16,5,0,2026-10-05T15:46:15.875Z,0.504,37.537,597.848,13.032,14.896,648.921,648.97,1133343,41c7636150900ee72cf6323930dd506bd0fc015a94a20905cc61c856b4fe919a,1,1,1,20219445350743929204131453627914351950554712481604845279550177385716225267064,20219445350743929204131453627914351950554712481604845279550177385716225267064,11.325,178.813,sha256:9024dbc83b8168363c07d710dcc5e55d6831294a3e7970c28108e31b0b0bfcd7,9a7829fe2584259f1dd0dc45cf73c5ce904fce7e61e964fb7958826f156b43be,ok,
V2-PRV-D2-01-run1,S20261005T152152Z,cpu4,ba1b6a403825,primary,V2-PRV-D2-01-run1/cpu4/primary0a1/in_process2,0,1,2,0,1,in_process,plonk,5,0,2026-10-05T15:46:16.579Z,0.696,29.959,22856.653,14.242,11.092,22901.551,22901.62,50790568,8b7d89ef154d0704a4a5fb8df978ea728f0decad61374b1d3a80a026ad357fec,1,1,1,20219445350743929204131453627914351950554712481604845279550177385716225267064,20219445350743929204131453627914351950554712481604845279550177385716225267064,11.512,459.777,sha256:9024dbc83b8168363c07d710dcc5e55d6831294a3e7970c28108e31b0b0bfcd7,9a7829fe2584259f1dd0dc45cf73c5ce904fce7e61e964fb7958826f156b43be,ok,
V2-PRV-D2-01-run1,S20261005T152152Z,cpu4,ba1b6a403825,primary,V2-PRV-D2-01-run1/cpu4/primary0a1/round01,0,1,1,0,1,round0,plonk,14,0,2026-10-05T15:46:39.520Z,141.868,52.344,44533.71,13.03,11.321,44740.952,44741.036,101787276,61d7365d9163bc99ded1dfbd03499b9283c2947715292debbde41b3796b6b916,1,1,1,12572480465523292994716985171141939129262661173864601800410554422143429339219,12572480465523292994716985171141939129262661173864601800410554422143429339219,11.113,597.176,sha256:9024dbc83b8168363c07d710dcc5e55d6831294a3e7970c28108e31b0b0bfcd7,9a7829fe2584259f1dd0dc45cf73c5ce904fce7e61e964fb7958826f156b43be,ok,
V2-PRV-D2-01-run1,S20261005T152152Z,cpu4,ba1b6a403825,primary,V2-PRV-D2-01-run1/cpu4/primary0a1/round02,0,1,2,0,1,round0,plonk,10,0,2026-10-05T15:47:24.299Z,19.493,34.438,22982.657,12.759,11.317,23049.347,23049.397,51742588,bebeabf9a0c71095a0054d8bd4225201a55744b4b0560ef0825703d4931d0ced,1,1,1,15051918923212186249893826717407673651397890896320211215644860331911956986283,15051918923212186249893826717407673651397890896320211215644860331911956986283,10.858,487.059,sha256:9024dbc83b8168363c07d710dcc5e55d6831294a3e7970c28108e31b0b0bfcd7,9a7829fe2584259f1dd0dc45cf73c5ce904fce7e61e964fb7958826f156b43be,ok,
V2-PRV-D2-01-run1,S20261005T152152Z,cpu4,ba1b6a403825,primary,V2-PRV-D2-01-run1/cpu4/primary0a1/round03,0,1,3,0,1,round0,groth16,7,0,2026-10-05T15:47:47.389Z,1.074,43.487,260.803,11.657,12.548,317.021,317.075,1374247,c0f6d8c4ac9fa282780a2c229d7d086f87e26be62a3eefceb9f801e5076843aa,1,1,1,9026274488482297584789229036856073050395813352045422820229792111497560353893,9026274488482297584789229036856073050395813352045422820229792111497560353893,12.118,382.691,sha256:9024dbc83b8168363c07d710dcc5e55d6831294a3e7970c28108e31b0b0bfcd7,9a7829fe2584259f1dd0dc45cf73c5ce904fce7e61e964fb7958826f156b43be,ok,
V2-PRV-D2-01-run1,S20261005T152152Z,cpu4,ba1b6a403825,primary,V2-PRV-D2-01-run1/cpu4/primary0a1/round04,0,1,4,0,1,round0,groth16,10,0,2026-10-05T15:47:47.750Z,4.996,31.729,331.266,11.753,11.538,379.744,379.79,1866675,656d9ee8dd285db6410e0a4b4317201829a1347f7cc3ef6d8de625e8f99f432a,1,1,1,15051918923212186249893826717407673651397890896320211215644860331911956986283,15051918923212186249893826717407673651397890896320211215644860331911956986283,11.585,382.129,sha256:9024dbc83b8168363c07d710dcc5e55d6831294a3e7970c28108e31b0b0bfcd7,9a7829fe2584259f1dd0dc45cf73c5ce904fce7e61e964fb7958826f156b43be,ok,
V2-PRV-D2-01-run1,S20261005T152152Z,cpu4,ba1b6a403825,primary,V2-PRV-D2-01-run1/cpu4/primary0a1/round05,0,1,5,0,1,round0,plonk,9,0,2026-10-05T15:47:48.169Z,2.858,29.285,22925.183,15.479,12.139,22972.806,22972.853,51552184,9dc1fed4ae801e210c410e345557301925ad182187f5f64aedebb0ef6a13cf67,1,1,1,6984258666005320425026512790395532096094174015337867819103339755428425654885,6984258666005320425026512790395532096094174015337867819103339755428425654885,11.089,418.211,sha256:9024dbc83b8168363c07d710dcc5e55d6831294a3e7970c28108e31b0b0bfcd7,9a7829fe2584259f1dd0dc45cf73c5ce904fce7e61e964fb7958826f156b43be,ok,
V2-PRV-D2-01-run1,S20261005T152152Z,cpu4,ba1b6a403825,primary,V2-PRV-D2-01-run1/cpu4/primary0a1/round06,0,1,6,0,1,round0,groth16,8,0,2026-10-05T15:48:11.187Z,1.683,35.023,307.651,11.067,10.395,355.423,355.473,1625771,5ed3b83d5f5aad4ca7fa25c79bc0fa86d421d2202a7e7054079f14b9e1c2f4cd,1,1,1,11208238821759301031658742314369964146518915978230190408192556840886074910205,11208238821759301031658742314369964146518915978230190408192556840886074910205,12.168,391.258,sha256:9024dbc83b8168363c07d710dcc5e55d6831294a3e7970c28108e31b0b0bfcd7,9a7829fe2584259f1dd0dc45cf73c5ce904fce7e61e964fb7958826f156b43be,ok,
V2-PRV-D2-01-run1,S20261005T152152Z,cpu4,ba1b6a403825,primary,V2-PRV-D2-01-run1/cpu4/primary0a1/round07,0,1,7,0,1,round0,groth16,12,0,2026-10-05T15:48:11.584Z,35.044,37.924,361.03,12.535,11.332,446.533,446.59,2107579,3fdb01845d81a3cdbbba88fcf45b948195abf01ba68c30be8a5f3e3546d4e81e,1,1,1,20765103782140504056642351574627691742460497089285629062356351732411546548551,20765103782140504056642351574627691742460497089285629062356351732411546548551,10.58,391.965,sha256:9024dbc83b8168363c07d710dcc5e55d6831294a3e7970c28108e31b0b0bfcd7,9a7829fe2584259f1dd0dc45cf73c5ce904fce7e61e964fb7958826f156b43be,ok,
V2-PRV-D2-01-run1,S20261005T152152Z,cpu4,ba1b6a403825,primary,V2-PRV-D2-01-run1/cpu4/primary0a1/round08,0,1,8,0,1,round0,plonk,12,0,2026-10-05T15:48:12.073Z,35.058,37.25,44384.094,11.915,11.964,44468.317,44468.374,101406468,ac66b87842b1343c8548cf4e922c1ee3249b5519daa07857ea88621896f01c1d,1,1,1,20765103782140504056642351574627691742460497089285629062356351732411546548551,20765103782140504056642351574627691742460497089285629062356351732411546548551,10.862,511.379,sha256:9024dbc83b8168363c07d710dcc5e55d6831294a3e7970c28108e31b0b0bfcd7,9a7829fe2584259f1dd0dc45cf73c5ce904fce7e61e964fb7958826f156b43be,ok,
V2-PRV-D2-01-run1,S20261005T152152Z,cpu4,ba1b6a403825,primary,V2-PRV-D2-01-run1/cpu4/primary0a1/round09,0,1,9,0,1,round0,groth16,6,0,2026-10-05T15:48:56.589Z,0.825,30.917,239.288,11.066,10.392,282.096,282.143,1253795,ea2368c5701f4885dc1bd9120ebd0b3419c495066983d2c215030506b1968bd4,1,1,1,10532757130067282663983599398935360485967103778186217285995762441905303040250,10532757130067282663983599398935360485967103778186217285995762441905303040250,12.134,486.789,sha256:9024dbc83b8168363c07d710dcc5e55d6831294a3e7970c28108e31b0b0bfcd7,9a7829fe2584259f1dd0dc45cf73c5ce904fce7e61e964fb7958826f156b43be,ok,
V2-PRV-D2-01-run1,S20261005T152152Z,cpu4,ba1b6a403825,primary,V2-PRV-D2-01-run1/cpu4/primary0a1/round010,0,1,10,0,1,round0,plonk,15,0,2026-10-05T15:48:56.908Z,257.978,52.851,44324.844,13.241,11.751,44648.914,44648.988,101977680,590ecdca303cbdece71bd9566d50ed9ad6168b343d2955edb57da417b966d08b,1,1,1,5538221348906088419474490245423435983421913751881271203929586843786047312620,5538221348906088419474490245423435983421913751881271203929586843786047312620,10.903,507.473,sha256:9024dbc83b8168363c07d710dcc5e55d6831294a3e7970c28108e31b0b0bfcd7,9a7829fe2584259f1dd0dc45cf73c5ce904fce7e61e964fb7958826f156b43be,ok,
V2-PRV-D2-01-run1,S20261005T152152Z,cpu4,ba1b6a403825,primary,V2-PRV-D2-01-run1/cpu4/primary0a1/round011,0,1,11,0,1,round0,plonk,8,0,2026-10-05T15:49:41.604Z,1.843,35.041,22796.914,17.441,11.169,22851.239,22851.29,51361780,42dce5eab9336cf59161d106dd2c9da704b3a453c67dc5f6a284a94331eca87c,1,1,1,11208238821759301031658742314369964146518915978230190408192556840886074910205,11208238821759301031658742314369964146518915978230190408192556840886074910205,11.062,509.465,sha256:9024dbc83b8168363c07d710dcc5e55d6831294a3e7970c28108e31b0b0bfcd7,9a7829fe2584259f1dd0dc45cf73c5ce904fce7e61e964fb7958826f156b43be,ok,
V2-PRV-D2-01-run1,S20261005T152152Z,cpu4,ba1b6a403825,primary,V2-PRV-D2-01-run1/cpu4/primary0a1/round012,0,1,12,0,1,round0,plonk,11,0,2026-10-05T15:50:04.494Z,9.549,34.16,44350.111,12.089,11.412,44405.91,44405.956,101216064,55b85a8c273635d0f8f2cdda0e7ce81b35231792d5212b770681d612dbf1c56a,1,1,1,2331069663988172194036823937050772334301923846801859971199361438858855491288,2331069663988172194036823937050772334301923846801859971199361438858855491288,11.066,507.191,sha256:9024dbc83b8168363c07d710dcc5e55d6831294a3e7970c28108e31b0b0bfcd7,9a7829fe2584259f1dd0dc45cf73c5ce904fce7e61e964fb7958826f156b43be,ok,
V2-PRV-D2-01-run1,S20261005T152152Z,cpu4,ba1b6a403825,primary,V2-PRV-D2-01-run1/cpu4/primary0a1/round013,0,1,13,0,1,round0,groth16,15,0,2026-10-05T15:50:48.947Z,283.137,62.077,406.121,21.736,11.406,773.071,773.157,2468935,d6be53096894f276c29d0702fcead9cafd5a510db26c6b563aa91a72f3a7c974,1,1,1,5538221348906088419474490245423435983421913751881271203929586843786047312620,5538221348906088419474490245423435983421913751881271203929586843786047312620,12.283,369.945,sha256:9024dbc83b8168363c07d710dcc5e55d6831294a3e7970c28108e31b0b0bfcd7,9a7829fe2584259f1dd0dc45cf73c5ce904fce7e61e964fb7958826f156b43be,ok,
V2-PRV-D2-01-run1,S20261005T152152Z,cpu4,ba1b6a403825,primary,V2-PRV-D2-01-run1/cpu4/primary0a1/round014,0,1,14,0,1,round0,plonk,5,0,2026-10-05T15:50:49.760Z,0.821,27.158,22818.734,18.426,11.67,22865.139,22865.189,50790568,8b7d89ef154d0704a4a5fb8df978ea728f0decad61374b1d3a80a026ad357fec,1,1,1,20219445350743929204131453627914351950554712481604845279550177385716225267064,20219445350743929204131453627914351950554712481604845279550177385716225267064,11.179,398.801,sha256:9024dbc83b8168363c07d710dcc5e55d6831294a3e7970c28108e31b0b0bfcd7,9a7829fe2584259f1dd0dc45cf73c5ce904fce7e61e964fb7958826f156b43be,ok,
V2-PRV-D2-01-run1,S20261005T152152Z,cpu4,ba1b6a403825,primary,V2-PRV-D2-01-run1/cpu4/primary0a1/round015,0,1,15,0,1,round0,groth16,9,0,2026-10-05T15:51:12.672Z,3.053,33.629,327.011,10.816,10.411,374.509,374.556,1746223,b211630d00c7c2d0e5309876a16c72ad66909d7301385d4da830c4a8d71e391e,1,1,1,6984258666005320425026512790395532096094174015337867819103339755428425654885,6984258666005320425026512790395532096094174015337867819103339755428425654885,12.247,372.32,sha256:9024dbc83b8168363c07d710dcc5e55d6831294a3e7970c28108e31b0b0bfcd7,9a7829fe2584259f1dd0dc45cf73c5ce904fce7e61e964fb7958826f156b43be,ok,
V2-PRV-D2-01-run1,S20261005T152152Z,cpu4,ba1b6a403825,primary,V2-PRV-D2-01-run1/cpu4/primary0a1/round016,0,1,16,0,1,round0,groth16,5,0,2026-10-05T15:51:13.085Z,0.843,29.037,236.942,10.983,10.57,277.806,277.868,1133343,41c7636150900ee72cf6323930dd506bd0fc015a94a20905cc61c856b4fe919a,1,1,1,20219445350743929204131453627914351950554712481604845279550177385716225267064,20219445350743929204131453627914351950554712481604845279550177385716225267064,11.719,369.797,sha256:9024dbc83b8168363c07d710dcc5e55d6831294a3e7970c28108e31b0b0bfcd7,9a7829fe2584259f1dd0dc45cf73c5ce904fce7e61e964fb7958826f156b43be,ok,
V2-PRV-D2-01-run1,S20261005T152152Z,cpu4,ba1b6a403825,primary,V2-PRV-D2-01-run1/cpu4/primary0a1/round017,0,1,17,0,1,round0,plonk,7,0,2026-10-05T15:51:13.401Z,1.081,28.567,22807.287,15.804,11.258,22852.739,22852.787,51171376,e601552aba9f4692ef0f1d2d75ceade0e48da52ddad45690306a402c03eb810f,1,1,1,9026274488482297584789229036856073050395813352045422820229792111497560353893,9026274488482297584789229036856073050395813352045422820229792111497560353893,11.179,397.035,sha256:9024dbc83b8168363c07d710dcc5e55d6831294a3e7970c28108e31b0b0bfcd7,9a7829fe2584259f1dd0dc45cf73c5ce904fce7e61e964fb7958826f156b43be,ok,
V2-PRV-D2-01-run1,S20261005T152152Z,cpu4,ba1b6a403825,primary,V2-PRV-D2-01-run1/cpu4/primary0a1/round018,0,1,18,0,1,round0,groth16,13,0,2026-10-05T15:51:36.301Z,56.717,38.958,362.471,9.9,9.934,468.047,468.111,2228031,53cbdd1f02a65121d6c7044031c6cfa4c6ce66c0b9712dd28fe86ef4c6512c1b,1,1,1,13018560099362082186863424433928374003133451805803510125393454640522484396813,13018560099362082186863424433928374003133451805803510125393454640522484396813,19.472,399.793,sha256:9024dbc83b8168363c07d710dcc5e55d6831294a3e7970c28108e31b0b0bfcd7,9a7829fe2584259f1dd0dc45cf73c5ce904fce7e61e964fb7958826f156b43be,ok,
V2-PRV-D2-01-run1,S20261005T152152Z,cpu4,ba1b6a403825,primary,V2-PRV-D2-01-run1/cpu4/primary0a1/round019,0,1,19,0,1,round0,groth16,11,0,2026-10-05T15:51:36.806Z,10.459,31.65,345.865,11.574,10.736,399.548,399.594,1987127,1241508317856e8cb42cf71f43cafeb13e26a2553d595182aefca30b78a5b754,1,1,1,2331069663988172194036823937050772334301923846801859971199361438858855491288,2331069663988172194036823937050772334301923846801859971199361438858855491288,10.587,372.426,sha256:9024dbc83b8168363c07d710dcc5e55d6831294a3e7970c28108e31b0b0bfcd7,9a7829fe2584259f1dd0dc45cf73c5ce904fce7e61e964fb7958826f156b43be,ok,
V2-PRV-D2-01-run1,S20261005T152152Z,cpu4,ba1b6a403825,primary,V2-PRV-D2-01-run1/cpu4/primary0a1/round020,0,1,20,0,1,round0,groth16,14,0,2026-10-05T15:51:37.244Z,133.636,44.595,379.767,10.587,10.841,568.585,568.654,2348483,b0be38259edaa109196790233512dc26d29f0e31a9506021bad97c60834e4df2,1,1,1,12572480465523292994716985171141939129262661173864601800410554422143429339219,12572480465523292994716985171141939129262661173864601800410554422143429339219,12.583,374.352,sha256:9024dbc83b8168363c07d710dcc5e55d6831294a3e7970c28108e31b0b0bfcd7,9a7829fe2584259f1dd0dc45cf73c5ce904fce7e61e964fb7958826f156b43be,ok,
V2-PRV-D2-01-run1,S20261005T152152Z,cpu4,ba1b6a403825,primary,V2-PRV-D2-01-run1/cpu4/primary0a1/round021,0,1,21,0,1,round0,plonk,13,0,2026-10-05T15:51:37.853Z,75.603,36.833,44439.129,13.311,11.133,44564.877,44564.94,101596872,ecc4eb82a5958bf47b7b157e77ed7abc103fb2ebeec94211db85c4d20c7c607c,1,1,1,13018560099362082186863424433928374003133451805803510125393454640522484396813,13018560099362082186863424433928374003133451805803510125393454640522484396813,11.21,585.172,sha256:9024dbc83b8168363c07d710dcc5e55d6831294a3e7970c28108e31b0b0bfcd7,9a7829fe2584259f1dd0dc45cf73c5ce904fce7e61e964fb7958826f156b43be,ok,
V2-PRV-D2-01-run1,S20261005T152152Z,cpu4,ba1b6a403825,primary,V2-PRV-D2-01-run1/cpu4/primary0a1/round022,0,1,22,0,1,round0,plonk,6,0,2026-10-05T15:52:22.461Z,0.806,32.88,22831.895,13.216,11.19,22878.797,22878.846,50980972,75b0f7800ba9bbd996a5aba5e02258e755536462dae72897fb9805a733486612,1,1,1,10532757130067282663983599398935360485967103778186217285995762441905303040250,10532757130067282663983599398935360485967103778186217285995762441905303040250,11.237,584.648,sha256:9024dbc83b8168363c07d710dcc5e55d6831294a3e7970c28108e31b0b0bfcd7,9a7829fe2584259f1dd0dc45cf73c5ce904fce7e61e964fb7958826f156b43be,ok,
V2-PRV-D2-01-run1,S20261005T152152Z,cpu4,ad3ed8b65c26,primary,V2-PRV-D2-01-run1/cpu4/primary1a1/in_process1,1,1,1,1,1,in_process,groth16,5,0,2026-10-05T15:52:52.404Z,0.759,32.363,616.426,13.765,14.087,663.314,663.373,1133343,41c7636150900ee72cf6323930dd506bd0fc015a94a20905cc61c856b4fe919a,1,1,1,20219445350743929204131453627914351950554712481604845279550177385716225267064,20219445350743929204131453627914351950554712481604845279550177385716225267064,10.984,219.621,sha256:9024dbc83b8168363c07d710dcc5e55d6831294a3e7970c28108e31b0b0bfcd7,9a7829fe2584259f1dd0dc45cf73c5ce904fce7e61e964fb7958826f156b43be,ok,
V2-PRV-D2-01-run1,S20261005T152152Z,cpu4,ad3ed8b65c26,primary,V2-PRV-D2-01-run1/cpu4/primary1a1/in_process2,1,1,2,1,1,in_process,plonk,5,0,2026-10-05T15:52:53.120Z,0.718,29.971,22615.069,16.269,11.345,22662.027,22662.095,50790568,8b7d89ef154d0704a4a5fb8df978ea728f0decad61374b1d3a80a026ad357fec,1,1,1,20219445350743929204131453627914351950554712481604845279550177385716225267064,20219445350743929204131453627914351950554712481604845279550177385716225267064,11.736,462.293,sha256:9024dbc83b8168363c07d710dcc5e55d6831294a3e7970c28108e31b0b0bfcd7,9a7829fe2584259f1dd0dc45cf73c5ce904fce7e61e964fb7958826f156b43be,ok,
V2-PRV-D2-01-run1,S20261005T152152Z,cpu4,ad3ed8b65c26,primary,V2-PRV-D2-01-run1/cpu4/primary1a1/m1,1,1,1,1,0,,groth16,7,0,2026-10-05T15:53:15.822Z,5.372,36.545,265.086,12.897,16.651,319.9,319.964,1374247,c0f6d8c4ac9fa282780a2c229d7d086f87e26be62a3eefceb9f801e5076843aa,1,1,1,9026274488482297584789229036856073050395813352045422820229792111497560353893,9026274488482297584789229036856073050395813352045422820229792111497560353893,12.393,384.293,sha256:9024dbc83b8168363c07d710dcc5e55d6831294a3e7970c28108e31b0b0bfcd7,9a7829fe2584259f1dd0dc45cf73c5ce904fce7e61e964fb7958826f156b43be,ok,
V2-PRV-D2-01-run1,S20261005T152152Z,cpu4,ad3ed8b65c26,primary,V2-PRV-D2-01-run1/cpu4/primary1a1/m2,1,1,2,1,0,,groth16,8,0,2026-10-05T15:53:16.192Z,1.644,29.802,294.379,12.41,11.955,338.235,338.283,1625771,5ed3b83d5f5aad4ca7fa25c79bc0fa86d421d2202a7e7054079f14b9e1c2f4cd,1,1,1,11208238821759301031658742314369964146518915978230190408192556840886074910205,11208238821759301031658742314369964146518915978230190408192556840886074910205,12.338,385.043,sha256:9024dbc83b8168363c07d710dcc5e55d6831294a3e7970c28108e31b0b0bfcd7,9a7829fe2584259f1dd0dc45cf73c5ce904fce7e61e964fb7958826f156b43be,ok,
V2-PRV-D2-01-run1,S20261005T152152Z,cpu4,ad3ed8b65c26,primary,V2-PRV-D2-01-run1/cpu4/primary1a1/m3,1,1,3,1,0,,plonk,14,0,2026-10-05T15:53:16.570Z,135.478,43.216,43872.668,12.828,10.979,44064.19,44064.256,101787276,61d7365d9163bc99ded1dfbd03499b9283c2947715292debbde41b3796b6b916,1,1,1,12572480465523292994716985171141939129262661173864601800410554422143429339219,12572480465523292994716985171141939129262661173864601800410554422143429339219,11.689,608.594,sha256:9024dbc83b8168363c07d710dcc5e55d6831294a3e7970c28108e31b0b0bfcd7,9a7829fe2584259f1dd0dc45cf73c5ce904fce7e61e964fb7958826f156b43be,ok,
V2-PRV-D2-01-run1,S20261005T152152Z,cpu4,ad3ed8b65c26,primary,V2-PRV-D2-01-run1/cpu4/primary1a1/m4,1,1,4,1,0,,groth16,6,0,2026-10-05T15:54:00.682Z,0.802,30.786,237.937,13.893,10.865,283.418,283.467,1253795,ea2368c5701f4885dc1bd9120ebd0b3419c495066983d2c215030506b1968bd4,1,1,1,10532757130067282663983599398935360485967103778186217285995762441905303040250,10532757130067282663983599398935360485967103778186217285995762441905303040250,12.389,454.844,sha256:9024dbc83b8168363c07d710dcc5e55d6831294a3e7970c28108e31b0b0bfcd7,9a7829fe2584259f1dd0dc45cf73c5ce904fce7e61e964fb7958826f156b43be,ok,
V2-PRV-D2-01-run1,S20261005T152152Z,cpu4,ad3ed8b65c26,primary,V2-PRV-D2-01-run1/cpu4/primary1a1/m5,1,1,5,1,0,,plonk,11,0,2026-10-05T15:54:01.003Z,12.539,28.041,43845.404,16.743,11.425,43902.726,43902.779,101216064,55b85a8c273635d0f8f2cdda0e7ce81b35231792d5212b770681d612dbf1c56a,1,1,1,2331069663988172194036823937050772334301923846801859971199361438858855491288,2331069663988172194036823937050772334301923846801859971199361438858855491288,11.34,476.672,sha256:9024dbc83b8168363c07d710dcc5e55d6831294a3e7970c28108e31b0b0bfcd7,9a7829fe2584259f1dd0dc45cf73c5ce904fce7e61e964fb7958826f156b43be,ok,
V2-PRV-D2-01-run1,S20261005T152152Z,cpu4,ad3ed8b65c26,primary,V2-PRV-D2-01-run1/cpu4/primary1a1/m6,1,1,6,1,0,,plonk,7,0,2026-10-05T15:54:44.953Z,1.072,34.99,22619.092,14.773,11.348,22669.927,22669.978,51171376,e601552aba9f4692ef0f1d2d75ceade0e48da52ddad45690306a402c03eb810f,1,1,1,9026274488482297584789229036856073050395813352045422820229792111497560353893,9026274488482297584789229036856073050395813352045422820229792111497560353893,11.229,501.602,sha256:9024dbc83b8168363c07d710dcc5e55d6831294a3e7970c28108e31b0b0bfcd7,9a7829fe2584259f1dd0dc45cf73c5ce904fce7e61e964fb7958826f156b43be,ok,
V2-PRV-D2-01-run1,S20261005T152152Z,cpu4,ad3ed8b65c26,primary,V2-PRV-D2-01-run1/cpu4/primary1a1/m7,1,1,7,1,0,,groth16,5,0,2026-10-05T15:55:07.662Z,0.723,36.856,222.722,11.316,12.625,271.617,271.668,1133343,41c7636150900ee72cf6323930dd506bd0fc015a94a20905cc61c856b4fe919a,1,1,1,20219445350743929204131453627914351950554712481604845279550177385716225267064,20219445350743929204131453627914351950554712481604845279550177385716225267064,12.454,422.242,sha256:9024dbc83b8168363c07d710dcc5e55d6831294a3e7970c28108e31b0b0bfcd7,9a7829fe2584259f1dd0dc45cf73c5ce904fce7e61e964fb7958826f156b43be,ok,
V2-PRV-D2-01-run1,S20261005T152152Z,cpu4,ad3ed8b65c26,primary,V2-PRV-D2-01-run1/cpu4/primary1a1/m8,1,1,8,1,0,,plonk,15,0,2026-10-05T15:55:07.975Z,260.412,51.844,44102.236,12.624,10.863,44427.116,44427.196,101977680,590ecdca303cbdece71bd9566d50ed9ad6168b343d2955edb57da417b966d08b,1,1,1,5538221348906088419474490245423435983421913751881271203929586843786047312620,5538221348906088419474490245423435983421913751881271203929586843786047312620,11.457,618.789,sha256:9024dbc83b8168363c07d710dcc5e55d6831294a3e7970c28108e31b0b0bfcd7,9a7829fe2584259f1dd0dc45cf73c5ce904fce7e61e964fb7958826f156b43be,ok,
V2-PRV-D2-01-run1,S20261005T152152Z,cpu4,ad3ed8b65c26,primary,V2-PRV-D2-01-run1/cpu4/primary1a1/m9,1,1,9,1,0,,plonk,5,0,2026-10-05T15:55:52.440Z,9.043,28.863,22561.908,14.038,11.349,22613.852,22613.903,50790568,8b7d89ef154d0704a4a5fb8df978ea728f0decad61374b1d3a80a026ad357fec,1,1,1,20219445350743929204131453627914351950554712481604845279550177385716225267064,20219445350743929204131453627914351950554712481604845279550177385716225267064,11.143,448.289,sha256:9024dbc83b8168363c07d710dcc5e55d6831294a3e7970c28108e31b0b0bfcd7,9a7829fe2584259f1dd0dc45cf73c5ce904fce7e61e964fb7958826f156b43be,ok,
V2-PRV-D2-01-run1,S20261005T152152Z,cpu4,ad3ed8b65c26,primary,V2-PRV-D2-01-run1/cpu4/primary1a1/m10,1,1,10,1,0,,plonk,6,0,2026-10-05T15:56:15.096Z,0.801,33.09,22579.151,14.478,11.314,22627.519,22627.57,50980972,75b0f7800ba9bbd996a5aba5e02258e755536462dae72897fb9805a733486612,1,1,1,10532757130067282663983599398935360485967103778186217285995762441905303040250,10532757130067282663983599398935360485967103778186217285995762441905303040250,11.263,449.008,sha256:9024dbc83b8168363c07d710dcc5e55d6831294a3e7970c28108e31b0b0bfcd7,9a7829fe2584259f1dd0dc45cf73c5ce904fce7e61e964fb7958826f156b43be,ok,
V2-PRV-D2-01-run1,S20261005T152152Z,cpu4,ad3ed8b65c26,primary,V2-PRV-D2-01-run1/cpu4/primary1a1/m11,1,1,11,1,0,,plonk,8,0,2026-10-05T15:56:37.767Z,1.893,31.243,22541.842,18.132,11.241,22593.11,22593.171,51361780,42dce5eab9336cf59161d106dd2c9da704b3a453c67dc5f6a284a94331eca87c,1,1,1,11208238821759301031658742314369964146518915978230190408192556840886074910205,11208238821759301031658742314369964146518915978230190408192556840886074910205,11.319,501.496,sha256:9024dbc83b8168363c07d710dcc5e55d6831294a3e7970c28108e31b0b0bfcd7,9a7829fe2584259f1dd0dc45cf73c5ce904fce7e61e964fb7958826f156b43be,ok,
V2-PRV-D2-01-run1,S20261005T152152Z,cpu4,ad3ed8b65c26,primary,V2-PRV-D2-01-run1/cpu4/primary1a1/m12,1,1,12,1,0,,plonk,13,0,2026-10-05T15:57:00.399Z,60.218,40.654,43827.774,13.257,11.921,43941.902,43941.965,101596872,ecc4eb82a5958bf47b7b157e77ed7abc103fb2ebeec94211db85c4d20c7c607c,1,1,1,13018560099362082186863424433928374003133451805803510125393454640522484396813,13018560099362082186863424433928374003133451805803510125393454640522484396813,11.223,451.727,sha256:9024dbc83b8168363c07d710dcc5e55d6831294a3e7970c28108e31b0b0bfcd7,9a7829fe2584259f1dd0dc45cf73c5ce904fce7e61e964fb7958826f156b43be,ok,
V2-PRV-D2-01-run1,S20261005T152152Z,cpu4,ad3ed8b65c26,primary,V2-PRV-D2-01-run1/cpu4/primary1a1/m13,1,1,13,1,0,,plonk,10,0,2026-10-05T15:57:44.393Z,5.194,34.769,22666.879,16.642,11.855,22723.483,22723.53,51742588,bebeabf9a0c71095a0054d8bd4225201a55744b4b0560ef0825703d4931d0ced,1,1,1,15051918923212186249893826717407673651397890896320211215644860331911956986283,15051918923212186249893826717407673651397890896320211215644860331911956986283,11.293,452.086,sha256:9024dbc83b8168363c07d710dcc5e55d6831294a3e7970c28108e31b0b0bfcd7,9a7829fe2584259f1dd0dc45cf73c5ce904fce7e61e964fb7958826f156b43be,ok,
V2-PRV-D2-01-run1,S20261005T152152Z,cpu4,ad3ed8b65c26,primary,V2-PRV-D2-01-run1/cpu4/primary1a1/m14,1,1,14,1,0,,groth16,15,0,2026-10-05T15:58:07.161Z,257.725,63.603,395.839,10.469,10.992,727.637,727.712,2468935,d6be53096894f276c29d0702fcead9cafd5a510db26c6b563aa91a72f3a7c974,1,1,1,5538221348906088419474490245423435983421913751881271203929586843786047312620,5538221348906088419474490245423435983421913751881271203929586843786047312620,11.077,424.723,sha256:9024dbc83b8168363c07d710dcc5e55d6831294a3e7970c28108e31b0b0bfcd7,9a7829fe2584259f1dd0dc45cf73c5ce904fce7e61e964fb7958826f156b43be,ok,
V2-PRV-D2-01-run1,S20261005T152152Z,cpu4,ad3ed8b65c26,primary,V2-PRV-D2-01-run1/cpu4/primary1a1/m15,1,1,15,1,0,,plonk,9,0,2026-10-05T15:58:07.928Z,2.895,34.834,22565.887,20.278,10.962,22623.894,22623.94,51552184,9dc1fed4ae801e210c410e345557301925ad182187f5f64aedebb0ef6a13cf67,1,1,1,6984258666005320425026512790395532096094174015337867819103339755428425654885,6984258666005320425026512790395532096094174015337867819103339755428425654885,11.501,451.199,sha256:9024dbc83b8168363c07d710dcc5e55d6831294a3e7970c28108e31b0b0bfcd7,9a7829fe2584259f1dd0dc45cf73c5ce904fce7e61e964fb7958826f156b43be,ok,
V2-PRV-D2-01-run1,S20261005T152152Z,cpu4,ad3ed8b65c26,primary,V2-PRV-D2-01-run1/cpu4/primary1a1/m16,1,1,16,1,0,,groth16,14,0,2026-10-05T15:58:30.593Z,108.884,42.171,387.833,10.98,11.173,549.869,549.928,2348483,b0be38259edaa109196790233512dc26d29f0e31a9506021bad97c60834e4df2,1,1,1,12572480465523292994716985171141939129262661173864601800410554422143429339219,12572480465523292994716985171141939129262661173864601800410554422143429339219,10.949,424.676,sha256:9024dbc83b8168363c07d710dcc5e55d6831294a3e7970c28108e31b0b0bfcd7,9a7829fe2584259f1dd0dc45cf73c5ce904fce7e61e964fb7958826f156b43be,ok,
V2-PRV-D2-01-run1,S20261005T152152Z,cpu4,ad3ed8b65c26,primary,V2-PRV-D2-01-run1/cpu4/primary1a1/m17,1,1,17,1,0,,groth16,12,0,2026-10-05T15:58:31.181Z,34.584,34.218,363.157,13.793,11.212,445.752,445.804,2107579,3fdb01845d81a3cdbbba88fcf45b948195abf01ba68c30be8a5f3e3546d4e81e,1,1,1,20765103782140504056642351574627691742460497089285629062356351732411546548551,20765103782140504056642351574627691742460497089285629062356351732411546548551,11.13,428.27,sha256:9024dbc83b8168363c07d710dcc5e55d6831294a3e7970c28108e31b0b0bfcd7,9a7829fe2584259f1dd0dc45cf73c5ce904fce7e61e964fb7958826f156b43be,ok,
V2-PRV-D2-01-run1,S20261005T152152Z,cpu4,ad3ed8b65c26,primary,V2-PRV-D2-01-run1/cpu4/primary1a1/m18,1,1,18,1,0,,groth16,10,0,2026-10-05T15:58:31.666Z,5.137,32.332,330.242,10.569,10.461,378.28,378.33,1866675,656d9ee8dd285db6410e0a4b4317201829a1347f7cc3ef6d8de625e8f99f432a,1,1,1,15051918923212186249893826717407673651397890896320211215644860331911956986283,15051918923212186249893826717407673651397890896320211215644860331911956986283,12.82,428.285,sha256:9024dbc83b8168363c07d710dcc5e55d6831294a3e7970c28108e31b0b0bfcd7,9a7829fe2584259f1dd0dc45cf73c5ce904fce7e61e964fb7958826f156b43be,ok,
V2-PRV-D2-01-run1,S20261005T152152Z,cpu4,ad3ed8b65c26,primary,V2-PRV-D2-01-run1/cpu4/primary1a1/m19,1,1,19,1,0,,groth16,13,0,2026-10-05T15:58:32.085Z,75.236,39.747,382.652,17.119,9.801,514.754,514.817,2228031,53cbdd1f02a65121d6c7044031c6cfa4c6ce66c0b9712dd28fe86ef4c6512c1b,1,1,1,13018560099362082186863424433928374003133451805803510125393454640522484396813,13018560099362082186863424433928374003133451805803510125393454640522484396813,14.106,462.469,sha256:9024dbc83b8168363c07d710dcc5e55d6831294a3e7970c28108e31b0b0bfcd7,9a7829fe2584259f1dd0dc45cf73c5ce904fce7e61e964fb7958826f156b43be,ok,
V2-PRV-D2-01-run1,S20261005T152152Z,cpu4,ad3ed8b65c26,primary,V2-PRV-D2-01-run1/cpu4/primary1a1/m20,1,1,20,1,0,,plonk,12,0,2026-10-05T15:58:32.636Z,19.558,35.711,44055.481,13.696,11.264,44124.446,44124.496,101406468,ac66b87842b1343c8548cf4e922c1ee3249b5519daa07857ea88621896f01c1d,1,1,1,20765103782140504056642351574627691742460497089285629062356351732411546548551,20765103782140504056642351574627691742460497089285629062356351732411546548551,11.507,513.566,sha256:9024dbc83b8168363c07d710dcc5e55d6831294a3e7970c28108e31b0b0bfcd7,9a7829fe2584259f1dd0dc45cf73c5ce904fce7e61e964fb7958826f156b43be,ok,
V2-PRV-D2-01-run1,S20261005T152152Z,cpu4,ad3ed8b65c26,primary,V2-PRV-D2-01-run1/cpu4/primary1a1/m21,1,1,21,1,0,,groth16,9,0,2026-10-05T15:59:16.805Z,2.884,39.282,304.31,10.687,10.675,357.163,357.211,1746223,b211630d00c7c2d0e5309876a16c72ad66909d7301385d4da830c4a8d71e391e,1,1,1,6984258666005320425026512790395532096094174015337867819103339755428425654885,6984258666005320425026512790395532096094174015337867819103339755428425654885,11.065,427.043,sha256:9024dbc83b8168363c07d710dcc5e55d6831294a3e7970c28108e31b0b0bfcd7,9a7829fe2584259f1dd0dc45cf73c5ce904fce7e61e964fb7958826f156b43be,ok,
V2-PRV-D2-01-run1,S20261005T152152Z,cpu4,ad3ed8b65c26,primary,V2-PRV-D2-01-run1/cpu4/primary1a1/m22,1,1,22,1,0,,groth16,11,0,2026-10-05T15:59:17.199Z,12.185,27.98,347.831,11.334,10.925,399.331,399.379,1987127,1241508317856e8cb42cf71f43cafeb13e26a2553d595182aefca30b78a5b754,1,1,1,2331069663988172194036823937050772334301923846801859971199361438858855491288,2331069663988172194036823937050772334301923846801859971199361438858855491288,10.939,428.438,sha256:9024dbc83b8168363c07d710dcc5e55d6831294a3e7970c28108e31b0b0bfcd7,9a7829fe2584259f1dd0dc45cf73c5ce904fce7e61e964fb7958826f156b43be,ok,
V2-PRV-D2-01-run1,S20261005T152152Z,cpu4,1154787045b4,primary,V2-PRV-D2-01-run1/cpu4/primary2a1/in_process1,2,1,1,2,1,in_process,groth16,5,0,2026-10-05T16:20:17.521Z,0.749,29.753,592.762,13.736,13.908,637.001,637.064,1133343,41c7636150900ee72cf6323930dd506bd0fc015a94a20905cc61c856b4fe919a,1,1,1,20219445350743929204131453627914351950554712481604845279550177385716225267064,20219445350743929204131453627914351950554712481604845279550177385716225267064,16.592,199.984,sha256:9024dbc83b8168363c07d710dcc5e55d6831294a3e7970c28108e31b0b0bfcd7,9a7829fe2584259f1dd0dc45cf73c5ce904fce7e61e964fb7958826f156b43be,ok,
V2-PRV-D2-01-run1,S20261005T152152Z,cpu4,1154787045b4,primary,V2-PRV-D2-01-run1/cpu4/primary2a1/in_process2,2,1,2,2,1,in_process,plonk,5,0,2026-10-05T16:20:18.211Z,0.697,34.294,22748.414,15.536,11.183,22798.942,22799.02,50790568,8b7d89ef154d0704a4a5fb8df978ea728f0decad61374b1d3a80a026ad357fec,1,1,1,20219445350743929204131453627914351950554712481604845279550177385716225267064,20219445350743929204131453627914351950554712481604845279550177385716225267064,12.894,466.191,sha256:9024dbc83b8168363c07d710dcc5e55d6831294a3e7970c28108e31b0b0bfcd7,9a7829fe2584259f1dd0dc45cf73c5ce904fce7e61e964fb7958826f156b43be,ok,
V2-PRV-D2-01-run1,S20261005T152152Z,cpu4,1154787045b4,primary,V2-PRV-D2-01-run1/cpu4/primary2a1/m1,2,1,1,2,0,,groth16,8,0,2026-10-05T16:20:41.050Z,1.857,37.236,294.269,14.899,15.239,348.262,348.316,1625771,5ed3b83d5f5aad4ca7fa25c79bc0fa86d421d2202a7e7054079f14b9e1c2f4cd,1,1,1,11208238821759301031658742314369964146518915978230190408192556840886074910205,11208238821759301031658742314369964146518915978230190408192556840886074910205,12.057,442.273,sha256:9024dbc83b8168363c07d710dcc5e55d6831294a3e7970c28108e31b0b0bfcd7,9a7829fe2584259f1dd0dc45cf73c5ce904fce7e61e964fb7958826f156b43be,ok,
V2-PRV-D2-01-run1,S20261005T152152Z,cpu4,1154787045b4,primary,V2-PRV-D2-01-run1/cpu4/primary2a1/m2,2,1,2,2,0,,plonk,8,0,2026-10-05T16:20:41.450Z,1.454,26.968,22820.052,16.845,11.282,22865.319,22865.385,51361780,42dce5eab9336cf59161d106dd2c9da704b3a453c67dc5f6a284a94331eca87c,1,1,1,11208238821759301031658742314369964146518915978230190408192556840886074910205,11208238821759301031658742314369964146518915978230190408192556840886074910205,12.223,472.371,sha256:9024dbc83b8168363c07d710dcc5e55d6831294a3e7970c28108e31b0b0bfcd7,9a7829fe2584259f1dd0dc45cf73c5ce904fce7e61e964fb7958826f156b43be,ok,
V2-PRV-D2-01-run1,S20261005T152152Z,cpu4,1154787045b4,primary,V2-PRV-D2-01-run1/cpu4/primary2a1/m3,2,1,3,2,0,,plonk,5,0,2026-10-05T16:21:04.355Z,0.698,31.242,22849.328,17.226,11.369,22898.495,22898.549,50790568,8b7d89ef154d0704a4a5fb8df978ea728f0decad61374b1d3a80a026ad357fec,1,1,1,20219445350743929204131453627914351950554712481604845279550177385716225267064,20219445350743929204131453627914351950554712481604845279550177385716225267064,12.244,475.035,sha256:9024dbc83b8168363c07d710dcc5e55d6831294a3e7970c28108e31b0b0bfcd7,9a7829fe2584259f1dd0dc45cf73c5ce904fce7e61e964fb7958826f156b43be,ok,
V2-PRV-D2-01-run1,S20261005T152152Z,cpu4,1154787045b4,primary,V2-PRV-D2-01-run1/cpu4/primary2a1/m4,2,1,4,2,0,,plonk,14,0,2026-10-05T16:21:27.294Z,109.263,42.212,44186.364,13.264,11.014,44351.103,44351.168,101787276,61d7365d9163bc99ded1dfbd03499b9283c2947715292debbde41b3796b6b916,1,1,1,12572480465523292994716985171141939129262661173864601800410554422143429339219,12572480465523292994716985171141939129262661173864601800410554422143429339219,12.505,614.996,sha256:9024dbc83b8168363c07d710dcc5e55d6831294a3e7970c28108e31b0b0bfcd7,9a7829fe2584259f1dd0dc45cf73c5ce904fce7e61e964fb7958826f156b43be,ok,
V2-PRV-D2-01-run1,S20261005T152152Z,cpu4,1154787045b4,primary,V2-PRV-D2-01-run1/cpu4/primary2a1/m5,2,1,5,2,0,,groth16,5,0,2026-10-05T16:22:11.684Z,0.701,39.783,226.562,12.558,10.814,279.604,279.657,1133343,41c7636150900ee72cf6323930dd506bd0fc015a94a20905cc61c856b4fe919a,1,1,1,20219445350743929204131453627914351950554712481604845279550177385716225267064,20219445350743929204131453627914351950554712481604845279550177385716225267064,13.488,488.031,sha256:9024dbc83b8168363c07d710dcc5e55d6831294a3e7970c28108e31b0b0bfcd7,9a7829fe2584259f1dd0dc45cf73c5ce904fce7e61e964fb7958826f156b43be,ok,
V2-PRV-D2-01-run1,S20261005T152152Z,cpu4,1154787045b4,primary,V2-PRV-D2-01-run1/cpu4/primary2a1/m6,2,1,6,2,0,,groth16,10,0,2026-10-05T16:22:12.005Z,5.207,29.306,329.322,12.907,13.742,376.743,376.791,1866675,656d9ee8dd285db6410e0a4b4317201829a1347f7cc3ef6d8de625e8f99f432a,1,1,1,15051918923212186249893826717407673651397890896320211215644860331911956986283,15051918923212186249893826717407673651397890896320211215644860331911956986283,12.749,486.996,sha256:9024dbc83b8168363c07d710dcc5e55d6831294a3e7970c28108e31b0b0bfcd7,9a7829fe2584259f1dd0dc45cf73c5ce904fce7e61e964fb7958826f156b43be,ok,
V2-PRV-D2-01-run1,S20261005T152152Z,cpu4,1154787045b4,primary,V2-PRV-D2-01-run1/cpu4/primary2a1/m7,2,1,7,2,0,,plonk,12,0,2026-10-05T16:22:12.431Z,35.31,38.639,43934.946,11.853,11.894,44020.748,44020.804,101406468,ac66b87842b1343c8548cf4e922c1ee3249b5519daa07857ea88621896f01c1d,1,1,1,20765103782140504056642351574627691742460497089285629062356351732411546548551,20765103782140504056642351574627691742460497089285629062356351732411546548551,12.337,487.383,sha256:9024dbc83b8168363c07d710dcc5e55d6831294a3e7970c28108e31b0b0bfcd7,9a7829fe2584259f1dd0dc45cf73c5ce904fce7e61e964fb7958826f156b43be,ok,
V2-PRV-D2-01-run1,S20261005T152152Z,cpu4,1154787045b4,primary,V2-PRV-D2-01-run1/cpu4/primary2a1/m8,2,1,8,2,0,,plonk,6,0,2026-10-05T16:22:56.504Z,0.792,30.746,22680.297,14.02,11.331,22725.855,22725.904,50980972,75b0f7800ba9bbd996a5aba5e02258e755536462dae72897fb9805a733486612,1,1,1,10532757130067282663983599398935360485967103778186217285995762441905303040250,10532757130067282663983599398935360485967103778186217285995762441905303040250,12.388,508.449,sha256:9024dbc83b8168363c07d710dcc5e55d6831294a3e7970c28108e31b0b0bfcd7,9a7829fe2584259f1dd0dc45cf73c5ce904fce7e61e964fb7958826f156b43be,ok,
V2-PRV-D2-01-run1,S20261005T152152Z,cpu4,1154787045b4,primary,V2-PRV-D2-01-run1/cpu4/primary2a1/m9,2,1,9,2,0,,plonk,11,0,2026-10-05T16:23:19.270Z,10.032,36.438,44099.146,14.321,11.825,44159.938,44159.985,101216064,55b85a8c273635d0f8f2cdda0e7ce81b35231792d5212b770681d612dbf1c56a,1,1,1,2331069663988172194036823937050772334301923846801859971199361438858855491288,2331069663988172194036823937050772334301923846801859971199361438858855491288,12.35,517.484,sha256:9024dbc83b8168363c07d710dcc5e55d6831294a3e7970c28108e31b0b0bfcd7,9a7829fe2584259f1dd0dc45cf73c5ce904fce7e61e964fb7958826f156b43be,ok,
V2-PRV-D2-01-run1,S20261005T152152Z,cpu4,1154787045b4,primary,V2-PRV-D2-01-run1/cpu4/primary2a1/m10,2,1,10,2,0,,groth16,9,0,2026-10-05T16:24:03.478Z,2.937,36.32,303.949,11.189,10.826,354.395,354.449,1746223,b211630d00c7c2d0e5309876a16c72ad66909d7301385d4da830c4a8d71e391e,1,1,1,6984258666005320425026512790395532096094174015337867819103339755428425654885,6984258666005320425026512790395532096094174015337867819103339755428425654885,13.629,490.996,sha256:9024dbc83b8168363c07d710dcc5e55d6831294a3e7970c28108e31b0b0bfcd7,9a7829fe2584259f1dd0dc45cf73c5ce904fce7e61e964fb7958826f156b43be,ok,
V2-PRV-D2-01-run1,S20261005T152152Z,cpu4,1154787045b4,primary,V2-PRV-D2-01-run1/cpu4/primary2a1/m11,2,1,11,2,0,,groth16,11,0,2026-10-05T16:24:03.873Z,12.81,29.084,335.734,11.605,12.479,389.233,389.286,1987127,1241508317856e8cb42cf71f43cafeb13e26a2553d595182aefca30b78a5b754,1,1,1,2331069663988172194036823937050772334301923846801859971199361438858855491288,2331069663988172194036823937050772334301923846801859971199361438858855491288,12.083,491.473,sha256:9024dbc83b8168363c07d710dcc5e55d6831294a3e7970c28108e31b0b0bfcd7,9a7829fe2584259f1dd0dc45cf73c5ce904fce7e61e964fb7958826f156b43be,ok,
V2-PRV-D2-01-run1,S20261005T152152Z,cpu4,1154787045b4,primary,V2-PRV-D2-01-run1/cpu4/primary2a1/m12,2,1,12,2,0,,groth16,13,0,2026-10-05T16:24:04.306Z,73.877,44.344,368.37,10.186,10.108,496.777,496.842,2228031,53cbdd1f02a65121d6c7044031c6cfa4c6ce66c0b9712dd28fe86ef4c6512c1b,1,1,1,13018560099362082186863424433928374003133451805803510125393454640522484396813,13018560099362082186863424433928374003133451805803510125393454640522484396813,23.812,526.781,sha256:9024dbc83b8168363c07d710dcc5e55d6831294a3e7970c28108e31b0b0bfcd7,9a7829fe2584259f1dd0dc45cf73c5ce904fce7e61e964fb7958826f156b43be,ok,
V2-PRV-D2-01-run1,S20261005T152152Z,cpu4,1154787045b4,primary,V2-PRV-D2-01-run1/cpu4/primary2a1/m13,2,1,13,2,0,,groth16,15,0,2026-10-05T16:24:04.842Z,250.15,50.353,393.421,10.831,11.016,704.755,704.828,2468935,d6be53096894f276c29d0702fcead9cafd5a510db26c6b563aa91a72f3a7c974,1,1,1,5538221348906088419474490245423435983421913751881271203929586843786047312620,5538221348906088419474490245423435983421913751881271203929586843786047312620,13.565,495.246,sha256:9024dbc83b8168363c07d710dcc5e55d6831294a3e7970c28108e31b0b0bfcd7,9a7829fe2584259f1dd0dc45cf73c5ce904fce7e61e964fb7958826f156b43be,ok,
V2-PRV-D2-01-run1,S20261005T152152Z,cpu4,1154787045b4,primary,V2-PRV-D2-01-run1/cpu4/primary2a1/m14,2,1,14,2,0,,plonk,10,0,2026-10-05T16:24:05.587Z,5.27,28.41,22623.691,19.178,11.083,22676.548,22676.599,51742588,bebeabf9a0c71095a0054d8bd4225201a55744b4b0560ef0825703d4931d0ced,1,1,1,15051918923212186249893826717407673651397890896320211215644860331911956986283,15051918923212186249893826717407673651397890896320211215644860331911956986283,12.348,518.465,sha256:9024dbc83b8168363c07d710dcc5e55d6831294a3e7970c28108e31b0b0bfcd7,9a7829fe2584259f1dd0dc45cf73c5ce904fce7e61e964fb7958826f156b43be,ok,
V2-PRV-D2-01-run1,S20261005T152152Z,cpu4,1154787045b4,primary,V2-PRV-D2-01-run1/cpu4/primary2a1/m15,2,1,15,2,0,,groth16,6,0,2026-10-05T16:24:28.303Z,0.802,33.323,233.211,10.795,10.326,278.131,278.177,1253795,ea2368c5701f4885dc1bd9120ebd0b3419c495066983d2c215030506b1968bd4,1,1,1,10532757130067282663983599398935360485967103778186217285995762441905303040250,10532757130067282663983599398935360485967103778186217285995762441905303040250,13.713,490.965,sha256:9024dbc83b8168363c07d710dcc5e55d6831294a3e7970c28108e31b0b0bfcd7,9a7829fe2584259f1dd0dc45cf73c5ce904fce7e61e964fb7958826f156b43be,ok,
V2-PRV-D2-01-run1,S20261005T152152Z,cpu4,1154787045b4,primary,V2-PRV-D2-01-run1/cpu4/primary2a1/m16,2,1,16,2,0,,plonk,15,0,2026-10-05T16:24:28.618Z,257.322,50.109,44076.525,11.549,10.806,44395.504,44395.577,101977680,590ecdca303cbdece71bd9566d50ed9ad6168b343d2955edb57da417b966d08b,1,1,1,5538221348906088419474490245423435983421913751881271203929586843786047312620,5538221348906088419474490245423435983421913751881271203929586843786047312620,13.145,635.004,sha256:9024dbc83b8168363c07d710dcc5e55d6831294a3e7970c28108e31b0b0bfcd7,9a7829fe2584259f1dd0dc45cf73c5ce904fce7e61e964fb7958826f156b43be,ok,
V2-PRV-D2-01-run1,S20261005T152152Z,cpu4,1154787045b4,primary,V2-PRV-D2-01-run1/cpu4/primary2a1/m17,2,1,17,2,0,,groth16,12,0,2026-10-05T16:25:13.053Z,28.739,37.233,357.824,12.59,10.563,436.386,436.44,2107579,3fdb01845d81a3cdbbba88fcf45b948195abf01ba68c30be8a5f3e3546d4e81e,1,1,1,20765103782140504056642351574627691742460497089285629062356351732411546548551,20765103782140504056642351574627691742460497089285629062356351732411546548551,13.685,495.434,sha256:9024dbc83b8168363c07d710dcc5e55d6831294a3e7970c28108e31b0b0bfcd7,9a7829fe2584259f1dd0dc45cf73c5ce904fce7e61e964fb7958826f156b43be,ok,
V2-PRV-D2-01-run1,S20261005T152152Z,cpu4,1154787045b4,primary,V2-PRV-D2-01-run1/cpu4/primary2a1/m18,2,1,18,2,0,,plonk,9,0,2026-10-05T16:25:13.527Z,2.809,31.401,22687.305,12.842,11.178,22734.356,22734.4,51552184,9dc1fed4ae801e210c410e345557301925ad182187f5f64aedebb0ef6a13cf67,1,1,1,6984258666005320425026512790395532096094174015337867819103339755428425654885,6984258666005320425026512790395532096094174015337867819103339755428425654885,12.431,521.625,sha256:9024dbc83b8168363c07d710dcc5e55d6831294a3e7970c28108e31b0b0bfcd7,9a7829fe2584259f1dd0dc45cf73c5ce904fce7e61e964fb7958826f156b43be,ok,
V2-PRV-D2-01-run1,S20261005T152152Z,cpu4,1154787045b4,primary,V2-PRV-D2-01-run1/cpu4/primary2a1/m19,2,1,19,2,0,,plonk,13,0,2026-10-05T16:25:36.301Z,57.818,40.976,43948.142,11.853,11.185,44058.789,44058.852,101596872,ecc4eb82a5958bf47b7b157e77ed7abc103fb2ebeec94211db85c4d20c7c607c,1,1,1,13018560099362082186863424433928374003133451805803510125393454640522484396813,13018560099362082186863424433928374003133451805803510125393454640522484396813,12.448,623.699,sha256:9024dbc83b8168363c07d710dcc5e55d6831294a3e7970c28108e31b0b0bfcd7,9a7829fe2584259f1dd0dc45cf73c5ce904fce7e61e964fb7958826f156b43be,ok,
V2-PRV-D2-01-run1,S20261005T152152Z,cpu4,1154787045b4,primary,V2-PRV-D2-01-run1/cpu4/primary2a1/m20,2,1,20,2,0,,plonk,7,0,2026-10-05T16:26:20.409Z,1.137,31.929,22645.822,17.647,11.221,22696.535,22696.585,51171376,e601552aba9f4692ef0f1d2d75ceade0e48da52ddad45690306a402c03eb810f,1,1,1,9026274488482297584789229036856073050395813352045422820229792111497560353893,9026274488482297584789229036856073050395813352045422820229792111497560353893,12.589,513.074,sha256:9024dbc83b8168363c07d710dcc5e55d6831294a3e7970c28108e31b0b0bfcd7,9a7829fe2584259f1dd0dc45cf73c5ce904fce7e61e964fb7958826f156b43be,ok,
V2-PRV-D2-01-run1,S20261005T152152Z,cpu4,1154787045b4,primary,V2-PRV-D2-01-run1/cpu4/primary2a1/m21,2,1,21,2,0,,groth16,14,0,2026-10-05T16:26:43.144Z,110.027,42.049,390.519,10.888,11.529,553.483,553.544,2348483,b0be38259edaa109196790233512dc26d29f0e31a9506021bad97c60834e4df2,1,1,1,12572480465523292994716985171141939129262661173864601800410554422143429339219,12572480465523292994716985171141939129262661173864601800410554422143429339219,13.746,487.379,sha256:9024dbc83b8168363c07d710dcc5e55d6831294a3e7970c28108e31b0b0bfcd7,9a7829fe2584259f1dd0dc45cf73c5ce904fce7e61e964fb7958826f156b43be,ok,
V2-PRV-D2-01-run1,S20261005T152152Z,cpu4,1154787045b4,primary,V2-PRV-D2-01-run1/cpu4/primary2a1/m22,2,1,22,2,0,,groth16,7,0,2026-10-05T16:26:43.737Z,1.119,29.056,278.158,12.433,11.228,320.767,320.818,1374247,c0f6d8c4ac9fa282780a2c229d7d086f87e26be62a3eefceb9f801e5076843aa,1,1,1,9026274488482297584789229036856073050395813352045422820229792111497560353893,9026274488482297584789229036856073050395813352045422820229792111497560353893,14.137,489.477,sha256:9024dbc83b8168363c07d710dcc5e55d6831294a3e7970c28108e31b0b0bfcd7,9a7829fe2584259f1dd0dc45cf73c5ce904fce7e61e964fb7958826f156b43be,ok,
V2-PRV-D2-01-run1,S20261005T152152Z,cpu4,cd67b125057e,primary,V2-PRV-D2-01-run1/cpu4/primary3a1/in_process1,3,1,1,3,1,in_process,groth16,5,0,2026-10-05T16:46:44.693Z,0.776,36.007,597.745,13.663,15.399,648.19,648.251,1133343,41c7636150900ee72cf6323930dd506bd0fc015a94a20905cc61c856b4fe919a,1,1,1,20219445350743929204131453627914351950554712481604845279550177385716225267064,20219445350743929204131453627914351950554712481604845279550177385716225267064,16.579,173.578,sha256:9024dbc83b8168363c07d710dcc5e55d6831294a3e7970c28108e31b0b0bfcd7,9a7829fe2584259f1dd0dc45cf73c5ce904fce7e61e964fb7958826f156b43be,ok,
V2-PRV-D2-01-run1,S20261005T152152Z,cpu4,cd67b125057e,primary,V2-PRV-D2-01-run1/cpu4/primary3a1/in_process2,3,1,2,3,1,in_process,plonk,5,0,2026-10-05T16:46:45.399Z,0.72,31.922,23007.176,15.964,11.313,23055.782,23055.85,50790568,8b7d89ef154d0704a4a5fb8df978ea728f0decad61374b1d3a80a026ad357fec,1,1,1,20219445350743929204131453627914351950554712481604845279550177385716225267064,20219445350743929204131453627914351950554712481604845279550177385716225267064,13.936,476.535,sha256:9024dbc83b8168363c07d710dcc5e55d6831294a3e7970c28108e31b0b0bfcd7,9a7829fe2584259f1dd0dc45cf73c5ce904fce7e61e964fb7958826f156b43be,ok,
V2-PRV-D2-01-run1,S20261005T152152Z,cpu4,cd67b125057e,primary,V2-PRV-D2-01-run1/cpu4/primary3a1/m1,3,1,1,3,0,,groth16,15,0,2026-10-05T16:47:08.496Z,270.254,53.424,405.546,14.098,15.165,743.322,743.396,2468935,d6be53096894f276c29d0702fcead9cafd5a510db26c6b563aa91a72f3a7c974,1,1,1,5538221348906088419474490245423435983421913751881271203929586843786047312620,5538221348906088419474490245423435983421913751881271203929586843786047312620,12.832,453.668,sha256:9024dbc83b8168363c07d710dcc5e55d6831294a3e7970c28108e31b0b0bfcd7,9a7829fe2584259f1dd0dc45cf73c5ce904fce7e61e964fb7958826f156b43be,ok,
V2-PRV-D2-01-run1,S20261005T152152Z,cpu4,cd67b125057e,primary,V2-PRV-D2-01-run1/cpu4/primary3a1/m2,3,1,2,3,0,,groth16,14,0,2026-10-05T16:47:09.291Z,144.267,43.49,393.509,15.225,11.757,596.491,596.562,2348483,b0be38259edaa109196790233512dc26d29f0e31a9506021bad97c60834e4df2,1,1,1,12572480465523292994716985171141939129262661173864601800410554422143429339219,12572480465523292994716985171141939129262661173864601800410554422143429339219,14.574,481.633,sha256:9024dbc83b8168363c07d710dcc5e55d6831294a3e7970c28108e31b0b0bfcd7,9a7829fe2584259f1dd0dc45cf73c5ce904fce7e61e964fb7958826f156b43be,ok,
V2-PRV-D2-01-run1,S20261005T152152Z,cpu4,cd67b125057e,primary,V2-PRV-D2-01-run1/cpu4/primary3a1/m3,3,1,3,3,0,,groth16,10,0,2026-10-05T16:47:09.929Z,5.28,30.874,331.232,11.369,12.494,378.754,378.802,1866675,656d9ee8dd285db6410e0a4b4317201829a1347f7cc3ef6d8de625e8f99f432a,1,1,1,15051918923212186249893826717407673651397890896320211215644860331911956986283,15051918923212186249893826717407673651397890896320211215644860331911956986283,12.88,481.133,sha256:9024dbc83b8168363c07d710dcc5e55d6831294a3e7970c28108e31b0b0bfcd7,9a7829fe2584259f1dd0dc45cf73c5ce904fce7e61e964fb7958826f156b43be,ok,
V2-PRV-D2-01-run1,S20261005T152152Z,cpu4,cd67b125057e,primary,V2-PRV-D2-01-run1/cpu4/primary3a1/m4,3,1,4,3,0,,groth16,8,0,2026-10-05T16:47:10.352Z,1.408,30.524,292.242,11.001,12.569,335.176,335.224,1625771,5ed3b83d5f5aad4ca7fa25c79bc0fa86d421d2202a7e7054079f14b9e1c2f4cd,1,1,1,11208238821759301031658742314369964146518915978230190408192556840886074910205,11208238821759301031658742314369964146518915978230190408192556840886074910205,13.208,483.195,sha256:9024dbc83b8168363c07d710dcc5e55d6831294a3e7970c28108e31b0b0bfcd7,9a7829fe2584259f1dd0dc45cf73c5ce904fce7e61e964fb7958826f156b43be,ok,
V2-PRV-D2-01-run1,S20261005T152152Z,cpu4,cd67b125057e,primary,V2-PRV-D2-01-run1/cpu4/primary3a1/m5,3,1,5,3,0,,plonk,9,0,2026-10-05T16:47:10.732Z,2.654,31.072,23068.981,14.095,11.247,23116.802,23116.85,51552184,9dc1fed4ae801e210c410e345557301925ad182187f5f64aedebb0ef6a13cf67,1,1,1,6984258666005320425026512790395532096094174015337867819103339755428425654885,6984258666005320425026512790395532096094174015337867819103339755428425654885,13.572,512.684,sha256:9024dbc83b8168363c07d710dcc5e55d6831294a3e7970c28108e31b0b0bfcd7,9a7829fe2584259f1dd0dc45cf73c5ce904fce7e61e964fb7958826f156b43be,ok,
V2-PRV-D2-01-run1,S20261005T152152Z,cpu4,cd67b125057e,primary,V2-PRV-D2-01-run1/cpu4/primary3a1/m6,3,1,6,3,0,,plonk,13,0,2026-10-05T16:47:33.891Z,55.782,44.323,44763.535,12.022,11.275,44875.662,44875.738,101596872,ecc4eb82a5958bf47b7b157e77ed7abc103fb2ebeec94211db85c4d20c7c607c,1,1,1,13018560099362082186863424433928374003133451805803510125393454640522484396813,13018560099362082186863424433928374003133451805803510125393454640522484396813,13.289,667.023,sha256:9024dbc83b8168363c07d710dcc5e55d6831294a3e7970c28108e31b0b0bfcd7,9a7829fe2584259f1dd0dc45cf73c5ce904fce7e61e964fb7958826f156b43be,ok,
V2-PRV-D2-01-run1,S20261005T152152Z,cpu4,cd67b125057e,primary,V2-PRV-D2-01-run1/cpu4/primary3a1/m7,3,1,7,3,0,,plonk,12,0,2026-10-05T16:48:18.807Z,21.065,39.021,44828.318,11.901,11.155,44900.305,44900.356,101406468,ac66b87842b1343c8548cf4e922c1ee3249b5519daa07857ea88621896f01c1d,1,1,1,20765103782140504056642351574627691742460497089285629062356351732411546548551,20765103782140504056642351574627691742460497089285629062356351732411546548551,13.338,674.742,sha256:9024dbc83b8168363c07d710dcc5e55d6831294a3e7970c28108e31b0b0bfcd7,9a7829fe2584259f1dd0dc45cf73c5ce904fce7e61e964fb7958826f156b43be,ok,
V2-PRV-D2-01-run1,S20261005T152152Z,cpu4,cd67b125057e,primary,V2-PRV-D2-01-run1/cpu4/primary3a1/m8,3,1,8,3,0,,groth16,13,0,2026-10-05T16:49:03.748Z,57.262,41.755,380.754,10.063,10.86,489.834,489.913,2228031,53cbdd1f02a65121d6c7044031c6cfa4c6ce66c0b9712dd28fe86ef4c6512c1b,1,1,1,13018560099362082186863424433928374003133451805803510125393454640522484396813,13018560099362082186863424433928374003133451805803510125393454640522484396813,16.539,676.172,sha256:9024dbc83b8168363c07d710dcc5e55d6831294a3e7970c28108e31b0b0bfcd7,9a7829fe2584259f1dd0dc45cf73c5ce904fce7e61e964fb7958826f156b43be,ok,
V2-PRV-D2-01-run1,S20261005T152152Z,cpu4,cd67b125057e,primary,V2-PRV-D2-01-run1/cpu4/primary3a1/m9,3,1,9,3,0,,groth16,7,0,2026-10-05T16:49:04.278Z,1.192,35.991,262.804,11.401,11.231,311.388,311.438,1374247,c0f6d8c4ac9fa282780a2c229d7d086f87e26be62a3eefceb9f801e5076843aa,1,1,1,9026274488482297584789229036856073050395813352045422820229792111497560353893,9026274488482297584789229036856073050395813352045422820229792111497560353893,14.547,649.199,sha256:9024dbc83b8168363c07d710dcc5e55d6831294a3e7970c28108e31b0b0bfcd7,9a7829fe2584259f1dd0dc45cf73c5ce904fce7e61e964fb7958826f156b43be,ok,
V2-PRV-D2-01-run1,S20261005T152152Z,cpu4,cd67b125057e,primary,V2-PRV-D2-01-run1/cpu4/primary3a1/m10,3,1,10,3,0,,plonk,5,0,2026-10-05T16:49:04.631Z,0.469,27.609,22875.17,15.999,11.172,22919.246,22919.302,50790568,8b7d89ef154d0704a4a5fb8df978ea728f0decad61374b1d3a80a026ad357fec,1,1,1,20219445350743929204131453627914351950554712481604845279550177385716225267064,20219445350743929204131453627914351950554712481604845279550177385716225267064,13.347,678.727,sha256:9024dbc83b8168363c07d710dcc5e55d6831294a3e7970c28108e31b0b0bfcd7,9a7829fe2584259f1dd0dc45cf73c5ce904fce7e61e964fb7958826f156b43be,ok,
V2-PRV-D2-01-run1,S20261005T152152Z,cpu4,cd67b125057e,primary,V2-PRV-D2-01-run1/cpu4/primary3a1/m11,3,1,11,3,0,,plonk,6,0,2026-10-05T16:49:27.590Z,0.81,30.444,22867.875,15.658,11.23,22914.787,22914.843,50980972,75b0f7800ba9bbd996a5aba5e02258e755536462dae72897fb9805a733486612,1,1,1,10532757130067282663983599398935360485967103778186217285995762441905303040250,10532757130067282663983599398935360485967103778186217285995762441905303040250,13.513,677.262,sha256:9024dbc83b8168363c07d710dcc5e55d6831294a3e7970c28108e31b0b0bfcd7,9a7829fe2584259f1dd0dc45cf73c5ce904fce7e61e964fb7958826f156b43be,ok,
V2-PRV-D2-01-run1,S20261005T152152Z,cpu4,cd67b125057e,primary,V2-PRV-D2-01-run1/cpu4/primary3a1/m12,3,1,12,3,0,,groth16,5,0,2026-10-05T16:49:50.545Z,0.701,34.588,218.492,13.532,12.839,267.312,267.366,1133343,41c7636150900ee72cf6323930dd506bd0fc015a94a20905cc61c856b4fe919a,1,1,1,20219445350743929204131453627914351950554712481604845279550177385716225267064,20219445350743929204131453627914351950554712481604845279550177385716225267064,14.877,651.414,sha256:9024dbc83b8168363c07d710dcc5e55d6831294a3e7970c28108e31b0b0bfcd7,9a7829fe2584259f1dd0dc45cf73c5ce904fce7e61e964fb7958826f156b43be,ok,
V2-PRV-D2-01-run1,S20261005T152152Z,cpu4,cd67b125057e,primary,V2-PRV-D2-01-run1/cpu4/primary3a1/m13,3,1,13,3,0,,plonk,7,0,2026-10-05T16:49:50.855Z,1.181,30.889,22924.17,19.041,11.092,22975.282,22975.333,51171376,e601552aba9f4692ef0f1d2d75ceade0e48da52ddad45690306a402c03eb810f,1,1,1,9026274488482297584789229036856073050395813352045422820229792111497560353893,9026274488482297584789229036856073050395813352045422820229792111497560353893,13.428,678.496,sha256:9024dbc83b8168363c07d710dcc5e55d6831294a3e7970c28108e31b0b0bfcd7,9a7829fe2584259f1dd0dc45cf73c5ce904fce7e61e964fb7958826f156b43be,ok,
V2-PRV-D2-01-run1,S20261005T152152Z,cpu4,cd67b125057e,primary,V2-PRV-D2-01-run1/cpu4/primary3a1/m14,3,1,14,3,0,,groth16,6,0,2026-10-05T16:50:13.870Z,0.823,32.224,238.224,10.842,10.577,282.114,282.163,1253795,ea2368c5701f4885dc1bd9120ebd0b3419c495066983d2c215030506b1968bd4,1,1,1,10532757130067282663983599398935360485967103778186217285995762441905303040250,10532757130067282663983599398935360485967103778186217285995762441905303040250,14.964,651.258,sha256:9024dbc83b8168363c07d710dcc5e55d6831294a3e7970c28108e31b0b0bfcd7,9a7829fe2584259f1dd0dc45cf73c5ce904fce7e61e964fb7958826f156b43be,ok,
V2-PRV-D2-01-run1,S20261005T152152Z,cpu4,cd67b125057e,primary,V2-PRV-D2-01-run1/cpu4/primary3a1/m15,3,1,15,3,0,,groth16,11,0,2026-10-05T16:50:14.191Z,12.768,29.702,346.088,11.164,10.351,399.722,399.771,1987127,1241508317856e8cb42cf71f43cafeb13e26a2553d595182aefca30b78a5b754,1,1,1,2331069663988172194036823937050772334301923846801859971199361438858855491288,2331069663988172194036823937050772334301923846801859971199361438858855491288,13.044,652.945,sha256:9024dbc83b8168363c07d710dcc5e55d6831294a3e7970c28108e31b0b0bfcd7,9a7829fe2584259f1dd0dc45cf73c5ce904fce7e61e964fb7958826f156b43be,ok,
V2-PRV-D2-01-run1,S20261005T152152Z,cpu4,cd67b125057e,primary,V2-PRV-D2-01-run1/cpu4/primary3a1/m16,3,1,16,3,0,,plonk,10,0,2026-10-05T16:50:14.629Z,4.897,32.531,22885.054,16.789,11.83,22939.271,22939.318,51742588,bebeabf9a0c71095a0054d8bd4225201a55744b4b0560ef0825703d4931d0ced,1,1,1,15051918923212186249893826717407673651397890896320211215644860331911956986283,15051918923212186249893826717407673651397890896320211215644860331911956986283,13.63,679.164,sha256:9024dbc83b8168363c07d710dcc5e55d6831294a3e7970c28108e31b0b0bfcd7,9a7829fe2584259f1dd0dc45cf73c5ce904fce7e61e964fb7958826f156b43be,ok,
V2-PRV-D2-01-run1,S20261005T152152Z,cpu4,cd67b125057e,primary,V2-PRV-D2-01-run1/cpu4/primary3a1/m17,3,1,17,3,0,,plonk,14,0,2026-10-05T16:50:37.609Z,111.87,43.281,44526.269,11.768,11.324,44693.187,44693.249,101787276,61d7365d9163bc99ded1dfbd03499b9283c2947715292debbde41b3796b6b916,1,1,1,12572480465523292994716985171141939129262661173864601800410554422143429339219,12572480465523292994716985171141939129262661173864601800410554422143429339219,13.49,679.246,sha256:9024dbc83b8168363c07d710dcc5e55d6831294a3e7970c28108e31b0b0bfcd7,9a7829fe2584259f1dd0dc45cf73c5ce904fce7e61e964fb7958826f156b43be,ok,
V2-PRV-D2-01-run1,S20261005T152152Z,cpu4,cd67b125057e,primary,V2-PRV-D2-01-run1/cpu4/primary3a1/m18,3,1,18,3,0,,plonk,8,0,2026-10-05T16:51:22.343Z,1.847,32.503,22918.394,15.172,11.147,22967.917,22967.971,51361780,42dce5eab9336cf59161d106dd2c9da704b3a453c67dc5f6a284a94331eca87c,1,1,1,11208238821759301031658742314369964146518915978230190408192556840886074910205,11208238821759301031658742314369964146518915978230190408192556840886074910205,13.55,681.887,sha256:9024dbc83b8168363c07d710dcc5e55d6831294a3e7970c28108e31b0b0bfcd7,9a7829fe2584259f1dd0dc45cf73c5ce904fce7e61e964fb7958826f156b43be,ok,
V2-PRV-D2-01-run1,S20261005T152152Z,cpu4,cd67b125057e,primary,V2-PRV-D2-01-run1/cpu4/primary3a1/m19,3,1,19,3,0,,groth16,12,0,2026-10-05T16:51:45.351Z,20.781,38.137,359.493,10.898,10.566,429.309,429.362,2107579,3fdb01845d81a3cdbbba88fcf45b948195abf01ba68c30be8a5f3e3546d4e81e,1,1,1,20765103782140504056642351574627691742460497089285629062356351732411546548551,20765103782140504056642351574627691742460497089285629062356351732411546548551,13.06,653.707,sha256:9024dbc83b8168363c07d710dcc5e55d6831294a3e7970c28108e31b0b0bfcd7,9a7829fe2584259f1dd0dc45cf73c5ce904fce7e61e964fb7958826f156b43be,ok,
V2-PRV-D2-01-run1,S20261005T152152Z,cpu4,cd67b125057e,primary,V2-PRV-D2-01-run1/cpu4/primary3a1/m20,3,1,20,3,0,,groth16,9,0,2026-10-05T16:51:45.821Z,2.636,31.28,324.584,11.446,11.903,369.946,369.992,1746223,b211630d00c7c2d0e5309876a16c72ad66909d7301385d4da830c4a8d71e391e,1,1,1,6984258666005320425026512790395532096094174015337867819103339755428425654885,6984258666005320425026512790395532096094174015337867819103339755428425654885,13.63,656.504,sha256:9024dbc83b8168363c07d710dcc5e55d6831294a3e7970c28108e31b0b0bfcd7,9a7829fe2584259f1dd0dc45cf73c5ce904fce7e61e964fb7958826f156b43be,ok,
V2-PRV-D2-01-run1,S20261005T152152Z,cpu4,cd67b125057e,primary,V2-PRV-D2-01-run1/cpu4/primary3a1/m21,3,1,21,3,0,,plonk,11,0,2026-10-05T16:51:46.232Z,13.572,31.564,44636.977,11.728,10.971,44693.842,44693.893,101216064,55b85a8c273635d0f8f2cdda0e7ce81b35231792d5212b770681d612dbf1c56a,1,1,1,2331069663988172194036823937050772334301923846801859971199361438858855491288,2331069663988172194036823937050772334301923846801859971199361438858855491288,14.316,681.512,sha256:9024dbc83b8168363c07d710dcc5e55d6831294a3e7970c28108e31b0b0bfcd7,9a7829fe2584259f1dd0dc45cf73c5ce904fce7e61e964fb7958826f156b43be,ok,
V2-PRV-D2-01-run1,S20261005T152152Z,cpu4,cd67b125057e,primary,V2-PRV-D2-01-run1/cpu4/primary3a1/m22,3,1,22,3,0,,plonk,15,0,2026-10-05T16:52:30.967Z,267.174,48.914,44592.418,11.733,11.1,44920.24,44920.611,101977680,590ecdca303cbdece71bd9566d50ed9ad6168b343d2955edb57da417b966d08b,1,1,1,5538221348906088419474490245423435983421913751881271203929586843786047312620,5538221348906088419474490245423435983421913751881271203929586843786047312620,13.703,682.176,sha256:9024dbc83b8168363c07d710dcc5e55d6831294a3e7970c28108e31b0b0bfcd7,9a7829fe2584259f1dd0dc45cf73c5ce904fce7e61e964fb7958826f156b43be,ok,
V2-PRV-D2-01-run1,S20261005T152152Z,cpu4,9c0dd6213452,primary,V2-PRV-D2-01-run1/cpu4/primary4a1/in_process1,4,1,1,4,1,in_process,groth16,5,0,2026-10-05T17:00:42.266Z,0.752,35.662,591.558,13.724,13.765,641.695,641.757,1133343,41c7636150900ee72cf6323930dd506bd0fc015a94a20905cc61c856b4fe919a,1,1,1,20219445350743929204131453627914351950554712481604845279550177385716225267064,20219445350743929204131453627914351950554712481604845279550177385716225267064,18.223,171.449,sha256:9024dbc83b8168363c07d710dcc5e55d6831294a3e7970c28108e31b0b0bfcd7,9a7829fe2584259f1dd0dc45cf73c5ce904fce7e61e964fb7958826f156b43be,ok,
V2-PRV-D2-01-run1,S20261005T152152Z,cpu4,9c0dd6213452,primary,V2-PRV-D2-01-run1/cpu4/primary4a1/in_process2,4,1,2,4,1,in_process,plonk,5,0,2026-10-05T17:00:42.959Z,1.076,33.055,22736.186,13.857,11.298,22784.174,22784.245,50790568,8b7d89ef154d0704a4a5fb8df978ea728f0decad61374b1d3a80a026ad357fec,1,1,1,20219445350743929204131453627914351950554712481604845279550177385716225267064,20219445350743929204131453627914351950554712481604845279550177385716225267064,14.49,462.152,sha256:9024dbc83b8168363c07d710dcc5e55d6831294a3e7970c28108e31b0b0bfcd7,9a7829fe2584259f1dd0dc45cf73c5ce904fce7e61e964fb7958826f156b43be,ok,
V2-PRV-D2-01-run1,S20261005T152152Z,cpu4,9c0dd6213452,primary,V2-PRV-D2-01-run1/cpu4/primary4a1/m1,4,1,1,4,0,,plonk,13,0,2026-10-05T17:01:05.786Z,75.369,49.066,43895.76,13.024,11.241,44033.219,44033.283,101596872,ecc4eb82a5958bf47b7b157e77ed7abc103fb2ebeec94211db85c4d20c7c607c,1,1,1,13018560099362082186863424433928374003133451805803510125393454640522484396813,13018560099362082186863424433928374003133451805803510125393454640522484396813,14.107,619.875,sha256:9024dbc83b8168363c07d710dcc5e55d6831294a3e7970c28108e31b0b0bfcd7,9a7829fe2584259f1dd0dc45cf73c5ce904fce7e61e964fb7958826f156b43be,ok,
V2-PRV-D2-01-run1,S20261005T152152Z,cpu4,9c0dd6213452,primary,V2-PRV-D2-01-run1/cpu4/primary4a1/m2,4,1,2,4,0,,groth16,5,0,2026-10-05T17:01:49.859Z,6.417,34.495,228.919,12.055,10.876,281.886,281.937,1133343,41c7636150900ee72cf6323930dd506bd0fc015a94a20905cc61c856b4fe919a,1,1,1,20219445350743929204131453627914351950554712481604845279550177385716225267064,20219445350743929204131453627914351950554712481604845279550177385716225267064,15.351,537.074,sha256:9024dbc83b8168363c07d710dcc5e55d6831294a3e7970c28108e31b0b0bfcd7,9a7829fe2584259f1dd0dc45cf73c5ce904fce7e61e964fb7958826f156b43be,ok,
V2-PRV-D2-01-run1,S20261005T152152Z,cpu4,9c0dd6213452,primary,V2-PRV-D2-01-run1/cpu4/primary4a1/m3,4,1,3,4,0,,groth16,15,0,2026-10-05T17:01:50.180Z,266.009,54.475,402.266,12.422,13.547,735.172,735.245,2468935,d6be53096894f276c29d0702fcead9cafd5a510db26c6b563aa91a72f3a7c974,1,1,1,5538221348906088419474490245423435983421913751881271203929586843786047312620,5538221348906088419474490245423435983421913751881271203929586843786047312620,14.454,536.367,sha256:9024dbc83b8168363c07d710dcc5e55d6831294a3e7970c28108e31b0b0bfcd7,9a7829fe2584259f1dd0dc45cf73c5ce904fce7e61e964fb7958826f156b43be,ok,
V2-PRV-D2-01-run1,S20261005T152152Z,cpu4,9c0dd6213452,primary,V2-PRV-D2-01-run1/cpu4/primary4a1/m4,4,1,4,4,0,,groth16,7,0,2026-10-05T17:01:50.961Z,0.986,34.365,261.652,13.341,11.433,310.343,310.389,1374247,c0f6d8c4ac9fa282780a2c229d7d086f87e26be62a3eefceb9f801e5076843aa,1,1,1,9026274488482297584789229036856073050395813352045422820229792111497560353893,9026274488482297584789229036856073050395813352045422820229792111497560353893,13.579,539.137,sha256:9024dbc83b8168363c07d710dcc5e55d6831294a3e7970c28108e31b0b0bfcd7,9a7829fe2584259f1dd0dc45cf73c5ce904fce7e61e964fb7958826f156b43be,ok,
V2-PRV-D2-01-run1,S20261005T152152Z,cpu4,9c0dd6213452,primary,V2-PRV-D2-01-run1/cpu4/primary4a1/m5,4,1,5,4,0,,plonk,9,0,2026-10-05T17:01:51.312Z,3.051,33.428,22888.955,17.796,11.745,22943.23,22943.282,51552184,9dc1fed4ae801e210c410e345557301925ad182187f5f64aedebb0ef6a13cf67,1,1,1,6984258666005320425026512790395532096094174015337867819103339755428425654885,6984258666005320425026512790395532096094174015337867819103339755428425654885,14.115,565.613,sha256:9024dbc83b8168363c07d710dcc5e55d6831294a3e7970c28108e31b0b0bfcd7,9a7829fe2584259f1dd0dc45cf73c5ce904fce7e61e964fb7958826f156b43be,ok,
V2-PRV-D2-01-run1,S20261005T152152Z,cpu4,9c0dd6213452,primary,V2-PRV-D2-01-run1/cpu4/primary4a1/m6,4,1,6,4,0,,plonk,5,0,2026-10-05T17:02:14.298Z,0.709,37.715,22900.05,15.491,11.33,22953.965,22954.017,50790568,8b7d89ef154d0704a4a5fb8df978ea728f0decad61374b1d3a80a026ad357fec,1,1,1,20219445350743929204131453627914351950554712481604845279550177385716225267064,20219445350743929204131453627914351950554712481604845279550177385716225267064,13.981,565.422,sha256:9024dbc83b8168363c07d710dcc5e55d6831294a3e7970c28108e31b0b0bfcd7,9a7829fe2584259f1dd0dc45cf73c5ce904fce7e61e964fb7958826f156b43be,ok,
V2-PRV-D2-01-run1,S20261005T152152Z,cpu4,9c0dd6213452,primary,V2-PRV-D2-01-run1/cpu4/primary4a1/m7,4,1,7,4,0,,plonk,15,0,2026-10-05T17:02:37.294Z,269.708,65.342,44625.303,13.071,11.301,44973.424,44973.509,101977680,590ecdca303cbdece71bd9566d50ed9ad6168b343d2955edb57da417b966d08b,1,1,1,5538221348906088419474490245423435983421913751881271203929586843786047312620,5538221348906088419474490245423435983421913751881271203929586843786047312620,14.253,637.824,sha256:9024dbc83b8168363c07d710dcc5e55d6831294a3e7970c28108e31b0b0bfcd7,9a7829fe2584259f1dd0dc45cf73c5ce904fce7e61e964fb7958826f156b43be,ok,
V2-PRV-D2-01-run1,S20261005T152152Z,cpu4,9c0dd6213452,primary,V2-PRV-D2-01-run1/cpu4/primary4a1/m8,4,1,8,4,0,,plonk,7,0,2026-10-05T17:03:22.309Z,1.029,37.328,22833.987,18.974,10.941,22891.317,22891.37,51171376,e601552aba9f4692ef0f1d2d75ceade0e48da52ddad45690306a402c03eb810f,1,1,1,9026274488482297584789229036856073050395813352045422820229792111497560353893,9026274488482297584789229036856073050395813352045422820229792111497560353893,14.155,590.094,sha256:9024dbc83b8168363c07d710dcc5e55d6831294a3e7970c28108e31b0b0bfcd7,9a7829fe2584259f1dd0dc45cf73c5ce904fce7e61e964fb7958826f156b43be,ok,
V2-PRV-D2-01-run1,S20261005T152152Z,cpu4,9c0dd6213452,primary,V2-PRV-D2-01-run1/cpu4/primary4a1/m9,4,1,9,4,0,,plonk,8,0,2026-10-05T17:03:45.240Z,1.871,34.997,22862.105,18.714,11.336,22917.687,22917.744,51361780,42dce5eab9336cf59161d106dd2c9da704b3a453c67dc5f6a284a94331eca87c,1,1,1,11208238821759301031658742314369964146518915978230190408192556840886074910205,11208238821759301031658742314369964146518915978230190408192556840886074910205,14.026,588.695,sha256:9024dbc83b8168363c07d710dcc5e55d6831294a3e7970c28108e31b0b0bfcd7,9a7829fe2584259f1dd0dc45cf73c5ce904fce7e61e964fb7958826f156b43be,ok,
V2-PRV-D2-01-run1,S20261005T152152Z,cpu4,9c0dd6213452,primary,V2-PRV-D2-01-run1/cpu4/primary4a1/m10,4,1,10,4,0,,groth16,13,0,2026-10-05T17:04:08.199Z,57.748,42.276,372.635,11.498,10.324,484.157,484.233,2228031,53cbdd1f02a65121d6c7044031c6cfa4c6ce66c0b9712dd28fe86ef4c6512c1b,1,1,1,13018560099362082186863424433928374003133451805803510125393454640522484396813,13018560099362082186863424433928374003133451805803510125393454640522484396813,17.774,591.805,sha256:9024dbc83b8168363c07d710dcc5e55d6831294a3e7970c28108e31b0b0bfcd7,9a7829fe2584259f1dd0dc45cf73c5ce904fce7e61e964fb7958826f156b43be,ok,
V2-PRV-D2-01-run1,S20261005T152152Z,cpu4,9c0dd6213452,primary,V2-PRV-D2-01-run1/cpu4/primary4a1/m11,4,1,11,4,0,,groth16,9,0,2026-10-05T17:04:08.723Z,3.824,33.014,313.526,11.94,14.027,362.304,362.351,1746223,b211630d00c7c2d0e5309876a16c72ad66909d7301385d4da830c4a8d71e391e,1,1,1,6984258666005320425026512790395532096094174015337867819103339755428425654885,6984258666005320425026512790395532096094174015337867819103339755428425654885,15.217,562.34,sha256:9024dbc83b8168363c07d710dcc5e55d6831294a3e7970c28108e31b0b0bfcd7,9a7829fe2584259f1dd0dc45cf73c5ce904fce7e61e964fb7958826f156b43be,ok,
V2-PRV-D2-01-run1,S20261005T152152Z,cpu4,9c0dd6213452,primary,V2-PRV-D2-01-run1/cpu4/primary4a1/m12,4,1,12,4,0,,plonk,12,0,2026-10-05T17:04:09.132Z,34.598,45.011,44630.603,11.821,11.322,44722.033,44722.093,101406468,ac66b87842b1343c8548cf4e922c1ee3249b5519daa07857ea88621896f01c1d,1,1,1,20765103782140504056642351574627691742460497089285629062356351732411546548551,20765103782140504056642351574627691742460497089285629062356351732411546548551,14.779,636.094,sha256:9024dbc83b8168363c07d710dcc5e55d6831294a3e7970c28108e31b0b0bfcd7,9a7829fe2584259f1dd0dc45cf73c5ce904fce7e61e964fb7958826f156b43be,ok,
V2-PRV-D2-01-run1,S20261005T152152Z,cpu4,9c0dd6213452,primary,V2-PRV-D2-01-run1/cpu4/primary4a1/m13,4,1,13,4,0,,plonk,6,0,2026-10-05T17:04:53.895Z,0.804,40.12,22870.52,13.61,11.187,22925.055,22925.115,50980972,75b0f7800ba9bbd996a5aba5e02258e755536462dae72897fb9805a733486612,1,1,1,10532757130067282663983599398935360485967103778186217285995762441905303040250,10532757130067282663983599398935360485967103778186217285995762441905303040250,14.121,575.469,sha256:9024dbc83b8168363c07d710dcc5e55d6831294a3e7970c28108e31b0b0bfcd7,9a7829fe2584259f1dd0dc45cf73c5ce904fce7e61e964fb7958826f156b43be,ok,
V2-PRV-D2-01-run1,S20261005T152152Z,cpu4,9c0dd6213452,primary,V2-PRV-D2-01-run1/cpu4/primary4a1/m14,4,1,14,4,0,,groth16,8,0,2026-10-05T17:05:16.862Z,1.707,36.905,297.18,10.832,10.49,346.624,346.671,1625771,5ed3b83d5f5aad4ca7fa25c79bc0fa86d421d2202a7e7054079f14b9e1c2f4cd,1,1,1,11208238821759301031658742314369964146518915978230190408192556840886074910205,11208238821759301031658742314369964146518915978230190408192556840886074910205,15.399,549.277,sha256:9024dbc83b8168363c07d710dcc5e55d6831294a3e7970c28108e31b0b0bfcd7,9a7829fe2584259f1dd0dc45cf73c5ce904fce7e61e964fb7958826f156b43be,ok,
V2-PRV-D2-01-run1,S20261005T152152Z,cpu4,9c0dd6213452,primary,V2-PRV-D2-01-run1/cpu4/primary4a1/m15,4,1,15,4,0,,groth16,6,0,2026-10-05T17:05:17.250Z,0.544,31.388,245.291,10.665,10.916,287.888,287.938,1253795,ea2368c5701f4885dc1bd9120ebd0b3419c495066983d2c215030506b1968bd4,1,1,1,10532757130067282663983599398935360485967103778186217285995762441905303040250,10532757130067282663983599398935360485967103778186217285995762441905303040250,14.875,548.121,sha256:9024dbc83b8168363c07d710dcc5e55d6831294a3e7970c28108e31b0b0bfcd7,9a7829fe2584259f1dd0dc45cf73c5ce904fce7e61e964fb7958826f156b43be,ok,
V2-PRV-D2-01-run1,S20261005T152152Z,cpu4,9c0dd6213452,primary,V2-PRV-D2-01-run1/cpu4/primary4a1/m16,4,1,16,4,0,,groth16,11,0,2026-10-05T17:05:17.577Z,13.282,29.865,341.678,10.771,10.218,395.597,395.649,1987127,1241508317856e8cb42cf71f43cafeb13e26a2553d595182aefca30b78a5b754,1,1,1,2331069663988172194036823937050772334301923846801859971199361438858855491288,2331069663988172194036823937050772334301923846801859971199361438858855491288,15.408,556.246,sha256:9024dbc83b8168363c07d710dcc5e55d6831294a3e7970c28108e31b0b0bfcd7,9a7829fe2584259f1dd0dc45cf73c5ce904fce7e61e964fb7958826f156b43be,ok,
V2-PRV-D2-01-run1,S20261005T152152Z,cpu4,9c0dd6213452,primary,V2-PRV-D2-01-run1/cpu4/primary4a1/m17,4,1,17,4,0,,groth16,14,0,2026-10-05T17:05:18.014Z,136.163,43.755,388.542,12.754,10.764,581.214,581.283,2348483,b0be38259edaa109196790233512dc26d29f0e31a9506021bad97c60834e4df2,1,1,1,12572480465523292994716985171141939129262661173864601800410554422143429339219,12572480465523292994716985171141939129262661173864601800410554422143429339219,15.37,553.473,sha256:9024dbc83b8168363c07d710dcc5e55d6831294a3e7970c28108e31b0b0bfcd7,9a7829fe2584259f1dd0dc45cf73c5ce904fce7e61e964fb7958826f156b43be,ok,
V2-PRV-D2-01-run1,S20261005T152152Z,cpu4,9c0dd6213452,primary,V2-PRV-D2-01-run1/cpu4/primary4a1/m18,4,1,18,4,0,,plonk,11,0,2026-10-05T17:05:18.634Z,12.764,33.783,44139.295,11.81,10.957,44197.652,44197.7,101216064,55b85a8c273635d0f8f2cdda0e7ce81b35231792d5212b770681d612dbf1c56a,1,1,1,2331069663988172194036823937050772334301923846801859971199361438858855491288,2331069663988172194036823937050772334301923846801859971199361438858855491288,14.876,638.047,sha256:9024dbc83b8168363c07d710dcc5e55d6831294a3e7970c28108e31b0b0bfcd7,9a7829fe2584259f1dd0dc45cf73c5ce904fce7e61e964fb7958826f156b43be,ok,
V2-PRV-D2-01-run1,S20261005T152152Z,cpu4,9c0dd6213452,primary,V2-PRV-D2-01-run1/cpu4/primary4a1/m19,4,1,19,4,0,,plonk,14,0,2026-10-05T17:06:02.873Z,115.208,44.026,44253.106,11.949,11.47,44424.289,44424.353,101787276,61d7365d9163bc99ded1dfbd03499b9283c2947715292debbde41b3796b6b916,1,1,1,12572480465523292994716985171141939129262661173864601800410554422143429339219,12572480465523292994716985171141939129262661173864601800410554422143429339219,14.115,594.539,sha256:9024dbc83b8168363c07d710dcc5e55d6831294a3e7970c28108e31b0b0bfcd7,9a7829fe2584259f1dd0dc45cf73c5ce904fce7e61e964fb7958826f156b43be,ok,
V2-PRV-D2-01-run1,S20261005T152152Z,cpu4,9c0dd6213452,primary,V2-PRV-D2-01-run1/cpu4/primary4a1/m20,4,1,20,4,0,,plonk,10,0,2026-10-05T17:06:47.342Z,5.246,34.922,22857.545,14.811,12.011,22912.523,22912.568,51742588,bebeabf9a0c71095a0054d8bd4225201a55744b4b0560ef0825703d4931d0ced,1,1,1,15051918923212186249893826717407673651397890896320211215644860331911956986283,15051918923212186249893826717407673651397890896320211215644860331911956986283,14.152,594.316,sha256:9024dbc83b8168363c07d710dcc5e55d6831294a3e7970c28108e31b0b0bfcd7,9a7829fe2584259f1dd0dc45cf73c5ce904fce7e61e964fb7958826f156b43be,ok,
V2-PRV-D2-01-run1,S20261005T152152Z,cpu4,9c0dd6213452,primary,V2-PRV-D2-01-run1/cpu4/primary4a1/m21,4,1,21,4,0,,groth16,10,0,2026-10-05T17:07:10.297Z,5.042,36.531,333.375,11.277,10.704,386.225,386.27,1866675,656d9ee8dd285db6410e0a4b4317201829a1347f7cc3ef6d8de625e8f99f432a,1,1,1,15051918923212186249893826717407673651397890896320211215644860331911956986283,15051918923212186249893826717407673651397890896320211215644860331911956986283,15.432,568.746,sha256:9024dbc83b8168363c07d710dcc5e55d6831294a3e7970c28108e31b0b0bfcd7,9a7829fe2584259f1dd0dc45cf73c5ce904fce7e61e964fb7958826f156b43be,ok,
V2-PRV-D2-01-run1,S20261005T152152Z,cpu4,9c0dd6213452,primary,V2-PRV-D2-01-run1/cpu4/primary4a1/m22,4,1,22,4,0,,groth16,12,0,2026-10-05T17:07:10.722Z,34.485,46.382,360.178,12.048,10.905,453.093,453.152,2107579,3fdb01845d81a3cdbbba88fcf45b948195abf01ba68c30be8a5f3e3546d4e81e,1,1,1,20765103782140504056642351574627691742460497089285629062356351732411546548551,20765103782140504056642351574627691742460497089285629062356351732411546548551,13.961,571.984,sha256:9024dbc83b8168363c07d710dcc5e55d6831294a3e7970c28108e31b0b0bfcd7,9a7829fe2584259f1dd0dc45cf73c5ce904fce7e61e964fb7958826f156b43be,ok,
V2-PRV-D2-01-run1,S20261005T152152Z,cpu4,4f20008eca91,primary,V2-PRV-D2-01-run1/cpu4/primary5a1/in_process1,5,1,1,5,1,in_process,groth16,5,0,2026-10-05T17:27:06.473Z,0.732,40.61,598.021,13.026,13.934,652.389,652.449,1133343,41c7636150900ee72cf6323930dd506bd0fc015a94a20905cc61c856b4fe919a,1,1,1,20219445350743929204131453627914351950554712481604845279550177385716225267064,20219445350743929204131453627914351950554712481604845279550177385716225267064,18.178,172.352,sha256:9024dbc83b8168363c07d710dcc5e55d6831294a3e7970c28108e31b0b0bfcd7,9a7829fe2584259f1dd0dc45cf73c5ce904fce7e61e964fb7958826f156b43be,ok,
V2-PRV-D2-01-run1,S20261005T152152Z,cpu4,4f20008eca91,primary,V2-PRV-D2-01-run1/cpu4/primary5a1/in_process2,5,1,2,5,1,in_process,plonk,5,0,2026-10-05T17:27:07.177Z,0.714,34.393,22949.453,13.173,11.142,22997.733,22997.802,50790568,8b7d89ef154d0704a4a5fb8df978ea728f0decad61374b1d3a80a026ad357fec,1,1,1,20219445350743929204131453627914351950554712481604845279550177385716225267064,20219445350743929204131453627914351950554712481604845279550177385716225267064,15.61,464.117,sha256:9024dbc83b8168363c07d710dcc5e55d6831294a3e7970c28108e31b0b0bfcd7,9a7829fe2584259f1dd0dc45cf73c5ce904fce7e61e964fb7958826f156b43be,ok,
V2-PRV-D2-01-run1,S20261005T152152Z,cpu4,4f20008eca91,primary,V2-PRV-D2-01-run1/cpu4/primary5a1/m1,5,1,1,5,0,,plonk,8,0,2026-10-05T17:27:30.217Z,1.794,36.438,22857.997,17.855,12.178,22914.083,22914.135,51361780,42dce5eab9336cf59161d106dd2c9da704b3a453c67dc5f6a284a94331eca87c,1,1,1,11208238821759301031658742314369964146518915978230190408192556840886074910205,11208238821759301031658742314369964146518915978230190408192556840886074910205,15.02,470.23,sha256:9024dbc83b8168363c07d710dcc5e55d6831294a3e7970c28108e31b0b0bfcd7,9a7829fe2584259f1dd0dc45cf73c5ce904fce7e61e964fb7958826f156b43be,ok,
V2-PRV-D2-01-run1,S20261005T152152Z,cpu4,4f20008eca91,primary,V2-PRV-D2-01-run1/cpu4/primary5a1/m2,5,1,2,5,0,,groth16,7,0,2026-10-05T17:27:53.175Z,1.019,35.696,263.03,12.625,13.934,312.37,312.42,1374247,c0f6d8c4ac9fa282780a2c229d7d086f87e26be62a3eefceb9f801e5076843aa,1,1,1,9026274488482297584789229036856073050395813352045422820229792111497560353893,9026274488482297584789229036856073050395813352045422820229792111497560353893,16.595,447.109,sha256:9024dbc83b8168363c07d710dcc5e55d6831294a3e7970c28108e31b0b0bfcd7,9a7829fe2584259f1dd0dc45cf73c5ce904fce7e61e964fb7958826f156b43be,ok,
V2-PRV-D2-01-run1,S20261005T152152Z,cpu4,4f20008eca91,primary,V2-PRV-D2-01-run1/cpu4/primary5a1/m3,5,1,3,5,0,,plonk,15,0,2026-10-05T17:27:53.534Z,263.703,49.227,44090.215,13.439,11.276,44416.583,44416.654,101977680,590ecdca303cbdece71bd9566d50ed9ad6168b343d2955edb57da417b966d08b,1,1,1,5538221348906088419474490245423435983421913751881271203929586843786047312620,5538221348906088419474490245423435983421913751881271203929586843786047312620,15.329,626.809,sha256:9024dbc83b8168363c07d710dcc5e55d6831294a3e7970c28108e31b0b0bfcd7,9a7829fe2584259f1dd0dc45cf73c5ce904fce7e61e964fb7958826f156b43be,ok,
V2-PRV-D2-01-run1,S20261005T152152Z,cpu4,4f20008eca91,primary,V2-PRV-D2-01-run1/cpu4/primary5a1/m4,5,1,4,5,0,,groth16,8,0,2026-10-05T17:28:38.004Z,1.834,34.933,303.968,11.519,11.02,352.254,352.312,1625771,5ed3b83d5f5aad4ca7fa25c79bc0fa86d421d2202a7e7054079f14b9e1c2f4cd,1,1,1,11208238821759301031658742314369964146518915978230190408192556840886074910205,11208238821759301031658742314369964146518915978230190408192556840886074910205,14.465,439.84,sha256:9024dbc83b8168363c07d710dcc5e55d6831294a3e7970c28108e31b0b0bfcd7,9a7829fe2584259f1dd0dc45cf73c5ce904fce7e61e964fb7958826f156b43be,ok,
V2-PRV-D2-01-run1,S20261005T152152Z,cpu4,4f20008eca91,primary,V2-PRV-D2-01-run1/cpu4/primary5a1/m5,5,1,5,5,0,,plonk,10,0,2026-10-05T17:28:38.396Z,4.962,34.763,22822.673,18.86,11.454,22881.258,22881.313,51742588,bebeabf9a0c71095a0054d8bd4225201a55744b4b0560ef0825703d4931d0ced,1,1,1,15051918923212186249893826717407673651397890896320211215644860331911956986283,15051918923212186249893826717407673651397890896320211215644860331911956986283,15.123,511.996,sha256:9024dbc83b8168363c07d710dcc5e55d6831294a3e7970c28108e31b0b0bfcd7,9a7829fe2584259f1dd0dc45cf73c5ce904fce7e61e964fb7958826f156b43be,ok,
V2-PRV-D2-01-run1,S20261005T152152Z,cpu4,4f20008eca91,primary,V2-PRV-D2-01-run1/cpu4/primary5a1/m6,5,1,6,5,0,,plonk,9,0,2026-10-05T17:29:01.321Z,2.879,33.636,22694.42,17.847,11.587,22748.783,22748.832,51552184,9dc1fed4ae801e210c410e345557301925ad182187f5f64aedebb0ef6a13cf67,1,1,1,6984258666005320425026512790395532096094174015337867819103339755428425654885,6984258666005320425026512790395532096094174015337867819103339755428425654885,15.069,514.703,sha256:9024dbc83b8168363c07d710dcc5e55d6831294a3e7970c28108e31b0b0bfcd7,9a7829fe2584259f1dd0dc45cf73c5ce904fce7e61e964fb7958826f156b43be,ok,
V2-PRV-D2-01-run1,S20261005T152152Z,cpu4,4f20008eca91,primary,V2-PRV-D2-01-run1/cpu4/primary5a1/m7,5,1,7,5,0,,groth16,12,0,2026-10-05T17:29:24.113Z,20.809,40.899,352.738,12.54,12.192,426.986,427.036,2107579,3fdb01845d81a3cdbbba88fcf45b948195abf01ba68c30be8a5f3e3546d4e81e,1,1,1,20765103782140504056642351574627691742460497089285629062356351732411546548551,20765103782140504056642351574627691742460497089285629062356351732411546548551,14.477,488.934,sha256:9024dbc83b8168363c07d710dcc5e55d6831294a3e7970c28108e31b0b0bfcd7,9a7829fe2584259f1dd0dc45cf73c5ce904fce7e61e964fb7958826f156b43be,ok,
V2-PRV-D2-01-run1,S20261005T152152Z,cpu4,4f20008eca91,primary,V2-PRV-D2-01-run1/cpu4/primary5a1/m8,5,1,8,5,0,,groth16,13,0,2026-10-05T17:29:24.584Z,76.596,43.515,370.305,11.72,10.548,502.136,502.2,2228031,53cbdd1f02a65121d6c7044031c6cfa4c6ce66c0b9712dd28fe86ef4c6512c1b,1,1,1,13018560099362082186863424433928374003133451805803510125393454640522484396813,13018560099362082186863424433928374003133451805803510125393454640522484396813,26.6,523.281,sha256:9024dbc83b8168363c07d710dcc5e55d6831294a3e7970c28108e31b0b0bfcd7,9a7829fe2584259f1dd0dc45cf73c5ce904fce7e61e964fb7958826f156b43be,ok,
V2-PRV-D2-01-run1,S20261005T152152Z,cpu4,4f20008eca91,primary,V2-PRV-D2-01-run1/cpu4/primary5a1/m9,5,1,9,5,0,,plonk,11,0,2026-10-05T17:29:25.128Z,10.07,38.944,44164.176,14.526,10.938,44227.715,44227.764,101216064,55b85a8c273635d0f8f2cdda0e7ce81b35231792d5212b770681d612dbf1c56a,1,1,1,2331069663988172194036823937050772334301923846801859971199361438858855491288,2331069663988172194036823937050772334301923846801859971199361438858855491288,15.48,638.883,sha256:9024dbc83b8168363c07d710dcc5e55d6831294a3e7970c28108e31b0b0bfcd7,9a7829fe2584259f1dd0dc45cf73c5ce904fce7e61e964fb7958826f156b43be,ok,
V2-PRV-D2-01-run1,S20261005T152152Z,cpu4,4f20008eca91,primary,V2-PRV-D2-01-run1/cpu4/primary5a1/m10,5,1,10,5,0,,groth16,14,0,2026-10-05T17:30:09.396Z,120.675,44.677,394.329,17.484,10.261,577.165,577.235,2348483,b0be38259edaa109196790233512dc26d29f0e31a9506021bad97c60834e4df2,1,1,1,12572480465523292994716985171141939129262661173864601800410554422143429339219,12572480465523292994716985171141939129262661173864601800410554422143429339219,16.259,443.875,sha256:9024dbc83b8168363c07d710dcc5e55d6831294a3e7970c28108e31b0b0bfcd7,9a7829fe2584259f1dd0dc45cf73c5ce904fce7e61e964fb7958826f156b43be,ok,
V2-PRV-D2-01-run1,S20261005T152152Z,cpu4,4f20008eca91,primary,V2-PRV-D2-01-run1/cpu4/primary5a1/m11,5,1,11,5,0,,plonk,5,0,2026-10-05T17:30:10.013Z,0.849,31.544,22673.946,13.709,11.198,22720.049,22720.101,50790568,8b7d89ef154d0704a4a5fb8df978ea728f0decad61374b1d3a80a026ad357fec,1,1,1,20219445350743929204131453627914351950554712481604845279550177385716225267064,20219445350743929204131453627914351950554712481604845279550177385716225267064,15.164,516.137,sha256:9024dbc83b8168363c07d710dcc5e55d6831294a3e7970c28108e31b0b0bfcd7,9a7829fe2584259f1dd0dc45cf73c5ce904fce7e61e964fb7958826f156b43be,ok,
V2-PRV-D2-01-run1,S20261005T152152Z,cpu4,4f20008eca91,primary,V2-PRV-D2-01-run1/cpu4/primary5a1/m12,5,1,12,5,0,,plonk,6,0,2026-10-05T17:30:32.774Z,0.8,31.114,22686.057,14.564,11.364,22732.536,22732.591,50980972,75b0f7800ba9bbd996a5aba5e02258e755536462dae72897fb9805a733486612,1,1,1,10532757130067282663983599398935360485967103778186217285995762441905303040250,10532757130067282663983599398935360485967103778186217285995762441905303040250,15.211,516.438,sha256:9024dbc83b8168363c07d710dcc5e55d6831294a3e7970c28108e31b0b0bfcd7,9a7829fe2584259f1dd0dc45cf73c5ce904fce7e61e964fb7958826f156b43be,ok,
V2-PRV-D2-01-run1,S20261005T152152Z,cpu4,4f20008eca91,primary,V2-PRV-D2-01-run1/cpu4/primary5a1/m13,5,1,13,5,0,,groth16,15,0,2026-10-05T17:30:55.551Z,291.975,68.669,405.469,10.07,12.003,776.183,776.257,2468935,d6be53096894f276c29d0702fcead9cafd5a510db26c6b563aa91a72f3a7c974,1,1,1,5538221348906088419474490245423435983421913751881271203929586843786047312620,5538221348906088419474490245423435983421913751881271203929586843786047312620,15.473,491.383,sha256:9024dbc83b8168363c07d710dcc5e55d6831294a3e7970c28108e31b0b0bfcd7,9a7829fe2584259f1dd0dc45cf73c5ce904fce7e61e964fb7958826f156b43be,ok,
V2-PRV-D2-01-run1,S20261005T152152Z,cpu4,4f20008eca91,primary,V2-PRV-D2-01-run1/cpu4/primary5a1/m14,5,1,14,5,0,,plonk,12,0,2026-10-05T17:30:56.373Z,34.955,42.913,43964.987,11.879,12.065,44054.735,44054.792,101406468,ac66b87842b1343c8548cf4e922c1ee3249b5519daa07857ea88621896f01c1d,1,1,1,20765103782140504056642351574627691742460497089285629062356351732411546548551,20765103782140504056642351574627691742460497089285629062356351732411546548551,15.092,539.203,sha256:9024dbc83b8168363c07d710dcc5e55d6831294a3e7970c28108e31b0b0bfcd7,9a7829fe2584259f1dd0dc45cf73c5ce904fce7e61e964fb7958826f156b43be,ok,
V2-PRV-D2-01-run1,S20261005T152152Z,cpu4,4f20008eca91,primary,V2-PRV-D2-01-run1/cpu4/primary5a1/m15,5,1,15,5,0,,plonk,13,0,2026-10-05T17:31:40.478Z,58.398,52.402,44017.056,15.489,12.084,44143.346,44143.411,101596872,ecc4eb82a5958bf47b7b157e77ed7abc103fb2ebeec94211db85c4d20c7c607c,1,1,1,13018560099362082186863424433928374003133451805803510125393454640522484396813,13018560099362082186863424433928374003133451805803510125393454640522484396813,15.14,505.766,sha256:9024dbc83b8168363c07d710dcc5e55d6831294a3e7970c28108e31b0b0bfcd7,9a7829fe2584259f1dd0dc45cf73c5ce904fce7e61e964fb7958826f156b43be,ok,
V2-PRV-D2-01-run1,S20261005T152152Z,cpu4,4f20008eca91,primary,V2-PRV-D2-01-run1/cpu4/primary5a1/m16,5,1,16,5,0,,groth16,6,0,2026-10-05T17:32:24.673Z,0.801,31.867,232.484,11.507,11.184,276.659,276.707,1253795,ea2368c5701f4885dc1bd9120ebd0b3419c495066983d2c215030506b1968bd4,1,1,1,10532757130067282663983599398935360485967103778186217285995762441905303040250,10532757130067282663983599398935360485967103778186217285995762441905303040250,16.119,479.188,sha256:9024dbc83b8168363c07d710dcc5e55d6831294a3e7970c28108e31b0b0bfcd7,9a7829fe2584259f1dd0dc45cf73c5ce904fce7e61e964fb7958826f156b43be,ok,
V2-PRV-D2-01-run1,S20261005T152152Z,cpu4,4f20008eca91,primary,V2-PRV-D2-01-run1/cpu4/primary5a1/m17,5,1,17,5,0,,plonk,14,0,2026-10-05T17:32:24.989Z,134.446,42.224,44358.755,11.931,11.154,44547.355,44547.434,101787276,61d7365d9163bc99ded1dfbd03499b9283c2947715292debbde41b3796b6b916,1,1,1,12572480465523292994716985171141939129262661173864601800410554422143429339219,12572480465523292994716985171141939129262661173864601800410554422143429339219,15.984,623.965,sha256:9024dbc83b8168363c07d710dcc5e55d6831294a3e7970c28108e31b0b0bfcd7,9a7829fe2584259f1dd0dc45cf73c5ce904fce7e61e964fb7958826f156b43be,ok,
V2-PRV-D2-01-run1,S20261005T152152Z,cpu4,4f20008eca91,primary,V2-PRV-D2-01-run1/cpu4/primary5a1/m18,5,1,18,5,0,,groth16,5,0,2026-10-05T17:33:09.578Z,0.811,42.878,227.923,15.381,10.427,286.992,287.045,1133343,41c7636150900ee72cf6323930dd506bd0fc015a94a20905cc61c856b4fe919a,1,1,1,20219445350743929204131453627914351950554712481604845279550177385716225267064,20219445350743929204131453627914351950554712481604845279550177385716225267064,16.633,445.582,sha256:9024dbc83b8168363c07d710dcc5e55d6831294a3e7970c28108e31b0b0bfcd7,9a7829fe2584259f1dd0dc45cf73c5ce904fce7e61e964fb7958826f156b43be,ok,
V2-PRV-D2-01-run1,S20261005T152152Z,cpu4,4f20008eca91,primary,V2-PRV-D2-01-run1/cpu4/primary5a1/m19,5,1,19,5,0,,plonk,7,0,2026-10-05T17:33:09.906Z,1.93,28.421,22798.08,13.179,11.243,22841.61,22841.678,51171376,e601552aba9f4692ef0f1d2d75ceade0e48da52ddad45690306a402c03eb810f,1,1,1,9026274488482297584789229036856073050395813352045422820229792111497560353893,9026274488482297584789229036856073050395813352045422820229792111497560353893,15.346,514.879,sha256:9024dbc83b8168363c07d710dcc5e55d6831294a3e7970c28108e31b0b0bfcd7,9a7829fe2584259f1dd0dc45cf73c5ce904fce7e61e964fb7958826f156b43be,ok,
V2-PRV-D2-01-run1,S20261005T152152Z,cpu4,4f20008eca91,primary,V2-PRV-D2-01-run1/cpu4/primary5a1/m20,5,1,20,5,0,,groth16,9,0,2026-10-05T17:33:32.792Z,3.025,35.677,322.661,11.053,10.841,372.416,372.466,1746223,b211630d00c7c2d0e5309876a16c72ad66909d7301385d4da830c4a8d71e391e,1,1,1,6984258666005320425026512790395532096094174015337867819103339755428425654885,6984258666005320425026512790395532096094174015337867819103339755428425654885,16.406,489.156,sha256:9024dbc83b8168363c07d710dcc5e55d6831294a3e7970c28108e31b0b0bfcd7,9a7829fe2584259f1dd0dc45cf73c5ce904fce7e61e964fb7958826f156b43be,ok,
V2-PRV-D2-01-run1,S20261005T152152Z,cpu4,4f20008eca91,primary,V2-PRV-D2-01-run1/cpu4/primary5a1/m21,5,1,21,5,0,,groth16,11,0,2026-10-05T17:33:33.203Z,12.565,34.704,351.145,11.622,10.496,410.036,410.085,1987127,1241508317856e8cb42cf71f43cafeb13e26a2553d595182aefca30b78a5b754,1,1,1,2331069663988172194036823937050772334301923846801859971199361438858855491288,2331069663988172194036823937050772334301923846801859971199361438858855491288,16.811,492.809,sha256:9024dbc83b8168363c07d710dcc5e55d6831294a3e7970c28108e31b0b0bfcd7,9a7829fe2584259f1dd0dc45cf73c5ce904fce7e61e964fb7958826f156b43be,ok,
V2-PRV-D2-01-run1,S20261005T152152Z,cpu4,4f20008eca91,primary,V2-PRV-D2-01-run1/cpu4/primary5a1/m22,5,1,22,5,0,,groth16,10,0,2026-10-05T17:33:33.654Z,5.265,30.967,322.126,10.425,11.013,368.783,368.833,1866675,656d9ee8dd285db6410e0a4b4317201829a1347f7cc3ef6d8de625e8f99f432a,1,1,1,15051918923212186249893826717407673651397890896320211215644860331911956986283,15051918923212186249893826717407673651397890896320211215644860331911956986283,15.818,490.531,sha256:9024dbc83b8168363c07d710dcc5e55d6831294a3e7970c28108e31b0b0bfcd7,9a7829fe2584259f1dd0dc45cf73c5ce904fce7e61e964fb7958826f156b43be,ok,
V2-PRV-D2-01-run1,S20261005T152152Z,cpu4,f671e8caf436,primary,V2-PRV-D2-01-run1/cpu4/primary6a1/in_process1,6,1,1,6,1,in_process,groth16,5,0,2026-10-05T17:33:38.369Z,0.713,35.263,620.915,13.564,14.551,670.456,670.514,1133343,41c7636150900ee72cf6323930dd506bd0fc015a94a20905cc61c856b4fe919a,1,1,1,20219445350743929204131453627914351950554712481604845279550177385716225267064,20219445350743929204131453627914351950554712481604845279550177385716225267064,15.261,193.656,sha256:9024dbc83b8168363c07d710dcc5e55d6831294a3e7970c28108e31b0b0bfcd7,9a7829fe2584259f1dd0dc45cf73c5ce904fce7e61e964fb7958826f156b43be,ok,
V2-PRV-D2-01-run1,S20261005T152152Z,cpu4,f671e8caf436,primary,V2-PRV-D2-01-run1/cpu4/primary6a1/in_process2,6,1,2,6,1,in_process,plonk,5,0,2026-10-05T17:33:39.094Z,0.717,34.129,22825.323,14.231,11.118,22874.4,22874.472,50790568,8b7d89ef154d0704a4a5fb8df978ea728f0decad61374b1d3a80a026ad357fec,1,1,1,20219445350743929204131453627914351950554712481604845279550177385716225267064,20219445350743929204131453627914351950554712481604845279550177385716225267064,15.879,472.207,sha256:9024dbc83b8168363c07d710dcc5e55d6831294a3e7970c28108e31b0b0bfcd7,9a7829fe2584259f1dd0dc45cf73c5ce904fce7e61e964fb7958826f156b43be,ok,
V2-PRV-D2-01-run1,S20261005T152152Z,cpu4,f671e8caf436,primary,V2-PRV-D2-01-run1/cpu4/primary6a1/m1,6,1,1,6,0,,groth16,5,0,2026-10-05T17:34:02.011Z,1.921,36.058,231.689,14.184,14.788,283.851,283.908,1133343,41c7636150900ee72cf6323930dd506bd0fc015a94a20905cc61c856b4fe919a,1,1,1,20219445350743929204131453627914351950554712481604845279550177385716225267064,20219445350743929204131453627914351950554712481604845279550177385716225267064,16.556,448.227,sha256:9024dbc83b8168363c07d710dcc5e55d6831294a3e7970c28108e31b0b0bfcd7,9a7829fe2584259f1dd0dc45cf73c5ce904fce7e61e964fb7958826f156b43be,ok,
V2-PRV-D2-01-run1,S20261005T152152Z,cpu4,f671e8caf436,primary,V2-PRV-D2-01-run1/cpu4/primary6a1/m2,6,1,2,6,0,,groth16,13,0,2026-10-05T17:34:02.345Z,80.125,49.382,369.595,12.329,11.511,511.432,511.497,2228031,53cbdd1f02a65121d6c7044031c6cfa4c6ce66c0b9712dd28fe86ef4c6512c1b,1,1,1,13018560099362082186863424433928374003133451805803510125393454640522484396813,13018560099362082186863424433928374003133451805803510125393454640522484396813,26.861,485.711,sha256:9024dbc83b8168363c07d710dcc5e55d6831294a3e7970c28108e31b0b0bfcd7,9a7829fe2584259f1dd0dc45cf73c5ce904fce7e61e964fb7958826f156b43be,ok,
V2-PRV-D2-01-run1,S20261005T152152Z,cpu4,f671e8caf436,primary,V2-PRV-D2-01-run1/cpu4/primary6a1/m3,6,1,3,6,0,,groth16,6,0,2026-10-05T17:34:02.899Z,0.593,35.233,250.252,11.805,11.695,297.884,297.931,1253795,ea2368c5701f4885dc1bd9120ebd0b3419c495066983d2c215030506b1968bd4,1,1,1,10532757130067282663983599398935360485967103778186217285995762441905303040250,10532757130067282663983599398935360485967103778186217285995762441905303040250,16.536,451.656,sha256:9024dbc83b8168363c07d710dcc5e55d6831294a3e7970c28108e31b0b0bfcd7,9a7829fe2584259f1dd0dc45cf73c5ce904fce7e61e964fb7958826f156b43be,ok,
V2-PRV-D2-01-run1,S20261005T152152Z,cpu4,f671e8caf436,primary,V2-PRV-D2-01-run1/cpu4/primary6a1/m4,6,1,4,6,0,,groth16,7,0,2026-10-05T17:34:03.239Z,1.123,28.537,272.322,12.025,11.018,314.007,314.058,1374247,c0f6d8c4ac9fa282780a2c229d7d086f87e26be62a3eefceb9f801e5076843aa,1,1,1,9026274488482297584789229036856073050395813352045422820229792111497560353893,9026274488482297584789229036856073050395813352045422820229792111497560353893,15.805,456.363,sha256:9024dbc83b8168363c07d710dcc5e55d6831294a3e7970c28108e31b0b0bfcd7,9a7829fe2584259f1dd0dc45cf73c5ce904fce7e61e964fb7958826f156b43be,ok,
V2-PRV-D2-01-run1,S20261005T152152Z,cpu4,f671e8caf436,primary,V2-PRV-D2-01-run1/cpu4/primary6a1/m5,6,1,5,6,0,,groth16,8,0,2026-10-05T17:34:03.597Z,1.976,29.645,296.127,10.899,12.86,338.646,338.696,1625771,5ed3b83d5f5aad4ca7fa25c79bc0fa86d421d2202a7e7054079f14b9e1c2f4cd,1,1,1,11208238821759301031658742314369964146518915978230190408192556840886074910205,11208238821759301031658742314369964146518915978230190408192556840886074910205,15.989,457.27,sha256:9024dbc83b8168363c07d710dcc5e55d6831294a3e7970c28108e31b0b0bfcd7,9a7829fe2584259f1dd0dc45cf73c5ce904fce7e61e964fb7958826f156b43be,ok,
V2-PRV-D2-01-run1,S20261005T152152Z,cpu4,f671e8caf436,primary,V2-PRV-D2-01-run1/cpu4/primary6a1/m6,6,1,6,6,0,,groth16,11,0,2026-10-05T17:34:03.980Z,13.436,36.008,350.121,10.895,10.297,410.459,410.51,1987127,1241508317856e8cb42cf71f43cafeb13e26a2553d595182aefca30b78a5b754,1,1,1,2331069663988172194036823937050772334301923846801859971199361438858855491288,2331069663988172194036823937050772334301923846801859971199361438858855491288,16.524,458.836,sha256:9024dbc83b8168363c07d710dcc5e55d6831294a3e7970c28108e31b0b0bfcd7,9a7829fe2584259f1dd0dc45cf73c5ce904fce7e61e964fb7958826f156b43be,ok,
V2-PRV-D2-01-run1,S20261005T152152Z,cpu4,f671e8caf436,primary,V2-PRV-D2-01-run1/cpu4/primary6a1/m7,6,1,7,6,0,,groth16,10,0,2026-10-05T17:34:04.429Z,5.451,32.368,323.914,12.871,10.651,374.604,374.657,1866675,656d9ee8dd285db6410e0a4b4317201829a1347f7cc3ef6d8de625e8f99f432a,1,1,1,15051918923212186249893826717407673651397890896320211215644860331911956986283,15051918923212186249893826717407673651397890896320211215644860331911956986283,16.708,456.875,sha256:9024dbc83b8168363c07d710dcc5e55d6831294a3e7970c28108e31b0b0bfcd7,9a7829fe2584259f1dd0dc45cf73c5ce904fce7e61e964fb7958826f156b43be,ok,
V2-PRV-D2-01-run1,S20261005T152152Z,cpu4,f671e8caf436,primary,V2-PRV-D2-01-run1/cpu4/primary6a1/m8,6,1,8,6,0,,groth16,15,0,2026-10-05T17:34:04.844Z,291.674,53.54,401.392,11.698,11.248,758.304,758.375,2468935,d6be53096894f276c29d0702fcead9cafd5a510db26c6b563aa91a72f3a7c974,1,1,1,5538221348906088419474490245423435983421913751881271203929586843786047312620,5538221348906088419474490245423435983421913751881271203929586843786047312620,14.854,459.59,sha256:9024dbc83b8168363c07d710dcc5e55d6831294a3e7970c28108e31b0b0bfcd7,9a7829fe2584259f1dd0dc45cf73c5ce904fce7e61e964fb7958826f156b43be,ok,
V2-PRV-D2-01-run1,S20261005T152152Z,cpu4,f671e8caf436,primary,V2-PRV-D2-01-run1/cpu4/primary6a1/m9,6,1,9,6,0,,groth16,9,0,2026-10-05T17:34:05.644Z,3.052,30.869,329.556,13.67,10.46,377.147,377.194,1746223,b211630d00c7c2d0e5309876a16c72ad66909d7301385d4da830c4a8d71e391e,1,1,1,6984258666005320425026512790395532096094174015337867819103339755428425654885,6984258666005320425026512790395532096094174015337867819103339755428425654885,15.591,458.277,sha256:9024dbc83b8168363c07d710dcc5e55d6831294a3e7970c28108e31b0b0bfcd7,9a7829fe2584259f1dd0dc45cf73c5ce904fce7e61e964fb7958826f156b43be,ok,
V2-PRV-D2-01-run1,S20261005T152152Z,cpu4,f671e8caf436,primary,V2-PRV-D2-01-run1/cpu4/primary6a1/m10,6,1,10,6,0,,groth16,12,0,2026-10-05T17:34:06.060Z,35.702,40.966,349.392,11.071,9.836,437.132,437.187,2107579,3fdb01845d81a3cdbbba88fcf45b948195abf01ba68c30be8a5f3e3546d4e81e,1,1,1,20765103782140504056642351574627691742460497089285629062356351732411546548551,20765103782140504056642351574627691742460497089285629062356351732411546548551,18.351,477.621,sha256:9024dbc83b8168363c07d710dcc5e55d6831294a3e7970c28108e31b0b0bfcd7,9a7829fe2584259f1dd0dc45cf73c5ce904fce7e61e964fb7958826f156b43be,ok,
V2-PRV-D2-01-run1,S20261005T152152Z,cpu4,f671e8caf436,primary,V2-PRV-D2-01-run1/cpu4/primary6a1/m11,6,1,11,6,0,,groth16,14,0,2026-10-05T17:34:06.535Z,133.619,44.329,390.531,10.421,10.013,578.901,578.965,2348483,b0be38259edaa109196790233512dc26d29f0e31a9506021bad97c60834e4df2,1,1,1,12572480465523292994716985171141939129262661173864601800410554422143429339219,12572480465523292994716985171141939129262661173864601800410554422143429339219,14.885,486.766,sha256:9024dbc83b8168363c07d710dcc5e55d6831294a3e7970c28108e31b0b0bfcd7,9a7829fe2584259f1dd0dc45cf73c5ce904fce7e61e964fb7958826f156b43be,ok,
V2-PRV-D2-01-run1,S20261005T152152Z,cpu4,45741f7ea174,primary,V2-PRV-D2-01-run1/cpu4/primary7a1/in_process1,7,1,1,7,1,in_process,groth16,5,0,2026-10-05T17:36:29.167Z,0.739,36.613,609.708,14.29,14.84,661.35,661.414,1133343,41c7636150900ee72cf6323930dd506bd0fc015a94a20905cc61c856b4fe919a,1,1,1,20219445350743929204131453627914351950554712481604845279550177385716225267064,20219445350743929204131453627914351950554712481604845279550177385716225267064,22.385,227.063,sha256:9024dbc83b8168363c07d710dcc5e55d6831294a3e7970c28108e31b0b0bfcd7,9a7829fe2584259f1dd0dc45cf73c5ce904fce7e61e964fb7958826f156b43be,ok,
V2-PRV-D2-01-run1,S20261005T152152Z,cpu4,45741f7ea174,primary,V2-PRV-D2-01-run1/cpu4/primary7a1/in_process2,7,1,2,7,1,in_process,plonk,5,0,2026-10-05T17:36:29.881Z,0.897,35.189,22862.368,15.939,11.221,22914.394,22914.467,50790568,8b7d89ef154d0704a4a5fb8df978ea728f0decad61374b1d3a80a026ad357fec,1,1,1,20219445350743929204131453627914351950554712481604845279550177385716225267064,20219445350743929204131453627914351950554712481604845279550177385716225267064,16.758,462.535,sha256:9024dbc83b8168363c07d710dcc5e55d6831294a3e7970c28108e31b0b0bfcd7,9a7829fe2584259f1dd0dc45cf73c5ce904fce7e61e964fb7958826f156b43be,ok,
V2-PRV-D2-01-run1,S20261005T152152Z,cpu4,45741f7ea174,primary,V2-PRV-D2-01-run1/cpu4/primary7a1/m1,7,1,1,7,0,,groth16,9,0,2026-10-05T17:36:52.839Z,7.117,39.111,318.627,12.624,16.368,377.479,377.527,1746223,b211630d00c7c2d0e5309876a16c72ad66909d7301385d4da830c4a8d71e391e,1,1,1,6984258666005320425026512790395532096094174015337867819103339755428425654885,6984258666005320425026512790395532096094174015337867819103339755428425654885,15.538,386.223,sha256:9024dbc83b8168363c07d710dcc5e55d6831294a3e7970c28108e31b0b0bfcd7,9a7829fe2584259f1dd0dc45cf73c5ce904fce7e61e964fb7958826f156b43be,ok,
V2-PRV-D2-01-run1,S20261005T152152Z,cpu4,45741f7ea174,primary,V2-PRV-D2-01-run1/cpu4/primary7a1/m2,7,1,2,7,0,,groth16,5,0,2026-10-05T17:36:53.280Z,0.539,30.114,230.585,13.194,11.059,274.432,274.483,1133343,41c7636150900ee72cf6323930dd506bd0fc015a94a20905cc61c856b4fe919a,1,1,1,20219445350743929204131453627914351950554712481604845279550177385716225267064,20219445350743929204131453627914351950554712481604845279550177385716225267064,16.578,290.816,sha256:9024dbc83b8168363c07d710dcc5e55d6831294a3e7970c28108e31b0b0bfcd7,9a7829fe2584259f1dd0dc45cf73c5ce904fce7e61e964fb7958826f156b43be,ok,
V2-PRV-D2-01-run1,S20261005T152152Z,cpu4,45741f7ea174,primary,V2-PRV-D2-01-run1/cpu4/primary7a1/m3,7,1,3,7,0,,groth16,11,0,2026-10-05T17:36:53.598Z,13.247,32.276,341.992,11.735,10.954,399.249,399.306,1987127,1241508317856e8cb42cf71f43cafeb13e26a2553d595182aefca30b78a5b754,1,1,1,2331069663988172194036823937050772334301923846801859971199361438858855491288,2331069663988172194036823937050772334301923846801859971199361438858855491288,17.17,296.66,sha256:9024dbc83b8168363c07d710dcc5e55d6831294a3e7970c28108e31b0b0bfcd7,9a7829fe2584259f1dd0dc45cf73c5ce904fce7e61e964fb7958826f156b43be,ok,
V2-PRV-D2-01-run1,S20261005T152152Z,cpu4,45741f7ea174,primary,V2-PRV-D2-01-run1/cpu4/primary7a1/m4,7,1,4,7,0,,groth16,12,0,2026-10-05T17:36:54.040Z,34.887,50.838,358.244,11.141,12.118,455.11,455.168,2107579,3fdb01845d81a3cdbbba88fcf45b948195abf01ba68c30be8a5f3e3546d4e81e,1,1,1,20765103782140504056642351574627691742460497089285629062356351732411546548551,20765103782140504056642351574627691742460497089285629062356351732411546548551,15.529,300.191,sha256:9024dbc83b8168363c07d710dcc5e55d6831294a3e7970c28108e31b0b0bfcd7,9a7829fe2584259f1dd0dc45cf73c5ce904fce7e61e964fb7958826f156b43be,ok,
V2-PRV-D2-01-run1,S20261005T152152Z,cpu4,45741f7ea174,primary,V2-PRV-D2-01-run1/cpu4/primary7a1/m5,7,1,5,7,0,,groth16,13,0,2026-10-05T17:36:54.539Z,75.629,42.115,380.94,10.132,11.535,508.815,508.877,2228031,53cbdd1f02a65121d6c7044031c6cfa4c6ce66c0b9712dd28fe86ef4c6512c1b,1,1,1,13018560099362082186863424433928374003133451805803510125393454640522484396813,13018560099362082186863424433928374003133451805803510125393454640522484396813,27.561,345.027,sha256:9024dbc83b8168363c07d710dcc5e55d6831294a3e7970c28108e31b0b0bfcd7,9a7829fe2584259f1dd0dc45cf73c5ce904fce7e61e964fb7958826f156b43be,ok,
V2-PRV-D2-01-run1,S20261005T152152Z,cpu4,45741f7ea174,primary,V2-PRV-D2-01-run1/cpu4/primary7a1/m6,7,1,6,7,0,,groth16,15,0,2026-10-05T17:36:55.091Z,332.827,56.026,397.948,10.875,9.878,797.676,797.743,2468935,d6be53096894f276c29d0702fcead9cafd5a510db26c6b563aa91a72f3a7c974,1,1,1,5538221348906088419474490245423435983421913751881271203929586843786047312620,5538221348906088419474490245423435983421913751881271203929586843786047312620,17.139,320.707,sha256:9024dbc83b8168363c07d710dcc5e55d6831294a3e7970c28108e31b0b0bfcd7,9a7829fe2584259f1dd0dc45cf73c5ce904fce7e61e964fb7958826f156b43be,ok,
V2-PRV-D2-01-run1,S20261005T152152Z,cpu4,45741f7ea174,primary,V2-PRV-D2-01-run1/cpu4/primary7a1/m7,7,1,7,7,0,,groth16,10,0,2026-10-05T17:36:55.927Z,5.506,38.697,358.182,10.976,10.634,413.36,413.405,1866675,656d9ee8dd285db6410e0a4b4317201829a1347f7cc3ef6d8de625e8f99f432a,1,1,1,15051918923212186249893826717407673651397890896320211215644860331911956986283,15051918923212186249893826717407673651397890896320211215644860331911956986283,16.339,318.191,sha256:9024dbc83b8168363c07d710dcc5e55d6831294a3e7970c28108e31b0b0bfcd7,9a7829fe2584259f1dd0dc45cf73c5ce904fce7e61e964fb7958826f156b43be,ok,
V2-PRV-D2-01-run1,S20261005T152152Z,cpu4,45741f7ea174,primary,V2-PRV-D2-01-run1/cpu4/primary7a1/m8,7,1,8,7,0,,groth16,14,0,2026-10-05T17:36:56.381Z,133.249,47.667,381.661,11.23,13.3,573.808,573.875,2348483,b0be38259edaa109196790233512dc26d29f0e31a9506021bad97c60834e4df2,1,1,1,12572480465523292994716985171141939129262661173864601800410554422143429339219,12572480465523292994716985171141939129262661173864601800410554422143429339219,15.655,321.109,sha256:9024dbc83b8168363c07d710dcc5e55d6831294a3e7970c28108e31b0b0bfcd7,9a7829fe2584259f1dd0dc45cf73c5ce904fce7e61e964fb7958826f156b43be,ok,
V2-PRV-D2-01-run1,S20261005T152152Z,cpu4,45741f7ea174,primary,V2-PRV-D2-01-run1/cpu4/primary7a1/m9,7,1,9,7,0,,groth16,6,0,2026-10-05T17:36:56.999Z,0.859,28.707,250.629,11.12,12.043,291.315,291.366,1253795,ea2368c5701f4885dc1bd9120ebd0b3419c495066983d2c215030506b1968bd4,1,1,1,10532757130067282663983599398935360485967103778186217285995762441905303040250,10532757130067282663983599398935360485967103778186217285995762441905303040250,16.326,319.656,sha256:9024dbc83b8168363c07d710dcc5e55d6831294a3e7970c28108e31b0b0bfcd7,9a7829fe2584259f1dd0dc45cf73c5ce904fce7e61e964fb7958826f156b43be,ok,
V2-PRV-D2-01-run1,S20261005T152152Z,cpu4,45741f7ea174,primary,V2-PRV-D2-01-run1/cpu4/primary7a1/m10,7,1,10,7,0,,groth16,8,0,2026-10-05T17:36:57.333Z,1.949,29.436,312.999,10.791,10.395,355.174,355.222,1625771,5ed3b83d5f5aad4ca7fa25c79bc0fa86d421d2202a7e7054079f14b9e1c2f4cd,1,1,1,11208238821759301031658742314369964146518915978230190408192556840886074910205,11208238821759301031658742314369964146518915978230190408192556840886074910205,17.24,319.238,sha256:9024dbc83b8168363c07d710dcc5e55d6831294a3e7970c28108e31b0b0bfcd7,9a7829fe2584259f1dd0dc45cf73c5ce904fce7e61e964fb7958826f156b43be,ok,
V2-PRV-D2-01-run1,S20261005T152152Z,cpu4,45741f7ea174,primary,V2-PRV-D2-01-run1/cpu4/primary7a1/m11,7,1,11,7,0,,groth16,7,0,2026-10-05T17:36:57.729Z,1.945,29.368,251.463,10.53,10.537,293.306,293.355,1374247,c0f6d8c4ac9fa282780a2c229d7d086f87e26be62a3eefceb9f801e5076843aa,1,1,1,9026274488482297584789229036856073050395813352045422820229792111497560353893,9026274488482297584789229036856073050395813352045422820229792111497560353893,16.039,318.23,sha256:9024dbc83b8168363c07d710dcc5e55d6831294a3e7970c28108e31b0b0bfcd7,9a7829fe2584259f1dd0dc45cf73c5ce904fce7e61e964fb7958826f156b43be,ok,
V2-PRV-D2-01-run1,S20261005T152152Z,cpu4,3aed16ac566b,primary,V2-PRV-D2-01-run1/cpu4/primary8a1/in_process1,8,1,1,8,1,in_process,groth16,5,0,2026-10-05T17:37:40.965Z,0.732,38.107,607.696,13.755,15.445,660.29,660.353,1133343,41c7636150900ee72cf6323930dd506bd0fc015a94a20905cc61c856b4fe919a,1,1,1,20219445350743929204131453627914351950554712481604845279550177385716225267064,20219445350743929204131453627914351950554712481604845279550177385716225267064,16.462,197.551,sha256:9024dbc83b8168363c07d710dcc5e55d6831294a3e7970c28108e31b0b0bfcd7,9a7829fe2584259f1dd0dc45cf73c5ce904fce7e61e964fb7958826f156b43be,ok,
V2-PRV-D2-01-run1,S20261005T152152Z,cpu4,3aed16ac566b,primary,V2-PRV-D2-01-run1/cpu4/primary8a1/in_process2,8,1,2,8,1,in_process,plonk,5,0,2026-10-05T17:37:41.681Z,0.714,37.643,22896.947,15.364,11.089,22950.668,22950.748,50790568,8b7d89ef154d0704a4a5fb8df978ea728f0decad61374b1d3a80a026ad357fec,1,1,1,20219445350743929204131453627914351950554712481604845279550177385716225267064,20219445350743929204131453627914351950554712481604845279550177385716225267064,16.981,465.465,sha256:9024dbc83b8168363c07d710dcc5e55d6831294a3e7970c28108e31b0b0bfcd7,9a7829fe2584259f1dd0dc45cf73c5ce904fce7e61e964fb7958826f156b43be,ok,
V2-PRV-D2-01-run1,S20261005T152152Z,cpu4,3aed16ac566b,primary,V2-PRV-D2-01-run1/cpu4/primary8a1/m1,8,1,1,8,0,,groth16,13,0,2026-10-05T17:38:04.675Z,72.343,43.374,363.841,11.521,15.652,491.078,491.143,2228031,53cbdd1f02a65121d6c7044031c6cfa4c6ce66c0b9712dd28fe86ef4c6512c1b,1,1,1,13018560099362082186863424433928374003133451805803510125393454640522484396813,13018560099362082186863424433928374003133451805803510125393454640522484396813,27.737,330,sha256:9024dbc83b8168363c07d710dcc5e55d6831294a3e7970c28108e31b0b0bfcd7,9a7829fe2584259f1dd0dc45cf73c5ce904fce7e61e964fb7958826f156b43be,ok,
V2-PRV-D2-01-run1,S20261005T152152Z,cpu4,3aed16ac566b,primary,V2-PRV-D2-01-run1/cpu4/primary8a1/m2,8,1,2,8,0,,groth16,8,0,2026-10-05T17:38:05.220Z,1.702,35.546,302.303,13.147,11.43,352.697,352.747,1625771,5ed3b83d5f5aad4ca7fa25c79bc0fa86d421d2202a7e7054079f14b9e1c2f4cd,1,1,1,11208238821759301031658742314369964146518915978230190408192556840886074910205,11208238821759301031658742314369964146518915978230190408192556840886074910205,17.611,303.719,sha256:9024dbc83b8168363c07d710dcc5e55d6831294a3e7970c28108e31b0b0bfcd7,9a7829fe2584259f1dd0dc45cf73c5ce904fce7e61e964fb7958826f156b43be,ok,
V2-PRV-D2-01-run1,S20261005T152152Z,cpu4,3aed16ac566b,primary,V2-PRV-D2-01-run1/cpu4/primary8a1/m3,8,1,3,8,0,,groth16,12,0,2026-10-05T17:38:05.615Z,34.549,39.112,353.13,13.306,10.74,440.098,440.154,2107579,3fdb01845d81a3cdbbba88fcf45b948195abf01ba68c30be8a5f3e3546d4e81e,1,1,1,20765103782140504056642351574627691742460497089285629062356351732411546548551,20765103782140504056642351574627691742460497089285629062356351732411546548551,18.611,324.18,sha256:9024dbc83b8168363c07d710dcc5e55d6831294a3e7970c28108e31b0b0bfcd7,9a7829fe2584259f1dd0dc45cf73c5ce904fce7e61e964fb7958826f156b43be,ok,
V2-PRV-D2-01-run1,S20261005T152152Z,cpu4,3aed16ac566b,primary,V2-PRV-D2-01-run1/cpu4/primary8a1/m4,8,1,4,8,0,,groth16,11,0,2026-10-05T17:38:06.099Z,10.377,36.043,339.278,11.49,12.661,397.188,397.242,1987127,1241508317856e8cb42cf71f43cafeb13e26a2553d595182aefca30b78a5b754,1,1,1,2331069663988172194036823937050772334301923846801859971199361438858855491288,2331069663988172194036823937050772334301923846801859971199361438858855491288,17.597,308.938,sha256:9024dbc83b8168363c07d710dcc5e55d6831294a3e7970c28108e31b0b0bfcd7,9a7829fe2584259f1dd0dc45cf73c5ce904fce7e61e964fb7958826f156b43be,ok,
V2-PRV-D2-01-run1,S20261005T152152Z,cpu4,3aed16ac566b,primary,V2-PRV-D2-01-run1/cpu4/primary8a1/m5,8,1,5,8,0,,groth16,5,0,2026-10-05T17:38:06.540Z,0.898,28.584,223.452,13.545,10.932,266.479,266.533,1133343,41c7636150900ee72cf6323930dd506bd0fc015a94a20905cc61c856b4fe919a,1,1,1,20219445350743929204131453627914351950554712481604845279550177385716225267064,20219445350743929204131453627914351950554712481604845279550177385716225267064,17.843,310.406,sha256:9024dbc83b8168363c07d710dcc5e55d6831294a3e7970c28108e31b0b0bfcd7,9a7829fe2584259f1dd0dc45cf73c5ce904fce7e61e964fb7958826f156b43be,ok,
V2-PRV-D2-01-run1,S20261005T152152Z,cpu4,3aed16ac566b,primary,V2-PRV-D2-01-run1/cpu4/primary8a1/m6,8,1,6,8,0,,groth16,7,0,2026-10-05T17:38:06.849Z,1.86,31.641,260.782,10.793,10.577,305.076,305.124,1374247,c0f6d8c4ac9fa282780a2c229d7d086f87e26be62a3eefceb9f801e5076843aa,1,1,1,9026274488482297584789229036856073050395813352045422820229792111497560353893,9026274488482297584789229036856073050395813352045422820229792111497560353893,16.977,309.805,sha256:9024dbc83b8168363c07d710dcc5e55d6831294a3e7970c28108e31b0b0bfcd7,9a7829fe2584259f1dd0dc45cf73c5ce904fce7e61e964fb7958826f156b43be,ok,
V2-PRV-D2-01-run1,S20261005T152152Z,cpu4,3aed16ac566b,primary,V2-PRV-D2-01-run1/cpu4/primary8a1/m7,8,1,7,8,0,,groth16,15,0,2026-10-05T17:38:07.194Z,293.708,57.037,399.828,10.6,11.012,761.173,761.245,2468935,d6be53096894f276c29d0702fcead9cafd5a510db26c6b563aa91a72f3a7c974,1,1,1,5538221348906088419474490245423435983421913751881271203929586843786047312620,5538221348906088419474490245423435983421913751881271203929586843786047312620,17.549,321.641,sha256:9024dbc83b8168363c07d710dcc5e55d6831294a3e7970c28108e31b0b0bfcd7,9a7829fe2584259f1dd0dc45cf73c5ce904fce7e61e964fb7958826f156b43be,ok,
V2-PRV-D2-01-run1,S20261005T152152Z,cpu4,3aed16ac566b,primary,V2-PRV-D2-01-run1/cpu4/primary8a1/m8,8,1,8,8,0,,groth16,14,0,2026-10-05T17:38:07.995Z,143.574,50.762,395.137,11.644,11.928,601.118,601.184,2348483,b0be38259edaa109196790233512dc26d29f0e31a9506021bad97c60834e4df2,1,1,1,12572480465523292994716985171141939129262661173864601800410554422143429339219,12572480465523292994716985171141939129262661173864601800410554422143429339219,16.136,337.43,sha256:9024dbc83b8168363c07d710dcc5e55d6831294a3e7970c28108e31b0b0bfcd7,9a7829fe2584259f1dd0dc45cf73c5ce904fce7e61e964fb7958826f156b43be,ok,
V2-PRV-D2-01-run1,S20261005T152152Z,cpu4,3aed16ac566b,primary,V2-PRV-D2-01-run1/cpu4/primary8a1/m9,8,1,9,8,0,,groth16,9,0,2026-10-05T17:38:08.640Z,3.073,34.423,327.627,13.536,10.326,378.66,378.711,1746223,b211630d00c7c2d0e5309876a16c72ad66909d7301385d4da830c4a8d71e391e,1,1,1,6984258666005320425026512790395532096094174015337867819103339755428425654885,6984258666005320425026512790395532096094174015337867819103339755428425654885,17.593,336.387,sha256:9024dbc83b8168363c07d710dcc5e55d6831294a3e7970c28108e31b0b0bfcd7,9a7829fe2584259f1dd0dc45cf73c5ce904fce7e61e964fb7958826f156b43be,ok,
V2-PRV-D2-01-run1,S20261005T152152Z,cpu4,3aed16ac566b,primary,V2-PRV-D2-01-run1/cpu4/primary8a1/m10,8,1,10,8,0,,groth16,10,0,2026-10-05T17:38:09.058Z,5.806,34.598,339.008,10.644,10.169,390.055,390.109,1866675,656d9ee8dd285db6410e0a4b4317201829a1347f7cc3ef6d8de625e8f99f432a,1,1,1,15051918923212186249893826717407673651397890896320211215644860331911956986283,15051918923212186249893826717407673651397890896320211215644860331911956986283,16.737,335.352,sha256:9024dbc83b8168363c07d710dcc5e55d6831294a3e7970c28108e31b0b0bfcd7,9a7829fe2584259f1dd0dc45cf73c5ce904fce7e61e964fb7958826f156b43be,ok,
V2-PRV-D2-01-run1,S20261005T152152Z,cpu4,3aed16ac566b,primary,V2-PRV-D2-01-run1/cpu4/primary8a1/m11,8,1,11,8,0,,groth16,6,0,2026-10-05T17:38:09.487Z,0.877,29.381,254.582,12.032,10.542,296.872,296.92,1253795,ea2368c5701f4885dc1bd9120ebd0b3419c495066983d2c215030506b1968bd4,1,1,1,10532757130067282663983599398935360485967103778186217285995762441905303040250,10532757130067282663983599398935360485967103778186217285995762441905303040250,16.65,335.535,sha256:9024dbc83b8168363c07d710dcc5e55d6831294a3e7970c28108e31b0b0bfcd7,9a7829fe2584259f1dd0dc45cf73c5ce904fce7e61e964fb7958826f156b43be,ok,
V2-PRV-D2-01-run1,S20261005T152152Z,cpu4,74602718e84f,primary,V2-PRV-D2-01-run1/cpu4/primary9a1/in_process1,9,1,1,9,1,in_process,groth16,5,0,2026-10-05T17:38:44.101Z,0.705,36.734,622.745,13.132,14.237,673.315,673.372,1133343,41c7636150900ee72cf6323930dd506bd0fc015a94a20905cc61c856b4fe919a,1,1,1,20219445350743929204131453627914351950554712481604845279550177385716225267064,20219445350743929204131453627914351950554712481604845279550177385716225267064,16.538,199.035,sha256:9024dbc83b8168363c07d710dcc5e55d6831294a3e7970c28108e31b0b0bfcd7,9a7829fe2584259f1dd0dc45cf73c5ce904fce7e61e964fb7958826f156b43be,ok,
V2-PRV-D2-01-run1,S20261005T152152Z,cpu4,74602718e84f,primary,V2-PRV-D2-01-run1/cpu4/primary9a1/in_process2,9,1,2,9,1,in_process,plonk,5,0,2026-10-05T17:38:44.834Z,0.73,38.429,22961.939,16.172,11.193,23017.27,23017.339,50790568,8b7d89ef154d0704a4a5fb8df978ea728f0decad61374b1d3a80a026ad357fec,1,1,1,20219445350743929204131453627914351950554712481604845279550177385716225267064,20219445350743929204131453627914351950554712481604845279550177385716225267064,17.288,466.602,sha256:9024dbc83b8168363c07d710dcc5e55d6831294a3e7970c28108e31b0b0bfcd7,9a7829fe2584259f1dd0dc45cf73c5ce904fce7e61e964fb7958826f156b43be,ok,
V2-PRV-D2-01-run1,S20261005T152152Z,cpu4,74602718e84f,primary,V2-PRV-D2-01-run1/cpu4/primary9a1/m1,9,1,1,9,0,,groth16,10,0,2026-10-05T17:39:07.894Z,17.848,43.923,330.455,11.867,16.585,404.093,404.142,1866675,656d9ee8dd285db6410e0a4b4317201829a1347f7cc3ef6d8de625e8f99f432a,1,1,1,15051918923212186249893826717407673651397890896320211215644860331911956986283,15051918923212186249893826717407673651397890896320211215644860331911956986283,16.315,291.156,sha256:9024dbc83b8168363c07d710dcc5e55d6831294a3e7970c28108e31b0b0bfcd7,9a7829fe2584259f1dd0dc45cf73c5ce904fce7e61e964fb7958826f156b43be,ok,
V2-PRV-D2-01-run1,S20261005T152152Z,cpu4,74602718e84f,primary,V2-PRV-D2-01-run1/cpu4/primary9a1/m2,9,1,2,9,0,,groth16,11,0,2026-10-05T17:39:08.354Z,12.86,33.221,356.107,12.554,11.831,414.743,414.794,1987127,1241508317856e8cb42cf71f43cafeb13e26a2553d595182aefca30b78a5b754,1,1,1,2331069663988172194036823937050772334301923846801859971199361438858855491288,2331069663988172194036823937050772334301923846801859971199361438858855491288,17.285,299.156,sha256:9024dbc83b8168363c07d710dcc5e55d6831294a3e7970c28108e31b0b0bfcd7,9a7829fe2584259f1dd0dc45cf73c5ce904fce7e61e964fb7958826f156b43be,ok,
V2-PRV-D2-01-run1,S20261005T152152Z,cpu4,74602718e84f,primary,V2-PRV-D2-01-run1/cpu4/primary9a1/m3,9,1,3,9,0,,groth16,13,0,2026-10-05T17:39:08.814Z,74.815,44.004,372.657,10.774,10.622,502.251,502.326,2228031,53cbdd1f02a65121d6c7044031c6cfa4c6ce66c0b9712dd28fe86ef4c6512c1b,1,1,1,13018560099362082186863424433928374003133451805803510125393454640522484396813,13018560099362082186863424433928374003133451805803510125393454640522484396813,28.055,340.703,sha256:9024dbc83b8168363c07d710dcc5e55d6831294a3e7970c28108e31b0b0bfcd7,9a7829fe2584259f1dd0dc45cf73c5ce904fce7e61e964fb7958826f156b43be,ok,
V2-PRV-D2-01-run1,S20261005T152152Z,cpu4,74602718e84f,primary,V2-PRV-D2-01-run1/cpu4/primary9a1/m4,9,1,4,9,0,,groth16,12,0,2026-10-05T17:39:09.362Z,20.148,38.569,348.975,11.714,12.756,419.406,419.456,2107579,3fdb01845d81a3cdbbba88fcf45b948195abf01ba68c30be8a5f3e3546d4e81e,1,1,1,20765103782140504056642351574627691742460497089285629062356351732411546548551,20765103782140504056642351574627691742460497089285629062356351732411546548551,17.762,310.398,sha256:9024dbc83b8168363c07d710dcc5e55d6831294a3e7970c28108e31b0b0bfcd7,9a7829fe2584259f1dd0dc45cf73c5ce904fce7e61e964fb7958826f156b43be,ok,
V2-PRV-D2-01-run1,S20261005T152152Z,cpu4,74602718e84f,primary,V2-PRV-D2-01-run1/cpu4/primary9a1/m5,9,1,5,9,0,,groth16,6,0,2026-10-05T17:39:09.829Z,0.564,28.722,257.104,11.079,10.56,297.47,297.515,1253795,ea2368c5701f4885dc1bd9120ebd0b3419c495066983d2c215030506b1968bd4,1,1,1,10532757130067282663983599398935360485967103778186217285995762441905303040250,10532757130067282663983599398935360485967103778186217285995762441905303040250,17.32,309.648,sha256:9024dbc83b8168363c07d710dcc5e55d6831294a3e7970c28108e31b0b0bfcd7,9a7829fe2584259f1dd0dc45cf73c5ce904fce7e61e964fb7958826f156b43be,ok,
V2-PRV-D2-01-run1,S20261005T152152Z,cpu4,74602718e84f,primary,V2-PRV-D2-01-run1/cpu4/primary9a1/m6,9,1,6,9,0,,groth16,8,0,2026-10-05T17:39:10.170Z,1.781,29.551,308.74,10.765,10.318,350.836,350.886,1625771,5ed3b83d5f5aad4ca7fa25c79bc0fa86d421d2202a7e7054079f14b9e1c2f4cd,1,1,1,11208238821759301031658742314369964146518915978230190408192556840886074910205,11208238821759301031658742314369964146518915978230190408192556840886074910205,16.884,308.797,sha256:9024dbc83b8168363c07d710dcc5e55d6831294a3e7970c28108e31b0b0bfcd7,9a7829fe2584259f1dd0dc45cf73c5ce904fce7e61e964fb7958826f156b43be,ok,
V2-PRV-D2-01-run1,S20261005T152152Z,cpu4,74602718e84f,primary,V2-PRV-D2-01-run1/cpu4/primary9a1/m7,9,1,7,9,0,,groth16,14,0,2026-10-05T17:39:10.560Z,152.215,49.681,392.194,10.151,11.179,604.24,604.311,2348483,b0be38259edaa109196790233512dc26d29f0e31a9506021bad97c60834e4df2,1,1,1,12572480465523292994716985171141939129262661173864601800410554422143429339219,12572480465523292994716985171141939129262661173864601800410554422143429339219,16.9,337.051,sha256:9024dbc83b8168363c07d710dcc5e55d6831294a3e7970c28108e31b0b0bfcd7,9a7829fe2584259f1dd0dc45cf73c5ce904fce7e61e964fb7958826f156b43be,ok,
V2-PRV-D2-01-run1,S20261005T152152Z,cpu4,74602718e84f,primary,V2-PRV-D2-01-run1/cpu4/primary9a1/m8,9,1,8,9,0,,groth16,9,0,2026-10-05T17:39:11.205Z,3.047,30.574,329.268,12.043,12.035,374.932,374.978,1746223,b211630d00c7c2d0e5309876a16c72ad66909d7301385d4da830c4a8d71e391e,1,1,1,6984258666005320425026512790395532096094174015337867819103339755428425654885,6984258666005320425026512790395532096094174015337867819103339755428425654885,18.142,335.645,sha256:9024dbc83b8168363c07d710dcc5e55d6831294a3e7970c28108e31b0b0bfcd7,9a7829fe2584259f1dd0dc45cf73c5ce904fce7e61e964fb7958826f156b43be,ok,
V2-PRV-D2-01-run1,S20261005T152152Z,cpu4,74602718e84f,primary,V2-PRV-D2-01-run1/cpu4/primary9a1/m9,9,1,9,9,0,,groth16,7,0,2026-10-05T17:39:11.624Z,1.168,30.577,258.647,10.957,11.978,301.349,301.404,1374247,c0f6d8c4ac9fa282780a2c229d7d086f87e26be62a3eefceb9f801e5076843aa,1,1,1,9026274488482297584789229036856073050395813352045422820229792111497560353893,9026274488482297584789229036856073050395813352045422820229792111497560353893,17.131,336.594,sha256:9024dbc83b8168363c07d710dcc5e55d6831294a3e7970c28108e31b0b0bfcd7,9a7829fe2584259f1dd0dc45cf73c5ce904fce7e61e964fb7958826f156b43be,ok,
V2-PRV-D2-01-run1,S20261005T152152Z,cpu4,74602718e84f,primary,V2-PRV-D2-01-run1/cpu4/primary9a1/m10,9,1,10,9,0,,groth16,5,0,2026-10-05T17:39:11.969Z,0.73,28.638,234.981,10.647,10.391,274.995,275.046,1133343,41c7636150900ee72cf6323930dd506bd0fc015a94a20905cc61c856b4fe919a,1,1,1,20219445350743929204131453627914351950554712481604845279550177385716225267064,20219445350743929204131453627914351950554712481604845279550177385716225267064,17.313,337.484,sha256:9024dbc83b8168363c07d710dcc5e55d6831294a3e7970c28108e31b0b0bfcd7,9a7829fe2584259f1dd0dc45cf73c5ce904fce7e61e964fb7958826f156b43be,ok,
V2-PRV-D2-01-run1,S20261005T152152Z,cpu4,74602718e84f,primary,V2-PRV-D2-01-run1/cpu4/primary9a1/m11,9,1,11,9,0,,groth16,15,0,2026-10-05T17:39:12.283Z,300.576,57.174,392.746,10.601,9.726,761.096,761.162,2468935,d6be53096894f276c29d0702fcead9cafd5a510db26c6b563aa91a72f3a7c974,1,1,1,5538221348906088419474490245423435983421913751881271203929586843786047312620,5538221348906088419474490245423435983421913751881271203929586843786047312620,17.759,339.676,sha256:9024dbc83b8168363c07d710dcc5e55d6831294a3e7970c28108e31b0b0bfcd7,9a7829fe2584259f1dd0dc45cf73c5ce904fce7e61e964fb7958826f156b43be,ok,
V2-PRV-D2-01-run1,S20261005T152152Z,cpu4,064b8946c626,primary,V2-PRV-D2-01-run1/cpu4/primary10a1/in_process1,10,1,1,10,1,in_process,groth16,5,0,2026-10-05T17:41:34.680Z,0.798,40.29,618.136,15.032,14.158,674.256,674.322,1133343,41c7636150900ee72cf6323930dd506bd0fc015a94a20905cc61c856b4fe919a,1,1,1,20219445350743929204131453627914351950554712481604845279550177385716225267064,20219445350743929204131453627914351950554712481604845279550177385716225267064,24.506,213.527,sha256:9024dbc83b8168363c07d710dcc5e55d6831294a3e7970c28108e31b0b0bfcd7,9a7829fe2584259f1dd0dc45cf73c5ce904fce7e61e964fb7958826f156b43be,ok,
V2-PRV-D2-01-run1,S20261005T152152Z,cpu4,064b8946c626,primary,V2-PRV-D2-01-run1/cpu4/primary10a1/in_process2,10,1,2,10,1,in_process,plonk,5,0,2026-10-05T17:41:35.412Z,0.722,36.456,22986.831,14.091,11.114,23038.1,23038.169,50790568,8b7d89ef154d0704a4a5fb8df978ea728f0decad61374b1d3a80a026ad357fec,1,1,1,20219445350743929204131453627914351950554712481604845279550177385716225267064,20219445350743929204131453627914351950554712481604845279550177385716225267064,18.03,465.164,sha256:9024dbc83b8168363c07d710dcc5e55d6831294a3e7970c28108e31b0b0bfcd7,9a7829fe2584259f1dd0dc45cf73c5ce904fce7e61e964fb7958826f156b43be,ok,
V2-PRV-D2-01-run1,S20261005T152152Z,cpu4,064b8946c626,primary,V2-PRV-D2-01-run1/cpu4/primary10a1/m1,10,1,1,10,0,,groth16,7,0,2026-10-05T17:41:58.493Z,1.051,43.679,263.837,13.152,15.911,321.719,321.77,1374247,c0f6d8c4ac9fa282780a2c229d7d086f87e26be62a3eefceb9f801e5076843aa,1,1,1,9026274488482297584789229036856073050395813352045422820229792111497560353893,9026274488482297584789229036856073050395813352045422820229792111497560353893,18.111,388.191,sha256:9024dbc83b8168363c07d710dcc5e55d6831294a3e7970c28108e31b0b0bfcd7,9a7829fe2584259f1dd0dc45cf73c5ce904fce7e61e964fb7958826f156b43be,ok,
V2-PRV-D2-01-run1,S20261005T152152Z,cpu4,064b8946c626,primary,V2-PRV-D2-01-run1/cpu4/primary10a1/m2,10,1,2,10,0,,groth16,15,0,2026-10-05T17:41:58.870Z,273.304,55.171,402.211,13.129,12.179,743.815,743.892,2468935,d6be53096894f276c29d0702fcead9cafd5a510db26c6b563aa91a72f3a7c974,1,1,1,5538221348906088419474490245423435983421913751881271203929586843786047312620,5538221348906088419474490245423435983421913751881271203929586843786047312620,18.642,390.414,sha256:9024dbc83b8168363c07d710dcc5e55d6831294a3e7970c28108e31b0b0bfcd7,9a7829fe2584259f1dd0dc45cf73c5ce904fce7e61e964fb7958826f156b43be,ok,
V2-PRV-D2-01-run1,S20261005T152152Z,cpu4,064b8946c626,primary,V2-PRV-D2-01-run1/cpu4/primary10a1/m3,10,1,3,10,0,,groth16,5,0,2026-10-05T17:41:59.660Z,0.699,33.348,236.999,13.445,11.613,284.491,284.545,1133343,41c7636150900ee72cf6323930dd506bd0fc015a94a20905cc61c856b4fe919a,1,1,1,20219445350743929204131453627914351950554712481604845279550177385716225267064,20219445350743929204131453627914351950554712481604845279550177385716225267064,17.002,391.543,sha256:9024dbc83b8168363c07d710dcc5e55d6831294a3e7970c28108e31b0b0bfcd7,9a7829fe2584259f1dd0dc45cf73c5ce904fce7e61e964fb7958826f156b43be,ok,
V2-PRV-D2-01-run1,S20261005T152152Z,cpu4,064b8946c626,primary,V2-PRV-D2-01-run1/cpu4/primary10a1/m4,10,1,4,10,0,,groth16,12,0,2026-10-05T17:41:59.988Z,35.276,45.663,357.236,10.998,10.41,449.173,449.235,2107579,3fdb01845d81a3cdbbba88fcf45b948195abf01ba68c30be8a5f3e3546d4e81e,1,1,1,20765103782140504056642351574627691742460497089285629062356351732411546548551,20765103782140504056642351574627691742460497089285629062356351732411546548551,19.541,411.613,sha256:9024dbc83b8168363c07d710dcc5e55d6831294a3e7970c28108e31b0b0bfcd7,9a7829fe2584259f1dd0dc45cf73c5ce904fce7e61e964fb7958826f156b43be,ok,
V2-PRV-D2-01-run1,S20261005T152152Z,cpu4,064b8946c626,primary,V2-PRV-D2-01-run1/cpu4/primary10a1/m5,10,1,5,10,0,,groth16,10,0,2026-10-05T17:42:00.482Z,5.284,36.02,322.418,11.701,10.73,375.424,375.476,1866675,656d9ee8dd285db6410e0a4b4317201829a1347f7cc3ef6d8de625e8f99f432a,1,1,1,15051918923212186249893826717407673651397890896320211215644860331911956986283,15051918923212186249893826717407673651397890896320211215644860331911956986283,18.936,394.863,sha256:9024dbc83b8168363c07d710dcc5e55d6831294a3e7970c28108e31b0b0bfcd7,9a7829fe2584259f1dd0dc45cf73c5ce904fce7e61e964fb7958826f156b43be,ok,
V2-PRV-D2-01-run1,S20261005T152152Z,cpu4,064b8946c626,primary,V2-PRV-D2-01-run1/cpu4/primary10a1/m6,10,1,6,10,0,,groth16,14,0,2026-10-05T17:42:00.899Z,138.951,49.128,393.822,9.899,10.932,591.799,591.87,2348483,b0be38259edaa109196790233512dc26d29f0e31a9506021bad97c60834e4df2,1,1,1,12572480465523292994716985171141939129262661173864601800410554422143429339219,12572480465523292994716985171141939129262661173864601800410554422143429339219,17.74,397.516,sha256:9024dbc83b8168363c07d710dcc5e55d6831294a3e7970c28108e31b0b0bfcd7,9a7829fe2584259f1dd0dc45cf73c5ce904fce7e61e964fb7958826f156b43be,ok,
V2-PRV-D2-01-run1,S20261005T152152Z,cpu4,064b8946c626,primary,V2-PRV-D2-01-run1/cpu4/primary10a1/m7,10,1,7,10,0,,groth16,11,0,2026-10-05T17:42:01.532Z,12.686,34.679,333.722,13.208,10.891,394.295,394.344,1987127,1241508317856e8cb42cf71f43cafeb13e26a2553d595182aefca30b78a5b754,1,1,1,2331069663988172194036823937050772334301923846801859971199361438858855491288,2331069663988172194036823937050772334301923846801859971199361438858855491288,18.97,399.25,sha256:9024dbc83b8168363c07d710dcc5e55d6831294a3e7970c28108e31b0b0bfcd7,9a7829fe2584259f1dd0dc45cf73c5ce904fce7e61e964fb7958826f156b43be,ok,
V2-PRV-D2-01-run1,S20261005T152152Z,cpu4,064b8946c626,primary,V2-PRV-D2-01-run1/cpu4/primary10a1/m8,10,1,8,10,0,,groth16,6,0,2026-10-05T17:42:01.968Z,0.953,29.61,250.89,12.254,11.75,293.708,293.753,1253795,ea2368c5701f4885dc1bd9120ebd0b3419c495066983d2c215030506b1968bd4,1,1,1,10532757130067282663983599398935360485967103778186217285995762441905303040250,10532757130067282663983599398935360485967103778186217285995762441905303040250,18.4,396.898,sha256:9024dbc83b8168363c07d710dcc5e55d6831294a3e7970c28108e31b0b0bfcd7,9a7829fe2584259f1dd0dc45cf73c5ce904fce7e61e964fb7958826f156b43be,ok,
V2-PRV-D2-01-run1,S20261005T152152Z,cpu4,064b8946c626,primary,V2-PRV-D2-01-run1/cpu4/primary10a1/m9,10,1,9,10,0,,groth16,9,0,2026-10-05T17:42:02.307Z,2.799,32,322.35,10.66,10.632,367.809,367.858,1746223,b211630d00c7c2d0e5309876a16c72ad66909d7301385d4da830c4a8d71e391e,1,1,1,6984258666005320425026512790395532096094174015337867819103339755428425654885,6984258666005320425026512790395532096094174015337867819103339755428425654885,18.148,397.332,sha256:9024dbc83b8168363c07d710dcc5e55d6831294a3e7970c28108e31b0b0bfcd7,9a7829fe2584259f1dd0dc45cf73c5ce904fce7e61e964fb7958826f156b43be,ok,
V2-PRV-D2-01-run1,S20261005T152152Z,cpu4,064b8946c626,primary,V2-PRV-D2-01-run1/cpu4/primary10a1/m10,10,1,10,10,0,,groth16,8,0,2026-10-05T17:42:02.715Z,1.658,30.487,298.647,11.176,10.04,341.967,342.016,1625771,5ed3b83d5f5aad4ca7fa25c79bc0fa86d421d2202a7e7054079f14b9e1c2f4cd,1,1,1,11208238821759301031658742314369964146518915978230190408192556840886074910205,11208238821759301031658742314369964146518915978230190408192556840886074910205,17.761,396.348,sha256:9024dbc83b8168363c07d710dcc5e55d6831294a3e7970c28108e31b0b0bfcd7,9a7829fe2584259f1dd0dc45cf73c5ce904fce7e61e964fb7958826f156b43be,ok,
V2-PRV-D2-01-run1,S20261005T152152Z,cpu4,064b8946c626,primary,V2-PRV-D2-01-run1/cpu4/primary10a1/m11,10,1,11,10,0,,groth16,13,0,2026-10-05T17:42:03.097Z,80.065,44.817,376.874,9.635,9.899,511.391,511.46,2228031,53cbdd1f02a65121d6c7044031c6cfa4c6ce66c0b9712dd28fe86ef4c6512c1b,1,1,1,13018560099362082186863424433928374003133451805803510125393454640522484396813,13018560099362082186863424433928374003133451805803510125393454640522484396813,29.055,434.305,sha256:9024dbc83b8168363c07d710dcc5e55d6831294a3e7970c28108e31b0b0bfcd7,9a7829fe2584259f1dd0dc45cf73c5ce904fce7e61e964fb7958826f156b43be,ok,
V2-PRV-D2-01-run1,S20261005T152152Z,cpu4,33b639a84d10,diag,V2-PRV-D2-01-run1/cpu4/diag1a1/in_process1,1,1,1,101,1,in_process,groth16,5,0,2026-10-05T17:47:45.276Z,0.517,37.483,622.053,13.401,14.249,673.454,673.506,1133343,41c7636150900ee72cf6323930dd506bd0fc015a94a20905cc61c856b4fe919a,1,1,1,20219445350743929204131453627914351950554712481604845279550177385716225267064,20219445350743929204131453627914351950554712481604845279550177385716225267064,17.609,192.219,sha256:9024dbc83b8168363c07d710dcc5e55d6831294a3e7970c28108e31b0b0bfcd7,9a7829fe2584259f1dd0dc45cf73c5ce904fce7e61e964fb7958826f156b43be,ok,
V2-PRV-D2-01-run1,S20261005T152152Z,cpu4,33b639a84d10,diag,V2-PRV-D2-01-run1/cpu4/diag1a1/in_process2,1,1,2,101,1,in_process,plonk,5,0,2026-10-05T17:47:46.007Z,0.715,36.201,22959.92,16.69,11.108,23013.526,23013.596,50790568,8b7d89ef154d0704a4a5fb8df978ea728f0decad61374b1d3a80a026ad357fec,1,1,1,20219445350743929204131453627914351950554712481604845279550177385716225267064,20219445350743929204131453627914351950554712481604845279550177385716225267064,18.35,471,sha256:9024dbc83b8168363c07d710dcc5e55d6831294a3e7970c28108e31b0b0bfcd7,9a7829fe2584259f1dd0dc45cf73c5ce904fce7e61e964fb7958826f156b43be,ok,
V2-PRV-D2-01-run1,S20261005T152152Z,cpu4,951c135940bf,diag,V2-PRV-D2-01-run1/cpu4/diag2a1/in_process1,2,1,1,102,1,in_process,groth16,5,0,2026-10-05T17:57:27.689Z,0.731,36.038,599.312,13.614,13.68,649.694,649.755,1133343,41c7636150900ee72cf6323930dd506bd0fc015a94a20905cc61c856b4fe919a,1,1,1,20219445350743929204131453627914351950554712481604845279550177385716225267064,20219445350743929204131453627914351950554712481604845279550177385716225267064,18.425,233.422,sha256:9024dbc83b8168363c07d710dcc5e55d6831294a3e7970c28108e31b0b0bfcd7,9a7829fe2584259f1dd0dc45cf73c5ce904fce7e61e964fb7958826f156b43be,ok,
V2-PRV-D2-01-run1,S20261005T152152Z,cpu4,951c135940bf,diag,V2-PRV-D2-01-run1/cpu4/diag2a1/in_process2,2,1,2,102,1,in_process,plonk,5,0,2026-10-05T17:57:28.389Z,0.714,37.308,22989.571,16.138,11.172,23043.732,23043.8,50790568,8b7d89ef154d0704a4a5fb8df978ea728f0decad61374b1d3a80a026ad357fec,1,1,1,20219445350743929204131453627914351950554712481604845279550177385716225267064,20219445350743929204131453627914351950554712481604845279550177385716225267064,18.592,473.973,sha256:9024dbc83b8168363c07d710dcc5e55d6831294a3e7970c28108e31b0b0bfcd7,9a7829fe2584259f1dd0dc45cf73c5ce904fce7e61e964fb7958826f156b43be,ok,
V2-PRV-D2-01-run1,S20261005T152152Z,cpu4,a1c227326f92,diag,V2-PRV-D2-01-run1/cpu4/diag3a1/in_process1,3,1,1,103,1,in_process,groth16,5,0,2026-10-05T18:23:07.790Z,0.734,39.561,600.403,13.9,14.125,654.598,654.659,1133343,41c7636150900ee72cf6323930dd506bd0fc015a94a20905cc61c856b4fe919a,1,1,1,20219445350743929204131453627914351950554712481604845279550177385716225267064,20219445350743929204131453627914351950554712481604845279550177385716225267064,19.09,185.016,sha256:9024dbc83b8168363c07d710dcc5e55d6831294a3e7970c28108e31b0b0bfcd7,9a7829fe2584259f1dd0dc45cf73c5ce904fce7e61e964fb7958826f156b43be,ok,
V2-PRV-D2-01-run1,S20261005T152152Z,cpu4,a1c227326f92,diag,V2-PRV-D2-01-run1/cpu4/diag3a1/in_process2,3,1,2,103,1,in_process,plonk,5,0,2026-10-05T18:23:08.501Z,0.71,36.405,22850.979,14.013,11.261,22902.106,22902.182,50790568,8b7d89ef154d0704a4a5fb8df978ea728f0decad61374b1d3a80a026ad357fec,1,1,1,20219445350743929204131453627914351950554712481604845279550177385716225267064,20219445350743929204131453627914351950554712481604845279550177385716225267064,19.108,465.266,sha256:9024dbc83b8168363c07d710dcc5e55d6831294a3e7970c28108e31b0b0bfcd7,9a7829fe2584259f1dd0dc45cf73c5ce904fce7e61e964fb7958826f156b43be,ok,
V2-PRV-D2-01-run1,S20261005T152152Z,cpu4,82919f2db2c7,diag,V2-PRV-D2-01-run1/cpu4/diag4a1/in_process1,4,1,1,104,1,in_process,groth16,5,0,2026-10-05T18:28:08.327Z,0.717,38.182,604.764,14.604,14.451,658.267,658.334,1133343,41c7636150900ee72cf6323930dd506bd0fc015a94a20905cc61c856b4fe919a,1,1,1,20219445350743929204131453627914351950554712481604845279550177385716225267064,20219445350743929204131453627914351950554712481604845279550177385716225267064,18.854,192.875,sha256:9024dbc83b8168363c07d710dcc5e55d6831294a3e7970c28108e31b0b0bfcd7,9a7829fe2584259f1dd0dc45cf73c5ce904fce7e61e964fb7958826f156b43be,ok,
V2-PRV-D2-01-run1,S20261005T152152Z,cpu4,82919f2db2c7,diag,V2-PRV-D2-01-run1/cpu4/diag4a1/in_process2,4,1,2,104,1,in_process,plonk,5,0,2026-10-05T18:28:09.043Z,0.721,38.63,22839.785,13.5,11.361,22892.637,22892.706,50790568,8b7d89ef154d0704a4a5fb8df978ea728f0decad61374b1d3a80a026ad357fec,1,1,1,20219445350743929204131453627914351950554712481604845279550177385716225267064,20219445350743929204131453627914351950554712481604845279550177385716225267064,19.221,472.938,sha256:9024dbc83b8168363c07d710dcc5e55d6831294a3e7970c28108e31b0b0bfcd7,9a7829fe2584259f1dd0dc45cf73c5ce904fce7e61e964fb7958826f156b43be,ok,
V2-PRV-D2-01-run1,S20261005T152152Z,cpu4,7008ff0f719a,diag,V2-PRV-D2-01-run1/cpu4/diag5a1/in_process1,5,1,1,105,1,in_process,groth16,5,0,2026-10-05T18:53:44.965Z,0.734,41.205,612.299,12.784,12.982,667.021,667.086,1133343,41c7636150900ee72cf6323930dd506bd0fc015a94a20905cc61c856b4fe919a,1,1,1,20219445350743929204131453627914351950554712481604845279550177385716225267064,20219445350743929204131453627914351950554712481604845279550177385716225267064,19.52,188.934,sha256:9024dbc83b8168363c07d710dcc5e55d6831294a3e7970c28108e31b0b0bfcd7,9a7829fe2584259f1dd0dc45cf73c5ce904fce7e61e964fb7958826f156b43be,ok,
V2-PRV-D2-01-run1,S20261005T152152Z,cpu4,7008ff0f719a,diag,V2-PRV-D2-01-run1/cpu4/diag5a1/in_process2,5,1,2,105,1,in_process,plonk,5,0,2026-10-05T18:53:45.687Z,0.729,37.246,22827.684,14.37,11.036,22880.029,22880.101,50790568,8b7d89ef154d0704a4a5fb8df978ea728f0decad61374b1d3a80a026ad357fec,1,1,1,20219445350743929204131453627914351950554712481604845279550177385716225267064,20219445350743929204131453627914351950554712481604845279550177385716225267064,19.854,473.578,sha256:9024dbc83b8168363c07d710dcc5e55d6831294a3e7970c28108e31b0b0bfcd7,9a7829fe2584259f1dd0dc45cf73c5ce904fce7e61e964fb7958826f156b43be,ok,
