backend,stage,depth,allocation_from,allocation_to,quantity,r1,r2,r3,r4,r5,median,min,max,boot_median_lo95,boot_median_hi95,bootstrap_seed,precision
groth16,input_ms,5,cpu2,cpu4,within-round time ratio (from / to),1.0179806362378976,1.0328102710413696,1.014265335235378,0.11718871746922238,0.8618988902589395,1.014265335235378,0.11718871746922238,1.0328102710413696,0.11718871746922238,1.0328102710413696,13144563575878781369,COARSE (n = 5)
groth16,input_ms,5,cpu4,cpu8,within-round time ratio (from / to),1.00836820083682,0.9272486772486772,0.9668965517241379,9.089235127478753,1.1248266296809988,1.00836820083682,0.9272486772486772,9.089235127478753,0.9272486772486772,9.089235127478753,13213479662765969483,COARSE (n = 5)
groth16,input_ms,5,cpu2,cpu8,within-round time ratio (from / to),1.0264993026499303,0.9576719576719577,0.9806896551724138,1.0651558073654392,0.9694868238557559,0.9806896551724138,0.9576719576719577,1.0651558073654392,0.9576719576719577,1.0651558073654392,16889707432057546558,COARSE (n = 5)
groth16,input_ms,6,cpu2,cpu4,within-round time ratio (from / to),1.0112219451371571,1.0124688279301746,0.9550425273390037,3.492647058823529,0.9662921348314606,1.0112219451371571,0.9550425273390037,3.492647058823529,0.9550425273390037,3.492647058823529,4061806733713105982,COARSE (n = 5)
groth16,input_ms,6,cpu4,cpu8,within-round time ratio (from / to),0.9840490797546013,0.9627851140456184,0.9682352941176471,0.6791510611735331,0.9937965260545906,0.9682352941176471,0.6791510611735331,0.9937965260545906,0.6791510611735331,0.9937965260545906,17754987084358054220,COARSE (n = 5)
groth16,input_ms,6,cpu2,cpu8,within-round time ratio (from / to),0.9950920245398774,0.9747899159663866,0.9247058823529413,2.372034956304619,0.9602977667493796,0.9747899159663866,0.9247058823529413,2.372034956304619,0.9247058823529413,2.372034956304619,11311297560737648581,COARSE (n = 5)
groth16,input_ms,7,cpu2,cpu4,within-round time ratio (from / to),0.20141474311243487,0.8543342269883825,0.875,1.1663286004056794,0.9538763493621197,0.875,0.20141474311243487,1.1663286004056794,0.20141474311243487,1.1663286004056794,5802406233271271598,COARSE (n = 5)
groth16,input_ms,7,cpu4,cpu8,within-round time ratio (from / to),4.720562390158173,1.1002949852507375,0.709101725163593,0.745839636913767,1.004930966469428,1.004930966469428,0.709101725163593,4.720562390158173,0.709101725163593,4.720562390158173,9458170188398612614,COARSE (n = 5)
groth16,input_ms,7,cpu2,cpu8,within-round time ratio (from / to),0.9507908611599298,0.9400196656833826,0.620464009518144,0.8698940998487139,0.9585798816568047,0.9400196656833826,0.620464009518144,0.9585798816568047,0.620464009518144,0.9585798816568047,11338817336748645137,COARSE (n = 5)
groth16,input_ms,8,cpu2,cpu4,within-round time ratio (from / to),0.8576642335766423,0.9278406031233173,1.1548295454545454,0.9630931458699472,1.0327153762268264,0.9630931458699472,0.8576642335766423,1.1548295454545454,0.8576642335766423,1.1548295454545454,1735255492152099335,COARSE (n = 5)
groth16,input_ms,8,cpu4,cpu8,within-round time ratio (from / to),0.9168990518683771,1.0356943669827106,0.9798190675017396,0.9782234957020057,0.9587036069001569,0.9782234957020057,0.9168990518683771,1.0356943669827106,0.9168990518683771,1.0356943669827106,5176437983427680928,COARSE (n = 5)
groth16,input_ms,8,cpu2,cpu8,within-round time ratio (from / to),0.7863915225878416,0.9609592861126605,1.1315240083507305,0.9421203438395415,0.990067956089911,0.9609592861126605,0.7863915225878416,1.1315240083507305,0.7863915225878416,1.1315240083507305,449471255463709134,COARSE (n = 5)
groth16,input_ms,9,cpu2,cpu4,within-round time ratio (from / to),0.9594313453536755,4.7545114061968,0.92298937784522,0.6908995815899581,1.0029752066115702,0.9594313453536755,0.6908995815899581,4.7545114061968,0.6908995815899581,4.7545114061968,4241470397244070720,COARSE (n = 5)
groth16,input_ms,9,cpu4,cpu8,within-round time ratio (from / to),1.0034794711203896,1.0176715176715176,0.9846843481509152,1.1071221771858712,0.9470882905447714,1.0034794711203896,0.9470882905447714,1.1071221771858712,0.9470882905447714,1.1071221771858712,965129376535935758,COARSE (n = 5)
groth16,input_ms,9,cpu2,cpu8,within-round time ratio (from / to),0.9627696590118301,4.838530838530838,0.9088531938737392,0.764910248986682,0.949906073888541,0.949906073888541,0.764910248986682,4.838530838530838,0.764910248986682,4.838530838530838,9352817255826340119,COARSE (n = 5)
groth16,input_ms,10,cpu2,cpu4,within-round time ratio (from / to),1.0383492310687172,0.9686959861724601,0.9511363636363637,1.0408568028560097,0.9490978157644825,0.9686959861724601,0.9490978157644825,1.0408568028560097,0.9490978157644825,1.0408568028560097,11853027366835551485,COARSE (n = 5)
groth16,input_ms,10,cpu4,cpu8,within-round time ratio (from / to),1.013214990138067,1.0551165146909829,1.0306461057973844,1.0041824337781318,0.9835606202129646,1.013214990138067,0.9835606202129646,1.0551165146909829,0.9835606202129646,1.0551165146909829,9550367897560340714,COARSE (n = 5)
groth16,input_ms,10,cpu2,cpu8,within-round time ratio (from / to),1.0520710059171596,1.0220871327254306,0.9802849892641031,1.045210117506473,0.9334952363160844,1.0220871327254306,0.9334952363160844,1.0520710059171596,0.9334952363160844,1.0520710059171596,13566448963678693592,COARSE (n = 5)
groth16,input_ms,11,cpu2,cpu4,within-round time ratio (from / to),1.0655724251128436,0.9905542544886807,0.9896616541353382,1.0360638458063545,1.0227616394747314,1.0227616394747314,0.9896616541353382,1.0655724251128436,0.9896616541353382,1.0655724251128436,8597283994107634666,COARSE (n = 5)
groth16,input_ms,11,cpu4,cpu8,within-round time ratio (from / to),0.9968095549738221,1.0422260190383208,1.0216034565530485,1.021613722021383,0.9835616438356164,1.0216034565530485,0.9835616438356164,1.0422260190383208,0.9835616438356164,1.0422260190383208,5743714179671555421,COARSE (n = 5)
groth16,input_ms,11,cpu2,cpu8,within-round time ratio (from / to),1.0621727748691099,1.0323814172972092,1.0110417666826692,1.058457041766018,1.0059491193737768,1.0323814172972092,1.0059491193737768,1.0621727748691099,1.0059491193737768,1.0621727748691099,8463270579050675208,COARSE (n = 5)
groth16,input_ms,12,cpu2,cpu4,within-round time ratio (from / to),1.1050485773768215,0.6742405790041407,0.9429286367354796,1.0901551399159055,0.9379114806093517,0.9429286367354796,0.6742405790041407,1.1050485773768215,0.6742405790041407,1.1050485773768215,4015653201039328759,COARSE (n = 5)
groth16,input_ms,12,cpu4,cpu8,within-round time ratio (from / to),1.0107256626822925,1.4711543383670336,1.0818366390754333,1.00507125994579,1.0840843969783798,1.0818366390754333,1.00507125994579,1.4711543383670336,1.00507125994579,1.4711543383670336,16248293412186817494,COARSE (n = 5)
groth16,input_ms,12,cpu2,cpu8,within-round time ratio (from / to),1.1169009556653127,0.9919119529050422,1.0200947472538913,1.095683600011658,1.0167752018754883,1.0200947472538913,0.9919119529050422,1.1169009556653127,0.9919119529050422,1.1169009556653127,13061855544315181476,COARSE (n = 5)
groth16,input_ms,13,cpu2,cpu4,within-round time ratio (from / to),1.1196102929448668,1.1244094914520082,1.170095351192763,1.1218916672438874,1.0452112381847616,1.1218916672438874,1.0452112381847616,1.170095351192763,1.0452112381847616,1.170095351192763,1355121086816606006,COARSE (n = 5)
groth16,input_ms,13,cpu4,cpu8,within-round time ratio (from / to),1.001317593196428,0.9741294057147377,1.0563385478158205,1.024245756549192,1.0082400947742531,1.0082400947742531,0.9741294057147377,1.0563385478158205,0.9741294057147377,1.0563385478158205,14145900181392258005,COARSE (n = 5)
groth16,input_ms,13,cpu2,cpu8,within-round time ratio (from / to),1.1210854838495015,1.0953203496881552,1.2360168240850058,1.14909277948245,1.0538238778465183,1.1210854838495015,1.0538238778465183,1.2360168240850058,1.0538238778465183,1.2360168240850058,2508794957911645190,COARSE (n = 5)
groth16,input_ms,14,cpu2,cpu4,within-round time ratio (from / to),1.061469086367143,1.0909594917611132,1.049893600060998,1.0949964380925803,0.9762171120778953,1.061469086367143,0.9762171120778953,1.0949964380925803,0.9762171120778953,1.0949964380925803,5139245458075214533,COARSE (n = 5)
groth16,input_ms,14,cpu4,cpu8,within-round time ratio (from / to),0.9433720325766765,0.9737074992477742,1.0386393088552914,0.9256366330845265,1.0064301441152923,0.9737074992477742,0.9256366330845265,1.0386393088552914,0.9256366330845265,1.0386393088552914,15575834660808982200,COARSE (n = 5)
groth16,input_ms,14,cpu2,cpu8,within-round time ratio (from / to),1.0013602495234795,1.0622754385033362,1.090460763138949,1.013568816195565,0.9824943287963706,1.013568816195565,0.9824943287963706,1.090460763138949,0.9824943287963706,1.090460763138949,1660679198804037527,COARSE (n = 5)
groth16,input_ms,15,cpu2,cpu4,within-round time ratio (from / to),1.2071626733921814,1.0900579652208675,1.0956655590666557,1.072918585461394,1.053011387961298,1.0900579652208675,1.053011387961298,1.2071626733921814,1.053011387961298,1.2071626733921814,14595888039153865226,COARSE (n = 5)
groth16,input_ms,15,cpu4,cpu8,within-round time ratio (from / to),0.9369399173304347,0.8882662916879723,0.9443530098295124,0.9514525255560087,1.021538106284047,0.9443530098295124,0.8882662916879723,1.021538106284047,0.8882662916879723,1.021538106284047,13878782611318249737,COARSE (n = 5)
groth16,input_ms,15,cpu2,cpu8,within-round time ratio (from / to),1.131038895412457,0.9682617464916766,1.0346950684711318,1.0208310978532238,1.0756912591535202,1.0346950684711318,0.9682617464916766,1.131038895412457,0.9682617464916766,1.131038895412457,18220946295652866815,COARSE (n = 5)
groth16,witness_ms,5,cpu2,cpu4,within-round time ratio (from / to),1.2889081831994789,1.1195234145237916,1.4424655950040477,1.7699666618350487,1.0744670926815616,1.2889081831994789,1.0744670926815616,1.7699666618350487,1.0744670926815616,1.7699666618350487,8046938734717219780,COARSE (n = 5)
groth16,witness_ms,5,cpu4,cpu8,within-round time ratio (from / to),1.3414864963237971,1.4052135212461587,1.2240073607473991,1.1415381560659208,1.4969278033794164,1.3414864963237971,1.1415381560659208,1.4969278033794164,1.1415381560659208,1.4969278033794164,1875742592169073395,COARSE (n = 5)
groth16,witness_ms,5,cpu2,cpu8,within-round time ratio (from / to),1.7290529227633398,1.5731694394405,1.765588505909831,2.0204844794493346,1.6083996648512777,1.7290529227633398,1.5731694394405,2.0204844794493346,1.5731694394405,2.0204844794493346,18345275695270687418,COARSE (n = 5)
groth16,witness_ms,6,cpu2,cpu4,within-round time ratio (from / to),1.4441304489053466,1.3252108153527593,1.837574478649454,1.391264177392634,1.9246869802617128,1.4441304489053466,1.3252108153527593,1.9246869802617128,1.3252108153527593,1.9246869802617128,13350384325248213774,COARSE (n = 5)
groth16,witness_ms,6,cpu4,cpu8,within-round time ratio (from / to),1.1230438113303907,1.116124062165059,1.103448275862069,1.1088815092206599,1.0765514678558157,1.1088815092206599,1.0765514678558157,1.1230438113303907,1.0765514678558157,1.1230438113303907,819419268932531601,COARSE (n = 5)
groth16,witness_ms,6,cpu2,cpu8,within-round time ratio (from / to),1.6218217633969285,1.4790996784565915,2.02766839023388,1.542747120751784,2.0720245937637243,1.6218217633969285,1.4790996784565915,2.0720245937637243,1.4790996784565915,2.0720245937637243,3459555271079958650,COARSE (n = 5)
groth16,witness_ms,7,cpu2,cpu4,within-round time ratio (from / to),1.303954029278971,1.7100770925110131,1.449140062793476,1.8915175323730538,1.3923408785298073,1.449140062793476,1.303954029278971,1.8915175323730538,1.303954029278971,1.8915175323730538,14944464664128263247,COARSE (n = 5)
groth16,witness_ms,7,cpu4,cpu8,within-round time ratio (from / to),1.2062250387827178,1.0998977930877845,1.2391034910142533,1.0842404164694748,1.1625468164794008,1.1625468164794008,1.0842404164694748,1.2391034910142533,1.0842404164694748,1.2391034910142533,16797025817622477549,COARSE (n = 5)
groth16,witness_ms,7,cpu2,cpu8,within-round time ratio (from / to),1.572861999537908,1.8809100200628384,1.7956345107760106,2.050859757059473,1.6186614557889596,1.7956345107760106,1.572861999537908,2.050859757059473,1.572861999537908,2.050859757059473,475828507265473692,COARSE (n = 5)
groth16,witness_ms,8,cpu2,cpu4,within-round time ratio (from / to),1.4315482182403865,1.3103716833172199,1.566046389726117,1.4313778620783093,1.4429908682334756,1.4315482182403865,1.3103716833172199,1.566046389726117,1.3103716833172199,1.566046389726117,5417481224254650411,COARSE (n = 5)
groth16,witness_ms,8,cpu4,cpu8,within-round time ratio (from / to),1.1135522923439076,1.1981851530070469,1.1461830197889677,1.1665507649513214,1.072617293048391,1.1461830197889677,1.072617293048391,1.1981851530070469,1.072617293048391,1.1981851530070469,12068157524856343721,COARSE (n = 5)
groth16,witness_ms,8,cpu2,cpu8,within-round time ratio (from / to),1.5941038000224188,1.5700678958715448,1.7949757801058916,1.6697749399418385,1.5477769589781383,1.5941038000224188,1.5477769589781383,1.7949757801058916,1.5477769589781383,1.7949757801058916,15379888253920074011,COARSE (n = 5)
groth16,witness_ms,9,cpu2,cpu4,within-round time ratio (from / to),1.1321979532610358,1.3938601321585904,1.5982416879795396,1.3409159750408917,1.4374246713568966,1.3938601321585904,1.1321979532610358,1.5982416879795396,1.1321979532610358,1.5982416879795396,12550506496077338518,COARSE (n = 5)
groth16,witness_ms,9,cpu4,cpu8,within-round time ratio (from / to),1.3017629904559915,1.2072862651243186,1.1362150381402107,1.0608952729843506,1.0889750320493254,1.1362150381402107,1.0608952729843506,1.3017629904559915,1.0608952729843506,1.3017629904559915,16027176958307930664,COARSE (n = 5)
groth16,witness_ms,9,cpu2,cpu8,within-round time ratio (from / to),1.4738533934252387,1.6827881930594335,1.8159462404649473,1.4225714193900831,1.5653195775593676,1.5653195775593676,1.4225714193900831,1.8159462404649473,1.4225714193900831,1.8159462404649473,13590441845152601827,COARSE (n = 5)
groth16,witness_ms,10,cpu2,cpu4,within-round time ratio (from / to),1.5971174069033773,1.8676039036374803,1.5174904450346571,1.361555938791711,1.483708463848613,1.5174904450346571,1.361555938791711,1.8676039036374803,1.361555938791711,1.8676039036374803,16362052296142075193,COARSE (n = 5)
groth16,witness_ms,10,cpu4,cpu8,within-round time ratio (from / to),1.1528203665406833,1.0195873777963331,1.0688222668420688,1.1330603889457522,1.0438549180880468,1.0688222668420688,1.0195873777963331,1.1528203665406833,1.0195873777963331,1.1528203665406833,14561414939582981374,COARSE (n = 5)
groth16,witness_ms,10,cpu2,cpu8,within-round time ratio (from / to),1.841189474434857,1.9041853668719342,1.6219275773731219,1.542725101578735,1.5487763769972358,1.6219275773731219,1.542725101578735,1.9041853668719342,1.542725101578735,1.9041853668719342,11415261367114050616,COARSE (n = 5)
groth16,witness_ms,11,cpu2,cpu4,within-round time ratio (from / to),2.100786275911365,1.5107275477926008,1.5752811258501112,1.89060773480663,2.009192023974182,1.89060773480663,1.5107275477926008,2.100786275911365,1.5107275477926008,2.100786275911365,15435707986262207049,COARSE (n = 5)
groth16,witness_ms,11,cpu4,cpu8,within-round time ratio (from / to),1.0015033287994846,1.0221769233472744,1.0391127903722364,1.002315747080145,1.174972914409534,1.0221769233472744,1.0015033287994846,1.174972914409534,1.0015033287994846,1.174972914409534,2351639217190527869,COARSE (n = 5)
groth16,witness_ms,11,cpu2,cpu8,within-round time ratio (from / to),2.103944448421505,1.5442308368186133,1.6368947663028268,1.8949859041482078,2.3607462080173347,1.8949859041482078,1.5442308368186133,2.3607462080173347,1.5442308368186133,2.3607462080173347,2249559970623569477,COARSE (n = 5)
groth16,witness_ms,12,cpu2,cpu4,within-round time ratio (from / to),1.5859781401601494,1.3425187333816775,1.2983978813226003,1.1439782674313312,1.2462896403335044,1.2983978813226003,1.1439782674313312,1.5859781401601494,1.1439782674313312,1.5859781401601494,9072628149942208677,COARSE (n = 5)
groth16,witness_ms,12,cpu4,cpu8,within-round time ratio (from / to),1.0081018177532926,1.1258844874508618,1.1001903992614817,1.2361610831267822,1.194445255687626,1.1258844874508618,1.0081018177532926,1.2361610831267822,1.0081018177532926,1.2361610831267822,34863005620095820,COARSE (n = 5)
groth16,witness_ms,12,cpu2,cpu8,within-round time ratio (from / to),1.5988274460124328,1.5115210160266102,1.4284848834525734,1.4141414141414141,1.4886247481089923,1.4886247481089923,1.4141414141414141,1.5988274460124328,1.4141414141414141,1.5988274460124328,9545409695627640902,COARSE (n = 5)
groth16,witness_ms,13,cpu2,cpu4,within-round time ratio (from / to),1.3730344428510328,1.4166741836550603,1.5143815111962637,1.3378512631280157,1.3994714466275997,1.3994714466275997,1.3378512631280157,1.5143815111962637,1.3378512631280157,1.5143815111962637,17128349293370057944,COARSE (n = 5)
groth16,witness_ms,13,cpu4,cpu8,within-round time ratio (from / to),1.0723593686766493,1.178484107579462,1.1065030739877042,1.1325546506643807,1.1077874799521397,1.1077874799521397,1.0723593686766493,1.178484107579462,1.0723593686766493,1.178484107579462,5713181853444046879,COARSE (n = 5)
groth16,witness_ms,13,cpu2,cpu8,within-round time ratio (from / to),1.4723863483070283,1.6695280110555968,1.6756677973288108,1.5151896699528502,1.5503169471245641,1.5503169471245641,1.4723863483070283,1.6756677973288108,1.4723863483070283,1.6756677973288108,12059926502654782878,COARSE (n = 5)
groth16,witness_ms,14,cpu2,cpu4,within-round time ratio (from / to),1.5444974034288965,1.2935384908083427,1.313405380547252,1.2806307850531367,1.2784654296394118,1.2935384908083427,1.2784654296394118,1.5444974034288965,1.2784654296394118,1.5444974034288965,12205575109148979325,COARSE (n = 5)
groth16,witness_ms,14,cpu4,cpu8,within-round time ratio (from / to),1.060105580693816,1.0610663907744329,1.0878755284288468,1.0728998087391497,1.1092710298937332,1.0728998087391497,1.060105580693816,1.1092710298937332,1.060105580693816,1.1092710298937332,14427654460511437891,COARSE (n = 5)
groth16,witness_ms,14,cpu2,cpu8,within-round time ratio (from / to),1.6373303167420812,1.372530217769815,1.4288215724041324,1.3739885243489776,1.4181646638196443,1.4181646638196443,1.372530217769815,1.6373303167420812,1.372530217769815,1.6373303167420812,14520273319893222219,COARSE (n = 5)
groth16,witness_ms,15,cpu2,cpu4,within-round time ratio (from / to),1.3311636243573415,1.2798840188270808,1.2836178496555855,1.2410647085819182,1.5319430893124992,1.2836178496555855,1.2410647085819182,1.5319430893124992,1.2410647085819182,1.5319430893124992,9149579761588122349,COARSE (n = 5)
groth16,witness_ms,15,cpu4,cpu8,within-round time ratio (from / to),1.0489659267077878,1.034877507398882,0.8980785717887941,0.9943415168385508,1.0743464180108577,1.034877507398882,0.8980785717887941,1.0743464180108577,0.8980785717887941,1.0743464180108577,10346431693233498996,COARSE (n = 5)
groth16,witness_ms,15,cpu2,cpu8,within-round time ratio (from / to),1.3963452848236961,1.324523183163433,1.1527896851412913,1.2340421648261386,1.645837570599371,1.324523183163433,1.1527896851412913,1.645837570599371,1.1527896851412913,1.645837570599371,12490242469536558994,COARSE (n = 5)
groth16,prove_ms,5,cpu2,cpu4,within-round time ratio (from / to),1.687767710419267,1.8545210582533698,1.6206543031323803,1.608153975860457,1.740307033515705,1.687767710419267,1.608153975860457,1.8545210582533698,1.608153975860457,1.8545210582533698,7521547652727480393,COARSE (n = 5)
groth16,prove_ms,5,cpu4,cpu8,within-round time ratio (from / to),1.5418835844040761,1.3932588415440341,1.4523241360515275,1.5484449194388454,1.5505809839991294,1.5418835844040761,1.3932588415440341,1.5505809839991294,1.3932588415440341,1.5505809839991294,16311444175550705140,COARSE (n = 5)
groth16,prove_ms,5,cpu2,cpu8,within-round time ratio (from / to),2.6023413269827205,2.5838278612411063,2.353715360634925,2.4901378535965044,2.6984869924893875,2.5838278612411063,2.353715360634925,2.6984869924893875,2.353715360634925,2.6984869924893875,14715494683355949241,COARSE (n = 5)
groth16,prove_ms,6,cpu2,cpu4,within-round time ratio (from / to),1.8001824012238532,1.838253770190943,1.7985341527302037,1.6803062484966835,1.8313690404500955,1.8001824012238532,1.6803062484966835,1.838253770190943,1.6803062484966835,1.838253770190943,12412530511986109869,COARSE (n = 5)
groth16,prove_ms,6,cpu4,cpu8,within-round time ratio (from / to),1.5612356712138213,1.4893001513496944,1.4587226746678097,1.604016400410664,1.4474613205491391,1.4893001513496944,1.4474613205491391,1.604016400410664,1.4474613205491391,1.604016400410664,6058737275218928396,COARSE (n = 5)
groth16,prove_ms,6,cpu2,cpu8,within-round time ratio (from / to),2.810508979482031,2.737711618164518,2.6235625497520054,2.6952387803011972,2.6508358497027054,2.6952387803011972,2.6235625497520054,2.810508979482031,2.6235625497520054,2.810508979482031,17472340065078907839,COARSE (n = 5)
groth16,prove_ms,7,cpu2,cpu4,within-round time ratio (from / to),1.7033113781942464,1.5619288318150115,1.6441073956256373,1.691697369024506,1.7597498384214731,1.691697369024506,1.5619288318150115,1.7597498384214731,1.5619288318150115,1.7597498384214731,8339065257691175694,COARSE (n = 5)
groth16,prove_ms,7,cpu4,cpu8,within-round time ratio (from / to),1.4789774375683458,1.652005036347223,1.543916954041558,1.5435057044089713,1.6094450801265379,1.543916954041558,1.4789774375683458,1.652005036347223,1.4789774375683458,1.652005036347223,11404915091322484061,COARSE (n = 5)
groth16,prove_ms,7,cpu2,cpu8,within-round time ratio (from / to),2.519159097502734,2.5803142965743335,2.538365282371533,2.6111445392229733,2.83222071970091,2.5803142965743335,2.519159097502734,2.83222071970091,2.519159097502734,2.83222071970091,2923517024693350355,COARSE (n = 5)
groth16,prove_ms,8,cpu2,cpu4,within-round time ratio (from / to),1.724678051083807,1.6552066306678583,1.77140520527508,1.6799650043744532,1.5857162596062742,1.6799650043744532,1.5857162596062742,1.77140520527508,1.5857162596062742,1.77140520527508,5303111065763273745,COARSE (n = 5)
groth16,prove_ms,8,cpu4,cpu8,within-round time ratio (from / to),1.5316285119667015,1.5218475096062847,1.4809435731117135,1.5180833673886394,1.6219238896121915,1.5218475096062847,1.4809435731117135,1.6219238896121915,1.4809435731117135,1.6219238896121915,10671535576146562261,COARSE (n = 5)
groth16,prove_ms,8,cpu2,cpu8,within-round time ratio (from / to),2.6415660770031217,2.5189720887656897,2.6233511541287657,2.55032693093584,2.5719110836019037,2.5719110836019037,2.5189720887656897,2.6415660770031217,2.5189720887656897,2.6415660770031217,16723093040470231038,COARSE (n = 5)
groth16,prove_ms,9,cpu2,cpu4,within-round time ratio (from / to),1.7023561499786402,1.9632142234388004,1.6257240036477458,1.7140492335563877,1.6117907029358987,1.7023561499786402,1.6117907029358987,1.9632142234388004,1.6117907029358987,1.9632142234388004,12941436977708962311,COARSE (n = 5)
groth16,prove_ms,9,cpu4,cpu8,within-round time ratio (from / to),1.587171610224742,1.4952086264401176,1.5508222725491883,1.5734280824839533,1.5961938024378661,1.5734280824839533,1.4952086264401176,1.5961938024378661,1.4952086264401176,1.5961938024378661,16793772529698533990,COARSE (n = 5)
groth16,prove_ms,9,cpu2,cpu8,within-round time ratio (from / to),2.7019313517375907,2.935414842435631,2.521208993874762,2.696933198837717,2.572730330853253,2.696933198837717,2.521208993874762,2.935414842435631,2.521208993874762,2.935414842435631,12930764509183749476,COARSE (n = 5)
groth16,prove_ms,10,cpu2,cpu4,within-round time ratio (from / to),1.6848250676776424,1.6552917812961174,1.6920919476379093,1.8670926134233221,1.8722363298833378,1.6920919476379093,1.6552917812961174,1.8722363298833378,1.6552917812961174,1.8722363298833378,16231790920385724262,COARSE (n = 5)
groth16,prove_ms,10,cpu4,cpu8,within-round time ratio (from / to),1.5494353397110778,1.6346930873929058,1.584250853748362,1.6124390574214518,1.504214355425428,1.584250853748362,1.504214355425428,1.6346930873929058,1.504214355425428,1.6346930873929058,10102133081025025690,COARSE (n = 5)
groth16,prove_ms,10,cpu2,cpu8,within-round time ratio (from / to),2.6105275010908477,2.705894032503053,2.6806981126660863,3.0105730537068562,2.8162447641595336,2.705894032503053,2.6105275010908477,3.0105730537068562,2.6105275010908477,3.0105730537068562,12911829255793172098,COARSE (n = 5)
groth16,prove_ms,11,cpu2,cpu4,within-round time ratio (from / to),1.666599584280872,1.8433015422924104,1.6325558817410601,1.7036800730512354,1.7366586452889832,1.7036800730512354,1.6325558817410601,1.8433015422924104,1.6325558817410601,1.8433015422924104,14128290819227944348,COARSE (n = 5)
groth16,prove_ms,11,cpu4,cpu8,within-round time ratio (from / to),1.58568452340249,1.5649454165773258,1.575655483571367,1.5222222222222221,1.5728708941953227,1.5728708941953227,1.5222222222222221,1.58568452340249,1.5222222222222221,1.58568452340249,16469283633510737016,COARSE (n = 5)
groth16,prove_ms,11,cpu2,cpu8,within-round time ratio (from / to),2.6427011675032026,2.884666299980423,2.5723456273019893,2.5933796667557694,2.7315398363277206,2.6427011675032026,2.5723456273019893,2.884666299980423,2.5723456273019893,2.884666299980423,17645805379649290194,COARSE (n = 5)
groth16,prove_ms,12,cpu2,cpu4,within-round time ratio (from / to),1.6900018449320817,1.672319352530853,1.6676374783375476,1.6538350482261548,1.7532644625756226,1.672319352530853,1.6538350482261548,1.7532644625756226,1.6538350482261548,1.7532644625756226,18121876208194840984,COARSE (n = 5)
groth16,prove_ms,12,cpu4,cpu8,within-round time ratio (from / to),1.5444288508973378,1.5889588532554155,1.548664331778177,1.521439584345365,1.5708661767980405,1.548664331778177,1.521439584345365,1.5889588532554155,1.521439584345365,1.5889588532554155,9280700217080116067,COARSE (n = 5)
groth16,prove_ms,12,cpu2,cpu8,within-round time ratio (from / to),2.610087607382836,2.657246640674263,2.5826106810378624,2.5162101083489974,2.7541438432420393,2.610087607382836,2.5162101083489974,2.7541438432420393,2.5162101083489974,2.7541438432420393,7710415606842006386,COARSE (n = 5)
groth16,prove_ms,13,cpu2,cpu4,within-round time ratio (from / to),1.6727966925561608,1.748595162472514,1.7955477815072198,1.7289063024138902,1.7072386276177745,1.7289063024138902,1.6727966925561608,1.7955477815072198,1.6727966925561608,1.7955477815072198,542312355127500261,COARSE (n = 5)
groth16,prove_ms,13,cpu4,cpu8,within-round time ratio (from / to),1.5591974443394074,1.5448068205169068,1.6175109921621105,1.5558028165485798,1.5268294493097818,1.5558028165485798,1.5268294493097818,1.6175109921621105,1.5268294493097818,1.6175109921621105,3263289873231946465,COARSE (n = 5)
groth16,prove_ms,13,cpu2,cpu8,within-round time ratio (from / to),2.608220327932979,2.7012417333104084,2.9043182735402198,2.689837294844121,2.6066622136460342,2.689837294844121,2.6066622136460342,2.9043182735402198,2.6066622136460342,2.9043182735402198,14781484102338488578,COARSE (n = 5)
groth16,prove_ms,14,cpu2,cpu4,within-round time ratio (from / to),1.6827603633522674,1.7133634983189039,1.6950489061241294,1.6611588965929036,1.6771325466805636,1.6827603633522674,1.6611588965929036,1.7133634983189039,1.6611588965929036,1.7133634983189039,12075738903340328521,COARSE (n = 5)
groth16,prove_ms,14,cpu4,cpu8,within-round time ratio (from / to),1.564587182611081,1.5208606756888328,1.5426946161777333,1.5834233294346343,1.6594382816839768,1.564587182611081,1.5208606756888328,1.6594382816839768,1.5208606756888328,1.6594382816839768,10259329209580054488,COARSE (n = 5)
groth16,prove_ms,14,cpu2,cpu8,within-round time ratio (from / to),2.6328252959069234,2.60578716775387,2.6149428216356503,2.6303177507630986,2.7830979514198666,2.6303177507630986,2.60578716775387,2.7830979514198666,2.60578716775387,2.7830979514198666,4533779461185147438,COARSE (n = 5)
groth16,prove_ms,15,cpu2,cpu4,within-round time ratio (from / to),1.733131399382072,1.7104450448755912,1.6645633294373512,1.6611446157517662,1.6596484564787939,1.6645633294373512,1.6596484564787939,1.733131399382072,1.6596484564787939,1.733131399382072,2606841599538958335,COARSE (n = 5)
groth16,prove_ms,15,cpu4,cpu8,within-round time ratio (from / to),1.5720560610332928,1.5681953163926259,1.5492810317690744,1.662235592120759,1.5983105098428765,1.5720560610332928,1.5492810317690744,1.662235592120759,1.5492810317690744,1.662235592120759,17934269359554905497,COARSE (n = 5)
groth16,prove_ms,15,cpu2,cpu8,within-round time ratio (from / to),2.724579720965699,2.6823119083208766,2.578876392475665,2.7612137039623477,2.652633570634564,2.6823119083208766,2.578876392475665,2.7612137039623477,2.578876392475665,2.7612137039623477,12026973317786705248,COARSE (n = 5)
groth16,verify_first_ms,5,cpu2,cpu4,within-round time ratio (from / to),1.6047189819724281,1.4692626214365345,1.585057641146911,1.888842803815844,1.397503413302126,1.585057641146911,1.397503413302126,1.888842803815844,1.397503413302126,1.888842803815844,5855247757638750695,COARSE (n = 5)
groth16,verify_first_ms,5,cpu4,cpu8,within-round time ratio (from / to),1.162523114855147,1.1408066860465118,1.2756410256410255,1.1110599078341015,1.4498067678386275,1.162523114855147,1.1110599078341015,1.4498067678386275,1.1110599078341015,1.4498067678386275,10688975203163975324,COARSE (n = 5)
groth16,verify_first_ms,5,cpu2,cpu8,within-round time ratio (from / to),1.8655229093897676,1.6761446220930234,2.0219645550527905,2.0986175115207373,2.026109906683005,2.0219645550527905,1.6761446220930234,2.0986175115207373,1.6761446220930234,2.0986175115207373,8441114305532274240,COARSE (n = 5)
groth16,verify_first_ms,6,cpu2,cpu4,within-round time ratio (from / to),1.6098754768588497,1.8679944418712366,1.577292012543811,1.8815752461322084,1.6768054227861304,1.6768054227861304,1.577292012543811,1.8815752461322084,1.577292012543811,1.8815752461322084,6852129684663111922,COARSE (n = 5)
groth16,verify_first_ms,6,cpu4,cpu8,within-round time ratio (from / to),1.3029166275907345,0.9784283513097073,1.0114749510215506,1.023610711200691,1.1947876648323124,1.023610711200691,0.9784283513097073,1.3029166275907345,0.9784283513097073,1.3029166275907345,7073862830569979450,COARSE (n = 5)
groth16,verify_first_ms,6,cpu2,cpu8,within-round time ratio (from / to),2.0975335271499578,1.8276987220157708,1.5953913611344341,1.9260005758710048,2.003426435468799,1.9260005758710048,1.5953913611344341,2.0975335271499578,1.5953913611344341,2.0975335271499578,2778316633269480565,COARSE (n = 5)
groth16,verify_first_ms,7,cpu2,cpu4,within-round time ratio (from / to),2.449096689152516,1.603715917316818,1.6386281905096043,1.4490667865977065,1.8885544554455445,1.6386281905096043,1.4490667865977065,2.449096689152516,1.4490667865977065,2.449096689152516,6651478650872514204,COARSE (n = 5)
groth16,verify_first_ms,7,cpu4,cpu8,within-round time ratio (from / to),1.1819098240469208,1.1901024217478702,1.037775350446022,1.2590600226500566,1.1040664626147791,1.1819098240469208,1.037775350446022,1.2590600226500566,1.037775350446022,1.2590600226500566,15797962413482720402,COARSE (n = 5)
groth16,verify_first_ms,7,cpu2,cpu8,within-round time ratio (from / to),2.894611436950146,1.9085861969943525,1.7005279446568358,1.824462061155153,2.0850896370791427,1.9085861969943525,1.7005279446568358,2.894611436950146,1.7005279446568358,2.894611436950146,5373677954539781873,COARSE (n = 5)
groth16,verify_first_ms,8,cpu2,cpu4,within-round time ratio (from / to),1.6279613215149074,2.1479965098328746,2.1658031088082903,2.0946270310192023,1.6346905113291084,2.0946270310192023,1.6279613215149074,2.1658031088082903,1.6279613215149074,2.1658031088082903,11282725186315725534,COARSE (n = 5)
groth16,verify_first_ms,8,cpu4,cpu8,within-round time ratio (from / to),1.0501819412710502,1.4823400656651078,1.0270749696573616,1.1245847176079735,1.098093422306959,1.098093422306959,1.0270749696573616,1.4823400656651078,1.0270749696573616,1.4823400656651078,7660531664110621093,COARSE (n = 5)
groth16,verify_first_ms,8,cpu2,cpu8,within-round time ratio (from / to),1.7096555809427096,3.184061287434086,2.224442162263094,2.3555855481727574,1.7950428979980932,2.224442162263094,1.7096555809427096,3.184061287434086,1.7096555809427096,3.184061287434086,1764379673413623731,COARSE (n = 5)
groth16,verify_first_ms,9,cpu2,cpu4,within-round time ratio (from / to),1.6519135398147282,1.7069443203145946,1.7801852175432467,1.8719430485762143,1.927440513887632,1.7801852175432467,1.6519135398147282,1.927440513887632,1.6519135398147282,1.927440513887632,16225462953763847363,COARSE (n = 5)
groth16,verify_first_ms,9,cpu4,cpu8,within-round time ratio (from / to),1.109991690901537,1.1513685943609797,1.1671255225859078,1.2257468432399137,1.160054575986566,1.160054575986566,1.109991690901537,1.2257468432399137,1.109991690901537,1.2257468432399137,17580270049318613756,COARSE (n = 5)
groth16,verify_first_ms,9,cpu2,cpu8,within-round time ratio (from / to),1.8336103032820938,1.9653220827330726,2.07769960232487,2.2945282825171955,2.235936188077246,2.07769960232487,1.8336103032820938,2.2945282825171955,1.8336103032820938,2.2945282825171955,10357176413645161082,COARSE (n = 5)
groth16,verify_first_ms,10,cpu2,cpu4,within-round time ratio (from / to),1.8174850979279022,1.893003796389556,1.7523089101943883,1.9377494014365524,2.087673860911271,1.893003796389556,1.7523089101943883,2.087673860911271,1.7523089101943883,2.087673860911271,9620339093637153757,COARSE (n = 5)
groth16,verify_first_ms,10,cpu4,cpu8,within-round time ratio (from / to),1.0409731113956466,1.3051875821619983,1.0704265135109687,1.1559040590405902,0.993235518292683,1.0704265135109687,0.993235518292683,1.3051875821619983,0.993235518292683,1.3051875821619983,14362151554213991680,COARSE (n = 5)
groth16,verify_first_ms,10,cpu2,cpu8,within-round time ratio (from / to),1.8919531173052297,2.4707250480331684,1.8757179173335843,2.2398523985239853,2.0735518292682924,2.0735518292682924,1.8757179173335843,2.4707250480331684,1.8757179173335843,2.4707250480331684,12217141450675218588,COARSE (n = 5)
groth16,verify_first_ms,11,cpu2,cpu4,within-round time ratio (from / to),1.751279336509617,1.4968548039638085,1.7928161949122179,2.00946987280661,1.6359490621235588,1.751279336509617,1.4968548039638085,2.00946987280661,1.4968548039638085,2.00946987280661,11529158521111756309,COARSE (n = 5)
groth16,verify_first_ms,11,cpu4,cpu8,within-round time ratio (from / to),1.1324940047961631,1.1870908346972178,1.1559329053634293,1.1170918896494504,1.2218250630782168,1.1559329053634293,1.1170918896494504,1.2218250630782168,1.1170918896494504,1.2218250630782168,16833641464263587191,COARSE (n = 5)
groth16,verify_first_ms,11,cpu2,cpu8,within-round time ratio (from / to),1.9833133493205437,1.7769026186579377,2.072375232967488,2.244762497407177,1.9988435660218673,1.9988435660218673,1.7769026186579377,2.244762497407177,1.7769026186579377,2.244762497407177,15506565837802159326,COARSE (n = 5)
groth16,verify_first_ms,12,cpu2,cpu4,within-round time ratio (from / to),1.344087580656855,1.736219221604448,1.7483942007707836,1.7520750332005313,1.7050239234449762,1.736219221604448,1.344087580656855,1.7520750332005313,1.344087580656855,1.7520750332005313,2147812598503564841,COARSE (n = 5)
groth16,verify_first_ms,12,cpu4,cpu8,within-round time ratio (from / to),1.43066071984234,1.3230348886086591,1.132848232848233,1.1055239493485043,1.2639854853341397,1.2639854853341397,1.1055239493485043,1.43066071984234,1.1055239493485043,1.43066071984234,14105009605937406629,COARSE (n = 5)
groth16,verify_first_ms,12,cpu2,cpu8,within-round time ratio (from / to),1.9229333056736855,2.297078604455654,1.9806652806652807,1.9369609102587633,2.1551254913819173,1.9806652806652807,1.9229333056736855,2.297078604455654,1.9229333056736855,2.297078604455654,8972764480034876348,COARSE (n = 5)
groth16,verify_first_ms,13,cpu2,cpu4,within-round time ratio (from / to),1.1464454699456745,1.8822894168466522,2.043724535426811,1.6992520438337104,1.7657849829351535,1.7657849829351535,1.1464454699456745,2.043724535426811,1.1464454699456745,2.043724535426811,3673131803137708756,COARSE (n = 5)
groth16,verify_first_ms,13,cpu4,cpu8,within-round time ratio (from / to),1.8130692649862317,1.0284733441033926,1.0470294454271147,1.1894072618185578,1.1883999188805516,1.1883999188805516,1.0284733441033926,1.8130692649862317,1.0284733441033926,1.8130692649862317,13029232546519155467,COARSE (n = 5)
groth16,verify_first_ms,13,cpu2,cpu8,within-round time ratio (from / to),2.078585045541199,1.935884491114701,2.1398397669337217,2.0211027205958416,2.098458730480633,2.078585045541199,1.935884491114701,2.1398397669337217,1.935884491114701,2.1398397669337217,16068507317658426409,COARSE (n = 5)
groth16,verify_first_ms,14,cpu2,cpu4,within-round time ratio (from / to),1.7698542805100181,1.9484753857457753,1.320262725779967,1.8696879410381058,1.221288034774651,1.7698542805100181,1.221288034774651,1.9484753857457753,1.221288034774651,1.9484753857457753,2568354709501890971,COARSE (n = 5)
groth16,verify_first_ms,14,cpu4,cpu8,within-round time ratio (from / to),1.1373523927905531,1.1370091896407686,0.9196061850688572,1.3261931995424767,1.8187870591906796,1.1373523927905531,0.9196061850688572,1.8187870591906796,0.9196061850688572,1.8187870591906796,4216573958253597966,COARSE (n = 5)
groth16,verify_first_ms,14,cpu2,cpu8,within-round time ratio (from / to),2.012948000828672,2.2154344193817876,1.2141217685431263,2.479567432671311,2.221262873192552,2.2154344193817876,1.2141217685431263,2.479567432671311,1.2141217685431263,2.479567432671311,5675541986866371513,COARSE (n = 5)
groth16,verify_first_ms,15,cpu2,cpu4,within-round time ratio (from / to),2.084057694144618,1.9416489705475026,2.359058022414527,1.7273385928191918,2.356206554121152,2.084057694144618,1.7273385928191918,2.359058022414527,1.7273385928191918,2.359058022414527,16048565188099030620,COARSE (n = 5)
groth16,verify_first_ms,15,cpu4,cpu8,within-round time ratio (from / to),1.0577952915024753,1.090954875100725,1.3799921691464372,1.2081307138688973,1.0422272821362035,1.090954875100725,1.0422272821362035,1.3799921691464372,1.0422272821362035,1.3799921691464372,5250641370988395275,COARSE (n = 5)
groth16,verify_first_ms,15,cpu2,cpu8,within-round time ratio (from / to),2.2045064160856827,2.1182514101531025,3.255481597494127,2.086850807235946,2.455702753053198,2.2045064160856827,2.086850807235946,3.255481597494127,2.086850807235946,3.255481597494127,153184039352995016,COARSE (n = 5)
groth16,verify_steady_ms,5,cpu2,cpu4,within-round time ratio (from / to),1.6458613861386138,1.738949509894581,1.621465846249708,1.9606472968002944,1.9261532559700778,1.738949509894581,1.621465846249708,1.9606472968002944,1.621465846249708,1.9606472968002944,11340750922668432345,COARSE (n = 5)
groth16,verify_steady_ms,5,cpu4,cpu8,within-round time ratio (from / to),1.2222867654177558,1.0930961285757606,1.3357261756138161,0.957562951223807,1.0856934610578926,1.0930961285757606,0.957562951223807,1.3357261756138161,0.957562951223807,1.3357261756138161,4396619450970742628,COARSE (n = 5)
groth16,verify_steady_ms,5,cpu2,cpu8,within-round time ratio (from / to),2.0117145899893503,1.900838977054483,2.1658343736995422,1.8774432118330693,2.0912119950020824,2.0117145899893503,1.8774432118330693,2.1658343736995422,1.8774432118330693,2.1658343736995422,14734453716271593421,COARSE (n = 5)
groth16,verify_steady_ms,6,cpu2,cpu4,within-round time ratio (from / to),1.947814081914404,2.062754212667054,1.7016167155147963,1.5560644924880909,1.4523426323319026,1.7016167155147963,1.4523426323319026,2.062754212667054,1.4523426323319026,2.062754212667054,3283205637601930312,COARSE (n = 5)
groth16,verify_steady_ms,6,cpu4,cpu8,within-round time ratio (from / to),1.1025979297747108,1.0819362950544844,1.1056868074430273,1.0791893227879388,1.1575243220865243,1.1025979297747108,1.0791893227879388,1.1575243220865243,1.0791893227879388,1.1575243220865243,5387479368082352089,COARSE (n = 5)
groth16,verify_steady_ms,6,cpu2,cpu8,within-round time ratio (from / to),2.147655774304851,2.2317686504610226,1.8814551536692452,1.6792881858625803,1.681121920927344,1.8814551536692452,1.6792881858625803,2.2317686504610226,1.6792881858625803,2.2317686504610226,17575831726543734681,COARSE (n = 5)
groth16,verify_steady_ms,7,cpu2,cpu4,within-round time ratio (from / to),1.1931415530598763,1.7136622728892055,1.7781141483394176,1.8911046969299397,1.4384239988517296,1.7136622728892055,1.1931415530598763,1.8911046969299397,1.1931415530598763,1.8911046969299397,10174048681909525284,COARSE (n = 5)
groth16,verify_steady_ms,7,cpu4,cpu8,within-round time ratio (from / to),1.6937239344929307,1.118549511854951,1.205560326320309,1.1130257009345794,1.25215672178289,1.205560326320309,1.1130257009345794,1.6937239344929307,1.1130257009345794,1.6937239344929307,9678287313835277374,COARSE (n = 5)
groth16,verify_steady_ms,7,cpu2,cpu8,within-round time ratio (from / to),2.0208524056555794,1.916816098824467,2.1436238729068267,2.104848130841121,1.8011322789360171,2.0208524056555794,1.8011322789360171,2.1436238729068267,1.8011322789360171,2.1436238729068267,16589198518809846399,COARSE (n = 5)
groth16,verify_steady_ms,8,cpu2,cpu4,within-round time ratio (from / to),1.9950648264324549,1.485989894350023,1.7450871191025539,1.9160152526215444,1.7931034482758623,1.7931034482758623,1.485989894350023,1.9950648264324549,1.485989894350023,1.9950648264324549,18076236550432521941,COARSE (n = 5)
groth16,verify_steady_ms,8,cpu4,cpu8,within-round time ratio (from / to),1.1364068441064639,1.5474207961007311,1.213458196563043,0.9972430839433406,1.0695913811511208,1.1364068441064639,0.9972430839433406,1.5474207961007311,0.9972430839433406,1.5474207961007311,1065430464650165060,COARSE (n = 5)
groth16,verify_steady_ms,8,cpu2,cpu8,within-round time ratio (from / to),2.267205323193916,2.2994516653127537,2.1175902683915813,1.9107329594067877,1.917887993788217,2.1175902683915813,1.9107329594067877,2.2994516653127537,1.9107329594067877,2.2994516653127537,18039169235721000848,COARSE (n = 5)
groth16,verify_steady_ms,9,cpu2,cpu4,within-round time ratio (from / to),1.6546135831381732,1.7066321817845924,1.6688229858018986,1.218863620161118,1.8981643759800757,1.6688229858018986,1.218863620161118,1.8981643759800757,1.218863620161118,1.8981643759800757,3250523466322635924,COARSE (n = 5)
groth16,verify_steady_ms,9,cpu4,cpu8,within-round time ratio (from / to),1.118035190615836,1.0518849591916053,1.1658178256611165,1.4031209362808843,1.1075807110747853,1.118035190615836,1.0518849591916053,1.4031209362808843,1.0518849591916053,1.4031209362808843,8834714402245510319,COARSE (n = 5)
groth16,verify_steady_ms,9,cpu2,cpu8,within-round time ratio (from / to),1.8499162128194386,1.7951807228915662,1.9455435847208618,1.710213063919176,2.1023702492848386,1.8499162128194386,1.710213063919176,2.1023702492848386,1.710213063919176,2.1023702492848386,5960046595743399401,COARSE (n = 5)
groth16,verify_steady_ms,10,cpu2,cpu4,within-round time ratio (from / to),1.9059363349584169,1.3090525396594381,1.4927165039218824,1.7157137518684602,1.7990556614909652,1.7157137518684602,1.3090525396594381,1.9059363349584169,1.3090525396594381,1.9059363349584169,7502576991865417200,COARSE (n = 5)
groth16,verify_steady_ms,10,cpu4,cpu8,within-round time ratio (from / to),1.0038384032242589,1.4072708653353814,1.2047054285989778,1.1186121851813147,1.0660149065918112,1.1186121851813147,1.0038384032242589,1.4072708653353814,1.0038384032242589,1.4072708653353814,6997780689086183152,COARSE (n = 5)
groth16,verify_steady_ms,10,cpu2,cpu8,within-round time ratio (from / to),1.913252087131753,1.8421915002560163,1.798283675633979,1.91921830912321,1.91782015293776,1.913252087131753,1.798283675633979,1.91921830912321,1.798283675633979,1.91921830912321,12682439676287969919,COARSE (n = 5)
groth16,verify_steady_ms,11,cpu2,cpu4,within-round time ratio (from / to),1.740686498855835,1.5837807516627935,1.8949859916916236,1.8611274221961245,1.9015815548780486,1.8611274221961245,1.5837807516627935,1.9015815548780486,1.5837807516627935,1.9015815548780486,12373275794345497908,COARSE (n = 5)
groth16,verify_steady_ms,11,cpu4,cpu8,within-round time ratio (from / to),1.059342577329584,1.2258349705304519,1.0757638744543756,1.041908840624044,1.0132252147890723,1.059342577329584,1.0132252147890723,1.2258349705304519,1.0132252147890723,1.2258349705304519,11666383547545357006,COARSE (n = 5)
groth16,verify_steady_ms,11,cpu2,cpu8,within-round time ratio (from / to),1.8439833220207504,1.9414538310412575,2.038557472458948,1.9391251147139796,1.926730379380249,1.9391251147139796,1.8439833220207504,2.038557472458948,1.8439833220207504,2.038557472458948,15305114593289523830,COARSE (n = 5)
groth16,verify_steady_ms,12,cpu2,cpu4,within-round time ratio (from / to),1.7822868355333572,1.7628514626526552,1.9560855574484193,2.093259972489684,1.592273622047244,1.7822868355333572,1.592273622047244,2.093259972489684,1.592273622047244,2.093259972489684,3121116604956179386,COARSE (n = 5)
groth16,verify_steady_ms,12,cpu4,cpu8,within-round time ratio (from / to),1.1443151663604818,1.0243405740884408,1.0932229694774962,1.1608473493719393,1.2027226990233797,1.1443151663604818,1.0243405740884408,1.2027226990233797,1.0243405740884408,1.2027226990233797,12384257748124804580,COARSE (n = 5)
groth16,verify_steady_ms,12,cpu2,cpu8,within-round time ratio (from / to),2.03949785670545,1.8057602792862684,2.1384376616658045,2.4299552906110287,1.915063628292394,2.03949785670545,1.8057602792862684,2.4299552906110287,1.8057602792862684,2.4299552906110287,5716399449104807484,COARSE (n = 5)
groth16,verify_steady_ms,13,cpu2,cpu4,within-round time ratio (from / to),1.9693908784817875,1.883953304313415,1.6200736648250462,1.8478302983339794,1.8339021615472129,1.8478302983339794,1.6200736648250462,1.9693908784817875,1.6200736648250462,1.9693908784817875,13174469264457767859,COARSE (n = 5)
groth16,verify_steady_ms,13,cpu4,cpu8,within-round time ratio (from / to),1.0336426914153134,0.9516994633273703,1.146779303062302,1.0891444245173543,1.115600211528292,1.0891444245173543,0.9516994633273703,1.146779303062302,0.9516994633273703,1.146779303062302,5259103212776067640,COARSE (n = 5)
groth16,verify_steady_ms,13,cpu2,cpu8,within-round time ratio (from / to),2.035646488082683,1.792957348648903,1.8578669482576557,2.0125540668846926,2.0459016393442626,2.0125540668846926,1.792957348648903,2.0459016393442626,1.792957348648903,2.0459016393442626,16693196845133703752,COARSE (n = 5)
groth16,verify_steady_ms,14,cpu2,cpu4,within-round time ratio (from / to),1.5127539604403473,1.7888802151097232,1.8252955685974315,1.5998699368264586,1.903518175616412,1.7888802151097232,1.5127539604403473,1.903518175616412,1.5127539604403473,1.903518175616412,2424226093769895179,COARSE (n = 5)
groth16,verify_steady_ms,14,cpu4,cpu8,within-round time ratio (from / to),1.1119625796178343,1.1089842247018082,1.1655596312084862,1.114862765406525,1.0564192319571708,1.1119625796178343,1.0564192319571708,1.1655596312084862,1.0564192319571708,1.1655596312084862,6278049666137873086,COARSE (n = 5)
groth16,verify_steady_ms,14,cpu2,cpu8,within-round time ratio (from / to),1.682125796178344,1.9838399384378604,2.127490829780906,1.7836354220611084,2.0109132091012047,1.9838399384378604,1.682125796178344,2.127490829780906,1.682125796178344,2.127490829780906,7875727489692862338,COARSE (n = 5)
groth16,verify_steady_ms,15,cpu2,cpu4,within-round time ratio (from / to),1.8732714701601163,1.7515432098765433,1.4585558852621168,1.4343397062080165,1.6457552278597019,1.6457552278597019,1.4343397062080165,1.8732714701601163,1.4343397062080165,1.8732714701601163,5857917322666465562,COARSE (n = 5)
groth16,verify_steady_ms,15,cpu4,cpu8,within-round time ratio (from / to),1.0753277245157504,1.0959013131715083,1.4234090482447905,1.345683917751068,1.1458711217183772,1.1458711217183772,1.0753277245157504,1.4234090482447905,1.0753277245157504,1.4234090482447905,1381608284734987332,COARSE (n = 5)
groth16,verify_steady_ms,15,cpu2,cpu8,within-round time ratio (from / to),2.0143807474075524,1.9195185037803424,2.0761216444527877,1.9301678752359195,1.88582338902148,1.9301678752359195,1.88582338902148,2.0761216444527877,1.88582338902148,2.0761216444527877,11486998296669306798,COARSE (n = 5)
groth16,wall_ms,5,cpu2,cpu4,within-round time ratio (from / to),1.6282963028402313,1.7304376432558455,1.5940919937464002,1.6059367872964527,1.6198575136302669,1.6198575136302669,1.5940919937464002,1.7304376432558455,1.5940919937464002,1.7304376432558455,1285429984662940347,COARSE (n = 5)
groth16,wall_ms,5,cpu4,cpu8,within-round time ratio (from / to),1.4892201093063924,1.3793873927197393,1.4065084274982638,1.486507718913447,1.534860467230252,1.486507718913447,1.3793873927197393,1.534860467230252,1.3793873927197393,1.534860467230252,6477828351091860098,COARSE (n = 5)
groth16,wall_ms,5,cpu2,cpu8,within-round time ratio (from / to),2.424891598098924,2.3869438689947713,2.2421038234118216,2.3872374304032395,2.4862552602169856,2.3872374304032395,2.2421038234118216,2.4862552602169856,2.2421038234118216,2.4862552602169856,15105818717626401060,COARSE (n = 5)
groth16,wall_ms,6,cpu2,cpu4,within-round time ratio (from / to),1.7498156751932323,1.7754379405917815,1.7920315562281375,1.659607276566483,1.8330436165330115,1.7754379405917815,1.659607276566483,1.8330436165330115,1.659607276566483,1.8330436165330115,2584456513162643663,COARSE (n = 5)
groth16,wall_ms,6,cpu4,cpu8,within-round time ratio (from / to),1.4814677383951247,1.4023845533373664,1.3822778733056058,1.4957973589335993,1.3787026472214887,1.4023845533373664,1.3787026472214887,1.4957973589335993,1.3787026472214887,1.4957973589335993,7542082911008761945,COARSE (n = 5)
groth16,wall_ms,6,cpu2,cpu8,within-round time ratio (from / to),2.592295470936856,2.4898467432950193,2.4770855684395654,2.482436181155129,2.5272220865865145,2.4898467432950193,2.4770855684395654,2.592295470936856,2.4770855684395654,2.592295470936856,2533621152742979138,COARSE (n = 5)
groth16,wall_ms,7,cpu2,cpu4,within-round time ratio (from / to),1.6623838931879837,1.57450330093698,1.6184794405306995,1.701638911172754,1.7202387811279687,1.6623838931879837,1.57450330093698,1.7202387811279687,1.57450330093698,1.7202387811279687,16365212853426631761,COARSE (n = 5)
groth16,wall_ms,7,cpu4,cpu8,within-round time ratio (from / to),1.4436789077340264,1.5550589900439151,1.4691719108226169,1.4560085937573297,1.5119632970691859,1.4691719108226169,1.4436789077340264,1.5550589900439151,1.4436789077340264,1.5550589900439151,16246805722417985658,COARSE (n = 5)
groth16,wall_ms,7,cpu2,cpu8,within-round time ratio (from / to),2.399948563152267,2.4484455129758707,2.377824532271608,2.4776008781393952,2.600937899260521,2.4484455129758707,2.377824532271608,2.600937899260521,2.377824532271608,2.600937899260521,8208454387319409334,COARSE (n = 5)
groth16,wall_ms,8,cpu2,cpu4,within-round time ratio (from / to),1.6910397507412431,1.635445974345135,1.7629406009116293,1.662841714478569,1.5701707577374602,1.662841714478569,1.5701707577374602,1.7629406009116293,1.5701707577374602,1.7629406009116293,1740462374137189233,COARSE (n = 5)
groth16,wall_ms,8,cpu4,cpu8,within-round time ratio (from / to),1.4541300572568305,1.4737608157566269,1.4194662985577695,1.4515752185709978,1.5157507077277852,1.4541300572568305,1.4194662985577695,1.5157507077277852,1.4194662985577695,1.5157507077277852,557581517445663744,COARSE (n = 5)
groth16,wall_ms,8,cpu2,cpu8,within-round time ratio (from / to),2.45899172956894,2.4102561932767776,2.5024347693532407,2.4137398251432014,2.379987437294028,2.4137398251432014,2.379987437294028,2.5024347693532407,2.379987437294028,2.5024347693532407,2199881775552002256,COARSE (n = 5)
groth16,wall_ms,9,cpu2,cpu4,within-round time ratio (from / to),1.6320522044393928,1.9197881782710629,1.6230918506346081,1.6743627035664315,1.5994372640724253,1.6320522044393928,1.5994372640724253,1.9197881782710629,1.5994372640724253,1.9197881782710629,6975585039905758286,COARSE (n = 5)
groth16,wall_ms,9,cpu4,cpu8,within-round time ratio (from / to),1.5235802179522722,1.4405977816885667,1.483754541590138,1.4873065193388308,1.5037162339471208,1.4873065193388308,1.4405977816885667,1.5235802179522722,1.4405977816885667,1.5235802179522722,17073587774784159749,COARSE (n = 5)
groth16,wall_ms,9,cpu2,cpu8,within-round time ratio (from / to),2.4865624533492565,2.7656425909292275,2.408269904797042,2.4902905647521436,2.405099779165674,2.4865624533492565,2.405099779165674,2.7656425909292275,2.405099779165674,2.7656425909292275,5076144712217268800,COARSE (n = 5)
groth16,wall_ms,10,cpu2,cpu4,within-round time ratio (from / to),1.6721512964871939,1.670400832291642,1.669254650186641,1.8104615942216584,1.8323956912749129,1.6721512964871939,1.669254650186641,1.8323956912749129,1.669254650186641,1.8323956912749129,1857286019147865405,COARSE (n = 5)
groth16,wall_ms,10,cpu4,cpu8,within-round time ratio (from / to),1.475252582364662,1.537470620878762,1.4927863490374575,1.5218564702637747,1.4201670318161341,1.4927863490374575,1.4201670318161341,1.537470620878762,1.4201670318161341,1.537470620878762,2394766964726167808,COARSE (n = 5)
groth16,wall_ms,10,cpu2,cpu8,within-round time ratio (from / to),2.4668455182471503,2.5681922047398316,2.491840554865914,2.7552626913302998,2.6023079499905664,2.5681922047398316,2.4668455182471503,2.7552626913302998,2.4668455182471503,2.7552626913302998,5617828297470784000,COARSE (n = 5)
groth16,wall_ms,11,cpu2,cpu4,within-round time ratio (from / to),1.6810022560024436,1.7799330055537574,1.6121629632964871,1.7036009189963832,1.7349037394686468,1.7036009189963832,1.6121629632964871,1.7799330055537574,1.6121629632964871,1.7799330055537574,16583682224705960752,COARSE (n = 5)
groth16,wall_ms,11,cpu4,cpu8,within-round time ratio (from / to),1.481513493461931,1.468433024145332,1.4782462394059963,1.428572976017678,1.490491905762283,1.4782462394059963,1.428572976017678,1.490491905762283,1.428572976017678,1.490491905762283,14211217053773605673,COARSE (n = 5)
groth16,wall_ms,11,cpu2,cpu8,within-round time ratio (from / to),2.4904275248075676,2.6137124061213943,2.3831738378026595,2.4337182347971145,2.5858599809547345,2.4904275248075676,2.3831738378026595,2.6137124061213943,2.3831738378026595,2.6137124061213943,429897917547644909,COARSE (n = 5)
groth16,wall_ms,12,cpu2,cpu4,within-round time ratio (from / to),1.6258557572386072,1.5802217945192925,1.6017696023402164,1.5612796589223925,1.6634709954195899,1.6017696023402164,1.5612796589223925,1.6634709954195899,1.5612796589223925,1.6634709954195899,11976920547976529569,COARSE (n = 5)
groth16,wall_ms,12,cpu4,cpu8,within-round time ratio (from / to),1.424307581222823,1.5187389080279778,1.4521318871606517,1.4181918329536065,1.4829801568284262,1.4521318871606517,1.4181918329536065,1.5187389080279778,1.4181918329536065,1.5187389080279778,18195542218346725778,COARSE (n = 5)
groth16,wall_ms,12,cpu2,cpu8,within-round time ratio (from / to),2.315718681009722,2.3999443226502417,2.325980715442865,2.2141940612403292,2.4668944776668815,2.325980715442865,2.2141940612403292,2.4668944776668815,2.2141940612403292,2.4668944776668815,7085193637286146336,COARSE (n = 5)
groth16,wall_ms,13,cpu2,cpu4,within-round time ratio (from / to),1.551226940835287,1.6287994976270121,1.703428976165156,1.6215478912011365,1.580874153723616,1.6215478912011365,1.551226940835287,1.703428976165156,1.551226940835287,1.703428976165156,8559866128901686757,COARSE (n = 5)
groth16,wall_ms,13,cpu4,cpu8,within-round time ratio (from / to),1.4022858574825605,1.372889926636179,1.4536140592408413,1.4119226731980408,1.3657538977833015,1.4022858574825605,1.3657538977833015,1.4536140592408413,1.3657538977833015,1.4536140592408413,14194148622335728311,COARSE (n = 5)
groth16,wall_ms,13,cpu2,cpu8,within-round time ratio (from / to),2.1752636008792594,2.236162422802194,2.476128308671903,2.2895002332633543,2.1590850373529067,2.236162422802194,2.1590850373529067,2.476128308671903,2.1590850373529067,2.476128308671903,8606506318854212921,COARSE (n = 5)
groth16,wall_ms,14,cpu2,cpu4,within-round time ratio (from / to),1.5508102878922332,1.5623130229936555,1.5015857530315373,1.5043911485455448,1.4858558472719083,1.5043911485455448,1.4858558472719083,1.5623130229936555,1.4858558472719083,1.5623130229936555,4845375352928080973,COARSE (n = 5)
groth16,wall_ms,14,cpu4,cpu8,within-round time ratio (from / to),1.3321899224806202,1.320984442975475,1.3239780462201192,1.3122963939577967,1.4165554170388621,1.3239780462201192,1.3122963939577967,1.4165554170388621,1.3122963939577967,1.4165554170388621,17686067629288105417,COARSE (n = 5)
groth16,wall_ms,14,cpu2,cpu8,within-round time ratio (from / to),2.065973837209302,2.0637911984326043,1.9880665715306611,1.9742070793383466,2.10479714939189,2.0637911984326043,1.9742070793383466,2.10479714939189,1.9742070793383466,2.10479714939189,4325924381138992375,COARSE (n = 5)
groth16,wall_ms,15,cpu2,cpu4,within-round time ratio (from / to),1.5166934171760256,1.4629753642023302,1.4434890690829654,1.4182741807152717,1.4291478208892159,1.4434890690829654,1.4182741807152717,1.5166934171760256,1.4182741807152717,1.5166934171760256,15085477736234656437,COARSE (n = 5)
groth16,wall_ms,15,cpu4,cpu8,within-round time ratio (from / to),1.2179891877416438,1.1922997547153853,1.2034436091199305,1.2531211066059234,1.2659962587191902,1.2179891877416438,1.1922997547153853,1.2659962587191902,1.1922997547153853,1.2659962587191902,3051227850465964171,COARSE (n = 5)
groth16,wall_ms,15,cpu2,cpu8,within-round time ratio (from / to),1.8473161832393257,1.7443051678930896,1.7371576950223724,1.7772693108085307,1.8092957944024306,1.7772693108085307,1.7371576950223724,1.8473161832393257,1.7371576950223724,1.8473161832393257,15215763602612712734,COARSE (n = 5)
groth16,stage_sum_ms,5,cpu2,cpu4,within-round time ratio (from / to),1.6284032295474877,1.7305796769717172,1.594215747890106,1.6060180356598055,1.6199789541171878,1.6199789541171878,1.594215747890106,1.7305796769717172,1.594215747890106,1.7305796769717172,14646312616774598250,COARSE (n = 5)
groth16,stage_sum_ms,5,cpu4,cpu8,within-round time ratio (from / to),1.4893487522824105,1.3794865975617576,1.406653546207521,1.486638574359353,1.5349956676615,1.486638574359353,1.3794865975617576,1.5349956676615,1.3794865975617576,1.5349956676615,15686789789608092688,COARSE (n = 5)
groth16,stage_sum_ms,5,cpu2,cpu8,within-round time ratio (from / to),2.4252603181391983,2.38731147039524,2.2425092351894924,2.387568362928702,2.4866606762726913,2.387568362928702,2.2425092351894924,2.4866606762726913,2.2425092351894924,2.4866606762726913,1786540433544748639,COARSE (n = 5)
groth16,stage_sum_ms,6,cpu2,cpu4,within-round time ratio (from / to),1.7499488388175768,1.7755589991766472,1.792023791800478,1.659673206246874,1.8331845340292563,1.7755589991766472,1.659673206246874,1.8331845340292563,1.659673206246874,1.8331845340292563,9288572402712504991,COARSE (n = 5)
groth16,stage_sum_ms,6,cpu4,cpu8,within-round time ratio (from / to),1.481583322006963,1.4024849606430239,1.3823561117589989,1.495918399160297,1.3787932400711675,1.4024849606430239,1.3787932400711675,1.495918399160297,1.3787932400711675,1.495918399160297,6949924301393688598,COARSE (n = 5)
groth16,stage_sum_ms,6,cpu2,cpu8,within-round time ratio (from / to),2.592695013957573,2.490194793079627,2.477215041012926,2.482735685818061,2.5275824433225518,2.490194793079627,2.477215041012926,2.592695013957573,2.477215041012926,2.592695013957573,17759444714946351025,COARSE (n = 5)
groth16,stage_sum_ms,7,cpu2,cpu4,within-round time ratio (from / to),1.6625351672397626,1.57449488257832,1.6184246021041275,1.7017300212990143,1.7203412619649776,1.6625351672397626,1.57449488257832,1.7203412619649776,1.57449488257832,1.7203412619649776,10689016428232328061,COARSE (n = 5)
groth16,stage_sum_ms,7,cpu4,cpu8,within-round time ratio (from / to),1.4437093265698477,1.5551811574879881,1.4692756673099516,1.456113845475318,1.5120798904072454,1.4692756673099516,1.4437093265698477,1.5551811574879881,1.4437093265698477,1.5551811574879881,1511925725977115134,COARSE (n = 5)
groth16,stage_sum_ms,7,cpu2,cpu8,within-round time ratio (from / to),2.400217526694407,2.448624773947066,2.377911887247385,2.4779126452745026,2.6012934268550656,2.448624773947066,2.377911887247385,2.6012934268550656,2.377911887247385,2.6012934268550656,8453241509273680141,COARSE (n = 5)
groth16,stage_sum_ms,8,cpu2,cpu4,within-round time ratio (from / to),1.6910875574674413,1.635538761047717,1.7630528438790367,1.6629258216395861,1.570284510608822,1.6629258216395861,1.570284510608822,1.7630528438790367,1.570284510608822,1.7630528438790367,17265846742226484947,COARSE (n = 5)
groth16,stage_sum_ms,8,cpu4,cpu8,within-round time ratio (from / to),1.454311315968251,1.4739127490646848,1.4195515725454653,1.4516823439737996,1.5158272514458828,1.454311315968251,1.4195515725454653,1.5158272514458828,1.4195515725454653,1.5158272514458828,15236701339527947313,COARSE (n = 5)
groth16,stage_sum_ms,8,cpu2,cpu8,within-round time ratio (from / to),2.4593677711180097,2.410641431497689,2.502744437009241,2.414040054612311,2.380280053704214,2.414040054612311,2.380280053704214,2.502744437009241,2.380280053704214,2.502744437009241,18343626316422268884,COARSE (n = 5)
groth16,stage_sum_ms,9,cpu2,cpu4,within-round time ratio (from / to),1.632137147464883,1.9199057548780316,1.6231720305125612,1.6744529455926513,1.5995096880907371,1.632137147464883,1.5995096880907371,1.9199057548780316,1.5995096880907371,1.9199057548780316,3902179943703456219,COARSE (n = 5)
groth16,stage_sum_ms,9,cpu4,cpu8,within-round time ratio (from / to),1.5236744322956883,1.4407999316992652,1.4838616518191994,1.4874310792890952,1.5039272460010742,1.4874310792890952,1.4407999316992652,1.5236744322956883,1.4407999316992652,1.5236744322956883,7827714148957260900,COARSE (n = 5)
groth16,stage_sum_ms,9,cpu2,cpu8,within-round time ratio (from / to),2.4868456415922595,2.766200080497294,2.408562730383093,2.4906333520816824,2.4055462001623398,2.4868456415922595,2.4055462001623398,2.766200080497294,2.4055462001623398,2.766200080497294,342346990171854753,COARSE (n = 5)
groth16,stage_sum_ms,10,cpu2,cpu4,within-round time ratio (from / to),1.6722586443903988,1.6704543946403783,1.6693447461940993,1.8105508447148682,1.832522106496232,1.6722586443903988,1.6693447461940993,1.832522106496232,1.6693447461940993,1.832522106496232,14895033117451819198,COARSE (n = 5)
groth16,stage_sum_ms,10,cpu4,cpu8,within-round time ratio (from / to),1.4753164902537381,1.5375633606229542,1.4928736973213301,1.5219490089451078,1.4202315299772015,1.4928736973213301,1.4202315299772015,1.5375633606229542,1.4202315299772015,1.5375633606229542,14183790115108546498,COARSE (n = 5)
groth16,stage_sum_ms,10,cpu2,cpu8,within-round time ratio (from / to),2.467110754038517,2.5684294727906427,2.4921208633547227,2.755566063758521,2.602605675026188,2.5684294727906427,2.467110754038517,2.755566063758521,2.467110754038517,2.755566063758521,18360896700630100437,COARSE (n = 5)
groth16,stage_sum_ms,11,cpu2,cpu4,within-round time ratio (from / to),1.6810841131792922,1.7800571893955548,1.6122430088911794,1.7036984608073367,1.7349915617165321,1.7036984608073367,1.6122430088911794,1.7800571893955548,1.6122430088911794,1.7800571893955548,16785538799834437957,COARSE (n = 5)
groth16,stage_sum_ms,11,cpu4,cpu8,within-round time ratio (from / to),1.4816047431416635,1.4685045311521427,1.4783329080170273,1.428663777537017,1.4906388826279473,1.4783329080170273,1.428663777537017,1.4906388826279473,1.428663777537017,1.4906388826279473,12704451065476867704,COARSE (n = 5)
groth16,stage_sum_ms,11,cpu2,cpu8,within-round time ratio (from / to),2.4907021957065365,2.61402204833732,2.383431895764219,2.4340122788010112,2.586245882926049,2.4907021957065365,2.383431895764219,2.61402204833732,2.383431895764219,2.61402204833732,10503371767650486507,COARSE (n = 5)
groth16,stage_sum_ms,12,cpu2,cpu4,within-round time ratio (from / to),1.6259310109657386,1.5802913017374525,1.6018042948086342,1.5613527465663781,1.6635486877789905,1.6018042948086342,1.5613527465663781,1.6635486877789905,1.5613527465663781,1.6635486877789905,7655974947036700859,COARSE (n = 5)
groth16,stage_sum_ms,12,cpu4,cpu8,within-round time ratio (from / to),1.424391740322488,1.5188416894349408,1.4522129461748707,1.418286823282676,1.4830640343443042,1.4522129461748707,1.418286823282676,1.5188416894349408,1.418286823282676,1.5188416894349408,12274647872698740567,COARSE (n = 5)
groth16,stage_sum_ms,12,cpu2,cpu8,within-round time ratio (from / to),2.3159627023537905,2.400212310530254,2.326160934159608,2.2144460269513093,2.4671492282256833,2.326160934159608,2.2144460269513093,2.4671492282256833,2.2144460269513093,2.4671492282256833,9160133217459642156,COARSE (n = 5)
groth16,stage_sum_ms,13,cpu2,cpu4,within-round time ratio (from / to),1.5512924620304067,1.6288837848773192,1.7035628396558833,1.6216557852101694,1.58094818933516,1.6216557852101694,1.5512924620304067,1.7035628396558833,1.5512924620304067,1.7035628396558833,12949573436714753062,COARSE (n = 5)
groth16,stage_sum_ms,13,cpu4,cpu8,within-round time ratio (from / to),1.4023663641738022,1.3729607079587318,1.4537333543058444,1.4119892676951793,1.3658175685783842,1.4023663641738022,1.3658175685783842,1.4537333543058444,1.3658175685783842,1.4537333543058444,5567084017489590185,COARSE (n = 5)
groth16,stage_sum_ms,13,cpu2,cpu8,within-round time ratio (from / to),2.175480369747808,2.236393434467663,2.4765261211637366,2.289760564612558,2.1592868120061475,2.236393434467663,2.1592868120061475,2.4765261211637366,2.1592868120061475,2.4765261211637366,17849428221341330216,COARSE (n = 5)
groth16,stage_sum_ms,14,cpu2,cpu4,within-round time ratio (from / to),1.5508657516608502,1.5623659624595518,1.5016203094430596,1.5044510283647674,1.4859147730718254,1.5044510283647674,1.4859147730718254,1.5623659624595518,1.4859147730718254,1.5623659624595518,14435349035735136968,COARSE (n = 5)
groth16,stage_sum_ms,14,cpu4,cpu8,within-round time ratio (from / to),1.33225354706156,1.3210311758612623,1.3240291046631387,1.3123450490198294,1.4166304633290872,1.3240291046631387,1.3123450490198294,1.4166304633290872,1.3123450490198294,1.4166304633290872,14005523776995796105,COARSE (n = 5)
groth16,stage_sum_ms,14,cpu2,cpu8,within-round time ratio (from / to),2.06614639866646,2.0639341445135546,1.9881889938558794,1.9743588585672933,2.1049921334442754,2.0639341445135546,1.9743588585672933,2.1049921334442754,1.9743588585672933,2.1049921334442754,10257299451392772794,COARSE (n = 5)
groth16,stage_sum_ms,15,cpu2,cpu4,within-round time ratio (from / to),1.5167466745094054,1.4630318337578307,1.4435197666690882,1.418298030936978,1.4291900234867294,1.4435197666690882,1.418298030936978,1.5167466745094054,1.418298030936978,1.5167466745094054,13567232410092575474,COARSE (n = 5)
groth16,stage_sum_ms,15,cpu4,cpu8,within-round time ratio (from / to),1.218010438602071,1.1923295560285176,1.2034738289022693,1.253165420044592,1.266030429761664,1.218010438602071,1.1923295560285176,1.266030429761664,1.1923295560285176,1.266030429761664,14465488638550662162,COARSE (n = 5)
groth16,stage_sum_ms,15,cpu2,cpu8,within-round time ratio (from / to),1.8474132822674332,1.7444160968000624,1.737238260689358,1.7773620476875556,1.8093980596459869,1.7773620476875556,1.737238260689358,1.8474132822674332,1.737238260689358,1.8474132822674332,13517147173278918058,COARSE (n = 5)
plonk,input_ms,5,cpu2,cpu4,within-round time ratio (from / to),0.08161008514873383,1.015759312320917,0.9488272921108742,1.0507757404795488,0.7820965842167257,0.9488272921108742,0.08161008514873383,1.0507757404795488,0.08161008514873383,1.0507757404795488,4132577881024935105,COARSE (n = 5)
plonk,input_ms,5,cpu4,cpu8,within-round time ratio (from / to),12.754583921015515,0.9587912087912087,0.5556872037914692,1.002828854314003,1.263392857142857,1.002828854314003,0.5556872037914692,12.754583921015515,0.5556872037914692,12.754583921015515,12093155830274987942,COARSE (n = 5)
plonk,input_ms,5,cpu2,cpu8,within-round time ratio (from / to),1.0409026798307475,0.9739010989010989,0.5272511848341233,1.0537482319660538,0.9880952380952381,0.9880952380952381,0.5272511848341233,1.0537482319660538,0.5272511848341233,1.0537482319660538,1553515778580509293,COARSE (n = 5)
plonk,input_ms,6,cpu2,cpu4,within-round time ratio (from / to),1.0299625468164793,1.005050505050505,1.0345679012345679,0.9888059701492538,0.99625,1.005050505050505,0.9888059701492538,1.0345679012345679,0.9888059701492538,1.0345679012345679,12692812364075565183,COARSE (n = 5)
plonk,input_ms,6,cpu4,cpu8,within-round time ratio (from / to),0.9937965260545906,0.9765721331689272,0.9890109890109892,0.9938195302843016,0.9937888198757764,0.9937888198757764,0.9765721331689272,0.9938195302843016,0.9765721331689272,0.9938195302843016,6610502027496078307,COARSE (n = 5)
plonk,input_ms,6,cpu2,cpu8,within-round time ratio (from / to),1.0235732009925558,0.9815043156596794,1.0231990231990231,0.9826946847960445,0.9900621118012423,0.9900621118012423,0.9815043156596794,1.0235732009925558,0.9815043156596794,1.0235732009925558,12650517730987909915,COARSE (n = 5)
plonk,input_ms,7,cpu2,cpu4,within-round time ratio (from / to),0.9692164179104477,0.8953386103781882,0.6663844199830652,0.9863945578231292,0.533160621761658,0.8953386103781882,0.533160621761658,0.9863945578231292,0.533160621761658,0.9863945578231292,13325062019990914722,COARSE (n = 5)
plonk,input_ms,7,cpu4,cpu8,within-round time ratio (from / to),1.0357487922705315,1.1201970443349756,1.0260642919200695,0.9466421343146274,1.6411564625850341,1.0357487922705315,0.9466421343146274,1.6411564625850341,0.9466421343146274,1.6411564625850341,15683548892140426613,COARSE (n = 5)
plonk,input_ms,7,cpu2,cpu8,within-round time ratio (from / to),1.0038647342995168,1.0029556650246307,0.68375325803649,0.9337626494940202,0.875,0.9337626494940202,0.68375325803649,1.0038647342995168,0.68375325803649,1.0038647342995168,12235920277085637088,COARSE (n = 5)
plonk,input_ms,8,cpu2,cpu4,within-round time ratio (from / to),0.9904912836767036,1.110041265474553,1.049269085002707,0.982896846606093,0.9944258639910813,0.9944258639910813,0.982896846606093,1.110041265474553,0.982896846606093,1.110041265474553,15782735062164425663,COARSE (n = 5)
plonk,input_ms,8,cpu4,cpu8,within-round time ratio (from / to),0.9994720168954594,0.9931693989071039,0.9071709233791748,1.0059139784946236,0.9143730886850153,0.9931693989071039,0.9071709233791748,1.0059139784946236,0.9071709233791748,1.0059139784946236,18274201858774616867,COARSE (n = 5)
plonk,input_ms,8,cpu2,cpu8,within-round time ratio (from / to),0.9899683210137276,1.1024590163934427,0.9518664047151276,0.9887096774193548,0.90927624872579,0.9887096774193548,0.90927624872579,1.1024590163934427,0.90927624872579,1.1024590163934427,2004014276476239424,COARSE (n = 5)
plonk,input_ms,9,cpu2,cpu4,within-round time ratio (from / to),1.078756476683938,0.9209683161267355,1.0659382064807839,1.0239265814487053,0.9742966307745745,1.0239265814487053,0.9209683161267355,1.078756476683938,0.9209683161267355,1.078756476683938,14143318122888366672,COARSE (n = 5)
plonk,input_ms,9,cpu4,cpu8,within-round time ratio (from / to),0.9900820793433652,0.9702936096718481,0.9602026049204052,1.0705263157894738,1.0052374301675977,0.9900820793433652,0.9602026049204052,1.0705263157894738,0.9602026049204052,1.0705263157894738,1733665024464703721,COARSE (n = 5)
plonk,input_ms,9,cpu2,cpu8,within-round time ratio (from / to),1.0680574555403557,0.8936096718480139,1.0235166425470335,1.096140350877193,0.9793994413407823,1.0235166425470335,0.8936096718480139,1.096140350877193,0.8936096718480139,1.096140350877193,2164608701727126351,COARSE (n = 5)
plonk,input_ms,10,cpu2,cpu4,within-round time ratio (from / to),0.9961494031574895,0.9789373814041746,0.9881560138860527,1.0735798703774302,1.0463522773075373,0.9961494031574895,0.9789373814041746,1.0735798703774302,0.9789373814041746,1.0735798703774302,9364344289252798177,COARSE (n = 5)
plonk,input_ms,10,cpu4,cpu8,within-round time ratio (from / to),0.9982702287142032,0.9714285714285714,0.9863041289023163,0.9954459203036055,0.9379962192816634,0.9863041289023163,0.9379962192816634,0.9982702287142032,0.9379962192816634,0.9982702287142032,9223244762468925690,COARSE (n = 5)
plonk,input_ms,10,cpu2,cpu8,within-round time ratio (from / to),0.9944262925235441,0.9509677419354838,0.9746223564954684,1.0686907020872864,0.9814744801512287,0.9814744801512287,0.9509677419354838,1.0686907020872864,0.9509677419354838,1.0686907020872864,13302430709472319288,COARSE (n = 5)
plonk,input_ms,11,cpu2,cpu4,within-round time ratio (from / to),1.0231278411356568,0.9772727272727273,0.9602858826996759,1.0541366342839236,0.96266137040715,0.9772727272727273,0.9602858826996759,1.0541366342839236,0.9602858826996759,1.0541366342839236,15218295521560092499,COARSE (n = 5)
plonk,input_ms,11,cpu4,cpu8,within-round time ratio (from / to),1.0120258272800644,1.0302968059977407,0.9778097982708932,1.0167277361797036,0.8207008964955176,1.0120258272800644,0.8207008964955176,1.0302968059977407,0.8207008964955176,1.0302968059977407,71478531827661840,COARSE (n = 5)
plonk,input_ms,11,cpu2,cpu8,within-round time ratio (from / to),1.0354317998385796,1.006880969497792,0.9389769452449567,1.0717699537995857,0.7900570497147515,1.006880969497792,0.7900570497147515,1.0717699537995857,0.7900570497147515,1.0717699537995857,12415268922074544963,COARSE (n = 5)
plonk,input_ms,12,cpu2,cpu4,within-round time ratio (from / to),1.113866448512118,1.1076748796374964,0.9272252551625919,1.1137348979709811,1.097668430839651,1.1076748796374964,0.9272252551625919,1.113866448512118,0.9272252551625919,1.113866448512118,3375903194074160658,COARSE (n = 5)
plonk,input_ms,12,cpu4,cpu8,within-round time ratio (from / to),0.9582557569818716,1.0367608197780258,1.0041472018304891,1.0150208296661387,1.0102601156069364,1.0102601156069364,0.9582557569818716,1.0367608197780258,0.9582557569818716,1.0367608197780258,16964135749376897315,COARSE (n = 5)
plonk,input_ms,12,cpu2,cpu8,within-round time ratio (from / to),1.0673689367956884,1.1483939162604968,0.9310706454380779,1.1304641201666374,1.1089306358381503,1.1089306358381503,0.9310706454380779,1.1483939162604968,0.9310706454380779,1.1483939162604968,897789185305595689,COARSE (n = 5)
plonk,input_ms,13,cpu2,cpu4,within-round time ratio (from / to),1.0654621541731706,1.1090144937562696,1.1448495930586928,0.8871419283790418,1.156084112469605,1.1090144937562696,0.8871419283790418,1.156084112469605,0.8871419283790418,1.156084112469605,18389560681031515909,COARSE (n = 5)
plonk,input_ms,13,cpu4,cpu8,within-round time ratio (from / to),1.11475591921361,1.023345545938866,0.9883416017009213,1.3366378775249614,1.0379652340833956,1.0379652340833956,0.9883416017009213,1.3366378775249614,0.9883416017009213,1.3366378775249614,9756230224458454876,COARSE (n = 5)
plonk,input_ms,13,cpu2,cpu8,within-round time ratio (from / to),1.187730243062626,1.134905042567125,1.1315024805102765,1.1857875042119637,1.1999751164196084,1.1857875042119637,1.1315024805102765,1.1999751164196084,1.1315024805102765,1.1999751164196084,16067065920069952115,COARSE (n = 5)
plonk,input_ms,14,cpu2,cpu4,within-round time ratio (from / to),1.0888409926334903,1.057942761959675,1.099785465272191,0.988846260676342,1.1346711690939113,1.0888409926334903,0.988846260676342,1.1346711690939113,0.988846260676342,1.1346711690939113,2414450702565308730,COARSE (n = 5)
plonk,input_ms,14,cpu4,cpu8,within-round time ratio (from / to),0.9682532875929104,0.9146561971571598,0.9669055048012516,1.0477359743177002,0.9328624359917291,0.9669055048012516,0.9146561971571598,1.0477359743177002,0.9146561971571598,1.0477359743177002,6739529959010807133,COARSE (n = 5)
plonk,input_ms,14,cpu2,cpu8,within-round time ratio (from / to),1.0542738707833048,0.967653903463979,1.063388620472087,1.0360498003801417,1.0584921108505292,1.0542738707833048,0.967653903463979,1.063388620472087,0.967653903463979,1.063388620472087,16673296530278424668,COARSE (n = 5)
plonk,input_ms,15,cpu2,cpu4,within-round time ratio (from / to),1.1840084174308405,1.1012389146672261,1.1330219257861918,1.1413491627982855,1.1721140828887044,1.1413491627982855,1.1012389146672261,1.1840084174308405,1.1012389146672261,1.1840084174308405,13785175571042974321,COARSE (n = 5)
plonk,input_ms,15,cpu4,cpu8,within-round time ratio (from / to),0.9536560624315643,0.9380666469809815,0.9709380712357043,0.9766402688306376,0.9452431903476606,0.9536560624315643,0.9380666469809815,0.9766402688306376,0.9380666469809815,0.9766402688306376,10935046185058693977,COARSE (n = 5)
plonk,input_ms,15,cpu2,cpu8,within-round time ratio (from / to),1.1291368052529231,1.0330354962068602,1.1000941232906085,1.1146875531849407,1.1079328551611412,1.1079328551611412,1.0330354962068602,1.1291368052529231,1.0330354962068602,1.1291368052529231,460841575312113277,COARSE (n = 5)
plonk,witness_ms,5,cpu2,cpu4,within-round time ratio (from / to),1.533866888403839,1.4422572178477688,1.4403274294614075,1.324645366565027,1.5073548059852904,1.4422572178477688,1.324645366565027,1.533866888403839,1.324645366565027,1.533866888403839,13785503425184104115,COARSE (n = 5)
plonk,witness_ms,5,cpu4,cpu8,within-round time ratio (from / to),1.0682878081279146,1.0621111677715451,1.1028160575194728,1.315211326544846,1.208767627222563,1.1028160575194728,1.0621111677715451,1.315211326544846,1.0621111677715451,1.315211326544846,9127929429180630229,COARSE (n = 5)
plonk,witness_ms,5,cpu2,cpu8,within-round time ratio (from / to),1.6386112961729216,1.5318374978752336,1.5884162172957859,1.7421885897614733,1.8220416922133662,1.6386112961729216,1.5318374978752336,1.8220416922133662,1.5318374978752336,1.8220416922133662,14189441568917053743,COARSE (n = 5)
plonk,witness_ms,6,cpu2,cpu4,within-round time ratio (from / to),1.40988213961922,1.944838352956482,1.5351136512941794,1.5827766699900299,1.5269974930899275,1.5351136512941794,1.40988213961922,1.944838352956482,1.40988213961922,1.944838352956482,4538493957697202877,COARSE (n = 5)
plonk,witness_ms,6,cpu4,cpu8,within-round time ratio (from / to),1.1916594641313742,1.0447162759089363,1.0343140585717197,1.2883337079734112,1.0374099759935982,1.0447162759089363,1.0343140585717197,1.2883337079734112,1.0343140585717197,1.2883337079734112,1584586617281300420,COARSE (n = 5)
plonk,witness_ms,6,cpu2,cpu8,within-round time ratio (from / to),1.6800993949870353,2.0318042813455657,1.5877896310389346,2.0391445361420635,1.5841224326487064,1.6800993949870353,1.5841224326487064,2.0391445361420635,1.5841224326487064,2.0391445361420635,13473841727189255405,COARSE (n = 5)
plonk,witness_ms,7,cpu2,cpu4,within-round time ratio (from / to),1.2846527579308373,1.8375458047542987,1.4714299588850401,1.19320617231033,1.8706942049892685,1.4714299588850401,1.19320617231033,1.8706942049892685,1.19320617231033,1.8706942049892685,11892807477116959108,COARSE (n = 5)
plonk,witness_ms,7,cpu4,cpu8,within-round time ratio (from / to),1.2026948063107965,1.0926730775811915,1.1866692278140607,1.1934266896860415,1.0394250813736605,1.1866692278140607,1.0394250813736605,1.2026948063107965,1.0394250813736605,1.2026948063107965,7678722706240447326,COARSE (n = 5)
plonk,witness_ms,7,cpu2,cpu8,within-round time ratio (from / to),1.545045199876259,2.007836829677287,1.7461006530925853,1.4240040923332695,1.9444464762462057,1.7461006530925853,1.4240040923332695,2.007836829677287,1.4240040923332695,2.007836829677287,15872780355723139672,COARSE (n = 5)
plonk,witness_ms,8,cpu2,cpu4,within-round time ratio (from / to),1.4283839580065936,1.5245105309997034,2.027228255853306,1.3211132382775665,1.3668697513584718,1.4283839580065936,1.3211132382775665,2.027228255853306,1.3211132382775665,2.027228255853306,16414675065760773117,COARSE (n = 5)
plonk,witness_ms,8,cpu4,cpu8,within-round time ratio (from / to),1.0808108762583457,0.9839821943299157,1.0432675333012358,1.0979106537834107,1.1216524041125409,1.0808108762583457,0.9839821943299157,1.1216524041125409,0.9839821943299157,1.1216524041125409,8836472555767538501,COARSE (n = 5)
plonk,witness_ms,8,cpu2,cpu8,within-round time ratio (from / to),1.5438129172864705,1.500091217572153,2.114941421922645,1.450464299159242,1.533152742719941,1.533152742719941,1.450464299159242,2.114941421922645,1.450464299159242,2.114941421922645,2712722186022296663,COARSE (n = 5)
plonk,witness_ms,9,cpu2,cpu4,within-round time ratio (from / to),1.3244244129298959,1.5703958472660107,1.490248455200824,1.4416955845399066,1.432631704126531,1.4416955845399066,1.3244244129298959,1.5703958472660107,1.3244244129298959,1.5703958472660107,9118231366616887678,COARSE (n = 5)
plonk,witness_ms,9,cpu4,cpu8,within-round time ratio (from / to),1.2890500684602006,1.0788497217068644,1.1137715965302173,1.084549996755564,1.0811610041464434,1.084549996755564,1.0788497217068644,1.2890500684602006,1.0788497217068644,1.2890500684602006,3132395244166079769,COARSE (n = 5)
plonk,witness_ms,9,cpu2,cpu8,within-round time ratio (from / to),1.7072493801576434,1.6942211227925512,1.6597964011757116,1.563590941535267,1.5489055318054707,1.6597964011757116,1.5489055318054707,1.7072493801576434,1.5489055318054707,1.7072493801576434,10700369640088694083,COARSE (n = 5)
plonk,witness_ms,10,cpu2,cpu4,within-round time ratio (from / to),1.3359889556789095,1.7612460401267158,1.500599428237681,2.0991638508676482,1.4232085838391395,1.500599428237681,1.3359889556789095,2.0991638508676482,1.3359889556789095,2.0991638508676482,4720594475506873339,COARSE (n = 5)
plonk,witness_ms,10,cpu4,cpu8,within-round time ratio (from / to),1.148704902867715,1.0196317697304669,1.1285689505637468,1.08231575032542,1.1966197377026608,1.1285689505637468,1.0196317697304669,1.1966197377026608,1.0196317697304669,1.1966197377026608,2409863420065668104,COARSE (n = 5)
plonk,witness_ms,10,cpu2,cpu8,within-round time ratio (from / to),1.5346570635654817,1.7958224168251804,1.6935299219427582,2.2719580983078163,1.7030394822897663,1.7030394822897663,1.5346570635654817,2.2719580983078163,1.5346570635654817,2.2719580983078163,13287789899434903037,COARSE (n = 5)
plonk,witness_ms,11,cpu2,cpu4,within-round time ratio (from / to),1.6228023251667203,1.7788846808277072,1.3404511468761882,1.7153597963472753,1.3421066146261298,1.6228023251667203,1.3404511468761882,1.7788846808277072,1.3404511468761882,1.7788846808277072,11788507441765460709,COARSE (n = 5)
plonk,witness_ms,11,cpu4,cpu8,within-round time ratio (from / to),1.012785783941922,1.1674356016916572,1.098604295012356,1.087914211187325,1.1491295367365004,1.098604295012356,1.012785783941922,1.1674356016916572,1.012785783941922,1.1674356016916572,10743211142128556683,COARSE (n = 5)
plonk,witness_ms,11,cpu2,cpu8,within-round time ratio (from / to),1.643551125076751,2.076733307702166,1.4726253872124186,1.8661642997455963,1.5422543523163175,1.643551125076751,1.4726253872124186,2.076733307702166,1.4726253872124186,2.076733307702166,4717439073876523501,COARSE (n = 5)
plonk,witness_ms,12,cpu2,cpu4,within-round time ratio (from / to),1.5634398364649549,1.3751908693289163,1.2112708541554547,1.2482504276732354,1.3340246545335914,1.3340246545335914,1.2112708541554547,1.5634398364649549,1.2112708541554547,1.5634398364649549,9845325584145945962,COARSE (n = 5)
plonk,witness_ms,12,cpu4,cpu8,within-round time ratio (from / to),1.0806451612903225,1.0528337874659401,1.1168321932510947,1.0837145471180238,1.09527820316488,1.0837145471180238,1.0528337874659401,1.1168321932510947,1.0528337874659401,1.1168321932510947,117117252429861867,COARSE (n = 5)
plonk,witness_ms,12,cpu2,cpu8,within-round time ratio (from / to),1.6895236942443868,1.4478474114441418,1.3527862846675636,1.35274714691578,1.4611281265952016,1.4478474114441418,1.35274714691578,1.6895236942443868,1.35274714691578,1.6895236942443868,5463721549774302703,COARSE (n = 5)
plonk,witness_ms,13,cpu2,cpu4,within-round time ratio (from / to),1.3702464702120332,1.426737602499024,1.3817205514067188,1.272795826030245,1.307068432502576,1.3702464702120332,1.272795826030245,1.426737602499024,1.272795826030245,1.426737602499024,14553965825413949712,COARSE (n = 5)
plonk,witness_ms,13,cpu4,cpu8,within-round time ratio (from / to),1.033847875289271,1.2031594092257096,1.1728453864676776,1.239948447095095,1.2670035542445417,1.2031594092257096,1.033847875289271,1.2670035542445417,1.033847875289271,1.2670035542445417,4551206065871154065,COARSE (n = 5)
plonk,witness_ms,13,cpu2,cpu8,within-round time ratio (from / to),1.416626401851334,1.716592770942831,1.6205445741049458,1.578201207955321,1.6560603496216058,1.6205445741049458,1.416626401851334,1.716592770942831,1.416626401851334,1.716592770942831,8453690266092005995,COARSE (n = 5)
plonk,witness_ms,14,cpu2,cpu4,within-round time ratio (from / to),1.2699463161791928,1.4396380176253198,1.2819250941521683,1.207899877345205,1.597551155740811,1.2819250941521683,1.207899877345205,1.597551155740811,1.207899877345205,1.597551155740811,14109715104829919914,COARSE (n = 5)
plonk,witness_ms,14,cpu4,cpu8,within-round time ratio (from / to),1.1030117406840225,1.0545618067352853,1.0495416848537755,1.0726014715197585,1.0439082278481011,1.0545618067352853,1.0439082278481011,1.1030117406840225,1.0439082278481011,1.1030117406840225,3682920108757767213,COARSE (n = 5)
plonk,witness_ms,14,cpu2,cpu8,within-round time ratio (from / to),1.4007656967840734,1.518187268911762,1.3454338231728018,1.2955951858890027,1.667696795886076,1.4007656967840734,1.2955951858890027,1.667696795886076,1.2955951858890027,1.667696795886076,5447243569376773828,COARSE (n = 5)
plonk,witness_ms,15,cpu2,cpu4,within-round time ratio (from / to),1.2138916750250752,1.5297651120557185,1.9866704828883346,1.4416301919133176,1.4455888028927217,1.4455888028927217,1.2138916750250752,1.9866704828883346,1.2138916750250752,1.9866704828883346,4005631675348813448,COARSE (n = 5)
plonk,witness_ms,15,cpu4,cpu8,within-round time ratio (from / to),1.0705598116753052,1.0141264090991884,0.7988176310159555,1.0724109634006236,0.9637424381839894,1.0141264090991884,0.7988176310159555,1.0724109634006236,0.7988176310159555,1.0724109634006236,6846672075793387558,COARSE (n = 5)
plonk,witness_ms,15,cpu2,cpu8,within-round time ratio (from / to),1.2995436430090652,1.5513751998542835,1.5869874087501838,1.546020022977187,1.3931752775113062,1.546020022977187,1.2995436430090652,1.5869874087501838,1.2995436430090652,1.5869874087501838,14941398381082196144,COARSE (n = 5)
plonk,prove_ms,5,cpu2,cpu4,within-round time ratio (from / to),1.1107451107415205,1.0915368714563507,1.0930455598799922,1.087368892207659,1.1041170778125695,1.0930455598799922,1.087368892207659,1.1107451107415205,1.087368892207659,1.1107451107415205,1651220455365542303,COARSE (n = 5)
plonk,prove_ms,5,cpu4,cpu8,within-round time ratio (from / to),1.0370344902935391,1.067393318958369,1.0447811093652295,1.0755544847001535,1.0548812169470694,1.0548812169470694,1.0370344902935391,1.0755544847001535,1.0370344902935391,1.0755544847001535,2987678856096245877,COARSE (n = 5)
plonk,prove_ms,5,cpu2,cpu8,within-round time ratio (from / to),1.1518809897638735,1.165099163989229,1.1419933526381565,1.1695244885373852,1.1647123666949655,1.1647123666949655,1.1419933526381565,1.1695244885373852,1.1419933526381565,1.1695244885373852,6727949388488746368,COARSE (n = 5)
plonk,prove_ms,6,cpu2,cpu4,within-round time ratio (from / to),1.11062373425821,1.096962266411238,1.0937017978277386,1.0917196460771332,1.1033410521713842,1.096962266411238,1.0917196460771332,1.11062373425821,1.0917196460771332,1.11062373425821,14365658597782644466,COARSE (n = 5)
plonk,prove_ms,6,cpu4,cpu8,within-round time ratio (from / to),1.0376722747808031,1.0607613744237971,1.0446736564737182,1.0752139483718166,1.0466129588775703,1.0466129588775703,1.0376722747808031,1.0752139483718166,1.0376722747808031,1.0752139483718166,6840052855543910294,COARSE (n = 5)
plonk,prove_ms,6,cpu2,cpu8,within-round time ratio (from / to),1.152463456753267,1.1636152014094283,1.142561456228583,1.1738321911736767,1.1547710432641842,1.1547710432641842,1.142561456228583,1.1738321911736767,1.142561456228583,1.1738321911736767,7906691664483739043,COARSE (n = 5)
plonk,prove_ms,7,cpu2,cpu4,within-round time ratio (from / to),1.1122944280875642,1.1081285104157403,1.090892756422588,1.0945349141172762,1.1004550383190161,1.1004550383190161,1.090892756422588,1.1122944280875642,1.090892756422588,1.1122944280875642,18192024519994224961,COARSE (n = 5)
plonk,prove_ms,7,cpu4,cpu8,within-round time ratio (from / to),1.0377066441536762,1.0469590192257139,1.0540219485431073,1.0746178360495757,1.0487806415223027,1.0487806415223027,1.0377066441536762,1.0746178360495757,1.0377066441536762,1.0746178360495757,472379265611449259,COARSE (n = 5)
plonk,prove_ms,7,cpu2,cpu8,within-round time ratio (from / to),1.1542353182815788,1.1601651384409146,1.1498249087760977,1.1762067408894155,1.154135941054668,1.1542353182815788,1.1498249087760977,1.1762067408894155,1.1498249087760977,1.1762067408894155,15493817882477707416,COARSE (n = 5)
plonk,prove_ms,8,cpu2,cpu4,within-round time ratio (from / to),1.1140225807633644,1.0962637596093119,1.0874089606802293,1.09029855299851,1.0988378815519138,1.0962637596093119,1.0874089606802293,1.1140225807633644,1.0874089606802293,1.1140225807633644,16427383641511056411,COARSE (n = 5)
plonk,prove_ms,8,cpu4,cpu8,within-round time ratio (from / to),1.0318885175390693,1.060587577192195,1.056465735267551,1.0747194034850513,1.058362460529599,1.058362460529599,1.0318885175390693,1.0747194034850513,1.0318885175390693,1.0747194034850513,16465352867611505252,COARSE (n = 5)
plonk,prove_ms,8,cpu2,cpu8,within-round time ratio (from / to),1.149547109368956,1.1626837247676471,1.1488103071815619,1.1717650104991735,1.1629687640424156,1.1626837247676471,1.1488103071815619,1.1717650104991735,1.1488103071815619,1.1717650104991735,2280322371171122253,COARSE (n = 5)
plonk,prove_ms,9,cpu2,cpu4,within-round time ratio (from / to),1.1111014603591698,1.0990276720835728,1.0893622479467124,1.0958561017748516,1.1041651207653689,1.0990276720835728,1.0893622479467124,1.1111014603591698,1.0893622479467124,1.1111014603591698,180326383487648960,COARSE (n = 5)
plonk,prove_ms,9,cpu4,cpu8,within-round time ratio (from / to),1.0584976997049598,1.0623058070734934,1.052828445641668,1.071510361168377,1.0562114803976892,1.0584976997049598,1.052828445641668,1.071510361168377,1.052828445641668,1.071510361168377,10071947013494030911,COARSE (n = 5)
plonk,prove_ms,9,cpu2,cpu8,within-round time ratio (from / to),1.1760983399290026,1.1675034781888423,1.1469115622464507,1.174221167401341,1.1662318768070834,1.1675034781888423,1.1469115622464507,1.1760983399290026,1.1469115622464507,1.1760983399290026,10954717449291278761,COARSE (n = 5)
plonk,prove_ms,10,cpu2,cpu4,within-round time ratio (from / to),1.1125835188867421,1.1020529762362827,1.0987814142802546,1.0952079061859006,1.0968639825843363,1.0987814142802546,1.0952079061859006,1.1125835188867421,1.0952079061859006,1.1125835188867421,17742418732264575770,COARSE (n = 5)
plonk,prove_ms,10,cpu4,cpu8,within-round time ratio (from / to),1.0619821479974452,1.060122572723579,1.052676381410823,1.0742426516096124,1.0573250936494076,1.060122572723579,1.052676381410823,1.0742426516096124,1.052676381410823,1.0742426516096124,14026834213245260921,COARSE (n = 5)
plonk,prove_ms,10,cpu2,cpu8,within-round time ratio (from / to),1.1815438352138985,1.1683112364452852,1.156661243146005,1.1765190452049534,1.1597418131066455,1.1683112364452852,1.156661243146005,1.1815438352138985,1.156661243146005,1.1815438352138985,4223472432644320594,COARSE (n = 5)
plonk,prove_ms,11,cpu2,cpu4,within-round time ratio (from / to),1.1275393881648348,1.1067202525872042,1.0975860663682488,1.1093048495677151,1.1146946339494708,1.1093048495677151,1.0975860663682488,1.1275393881648348,1.0975860663682488,1.1275393881648348,1122616119456602528,COARSE (n = 5)
plonk,prove_ms,11,cpu4,cpu8,within-round time ratio (from / to),1.017250809257382,1.0482784106422336,1.044409087180325,1.0506171831875049,1.0425313515905739,1.044409087180325,1.017250809257382,1.0506171831875049,1.017250809257382,1.0506171831875049,9569863625164012862,COARSE (n = 5)
plonk,prove_ms,11,cpu2,cpu8,within-round time ratio (from / to),1.1469903550802514,1.1601509474076857,1.1463288616775065,1.1654547363490717,1.1621041033421018,1.1601509474076857,1.1463288616775065,1.1654547363490717,1.1463288616775065,1.1654547363490717,10676441916796781519,COARSE (n = 5)
plonk,prove_ms,12,cpu2,cpu4,within-round time ratio (from / to),1.1178886686085665,1.1105090011946297,1.1002817906306455,1.0968944336243898,1.115560866650546,1.1105090011946297,1.0968944336243898,1.1178886686085665,1.0968944336243898,1.1178886686085665,1239357190814587593,COARSE (n = 5)
plonk,prove_ms,12,cpu4,cpu8,within-round time ratio (from / to),1.0515273067477766,1.0427847501888396,1.039969332860972,1.0590619201622375,1.0306967439374137,1.0427847501888396,1.0306967439374137,1.0590619201622375,1.0306967439374137,1.0590619201622375,11282192230620224189,COARSE (n = 5)
plonk,prove_ms,12,cpu2,cpu8,within-round time ratio (from / to),1.1754904609458239,1.1580218513932,1.144259319761228,1.1616791250895164,1.1498049529207173,1.1580218513932,1.144259319761228,1.1754904609458239,1.144259319761228,1.1754904609458239,10420080639613379535,COARSE (n = 5)
plonk,prove_ms,13,cpu2,cpu4,within-round time ratio (from / to),1.1231107242635687,1.1082686954092393,1.097031277802345,1.126016749681518,1.1165572727081066,1.1165572727081066,1.097031277802345,1.126016749681518,1.097031277802345,1.126016749681518,8153284847537962969,COARSE (n = 5)
plonk,prove_ms,13,cpu4,cpu8,within-round time ratio (from / to),1.0532121682919071,1.03466868131493,1.0350933687549644,1.0477181966345521,1.0372573496141944,1.0372573496141944,1.03466868131493,1.0532121682919071,1.03466868131493,1.0532121682919071,6632474535475592994,COARSE (n = 5)
plonk,prove_ms,13,cpu2,cpu8,within-round time ratio (from / to),1.1828738811335273,1.1466909096216955,1.1355298009699926,1.17974823835662,1.158157237381664,1.158157237381664,1.1355298009699926,1.1828738811335273,1.1355298009699926,1.1828738811335273,15432990037919480686,COARSE (n = 5)
plonk,prove_ms,14,cpu2,cpu4,within-round time ratio (from / to),1.1241738706203142,1.1106551785976324,1.1064516768741617,1.1172356127951788,1.1107125526854846,1.1107125526854846,1.1064516768741617,1.1241738706203142,1.1064516768741617,1.1241738706203142,17184745028033114787,COARSE (n = 5)
plonk,prove_ms,14,cpu4,cpu8,within-round time ratio (from / to),1.0163412970001175,1.0348539334184501,1.0312465635744403,1.0504250777853419,1.0437567535204424,1.0348539334184501,1.0163412970001175,1.0504250777853419,1.0163412970001175,1.0504250777853419,807663653467587908,COARSE (n = 5)
plonk,prove_ms,14,cpu2,cpu8,within-round time ratio (from / to),1.1425443297198925,1.1493658802433313,1.1410244895376562,1.1735723054749296,1.159313728085405,1.1493658802433313,1.1410244895376562,1.1735723054749296,1.1410244895376562,1.1735723054749296,12936684115454738059,COARSE (n = 5)
plonk,prove_ms,15,cpu2,cpu4,within-round time ratio (from / to),1.1193840375803168,1.1070729146637581,1.1043038527311975,1.1006655797944946,1.112621904882977,1.1070729146637581,1.1006655797944946,1.1193840375803168,1.1006655797944946,1.1193840375803168,16173275754279966037,COARSE (n = 5)
plonk,prove_ms,15,cpu4,cpu8,within-round time ratio (from / to),1.0284753837686083,1.0426660755236463,1.0420880245783897,1.0618511672395547,1.0300629977756914,1.0420880245783897,1.0284753837686083,1.0618511672395547,1.0284753837686083,1.0618511672395547,11165884109785590740,COARSE (n = 5)
plonk,prove_ms,15,cpu2,cpu8,within-round time ratio (from / to),1.1512589276348706,1.1543073712509853,1.1507818204269586,1.1687430306451856,1.1460706547346595,1.1512589276348706,1.1460706547346595,1.1687430306451856,1.1460706547346595,1.1687430306451856,11511818366827656014,COARSE (n = 5)
plonk,verify_first_ms,5,cpu2,cpu4,within-round time ratio (from / to),1.882105713064539,0.9104261000812726,1.271891993249578,0.8747659931573172,1.0183820847618354,1.0183820847618354,0.8747659931573172,1.882105713064539,0.8747659931573172,1.882105713064539,15092503944117343766,COARSE (n = 5)
plonk,verify_first_ms,5,cpu4,cpu8,within-round time ratio (from / to),1.030614492328023,1.0434940634843712,1.119359126845309,1.2238110285985149,1.0796188376122224,1.0796188376122224,1.030614492328023,1.2238110285985149,1.030614492328023,1.2238110285985149,5517038846335629429,COARSE (n = 5)
plonk,verify_first_ms,5,cpu2,cpu8,within-round time ratio (from / to),1.9397254239776813,0.9500242306760359,1.4237039110053873,1.0705482698688578,1.0994644825956843,1.0994644825956843,0.9500242306760359,1.9397254239776813,0.9500242306760359,1.9397254239776813,1244134870557344234,COARSE (n = 5)
plonk,verify_first_ms,6,cpu2,cpu4,within-round time ratio (from / to),1.1163144080674126,1.49564907275321,1.4396474645548603,1.1352681851579722,1.0564405383136501,1.1352681851579722,1.0564405383136501,1.49564907275321,1.0564405383136501,1.49564907275321,8070242969760706028,COARSE (n = 5)
plonk,verify_first_ms,6,cpu4,cpu8,within-round time ratio (from / to),1.0761911841225005,1.1122570408568029,1.0124143282038018,0.9240901683867463,0.9539529704591603,1.0124143282038018,0.9240901683867463,1.1122570408568029,0.9240901683867463,1.1122570408568029,16942971692423371831,COARSE (n = 5)
plonk,verify_first_ms,6,cpu2,cpu8,within-round time ratio (from / to),1.201367724671077,1.663546211820706,1.4575197206776156,1.0490901683867464,1.007794589637781,1.201367724671077,1.007794589637781,1.663546211820706,1.007794589637781,1.663546211820706,6867140216813677406,COARSE (n = 5)
plonk,verify_first_ms,7,cpu2,cpu4,within-round time ratio (from / to),1.0892168144588101,0.8192893976313255,0.7879838243789716,1.100927585116475,1.1791486455725015,1.0892168144588101,0.7879838243789716,1.1791486455725015,0.7879838243789716,1.1791486455725015,15518402983397117503,COARSE (n = 5)
plonk,verify_first_ms,7,cpu4,cpu8,within-round time ratio (from / to),1.0197418375094913,1.2735998845265588,1.3586157688191223,1.224682114503324,0.8461637239165329,1.224682114503324,0.8461637239165329,1.3586157688191223,0.8461637239165329,1.3586157688191223,12624745981077173458,COARSE (n = 5)
plonk,verify_first_ms,7,cpu2,cpu8,within-round time ratio (from / to),1.1107199558224616,1.0434468822170901,1.0705672493756688,1.348286322855483,0.9977528089887641,1.0705672493756688,0.9977528089887641,1.348286322855483,0.9977528089887641,1.348286322855483,7682970932266816225,COARSE (n = 5)
plonk,verify_first_ms,8,cpu2,cpu4,within-round time ratio (from / to),1.1176373262739907,0.7751261501929356,1.346163986290535,1.0717644544191514,0.8182581909829179,1.0717644544191514,0.7751261501929356,1.346163986290535,0.7751261501929356,1.346163986290535,8556152474799661874,COARSE (n = 5)
plonk,verify_first_ms,8,cpu4,cpu8,within-round time ratio (from / to),1.2894325131560236,1.398737856015943,1.0858860578299456,1.2907097041175253,1.290940640589979,1.2907097041175253,1.0858860578299456,1.398737856015943,1.0858860578299456,1.398737856015943,7242038182775132064,COARSE (n = 5)
plonk,verify_first_ms,8,cpu2,cpu8,within-round time ratio (from / to),1.4411179064144504,1.0841982894627586,1.4617807042656743,1.3833367818470237,1.0563227532354855,1.3833367818470237,1.0563227532354855,1.4617807042656743,1.0563227532354855,1.4617807042656743,15042720657710372025,COARSE (n = 5)
plonk,verify_first_ms,9,cpu2,cpu4,within-round time ratio (from / to),1.0894565539007792,1.3624824793645849,1.4190138346931536,0.8187233086086761,1.1231019218916345,1.1231019218916345,0.8187233086086761,1.4190138346931536,0.8187233086086761,1.4190138346931536,9214829152816559598,COARSE (n = 5)
plonk,verify_first_ms,9,cpu4,cpu8,within-round time ratio (from / to),1.4484285714285714,0.9512592592592592,0.9873905429071804,1.1450263801312572,1.3799582463465554,1.1450263801312572,0.9512592592592592,1.4484285714285714,0.9512592592592592,1.4484285714285714,7244597247802466396,COARSE (n = 5)
plonk,verify_first_ms,9,cpu2,cpu8,within-round time ratio (from / to),1.5779999999999998,1.2960740740740742,1.401120840630473,0.9374597863852786,1.5498337586020259,1.401120840630473,0.9374597863852786,1.5779999999999998,0.9374597863852786,1.5779999999999998,12776270464375454307,COARSE (n = 5)
plonk,verify_first_ms,10,cpu2,cpu4,within-round time ratio (from / to),1.3043504386492009,0.9910835332151424,1.1105485734707248,1.2005266356086692,0.8777836691410392,1.1105485734707248,0.8777836691410392,1.3043504386492009,0.8777836691410392,1.3043504386492009,12214551129267603003,COARSE (n = 5)
plonk,verify_first_ms,10,cpu4,cpu8,within-round time ratio (from / to),1.0189187534439479,1.1866105679990102,1.0710685805422648,1.081805565700095,1.3721353219352492,1.081805565700095,1.0189187534439479,1.3721353219352492,1.0189187534439479,1.3721353219352492,15994130762727318244,COARSE (n = 5)
plonk,verify_first_ms,10,cpu2,cpu8,within-round time ratio (from / to),1.3290271230025104,1.176030194282886,1.1894736842105262,1.2987363961726681,1.204437977446344,1.204437977446344,1.176030194282886,1.3290271230025104,1.176030194282886,1.3290271230025104,17602982593280127636,COARSE (n = 5)
plonk,verify_first_ms,11,cpu2,cpu4,within-round time ratio (from / to),0.8269127396523922,1.1335800572585715,1.3595668485675307,1.7577476714648603,1.02333746385791,1.1335800572585715,0.8269127396523922,1.7577476714648603,0.8269127396523922,1.7577476714648603,3225025303087650562,COARSE (n = 5)
plonk,verify_first_ms,11,cpu4,cpu8,within-round time ratio (from / to),1.0409076779608328,1.1276377952755905,0.8298308922380245,0.8382426006104053,0.8843835616438356,0.8843835616438356,0.8298308922380245,1.1276377952755905,0.8298308922380245,1.1276377952755905,13185780777921159504,COARSE (n = 5)
plonk,verify_first_ms,11,cpu2,cpu8,within-round time ratio (from / to),0.8607398197078023,1.2782677165354333,1.128210571004033,1.4734189793455887,0.9050228310502283,1.128210571004033,0.8607398197078023,1.4734189793455887,0.8607398197078023,1.4734189793455887,3443898554147021000,COARSE (n = 5)
plonk,verify_first_ms,12,cpu2,cpu4,within-round time ratio (from / to),1.0376752336448598,1.1198008942883657,1.1444416435593647,1.4113019203113104,1.3432107079720514,1.1444416435593647,1.0376752336448598,1.4113019203113104,1.0376752336448598,1.4113019203113104,6131898072790976296,COARSE (n = 5)
plonk,verify_first_ms,12,cpu4,cpu8,within-round time ratio (from / to),1.0850895262240532,0.814919216225507,0.7180090497737557,0.8338741534988713,0.796980878899698,0.814919216225507,0.7180090497737557,1.0850895262240532,0.7180090497737557,1.0850895262240532,8328981959682015532,COARSE (n = 5)
plonk,verify_first_ms,12,cpu2,cpu8,within-round time ratio (from / to),1.1259705276501346,0.9125472671020969,0.8217194570135746,1.1768481941309255,1.0705132505870514,1.0705132505870514,0.8217194570135746,1.1768481941309255,0.8217194570135746,1.1768481941309255,8919905942275190650,COARSE (n = 5)
plonk,verify_first_ms,13,cpu2,cpu4,within-round time ratio (from / to),1.5198762917703856,1.011389521640091,1.1535518216602896,1.1635442260442261,1.0047130221447478,1.1535518216602896,1.0047130221447478,1.5198762917703856,1.0047130221447478,1.5198762917703856,11429025603128241441,COARSE (n = 5)
plonk,verify_first_ms,13,cpu4,cpu8,within-round time ratio (from / to),0.8799867241951543,0.7495257366890097,0.8969633664105051,0.8625736803761838,0.9565834980237155,0.8799867241951543,0.7495257366890097,0.9565834980237155,0.7495257366890097,0.9565834980237155,8829206785158259519,COARSE (n = 5)
plonk,verify_first_ms,13,cpu2,cpu8,within-round time ratio (from / to),1.3374709591769003,0.7580624762868344,1.0346937252853838,1.0036426253394264,0.9610918972332015,1.0036426253394264,0.7580624762868344,1.3374709591769003,0.7580624762868344,1.3374709591769003,9466123162753584311,COARSE (n = 5)
plonk,verify_first_ms,14,cpu2,cpu4,within-round time ratio (from / to),1.0859058309946992,1.1867460796139928,1.0156356220258327,1.7215666582977656,1.0083815271142402,1.0859058309946992,1.0083815271142402,1.7215666582977656,1.0083815271142402,1.7215666582977656,15861092519378404147,COARSE (n = 5)
plonk,verify_first_ms,14,cpu4,cpu8,within-round time ratio (from / to),0.8047678795483061,0.9193235375658441,0.9143034729236268,0.8458271395200679,0.8115222418718541,0.8458271395200679,0.8047678795483061,0.9193235375658441,0.8047678795483061,0.9193235375658441,15300894088779971432,COARSE (n = 5)
plonk,verify_first_ms,14,cpu2,cpu8,within-round time ratio (from / to),0.8739021329987453,1.0910036041031328,0.9285991764431668,1.4561478020811214,0.8183240375459122,0.9285991764431668,0.8183240375459122,1.4561478020811214,0.8183240375459122,1.4561478020811214,11626207011753491513,COARSE (n = 5)
plonk,verify_first_ms,15,cpu2,cpu4,within-round time ratio (from / to),1.292617237008872,1.3262620140271886,0.9884087616125458,1.5083008186060745,1.59595207976784,1.3262620140271886,0.9884087616125458,1.59595207976784,0.9884087616125458,1.59595207976784,6822111368170784305,COARSE (n = 5)
plonk,verify_first_ms,15,cpu4,cpu8,within-round time ratio (from / to),0.8747228381374723,0.7694716503431274,0.7935208981468957,0.9550635686102587,0.9753247695768924,0.8747228381374723,0.7694716503431274,0.9753247695768924,0.7694716503431274,0.9753247695768924,16587946339173399590,COARSE (n = 5)
plonk,verify_first_ms,15,cpu2,cpu8,within-round time ratio (from / to),1.1306818181818183,1.0205210207209008,0.7843230082510483,1.440523162355692,1.5565715944553307,1.1306818181818183,0.7843230082510483,1.5565715944553307,0.7843230082510483,1.5565715944553307,10018021348831698208,COARSE (n = 5)
plonk,verify_steady_ms,5,cpu2,cpu4,within-round time ratio (from / to),0.9570887302846066,1.1738939220687836,1.1359649122807018,1.0953221535745807,1.0225040185747454,1.0953221535745807,0.9570887302846066,1.1738939220687836,0.9570887302846066,1.1738939220687836,12373438426168050930,COARSE (n = 5)
plonk,verify_steady_ms,5,cpu4,cpu8,within-round time ratio (from / to),1.0140278770550393,1.0053944110364343,0.9992844364937389,0.993423936869794,0.9902723735408561,0.9992844364937389,0.9902723735408561,1.0140278770550393,0.9902723735408561,1.0140278770550393,2375569179346519635,COARSE (n = 5)
plonk,verify_steady_ms,5,cpu2,cpu8,within-round time ratio (from / to),0.9705146533238027,1.1802263883975948,1.1351520572450806,1.088119245944761,1.0125574814290768,1.088119245944761,0.9705146533238027,1.1802263883975948,0.9705146533238027,1.1802263883975948,18013051042292233365,COARSE (n = 5)
plonk,verify_steady_ms,6,cpu2,cpu4,within-round time ratio (from / to),0.9684461728831537,0.9706998499691114,1.000979519145147,0.9865021900420131,0.9756247800070397,0.9756247800070397,0.9684461728831537,1.000979519145147,0.9684461728831537,1.000979519145147,9661744791994974261,COARSE (n = 5)
plonk,verify_steady_ms,6,cpu4,cpu8,within-round time ratio (from / to),1.0292940320232895,1.003720435822482,0.961061189559264,0.9870301746956062,1.0153681200857756,1.003720435822482,0.961061189559264,1.0292940320232895,0.961061189559264,1.0292940320232895,7470990831650665996,COARSE (n = 5)
plonk,verify_steady_ms,6,cpu2,cpu8,within-round time ratio (from / to),0.9968158660844251,0.9743112764638144,0.962002567394095,0.9737074289747661,0.9906182987848463,0.9743112764638144,0.962002567394095,0.9968158660844251,0.962002567394095,0.9968158660844251,2874727918566142143,COARSE (n = 5)
plonk,verify_steady_ms,7,cpu2,cpu4,within-round time ratio (from / to),0.9943602396898131,0.9833348186436147,0.9933285250631085,1.0295219815373364,0.9881704171484479,0.9933285250631085,0.9833348186436147,1.0295219815373364,0.9833348186436147,1.0295219815373364,12681487082187150087,COARSE (n = 5)
plonk,verify_steady_ms,7,cpu4,cpu8,within-round time ratio (from / to),1.0047812998052064,1.0179624421663793,0.9972129821091433,0.9280685384680636,1.0053652865957257,1.0047812998052064,0.9280685384680636,1.0179624421663793,0.9280685384680636,1.0179624421663793,12949704739875180347,COARSE (n = 5)
plonk,verify_steady_ms,7,cpu2,cpu8,within-round time ratio (from / to),0.999114574110147,1.000997913453688,0.9905601006922594,0.9554669607261006,0.9934722346418671,0.9934722346418671,0.9554669607261006,1.000997913453688,0.9554669607261006,1.000997913453688,4743859153342916156,COARSE (n = 5)
plonk,verify_steady_ms,8,cpu2,cpu4,within-round time ratio (from / to),0.9802508673605551,0.9945045204750931,0.9894141921593254,0.974153140437544,1.0723435703728033,0.9894141921593254,0.974153140437544,1.0723435703728033,0.974153140437544,1.0723435703728033,14237750665049582256,COARSE (n = 5)
plonk,verify_steady_ms,8,cpu4,cpu8,within-round time ratio (from / to),1.0011578197363733,0.9988490482514387,0.9962463133434624,1.0055885744699726,1.0182274247491638,1.0011578197363733,0.9962463133434624,1.0182274247491638,0.9962463133434624,1.0182274247491638,15789243817828932406,COARSE (n = 5)
plonk,verify_steady_ms,8,cpu2,cpu8,within-round time ratio (from / to),0.9813858211613823,0.9933598937583002,0.9857002413084279,0.9795972678080369,1.0918896321070233,0.9857002413084279,0.9795972678080369,1.0918896321070233,0.9795972678080369,1.0918896321070233,5062580306905486204,COARSE (n = 5)
plonk,verify_steady_ms,9,cpu2,cpu4,within-round time ratio (from / to),1.0446086480569239,1.1691715870459831,1.0285409442518005,0.9991485738612176,0.9567618883231208,1.0285409442518005,0.9567618883231208,1.1691715870459831,0.9567618883231208,1.1691715870459831,16317371427543855755,COARSE (n = 5)
plonk,verify_steady_ms,9,cpu4,cpu8,within-round time ratio (from / to),0.9941955378196989,0.993423391397085,1.0019599109131403,1.0297211993687532,1.0346459505312975,1.0019599109131403,0.993423391397085,1.0346459505312975,0.993423391397085,1.0346459505312975,13703763194287870107,COARSE (n = 5)
plonk,verify_steady_ms,9,cpu2,cpu8,within-round time ratio (from / to),1.038545256666062,1.1614824031283328,1.0305567928730512,1.0288444678239521,0.9899098133761943,1.0305567928730512,0.9899098133761943,1.1614824031283328,0.9899098133761943,1.1614824031283328,5225075778665836084,COARSE (n = 5)
plonk,verify_steady_ms,10,cpu2,cpu4,within-round time ratio (from / to),0.9309995782370308,1.0032482179915185,0.9332206255283177,0.9636999417200899,0.9793085385018334,0.9636999417200899,0.9309995782370308,1.0032482179915185,0.9309995782370308,1.0032482179915185,2369003218913534238,COARSE (n = 5)
plonk,verify_steady_ms,10,cpu4,cpu8,within-round time ratio (from / to),1.0564070575654965,0.980449398443029,1.0612720911455997,1.0707854149950966,0.9884363134276839,1.0564070575654965,0.980449398443029,1.0707854149950966,0.980449398443029,1.0707854149950966,510326580848559831,COARSE (n = 5)
plonk,verify_steady_ms,10,cpu2,cpu8,within-round time ratio (from / to),0.9835145250401,0.9836341118188251,0.9904010047546424,1.0319158420254968,0.9679841215050053,0.9836341118188251,0.9679841215050053,1.0319158420254968,0.9679841215050053,1.0319158420254968,17714561712433369659,COARSE (n = 5)
plonk,verify_steady_ms,11,cpu2,cpu4,within-round time ratio (from / to),0.9823194748358862,1.0789006342494714,1.3830097529851426,1.1901980469106508,1.5161821173889192,1.1901980469106508,0.9823194748358862,1.5161821173889192,0.9823194748358862,1.5161821173889192,13343505044352613643,COARSE (n = 5)
plonk,verify_steady_ms,11,cpu4,cpu8,within-round time ratio (from / to),1.0233787173056252,1.0494320198793041,0.9808672329012069,0.9703329791002481,0.9425247738043947,0.9808672329012069,0.9425247738043947,1.0494320198793041,0.9425247738043947,1.0494320198793041,17646759652220443219,COARSE (n = 5)
plonk,verify_steady_ms,11,cpu2,cpu8,within-round time ratio (from / to),1.0052848441418847,1.1322328718494852,1.3565489494859186,1.1548884165781084,1.4290392072382594,1.1548884165781084,1.0052848441418847,1.4290392072382594,1.0052848441418847,1.4290392072382594,3275255684793630017,COARSE (n = 5)
plonk,verify_steady_ms,12,cpu2,cpu4,within-round time ratio (from / to),0.9723899147727273,0.9520766773162939,0.9895114298520844,1.0680091856562446,0.9307086614173228,0.9723899147727273,0.9307086614173228,1.0680091856562446,0.9307086614173228,1.0680091856562446,12915572092937024928,COARSE (n = 5)
plonk,verify_steady_ms,12,cpu4,cpu8,within-round time ratio (from / to),1.0084153983885407,1.0569625877543767,0.9940295847442523,0.9772138788192646,1.0694973849836007,1.0084153983885407,0.9772138788192646,1.0694973849836007,0.9772138788192646,1.0694973849836007,2061469468937084727,COARSE (n = 5)
plonk,verify_steady_ms,12,cpu2,cpu8,within-round time ratio (from / to),0.9805729632945389,1.0063094285968186,0.9836036357155588,1.0436733989297429,0.9953904795674141,0.9953904795674141,0.9805729632945389,1.0436733989297429,0.9805729632945389,1.0436733989297429,7153133955138236172,COARSE (n = 5)
plonk,verify_steady_ms,13,cpu2,cpu4,within-round time ratio (from / to),1.0640885831725528,0.9585158694680375,1.0057649667405764,1.1468730539987546,0.9759185700099304,1.0057649667405764,0.9585158694680375,1.1468730539987546,0.9585158694680375,1.1468730539987546,1540132073645247887,COARSE (n = 5)
plonk,verify_steady_ms,13,cpu4,cpu8,within-round time ratio (from / to),1.0437790035898784,0.9955496217178461,1.004633342243607,0.9992888256733932,1.0631708604610242,1.004633342243607,0.9955496217178461,1.0631708604610242,0.9955496217178461,1.0631708604610242,990260965794081642,COARSE (n = 5)
plonk,verify_steady_ms,13,cpu2,cpu8,within-round time ratio (from / to),1.1106733210752124,0.9542501112594571,1.0104250200481153,1.1460574273268733,1.03756818581735,1.03756818581735,0.9542501112594571,1.1460574273268733,0.9542501112594571,1.1460574273268733,11670929798113158135,COARSE (n = 5)
plonk,verify_steady_ms,14,cpu2,cpu4,within-round time ratio (from / to),1.0447217415065126,1.0005447612130016,0.9787177675732956,0.9797733217088055,1.1923973462435002,1.0005447612130016,0.9787177675732956,1.1923973462435002,0.9787177675732956,1.1923973462435002,8927921256098797734,COARSE (n = 5)
plonk,verify_steady_ms,14,cpu4,cpu8,within-round time ratio (from / to),0.9769531945185976,0.9686043443848386,1.0140592818124832,1.01405711254531,0.9753410283315844,0.9769531945185976,0.9686043443848386,1.0140592818124832,0.9686043443848386,1.0140592818124832,14935035965040365896,COARSE (n = 5)
plonk,verify_steady_ms,14,cpu2,cpu8,within-round time ratio (from / to),1.02064424274782,0.9691320024624043,0.9924778364824931,0.9935461055609583,1.1629940538649879,0.9935461055609583,0.9691320024624043,1.1629940538649879,0.9691320024624043,1.1629940538649879,4249129423673565606,COARSE (n = 5)
plonk,verify_steady_ms,15,cpu2,cpu4,within-round time ratio (from / to),1.016293841480254,1.1781417730890247,1.1507207207207206,0.9899123971329971,1.4012061014544166,1.1507207207207206,0.9899123971329971,1.4012061014544166,0.9899123971329971,1.4012061014544166,17629334843157386847,COARSE (n = 5)
plonk,verify_steady_ms,15,cpu4,cpu8,within-round time ratio (from / to),0.9625199362041468,0.9648214285714286,1.002710027100271,1.0032848011363638,0.9998226635928356,0.9998226635928356,0.9625199362041468,1.0032848011363638,0.9625199362041468,1.0032848011363638,3305753105636984158,COARSE (n = 5)
plonk,verify_steady_ms,15,cpu2,cpu8,within-round time ratio (from / to),0.9782030834662413,1.1366964285714287,1.1538392050587172,0.9931640625,1.4009576165986877,1.1366964285714287,0.9782030834662413,1.4009576165986877,0.9782030834662413,1.4009576165986877,681894385661387479,COARSE (n = 5)
plonk,wall_ms,5,cpu2,cpu4,within-round time ratio (from / to),1.1113524719726622,1.091876869578068,1.0935853980195382,1.087613945742046,1.1046127831914128,1.0935853980195382,1.087613945742046,1.1113524719726622,1.087613945742046,1.1113524719726622,16516004636977909466,COARSE (n = 5)
plonk,wall_ms,5,cpu4,cpu8,within-round time ratio (from / to),1.0374501664863713,1.067363878126916,1.0448764867775562,1.075961947893743,1.055088713898085,1.055088713898085,1.0374501664863713,1.075961947893743,1.0374501664863713,1.075961947893743,11563099605117872795,COARSE (n = 5)
plonk,wall_ms,5,cpu2,cpu8,within-round time ratio (from / to),1.1529728070730787,1.1654299299499236,1.1426616686738906,1.1702312196170115,1.1654644807728118,1.1654299299499236,1.1426616686738906,1.1702312196170115,1.1426616686738906,1.1702312196170115,5591569809562144621,COARSE (n = 5)
plonk,wall_ms,6,cpu2,cpu4,within-round time ratio (from / to),1.1110621246558954,1.0983526111876563,1.0945221837217038,1.0926003642729818,1.103886530136402,1.0983526111876563,1.0926003642729818,1.1110621246558954,1.0926003642729818,1.1110621246558954,8091132675263751169,COARSE (n = 5)
plonk,wall_ms,6,cpu4,cpu8,within-round time ratio (from / to),1.037890321695237,1.0607662558587792,1.044634771026251,1.075418170211784,1.0465333861343549,1.0465333861343549,1.037890321695237,1.075418170211784,1.037890321695237,1.075418170211784,1265613093965424292,COARSE (n = 5)
plonk,wall_ms,6,cpu2,cpu8,within-round time ratio (from / to),1.153160625982501,1.1650953869822436,1.1433759307752744,1.1750022845191785,1.1552541082917522,1.1552541082917522,1.1433759307752744,1.1750022845191785,1.1433759307752744,1.1750022845191785,2147236392733835029,COARSE (n = 5)
plonk,wall_ms,7,cpu2,cpu4,within-round time ratio (from / to),1.1125384859217773,1.1089201745548947,1.0911340871533832,1.094696691373212,1.1014098876623688,1.1014098876623688,1.0911340871533832,1.1125384859217773,1.0911340871533832,1.1125384859217773,4372369512314988211,COARSE (n = 5)
plonk,wall_ms,7,cpu4,cpu8,within-round time ratio (from / to),1.0379141668416365,1.0471689564669275,1.0543748003715383,1.074894635873647,1.0486568583134521,1.0486568583134521,1.0379141668416365,1.074894635873647,1.0379141668416365,1.074894635873647,1158642761743344055,COARSE (n = 5)
plonk,wall_ms,7,cpu2,cpu8,within-round time ratio (from / to),1.154719455694757,1.161226781993772,1.1504642853209293,1.176683601465695,1.1550010325113917,1.1550010325113917,1.1504642853209293,1.176683601465695,1.1504642853209293,1.176683601465695,12261070123475445859,COARSE (n = 5)
plonk,wall_ms,8,cpu2,cpu4,within-round time ratio (from / to),1.114449450234321,1.0965329908068464,1.0889083323903535,1.0906265032020606,1.099037559131078,1.0965329908068464,1.0889083323903535,1.114449450234321,1.0889083323903535,1.114449450234321,8404547914973172501,COARSE (n = 5)
plonk,wall_ms,8,cpu4,cpu8,within-round time ratio (from / to),1.032116190378473,1.0606742787455168,1.056451848080119,1.0748950068463292,1.0585927202845293,1.0585927202845293,1.032116190378473,1.0748950068463292,1.032116190378473,1.0748950068463292,11633853705187317136,COARSE (n = 5)
plonk,wall_ms,8,cpu2,cpu8,within-round time ratio (from / to),1.150241320945231,1.1630643391447162,1.1503792201436296,1.172308982626167,1.163433159415437,1.1630643391447162,1.150241320945231,1.172308982626167,1.150241320945231,1.172308982626167,11563683319477410499,COARSE (n = 5)
plonk,wall_ms,9,cpu2,cpu4,within-round time ratio (from / to),1.1114061918481042,1.0998057569146316,1.0900992566028678,1.0961351562518387,1.1046489771430903,1.0998057569146316,1.0900992566028678,1.1114061918481042,1.0900992566028678,1.1114061918481042,5693026331111239846,COARSE (n = 5)
plonk,wall_ms,9,cpu4,cpu8,within-round time ratio (from / to),1.0590352885686891,1.062245540273228,1.0528515122228488,1.071582443414272,1.056435155861907,1.0590352885686891,1.0528515122228488,1.071582443414272,1.0528515122228488,1.071582443414272,202293772424538281,COARSE (n = 5)
plonk,wall_ms,9,cpu2,cpu8,within-round time ratio (from / to),1.177018377100885,1.168263760449389,1.1477126507873325,1.1745991890486303,1.1669900143408567,1.168263760449389,1.1477126507873325,1.177018377100885,1.1477126507873325,1.177018377100885,4819633897042145827,COARSE (n = 5)
plonk,wall_ms,10,cpu2,cpu4,within-round time ratio (from / to),1.1130389952617397,1.1027559732391972,1.0993366934448532,1.096801109330041,1.0971681126865405,1.0993366934448532,1.096801109330041,1.1130389952617397,1.096801109330041,1.1130389952617397,10408264305242412986,COARSE (n = 5)
plonk,wall_ms,10,cpu4,cpu8,within-round time ratio (from / to),1.0620562327501095,1.0601428649234799,1.0527747244312358,1.074239693729253,1.0576829391802955,1.0601428649234799,1.0527747244312358,1.074239693729253,1.0527747244312358,1.074239693729253,13860002918205759083,COARSE (n = 5)
plonk,wall_ms,10,cpu2,cpu8,within-round time ratio (from / to),1.1821100022116502,1.1690788767812827,1.1573538844985511,1.1782272877686084,1.1604559942011978,1.1690788767812827,1.1573538844985511,1.1821100022116502,1.1573538844985511,1.1821100022116502,5243353490467441580,COARSE (n = 5)
plonk,wall_ms,11,cpu2,cpu4,within-round time ratio (from / to),1.1277110726863098,1.10725406722851,1.0977844780717583,1.1099253128556463,1.1148303359853327,1.1099253128556463,1.0977844780717583,1.1277110726863098,1.0977844780717583,1.1277110726863098,12839993983304373289,COARSE (n = 5)
plonk,wall_ms,11,cpu4,cpu8,within-round time ratio (from / to),1.0172551230903897,1.0483864458210748,1.0443529785056107,1.0505633951259972,1.0424910228216666,1.0443529785056107,1.0172551230903897,1.0505633951259972,1.0172551230903897,1.0505633951259972,9911372588196773677,COARSE (n = 5)
plonk,wall_ms,11,cpu2,cpu8,within-round time ratio (from / to),1.1471698660559075,1.1608301561626269,1.146474489431468,1.1660469050099127,1.1622006172339716,1.1608301561626269,1.146474489431468,1.1660469050099127,1.146474489431468,1.1660469050099127,15922336613168854099,COARSE (n = 5)
plonk,wall_ms,12,cpu2,cpu4,within-round time ratio (from / to),1.118222472161495,1.1107413440245208,1.1003086478868898,1.097142792489609,1.1158207261539221,1.1107413440245208,1.097142792489609,1.118222472161495,1.097142792489609,1.118222472161495,10252195627078262612,COARSE (n = 5)
plonk,wall_ms,12,cpu4,cpu8,within-round time ratio (from / to),1.0515147549878294,1.0427097432624048,1.0398903885476782,1.0589749455459696,1.0306576417548134,1.0427097432624048,1.0306576417548134,1.0589749455459696,1.0306576417548134,1.0589749455459696,5780542678105551873,COARSE (n = 5)
plonk,wall_ms,12,cpu2,cpu8,within-round time ratio (from / to),1.1758274288367794,1.1581808216587466,1.1442003873734685,1.1618467289328367,1.1500291582389448,1.1581808216587466,1.1442003873734685,1.1758274288367794,1.1442003873734685,1.1758274288367794,3298116432139862085,COARSE (n = 5)
plonk,wall_ms,13,cpu2,cpu4,within-round time ratio (from / to),1.1233798260956243,1.108539573386978,1.0973870557850214,1.1257826267462272,1.1167967740417704,1.1167967740417704,1.0973870557850214,1.1257826267462272,1.0973870557850214,1.1257826267462272,9028263795225819474,COARSE (n = 5)
plonk,wall_ms,13,cpu4,cpu8,within-round time ratio (from / to),1.0532108972492986,1.0346823961276037,1.0351098648119155,1.0482204742973744,1.037450868546495,1.037450868546495,1.0346823961276037,1.0532108972492986,1.0346823961276037,1.0532108972492986,9568785004010543788,COARSE (n = 5)
plonk,wall_ms,13,cpu2,cpu8,within-round time ratio (from / to),1.1831558745939335,1.14698638199431,1.1359161669599793,1.1800683989636744,1.1586217832195582,1.1586217832195582,1.1359161669599793,1.1831558745939335,1.1359161669599793,1.1831558745939335,7585681542413100537,COARSE (n = 5)
plonk,wall_ms,14,cpu2,cpu4,within-round time ratio (from / to),1.1241969000906313,1.1108610488003383,1.1065809290347184,1.1171548857447626,1.1112188190233359,1.1112188190233359,1.1065809290347184,1.1241969000906313,1.1065809290347184,1.1241969000906313,16424202667190901737,COARSE (n = 5)
plonk,wall_ms,14,cpu4,cpu8,within-round time ratio (from / to),1.0161864995804772,1.0344981709224474,1.0310573706303354,1.0503712173524562,1.0433024497239187,1.0344981709224474,1.0161864995804772,1.0503712173524562,1.0161864995804772,1.0503712173524562,8402449598871272766,COARSE (n = 5)
plonk,wall_ms,14,cpu2,cpu8,within-round time ratio (from / to),1.1423937127423223,1.1491837231329416,1.1409484230802105,1.1734273373109703,1.1593373160663663,1.1491837231329416,1.1409484230802105,1.1734273373109703,1.1409484230802105,1.1734273373109703,14167251745746633407,COARSE (n = 5)
plonk,wall_ms,15,cpu2,cpu4,within-round time ratio (from / to),1.1199221080709212,1.1075730584603056,1.1053977426976673,1.101523387912649,1.1134905614457136,1.1075730584603056,1.101523387912649,1.1199221080709212,1.101523387912649,1.1199221080709212,7776655791721363688,COARSE (n = 5)
plonk,wall_ms,15,cpu4,cpu8,within-round time ratio (from / to),1.027998280961772,1.0418634269621456,1.0412103697301176,1.0612763650082975,1.0294184388293626,1.0412103697301176,1.027998280961772,1.0612763650082975,1.027998280961772,1.0612763650082975,14585768425556039442,COARSE (n = 5)
plonk,wall_ms,15,cpu2,cpu8,within-round time ratio (from / to),1.151278001907991,1.153939862298399,1.1509515923730755,1.1690207370955608,1.1462477154146768,1.151278001907991,1.1462477154146768,1.1690207370955608,1.1462477154146768,1.1690207370955608,14619065909010356479,COARSE (n = 5)
plonk,stage_sum_ms,5,cpu2,cpu4,within-round time ratio (from / to),1.1113524577767644,1.0918767805482412,1.0935858012082946,1.0876141442230134,1.1046131106495414,1.0935858012082946,1.0876141442230134,1.1113524577767644,1.0876141442230134,1.1113524577767644,4427491297876940768,COARSE (n = 5)
plonk,stage_sum_ms,5,cpu4,cpu8,within-round time ratio (from / to),1.037450349298799,1.0673640476881123,1.0448770300663683,1.0759621834856288,1.0550888959238318,1.0550888959238318,1.037450349298799,1.0759621834856288,1.037450349298799,1.0759621834856288,10834637900837711291,COARSE (n = 5)
plonk,stage_sum_ms,5,cpu2,cpu8,within-round time ratio (from / to),1.1529729955145829,1.1654300200626355,1.1426626840892726,1.170231689408047,1.1654650273382139,1.1654300200626355,1.1426626840892726,1.170231689408047,1.1426626840892726,1.170231689408047,15670469913435927843,COARSE (n = 5)
plonk,stage_sum_ms,6,cpu2,cpu4,within-round time ratio (from / to),1.1110621982021094,1.0983521192051962,1.0945225892782682,1.0926011736940215,1.1038870894122854,1.0983521192051962,1.0926011736940215,1.1110621982021094,1.0926011736940215,1.1110621982021094,15155255509161565972,COARSE (n = 5)
plonk,stage_sum_ms,6,cpu4,cpu8,within-round time ratio (from / to),1.0378905531512812,1.0607664443536324,1.0446349802203607,1.0754178275561213,1.0465332148837159,1.0465332148837159,1.0378905531512812,1.0754178275561213,1.0378905531512812,1.0754178275561213,7889854082521940086,COARSE (n = 5)
plonk,stage_sum_ms,6,cpu2,cpu8,within-round time ratio (from / to),1.1531609594774659,1.165095072137573,1.1433765834014415,1.175002780599293,1.155254504551267,1.155254504551267,1.1433765834014415,1.175002780599293,1.1433765834014415,1.175002780599293,16258160059310396638,COARSE (n = 5)
plonk,stage_sum_ms,7,cpu2,cpu4,within-round time ratio (from / to),1.1125386949856522,1.1089194011332568,1.0911314603233162,1.0946963427224394,1.1014108900379613,1.1014108900379613,1.0911314603233162,1.1125386949856522,1.0911314603233162,1.1125386949856522,17250259310914062473,COARSE (n = 5)
plonk,stage_sum_ms,7,cpu4,cpu8,within-round time ratio (from / to),1.037914445448584,1.0471689686523866,1.05437483086039,1.0748949232097735,1.0486560473393514,1.0486560473393514,1.037914445448584,1.0748949232097735,1.037914445448584,1.0748949232097735,10088552860269286760,COARSE (n = 5)
plonk,stage_sum_ms,7,cpu2,cpu8,within-round time ratio (from / to),1.1547199826461243,1.1612259856033347,1.1504615489248469,1.1766835412486565,1.1550011904437254,1.1550011904437254,1.1504615489248469,1.1766835412486565,1.1504615489248469,1.1766835412486565,12487514853005179720,COARSE (n = 5)
plonk,stage_sum_ms,8,cpu2,cpu4,within-round time ratio (from / to),1.1144498477633225,1.0965331382431185,1.088906756324485,1.0906270776802214,1.0990373474688035,1.0965331382431185,1.088906756324485,1.1144498477633225,1.088906756324485,1.1144498477633225,1817527360082731329,COARSE (n = 5)
plonk,stage_sum_ms,8,cpu4,cpu8,within-round time ratio (from / to),1.032115761225866,1.0606745629109942,1.0564517939230804,1.0748949045824272,1.0585930077584136,1.0585930077584136,1.032115761225866,1.0748949045824272,1.032115761225866,1.0748949045824272,7142374178383560737,COARSE (n = 5)
plonk,stage_sum_ms,8,cpu2,cpu8,within-round time ratio (from / to),1.150241252972292,1.1630648071234402,1.1503774961339648,1.172309488598093,1.1634332512958292,1.1630648071234402,1.150241252972292,1.172309488598093,1.150241252972292,1.172309488598093,8914114393925249162,COARSE (n = 5)
plonk,stage_sum_ms,9,cpu2,cpu4,within-round time ratio (from / to),1.1114063299624724,1.0998055981880464,1.090099357168868,1.0961354177245313,1.10464915859455,1.0998055981880464,1.090099357168868,1.1114063299624724,1.090099357168868,1.1114063299624724,15774677185130177832,COARSE (n = 5)
plonk,stage_sum_ms,9,cpu4,cpu8,within-round time ratio (from / to),1.0590355148362565,1.0622457675070396,1.052851675716356,1.0715824170701933,1.056435284281278,1.0590355148362565,1.052851675716356,1.0715824170701933,1.052851675716356,1.0715824170701933,6467051663085348928,COARSE (n = 5)
plonk,stage_sum_ms,9,cpu2,cpu8,within-round time ratio (from / to),1.1770187748440812,1.1682638417558002,1.147712934892565,1.1745994403614992,1.166990347890908,1.1682638417558002,1.147712934892565,1.1770187748440812,1.147712934892565,1.1770187748440812,2079958284503327686,COARSE (n = 5)
plonk,stage_sum_ms,10,cpu2,cpu4,within-round time ratio (from / to),1.1130392290653681,1.1027564248315043,1.0993362430741587,1.0968012558023401,1.0971682588431106,1.0993362430741587,1.0968012558023401,1.1130392290653681,1.0968012558023401,1.1130392290653681,6202557574419224332,COARSE (n = 5)
plonk,stage_sum_ms,10,cpu4,cpu8,within-round time ratio (from / to),1.0620563690689655,1.0601428596339977,1.0527748382672593,1.0742402029157418,1.0576829880490242,1.0601428596339977,1.0527748382672593,1.0742402029157418,1.0527748382672593,1.0742402029157418,18246535351398386743,COARSE (n = 5)
plonk,stage_sum_ms,10,cpu2,cpu8,within-round time ratio (from / to),1.1821104022524855,1.1690793497006347,1.1573535355037339,1.1782280035913462,1.1604562024057266,1.1690793497006347,1.1573535355037339,1.1821104022524855,1.1573535355037339,1.1821104022524855,15927510163816407707,COARSE (n = 5)
plonk,stage_sum_ms,11,cpu2,cpu4,within-round time ratio (from / to),1.1277112724162048,1.1072541587354583,1.09778461202776,1.1099254322378935,1.1148302823241039,1.1099254322378935,1.09778461202776,1.1277112724162048,1.09778461202776,1.1277112724162048,17690149401451758711,COARSE (n = 5)
plonk,stage_sum_ms,11,cpu4,cpu8,within-round time ratio (from / to),1.0172552149918817,1.048386499811226,1.0443530313614056,1.0505634528159995,1.0424910964704348,1.0443530313614056,1.0172552149918817,1.0505634528159995,1.0172552149918817,1.0505634528159995,14144074771502897034,COARSE (n = 5)
plonk,stage_sum_ms,11,cpu2,cpu8,within-round time ratio (from / to),1.1471701728705148,1.160830311878091,1.1464746873530958,1.1660470944601322,1.1622006433984995,1.160830311878091,1.1464746873530958,1.1660470944601322,1.1464746873530958,1.1660470944601322,12510504740999489301,COARSE (n = 5)
plonk,stage_sum_ms,12,cpu2,cpu4,within-round time ratio (from / to),1.118222583463144,1.110741575767863,1.1003087618224419,1.097142900458036,1.1158208079108864,1.110741575767863,1.097142900458036,1.118222583463144,1.097142900458036,1.118222583463144,11385127769076338992,COARSE (n = 5)
plonk,stage_sum_ms,12,cpu4,cpu8,within-round time ratio (from / to),1.0515149667191632,1.042710120994955,1.0398905319999818,1.058975029334193,1.0306578996467013,1.042710120994955,1.0306578996467013,1.058975029334193,1.0306578996467013,1.058975029334193,11674517469314903590,COARSE (n = 5)
plonk,stage_sum_ms,12,cpu2,cpu8,within-round time ratio (from / to),1.1758277826348646,1.1581814828630355,1.1442006636957807,1.1618469351963503,1.1500295302635195,1.1581814828630355,1.1442006636957807,1.1758277826348646,1.1442006636957807,1.1758277826348646,6903687936908964885,COARSE (n = 5)
plonk,stage_sum_ms,13,cpu2,cpu4,within-round time ratio (from / to),1.1233800940159577,1.1085397966793868,1.097387064730098,1.1257825370432264,1.1167964702992836,1.1167964702992836,1.097387064730098,1.1257825370432264,1.097387064730098,1.1257825370432264,3702420522848773404,COARSE (n = 5)
plonk,stage_sum_ms,13,cpu4,cpu8,within-round time ratio (from / to),1.0532110533286896,1.03468254463471,1.0351098308564375,1.0482205477629163,1.0374509501392661,1.0374509501392661,1.03468254463471,1.0532110533286896,1.03468254463471,1.0532110533286896,18328615241436784496,COARSE (n = 5)
plonk,stage_sum_ms,13,cpu2,cpu8,within-round time ratio (from / to),1.183156332107029,1.1469867776570721,1.1359161389568142,1.1800683876413762,1.1586215592241704,1.1586215592241704,1.1359161389568142,1.183156332107029,1.1359161389568142,1.183156332107029,7697204543259532593,COARSE (n = 5)
plonk,stage_sum_ms,14,cpu2,cpu4,within-round time ratio (from / to),1.1241970861145978,1.1108612112758502,1.1065810321380751,1.1171550770345475,1.1112189264660044,1.1112189264660044,1.1065810321380751,1.1241970861145978,1.1065810321380751,1.1241970861145978,3474095242580380304,COARSE (n = 5)
plonk,stage_sum_ms,14,cpu4,cpu8,within-round time ratio (from / to),1.016186664826051,1.0344985369149,1.0310574864108053,1.050371243905119,1.0433026031441974,1.0344985369149,1.016186664826051,1.050371243905119,1.016186664826051,1.050371243905119,513565435871608238,COARSE (n = 5)
plonk,stage_sum_ms,14,cpu2,cpu8,within-round time ratio (from / to),1.142394087545958,1.1491842977803806,1.1409486575061585,1.1734275678996966,1.159337598645083,1.1491842977803806,1.1409486575061585,1.1734275678996966,1.1409486575061585,1.1734275678996966,16083482891864490256,COARSE (n = 5)
plonk,stage_sum_ms,15,cpu2,cpu4,within-round time ratio (from / to),1.119922391541238,1.1075732353438312,1.1054052026436192,1.1015234463802446,1.1134904276630195,1.1075732353438312,1.1015234463802446,1.119922391541238,1.1015234463802446,1.119922391541238,10182911819643754918,COARSE (n = 5)
plonk,stage_sum_ms,15,cpu4,cpu8,within-round time ratio (from / to),1.0279984279372716,1.0418633764293073,1.0412037734766206,1.0612765630490926,1.0294185588130025,1.0412037734766206,1.0279984279372716,1.0612765630490926,1.0279984279372716,1.0612765630490926,9456631883399759966,COARSE (n = 5)
plonk,stage_sum_ms,15,cpu2,cpu8,within-round time ratio (from / to),1.1512784579161421,1.1539399906180556,1.1509520682132246,1.1690210172924174,1.1462477112969396,1.1512784579161421,1.1462477112969396,1.1690210172924174,1.1462477112969396,1.1690210172924174,4854883086183989271,COARSE (n = 5)
