allocation_profile,backend,depth,rounds,stage,n,mean,sd,cv,median,q1,q3,iqr,min,max,boot_median_lo95,boot_median_hi95,bootstrap_seed,precision
cpu2,groth16,5,1-10,input_ms,10,0.7161,0.07846081824707156,0.1095668457576757,0.73,0.702,0.74875,0.04675000000000007,0.528,0.837,0.6955,0.752,9599856663105856866,n = 10
cpu2,groth16,5,1-10,witness_ms,10,54.5433,10.869182122455724,0.199276210321996,48.698,46.20625,61.046,14.839750000000002,44.538,73.113,46.0215,65.60849999999999,5881521377932457871,n = 10
cpu2,groth16,5,1-10,prove_ms,10,392.129,21.44357925658245,0.05468501247442155,395.5045,377.73400000000004,409.365,31.630999999999972,354.1,420.164,375.682,411.134,13473447469562633682,n = 10
cpu2,groth16,5,1-10,verify_first_ms,10,22.1772,4.1708018094046775,0.18806710537870774,21.4775,19.72775,22.481,2.7532500000000013,18.159,32.638,19.154,23.098,2979709625471387822,n = 10
cpu2,groth16,5,1-10,verify_steady_ms,10,20.1191,0.7957445779478075,0.039551698532628576,20.1985,19.76175,20.69175,0.9299999999999997,18.805,21.324,19.467,20.779,14633977105011342554,n = 10
cpu2,groth16,5,1-10,wall_ms,10,469.62389999999994,24.962788917595805,0.05315485203712121,470.382,455.82275000000004,482.97499999999997,27.152249999999924,426.206,510.625,452.773,487.307,18039723081030617450,n = 10
cpu2,groth16,5,1-10,stage_sum_ms,10,469.5656,24.962650661427052,0.053161157166170286,470.3215,455.75874999999996,482.9235,27.164750000000026,426.153,510.564,452.714,487.255,948250893964643692,n = 10
cpu2,groth16,5,1-5,input_ms,5,0.7243999999999999,0.020743673734418423,0.02863566225071566,0.724,0.711,0.736,0.025000000000000022,0.699,0.752,0.699,0.752,16096600513717936206,COARSE (n = 5)
cpu2,groth16,5,1-5,witness_ms,5,49.812,6.5868898199377846,0.132234999998751,47.504,46.071,49.892,3.821000000000005,44.538,61.055,44.538,61.055,751349955407733945,COARSE (n = 5)
cpu2,groth16,5,1-5,prove_ms,5,382.992,25.856020043695807,0.06751060085770931,375.903,368.137,396.656,28.519000000000005,354.1,420.164,354.1,420.164,3568277267592209462,COARSE (n = 5)
cpu2,groth16,5,1-5,verify_first_ms,5,20.4648,2.0442610400827,0.09989157187378815,21.449,18.451,21.495,3.0440000000000005,18.159,22.77,18.159,22.77,9381229131191711121,COARSE (n = 5)
cpu2,groth16,5,1-5,verify_steady_ms,5,20.362000000000002,0.9758076142355118,0.04792297486668852,20.779,20.084,20.818,0.7340000000000018,18.805,21.324,18.805,21.324,15929926510269445832,COARSE (n = 5)
cpu2,groth16,5,1-5,wall_ms,5,454.0472,21.941475490495147,0.04832421715296372,452.773,442.356,464.972,22.615999999999985,426.206,483.929,426.206,483.929,5485778452835212901,COARSE (n = 5)
cpu2,groth16,5,1-5,stage_sum_ms,5,453.9934,21.942285439306445,0.04833172781654192,452.714,442.302,464.921,22.61899999999997,426.153,483.877,426.153,483.877,6443348534763858722,COARSE (n = 5)
cpu2,groth16,6,1-10,input_ms,10,0.8426,0.38650893334508524,0.458709866300837,0.78,0.63575,0.8117500000000001,0.17600000000000005,0.556,1.9,0.591,0.8255,7522198693032247819,n = 10
cpu2,groth16,6,1-10,witness_ms,10,49.3586,6.224030816119085,0.12609820408437608,47.198499999999996,44.913250000000005,50.82425,5.910999999999994,43.669,61.334,44.459,53.8405,5232502917738919844,n = 10
cpu2,groth16,6,1-10,prove_ms,10,436.73789999999997,19.90847655006391,0.04558449484247626,428.5775,426.4055,451.71125,25.30574999999999,412.164,467.726,421.585,455.528,8452111775970964512,n = 10
cpu2,groth16,6,1-10,verify_first_ms,10,19.521,1.7920188491072169,0.09179954147365488,19.504,18.79,20.1405,1.3505000000000003,16.78,22.366,18.110500000000002,20.994999999999997,13308448378521876925,n = 10
cpu2,groth16,6,1-10,verify_steady_ms,10,19.0759,1.6386544920893011,0.08590181811024912,19.5165,18.16375,19.69675,1.5330000000000013,16.243,21.3,17.998,20.416,14859016755386051844,n = 10
cpu2,groth16,6,1-10,wall_ms,10,506.51869999999997,20.1265688307769,0.03973509532970234,506.4305,494.41825,520.92125,26.502999999999986,477.864,536.75,488.571,524.575,14640169621798720647,n = 10
cpu2,groth16,6,1-10,stage_sum_ms,10,506.4605,20.125610943107624,0.03973777015800368,506.361,494.37025,520.83825,26.468000000000018,477.8,536.703,488.5215,524.479,13056692426147575910,n = 10
cpu2,groth16,6,1-5,input_ms,5,1.0166,0.4941050495593016,0.48603683804770964,0.811,0.786,0.812,0.026000000000000023,0.774,1.9,0.774,1.9,7663730864781648916,COARSE (n = 5)
cpu2,groth16,6,1-5,witness_ms,5,50.5672,8.897171106593378,0.17594747398695948,44.459,44.16,59.214,15.054000000000002,43.669,61.334,43.669,61.334,12095977227870072576,COARSE (n = 5)
cpu2,groth16,6,1-5,prove_ms,5,424.6826,7.0985789986447365,0.016715021992058862,428.33,425.764,428.454,2.6899999999999977,412.164,428.701,412.164,428.701,7989600227968711736,COARSE (n = 5)
cpu2,groth16,6,1-5,verify_first_ms,5,19.7988,1.8926495185321555,0.09559415310686281,20.067,19.295,20.165,0.8699999999999974,17.101,22.366,17.101,22.366,11448940491816569813,COARSE (n = 5)
cpu2,groth16,6,1-5,verify_steady_ms,5,18.738,2.3604341761633605,0.1259704438127527,17.998,16.986,21.163,4.177,16.243,21.3,16.243,21.3,4345420890984846355,COARSE (n = 5)
cpu2,groth16,6,1-5,wall_ms,5,496.12520000000006,11.74872357747854,0.023680965162581013,496.015,493.886,505.645,11.758999999999958,477.864,507.216,477.864,507.216,3724922345412227378,COARSE (n = 5)
cpu2,groth16,6,1-5,stage_sum_ms,5,496.06540000000007,11.746210678342177,0.023678754209308237,495.967,493.838,505.555,11.716999999999985,477.8,507.167,477.8,507.167,13440500049674297368,COARSE (n = 5)
cpu2,groth16,7,1-10,input_ms,10,1.1074,0.12350096715770648,0.11152335845918952,1.0625,1.03225,1.21075,0.1785000000000001,0.956,1.289,1.0055,1.231,14430154751706551351,n = 10
cpu2,groth16,7,1-10,witness_ms,10,50.3408,5.503114084063877,0.1093171758109501,49.1435,47.544250000000005,50.43675,2.8924999999999983,45.523,65.002,47.508,50.9285,6765897508806350023,n = 10
cpu2,groth16,7,1-10,prove_ms,10,452.28950000000003,13.747146170508753,0.030394572879778883,452.19100000000003,444.00750000000005,461.20000000000005,17.192499999999995,432.078,474.961,442.636,462.867,7051571503973721260,n = 10
cpu2,groth16,7,1-10,verify_first_ms,10,23.305500000000002,4.47526518767324,0.1920261392234983,22.021,19.76125,25.98575,6.224499999999999,18.682,31.586,19.6355,26.7,14197779688256401090,n = 10
cpu2,groth16,7,1-10,verify_steady_ms,10,19.909,1.3974506948169738,0.07019190792189331,19.9545,19.3975,20.0305,0.6329999999999991,17.736,22.47,19.0745,20.795499999999997,12412135644072027019,n = 10
cpu2,groth16,7,1-10,wall_ms,10,527.1052999999999,13.258038450942388,0.025152542482388983,531.703,521.88425,536.59225,14.708000000000084,504.056,541.528,516.6495,537.437,2453800967240327971,n = 10
cpu2,groth16,7,1-10,stage_sum_ms,10,527.0432,13.270471303696127,0.02517909595208918,531.6455000000001,521.83575,536.5372500000001,14.701500000000124,503.958,541.475,516.583,537.383,10880694198866792894,n = 10
cpu2,groth16,7,1-5,input_ms,5,1.0406,0.0799237136274335,0.07680541382609408,1.043,0.972,1.082,0.1100000000000001,0.956,1.15,0.956,1.15,2599329807474833888,COARSE (n = 5)
cpu2,groth16,7,1-5,witness_ms,5,52.839999999999996,6.9834714505036795,0.1321625936885632,49.701,49.688,52.156,2.4679999999999964,47.653,65.002,47.653,65.002,13438910478651377203,COARSE (n = 5)
cpu2,groth16,7,1-5,prove_ms,5,444.71360000000004,12.698199569230285,0.02855365693612762,442.636,434.463,451.524,17.06099999999998,432.078,462.867,432.078,462.867,4288605372215171345,COARSE (n = 5)
cpu2,groth16,7,1-5,verify_first_ms,5,22.6764,5.370650081694021,0.2368387434378482,19.939,19.332,23.843,4.510999999999999,18.682,31.586,18.682,31.586,5990049481965726690,COARSE (n = 5)
cpu2,groth16,7,1-5,verify_steady_ms,5,20.1484,0.8823331570331012,0.04379172326502855,19.97,19.867,20.043,0.17599999999999838,19.241,21.621,19.241,21.621,1143692893629399507,COARSE (n = 5)
cpu2,groth16,7,1-5,wall_ms,5,521.339,15.643468685045528,0.03000632733220712,528.17,505.129,531.903,26.774,504.056,537.437,504.056,537.437,10570519295270263918,COARSE (n = 5)
cpu2,groth16,7,1-5,stage_sum_ms,5,521.2704,15.662897346915107,0.030047547965346023,528.12,505.046,531.845,26.799000000000035,503.958,537.383,503.958,537.383,1662614217907467825,COARSE (n = 5)
cpu2,groth16,8,1-10,input_ms,10,1.6323999999999999,0.14145686425354,0.086655760998248,1.6404999999999998,1.6215000000000002,1.68425,0.06274999999999986,1.41,1.894,1.5185,1.6965,11918173510610350231,n = 10
cpu2,groth16,8,1-10,witness_ms,10,49.4342,2.858176917003022,0.05781780461710763,49.7255,48.816,51.006,2.1899999999999977,42.663,52.825,48.3435,51.3995,1375002231635952550,n = 10
cpu2,groth16,8,1-10,prove_ms,10,503.4611,14.413368188749097,0.02862856373362132,503.4805,492.322,515.733,23.410999999999945,482.007,521.644,490.757,517.679,9542825146106451485,n = 10
cpu2,groth16,8,1-10,verify_first_ms,10,22.1644,4.031958255956748,0.18191145512428702,21.616,20.3015,23.14275,2.8412499999999987,16.97,32.003,19.7135,23.294,1694427307125351172,n = 10
cpu2,groth16,8,1-10,verify_steady_ms,10,20.8868,1.9718986225913786,0.09440884302963491,20.0505,19.761000000000003,22.46725,2.706249999999997,17.908,23.851,19.573,22.7285,9556480947146806614,n = 10
cpu2,groth16,8,1-10,wall_ms,10,576.75,14.969981414669666,0.025955754511780955,574.2545,570.0260000000001,588.89825,18.872249999999894,553.19,597.317,564.75,590.98,13068691046057838974,n = 10
cpu2,groth16,8,1-10,stage_sum_ms,10,576.6922999999999,14.97071502077749,0.02595962356490193,574.1975,569.96775,588.8385,18.87074999999993,553.139,597.27,564.692,590.933,17673716173916647688,n = 10
cpu2,groth16,8,1-5,input_ms,5,1.6594000000000002,0.17509654479743456,0.10551798529434406,1.644,1.626,1.723,0.0970000000000002,1.41,1.894,1.41,1.894,9997267937216826118,COARSE (n = 5)
cpu2,groth16,8,1-5,witness_ms,5,48.4982,3.7745759629394158,0.07782919702049594,48.793,47.802,50.408,2.6060000000000016,42.663,52.825,42.663,52.825,5841262847859376274,COARSE (n = 5)
cpu2,groth16,8,1-5,prove_ms,5,498.7446,14.623892310188817,0.02932140480355841,499.252,487.076,507.709,20.63299999999998,482.007,517.679,482.007,517.679,2536377403235222384,COARSE (n = 5)
cpu2,groth16,8,1-5,verify_first_ms,5,23.5102,5.141585232202225,0.21869593760164627,22.689,20.203,23.826,3.623000000000001,18.83,32.003,18.83,32.003,12592899162045219378,COARSE (n = 5)
cpu2,groth16,8,1-5,verify_steady_ms,5,21.6578,1.7242736731737214,0.0796144425183408,21.934,20.099,22.645,2.5459999999999994,19.76,23.851,19.76,23.851,18394194335087501923,COARSE (n = 5)
cpu2,groth16,8,1-5,wall_ms,5,572.4662000000001,13.58646452172159,0.023733216951012284,572.05,569.652,576.459,6.806999999999903,553.19,590.98,553.19,590.98,3002530517930370886,COARSE (n = 5)
cpu2,groth16,8,1-5,stage_sum_ms,5,572.4126,13.588342036466397,0.023738719302241768,571.985,569.596,576.41,6.8139999999999645,553.139,590.933,553.139,590.933,5138333778353004872,COARSE (n = 5)
cpu2,groth16,9,1-10,input_ms,10,4.0885,3.487269267556557,0.8529458890929575,3.0075,2.7962499999999997,3.332,0.5357500000000002,2.433,13.964,2.763,3.387,15885512902409876324,n = 10
cpu2,groth16,9,1-10,witness_ms,10,49.3545,3.4250945242430904,0.06939781629320711,50.309,47.55975,50.945750000000004,3.386000000000003,44.269,55.67,46.263000000000005,51.033,17415280155781444940,n = 10
cpu2,groth16,9,1-10,prove_ms,10,542.9296,24.73667947805444,0.045561486200152726,542.102,521.9675,552.853,30.88549999999998,517.594,596.717,520.062,554.789,18246493641935345863,n = 10
cpu2,groth16,9,1-10,verify_first_ms,10,21.3238,4.058121672783001,0.19030949796860788,20.5295,19.153750000000002,21.3985,2.2447499999999962,17.654,32.157,19.092,21.8275,10461959691442432869,n = 10
cpu2,groth16,9,1-10,verify_steady_ms,10,19.0737,1.1536167330039324,0.060482063417372216,19.365,18.35,19.87,1.5199999999999996,17.097,20.578,18.069499999999998,19.945999999999998,9077104187062235593,n = 10
cpu2,groth16,9,1-10,wall_ms,10,617.7527,30.123050321602197,0.048762312688559996,613.011,596.93475,624.03125,27.096499999999992,582.987,680.467,595.605,638.2855,15196614670657881576,n = 10
cpu2,groth16,9,1-10,stage_sum_ms,10,617.6963,30.123288049281744,0.04876714989110627,612.9645,596.88375,623.9807500000001,27.097000000000094,582.939,680.405,595.5325,638.229,15192876869894095966,n = 10
cpu2,groth16,9,1-5,input_ms,5,4.968,5.033618827444128,1.0132082985998647,2.767,2.642,3.034,0.3919999999999999,2.433,13.964,2.433,13.964,5888582179028570342,COARSE (n = 5)
cpu2,groth16,9,1-5,witness_ms,5,48.129000000000005,3.4606193087365162,0.07190299629613156,49.993,44.475,50.625,6.149999999999999,44.269,51.283,44.269,51.283,18278926358540286617,COARSE (n = 5)
cpu2,groth16,9,1-5,prove_ms,5,539.9812,32.6146253956718,0.06039955723582933,527.684,520.062,537.399,17.33699999999999,518.044,596.717,518.044,596.717,14922456918579438062,COARSE (n = 5)
cpu2,groth16,9,1-5,verify_first_ms,5,20.156799999999997,1.8413024466393342,0.09134894659069567,20.376,19.099,21.304,2.2049999999999983,17.654,22.351,17.654,22.351,10858934550422945223,COARSE (n = 5)
cpu2,groth16,9,1-5,verify_steady_ms,5,18.735599999999998,1.4637791158504752,0.078128221986511,18.476,17.663,19.864,2.2010000000000005,17.097,20.578,17.097,20.578,14660419200814742508,COARSE (n = 5)
cpu2,groth16,9,1-5,wall_ms,5,613.2855999999999,38.55285958006229,0.06286281559531529,600.531,595.736,606.707,10.971000000000004,582.987,680.467,582.987,680.467,2131056094149448392,COARSE (n = 5)
cpu2,groth16,9,1-5,stage_sum_ms,5,613.2348,38.546996305808314,0.06285846189063034,600.486,595.683,606.661,10.977999999999952,582.939,680.405,582.939,680.405,6230858639812688516,COARSE (n = 5)
cpu2,groth16,10,1-10,input_ms,10,5.1375,0.13717810806879263,0.026701334903901242,5.0965,5.0275,5.27425,0.24675000000000047,4.97,5.334,5.0205,5.283,15705611013305686297,n = 10
cpu2,groth16,10,1-10,witness_ms,10,51.366,3.5918365466398643,0.06992634323560068,51.5605,48.96125,54.114999999999995,5.153749999999995,45.946,57.093,48.295,54.492,11019441098890904231,n = 10
cpu2,groth16,10,1-10,prove_ms,10,569.6381,25.691532281841212,0.04510149914804015,558.4375,553.538,580.79475,27.25675000000001,545.124,622.442,552.9335,586.582,2120655044429898271,n = 10
cpu2,groth16,10,1-10,verify_first_ms,10,22.3475,4.314618053135694,0.19306938374027047,21.808,20.12725,22.4325,2.305250000000001,17.643,33.389,19.922,23.174,16862826476841318570,n = 10
cpu2,groth16,10,1-10,verify_steady_ms,10,19.3876,1.1014809424890961,0.05681368206942046,19.2915,18.7335,19.76025,1.0267499999999998,17.989,21.952,18.65,19.813,8248429085528572,n = 10
cpu2,groth16,10,1-10,wall_ms,10,648.5409999999999,25.414989763261097,0.03918794611791868,633.7525,632.394,665.184,32.789999999999964,621.968,699.327,631.0085,667.5609999999999,8851728616279706739,n = 10
cpu2,groth16,10,1-10,stage_sum_ms,10,648.489,25.414922025368384,0.03919098400338075,633.7035000000001,632.34875,665.12475,32.775999999999954,621.916,699.28,630.957,667.501,14552274089374789502,n = 10
cpu2,groth16,10,1-5,input_ms,5,5.129,0.15189140857862893,0.02961423446649034,5.044,5.022,5.248,0.22599999999999998,4.997,5.334,4.997,5.334,16346902307956416132,COARSE (n = 5)
cpu2,groth16,10,1-5,witness_ms,5,49.7812,3.5796207480681526,0.07190708034495256,49.739,46.851,51.638,4.786999999999999,45.946,54.732,45.946,54.732,7817784582231798738,COARSE (n = 5)
cpu2,groth16,10,1-5,prove_ms,5,577.5074000000001,33.38489294276679,0.05780859767817137,560.475,556.4,603.096,46.696000000000026,545.124,622.442,545.124,622.442,10551806998754316093,COARSE (n = 5)
cpu2,groth16,10,1-5,verify_first_ms,5,21.436,2.0318940671206263,0.09478886299312494,21.764,19.922,21.852,1.9299999999999997,19.209,24.433,19.209,24.433,17865963215412010066,COARSE (n = 5)
cpu2,groth16,10,1-5,verify_steady_ms,5,18.951,0.8770196691066849,0.046278279199339606,18.65,18.365,19.813,1.4480000000000004,17.989,19.938,17.989,19.938,3848807941879069854,COARSE (n = 5)
cpu2,groth16,10,1-5,wall_ms,5,653.9018,31.87640426240072,0.04874799895397248,632.625,632.317,675.848,43.53099999999995,629.392,699.327,629.392,699.327,5372315121826709312,COARSE (n = 5)
cpu2,groth16,10,1-5,stage_sum_ms,5,653.8536,31.878411320202265,0.04875466208368703,632.582,632.271,675.803,43.53200000000004,629.332,699.28,629.332,699.28,13703908077820553641,COARSE (n = 5)
cpu2,groth16,11,1-10,input_ms,10,13.309700000000001,0.5965536298886573,0.0448209674063771,13.083,12.857000000000001,13.8555,0.9984999999999982,12.636,14.165,12.782,13.914,7247759130742861468,n = 10
cpu2,groth16,11,1-10,witness_ms,10,53.84060000000001,8.654196300061608,0.16073736734103272,51.0215,47.2085,58.20075,10.992249999999999,43.938,69.727,46.789,61.113,5485146355254439727,n = 10
cpu2,groth16,11,1-10,prove_ms,10,593.3733,20.403742151597786,0.0343860132425874,587.6855,580.29875,607.3565,27.057749999999942,565.008,628.298,578.357,609.819,16575436425232806184,n = 10
cpu2,groth16,11,1-10,verify_first_ms,10,20.2066,1.7138093502163207,0.08481433542586683,19.932000000000002,19.211750000000002,21.14575,1.9339999999999975,17.371,23.455,19.013,21.3555,15905398319923385636,n = 10
cpu2,groth16,11,1-10,verify_steady_ms,10,19.8296,0.8345440804548445,0.04208577482424479,19.680999999999997,19.369,19.910249999999998,0.541249999999998,19.017,21.779,19.205,20.204,9009054811635728875,n = 10
cpu2,groth16,11,1-10,wall_ms,10,680.7812,21.209230709502137,0.03115425442051299,675.549,670.78775,691.386,20.598250000000007,644.496,714.05,668.187,699.1465000000001,6408273696645808482,n = 10
cpu2,groth16,11,1-10,stage_sum_ms,10,680.7302999999999,21.208652060735343,0.0311557338651377,675.491,670.739,691.33925,20.60024999999996,644.449,713.996,668.1375,699.0975,1432131211880198610,n = 10
cpu2,groth16,11,1-5,input_ms,5,12.984199999999998,0.45539729906972415,0.03507318888108041,12.851,12.689,12.984,0.29499999999999993,12.636,13.761,12.636,13.761,13750483864220569238,COARSE (n = 5)
cpu2,groth16,11,1-5,witness_ms,5,55.1394,10.283536614414324,0.1865006984917196,56.463,46.789,58.78,11.991,43.938,69.727,43.938,69.727,1332950410931430749,COARSE (n = 5)
cpu2,groth16,11,1-5,prove_ms,5,591.0982,22.431281811345496,0.03794848607447205,582.11,579.695,609.819,30.12399999999991,565.008,618.859,565.008,618.859,17296338858806290888,COARSE (n = 5)
cpu2,groth16,11,1-5,verify_first_ms,5,19.5784,1.5590733786451487,0.07963231819991158,19.849,19.013,20.015,1.001999999999999,17.371,21.644,17.371,21.644,13681538914859015594,COARSE (n = 5)
cpu2,groth16,11,1-5,verify_steady_ms,5,19.4744,0.4350009195392579,0.022337064019392533,19.615,19.017,19.764,0.7469999999999999,19.017,19.959,19.017,19.959,8413746661903308311,COARSE (n = 5)
cpu2,groth16,11,1-5,wall_ms,5,678.8484000000001,25.101606070130256,0.036976747783643966,674.028,671.357,692.903,21.54600000000005,644.496,711.458,644.496,711.458,7141664251354663879,COARSE (n = 5)
cpu2,groth16,11,1-5,stage_sum_ms,5,678.8004,25.101315180683276,0.03697893398513507,673.978,671.309,692.857,21.548000000000002,644.449,711.409,644.449,711.409,12177842725750021722,COARSE (n = 5)
cpu2,groth16,12,1-10,input_ms,10,31.3405,10.256373262513412,0.32725621041506714,37.641999999999996,19.5955,39.0525,19.457,19.377,42.036,19.557000000000002,39.334,9504190118734350381,n = 10
cpu2,groth16,12,1-10,witness_ms,10,57.42530000000001,6.808340816805353,0.1185599520908964,55.5965,51.494,64.03475,12.540750000000003,49.517,66.646,50.972,64.3065,9349097432542928958,n = 10
cpu2,groth16,12,1-10,prove_ms,10,609.3585,14.761856532217669,0.024225241023498757,605.9955,598.673,613.59025,14.917249999999967,595.675,645.098,598.396,615.798,15925350621253860179,n = 10
cpu2,groth16,12,1-10,verify_first_ms,10,21.9357,2.598332672653326,0.11845223415041808,21.82,21.177,21.977,0.8000000000000007,18.539,28.005,20.417499999999997,22.8235,2981269271247109805,n = 10
cpu2,groth16,12,1-10,verify_steady_ms,10,19.9007,1.42855708476926,0.07178426310477821,20.081,19.241999999999997,20.40475,1.1627500000000026,17.392,22.827,19.185,20.441087499999984,5329610891519410208,n = 10
cpu2,groth16,12,1-10,wall_ms,10,720.1155,25.76768146018055,0.03578270632999922,717.5875,704.50825,731.1812500000001,26.673000000000116,687.739,770.906,698.5844999999999,737.4145,8008653027340103455,n = 10
cpu2,groth16,12,1-10,stage_sum_ms,10,720.0598,25.769318633686158,0.035787747953275766,717.537,704.4567499999999,731.1275,26.670750000000112,687.669,770.852,698.5274999999999,737.356,3591678579821078555,n = 10
cpu2,groth16,12,1-5,input_ms,5,26.860000000000003,10.085823813650524,0.37549604667351166,19.595,19.517,37.594,18.077,19.377,38.217,19.377,38.217,7036150130946439995,COARSE (n = 5)
cpu2,groth16,12,1-5,witness_ms,5,51.56079999999999,2.0362801133439374,0.0394927951727657,50.972,49.986,53.06,3.074000000000005,49.517,54.269,49.517,54.269,8151121961949398686,COARSE (n = 5)
cpu2,groth16,12,1-5,prove_ms,5,605.1508,10.218765810996949,0.01688631298346949,599.504,598.396,613.736,15.340000000000032,595.675,618.443,595.675,618.443,623015890912568892,COARSE (n = 5)
cpu2,groth16,12,1-5,verify_first_ms,5,20.3884,1.4889666886804425,0.07303009008457959,21.109,19.054,21.381,2.3270000000000017,18.539,21.859,18.539,21.859,5506884703891104340,COARSE (n = 5)
cpu2,groth16,12,1-5,verify_steady_ms,5,20.3024,1.599017135618003,0.07876000549777382,19.983,19.413,20.668,1.254999999999999,18.621,22.827,18.621,22.827,13466932620542255088,COARSE (n = 5)
cpu2,groth16,12,1-5,wall_ms,5,704.0166,15.456352651903336,0.02195452870273703,707.497,689.672,710.362,20.68999999999994,687.739,724.813,687.739,724.813,4132290144504781918,COARSE (n = 5)
cpu2,groth16,12,1-5,stage_sum_ms,5,703.9595999999999,15.461936499028829,0.021964238429348547,707.438,689.617,710.312,20.69500000000005,687.669,724.762,687.669,724.762,7139376558175631410,COARSE (n = 5)
cpu2,groth16,13,1-10,input_ms,10,78.79650000000001,9.014140105042374,0.11439772204402954,82.441,70.378,83.94325,13.565250000000006,64.787,88.536,67.151,85.6565,12455206501714567234,n = 10
cpu2,groth16,13,1-10,witness_ms,10,63.8621,5.459719802537693,0.08549233117197357,64.2845,61.378750000000004,66.781,5.402250000000002,54.574,71.306,59.69,68.49600000000001,11264736050078642097,n = 10
cpu2,groth16,13,1-10,prove_ms,10,642.484,17.966138477084552,0.027963557811687998,642.1145,629.559,647.068,17.509000000000015,623.35,683.662,628.351,650.1055,10699741096326914932,n = 10
cpu2,groth16,13,1-10,verify_first_ms,10,20.8556,3.876630014157486,0.18587957259237262,19.582,19.3625,20.66275,1.3002499999999984,16.083,30.599,19.34,22.036,9419488111234236411,n = 10
cpu2,groth16,13,1-10,verify_steady_ms,10,19.5045,1.0302054002317527,0.05281885719868506,19.323,19.088500000000003,19.804000000000002,0.7154999999999987,17.594,21.364,19.077,20.145,538815249768699567,n = 10
cpu2,groth16,13,1-10,wall_ms,10,806.0663999999999,16.07148356008936,0.01993816335737274,800.0635,794.8127499999999,817.8599999999999,23.047249999999963,785.207,834.532,793.915,820.728,13099316620353389557,n = 10
cpu2,groth16,13,1-10,stage_sum_ms,10,805.9984999999999,16.072965661839348,0.019941681854047308,799.9935,794.749,817.79675,23.04774999999995,785.136,834.463,793.851,820.665,554973503049228984,n = 10
cpu2,groth16,13,1-5,input_ms,5,75.8302,9.230364873611443,0.12172412671483712,80.059,67.002,83.068,16.066000000000003,64.787,84.235,64.787,84.235,4970627259269113869,COARSE (n = 5)
cpu2,groth16,13,1-5,witness_ms,5,59.617,3.865399267863541,0.06483719858200751,60.898,56.559,62.821,6.2620000000000005,54.574,63.233,54.574,63.233,17330390384994618243,COARSE (n = 5)
cpu2,groth16,13,1-5,prove_ms,5,648.8682,20.057035491318274,0.03091080051591105,644.13,640.099,644.251,4.15199999999993,632.199,683.662,632.199,683.662,10476908496459725861,COARSE (n = 5)
cpu2,groth16,13,1-5,verify_first_ms,5,19.9196,0.6723669385090258,0.03375403815884987,19.626,19.538,20.566,1.0279999999999987,19.173,20.695,19.173,20.695,13218905931018391971,COARSE (n = 5)
cpu2,groth16,13,1-5,verify_steady_ms,5,18.872,0.7266763378561322,0.03850552871217318,19.077,19.043,19.302,0.25900000000000034,17.594,19.344,17.594,19.344,2589843164203226424,COARSE (n = 5)
cpu2,groth16,13,1-5,wall_ms,5,804.3016,18.996311649896697,0.023618393460732513,798.598,793.915,809.256,15.341000000000008,785.207,834.532,785.207,834.532,17846188850937800798,COARSE (n = 5)
cpu2,groth16,13,1-5,stage_sum_ms,5,804.2352,18.99608177230241,0.023620057630283294,798.534,793.851,809.192,15.341000000000008,785.136,834.463,785.136,834.463,259941003221340496,COARSE (n = 5)
cpu2,groth16,14,1-10,input_ms,10,144.37539999999998,19.13769814441294,0.13255511773067255,150.2815,126.73349999999999,158.89625,32.16275000000002,115.577,163.557,120.035,160.117,4144662784639706348,n = 10
cpu2,groth16,14,1-10,witness_ms,10,60.246,3.7649820421587368,0.06249347744512061,61.335,57.1185,63.28425,6.165750000000003,54.392,65.133,56.577,63.542,16905851960705198697,n = 10
cpu2,groth16,14,1-10,prove_ms,10,666.7443000000001,16.137269341152134,0.024203085562414454,664.1795,654.8025,678.6469999999999,23.844499999999925,645.43,696.17,654.1385,681.829,6488693857308019938,n = 10
cpu2,groth16,14,1-10,verify_first_ms,10,21.0086,2.065513075888571,0.09831750216047576,21.284,19.6,22.386499999999998,2.7864999999999966,17.369,23.846,19.433,22.535624999999925,16395148404010836062,n = 10
cpu2,groth16,14,1-10,verify_steady_ms,10,19.479300000000002,1.4340058151129575,0.07361690692750547,19.6175,19.32125,20.385,1.0637500000000024,16.902,21.46,18.3285,20.454,6757328171842050270,n = 10
cpu2,groth16,14,1-10,wall_ms,10,892.4436,31.2019372767497,0.03496236319779726,890.8265,867.226,917.3595,50.133500000000026,852.834,941.103,864.809,924.067,17900758776061409634,n = 10
cpu2,groth16,14,1-10,stage_sum_ms,10,892.3741,31.201390134451067,0.0349644730101995,890.7475,867.15925,917.29225,50.132999999999925,852.773,941.035,864.743,924.001,6473180544150591867,n = 10
cpu2,groth16,14,1-5,input_ms,5,130.796,17.877037841879737,0.13667878101684866,120.035,117.805,149.098,31.293000000000006,115.577,151.465,115.577,151.465,15577846994539404830,COARSE (n = 5)
cpu2,groth16,14,1-5,witness_ms,5,57.9594,4.162529014913887,0.07181801424641882,57.118,56.034,57.12,1.0859999999999985,54.392,65.133,54.392,65.133,1436009004356219556,COARSE (n = 5)
cpu2,groth16,14,1-5,prove_ms,5,659.104,9.955591067335005,0.015104734711570563,661.342,652.63,667.017,14.387000000000057,645.43,669.101,645.43,669.101,11989213275727269785,COARSE (n = 5)
cpu2,groth16,14,1-5,verify_first_ms,5,21.189600000000002,1.6848218896963563,0.07951173640353551,21.215,20.101,21.353,1.2520000000000024,19.433,23.846,19.433,23.846,10799604129909082289,COARSE (n = 5)
cpu2,groth16,14,1-5,verify_steady_ms,5,19.1478,2.0266487608858124,0.10584238193869856,19.532,17.221,20.624,3.4029999999999987,16.902,21.46,16.902,21.46,14132501699233505034,COARSE (n = 5)
cpu2,groth16,14,1-5,wall_ms,5,869.1193999999999,16.98854135292375,0.019546844027326683,864.809,857.688,874.477,16.788999999999987,852.834,895.789,852.834,895.789,7954147899831930897,COARSE (n = 5)
cpu2,groth16,14,1-5,stage_sum_ms,5,869.049,16.979930579952295,0.01953851920887349,864.743,857.618,874.408,16.789999999999964,852.773,895.703,852.773,895.703,659543006686765532,COARSE (n = 5)
cpu2,groth16,15,1-10,input_ms,10,307.9259,21.144339906934903,0.06866697444721247,311.0585,298.94425,312.7595,13.815249999999992,272.678,352.293,296.108,315.12699999999995,2044055734597555622,n = 10
cpu2,groth16,15,1-10,witness_ms,10,74.7561,12.430627341369382,0.16628244840714512,70.718,67.84925,77.10825,9.259,63.766,105.197,66.9675,79.125,5854616724260561395,n = 10
cpu2,groth16,15,1-10,prove_ms,10,679.8849,9.229774349595154,0.013575495425174399,677.254,673.403,684.5595000000001,11.156500000000051,668.222,696.965,672.936,686.2239999999999,7485246293959626079,n = 10
cpu2,groth16,15,1-10,verify_first_ms,10,22.1997,4.149026500276903,0.18689561121442644,21.1795,20.966749999999998,21.72775,0.7610000000000028,18.405,33.258,20.006999999999998,22.592,17658893364171971779,n = 10
cpu2,groth16,15,1-10,verify_steady_ms,10,19.861600000000003,0.9460789490194661,0.047633571767605125,19.592,19.38525,20.0825,0.6972500000000004,18.68,22.119,19.363,20.192,530944517455824695,n = 10
cpu2,groth16,15,1-10,wall_ms,10,1084.8452,30.342420550187537,0.027969355028890332,1088.1129999999998,1074.3215,1104.61375,30.292249999999967,1031.146,1129.168,1060.4065,1106.551,1996032221803915019,n = 10
cpu2,groth16,15,1-10,stage_sum_ms,10,1084.7667999999999,30.34346981477236,0.02797234374685173,1088.0275000000001,1074.2404999999999,1104.532,30.291500000000042,1031.079,1129.096,1060.3274999999999,1104.829,2081612766574988324,n = 10
cpu2,groth16,15,1-5,input_ms,5,294.55219999999997,15.853581809799314,0.05382265625515381,296.108,285.406,307.453,22.04699999999997,272.678,311.116,272.678,311.116,7388257299884708876,COARSE (n = 5)
cpu2,groth16,15,1-5,witness_ms,5,78.0984,17.063126129171057,0.21848240334207944,68.576,67.607,84.666,17.058999999999997,64.446,105.197,64.446,105.197,10259428949693070820,COARSE (n = 5)
cpu2,groth16,15,1-5,prove_ms,5,675.0362,6.6409220519443215,0.009837875438301415,672.936,672.925,675.057,2.132000000000062,668.222,686.041,668.222,686.041,3313676778575071549,COARSE (n = 5)
cpu2,groth16,15,1-5,verify_first_ms,5,24.258000000000003,5.135687539171363,0.21171108661766683,21.818,21.457,23.727,2.2699999999999996,21.03,33.258,21.03,33.258,1752807463898315114,COARSE (n = 5)
cpu2,groth16,15,1-5,verify_steady_ms,5,20.238,1.1659249547033455,0.05761068063560359,19.754,19.431,20.591,1.1600000000000001,19.295,22.119,19.295,22.119,10048126989605803925,COARSE (n = 5)
cpu2,groth16,15,1-5,wall_ms,5,1072.0221999999999,35.09881194855459,0.032740751029740424,1073.084,1042.779,1103.716,60.9369999999999,1031.146,1109.386,1031.146,1109.386,5344131562294653062,COARSE (n = 5)
cpu2,groth16,15,1-5,stage_sum_ms,5,1071.9452,35.09923904018439,0.03274350129109622,1073.0,1042.693,1103.641,60.94800000000009,1031.079,1109.313,1031.079,1109.313,2271026985317781502,COARSE (n = 5)
cpu2,plonk,5,1-5,input_ms,5,0.6602,0.12444958818734596,0.1885028600232444,0.709,0.664,0.738,0.07399999999999995,0.445,0.745,0.445,0.745,6418304002241959924,COARSE (n = 5)
cpu2,plonk,5,1-5,witness_ms,5,45.3208,3.8241875869261457,0.0843804078243576,45.059,44.272,47.548,3.2760000000000034,39.766,49.959,39.766,49.959,10082787677573175622,COARSE (n = 5)
cpu2,plonk,5,1-5,prove_ms,5,24988.101799999997,66.15760684683187,0.0026475643238668043,25003.603,24940.884,25034.691,93.8070000000007,24900.802,25060.529,24900.802,25060.529,4907691792892045741,COARSE (n = 5)
cpu2,plonk,5,1-5,verify_first_ms,5,17.993000000000002,5.429235857834875,0.3017415582634844,15.683,13.961,20.349,6.388,13.551,26.421,13.551,26.421,12861407701993012216,COARSE (n = 5)
cpu2,plonk,5,1-5,verify_steady_ms,5,12.1518,0.9924244051815737,0.08166892190305747,12.41,11.45,12.691,1.2410000000000014,10.862,13.346,10.862,13.346,680558903898866257,COARSE (n = 5)
cpu2,plonk,5,1-5,wall_ms,5,25052.129999999997,68.15366402109262,0.0027204738288158586,25064.214,25002.396,25096.914,94.51800000000003,24965.109,25132.017,24965.109,25132.017,12844243730467243958,COARSE (n = 5)
cpu2,plonk,5,1-5,stage_sum_ms,5,25052.0756,68.15416941977936,0.0027204999101862587,25064.162,25002.335,25096.864,94.52900000000227,24965.057,25131.96,24965.057,25131.96,18060510091514307742,COARSE (n = 5)
cpu2,plonk,6,1-5,input_ms,5,0.8102,0.019992498593222368,0.02467600418812931,0.797,0.796,0.825,0.028999999999999915,0.795,0.838,0.795,0.838,8832358115758171909,COARSE (n = 5)
cpu2,plonk,6,1-5,witness_ms,5,52.839200000000005,8.154616618823965,0.15432891903783488,47.511,46.735,59.796,13.061,46.653,63.501,46.653,63.501,12259131803291324311,COARSE (n = 5)
cpu2,plonk,6,1-5,prove_ms,5,24993.1322,74.62157475020145,0.0029856831930093757,25010.636,24968.196,25030.458,62.26199999999881,24879.43,25076.941,24879.43,25076.941,2122861934713279406,COARSE (n = 5)
cpu2,plonk,6,1-5,verify_first_ms,5,18.102,3.394898599369355,0.18754273557448653,16.162,15.451,20.969,5.518000000000001,15.386,22.542,15.386,22.542,11668154837241016082,COARSE (n = 5)
cpu2,plonk,6,1-5,verify_steady_ms,5,11.064,0.10990450400233794,0.009933523499849778,11.036,10.999,11.087,0.08799999999999919,10.957,11.241,10.957,11.241,12871148678452394245,COARSE (n = 5)
cpu2,plonk,6,1-5,wall_ms,5,25064.9372,66.92715975371975,0.002670150705732458,25080.804,25047.989,25094.201,46.211999999999534,24961.056,25140.636,24961.056,25140.636,7568336923156973859,COARSE (n = 5)
cpu2,plonk,6,1-5,stage_sum_ms,5,25064.8838,66.93147691258449,0.002670328633743137,25080.752,25047.942,25094.153,46.21099999999933,24960.991,25140.581,24960.991,25140.581,12834773889119864041,COARSE (n = 5)
cpu2,plonk,7,1-5,input_ms,5,0.9776,0.10697102411400945,0.10942207867635992,1.018,1.015,1.029,0.014000000000000012,0.787,1.039,0.787,1.039,12231812506140961500,COARSE (n = 5)
cpu2,plonk,7,1-5,witness_ms,5,49.3558,6.307706849561098,0.12780072148685864,45.451,44.95,53.167,8.216999999999999,44.54,58.671,44.54,58.671,11581691025829638593,COARSE (n = 5)
cpu2,plonk,7,1-5,prove_ms,5,25068.448,68.4044141887049,0.002728705589939389,25088.262,25007.811,25094.481,86.66999999999825,24992.596,25159.09,24992.596,25159.09,7455564250851346624,COARSE (n = 5)
cpu2,plonk,7,1-5,verify_first_ms,5,16.3964,2.5839077576415144,0.15758994399023654,15.54,15.004,16.091,1.0870000000000015,14.458,20.889,14.458,20.889,10748079258191666353,COARSE (n = 5)
cpu2,plonk,7,1-5,verify_steady_ms,5,11.142,0.12561050911448426,0.011273605197853552,11.11,11.034,11.264,0.22999999999999865,11.018,11.284,11.018,11.284,14696321819685640344,COARSE (n = 5)
cpu2,plonk,7,1-5,wall_ms,5,25135.25,69.27232697838315,0.0027559832099693913,25158.05,25069.169,25168.701,99.53199999999924,25059.107,25221.223,25059.107,25221.223,13002728177360089628,COARSE (n = 5)
cpu2,plonk,7,1-5,stage_sum_ms,5,25135.178200000002,69.28890485279662,0.00275665063129716,25157.998,25069.053,25168.628,99.57500000000073,25059.041,25221.171,25059.041,25221.171,10021786395051995173,COARSE (n = 5)
cpu2,plonk,8,1-5,input_ms,5,1.81,0.12302641992677828,0.06797039774960126,1.839,1.784,1.875,0.09099999999999997,1.614,1.938,1.614,1.938,3327971648552177239,COARSE (n = 5)
cpu2,plonk,8,1-5,witness_ms,5,49.5344,9.663083400240321,0.1950782365434995,46.235,44.627,49.806,5.178999999999995,41.113,65.891,41.113,65.891,7031156258143892751,COARSE (n = 5)
cpu2,plonk,8,1-5,prove_ms,5,25018.8674,95.33136409545334,0.003810378886114299,25016.796,24926.52,25112.121,185.60099999999875,24921.667,25117.233,24921.667,25117.233,8027625715133112854,COARSE (n = 5)
cpu2,plonk,8,1-5,verify_first_ms,5,17.6826,3.5587527730934045,0.20125732488963186,20.057,14.61,20.265,5.655000000000001,13.057,20.424,13.057,20.424,14330862042731332937,COARSE (n = 5)
cpu2,plonk,8,1-5,verify_steady_ms,5,11.474,0.8898808909061928,0.07755629169480502,11.043,11.029,11.22,0.19100000000000072,11.019,13.059,11.019,13.059,10010899484298260636,COARSE (n = 5)
cpu2,plonk,8,1-5,wall_ms,5,25087.961,90.0181013130134,0.0035880995395765084,25072.649,25010.015,25178.947,168.9320000000007,24994.699,25183.495,24994.699,25183.495,1209536356144992070,COARSE (n = 5)
cpu2,plonk,8,1-5,stage_sum_ms,5,25087.894200000002,90.02293508434384,0.0035883017668475272,25072.58,25009.92,25178.888,168.96800000000076,24994.65,25183.433,24994.65,25183.433,9719200893496001073,COARSE (n = 5)
cpu2,plonk,9,1-5,input_ms,5,2.8936,0.23007346652754201,0.07951115099790641,2.829,2.805,3.123,0.31800000000000006,2.587,3.124,2.587,3.124,17610544953313470315,COARSE (n = 5)
cpu2,plonk,9,1-5,witness_ms,5,47.626599999999996,1.3645557152421441,0.02865112595150912,48.188,46.305,48.193,1.8879999999999981,46.135,49.312,46.135,49.312,3983886419519218445,COARSE (n = 5)
cpu2,plonk,9,1-5,prove_ms,5,25055.766200000002,73.24585084289794,0.0029233131510820825,25072.99,25058.387,25083.001,24.614000000001397,24933.976,25130.477,24933.976,25130.477,1834084288256359417,COARSE (n = 5)
cpu2,plonk,9,1-5,verify_first_ms,5,18.8408,2.8900513317240573,0.15339323870133206,20.001,17.497,20.044,2.5470000000000006,14.57,22.092,14.57,22.092,4399771354026165126,COARSE (n = 5)
cpu2,plonk,9,1-5,verify_steady_ms,5,11.7818,0.7580156330841735,0.06433784592203004,11.568,11.451,11.735,0.2839999999999989,11.086,13.069,11.086,13.069,289705954042670949,COARSE (n = 5)
cpu2,plonk,9,1-5,wall_ms,5,25125.176799999997,73.01323971513676,0.0029059791418119202,25144.387,25129.474,25148.938,19.463999999999942,25003.424,25199.661,25003.424,25199.661,4305357570531834433,COARSE (n = 5)
cpu2,plonk,9,1-5,stage_sum_ms,5,25125.1266,73.01412369055764,0.002906020130881953,25144.339,25129.424,25148.887,19.462999999999738,25003.372,25199.611,25003.372,25199.611,18421858371792113478,COARSE (n = 5)
cpu2,plonk,10,1-5,input_ms,5,5.1992,0.28256096687263765,0.05434700855374627,5.174,5.159,5.192,0.03300000000000036,4.839,5.632,4.839,5.632,11714701984895690093,COARSE (n = 5)
cpu2,plonk,10,1-5,witness_ms,5,53.617200000000004,11.091323419682613,0.2068612948770658,49.475,48.816,50.037,1.2209999999999965,46.451,73.307,46.451,73.307,11618833204829110850,COARSE (n = 5)
cpu2,plonk,10,1-5,prove_ms,5,25072.8212,111.11509405656729,0.004431694908611532,25033.764,25033.368,25145.672,112.30400000000009,24932.506,25218.796,24932.506,25218.796,2182607994713034065,COARSE (n = 5)
cpu2,plonk,10,1-5,verify_first_ms,5,18.738999999999997,1.9090117862391531,0.10187372785309533,18.645,17.781,19.007,1.2260000000000026,16.555,21.707,16.555,21.707,964147553553751566,COARSE (n = 5)
cpu2,plonk,10,1-5,verify_steady_ms,5,11.1976,0.2233915844431027,0.019949952172171066,11.119,11.04,11.217,0.17700000000000138,11.037,11.575,11.037,11.575,1466864919963083558,COARSE (n = 5)
cpu2,plonk,10,1-5,wall_ms,5,25150.428200000002,109.31210424605253,0.004346331735459379,25130.53,25104.647,25218.034,113.3869999999988,25006.755,25292.175,25006.755,25292.175,12642292244844631493,COARSE (n = 5)
cpu2,plonk,10,1-5,stage_sum_ms,5,25150.3766,109.3104581767004,0.004346275203557007,25130.484,25104.59,25217.972,113.38200000000143,25006.709,25292.128,25006.709,25292.128,11623373846180660947,COARSE (n = 5)
cpu2,plonk,11,1-5,input_ms,5,11.763,1.85273864859564,0.15750562344602909,12.829,9.804,13.033,3.228999999999999,9.694,13.455,9.694,13.455,6055495839506643549,COARSE (n = 5)
cpu2,plonk,11,1-5,witness_ms,5,52.5702,9.14133517053171,0.17388815660833912,52.267,45.505,57.95,12.445,42.31,64.819,42.31,64.819,5183728804080494955,COARSE (n = 5)
cpu2,plonk,11,1-5,prove_ms,5,49085.8532,248.1923459762608,0.005056290759885596,48992.924,48963.934,49229.57,265.6359999999986,48805.418,49437.42,48805.418,49437.42,17428494415787519015,COARSE (n = 5)
cpu2,plonk,11,1-5,verify_first_ms,5,16.3296,2.6502325935660815,0.16229623466380572,15.945,14.865,16.234,1.3690000000000015,13.845,20.759,13.845,20.759,15414085389154772846,COARSE (n = 5)
cpu2,plonk,11,1-5,verify_steady_ms,5,13.755799999999999,2.117120143024481,0.15390745307611925,13.041,12.758,15.173,2.415000000000001,11.223,16.584,11.223,16.584,5505359584008148239,COARSE (n = 5)
cpu2,plonk,11,1-5,wall_ms,5,49166.5668,241.33222313172485,0.004908461965900878,49064.262,49056.146,49306.453,250.3070000000007,48896.323,49509.65,48896.323,49509.65,927975905581816663,COARSE (n = 5)
cpu2,plonk,11,1-5,stage_sum_ms,5,49166.516,241.33006469874474,0.0049084231369728275,49064.212,49056.098,49306.396,250.2980000000025,48896.275,49509.599,48896.275,49509.599,10123476133156898815,COARSE (n = 5)
cpu2,plonk,12,1-5,input_ms,5,31.466200000000004,9.901986300737848,0.3146864349917641,38.369,21.785,38.533,16.748,19.532,39.112,19.532,39.112,1298429666649067051,COARSE (n = 5)
cpu2,plonk,12,1-5,witness_ms,5,53.93300000000001,4.023609511371599,0.07460385128532807,55.832,53.136,56.185,3.0489999999999995,47.265,57.247,47.265,57.247,1300711162025915852,COARSE (n = 5)
cpu2,plonk,12,1-5,prove_ms,5,49072.7474,217.12472900915787,0.004424548053919595,49045.619,48955.06,49249.123,294.0630000000019,48790.153,49323.782,48790.153,49323.782,13734184257106517199,COARSE (n = 5)
cpu2,plonk,12,1-5,verify_first_ms,5,14.7488,1.4948905311092182,0.10135675655709063,14.212,13.62,15.956,2.3360000000000003,13.273,16.683,13.273,16.683,16154093698744449704,COARSE (n = 5)
cpu2,plonk,12,1-5,verify_steady_ms,5,11.3272,0.4522816600305614,0.039928813831358274,11.229,11.038,11.324,0.2859999999999996,10.953,12.092,10.953,12.092,15750599370017123564,COARSE (n = 5)
cpu2,plonk,12,1-5,wall_ms,5,49172.950399999994,206.2568191122418,0.004194517868755783,49157.25,49066.522,49341.003,274.48099999999977,48895.727,49404.25,48895.727,49404.25,15652294914923774651,COARSE (n = 5)
cpu2,plonk,12,1-5,stage_sum_ms,5,49172.8954,206.2586164534691,0.004194559111796152,49157.19,49066.461,49340.952,274.49099999999453,48895.675,49404.199,48895.675,49404.199,5856644942186400865,COARSE (n = 5)
cpu2,plonk,13,1-5,input_ms,5,65.3038,1.739091055695477,0.026630778847409754,64.16,64.121,66.863,2.7420000000000044,63.862,67.513,63.862,67.513,9248783001967987236,COARSE (n = 5)
cpu2,plonk,13,1-5,witness_ms,5,61.270799999999994,4.806512009763418,0.07844702549605062,61.242,58.462,62.451,3.988999999999997,55.706,68.493,55.706,68.493,14109500685565570795,COARSE (n = 5)
cpu2,plonk,13,1-5,prove_ms,5,49122.343199999996,263.23892865550835,0.005358843074397729,49147.564,49106.998,49223.443,116.44499999999971,48706.35,49427.361,48706.35,49427.361,3923809507213424049,COARSE (n = 5)
cpu2,plonk,13,1-5,verify_first_ms,5,15.3442,3.0254322335825012,0.19717106356685268,15.154,13.868,15.562,1.693999999999999,11.988,20.149,11.988,20.149,17859777234387725694,COARSE (n = 5)
cpu2,plonk,13,1-5,verify_steady_ms,5,11.886199999999999,0.9102783640183919,0.07658279046443708,11.793,11.34,12.685,1.3450000000000006,10.721,12.892,10.721,12.892,13242736874579292202,COARSE (n = 5)
cpu2,plonk,13,1-5,wall_ms,5,49264.335199999994,267.0281220006609,0.005420313111231448,49299.219,49246.054,49363.517,117.46300000000338,48840.981,49571.905,48840.981,49571.905,837322222803533762,COARSE (n = 5)
cpu2,plonk,13,1-5,stage_sum_ms,5,49264.2624,267.0231523235377,0.005420220243133849,49299.133,49245.971,49363.458,117.48700000000099,48840.921,49571.829,48840.921,49571.829,14293247257877525811,COARSE (n = 5)
cpu2,plonk,14,1-5,input_ms,5,130.5232,18.22433855315468,0.13962528158330995,123.033,115.594,147.514,31.920000000000016,113.923,152.552,113.923,152.552,4119042785393770124,COARSE (n = 5)
cpu2,plonk,14,1-5,witness_ms,5,58.3538,5.825446480742913,0.09982977082457206,55.483,54.882,60.77,5.888000000000005,53.179,67.455,53.179,67.455,5789552495906621458,COARSE (n = 5)
cpu2,plonk,14,1-5,prove_ms,5,49274.6916,131.77138812086693,0.0026742204535860946,49269.826,49266.165,49320.507,54.341999999996915,49075.814,49441.146,49075.814,49441.146,16128200014437418795,COARSE (n = 5)
cpu2,plonk,14,1-5,verify_first_ms,5,14.844999999999999,3.560728928183105,0.23986048691027992,13.93,12.031,15.741,3.709999999999999,11.952,20.571,11.952,20.571,15583657416289150971,COARSE (n = 5)
cpu2,plonk,14,1-5,verify_steady_ms,5,11.622200000000001,0.9538302784038682,0.08206968374351398,11.238,11.083,11.47,0.38700000000000045,11.02,13.3,11.02,13.3,2731717647479583062,COARSE (n = 5)
cpu2,plonk,14,1-5,wall_ms,5,49478.4824,133.57329727831123,0.002699623973881447,49501.947,49456.697,49536.9,80.20300000000134,49267.985,49628.883,49267.985,49628.883,10493559651299076470,COARSE (n = 5)
cpu2,plonk,14,1-5,stage_sum_ms,5,49478.4142,133.57291990968918,0.0026996200680515984,49501.864,49456.633,49536.834,80.20100000000093,49267.92,49628.82,49267.92,49628.82,8310777092161552358,COARSE (n = 5)
cpu2,plonk,15,1-5,input_ms,5,302.2676,10.856500785243835,0.0359168524355367,307.831,302.714,308.33,5.6159999999999854,283.373,309.09,283.373,309.09,2109291036610973991,COARSE (n = 5)
cpu2,plonk,15,1-5,witness_ms,5,80.425,14.801226384999318,0.18403762990362846,76.655,71.162,94.199,23.036999999999992,62.933,97.176,62.933,97.176,16790150129449482665,COARSE (n = 5)
cpu2,plonk,15,1-5,prove_ms,5,49116.0238,215.36490023028193,0.004384819526662945,49117.535,49055.739,49243.579,187.8399999999965,48795.927,49367.339,48795.927,49367.339,16740792374541283514,COARSE (n = 5)
cpu2,plonk,15,1-5,verify_first_ms,5,16.878999999999998,3.859169146331889,0.22863730945742575,16.318,15.317,19.715,4.398,11.597,21.448,11.597,21.448,6414780299796979946,COARSE (n = 5)
cpu2,plonk,15,1-5,verify_steady_ms,5,12.706199999999999,1.914475567877533,0.15067255102843755,12.731,11.187,12.773,1.5860000000000003,11.04,15.8,11.04,15.8,18037826382934900559,COARSE (n = 5)
cpu2,plonk,15,1-5,wall_ms,5,49515.6766,223.1776984048814,0.004507212942029786,49539.372,49457.525,49655.142,197.61699999999837,49171.345,49754.999,49171.345,49754.999,13826384978508235834,COARSE (n = 5)
cpu2,plonk,15,1-5,stage_sum_ms,5,49515.5964,223.17661764463696,0.004507198415661958,49539.281,49457.44,49655.067,197.6270000000004,49171.272,49754.922,49171.272,49754.922,6806529232417684913,COARSE (n = 5)
cpu4,groth16,5,1-10,input_ms,10,1.4140000000000001,1.7998718472898747,1.2728938099645506,0.7264999999999999,0.701,0.87625,0.17525000000000002,0.539,6.417,0.7,1.366,7330443332264259080,n = 10
cpu4,groth16,5,1-10,witness_ms,10,34.5342,4.666682685686792,0.13513220765753345,34.5415,30.9225,36.6565,5.734000000000002,28.584,42.878,30.114,37.920500000000004,3437246650100006097,n = 10
cpu4,groth16,5,1-10,prove_ms,10,228.2324,5.689456099761303,0.024928345404777334,228.421,224.2295,231.413,7.183500000000009,218.492,236.999,223.452,232.78300000000002,5294391853538724522,n = 10
cpu4,groth16,5,1-10,verify_first_ms,10,12.9857,1.388265748655094,0.10690727097153746,13.319500000000001,12.18075,13.54175,1.3610000000000007,10.647,15.381,11.937000000000001,13.858,3270481530952020235,n = 10
cpu4,groth16,5,1-10,verify_steady_ms,10,11.6364,1.3926192907212256,0.11967784630308563,10.9955,10.8295,12.372,1.5425000000000004,10.391,14.788,10.651499999999999,12.625,9833249620569004179,n = 10
cpu4,groth16,5,1-10,wall_ms,10,277.2188,7.283619915033097,0.026273903194996506,277.3515,272.37175,283.41525,11.043499999999995,266.533,287.045,271.206,283.908,14747713692740468318,n = 10
cpu4,groth16,5,1-10,stage_sum_ms,10,277.1659,7.283238389159958,0.02627754131788924,277.29949999999997,272.32075000000003,283.35975,11.038999999999987,266.479,286.992,270.872,283.851,8208268900870530078,n = 10
cpu4,groth16,5,1-5,input_ms,5,1.8706,2.5419195109208315,1.3588792424467184,0.723,0.701,0.811,0.1100000000000001,0.701,6.417,0.701,6.417,1550333196509062506,COARSE (n = 5)
cpu4,groth16,5,1-5,witness_ms,5,37.72,3.5992179011557504,0.09541935050784069,36.856,34.588,39.783,5.195,34.495,42.878,34.495,42.878,1008895337655274337,COARSE (n = 5)
cpu4,groth16,5,1-5,prove_ms,5,224.9236,4.296990144275416,0.019104220918904978,226.562,222.722,227.923,5.200999999999993,218.492,228.919,218.492,228.919,6723072852899069257,COARSE (n = 5)
cpu4,groth16,5,1-5,verify_first_ms,5,12.968399999999999,1.5709421695275736,0.12113615939727135,12.558,12.055,13.532,1.4770000000000003,11.316,15.381,11.316,15.381,7120240197624653884,COARSE (n = 5)
cpu4,groth16,5,1-5,verify_steady_ms,5,11.516200000000001,1.1256703336234817,0.09774668151156471,10.876,10.814,12.625,1.811,10.427,12.839,10.427,12.839,14456838420009987979,COARSE (n = 5)
cpu4,groth16,5,1-5,wall_ms,5,277.5346,7.939629040452718,0.028607708878290193,279.657,271.668,281.937,10.269000000000005,267.366,287.045,267.366,287.045,2517215202508826994,COARSE (n = 5)
cpu4,groth16,5,1-5,stage_sum_ms,5,277.48220000000003,7.939857127178046,0.028613933171850466,279.604,271.617,281.886,10.269000000000005,267.312,286.992,267.312,286.992,4054493093270470205,COARSE (n = 5)
cpu4,groth16,6,1-10,input_ms,10,0.7618,0.142534830051387,0.18710269106246652,0.802,0.645,0.85,0.20499999999999996,0.544,0.953,0.593,0.859,10202746294585539146,n = 10
cpu4,groth16,6,1-10,witness_ms,10,31.1241,2.124126196815998,0.06824699177858952,31.087000000000003,29.43825,32.13475,2.696499999999997,28.707,35.233,29.166,32.595,11373137825723427162,n = 10
cpu4,groth16,6,1-10,prove_ms,10,245.0604,8.96760779695454,0.03659345939594705,247.7715,238.00875000000002,250.82475,12.815999999999974,232.484,257.104,235.7175,252.417,14368707548698673025,n = 10
cpu4,groth16,6,1-10,verify_first_ms,10,11.5992,0.9730542750649742,0.08388977473144478,11.3135,10.901250000000001,11.975249999999999,1.073999999999998,10.665,13.893,10.842,12.032,6558488438841404966,n = 10
cpu4,groth16,6,1-10,verify_steady_ms,10,11.0458,0.5970393249657473,0.054051252509166134,10.8905,10.564250000000001,11.56725,1.0029999999999983,10.326,12.043,10.5595,11.695,15838423052806082350,n = 10
cpu4,groth16,6,1-10,wall_ms,10,288.5937,8.08478841954994,0.028014431429202853,289.652,282.48900000000003,296.12825,13.639249999999947,276.707,297.931,280.822,296.92,9865936876638471401,n = 10
cpu4,groth16,6,1-10,stage_sum_ms,10,288.54589999999996,8.08527376640878,0.028020754293888017,289.6015,282.44,296.081,13.64100000000002,276.659,297.884,280.7745,296.872,11520052605015253766,n = 10
cpu4,groth16,6,1-5,input_ms,5,0.7544000000000001,0.117980083064897,0.15638929356428552,0.802,0.801,0.802,0.0010000000000000009,0.544,0.823,0.544,0.823,17795634158930153210,COARSE (n = 5)
cpu4,groth16,6,1-5,witness_ms,5,31.9176,0.9529671033146939,0.02985710402143939,31.867,31.388,32.224,0.835999999999995,30.786,33.323,30.786,33.323,11527773717952851898,COARSE (n = 5)
cpu4,groth16,6,1-5,prove_ms,5,237.4294,5.122149968519073,0.02157336020104955,237.937,233.211,238.224,5.012999999999977,232.484,245.291,232.484,245.291,3684192852808255020,COARSE (n = 5)
cpu4,groth16,6,1-5,verify_first_ms,5,11.5404,1.3551338679259703,0.11742520778534282,10.842,10.795,11.507,0.7119999999999997,10.665,13.893,10.665,13.893,16885806377762861140,COARSE (n = 5)
cpu4,groth16,6,1-5,verify_steady_ms,5,10.7736,0.3301731363996771,0.030646500371247967,10.865,10.577,10.916,0.3390000000000004,10.326,11.184,10.326,11.184,17010511797665541444,COARSE (n = 5)
cpu4,groth16,6,1-5,wall_ms,5,281.6904,4.460673133059621,0.015835375053816603,282.163,278.177,283.467,5.289999999999964,276.707,287.938,276.707,287.938,689130614861999278,COARSE (n = 5)
cpu4,groth16,6,1-5,stage_sum_ms,5,281.642,4.459453049422092,0.015833764315769994,282.114,278.131,283.418,5.287000000000035,276.659,287.888,276.659,287.888,7349919555715355031,COARSE (n = 5)
cpu4,groth16,7,1-10,input_ms,10,1.6835,1.3405149300838755,0.7962666647364868,1.1455,1.068,1.693,0.625,0.986,5.372,1.051,1.86,9131666443030468303,n = 10
cpu4,groth16,7,1-10,witness_ms,10,33.5455,4.691515089321715,0.13985527386152288,33.003,29.67025,35.917249999999996,6.246999999999996,28.537,43.679,29.368,35.991,13574977982023413426,n = 10
cpu4,groth16,7,1-10,prove_ms,10,263.7781,7.260923869132181,0.027526636476387468,262.917,260.9995,264.77375,3.774249999999995,251.463,278.158,260.1495,268.0795,15763360323308919969,n = 10
cpu4,groth16,7,1-10,verify_first_ms,10,12.0154,1.0312215194720395,0.08582498455915238,12.229,11.068000000000001,12.829,1.7609999999999992,10.53,13.341,10.957,12.897,10059849700332526048,n = 10
cpu4,groth16,7,1-10,verify_steady_ms,10,12.4498,2.243108398827147,0.18017224363661644,11.332,11.070500000000001,13.445,2.3744999999999994,10.537,16.651,10.9025,13.9445,9035288001583294338,n = 10
cpu4,groth16,7,1-10,wall_ms,10,311.07399999999996,9.083404317765439,0.029200139895219274,311.929,306.44025,318.4875,12.04725000000002,293.355,321.77,305.124,319.964,16058626234556889387,n = 10
cpu4,groth16,7,1-10,stage_sum_ms,10,311.0225,9.081792178125783,0.029199791584614564,311.879,306.39275000000004,318.42674999999997,12.033999999999935,293.306,321.719,305.076,319.9,16910413738892294371,n = 10
cpu4,groth16,7,1-5,input_ms,5,1.9375999999999998,1.9216202278285894,0.9917528013153333,1.119,1.019,1.192,0.17300000000000004,0.986,5.372,0.986,5.372,14937035906014768837,COARSE (n = 5)
cpu4,groth16,7,1-5,witness_ms,5,34.3306,3.0556260078746544,0.08900590167007436,35.696,34.365,35.991,1.6259999999999977,29.056,36.545,29.056,36.545,6700213798414462873,COARSE (n = 5)
cpu4,groth16,7,1-5,prove_ms,5,266.146,6.827997510251465,0.02565508221146087,263.03,262.804,265.086,2.282000000000039,261.652,278.158,261.652,278.158,7530451406829268978,COARSE (n = 5)
cpu4,groth16,7,1-5,verify_first_ms,5,12.5394,0.7219839333392398,0.057577231234288706,12.625,12.433,12.897,0.4640000000000004,11.401,13.341,11.401,13.341,6916994340667180087,COARSE (n = 5)
cpu4,groth16,7,1-5,verify_steady_ms,5,12.8954,2.3912488996338293,0.18543425559764173,11.433,11.231,13.934,2.7029999999999994,11.228,16.651,11.228,16.651,8862080234376960956,COARSE (n = 5)
cpu4,groth16,7,1-5,wall_ms,5,315.0058,4.977344090978634,0.015800801416921955,312.42,311.438,319.964,8.52600000000001,310.389,320.818,310.389,320.818,1472273042234510721,COARSE (n = 5)
cpu4,groth16,7,1-5,stage_sum_ms,5,314.9536,4.972640576192887,0.015788486228425037,312.37,311.388,319.9,8.512,310.343,320.767,310.343,320.767,12244880590291033924,COARSE (n = 5)
cpu4,groth16,8,1-10,input_ms,10,1.7515999999999998,0.16697784284149803,0.09532875247858988,1.744,1.669,1.85125,0.18225000000000002,1.408,1.976,1.658,1.8915000000000002,15572887857329762754,n = 10
cpu4,groth16,8,1-10,witness_ms,10,32.4065,3.306820804539208,0.10204189914181439,30.505499999999998,29.68425,35.39275,5.708500000000001,29.436,37.236,29.645,35.546,5246553231139004595,n = 10
cpu4,groth16,8,1-10,prove_ms,10,300.08540000000005,6.7966266665489625,0.022648974813666248,297.9135,294.81600000000003,303.55175,8.735749999999996,292.242,312.999,294.379,303.968,2594667584617356959,n = 10
cpu4,groth16,8,1-10,verify_first_ms,10,11.7439,1.362338956843462,0.11600396434263423,11.0885,10.84875,12.18725,1.3384999999999998,10.765,14.899,10.832,12.41,3167574702212592751,n = 10
cpu4,groth16,8,1-10,verify_steady_ms,10,11.6316,1.5990090820393879,0.13747112022760305,11.225,10.41875,12.415500000000002,1.9967500000000022,10.04,15.239,10.395,12.569,17942346218676009774,n = 10
cpu4,groth16,8,1-10,wall_ms,10,346.0373,7.031490707287226,0.020320036907256027,347.4935,339.526,351.95550000000003,12.429500000000019,335.224,355.222,338.696,352.312,246245325365281932,n = 10
cpu4,groth16,8,1-10,stage_sum_ms,10,345.9871,7.030224106590691,0.020319324352239407,347.443,339.47625,351.8995,12.423249999999996,335.176,355.174,338.646,352.254,16729829349978970120,n = 10
cpu4,groth16,8,1-5,input_ms,5,1.69,0.18066128528270806,0.10690016880633613,1.707,1.644,1.834,0.19000000000000017,1.408,1.857,1.408,1.857,543698528582854869,COARSE (n = 5)
cpu4,groth16,8,1-5,witness_ms,5,33.88,3.5147898230192935,0.10374232063221055,34.933,30.524,36.905,6.381,29.802,37.236,29.802,37.236,17119570692843284567,COARSE (n = 5)
cpu4,groth16,8,1-5,prove_ms,5,296.4076,4.577043292344961,0.015441720429384945,294.379,294.269,297.18,2.9110000000000014,292.242,303.968,292.242,303.968,6845913429686895137,COARSE (n = 5)
cpu4,groth16,8,1-5,verify_first_ms,5,12.132200000000001,1.6642192463735055,0.1371737398306577,11.519,11.001,12.41,1.4090000000000007,10.832,14.899,10.832,14.899,4088192831293425199,COARSE (n = 5)
cpu4,groth16,8,1-5,verify_steady_ms,5,12.2546,1.8529234468806317,0.15120227888961138,11.955,11.02,12.569,1.5490000000000013,10.49,15.239,10.49,15.239,9799311170587762521,COARSE (n = 5)
cpu4,groth16,8,1-5,wall_ms,5,344.1612,7.148842192970831,0.02077178424811057,346.671,338.283,348.316,10.032999999999959,335.224,352.312,335.224,352.312,12666857592707068734,COARSE (n = 5)
cpu4,groth16,8,1-5,stage_sum_ms,5,344.11019999999996,7.145208478414057,0.020764303058770296,346.624,338.235,348.262,10.026999999999987,335.176,352.254,335.176,352.254,292556112954685394,COARSE (n = 5)
cpu4,groth16,9,1-10,input_ms,10,3.4394,1.3291237882320985,0.38644059668317104,3.036,2.8972499999999997,3.06775,0.17050000000000054,2.636,7.117,2.868,3.4379999999999997,7598506586481023625,n = 10
cpu4,groth16,9,1-10,witness_ms,10,34.255,3.2601377953154733,0.09517261116086624,33.718500000000006,31.46,36.15925,4.699249999999999,30.574,39.282,31.28,37.394,2342968019160301544,n = 10
cpu4,groth16,9,1-10,prove_ms,10,319.6458,9.518137630626876,0.029777139667178095,322.5055,314.80125,326.86625000000004,12.065000000000055,303.949,329.556,313.33000000000004,327.627,10193284681306456368,n = 10
cpu4,groth16,9,1-10,verify_first_ms,10,11.8848,1.0950051039962223,0.09213492057049529,11.693,11.087,12.47875,1.39175,10.66,13.67,10.937999999999999,12.7895,17062461398058443533,n = 10
cpu4,groth16,9,1-10,verify_steady_ms,10,11.8093,1.953845328235238,0.1654497157524356,10.8335,10.64275,12.002,1.3592500000000012,10.326,16.368,10.5675,12.434,14706168484684275257,n = 10
cpu4,groth16,9,1-10,wall_ms,10,369.2737,8.6818134312801,0.023510511122996573,371.22900000000004,363.72775,376.64,12.912249999999972,354.449,378.711,362.351,377.194,7113865633566332578,n = 10
cpu4,groth16,9,1-10,stage_sum_ms,10,369.2251,8.682703348228213,0.02351601597027995,371.18100000000004,363.68025,376.59325,12.913000000000011,354.395,378.66,362.304,377.147,8353302038377231465,n = 10
cpu4,groth16,9,1-5,input_ms,5,3.0612,0.45022072364563576,0.1470732796438115,2.937,2.884,3.025,0.14100000000000001,2.636,3.824,2.636,3.824,3915976608985200863,COARSE (n = 5)
cpu4,groth16,9,1-5,witness_ms,5,35.1146,3.0924578897698813,0.08806758128441962,35.677,33.014,36.32,3.3059999999999974,31.28,39.282,31.28,39.282,17816912192227379143,COARSE (n = 5)
cpu4,groth16,9,1-5,prove_ms,5,313.806,9.772271665278241,0.03114112434204012,313.526,304.31,322.661,18.351,303.949,324.584,303.949,324.584,2334955067122654884,COARSE (n = 5)
cpu4,groth16,9,1-5,verify_first_ms,5,11.263,0.4672178292830871,0.04148253833641899,11.189,11.053,11.446,0.3929999999999989,10.687,11.94,10.687,11.94,4937562323704048484,COARSE (n = 5)
cpu4,groth16,9,1-5,verify_steady_ms,5,11.654399999999999,1.4140476653917997,0.12133165717598503,10.841,10.826,11.903,1.077,10.675,14.027,10.675,14.027,15447825757937162999,COARSE (n = 5)
cpu4,groth16,9,1-5,wall_ms,5,363.29380000000003,7.828073690251006,0.02154750147195192,362.351,357.211,369.992,12.781000000000006,354.449,372.466,354.449,372.466,2240376268469437731,COARSE (n = 5)
cpu4,groth16,9,1-5,stage_sum_ms,5,363.2448,7.829580876394351,0.021554557357446963,362.304,357.163,369.946,12.783000000000015,354.395,372.416,354.395,372.416,6446581313853308705,COARSE (n = 5)
cpu4,groth16,10,1-10,input_ms,10,6.582599999999999,3.964097380797354,0.6022084557465673,5.282,5.2215,5.49225,0.2707500000000005,5.042,17.848,5.201,5.6285,14753455691742670554,n = 10
cpu4,groth16,10,1-10,witness_ms,10,34.5616,4.405400806585784,0.12746518698745962,33.483000000000004,31.30825,36.40325,5.094999999999999,29.306,43.923,30.967,37.35850000000001,12573641331861730126,n = 10
cpu4,groth16,10,1-10,prove_ms,10,332.0274,10.56422368394595,0.0318173249675959,330.3485,325.26599999999996,332.83925,7.57325000000003,322.126,358.182,323.914,335.12,8929471134716795413,n = 10
cpu4,groth16,10,1-10,verify_first_ms,10,11.460600000000001,0.8891596781980913,0.07758404256305003,11.323,10.727,11.825500000000002,1.0985000000000014,10.425,12.907,10.644,12.286000000000001,15534307599102885140,n = 10
cpu4,groth16,10,1-10,verify_steady_ms,10,11.718300000000001,2.032535365279313,0.17344967830481495,10.717,10.63825,12.12375,1.4855,10.169,16.585,10.556000000000001,12.494,5094177519405441749,n = 10
cpu4,groth16,10,1-10,wall_ms,10,384.6815,14.178655501609914,0.036858168385040385,378.56600000000003,375.80475,389.14925,13.344499999999982,368.833,413.405,375.476,395.206,4590601006982200742,n = 10
cpu4,groth16,10,1-10,stage_sum_ms,10,384.6321,14.17998997374666,0.036866371719226396,378.517,375.75374999999997,389.0975,13.343750000000057,368.783,413.36,375.424,395.159,14411928319226324300,n = 10
cpu4,groth16,10,1-5,input_ms,5,5.1861999999999995,0.09830411995435401,0.01895494195255756,5.207,5.137,5.265,0.1280000000000001,5.042,5.28,5.042,5.28,6451637106672622882,COARSE (n = 5)
cpu4,groth16,10,1-5,witness_ms,5,32.001999999999995,2.749216524757553,0.08590764717072538,30.967,30.874,32.332,1.458000000000002,29.306,36.531,29.306,36.531,15616362383304616326,COARSE (n = 5)
cpu4,groth16,10,1-5,prove_ms,5,329.2594,4.262749441381715,0.012946477583879805,330.242,329.322,331.232,1.910000000000025,322.126,333.375,322.126,333.375,5929783083269865431,COARSE (n = 5)
cpu4,groth16,10,1-5,verify_first_ms,5,11.3094,0.9858097179476368,0.08716728720777732,11.277,10.569,11.369,0.7999999999999989,10.425,12.907,10.425,12.907,10689367378143768972,COARSE (n = 5)
cpu4,groth16,10,1-5,verify_steady_ms,5,11.6828,1.3962294582195294,0.11951154331320654,11.013,10.704,12.494,1.7899999999999991,10.461,13.742,10.461,13.742,6003160648048123619,COARSE (n = 5)
cpu4,groth16,10,1-5,wall_ms,5,377.8052,6.21391259191822,0.016447398267462224,378.33,376.791,378.802,2.011000000000024,368.833,386.27,368.833,386.27,14824793077011715386,COARSE (n = 5)
cpu4,groth16,10,1-5,stage_sum_ms,5,377.757,6.2156140887284845,0.01645400108728226,378.28,376.743,378.754,2.011000000000024,368.783,386.225,368.783,386.225,13688631215193731955,COARSE (n = 5)
cpu4,groth16,11,1-10,input_ms,10,12.6216,0.8718092553866227,0.06907280023028955,12.789000000000001,12.59525,13.15025,0.5549999999999997,10.377,13.436,12.435500000000001,13.247,155665431119828923,n = 10
cpu4,groth16,11,1-10,witness_ms,10,32.3562,3.012921940944077,0.09311729872309099,32.7485,29.74275,34.69775,4.954999999999998,27.98,36.043,29.4745,35.343500000000006,9206663787455919683,n = 10
cpu4,groth16,11,1-10,prove_ms,10,344.3696,7.137167586343735,0.020725312531488654,344.04,339.87800000000004,349.5485,9.670499999999947,333.722,356.107,338.706,350.121,6787744222999610035,n = 10
cpu4,groth16,11,1-10,verify_first_ms,10,11.6378,0.7421772474730458,0.06377298522685093,11.5475,11.2065,11.70675,0.5002499999999994,10.771,13.208,11.164,12.088000000000001,14461504547108745421,n = 10
cpu4,groth16,11,1-10,verify_steady_ms,10,11.1103,0.901593287217443,0.08114931974991162,10.908000000000001,10.387250000000002,11.61175,1.224499999999999,10.218,12.661,10.351,11.831,7997288246366096532,n = 10
cpu4,groth16,11,1-10,wall_ms,10,401.0366,8.127607140002652,0.02026649722245464,399.3425,396.04725,407.50649999999996,11.45924999999994,389.286,414.794,395.649,410.085,15070516753666334966,n = 10
cpu4,groth16,11,1-10,stage_sum_ms,10,400.9853,8.128261930518178,0.020270722967944656,399.29,395.99474999999995,407.4575,11.462750000000028,389.233,414.743,395.597,410.036,1579731886915219069,n = 10
cpu4,groth16,11,1-5,input_ms,5,12.722,0.39889785659990695,0.03135496436094223,12.768,12.565,12.81,0.245000000000001,12.185,13.282,12.185,13.282,15180466414473569794,COARSE (n = 5)
cpu4,groth16,11,1-5,witness_ms,5,30.267000000000003,2.588322622858287,0.0855163254653017,29.702,29.084,29.865,0.7809999999999988,27.98,34.704,27.98,34.704,1827883925779128379,COARSE (n = 5)
cpu4,groth16,11,1-5,prove_ms,5,344.4952,5.970336146315388,0.017330680213586105,346.088,341.678,347.831,6.15300000000002,335.734,351.145,335.734,351.145,12814685215141881083,COARSE (n = 5)
cpu4,groth16,11,1-5,verify_first_ms,5,11.2992,0.3522068994213484,0.03117095895473559,11.334,11.164,11.605,0.4410000000000007,10.771,11.622,10.771,11.622,7729006003418890149,COARSE (n = 5)
cpu4,groth16,11,1-5,verify_steady_ms,5,10.8938,0.9251236133620193,0.08492203027061442,10.496,10.351,10.925,0.5739999999999998,10.218,12.479,10.218,12.479,4572301100750210318,COARSE (n = 5)
cpu4,groth16,11,1-5,wall_ms,5,398.834,7.567504938881764,0.018974071766403474,399.379,395.649,399.771,4.122000000000014,389.286,410.085,389.286,410.085,8733355154313687465,COARSE (n = 5)
cpu4,groth16,11,1-5,stage_sum_ms,5,398.7838,7.5691004551399645,0.0189804612302204,399.331,395.597,399.722,4.125,389.233,410.036,389.233,410.036,8125074671240618591,COARSE (n = 5)
cpu4,groth16,12,1-10,input_ms,10,29.996,6.783720201908226,0.22615416061835666,34.516999999999996,22.7915,34.81125,12.019750000000002,20.148,35.702,20.809,34.93000000000001,8166007956351674153,n = 10
cpu4,groth16,12,1-10,witness_ms,10,41.2017,4.999523889554106,0.12134266036484188,40.0055,38.245000000000005,44.488749999999996,6.2437499999999915,34.218,50.838,37.900999999999996,45.663,14693911260384993167,n = 10
cpu4,groth16,12,1-10,prove_ms,10,356.0367,4.745172448569875,0.01332776213398752,357.53,352.836,359.18075,6.344749999999976,348.975,363.157,351.26099999999997,359.493,16897088546136114389,n = 10
cpu4,groth16,12,1-10,verify_first_ms,10,12.009899999999998,1.0253798699885703,0.0853778857433093,11.881,11.0885,12.5775,1.4890000000000008,10.898,13.793,11.071,12.922999999999998,1815467636854623308,n = 10
cpu4,groth16,12,1-10,verify_steady_ms,10,11.1298,0.9303364743766395,0.08358968484398996,10.8225,10.56375,11.8915,1.32775,9.836,12.756,10.488,12.118,13172313112966797346,n = 10
cpu4,groth16,12,1-10,wall_ms,10,439.2994,11.742634222732509,0.026730367086166083,438.6705,431.1315,448.37725,17.245749999999987,419.456,455.168,429.362,449.47799999999995,3864340369097602998,n = 10
cpu4,groth16,12,1-10,stage_sum_ms,10,439.24449999999996,11.73944403614489,0.026726445148760863,438.615,431.07825,448.31775,17.239499999999964,419.406,455.11,429.309,449.4225,1858650778826907652,n = 10
cpu4,groth16,12,1-5,input_ms,5,27.8796,6.886624049561585,0.24701301487688437,28.739,20.809,34.485,13.675999999999998,20.781,34.584,20.781,34.584,4692300938878828024,COARSE (n = 5)
cpu4,groth16,12,1-5,witness_ms,5,39.3738,4.58628593744437,0.11648065305975978,38.137,37.233,40.899,3.666000000000004,34.218,46.382,34.218,46.382,14029368945569266636,COARSE (n = 5)
cpu4,groth16,12,1-5,prove_ms,5,358.678,3.840201231706478,0.010706542446725135,359.493,357.824,360.178,2.353999999999985,352.738,363.157,352.738,363.157,8161985512122711805,COARSE (n = 5)
cpu4,groth16,12,1-5,verify_first_ms,5,12.3738,1.0455411039265743,0.08449636360104207,12.54,12.048,12.59,0.5419999999999998,10.898,13.793,10.898,13.793,16998332926664802864,COARSE (n = 5)
cpu4,groth16,12,1-5,verify_steady_ms,5,11.0876,0.6737561131448083,0.06076663237714278,10.905,10.566,11.212,0.645999999999999,10.563,12.192,10.563,12.192,16791633685090419042,COARSE (n = 5)
cpu4,groth16,12,1-5,wall_ms,5,438.3588,11.03516847175428,0.025173826718556308,436.44,429.362,445.804,16.44199999999995,427.036,453.152,427.036,453.152,18281660120903782998,COARSE (n = 5)
cpu4,groth16,12,1-5,stage_sum_ms,5,438.30519999999996,11.032600450483109,0.025171046226426495,436.386,429.309,445.752,16.442999999999984,426.986,453.093,426.986,453.093,18203563814187412012,COARSE (n = 5)
cpu4,groth16,13,1-10,input_ms,10,72.3696,8.208068607575516,0.11341873670126014,75.0255,72.7265,76.35425000000001,3.627750000000006,57.262,80.125,65.8125,77.84700000000001,10677020521883667944,n = 10
cpu4,groth16,13,1-10,witness_ms,10,43.5329,2.5353166994808873,0.058239095017352104,43.444500000000005,42.15525,44.259,2.103749999999998,39.747,49.382,42.0155,44.4105,17629051623828898434,n = 10
cpu4,groth16,13,1-10,prove_ms,10,373.8623,6.2212323546955774,0.016640437815461942,372.64599999999996,369.77250000000004,379.784,10.011499999999955,363.841,382.652,369.3375,380.754,12538657469786391194,n = 10
cpu4,groth16,13,1-10,verify_first_ms,10,11.4977,2.159667775376574,0.18783476481179487,11.136,10.1455,11.670250000000001,1.524750000000001,9.635,17.119,10.132,11.925,12981810907610181501,n = 10
cpu4,groth16,13,1-10,verify_steady_ms,10,11.086,1.7121695139338406,0.1544443003728884,10.585,10.162,11.34825,1.1862499999999994,9.801,15.652,10.108,11.511,15849732670044415391,n = 10
cpu4,groth16,13,1-10,wall_ms,10,501.3308,10.504826867260173,0.020953882879847344,502.26300000000003,492.56775,510.81425,18.246500000000026,484.233,514.817,491.143,511.46,997012106025781353,n = 10
cpu4,groth16,13,1-10,stage_sum_ms,10,501.2625,10.508508185169674,0.020964082063129944,502.1935,492.50275,510.747,18.244250000000022,484.157,514.754,491.078,511.391,14657359879471900089,n = 10
cpu4,groth16,13,1-5,input_ms,5,68.1438,9.760824719254005,0.14323863241049084,73.877,57.748,75.236,17.488000000000007,57.262,76.596,57.262,76.596,4240552688333773314,COARSE (n = 5)
cpu4,groth16,13,1-5,witness_ms,5,42.3274,1.7653482092777053,0.04170698434767327,42.276,41.755,43.515,1.759999999999998,39.747,44.344,39.747,44.344,16014393233832609979,COARSE (n = 5)
cpu4,groth16,13,1-5,prove_ms,5,374.9432,6.38824386666633,0.017037897651341137,372.635,370.305,380.754,10.449000000000012,368.37,382.652,368.37,382.652,5395072144668753345,COARSE (n = 5)
cpu4,groth16,13,1-5,verify_first_ms,5,12.1172,2.8943242216448386,0.23886081121421107,11.498,10.186,11.72,1.5340000000000007,10.063,17.119,10.063,17.119,1932495244031868086,COARSE (n = 5)
cpu4,groth16,13,1-5,verify_steady_ms,5,10.328199999999999,0.4054530798995116,0.03925689664215562,10.324,10.108,10.548,0.4399999999999995,9.801,10.86,9.801,10.86,15186185767042400631,COARSE (n = 5)
cpu4,groth16,13,1-5,wall_ms,5,497.601,11.789044766222577,0.023691762609445274,496.842,489.913,502.2,12.286999999999978,484.233,514.817,484.233,514.817,8306224037565308806,COARSE (n = 5)
cpu4,groth16,13,1-5,stage_sum_ms,5,497.53159999999997,11.795273981557203,0.02370758758148669,496.777,489.834,502.136,12.302000000000021,484.157,514.754,484.157,514.754,2565482684429948318,COARSE (n = 5)
cpu4,groth16,14,1-10,input_ms,10,132.1624,14.560468530312555,0.11017103601563347,134.89100000000002,123.8185,142.41825,18.59975,108.884,152.215,120.675,143.574,11880956765979945872,n = 10
cpu4,groth16,14,1-10,witness_ms,10,45.7709,3.238983840994305,0.07076513332694584,44.503,43.556250000000006,48.76275,5.206499999999991,42.049,50.762,43.25,49.128,4984702619079143317,n = 10
cpu4,groth16,14,1-10,prove_ms,10,390.8077,4.044907828918288,0.010350123165224963,391.3625,389.03625,393.74375,4.707499999999982,381.661,395.137,388.542,393.822,5615669202603324186,n = 10
cpu4,groth16,14,1-10,verify_first_ms,10,12.0676,2.456748582985244,0.2035822021765093,11.105,10.537749999999999,12.4765,1.9387500000000006,9.899,17.484,10.421,13.4345,1834709244215077541,n = 10
cpu4,groth16,14,1-10,verify_steady_ms,10,11.2836,0.9334740608191654,0.0827283899481695,11.176,10.806,11.7,0.8940000000000001,10.013,13.3,10.596499999999999,11.757,10871623095064014169,n = 10
cpu4,groth16,14,1-10,wall_ms,10,580.8756999999999,18.557532463186543,0.03194751039368069,580.124,574.715,595.389,20.673999999999978,549.928,604.311,565.3895,596.562,8885585931250591056,n = 10
cpu4,groth16,14,1-10,stage_sum_ms,10,580.8088,18.554015940251627,0.0319451357146304,580.0575,574.64725,595.318,20.670749999999998,549.869,604.24,565.324,596.491,5724790337579363489,n = 10
cpu4,groth16,14,1-5,input_ms,5,124.00319999999999,15.759787568365255,0.12709178124730053,120.675,110.027,136.163,26.13600000000001,108.884,144.267,108.884,144.267,1711106469752755314,COARSE (n = 5)
cpu4,groth16,14,1-5,witness_ms,5,43.2284,1.1127963874851505,0.025742252488760872,43.49,42.171,43.755,1.5840000000000032,42.049,44.677,42.049,44.677,6329301185117146772,COARSE (n = 5)
cpu4,groth16,14,1-5,prove_ms,5,390.9464,2.9011192322963946,0.007420759552451166,390.519,388.542,393.509,4.967000000000041,387.833,394.329,387.833,394.329,14683700243748021254,COARSE (n = 5)
cpu4,groth16,14,1-5,verify_first_ms,5,13.4662,2.853577964591121,0.21190669710765625,12.754,10.98,15.225,4.244999999999999,10.888,17.484,10.888,17.484,1982165317378338309,COARSE (n = 5)
cpu4,groth16,14,1-5,verify_steady_ms,5,11.096799999999998,0.5995383223781449,0.05402803712585114,11.173,10.764,11.529,0.7650000000000006,10.261,11.757,10.261,11.757,12383550199199998275,COARSE (n = 5)
cpu4,groth16,14,1-5,wall_ms,5,571.7104,19.648466461787812,0.0343678660765797,577.235,553.544,581.283,27.739000000000033,549.928,596.562,549.928,596.562,4626907622289658044,COARSE (n = 5)
cpu4,groth16,14,1-5,stage_sum_ms,5,571.6443999999999,19.64314317516421,0.03436252183204141,577.165,553.483,581.214,27.73100000000011,549.869,596.491,549.869,596.491,10657137895077623039,COARSE (n = 5)
cpu4,groth16,15,1-10,input_ms,10,282.8202,24.323942771589383,0.08600496984157915,282.489,267.07025,293.27475000000004,26.204500000000053,250.15,332.827,263.9895,296.2755,4605448171852751159,n = 10
cpu4,groth16,15,1-10,witness_ms,10,56.947199999999995,5.368431010184549,0.09427032426852505,55.5985,53.77375,57.13975,3.3659999999999997,50.353,68.669,53.54,60.32,9823766203862915906,n = 10
cpu4,groth16,15,1-10,prove_ms,10,399.6666,4.582277798455945,0.011465250782667216,400.61,396.36625,402.25225,5.886000000000024,392.746,405.546,395.68449999999996,403.84000000000003,12963590807394485897,n = 10
cpu4,groth16,15,1-10,verify_first_ms,10,11.4793,1.3271731068536448,0.11561446315138073,10.853,10.600249999999999,12.241,1.6407500000000006,10.07,14.098,10.535,12.422,3119005986508633344,n = 10
cpu4,groth16,15,1-10,verify_steady_ms,10,11.6766,1.6531631767278414,0.14157915632357376,11.132,10.997,12.135,1.138,9.726,15.165,10.445,12.775,6508842825925587422,n = 10
cpu4,groth16,15,1-10,wall_ms,10,750.9855,26.068686883564617,0.03471263677336595,751.1335,737.28275,761.22425,23.94150000000002,704.828,797.743,735.245,768.7094999999999,614873015864813655,n = 10
cpu4,groth16,15,1-10,stage_sum_ms,10,750.9132999999999,26.070537104171837,0.03471843833924881,751.0595000000001,737.2095,761.15375,23.944249999999897,704.755,797.676,735.172,768.6395,7532180869942646043,n = 10
cpu4,groth16,15,1-5,input_ms,5,267.2226,15.851037767288302,0.05931772899181544,266.009,257.725,270.254,12.528999999999996,250.15,291.975,250.15,291.975,12723793111306961944,COARSE (n = 5)
cpu4,groth16,15,1-5,witness_ms,5,58.1048,7.6975363721128325,0.13247677252331705,54.475,53.424,63.603,10.179000000000002,50.353,68.669,50.353,68.669,2863311133659290492,COARSE (n = 5)
cpu4,groth16,15,1-5,prove_ms,5,400.5082,5.5925991005971465,0.013963756798480397,402.266,395.839,405.469,9.629999999999995,393.421,405.546,393.421,405.546,5534272757595269634,COARSE (n = 5)
cpu4,groth16,15,1-5,verify_first_ms,5,11.578,1.667684772371566,0.1440391062680572,10.831,10.469,12.422,1.9530000000000012,10.07,14.098,10.07,14.098,11004202939009331654,COARSE (n = 5)
cpu4,groth16,15,1-5,verify_steady_ms,5,12.544599999999999,1.7966508564548647,0.14322105578933284,12.003,11.016,13.547,2.5310000000000006,10.992,15.165,10.992,15.165,11176918364321624079,COARSE (n = 5)
cpu4,groth16,15,1-5,wall_ms,5,737.4876,26.005848617186082,0.035262760509039176,735.245,727.712,743.396,15.683999999999969,704.828,776.257,704.828,776.257,16748524843569675693,COARSE (n = 5)
cpu4,groth16,15,1-5,stage_sum_ms,5,737.4138,26.00560708193524,0.03526596204456065,735.172,727.637,743.322,15.68500000000006,704.755,776.183,704.755,776.183,5336656565667239426,COARSE (n = 5)
cpu4,plonk,5,1-5,input_ms,5,2.3535999999999997,3.741969107301662,1.5898917009269469,0.709,0.698,0.849,0.15100000000000002,0.469,9.043,0.469,9.043,10082144281000575323,COARSE (n = 5)
cpu4,plonk,5,1-5,witness_ms,5,31.394600000000004,3.896563524440479,0.12411572450168114,31.242,28.863,31.544,2.681000000000001,27.609,37.715,27.609,37.715,12796526124765014088,COARSE (n = 5)
cpu4,plonk,5,1-5,prove_ms,5,22772.0804,147.2868579025297,0.006467870098619963,22849.328,22673.946,22875.17,201.22399999999834,22561.908,22900.05,22561.908,22900.05,12005067529162001335,COARSE (n = 5)
cpu4,plonk,5,1-5,verify_first_ms,5,15.292599999999998,1.4455283809043664,0.09452469697136959,15.491,14.038,15.999,1.9610000000000003,13.709,17.226,13.709,17.226,11979550808358612852,COARSE (n = 5)
cpu4,plonk,5,1-5,verify_steady_ms,5,11.2836,0.09152212847175238,0.008111075230578219,11.33,11.198,11.349,0.1509999999999998,11.172,11.369,11.172,11.369,538906117897292770,COARSE (n = 5)
cpu4,plonk,5,1-5,wall_ms,5,22821.1744,147.00363637271073,0.006441545636350368,22898.549,22720.101,22919.302,199.20100000000093,22613.903,22954.017,22613.903,22954.017,14155083303386211420,COARSE (n = 5)
cpu4,plonk,5,1-5,stage_sum_ms,5,22821.121399999996,147.00235319647126,0.006441504368688529,22898.495,22720.049,22919.246,199.19700000000012,22613.852,22953.965,22613.852,22953.965,9511221891132948268,COARSE (n = 5)
cpu4,plonk,6,1-5,input_ms,5,0.8014000000000001,0.006542170893518456,0.00816342761856558,0.801,0.8,0.804,0.0040000000000000036,0.792,0.81,0.792,0.81,9800280133749631017,COARSE (n = 5)
cpu4,plonk,6,1-5,witness_ms,5,33.1028,4.056485819031049,0.12254207556554275,31.114,30.746,33.09,2.3440000000000047,30.444,40.12,30.444,40.12,11497696310637950838,COARSE (n = 5)
cpu4,plonk,6,1-5,prove_ms,5,22736.78,128.14283074366634,0.005635926931767222,22686.057,22680.297,22867.875,187.57800000000134,22579.151,22870.52,22579.151,22870.52,16025431651381462727,COARSE (n = 5)
cpu4,plonk,6,1-5,verify_first_ms,5,14.466,0.7684829210854331,0.0531233873279022,14.478,14.02,14.564,0.5440000000000005,13.61,15.658,13.61,15.658,11486034490911455293,COARSE (n = 5)
cpu4,plonk,6,1-5,verify_steady_ms,5,11.2852,0.07386947948916411,0.006545695201606008,11.314,11.23,11.331,0.10099999999999909,11.187,11.364,11.187,11.364,11281449436765280045,COARSE (n = 5)
cpu4,plonk,6,1-5,wall_ms,5,22785.2046,129.9177181576871,0.005701845580868169,22732.591,22725.904,22914.843,188.93900000000212,22627.57,22925.115,22627.57,22925.115,2686345232578987625,COARSE (n = 5)
cpu4,plonk,6,1-5,stage_sum_ms,5,22785.150400000002,129.9142245629786,0.005701705816389019,22732.536,22725.855,22914.787,188.9320000000007,22627.519,22925.055,22627.519,22925.055,4508251574549089192,COARSE (n = 5)
cpu4,plonk,7,1-5,input_ms,5,1.2698,0.3736625482972571,0.29426882052075687,1.137,1.072,1.181,0.10899999999999999,1.029,1.93,1.029,1.93,5551572452996257718,COARSE (n = 5)
cpu4,plonk,7,1-5,witness_ms,5,32.711400000000005,3.494489848318351,0.10682789022537557,31.929,30.889,34.99,4.101000000000003,28.421,37.328,28.421,37.328,5091866067011565713,COARSE (n = 5)
cpu4,plonk,7,1-5,prove_ms,5,22764.230199999998,129.11057146570096,0.005671642323565194,22798.08,22645.822,22833.987,188.16500000000087,22619.092,22924.17,22619.092,22924.17,15772968882974362376,COARSE (n = 5)
cpu4,plonk,7,1-5,verify_first_ms,5,16.7228,2.6294646223138276,0.15723829874864423,17.647,14.773,18.974,4.2010000000000005,13.179,19.041,13.179,19.041,8498571165652557164,COARSE (n = 5)
cpu4,plonk,7,1-5,verify_steady_ms,5,11.169,0.15663173369403782,0.014023792075748753,11.221,11.092,11.243,0.1509999999999998,10.941,11.348,10.941,11.348,12766789338564634348,COARSE (n = 5)
cpu4,plonk,7,1-5,wall_ms,5,22814.9888,129.71531863546406,0.0056855306733906465,22841.678,22696.585,22891.37,194.78499999999985,22669.978,22975.333,22669.978,22975.333,979572839848146461,COARSE (n = 5)
cpu4,plonk,7,1-5,stage_sum_ms,5,22814.9342,129.7139217844405,0.005685483054535414,22841.61,22696.535,22891.317,194.78199999999924,22669.927,22975.282,22669.927,22975.282,10993301713537625855,COARSE (n = 5)
cpu4,plonk,8,1-5,input_ms,5,1.7718,0.18143511236803092,0.1024015760063387,1.847,1.794,1.871,0.07699999999999996,1.454,1.893,1.454,1.893,14882755360107300151,COARSE (n = 5)
cpu4,plonk,8,1-5,witness_ms,5,32.4298,3.6708750591650494,0.11319450194466353,32.503,31.243,34.997,3.7540000000000013,26.968,36.438,26.968,36.438,9890432947858234687,COARSE (n = 5)
cpu4,plonk,8,1-5,prove_ms,5,22800.078,148.56431899853985,0.006515956612014215,22857.997,22820.052,22862.105,42.052999999999884,22541.842,22918.394,22541.842,22918.394,12946865118568847610,COARSE (n = 5)
cpu4,plonk,8,1-5,verify_first_ms,5,17.343600000000002,1.3897436094474402,0.08013005428212366,17.855,16.845,18.132,1.2870000000000026,15.172,18.714,15.172,18.714,7385921065170004578,COARSE (n = 5)
cpu4,plonk,8,1-5,verify_steady_ms,5,11.4368,0.42006630429016834,0.036729356488717856,11.282,11.241,11.336,0.09500000000000064,11.147,12.178,11.147,12.178,8317185513772722067,COARSE (n = 5)
cpu4,plonk,8,1-5,wall_ms,5,22851.6812,148.99950159379787,0.006520286200815626,22914.135,22865.385,22917.744,52.35900000000038,22593.171,22967.971,22593.171,22967.971,2597602314530470466,COARSE (n = 5)
cpu4,plonk,8,1-5,stage_sum_ms,5,22851.6232,149.00213900880755,0.00652041816481586,22914.083,22865.319,22917.687,52.36800000000221,22593.11,22967.917,22593.11,22967.917,9553669366424598908,COARSE (n = 5)
cpu4,plonk,9,1-5,input_ms,5,2.8576,0.14411384388739348,0.0504317762763835,2.879,2.809,2.895,0.08599999999999985,2.654,3.051,2.654,3.051,14523817176808075162,COARSE (n = 5)
cpu4,plonk,9,1-5,witness_ms,5,32.8742,1.5926466023572223,0.04844670295724983,33.428,31.401,33.636,2.235000000000003,31.072,34.834,31.072,34.834,9755347933843338125,COARSE (n = 5)
cpu4,plonk,9,1-5,prove_ms,5,22781.1096,198.20174729250056,0.008700267492348158,22694.42,22687.305,22888.955,201.65000000000146,22565.887,23068.981,22565.887,23068.981,4264521632397356667,COARSE (n = 5)
cpu4,plonk,9,1-5,verify_first_ms,5,16.5716,3.0375428062827354,0.18329810074360564,17.796,14.095,17.847,3.7520000000000007,12.842,20.278,12.842,20.278,11156848843802923824,COARSE (n = 5)
cpu4,plonk,9,1-5,verify_steady_ms,5,11.3438,0.31730852494063216,0.027971978079711576,11.247,11.178,11.587,0.4089999999999989,10.962,11.745,10.962,11.745,8934371086404141225,COARSE (n = 5)
cpu4,plonk,9,1-5,wall_ms,5,22833.4608,195.7320720811995,0.008572159682477896,22748.832,22734.4,22943.282,208.8819999999978,22623.94,23116.85,22623.94,23116.85,15650930679476082401,COARSE (n = 5)
cpu4,plonk,9,1-5,stage_sum_ms,5,22833.413,195.73057778487228,0.008572112184230728,22748.783,22734.356,22943.23,208.8739999999998,22623.894,23116.802,22623.894,23116.802,2788449117072886247,COARSE (n = 5)
cpu4,plonk,10,1-5,input_ms,5,5.1137999999999995,0.17201220886902183,0.03363686668798581,5.194,4.962,5.246,0.2840000000000007,4.897,5.27,4.897,5.27,13096030427510251232,COARSE (n = 5)
cpu4,plonk,10,1-5,witness_ms,5,33.07899999999999,2.79233191078711,0.08441403642150944,34.763,32.531,34.769,2.2379999999999995,28.41,34.922,28.41,34.922,8994082402927523808,COARSE (n = 5)
cpu4,plonk,10,1-5,prove_ms,5,22771.168400000002,118.01422922597062,0.005182616331007882,22822.673,22666.879,22857.545,190.66599999999744,22623.691,22885.054,22623.691,22885.054,16338166184000969629,COARSE (n = 5)
cpu4,plonk,10,1-5,verify_first_ms,5,17.256,1.7916479843987212,0.10382753734345858,16.789,16.642,18.86,2.218,14.811,19.178,14.811,19.178,7748646103428541306,COARSE (n = 5)
cpu4,plonk,10,1-5,verify_steady_ms,5,11.646600000000001,0.3756970854292056,0.03225809123943516,11.83,11.454,11.855,0.4009999999999998,11.083,12.011,11.083,12.011,7272146037837881371,COARSE (n = 5)
cpu4,plonk,10,1-5,wall_ms,5,22826.6656,118.54646800010563,0.005193332660908023,22881.313,22723.53,22912.568,189.03800000000047,22676.599,22939.318,22676.599,22939.318,14435303808542918035,COARSE (n = 5)
cpu4,plonk,10,1-5,stage_sum_ms,5,22826.6166,118.54717431174899,0.005193374751462246,22881.258,22723.483,22912.523,189.04000000000087,22676.548,22939.271,22676.548,22939.271,1050413426786610962,COARSE (n = 5)
cpu4,plonk,11,1-5,input_ms,5,11.795399999999999,1.6381406533017848,0.13887961860570944,12.539,10.07,12.764,2.693999999999999,10.032,13.572,10.032,13.572,14760662831280213189,COARSE (n = 5)
cpu4,plonk,11,1-5,witness_ms,5,33.754000000000005,4.230108331946123,0.12532169022770995,33.783,31.564,36.438,4.874000000000002,28.041,38.944,28.041,38.944,3759154998007530870,COARSE (n = 5)
cpu4,plonk,11,1-5,prove_ms,5,44176.999599999996,286.8719727775779,0.006493695257148653,44139.295,44099.146,44164.176,65.02999999999884,43845.404,44636.977,43845.404,44636.977,2050049332634935337,COARSE (n = 5)
cpu4,plonk,11,1-5,verify_first_ms,5,13.8256,2.104149067913202,0.15219224250037627,14.321,11.81,14.526,2.7159999999999993,11.728,16.743,11.728,16.743,10120590450367658778,COARSE (n = 5)
cpu4,plonk,11,1-5,verify_steady_ms,5,11.2232,0.3932851382902736,0.03504215716464766,10.971,10.957,11.425,0.46799999999999997,10.938,11.825,10.938,11.825,16996705890922688085,COARSE (n = 5)
cpu4,plonk,11,1-5,wall_ms,5,44236.424199999994,286.3626793433439,0.006473459022109295,44197.7,44159.985,44227.764,67.77900000000227,43902.779,44693.893,43902.779,44693.893,5329186298399891227,COARSE (n = 5)
cpu4,plonk,11,1-5,stage_sum_ms,5,44236.374599999996,286.3628784371306,0.006473470781150556,44197.652,44159.938,44227.715,67.77699999999459,43902.726,44693.842,43902.726,44693.842,10148935790250998345,COARSE (n = 5)
cpu4,plonk,12,1-5,input_ms,5,29.097199999999997,8.041829375210593,0.27637811800484563,34.598,21.065,34.955,13.889999999999997,19.558,35.31,19.558,35.31,17512076584003186241,COARSE (n = 5)
cpu4,plonk,12,1-5,witness_ms,5,40.259,3.6900734410035803,0.09165834822036266,39.021,38.639,42.913,4.273999999999994,35.711,45.011,35.711,45.011,9431525122001351351,COARSE (n = 5)
cpu4,plonk,12,1-5,prove_ms,5,44282.867000000006,416.00427543896654,0.00939424891886441,44055.481,43964.987,44630.603,665.6160000000018,43934.946,44828.318,43934.946,44828.318,5712380985954877134,COARSE (n = 5)
cpu4,plonk,12,1-5,verify_first_ms,5,12.23,0.8200621927634514,0.06705332729055204,11.879,11.853,11.901,0.04800000000000004,11.821,13.696,11.821,13.696,4388229399414606979,COARSE (n = 5)
cpu4,plonk,12,1-5,verify_steady_ms,5,11.54,0.41014204856366554,0.03554090542146149,11.322,11.264,11.894,0.6300000000000008,11.155,12.065,11.155,12.065,7556683130213358222,COARSE (n = 5)
cpu4,plonk,12,1-5,wall_ms,5,44364.5082,414.3254492982546,0.009339119627573255,44124.496,44054.792,44722.093,667.3009999999995,44020.804,44900.356,44020.804,44900.356,17999050816751352322,COARSE (n = 5)
cpu4,plonk,12,1-5,stage_sum_ms,5,44364.4534,414.32552084719595,0.009339132776223858,44124.446,44054.735,44722.033,667.2980000000025,44020.748,44900.305,44020.748,44900.305,11704639613344150398,COARSE (n = 5)
cpu4,plonk,13,1-5,input_ms,5,61.516999999999996,7.903579758565103,0.12847797777143072,58.398,57.818,60.218,2.4000000000000057,55.782,75.369,55.782,75.369,5004292009634164669,COARSE (n = 5)
cpu4,plonk,13,1-5,witness_ms,5,45.4842,5.140241550744479,0.11301158535809092,44.323,40.976,49.066,8.090000000000003,40.654,52.402,40.654,52.402,1592848777625792527,COARSE (n = 5)
cpu4,plonk,13,1-5,prove_ms,5,44090.4534,382.61747880331006,0.008678011889152178,43948.142,43895.76,44017.056,121.29599999999482,43827.774,44763.535,43827.774,44763.535,17935679629774335321,COARSE (n = 5)
cpu4,plonk,13,1-5,verify_first_ms,5,13.129,1.4534987100097478,0.11070901896639103,13.024,12.022,13.257,1.2349999999999994,11.853,15.489,11.853,15.489,10765770463317925200,COARSE (n = 5)
cpu4,plonk,13,1-5,verify_steady_ms,5,11.5412,0.42624546918413064,0.03693250868056447,11.275,11.241,11.921,0.6799999999999997,11.185,12.084,11.185,12.084,11717094492187565664,COARSE (n = 5)
cpu4,plonk,13,1-5,wall_ms,5,44210.6498,378.6675473231096,0.008565075361618178,44058.852,44033.283,44143.411,110.12799999999697,43941.965,44875.738,43941.965,44875.738,404121358332633322,COARSE (n = 5)
cpu4,plonk,13,1-5,stage_sum_ms,5,44210.5836,378.6620449362455,0.008564963728193027,44058.789,44033.219,44143.346,110.12700000000041,43941.902,44875.662,43941.902,44875.662,16233289762842677395,COARSE (n = 5)
cpu4,plonk,14,1-5,input_ms,5,121.253,12.69595100809703,0.10470628362264876,115.208,111.87,134.446,22.575999999999993,109.263,135.478,109.263,135.478,588705086764017627,COARSE (n = 5)
cpu4,plonk,14,1-5,witness_ms,5,42.9918,0.7747704176076947,0.018021353318718798,43.216,42.224,43.281,1.0570000000000022,42.212,44.026,42.212,44.026,3857420284077752918,COARSE (n = 5)
cpu4,plonk,14,1-5,prove_ms,5,44239.432400000005,241.88451040382935,0.0054676223740119535,44253.106,44186.364,44358.755,172.39099999999598,43872.668,44526.269,43872.668,44526.269,766485489727812533,COARSE (n = 5)
cpu4,plonk,14,1-5,verify_first_ms,5,12.347999999999999,0.659345508819162,0.05339694758820554,11.949,11.931,12.828,0.8970000000000002,11.768,13.264,11.768,13.264,4413371543462858114,COARSE (n = 5)
cpu4,plonk,14,1-5,verify_steady_ms,5,11.1882,0.20804614872667127,0.01859514030198524,11.154,11.014,11.324,0.3100000000000005,10.979,11.47,10.979,11.47,8136684699545387728,COARSE (n = 5)
cpu4,plonk,14,1-5,wall_ms,5,44416.092000000004,235.65794300532374,0.005305688375405106,44424.353,44351.168,44547.434,196.26600000000326,44064.256,44693.249,44064.256,44693.249,6917778269028998612,COARSE (n = 5)
cpu4,plonk,14,1-5,stage_sum_ms,5,44416.0248,235.65725649170966,0.005305680946299131,44424.289,44351.103,44547.355,196.2520000000004,44064.19,44693.187,44064.19,44693.187,5046405095248931458,COARSE (n = 5)
cpu4,plonk,15,1-5,input_ms,5,263.6638,4.991192863434559,0.01893014082113115,263.703,260.412,267.174,6.7620000000000005,257.322,269.708,257.322,269.708,11568669612547207742,COARSE (n = 5)
cpu4,plonk,15,1-5,witness_ms,5,53.087199999999996,6.944639781874939,0.1308157104137144,50.109,49.227,51.844,2.6170000000000044,48.914,65.342,48.914,65.342,1269169996075412238,COARSE (n = 5)
cpu4,plonk,15,1-5,prove_ms,5,44297.3394,284.76145987352317,0.00642841000679881,44102.236,44090.215,44592.418,502.20300000000134,44076.525,44625.303,44076.525,44625.303,12595056936351837776,COARSE (n = 5)
cpu4,plonk,15,1-5,verify_first_ms,5,12.4832,0.823774362310457,0.0659906404055416,12.624,11.733,13.071,1.3379999999999992,11.549,13.439,11.549,13.439,12177010115003591070,COARSE (n = 5)
cpu4,plonk,15,1-5,verify_steady_ms,5,11.069199999999999,0.22871313910661134,0.02066212003637222,11.1,10.863,11.276,0.41300000000000026,10.806,11.301,10.806,11.301,9469926950294947448,COARSE (n = 5)
cpu4,plonk,15,1-5,wall_ms,5,44626.7094,293.25721100306976,0.00657133844161653,44427.196,44416.654,44920.611,503.9569999999949,44395.577,44973.509,44395.577,44973.509,11556316393683444752,COARSE (n = 5)
cpu4,plonk,15,1-5,stage_sum_ms,5,44626.5734,293.17985128551965,0.006569624977872929,44427.116,44416.583,44920.24,503.65699999999924,44395.504,44973.424,44395.504,44973.424,13614998218625664745,COARSE (n = 5)
cpu8,groth16,5,1-10,input_ms,10,0.7377,0.08631473416128518,0.11700519745328071,0.736,0.718,0.7575000000000001,0.03950000000000009,0.544,0.873,0.7155,0.7929999999999999,5733931168551761012,n = 10
cpu8,groth16,5,1-10,witness_ms,10,29.164300000000004,1.972526020107213,0.06763495163975178,28.2845,27.98675,29.8245,1.8377499999999998,27.464,32.644,27.7915,30.6095,12400893626626090262,n = 10
cpu8,groth16,5,1-10,prove_ms,10,151.0499,4.934844350804458,0.03267029207437051,150.3625,148.369,152.57325,4.204250000000002,144.448,162.613,147.838,153.163,16295790208139041322,n = 10
cpu8,groth16,5,1-10,verify_first_ms,10,10.9251,0.8940508871920484,0.08183457242423853,10.7295,10.551,10.995249999999999,0.4442499999999985,9.734,12.885,10.382000000000001,11.4345,14479445298389787863,n = 10
cpu8,groth16,5,1-10,verify_steady_ms,10,10.2133,0.5809513366501153,0.056881843933901416,10.0545,9.894,10.316500000000001,0.4225000000000012,9.604,11.358,9.7545,10.6655,17807075214181143959,n = 10
cpu8,groth16,5,1-10,wall_ms,10,191.9305,5.7545554563319685,0.02998249604066039,190.676,189.2485,194.63725,5.3887499999999875,182.423,202.74,188.54915000000003,196.12650000000002,13558205420410902366,n = 10
cpu8,groth16,5,1-10,stage_sum_ms,10,191.8773,5.753509152392713,0.029985356018626032,190.6205,189.19675,194.58075,5.383999999999986,182.373,202.687,188.2895,196.0735,3950872351500057103,n = 10
cpu8,groth16,5,1-5,input_ms,5,0.725,0.01872164522684907,0.025822958933584925,0.721,0.717,0.725,0.008000000000000007,0.706,0.756,0.706,0.756,548865502540732013,COARSE (n = 5)
cpu8,groth16,5,1-5,witness_ms,5,28.581,1.0107442802212634,0.03536420279980628,28.311,28.258,28.644,0.38599999999999923,27.474,30.218,27.474,30.218,6571278646848555893,COARSE (n = 5)
cpu8,groth16,5,1-5,prove_ms,5,150.4668,7.119366523785666,0.04731519859388028,147.838,146.992,150.443,3.451000000000022,144.448,162.613,144.448,162.613,8082655839493582617,COARSE (n = 5)
cpu8,groth16,5,1-5,verify_first_ms,5,10.5618,0.4928916716683289,0.046667393026598586,10.609,10.608,10.85,0.2419999999999991,9.734,11.008,9.734,11.008,14226490916049987689,COARSE (n = 5)
cpu8,groth16,5,1-5,verify_steady_ms,5,10.1592,0.732204001627962,0.07207299803409342,9.893,9.612,10.329,0.7170000000000005,9.604,11.358,9.604,11.358,5570813188983821909,COARSE (n = 5)
cpu8,groth16,5,1-5,wall_ms,5,190.3872,7.549645004899241,0.039654162700534706,189.664,187.017,190.092,3.075000000000017,182.423,202.74,182.423,202.74,9119573394851812199,COARSE (n = 5)
cpu8,groth16,5,1-5,stage_sum_ms,5,190.3346,7.548632213851731,0.039659800235226444,189.613,186.966,190.034,3.0679999999999836,182.373,202.687,182.373,202.687,10639813109905197145,COARSE (n = 5)
cpu8,groth16,6,1-10,input_ms,10,0.8282,0.08847071078422884,0.1068228818935388,0.835,0.80825,0.856,0.04774999999999996,0.616,0.95,0.806,0.883,3277406123007003811,n = 10
cpu8,groth16,6,1-10,witness_ms,10,28.469900000000003,0.9215987859270554,0.03237098781263915,28.384,27.6795,29.1485,1.4689999999999976,27.249,29.856,27.547,29.293,15492778773195920168,n = 10
cpu8,groth16,6,1-10,prove_ms,10,159.2396,4.444696920051031,0.02791200756627768,159.9425,156.7065,162.735,6.028500000000008,152.403,164.804,156.0965,163.31,5270968561689203244,n = 10
cpu8,groth16,6,1-10,verify_first_ms,10,10.3567,0.4387667185798544,0.04236549466334396,10.4195,10.27625,10.603,0.32675000000000054,9.631,11.033,10.005500000000001,10.663,11103379303392311618,n = 10
cpu8,groth16,6,1-10,verify_steady_ms,10,9.8261,0.20552342391508,0.02091607289922553,9.834499999999998,9.692250000000001,9.8795,0.1872499999999988,9.544,10.164,9.662,9.996500000000001,14693558608542413046,n = 10
cpu8,groth16,6,1-10,wall_ms,10,198.9422,4.6559515986411295,0.02340353931263015,199.53050000000002,196.21175,202.43550000000002,6.223750000000024,191.342,204.681,195.223,202.806,11364779046336305714,n = 10
cpu8,groth16,6,1-10,stage_sum_ms,10,198.8944,4.657182009183945,0.0234153501012796,199.483,196.16025000000002,202.389,6.228749999999991,191.294,204.636,195.175,202.76,8410071753231531329,n = 10
cpu8,groth16,6,1-5,input_ms,5,0.8210000000000001,0.020285462775100765,0.02470823724129204,0.815,0.806,0.833,0.026999999999999913,0.801,0.85,0.801,0.85,11752452582043688740,COARSE (n = 5)
cpu8,groth16,6,1-5,witness_ms,5,28.875799999999998,1.0072515574572223,0.03488220438766103,29.203,28.306,29.601,1.2949999999999982,27.413,29.856,27.413,29.856,12092893917758575050,COARSE (n = 5)
cpu8,groth16,6,1-5,prove_ms,5,157.1684,4.760886241026983,0.03029162504057421,156.591,152.923,160.615,7.692000000000007,152.403,163.31,152.403,163.31,17045209877786159736,COARSE (n = 5)
cpu8,groth16,6,1-5,verify_first_ms,5,10.493,0.5291729395953649,0.05043104351428237,10.663,10.419,10.719,0.29999999999999893,9.631,11.033,9.631,11.033,4625202051668958311,COARSE (n = 5)
cpu8,groth16,6,1-5,verify_steady_ms,5,9.7482,0.23877855850138607,0.024494630649903166,9.662,9.566,9.854,0.2879999999999985,9.544,10.115,9.544,10.115,5344311969095421314,COARSE (n = 5)
cpu8,groth16,6,1-5,wall_ms,5,197.406,5.427394172160333,0.027493562364671452,198.36,192.498,200.701,8.203000000000003,191.342,204.129,191.342,204.129,13196498956130283101,COARSE (n = 5)
cpu8,groth16,6,1-5,stage_sum_ms,5,197.35819999999998,5.427973903769241,0.027503158742678245,198.313,192.449,200.653,8.20399999999998,191.294,204.082,191.294,204.082,10891474682478042183,COARSE (n = 5)
cpu8,groth16,7,1-10,input_ms,10,1.1406,0.23749535667975585,0.20821967094490254,1.1475,1.01475,1.1744999999999999,0.15974999999999984,0.866,1.681,0.943,1.2395,5302727285946636103,n = 10
cpu8,groth16,7,1-10,witness_ms,10,29.452999999999996,2.322464878337477,0.07885325360192433,28.808999999999997,28.0775,30.602999999999998,2.5254999999999974,26.417,34.231,27.7845,30.996000000000002,10596949794138778735,n = 10
cpu8,groth16,7,1-10,prove_ms,10,171.6838,4.697168669646757,0.027359416960987336,171.293,168.6615,174.65725,5.995750000000015,163.429,179.236,168.376,175.465,7734899914163332218,n = 10
cpu8,groth16,7,1-10,verify_first_ms,10,10.770199999999999,0.5008760769336509,0.0465057359133211,10.661999999999999,10.41925,10.967500000000001,0.5482500000000012,10.196,11.721,10.359,11.1735,10911436557555343256,n = 10
cpu8,groth16,7,1-10,verify_steady_ms,10,10.0298,0.4618801672391757,0.04605078538347481,9.972000000000001,9.862,10.073250000000002,0.2112500000000015,9.316,11.128,9.831,10.129000000000001,1617892568469615742,n = 10
cpu8,groth16,7,1-10,wall_ms,10,213.0967,5.701506254198677,0.026755488255795032,212.8025,208.13975,215.821,7.681250000000006,206.306,221.96,206.859,217.4885,18329456592983559292,n = 10
cpu8,groth16,7,1-10,stage_sum_ms,10,213.04789999999997,5.700705754553555,0.026757859404169464,212.753,208.093,215.7745,7.6815,206.257,221.907,206.813,217.44,9046850789982389563,n = 10
cpu8,groth16,7,1-5,input_ms,5,1.2344,0.2793998926270374,0.2263446959065436,1.138,1.017,1.322,0.30500000000000016,1.014,1.681,1.014,1.681,9938442454731179289,COARSE (n = 5)
cpu8,groth16,7,1-5,witness_ms,5,29.631999999999998,2.0328024990145988,0.06860159621404559,30.297,29.046,30.705,1.658999999999999,26.417,31.695,26.417,31.695,7794035463232811087,COARSE (n = 5)
cpu8,groth16,7,1-5,prove_ms,5,170.1556,5.728838040999234,0.03366823096624051,169.518,168.376,170.219,1.8429999999999893,163.429,179.236,163.429,179.236,11467051065006089778,COARSE (n = 5)
cpu8,groth16,7,1-5,verify_first_ms,5,10.875200000000001,0.38350840929502494,0.03526449254220841,10.912,10.596,10.986,0.39000000000000057,10.447,11.435,10.447,11.435,10873514758705143814,COARSE (n = 5)
cpu8,groth16,7,1-5,verify_steady_ms,5,10.117,0.666292728460997,0.0658587257547689,10.038,9.831,10.272,0.4410000000000007,9.316,11.128,9.316,11.128,3778725743065251635,COARSE (n = 5)
cpu8,groth16,7,1-5,wall_ms,5,211.94580000000002,6.232305769135525,0.02940518646340491,211.982,206.632,213.178,6.545999999999992,206.306,221.631,206.306,221.631,1328083228694019228,COARSE (n = 5)
cpu8,groth16,7,1-5,stage_sum_ms,5,211.89719999999997,6.232404688400775,0.029412397560707626,211.933,206.583,213.131,6.548000000000002,206.257,221.582,206.257,221.582,16685811823997538234,COARSE (n = 5)
cpu8,groth16,8,1-10,input_ms,10,1.7698,0.2759805951310506,0.1559388603972486,1.7690000000000001,1.5899999999999999,1.8792499999999999,0.28925,1.437,2.403,1.5665,1.908,4487605287386527850,n = 10
cpu8,groth16,8,1-10,witness_ms,10,29.7181,2.1179125703285187,0.07126675562463679,29.5745,28.517,31.49625,2.9792500000000004,26.631,32.568,27.811,31.636,16424218313579010849,n = 10
cpu8,groth16,8,1-10,prove_ms,10,196.0437,5.590040489815594,0.028514257228442405,194.846,192.66325,197.82925,5.165999999999997,187.412,205.738,192.43,200.75037499999996,16695123772057840909,n = 10
cpu8,groth16,8,1-10,verify_first_ms,10,10.5701,0.6856682790452604,0.06486866529600102,10.436,10.203,10.655750000000001,0.45275000000000176,9.632,11.817,10.1615,11.083,8883181607859228562,n = 10
cpu8,groth16,8,1-10,verify_steady_ms,10,10.3659,0.4162721999418703,0.04015784446520517,10.3335,10.11475,10.48475,0.3699999999999992,9.848,11.368,10.052,10.519,5792564170010803201,n = 10
cpu8,groth16,8,1-10,wall_ms,10,238.15320000000003,5.261694990948999,0.02209374046180777,236.2535,234.2195,242.8755,8.655999999999977,232.434,246.644,233.698,244.226,7765897248130275082,n = 10
cpu8,groth16,8,1-10,stage_sum_ms,10,238.1018,5.262932701661901,0.022103708168782852,236.199,234.173,242.8195,8.646500000000003,232.384,246.596,233.651,244.168,7909092977766455665,n = 10
cpu8,groth16,8,1-5,input_ms,5,1.7362000000000002,0.17840179371295567,0.1027541721650476,1.793,1.745,1.793,0.04799999999999982,1.437,1.913,1.437,1.913,2056122323787955066,COARSE (n = 5)
cpu8,groth16,8,1-5,witness_ms,5,29.735000000000003,2.8243695756752505,0.09498468389693124,31.077,26.763,31.636,4.8729999999999976,26.631,32.568,26.631,32.568,5197843968923293709,COARSE (n = 5)
cpu8,groth16,8,1-5,prove_ms,5,193.214,3.813736946880316,0.019738408950077717,193.363,192.2,195.76,3.5600000000000023,187.412,197.335,187.412,197.335,8461570399228850509,COARSE (n = 5)
cpu8,groth16,8,1-5,verify_first_ms,5,10.5402,0.8255384303592415,0.07832284305413953,10.49,10.051,10.711,0.6600000000000001,9.632,11.817,9.632,11.817,2817894711943310756,COARSE (n = 5)
cpu8,groth16,8,1-5,verify_steady_ms,5,10.3096,0.27548920124026605,0.026721618805799065,10.358,10.303,10.519,0.2159999999999993,9.848,10.52,9.848,10.52,15517086761685460571,COARSE (n = 5)
cpu8,groth16,8,1-5,wall_ms,5,235.2802,2.7185720884317255,0.011554614831302105,236.162,232.636,236.345,3.709000000000003,232.434,238.824,232.434,238.824,5419161982530026517,COARSE (n = 5)
cpu8,groth16,8,1-5,stage_sum_ms,5,235.22600000000003,2.7205826581818835,0.011565824603495716,236.114,232.574,236.284,3.7099999999999795,232.384,238.774,232.384,238.774,7361153930462757916,COARSE (n = 5)
cpu8,groth16,9,1-10,input_ms,10,3.0481000000000003,0.20946145230089475,0.06871869436727625,3.0715000000000003,2.9195,3.11675,0.19724999999999993,2.677,3.454,2.886,3.153,8854425362716078510,n = 10
cpu8,groth16,9,1-10,witness_ms,10,30.990199999999998,2.3535228346742953,0.07594409957581091,30.33,29.853,32.35125,2.4982499999999987,27.53,35.317,29.4525,32.762,408306606727634074,n = 10
cpu8,groth16,9,1-10,prove_ms,10,204.6675,6.711288868598776,0.03279118017564477,205.192,200.6905,208.861,8.170500000000004,191.731,214.537,200.206,209.556,458091095618893320,n = 10
cpu8,groth16,9,1-10,verify_first_ms,10,9.983500000000001,0.33040623144513764,0.03309523027446663,9.9685,9.723749999999999,10.309000000000001,0.585250000000002,9.528,10.377,9.717500000000001,10.335,1526084866262949867,n = 10
cpu8,groth16,9,1-10,verify_steady_ms,10,10.0443,0.2850809046958816,0.028382356629718507,10.0025,9.870999999999999,10.2715,0.40050000000000097,9.548,10.499,9.847,10.292,2969593855086876997,n = 10
cpu8,groth16,9,1-10,wall_ms,10,248.7418,6.529045119906718,0.0262482828374914,249.214,246.4565,253.328,6.8714999999999975,234.455,256.861,245.663,254.227,15160030125073500502,n = 10
cpu8,groth16,9,1-10,stage_sum_ms,10,248.6896,6.531129546682994,0.02626217399795968,249.163,246.3855,253.2825,6.896999999999991,234.409,256.814,245.603,254.181,17651121839466223525,n = 10
cpu8,groth16,9,1-5,input_ms,5,3.0170000000000003,0.3063935377908614,0.10155569698072967,2.886,2.874,3.194,0.31999999999999984,2.677,3.454,2.677,3.454,7391365664236338867,COARSE (n = 5)
cpu8,groth16,9,1-5,witness_ms,5,30.3342,1.9014000631113903,0.06268172765760727,30.176,30.084,31.119,1.0350000000000001,27.53,32.762,27.53,32.762,14384759860614190322,COARSE (n = 5)
cpu8,groth16,9,1-5,prove_ms,5,201.14360000000002,6.4070564458259645,0.03185314594064123,202.144,199.263,203.282,4.0190000000000055,191.731,209.298,191.731,209.298,8012188150489300139,COARSE (n = 5)
cpu8,groth16,9,1-5,verify_first_ms,5,9.6844,0.1084034132303959,0.0111936117085618,9.718,9.628,9.741,0.11299999999999955,9.528,9.807,9.528,9.807,1682196659956136113,COARSE (n = 5)
cpu8,groth16,9,1-5,verify_steady_ms,5,9.967,0.30544066526905034,0.030645195672624692,9.997,9.788,10.21,0.4220000000000006,9.548,10.292,9.548,10.292,15125196321513347276,COARSE (n = 5)
cpu8,groth16,9,1-5,wall_ms,5,244.23719999999997,5.864214542460051,0.024010324972854467,246.043,243.629,247.697,4.068000000000012,234.455,249.362,234.455,249.362,17760134181451303380,COARSE (n = 5)
cpu8,groth16,9,1-5,stage_sum_ms,5,244.17979999999997,5.858477208285443,0.023992472793758712,245.971,243.577,247.629,4.0519999999999925,234.409,249.313,234.409,249.313,4366152628657848798,COARSE (n = 5)
cpu8,groth16,10,1-10,input_ms,10,5.3352,0.3284471207228208,0.061562288334611776,5.253,5.0832500000000005,5.5295000000000005,0.44625000000000004,4.935,5.91,5.07,5.627000000000001,15661070859345773982,n = 10
cpu8,groth16,10,1-10,witness_ms,10,31.3079,2.658352139954374,0.08490994732813041,30.8455,29.081,33.3075,4.226499999999998,28.046,36.22,28.886,33.663,9786821644145571647,n = 10
cpu8,groth16,10,1-10,prove_ms,10,213.92780000000002,7.049335410755635,0.032951937105676,213.643,209.611,220.00225,10.391250000000014,201.458,223.11,209.07557500000001,220.749,4713607640964845551,n = 10
cpu8,groth16,10,1-10,verify_first_ms,10,10.097100000000001,0.35696512434690314,0.03535323254666222,10.021,9.784,10.41775,0.6337499999999991,9.662,10.621,9.756,10.442,18099641033292787393,n = 10
cpu8,groth16,10,1-10,verify_steady_ms,10,9.9756,0.32617929629780795,0.032697712047175906,9.995000000000001,9.663,10.26525,0.6022499999999997,9.569,10.421,9.629,10.331,15913576176641346129,n = 10
cpu8,groth16,10,1-10,wall_ms,10,260.7169,8.87266103701578,0.034031783275329595,260.4475,254.474,266.72425000000004,12.250250000000051,245.072,273.196,253.815,268.19500000000005,18327221483734430717,n = 10
cpu8,groth16,10,1-10,stage_sum_ms,10,260.6684,8.870920034960669,0.03403143624221681,260.3965,254.429,266.6735,12.244499999999988,245.026,273.147,253.77,268.145,16134170227824538191,n = 10
cpu8,groth16,10,1-5,input_ms,5,5.1004,0.15724439576659005,0.030829816439218505,5.07,5.021,5.123,0.10200000000000031,4.935,5.353,4.935,5.353,8420629004036558039,COARSE (n = 5)
cpu8,groth16,10,1-5,witness_ms,5,29.516399999999997,1.6281471985050986,0.0551607648122772,28.886,28.743,29.666,0.9230000000000018,28.046,32.241,28.046,32.241,15351172223630019023,COARSE (n = 5)
cpu8,groth16,10,1-5,prove_ms,5,208.9148,5.136439107007889,0.024586286404830526,209.078,206.752,213.137,6.384999999999991,201.458,214.149,201.458,214.149,7778296978037714490,COARSE (n = 5)
cpu8,groth16,10,1-5,verify_first_ms,5,10.183,0.3739913100594721,0.03672702642241698,10.153,9.889,10.496,0.6070000000000011,9.756,10.621,9.756,10.621,4944966113867996035,COARSE (n = 5)
cpu8,groth16,10,1-5,verify_steady_ms,5,10.0914,0.39486048168941845,0.0391284144607704,10.331,9.765,10.371,0.6059999999999999,9.569,10.421,9.569,10.421,18151580815349975444,COARSE (n = 5)
cpu8,groth16,10,1-5,wall_ms,5,253.76080000000002,5.434617576242146,0.02141630061160804,253.815,253.755,256.451,2.6960000000000264,245.072,259.711,245.072,259.711,16116993311074476188,COARSE (n = 5)
cpu8,groth16,10,1-5,stage_sum_ms,5,253.71480000000003,5.434470461783735,0.021419603672248266,253.77,253.708,256.406,2.6980000000000075,245.026,259.664,245.026,259.664,7744785692052391154,COARSE (n = 5)
cpu8,groth16,11,1-10,input_ms,10,12.4705,0.8234634512566757,0.0660329137770479,12.538499999999999,12.244499999999999,12.796000000000001,0.5515000000000025,10.532,13.773,12.229,12.888,17853489910234365143,n = 10
cpu8,groth16,11,1-10,witness_ms,10,29.9959,1.3729534628351803,0.045771370848521974,29.9955,28.822,31.001250000000002,2.1792500000000032,27.938,31.858,28.584,31.296,11475969544916053120,n = 10
cpu8,groth16,11,1-10,prove_ms,10,221.8366,5.03040531170203,0.02267617386717084,220.73250000000002,218.553,224.15775000000002,5.604750000000024,214.534,230.89,218.285,225.10950000000003,18174453192936312388,n = 10
cpu8,groth16,11,1-10,verify_first_ms,10,9.853399999999999,0.3264339987739567,0.033129072074000517,9.8095,9.66325,9.873249999999999,0.20999999999999908,9.512,10.689,9.658,9.925999999999998,15069563056721140680,n = 10
cpu8,groth16,11,1-10,verify_steady_ms,10,10.1035,0.39813237608726193,0.03940539180355935,10.196,9.69075,10.3475,0.6567500000000006,9.622,10.696,9.652,10.435500000000001,8897440891686661741,n = 10
cpu8,groth16,11,1-10,wall_ms,10,274.2079,5.723908813040271,0.02087433955418597,273.345,270.8795,276.499,5.619500000000016,265.103,284.867,270.436,278.122,14487504641709982481,n = 10
cpu8,groth16,11,1-10,stage_sum_ms,10,274.15639999999996,5.7225023508562725,0.020873130632209472,273.2955,270.83,276.4435,5.613499999999988,265.054,284.815,270.387,278.06600000000003,4589479849353136024,n = 10
cpu8,groth16,11,1-5,input_ms,5,12.5578,0.3277891090320114,0.026102431081241252,12.498,12.291,12.775,0.484,12.224,13.001,12.224,13.001,5526573087149042084,COARSE (n = 5)
cpu8,groth16,11,1-5,witness_ms,5,28.861399999999996,0.7786159515447914,0.026977761007601554,28.584,28.453,29.536,1.083000000000002,27.938,29.796,27.938,29.796,11532334689214416637,COARSE (n = 5)
cpu8,groth16,11,1-5,prove_ms,5,220.2498,3.8911378413004147,0.01766693019153895,219.647,219.357,223.251,3.8940000000000055,214.534,224.46,214.534,224.46,17765544031535357839,COARSE (n = 5)
cpu8,groth16,11,1-5,verify_first_ms,5,9.719199999999999,0.18659367620581319,0.019198460388284346,9.658,9.642,9.776,0.13400000000000034,9.512,10.008,9.512,10.008,1270715470181597009,COARSE (n = 5)
cpu8,groth16,11,1-5,verify_steady_ms,5,10.0562,0.3254192680220396,0.03236006324675718,10.18,9.807,10.313,0.5060000000000002,9.622,10.359,9.622,10.359,11238259953087606584,COARSE (n = 5)
cpu8,groth16,11,1-5,wall_ms,5,271.4404,4.708865075578196,0.017347694284189807,270.436,269.575,275.134,5.559000000000026,265.103,276.954,265.103,276.954,14432950043283328651,COARSE (n = 5)
cpu8,groth16,11,1-5,stage_sum_ms,5,271.3882,4.7052454983773195,0.017337693747839146,270.387,269.526,275.074,5.548000000000002,265.054,276.9,265.054,276.9,3667269935621213397,COARSE (n = 5)
cpu8,groth16,12,1-10,input_ms,10,28.537,7.761558048055385,0.2719822703176713,34.262,19.695,34.50075,14.805749999999996,19.195,35.002,19.535,34.583,5458043902161786858,n = 10
cpu8,groth16,12,1-10,witness_ms,10,37.6592,5.2781581551817025,0.14015587572709198,35.208,34.34675,38.91675,4.57,33.07,49.639,34.241,40.6185,5646290089390095784,n = 10
cpu8,groth16,12,1-10,prove_ms,10,231.83440000000002,4.954247183534101,0.021369767314661246,231.82150000000001,228.32274999999998,236.016,7.693250000000006,224.55,238.823,227.67,236.308,9877209588896329676,n = 10
cpu8,groth16,12,1-10,verify_first_ms,10,10.1812,0.5766321376945811,0.056636952195672524,10.0185,9.711,10.722750000000001,1.011750000000001,9.516,11.074,9.641,10.893,15148344739812372591,n = 10
cpu8,groth16,12,1-10,verify_steady_ms,10,9.8835,0.4013740981511719,0.040610522401089894,9.7365,9.6215,10.26225,0.6407500000000006,9.394,10.517,9.5505,10.304,15501721479138248811,n = 10
cpu8,groth16,12,1-10,wall_ms,10,308.26930000000004,14.2808405607731,0.04632586041092349,312.37,297.87675,317.476,19.599249999999984,287.37,330.978,295.677,318.969,15798570378315520718,n = 10
cpu8,groth16,12,1-10,stage_sum_ms,10,308.2124,14.279123395129446,0.04632884139356316,312.3075,297.82175,317.42325,19.601499999999987,287.315,330.923,295.624,318.917,5485567183999098504,n = 10
cpu8,groth16,12,1-5,input_ms,5,25.2934,8.190197238162217,0.3238076825639185,19.535,19.209,34.217,15.008,19.195,34.311,19.195,34.311,3433109312785012728,COARSE (n = 5)
cpu8,groth16,12,1-5,witness_ms,5,34.687799999999996,1.6881367539390884,0.04866658461877342,34.241,33.943,34.664,0.7210000000000036,33.07,37.521,33.07,37.521,11857057516569737385,COARSE (n = 5)
cpu8,groth16,12,1-5,prove_ms,5,230.75,5.619355434567208,0.02435256959725767,232.131,225.194,235.14,9.945999999999998,224.55,236.735,224.55,236.735,3943826047366516391,COARSE (n = 5)
cpu8,groth16,12,1-5,verify_first_ms,5,9.9192,0.5673488344925016,0.05719703549605831,9.641,9.62,9.921,0.30100000000000016,9.516,10.898,9.516,10.898,12196552480798506460,COARSE (n = 5)
cpu8,groth16,12,1-5,verify_steady_ms,5,9.8612,0.36744074352199974,0.03726126065002228,9.798,9.665,10.137,0.4720000000000013,9.394,10.312,9.394,10.312,10685438288392940629,COARSE (n = 5)
cpu8,groth16,12,1-5,wall_ms,5,300.706,14.756249574332903,0.04907201577066272,295.677,287.958,312.997,25.038999999999987,287.37,319.528,287.37,319.528,14232248659895550931,COARSE (n = 5)
cpu8,groth16,12,1-5,stage_sum_ms,5,300.6508,14.752448532362337,0.04906838276286754,295.624,287.908,312.942,25.033999999999992,287.315,319.465,287.315,319.465,15130965760970481290,COARSE (n = 5)
cpu8,groth16,13,1-10,input_ms,10,68.6892,10.07228409271921,0.14663562965821716,75.488,58.243,76.74925,18.50625,54.208,77.216,57.496,77.009,9047756915541563148,n = 10
cpu8,groth16,13,1-10,witness_ms,10,40.6797,3.829814241216174,0.09414558714091241,39.0905,37.655,43.362249999999996,5.707249999999995,37.065,47.75,37.532,43.913,13557777617485391112,n = 10
cpu8,groth16,13,1-10,prove_ms,10,238.10340000000002,6.364282523933433,0.026729070327989574,238.985,235.752,241.97125,6.219249999999988,227.289,246.555,233.611,242.8525,14525005400903642052,n = 10
cpu8,groth16,13,1-10,verify_first_ms,10,9.8429,0.4660210891746806,0.04734591321406096,9.6475,9.61375,9.8935,0.27974999999999994,9.442,11.041,9.5765,9.9915,13110312350140733251,n = 10
cpu8,groth16,13,1-10,verify_steady_ms,10,9.8196,0.6320436342180463,0.0643655173548868,9.4825,9.476750000000001,9.78725,0.31049999999999933,9.455,11.295,9.474499999999999,10.099499999999999,3198657242702231529,n = 10
cpu8,groth16,13,1-10,wall_ms,10,357.3829,15.990927917277208,0.04474452447858364,361.524,344.37225,367.5635,23.191249999999968,333.879,382.423,342.96,369.08500000000004,18436106200575626612,n = 10
cpu8,groth16,13,1-10,stage_sum_ms,10,357.3155,15.994246286642506,0.04476225153020932,361.4615,344.30449999999996,367.49899999999997,23.194500000000005,333.807,382.355,342.74850000000004,369.019,5366325484233642297,n = 10
cpu8,groth16,13,1-5,input_ms,5,67.50699999999999,11.179364583910841,0.16560304240909599,75.137,56.381,75.839,19.458,54.208,75.97,54.208,75.97,10242078005888992354,COARSE (n = 5)
cpu8,groth16,13,1-5,witness_ms,5,37.8076,0.8645462971987096,0.022866997566592683,37.628,37.328,37.736,0.40799999999999415,37.065,39.281,37.065,39.281,1423740180750444418,COARSE (n = 5)
cpu8,groth16,13,1-5,prove_ms,5,240.26260000000002,3.847834754767931,0.016015121599316458,239.513,238.457,242.532,4.075000000000017,235.395,245.416,235.395,245.416,7753209947931248547,COARSE (n = 5)
cpu8,groth16,13,1-5,verify_first_ms,5,9.6972,0.18933752929622788,0.01952496899065997,9.667,9.611,9.862,0.25099999999999945,9.442,9.904,9.442,9.904,5783147042563341360,COARSE (n = 5)
cpu8,groth16,13,1-5,verify_steady_ms,5,9.7014,0.5141792489006147,0.05300052043010439,9.479,9.47,9.482,0.011999999999998678,9.455,10.621,9.455,10.621,10631385232271415895,COARSE (n = 5)
cpu8,groth16,13,1-5,wall_ms,5,355.3444,14.347276215365762,0.040375692470081874,361.895,342.96,367.127,24.16700000000003,337.031,367.709,337.031,367.709,11414856015997085234,COARSE (n = 5)
cpu8,groth16,13,1-5,stage_sum_ms,5,355.2748,14.353676469810784,0.04040161719832305,361.829,342.89,367.061,24.170999999999992,336.949,367.645,336.949,367.645,1223323862001294644,COARSE (n = 5)
cpu8,groth16,14,1-10,input_ms,10,138.9515,17.803343919674816,0.12812631687801007,144.57999999999998,124.65299999999999,146.727,22.074000000000012,112.998,169.781,119.904,148.125,840037706593698892,n = 10
cpu8,groth16,14,1-10,witness_ms,10,41.595600000000005,1.9555663118391056,0.047013778184209515,41.1965,40.05175,42.28525,2.2334999999999994,39.629,45.725,39.977,42.929,10938353048947631301,n = 10
cpu8,groth16,14,1-10,prove_ms,10,249.29139999999998,5.367183291903575,0.0215297571111702,248.816,248.02775,252.178,4.15025,237.628,256.775,246.923,253.4155,4534409676181378248,n = 10
cpu8,groth16,14,1-10,verify_first_ms,10,10.366,2.1803790699988133,0.2103394819601402,9.6355,9.6025,9.72575,0.12325000000000053,9.55,16.556,9.5945,9.874,1527297773602103637,n = 10
cpu8,groth16,14,1-10,verify_steady_ms,10,9.9401,0.26495636957389396,0.02665530221767326,9.9185,9.69425,10.07725,0.3829999999999991,9.655,10.396,9.688,10.1705,15996005927455937597,n = 10
cpu8,groth16,14,1-10,wall_ms,10,440.27259999999995,20.27679138654174,0.046055083569910414,448.03099999999995,425.017,451.0915,26.0745,407.492,470.789,419.039,451.261,11836426796583125217,n = 10
cpu8,groth16,14,1-10,stage_sum_ms,10,440.2043,20.275110056147387,0.04605840982504575,447.9625,424.954,451.022,26.067999999999984,407.421,470.719,418.978,451.192,5944735084026785484,n = 10
cpu8,groth16,14,1-5,input_ms,5,126.86480000000002,15.216065759584508,0.11993922474622201,119.904,115.42,138.9,23.480000000000004,112.998,147.102,112.998,147.102,10432215952520134202,COARSE (n = 5)
cpu8,groth16,14,1-5,witness_ms,5,40.0888,0.4568486620315305,0.01139591761368588,39.977,39.78,40.276,0.4960000000000022,39.629,40.782,39.629,40.782,2249121938345236596,COARSE (n = 5)
cpu8,groth16,14,1-5,prove_ms,5,248.54899999999998,7.746891796068924,0.031168468978225318,247.882,245.381,255.079,9.698000000000008,237.628,256.775,237.628,256.775,8001732785688831340,COARSE (n = 5)
cpu8,groth16,14,1-5,verify_first_ms,5,11.003200000000001,3.1042323849866658,0.282120872563133,9.617,9.613,9.654,0.04100000000000037,9.576,16.556,9.576,16.556,426777787397781455,COARSE (n = 5)
cpu8,groth16,14,1-5,verify_steady_ms,5,9.979800000000001,0.30250735528247963,0.03031196569895986,10.048,9.713,10.087,0.37400000000000055,9.655,10.396,9.655,10.396,6568166545979417134,COARSE (n = 5)
cpu8,groth16,14,1-5,wall_ms,5,426.57300000000004,19.073936602075626,0.04471435510938485,419.039,412.8,442.951,30.15100000000001,407.492,450.583,407.492,450.583,14640069157424278828,COARSE (n = 5)
cpu8,groth16,14,1-5,stage_sum_ms,5,426.5058,19.07211525237828,0.044717129878135954,418.978,412.736,442.882,30.146000000000015,407.421,450.512,407.421,450.512,6862928990556968103,COARSE (n = 5)
cpu8,groth16,15,1-10,input_ms,10,279.90909999999997,7.014953748956579,0.02506154229696919,280.99649999999997,278.226,285.0585,6.832499999999982,263.116,286.78,277.3265,285.819,1888283478692083583,n = 10
cpu8,groth16,15,1-10,witness_ms,10,55.7,4.5092657446147,0.08095629703078455,54.3845,53.598749999999995,58.695,5.096250000000005,48.656,63.917,52.9165,59.487,2666629128701476744,n = 10
cpu8,groth16,15,1-10,prove_ms,10,253.37539999999998,6.852106735239254,0.027043299133377805,251.94549999999998,250.3845,259.7445,9.360000000000014,242.003,262.46,248.8155,261.764,11662906984058436843,n = 10
cpu8,groth16,15,1-10,verify_first_ms,10,10.530100000000001,1.7694048246044016,0.1680330504557793,9.912500000000001,9.73025,10.2655,0.5352499999999996,9.543,15.443,9.729,10.5415,13832183742104886468,n = 10
cpu8,groth16,15,1-10,verify_steady_ms,10,10.1344,0.28566071561284806,0.02818723512125514,10.121500000000001,10.05575,10.207749999999999,0.15199999999999925,9.684,10.654,9.9245,10.32,16953885749915252345,n = 10
cpu8,groth16,15,1-10,wall_ms,10,599.5869,14.236334753408673,0.02374357203836287,598.0615,592.02775,611.38625,19.35850000000005,573.183,617.724,590.6959999999999,613.159,4676857062836502622,n = 10
cpu8,groth16,15,1-10,stage_sum_ms,10,599.5144,14.236005785019579,0.023745894652438003,597.9905,591.95325,611.3135,19.36024999999995,573.114,617.647,590.6215,613.084,13773765485334657100,n = 10
cpu8,groth16,15,1-5,input_ms,5,281.65340000000003,4.622049469661689,0.016410416027861505,281.616,279.582,285.819,6.237000000000023,275.071,286.179,275.071,286.179,7829241865518218706,COARSE (n = 5)
cpu8,groth16,15,1-5,witness_ms,5,57.495799999999996,5.9273832084656055,0.10309245559615843,59.487,54.785,60.634,5.849000000000004,48.656,63.917,48.656,63.917,16780425757025933811,COARSE (n = 5)
cpu8,groth16,15,1-5,prove_ms,5,252.025,7.060842902940139,0.02801643846023267,251.797,250.875,253.686,2.811000000000007,242.003,261.764,242.003,261.764,7070137656205517059,COARSE (n = 5)
cpu8,groth16,15,1-5,verify_first_ms,5,9.997,0.25306718475535256,0.025314312769366066,9.928,9.897,10.216,0.31899999999999906,9.662,10.282,9.662,10.282,207671937142477841,COARSE (n = 5)
cpu8,groth16,15,1-5,verify_steady_ms,5,10.294,0.2634568275828129,0.025593241459375648,10.222,10.067,10.475,0.4079999999999995,10.052,10.654,10.052,10.654,5758943601293183588,COARSE (n = 5)
cpu8,groth16,15,1-5,wall_ms,5,601.2468,13.604380423231351,0.022626948572917728,597.47,591.15,613.159,22.009000000000015,586.731,617.724,586.731,617.724,6647650416667782380,COARSE (n = 5)
cpu8,groth16,15,1-5,stage_sum_ms,5,601.171,13.604819403432003,0.022630531751252143,597.398,591.074,613.084,22.00999999999999,586.652,617.647,586.652,617.647,17127816067372270891,COARSE (n = 5)
cpu8,plonk,5,1-5,input_ms,5,0.732,0.06579133681572367,0.0898788754313165,0.709,0.707,0.728,0.02100000000000002,0.672,0.844,0.672,0.844,15850954035271950769,COARSE (n = 5)
cpu8,plonk,5,1-5,witness_ms,5,27.248,1.8036384061113795,0.06619342359480987,27.018,26.096,28.676,2.5799999999999983,25.035,29.415,25.035,29.415,11469649516215522111,COARSE (n = 5)
cpu8,plonk,5,1-5,prove_ms,5,21568.648800000003,250.05786251525896,0.011593580331989036,21494.312,21406.662,21756.179,349.5169999999998,21291.39,21894.701,21291.39,21894.701,6644995765449550693,COARSE (n = 5)
cpu8,plonk,5,1-5,verify_first_ms,5,13.955599999999999,1.5816024468873329,0.11333102459853629,13.621,12.698,14.293,1.5949999999999989,12.658,16.508,12.658,16.508,2171755391721533347,COARSE (n = 5)
cpu8,plonk,5,1-5,verify_steady_ms,5,11.2786,0.09344410093740514,0.008285079791588063,11.308,11.192,11.308,0.11599999999999966,11.18,11.405,11.18,11.405,14642344689679444397,COARSE (n = 5)
cpu8,plonk,5,1-5,wall_ms,5,21610.64,248.7802373411118,0.011511932887740104,21533.83,21453.367,21797.58,344.2130000000034,21333.484,21934.939,21333.484,21934.939,10126347534721723949,COARSE (n = 5)
cpu8,plonk,5,1-5,stage_sum_ms,5,21610.5844,248.77648474443868,0.01151178885955711,21533.777,21453.313,21797.527,344.21399999999994,21333.431,21934.874,21333.431,21934.874,4739989757542452272,COARSE (n = 5)
cpu8,plonk,6,1-5,input_ms,5,0.8099999999999999,0.0055677643628299816,0.006873783163987632,0.809,0.806,0.811,0.0050000000000000044,0.805,0.819,0.805,0.819,11479405913657238237,COARSE (n = 5)
cpu8,plonk,6,1-5,witness_ms,5,29.552999999999997,1.2175775129329542,0.04119979402879418,29.434,29.43,29.992,0.5620000000000012,27.768,31.141,27.768,31.141,14561046681601575092,COARSE (n = 5)
cpu8,plonk,6,1-5,prove_ms,5,21595.3802,260.5165025477266,0.01206352933521062,21675.689,21381.149,21759.424,378.2749999999978,21270.669,21889.97,21270.669,21889.97,3215695538286883108,COARSE (n = 5)
cpu8,plonk,6,1-5,verify_first_ms,5,14.3038,1.2316849028870975,0.08610892929760605,14.728,13.453,15.267,1.814,12.605,15.466,12.605,15.466,8720943741679948656,COARSE (n = 5)
cpu8,plonk,6,1-5,verify_steady_ms,5,11.2984,0.25299071129193645,0.02239172903171568,11.289,11.192,11.334,0.14199999999999946,10.992,11.685,10.992,11.685,16268577477365442457,COARSE (n = 5)
cpu8,plonk,6,1-5,wall_ms,5,21640.0986,260.26460572233026,0.01202696025249766,21721.802,21424.045,21801.504,377.45900000000256,21317.396,21935.746,21317.396,21935.746,2278155042088700016,COARSE (n = 5)
cpu8,plonk,6,1-5,stage_sum_ms,5,21640.0466,260.2614821814778,0.012026844811945912,21721.753,21423.995,21801.45,377.45500000000175,21317.347,21935.688,21317.347,21935.688,11759577559336347452,COARSE (n = 5)
cpu8,plonk,7,1-5,input_ms,5,1.0928,0.07024386094172219,0.06427878929513378,1.087,1.035,1.151,0.1160000000000001,1.015,1.176,1.015,1.176,2285667400056623455,COARSE (n = 5)
cpu8,plonk,7,1-5,witness_ms,5,28.593,1.999067157451194,0.06991456501420606,29.093,27.343,29.221,1.8780000000000001,26.03,31.278,26.03,31.278,2598529153616483160,COARSE (n = 5)
cpu8,plonk,7,1-5,prove_ms,5,21632.538800000002,223.21578545143197,0.010318520055141745,21737.701,21630.094,21749.234,119.13999999999942,21248.472,21797.193,21248.472,21797.193,7668725481575916706,COARSE (n = 5)
cpu8,plonk,7,1-5,verify_first_ms,5,14.6852,0.8093683957259511,0.055114564032219586,14.487,14.015,15.493,1.4779999999999998,13.856,15.575,13.856,15.575,7811085558560757885,COARSE (n = 5)
cpu8,plonk,7,1-5,verify_steady_ms,5,11.282399999999999,0.29973121292251165,0.026566263642710034,11.183,11.123,11.294,0.17100000000000115,11.023,11.789,11.023,11.789,9079491895325405530,COARSE (n = 5)
cpu8,plonk,7,1-5,wall_ms,5,21676.9606,221.31677276429002,0.010209769572782728,21781.842,21674.234,21790.48,116.24599999999919,21296.385,21841.862,21296.385,21841.862,2406997284663458399,COARSE (n = 5)
cpu8,plonk,7,1-5,stage_sum_ms,5,21676.909600000003,221.3183499403062,0.010209866351996328,21781.794,21674.186,21790.431,116.24499999999898,21296.33,21841.807,21296.33,21841.807,14329642682285755911,COARSE (n = 5)
cpu8,plonk,8,1-5,input_ms,5,1.8432,0.22245269159980963,0.12068830924468839,1.894,1.86,1.962,0.10199999999999987,1.464,2.036,1.464,2.036,2679968657192298652,COARSE (n = 5)
cpu8,plonk,8,1-5,witness_ms,5,30.3662,2.1378366869337793,0.07040185097028206,31.155,28.907,31.876,2.969000000000001,27.407,32.486,27.407,32.486,14441949552455859381,COARSE (n = 5)
cpu8,plonk,8,1-5,prove_ms,5,21585.050199999998,213.25963942035497,0.009879969582852997,21597.513,21516.424,21693.457,177.03299999999945,21272.627,21845.23,21272.627,21845.23,6528339689097725758,COARSE (n = 5)
cpu8,plonk,8,1-5,verify_first_ms,5,13.6814,0.9492772513865486,0.06938451118939207,13.972,13.831,14.062,0.23099999999999987,12.043,14.499,12.043,14.499,1001899626924355120,COARSE (n = 5)
cpu8,plonk,8,1-5,verify_steady_ms,5,11.389,0.32181283380250747,0.02825646095377184,11.273,11.228,11.295,0.06700000000000017,11.189,11.96,11.189,11.96,9339969636168098015,COARSE (n = 5)
cpu8,plonk,8,1-5,wall_ms,5,21630.995600000002,212.7043478570663,0.00983331289000245,21645.846,21557.405,21740.67,183.26499999999942,21320.914,21890.143,21320.914,21890.143,1406469594000930895,COARSE (n = 5)
cpu8,plonk,8,1-5,stage_sum_ms,5,21630.9408,212.70618205919612,0.0098334225970974,21645.791,21557.337,21740.62,183.28299999999945,21320.863,21890.093,21320.863,21890.093,5424839987303509949,COARSE (n = 5)
cpu8,plonk,9,1-5,input_ms,5,2.8594,0.06052107071095163,0.02116565388226608,2.864,2.85,2.895,0.04499999999999993,2.764,2.924,2.764,2.924,2092549171656434025,COARSE (n = 5)
cpu8,plonk,9,1-5,witness_ms,5,29.192,1.783665747835059,0.06110118346927443,29.106,27.898,30.822,2.9239999999999995,27.023,31.111,27.023,31.111,4663928809568718667,COARSE (n = 5)
cpu8,plonk,9,1-5,prove_ms,5,21486.980199999998,245.5631764672794,0.01142846385027522,21361.394,21356.661,21486.625,129.96399999999994,21318.787,21911.434,21318.787,21911.434,8853900544815603951,COARSE (n = 5)
cpu8,plonk,9,1-5,verify_first_ms,5,14.05,0.9784398295245345,0.06963984551776045,14.0,13.5,14.275,0.7750000000000004,12.933,15.542,12.933,15.542,15601965977846048736,COARSE (n = 5)
cpu8,plonk,9,1-5,verify_steady_ms,5,11.2216,0.1357471914994932,0.012096955113307658,11.225,11.199,11.252,0.053000000000000824,11.026,11.406,11.026,11.406,4155583803223455556,COARSE (n = 5)
cpu8,plonk,9,1-5,wall_ms,5,21533.1292,245.11923848955604,0.01138335428227292,21410.655,21402.208,21533.581,131.3729999999996,21362.782,21956.42,21362.782,21956.42,10110190550273292042,COARSE (n = 5)
cpu8,plonk,9,1-5,stage_sum_ms,5,21533.0812,245.11853925539737,0.011383347184674963,21410.607,21402.162,21533.532,131.36999999999898,21362.734,21956.371,21362.734,21956.371,12058288205202750864,COARSE (n = 5)
cpu8,plonk,10,1-5,input_ms,5,5.2306,0.16895058449144232,0.032300421460528875,5.27,5.203,5.29,0.08699999999999974,4.965,5.425,4.965,5.425,8521877298965291563,COARSE (n = 5)
cpu8,plonk,10,1-5,witness_ms,5,29.6546,1.692488493313913,0.05707338805156411,29.051,28.825,30.268,1.4430000000000014,27.863,32.266,27.863,32.266,8610413428332103640,COARSE (n = 5)
cpu8,plonk,10,1-5,prove_ms,5,21457.5132,196.78991217463383,0.009171142542959443,21343.936,21340.637,21585.294,244.65700000000288,21277.823,21739.876,21277.823,21739.876,3722499625436820606,COARSE (n = 5)
cpu8,plonk,10,1-5,verify_first_ms,5,15.121199999999998,1.3036311594925916,0.08621214979582253,15.675,13.745,16.162,2.417,13.691,16.333,13.691,16.333,16641237953618183695,COARSE (n = 5)
cpu8,plonk,10,1-5,verify_steady_ms,5,11.2956,0.17265949148540852,0.015285552913117366,11.222,11.217,11.304,0.08699999999999974,11.147,11.588,11.147,11.588,1373435295976241440,COARSE (n = 5)
cpu8,plonk,10,1-5,wall_ms,5,21507.5694,195.83185727889145,0.00910525283618945,21395.788,21390.135,21633.433,243.2980000000025,21329.102,21789.389,21329.102,21789.389,4918209601220229005,COARSE (n = 5)
cpu8,plonk,10,1-5,stage_sum_ms,5,21507.52,195.83218231051845,0.00910528886224532,21395.741,21390.087,21633.38,243.29300000000148,21329.05,21789.342,21329.05,21789.342,14256455451877255064,COARSE (n = 5)
cpu8,plonk,11,1-5,input_ms,5,12.1662,1.5041087726624032,0.1236301205522187,12.39,12.27,12.554,0.2840000000000007,9.737,13.88,9.737,13.88,6767024263880560773,COARSE (n = 5)
cpu8,plonk,11,1-5,witness_ms,5,30.5146,2.4158909950575165,0.07917164226493273,31.053,28.731,31.212,2.480999999999998,27.687,33.89,27.687,33.89,13099738937643778744,COARSE (n = 5)
cpu8,plonk,11,1-5,prove_ms,5,42456.835,461.75507691415953,0.01087587138594197,42362.444,42068.162,42738.978,670.8160000000062,42012.729,43101.862,42012.729,43101.862,12447023217115884258,COARSE (n = 5)
cpu8,plonk,11,1-5,verify_first_ms,5,14.6864,1.5482034104083358,0.1054174889971903,14.133,14.089,16.085,1.9960000000000004,12.7,16.425,12.7,16.425,97676568597318963,COARSE (n = 5)
cpu8,plonk,11,1-5,verify_steady_ms,5,11.302800000000001,0.17733781322662137,0.015689724070727728,11.268,11.185,11.292,0.10699999999999932,11.164,11.605,11.164,11.605,2071402096395515362,COARSE (n = 5)
cpu8,plonk,11,1-5,wall_ms,5,42514.253000000004,461.69081730255283,0.01085967139779106,42425.079,42121.858,42795.773,673.9150000000009,42070.474,43158.081,42070.474,43158.081,6640960151261049625,COARSE (n = 5)
cpu8,plonk,11,1-5,stage_sum_ms,5,42514.202600000004,461.6874550800578,0.010859605187092414,42425.029,42121.811,42795.722,673.9110000000001,42070.426,43158.025,42070.426,43158.025,7322340786555950861,COARSE (n = 5)
cpu8,plonk,12,1-5,input_ms,5,28.8264,7.429681339061588,0.2577387859414144,34.058,20.978,34.086,13.107999999999997,20.41,34.6,20.41,34.6,14069640630339689205,COARSE (n = 5)
cpu8,plonk,12,1-5,witness_ms,5,37.0798,3.3633893916702533,0.09070678352284137,36.7,34.939,39.18,4.241,33.046,41.534,33.046,41.534,2494330991471946777,COARSE (n = 5)
cpu8,plonk,12,1-5,prove_ms,5,42386.3286,488.30611032302403,0.011520368157647511,42141.637,42132.325,42655.599,523.2740000000049,41896.659,43105.423,41896.659,43105.423,89795297552383819,COARSE (n = 5)
cpu8,plonk,12,1-5,verify_first_ms,5,14.564599999999999,1.4215017762915385,0.0975997814077653,14.545,14.176,14.905,0.7289999999999992,12.622,16.575,12.622,16.575,9686541284734772635,COARSE (n = 5)
cpu8,plonk,12,1-5,verify_steady_ms,5,11.3024,0.16379957264901535,0.014492459358102292,11.253,11.222,11.281,0.05900000000000105,11.17,11.586,11.17,11.586,12998293190905791840,COARSE (n = 5)
cpu8,plonk,12,1-5,wall_ms,5,42466.8608,488.4265689243379,0.011501357993580206,42231.493,42217.697,42744.351,526.6540000000023,41962.793,43177.97,41962.793,43177.97,9652538444145140966,COARSE (n = 5)
cpu8,plonk,12,1-5,stage_sum_ms,5,42466.7996,488.4276524448644,0.011501400083016014,42231.433,42217.628,42744.285,526.6570000000065,41962.737,43177.915,41962.737,43177.915,5819747932618249674,COARSE (n = 5)
cpu8,plonk,13,1-5,input_ms,5,55.92139999999999,1.0670619944501827,0.01908146066532996,56.387,56.262,56.44,0.17799999999999727,54.019,56.499,54.019,56.499,10095164425065741080,COARSE (n = 5)
cpu8,plonk,13,1-5,witness_ms,5,38.4202,2.748151233101992,0.07152881122695852,39.323,37.791,39.571,1.7800000000000011,34.057,41.359,34.057,41.359,1367539863949107989,COARSE (n = 5)
cpu8,plonk,13,1-5,prove_ms,5,42333.486,627.0137018813876,0.01481129387457928,42436.003,41896.533,42475.57,579.0369999999966,41613.433,43245.891,41613.433,43245.891,6563421565983285348,COARSE (n = 5)
cpu8,plonk,13,1-5,verify_first_ms,5,15.114600000000001,1.0703071054608577,0.07081279725966004,15.099,15.065,15.814,0.7490000000000006,13.403,16.192,13.403,16.192,8770867578923280284,COARSE (n = 5)
cpu8,plonk,13,1-5,verify_steady_ms,5,11.2988,0.08908535233134528,0.007884496790043657,11.249,11.235,11.366,0.13100000000000023,11.223,11.421,11.223,11.421,12489748747339992611,COARSE (n = 5)
cpu8,plonk,13,1-5,wall_ms,5,42443.009000000005,626.386640449412,0.014758299545854817,42549.881,42007.654,42582.006,574.351999999999,41721.905,43353.599,41721.905,43353.599,4260875640521561675,COARSE (n = 5)
cpu8,plonk,13,1-5,stage_sum_ms,5,42442.941999999995,626.3840568844339,0.014758261971670907,42549.815,42007.59,42581.939,574.349000000002,41721.839,43353.527,41721.839,43353.527,1251530839120427200,COARSE (n = 5)
cpu8,plonk,14,1-5,input_ms,5,125.83160000000001,15.23362676121481,0.12106360215728647,119.458,115.699,139.92,24.22099999999999,109.959,144.122,109.959,144.122,14882741400688224712,COARSE (n = 5)
cpu8,plonk,14,1-5,witness_ms,5,40.388,0.8288437729753418,0.020522030627298748,40.448,40.028,41.046,1.0180000000000007,39.18,41.238,39.18,41.238,11005724128295196917,COARSE (n = 5)
cpu8,plonk,14,1-5,prove_ms,5,42734.0894,449.12201641903323,0.01050968963478214,42698.165,42499.131,43167.259,668.127999999997,42128.76,43177.132,42128.76,43177.132,11954889163436169063,COARSE (n = 5)
cpu8,plonk,14,1-5,verify_first_ms,5,14.413599999999999,1.1039738674443338,0.07659251453102167,14.428,14.127,14.702,0.5749999999999993,12.871,15.94,12.871,15.94,17697075395415718944,COARSE (n = 5)
cpu8,plonk,14,1-5,verify_steady_ms,5,11.304599999999999,0.10616637885884607,0.00939143170557526,11.311,11.238,11.371,0.1330000000000009,11.167,11.436,11.167,11.436,15113747362809402794,COARSE (n = 5)
cpu8,plonk,14,1-5,wall_ms,5,42914.7946,453.0949350354721,0.010558012435074595,42872.157,42698.485,43347.005,648.5199999999968,42293.955,43362.371,42293.955,43362.371,14374684043508174458,COARSE (n = 5)
cpu8,plonk,14,1-5,stage_sum_ms,5,42914.7228,453.0945135677562,0.01055802027848019,42872.079,42698.403,43346.94,648.5370000000039,42293.893,43362.299,42293.893,43362.299,5336785373987208509,COARSE (n = 5)
cpu8,plonk,15,1-5,input_ms,5,275.5374,2.234512206276792,0.008109651198990745,275.171,274.311,276.159,1.8480000000000132,273.067,278.979,273.067,278.979,3796670715012875300,COARSE (n = 5)
cpu8,plonk,15,1-5,witness_ms,5,54.215999999999994,6.3395070786300085,0.11693055700586559,51.079,49.411,60.93,11.518999999999998,48.427,61.233,48.427,61.233,16059696511334373536,COARSE (n = 5)
cpu8,plonk,15,1-5,prove_ms,5,42554.972200000004,381.9244729186633,0.0089748495457521,42791.412,42272.906,42803.416,530.5099999999948,42025.949,42881.178,42025.949,42881.178,8687164215160706986,COARSE (n = 5)
cpu8,plonk,15,1-5,verify_first_ms,5,14.338400000000002,0.5910510130267945,0.04122154585077794,14.432,13.779,14.786,1.0069999999999997,13.686,15.009,13.686,15.009,13648273990988513017,COARSE (n = 5)
cpu8,plonk,15,1-5,verify_steady_ms,5,11.2196,0.09021529803752781,0.008040865809612448,11.264,11.2,11.278,0.07800000000000118,11.07,11.286,11.07,11.286,11392655861356538494,COARSE (n = 5)
cpu8,plonk,15,1-5,wall_ms,5,42899.143599999996,379.9708999184009,0.008857307350032996,43142.685,42611.705,43147.327,535.6219999999958,42376.812,43217.189,42376.812,43217.189,3275920177098658980,COARSE (n = 5)
cpu8,plonk,15,1-5,stage_sum_ms,5,42899.0642,379.9710419146427,0.008857327053643345,43142.602,42611.637,43147.253,535.6159999999945,42376.724,43217.105,42376.724,43217.105,10350744378700573259,COARSE (n = 5)
