

                             _   _
                            (_) | |
      __ _   _ __   __   __  _  | |
     / _` | | '_ \  \ \ / / | | | |
    | (_| | | | | |  \ V /  | | | |
     \__,_| |_| |_|   \_/   |_| |_|

    1.5.1-v1.5.1 (b0a9dd9ced 2025-12-19T14:07:55.455914129Z)
    https://github.com/foundry-rs/foundry

Available Accounts
==================

(0) 0xf39Fd6e51aad88F6F4ce6aB8827279cffFb92266 (10000.000000000000000000 ETH)
(1) 0x70997970C51812dc3A010C7d01b50e0d17dc79C8 (10000.000000000000000000 ETH)
(2) 0x3C44CdDdB6a900fa2b585dd299e03d12FA4293BC (10000.000000000000000000 ETH)
(3) 0x90F79bf6EB2c4f870365E785982E1f101E93b906 (10000.000000000000000000 ETH)
(4) 0x15d34AAf54267DB7D7c367839AAf71A00a2C6A65 (10000.000000000000000000 ETH)
(5) 0x9965507D1a55bcC2695C58ba16FB37d819B0A4dc (10000.000000000000000000 ETH)
(6) 0x976EA74026E726554dB657fA54763abd0C3a0aa9 (10000.000000000000000000 ETH)
(7) 0x14dC79964da2C08b23698B3D3cc7Ca32193d9955 (10000.000000000000000000 ETH)
(8) 0x23618e81E3f5cdF7f54C3d65f7FBc0aBf5B21E8f (10000.000000000000000000 ETH)
(9) 0xa0Ee7A142d267C1f36714E4a8F75612F20a79720 (10000.000000000000000000 ETH)

Private Keys
==================

(0) 0xac0974bec39a17e36ba4a6b4d238ff944bacb478cbed5efcae784d7bf4f2ff80
(1) 0x59c6995e998f97a5a0044966f0945389dc9e86dae88c7a8412f4603b6b78690d
(2) 0x5de4111afa1a4b94908f83103eb1f1706367c2e68ca870fc3fb9a804cdab365a
(3) 0x7c852118294e51e653712a81e05800f419141751be58f605c371e15141b007a6
(4) 0x47e179ec197488593b187f80a00eb0da91f1b9d0b13f8733639f19c30a34926a
(5) 0x8b3a350cf5c34c9194ca85829a2df0ec3153be0318b5e2d3348e872092edffba
(6) 0x92db14e403b83dfe3df233f83dfa3a0d7096f21ca9b0d6d6b8d88b2b4ec1564e
(7) 0x4bbbf85ce3377467afe5d46f804f221813b2bb87f24d81f60f1fcdbf7cbf4356
(8) 0xdbda1821b80551c9d65939329250298aa3472ba22feea921c0cf5d620ea67b97
(9) 0x2a871d0798f97d79848a013d4936a73bf4cc922c825d33c1cf7073dff6d409c6

Wallet
==================
Mnemonic:          test test test test test test test test test test test junk
Derivation path:   m/44'/60'/0'/0/


Chain ID
==================

31337

Base Fee
==================

1000000000

Gas Limit
==================

30000000

Genesis Timestamp
==================

1791113455

Genesis Number
==================

0

Listening on 127.0.0.1:8545

    Block Number: 129
    Block Hash: 0xf59db584f5844deeeaee4766ea5517ba14acef02ee1bf2f50c00b33704a0f879
    Block Time: "Sun, 4 Oct 2026 11:30:56 +0000"


    Block Number: 130
    Block Hash: 0x5b9a02be491fd327541234cece6a5c7ab2bd09d1fce0dd8dc422dabb49bc0c6f
    Block Time: "Sun, 4 Oct 2026 11:30:56 +0000"

eth_blockNumber
eth_getBlockByNumber
eth_getBlockByNumber
eth_config
eth_chainId
eth_getBlockByNumber
eth_getTransactionCount
eth_getTransactionCount
eth_getBlockByNumber
eth_call

    Block Number: 131
    Block Hash: 0x44594f6aa08d8aa8f1337239d0b51cfe951a76f1dcae47f094c46303c70aa735
    Block Time: "Sun, 4 Oct 2026 11:30:56 +0000"

eth_blockNumber
eth_getCode
eth_getCode
eth_getCode
eth_getCode
eth_getCode
eth_getCode
eth_getCode
eth_getCode
eth_getLogs
eth_getLogs
eth_getBlockByNumber
eth_chainId
eth_call
eth_call
eth_call
eth_call
eth_call
eth_blockNumber
eth_call
eth_call
eth_call
eth_getBlockByNumber
eth_getBlockByNumber
eth_getCode
eth_call
eth_call
eth_call

RPC request failed:
    Request: EthCall(WithOtherFields { inner: TransactionRequest { from: Some(0xb0d1e7007c0c0e39f553d046fb22e78b8df9fda5), to: Some(Call(0xe05bfdd95a6a04a5e99b9aba0177474a692895eb)), gas_price: None, max_fee_per_gas: None, max_priority_fee_per_gas: None, max_fee_per_blob_gas: None, gas: None, value: None, input: TransactionInput { input: Some(0x4d4b2cab000000000000000000000000d36307ad1049a678adfa86edd1de0e3d14ad8713), data: None }, nonce: None, chain_id: None, access_list: None, transaction_type: None, blob_versioned_hashes: None, sidecar: None, authorization_list: None }, other: OtherFields {} }, Some(latest), None, None)
    Error: Execution error: execution reverted

eth_call
eth_call
eth_call
eth_blockNumber
eth_call
eth_call
eth_call
eth_call
eth_call
eth_call
eth_getBlockByNumber
eth_getCode
eth_call
eth_call

    Block Number: 132
    Block Hash: 0x37bcd4a945197ecc2d2caa68877c1fc59b6b3c3098ec0e0f5e2f2555e99ed4fd
    Block Time: "Sun, 4 Oct 2026 11:30:56 +0000"

eth_blockNumber
eth_blockNumber
eth_blockNumber
eth_blockNumber
eth_blockNumber
eth_call
eth_blockNumber
eth_feeHistory
eth_call
eth_call
eth_call
eth_call
eth_blockNumber
eth_call
eth_call
eth_blockNumber
eth_blockNumber
eth_call
eth_getBlockByNumber
eth_getLogs
eth_call
eth_getLogs
eth_call
eth_call
eth_getLogs
eth_call
eth_call
eth_getBlockByNumber
eth_call
eth_call
eth_call
eth_call
eth_call
eth_getLogs
eth_call
eth_call
eth_call
eth_getCode
eth_call
eth_blockNumber
eth_call
eth_getLogs
eth_call
eth_blockNumber
eth_blockNumber
eth_call
eth_call
eth_blockNumber
eth_call
eth_call
eth_call
eth_getLogs
eth_getLogs
eth_getBalance
eth_call
eth_getBalance
eth_getTransactionCount
eth_getTransactionCount
eth_call
eth_getBalance
eth_getBalance
eth_getTransactionCount
eth_getTransactionCount
eth_feeHistory
eth_feeHistory
eth_call
eth_feeHistory
eth_call
eth_feeHistory
eth_feeHistory
eth_call
eth_feeHistory
eth_feeHistory
eth_feeHistory
eth_call
eth_feeHistory
eth_feeHistory
eth_feeHistory
eth_feeHistory
eth_call
eth_feeHistory
eth_feeHistory
eth_feeHistory
eth_feeHistory
eth_feeHistory
eth_feeHistory
eth_getBlockByNumber
eth_getLogs
eth_getBalance
eth_getTransactionCount
eth_getBalance
eth_getTransactionCount
eth_feeHistory
eth_feeHistory
eth_feeHistory
eth_feeHistory
eth_feeHistory
eth_feeHistory
eth_feeHistory
eth_feeHistory
eth_feeHistory
eth_getBlockByNumber
eth_getBlockByNumber
eth_getBlockByNumber
eth_getBlockByNumber

    Block Number: 133
    Block Hash: 0x44e1bce8a5d4a911380d71998d8b3851ffa1cfba61fa4170f34dc7086c787f1c
    Block Time: "Sun, 4 Oct 2026 11:30:57 +0000"

eth_getBlockByNumber
eth_getLogs
eth_getBlockByNumber
eth_getLogs
eth_getBlockByNumber
eth_getBlockByNumber

    Block Number: 134
    Block Hash: 0xe3949394a151f74214df4d7745442388174e937e83cbfd96c242aa3b03492258
    Block Time: "Sun, 4 Oct 2026 11:30:57 +0000"

eth_getBlockByNumber
eth_getLogs
eth_getBlockByNumber
eth_getLogs
eth_getBlockByNumber
eth_getBlockByNumber
eth_getBlockByNumber
eth_getBlockByNumber

    Block Number: 135
    Block Hash: 0x6030521b4472b61973f129b198abd3cca46d16f1853057d14937bc6ad0a85480
    Block Time: "Sun, 4 Oct 2026 11:30:57 +0000"

eth_getBlockByNumber
eth_getLogs
eth_getBlockByNumber
eth_getLogs
eth_getBlockByNumber
eth_getBlockByNumber

    Block Number: 136
    Block Hash: 0xc1d9de8c8d1126ebe4f6fe1a1a9faf608d1174c3f5d7f9f2cb5fac9a05b5a6fe
    Block Time: "Sun, 4 Oct 2026 11:30:57 +0000"

eth_getBlockByNumber
eth_getLogs
eth_getBlockByNumber
eth_getLogs
eth_getBlockByNumber
eth_getBlockByNumber
eth_getBlockByNumber
eth_getBlockByNumber

    Block Number: 137
    Block Hash: 0xcde4ca9618ad346de8471de2c6d133722ec46f5b822c2cebc025af27932f65ec
    Block Time: "Sun, 4 Oct 2026 11:30:58 +0000"

eth_getBlockByNumber
eth_getLogs
eth_getBlockByNumber
eth_getLogs
eth_getBlockByNumber
eth_getBlockByNumber

    Block Number: 138
    Block Hash: 0x28c826dea08d74d258b1c2f89fcc0e5d6cd3074336f68ba2b407804393b1c075
    Block Time: "Sun, 4 Oct 2026 11:30:58 +0000"

eth_getBlockByNumber
eth_getLogs
eth_getBlockByNumber
eth_getLogs
eth_getBlockByNumber
eth_getBlockByNumber
eth_getBlockByNumber
eth_getBlockByNumber

    Block Number: 139
    Block Hash: 0xe8043b40a8e3444232eeac7ba07f25758bfa16cf06b72a70e25078142da343e6
    Block Time: "Sun, 4 Oct 2026 11:30:58 +0000"

eth_getBlockByNumber
eth_getLogs
eth_getBlockByNumber
eth_getLogs
eth_getBlockByNumber
eth_getBlockByNumber

    Block Number: 140
    Block Hash: 0x09b17040e0ab4e66d44a154fa3d87699d17770edda2336d51ce4b9802c53b2de
    Block Time: "Sun, 4 Oct 2026 11:30:58 +0000"

eth_getBlockByNumber
eth_getLogs
eth_getBlockByNumber
eth_getLogs
eth_getBlockByNumber
eth_getBlockByNumber
eth_getBlockByNumber
eth_getBlockByNumber

    Block Number: 141
    Block Hash: 0xc581c4662e12e2628f74823ef6ceb52f782aabd8fc26f4658c5901af2b5bb452
    Block Time: "Sun, 4 Oct 2026 11:30:59 +0000"

eth_getBlockByNumber
eth_getLogs
eth_getBlockByNumber
eth_getLogs
eth_getBlockByNumber
eth_getBlockByNumber

    Block Number: 142
    Block Hash: 0x82541d745b84455d01a7fc1c6ff9ce8741d1c63fc7f4c0a6c3a8c39b5bef0165
    Block Time: "Sun, 4 Oct 2026 11:30:59 +0000"

eth_getBlockByNumber
eth_getLogs
eth_getBlockByNumber
eth_getLogs
eth_getBlockByNumber
eth_getBlockByNumber
eth_getBlockByNumber

    Block Number: 143
    Block Hash: 0x84125e879b8a48e1457cf32c5c90809413f1ccb6009d7b0d7554689c24ed111a
    Block Time: "Sun, 4 Oct 2026 11:30:59 +0000"

eth_getBlockByNumber
eth_getLogs
eth_getBlockByNumber
eth_getLogs
eth_getBlockByNumber
eth_getBlockByNumber
eth_getBlockByNumber

    Block Number: 144
    Block Hash: 0xa021c09b47a984808acdc4a7dba6df9bad820776600c26a33361de32149970f7
    Block Time: "Sun, 4 Oct 2026 11:30:59 +0000"

eth_getBlockByNumber
eth_getLogs
eth_getBlockByNumber
eth_getLogs
eth_getBlockByNumber
eth_getBlockByNumber
eth_getBlockByNumber
eth_getBlockByNumber

    Block Number: 145
    Block Hash: 0xbdaa66c73a611bab907d2043b5436b71ed2ec9da66f1e7f719d06265ac20e432
    Block Time: "Sun, 4 Oct 2026 11:31:00 +0000"

eth_getBlockByNumber
eth_getLogs
eth_getBlockByNumber
eth_getLogs
eth_getBlockByNumber
eth_getBlockByNumber

    Block Number: 146
    Block Hash: 0xcba328bef49f1b13786c76dda38b05faf07a624a308714ddfa00f4dad091ba11
    Block Time: "Sun, 4 Oct 2026 11:31:00 +0000"

eth_getBlockByNumber
eth_getLogs
eth_getBlockByNumber
eth_getLogs
eth_getBlockByNumber
eth_getBlockByNumber
eth_getBlockByNumber
eth_getBlockByNumber

    Block Number: 147
    Block Hash: 0x3772ef13b261be75a187c4796952a479fb0574d50db89f324f235eb3f6320af8
    Block Time: "Sun, 4 Oct 2026 11:31:00 +0000"

eth_getBlockByNumber
eth_getLogs
eth_getBlockByNumber
eth_getLogs
eth_getBlockByNumber
eth_getBlockByNumber

    Block Number: 148
    Block Hash: 0xcf219f997df8c56fcdb574865dab21f4af0cf8e556652a799bbb67e9c7def62c
    Block Time: "Sun, 4 Oct 2026 11:31:00 +0000"

eth_getBlockByNumber
eth_getLogs
eth_getLogs
eth_getBlockByNumber
eth_getLogs
eth_getBlockByNumber
eth_getBlockByNumber
eth_getBlockByNumber
eth_getBlockByNumber

    Block Number: 149
    Block Hash: 0x9c042281fdc128ca2f714dfced4e59e7a7dec67d42ba1883b3bff5af50a16c22
    Block Time: "Sun, 4 Oct 2026 11:31:01 +0000"

eth_getBlockByNumber
eth_getLogs
eth_getLogs
eth_getBlockByNumber
eth_getLogs
eth_getBlockByNumber
eth_getBlockByNumber

    Block Number: 150
    Block Hash: 0xda2317b1766952f5582e5b36c6d02c49beefca8ccc4ddffab0700e2958202c92
    Block Time: "Sun, 4 Oct 2026 11:31:01 +0000"

eth_getBlockByNumber
eth_getBlockByNumber
eth_getLogs
eth_getBlockByNumber
eth_getBlockByNumber
eth_getBlockByNumber
eth_getBlockByNumber

    Block Number: 151
    Block Hash: 0xd4f480db88db7d28122892760b2b4cde33883e9f9316490e267ab0b7f5f7be4d
    Block Time: "Sun, 4 Oct 2026 11:31:01 +0000"

eth_getBlockByNumber
eth_getBlockByNumber
eth_getLogs
eth_getBlockByNumber
eth_getBlockByNumber

    Block Number: 152
    Block Hash: 0x0843991b4119785c71b3f46ba7efcf54e8f1df0a389f94087706f436299fb1eb
    Block Time: "Sun, 4 Oct 2026 11:31:01 +0000"

eth_getBlockByNumber
eth_getBlockByNumber
eth_getLogs
eth_getBlockByNumber
eth_getBlockByNumber
eth_getBlockByNumber
eth_getBlockByNumber

    Block Number: 153
    Block Hash: 0x5656ac6ff134094c6d6be53e171d42faf3440c6e66270e974b585a4d873e88ee
    Block Time: "Sun, 4 Oct 2026 11:31:02 +0000"

eth_getBlockByNumber
eth_getBlockByNumber
eth_getLogs
eth_getBlockByNumber
eth_getBlockByNumber

    Block Number: 154
    Block Hash: 0x8abdc33cbd758888de9e70b2075cb8c9551887af6df49e8bbbdaa7dcd86e971c
    Block Time: "Sun, 4 Oct 2026 11:31:02 +0000"

eth_getBlockByNumber
eth_getBlockByNumber
eth_getLogs
eth_getBlockByNumber
eth_getBlockByNumber
eth_getBlockByNumber
eth_getBlockByNumber

    Block Number: 155
    Block Hash: 0x923ee2474d1aa317ce36fe6927e096501fbad9f106c5bc1853f213d11a6f6c24
    Block Time: "Sun, 4 Oct 2026 11:31:02 +0000"

eth_getBlockByNumber
eth_getBlockByNumber
eth_getLogs
eth_getBlockByNumber
eth_getBlockByNumber

    Block Number: 156
    Block Hash: 0x1ecc90be6995f34e0ef6d14036277a9a38569e75879eb00a24ae980ee54b7437
    Block Time: "Sun, 4 Oct 2026 11:31:02 +0000"

eth_getBlockByNumber
eth_getBlockByNumber
eth_getLogs
eth_getBlockByNumber
eth_getBlockByNumber
eth_getBlockByNumber
eth_getBlockByNumber

    Block Number: 157
    Block Hash: 0xe15089d5ce542a1db4812a67de4871b41bbd3f80d2627f7be31903dfac68262e
    Block Time: "Sun, 4 Oct 2026 11:31:03 +0000"

eth_getBlockByNumber
eth_getBlockByNumber
eth_getLogs
eth_getBlockByNumber
eth_getBlockByNumber

    Block Number: 158
    Block Hash: 0x91fe4b74144d78b32fae8ad87dd127065eb23d6bebde564da4c3be3df2175412
    Block Time: "Sun, 4 Oct 2026 11:31:03 +0000"

eth_getBlockByNumber
eth_getBlockByNumber
eth_getLogs
eth_getBlockByNumber
eth_getBlockByNumber
eth_getBlockByNumber
eth_getBlockByNumber

    Block Number: 159
    Block Hash: 0x9b46fd07e24efd629032d9e812196b20b2e4545f3bcd4c0b004e8f46a515458a
    Block Time: "Sun, 4 Oct 2026 11:31:03 +0000"

eth_getBlockByNumber
eth_getBlockByNumber
eth_getLogs
eth_getBlockByNumber
eth_getBlockByNumber

    Block Number: 160
    Block Hash: 0x5ec25f167eb81f91b653b4262a5a91ae307e6dbe5f76123802b5d7e14c045e1b
    Block Time: "Sun, 4 Oct 2026 11:31:03 +0000"

eth_getBlockByNumber
eth_getBlockByNumber
eth_getLogs
eth_getBlockByNumber
eth_getBlockByNumber
eth_getBlockByNumber
eth_getBlockByNumber

    Block Number: 161
    Block Hash: 0x7fb33e8e03201f3bcf55f18ec127467fab686f6731b3b553085fb2e4d8493b02
    Block Time: "Sun, 4 Oct 2026 11:31:04 +0000"

eth_getBlockByNumber
eth_getBlockByNumber
eth_getLogs
eth_getBlockByNumber
eth_getBlockByNumber

    Block Number: 162
    Block Hash: 0x3d313c3dd43293d7302705d616899b6b27187fdd5d94bb1493d5ed8ea065429c
    Block Time: "Sun, 4 Oct 2026 11:31:04 +0000"

eth_getBlockByNumber
eth_getBlockByNumber
eth_getLogs
eth_getBlockByNumber
eth_getBlockByNumber
eth_getBlockByNumber
eth_getBlockByNumber

    Block Number: 163
    Block Hash: 0xf254964bfb3b17c47deb93dab4261cb59e4e1d3f3021bd4ee3a03bfd5dc15333
    Block Time: "Sun, 4 Oct 2026 11:31:04 +0000"

eth_getBlockByNumber
eth_getBlockByNumber
eth_getLogs
eth_getBlockByNumber
eth_getBlockByNumber

    Block Number: 164
    Block Hash: 0x08cecfb0ef8a43d10e3ea364fcc6f8c12eb55424c3bb42cc6b60fdf370e86b3f
    Block Time: "Sun, 4 Oct 2026 11:31:04 +0000"

eth_getBlockByNumber
eth_getBlockByNumber
eth_getLogs
eth_getBlockByNumber
eth_getBlockByNumber
eth_getBlockByNumber
eth_getBlockByNumber

    Block Number: 165
    Block Hash: 0x2818725a3418b19b7cf0467cbc5102ade7f47909bb4fa01845e4ac02ad64071f
    Block Time: "Sun, 4 Oct 2026 11:31:05 +0000"

eth_getBlockByNumber
eth_getBlockByNumber
eth_getLogs
eth_getBlockByNumber
eth_getBlockByNumber

    Block Number: 166
    Block Hash: 0x67f7e940391ac89f0602cc3867f3a5793cf7d9638e8c570f4f56c2e7a4d260a8
    Block Time: "Sun, 4 Oct 2026 11:31:05 +0000"

eth_getBlockByNumber
eth_getBlockByNumber
eth_getLogs
eth_getBlockByNumber
eth_getBlockByNumber
eth_getBlockByNumber
eth_getBlockByNumber

    Block Number: 167
    Block Hash: 0x9a6315e6d018d78686251f05af70258d04ffc4c8a49bb8b7a571df9b56437b99
    Block Time: "Sun, 4 Oct 2026 11:31:05 +0000"

eth_getBlockByNumber
eth_call
eth_getTransactionCount
eth_feeHistory
eth_simulateV1
eth_chainId
eth_sendRawTransaction
eth_getBlockByNumber
eth_getLogs
eth_getBlockByNumber
eth_getBlockByNumber

    Block Number: 168
    Block Hash: 0x39ba06efd92be5ef79d66045a593784505d81215c0d090602f46ad8ddb3415c2
    Block Time: "Sun, 4 Oct 2026 11:31:05 +0000"

eth_getBlockByNumber
eth_getBlockByNumber
eth_getLogs
eth_call
eth_getBlockByNumber
eth_getBlockByNumber
eth_getBlockByNumber
eth_getBlockByNumber

    Block Number: 169
    Block Hash: 0x2703630918894b38a9d1406df24f184fe8606ea1cc27c04d2d922ba085ea4b14
    Block Time: "Sun, 4 Oct 2026 11:31:06 +0000"

eth_getBlockByNumber
eth_getBlockByNumber
eth_getLogs
eth_getBlockByNumber
eth_getBlockByNumber

    Block Number: 170
    Block Hash: 0xbb346387f128ecd17a4e955ac81a397516e75d770b926ea484260a67bd405f02
    Block Time: "Sun, 4 Oct 2026 11:31:06 +0000"

eth_getBlockByNumber
eth_getBlockByNumber
eth_getLogs
eth_getBlockByNumber
eth_getBlockByNumber
eth_getBlockByNumber
eth_getBlockByNumber

    Block Number: 171
    Block Hash: 0xee4a5d65adf79a64e51c00f585715c010ccea08d634cb7af0baaef0e027be9ff
    Block Time: "Sun, 4 Oct 2026 11:31:06 +0000"

eth_getBlockByNumber
eth_getBlockByNumber
eth_getLogs
eth_getBlockByNumber
eth_getBlockByNumber

    Block Number: 172
    Block Hash: 0xea43d9d3a41cda28c31fc8418d5cdd3c72d4ac6ebe722d87571ec9c11b8616a3
    Block Time: "Sun, 4 Oct 2026 11:31:06 +0000"

eth_getBlockByNumber
eth_getBlockByNumber
eth_getLogs
eth_getBlockByNumber
eth_getBlockByNumber
eth_getBlockByNumber

    Block Number: 173
    Block Hash: 0x58d3418a2594df778d300e2dee97ec9823179da64e043f654add4485e0ae145b
    Block Time: "Sun, 4 Oct 2026 11:31:07 +0000"

eth_getBlockByNumber
eth_getLogs
eth_getBlockByNumber
eth_getBlockByNumber
eth_getBlockByNumber
eth_getBlockByNumber

    Block Number: 174
    Block Hash: 0x0b115620958bc8ee2f1da60578a3af965a55811e3e9541802a9dfb2234e671dc
    Block Time: "Sun, 4 Oct 2026 11:31:07 +0000"

eth_getBlockByNumber
eth_getBlockByNumber
eth_getLogs
eth_getBlockByNumber
eth_getBlockByNumber
eth_getBlockByNumber
eth_getBlockByNumber

    Block Number: 175
    Block Hash: 0xeda3269b5a3252ab4d898d80a05c20a7ac7f334812734346ddbe0207b787eb07
    Block Time: "Sun, 4 Oct 2026 11:31:07 +0000"

eth_getBlockByNumber
eth_getBlockByNumber
eth_getLogs
eth_getBlockByNumber
eth_getBlockByNumber

    Block Number: 176
    Block Hash: 0x44876d8d0e9cf07d1b3dac05280acf17aadec16095350e56c27af3a13206293f
    Block Time: "Sun, 4 Oct 2026 11:31:07 +0000"

eth_getBlockByNumber
eth_getBlockByNumber
eth_getLogs
eth_getBlockByNumber
eth_getBlockByNumber
eth_getBlockByNumber
eth_getBlockByNumber

    Block Number: 177
    Block Hash: 0x551682f624d9480c8c64c6a199387fee961f0364176de938a167675c3a09d7c9
    Block Time: "Sun, 4 Oct 2026 11:31:08 +0000"

eth_getBlockByNumber
eth_getBlockByNumber
eth_getLogs
eth_getBlockByNumber
eth_getBlockByNumber

    Block Number: 178
    Block Hash: 0x058ba655eae2626643e89ca011fd52180c2aa59d3e2b477399c8843ce576f8dc
    Block Time: "Sun, 4 Oct 2026 11:31:08 +0000"

eth_getBlockByNumber
eth_getBlockByNumber
eth_getLogs
eth_call
eth_getBlockByNumber
eth_getBlockByNumber
eth_getBlockByNumber
eth_getBlockByNumber

    Block Number: 179
    Block Hash: 0x2e021a9ac9c51a0dea34c040207306f60101122c3f9cc5867c5c997e6487e625
    Block Time: "Sun, 4 Oct 2026 11:31:08 +0000"

eth_getBlockByNumber
eth_getBlockByNumber
eth_getLogs
eth_getBlockByNumber
eth_getBlockByNumber

    Block Number: 180
    Block Hash: 0xbdd5f190f760b3c6265e3ad5de5b3ff0e71a7ef1f7735500c535e6a06f838079
    Block Time: "Sun, 4 Oct 2026 11:31:08 +0000"

eth_getBlockByNumber
eth_getBlockByNumber
eth_getLogs
eth_getTransactionReceipt
eth_feeHistory

    Transaction: 0xfa8c7b23d4a1e9bf7054c2a68650a921ae32d0620b2572b2e15684224124cc98
    Gas used: 197726

    Block Number: 181
    Block Hash: 0xb5052724c3cff0b815d0df46d3074b97a8c71d36e4e7f62ebd317fdefbb9d952
    Block Time: "Sun, 4 Oct 2026 11:31:08 +0000"

eth_simulateV1
eth_sendRawTransaction
eth_sendRawTransaction

    Transaction: 0x5bedebfe3c8049dc9e33b2e98b1c3b3a9652d87b1b75a4e6b3b16870057fc63c
    Gas used: 144366

    Block Number: 182
    Block Hash: 0x03094f2ff9c954207f0ccef0b310f899ed3adb140faac59994197d1b5fb4eed1
    Block Time: "Sun, 4 Oct 2026 11:31:08 +0000"


    Transaction: 0x1893838abf36f23ec313aa95f9ad22758040ca1dc0c9021a0cbb94dba2ed67e2
    Gas used: 144378

    Block Number: 183
    Block Hash: 0xb6177f397bd923af47a83663d065261d4b521fd15566bb3f82b23f9deadfca53
    Block Time: "Sun, 4 Oct 2026 11:31:08 +0000"

eth_getBlockByNumber
eth_getBlockByNumber
eth_getBlockByNumber
eth_getLogs
eth_getBlockByNumber
eth_getLogs
eth_getLogs
eth_getTransactionByHash
eth_getTransactionByHash
eth_getTransactionByHash
eth_getTransactionReceipt
eth_getTransactionReceipt
eth_blockNumber
eth_getTransactionReceipt
eth_getTransactionReceipt
eth_blockNumber
eth_getTransactionReceipt
eth_getBlockByNumber
eth_getBlockByNumber

    Block Number: 184
    Block Hash: 0x1d41fcaa978231fd681f8b97c38944ef56f2cef62b1113aefda353d2a49b487e
    Block Time: "Sun, 4 Oct 2026 11:31:09 +0000"

eth_blockNumber
eth_getTransactionReceipt
eth_blockNumber
eth_getTransactionReceipt
eth_getBlockByNumber
eth_getBlockByNumber
eth_getLogs
eth_blockNumber
eth_getTransactionReceipt
eth_getBlockByNumber
eth_getBlockByNumber
eth_blockNumber
eth_getTransactionReceipt

    Block Number: 185
    Block Hash: 0xd9264a77bfe261a359e1f0112bbf91381283f96952c286ecf7f0279601101695
    Block Time: "Sun, 4 Oct 2026 11:31:09 +0000"

eth_getBlockByNumber
eth_getBlockByNumber
eth_getLogs
eth_blockNumber
eth_getTransactionReceipt
eth_getBlockByNumber
eth_getBlockByNumber
eth_getBlockByNumber
eth_getBlockByNumber

    Block Number: 186
    Block Hash: 0xa28d66cd2d73605c81d646ecb2b3a80d20509723077cbc3fc43026d69fc4c09f
    Block Time: "Sun, 4 Oct 2026 11:31:09 +0000"

eth_getBlockByNumber
eth_getBlockByNumber
eth_getLogs
eth_getBlockByNumber
eth_getBlockByNumber

    Block Number: 187
    Block Hash: 0x971a6e9f9486f21c35d2a2e42227c2011931e2faf4aaac8c0017b4d834da35f5
    Block Time: "Sun, 4 Oct 2026 11:31:09 +0000"

eth_blockNumber
eth_feeHistory
eth_getBlockByNumber
eth_getBlockByNumber
eth_getLogs
eth_getTransactionCount
eth_feeHistory
eth_simulateV1
eth_sendRawTransaction
eth_getTransactionReceipt

    Transaction: 0xfa22e7d2f3157f4dce77021c1c8bc3b658966ab1d8ef7f6773425ac8ef103b49
    Gas used: 128791

    Block Number: 188
    Block Hash: 0x524822371b0a5fc904ed9c0f6b4146eaa361be85956ababc50d4259f822e2c42
    Block Time: "Sun, 4 Oct 2026 11:31:09 +0000"

eth_getBlockByNumber
eth_getBlockByNumber
eth_getLogs
eth_getTransactionReceipt
eth_blockNumber
eth_getTransactionReceipt
eth_getBlockByNumber
eth_getBlockByNumber

    Block Number: 189
    Block Hash: 0x7f78a38ec58f7bfacc42b07408b7dbb1ce49c477a6af34b2c4b658514cf6ffe0
    Block Time: "Sun, 4 Oct 2026 11:31:10 +0000"

eth_blockNumber
eth_getTransactionReceipt
eth_getBlockByNumber
eth_getBlockByNumber
eth_getLogs
eth_blockNumber
eth_getTransactionReceipt
eth_getBlockByNumber
eth_getBlockByNumber
eth_blockNumber
eth_getTransactionReceipt

    Block Number: 190
    Block Hash: 0x18f3390d3f5652746ba822b65222f5601e343547a28d87d2a1ffc467dea11ac0
    Block Time: "Sun, 4 Oct 2026 11:31:10 +0000"

eth_getBlockByNumber
eth_getBlockByNumber
eth_getLogs
eth_blockNumber
eth_getTransactionReceipt
eth_getTransactionCount
eth_feeHistory
eth_simulateV1
eth_sendRawTransaction
eth_getTransactionReceipt
eth_feeHistory

    Transaction: 0x9d4e20a0a794f6978e23d88a933daa7064d00501387af5578f4210cdbcc2b322
    Gas used: 203896

    Block Number: 191
    Block Hash: 0xc10ee9126cbae014604a08a0a7b74028c171a752889fb17c5be38fc2cdd54569
    Block Time: "Sun, 4 Oct 2026 11:31:10 +0000"

eth_simulateV1
eth_sendRawTransaction
eth_feeHistory

    Transaction: 0x156569770afed09126a45c01cc269ebdc9e4c8865014fcb995d4565d2020f3cb
    Gas used: 231619

    Block Number: 192
    Block Hash: 0xea229268ead085d51f747d8e0352042a9cfd8e3ddd712a84315b626e52ed883b
    Block Time: "Sun, 4 Oct 2026 11:31:10 +0000"

eth_simulateV1
eth_sendRawTransaction

    Transaction: 0xf0c71df29886b6d78ed093f74835b03719e58cc64b007d8fd6c00670b4488c1c
    Gas used: 171368

    Block Number: 193
    Block Hash: 0x7e5bc24db49b403f124eff7180f7fd0ae55f24da5bd44fcf9b3da10a3405c016
    Block Time: "Sun, 4 Oct 2026 11:31:10 +0000"

eth_getBlockByNumber
eth_getBlockByNumber
eth_getBlockByNumber
eth_getLogs
eth_getBlockByNumber
eth_getLogs
eth_getLogs
eth_getTransactionReceipt
eth_blockNumber
eth_getTransactionReceipt
eth_getTransactionReceipt
eth_getTransactionReceipt
eth_blockNumber
eth_getTransactionReceipt
eth_getBlockByNumber
eth_getBlockByNumber

    Block Number: 194
    Block Hash: 0x38cd2bcd65b93091a7709bbe50f58f1db65247bedf5f1d36f5581176f063e006
    Block Time: "Sun, 4 Oct 2026 11:31:10 +0000"

eth_blockNumber
eth_getTransactionReceipt
eth_blockNumber
eth_getTransactionReceipt
eth_getBlockByNumber
eth_getBlockByNumber
eth_getLogs
eth_blockNumber
eth_getTransactionReceipt
eth_getBlockByNumber
eth_getBlockByNumber
eth_blockNumber
eth_getTransactionReceipt

    Block Number: 195
    Block Hash: 0xd483666e0948ae3557f51d2ebb8fa627ec9e262f9ffacb88015c968fc60a4759
    Block Time: "Sun, 4 Oct 2026 11:31:10 +0000"

eth_getBlockByNumber
eth_getBlockByNumber
eth_getLogs
eth_blockNumber
eth_getTransactionReceipt
eth_getBlockByNumber
eth_getBlockByNumber
eth_getBlockByNumber
eth_getBlockByNumber

    Block Number: 196
    Block Hash: 0x438f3f23e3dd4141f8bd1cc9f5712d216d384805c12eab7b8956c60de70436b2
    Block Time: "Sun, 4 Oct 2026 11:31:11 +0000"

eth_getBlockByNumber
eth_getBlockByNumber
eth_getLogs
eth_getBlockByNumber
eth_getBlockByNumber

    Block Number: 197
    Block Hash: 0x278aebd9a3bccfbb0d5fdb30c6e10c1d5ef2222377e016c0d9243c2eadc0c46d
    Block Time: "Sun, 4 Oct 2026 11:31:11 +0000"

eth_getBlockByNumber
eth_getBlockByNumber
eth_getLogs
eth_getBlockByNumber
eth_getBlockByNumber
eth_getBlockByNumber
eth_getBlockByNumber

    Block Number: 198
    Block Hash: 0x793af256ad4c6f306ee0d98d52f8d5ff0b6e0070f1f489e122f25070d44b31c8
    Block Time: "Sun, 4 Oct 2026 11:31:11 +0000"

eth_getBlockByNumber
eth_getBlockByNumber
eth_getLogs
eth_getBlockByNumber
eth_getBlockByNumber

    Block Number: 199
    Block Hash: 0xadb6c4a9420117384e6c427aba5584a31179a1a62947f6166df7ff762c57cff3
    Block Time: "Sun, 4 Oct 2026 11:31:11 +0000"

eth_getBlockByNumber
eth_getBlockByNumber
eth_getLogs
eth_getBlockByNumber
eth_getBlockByNumber
eth_getBlockByNumber
eth_getBlockByNumber

    Block Number: 200
    Block Hash: 0x8f9afc27bab3bea2d606499c9ada357d71d3b3cbe89193fe541998ae3d85e3ce
    Block Time: "Sun, 4 Oct 2026 11:31:12 +0000"

eth_getBlockByNumber
eth_getBlockByNumber
eth_getLogs
eth_getBlockByNumber
eth_getBlockByNumber

    Block Number: 201
    Block Hash: 0xde35eafc2c8503a26b8f2bcac1e5db1fc45e107a792f750ee69693694173eaf3
    Block Time: "Sun, 4 Oct 2026 11:31:12 +0000"

eth_getBlockByNumber
eth_getTransactionByHash
eth_getBlockByNumber
eth_getLogs
eth_call
eth_feeHistory
eth_simulateV1
eth_sendRawTransaction
eth_getTransactionReceipt

    Transaction: 0x08f76cd95c935910dba725c647cabc6dd2ae0c9ea369eeac6a05d2d5279a9114
    Gas used: 141886

    Block Number: 202
    Block Hash: 0x256367fde520b4a245b15f6c7069f6c38c9f99842052c3232f60f0271d09bd7e
    Block Time: "Sun, 4 Oct 2026 11:31:12 +0000"

eth_getBlockByNumber
eth_getTransactionByHash
eth_getBlockByNumber
eth_getLogs
eth_getTransactionByHash
eth_getTransactionReceipt
eth_blockNumber
eth_getTransactionReceipt
eth_getBlockByNumber
eth_getBlockByNumber

    Block Number: 203
    Block Hash: 0x914ef28d4537bc7b8a7f95617a1fc6996e49f21d10e7146311ba3bede883c0ab
    Block Time: "Sun, 4 Oct 2026 11:31:12 +0000"

eth_blockNumber
eth_getTransactionReceipt
eth_getBlockByNumber
eth_getTransactionByHash
eth_getBlockByNumber
eth_getLogs
eth_blockNumber
eth_getTransactionReceipt
eth_getBlockByNumber
eth_getBlockByNumber

    Block Number: 204
    Block Hash: 0xd9d9ee92762592a0f99073232c97232b4d25287c3382987c7e2fc528dfccb05d
    Block Time: "Sun, 4 Oct 2026 11:31:12 +0000"

eth_blockNumber
eth_getTransactionReceipt
eth_getBlockByNumber
eth_getBlockByNumber
eth_getLogs
eth_feeHistory
eth_simulateV1
eth_sendRawTransaction

    Transaction: 0x85a681f76aff8b034537b9613fc3ef0296a6a8660147ad1ef2ddc34ada00ecf7
    Gas used: 96797

    Block Number: 205
    Block Hash: 0xfca5b7f48b3cfdb4ebbef61cbfaa6ed9b57d94c98447ef4b0ae433f2ca307bfa
    Block Time: "Sun, 4 Oct 2026 11:31:12 +0000"

eth_getTransactionReceipt
eth_blockNumber
eth_getTransactionReceipt
eth_getBlockByNumber
eth_getBlockByNumber
eth_getLogs
eth_blockNumber
eth_getTransactionReceipt
eth_getBlockByNumber
eth_getBlockByNumber

    Block Number: 206
    Block Hash: 0x7de8ea21985384091928e070cd1281a713825cfe6e643b4f42d7cf62ee3b33d6
    Block Time: "Sun, 4 Oct 2026 11:31:13 +0000"

eth_blockNumber
eth_getTransactionReceipt
eth_getBlockByNumber
eth_getBlockByNumber
eth_getLogs
eth_blockNumber
eth_getTransactionReceipt
eth_getBlockByNumber
eth_getBlockByNumber
eth_blockNumber
eth_getTransactionReceipt

    Block Number: 207
    Block Hash: 0xd41cd111868810a68dda55f31f790ccf6d7fca73cf39522659d691f53ceeb279
    Block Time: "Sun, 4 Oct 2026 11:31:13 +0000"

eth_getBlockByNumber
eth_getBlockByNumber
eth_getLogs
eth_blockNumber
eth_getTransactionReceipt
eth_feeHistory
eth_simulateV1
eth_sendRawTransaction
eth_getTransactionReceipt

    Transaction: 0xc81d191333af83f84028bb7b2247874a78ce608e17f67699a9940db7264bc1b8
    Gas used: 171356

    Block Number: 208
    Block Hash: 0x2fe411485c7df2e893a030e9171105cac0ea72bc46bad88c2666fe48b231b4c0
    Block Time: "Sun, 4 Oct 2026 11:31:13 +0000"

eth_getBlockByNumber
eth_getBlockByNumber
eth_getLogs
eth_getTransactionReceipt
eth_blockNumber
eth_getTransactionReceipt
eth_getBlockByNumber
eth_getBlockByNumber

    Block Number: 209
    Block Hash: 0x2b939bd6b936d4cd8badb4d0e874f3b0ca8222fd416f4d44f3cbfe835ac0745c
    Block Time: "Sun, 4 Oct 2026 11:31:13 +0000"

eth_blockNumber
eth_getTransactionReceipt
eth_getBlockByNumber
eth_getBlockByNumber
eth_getLogs
eth_blockNumber
eth_getTransactionReceipt
eth_getBlockByNumber
eth_getBlockByNumber
eth_blockNumber
eth_getTransactionReceipt

    Block Number: 210
    Block Hash: 0x9d6fe2a0fe2a982b7b85bc39cc3aa278f9470237f8c6a538aca392476ca8d168
    Block Time: "Sun, 4 Oct 2026 11:31:13 +0000"

eth_getBlockByNumber
eth_getBlockByNumber
eth_getLogs
eth_blockNumber
eth_getTransactionReceipt
eth_getBlockByNumber
eth_getBlockByNumber
eth_getBlockByNumber
eth_getBlockByNumber

    Block Number: 211
    Block Hash: 0x4f9479c0f90fd6444d46944afddfd3da7167a9f0b33a3366420b700d68b7d63b
    Block Time: "Sun, 4 Oct 2026 11:31:14 +0000"

eth_getBlockByNumber
eth_getBlockByNumber
eth_getLogs
eth_getBlockByNumber
eth_getBlockByNumber

    Block Number: 212
    Block Hash: 0xcaf887a4b7e7bce555aaa0e07e642d52d4139cc09383cd5f2a61c367190fa7dd
    Block Time: "Sun, 4 Oct 2026 11:31:14 +0000"

eth_getBlockByNumber
eth_getBlockByNumber
eth_getLogs
eth_getBlockByNumber
eth_getBlockByNumber
eth_getBlockByNumber
eth_getBlockByNumber

    Block Number: 213
    Block Hash: 0xbf69b9b1d4cbf0f820a2eb3ee8ff4153a3ee23a091590c3b811ec0c5ba2697fb
    Block Time: "Sun, 4 Oct 2026 11:31:14 +0000"

eth_getBlockByNumber
eth_getBlockByNumber
eth_getLogs
eth_getBlockByNumber
eth_getBlockByNumber

    Block Number: 214
    Block Hash: 0x9048c590c51bc865f5e64fbb8ae2c59f65c27ae8e5f30fda8fda49da9e53da3a
    Block Time: "Sun, 4 Oct 2026 11:31:14 +0000"

eth_getBlockByNumber
eth_getBlockByNumber
eth_getLogs
eth_getBlockByNumber
eth_getBlockByNumber
eth_getBlockByNumber
eth_getBlockByNumber

    Block Number: 215
    Block Hash: 0xfc4089a6a9c0c12f8929ff1682627b2209c57ff7f22a7a8046f1165cffa51760
    Block Time: "Sun, 4 Oct 2026 11:31:15 +0000"

eth_getBlockByNumber
eth_getBlockByNumber
eth_getLogs
eth_getBlockByNumber
eth_getBlockByNumber

    Block Number: 216
    Block Hash: 0x001d7d766e3d08b9b5fea3b5c9e85b46f875918653fd6d37b6f6045c523c4dff
    Block Time: "Sun, 4 Oct 2026 11:31:15 +0000"

eth_getBlockByNumber
eth_getBlockByNumber
eth_getLogs
eth_getBlockByNumber
eth_getBlockByNumber
eth_getBlockByNumber
eth_getBlockByNumber

    Block Number: 217
    Block Hash: 0xd594e307452cd54ea0ee94733760584f850f341674dc15455daec5bc78a68164
    Block Time: "Sun, 4 Oct 2026 11:31:15 +0000"

eth_getBlockByNumber
eth_getBlockByNumber
eth_getLogs
eth_getBlockByNumber
eth_getBlockByNumber

    Block Number: 218
    Block Hash: 0xde368967c2440f76d9dc0e09af823cd4e2e63ce19d9423ef70d715caf7005ac6
    Block Time: "Sun, 4 Oct 2026 11:31:15 +0000"

eth_getBlockByNumber
eth_getBlockByNumber
eth_getLogs
eth_getBlockByNumber
eth_getBlockByNumber
eth_getBlockByNumber
eth_getBlockByNumber

    Block Number: 219
    Block Hash: 0x72cc63d8f60fa44a4f4edae139253d07b3c613fed976421ba0d515748d54e90c
    Block Time: "Sun, 4 Oct 2026 11:31:16 +0000"

eth_getBlockByNumber
eth_getBlockByNumber
eth_getLogs
eth_getBlockByNumber
eth_getBlockByNumber

    Block Number: 220
    Block Hash: 0x68fdf5e988f6484345a8eb79712479eac999bade220d058e786c8f35140bdaa1
    Block Time: "Sun, 4 Oct 2026 11:31:16 +0000"

eth_getBlockByNumber
eth_getBlockByNumber
eth_getLogs
eth_call
eth_feeHistory
eth_simulateV1
eth_sendRawTransaction
eth_getTransactionReceipt

    Transaction: 0x0b51cdf821f329f45b48a000ca6c45d8e66d17d7518608ff0a6460e1569f03e0
    Gas used: 141874

    Block Number: 221
    Block Hash: 0x8164480e200e8db707f8d0415011e044141382436764a3668b8952e76b78e38f
    Block Time: "Sun, 4 Oct 2026 11:31:16 +0000"

eth_getBlockByNumber
eth_getBlockByNumber
eth_getLogs
eth_getTransactionByHash
eth_getTransactionReceipt
eth_blockNumber
eth_getTransactionReceipt
eth_getBlockByNumber
eth_getBlockByNumber

    Block Number: 222
    Block Hash: 0x0368b6351132d435c315d312a4f16566de06f98abe9d4fdafb031c5661f447f8
    Block Time: "Sun, 4 Oct 2026 11:31:16 +0000"

eth_blockNumber
eth_getTransactionReceipt
eth_getBlockByNumber
eth_getTransactionByHash
eth_getBlockByNumber
eth_getLogs
eth_blockNumber
eth_getTransactionReceipt
eth_getBlockByNumber
eth_getBlockByNumber

    Block Number: 223
    Block Hash: 0xa77fc8b7252c9498e7339ae4a4c8083a2b7bdaa673957a40f89e58e1c251c813
    Block Time: "Sun, 4 Oct 2026 11:31:16 +0000"

eth_blockNumber
eth_getTransactionReceipt
eth_getBlockByNumber
eth_getBlockByNumber
eth_getLogs
eth_feeHistory
eth_simulateV1
eth_sendRawTransaction

    Transaction: 0x058475d4927b299d0e3d71fee09e6f0d7ba8f4be491e283eaa4b5aa4ec5fc878
    Gas used: 96797

    Block Number: 224
    Block Hash: 0xae3ea7648398b02cff4c206e1c4f86ca56fcb4ef414bd022eac3a9fd9813ee51
    Block Time: "Sun, 4 Oct 2026 11:31:16 +0000"

eth_getTransactionReceipt
eth_blockNumber
eth_getTransactionReceipt
eth_getBlockByNumber
eth_getBlockByNumber
eth_getLogs
eth_blockNumber
eth_getTransactionReceipt
eth_getBlockByNumber
eth_getBlockByNumber

    Block Number: 225
    Block Hash: 0x04cdc6ec34b5bf3529a66ce8bbfeffdc4e57485f68d7da355ff56d83eba14987
    Block Time: "Sun, 4 Oct 2026 11:31:17 +0000"

eth_blockNumber
eth_getTransactionReceipt
eth_getBlockByNumber
eth_getBlockByNumber
eth_getLogs
eth_blockNumber
eth_getTransactionReceipt
eth_getBlockByNumber
eth_getBlockByNumber
eth_blockNumber
eth_getTransactionReceipt

    Block Number: 226
    Block Hash: 0xff1f5ce984af317ee8078e6f665f93286cee9d89061ca22f479b893c9a346a00
    Block Time: "Sun, 4 Oct 2026 11:31:17 +0000"

eth_getBlockByNumber
eth_getBlockByNumber
eth_getLogs
eth_blockNumber
eth_getTransactionReceipt
eth_feeHistory
eth_simulateV1
eth_sendRawTransaction
eth_getTransactionReceipt

    Transaction: 0xf0e80057ba5ab3b47e94ee112194e49fa2126677357e900dde15deaf97cf9a9c
    Gas used: 171368

    Block Number: 227
    Block Hash: 0x5f08021464799ef34570e860c643ff7f157cc99c799cf3d26888fc355f9fe98e
    Block Time: "Sun, 4 Oct 2026 11:31:17 +0000"

eth_getBlockByNumber
eth_getBlockByNumber
eth_getLogs
eth_getTransactionReceipt
eth_blockNumber
eth_getTransactionReceipt
eth_getBlockByNumber
eth_getBlockByNumber

    Block Number: 228
    Block Hash: 0x5d789b2cdbd7b070b93bfd9b04b6d493f76e79c313be62845e4fb9f687b79f79
    Block Time: "Sun, 4 Oct 2026 11:31:17 +0000"

eth_blockNumber
eth_getTransactionReceipt
eth_getBlockByNumber
eth_getBlockByNumber
eth_getLogs
eth_blockNumber
eth_getTransactionReceipt
eth_getBlockByNumber
eth_getBlockByNumber
eth_blockNumber
eth_getTransactionReceipt

    Block Number: 229
    Block Hash: 0xd04a700fd3583d08f4600908c894a740bcc172ea7e0591b947162b22970f7bbd
    Block Time: "Sun, 4 Oct 2026 11:31:17 +0000"

eth_getBlockByNumber
eth_getBlockByNumber
eth_getLogs
eth_blockNumber
eth_getTransactionReceipt
eth_getBlockByNumber
eth_getBlockByNumber
eth_getBlockByNumber
eth_getBlockByNumber

    Block Number: 230
    Block Hash: 0x351c9ad8f14fb1d8d5dda4ec3c41b4f36dc030879f4a42976fbd7483b3604ac2
    Block Time: "Sun, 4 Oct 2026 11:31:18 +0000"

eth_getBlockByNumber
eth_getBlockByNumber
eth_getLogs
eth_getBlockByNumber
eth_getBlockByNumber

    Block Number: 231
    Block Hash: 0xab970f542ec65dd767a60e8d734505344ba3914249e8687048356e5400ce6481
    Block Time: "Sun, 4 Oct 2026 11:31:18 +0000"

eth_getBlockByNumber
eth_getBlockByNumber
eth_getLogs
eth_getBlockByNumber
eth_getBlockByNumber
eth_getBlockByNumber
eth_getBlockByNumber

    Block Number: 232
    Block Hash: 0x3dcf88b9582ef16db34c36f2e2144b18e52d34179aab445baf4988fe42a55df4
    Block Time: "Sun, 4 Oct 2026 11:31:18 +0000"

eth_getBlockByNumber
eth_getBlockByNumber
eth_getLogs
eth_getBlockByNumber
eth_getBlockByNumber

    Block Number: 233
    Block Hash: 0x040d762dd40ec0a5f7cc568b05615261afb7c75a867524f95e94e7f57e510458
    Block Time: "Sun, 4 Oct 2026 11:31:18 +0000"

eth_getBlockByNumber
eth_getBlockByNumber
eth_getLogs
eth_getBlockByNumber
eth_getBlockByNumber
eth_getBlockByNumber
eth_getBlockByNumber

    Block Number: 234
    Block Hash: 0x4c960a5749cbb0dfd66119276ecc81e4bdfae7c90c803ecae26b4932b7b94e72
    Block Time: "Sun, 4 Oct 2026 11:31:19 +0000"

eth_getBlockByNumber
eth_getBlockByNumber
eth_getLogs
eth_getBlockByNumber
eth_getBlockByNumber

    Block Number: 235
    Block Hash: 0x081d144851e7e73832ae1a145d4e683011c05dfbea9cb63db035ee3888522d2f
    Block Time: "Sun, 4 Oct 2026 11:31:19 +0000"

eth_getBlockByNumber
eth_getBlockByNumber
eth_getLogs
eth_getBlockByNumber
eth_getBlockByNumber
eth_getBlockByNumber
eth_getBlockByNumber

    Block Number: 236
    Block Hash: 0x096e9a7e8776abee985c950a5cb6d67f61838d12941eb574543a1c32d3e3135b
    Block Time: "Sun, 4 Oct 2026 11:31:19 +0000"

eth_getBlockByNumber
eth_getBlockByNumber
eth_getLogs
eth_getBlockByNumber
eth_getBlockByNumber

    Block Number: 237
    Block Hash: 0x5b43d97d10e75b814d1032a3311af98b5bc5e51cb3efb9df9d83db6ea3842014
    Block Time: "Sun, 4 Oct 2026 11:31:19 +0000"

eth_getBlockByNumber
eth_getBlockByNumber
eth_getLogs
eth_getBlockByNumber
eth_getBlockByNumber
eth_getBlockByNumber
eth_getBlockByNumber

    Block Number: 238
    Block Hash: 0xf36bea1aa66643ca9c35ecbbeb6e7f06deb37c70b445500c087b376796090f36
    Block Time: "Sun, 4 Oct 2026 11:31:20 +0000"

eth_getBlockByNumber
eth_getBlockByNumber
eth_getLogs
eth_getBlockByNumber
eth_getBlockByNumber

    Block Number: 239
    Block Hash: 0xe17cb703966779eb1900a57d726fccb00b812bfb69ecee9ac464eba503640fe8
    Block Time: "Sun, 4 Oct 2026 11:31:20 +0000"

eth_getBlockByNumber
eth_getBlockByNumber
eth_getLogs
eth_call
eth_feeHistory
eth_simulateV1
eth_sendRawTransaction
eth_getTransactionReceipt
eth_getBlockByNumber

    Transaction: 0xb4dfc094a8bc108c5e8cf94e7ff384a6e2d7ff375503be87d5db9b2ddc3aa7a5
    Gas used: 141886

    Block Number: 240
    Block Hash: 0x2e461cb86dd63b9c4fcb60a771a51f2e1425deeb5b066ed5e5b553996182771d
    Block Time: "Sun, 4 Oct 2026 11:31:20 +0000"

eth_getBlockByNumber
eth_getLogs
eth_getTransactionByHash
eth_getTransactionReceipt
eth_blockNumber
eth_getTransactionReceipt
eth_getBlockByNumber
eth_getBlockByNumber

    Block Number: 241
    Block Hash: 0xdf7bb88d2045e626f34175a8ad8dd8d4ff3df8dca817832a9726e92c74e5ae90
    Block Time: "Sun, 4 Oct 2026 11:31:20 +0000"

eth_getBlockByNumber
eth_getTransactionByHash
eth_blockNumber
eth_getTransactionReceipt
eth_getBlockByNumber
eth_getLogs
eth_getBlockByNumber
eth_blockNumber
eth_getTransactionReceipt
eth_getBlockByNumber

    Block Number: 242
    Block Hash: 0xa58858a1d98beff47aaac102768dea2b303c1c773ec1442dc01faa2a280283a3
    Block Time: "Sun, 4 Oct 2026 11:31:20 +0000"

eth_getBlockByNumber
eth_blockNumber
eth_getTransactionReceipt
eth_getBlockByNumber
eth_getLogs
eth_feeHistory
eth_simulateV1
eth_sendRawTransaction
eth_getTransactionReceipt

    Transaction: 0xcc87737550e2677bd39273fc926088cd9733fe2bb463d9ad885c8a9a858f4f18
    Gas used: 96809

    Block Number: 243
    Block Hash: 0xf552aeba3a5e8cfa8883d1b5c8401b81ddb23ee92ee7f5675f551da434aaec56
    Block Time: "Sun, 4 Oct 2026 11:31:20 +0000"

eth_getBlockByNumber
eth_getBlockByNumber
eth_getLogs
eth_getTransactionReceipt
eth_blockNumber
eth_getTransactionReceipt
eth_getBlockByNumber
eth_getBlockByNumber

    Block Number: 244
    Block Hash: 0xc9384ce98492ea57f8f61792dc8d4eca6cba12fc423d5dd739a1415db540a5f3
    Block Time: "Sun, 4 Oct 2026 11:31:21 +0000"

eth_blockNumber
eth_getTransactionReceipt
eth_getBlockByNumber
eth_getBlockByNumber
eth_getLogs
eth_blockNumber
eth_getTransactionReceipt
eth_getBlockByNumber
eth_getBlockByNumber
eth_blockNumber
eth_getTransactionReceipt

    Block Number: 245
    Block Hash: 0xb1a4c18d8dcd5d6b5a311e52c67a217fe8eb866b02c80e8222896dd72dcb04e3
    Block Time: "Sun, 4 Oct 2026 11:31:21 +0000"

eth_getBlockByNumber
eth_getBlockByNumber
eth_getLogs
eth_blockNumber
eth_getTransactionReceipt
eth_feeHistory
eth_simulateV1
eth_sendRawTransaction

    Transaction: 0x13282b73b6d221e850a158213a308e7bfcb0d98927a5a3ef7dd64a5934dfaee9
    Gas used: 171368

    Block Number: 246
    Block Hash: 0xc307bc02e6ff716d6898b55a688731f825e8b789abfd08cbd45fd0dbb31f1545
    Block Time: "Sun, 4 Oct 2026 11:31:21 +0000"

eth_getTransactionReceipt
eth_blockNumber
eth_getTransactionReceipt
eth_getBlockByNumber
eth_getBlockByNumber
eth_getLogs
eth_blockNumber
eth_getTransactionReceipt
eth_getBlockByNumber
eth_getBlockByNumber

    Block Number: 247
    Block Hash: 0xb2265ccf649c1a75243f0b747d967faefdcd3932f392e1ac050bae3dc9a7e632
    Block Time: "Sun, 4 Oct 2026 11:31:21 +0000"

eth_blockNumber
eth_getTransactionReceipt
eth_getBlockByNumber
eth_getBlockByNumber
eth_getLogs
eth_blockNumber
eth_getTransactionReceipt
eth_getBlockByNumber
eth_getBlockByNumber
eth_blockNumber
eth_getTransactionReceipt

    Block Number: 248
    Block Hash: 0xa09623fed9f90d955a34e030490108627e7bd3574dda32aad497f1297c667edd
    Block Time: "Sun, 4 Oct 2026 11:31:21 +0000"

eth_getBlockByNumber
eth_getBlockByNumber
eth_getLogs
eth_blockNumber
eth_getTransactionReceipt
eth_getBlockByNumber
eth_getBlockByNumber
eth_getBlockByNumber
eth_getBlockByNumber

    Block Number: 249
    Block Hash: 0x35d92e8fccceb1e6eebcffb7c0ecfd04d00b7b9798d0167312d3319558ffa7e2
    Block Time: "Sun, 4 Oct 2026 11:31:22 +0000"

eth_getBlockByNumber
eth_getBlockByNumber
eth_getLogs
eth_getBlockByNumber
eth_getBlockByNumber

    Block Number: 250
    Block Hash: 0xe9569ddcd2d11d8f5ee574f6b44c35ab05824f8d66cb4c2f4bdcbbaa24387fb6
    Block Time: "Sun, 4 Oct 2026 11:31:22 +0000"

eth_getBlockByNumber
eth_getBlockByNumber
eth_getLogs
eth_getBlockByNumber
eth_getBlockByNumber
eth_getBlockByNumber
eth_getBlockByNumber

    Block Number: 251
    Block Hash: 0x9fa14c0a163a60d53ce55f1cb1d6d7fcfbe6acbad397da7114301ee6767a327e
    Block Time: "Sun, 4 Oct 2026 11:31:22 +0000"

eth_getBlockByNumber
eth_getBlockByNumber
eth_getLogs
eth_getBlockByNumber
eth_getBlockByNumber

    Block Number: 252
    Block Hash: 0x36e0ddea8854ffa06642292882ddc32ca2034f5eb53d63236f63c6fac7959c45
    Block Time: "Sun, 4 Oct 2026 11:31:22 +0000"

eth_blockNumber
eth_feeHistory
eth_getBlockByNumber
eth_getBlockByNumber
eth_getLogs
eth_getBlockByNumber
eth_getBlockByNumber
eth_getBlockByNumber
eth_getBlockByNumber

    Block Number: 253
    Block Hash: 0x6df8065bc9393ff6b8616f650825bcc06275f8f88659638a1234bad92d40a34e
    Block Time: "Sun, 4 Oct 2026 11:31:23 +0000"

eth_getBlockByNumber
eth_getBlockByNumber
eth_getLogs
eth_getBlockByNumber
eth_getBlockByNumber

    Block Number: 254
    Block Hash: 0xea90777788130836b1e633b4ac96c9f1e6de8d5cd51e5ea2ab01cb24a05edea3
    Block Time: "Sun, 4 Oct 2026 11:31:23 +0000"

eth_getBlockByNumber
eth_getBlockByNumber
eth_getLogs
eth_getBlockByNumber
eth_getBlockByNumber
eth_getBlockByNumber
eth_getBlockByNumber

    Block Number: 255
    Block Hash: 0x99d45fda6abe9bb4c057b718354d43e937f8a0042eef49444f0ae04337e08177
    Block Time: "Sun, 4 Oct 2026 11:31:23 +0000"

eth_getBlockByNumber
eth_getBlockByNumber
eth_getLogs
eth_getBlockByNumber
eth_getBlockByNumber

    Block Number: 256
    Block Hash: 0x78a91ec668084d3b20a9dcb8133bc453e0f3571ef1ba4db5f51e7992b9fc68c9
    Block Time: "Sun, 4 Oct 2026 11:31:23 +0000"

eth_getBlockByNumber
eth_getBlockByNumber
eth_getLogs
eth_getBlockByNumber
eth_getBlockByNumber
eth_getBlockByNumber
eth_getBlockByNumber

    Block Number: 257
    Block Hash: 0x87adf5906b2f4023ada7756faf74acd0b7e70b270e7a618f016d5e92f6422fdf
    Block Time: "Sun, 4 Oct 2026 11:31:24 +0000"

eth_getBlockByNumber
eth_getBlockByNumber
eth_getLogs
eth_getBlockByNumber
eth_getBlockByNumber

    Block Number: 258
    Block Hash: 0xd95ef9998f3b5adecf1312ee4070f0dc156153c6648467e1d9017ce1c4df3172
    Block Time: "Sun, 4 Oct 2026 11:31:24 +0000"

eth_getBlockByNumber
eth_getBlockByNumber
eth_getLogs
eth_getBlockByNumber
eth_getBlockByNumber
eth_call
eth_feeHistory
eth_simulateV1
eth_sendRawTransaction
eth_getTransactionReceipt

    Transaction: 0x2bcb6513728c3d12bc183d9bcfe499982ee937ec8e75fb536df32b148b3f7958
    Gas used: 141886

    Block Number: 259
    Block Hash: 0xec979bc84ac1b41ac083c5a58d3134d916b5e7138bf01e4734e59a8c965d8dc2
    Block Time: "Sun, 4 Oct 2026 11:31:24 +0000"

eth_getBlockByNumber
eth_getBlockByNumber
eth_getLogs
eth_getTransactionByHash

    Block Number: 260
    Block Hash: 0x2a3feed84b27ce4b7bb0cf242e7bc83e6b84ebe673f804833ce8b13098f73c77
    Block Time: "Sun, 4 Oct 2026 11:31:24 +0000"

eth_getTransactionReceipt
eth_blockNumber
eth_getTransactionReceipt
eth_getBlockByNumber
eth_getTransactionByHash
eth_getBlockByNumber
eth_getLogs
eth_blockNumber
eth_getTransactionReceipt
eth_getBlockByNumber
eth_getBlockByNumber
eth_blockNumber
eth_getTransactionReceipt

    Block Number: 261
    Block Hash: 0x430b8fce9e2ad6528479e481295399e99dc917b91ec913d90e441de8b6d874f5
    Block Time: "Sun, 4 Oct 2026 11:31:24 +0000"

eth_getBlockByNumber
eth_getBlockByNumber
eth_getLogs
eth_blockNumber
eth_getTransactionReceipt
eth_feeHistory
eth_simulateV1
eth_sendRawTransaction
eth_getTransactionReceipt

    Transaction: 0x5e0f4d658353c04194fb07e4ca808c4e583e1281b71293f5363c5037b35ebbc2
    Gas used: 96809

    Block Number: 262
    Block Hash: 0xd285a8bf73f5938fb62f6ed65f71fc1f8f7edcad46196fde2e8ee57a90b5af9b
    Block Time: "Sun, 4 Oct 2026 11:31:24 +0000"

eth_getBlockByNumber
eth_getBlockByNumber
eth_getLogs
eth_getTransactionReceipt
eth_blockNumber
eth_getTransactionReceipt
eth_getBlockByNumber
eth_getBlockByNumber

    Block Number: 263
    Block Hash: 0xf3d800f41b0d9efe9360ab29a57981fc51ff01aac6b5f24e6ac0983929beb04f
    Block Time: "Sun, 4 Oct 2026 11:31:25 +0000"

eth_blockNumber
eth_getTransactionReceipt
eth_getBlockByNumber
eth_getBlockByNumber
eth_getLogs
eth_blockNumber
eth_getTransactionReceipt
eth_getBlockByNumber
eth_getBlockByNumber
eth_blockNumber
eth_getTransactionReceipt

    Block Number: 264
    Block Hash: 0x421e79b98ae4947542e389007eda673c4b393b3178eea76f61755a57d06d83c8
    Block Time: "Sun, 4 Oct 2026 11:31:25 +0000"

eth_getBlockByNumber
eth_getBlockByNumber
eth_getLogs
eth_blockNumber
eth_getTransactionReceipt
eth_feeHistory
eth_simulateV1
eth_sendRawTransaction
eth_getTransactionReceipt

    Transaction: 0x17547dd6201fb09ead99165a6660d01596b96e6ca67eb6956394be3967bc6112
    Gas used: 171368

    Block Number: 265
    Block Hash: 0x84f29050650bf9362464a9ec57afff0f0d1490a4af4495b694b663ed773f7e4c
    Block Time: "Sun, 4 Oct 2026 11:31:25 +0000"

eth_getBlockByNumber
eth_getBlockByNumber
eth_getLogs
eth_getTransactionReceipt
eth_blockNumber
eth_getTransactionReceipt
eth_getBlockByNumber
eth_getBlockByNumber

    Block Number: 266
    Block Hash: 0xffb091ea04106ff267ae635df6881254a3ece17b4e22f4b3005703fe081852df
    Block Time: "Sun, 4 Oct 2026 11:31:25 +0000"

eth_blockNumber
eth_getTransactionReceipt
eth_getBlockByNumber
eth_getBlockByNumber
eth_getLogs
eth_blockNumber
eth_getTransactionReceipt
eth_getBlockByNumber
eth_getBlockByNumber
eth_blockNumber
eth_getTransactionReceipt

    Block Number: 267
    Block Hash: 0x51d5381523c5c3bb055b21d713c69f10cacc3d85fcc0e394f687ed937de2d50a
    Block Time: "Sun, 4 Oct 2026 11:31:25 +0000"

eth_getBlockByNumber
eth_getBlockByNumber
eth_getLogs
eth_blockNumber
eth_getTransactionReceipt
eth_getBlockByNumber
eth_getBlockByNumber
eth_getBlockByNumber
eth_getBlockByNumber

    Block Number: 268
    Block Hash: 0x4bb88f36647f3244512f2b8a40756f6fcef1a307704b4bd4ddecdeba6f11cd23
    Block Time: "Sun, 4 Oct 2026 11:31:26 +0000"

eth_getBlockByNumber
eth_getBlockByNumber
eth_getLogs
eth_getBlockByNumber
eth_getBlockByNumber

    Block Number: 269
    Block Hash: 0x9e7a89298ff0dca88b9f6d959bfab17e0e5a6a739c25dd1435dcefda49622451
    Block Time: "Sun, 4 Oct 2026 11:31:26 +0000"

eth_getBlockByNumber
eth_getBlockByNumber
eth_getLogs
eth_getBlockByNumber
eth_getBlockByNumber
eth_getBlockByNumber
eth_getBlockByNumber

    Block Number: 270
    Block Hash: 0xd6cd83a1105ab88e8b22085b35693df29638836051947a1505d9ec66cdf62789
    Block Time: "Sun, 4 Oct 2026 11:31:26 +0000"

eth_getBlockByNumber
eth_getBlockByNumber
eth_getLogs
eth_getBlockByNumber
eth_getBlockByNumber

    Block Number: 271
    Block Hash: 0x116772362b2658297620d6738f4731bb069717dabbdef4295f3fde35818a1c91
    Block Time: "Sun, 4 Oct 2026 11:31:26 +0000"

eth_getBlockByNumber
eth_getBlockByNumber
eth_getLogs
eth_getBlockByNumber
eth_getBlockByNumber
eth_getBlockByNumber
eth_getBlockByNumber

    Block Number: 272
    Block Hash: 0x75e4370bb586f69aa00c654709cc6ad8acf85a6a6cc21b59c4d13b3ae8b002c7
    Block Time: "Sun, 4 Oct 2026 11:31:27 +0000"

eth_getBlockByNumber
eth_getBlockByNumber
eth_getLogs
eth_getBlockByNumber
eth_getBlockByNumber

    Block Number: 273
    Block Hash: 0x2aaefb80e2df8cffda799d41bda3e9c936c6cd00bffb7228beee530ab555acad
    Block Time: "Sun, 4 Oct 2026 11:31:27 +0000"

eth_getBlockByNumber
eth_getBlockByNumber
eth_getLogs
eth_getBlockByNumber
eth_getBlockByNumber
eth_getBlockByNumber
eth_getBlockByNumber

    Block Number: 274
    Block Hash: 0x9149363f98763a0bf26d1278a4adce6ae651ce071d0e9be75a0311730f6f46f9
    Block Time: "Sun, 4 Oct 2026 11:31:27 +0000"

eth_getBlockByNumber
eth_getBlockByNumber
eth_getLogs
eth_getBlockByNumber
eth_getBlockByNumber

    Block Number: 275
    Block Hash: 0xc6b35bdf9eeb986ef7299e61eb98ec6afa94bcbb4653980682564010566f492b
    Block Time: "Sun, 4 Oct 2026 11:31:27 +0000"

eth_getBlockByNumber
eth_getBlockByNumber
eth_getLogs
eth_getBlockByNumber
eth_getBlockByNumber
eth_getBlockByNumber
eth_getBlockByNumber

    Block Number: 276
    Block Hash: 0x2122b0c1c4bcbb01f6b58237dab7b48a4f6d24dcece6e4b65a4bd0fb66d040ae
    Block Time: "Sun, 4 Oct 2026 11:31:28 +0000"

eth_getBlockByNumber
eth_getBlockByNumber
eth_getLogs
eth_getBlockByNumber
eth_getBlockByNumber

    Block Number: 277
    Block Hash: 0x1f436f785e7c0f0478f1aae692ba74b1a939fe7982b2b78ce75937d16183a6f6
    Block Time: "Sun, 4 Oct 2026 11:31:28 +0000"

eth_getBlockByNumber
eth_getBlockByNumber
eth_getLogs
eth_getBlockByNumber
eth_call
eth_feeHistory
eth_simulateV1
eth_sendRawTransaction
eth_getTransactionReceipt
eth_getBlockByNumber

    Transaction: 0x042a4b159d3b40721d7214fe3cca3a1f1cc13293fbab8f48fa3691dceb78f592
    Gas used: 158986

    Block Number: 278
    Block Hash: 0x7ff502c233a03db06f9c242fb8b35c5e1b13f831bdd7cf82608de023fdfe4fd5
    Block Time: "Sun, 4 Oct 2026 11:31:28 +0000"

eth_getBlockByNumber
eth_getTransactionReceipt
eth_blockNumber
eth_getBlockByNumber

    Block Number: 279
    Block Hash: 0x37f26b8c3fc191d1fd26a49aa73d0776e61408aa0ff7505cab013c938266acaf
    Block Time: "Sun, 4 Oct 2026 11:31:28 +0000"

eth_getLogs
eth_getTransactionReceipt
eth_getTransactionByHash
eth_getBlockByNumber
eth_getTransactionByHash
eth_getBlockByNumber
eth_getLogs
eth_blockNumber
eth_getTransactionReceipt
eth_getBlockByNumber
eth_getBlockByNumber
eth_blockNumber
eth_getTransactionReceipt

    Block Number: 280
    Block Hash: 0x4180820a17895941fc69a2f9c38e0fdf092afe5a822e291852560a25932eed3b
    Block Time: "Sun, 4 Oct 2026 11:31:28 +0000"

eth_getBlockByNumber
eth_getBlockByNumber
eth_getLogs
eth_blockNumber
eth_getTransactionReceipt
eth_feeHistory
eth_simulateV1
eth_sendRawTransaction
eth_getTransactionReceipt

    Transaction: 0x4336ffcabe21d3b7086fdfcf3ba55beedb18dade485757f15a4505026859498b
    Gas used: 96809

    Block Number: 281
    Block Hash: 0xb48b899e404e0772e2284ebb5e1e6405b183ccff720317bf4e7240c5a1945332
    Block Time: "Sun, 4 Oct 2026 11:31:28 +0000"

eth_getBlockByNumber
eth_getBlockByNumber
eth_getLogs
eth_getTransactionReceipt
eth_blockNumber
eth_getTransactionReceipt
eth_getBlockByNumber
eth_getBlockByNumber

    Block Number: 282
    Block Hash: 0x121b3ffa46b355f497d700083d34bb9dfb8a13d0f57c7041853c2314b14518a7
    Block Time: "Sun, 4 Oct 2026 11:31:29 +0000"

eth_blockNumber
eth_getTransactionReceipt
eth_getBlockByNumber
eth_getBlockByNumber
eth_getLogs
eth_blockNumber
eth_getTransactionReceipt
eth_getBlockByNumber
eth_getBlockByNumber
eth_blockNumber
eth_getTransactionReceipt

    Block Number: 283
    Block Hash: 0x11e8dd006020ba53f1a7a1a02e201d96c3e2e65a2317a18c89bfd408ae126dd2
    Block Time: "Sun, 4 Oct 2026 11:31:29 +0000"

eth_getBlockByNumber
eth_getBlockByNumber
eth_getLogs
eth_blockNumber
eth_getTransactionReceipt
eth_feeHistory
eth_simulateV1
eth_sendRawTransaction
eth_getTransactionReceipt

    Transaction: 0x0f322a81a5cb8257378bec12a81dd678c31208d12b5e179519987b1c3a32a1da
    Gas used: 171368

    Block Number: 284
    Block Hash: 0xfb749281eb33cd8fb3b13e34463fae09de7b57d230c978222c1f0ecbccc3e97e
    Block Time: "Sun, 4 Oct 2026 11:31:29 +0000"

eth_getBlockByNumber
eth_getBlockByNumber
eth_getLogs
eth_getTransactionReceipt
eth_blockNumber
eth_getTransactionReceipt
eth_getBlockByNumber
eth_getBlockByNumber

    Block Number: 285
    Block Hash: 0x380b03a560119048ed8250dee6ceb92a4878078ccb8a236d2ae83fa3d83dcf9e
    Block Time: "Sun, 4 Oct 2026 11:31:29 +0000"

eth_blockNumber
eth_getTransactionReceipt
eth_getBlockByNumber
eth_getBlockByNumber
eth_getLogs
eth_blockNumber
eth_getTransactionReceipt
eth_getBlockByNumber
eth_getBlockByNumber
eth_blockNumber
eth_getTransactionReceipt

    Block Number: 286
    Block Hash: 0x4be8aa6496e1164786d1d9fd2a43629739d374e221f690cdd8ee1cc8b35e8357
    Block Time: "Sun, 4 Oct 2026 11:31:29 +0000"

eth_getBlockByNumber
eth_getBlockByNumber
eth_getLogs
eth_blockNumber
eth_getTransactionReceipt
eth_getBlockByNumber
eth_getBlockByNumber
eth_getBlockByNumber
eth_getBlockByNumber

    Block Number: 287
    Block Hash: 0xca007889a3a050f0091282c8bc1966aef3e95e26b08e1db2f53f362b6cbe31a1
    Block Time: "Sun, 4 Oct 2026 11:31:30 +0000"

eth_getBlockByNumber
eth_getBlockByNumber
eth_getLogs
eth_getBlockByNumber
eth_getBlockByNumber

    Block Number: 288
    Block Hash: 0xf3f2f0e1ce20e34d994ecadd7f3ed7cb5d72ec6f0edc6879a3a5287050946aae
    Block Time: "Sun, 4 Oct 2026 11:31:30 +0000"

eth_getBlockByNumber
eth_getBlockByNumber
eth_getLogs
eth_getBlockByNumber
eth_getBlockByNumber
eth_getBlockByNumber
eth_getBlockByNumber

    Block Number: 289
    Block Hash: 0x1476baa16363d044aaceb45812776afa70e1d03a2f04101d75dcb69092fbb0d6
    Block Time: "Sun, 4 Oct 2026 11:31:30 +0000"

eth_getBlockByNumber
eth_getBlockByNumber
eth_getLogs
eth_getBlockByNumber
eth_getBlockByNumber

    Block Number: 290
    Block Hash: 0xf80a00399a8f88af17a5d316b1adf3a2a666f5b8a6d1aa3c3027c67097be6c1d
    Block Time: "Sun, 4 Oct 2026 11:31:30 +0000"

eth_getBlockByNumber
eth_getBlockByNumber
eth_getLogs
eth_getBlockByNumber
eth_getBlockByNumber
eth_getBlockByNumber
eth_getBlockByNumber

    Block Number: 291
    Block Hash: 0x75ecb907fb3864c88e0c13b5fb6ee9b28fdca1e6dc3c3f3dd06f5a55a6071bef
    Block Time: "Sun, 4 Oct 2026 11:31:31 +0000"

eth_getBlockByNumber
eth_getBlockByNumber
eth_getLogs
eth_getBlockByNumber
eth_getBlockByNumber

    Block Number: 292
    Block Hash: 0xedbe0a92d178da7c86336d24d0200eec17a19c37c7bc22d9deba90656472c2b8
    Block Time: "Sun, 4 Oct 2026 11:31:31 +0000"

eth_getBlockByNumber
eth_getBlockByNumber
eth_getLogs
eth_getBlockByNumber
eth_getBlockByNumber
eth_getBlockByNumber
eth_getBlockByNumber

    Block Number: 293
    Block Hash: 0x2c3335a8d7897ced84989a1542d52b43d5e841620c3178b7c69e34b8874bfbfe
    Block Time: "Sun, 4 Oct 2026 11:31:31 +0000"

eth_getBlockByNumber
eth_getBlockByNumber
eth_getLogs
eth_getBlockByNumber
eth_getBlockByNumber

    Block Number: 294
    Block Hash: 0xa796ed91b0d0a37831b5e687de892bdb078899b997f9a0bdf23304bac439dcf9
    Block Time: "Sun, 4 Oct 2026 11:31:31 +0000"

eth_getBlockByNumber
eth_getBlockByNumber
eth_getLogs
eth_getBlockByNumber
eth_getBlockByNumber
eth_getBlockByNumber
eth_getBlockByNumber

    Block Number: 295
    Block Hash: 0xe393c24c801167325b8473a157f1cb751a9d090cf59395bf7588056c6d1bcccc
    Block Time: "Sun, 4 Oct 2026 11:31:32 +0000"

eth_getBlockByNumber
eth_getBlockByNumber
eth_getLogs
eth_getBlockByNumber
eth_getBlockByNumber

    Block Number: 296
    Block Hash: 0x98ab5f7495a28f0f97a48d15403de444c3ece08e6d06e5dc3b68f08632e478b9
    Block Time: "Sun, 4 Oct 2026 11:31:32 +0000"

eth_getBlockByNumber
eth_getBlockByNumber
eth_getLogs
eth_getBlockByNumber
eth_getBlockByNumber
eth_call
eth_feeHistory
eth_simulateV1
eth_sendRawTransaction
eth_getTransactionReceipt

    Transaction: 0x46b205a90ed321a0cd98cc225e3c2ed559e0f74f7d3f0dbb8e848db8a7dda440
    Gas used: 141886

    Block Number: 297
    Block Hash: 0x9370055603d2470e6801d60c97844b21f95672dea79b2ec841aa2a861e1913da
    Block Time: "Sun, 4 Oct 2026 11:31:32 +0000"

eth_getBlockByNumber
eth_getBlockByNumber
eth_getLogs
eth_getTransactionByHash

    Block Number: 298
    Block Hash: 0xe6d99c3c177782a4ec72f21941b076958390bab91f57fce846fc8083f3273588
    Block Time: "Sun, 4 Oct 2026 11:31:32 +0000"

eth_getTransactionReceipt
eth_blockNumber
eth_getTransactionReceipt
eth_getBlockByNumber
eth_getTransactionByHash
eth_getBlockByNumber
eth_getLogs
eth_blockNumber
eth_getTransactionReceipt
eth_getBlockByNumber
eth_getBlockByNumber

    Block Number: 299
    Block Hash: 0xb08ba73d756346d6426bb9b2caf1497b52f409fde90865c9a4d797db1eef4ca6
    Block Time: "Sun, 4 Oct 2026 11:31:32 +0000"

eth_blockNumber
eth_getTransactionReceipt
eth_getBlockByNumber
eth_getBlockByNumber
eth_getLogs
eth_feeHistory
eth_simulateV1
eth_sendRawTransaction
eth_getTransactionReceipt

    Transaction: 0x4dc8c62f1966f3768a7c7b103c247533dfd7a2e13e7e8858ac98ad200e766dbe
    Gas used: 96809

    Block Number: 300
    Block Hash: 0x39aef388cb4c434f2b620b449abaf24d1d8bb591b4e0e3e3c016a9b4201674df
    Block Time: "Sun, 4 Oct 2026 11:31:32 +0000"

eth_getBlockByNumber
eth_getBlockByNumber
eth_getLogs
eth_getTransactionReceipt
eth_blockNumber
eth_getTransactionReceipt
eth_getBlockByNumber
eth_getBlockByNumber

    Block Number: 301
    Block Hash: 0x999e9af1e2bd39f9439f93f49a53df2ff03dfadb3765ce8eded2062c7fb72e41
    Block Time: "Sun, 4 Oct 2026 11:31:33 +0000"

eth_blockNumber
eth_getTransactionReceipt
eth_getBlockByNumber
eth_getBlockByNumber
eth_getLogs
eth_blockNumber
eth_getTransactionReceipt
eth_getBlockByNumber
eth_getBlockByNumber
eth_blockNumber
eth_getTransactionReceipt

    Block Number: 302
    Block Hash: 0xee1331bafd890cc651bdfe52e4dc99e351d2f260bb8cad19a5d22f15f0d41e0b
    Block Time: "Sun, 4 Oct 2026 11:31:33 +0000"

eth_getBlockByNumber
eth_getBlockByNumber
eth_getLogs
eth_blockNumber
eth_getTransactionReceipt
eth_feeHistory
eth_simulateV1
eth_sendRawTransaction
eth_getTransactionReceipt

    Transaction: 0x0354fc63a5dcefa99a7011ee158e35131b306b210ee3ae5e7517f9a1f762f5a0
    Gas used: 171368

    Block Number: 303
    Block Hash: 0x19aabe527d4eb5ae927c251787c6d5f54d73775a106481b1522cc73e7169b556
    Block Time: "Sun, 4 Oct 2026 11:31:33 +0000"

eth_getBlockByNumber
eth_getBlockByNumber
eth_getLogs
eth_getTransactionReceipt
eth_blockNumber
eth_getTransactionReceipt
eth_getBlockByNumber
eth_getBlockByNumber

    Block Number: 304
    Block Hash: 0x2fba86586f36a355d2ca3816c5a30cfc4baa8eb812001d4869e6564386b1909c
    Block Time: "Sun, 4 Oct 2026 11:31:33 +0000"

eth_blockNumber
eth_getTransactionReceipt
eth_getBlockByNumber
eth_getBlockByNumber
eth_getLogs
eth_blockNumber
eth_getTransactionReceipt
eth_getBlockByNumber
eth_getBlockByNumber

    Block Number: 305
    Block Hash: 0x216d8b87eabcdb9dd44550a03b1ac2e3e14eb9ec448ecfb229e720b307151044
    Block Time: "Sun, 4 Oct 2026 11:31:33 +0000"

eth_blockNumber
eth_getTransactionReceipt
eth_getBlockByNumber
eth_getBlockByNumber
eth_getLogs
eth_getBlockByNumber
eth_getBlockByNumber
eth_getBlockByNumber
eth_getBlockByNumber

    Block Number: 306
    Block Hash: 0x8e890c0f2949e3751d86ccc953df270e0117c65cf35e1b9faf51a1117da21925
    Block Time: "Sun, 4 Oct 2026 11:31:34 +0000"

eth_getBlockByNumber
eth_getBlockByNumber
eth_getLogs
eth_getBlockByNumber
eth_getBlockByNumber

    Block Number: 307
    Block Hash: 0x7af4fcaf609292cdf89e239cf4cdbdb2e6db00850b26f51848fa88aa248a9cdd
    Block Time: "Sun, 4 Oct 2026 11:31:34 +0000"

eth_getBlockByNumber
eth_getBlockByNumber
eth_getLogs
eth_getBlockByNumber
eth_getBlockByNumber
eth_getBlockByNumber
eth_getBlockByNumber

    Block Number: 308
    Block Hash: 0x0981ae02f1400ac1ef3ca2110ea6a483d4e03a01c2c854681790b61fd29e2772
    Block Time: "Sun, 4 Oct 2026 11:31:34 +0000"

eth_getBlockByNumber
eth_getBlockByNumber
eth_getLogs
eth_getBlockByNumber
eth_getBlockByNumber

    Block Number: 309
    Block Hash: 0x59329243e50878745c5f3ee4c3ebd3ad1a9e3807fee297fb56305f5c463adce7
    Block Time: "Sun, 4 Oct 2026 11:31:34 +0000"

eth_getBlockByNumber
eth_getBlockByNumber
eth_getLogs
eth_getBlockByNumber
eth_getBlockByNumber
eth_getBlockByNumber
eth_getBlockByNumber

    Block Number: 310
    Block Hash: 0x3fced059276ed89a0b50185e1af812daaaf01004fe5b989b21e9d7e8f327b044
    Block Time: "Sun, 4 Oct 2026 11:31:35 +0000"

eth_getBlockByNumber
eth_getBlockByNumber
eth_getLogs
eth_getBlockByNumber
eth_getBlockByNumber

    Block Number: 311
    Block Hash: 0xe8c87a7d5dd0542c6f595cda942412bf2b4f92a788d0258c0e6dd1a1f6653ae9
    Block Time: "Sun, 4 Oct 2026 11:31:35 +0000"

eth_getBlockByNumber
eth_getBlockByNumber
eth_getLogs
eth_getBlockByNumber
eth_getBlockByNumber
eth_getBlockByNumber
eth_getBlockByNumber

    Block Number: 312
    Block Hash: 0x9b7d8a6a67b3e62c309764590b1f15673f1c9e09e84dce21b1a6b9094e18abec
    Block Time: "Sun, 4 Oct 2026 11:31:35 +0000"

eth_getBlockByNumber
eth_getBlockByNumber
eth_getLogs
eth_getBlockByNumber
eth_getBlockByNumber

    Block Number: 313
    Block Hash: 0x56d0153b4e575512826378025b3783e99ae051da7084d014bd838528e8389222
    Block Time: "Sun, 4 Oct 2026 11:31:35 +0000"

eth_blockNumber
eth_feeHistory
eth_getBlockByNumber
eth_getBlockByNumber
eth_getLogs
eth_getBlockByNumber
eth_getBlockByNumber
eth_getBlockByNumber
eth_getBlockByNumber

    Block Number: 314
    Block Hash: 0x82acee41504cc9e12d42e91a77632ee3431585aeb4885fb696c552866d4ba26f
    Block Time: "Sun, 4 Oct 2026 11:31:36 +0000"

eth_getBlockByNumber
eth_getBlockByNumber
eth_getLogs
eth_getBlockByNumber
eth_getBlockByNumber

    Block Number: 315
    Block Hash: 0x407362ba42e69fcc6c7120bc59d685333821fa518222a1b0824320daf7a99f2b
    Block Time: "Sun, 4 Oct 2026 11:31:36 +0000"

eth_getBlockByNumber
eth_getBlockByNumber
eth_getLogs
eth_getBlockByNumber
eth_getBlockByNumber
eth_getBlockByNumber
eth_getBlockByNumber

    Block Number: 316
    Block Hash: 0x93d4f2ef8831e3b19bc3569b8b9b1f1dfe3c6474b972092ff5aea202ecc709e6
    Block Time: "Sun, 4 Oct 2026 11:31:36 +0000"

eth_getBlockByNumber
eth_getBlockByNumber
eth_getLogs
eth_getBlockByNumber
eth_getBlockByNumber

    Block Number: 317
    Block Hash: 0xd991902f0a306d29b5f199863efa13626a94fd19f82a1f95f4535d81ca706259
    Block Time: "Sun, 4 Oct 2026 11:31:36 +0000"

eth_getBlockByNumber
eth_getTransactionByHash
eth_getBlockByNumber
eth_getLogs
eth_getBlockByNumber
eth_getBlockByNumber
eth_getBlockByNumber
eth_getBlockByNumber

    Block Number: 318
    Block Hash: 0x7c33cdb555c222a6b8c7a7daf4508bc102cc0b5847ad6b667eaf83fe5af67fec
    Block Time: "Sun, 4 Oct 2026 11:31:37 +0000"

eth_getBlockByNumber
eth_getBlockByNumber
eth_getLogs
eth_getBlockByNumber
eth_getBlockByNumber

    Block Number: 319
    Block Hash: 0x0860be0b2da4e9bced7f7f9274e2dd9f2f162e919c88d07848774219a06ce67f
    Block Time: "Sun, 4 Oct 2026 11:31:37 +0000"

eth_getBlockByNumber
eth_getBlockByNumber
eth_getLogs
eth_getBlockByNumber
eth_getBlockByNumber
eth_call
eth_feeHistory
eth_simulateV1
eth_sendRawTransaction
eth_getTransactionReceipt

    Transaction: 0xf871f508139407c4091ee6d6bf37e6918dbd80a3aff7bcbfb61b424087afca0a
    Gas used: 141886

    Block Number: 320
    Block Hash: 0xdd32aac52db8afd4e683e5622f7b9a45c0511e9fdee2f0d9d7c3055c63d9717b
    Block Time: "Sun, 4 Oct 2026 11:31:37 +0000"

eth_getBlockByNumber
eth_getBlockByNumber
eth_getLogs
eth_getTransactionByHash

    Block Number: 321
    Block Hash: 0x1f3985221dbbc3cd23c6e287361d841205a8ae3074f4624dc3338ef6dbc57924
    Block Time: "Sun, 4 Oct 2026 11:31:37 +0000"

eth_getTransactionReceipt
eth_blockNumber
eth_getTransactionReceipt
eth_getBlockByNumber
eth_getBlockByNumber
eth_getLogs
eth_blockNumber
eth_getTransactionReceipt
eth_getBlockByNumber
eth_getBlockByNumber
eth_blockNumber
eth_getTransactionReceipt

    Block Number: 322
    Block Hash: 0xcb79b1370dc61e06dd66f391c0c66ee2b139df06440896e1e93552e3377a1f7b
    Block Time: "Sun, 4 Oct 2026 11:31:37 +0000"

eth_getBlockByNumber
eth_getBlockByNumber
eth_getLogs
eth_blockNumber
eth_getTransactionReceipt
eth_feeHistory
eth_simulateV1
eth_sendRawTransaction

    Transaction: 0x75e4b55d3774cd2d352f656e1ca5dd56cf58d5d287cb538cce824f708782cbae
    Gas used: 96797

    Block Number: 323
    Block Hash: 0x0cedd9cb5f52b3b2f2f593851b1ead45888dbb80c745f2dba3b04e327bb4241f
    Block Time: "Sun, 4 Oct 2026 11:31:37 +0000"

eth_getTransactionReceipt
eth_blockNumber
eth_getTransactionReceipt
eth_getBlockByNumber
eth_getBlockByNumber
eth_getLogs
eth_blockNumber
eth_getTransactionReceipt
eth_getBlockByNumber
eth_getBlockByNumber

    Block Number: 324
    Block Hash: 0xc0cbb1ef917a125f70610dd191040dfa068ecb4fe20caf99427b888a3890beb8
    Block Time: "Sun, 4 Oct 2026 11:31:38 +0000"

eth_blockNumber
eth_getTransactionReceipt
eth_getBlockByNumber
eth_getBlockByNumber
eth_getLogs
eth_blockNumber
eth_getTransactionReceipt
eth_getBlockByNumber
eth_getBlockByNumber
eth_blockNumber

    Block Number: 325
    Block Hash: 0xd9cac966d76ee3c3bb2a00f847a9aa2a2b078fcc913e93e4b1cfcc8eec02038b
    Block Time: "Sun, 4 Oct 2026 11:31:38 +0000"

eth_getTransactionReceipt
eth_getBlockByNumber
eth_getBlockByNumber
eth_getLogs
eth_blockNumber
eth_getTransactionReceipt
eth_feeHistory
eth_simulateV1
eth_sendRawTransaction
eth_getTransactionReceipt

    Transaction: 0xbbcd7854ac67fac0aa275c81ba54f0e8cc4c5d9b678985a262502024613a5415
    Gas used: 171368

    Block Number: 326
    Block Hash: 0x2680acb9725b0c8e34b8fd1aa2f12cd8a0fd0eef8ccd233acd1e098f7e01e6a6
    Block Time: "Sun, 4 Oct 2026 11:31:38 +0000"

eth_getBlockByNumber
eth_getBlockByNumber
eth_getLogs
eth_getTransactionReceipt
eth_blockNumber
eth_getTransactionReceipt
eth_getBlockByNumber
eth_getBlockByNumber

    Block Number: 327
    Block Hash: 0x82d42b96e61a6828fcaa214c9a11afcb04120edf7e3215231e3c5ffb146a85a9
    Block Time: "Sun, 4 Oct 2026 11:31:38 +0000"

eth_blockNumber
eth_getTransactionReceipt
eth_getBlockByNumber
eth_getBlockByNumber
eth_getLogs
eth_blockNumber
eth_getTransactionReceipt
eth_getBlockByNumber
eth_getBlockByNumber

    Block Number: 328
    Block Hash: 0x61143463c3d4b4fefee98b9d59c32f683f31fc5588aaae5e805f7d0e29c55ddd
    Block Time: "Sun, 4 Oct 2026 11:31:38 +0000"

eth_blockNumber
eth_getTransactionReceipt
eth_getBlockByNumber
eth_getBlockByNumber
eth_getLogs
eth_getBlockByNumber
eth_getBlockByNumber
eth_getBlockByNumber
eth_getBlockByNumber

    Block Number: 329
    Block Hash: 0x70b2cac5d308413f7a6983bf02481edc066d4e376b73489160c0a0df8d1c2078
    Block Time: "Sun, 4 Oct 2026 11:31:39 +0000"

eth_getBlockByNumber
eth_getBlockByNumber
eth_getLogs
eth_getBlockByNumber
eth_getBlockByNumber

    Block Number: 330
    Block Hash: 0x592f69f61cf38f03c01ae50d96d4f08ac1537611d9c998ef69937a16d2513f53
    Block Time: "Sun, 4 Oct 2026 11:31:39 +0000"

eth_getBlockByNumber
eth_getBlockByNumber
eth_getLogs
eth_getBlockByNumber
eth_getBlockByNumber
eth_getBlockByNumber
eth_getBlockByNumber

    Block Number: 331
    Block Hash: 0x90edf1a8572b1da8aa69107a953104da1d146fe3ca36588cc17e7c5f327dfef4
    Block Time: "Sun, 4 Oct 2026 11:31:39 +0000"

eth_getBlockByNumber
eth_getBlockByNumber
eth_getLogs
eth_getBlockByNumber
eth_getBlockByNumber

    Block Number: 332
    Block Hash: 0x9d932851559ceef74356f4bdf22f454bef82d43f5bb9a8c9819349c1c68e511c
    Block Time: "Sun, 4 Oct 2026 11:31:39 +0000"

eth_getBlockByNumber
eth_getBlockByNumber
eth_getLogs
eth_getBlockByNumber
eth_getBlockByNumber
eth_getBlockByNumber
eth_getBlockByNumber

    Block Number: 333
    Block Hash: 0x84841ae2ce90dcc4cacff20ffec1df7e058a3380ae49cd7f8e88b82889283ad8
    Block Time: "Sun, 4 Oct 2026 11:31:40 +0000"

eth_getBlockByNumber
eth_getBlockByNumber
eth_getLogs
eth_getBlockByNumber
eth_getBlockByNumber

    Block Number: 334
    Block Hash: 0x9f3d407436c3526328b7939e23e91d5303381559519c38660042444ab188615d
    Block Time: "Sun, 4 Oct 2026 11:31:40 +0000"

eth_getBlockByNumber
eth_getBlockByNumber
eth_getLogs
eth_getBlockByNumber
eth_getBlockByNumber
eth_getBlockByNumber
eth_getBlockByNumber

    Block Number: 335
    Block Hash: 0x887ae81768541cce47a7192f08e4aa2fe35d52ab76ddc7e091efa5e4956fc0a6
    Block Time: "Sun, 4 Oct 2026 11:31:40 +0000"

eth_getBlockByNumber
eth_getBlockByNumber
eth_getLogs
eth_getBlockByNumber
eth_getBlockByNumber

    Block Number: 336
    Block Hash: 0x30590827defb4d962e8aa11211815ed8a331b5fec13f84268da2fffdd386418a
    Block Time: "Sun, 4 Oct 2026 11:31:40 +0000"

eth_getBlockByNumber
eth_getBlockByNumber
eth_getLogs
eth_getBlockByNumber
eth_getBlockByNumber
eth_getBlockByNumber
eth_getBlockByNumber

    Block Number: 337
    Block Hash: 0x0b59ba0b731a7c8ccbb94bb30cec4f03cfee98ad94bd985a6a5a41a7315a806c
    Block Time: "Sun, 4 Oct 2026 11:31:41 +0000"

eth_getBlockByNumber
eth_getBlockByNumber
eth_getLogs
eth_getBlockByNumber
eth_getBlockByNumber

    Block Number: 338
    Block Hash: 0xa9adee0e2bf62f069e885bd5e066010fba73285f49dafc1a6d033770f62c3ac1
    Block Time: "Sun, 4 Oct 2026 11:31:41 +0000"

eth_getBlockByNumber
eth_getBlockByNumber
eth_getLogs
eth_getBlockByNumber
eth_getBlockByNumber
eth_getBlockByNumber
eth_call
eth_feeHistory
eth_simulateV1
eth_sendRawTransaction
eth_getTransactionReceipt

    Transaction: 0x71f5f9df659170e7ad178a8631bb3dfcf8f5b2197e8bdf85cd9a8510de00cce0
    Gas used: 141886

    Block Number: 339
    Block Hash: 0xd177457b490e81365036098301c1ebcf6b129f8d6522034097870dc04954c127
    Block Time: "Sun, 4 Oct 2026 11:31:41 +0000"

eth_getBlockByNumber

    Block Number: 340
    Block Hash: 0x1fabd47fdcdc170c0918c03544212cfeccf750d87a26bc31f6997342fbd8f712
    Block Time: "Sun, 4 Oct 2026 11:31:41 +0000"

eth_getLogs
eth_getTransactionByHash
eth_getBlockByNumber
eth_getTransactionByHash
eth_getTransactionReceipt
eth_blockNumber
eth_getTransactionReceipt
eth_getBlockByNumber
eth_getLogs
eth_getBlockByNumber
eth_blockNumber
eth_getTransactionReceipt
eth_getBlockByNumber

    Block Number: 341
    Block Hash: 0xb680f71df4adea392d19e3e11c9099ca9d5974bc39b3d1a212c0cdc7fc07b13d
    Block Time: "Sun, 4 Oct 2026 11:31:41 +0000"

eth_getBlockByNumber
eth_blockNumber
eth_getTransactionReceipt
eth_getBlockByNumber
eth_getLogs
eth_feeHistory
eth_simulateV1
eth_sendRawTransaction
eth_getTransactionReceipt

    Transaction: 0x91f24ea56a82512ebc4caa16921c21db10f7e4d2de578d0529bee85cc0612cf8
    Gas used: 96809

    Block Number: 342
    Block Hash: 0xd62d26d70bffbf8643db64b9ff54befe4199af1175f84f535cf8ec188169ee05
    Block Time: "Sun, 4 Oct 2026 11:31:41 +0000"

eth_getBlockByNumber
eth_getBlockByNumber
eth_getLogs
eth_getTransactionReceipt
eth_blockNumber
eth_getTransactionReceipt
eth_getBlockByNumber
eth_getBlockByNumber

    Block Number: 343
    Block Hash: 0x805aa4afe00649305fab22180e77c8918b28e67ea89a24847c3b23bb80ff8acd
    Block Time: "Sun, 4 Oct 2026 11:31:42 +0000"

eth_blockNumber
eth_getTransactionReceipt
eth_getBlockByNumber
eth_getBlockByNumber
eth_getLogs
eth_blockNumber
eth_getTransactionReceipt
eth_getBlockByNumber
eth_getBlockByNumber

    Block Number: 344
    Block Hash: 0x6c1c9b516b3f2a7918e95e66ca346370c5a2886c5d861ef39e17ceef47c2bdbc
    Block Time: "Sun, 4 Oct 2026 11:31:42 +0000"

eth_blockNumber
eth_getTransactionReceipt
eth_feeHistory
eth_simulateV1
eth_sendRawTransaction
eth_getTransactionReceipt

    Transaction: 0xde7bf80458c9b400df6935192c07ec40a8939983e18247a717d3c1d9b540c599
    Gas used: 171368

    Block Number: 345
    Block Hash: 0xe2354c3f14aac480c6ab0e6324d115a2e3c1be1c023ef2e65fc2cb478c59c927
    Block Time: "Sun, 4 Oct 2026 11:31:42 +0000"

eth_getBlockByNumber
eth_getBlockByNumber
eth_getBlockByNumber
eth_getLogs
eth_getLogs
eth_getTransactionReceipt
eth_blockNumber
eth_getTransactionReceipt
eth_getBlockByNumber
eth_getBlockByNumber
eth_blockNumber
eth_getTransactionReceipt
eth_getBlockByNumber
eth_getBlockByNumber

    Block Number: 346
    Block Hash: 0x511bace41719e3358bc65a7dad83a290112dfa9b9c6718977e9dab6cd21af232
    Block Time: "Sun, 4 Oct 2026 11:31:42 +0000"

eth_blockNumber
eth_getTransactionReceipt
eth_getBlockByNumber
eth_getBlockByNumber
eth_getLogs
eth_blockNumber
eth_getTransactionReceipt
eth_getBlockByNumber
eth_getBlockByNumber

    Block Number: 347
    Block Hash: 0xf696bc7fdc7ea42329fd36529882cb4106e99cde868c5590ab776f7f7a4f7f51
    Block Time: "Sun, 4 Oct 2026 11:31:42 +0000"

eth_blockNumber
eth_getTransactionReceipt
eth_getBlockByNumber
eth_getBlockByNumber
eth_getLogs
eth_getBlockByNumber
eth_getBlockByNumber
eth_getBlockByNumber
eth_getBlockByNumber

    Block Number: 348
    Block Hash: 0xadb398f05fcedf5620fb5cd4caaf5df3e4079edd2547caa5d6260109ab108ae4
    Block Time: "Sun, 4 Oct 2026 11:31:43 +0000"

eth_getBlockByNumber
eth_getBlockByNumber
eth_getLogs
eth_getBlockByNumber
eth_getBlockByNumber

    Block Number: 349
    Block Hash: 0x6e79155f93276b1c76d98dd464abf23a4dfcf89bc247d464cce4355ebba779c1
    Block Time: "Sun, 4 Oct 2026 11:31:43 +0000"

eth_getBlockByNumber
eth_getBlockByNumber
eth_getLogs
eth_getBlockByNumber
eth_getBlockByNumber
eth_getBlockByNumber
eth_getBlockByNumber

    Block Number: 350
    Block Hash: 0x30476ab76e6d9ec43c45e813f7247d8a8177bccea7efe7158e0e5dec818eb8e7
    Block Time: "Sun, 4 Oct 2026 11:31:43 +0000"

eth_getBlockByNumber
eth_getBlockByNumber
eth_getLogs
eth_getBlockByNumber
eth_getBlockByNumber

    Block Number: 351
    Block Hash: 0x6e4b1f24c48b481b4cff19275474f80059a76aaed76abeaf30d8d60a02e97051
    Block Time: "Sun, 4 Oct 2026 11:31:43 +0000"

eth_getBlockByNumber
eth_getBlockByNumber
eth_getLogs
eth_getBlockByNumber
eth_getBlockByNumber
eth_getBlockByNumber
eth_getBlockByNumber

    Block Number: 352
    Block Hash: 0x1ff35ec0145a0586688c4f6d4b26bd14b65919e1d192f376964baa64302a6119
    Block Time: "Sun, 4 Oct 2026 11:31:44 +0000"

eth_getBlockByNumber
eth_getBlockByNumber
eth_getLogs
eth_getBlockByNumber
eth_getBlockByNumber

    Block Number: 353
    Block Hash: 0x69eb14a1f5f9d519bf84310a89a8d8c0734b2ec9aedd1447d08b012ec74f16ff
    Block Time: "Sun, 4 Oct 2026 11:31:44 +0000"

eth_getBlockByNumber
eth_getBlockByNumber
eth_getLogs
eth_getBlockByNumber
eth_getBlockByNumber
eth_getBlockByNumber
eth_getBlockByNumber

    Block Number: 354
    Block Hash: 0x5801f0a4b5daa9f03b0825c9c3b84324a98cdf4e5cd296cf9b8eaa8b9ec066f1
    Block Time: "Sun, 4 Oct 2026 11:31:44 +0000"

eth_getBlockByNumber
eth_getBlockByNumber
eth_getLogs
eth_getBlockByNumber
eth_getBlockByNumber

    Block Number: 355
    Block Hash: 0xec2fa9205d03fd61f7cd9dc566fdac8e28d2b53e552dcb75778aa4fc5928f25f
    Block Time: "Sun, 4 Oct 2026 11:31:44 +0000"

eth_getBlockByNumber
eth_getBlockByNumber
eth_getLogs
eth_getBlockByNumber
eth_getBlockByNumber
eth_getBlockByNumber
eth_getBlockByNumber

    Block Number: 356
    Block Hash: 0x0927bafe19bf0ccc87d554ffe9f21494a2b9134edda34c4589351fad7d1a2a69
    Block Time: "Sun, 4 Oct 2026 11:31:45 +0000"

eth_getBlockByNumber
eth_getBlockByNumber
eth_getLogs
eth_getBlockByNumber
eth_getBlockByNumber

    Block Number: 357
    Block Hash: 0x179f0498faf04ff6c906f306570779dc9f380e13b01480be78cb4fa134755454
    Block Time: "Sun, 4 Oct 2026 11:31:45 +0000"

eth_getBlockByNumber
eth_getBlockByNumber
eth_getLogs
eth_getBlockByNumber
eth_getBlockByNumber
eth_getBlockByNumber
eth_call
eth_feeHistory
eth_simulateV1
eth_sendRawTransaction
eth_getTransactionReceipt

    Transaction: 0xf00bbc4449aa625824c9c1669aa4bef15621c480d9870a886a34bc6e3e34af1e
    Gas used: 141886

    Block Number: 358
    Block Hash: 0xf498f69c7d61219d9306b750a23bd6c4c155dc3c00f94357320011057bad9063
    Block Time: "Sun, 4 Oct 2026 11:31:45 +0000"

eth_getBlockByNumber
eth_getLogs
eth_getTransactionByHash

    Block Number: 359
    Block Hash: 0x196462585d0f49317d5100f7ca38c0d0a86fb6b196950d905bf238e5da4ba192
    Block Time: "Sun, 4 Oct 2026 11:31:45 +0000"

eth_getBlockByNumber
eth_getTransactionByHash
eth_getTransactionReceipt
eth_blockNumber
eth_getTransactionReceipt
eth_getBlockByNumber
eth_getLogs
eth_getBlockByNumber
eth_blockNumber
eth_getTransactionReceipt
eth_getBlockByNumber

    Block Number: 360
    Block Hash: 0x1e55993000595486f2b17fde2b58137bc108f41cb3a9060450221ea2b5d9352c
    Block Time: "Sun, 4 Oct 2026 11:31:45 +0000"

eth_getBlockByNumber
eth_blockNumber
eth_getTransactionReceipt
eth_getBlockByNumber
eth_getLogs
eth_feeHistory
eth_simulateV1
eth_sendRawTransaction
eth_getTransactionReceipt

    Transaction: 0xbac8467541bd397b01f3e72d40d22ff836df8c71657629c7ca8647c8f07ad93f
    Gas used: 96797

    Block Number: 361
    Block Hash: 0x103746b4aa92d17e514fd322e7c3602eb04e21a9d94c013046d267385cac4e3c
    Block Time: "Sun, 4 Oct 2026 11:31:45 +0000"

eth_getBlockByNumber
eth_getBlockByNumber
eth_getLogs
eth_getTransactionReceipt
eth_blockNumber
eth_getTransactionReceipt
eth_getBlockByNumber
eth_getBlockByNumber

    Block Number: 362
    Block Hash: 0x9f420f57853ef503faf671b6d01d1a5f4a8d57324058f2d4a449aa4c99231d67
    Block Time: "Sun, 4 Oct 2026 11:31:46 +0000"

eth_blockNumber
eth_getTransactionReceipt
eth_getBlockByNumber
eth_getBlockByNumber
eth_getLogs
eth_blockNumber
eth_getTransactionReceipt
eth_getBlockByNumber
eth_getBlockByNumber

    Block Number: 363
    Block Hash: 0x8431b33d898f63bfacc7d2fa2217ea4f4c08178691e6d614ff9f9d10624aabd9
    Block Time: "Sun, 4 Oct 2026 11:31:46 +0000"

eth_blockNumber
eth_getTransactionReceipt
eth_feeHistory
eth_simulateV1
eth_sendRawTransaction
eth_getTransactionReceipt

    Transaction: 0x3cfb8978b433453b76c075b53af513c42f6c70fd06f2b28918deef290eb2d797
    Gas used: 171356

    Block Number: 364
    Block Hash: 0x7ed8f5538182abd115cfec087c10420f4068c9689f29c79c03a1c599fbcdbfdd
    Block Time: "Sun, 4 Oct 2026 11:31:46 +0000"

eth_getBlockByNumber
eth_getBlockByNumber
eth_getBlockByNumber
eth_getLogs
eth_getLogs
eth_getTransactionReceipt
eth_blockNumber
eth_getTransactionReceipt
eth_getBlockByNumber
eth_getBlockByNumber
eth_blockNumber
eth_getBlockByNumber
eth_getTransactionReceipt
eth_getBlockByNumber

    Block Number: 365
    Block Hash: 0x2da06f68c8feb40dd758a6cc7123acd0573da97e3828f81efffaf0f87631b3ee
    Block Time: "Sun, 4 Oct 2026 11:31:46 +0000"

eth_blockNumber
eth_getBlockByNumber
eth_getTransactionReceipt
eth_getBlockByNumber
eth_getLogs
eth_getBlockByNumber
eth_blockNumber
eth_getTransactionReceipt
eth_getBlockByNumber

    Block Number: 366
    Block Hash: 0x28532dd2a498c5513d4739ad6ebfabe46a1ca006a3d7029f1b1ac1fcfd257f5a
    Block Time: "Sun, 4 Oct 2026 11:31:46 +0000"

eth_getBlockByNumber
eth_blockNumber
eth_getTransactionReceipt
eth_getBlockByNumber
eth_getLogs
eth_getBlockByNumber
eth_getBlockByNumber
eth_getBlockByNumber
eth_getBlockByNumber

    Block Number: 367
    Block Hash: 0xb5ebe1682cdc950a86ff010ecb5926d962890ef95e764224e7d73f1d2ac56223
    Block Time: "Sun, 4 Oct 2026 11:31:47 +0000"

eth_getBlockByNumber
eth_getBlockByNumber
eth_getLogs
eth_getBlockByNumber
eth_getBlockByNumber

    Block Number: 368
    Block Hash: 0x0c739bd552de3ad81cf115d81b5426f6d13262c279811d41ab5ec54d36488597
    Block Time: "Sun, 4 Oct 2026 11:31:47 +0000"

eth_getBlockByNumber
eth_getBlockByNumber
eth_getLogs
eth_getBlockByNumber
eth_getBlockByNumber
eth_getBlockByNumber
eth_getBlockByNumber

    Block Number: 369
    Block Hash: 0xecca0bead2b571cf4431035c19d96d19e3bdc5d4676929483a7c7473c9f3beae
    Block Time: "Sun, 4 Oct 2026 11:31:47 +0000"

eth_getBlockByNumber
eth_getBlockByNumber
eth_getLogs
eth_getBlockByNumber
eth_getBlockByNumber

    Block Number: 370
    Block Hash: 0xfff8413bed7d2ce7b3ce3ebd4e999cc1c40dbf4aa36a9fcfb524fefc96dd4a1c
    Block Time: "Sun, 4 Oct 2026 11:31:47 +0000"

eth_getBlockByNumber
eth_getBlockByNumber
eth_getLogs
eth_getBlockByNumber
eth_getBlockByNumber
eth_getBlockByNumber
eth_getBlockByNumber

    Block Number: 371
    Block Hash: 0x9e8be58cb0c162b6ab75a8b537f061c2503a717ff0032aa1ad345d5acfe2d961
    Block Time: "Sun, 4 Oct 2026 11:31:48 +0000"

eth_getBlockByNumber
eth_getBlockByNumber
eth_getLogs
eth_getBlockByNumber
eth_getBlockByNumber

    Block Number: 372
    Block Hash: 0x2eece8b4bc8dd920868ee39507ef1e1c45bdef947228022609125b1ba923cb80
    Block Time: "Sun, 4 Oct 2026 11:31:48 +0000"

eth_getBlockByNumber
eth_getBlockByNumber
eth_getLogs
eth_getBlockByNumber
eth_getBlockByNumber
eth_getBlockByNumber

    Block Number: 373
    Block Hash: 0x13cf1ece7213778979bde95d7ded4435c0bf296e9a23eb455a97211e091bbf66
    Block Time: "Sun, 4 Oct 2026 11:31:48 +0000"

eth_getBlockByNumber
eth_getLogs
eth_getBlockByNumber
eth_getBlockByNumber
eth_getBlockByNumber
eth_getBlockByNumber

    Block Number: 374
    Block Hash: 0xff62424811301f31404341dc02fc4e140ae595fc73ed827d8df761235108b0dd
    Block Time: "Sun, 4 Oct 2026 11:31:48 +0000"

eth_blockNumber
eth_feeHistory
eth_getBlockByNumber
eth_getBlockByNumber
eth_getLogs
eth_getBlockByNumber
eth_getBlockByNumber
eth_getBlockByNumber
eth_getBlockByNumber

    Block Number: 375
    Block Hash: 0xa450d96b84e369b46b4d4c5f29129bcbd599f6559c1fad106d70dad8cb0a564a
    Block Time: "Sun, 4 Oct 2026 11:31:49 +0000"

eth_getBlockByNumber
eth_getBlockByNumber
eth_getLogs
eth_getBlockByNumber
eth_getBlockByNumber

    Block Number: 376
    Block Hash: 0xfa12f13561f2713cdab3003f20be270490bfdbadc5ec9f16121e33fa75aa28f6
    Block Time: "Sun, 4 Oct 2026 11:31:49 +0000"

eth_getBlockByNumber
eth_getBlockByNumber
eth_getLogs
eth_getBlockByNumber
eth_getBlockByNumber
eth_getBlockByNumber
eth_getBlockByNumber

    Block Number: 377
    Block Hash: 0xf2e6818db5f497008e124c1ef17daed51b1f0790a2c1393fa12b600cbbdf08ce
    Block Time: "Sun, 4 Oct 2026 11:31:49 +0000"

eth_call
eth_feeHistory
eth_simulateV1
eth_sendRawTransaction
eth_getTransactionReceipt

    Transaction: 0x5f3ccb51005a451d3634a9ff28e3c557a291b79d49c077fbe3db8061e88c3987
    Gas used: 141874

    Block Number: 378
    Block Hash: 0xc43a11a599a02cb6dc55126eceab5e24be45b8c6728a3fde2a0ecc21bba8b6d8
    Block Time: "Sun, 4 Oct 2026 11:31:49 +0000"

eth_getBlockByNumber
eth_getTransactionByHash
eth_getBlockByNumber
eth_getBlockByNumber
eth_getLogs
eth_getLogs
eth_getTransactionByHash
eth_getTransactionReceipt
eth_blockNumber
eth_getTransactionReceipt
eth_getBlockByNumber
eth_getBlockByNumber
eth_blockNumber
eth_getTransactionReceipt

    Block Number: 379
    Block Hash: 0xdffee637735eb25bda3078c2f4f32b498e1dda05b10f51dd2b246c87add4045f
    Block Time: "Sun, 4 Oct 2026 11:31:49 +0000"

eth_getBlockByNumber
eth_getBlockByNumber
eth_getLogs
eth_blockNumber
eth_getTransactionReceipt
eth_getBlockByNumber
eth_getBlockByNumber
eth_blockNumber
eth_getTransactionReceipt
eth_getBlockByNumber
eth_getBlockByNumber

    Block Number: 380
    Block Hash: 0x46beaa2f55bbf67f5323ac228dc91539e61f822f89c0fa86484ebc1b8ca5b507
    Block Time: "Sun, 4 Oct 2026 11:31:50 +0000"

eth_blockNumber
eth_getTransactionReceipt
eth_getBlockByNumber
eth_getBlockByNumber
eth_getLogs
eth_getBlockByNumber
eth_getBlockByNumber

    Block Number: 381
    Block Hash: 0x10704510feb8d86fa874d64ee34138dd32f794e5533e46672eb42d5f2bbca3a4
    Block Time: "Sun, 4 Oct 2026 11:31:50 +0000"

eth_getBlockByNumber
eth_getBlockByNumber
eth_getLogs
eth_getBlockByNumber
eth_getBlockByNumber
eth_getBlockByNumber
eth_getBlockByNumber

    Block Number: 382
    Block Hash: 0x8d5eb653a48c0bc2f63fb4cefc290ac1205879768e723e39ede6472112703375
    Block Time: "Sun, 4 Oct 2026 11:31:50 +0000"

eth_getBlockByNumber
eth_getBlockByNumber
eth_getLogs
eth_getBlockByNumber
eth_getBlockByNumber

    Block Number: 383
    Block Hash: 0xf7eb06c41204cc41a09b0e441a1dd232fa9e96078a03ee7b300164f1d55ac7be
    Block Time: "Sun, 4 Oct 2026 11:31:50 +0000"

eth_getBlockByNumber
eth_getBlockByNumber
eth_getLogs
eth_feeHistory
eth_simulateV1
eth_sendRawTransaction
eth_getTransactionReceipt

    Transaction: 0x8e3365b1e090b732ac0481050142a4268ad94a0b3b9394449bb4b4459eb0c180
    Gas used: 96797

    Block Number: 384
    Block Hash: 0x188d3bbcb9f4cefe4d3f4149815e6832e7d4ea57cad31b05bdba9ca468bf2b11
    Block Time: "Sun, 4 Oct 2026 11:31:50 +0000"

eth_getBlockByNumber
eth_getBlockByNumber
eth_getLogs
eth_getTransactionReceipt
eth_blockNumber
eth_getTransactionReceipt
eth_getBlockByNumber
eth_getBlockByNumber

    Block Number: 385
    Block Hash: 0x0d73582778727574b773ab086762364763fe3affa189909b35d29336bd55f08a
    Block Time: "Sun, 4 Oct 2026 11:31:51 +0000"

eth_blockNumber
eth_getTransactionReceipt
eth_getBlockByNumber
eth_getBlockByNumber
eth_getLogs
eth_blockNumber
eth_getTransactionReceipt
eth_getBlockByNumber
eth_getBlockByNumber

    Block Number: 386
    Block Hash: 0x69bc3517e69f41c3383e0cc288dd6d7a50c0f2f8a38d75eda2c32d4d7175a8ef
    Block Time: "Sun, 4 Oct 2026 11:31:51 +0000"

eth_blockNumber
eth_getTransactionReceipt
eth_feeHistory
eth_simulateV1
eth_sendRawTransaction
eth_getTransactionReceipt

    Transaction: 0xd3fd719d795e3df7420670b8385728afa09e6e22157e97e5325910251ea927af
    Gas used: 171368

    Block Number: 387
    Block Hash: 0x385194ae85b4598e40891427d3fa4cbff68ac54fbdf635f5e08e16c36342db5c
    Block Time: "Sun, 4 Oct 2026 11:31:51 +0000"

eth_getBlockByNumber
eth_getBlockByNumber
eth_getBlockByNumber
eth_getLogs
eth_getLogs
eth_getTransactionReceipt
eth_blockNumber
eth_getTransactionReceipt
eth_getBlockByNumber
eth_getBlockByNumber
eth_blockNumber
eth_getBlockByNumber
eth_getTransactionReceipt
eth_getBlockByNumber

    Block Number: 388
    Block Hash: 0xbaac71f1c14b179eff01a1352fb69de05d6f3042a89a85db62ccc5ea555c6ed2
    Block Time: "Sun, 4 Oct 2026 11:31:51 +0000"

eth_getBlockByNumber
eth_blockNumber
eth_getTransactionReceipt
eth_getBlockByNumber
eth_getLogs
eth_getBlockByNumber
eth_blockNumber
eth_getTransactionReceipt
eth_getBlockByNumber

    Block Number: 389
    Block Hash: 0xb27fcb5e246fed77ec298e5d25777a68a6abb507cc192c691a42c35ebcc8c2de
    Block Time: "Sun, 4 Oct 2026 11:31:51 +0000"

eth_getBlockByNumber
eth_blockNumber
eth_getTransactionReceipt
eth_getBlockByNumber
eth_getLogs
eth_getBlockByNumber
eth_getBlockByNumber
eth_getBlockByNumber
eth_getBlockByNumber

    Block Number: 390
    Block Hash: 0xfd805d3f26f6c2895c96012bbab9e3c97bb731ef5a1e1cce10097934651107e2
    Block Time: "Sun, 4 Oct 2026 11:31:52 +0000"

eth_getBlockByNumber
eth_getBlockByNumber
eth_getLogs
eth_getBlockByNumber
eth_getBlockByNumber

    Block Number: 391
    Block Hash: 0xf8783056c5c7b0efa3507de5984e65a479bee979f464866aa66e402c8046826f
    Block Time: "Sun, 4 Oct 2026 11:31:52 +0000"

eth_getBlockByNumber
eth_getBlockByNumber
eth_getLogs
eth_getBlockByNumber
eth_getBlockByNumber
eth_getBlockByNumber
eth_getBlockByNumber

    Block Number: 392
    Block Hash: 0x95cfb3607748e4eae421d512d3f70d596ec8cdab24fcd79b1aa05f8ecd6da38d
    Block Time: "Sun, 4 Oct 2026 11:31:52 +0000"

eth_getBlockByNumber
eth_getBlockByNumber
eth_getLogs
eth_getBlockByNumber
eth_getBlockByNumber

    Block Number: 393
    Block Hash: 0xfadfa532d42d93315e8e854ba714a830edf699914a5b7b9ffe049fec8d67ccf6
    Block Time: "Sun, 4 Oct 2026 11:31:52 +0000"

eth_getBlockByNumber
eth_getBlockByNumber
eth_getLogs
eth_getBlockByNumber
eth_getBlockByNumber
eth_getBlockByNumber
eth_getBlockByNumber

    Block Number: 394
    Block Hash: 0xbf18bea5c512334ac2416463527623e4a97db318f3466bc6eaa4eb9899997f77
    Block Time: "Sun, 4 Oct 2026 11:31:53 +0000"

eth_getBlockByNumber
eth_getBlockByNumber
eth_getLogs
eth_getBlockByNumber
eth_getBlockByNumber

    Block Number: 395
    Block Hash: 0xb5425e5c8bc7b2dad977d5cb157fb6f2ae46e43763f5117f44ac96084418f9c6
    Block Time: "Sun, 4 Oct 2026 11:31:53 +0000"

eth_getBlockByNumber
eth_getBlockByNumber
eth_getLogs
eth_getBlockByNumber
eth_getBlockByNumber
eth_getBlockByNumber
eth_getBlockByNumber

    Block Number: 396
    Block Hash: 0x2e2fac14b21504db4ee1ef98bedb733f1ec4f95692838345b31c29f32ae0ff5d
    Block Time: "Sun, 4 Oct 2026 11:31:53 +0000"

eth_call
eth_feeHistory
eth_simulateV1
eth_sendRawTransaction
eth_getTransactionReceipt

    Transaction: 0x052269c701d8f5c6800937f6ad4458521a0b28187ab9d0752cf9277e49505f0c
    Gas used: 141886

    Block Number: 397
    Block Hash: 0x64e2ba3b7dcd73f3b2048264d0774b4b785e1a21d62c828b0389ed897a73d9b8
    Block Time: "Sun, 4 Oct 2026 11:31:53 +0000"

eth_getBlockByNumber
eth_getBlockByNumber
eth_getBlockByNumber
eth_getLogs
eth_getLogs
eth_getTransactionByHash
eth_getTransactionReceipt
eth_blockNumber
eth_getTransactionReceipt
eth_getBlockByNumber
eth_getBlockByNumber
eth_blockNumber
eth_getTransactionReceipt

    Block Number: 398
    Block Hash: 0x446f529e66def276019e7a196883be641a96af403a82beb044048f60f819ed98
    Block Time: "Sun, 4 Oct 2026 11:31:53 +0000"

eth_getBlockByNumber
eth_getTransactionByHash
eth_getBlockByNumber
eth_getLogs
eth_blockNumber
eth_getTransactionReceipt
eth_getBlockByNumber
eth_getBlockByNumber
eth_blockNumber
eth_getTransactionReceipt
eth_getBlockByNumber
eth_getBlockByNumber

    Block Number: 399
    Block Hash: 0x2ccd2b99e3404e39512e231258e890aaa425e2247cc8e4f2508dc000b90b3c4b
    Block Time: "Sun, 4 Oct 2026 11:31:54 +0000"

eth_blockNumber
eth_getTransactionReceipt
eth_getBlockByNumber
eth_getBlockByNumber
eth_getLogs
eth_getBlockByNumber
eth_getBlockByNumber

    Block Number: 400
    Block Hash: 0x490cb84dcad1486d65c99d66e481e08f9f003b04bc194067e04f2d6293e7cc90
    Block Time: "Sun, 4 Oct 2026 11:31:54 +0000"

eth_getBlockByNumber
eth_getBlockByNumber
eth_getLogs
eth_getBlockByNumber
eth_getBlockByNumber
eth_getBlockByNumber
eth_getBlockByNumber

    Block Number: 401
    Block Hash: 0x495245179c805e97d06771f7cb9ff8b261c6065158b24cd5a9c3bc1ee8614da1
    Block Time: "Sun, 4 Oct 2026 11:31:54 +0000"

eth_getBlockByNumber
eth_getBlockByNumber
eth_getLogs
eth_getBlockByNumber
eth_getBlockByNumber

    Block Number: 402
    Block Hash: 0x23f6fca926756b142d20d57edf073b7d37fba4e8e2eef0265702efcc430af105
    Block Time: "Sun, 4 Oct 2026 11:31:54 +0000"

eth_getBlockByNumber
eth_getBlockByNumber
eth_getLogs
eth_feeHistory
eth_simulateV1
eth_sendRawTransaction
eth_getTransactionReceipt

    Transaction: 0xf7e09890b2d815c0644cb975410aaca2dc0fa85d37f536017bc767a057b9ae8a
    Gas used: 96809

    Block Number: 403
    Block Hash: 0xf22cacdae4c92e1c5ac2a139e00e942136e9fc64fd0f45c864ee8dd8c6a00175
    Block Time: "Sun, 4 Oct 2026 11:31:54 +0000"

eth_getBlockByNumber
eth_getBlockByNumber
eth_getLogs
eth_getTransactionReceipt
eth_blockNumber
eth_getTransactionReceipt
eth_getBlockByNumber
eth_getBlockByNumber

    Block Number: 404
    Block Hash: 0x7ce2bdc0a15410d196449e54e5ddac0cd351fd7955278be8d041180e6d8abc38
    Block Time: "Sun, 4 Oct 2026 11:31:55 +0000"

eth_blockNumber
eth_getTransactionReceipt
eth_getBlockByNumber
eth_getBlockByNumber
eth_getLogs
eth_blockNumber
eth_getTransactionReceipt
eth_getBlockByNumber
eth_getBlockByNumber

    Block Number: 405
    Block Hash: 0x191b40630ee486a4a54d8b8347ab1d673c2f156ec3535afe79d5bf81371ad9b6
    Block Time: "Sun, 4 Oct 2026 11:31:55 +0000"

eth_blockNumber
eth_getTransactionReceipt
eth_feeHistory
eth_getBlockByNumber
eth_simulateV1
eth_sendRawTransaction
eth_getTransactionReceipt

    Transaction: 0x07d329a313619b72202d34c27cf06c53e36b7e2938ba69cf2fb7231b57a61b7c
    Gas used: 171368

    Block Number: 406
    Block Hash: 0x4464d373104661dcf91cc5abbe9e9179048e72cfc259b94997dfe0bc1de2c40b
    Block Time: "Sun, 4 Oct 2026 11:31:55 +0000"

eth_getBlockByNumber
eth_getBlockByNumber
eth_getLogs
eth_getLogs
eth_getBlockByNumber
eth_getTransactionReceipt
eth_blockNumber
eth_getTransactionReceipt
eth_getBlockByNumber
eth_getBlockByNumber
eth_blockNumber
eth_getTransactionReceipt
eth_getBlockByNumber

    Block Number: 407
    Block Hash: 0x05852bfc48961491d3757ce90be00aadd417c5335885531db90507e4e26f9dfb
    Block Time: "Sun, 4 Oct 2026 11:31:55 +0000"

eth_getBlockByNumber
eth_blockNumber
eth_getTransactionReceipt
eth_getBlockByNumber
eth_getLogs
eth_getBlockByNumber
eth_blockNumber
eth_getTransactionReceipt
eth_getBlockByNumber

    Block Number: 408
    Block Hash: 0xbcd58edf88061b362cacb039e9b546ea9af6fd0d579c2e232df62439385d2eb0
    Block Time: "Sun, 4 Oct 2026 11:31:55 +0000"

eth_getBlockByNumber
eth_blockNumber
eth_getTransactionReceipt
eth_getBlockByNumber
eth_getLogs
eth_getBlockByNumber
eth_getBlockByNumber
eth_getBlockByNumber
eth_getBlockByNumber

    Block Number: 409
    Block Hash: 0x9e695b27db4d736cc97202b04ceeae52299ad4ba45eb8a6f9db5ca4ae78ad33a
    Block Time: "Sun, 4 Oct 2026 11:31:56 +0000"

eth_getBlockByNumber
eth_getBlockByNumber
eth_getLogs
eth_getBlockByNumber
eth_getBlockByNumber

    Block Number: 410
    Block Hash: 0x4bb0a10a55bc183e3022bfa10e4045ada88852c960c01e612e3136c9d7318ad4
    Block Time: "Sun, 4 Oct 2026 11:31:56 +0000"

eth_getBlockByNumber
eth_getBlockByNumber
eth_getLogs
eth_getBlockByNumber
eth_getBlockByNumber
eth_getBlockByNumber
eth_getBlockByNumber

    Block Number: 411
    Block Hash: 0xa3c1f03fcd5e40f2484f2ed7a1e8505f0b1e87eef84aa7945151242c1590b5bc
    Block Time: "Sun, 4 Oct 2026 11:31:56 +0000"

eth_getBlockByNumber
eth_getBlockByNumber
eth_getLogs
eth_getBlockByNumber
eth_getBlockByNumber

    Block Number: 412
    Block Hash: 0x658c677c92957b1e3f70b7c837b03aa0c3f7cc91ee12071d9e6418b3cffb1577
    Block Time: "Sun, 4 Oct 2026 11:31:56 +0000"

eth_getBlockByNumber
eth_getBalance
eth_getTransactionCount
eth_getBalance
eth_feeHistory
eth_getTransactionCount
eth_feeHistory
eth_feeHistory
eth_feeHistory
eth_feeHistory
eth_feeHistory
eth_feeHistory
eth_feeHistory
eth_feeHistory
eth_feeHistory
eth_feeHistory
eth_feeHistory
eth_feeHistory
eth_feeHistory
eth_feeHistory
eth_feeHistory
eth_feeHistory
eth_feeHistory
eth_getBlockByNumber
eth_getLogs
eth_getBalance
eth_getTransactionCount
eth_feeHistory
eth_feeHistory
eth_feeHistory
eth_feeHistory
eth_feeHistory
eth_feeHistory
eth_feeHistory
eth_feeHistory
eth_feeHistory
eth_getBlockByNumber
eth_getBlockByNumber
eth_getBlockByNumber
eth_getBlockByNumber

    Block Number: 413
    Block Hash: 0x36a734af5f4790a3244cca401098cdf0686beacc3987d4c420e94446287df157
    Block Time: "Sun, 4 Oct 2026 11:31:57 +0000"

eth_getBlockByNumber
eth_getBlockByNumber
eth_getLogs
eth_getBlockByNumber
eth_getBlockByNumber

    Block Number: 414
    Block Hash: 0x07bf4aa239c5832081eb3218126c53e1c4890c46f96e3888669021841f066a44
    Block Time: "Sun, 4 Oct 2026 11:31:57 +0000"

eth_getBlockByNumber
eth_getBlockByNumber
eth_getLogs
eth_getBlockByNumber
eth_getBlockByNumber
eth_getBlockByNumber
eth_getBlockByNumber

    Block Number: 415
    Block Hash: 0x4fce79d26ec232e1372aae77ae170e4e0b0afb3030c51aef5344b54e6de44177
    Block Time: "Sun, 4 Oct 2026 11:31:57 +0000"

eth_call
eth_feeHistory
eth_simulateV1
eth_sendRawTransaction
eth_getTransactionReceipt

    Transaction: 0xdf9bc1760daafab3151d6109f10e08b317d535ef03767a526ea76874d47ff4ce
    Gas used: 141886

    Block Number: 416
    Block Hash: 0xbd658de427254efbf8ad8f8af5dcabd1e69338c10db4a034859be00308ef3309
    Block Time: "Sun, 4 Oct 2026 11:31:57 +0000"

eth_getBlockByNumber
eth_getBlockByNumber
eth_getBlockByNumber
eth_getLogs
eth_getLogs
eth_getTransactionByHash
eth_getTransactionReceipt
eth_blockNumber
eth_getTransactionReceipt
eth_getBlockByNumber
eth_getBlockByNumber

    Block Number: 417
    Block Hash: 0x011642ff638838257848b81acfe14b3ba5a7262d863fb9f039c620176471aee0
    Block Time: "Sun, 4 Oct 2026 11:31:57 +0000"

eth_blockNumber
eth_getTransactionReceipt
eth_getBlockByNumber
eth_getTransactionByHash
eth_getBlockByNumber
eth_getLogs
eth_blockNumber
eth_getTransactionReceipt
eth_getBlockByNumber
eth_getBlockByNumber
eth_blockNumber
eth_getTransactionReceipt
eth_getBlockByNumber
eth_getBlockByNumber

    Block Number: 418
    Block Hash: 0x3c089c117cde1e7b1c813b81def7dd4017a358d248aa838ae966c56457b3c893
    Block Time: "Sun, 4 Oct 2026 11:31:58 +0000"

eth_blockNumber
eth_getTransactionReceipt
eth_getBlockByNumber
eth_getBlockByNumber
eth_getLogs
eth_getBlockByNumber
eth_getBlockByNumber

    Block Number: 419
    Block Hash: 0x0b24175285140aa6114ce7e574b550be382aa171de6a765af1c34818d4ced8f4
    Block Time: "Sun, 4 Oct 2026 11:31:58 +0000"

eth_getBlockByNumber
eth_getBlockByNumber
eth_getLogs
eth_getBlockByNumber
eth_getBlockByNumber
eth_getBlockByNumber
eth_getBlockByNumber

    Block Number: 420
    Block Hash: 0xc56f7c23c8d11641af96e5c14b29ff8af73fa3f5bd75023f516a9509f147482b
    Block Time: "Sun, 4 Oct 2026 11:31:58 +0000"

eth_getBlockByNumber
eth_getBlockByNumber
eth_getLogs
eth_getBlockByNumber
eth_getBlockByNumber

    Block Number: 421
    Block Hash: 0x18bd6d39aef0d76491f43bb37a93cb39d7d5a059577565eca907d3c2893404c0
    Block Time: "Sun, 4 Oct 2026 11:31:58 +0000"

eth_getBlockByNumber
eth_getBlockByNumber
eth_getLogs
eth_feeHistory
eth_simulateV1
eth_sendRawTransaction
eth_getTransactionReceipt

    Transaction: 0x7c0849648dbee4656eb799555c104480d30b2cc528450fb87d11b69a687bd7b9
    Gas used: 96809

    Block Number: 422
    Block Hash: 0xb50700f4af41c736ce12d6ead8fa015d95cb7a5e27cc6f892818e99c25d5e559
    Block Time: "Sun, 4 Oct 2026 11:31:58 +0000"

eth_getBlockByNumber
eth_getBlockByNumber
eth_getLogs
eth_getTransactionReceipt
eth_blockNumber
eth_getTransactionReceipt
eth_getBlockByNumber
eth_getBlockByNumber

    Block Number: 423
    Block Hash: 0x3e591151287099cd32d953af6d3dfc41deaa1268c9b68b100895d3a8846a1229
    Block Time: "Sun, 4 Oct 2026 11:31:59 +0000"

eth_blockNumber
eth_getTransactionReceipt
eth_getBlockByNumber
eth_getBlockByNumber
eth_getLogs
eth_blockNumber
eth_getBlockByNumber
eth_getTransactionReceipt
eth_getBlockByNumber

    Block Number: 424
    Block Hash: 0x8dafbf04469b4f52d67abb8deba067de1de379f931c5847d475076b72378b20e
    Block Time: "Sun, 4 Oct 2026 11:31:59 +0000"

eth_getBlockByNumber
eth_blockNumber
eth_getTransactionReceipt
eth_feeHistory
eth_simulateV1
eth_sendRawTransaction
eth_getTransactionReceipt

    Transaction: 0x2f25f6eb229c17e2b89cd7f847601d5b86d0be2113bf93bd9429bb29a3581ab6
    Gas used: 171368

    Block Number: 425
    Block Hash: 0x8d2e7e368c45533cef9ac9e8f876d8b69e2b3869514e13b5d80a93b2a06a387f
    Block Time: "Sun, 4 Oct 2026 11:31:59 +0000"

eth_getBlockByNumber
eth_getBlockByNumber
eth_getLogs
eth_getLogs
eth_getBlockByNumber
eth_getTransactionReceipt
eth_blockNumber
eth_getTransactionReceipt
eth_getBlockByNumber
eth_getBlockByNumber
eth_blockNumber
eth_getTransactionReceipt
eth_getBlockByNumber

    Block Number: 426
    Block Hash: 0x06b277c307c4ddaae84a0af573a27e834de0b4f2268bbe1d75d1048c4be6e8ea
    Block Time: "Sun, 4 Oct 2026 11:31:59 +0000"

eth_getBlockByNumber
eth_blockNumber
eth_getTransactionReceipt
eth_getBlockByNumber
eth_getLogs
eth_getBlockByNumber
eth_blockNumber
eth_getTransactionReceipt
eth_getBlockByNumber

    Block Number: 427
    Block Hash: 0x5536f6d6e5362820e5f4197eab350e9592d2778d7214a9e0963bf36e4a66affc
    Block Time: "Sun, 4 Oct 2026 11:31:59 +0000"

eth_getBlockByNumber
eth_blockNumber
eth_getTransactionReceipt
eth_getBlockByNumber
eth_getLogs
eth_getBlockByNumber
eth_getBlockByNumber
eth_getBlockByNumber
eth_getBlockByNumber

    Block Number: 428
    Block Hash: 0x906f672f69746a7b74f2e2ee1b72da4afe081063ab2f9a87dae4b207a241ba88
    Block Time: "Sun, 4 Oct 2026 11:32:00 +0000"

eth_getBlockByNumber
eth_getBlockByNumber
eth_getLogs
eth_getBlockByNumber
eth_getBlockByNumber

    Block Number: 429
    Block Hash: 0xdbee6ceab4d7d250b865ad11e455730ed5d22c60a8af1ad5642a7d86beafc850
    Block Time: "Sun, 4 Oct 2026 11:32:00 +0000"

eth_getBlockByNumber
eth_getBlockByNumber
eth_getLogs
eth_getBlockByNumber
eth_getBlockByNumber
eth_getBlockByNumber
eth_getBlockByNumber

    Block Number: 430
    Block Hash: 0x36aef6f1817114e31df58ec7b8ec37d938d169426c73f0c15f892c9e71e1bde9
    Block Time: "Sun, 4 Oct 2026 11:32:00 +0000"

eth_getBlockByNumber
eth_getBlockByNumber
eth_getLogs
eth_getBlockByNumber
eth_getBlockByNumber

    Block Number: 431
    Block Hash: 0x7b4abdd31679fc6d521bf3df6b5a05cef70cc6edef23fd4393544644bccb9e78
    Block Time: "Sun, 4 Oct 2026 11:32:00 +0000"

eth_getBlockByNumber
eth_getBlockByNumber
eth_getLogs
eth_getBlockByNumber
eth_getBlockByNumber
eth_getBlockByNumber
eth_getBlockByNumber

    Block Number: 432
    Block Hash: 0xc2f0128a30def3ceb39a4a8f86bf299468cce9dcc2dd94c4f5cd8ff904a009a1
    Block Time: "Sun, 4 Oct 2026 11:32:01 +0000"

eth_getBlockByNumber
eth_getBlockByNumber
eth_getLogs
eth_getBlockByNumber
eth_getBlockByNumber

    Block Number: 433
    Block Hash: 0x43f98471dfc787ceed0d921bfd2791ff19c98527cdeb36f48828c629205ff872
    Block Time: "Sun, 4 Oct 2026 11:32:01 +0000"

eth_getBlockByNumber
eth_getBlockByNumber
eth_getLogs
eth_getBlockByNumber
eth_getBlockByNumber
eth_getBlockByNumber
eth_getBlockByNumber

    Block Number: 434
    Block Hash: 0xb85250caa531ee54b90901697ca48c372a19c5685faf60b6d4c7a4ad1d1adc96
    Block Time: "Sun, 4 Oct 2026 11:32:01 +0000"

eth_getBlockByNumber
eth_getBlockByNumber
eth_getLogs
eth_getBlockByNumber
eth_getBlockByNumber

    Block Number: 435
    Block Hash: 0x796d4d4bd460b83079a626f1c19ea6d319ebe8b6a07746f6fad77ff77d51ac0e
    Block Time: "Sun, 4 Oct 2026 11:32:01 +0000"

eth_getBlockByNumber
eth_getBlockByNumber
eth_blockNumber
eth_getLogs
eth_feeHistory
eth_call
eth_feeHistory
eth_simulateV1
eth_sendRawTransaction
eth_getTransactionReceipt

    Transaction: 0x9c77a63031ec5e35fdaab5e6886396f05fd14f5a4e823c5b5705041a7d097793
    Gas used: 158986

    Block Number: 436
    Block Hash: 0x2021d6e0bebeb8a7a006513444c1cce776d1e675609d3ba3721a9dc77d976918
    Block Time: "Sun, 4 Oct 2026 11:32:01 +0000"

eth_getBlockByNumber
eth_getTransactionByHash
eth_getBlockByNumber
eth_getLogs
eth_getTransactionByHash
eth_getTransactionReceipt
eth_blockNumber
eth_getTransactionReceipt
eth_getBlockByNumber
eth_getBlockByNumber

    Block Number: 437
    Block Hash: 0x77ddaad21b404a011bb5c30430d7c8b450a9fda66ae1d2093a4aac37e0f036e6
    Block Time: "Sun, 4 Oct 2026 11:32:02 +0000"

eth_blockNumber
eth_getTransactionReceipt
eth_getBlockByNumber
eth_getBlockByNumber
eth_getLogs
eth_blockNumber
eth_getTransactionReceipt
eth_getBlockByNumber
eth_getBlockByNumber
eth_blockNumber
eth_getTransactionReceipt

    Block Number: 438
    Block Hash: 0xd7dc7de48bb84781cad1325041e163fa6dd21d1200b052abecb3075157c9eae2
    Block Time: "Sun, 4 Oct 2026 11:32:02 +0000"

eth_getBlockByNumber
eth_getBlockByNumber
eth_getLogs
eth_blockNumber
eth_getTransactionReceipt
eth_getBlockByNumber
eth_getBlockByNumber
eth_getBlockByNumber
eth_getBlockByNumber

    Block Number: 439
    Block Hash: 0xa28dc608cbe6760ee77df489679c5599279c09614249ff8f4660fd1e2d149a67
    Block Time: "Sun, 4 Oct 2026 11:32:02 +0000"

eth_getBlockByNumber
eth_getBlockByNumber
eth_getLogs
eth_getBlockByNumber
eth_getBlockByNumber

    Block Number: 440
    Block Hash: 0xfd8915ef0c79eae02775d63d2d6d98452e0e8fd0489fe3a709f0730dc1bf1cfd
    Block Time: "Sun, 4 Oct 2026 11:32:02 +0000"

eth_getBlockByNumber
eth_getBlockByNumber
eth_getLogs
eth_feeHistory
eth_simulateV1
eth_getBlockByNumber
eth_sendRawTransaction

    Transaction: 0xd0fbb8b2ee0486ba0048c62882f9033677d073cf4e051af60566cd9a0c8a3eae
    Gas used: 96797

    Block Number: 441
    Block Hash: 0xf73409ebf2b5d61845d6736ff99a9d588fd6aeab172b689195f0ced4e50b575b
    Block Time: "Sun, 4 Oct 2026 11:32:02 +0000"

eth_getTransactionReceipt
eth_blockNumber
eth_getTransactionReceipt
eth_getBlockByNumber
eth_getLogs
eth_getBlockByNumber
eth_blockNumber
eth_getTransactionReceipt
eth_getBlockByNumber

    Block Number: 442
    Block Hash: 0x8d6b3dfe4b6f07d619b153d482a55a38f91f0510bb2464ec51f9dd5831dbd802
    Block Time: "Sun, 4 Oct 2026 11:32:03 +0000"

eth_getBlockByNumber
eth_blockNumber
eth_getTransactionReceipt
eth_getBlockByNumber
eth_getLogs
eth_getBlockByNumber
eth_blockNumber
eth_getTransactionReceipt
eth_getBlockByNumber

    Block Number: 443
    Block Hash: 0x760cdff77539c42db4874f1b5cc5b92bab920605281d0e8b6754b017fd84a598
    Block Time: "Sun, 4 Oct 2026 11:32:03 +0000"

eth_getBlockByNumber
eth_blockNumber
eth_getTransactionReceipt
eth_feeHistory
eth_simulateV1
eth_sendRawTransaction
eth_getTransactionReceipt

    Transaction: 0xfb34724b721378cabe23c725569cd2026b21153498dbabf14e8ffc06a7cc5afe
    Gas used: 171368

    Block Number: 444
    Block Hash: 0xde7cdf4c8652a85a41bc5d66981ee67804bbf3eb0993efd914f5c3f33fefe380
    Block Time: "Sun, 4 Oct 2026 11:32:03 +0000"

eth_getBlockByNumber
eth_getBlockByNumber
eth_getLogs
eth_getLogs
eth_getBlockByNumber
eth_getTransactionReceipt
eth_blockNumber
eth_getTransactionReceipt
eth_getBlockByNumber
eth_getBlockByNumber
eth_blockNumber
eth_getTransactionReceipt
eth_getBlockByNumber

    Block Number: 445
    Block Hash: 0xf3889ee15fb37d505c57a4781bd7de046f0df77edcd0920d36c5303d8ab8c9a4
    Block Time: "Sun, 4 Oct 2026 11:32:03 +0000"

eth_getBlockByNumber
eth_blockNumber
eth_getTransactionReceipt
eth_getBlockByNumber
eth_getLogs
eth_getBlockByNumber
eth_blockNumber
eth_getTransactionReceipt
eth_getBlockByNumber

    Block Number: 446
    Block Hash: 0x76b821a1a649839a3a324571a7e1a9ed6c5af4a3edf4ca3f65429137f2a8e23c
    Block Time: "Sun, 4 Oct 2026 11:32:03 +0000"

eth_getBlockByNumber
eth_blockNumber
eth_getTransactionReceipt
eth_getBlockByNumber
eth_getLogs
eth_getBlockByNumber
eth_getBlockByNumber
eth_getBlockByNumber
eth_getBlockByNumber

    Block Number: 447
    Block Hash: 0x413e1a044fa437de306b2e5bc661b0035112590350334e5d14b7b0e0c10628ea
    Block Time: "Sun, 4 Oct 2026 11:32:04 +0000"

eth_getBlockByNumber
eth_getBlockByNumber
eth_getLogs
eth_getBlockByNumber
eth_getBlockByNumber

    Block Number: 448
    Block Hash: 0xf3096552e74e2b5a2d62dd7195c57804c3147501221fbe3af3812c713b4d53fa
    Block Time: "Sun, 4 Oct 2026 11:32:04 +0000"

eth_getBlockByNumber
eth_getBlockByNumber
eth_getLogs
eth_getBlockByNumber
eth_getBlockByNumber
eth_getBlockByNumber
eth_getBlockByNumber

    Block Number: 449
    Block Hash: 0x630ef0448dd216e4532b7a8926071d40274388782c990b494ba29c2d5aef8423
    Block Time: "Sun, 4 Oct 2026 11:32:04 +0000"

eth_getBlockByNumber
eth_getBlockByNumber
eth_getLogs
eth_getBlockByNumber
eth_getBlockByNumber

    Block Number: 450
    Block Hash: 0x6b4ebbb4eceee30dafd8be0a1f5c8e88a0a9076e2df572fb1f4a39a72e1311d8
    Block Time: "Sun, 4 Oct 2026 11:32:04 +0000"

eth_getBlockByNumber
eth_getBlockByNumber
eth_getLogs
eth_getBlockByNumber
eth_getBlockByNumber
eth_getBlockByNumber
eth_getBlockByNumber

    Block Number: 451
    Block Hash: 0x1ca43a3efb578bbe8344a631d68b74d1857a73b1c2e748ef577a92455254e193
    Block Time: "Sun, 4 Oct 2026 11:32:05 +0000"

eth_getBlockByNumber
eth_getBlockByNumber
eth_getLogs
eth_getBlockByNumber
eth_getBlockByNumber

    Block Number: 452
    Block Hash: 0x472a16da220deee666d8d8b85098b7afe3b9452dfb92e8695736bb9b5e520eca
    Block Time: "Sun, 4 Oct 2026 11:32:05 +0000"

eth_getBlockByNumber
eth_getBlockByNumber
eth_getLogs
eth_getBlockByNumber
eth_getBlockByNumber
eth_getBlockByNumber
eth_getBlockByNumber

    Block Number: 453
    Block Hash: 0x660820c0591ba7d6888f015bd91e212ef88e3c1b9c9e1e5fd6af9bc9cd64a920
    Block Time: "Sun, 4 Oct 2026 11:32:05 +0000"

eth_getBlockByNumber
eth_call
eth_feeHistory
eth_simulateV1
eth_sendRawTransaction
eth_getBlockByNumber
eth_getLogs
eth_getTransactionReceipt

    Transaction: 0xe6a32176e7bdef1ee3ed8338a9b83e8339df8cfc66a4ca8035830591ffb8ef6b
    Gas used: 141886

    Block Number: 454
    Block Hash: 0xf90db1ec185a811bf9f08297e4e441edbe001e36d82e162faff414dafd71ea07
    Block Time: "Sun, 4 Oct 2026 11:32:05 +0000"

eth_getBlockByNumber
eth_getBlockByNumber
eth_getLogs
eth_getTransactionByHash
eth_getTransactionReceipt
eth_blockNumber
eth_getTransactionReceipt

    Block Number: 455
    Block Hash: 0x8f950ca6fed8b3236f04ed2d5c4b31caaed44682b425a40bc873705792f2485d
    Block Time: "Sun, 4 Oct 2026 11:32:05 +0000"

eth_getBlockByNumber
eth_getBlockByNumber
eth_getLogs
eth_blockNumber
eth_getTransactionReceipt
eth_getBlockByNumber
eth_getBlockByNumber
eth_blockNumber
eth_getTransactionReceipt
eth_getBlockByNumber
eth_getBlockByNumber

    Block Number: 456
    Block Hash: 0x4337b4fcfda88b0640fd047580104e32024d4aa280dbd9169165d87e6b280b8a
    Block Time: "Sun, 4 Oct 2026 11:32:06 +0000"

eth_blockNumber
eth_getTransactionReceipt
eth_getBlockByNumber
eth_getTransactionByHash
eth_getBlockByNumber
eth_getLogs
eth_getBlockByNumber
eth_getBlockByNumber

    Block Number: 457
    Block Hash: 0xe5acd790229f771ecceb121f48f37e1c1ea62b9466751dca6cc80619b9e8e952
    Block Time: "Sun, 4 Oct 2026 11:32:06 +0000"

eth_getBlockByNumber
eth_getBlockByNumber
eth_getLogs
eth_getBlockByNumber
eth_getBlockByNumber
eth_getBlockByNumber
eth_getBlockByNumber

    Block Number: 458
    Block Hash: 0xfdcf8f725bc55479b97eb19775cea84bcb06d668e9f5febe2e73f263e18a9904
    Block Time: "Sun, 4 Oct 2026 11:32:06 +0000"

eth_getBlockByNumber
eth_getBlockByNumber
eth_getLogs
eth_getBlockByNumber
eth_getBlockByNumber

    Block Number: 459
    Block Hash: 0x5937cea0fc47c3a9bfa20e99a3888746054d8b838138df648bb11cac54d10fa4
    Block Time: "Sun, 4 Oct 2026 11:32:06 +0000"

eth_getBlockByNumber
eth_getBlockByNumber
eth_getLogs
eth_getBlockByNumber
eth_feeHistory
eth_simulateV1
eth_sendRawTransaction
eth_getTransactionReceipt

    Transaction: 0xb300a30bc36108dc9c74a6e9643283949c5fc39a44414390cf921d9046dc67f2
    Gas used: 96809

    Block Number: 460
    Block Hash: 0x375f511fef8e44b10d2292e613d916515208578c1c452d2e769f58f221b38df9
    Block Time: "Sun, 4 Oct 2026 11:32:06 +0000"

eth_getBlockByNumber
eth_getLogs
eth_getBlockByNumber
eth_getTransactionReceipt
eth_blockNumber
eth_getTransactionReceipt
eth_getBlockByNumber

    Block Number: 461
    Block Hash: 0xdaa93eb80b2b6e0479d8fb81a1bf6c511e58eb5c5704b1f813e62305c6394c89
    Block Time: "Sun, 4 Oct 2026 11:32:07 +0000"

eth_getBlockByNumber
eth_blockNumber
eth_getTransactionReceipt
eth_getBlockByNumber
eth_getLogs
eth_getBlockByNumber
eth_blockNumber
eth_getTransactionReceipt
eth_getBlockByNumber

    Block Number: 462
    Block Hash: 0x92d93410778c8ac96f5b4bcfddff060460058f2ec951cdc23927b904bbf2a7b0
    Block Time: "Sun, 4 Oct 2026 11:32:07 +0000"

eth_getBlockByNumber
eth_blockNumber
eth_getTransactionReceipt
eth_feeHistory
eth_simulateV1
eth_sendRawTransaction
eth_getTransactionReceipt

    Transaction: 0x939b133caddfec4582e275fec7bab0cffc800c43002c3eb5ead5b63402d71681
    Gas used: 171368

    Block Number: 463
    Block Hash: 0x9e86b1f625e5e08d9c4ed9ff15b23cebef5776e039e6ee167ed1f3b8c0ae02b3
    Block Time: "Sun, 4 Oct 2026 11:32:07 +0000"

eth_getBlockByNumber
eth_getBlockByNumber
eth_getLogs
eth_getLogs
eth_getBlockByNumber
eth_getTransactionReceipt
eth_blockNumber
eth_getTransactionReceipt
eth_getBlockByNumber
eth_getBlockByNumber
eth_blockNumber
eth_getTransactionReceipt
eth_getBlockByNumber

    Block Number: 464
    Block Hash: 0xcdbf47180e0827349db75c879676f187bda351751cdc5944736a55cc9386b142
    Block Time: "Sun, 4 Oct 2026 11:32:07 +0000"

eth_getBlockByNumber
eth_blockNumber
eth_getTransactionReceipt
eth_getBlockByNumber
eth_getLogs
eth_getBlockByNumber
eth_blockNumber
eth_getTransactionReceipt
eth_getBlockByNumber

    Block Number: 465
    Block Hash: 0xd971192130a37bba419dfad6e0521802e581c4497fb1bcf39bfc8183f3ea1655
    Block Time: "Sun, 4 Oct 2026 11:32:07 +0000"

eth_getBlockByNumber
eth_blockNumber
eth_getBlockByNumber
eth_getTransactionReceipt
eth_getLogs
eth_getBlockByNumber
eth_getBlockByNumber
eth_getBlockByNumber
eth_getBlockByNumber

    Block Number: 466
    Block Hash: 0x84ffd68ec50db915579534700b144cb0f151edce175c294148200d6dba2fefb3
    Block Time: "Sun, 4 Oct 2026 11:32:08 +0000"

eth_getBlockByNumber
eth_getBlockByNumber
eth_getLogs
eth_getBlockByNumber
eth_getBlockByNumber

    Block Number: 467
    Block Hash: 0xe11f552e0ae0fe195611bcebf22bad87291ab571892eea921c1daf1788f5dbee
    Block Time: "Sun, 4 Oct 2026 11:32:08 +0000"

eth_getBlockByNumber
eth_getBlockByNumber
eth_getLogs
eth_getBlockByNumber
eth_getBlockByNumber
eth_getBlockByNumber
eth_getBlockByNumber

    Block Number: 468
    Block Hash: 0x56a119e4abecbf1035918267e47872c0c07984a8bc4a1ff57e936a376a6b28ed
    Block Time: "Sun, 4 Oct 2026 11:32:08 +0000"

eth_getBlockByNumber
eth_getBlockByNumber
eth_getLogs
eth_getBlockByNumber
eth_getBlockByNumber

    Block Number: 469
    Block Hash: 0x0ec3b7b40ed19e1b1afb06719d9621c4bffb6b979fa1f157918b4dae521ec78c
    Block Time: "Sun, 4 Oct 2026 11:32:08 +0000"

eth_getBlockByNumber
eth_getBlockByNumber
eth_getLogs
eth_getBlockByNumber
eth_getBlockByNumber
eth_getBlockByNumber
eth_getBlockByNumber

    Block Number: 470
    Block Hash: 0x3f579ae969446c896d64ab5c2e7dd44d9f0e6e0259562efc46b23b5a4b640cde
    Block Time: "Sun, 4 Oct 2026 11:32:09 +0000"

eth_getBlockByNumber
eth_getBlockByNumber
eth_getLogs
eth_getBlockByNumber
eth_getBlockByNumber

    Block Number: 471
    Block Hash: 0x6c06c6f9e5f81657f1270d32f7d482b9dfee170862b7551406cf0044ec9d7652
    Block Time: "Sun, 4 Oct 2026 11:32:09 +0000"

eth_getBlockByNumber
eth_getBlockByNumber
eth_getLogs
eth_getBlockByNumber
eth_getBlockByNumber
eth_getBlockByNumber
eth_getBlockByNumber

    Block Number: 472
    Block Hash: 0x6115d6175f6ebf5f5b15abdf777648c2dd91a2d16719a62283576c42cab692ea
    Block Time: "Sun, 4 Oct 2026 11:32:09 +0000"

eth_getBlockByNumber
eth_getBlockByNumber
eth_getLogs
eth_call
eth_feeHistory
eth_simulateV1
eth_sendRawTransaction
eth_getTransactionReceipt

    Transaction: 0xf4dc51e8d03909027048827416cff878108f6398c14795f3b852875d9793758e
    Gas used: 141874

    Block Number: 473
    Block Hash: 0x124fecbff8f4496c1a30e10b976d242786f2cc8e8265c20183db3944148b00e5
    Block Time: "Sun, 4 Oct 2026 11:32:09 +0000"

eth_getBlockByNumber
eth_getBlockByNumber
eth_getLogs
eth_getTransactionByHash
eth_getTransactionReceipt
eth_blockNumber
eth_getTransactionReceipt

    Block Number: 474
    Block Hash: 0x7aeaa48246299a6a2d340386c040ffbd37eb62f0fa2ba6064535fe055d84e47a
    Block Time: "Sun, 4 Oct 2026 11:32:09 +0000"

eth_getBlockByNumber
eth_getTransactionByHash
eth_getBlockByNumber
eth_getLogs
eth_blockNumber
eth_getTransactionReceipt
eth_getBlockByNumber
eth_getBlockByNumber
eth_blockNumber
eth_getTransactionReceipt
eth_getBlockByNumber
eth_getBlockByNumber

    Block Number: 475
    Block Hash: 0x5f0c32baa13ebbacd5f76349a83b96336d94bad91c15ecf74589b21ddff246a8
    Block Time: "Sun, 4 Oct 2026 11:32:10 +0000"

eth_blockNumber
eth_getTransactionReceipt
eth_getBlockByNumber
eth_getBlockByNumber
eth_getLogs
eth_getBlockByNumber
eth_getBlockByNumber

    Block Number: 476
    Block Hash: 0xcd13b0f4883a7efcf2173d7960ac3b9d7c8de639297cd0189101c9f92a338faa
    Block Time: "Sun, 4 Oct 2026 11:32:10 +0000"

eth_getBlockByNumber
eth_getBlockByNumber
eth_getLogs
eth_getBlockByNumber
eth_getBlockByNumber
eth_getBlockByNumber
eth_getBlockByNumber

    Block Number: 477
    Block Hash: 0xef5554b815b3602196663b79b36123488b04dea20d012d3a692beaea09e2cc5d
    Block Time: "Sun, 4 Oct 2026 11:32:10 +0000"

eth_getBlockByNumber
eth_getBlockByNumber
eth_getLogs
eth_getBlockByNumber
eth_getBlockByNumber

    Block Number: 478
    Block Hash: 0x5724e6296582bf705da473a6e42af4ad1ee2c4032659fca9a6c248f61611fe09
    Block Time: "Sun, 4 Oct 2026 11:32:10 +0000"

eth_getBlockByNumber
eth_getBlockByNumber
eth_getLogs
eth_getBlockByNumber
eth_feeHistory
eth_simulateV1
eth_sendRawTransaction

    Transaction: 0x2e2e6e636d43f5a054ec58af0702c3b260b01b650bc5dff1418ca58aa6ec81e4
    Gas used: 96809

    Block Number: 479
    Block Hash: 0xcd5a730d68d8f3a261e5433fc9886e058fe66c9e4194f52d7f2861e9e70f29d3
    Block Time: "Sun, 4 Oct 2026 11:32:10 +0000"

eth_getTransactionReceipt
eth_blockNumber
eth_getTransactionReceipt
eth_getBlockByNumber
eth_getLogs
eth_getBlockByNumber
eth_blockNumber
eth_getTransactionReceipt
eth_getBlockByNumber

    Block Number: 480
    Block Hash: 0x7c70cc601175d3dbfadaa73b1d82a9c6a4d9a7b62d0b4779a28480915bcaefdc
    Block Time: "Sun, 4 Oct 2026 11:32:11 +0000"

eth_getBlockByNumber
eth_blockNumber
eth_getTransactionReceipt
eth_getBlockByNumber
eth_getLogs
eth_getBlockByNumber
eth_blockNumber
eth_getTransactionReceipt
eth_getBlockByNumber

    Block Number: 481
    Block Hash: 0x7ea1e01d1cb12b58a8c20f309d073bc057f1419a934b988be373797dbdb31a45
    Block Time: "Sun, 4 Oct 2026 11:32:11 +0000"

eth_getBlockByNumber
eth_blockNumber
eth_getTransactionReceipt
eth_feeHistory
eth_simulateV1
eth_sendRawTransaction
eth_getTransactionReceipt

    Transaction: 0x69beda47f95c6796371e82c38a775ecafb987018e34c1e19817935db98235cb2
    Gas used: 171368

    Block Number: 482
    Block Hash: 0x83aff040bea69aae1514fd47f97d589c500ef137d57df2effbadb3eb6556a9f1
    Block Time: "Sun, 4 Oct 2026 11:32:11 +0000"

eth_getBlockByNumber
eth_getBlockByNumber
eth_getLogs
eth_getLogs
eth_getBlockByNumber
eth_getTransactionReceipt
eth_blockNumber
eth_getTransactionReceipt
eth_getBlockByNumber
eth_getBlockByNumber
eth_blockNumber
eth_getTransactionReceipt
eth_getBlockByNumber

    Block Number: 483
    Block Hash: 0x068591fb246a8ee82dabcb3ff4b75323fdf854041b521f5f68596ee96f06a02b
    Block Time: "Sun, 4 Oct 2026 11:32:11 +0000"

eth_getBlockByNumber
eth_blockNumber
eth_getTransactionReceipt
eth_getBlockByNumber
eth_getLogs
eth_getBlockByNumber
eth_blockNumber
eth_getBlockByNumber
eth_getTransactionReceipt

    Block Number: 484
    Block Hash: 0xc0aab831eb7974ca90d0787dad4028de1b2a3436a390c2578173918c5fdc4931
    Block Time: "Sun, 4 Oct 2026 11:32:11 +0000"

eth_getBlockByNumber
eth_getBlockByNumber
eth_getLogs
eth_blockNumber
eth_getTransactionReceipt
eth_getBlockByNumber
eth_getBlockByNumber
eth_getBlockByNumber
eth_getBlockByNumber

    Block Number: 485
    Block Hash: 0xd14be7037bf369140e93e5733e2e7030bfa8ad81a64affb142a8d95c53ab86fe
    Block Time: "Sun, 4 Oct 2026 11:32:12 +0000"

eth_getBlockByNumber
eth_getBlockByNumber
eth_getLogs
eth_getBlockByNumber
eth_getBlockByNumber

    Block Number: 486
    Block Hash: 0xa321001aded0fee9a0c655958a02dbe333b166857caffa21180a92d5b08908e5
    Block Time: "Sun, 4 Oct 2026 11:32:12 +0000"

eth_getBlockByNumber
eth_getBlockByNumber
eth_getLogs
eth_getBlockByNumber
eth_getBlockByNumber
eth_getBlockByNumber
eth_getBlockByNumber

    Block Number: 487
    Block Hash: 0x525d4a952f54214dbc3044cdac1b321974ced82aced921f876ee6b7563e697e4
    Block Time: "Sun, 4 Oct 2026 11:32:12 +0000"

eth_getBlockByNumber
eth_getBlockByNumber
eth_getLogs
eth_getBlockByNumber
eth_getBlockByNumber

    Block Number: 488
    Block Hash: 0xa698906191b295f0aaf506abdd4f0a866f2bbe3b8b33a5ffdaf5d01e0dbc46a6
    Block Time: "Sun, 4 Oct 2026 11:32:12 +0000"

eth_getBlockByNumber
eth_getBlockByNumber
eth_getLogs
eth_getBlockByNumber
eth_getBlockByNumber
eth_getBlockByNumber
eth_getBlockByNumber

    Block Number: 489
    Block Hash: 0x9b7c0459db67b253b5865ebedb31fb0ac2e1353a7bce9078a48152b4d87c735c
    Block Time: "Sun, 4 Oct 2026 11:32:13 +0000"

eth_getBlockByNumber
eth_getBlockByNumber
eth_getLogs
eth_getBlockByNumber
eth_getBlockByNumber

    Block Number: 490
    Block Hash: 0xfbe89c8fc4f17942bdb8273083ebf5f0f5059de846470489c298d7531b98761a
    Block Time: "Sun, 4 Oct 2026 11:32:13 +0000"

eth_getBlockByNumber
eth_getBlockByNumber
eth_getLogs
eth_getBlockByNumber
eth_getBlockByNumber
eth_getBlockByNumber
eth_getBlockByNumber

    Block Number: 491
    Block Hash: 0x576a78fca6354039d487fed81dfe71c8d0f5733ccb7c3f5d3dc9e5fe64f51db1
    Block Time: "Sun, 4 Oct 2026 11:32:13 +0000"

eth_getBlockByNumber
eth_getBlockByNumber
eth_getLogs
eth_call
eth_feeHistory
eth_simulateV1
eth_sendRawTransaction
eth_getTransactionReceipt

    Transaction: 0x146c1fdd39752f03970fe25d0ce4c7a02395d850b16de16bc0d63259acdf0a13
    Gas used: 141874

    Block Number: 492
    Block Hash: 0x6fa732f563c2695eb7b1e054fb9d6da6ac28d24320fa9672e51a4db987986ddf
    Block Time: "Sun, 4 Oct 2026 11:32:13 +0000"

eth_getBlockByNumber
eth_getBlockByNumber
eth_getLogs
eth_getTransactionByHash
eth_getTransactionReceipt
eth_blockNumber
eth_getTransactionReceipt

    Block Number: 493
    Block Hash: 0xe315d374c2cdddb2d06e56026eee91c794538a27401ba520263746fa1c627c95
    Block Time: "Sun, 4 Oct 2026 11:32:13 +0000"

eth_getBlockByNumber
eth_getTransactionByHash
eth_getBlockByNumber
eth_getLogs
eth_blockNumber
eth_getTransactionReceipt
eth_getBlockByNumber
eth_getBlockByNumber
eth_blockNumber
eth_getTransactionReceipt
eth_getBlockByNumber
eth_getBlockByNumber

    Block Number: 494
    Block Hash: 0xfb16fe12261aa959b525aebd7ccb907ad84f08f55a35531335fa8fec1f6eaa82
    Block Time: "Sun, 4 Oct 2026 11:32:14 +0000"

eth_blockNumber
eth_getTransactionReceipt
eth_getBlockByNumber
eth_getBlockByNumber
eth_getLogs
eth_getBlockByNumber
eth_getBlockByNumber

    Block Number: 495
    Block Hash: 0x5bb22d25cb7cf70206c5c32b7232dee5f58acc424a2271dcc1811f398f511a20
    Block Time: "Sun, 4 Oct 2026 11:32:14 +0000"

eth_getBlockByNumber
eth_getBlockByNumber
eth_getLogs
eth_getBlockByNumber
eth_getBlockByNumber
eth_getBlockByNumber
eth_getBlockByNumber

    Block Number: 496
    Block Hash: 0xd6895b71d7a7047e9cb60315bc99687ee50e840b101785052a79e7becc6d7dcf
    Block Time: "Sun, 4 Oct 2026 11:32:14 +0000"

eth_getBlockByNumber
eth_getBlockByNumber
eth_getLogs
eth_getBlockByNumber
eth_getBlockByNumber

    Block Number: 497
    Block Hash: 0x4c300a4b9e7ecfbca33e98d472fdedb5417e0e16f408723becc42ceb8f922baf
    Block Time: "Sun, 4 Oct 2026 11:32:14 +0000"

eth_blockNumber
eth_feeHistory
eth_getBlockByNumber
eth_getBlockByNumber
eth_getLogs
eth_getBlockByNumber
eth_feeHistory
eth_simulateV1
eth_sendRawTransaction
eth_getTransactionReceipt

    Transaction: 0x665e8703fa52cc73475f3b8d0a8399d45e71a57b599edd397c356785b9d7d5cc
    Gas used: 96809

    Block Number: 498
    Block Hash: 0xbbba066ad6eaf3c694526835cab8076502c945ffd30206e9c00e134534c3f0c9
    Block Time: "Sun, 4 Oct 2026 11:32:14 +0000"

eth_getBlockByNumber
eth_getLogs
eth_getBlockByNumber
eth_getTransactionReceipt
eth_blockNumber
eth_getTransactionReceipt
eth_getBlockByNumber

    Block Number: 499
    Block Hash: 0x3f92b1b4dc4ae2cdd92ab5af948a05740bcd75488925ff4301efa6195c2f4973
    Block Time: "Sun, 4 Oct 2026 11:32:15 +0000"

eth_getBlockByNumber
eth_blockNumber
eth_getTransactionReceipt
eth_getBlockByNumber
eth_getLogs
eth_getBlockByNumber
eth_blockNumber
eth_getTransactionReceipt
eth_getBlockByNumber

    Block Number: 500
    Block Hash: 0x51eefb2b8b7090f28419838baebd8d10653ecd81f220af5e158866f364cd2f08
    Block Time: "Sun, 4 Oct 2026 11:32:15 +0000"

eth_getBlockByNumber
eth_blockNumber
eth_getTransactionReceipt
eth_feeHistory
eth_simulateV1
eth_sendRawTransaction
eth_getTransactionReceipt

    Transaction: 0x54df4b341fb3976bf25cf211094bc2e3af4223a51efe874c6ffb45195713cd99
    Gas used: 171368

    Block Number: 501
    Block Hash: 0x4d32943f4eb68ec2a35ae329b1956c0df348b71d887bfe72a77dd85353213273
    Block Time: "Sun, 4 Oct 2026 11:32:15 +0000"

eth_getBlockByNumber
eth_getBlockByNumber
eth_getLogs
eth_getLogs
eth_getBlockByNumber
eth_getTransactionReceipt
eth_blockNumber
eth_getTransactionReceipt
eth_getBlockByNumber
eth_getBlockByNumber
eth_getBlockByNumber
eth_blockNumber
eth_getTransactionReceipt

    Block Number: 502
    Block Hash: 0xbc891dd9fce4755e192fcea88af44c812b05e66227389f9c6dfe01a5bc43a50a
    Block Time: "Sun, 4 Oct 2026 11:32:15 +0000"

eth_getBlockByNumber
eth_getBlockByNumber
eth_getLogs
eth_blockNumber
eth_getTransactionReceipt
eth_getBlockByNumber
eth_getBlockByNumber
eth_blockNumber
eth_getTransactionReceipt

    Block Number: 503
    Block Hash: 0x5415edfe99f7c16703930e0cc9b9bd128580a015fc7d7e578965058cc107f172
    Block Time: "Sun, 4 Oct 2026 11:32:15 +0000"

eth_getBlockByNumber
eth_getBlockByNumber
eth_getLogs
eth_blockNumber
eth_getTransactionReceipt
eth_getBlockByNumber
eth_getBlockByNumber
eth_getBlockByNumber
eth_getBlockByNumber

    Block Number: 504
    Block Hash: 0x4aa5ec4f1bb5af8526491c8ce2976c2825507fcc727a28e9ae407b36378fd304
    Block Time: "Sun, 4 Oct 2026 11:32:16 +0000"

eth_getBlockByNumber
eth_getBlockByNumber
eth_getLogs
eth_getBlockByNumber
eth_getBlockByNumber

    Block Number: 505
    Block Hash: 0xb945fa73d86d197c20aae39f14f890618a796993ad503805d83ab077e326c564
    Block Time: "Sun, 4 Oct 2026 11:32:16 +0000"

eth_getBlockByNumber
eth_getBlockByNumber
eth_getLogs
eth_getBlockByNumber
eth_getBlockByNumber
eth_getBlockByNumber
eth_getBlockByNumber

    Block Number: 506
    Block Hash: 0x2991cc537bd0377dec952127ab303243f2fdaa9d85bcee851109998e9a786267
    Block Time: "Sun, 4 Oct 2026 11:32:16 +0000"

eth_getBlockByNumber
eth_getBlockByNumber
eth_getLogs
eth_getBlockByNumber
eth_getBlockByNumber

    Block Number: 507
    Block Hash: 0xa7d77c756b3b332274fbe0dd22ad3aa85c09a68e3f19d30fcc61b28557963394
    Block Time: "Sun, 4 Oct 2026 11:32:16 +0000"

eth_getBlockByNumber
eth_getBlockByNumber
eth_getLogs
eth_getBlockByNumber
eth_getBlockByNumber
eth_getBlockByNumber
eth_getBlockByNumber

    Block Number: 508
    Block Hash: 0x5f376b0128aa4dc1afe676d7ad14fbe8874bdeaed3f7ab6b9f7c0dd5a02d2d1c
    Block Time: "Sun, 4 Oct 2026 11:32:17 +0000"

eth_getBlockByNumber
eth_getBlockByNumber
eth_getLogs
eth_getBlockByNumber
eth_getBlockByNumber

    Block Number: 509
    Block Hash: 0x1d17d1abdf3f3fd7cfb34c6855c316c65add26757ef9982640d393e19f93a323
    Block Time: "Sun, 4 Oct 2026 11:32:17 +0000"

eth_getBlockByNumber
eth_getBlockByNumber
eth_getLogs
eth_getBlockByNumber
eth_getBlockByNumber
eth_getBlockByNumber
eth_getBlockByNumber

    Block Number: 510
    Block Hash: 0xee24b26b60c55f3b6fa7b1a1c3cb09137d2be247ae7d25d5802b46e837c0b8b2
    Block Time: "Sun, 4 Oct 2026 11:32:17 +0000"

eth_getBlockByNumber
eth_getBlockByNumber
eth_getLogs
eth_call
eth_feeHistory
eth_simulateV1
eth_sendRawTransaction
eth_getTransactionReceipt

    Transaction: 0x3822ff78831977b3186d43341f90e80525b2c340b0b31f9c187f4ed6665ceb04
    Gas used: 141886

    Block Number: 511
    Block Hash: 0xfb1e06b83f59a25d2a75bbdabd57c10558bb1ca88f897f3dfba423c498fda6e8
    Block Time: "Sun, 4 Oct 2026 11:32:17 +0000"

eth_getBlockByNumber
eth_getBlockByNumber
eth_getLogs
eth_getTransactionByHash

    Block Number: 512
    Block Hash: 0x913d051555af3abaa574ce6f3c53a74446186eab150d909691e910c2789a6ab6
    Block Time: "Sun, 4 Oct 2026 11:32:17 +0000"

eth_getTransactionReceipt
eth_blockNumber
eth_getTransactionReceipt
eth_getBlockByNumber
eth_getTransactionByHash
eth_getBlockByNumber
eth_getLogs
eth_blockNumber
eth_getTransactionReceipt
eth_getBlockByNumber
eth_getBlockByNumber
eth_blockNumber
eth_getTransactionReceipt
eth_getBlockByNumber
eth_getBlockByNumber

    Block Number: 513
    Block Hash: 0xfb6ddf9e98bb73008c49f030fe846714f6ee66fb126d62821d73abc0f07f517b
    Block Time: "Sun, 4 Oct 2026 11:32:18 +0000"

eth_blockNumber
eth_getTransactionReceipt
eth_getBlockByNumber
eth_getBlockByNumber
eth_getLogs
eth_getBlockByNumber
eth_getBlockByNumber

    Block Number: 514
    Block Hash: 0x503c4d82119c2b10387d39aa8f94b1a846cbae347dfe81bd7bca6de4a2a4455e
    Block Time: "Sun, 4 Oct 2026 11:32:18 +0000"

eth_getBlockByNumber
eth_getBlockByNumber
eth_getLogs
eth_getBlockByNumber
eth_getBlockByNumber
eth_getBlockByNumber
eth_getBlockByNumber

    Block Number: 515
    Block Hash: 0x21bd0381a4813185683516b577a2a45aa3ff21df318cf6b0ab8d39ca4ecd3fe5
    Block Time: "Sun, 4 Oct 2026 11:32:18 +0000"

eth_getBlockByNumber
eth_getBlockByNumber
eth_getLogs
eth_getBlockByNumber
eth_getBlockByNumber

    Block Number: 516
    Block Hash: 0x1703ea7423db5536431b508ad850ae1dabbf7f005e5690bf1a8ed026dcf47502
    Block Time: "Sun, 4 Oct 2026 11:32:18 +0000"

eth_getBlockByNumber
eth_getBlockByNumber
eth_getLogs
eth_getBlockByNumber
eth_feeHistory
eth_simulateV1
eth_sendRawTransaction
eth_getTransactionReceipt

    Transaction: 0x21105b287091da8fd7bd86e3a033a812ea4e24a9e55dd6b79da0991cadb51e22
    Gas used: 96809

    Block Number: 517
    Block Hash: 0x17b2ef85207f949edf5d0898f4b2a0185ecd9ebd72c95cce565fd893da5c6394
    Block Time: "Sun, 4 Oct 2026 11:32:18 +0000"

eth_getBlockByNumber
eth_getLogs
eth_getBlockByNumber
eth_getTransactionReceipt
eth_blockNumber
eth_getTransactionReceipt
eth_getBlockByNumber

    Block Number: 518
    Block Hash: 0x7c42311479b3dbb3754fc28092f61efe0978d49cc71a3856c9f289e80618412f
    Block Time: "Sun, 4 Oct 2026 11:32:19 +0000"

eth_getBlockByNumber
eth_blockNumber
eth_getTransactionReceipt
eth_getBlockByNumber
eth_getLogs
eth_getBlockByNumber
eth_blockNumber
eth_getTransactionReceipt
eth_getBlockByNumber

    Block Number: 519
    Block Hash: 0xbb33f177ceabbd8ce0088bb142d8617aa1bb4d91abd8d4bee29e549765903155
    Block Time: "Sun, 4 Oct 2026 11:32:19 +0000"

eth_getBlockByNumber
eth_blockNumber
eth_getTransactionReceipt
eth_feeHistory
eth_simulateV1
eth_getBlockByNumber
eth_getLogs
eth_sendRawTransaction
eth_getTransactionReceipt

    Transaction: 0xf9f910e7de49f9c3d24080eab621364b39c828cf95533f5c569d210ae90d7d6b
    Gas used: 171368

    Block Number: 520
    Block Hash: 0x69153fba45ff95a71a0d74e0f709f490ebc79c9a332cec0d99abb9368c9bde42
    Block Time: "Sun, 4 Oct 2026 11:32:19 +0000"

eth_getBlockByNumber
eth_getBlockByNumber
eth_getLogs
eth_getTransactionReceipt
eth_blockNumber
eth_getTransactionReceipt
eth_getBlockByNumber
eth_getBlockByNumber

    Block Number: 521
    Block Hash: 0x8ac5fa91a8ce5caaade60c6aa59b4f8539ef0c9b382cca4263acf875f02c606a
    Block Time: "Sun, 4 Oct 2026 11:32:19 +0000"

eth_blockNumber
eth_getTransactionReceipt
eth_getBlockByNumber
eth_getBlockByNumber
eth_getLogs
eth_blockNumber
eth_getTransactionReceipt
eth_getBlockByNumber
eth_getBlockByNumber
eth_blockNumber
eth_getTransactionReceipt

    Block Number: 522
    Block Hash: 0xb5d497b162a4fbda9514903933b72d7a38df493568bf92f1ddc48ffea914b08f
    Block Time: "Sun, 4 Oct 2026 11:32:19 +0000"

eth_getBlockByNumber
eth_getBlockByNumber
eth_getLogs
eth_blockNumber
eth_getTransactionReceipt
eth_getBlockByNumber
eth_getBlockByNumber
eth_getBlockByNumber
eth_getBlockByNumber

    Block Number: 523
    Block Hash: 0x6c05819a99d94491630011454f4f1d34bea0fc39317337db98d5d39412ee2950
    Block Time: "Sun, 4 Oct 2026 11:32:20 +0000"

eth_getBlockByNumber
eth_getBlockByNumber
eth_getLogs
eth_getBlockByNumber
eth_getBlockByNumber

    Block Number: 524
    Block Hash: 0x3272621b1cb8b60dee2c1f01a40d6d47cb67d9a1a9b1e1a8f680f1f3b0bbdbcb
    Block Time: "Sun, 4 Oct 2026 11:32:20 +0000"

eth_getBlockByNumber
eth_getBlockByNumber
eth_getLogs
eth_getBlockByNumber
eth_getBlockByNumber
eth_getBlockByNumber
eth_getBlockByNumber

    Block Number: 525
    Block Hash: 0x78d65e9a999aa039d67b69281c92e5ee863c7943a9bf9f7d024d1339975d998e
    Block Time: "Sun, 4 Oct 2026 11:32:20 +0000"

eth_getBlockByNumber
eth_getBlockByNumber
eth_getLogs
eth_getBlockByNumber
eth_getBlockByNumber

    Block Number: 526
    Block Hash: 0xbfe9c7628953f01fca0f24085d56b26fba8a6096e960b3e24299b4c99e6ae530
    Block Time: "Sun, 4 Oct 2026 11:32:20 +0000"

eth_getBlockByNumber
eth_getBlockByNumber
eth_getLogs
eth_getBlockByNumber
eth_getBlockByNumber
eth_getBlockByNumber
eth_getBlockByNumber

    Block Number: 527
    Block Hash: 0xebbf55e4c93c927442b2722caba57e5c547a75707f6f44e9de42d98b8b8f2a0b
    Block Time: "Sun, 4 Oct 2026 11:32:21 +0000"

eth_getBlockByNumber
eth_getBlockByNumber
eth_getLogs
eth_getBlockByNumber
eth_getBlockByNumber

    Block Number: 528
    Block Hash: 0xed765a8a239ccbde4be1df1a9da0914d2900d86ab5f5e5aba66c2994cbd6ef75
    Block Time: "Sun, 4 Oct 2026 11:32:21 +0000"

eth_getBlockByNumber
eth_getBlockByNumber
eth_getLogs
eth_getBlockByNumber
eth_getBlockByNumber
eth_getBlockByNumber
eth_getBlockByNumber

    Block Number: 529
    Block Hash: 0x49bc3905378f54a6ca548af91552978990c1331e1032a19a69cdcdea7ddc92ce
    Block Time: "Sun, 4 Oct 2026 11:32:21 +0000"

eth_getBlockByNumber
eth_getBlockByNumber
eth_getLogs
eth_getBlockByNumber
eth_getBlockByNumber

    Block Number: 530
    Block Hash: 0xfeb51bc8255d01d860e80e884506a7328d6ff04f185ed0c592269b5660294a13
    Block Time: "Sun, 4 Oct 2026 11:32:21 +0000"

eth_getBlockByNumber
eth_getBlockByNumber
eth_getLogs
eth_getBlockByNumber
eth_call
eth_feeHistory
eth_simulateV1
eth_sendRawTransaction
eth_getTransactionReceipt
eth_getBlockByNumber

    Transaction: 0xb6d6190dd434b2f3f2987b74043324e96a667c40aeb79f53b83c678a842d3d16
    Gas used: 141886

    Block Number: 531
    Block Hash: 0xdf656f850f5116351363dcfb99d52ca130855104f10049c8870c5b7ab9501529
    Block Time: "Sun, 4 Oct 2026 11:32:21 +0000"

eth_getBlockByNumber
eth_getTransactionByHash
eth_getTransactionReceipt
eth_getBlockByNumber
eth_blockNumber
eth_getLogs

    Block Number: 532
    Block Hash: 0x9d85490420509d6db3b9a82f140ac84b76e67b2b686a77e106d047b79473ffd7
    Block Time: "Sun, 4 Oct 2026 11:32:22 +0000"

eth_getTransactionByHash
eth_getTransactionReceipt
eth_getBlockByNumber
eth_getBlockByNumber
eth_getLogs
eth_blockNumber
eth_getTransactionReceipt
eth_getBlockByNumber
eth_getBlockByNumber
eth_blockNumber
eth_getTransactionReceipt

    Block Number: 533
    Block Hash: 0xac29f88e1b6bf6734e01eb9b9a1ac814578f7927cd88fd858dbde73522e93d73
    Block Time: "Sun, 4 Oct 2026 11:32:22 +0000"

eth_getBlockByNumber
eth_getBlockByNumber
eth_getLogs
eth_blockNumber
eth_getTransactionReceipt
eth_getBlockByNumber
eth_getBlockByNumber
eth_getBlockByNumber
eth_getBlockByNumber

    Block Number: 534
    Block Hash: 0x32f7872e8148225947b7c2ab2a638b5a0719af653a0e6abbf4cad4612a2db664
    Block Time: "Sun, 4 Oct 2026 11:32:22 +0000"

eth_getBlockByNumber
eth_getBlockByNumber
eth_getLogs
eth_getBlockByNumber
eth_getBlockByNumber

    Block Number: 535
    Block Hash: 0x46c8dade2d29bc275d1ff4a266c545908b1f8b89d07a24ef4a676027aa5c6275
    Block Time: "Sun, 4 Oct 2026 11:32:22 +0000"

eth_getBlockByNumber
eth_getBlockByNumber
eth_getLogs
eth_getBlockByNumber
eth_feeHistory
eth_simulateV1
eth_sendRawTransaction
eth_getTransactionReceipt

    Transaction: 0x8c2d3560f87836bf66845b2abbc1591c28a1d9a296661250f42c4270b4f2f992
    Gas used: 96809

    Block Number: 536
    Block Hash: 0x281dff2315fa47d2ab68b002c1508b1428f6f221829dd72213382de58eaaf9d6
    Block Time: "Sun, 4 Oct 2026 11:32:22 +0000"

eth_getBlockByNumber
eth_getLogs
eth_getBlockByNumber
eth_getTransactionReceipt
eth_blockNumber
eth_getTransactionReceipt
eth_getBlockByNumber

    Block Number: 537
    Block Hash: 0xce8aac2c68b6630282f81f6f512a897127f3ff3111999509e03a76e86f3c5c4b
    Block Time: "Sun, 4 Oct 2026 11:32:23 +0000"

eth_getBlockByNumber
eth_blockNumber
eth_getBlockByNumber
eth_getTransactionReceipt
eth_getLogs
eth_getBlockByNumber
eth_getBlockByNumber
eth_blockNumber
eth_getTransactionReceipt

    Block Number: 538
    Block Hash: 0x33d64e7185f86924110e83c01aebda11906e051608b24e1e1f270203d0ac41e1
    Block Time: "Sun, 4 Oct 2026 11:32:23 +0000"

eth_getBlockByNumber
eth_getBlockByNumber
eth_getLogs
eth_blockNumber
eth_getTransactionReceipt
eth_feeHistory
eth_simulateV1
eth_sendRawTransaction
eth_getTransactionReceipt

    Transaction: 0x6a283f6d9e6104e0a87a1cab2615768b7f6fae1aeb95731949d91e2bdce542af
    Gas used: 171368

    Block Number: 539
    Block Hash: 0x009622c72b7f2b490063acd3c2294531f2d3a0b93c2e196b087c31d27dcbebc0
    Block Time: "Sun, 4 Oct 2026 11:32:23 +0000"

eth_getBlockByNumber
eth_getBlockByNumber
eth_getLogs
eth_getTransactionReceipt
eth_blockNumber
eth_getTransactionReceipt
eth_getBlockByNumber
eth_getBlockByNumber

    Block Number: 540
    Block Hash: 0xfc7dbcccce9d6dca5a9ae8244ae51137b7709d6804a5f39a27f4f77be7d0f2f3
    Block Time: "Sun, 4 Oct 2026 11:32:23 +0000"

eth_blockNumber
eth_getTransactionReceipt
eth_getBlockByNumber
eth_getBlockByNumber
eth_getLogs
eth_blockNumber
eth_getTransactionReceipt
eth_getBlockByNumber
eth_getBlockByNumber
eth_blockNumber
eth_getTransactionReceipt

    Block Number: 541
    Block Hash: 0xf9393d70b5124d5cde9d7775f1d3800cbc7625323ed90e5d419fb9096f468c81
    Block Time: "Sun, 4 Oct 2026 11:32:23 +0000"

eth_getBlockByNumber
eth_getBlockByNumber
eth_getLogs
eth_blockNumber
eth_getTransactionReceipt
eth_getBlockByNumber
eth_getBlockByNumber
eth_getBlockByNumber
eth_getBlockByNumber

    Block Number: 542
    Block Hash: 0xadd4ba77d56480be6f4b89b70456818a5edf4095bcfdcba239ebe7e3bcf619fd
    Block Time: "Sun, 4 Oct 2026 11:32:24 +0000"

eth_getBlockByNumber
eth_getBlockByNumber
eth_getLogs
eth_getBlockByNumber
eth_getBlockByNumber

    Block Number: 543
    Block Hash: 0x6ff2a714f0ae96c89fd0b0b06b4f30b3c82fd97bae75eebeb34fd964e3771e76
    Block Time: "Sun, 4 Oct 2026 11:32:24 +0000"

eth_getBlockByNumber
eth_getBlockByNumber
eth_getLogs
eth_getBlockByNumber
eth_getBlockByNumber
eth_getBlockByNumber
eth_getBlockByNumber

    Block Number: 544
    Block Hash: 0x65b0ded54423e5d0aed5187bb92400e627d982340ff2d740181d721b7d5e990a
    Block Time: "Sun, 4 Oct 2026 11:32:24 +0000"

eth_getBlockByNumber
eth_getBlockByNumber
eth_getLogs
eth_getBlockByNumber
eth_getBlockByNumber

    Block Number: 545
    Block Hash: 0x380065860d2ebf4e3960fdf8fc11038ee2f1b9fe67a15eea7031ed96ee0a687b
    Block Time: "Sun, 4 Oct 2026 11:32:24 +0000"

eth_getBlockByNumber
eth_getBlockByNumber
eth_getLogs
eth_getBlockByNumber
eth_getBlockByNumber
eth_getBlockByNumber
eth_getBlockByNumber

    Block Number: 546
    Block Hash: 0xcd1baeeba9fb945910c425d89d442c22b1374fd8ce9c0bab4e7738f40aa002b3
    Block Time: "Sun, 4 Oct 2026 11:32:25 +0000"

eth_getBlockByNumber
eth_getBlockByNumber
eth_getLogs
eth_getBlockByNumber
eth_getBlockByNumber

    Block Number: 547
    Block Hash: 0x4eba95a4a8b27e4f497c7042c18ce9680d306aae3c04e51962973b2a948be443
    Block Time: "Sun, 4 Oct 2026 11:32:25 +0000"

eth_getBlockByNumber
eth_getBlockByNumber
eth_getLogs
eth_getBlockByNumber
eth_getBlockByNumber
eth_getBlockByNumber
eth_getBlockByNumber

    Block Number: 548
    Block Hash: 0xb2327b787da881bc711a696b2befff31357d7bcdea78a7e05bf7dec13d06f28e
    Block Time: "Sun, 4 Oct 2026 11:32:25 +0000"

eth_getBlockByNumber
eth_getBlockByNumber
eth_getLogs
eth_getBlockByNumber
eth_getBlockByNumber

    Block Number: 549
    Block Hash: 0xf9d2301f686c9784d8f68d106db056248fd5f255254ee46dbc8c2d561c9852cc
    Block Time: "Sun, 4 Oct 2026 11:32:25 +0000"

eth_getBlockByNumber
eth_getBlockByNumber
eth_getLogs
eth_getBlockByNumber
eth_getBlockByNumber
eth_call
eth_feeHistory
eth_simulateV1
eth_sendRawTransaction
eth_getTransactionReceipt

    Transaction: 0xa79b4e1248867a2fee0c2f0f51f086d91ec79ad173ed649fe6380646d28e2beb
    Gas used: 141886

    Block Number: 550
    Block Hash: 0x57f69d42d57004228adc0f79c6151dd04a3396dbc33a6a4eee5ac01883fb9ab2
    Block Time: "Sun, 4 Oct 2026 11:32:25 +0000"

eth_getBlockByNumber
eth_getBlockByNumber
eth_getLogs

    Block Number: 551
    Block Hash: 0x78dbd43bbd87546f573c8dc0e186deba0c3572946e58d12dfdba682bf6db11c0
    Block Time: "Sun, 4 Oct 2026 11:32:26 +0000"

eth_getTransactionByHash
eth_getTransactionReceipt
eth_blockNumber
eth_getTransactionReceipt
eth_getBlockByNumber
eth_getTransactionByHash
eth_getBlockByNumber
eth_getLogs
eth_blockNumber
eth_getTransactionReceipt
eth_getBlockByNumber
eth_getBlockByNumber
eth_blockNumber
eth_getTransactionReceipt

    Block Number: 552
    Block Hash: 0x7d45977a563a6534c1eebb34e68eab2c6373a0214da159ae5c9e07c0ff60ebb7
    Block Time: "Sun, 4 Oct 2026 11:32:26 +0000"

eth_getBlockByNumber
eth_getBlockByNumber
eth_getLogs
eth_blockNumber
eth_getTransactionReceipt
eth_getBlockByNumber
eth_getBlockByNumber
eth_getBlockByNumber
eth_getBlockByNumber

    Block Number: 553
    Block Hash: 0xb65b2960364c8cfeca1eb3a5731d38ef5f18648ede70a387641bf9965a4d67a2
    Block Time: "Sun, 4 Oct 2026 11:32:26 +0000"

eth_getBlockByNumber
eth_getBlockByNumber
eth_getLogs
eth_getBlockByNumber
eth_getBlockByNumber

    Block Number: 554
    Block Hash: 0x324126f9013360ee217b5aba5fc5bd8d8fed12db89cb0e0d169de88813727962
    Block Time: "Sun, 4 Oct 2026 11:32:26 +0000"

eth_getBlockByNumber
eth_getBlockByNumber
eth_getLogs
eth_getBlockByNumber
eth_feeHistory
eth_simulateV1
eth_sendRawTransaction
eth_getBlockByNumber

    Transaction: 0x3df7d33b41bbbdfabee6fbe39dfe86db0bf523bce063fe635faf9589a9bdddef
    Gas used: 96809

    Block Number: 555
    Block Hash: 0xb92457a558d00f9f07bafa24ff0506e0212a3c66fe0a0cf67c8a1be0bbb99558
    Block Time: "Sun, 4 Oct 2026 11:32:26 +0000"

eth_getTransactionReceipt
eth_blockNumber
eth_getTransactionReceipt
eth_getBlockByNumber
eth_getBlockByNumber
eth_getLogs

    Block Number: 556
    Block Hash: 0xcd186c3e02a7b7f9cef5ae6178d291daca49ce8352ce2a4bc16f9cd9e3ca2a91
    Block Time: "Sun, 4 Oct 2026 11:32:27 +0000"

eth_blockNumber
eth_getTransactionReceipt
eth_getBlockByNumber
eth_getBlockByNumber
eth_getLogs
eth_blockNumber
eth_getTransactionReceipt
eth_getBlockByNumber
eth_getBlockByNumber
eth_blockNumber
eth_getTransactionReceipt

    Block Number: 557
    Block Hash: 0x29a4176f4eabfbe21925b2f36d11d71890660f8aa20e475d6fcb139359740b85
    Block Time: "Sun, 4 Oct 2026 11:32:27 +0000"

eth_getBlockByNumber
eth_getBlockByNumber
eth_getLogs
eth_blockNumber
eth_getTransactionReceipt
eth_feeHistory
eth_simulateV1
eth_sendRawTransaction

    Transaction: 0x8ef77f55af445e6966d833b1ca81271070cb7961c00e2ef74552445e1531f982
    Gas used: 171368

    Block Number: 558
    Block Hash: 0xf0fbc9650d025e8a6c85434d37af8856f8f1fd6bb2cedc3e3430969a54ec056a
    Block Time: "Sun, 4 Oct 2026 11:32:27 +0000"

eth_getTransactionReceipt
eth_blockNumber
eth_getTransactionReceipt
eth_getBlockByNumber
eth_getBlockByNumber
eth_getLogs
eth_blockNumber
eth_getTransactionReceipt
eth_getBlockByNumber
eth_getBlockByNumber

    Block Number: 559
    Block Hash: 0x278a19701499c9b5d2098da8e98c59bf1b1ff994364437d82b36a14443d39aee
    Block Time: "Sun, 4 Oct 2026 11:32:27 +0000"

eth_blockNumber
eth_getTransactionReceipt
eth_getBlockByNumber
eth_getBlockByNumber
eth_getLogs
eth_blockNumber
eth_getTransactionReceipt
eth_getBlockByNumber
eth_getBlockByNumber
eth_blockNumber
eth_getTransactionReceipt

    Block Number: 560
    Block Hash: 0x6c9d3d6c4b6ae26273510db63b93bcf6e08de2fc0350010b72ef9cb46fa6369d
    Block Time: "Sun, 4 Oct 2026 11:32:27 +0000"

eth_blockNumber
eth_feeHistory
eth_getBlockByNumber
eth_getBlockByNumber
eth_getLogs
eth_blockNumber
eth_getTransactionReceipt
eth_getBlockByNumber
eth_getBlockByNumber
eth_getBlockByNumber
eth_getBlockByNumber

    Block Number: 561
    Block Hash: 0x0fa10c91dd689065fdc2a357e853b82f3374d033f9a48f52e75e4ebce97504f7
    Block Time: "Sun, 4 Oct 2026 11:32:28 +0000"

eth_getBlockByNumber
eth_getBlockByNumber
eth_getLogs
eth_getBlockByNumber
eth_getBlockByNumber

    Block Number: 562
    Block Hash: 0xdeadfa16cdbba5a1d1afc331cb12b5c7dfce240b73a0809d3bf1f8c8859616c3
    Block Time: "Sun, 4 Oct 2026 11:32:28 +0000"

eth_getBlockByNumber
eth_getBlockByNumber
eth_getLogs
eth_getBlockByNumber
eth_getBlockByNumber
eth_getBlockByNumber
eth_getBlockByNumber

    Block Number: 563
    Block Hash: 0xb683cd3927734b7224b33ea3a0e4813a0ed1e9060cd191d02c71d9a4dcd0a222
    Block Time: "Sun, 4 Oct 2026 11:32:28 +0000"

eth_getBlockByNumber
eth_getBlockByNumber
eth_getLogs
eth_getBlockByNumber
eth_getBlockByNumber

    Block Number: 564
    Block Hash: 0x285e246afcd0567ca48b1b8d13f765944dfb47883502d0a30830f4d5c6249fce
    Block Time: "Sun, 4 Oct 2026 11:32:28 +0000"

eth_getBlockByNumber
eth_getBlockByNumber
eth_getLogs
eth_getBlockByNumber
eth_getBlockByNumber
eth_getBlockByNumber
eth_getBlockByNumber

    Block Number: 565
    Block Hash: 0x8d2a6d95e1d3addc3c72d2b24fc12eb570859d911fd458448bfc4eef0f63c4c8
    Block Time: "Sun, 4 Oct 2026 11:32:29 +0000"

eth_getBlockByNumber
eth_getBlockByNumber
eth_getLogs
eth_getBlockByNumber
eth_getBlockByNumber

    Block Number: 566
    Block Hash: 0x8da48bc2e04d506265651fa14e8a4af4f7c400e11de72e564d66706a48241f47
    Block Time: "Sun, 4 Oct 2026 11:32:29 +0000"

eth_getBlockByNumber
eth_getBlockByNumber
eth_getLogs
eth_getBlockByNumber
eth_getBlockByNumber
eth_getBlockByNumber
eth_getBlockByNumber

    Block Number: 567
    Block Hash: 0xa23b13d6a8bd578a166543839be2190b2d29edd2ae8e0812883053fcb4ab19e0
    Block Time: "Sun, 4 Oct 2026 11:32:29 +0000"

eth_getBlockByNumber
eth_getBlockByNumber
eth_getLogs
eth_getBlockByNumber
eth_getBlockByNumber

    Block Number: 568
    Block Hash: 0x5e028392771c20455b660c6b1f776b7113b85986b5fabf9b41154faf2e3e975b
    Block Time: "Sun, 4 Oct 2026 11:32:29 +0000"

eth_getBlockByNumber
eth_getBlockByNumber
eth_getLogs
eth_getBlockByNumber
eth_getBlockByNumber
eth_call
eth_feeHistory
eth_simulateV1
eth_sendRawTransaction
eth_getTransactionReceipt

    Transaction: 0x43959221362dbf60bc757f4ee4eb5acdaf137ac7f078e99183e6d23859e6a293
    Gas used: 141886

    Block Number: 569
    Block Hash: 0x5335356a0b3931315863d0287a86c8b5eca2ee35a73c41ca6be3d61b908a0065
    Block Time: "Sun, 4 Oct 2026 11:32:29 +0000"

eth_getBlockByNumber
eth_getBlockByNumber
eth_getLogs
eth_getTransactionByHash

    Block Number: 570
    Block Hash: 0x9b41639a0dafbc7d2ba313db6f26a52dac39d4ff5972d56c232ed745a3de42f0
    Block Time: "Sun, 4 Oct 2026 11:32:30 +0000"

eth_getTransactionReceipt
eth_blockNumber
eth_getTransactionReceipt
eth_getBlockByNumber
eth_getTransactionByHash
eth_getBlockByNumber
eth_getLogs
eth_blockNumber
eth_getTransactionReceipt
eth_getBlockByNumber
eth_getBlockByNumber
eth_blockNumber
eth_getTransactionReceipt

    Block Number: 571
    Block Hash: 0x6f3cfde84586615c74412304486501caf3ac3936801714f1496dda6a8d258bd1
    Block Time: "Sun, 4 Oct 2026 11:32:30 +0000"

eth_getBlockByNumber
eth_getBlockByNumber
eth_getLogs
eth_blockNumber
eth_getTransactionReceipt
eth_getBlockByNumber
eth_getBlockByNumber
eth_getBlockByNumber
eth_getBlockByNumber

    Block Number: 572
    Block Hash: 0x58bc04afe4219a5679fc298c95aaf8cb54a73a1ea51a53c488dde502b94d6350
    Block Time: "Sun, 4 Oct 2026 11:32:30 +0000"

eth_getBlockByNumber
eth_getBlockByNumber
eth_getLogs
eth_getBlockByNumber
eth_getBlockByNumber

    Block Number: 573
    Block Hash: 0xbf461970aac1d1cdd632b781053a2bcdc419110312797df3b017b860a9011310
    Block Time: "Sun, 4 Oct 2026 11:32:30 +0000"

eth_getBlockByNumber
eth_getBlockByNumber
eth_getLogs
eth_getBlockByNumber
eth_getBlockByNumber
eth_feeHistory
eth_simulateV1
eth_sendRawTransaction
eth_getTransactionReceipt

    Transaction: 0xbe66327bece402f45075eb4dae748114bda9281e3df47fb7db98d9eb7a4022f2
    Gas used: 96809

    Block Number: 574
    Block Hash: 0x4bb746ba996fa7bab7f5d3c19c23e1cd428c685670d91f638d563cbae5425151
    Block Time: "Sun, 4 Oct 2026 11:32:30 +0000"

eth_getBlockByNumber
eth_getBlockByNumber
eth_getLogs

    Block Number: 575
    Block Hash: 0xa4ed2c7eef1661fb2946e6d1940f79ca58985e3aabe8d8c26befaa0880a6c599
    Block Time: "Sun, 4 Oct 2026 11:32:31 +0000"

eth_getTransactionReceipt
eth_blockNumber
eth_getTransactionReceipt
eth_getBlockByNumber
eth_getBlockByNumber
eth_getLogs
eth_blockNumber
eth_getTransactionReceipt
eth_getBlockByNumber
eth_getBlockByNumber
eth_blockNumber
eth_getTransactionReceipt

    Block Number: 576
    Block Hash: 0x71afecf73573dfdb18550695553aeed3fb9b1309ef2273de77df40e79f0774bb
    Block Time: "Sun, 4 Oct 2026 11:32:31 +0000"

eth_getBlockByNumber
eth_getBlockByNumber
eth_getLogs
eth_blockNumber
eth_getTransactionReceipt
eth_feeHistory
eth_simulateV1
eth_sendRawTransaction
eth_getTransactionReceipt

    Transaction: 0xad509bd374a29d87fe9848e78271eeef4b016e77ca589cf57d9f4136750b05d9
    Gas used: 171368

    Block Number: 577
    Block Hash: 0x33154c56fba8cfc36966ea906f34e42e18146537a96d2f5deb57b2163733de9e
    Block Time: "Sun, 4 Oct 2026 11:32:31 +0000"

eth_getBlockByNumber
eth_getBlockByNumber
eth_getLogs
eth_getTransactionReceipt
eth_blockNumber
eth_getTransactionReceipt
eth_getBlockByNumber
eth_getBlockByNumber

    Block Number: 578
    Block Hash: 0xfbca7bb02f2fd46c2e9083eb176fddc6609a87ac43828da3472142c15cf3b4d7
    Block Time: "Sun, 4 Oct 2026 11:32:31 +0000"

eth_blockNumber
eth_getTransactionReceipt
eth_getBlockByNumber
eth_getBlockByNumber
eth_getLogs
eth_blockNumber
eth_getTransactionReceipt
eth_getBlockByNumber
eth_getBlockByNumber
eth_blockNumber
eth_getTransactionReceipt

    Block Number: 579
    Block Hash: 0x464e1f03587b0a76e4697d2d854e41bdcc67c923639a0192a36d70be5b3f658c
    Block Time: "Sun, 4 Oct 2026 11:32:31 +0000"

eth_getBlockByNumber
eth_getBlockByNumber
eth_getLogs
eth_blockNumber
eth_getTransactionReceipt
eth_getBlockByNumber
eth_getBlockByNumber
eth_getBlockByNumber
eth_getBlockByNumber

    Block Number: 580
    Block Hash: 0xf0bef70dcbdb8a0e746df5de59eab7567b0082deb455aa78ad4697ba86d2eb7e
    Block Time: "Sun, 4 Oct 2026 11:32:32 +0000"

eth_getBlockByNumber
eth_getBlockByNumber
eth_getLogs
eth_getBlockByNumber
eth_getBlockByNumber

    Block Number: 581
    Block Hash: 0x559e7e3698993a32cfb3adc3683160fe5c2aeadf597a89487d89a6c1cffe244f
    Block Time: "Sun, 4 Oct 2026 11:32:32 +0000"

eth_getBlockByNumber
eth_getBlockByNumber
eth_getLogs
eth_getBlockByNumber
eth_getBlockByNumber
eth_getBlockByNumber
eth_getBlockByNumber

    Block Number: 582
    Block Hash: 0x1370e6f7170f652c046f9494fb22d99c3ddcc3534004c174ed93c94dbc25b762
    Block Time: "Sun, 4 Oct 2026 11:32:32 +0000"

eth_getBlockByNumber
eth_getBlockByNumber
eth_getLogs
eth_getBlockByNumber
eth_getBlockByNumber

    Block Number: 583
    Block Hash: 0xc964d1bdc459c411ee82b7e4acdd200939ffad31ab8d037462e426d7d528df91
    Block Time: "Sun, 4 Oct 2026 11:32:32 +0000"

eth_getBlockByNumber
eth_getBlockByNumber
eth_getLogs
eth_getBlockByNumber
eth_getBlockByNumber
eth_getBlockByNumber
eth_getBlockByNumber

    Block Number: 584
    Block Hash: 0xf9f2fba321abc86fe4e5344b7be9cbae3e39b8edabcfb778f734453bec96fcdf
    Block Time: "Sun, 4 Oct 2026 11:32:33 +0000"

eth_getBlockByNumber
eth_getBlockByNumber
eth_getLogs
eth_getBlockByNumber
eth_getBlockByNumber

    Block Number: 585
    Block Hash: 0x4bda42de63fd613b8b88783d7bda9ad816863457c7db588deb4f74315acaae9c
    Block Time: "Sun, 4 Oct 2026 11:32:33 +0000"

eth_getBlockByNumber
eth_getBlockByNumber
eth_getLogs
eth_getBlockByNumber
eth_getBlockByNumber
eth_getBlockByNumber
eth_getBlockByNumber

    Block Number: 586
    Block Hash: 0xd93cb49ea891f5b4c8b68149895568f0c82c68ed88dc37d9a1c64843b4955033
    Block Time: "Sun, 4 Oct 2026 11:32:33 +0000"

eth_getBlockByNumber
eth_getBlockByNumber
eth_getLogs
eth_getBlockByNumber
eth_getBlockByNumber

    Block Number: 587
    Block Hash: 0x4dec7f791df686db0f776d2515ef4b505aecf3040525e50e4f6ad602ac97cabf
    Block Time: "Sun, 4 Oct 2026 11:32:33 +0000"

eth_getBlockByNumber
eth_getBlockByNumber
eth_getLogs
eth_getBlockByNumber
eth_getBlockByNumber
eth_call
eth_feeHistory
eth_simulateV1
eth_sendRawTransaction
eth_getTransactionReceipt

    Transaction: 0x6056bce5adf10ff9d8a203797207e3d6aec5c92a517c9d7d53cd62fc047450c1
    Gas used: 158974

    Block Number: 588
    Block Hash: 0xc8209cc39476d12ec6b3de0c40546a32bb840fad0af890d61273f8d82368279c
    Block Time: "Sun, 4 Oct 2026 11:32:33 +0000"

eth_getBlockByNumber
eth_getBlockByNumber
eth_getLogs
eth_getTransactionByHash

    Block Number: 589
    Block Hash: 0x499b2d61262a36dff525ac6de7a5a37a8af82b62bffa378a4a29515536a54dd1
    Block Time: "Sun, 4 Oct 2026 11:32:34 +0000"

eth_getTransactionReceipt
eth_blockNumber
eth_getTransactionReceipt
eth_getBlockByNumber
eth_getTransactionByHash
eth_getBlockByNumber
eth_getLogs
eth_blockNumber
eth_getTransactionReceipt
eth_getBlockByNumber
eth_getBlockByNumber
eth_blockNumber
eth_getTransactionReceipt

    Block Number: 590
    Block Hash: 0xecd0783d102df44f1d7d53d9fbc7ae2de5cc42c6bf1c6829004531f533d529ae
    Block Time: "Sun, 4 Oct 2026 11:32:34 +0000"

eth_getBlockByNumber
eth_getBlockByNumber
eth_getLogs
eth_blockNumber
eth_getTransactionReceipt
eth_getBlockByNumber
eth_getBlockByNumber
eth_getBlockByNumber
eth_getBlockByNumber

    Block Number: 591
    Block Hash: 0x7d647092eb6d15ee82b9af8bb5af61a911656b23f2d858d11913c1c72f9c6f71
    Block Time: "Sun, 4 Oct 2026 11:32:34 +0000"

eth_getBlockByNumber
eth_getBlockByNumber
eth_getLogs
eth_getBlockByNumber
eth_getBlockByNumber

    Block Number: 592
    Block Hash: 0x37286bdacd8ddd9e889a89d5a42522081833a505079b3fc22529d39895a4325d
    Block Time: "Sun, 4 Oct 2026 11:32:34 +0000"

eth_getBlockByNumber
eth_getBlockByNumber
eth_getLogs
eth_getBlockByNumber
eth_getBlockByNumber
eth_feeHistory
eth_simulateV1
eth_sendRawTransaction

    Transaction: 0x55fffb25ea9a26608a7fdeef96e08b4c3ef1f907078d85b4028d3933e9026fdd
    Gas used: 96809

    Block Number: 593
    Block Hash: 0x7e676ab3d2f7107849b1f74d5f6c1872483db50f4cdbb494ec060bab42f7da0c
    Block Time: "Sun, 4 Oct 2026 11:32:34 +0000"

eth_getTransactionReceipt
eth_blockNumber
eth_getTransactionReceipt
eth_getBlockByNumber
eth_getBlockByNumber
eth_getLogs

    Block Number: 594
    Block Hash: 0xade809e877228fcca5ec9ae3533df01becd404f2f1d68e86ac705c15e294e3b3
    Block Time: "Sun, 4 Oct 2026 11:32:35 +0000"

eth_blockNumber
eth_getTransactionReceipt
eth_getBlockByNumber
eth_getBlockByNumber
eth_getLogs
eth_blockNumber
eth_getTransactionReceipt
eth_getBlockByNumber
eth_getBlockByNumber
eth_blockNumber
eth_getTransactionReceipt

    Block Number: 595
    Block Hash: 0x8d2c103d318f37a296b64ad51e85ac316b08e091a9f229a41fce44b243148bfe
    Block Time: "Sun, 4 Oct 2026 11:32:35 +0000"

eth_getBlockByNumber
eth_getBlockByNumber
eth_getLogs
eth_blockNumber
eth_getTransactionReceipt
eth_feeHistory
eth_simulateV1
eth_sendRawTransaction
eth_getTransactionReceipt

    Transaction: 0x7e4911cee25153e663ce79960210212c65af045e3f43139b73b005ffe53febea
    Gas used: 171368

    Block Number: 596
    Block Hash: 0x1b4cd492ef12ce613ade6d360a4b750d06f1f3850e6c73c4fd28f505991ff69a
    Block Time: "Sun, 4 Oct 2026 11:32:35 +0000"

eth_getBlockByNumber
eth_getBlockByNumber
eth_getLogs
eth_getTransactionReceipt
eth_blockNumber
eth_getTransactionReceipt
eth_getBlockByNumber
eth_getBlockByNumber

    Block Number: 597
    Block Hash: 0x9ff666312f4fb0dd39e95a91a77df371eea20083dedc3ec9a1ef9d7dcfc48666
    Block Time: "Sun, 4 Oct 2026 11:32:35 +0000"

eth_blockNumber
eth_getTransactionReceipt
eth_getBlockByNumber
eth_getBlockByNumber
eth_getLogs
eth_blockNumber
eth_getTransactionReceipt
eth_getBlockByNumber
eth_getBlockByNumber
eth_blockNumber
eth_getTransactionReceipt

    Block Number: 598
    Block Hash: 0x52fb3afb51d99c6a43b32fcd7b4566263914adea5ebe91bc5ac84610748e7397
    Block Time: "Sun, 4 Oct 2026 11:32:35 +0000"

eth_getBlockByNumber
eth_getBlockByNumber
eth_getLogs
eth_blockNumber
eth_getTransactionReceipt
eth_getBlockByNumber
eth_getBlockByNumber
eth_getBlockByNumber
eth_getBlockByNumber

    Block Number: 599
    Block Hash: 0x2c4041e2a07c0c9ecc3fc488e25a9f23225d6a1c654c9b534fdbe2aa77cc887d
    Block Time: "Sun, 4 Oct 2026 11:32:36 +0000"

eth_getBlockByNumber
eth_getBlockByNumber
eth_getLogs
eth_getBlockByNumber
eth_getBlockByNumber

    Block Number: 600
    Block Hash: 0xb7cb9bdc95e112d13d1092f0e1d4849982b2db994d5b1e344946df4c2a534fc5
    Block Time: "Sun, 4 Oct 2026 11:32:36 +0000"

eth_getBlockByNumber
eth_getBlockByNumber
eth_getLogs
eth_getBlockByNumber
eth_getBlockByNumber
eth_getBlockByNumber
eth_getBlockByNumber

    Block Number: 601
    Block Hash: 0x4a1c9936429b3641d37849a7b95976946e04147a896e6969b58516fa5841d3ff
    Block Time: "Sun, 4 Oct 2026 11:32:36 +0000"

eth_getBlockByNumber
eth_getBlockByNumber
eth_getLogs
eth_getBlockByNumber
eth_getBlockByNumber

    Block Number: 602
    Block Hash: 0xb8c56c3aa7b0db5a51945e66a6574ad889eb3ed2f06e9c29751f57040ec2dd5b
    Block Time: "Sun, 4 Oct 2026 11:32:36 +0000"

eth_getBlockByNumber
eth_getBlockByNumber
eth_getLogs
eth_getBlockByNumber
eth_getBlockByNumber
eth_getBlockByNumber
eth_getBlockByNumber

    Block Number: 603
    Block Hash: 0x1c10ab648214255ce158bae3c609410765085af06bc18386424eada25ec63938
    Block Time: "Sun, 4 Oct 2026 11:32:37 +0000"

eth_getBlockByNumber
eth_getBlockByNumber
eth_getLogs
eth_getBlockByNumber
eth_getBlockByNumber

    Block Number: 604
    Block Hash: 0x14b3cf2ccae15ca48935d27da3168ac54b056cef237f63a36ff1de7829de11d4
    Block Time: "Sun, 4 Oct 2026 11:32:37 +0000"

eth_getBlockByNumber
eth_getBlockByNumber
eth_getLogs
eth_getBlockByNumber
eth_getBlockByNumber
eth_getBlockByNumber
eth_getBlockByNumber

    Block Number: 605
    Block Hash: 0x9230713bb04a69ad967a12a6e39476967a7b88a143516b881a5cab0605031fac
    Block Time: "Sun, 4 Oct 2026 11:32:37 +0000"

eth_getBlockByNumber
eth_getBlockByNumber
eth_getLogs
eth_getBlockByNumber
eth_getBlockByNumber

    Block Number: 606
    Block Hash: 0x6482b777cea9c2119d1115c6ec9f8f9af36f51cdca505daf61641b22ff9422ff
    Block Time: "Sun, 4 Oct 2026 11:32:37 +0000"

eth_getBlockByNumber
eth_getBlockByNumber
eth_getLogs
eth_getBlockByNumber
eth_getBlockByNumber
eth_call
eth_feeHistory
eth_simulateV1
eth_sendRawTransaction
eth_getTransactionReceipt

    Transaction: 0x1ffaf652661e43b7f49579ffdc6614336ca6f2d4c7c1cf32e2d9a6e45d83fa04
    Gas used: 141886

    Block Number: 607
    Block Hash: 0xbe70639e0b504b574fcb938b126546e53d5680e2ee72672a675ebfb82afbc30d
    Block Time: "Sun, 4 Oct 2026 11:32:37 +0000"

eth_getBlockByNumber
eth_getBlockByNumber

    Block Number: 608
    Block Hash: 0x6fb0aff654cf5744d6252145a83c0a6c38a0e85b2b62fdc4c0a6293ee32e4cea
    Block Time: "Sun, 4 Oct 2026 11:32:38 +0000"

eth_getLogs
eth_getTransactionByHash
eth_getTransactionReceipt
eth_blockNumber
eth_getTransactionReceipt
eth_getBlockByNumber
eth_getTransactionByHash
eth_getBlockByNumber
eth_getLogs
eth_blockNumber
eth_getTransactionReceipt
eth_getBlockByNumber
eth_getBlockByNumber
eth_blockNumber
eth_getTransactionReceipt

    Block Number: 609
    Block Hash: 0x0614906f350b2800188505f3b084d2966c601095ffd71ab655b2ba699f8d432c
    Block Time: "Sun, 4 Oct 2026 11:32:38 +0000"

eth_getBlockByNumber
eth_getBlockByNumber
eth_getLogs
eth_blockNumber
eth_getTransactionReceipt
eth_getBlockByNumber
eth_getBlockByNumber
eth_getBlockByNumber
eth_getBlockByNumber

    Block Number: 610
    Block Hash: 0xe147f9ecabcc40b0edcad376dd45d84544333b1655101107b915e73614003153
    Block Time: "Sun, 4 Oct 2026 11:32:38 +0000"

eth_getBlockByNumber
eth_getBlockByNumber
eth_getLogs
eth_getBlockByNumber
eth_getBlockByNumber

    Block Number: 611
    Block Hash: 0x9179465fb11ad835b2db424128def6bc500596c7cade88fd3e2615a6a7116995
    Block Time: "Sun, 4 Oct 2026 11:32:38 +0000"

eth_getBlockByNumber
eth_getBlockByNumber
eth_getLogs
eth_getBlockByNumber
eth_getBlockByNumber
eth_feeHistory
eth_simulateV1
eth_sendRawTransaction
eth_getTransactionReceipt

    Transaction: 0xa7b9090657feab7407d82584005fb8846bf9d0c427a75889c2e8c2b74a5aaed6
    Gas used: 96809

    Block Number: 612
    Block Hash: 0x26b5f27f16e651e860b5d0ab3e35534380a39caa1b0aa99f1c99898bbb3d1bfc
    Block Time: "Sun, 4 Oct 2026 11:32:38 +0000"

eth_getBlockByNumber
eth_getBlockByNumber
eth_getLogs

    Block Number: 613
    Block Hash: 0x0b97a77b01050ffef0dcafb3b81388ec83f212380a0511cc46d3da7339c71fcb
    Block Time: "Sun, 4 Oct 2026 11:32:39 +0000"

eth_getTransactionReceipt
eth_blockNumber
eth_getTransactionReceipt
eth_getBlockByNumber
eth_getBlockByNumber
eth_getLogs
eth_blockNumber
eth_getTransactionReceipt
eth_getBlockByNumber
eth_getBlockByNumber
eth_blockNumber
eth_getTransactionReceipt

    Block Number: 614
    Block Hash: 0xef681aaf76be9c7e2933a232e42710cf676a6773c46deff9a6777bfa97351c1c
    Block Time: "Sun, 4 Oct 2026 11:32:39 +0000"

eth_getBlockByNumber
eth_getBlockByNumber
eth_getLogs
eth_blockNumber
eth_getTransactionReceipt
eth_feeHistory
eth_simulateV1
eth_sendRawTransaction
eth_getTransactionReceipt

    Transaction: 0xd2c6dd0cd914c9a536eda14ab18d89fa0975548c4cff1cd0ac52ab8abab981df
    Gas used: 171368

    Block Number: 615
    Block Hash: 0x5ffd2d86b43654de47ee0e38cb880a52e1a399338631e223d78c0a64612d5bc4
    Block Time: "Sun, 4 Oct 2026 11:32:39 +0000"

eth_getBlockByNumber
eth_getBlockByNumber
eth_getLogs
eth_getTransactionReceipt
eth_blockNumber
eth_getTransactionReceipt
eth_getBlockByNumber
eth_getBlockByNumber

    Block Number: 616
    Block Hash: 0x5c8ad3aee23c9a4df2378f42f3b9ada13bd2465d238bedcadd8091bca48b3425
    Block Time: "Sun, 4 Oct 2026 11:32:39 +0000"

eth_blockNumber
eth_getTransactionReceipt
eth_getBlockByNumber
eth_getBlockByNumber
eth_getLogs
eth_blockNumber
eth_getTransactionReceipt
eth_getBlockByNumber
eth_getBlockByNumber
eth_blockNumber
eth_getTransactionReceipt

    Block Number: 617
    Block Hash: 0x148db16c759b7e26eef9a8c0122de76a0441dd45ae9e1d74ec61620decca5f44
    Block Time: "Sun, 4 Oct 2026 11:32:39 +0000"

eth_getBlockByNumber
eth_getBlockByNumber
eth_getLogs
eth_blockNumber
eth_getTransactionReceipt
eth_getBlockByNumber
eth_getBlockByNumber
eth_getBlockByNumber
eth_getBlockByNumber

    Block Number: 618
    Block Hash: 0x4497892ca1edf26102da474ffb4fe50e661bf2370938aae015cbc9bc96e4208f
    Block Time: "Sun, 4 Oct 2026 11:32:40 +0000"

eth_getBlockByNumber
eth_getBlockByNumber
eth_getLogs
eth_getBlockByNumber
eth_getBlockByNumber

    Block Number: 619
    Block Hash: 0xe51c1259d65559ec37921980fc9b004c9e7f3ea7c768988b9238a7feb22991ac
    Block Time: "Sun, 4 Oct 2026 11:32:40 +0000"

eth_getBlockByNumber
eth_getBlockByNumber
eth_getLogs
eth_getBlockByNumber
eth_getBlockByNumber
eth_getBlockByNumber
eth_getBlockByNumber

    Block Number: 620
    Block Hash: 0x1a676c91719f908f6184d75bd6c2dde32f6df3af4fc0b6ee48ae06ad26c1c30f
    Block Time: "Sun, 4 Oct 2026 11:32:40 +0000"

eth_getBlockByNumber
eth_getBlockByNumber
eth_getLogs
eth_getBlockByNumber
eth_getBlockByNumber

    Block Number: 621
    Block Hash: 0xf879db5fb6f30f5434925df0391ebed0066ad88e60c50e413d72ea3433602504
    Block Time: "Sun, 4 Oct 2026 11:32:40 +0000"

eth_blockNumber
eth_feeHistory
eth_getBlockByNumber
eth_getBlockByNumber
eth_getLogs
eth_getBlockByNumber
eth_getBlockByNumber
eth_getBlockByNumber
eth_getBlockByNumber

    Block Number: 622
    Block Hash: 0xc63917a89566b7fe2b5a87f9f4297428408947d2bc70be5a40889f7a7263fded
    Block Time: "Sun, 4 Oct 2026 11:32:41 +0000"

eth_getBlockByNumber
eth_getBlockByNumber
eth_getLogs
eth_getBlockByNumber
eth_getBlockByNumber

    Block Number: 623
    Block Hash: 0xcd986e69fb313edb55efee3773a25604f1543ed0f64d366a4dd41b46199e68e8
    Block Time: "Sun, 4 Oct 2026 11:32:41 +0000"

eth_getBlockByNumber
eth_getBlockByNumber
eth_getLogs
eth_getBlockByNumber
eth_getBlockByNumber
eth_getBlockByNumber
eth_getBlockByNumber

    Block Number: 624
    Block Hash: 0x302bdcb2ce0fe43247a57c886a5f16e5f9a4be601e8fb7644d0b1e6c1c133138
    Block Time: "Sun, 4 Oct 2026 11:32:41 +0000"

eth_getBlockByNumber
eth_getBlockByNumber
eth_getLogs
eth_getBlockByNumber
eth_getBlockByNumber

    Block Number: 625
    Block Hash: 0x910376f1c3d53c67f84e4693968033fe7289d17ae6a3fe78980b83ffe075b647
    Block Time: "Sun, 4 Oct 2026 11:32:41 +0000"

eth_getBlockByNumber
eth_getBlockByNumber
eth_getLogs
eth_getBlockByNumber
eth_getBlockByNumber
eth_call
eth_feeHistory
eth_simulateV1
eth_sendRawTransaction
eth_getTransactionReceipt

    Transaction: 0x12f607c3336ce1301504bec4630755edec03b79b90706c6e553105b021a8f8b7
    Gas used: 141886

    Block Number: 626
    Block Hash: 0xe64d0fbfbffe2d95e3b70ea2ef96f165aff2bc1abaf159a452fb44c2e1b90abc
    Block Time: "Sun, 4 Oct 2026 11:32:41 +0000"

eth_getBlockByNumber
eth_getBlockByNumber
eth_getLogs
eth_getTransactionByHash

    Block Number: 627
    Block Hash: 0xe0a50762bb0b57ab6f3878e15b7206ce135fb199327fb5d6ef6dec762dd27010
    Block Time: "Sun, 4 Oct 2026 11:32:42 +0000"

eth_getTransactionReceipt
eth_blockNumber
eth_getTransactionReceipt
eth_getBlockByNumber
eth_getTransactionByHash
eth_getBlockByNumber
eth_getLogs
eth_blockNumber
eth_getTransactionReceipt
eth_getBlockByNumber
eth_getBlockByNumber

    Block Number: 628
    Block Hash: 0x80052cb5e4d276481bb4d24392c0b1172e9cb4808b3d45ffb1fd41a3c177d71e
    Block Time: "Sun, 4 Oct 2026 11:32:42 +0000"

eth_blockNumber
eth_getTransactionReceipt
eth_getBlockByNumber
eth_getBlockByNumber
eth_getLogs
eth_getBlockByNumber
eth_getBlockByNumber
eth_getBlockByNumber
eth_getBlockByNumber

    Block Number: 629
    Block Hash: 0xa46a1758c15d743b4f8785bd06b6db539317f181caba9f82eff5c60c3227739b
    Block Time: "Sun, 4 Oct 2026 11:32:42 +0000"

eth_getBlockByNumber
eth_getBlockByNumber
eth_getLogs
eth_getBlockByNumber
eth_getBlockByNumber

    Block Number: 630
    Block Hash: 0x8ccc876e127a5b899602b6f2cbb56ff46c6dc5af38c0d793205a0a14dd68dee3
    Block Time: "Sun, 4 Oct 2026 11:32:42 +0000"

eth_getBlockByNumber
eth_getBlockByNumber
eth_getLogs
eth_getBlockByNumber
eth_getBlockByNumber
eth_feeHistory
eth_simulateV1
eth_sendRawTransaction
eth_getTransactionReceipt

    Transaction: 0xc0b53f3f006dedeef79367764f18aef0554f2eba79e8a9c80aca192249d7d50f
    Gas used: 96809

    Block Number: 631
    Block Hash: 0xdd879c767b5df11ea8d5ed962b185a3e5f2ccebcc438bd3f3adc4f93d818aabc
    Block Time: "Sun, 4 Oct 2026 11:32:42 +0000"

eth_getBlockByNumber
eth_getBlockByNumber
eth_getLogs

    Block Number: 632
    Block Hash: 0x39540d400036bf8f3e764d4fd5bb08fb2506827110a338d25318ebb17117f44a
    Block Time: "Sun, 4 Oct 2026 11:32:43 +0000"

eth_getTransactionReceipt
eth_blockNumber
eth_getTransactionReceipt
eth_getBlockByNumber
eth_getBlockByNumber
eth_getLogs
eth_blockNumber
eth_getTransactionReceipt
eth_getBlockByNumber
eth_getBlockByNumber
eth_blockNumber
eth_getTransactionReceipt

    Block Number: 633
    Block Hash: 0x5436122f51bb00cbd6aea189e40adb1cb468094a22ed335b2b20d0e520ea7431
    Block Time: "Sun, 4 Oct 2026 11:32:43 +0000"

eth_getBlockByNumber
eth_getBlockByNumber
eth_getLogs
eth_blockNumber
eth_getTransactionReceipt
eth_feeHistory
eth_simulateV1
eth_sendRawTransaction
eth_getTransactionReceipt

    Transaction: 0xc91b8f0d585dbe25ed1807e37edade5080b9927cb08a4e05160136bde8363339
    Gas used: 171368

    Block Number: 634
    Block Hash: 0xf6008a6ab8e8ece78d84b4b434740234ba8d42e739476b2f48d1ec4f108ce677
    Block Time: "Sun, 4 Oct 2026 11:32:43 +0000"

eth_getBlockByNumber
eth_getBlockByNumber
eth_getLogs
eth_getTransactionReceipt
eth_blockNumber
eth_getTransactionReceipt
eth_getBlockByNumber
eth_getBlockByNumber

    Block Number: 635
    Block Hash: 0xc92b274465f19697157ef4011452b25e7113d511fc2a9e0d9f0fec2a478f2e34
    Block Time: "Sun, 4 Oct 2026 11:32:43 +0000"

eth_blockNumber
eth_getTransactionReceipt
eth_getBlockByNumber
eth_getBlockByNumber
eth_getLogs
eth_blockNumber
eth_getTransactionReceipt
eth_getBlockByNumber
eth_getBlockByNumber
eth_blockNumber
eth_getTransactionReceipt

    Block Number: 636
    Block Hash: 0x97b81d435da584054d10b5de3bd65ac628a13973e79cb060abdc427ca3e157b9
    Block Time: "Sun, 4 Oct 2026 11:32:43 +0000"

eth_getBlockByNumber
eth_getBlockByNumber
eth_getLogs
eth_blockNumber
eth_getTransactionReceipt
eth_getBlockByNumber
eth_getBlockByNumber
eth_getBlockByNumber
eth_getBlockByNumber

    Block Number: 637
    Block Hash: 0x8c0d3d90d72d3ea72fd9836a6b2d253e1896f142a02a73e4b0ca26f344732a87
    Block Time: "Sun, 4 Oct 2026 11:32:44 +0000"

eth_getBlockByNumber
eth_getBlockByNumber
eth_getLogs
eth_getBlockByNumber
eth_getBlockByNumber

    Block Number: 638
    Block Hash: 0xb25a9a9210ecfa06afe66739d24d5831c1cfe1d67b877163c7cb8a1934a37ee8
    Block Time: "Sun, 4 Oct 2026 11:32:44 +0000"

eth_getBlockByNumber
eth_getBlockByNumber
eth_getLogs
eth_getBlockByNumber
eth_getBlockByNumber
eth_getBlockByNumber
eth_getBlockByNumber

    Block Number: 639
    Block Hash: 0xf66540b4e22ec13fbd8bf843207209de64d474121958fab6dc420ab5f0bbdb95
    Block Time: "Sun, 4 Oct 2026 11:32:44 +0000"

eth_getBlockByNumber
eth_getBlockByNumber
eth_getLogs
eth_getBlockByNumber
eth_getBlockByNumber

    Block Number: 640
    Block Hash: 0xa6ac64894659260ca437dd07d91f321814473f2c1aa6b7c842f6d5cfe079e8d5
    Block Time: "Sun, 4 Oct 2026 11:32:44 +0000"

eth_getBlockByNumber
eth_getBlockByNumber
eth_getLogs
eth_getBlockByNumber
eth_getBlockByNumber
eth_getBlockByNumber
eth_getBlockByNumber

    Block Number: 641
    Block Hash: 0xcd30d25b90de508e1955a4a4601abb2aa3dccebe963afbb08118717bb6b9fe39
    Block Time: "Sun, 4 Oct 2026 11:32:45 +0000"

eth_getBlockByNumber
eth_getBlockByNumber
eth_getLogs
eth_getBlockByNumber
eth_getBlockByNumber

    Block Number: 642
    Block Hash: 0x636732ddb22ce930ea32ed8cab08d12b1987070c1769ca20009892d03b3ef5e2
    Block Time: "Sun, 4 Oct 2026 11:32:45 +0000"

eth_getBlockByNumber
eth_getBlockByNumber
eth_getLogs
eth_getBlockByNumber
eth_getBlockByNumber
eth_getBlockByNumber
eth_getBlockByNumber

    Block Number: 643
    Block Hash: 0x2c816494f05e25d225ae46cd7e4fe6432f9aff82a5c2f450758a765c99fc1e1e
    Block Time: "Sun, 4 Oct 2026 11:32:45 +0000"

eth_getBlockByNumber
eth_getBlockByNumber
eth_getLogs
eth_getBlockByNumber
eth_getBlockByNumber

    Block Number: 644
    Block Hash: 0x9fac132b2a291b5e8be70c1dc4c5b37d6c075cfdb064f15dd8b4cba494e9bc68
    Block Time: "Sun, 4 Oct 2026 11:32:45 +0000"

eth_getBlockByNumber
eth_getBlockByNumber
eth_getLogs
eth_getBlockByNumber
eth_getBlockByNumber
eth_call
eth_feeHistory
eth_simulateV1
eth_sendRawTransaction
eth_getTransactionReceipt

    Transaction: 0x7bb32ef2b5c670560d5c3211a9e30d2b5a7077a8061d27a3a44fb7d0007584cd
    Gas used: 141886

    Block Number: 645
    Block Hash: 0xef618338a9e7f12a8f058876154ea6d42ef5e8296fc68e5fce9a50ef8a6b7d1f
    Block Time: "Sun, 4 Oct 2026 11:32:45 +0000"

eth_getBlockByNumber
eth_getBlockByNumber
eth_getLogs
eth_getTransactionByHash

    Block Number: 646
    Block Hash: 0xb0e3b1cec70dceeaa02ca1cb9ba18730eb83b23685746e503bc94da3e50c9e3f
    Block Time: "Sun, 4 Oct 2026 11:32:46 +0000"

eth_getTransactionReceipt
eth_blockNumber
eth_getTransactionReceipt
eth_getBlockByNumber
eth_getTransactionByHash
eth_getBlockByNumber
eth_getLogs
eth_blockNumber
eth_getTransactionReceipt
eth_getBlockByNumber
eth_getBlockByNumber

    Block Number: 647
    Block Hash: 0x838b921e2e1e20c8e21034ee1485a4bee894e21885fbd913e8e3cf2f716f8f24
    Block Time: "Sun, 4 Oct 2026 11:32:46 +0000"

eth_blockNumber
eth_getTransactionReceipt
eth_getBlockByNumber
eth_getBlockByNumber
eth_getLogs
eth_getBlockByNumber
eth_getBlockByNumber
eth_getBlockByNumber
eth_getBlockByNumber

    Block Number: 648
    Block Hash: 0xe10bcb201358a71c1a06f178dbdfaebc25e9cd77d469f9be01219a765e0f0045
    Block Time: "Sun, 4 Oct 2026 11:32:46 +0000"

eth_getBlockByNumber
eth_getBlockByNumber
eth_getLogs
eth_getBlockByNumber
eth_getBlockByNumber

    Block Number: 649
    Block Hash: 0x9492be8172a22ecbd364a4215f574a30810324f38aacd4702c9ea2bf459fc287
    Block Time: "Sun, 4 Oct 2026 11:32:46 +0000"

eth_getBlockByNumber
eth_getBlockByNumber
eth_getLogs
eth_getBlockByNumber
eth_getBlockByNumber
eth_feeHistory
eth_simulateV1
eth_sendRawTransaction
eth_getTransactionReceipt

    Transaction: 0xb8fd27bc08e56d6128db4356b7e17eeec3924c7d5d4da20307dc5798e62d87c9
    Gas used: 96809

    Block Number: 650
    Block Hash: 0x25a0317de1c8c3b729fa4635bb09c0514ca0dbb6984b73f399e13b0733d9fbb2
    Block Time: "Sun, 4 Oct 2026 11:32:46 +0000"

eth_getBlockByNumber
eth_getBlockByNumber
eth_getLogs

    Block Number: 651
    Block Hash: 0x56cf4a51b238b1eb43a086d752d7e89dfe26e453a53359ba694d9bae81c35047
    Block Time: "Sun, 4 Oct 2026 11:32:47 +0000"

eth_getTransactionReceipt
eth_blockNumber
eth_getTransactionReceipt
eth_getBlockByNumber
eth_getBlockByNumber
eth_getLogs
eth_blockNumber
eth_getTransactionReceipt
eth_getBlockByNumber
eth_getBlockByNumber
eth_blockNumber
eth_getTransactionReceipt

    Block Number: 652
    Block Hash: 0x2af6ab525c78c700a560c09f8457e4f1f265fc5645cfd54a565d7f8f4be1dab5
    Block Time: "Sun, 4 Oct 2026 11:32:47 +0000"

eth_getBlockByNumber
eth_getBlockByNumber
eth_getLogs
eth_blockNumber
eth_getTransactionReceipt
eth_feeHistory
eth_simulateV1
eth_sendRawTransaction
eth_getTransactionReceipt

    Transaction: 0x2609d356edaf181c2ee015a5187e6161c1fe0b8fbb806053939f4fadd076fd8f
    Gas used: 171368

    Block Number: 653
    Block Hash: 0xe889ff612a973eb617b808c94d8b5d03f17d2980f4819d8a7f4628479d51b416
    Block Time: "Sun, 4 Oct 2026 11:32:47 +0000"

eth_getBlockByNumber
eth_getBlockByNumber
eth_getLogs
eth_getTransactionReceipt
eth_blockNumber
eth_getTransactionReceipt
eth_getBlockByNumber
eth_getBlockByNumber

    Block Number: 654
    Block Hash: 0x60fd068c126a61fad400b7d67cce525a44e426c0b7b842275d20b122c85a3e47
    Block Time: "Sun, 4 Oct 2026 11:32:47 +0000"

eth_blockNumber
eth_getTransactionReceipt
eth_getBlockByNumber
eth_getBlockByNumber
eth_getLogs
eth_blockNumber
eth_getTransactionReceipt
eth_getBlockByNumber
eth_getBlockByNumber
eth_blockNumber
eth_getTransactionReceipt

    Block Number: 655
    Block Hash: 0x5b2f923b873ae101e6be6421ab6d723c2a076719614078ec7fafc1ff77fba543
    Block Time: "Sun, 4 Oct 2026 11:32:47 +0000"

eth_getBlockByNumber
eth_getBlockByNumber
eth_getLogs
eth_blockNumber
eth_getTransactionReceipt
eth_getBlockByNumber
eth_getBlockByNumber
eth_getBlockByNumber
eth_getBlockByNumber

    Block Number: 656
    Block Hash: 0x7de39cb7d1a7a2e5504bb98cbd591febf3d2a9bf05b2db925af0a7ac69f6469f
    Block Time: "Sun, 4 Oct 2026 11:32:48 +0000"

eth_getBlockByNumber
eth_getBlockByNumber
eth_getLogs
eth_getBlockByNumber
eth_getBlockByNumber

    Block Number: 657
    Block Hash: 0xeca123144b73d342a39b3ec9743a7fb44cbc5dcd0e389b749677d9a3406d2d34
    Block Time: "Sun, 4 Oct 2026 11:32:48 +0000"

eth_getBlockByNumber
eth_getBlockByNumber
eth_getLogs
eth_getBlockByNumber
eth_getBlockByNumber
eth_getBlockByNumber
eth_getBlockByNumber

    Block Number: 658
    Block Hash: 0x7892c5d9ce596f1e71e68f296dd44722b9d3655d3c46d6dd70be4c69bd03e9d3
    Block Time: "Sun, 4 Oct 2026 11:32:48 +0000"

eth_getBlockByNumber
eth_getBlockByNumber
eth_getLogs
eth_getBlockByNumber
eth_getBlockByNumber

    Block Number: 659
    Block Hash: 0x60b084fc4928fc768d2a17dffaf92ce975101a47411620c5c99e4cbc36fb3182
    Block Time: "Sun, 4 Oct 2026 11:32:48 +0000"

eth_getBlockByNumber
eth_getBlockByNumber
eth_getLogs
eth_getBlockByNumber
eth_getBlockByNumber
eth_getBlockByNumber
eth_getBlockByNumber

    Block Number: 660
    Block Hash: 0x0d3bdb53d55279554904f4d75aaa27f7dd554beb6dbdb8d7b927926cc0af72c7
    Block Time: "Sun, 4 Oct 2026 11:32:49 +0000"

eth_getBlockByNumber
eth_getBlockByNumber
eth_getLogs
eth_getBlockByNumber
eth_getBlockByNumber

    Block Number: 661
    Block Hash: 0x3300e80fea0b4f0725695548e08da592e88c4f6e559928f5909f629dc175c36a
    Block Time: "Sun, 4 Oct 2026 11:32:49 +0000"

eth_getBlockByNumber
eth_getBlockByNumber
eth_getLogs
eth_getBlockByNumber
eth_getBlockByNumber
eth_getBlockByNumber
eth_getBlockByNumber

    Block Number: 662
    Block Hash: 0x70a215f134c9e1cdd5d3fbf30b1d7ca34dc68b6f2eb500500a00bc0f6b41748b
    Block Time: "Sun, 4 Oct 2026 11:32:49 +0000"

eth_getBlockByNumber
eth_getBlockByNumber
eth_getLogs
eth_getBlockByNumber
eth_getBlockByNumber

    Block Number: 663
    Block Hash: 0xfedb6b49e8c115ac1cc3be4ef129e6881f1658bb43f1c0e631495a433970a702
    Block Time: "Sun, 4 Oct 2026 11:32:49 +0000"

eth_getBlockByNumber
eth_getBlockByNumber
eth_getLogs
eth_getBlockByNumber
eth_getBlockByNumber
eth_call
eth_feeHistory
eth_simulateV1
eth_sendRawTransaction
eth_getBlockByNumber
eth_getTransactionReceipt

    Transaction: 0x6e8e352136f7a5e65121ffc7e7cc3fdff8c04324ece97750e0b6cddc82f6fcad
    Gas used: 141886

    Block Number: 664
    Block Hash: 0xf8675036f72f4d00c67ec79042ea492f201d8f519914f65ea041f2ff7075baca
    Block Time: "Sun, 4 Oct 2026 11:32:49 +0000"

eth_getBlockByNumber
eth_getLogs

    Block Number: 665
    Block Hash: 0xcf859684474a0e38f1a2aadaaa338b57bb1c87532152a20fe6e682ac7f57ed1a
    Block Time: "Sun, 4 Oct 2026 11:32:50 +0000"

eth_getTransactionByHash
eth_getBlockByNumber
eth_getTransactionByHash
eth_getTransactionReceipt
eth_blockNumber
eth_getTransactionReceipt
eth_getBlockByNumber
eth_getLogs
eth_getBlockByNumber
eth_blockNumber
eth_getTransactionReceipt
eth_getBlockByNumber

    Block Number: 666
    Block Hash: 0x8ad1555d0252b73af02ca6047cf8531b39188d49264e5d1663e6eaa04310a214
    Block Time: "Sun, 4 Oct 2026 11:32:50 +0000"

eth_getBlockByNumber
eth_blockNumber
eth_getTransactionReceipt
eth_getBlockByNumber
eth_getLogs
eth_getBlockByNumber
eth_getBlockByNumber
eth_getBlockByNumber
eth_getBlockByNumber

    Block Number: 667
    Block Hash: 0xb2453be5666f644826eaa737498c23762ef401f5f66b6cdd4ef874a22a1e5bf5
    Block Time: "Sun, 4 Oct 2026 11:32:50 +0000"

eth_getBlockByNumber
eth_getBlockByNumber
eth_getLogs
eth_getBlockByNumber
eth_getBlockByNumber

    Block Number: 668
    Block Hash: 0xab8089b3057269027cc26205cd0c6f69c218d4b86b4d1b01539fd7db3ff8c787
    Block Time: "Sun, 4 Oct 2026 11:32:50 +0000"

eth_getBlockByNumber
eth_getBlockByNumber
eth_getLogs
eth_getBlockByNumber
eth_getBlockByNumber
eth_feeHistory
eth_simulateV1
eth_sendRawTransaction
eth_getTransactionReceipt

    Transaction: 0x20837616f53dc37ada0924e60c26d013d8d7803915319d4b08f8fb5b4113604a
    Gas used: 96809

    Block Number: 669
    Block Hash: 0xd177b2ef9a84ffb25d09bbfe324b8301ea6b282117a2828f7d84860b0fc210ec
    Block Time: "Sun, 4 Oct 2026 11:32:50 +0000"

eth_getBlockByNumber
eth_getBlockByNumber
eth_getLogs

    Block Number: 670
    Block Hash: 0x1773c6bd70aa135ff56ff3166c8011646b7120d80a7282c59b022a9298560110
    Block Time: "Sun, 4 Oct 2026 11:32:51 +0000"

eth_getTransactionReceipt
eth_blockNumber
eth_getTransactionReceipt
eth_getBlockByNumber
eth_getBlockByNumber
eth_getLogs
eth_blockNumber
eth_getTransactionReceipt
eth_getBlockByNumber
eth_getBlockByNumber
eth_blockNumber
eth_getTransactionReceipt

    Block Number: 671
    Block Hash: 0x066d7678c255a5840f62e1d406eed25b3a747c623d7559da85d352a07b0a78f4
    Block Time: "Sun, 4 Oct 2026 11:32:51 +0000"

eth_getBlockByNumber
eth_getBlockByNumber
eth_getLogs
eth_blockNumber
eth_getTransactionReceipt
eth_feeHistory
eth_simulateV1
eth_sendRawTransaction
eth_getTransactionReceipt

    Transaction: 0x481185ae319b0df40a6265f7ebce918dbfc0b088a9b840c253b7f342ac4c380a
    Gas used: 171368

    Block Number: 672
    Block Hash: 0x6db0ad3768aaf259a72473d1ee10a05ea89c180946abc08c36105fa92d26d0df
    Block Time: "Sun, 4 Oct 2026 11:32:51 +0000"

eth_getBlockByNumber
eth_getBlockByNumber
eth_getLogs
eth_getTransactionReceipt
eth_blockNumber
eth_getTransactionReceipt
eth_getBlockByNumber
eth_getBlockByNumber

    Block Number: 673
    Block Hash: 0xc9fb0fe9d157887f20d52a0a529196dfb89bff616d87bfd4351f739b6a3c3cc4
    Block Time: "Sun, 4 Oct 2026 11:32:51 +0000"

eth_blockNumber
eth_getTransactionReceipt
eth_getBlockByNumber
eth_getBlockByNumber
eth_getLogs
eth_blockNumber
eth_getTransactionReceipt
eth_getBlockByNumber
eth_getBlockByNumber

    Block Number: 674
    Block Hash: 0x3be3cba06213561761b7eb75a96d1c666a7ed1249796fd2bd9188d48df0511c2
    Block Time: "Sun, 4 Oct 2026 11:32:51 +0000"

eth_blockNumber
eth_getTransactionReceipt
eth_getBlockByNumber
eth_getBlockByNumber
eth_getLogs
eth_getBlockByNumber
eth_getBlockByNumber
eth_getBlockByNumber
eth_getBlockByNumber

    Block Number: 675
    Block Hash: 0x652b2a9eb0295e1c10563596cbda6636960253f44843a7b54a35b364a4214b9b
    Block Time: "Sun, 4 Oct 2026 11:32:52 +0000"

eth_getBlockByNumber
eth_getBlockByNumber
eth_getLogs
eth_getBlockByNumber
eth_getBlockByNumber

    Block Number: 676
    Block Hash: 0x67c1e02e77aba074748c8f7db01d86cd7fcb4d5c1f8639401ada2ffe475d21e5
    Block Time: "Sun, 4 Oct 2026 11:32:52 +0000"

eth_getBlockByNumber
eth_getBlockByNumber
eth_getLogs
eth_getBlockByNumber
eth_getBlockByNumber
eth_getBlockByNumber
eth_getBlockByNumber

    Block Number: 677
    Block Hash: 0x3cd5afeb0b4b6cf1c8df38f0b919662594514533c0eeeb8891414672805b31ed
    Block Time: "Sun, 4 Oct 2026 11:32:52 +0000"

eth_getBlockByNumber
eth_getBlockByNumber
eth_getLogs
eth_getBlockByNumber
eth_getBlockByNumber

    Block Number: 678
    Block Hash: 0xf2864b5c032c02b296d1c1a116d7bb5bad5434ab6c45b5df87dff0956bf4c1b5
    Block Time: "Sun, 4 Oct 2026 11:32:52 +0000"

eth_getBlockByNumber
eth_getBlockByNumber
eth_getLogs
eth_getBlockByNumber
eth_getBlockByNumber
eth_getBlockByNumber
eth_getBlockByNumber

    Block Number: 679
    Block Hash: 0xf76919b044a19606dd1c192d320e70b99d7b571452113080b91424e1ddee010d
    Block Time: "Sun, 4 Oct 2026 11:32:53 +0000"

eth_getBlockByNumber
eth_getBlockByNumber
eth_getLogs
eth_getBlockByNumber
eth_getBlockByNumber

    Block Number: 680
    Block Hash: 0x12f608520d6d2115e9134fbbceb0d86a9ae570ff483d883cffe8f5dee469279f
    Block Time: "Sun, 4 Oct 2026 11:32:53 +0000"

eth_getBlockByNumber
eth_getBlockByNumber
eth_getLogs
eth_getBlockByNumber
eth_getBlockByNumber
eth_getBlockByNumber
eth_getBlockByNumber

    Block Number: 681
    Block Hash: 0xab28cfac71716bbc40f6ef6b405871dafe3aa26a077becf7f2bbc830232be10d
    Block Time: "Sun, 4 Oct 2026 11:32:53 +0000"

eth_getBlockByNumber
eth_getBlockByNumber
eth_getLogs
eth_getBlockByNumber
eth_getBlockByNumber

    Block Number: 682
    Block Hash: 0x8e006deded0123f9b1cd45385b565274486582b70e80f31dbdd654e37aa82988
    Block Time: "Sun, 4 Oct 2026 11:32:53 +0000"

eth_blockNumber
eth_feeHistory
eth_getBlockByNumber
eth_getBlockByNumber
eth_getLogs
eth_getBlockByNumber
eth_getBlockByNumber
eth_getBlockByNumber
eth_call
eth_feeHistory
eth_simulateV1
eth_sendRawTransaction
eth_getTransactionReceipt

    Transaction: 0x90faf3319c991dcdfc73a2e5f654c5e6f0721ede0a770c76bda1c71cbb28827f
    Gas used: 141886

    Block Number: 683
    Block Hash: 0x3e825f89898cadcca229064c211b6286a48aed70d47e0512fb980feac8375b9b
    Block Time: "Sun, 4 Oct 2026 11:32:54 +0000"

eth_getBlockByNumber
eth_getLogs
eth_getTransactionByHash

    Block Number: 684
    Block Hash: 0x1fd2bff6b010501493c0152f51808341a7392886f565381516384648cc0c5152
    Block Time: "Sun, 4 Oct 2026 11:32:54 +0000"

eth_getBlockByNumber
eth_getTransactionByHash
eth_getTransactionReceipt
eth_blockNumber
eth_getTransactionReceipt
eth_getBlockByNumber
eth_getLogs
eth_getBlockByNumber
eth_blockNumber
eth_getTransactionReceipt
eth_getBlockByNumber

    Block Number: 685
    Block Hash: 0x015c4aac6bc692c733abb37d864a7b68d1aa20b572404764d81e1a8e32eaf4e6
    Block Time: "Sun, 4 Oct 2026 11:32:54 +0000"

eth_getBlockByNumber
eth_blockNumber
eth_getTransactionReceipt
eth_getBlockByNumber
eth_getLogs
eth_getBlockByNumber
eth_getBlockByNumber
eth_getBlockByNumber
eth_getBlockByNumber

    Block Number: 686
    Block Hash: 0xccd5f0bd7ac455c214c92263f0cce1a7866a0b70fcf232ec6b117f05b6f9e0fc
    Block Time: "Sun, 4 Oct 2026 11:32:54 +0000"

eth_getBlockByNumber
eth_getBlockByNumber
eth_getLogs
eth_getBlockByNumber
eth_getBlockByNumber

    Block Number: 687
    Block Hash: 0x6864d07ae63c007854beb5dcc62d14fdbfbf258cdf6be34bbc77561d229d440d
    Block Time: "Sun, 4 Oct 2026 11:32:54 +0000"

eth_getBlockByNumber
eth_getBlockByNumber
eth_getLogs
eth_getBlockByNumber
eth_getBlockByNumber
eth_feeHistory
eth_simulateV1
eth_sendRawTransaction

    Transaction: 0x6056b19621a977549fa4b225ba4af9ca5c948f9a5584cbd956b61eacacc2e6c7
    Gas used: 96797

    Block Number: 688
    Block Hash: 0xa8ac1affae72c9475c17d2b4700c62f481d1783c533f709b0603535a116924cd
    Block Time: "Sun, 4 Oct 2026 11:32:54 +0000"

eth_getTransactionReceipt
eth_blockNumber
eth_getTransactionReceipt
eth_getBlockByNumber
eth_getBlockByNumber
eth_getLogs

    Block Number: 689
    Block Hash: 0x8444d226669f24128d2223b274bfc0d224471254e0e115da7a89feaf1dd72d43
    Block Time: "Sun, 4 Oct 2026 11:32:55 +0000"

eth_blockNumber
eth_getTransactionReceipt
eth_getBlockByNumber
eth_getBlockByNumber
eth_getLogs
eth_blockNumber
eth_getTransactionReceipt
eth_getBlockByNumber
eth_getBlockByNumber
eth_blockNumber
eth_getTransactionReceipt

    Block Number: 690
    Block Hash: 0x1e2a3fb7950834353fdb6c0417e96bd45cb967332d1a25e2e4dce5d57ab37730
    Block Time: "Sun, 4 Oct 2026 11:32:55 +0000"

eth_getBlockByNumber
eth_getBlockByNumber
eth_getLogs
eth_blockNumber
eth_getTransactionReceipt
eth_feeHistory
eth_simulateV1
eth_sendRawTransaction
eth_getTransactionReceipt

    Transaction: 0x1b34b86e554b634e8bcf71515dca11068ee8085e214540933dca8ab87d4317d7
    Gas used: 171356

    Block Number: 691
    Block Hash: 0x3d9929318bcaaa9fcfd8306d5f86f38bc74ecce5eb24f9bc4b44605d59f5cf6a
    Block Time: "Sun, 4 Oct 2026 11:32:55 +0000"

eth_getBlockByNumber
eth_getBlockByNumber
eth_getLogs
eth_getTransactionReceipt
eth_blockNumber
eth_getTransactionReceipt
eth_getBlockByNumber
eth_getBlockByNumber

    Block Number: 692
    Block Hash: 0x6f972147c0532066bb3b4813b5bf0c5056ec0710df6df607d6e1a4ab66607576
    Block Time: "Sun, 4 Oct 2026 11:32:55 +0000"

eth_blockNumber
eth_getTransactionReceipt
eth_getBlockByNumber
eth_getBlockByNumber
eth_getLogs
eth_blockNumber
eth_getTransactionReceipt
eth_getBlockByNumber
eth_getBlockByNumber

    Block Number: 693
    Block Hash: 0xa512a676c469b652c0486a77d0b46b8c762468f25a342c1a600b516365a14fdf
    Block Time: "Sun, 4 Oct 2026 11:32:55 +0000"

eth_blockNumber
eth_getTransactionReceipt
eth_getBlockByNumber
eth_getBlockByNumber
eth_getLogs
eth_getBlockByNumber
eth_getBlockByNumber
eth_getBlockByNumber
eth_getBlockByNumber

    Block Number: 694
    Block Hash: 0x4fdd39acf867b3fcc85401c66290ce758ac6527de8576bbac3f7607383865d2c
    Block Time: "Sun, 4 Oct 2026 11:32:56 +0000"

eth_getBlockByNumber
eth_getBlockByNumber
eth_getLogs
eth_getBlockByNumber
eth_getBlockByNumber

    Block Number: 695
    Block Hash: 0x65b6ddde0b9e209a893712ff45edca2f5297921f63b8100c70021fd57d1284ea
    Block Time: "Sun, 4 Oct 2026 11:32:56 +0000"

eth_getBlockByNumber
eth_getBlockByNumber
eth_getLogs
eth_getBlockByNumber
eth_getBlockByNumber
eth_getBlockByNumber
eth_getBlockByNumber

    Block Number: 696
    Block Hash: 0xb3e0e146e12776d5808c33059a34c1753e1b2868d31c1e98b2b0f16b40f45b13
    Block Time: "Sun, 4 Oct 2026 11:32:56 +0000"

eth_getBlockByNumber
eth_getBlockByNumber
eth_getLogs
eth_getBlockByNumber
eth_getBlockByNumber

    Block Number: 697
    Block Hash: 0x973da7703896bb54ab81417581437667e55b76115461ead7804988ed618e9b4b
    Block Time: "Sun, 4 Oct 2026 11:32:56 +0000"

eth_getBlockByNumber
eth_getBalance
eth_getBalance
eth_getTransactionCount
eth_getTransactionCount
eth_feeHistory
eth_feeHistory
eth_feeHistory
eth_feeHistory
eth_feeHistory
eth_feeHistory
eth_feeHistory
eth_feeHistory
eth_feeHistory
eth_feeHistory
eth_feeHistory
eth_feeHistory
eth_feeHistory
eth_feeHistory
eth_feeHistory
eth_feeHistory
eth_feeHistory
eth_feeHistory
eth_getBlockByNumber
eth_getLogs
eth_getBalance
eth_getTransactionCount
eth_feeHistory
eth_feeHistory
eth_feeHistory
eth_feeHistory
eth_feeHistory
eth_feeHistory
eth_feeHistory
eth_feeHistory
eth_feeHistory
eth_getBlockByNumber
eth_getBlockByNumber
eth_getBlockByNumber
eth_getBlockByNumber

    Block Number: 698
    Block Hash: 0xddf55f9937393776696a25ccac6fcf949a8176f4055a95f30fb6725974daaad0
    Block Time: "Sun, 4 Oct 2026 11:32:57 +0000"

eth_getBlockByNumber
eth_getBlockByNumber
eth_getLogs
eth_getBlockByNumber
eth_getBlockByNumber

    Block Number: 699
    Block Hash: 0xe64f02d0771482ce3d33d200fb77429a98085141e14a992cce48acde6d45c87e
    Block Time: "Sun, 4 Oct 2026 11:32:57 +0000"

eth_getBlockByNumber
eth_getBlockByNumber
eth_getLogs
eth_getBlockByNumber
eth_getBlockByNumber
eth_getBlockByNumber
eth_getBlockByNumber

    Block Number: 700
    Block Hash: 0x86dbc95f00c202c6dd4297e599899f2208edc4d463c4203070708ef2a32deca9
    Block Time: "Sun, 4 Oct 2026 11:32:57 +0000"

eth_getBlockByNumber
eth_getBlockByNumber
eth_getLogs
eth_getBlockByNumber
eth_getBlockByNumber

    Block Number: 701
    Block Hash: 0xedc7750efe4c3a9113a2019d24ce6feb0a4177a8042a466dac7ca97743279b82
    Block Time: "Sun, 4 Oct 2026 11:32:57 +0000"

eth_getBlockByNumber
eth_getBlockByNumber
eth_getLogs
eth_getBlockByNumber
eth_getBlockByNumber
eth_getBlockByNumber
eth_call
eth_feeHistory
eth_simulateV1
eth_sendRawTransaction
eth_getTransactionReceipt

    Transaction: 0xd21c4dce344e685e5e5556a2ac0c56fde9a1a02f383d0b7060dd94616991d543
    Gas used: 141874

    Block Number: 702
    Block Hash: 0x12a720007004b237b033e3e55a4a443559ee4c3346973c86bc0fc8c4ca4b0b55
    Block Time: "Sun, 4 Oct 2026 11:32:58 +0000"

eth_getBlockByNumber
eth_getLogs
eth_getTransactionByHash

    Block Number: 703
    Block Hash: 0x6e9ae87a84324c26f11924fdbc271220a2a9673f6445a2f25d481b309e44462a
    Block Time: "Sun, 4 Oct 2026 11:32:58 +0000"

eth_getBlockByNumber
eth_getTransactionByHash
eth_getTransactionReceipt
eth_blockNumber
eth_getTransactionReceipt
eth_getBlockByNumber
eth_getLogs
eth_getBlockByNumber
eth_blockNumber
eth_getTransactionReceipt
eth_getBlockByNumber

    Block Number: 704
    Block Hash: 0xc9e54aaae2d3e1f0229c5a5104359b2ac6586ef0be2874e600dffa11c1325967
    Block Time: "Sun, 4 Oct 2026 11:32:58 +0000"

eth_getBlockByNumber
eth_blockNumber
eth_getTransactionReceipt
eth_getBlockByNumber
eth_getLogs
eth_getBlockByNumber
eth_getBlockByNumber
eth_getBlockByNumber
eth_getBlockByNumber

    Block Number: 705
    Block Hash: 0x7e84876e7fe5fffdcbf2a5770aa3ebfa869b3578a964705d2f1c75cb53763041
    Block Time: "Sun, 4 Oct 2026 11:32:58 +0000"

eth_getBlockByNumber
eth_getBlockByNumber
eth_getLogs
eth_getBlockByNumber
eth_getBlockByNumber

    Block Number: 706
    Block Hash: 0xe7156426a1502a93925e7ea0602d29437867d93af07fe86e7794ea38d3f15944
    Block Time: "Sun, 4 Oct 2026 11:32:58 +0000"

eth_getBlockByNumber
eth_getBlockByNumber
eth_getLogs
eth_getBlockByNumber
eth_getBlockByNumber
eth_feeHistory
eth_simulateV1
eth_sendRawTransaction

    Transaction: 0x42e174338c08bd1e140918e4501632049b776e270df62d20eb57747b58cc221d
    Gas used: 96797

    Block Number: 707
    Block Hash: 0x1c3cbe825104455489c9d1de2eb29b98521a4bb4607fb8f66437bfedb75956be
    Block Time: "Sun, 4 Oct 2026 11:32:58 +0000"

eth_getTransactionReceipt
eth_blockNumber
eth_getTransactionReceipt
eth_getBlockByNumber
eth_getBlockByNumber
eth_getLogs

    Block Number: 708
    Block Hash: 0xdbac3c2a8f6a18d1545ec523a8ade716a81fbb88f1cd1316a2cf686665c688fa
    Block Time: "Sun, 4 Oct 2026 11:32:59 +0000"

eth_blockNumber
eth_getTransactionReceipt
eth_getBlockByNumber
eth_getBlockByNumber
eth_getLogs
eth_blockNumber
eth_getTransactionReceipt
eth_getBlockByNumber
eth_getBlockByNumber
eth_blockNumber
eth_getTransactionReceipt

    Block Number: 709
    Block Hash: 0x557cda935235717bac834c23f285426893da54b08d65d90b249cc84bd14441b5
    Block Time: "Sun, 4 Oct 2026 11:32:59 +0000"

eth_getBlockByNumber
eth_getBlockByNumber
eth_getLogs
eth_blockNumber
eth_getTransactionReceipt
eth_feeHistory
eth_simulateV1
eth_sendRawTransaction
eth_getTransactionReceipt

    Transaction: 0x154d2b6cff5f212adac1815ff78329c5e2952b001b96c423595d5df6c9c3c1c8
    Gas used: 171368

    Block Number: 710
    Block Hash: 0x13908fb31d95de8ef82b0890b0cb53d3e5a0f967df7c7475cfd568a7231fdbea
    Block Time: "Sun, 4 Oct 2026 11:32:59 +0000"

eth_getBlockByNumber
eth_getBlockByNumber
eth_getLogs
eth_getTransactionReceipt
eth_blockNumber
eth_getTransactionReceipt
eth_getBlockByNumber
eth_getBlockByNumber

    Block Number: 711
    Block Hash: 0x724d4060d8a3faf874172f600683287ce5d2748348eba585902af83e9518ccbc
    Block Time: "Sun, 4 Oct 2026 11:32:59 +0000"

eth_blockNumber
eth_getTransactionReceipt
eth_getBlockByNumber
eth_getBlockByNumber
eth_getLogs
eth_blockNumber
eth_getTransactionReceipt
eth_getBlockByNumber
eth_getBlockByNumber

    Block Number: 712
    Block Hash: 0x576dc07f4d059a8da87c5a32565568a099b7bd1e9068ebc7ffe9df427b0eac4f
    Block Time: "Sun, 4 Oct 2026 11:32:59 +0000"

eth_blockNumber
eth_getTransactionReceipt
eth_getBlockByNumber
eth_getBlockByNumber
eth_getLogs
eth_getBlockByNumber
eth_getBlockByNumber
eth_getBlockByNumber
eth_getBlockByNumber

    Block Number: 713
    Block Hash: 0x3c9cef39158403e9e8d1858e53ea4db1ad10ffeb39e2f47c318526ce5879155e
    Block Time: "Sun, 4 Oct 2026 11:33:00 +0000"

eth_getBlockByNumber
eth_getBlockByNumber
eth_getLogs
eth_getBlockByNumber
eth_getBlockByNumber

    Block Number: 714
    Block Hash: 0x5113200bd8e38afe31ad39687811c88844ce308ee180e76d48122f77b93dc157
    Block Time: "Sun, 4 Oct 2026 11:33:00 +0000"

eth_getBlockByNumber
eth_getBlockByNumber
eth_getLogs
eth_getBlockByNumber
eth_getBlockByNumber
eth_getBlockByNumber
eth_getBlockByNumber

    Block Number: 715
    Block Hash: 0xfc32c47a7571b819e3873a8638b54fb49849b8a72cd6de4119c7f960e7c93781
    Block Time: "Sun, 4 Oct 2026 11:33:00 +0000"

eth_getBlockByNumber
eth_getBlockByNumber
eth_getLogs
eth_getBlockByNumber
eth_getBlockByNumber

    Block Number: 716
    Block Hash: 0x848809e648cecb7b111bc99e551063e549e29f5e782f5b1de33dc432011c72d4
    Block Time: "Sun, 4 Oct 2026 11:33:00 +0000"

eth_getBlockByNumber
eth_getBlockByNumber
eth_getLogs
eth_getBlockByNumber
eth_getBlockByNumber
eth_getBlockByNumber
eth_getBlockByNumber

    Block Number: 717
    Block Hash: 0x6441982468408b323f4444b107c03988231ffdbbdf6857628c983267b84a9bb6
    Block Time: "Sun, 4 Oct 2026 11:33:01 +0000"

eth_getBlockByNumber
eth_getBlockByNumber
eth_getLogs
eth_getBlockByNumber
eth_getBlockByNumber

    Block Number: 718
    Block Hash: 0x8c189b85ed0e30282124ff10b997ffdace3e84d33735460f9ea8cfe423700311
    Block Time: "Sun, 4 Oct 2026 11:33:01 +0000"

eth_getBlockByNumber
eth_getBlockByNumber
eth_getLogs
eth_getBlockByNumber
eth_getBlockByNumber
eth_getBlockByNumber
eth_getBlockByNumber

    Block Number: 719
    Block Hash: 0xbdd7abc2d681be466427bdf6b71af3907ffd2d564c9198c6902ac3865febf090
    Block Time: "Sun, 4 Oct 2026 11:33:01 +0000"

eth_getBlockByNumber
eth_getBlockByNumber
eth_getLogs
