

                             _   _
                            (_) | |
      __ _   _ __   __   __  _  | |
     / _` | | '_ \  \ \ / / | | | |
    | (_| | | | | |  \ V /  | | | |
     \__,_| |_| |_|   \_/   |_| |_|

    1.5.1-v1.5.1 (b0a9dd9ced 2025-12-19T14:07:55.455914129Z)
    https://github.com/foundry-rs/foundry

Available Accounts
==================

(0) 0xf39Fd6e51aad88F6F4ce6aB8827279cffFb92266 (10000.000000000000000000 ETH)
(1) 0x70997970C51812dc3A010C7d01b50e0d17dc79C8 (10000.000000000000000000 ETH)
(2) 0x3C44CdDdB6a900fa2b585dd299e03d12FA4293BC (10000.000000000000000000 ETH)
(3) 0x90F79bf6EB2c4f870365E785982E1f101E93b906 (10000.000000000000000000 ETH)
(4) 0x15d34AAf54267DB7D7c367839AAf71A00a2C6A65 (10000.000000000000000000 ETH)
(5) 0x9965507D1a55bcC2695C58ba16FB37d819B0A4dc (10000.000000000000000000 ETH)
(6) 0x976EA74026E726554dB657fA54763abd0C3a0aa9 (10000.000000000000000000 ETH)
(7) 0x14dC79964da2C08b23698B3D3cc7Ca32193d9955 (10000.000000000000000000 ETH)
(8) 0x23618e81E3f5cdF7f54C3d65f7FBc0aBf5B21E8f (10000.000000000000000000 ETH)
(9) 0xa0Ee7A142d267C1f36714E4a8F75612F20a79720 (10000.000000000000000000 ETH)

Private Keys
==================

(0) 0xac0974bec39a17e36ba4a6b4d238ff944bacb478cbed5efcae784d7bf4f2ff80
(1) 0x59c6995e998f97a5a0044966f0945389dc9e86dae88c7a8412f4603b6b78690d
(2) 0x5de4111afa1a4b94908f83103eb1f1706367c2e68ca870fc3fb9a804cdab365a
(3) 0x7c852118294e51e653712a81e05800f419141751be58f605c371e15141b007a6
(4) 0x47e179ec197488593b187f80a00eb0da91f1b9d0b13f8733639f19c30a34926a
(5) 0x8b3a350cf5c34c9194ca85829a2df0ec3153be0318b5e2d3348e872092edffba
(6) 0x92db14e403b83dfe3df233f83dfa3a0d7096f21ca9b0d6d6b8d88b2b4ec1564e
(7) 0x4bbbf85ce3377467afe5d46f804f221813b2bb87f24d81f60f1fcdbf7cbf4356
(8) 0xdbda1821b80551c9d65939329250298aa3472ba22feea921c0cf5d620ea67b97
(9) 0x2a871d0798f97d79848a013d4936a73bf4cc922c825d33c1cf7073dff6d409c6

Wallet
==================
Mnemonic:          test test test test test test test test test test test junk
Derivation path:   m/44'/60'/0'/0/


Chain ID
==================

31337

Base Fee
==================

1000000000

Gas Limit
==================

30000000

Genesis Timestamp
==================

1791123351

Genesis Number
==================

0

Listening on 127.0.0.1:8545

    Block Number: 129
    Block Hash: 0x98092b2a7f4082f3c906fa2dcbd57a09467b2af6a61c813010e0dd6cb01b4ce7
    Block Time: "Sun, 4 Oct 2026 14:15:52 +0000"


    Block Number: 130
    Block Hash: 0x4a224dbc86ce012f25209b439e9f641deaab78b916fba4a55c9792ea5bccef51
    Block Time: "Sun, 4 Oct 2026 14:15:52 +0000"

eth_blockNumber
eth_getBlockByNumber
eth_getBlockByNumber
eth_config
eth_chainId

    Block Number: 131
    Block Hash: 0x2d52a150da751f8656dcaceb533e8f2346ed03ed7e9eed573897b283b94c37f9
    Block Time: "Sun, 4 Oct 2026 14:15:52 +0000"

eth_getBlockByNumber
eth_getTransactionCount
eth_getTransactionCount
eth_getBlockByNumber
eth_call
eth_blockNumber
eth_getCode
eth_getCode
eth_getCode
eth_getCode
eth_getCode
eth_getCode
eth_getCode
eth_getCode
eth_getLogs
eth_getLogs
eth_getBlockByNumber
eth_getBlockByNumber
eth_chainId
eth_call
eth_call
eth_call
eth_call
eth_call
eth_blockNumber
eth_call
eth_call
eth_call
eth_getBlockByNumber
eth_getCode
eth_call
eth_call
eth_call

RPC request failed:
    Request: EthCall(WithOtherFields { inner: TransactionRequest { from: Some(0xe47b73a898daabc51ab5e0d93c01ed5da9c98996), to: Some(Call(0xe05bfdd95a6a04a5e99b9aba0177474a692895eb)), gas_price: None, max_fee_per_gas: None, max_priority_fee_per_gas: None, max_fee_per_blob_gas: None, gas: None, value: None, input: TransactionInput { input: Some(0x4d4b2cab000000000000000000000000d36307ad1049a678adfa86edd1de0e3d14ad8713), data: None }, nonce: None, chain_id: None, access_list: None, transaction_type: None, blob_versioned_hashes: None, sidecar: None, authorization_list: None }, other: OtherFields {} }, Some(latest), None, None)
    Error: Execution error: execution reverted

eth_call
eth_call
eth_call
eth_blockNumber
eth_call
eth_call
eth_call
eth_call
eth_call
eth_call
eth_getBlockByNumber
eth_getCode
eth_call
eth_call

    Block Number: 132
    Block Hash: 0xca1391c77bcefe02e7cffe875b97c39f6f20339855e0e4787da12212f604f219
    Block Time: "Sun, 4 Oct 2026 14:15:52 +0000"

eth_blockNumber
eth_blockNumber
eth_blockNumber
eth_blockNumber
eth_feeHistory
eth_call
eth_blockNumber
eth_blockNumber
eth_call
eth_call
eth_call
eth_blockNumber
eth_call
eth_call
eth_getBlockByNumber
eth_call
eth_blockNumber
eth_call
eth_blockNumber
eth_getLogs
eth_call
eth_getLogs
eth_call
eth_getBlockByNumber
eth_call
eth_call
eth_call
eth_call
eth_call
eth_call
eth_call
eth_call
eth_getLogs
eth_call
eth_call
eth_call
eth_getCode
eth_call
eth_blockNumber
eth_blockNumber
eth_getLogs
eth_getBalance
eth_getBalance
eth_blockNumber
eth_call
eth_call
eth_getTransactionCount
eth_getTransactionCount
eth_call
eth_call
eth_call
eth_getBalance
eth_getBalance
eth_call
eth_getTransactionCount
eth_getTransactionCount
eth_blockNumber
eth_feeHistory
eth_call
eth_feeHistory
eth_feeHistory
eth_getLogs
eth_feeHistory
eth_feeHistory
eth_getLogs
eth_feeHistory
eth_feeHistory
eth_feeHistory
eth_feeHistory
eth_call
eth_call
eth_feeHistory
eth_feeHistory
eth_feeHistory
eth_call
eth_feeHistory
eth_feeHistory
eth_feeHistory
eth_call
eth_feeHistory
eth_feeHistory
eth_call
eth_feeHistory
eth_call
eth_call
eth_getBlockByNumber
eth_getLogs
eth_getBalance
eth_getTransactionCount
eth_getBalance
eth_getTransactionCount
eth_feeHistory
eth_feeHistory
eth_feeHistory
eth_feeHistory
eth_feeHistory
eth_feeHistory
eth_feeHistory
eth_feeHistory
eth_feeHistory
eth_getBlockByNumber
eth_getBlockByNumber
eth_getBlockByNumber

    Block Number: 133
    Block Hash: 0x6aa7fdf71fd201e9a20cdeaa0335207e0da03442a015ec3111cced66de58ddc2
    Block Time: "Sun, 4 Oct 2026 14:15:53 +0000"

eth_getBlockByNumber
eth_getLogs
eth_getBlockByNumber
eth_getLogs
eth_getBlockByNumber
eth_getBlockByNumber
eth_getBlockByNumber

    Block Number: 134
    Block Hash: 0xdedcec8dc0d52d7127217c4fbeb65ce48395905b6be840bc042b585e667f0438
    Block Time: "Sun, 4 Oct 2026 14:15:53 +0000"

eth_getBlockByNumber
eth_getLogs
eth_getBlockByNumber
eth_getLogs
eth_getBlockByNumber
eth_getBlockByNumber
eth_getBlockByNumber

    Block Number: 135
    Block Hash: 0xe43addc936a5892673d2da8cb1f9fc77c6082e970a7ee8bc93d21d297da22b05
    Block Time: "Sun, 4 Oct 2026 14:15:53 +0000"

eth_getBlockByNumber
eth_getLogs
eth_getBlockByNumber
eth_getLogs
eth_getBlockByNumber
eth_getBlockByNumber
eth_getBlockByNumber

    Block Number: 136
    Block Hash: 0xcc8ba75f9b46ca5ba59f15b2865fcdebaec41f5e21e325260af0d533b9371efe
    Block Time: "Sun, 4 Oct 2026 14:15:53 +0000"

eth_getBlockByNumber
eth_getLogs
eth_getBlockByNumber
eth_getLogs
eth_getBlockByNumber
eth_getBlockByNumber
eth_getBlockByNumber

    Block Number: 137
    Block Hash: 0xacf4de93fec1dfd74e2527f301b01cab88d5885998ed46f6e068e1b3ddd907fe
    Block Time: "Sun, 4 Oct 2026 14:15:54 +0000"

eth_getBlockByNumber
eth_getLogs
eth_getBlockByNumber
eth_getLogs
eth_getBlockByNumber
eth_getBlockByNumber
eth_getBlockByNumber

    Block Number: 138
    Block Hash: 0x474c3af173dc484c247e6ae31c35367c8fe756b3a994a191c15bf64b1a108458
    Block Time: "Sun, 4 Oct 2026 14:15:54 +0000"

eth_getBlockByNumber
eth_getLogs
eth_getBlockByNumber
eth_getLogs
eth_getBlockByNumber
eth_getBlockByNumber
eth_getBlockByNumber

    Block Number: 139
    Block Hash: 0xa3f748f8d6b81fad32169cf3f3e4e2411886784d0331ed5a414658b9caf2d0a6
    Block Time: "Sun, 4 Oct 2026 14:15:54 +0000"

eth_getBlockByNumber
eth_getLogs
eth_getBlockByNumber
eth_getLogs
eth_getBlockByNumber
eth_getBlockByNumber
eth_getBlockByNumber

    Block Number: 140
    Block Hash: 0x8a029fe3f3207058fb7ebe23b0180d518acf13d6945ba94c1fec6141d4fe19ba
    Block Time: "Sun, 4 Oct 2026 14:15:54 +0000"

eth_getBlockByNumber
eth_getLogs
eth_getBlockByNumber
eth_getLogs
eth_getBlockByNumber
eth_getBlockByNumber
eth_getBlockByNumber

    Block Number: 141
    Block Hash: 0x812d314fc044ecdede80cc84e9a37016a6eea3b938bcc28af11637b8703bd5c6
    Block Time: "Sun, 4 Oct 2026 14:15:55 +0000"

eth_getBlockByNumber
eth_getLogs
eth_getBlockByNumber
eth_getLogs
eth_getBlockByNumber
eth_getBlockByNumber
eth_getBlockByNumber

    Block Number: 142
    Block Hash: 0x23d5e6d44b8c9ab92d78eb3aefd7f1c55dd7cc504a01248913bfccb02f77bdd2
    Block Time: "Sun, 4 Oct 2026 14:15:55 +0000"

eth_getBlockByNumber
eth_getLogs
eth_getBlockByNumber
eth_getLogs
eth_getBlockByNumber
eth_getBlockByNumber
eth_getBlockByNumber

    Block Number: 143
    Block Hash: 0x50f70aa2310cb3b47e011fb871e4774403e8df806dbc5aac528fa23002c512e3
    Block Time: "Sun, 4 Oct 2026 14:15:55 +0000"

eth_getBlockByNumber
eth_getLogs
eth_getBlockByNumber
eth_getLogs
eth_getBlockByNumber
eth_getBlockByNumber
eth_getBlockByNumber

    Block Number: 144
    Block Hash: 0x140cb4ae293c95b8eb84bc3d38c9691cb4c36fb4b3cc22648b428857ac4e61d8
    Block Time: "Sun, 4 Oct 2026 14:15:55 +0000"

eth_getBlockByNumber
eth_getLogs
eth_getBlockByNumber
eth_getLogs
eth_getBlockByNumber
eth_getBlockByNumber
eth_getBlockByNumber

    Block Number: 145
    Block Hash: 0xc0a09dfedaae9ba26f3c0e420aa2acfa0bbe8b67228642e3d9d323dc4cdc95b7
    Block Time: "Sun, 4 Oct 2026 14:15:56 +0000"

eth_getBlockByNumber
eth_getLogs
eth_getBlockByNumber
eth_getLogs
eth_getBlockByNumber
eth_getBlockByNumber
eth_getBlockByNumber

    Block Number: 146
    Block Hash: 0xb12c0a962d32e19f7a2abf4ef1f729faffcf71d6d923443a8a85fa61612cae72
    Block Time: "Sun, 4 Oct 2026 14:15:56 +0000"

eth_getBlockByNumber
eth_getLogs
eth_getBlockByNumber
eth_getLogs
eth_getBlockByNumber
eth_getBlockByNumber
eth_getBlockByNumber

    Block Number: 147
    Block Hash: 0x6bc6819a4d0aee70e4b92289afe6d3351d3d5620d63f3b703e5017e654a92603
    Block Time: "Sun, 4 Oct 2026 14:15:56 +0000"

eth_getBlockByNumber
eth_getLogs
eth_getBlockByNumber
eth_getLogs
eth_getBlockByNumber
eth_getBlockByNumber
eth_getBlockByNumber

    Block Number: 148
    Block Hash: 0x2eb84e52df93473ab0b300ca5126b4da6dbc7e9abe6f2cdf78cf86247b237a7f
    Block Time: "Sun, 4 Oct 2026 14:15:56 +0000"

eth_getBlockByNumber
eth_getLogs
eth_getLogs
eth_getBlockByNumber
eth_getLogs
eth_getBlockByNumber
eth_getBlockByNumber
eth_getBlockByNumber

    Block Number: 149
    Block Hash: 0x905a38142510112c9d9a7cce12f8fe06eee44ac4521e99b7968bcfab14069743
    Block Time: "Sun, 4 Oct 2026 14:15:57 +0000"

eth_getBlockByNumber
eth_getLogs
eth_getBlockByNumber
eth_getLogs
eth_getLogs
eth_getBlockByNumber
eth_getBlockByNumber
eth_getBlockByNumber

    Block Number: 150
    Block Hash: 0x2ddd5e82a4899e09bf385bef4b39245701ac5800cff0b646766bfbbdeb6a7738
    Block Time: "Sun, 4 Oct 2026 14:15:57 +0000"

eth_getBlockByNumber
eth_getLogs
eth_getLogs
eth_getBlockByNumber
eth_getLogs
eth_getBlockByNumber
eth_getBlockByNumber
eth_getBlockByNumber

    Block Number: 151
    Block Hash: 0x09936cc2548eca57dc0cf0cfda78d4199ccbe4c86c9871f861f8995f407b410c
    Block Time: "Sun, 4 Oct 2026 14:15:57 +0000"

eth_getBlockByNumber
eth_getLogs
eth_getBlockByNumber
eth_getBlockByNumber
eth_getBlockByNumber
eth_getBlockByNumber

    Block Number: 152
    Block Hash: 0x47347a62ab502425f46aee38d86030f4f389a458e991860911eda489a6c89ce3
    Block Time: "Sun, 4 Oct 2026 14:15:57 +0000"

eth_getBlockByNumber
eth_getBlockByNumber
eth_getLogs
eth_getBlockByNumber
eth_getBlockByNumber
eth_getBlockByNumber

    Block Number: 153
    Block Hash: 0xb8084a84b43a112d98560c47f29d8e2121c037017ddb768e6c6abb9c6395244b
    Block Time: "Sun, 4 Oct 2026 14:15:58 +0000"

eth_getBlockByNumber
eth_getLogs
eth_getBlockByNumber
eth_getBlockByNumber
eth_getBlockByNumber
eth_getBlockByNumber

    Block Number: 154
    Block Hash: 0xec903f252f197e68c930532e9cd427e4101d2ce6565a6ed97d8a1bc764a93ea5
    Block Time: "Sun, 4 Oct 2026 14:15:58 +0000"

eth_getBlockByNumber
eth_getBlockByNumber
eth_getLogs
eth_getBlockByNumber
eth_getBlockByNumber
eth_getBlockByNumber

    Block Number: 155
    Block Hash: 0x922edc3d140006e6310c3a217143a4ba35abdc75276828a026fc62fcd56a1937
    Block Time: "Sun, 4 Oct 2026 14:15:58 +0000"

eth_getBlockByNumber
eth_getLogs
eth_getBlockByNumber
eth_getBlockByNumber
eth_getBlockByNumber
eth_getBlockByNumber

    Block Number: 156
    Block Hash: 0xe6349c38a985626b46df5c8d2362dc33b4a8ef0c57d950c9f90461a95b2f442f
    Block Time: "Sun, 4 Oct 2026 14:15:58 +0000"

eth_getBlockByNumber
eth_getBlockByNumber
eth_getLogs
eth_getBlockByNumber
eth_getBlockByNumber
eth_getBlockByNumber

    Block Number: 157
    Block Hash: 0xe543364781148123515613eaf1ffecdeb620a446dc8c8e649f14d97cf5f7b868
    Block Time: "Sun, 4 Oct 2026 14:15:59 +0000"

eth_getBlockByNumber
eth_getLogs
eth_getBlockByNumber
eth_getBlockByNumber
eth_getBlockByNumber
eth_getBlockByNumber

    Block Number: 158
    Block Hash: 0xa20071fa7c01669e84dda391ff9e5930e5a25ce7ec00bee9398545d1edd36257
    Block Time: "Sun, 4 Oct 2026 14:15:59 +0000"

eth_getBlockByNumber
eth_getBlockByNumber
eth_getLogs
eth_getBlockByNumber
eth_getBlockByNumber
eth_getBlockByNumber

    Block Number: 159
    Block Hash: 0x396f63dd2497666cfec4d5e49c12ea7184ca23a2fa1c3fe1840e94e509347b92
    Block Time: "Sun, 4 Oct 2026 14:15:59 +0000"

eth_getBlockByNumber
eth_getLogs
eth_getBlockByNumber
eth_getBlockByNumber
eth_getBlockByNumber
eth_getBlockByNumber

    Block Number: 160
    Block Hash: 0xf536c9c38d64412cf4e7148004e2e33053829c94c6a0fe8b0724952a9cd9458b
    Block Time: "Sun, 4 Oct 2026 14:15:59 +0000"

eth_getBlockByNumber
eth_getBlockByNumber
eth_getLogs
eth_getBlockByNumber
eth_getBlockByNumber
eth_getBlockByNumber

    Block Number: 161
    Block Hash: 0xdd4a9b5cc40e6401389027db1e5b0f352f4bd1c2d7225c6689f7684f2a9c417d
    Block Time: "Sun, 4 Oct 2026 14:16:00 +0000"

eth_getBlockByNumber
eth_getLogs
eth_getBlockByNumber
eth_getBlockByNumber
eth_getBlockByNumber
eth_getBlockByNumber

    Block Number: 162
    Block Hash: 0xc728dc720e3dbd176e9ace3a6714230b17f4518544a776b98e0180700f98736d
    Block Time: "Sun, 4 Oct 2026 14:16:00 +0000"

eth_getBlockByNumber
eth_getBlockByNumber
eth_getLogs
eth_getBlockByNumber
eth_getBlockByNumber
eth_getBlockByNumber

    Block Number: 163
    Block Hash: 0x7e61abb348584e7cab7c05ea6d655831ad1f4666fa5b7a92a293ac86b2f87e1d
    Block Time: "Sun, 4 Oct 2026 14:16:00 +0000"

eth_getBlockByNumber
eth_getLogs
eth_getBlockByNumber
eth_getBlockByNumber
eth_getBlockByNumber
eth_getBlockByNumber

    Block Number: 164
    Block Hash: 0x33b3b55a5aa21f7c1f0b8c3324afa536911c31c69f95696758bbd0a25987917e
    Block Time: "Sun, 4 Oct 2026 14:16:00 +0000"

eth_getBlockByNumber
eth_getBlockByNumber
eth_getLogs
eth_getBlockByNumber
eth_getBlockByNumber
eth_getBlockByNumber

    Block Number: 165
    Block Hash: 0xadf77e72254ce95e221d31e4c88ddff5978f2c175714c90fea899373a4a96ac5
    Block Time: "Sun, 4 Oct 2026 14:16:01 +0000"

eth_getBlockByNumber
eth_getLogs
eth_getBlockByNumber
eth_getBlockByNumber
eth_getBlockByNumber
eth_getBlockByNumber

    Block Number: 166
    Block Hash: 0x2cca11b0dbb8db7257e0112ce445733bff148fce8c0a40e5c6be9c500b476103
    Block Time: "Sun, 4 Oct 2026 14:16:01 +0000"

eth_getBlockByNumber
eth_getBlockByNumber
eth_getLogs
eth_getBlockByNumber
eth_getBlockByNumber
eth_getBlockByNumber

    Block Number: 167
    Block Hash: 0xd2e31ba70cab7d21f5cb8f5977eef5adfa8b307195c4389c6c3486f9589c56c8
    Block Time: "Sun, 4 Oct 2026 14:16:01 +0000"

eth_getBlockByNumber
eth_getLogs
eth_getBlockByNumber
eth_call
eth_getTransactionCount
eth_feeHistory
eth_simulateV1
eth_chainId
eth_sendRawTransaction
eth_getBlockByNumber
eth_getBlockByNumber
eth_getBlockByNumber

    Block Number: 168
    Block Hash: 0x9f47b397fb72eb339863d82714c656afc1a656d045a43a1e681646fe6ce75313
    Block Time: "Sun, 4 Oct 2026 14:16:01 +0000"

eth_getBlockByNumber
eth_getBlockByNumber
eth_getLogs
eth_call
eth_getBlockByNumber
eth_getBlockByNumber
eth_getBlockByNumber

    Block Number: 169
    Block Hash: 0xf5b1d8413586dbc22a48015af36f1f6693ea995906ee5cdd188cebb0427016f4
    Block Time: "Sun, 4 Oct 2026 14:16:02 +0000"

eth_getBlockByNumber
eth_getLogs
eth_getBlockByNumber
eth_getBlockByNumber
eth_getBlockByNumber
eth_getBlockByNumber

    Block Number: 170
    Block Hash: 0x1787eee502ab69447c02fa0eabb31bfda636b59976e1977a3c34fed802afdbb2
    Block Time: "Sun, 4 Oct 2026 14:16:02 +0000"

eth_getBlockByNumber
eth_getBlockByNumber
eth_getLogs
eth_getBlockByNumber
eth_getBlockByNumber
eth_getBlockByNumber

    Block Number: 171
    Block Hash: 0xe6e6b6f760f1c2bc1e2199960dcea3968a9bb1649fc68724f9d5b3d6332b312c
    Block Time: "Sun, 4 Oct 2026 14:16:02 +0000"

eth_getBlockByNumber
eth_getLogs
eth_getBlockByNumber
eth_getBlockByNumber
eth_getBlockByNumber
eth_getBlockByNumber

    Block Number: 172
    Block Hash: 0x30b3668a5f4b8a9dd724bff85d78451ba6538e73e6999f4c893a26de42ff6c2f
    Block Time: "Sun, 4 Oct 2026 14:16:02 +0000"

eth_getBlockByNumber
eth_getBlockByNumber
eth_getLogs
eth_getBlockByNumber
eth_getBlockByNumber
eth_getBlockByNumber

    Block Number: 173
    Block Hash: 0xd8bf6a059171a2b04cc8429fae16eb3c9ad93faee6ce144e8034ee6fb2874d12
    Block Time: "Sun, 4 Oct 2026 14:16:03 +0000"

eth_getBlockByNumber
eth_getLogs
eth_getBlockByNumber
eth_getBlockByNumber
eth_getBlockByNumber
eth_getBlockByNumber

    Block Number: 174
    Block Hash: 0xbad123742923fa82a0eecb8e1b763fd448d1c37779d492f2f90e6a4dd6f0f086
    Block Time: "Sun, 4 Oct 2026 14:16:03 +0000"

eth_getBlockByNumber
eth_getBlockByNumber
eth_getLogs
eth_getBlockByNumber
eth_getBlockByNumber
eth_getBlockByNumber

    Block Number: 175
    Block Hash: 0x5480c8cad384b3f1aeb5dee00136d4a01fd8fdb755ab156d281415fdb8729ffe
    Block Time: "Sun, 4 Oct 2026 14:16:03 +0000"

eth_getBlockByNumber
eth_getLogs
eth_getBlockByNumber
eth_getBlockByNumber
eth_getBlockByNumber
eth_getBlockByNumber

    Block Number: 176
    Block Hash: 0x1e6833014ac6bfa3ecf02cee71420415ecfe9e9d9934aaeea6ce612c52224745
    Block Time: "Sun, 4 Oct 2026 14:16:03 +0000"

eth_getBlockByNumber
eth_getBlockByNumber
eth_getLogs
eth_getBlockByNumber
eth_getBlockByNumber
eth_getBlockByNumber

    Block Number: 177
    Block Hash: 0x6096b537bbad0971f91269d26bed9f6771b072dde97d1b570b68cd9de5f2e73e
    Block Time: "Sun, 4 Oct 2026 14:16:04 +0000"

eth_getBlockByNumber
eth_getLogs
eth_getBlockByNumber
eth_getBlockByNumber
eth_getBlockByNumber
eth_getBlockByNumber

    Block Number: 178
    Block Hash: 0xbf7b63eab1cdc6e8f5565223eadfac6ce09bba53f8fd8169c191cc5d7423a415
    Block Time: "Sun, 4 Oct 2026 14:16:04 +0000"

eth_getBlockByNumber
eth_getBlockByNumber
eth_getLogs
eth_getBlockByNumber
eth_getBlockByNumber
eth_getBlockByNumber

    Block Number: 179
    Block Hash: 0xa64edd485e561c9ff59e5b4d002bc7c2f6ad953d97033f6e65b3ecebb0e17219
    Block Time: "Sun, 4 Oct 2026 14:16:04 +0000"

eth_getBlockByNumber
eth_getLogs
eth_getBlockByNumber
eth_getBlockByNumber
eth_getBlockByNumber
eth_getBlockByNumber

    Block Number: 180
    Block Hash: 0x0af913805cc7d971d18bd101f9454a3f45333387dec88e1f188615b1e5eb2ba8
    Block Time: "Sun, 4 Oct 2026 14:16:04 +0000"

eth_getBlockByNumber
eth_getBlockByNumber
eth_getLogs
eth_getBlockByNumber
eth_getBlockByNumber
eth_getTransactionReceipt
eth_feeHistory
eth_simulateV1

    Transaction: 0x35a629e0900c34276d670f3918bbc52d852efc1271ff7080eba4bb636c903be3
    Gas used: 197726

    Block Number: 181
    Block Hash: 0x1017c7c2991512cb050058883ae027936a27a4e20660940b99828df5cf31760f
    Block Time: "Sun, 4 Oct 2026 14:16:05 +0000"

eth_sendRawTransaction

    Transaction: 0x31dcfe0959569f8f8b65b478d13f81717c4caf4fe452d63d74365a0fa8ca7ee7
    Gas used: 144378

    Block Number: 182
    Block Hash: 0x34ce201c17078c19b9b0d71133977f248cdae4a24b1a565389dcddb5c0735129
    Block Time: "Sun, 4 Oct 2026 14:16:05 +0000"

eth_getBlockByNumber

    Block Number: 183
    Block Hash: 0x41b93b2352d6a1ba0b6def1fc4569bbe657e0df82f3bb65ab2744219d41f71b2
    Block Time: "Sun, 4 Oct 2026 14:16:05 +0000"

eth_getBlockByNumber
eth_getBlockByNumber
eth_getLogs
eth_getBlockByNumber
eth_getLogs
eth_getLogs
eth_getTransactionByHash
eth_getTransactionByHash
eth_getTransactionReceipt
eth_blockNumber
eth_getTransactionReceipt
eth_getTransactionReceipt
eth_blockNumber
eth_getTransactionReceipt
eth_getBlockByNumber
eth_getBlockByNumber
eth_blockNumber
eth_getTransactionReceipt
eth_getBlockByNumber
eth_getBlockByNumber
eth_blockNumber
eth_getTransactionReceipt

    Block Number: 184
    Block Hash: 0x7646b4e7b7595a6a4d0665fb7d56b63ed641c7606aca963975a8ba374f29971a
    Block Time: "Sun, 4 Oct 2026 14:16:05 +0000"

eth_getBlockByNumber
eth_getBlockByNumber
eth_getLogs
eth_blockNumber
eth_getTransactionReceipt
eth_call
eth_feeHistory
eth_simulateV1
eth_sendRawTransaction
eth_getTransactionReceipt

    Transaction: 0x58a91458ea57cc64bdf9f4b0b213454ff83991226af453a3ea9905b2ae221c28
    Gas used: 144378

    Block Number: 185
    Block Hash: 0x3efe231d1a4965b0f489277b5fc28bf023c3be67f5d90c245e2ab86917d8b483
    Block Time: "Sun, 4 Oct 2026 14:16:05 +0000"

eth_getBlockByNumber
eth_getBlockByNumber
eth_getLogs
eth_getTransactionByHash
eth_getTransactionReceipt
eth_blockNumber
eth_getTransactionReceipt
eth_getBlockByNumber

    Block Number: 186
    Block Hash: 0x304d139947a83e338bd0e1251e938ff1ee21c675160dde884d971e289e3b0141
    Block Time: "Sun, 4 Oct 2026 14:16:05 +0000"

eth_getBlockByNumber
eth_getLogs
eth_blockNumber
eth_getTransactionReceipt
eth_getBlockByNumber
eth_getBlockByNumber
eth_blockNumber
eth_getTransactionReceipt
eth_getBlockByNumber
eth_getBlockByNumber

    Block Number: 187
    Block Hash: 0x6091c9ba8921b7833d91cfd0b9b11ca00c10e72472c8351e79f7023552f4d2ea
    Block Time: "Sun, 4 Oct 2026 14:16:05 +0000"

eth_blockNumber
eth_getTransactionReceipt
eth_blockNumber
eth_feeHistory
eth_getBlockByNumber
eth_getBlockByNumber
eth_getLogs
eth_getTransactionCount
eth_feeHistory
eth_simulateV1
eth_sendRawTransaction

    Transaction: 0xb47ee3cae156d5dcb5a20f6166ffaf863544f680fd89599d3948e7d23a0f6fb6
    Gas used: 128791

    Block Number: 188
    Block Hash: 0xa30a837bcc9951ce1b12b5069f0d456bb3ee3493a06f30f04cfd183040603fe0
    Block Time: "Sun, 4 Oct 2026 14:16:06 +0000"

eth_getTransactionReceipt
eth_blockNumber
eth_getTransactionReceipt
eth_getBlockByNumber
eth_getBlockByNumber
eth_getLogs
eth_blockNumber
eth_getTransactionReceipt
eth_getBlockByNumber

    Block Number: 189
    Block Hash: 0x6243de347dd700e187347ff84034a71fe2b82777fbdf07db5b294082d41b40f3
    Block Time: "Sun, 4 Oct 2026 14:16:06 +0000"

eth_getBlockByNumber
eth_getLogs
eth_blockNumber
eth_getTransactionReceipt
eth_getBlockByNumber
eth_getBlockByNumber
eth_blockNumber
eth_getTransactionReceipt
eth_getBlockByNumber
eth_getBlockByNumber
eth_blockNumber
eth_getTransactionReceipt

    Block Number: 190
    Block Hash: 0xa3be5c2ca8b6d4b9d25dfe4a708fd4d2747ab28d9461580db24d4e852b759c46
    Block Time: "Sun, 4 Oct 2026 14:16:06 +0000"

eth_getBlockByNumber
eth_getBlockByNumber
eth_getLogs
eth_blockNumber
eth_getTransactionReceipt
eth_getTransactionCount
eth_feeHistory
eth_simulateV1
eth_sendRawTransaction
eth_feeHistory
eth_getTransactionReceipt
eth_simulateV1

    Transaction: 0xb1dda05f17689491f80ac1e776333f3adfe4ab3730a5b38d3f8fbb407c0c087c
    Gas used: 203896

    Block Number: 191
    Block Hash: 0xba363f7269923da836b2d792d588887b1febeba14a5c42a225ad97673818303b
    Block Time: "Sun, 4 Oct 2026 14:16:06 +0000"

eth_sendRawTransaction
eth_feeHistory

    Transaction: 0x31343c1a9d79b431b611b70e880e322c64782dba1651c3d3b6e9a4feef3a94ec
    Gas used: 231619

    Block Number: 192
    Block Hash: 0xf0d619b36e10f41ddacd36129681c245fe8da82b72c494e9e0ab29f64b34dbda
    Block Time: "Sun, 4 Oct 2026 14:16:06 +0000"

eth_simulateV1
eth_sendRawTransaction

    Transaction: 0x20733c9b96d2dfa046b95fea2ccbb2c027626784b7bb6053bf485d069d036de8
    Gas used: 171368

    Block Number: 193
    Block Hash: 0xd5b2f833e042c2a81f49d1d4a038722fadf9c02e0c8f69977032606751ba3d28
    Block Time: "Sun, 4 Oct 2026 14:16:06 +0000"

eth_getBlockByNumber
eth_getBlockByNumber
eth_getBlockByNumber
eth_getLogs
eth_getBlockByNumber
eth_getLogs
eth_getLogs
eth_getTransactionReceipt
eth_blockNumber
eth_getTransactionReceipt
eth_getTransactionReceipt
eth_blockNumber
eth_getTransactionReceipt
eth_getTransactionReceipt
eth_getBlockByNumber

    Block Number: 194
    Block Hash: 0x6f7de2f1ff971cb6b1ae2e2a1fbec3c61821cef296e5b5efb36e15e4ec062d47
    Block Time: "Sun, 4 Oct 2026 14:16:06 +0000"

eth_getBlockByNumber
eth_getLogs
eth_blockNumber
eth_getTransactionReceipt
eth_blockNumber
eth_getTransactionReceipt
eth_getBlockByNumber
eth_getBlockByNumber
eth_blockNumber
eth_getTransactionReceipt
eth_getBlockByNumber
eth_getBlockByNumber
eth_blockNumber
eth_getTransactionReceipt

    Block Number: 195
    Block Hash: 0x97b33b5baa3782c7bb18af3d5391ab0231f9311e7ba664c3696ce24a5c51e59a
    Block Time: "Sun, 4 Oct 2026 14:16:06 +0000"

eth_getBlockByNumber
eth_getBlockByNumber
eth_getLogs
eth_blockNumber
eth_getTransactionReceipt
eth_getBlockByNumber
eth_getBlockByNumber
eth_getBlockByNumber

    Block Number: 196
    Block Hash: 0x26413f5e14f77401a7635080b8470e8020dede2de541312f6a0ceabe3402a8ae
    Block Time: "Sun, 4 Oct 2026 14:16:07 +0000"

eth_getBlockByNumber
eth_getLogs
eth_getBlockByNumber
eth_getBlockByNumber
eth_getBlockByNumber
eth_getBlockByNumber

    Block Number: 197
    Block Hash: 0x94dbbb7838dbd28f0b66b211732f58683ca949c90fb82815a9680c632caac285
    Block Time: "Sun, 4 Oct 2026 14:16:07 +0000"

eth_getBlockByNumber
eth_getBlockByNumber
eth_getLogs
eth_getBlockByNumber
eth_getBlockByNumber
eth_getBlockByNumber

    Block Number: 198
    Block Hash: 0xd7d606043d65c7ee331d5d4fd7126c92164c4c40c98b436c1313e5d376c7f699
    Block Time: "Sun, 4 Oct 2026 14:16:07 +0000"

eth_getBlockByNumber
eth_getLogs
eth_getBlockByNumber
eth_getBlockByNumber
eth_getBlockByNumber
eth_getBlockByNumber

    Block Number: 199
    Block Hash: 0xc2f9ca54e7e5cbfac951b095342196f4af8859f0e2dea8cea6a18666c82e9838
    Block Time: "Sun, 4 Oct 2026 14:16:07 +0000"

eth_getBlockByNumber
eth_getBlockByNumber
eth_getLogs
eth_getBlockByNumber
eth_getBlockByNumber
eth_getBlockByNumber

    Block Number: 200
    Block Hash: 0xb64b85eff6a59b6ce226c35539dbf9974b1dec1269ee7d1d1daf638d148dc405
    Block Time: "Sun, 4 Oct 2026 14:16:08 +0000"

eth_getBlockByNumber
eth_getLogs
eth_getBlockByNumber
eth_getBlockByNumber
eth_getBlockByNumber
eth_getBlockByNumber

    Block Number: 201
    Block Hash: 0xf4b3a4e1205399f9bebc754d8ddd753b1f36260105861168f3145805ea502c6a
    Block Time: "Sun, 4 Oct 2026 14:16:08 +0000"

eth_getBlockByNumber
eth_getTransactionByHash
eth_getBlockByNumber
eth_getLogs
eth_getBlockByNumber
eth_getBlockByNumber
eth_getBlockByNumber

    Block Number: 202
    Block Hash: 0x804e9987ff59eee893c8dfbc9443fd3dd0a2c7363f35fc8256512debbd3cd598
    Block Time: "Sun, 4 Oct 2026 14:16:08 +0000"

eth_getBlockByNumber
eth_getLogs
eth_getBlockByNumber
eth_getTransactionByHash
eth_getBlockByNumber
eth_getBlockByNumber
eth_getBlockByNumber

    Block Number: 203
    Block Hash: 0x277a54ef71f5165688647089fb941c6d887ecc7940631f82ae4f9e7ade10ac89
    Block Time: "Sun, 4 Oct 2026 14:16:08 +0000"

eth_getBlockByNumber
eth_getBlockByNumber
eth_getLogs
eth_getBlockByNumber
eth_getBlockByNumber
eth_getBlockByNumber

    Block Number: 204
    Block Hash: 0xd3243ee2f49a24b07c889cf61118a75e76866e85406d546e76e1a88b93d9d05c
    Block Time: "Sun, 4 Oct 2026 14:16:09 +0000"

eth_getBlockByNumber
eth_getLogs
eth_getBlockByNumber
eth_getBlockByNumber
eth_getBlockByNumber
eth_getBlockByNumber

    Block Number: 205
    Block Hash: 0x95cc31884930b8f4fdb5119bd33f012b346dc8c706e0fec1291b15b6505a23a4
    Block Time: "Sun, 4 Oct 2026 14:16:09 +0000"

eth_getBlockByNumber
eth_getTransactionByHash
eth_getBlockByNumber
eth_getLogs
eth_call
eth_feeHistory
eth_simulateV1
eth_sendRawTransaction
eth_getTransactionReceipt

    Transaction: 0x53b26bae1dd5552e1778d1fa6a980f3c869121da943b5c26e26f5cdb19083595
    Gas used: 141886

    Block Number: 206
    Block Hash: 0x2addb4406ce86c4cb51b81b49f52cf81f8d70a6d87dbdf2f3edccb47b2990aa0
    Block Time: "Sun, 4 Oct 2026 14:16:09 +0000"

eth_getBlockByNumber
eth_getBlockByNumber
eth_getLogs
eth_getTransactionByHash
eth_getTransactionReceipt
eth_blockNumber
eth_getTransactionReceipt
eth_getBlockByNumber

    Block Number: 207
    Block Hash: 0x18f232a1cd7ebd4e807153edd5015aec181a8e9e0c3a5a336924313b0216dcb6
    Block Time: "Sun, 4 Oct 2026 14:16:09 +0000"

eth_getBlockByNumber
eth_getLogs
eth_blockNumber
eth_getTransactionReceipt
eth_getBlockByNumber
eth_getBlockByNumber
eth_blockNumber
eth_getTransactionReceipt
eth_getBlockByNumber
eth_getBlockByNumber

    Block Number: 208
    Block Hash: 0x39a4f379496bc42a57a7448c8f9da51c95c3b9eada4f43607c0eab009be6a9c8
    Block Time: "Sun, 4 Oct 2026 14:16:09 +0000"

eth_blockNumber
eth_getTransactionReceipt
eth_getBlockByNumber
eth_getBlockByNumber
eth_getLogs
eth_feeHistory
eth_simulateV1
eth_sendRawTransaction

    Transaction: 0x1966d323ba4a17a0a8fd2f4eb77e138b5cc6910965e3ac5702b89ad01e9cdfe1
    Gas used: 96809

    Block Number: 209
    Block Hash: 0x2534e0e99142c66c02eb3a3a37fbdf2b9f2cc6798f3b569b58ff6a14dd860c2f
    Block Time: "Sun, 4 Oct 2026 14:16:10 +0000"

eth_getTransactionReceipt
eth_blockNumber
eth_getTransactionReceipt
eth_getBlockByNumber
eth_getBlockByNumber
eth_getLogs
eth_blockNumber
eth_getTransactionReceipt
eth_getBlockByNumber

    Block Number: 210
    Block Hash: 0xc26589fd7ef3a32bb991ba0a4fe4745ae449e8cf3c4aa47e5b009a1037f4d28a
    Block Time: "Sun, 4 Oct 2026 14:16:10 +0000"

eth_getBlockByNumber
eth_getLogs
eth_blockNumber
eth_getTransactionReceipt
eth_getBlockByNumber
eth_getBlockByNumber
eth_blockNumber
eth_getTransactionReceipt
eth_getBlockByNumber
eth_getBlockByNumber
eth_blockNumber
eth_getTransactionReceipt

    Block Number: 211
    Block Hash: 0x99b71c334d6cada367057d674eb4dd57fc2a46fa2a768020d86ace8a6f8f8497
    Block Time: "Sun, 4 Oct 2026 14:16:10 +0000"

eth_getBlockByNumber
eth_getBlockByNumber
eth_getLogs
eth_blockNumber
eth_getTransactionReceipt
eth_feeHistory
eth_simulateV1
eth_sendRawTransaction
eth_getTransactionReceipt

    Transaction: 0x334951a7103590de8f91028f656ba9f446fef922b41b635669a9a19dcfd43141
    Gas used: 171368

    Block Number: 212
    Block Hash: 0xfb6ba2cbd7d35baad84d8f23c708746f13beedea79d1f03ddce5dbf480a09ba3
    Block Time: "Sun, 4 Oct 2026 14:16:10 +0000"

eth_getBlockByNumber
eth_getBlockByNumber
eth_getLogs
eth_getTransactionReceipt
eth_blockNumber
eth_getTransactionReceipt
eth_getBlockByNumber

    Block Number: 213
    Block Hash: 0x2a877294ece41587c6107697e89234b5e78864c2b84ceef33e9ad5f79d414c4c
    Block Time: "Sun, 4 Oct 2026 14:16:10 +0000"

eth_getBlockByNumber
eth_getLogs
eth_blockNumber
eth_getTransactionReceipt
eth_getBlockByNumber
eth_getBlockByNumber
eth_blockNumber
eth_getTransactionReceipt
eth_getBlockByNumber
eth_getBlockByNumber
eth_blockNumber
eth_getTransactionReceipt

    Block Number: 214
    Block Hash: 0x90ac58fbfe85d6dacc9769e62eb477df83c9a3ab1adc7e91b26a866460bb5bdb
    Block Time: "Sun, 4 Oct 2026 14:16:10 +0000"

eth_getBlockByNumber
eth_getBlockByNumber
eth_getLogs
eth_blockNumber
eth_getTransactionReceipt
eth_getBlockByNumber
eth_getBlockByNumber
eth_getBlockByNumber

    Block Number: 215
    Block Hash: 0x7734a223b2ba0d1a8a761f8fdcd0e3e6e2b4c147346ad332d9a3605b98f28b51
    Block Time: "Sun, 4 Oct 2026 14:16:11 +0000"

eth_getBlockByNumber
eth_getLogs
eth_getBlockByNumber
eth_getBlockByNumber
eth_getBlockByNumber
eth_getBlockByNumber

    Block Number: 216
    Block Hash: 0xd94715122d726268a84bfa21633135c2543407e53c449422f703422a3afb991e
    Block Time: "Sun, 4 Oct 2026 14:16:11 +0000"

eth_getBlockByNumber
eth_getBlockByNumber
eth_getLogs
eth_getBlockByNumber
eth_getBlockByNumber
eth_getBlockByNumber

    Block Number: 217
    Block Hash: 0x231d76fa96c813ce3848f7738b1a29eb69ada571d55833718ccd222fff86d6df
    Block Time: "Sun, 4 Oct 2026 14:16:11 +0000"

eth_getBlockByNumber
eth_getLogs
eth_getBlockByNumber
eth_getBlockByNumber
eth_getBlockByNumber
eth_getBlockByNumber

    Block Number: 218
    Block Hash: 0xd6cd1df84e8856aeca925e36a447beccb7f589c946195a4ab97a2f4ced852400
    Block Time: "Sun, 4 Oct 2026 14:16:11 +0000"

eth_getBlockByNumber
eth_getBlockByNumber
eth_getLogs
eth_getBlockByNumber
eth_getBlockByNumber
eth_getBlockByNumber

    Block Number: 219
    Block Hash: 0xe04dc8e052225edda374a75405f6c142a33fcfeb5fd898897041328112f562cf
    Block Time: "Sun, 4 Oct 2026 14:16:12 +0000"

eth_getBlockByNumber
eth_getLogs
eth_getBlockByNumber
eth_getBlockByNumber
eth_getBlockByNumber
eth_getBlockByNumber

    Block Number: 220
    Block Hash: 0xf31a5dd023b421a1eb2eaaccee1d48c61966e0ccf833c798447c81c4eb9ed60a
    Block Time: "Sun, 4 Oct 2026 14:16:12 +0000"

eth_getBlockByNumber
eth_getBlockByNumber
eth_getLogs
eth_getBlockByNumber
eth_getBlockByNumber
eth_getBlockByNumber

    Block Number: 221
    Block Hash: 0x34e9eb212778665c9d29bf76b2241e3bc8cc37b7e71dc6b9ca8f3bd4f56d0ea4
    Block Time: "Sun, 4 Oct 2026 14:16:12 +0000"

eth_getBlockByNumber
eth_getLogs
eth_getBlockByNumber
eth_getBlockByNumber
eth_getBlockByNumber
eth_getBlockByNumber

    Block Number: 222
    Block Hash: 0xc1b8dcd79c6c6fb50e7e16434639e7b041661ef2b22c1a58b184143c1174abf0
    Block Time: "Sun, 4 Oct 2026 14:16:12 +0000"

eth_getBlockByNumber
eth_getBlockByNumber
eth_getLogs
eth_getBlockByNumber
eth_getBlockByNumber
eth_getBlockByNumber

    Block Number: 223
    Block Hash: 0x98cd4ef3813fd1d1207c427bd09e9688d757e9572982ad0509c37663392ae841
    Block Time: "Sun, 4 Oct 2026 14:16:13 +0000"

eth_getBlockByNumber
eth_getLogs
eth_getBlockByNumber
eth_getBlockByNumber
eth_getBlockByNumber
eth_getBlockByNumber

    Block Number: 224
    Block Hash: 0x324986db7a6cfe3e0dab15c4db67b2abdb5ceb33d167c3caaa4717d25e164c22
    Block Time: "Sun, 4 Oct 2026 14:16:13 +0000"

eth_getBlockByNumber
eth_getBlockByNumber
eth_getLogs
eth_call
eth_feeHistory
eth_simulateV1
eth_sendRawTransaction
eth_getTransactionReceipt

    Transaction: 0x6721cd8701f65b42fbf9a8479cd2c1ee341b9097e149d9b7cee9acf3999b25f1
    Gas used: 141886

    Block Number: 225
    Block Hash: 0xb71ff77d1051f54815e6514bd2fbb4f6c24e8bccefdf20f83308bc8743be0739
    Block Time: "Sun, 4 Oct 2026 14:16:13 +0000"

eth_getBlockByNumber
eth_getBlockByNumber
eth_getLogs
eth_getTransactionByHash
eth_getTransactionReceipt
eth_blockNumber
eth_getTransactionReceipt
eth_getBlockByNumber

    Block Number: 226
    Block Hash: 0x1ac60f8ba52d46a11149561bfe6884a9ca0180ade8573028cdc5d5640509586e
    Block Time: "Sun, 4 Oct 2026 14:16:13 +0000"

eth_getBlockByNumber
eth_getLogs
eth_blockNumber
eth_getTransactionReceipt
eth_getBlockByNumber
eth_getTransactionByHash
eth_getBlockByNumber
eth_blockNumber
eth_getTransactionReceipt
eth_getBlockByNumber
eth_getBlockByNumber

    Block Number: 227
    Block Hash: 0x8afbd1654a0bef6e3d2a939362c35deb690823bb707afd106256fe4110bf329e
    Block Time: "Sun, 4 Oct 2026 14:16:13 +0000"

eth_blockNumber
eth_getBlockByNumber
eth_getTransactionReceipt
eth_getBlockByNumber
eth_getLogs
eth_feeHistory
eth_simulateV1
eth_sendRawTransaction
eth_getTransactionReceipt

    Transaction: 0xe048e63f199e2a4f331d032cd36d2326ddc148fe1a769f4900ff77713ce93c96
    Gas used: 96809

    Block Number: 228
    Block Hash: 0x203698f6fb59537516e7ca75f185c2c78b8b7671b2538ef3ec2491ace95966ec
    Block Time: "Sun, 4 Oct 2026 14:16:14 +0000"

eth_getBlockByNumber
eth_getBlockByNumber
eth_getLogs
eth_getTransactionReceipt
eth_blockNumber
eth_getTransactionReceipt
eth_getBlockByNumber

    Block Number: 229
    Block Hash: 0xb0e9eaad28d2ceb23ebd00a22a519c9cde61719292f0c5b8078892075538f3cd
    Block Time: "Sun, 4 Oct 2026 14:16:14 +0000"

eth_getBlockByNumber
eth_getLogs
eth_blockNumber
eth_getTransactionReceipt
eth_getBlockByNumber
eth_getBlockByNumber
eth_blockNumber
eth_getTransactionReceipt
eth_getBlockByNumber
eth_getBlockByNumber
eth_blockNumber
eth_getTransactionReceipt

    Block Number: 230
    Block Hash: 0xdeb50aa1e8049fe9ffcb238e8d266e3beebd56950a33a07f07c00e001d654ec6
    Block Time: "Sun, 4 Oct 2026 14:16:14 +0000"

eth_getBlockByNumber
eth_getBlockByNumber
eth_getLogs
eth_blockNumber
eth_getTransactionReceipt
eth_feeHistory
eth_simulateV1
eth_sendRawTransaction
eth_getTransactionReceipt

    Transaction: 0xf6c1bb15a0bda8181339583a566d3d3b6ac394b6d7bbeca524e19c31f6911c3d
    Gas used: 171368

    Block Number: 231
    Block Hash: 0xf64c84486b6fbd8a02b0444257bb7647777e47493b665787fefb8d4916e51055
    Block Time: "Sun, 4 Oct 2026 14:16:14 +0000"

eth_getBlockByNumber
eth_getBlockByNumber
eth_getLogs
eth_getTransactionReceipt
eth_blockNumber
eth_getTransactionReceipt
eth_getBlockByNumber

    Block Number: 232
    Block Hash: 0x5f1c00089ce451354618f4759cd23d5ed0796c3b69595f71a84bf9a399d98e2a
    Block Time: "Sun, 4 Oct 2026 14:16:14 +0000"

eth_getBlockByNumber
eth_getLogs
eth_blockNumber
eth_getTransactionReceipt
eth_getBlockByNumber
eth_getBlockByNumber
eth_blockNumber
eth_getTransactionReceipt
eth_getBlockByNumber
eth_getBlockByNumber
eth_blockNumber
eth_getTransactionReceipt

    Block Number: 233
    Block Hash: 0x6ad178035a5b548f2c0bae2852740f6caf989ae22a633727cd3b068a9c763b94
    Block Time: "Sun, 4 Oct 2026 14:16:14 +0000"

eth_getBlockByNumber
eth_getBlockByNumber
eth_getLogs
eth_blockNumber
eth_getTransactionReceipt
eth_getBlockByNumber
eth_getBlockByNumber
eth_getBlockByNumber

    Block Number: 234
    Block Hash: 0x894e93a421e91301ef62b03cf81df81d6a7a41954f0526794cc38ad5fe1c237e
    Block Time: "Sun, 4 Oct 2026 14:16:15 +0000"

eth_getBlockByNumber
eth_getLogs
eth_getBlockByNumber
eth_getBlockByNumber
eth_getBlockByNumber
eth_getBlockByNumber

    Block Number: 235
    Block Hash: 0x4e82b3db325a1faeef218718576b6f3589ee49aef93c1da1957da03dbd756bac
    Block Time: "Sun, 4 Oct 2026 14:16:15 +0000"

eth_getBlockByNumber
eth_getBlockByNumber
eth_getLogs
eth_getBlockByNumber
eth_getBlockByNumber
eth_getBlockByNumber

    Block Number: 236
    Block Hash: 0x404769e36d50eaf47feb692a0cde597c9d0b8ea80fa93fbfc1a21fb07e020ce2
    Block Time: "Sun, 4 Oct 2026 14:16:15 +0000"

eth_getBlockByNumber
eth_getLogs
eth_getBlockByNumber
eth_getBlockByNumber
eth_getBlockByNumber
eth_getBlockByNumber

    Block Number: 237
    Block Hash: 0x4d38f4245c0e36fc5e0104e854c6440327c500c323b5eb9d6889faa06c83d9c0
    Block Time: "Sun, 4 Oct 2026 14:16:15 +0000"

eth_getBlockByNumber
eth_getBlockByNumber
eth_getLogs
eth_getBlockByNumber
eth_getBlockByNumber
eth_getBlockByNumber

    Block Number: 238
    Block Hash: 0x98087268ac1b61f6107783a4e0d724a692bbeffcf721e2054b6314c72560a176
    Block Time: "Sun, 4 Oct 2026 14:16:16 +0000"

eth_getBlockByNumber
eth_getLogs
eth_getBlockByNumber
eth_getBlockByNumber
eth_getBlockByNumber
eth_getBlockByNumber

    Block Number: 239
    Block Hash: 0xe3a66c9aa66a53cb1377c9fb3ac854df21518c31523155a706650a0e6694a374
    Block Time: "Sun, 4 Oct 2026 14:16:16 +0000"

eth_getBlockByNumber
eth_getBlockByNumber
eth_getLogs
eth_getBlockByNumber
eth_getBlockByNumber
eth_getBlockByNumber
eth_getBlockByNumber

    Block Number: 240
    Block Hash: 0xf294265d0dc09292ba72bdc8042250551f6c5fe40756ccd6428db5dc8566b7ae
    Block Time: "Sun, 4 Oct 2026 14:16:16 +0000"

eth_getBlockByNumber
eth_getBlockByNumber
eth_getLogs
eth_getBlockByNumber
eth_getBlockByNumber

    Block Number: 241
    Block Hash: 0x83fd7ff989502a54fe94f6cd628ecc1665cf3425806cd660d0797ba37bbb9699
    Block Time: "Sun, 4 Oct 2026 14:16:16 +0000"

eth_getBlockByNumber
eth_getBlockByNumber
eth_getLogs
eth_getBlockByNumber
eth_getBlockByNumber
eth_getBlockByNumber

    Block Number: 242
    Block Hash: 0xe05bbd9ab8a5c8a37bc7ff6abd23f3b0da7b98969ed83a601d9f19a8302d4523
    Block Time: "Sun, 4 Oct 2026 14:16:17 +0000"

eth_getBlockByNumber
eth_getLogs
eth_getBlockByNumber
eth_getBlockByNumber
eth_getBlockByNumber
eth_getBlockByNumber

    Block Number: 243
    Block Hash: 0x8c30de7b8e9c9c6792dd385265795d041a9a4c534d9c1a660ccb1c6eef013935
    Block Time: "Sun, 4 Oct 2026 14:16:17 +0000"

eth_getBlockByNumber
eth_getBlockByNumber
eth_getLogs
eth_call
eth_feeHistory
eth_simulateV1
eth_getBlockByNumber
eth_sendRawTransaction
eth_getTransactionReceipt

    Transaction: 0xaa5fa35c4bdffa6516b459785abd4e4f13237d54059d68956111081592fa557e
    Gas used: 141874

    Block Number: 244
    Block Hash: 0xf28beec06982aab9e4cd0f75dea319b1e94f30c61ecb316635a5fe0506ec1db7
    Block Time: "Sun, 4 Oct 2026 14:16:17 +0000"

eth_getBlockByNumber
eth_getLogs
eth_getTransactionByHash
eth_getBlockByNumber
eth_getTransactionReceipt
eth_blockNumber
eth_getTransactionReceipt

    Block Number: 245
    Block Hash: 0xca2f4a98dac7e66d5b6e42beaca90ba19c991b06c2d4ebd879c3e5f35c42ce2f
    Block Time: "Sun, 4 Oct 2026 14:16:17 +0000"

eth_getBlockByNumber
eth_getLogs
eth_getBlockByNumber
eth_getTransactionByHash
eth_blockNumber
eth_getTransactionReceipt
eth_getBlockByNumber
eth_getBlockByNumber
eth_blockNumber
eth_getTransactionReceipt
eth_getBlockByNumber

    Block Number: 246
    Block Hash: 0xb03a9b810f1ed75b1c5e69ca2d2dfa365d960ac9cdfaf10f4ad9f82743e7fd51
    Block Time: "Sun, 4 Oct 2026 14:16:17 +0000"

eth_getBlockByNumber
eth_blockNumber
eth_getTransactionReceipt
eth_getBlockByNumber
eth_getLogs
eth_feeHistory
eth_simulateV1
eth_sendRawTransaction
eth_getTransactionReceipt

    Transaction: 0xf13620333195a7e3a1bc4dae5bc41034e324e566b764348f9b78e87015eb1ab2
    Gas used: 96809

    Block Number: 247
    Block Hash: 0x814efd6c0eed837bf081300c1e55041e676579f25997142fe34965155db83bcd
    Block Time: "Sun, 4 Oct 2026 14:16:18 +0000"

eth_getBlockByNumber
eth_getBlockByNumber
eth_getLogs
eth_getTransactionReceipt
eth_blockNumber
eth_getTransactionReceipt
eth_getBlockByNumber

    Block Number: 248
    Block Hash: 0x7b66d03a9f356a47c637ee13368c4bd2ea5c7087f865f7c3c1144efe2c2fdfb0
    Block Time: "Sun, 4 Oct 2026 14:16:18 +0000"

eth_getBlockByNumber
eth_getLogs
eth_blockNumber
eth_getTransactionReceipt
eth_getBlockByNumber
eth_getBlockByNumber
eth_blockNumber
eth_getTransactionReceipt
eth_getBlockByNumber
eth_getBlockByNumber
eth_blockNumber
eth_getTransactionReceipt

    Block Number: 249
    Block Hash: 0x41761ae126ab08f6bb0e1b9a8ccc24a2590f0439980d299c24ec4cf3f085879a
    Block Time: "Sun, 4 Oct 2026 14:16:18 +0000"

eth_getBlockByNumber
eth_getBlockByNumber
eth_getLogs
eth_blockNumber
eth_getTransactionReceipt
eth_feeHistory
eth_simulateV1
eth_sendRawTransaction
eth_getTransactionReceipt

    Transaction: 0xab27d9cf9bf78692703e8583d54badcf81ab9d96434b7cd2577af22aea412b81
    Gas used: 171368

    Block Number: 250
    Block Hash: 0x25c028bb6186456b491c61f023026439c333d6f10f24bb1ccb25995b5dc24d4f
    Block Time: "Sun, 4 Oct 2026 14:16:18 +0000"

eth_getBlockByNumber
eth_getBlockByNumber
eth_getLogs
eth_getTransactionReceipt
eth_blockNumber
eth_getTransactionReceipt
eth_getBlockByNumber

    Block Number: 251
    Block Hash: 0xdd2f9bb315d860603eaa5c41c3e91362a45f68e4fd6ba93021f094c5d30b4002
    Block Time: "Sun, 4 Oct 2026 14:16:18 +0000"

eth_getBlockByNumber
eth_getLogs
eth_blockNumber
eth_getTransactionReceipt
eth_getBlockByNumber
eth_getBlockByNumber
eth_blockNumber
eth_getTransactionReceipt
eth_getBlockByNumber
eth_getBlockByNumber
eth_blockNumber
eth_getTransactionReceipt

    Block Number: 252
    Block Hash: 0x1af6daa2e26f653e87ae1a6c7398bcf5871d9d23ca24fbfb154e8021021c4d12
    Block Time: "Sun, 4 Oct 2026 14:16:18 +0000"

eth_blockNumber
eth_feeHistory
eth_getBlockByNumber
eth_getBlockByNumber
eth_getLogs
eth_blockNumber
eth_getTransactionReceipt
eth_getBlockByNumber
eth_getBlockByNumber
eth_getBlockByNumber

    Block Number: 253
    Block Hash: 0x9ebf34fc271a6237934ed42858672bb8dacb2e8eb2c5caae6d4266e69b00a720
    Block Time: "Sun, 4 Oct 2026 14:16:19 +0000"

eth_getBlockByNumber
eth_getLogs
eth_getBlockByNumber
eth_getBlockByNumber
eth_getBlockByNumber
eth_getBlockByNumber

    Block Number: 254
    Block Hash: 0x0bd519d4b106d42d2dffec8f9a15429021a9633e8923cc265588010a459ecbcf
    Block Time: "Sun, 4 Oct 2026 14:16:19 +0000"

eth_getBlockByNumber
eth_getBlockByNumber
eth_getLogs
eth_getBlockByNumber
eth_getBlockByNumber
eth_getBlockByNumber

    Block Number: 255
    Block Hash: 0xb7d1f6988f248f052073a808386e7b6ccbe009cf9f77c68af105d6f70b2eb081
    Block Time: "Sun, 4 Oct 2026 14:16:19 +0000"

eth_getBlockByNumber
eth_getLogs
eth_getBlockByNumber
eth_getBlockByNumber
eth_getBlockByNumber
eth_getBlockByNumber

    Block Number: 256
    Block Hash: 0xbe6353184c47cbd38b434de0a212426cf0e41a500334202cd983571dad11ca28
    Block Time: "Sun, 4 Oct 2026 14:16:19 +0000"

eth_getBlockByNumber
eth_getBlockByNumber
eth_getLogs
eth_getBlockByNumber
eth_getBlockByNumber
eth_getBlockByNumber

    Block Number: 257
    Block Hash: 0x7c2b65804bf12bd8ae3436c83097c206c4c841a8c42d8b06953a30ff1e79a97a
    Block Time: "Sun, 4 Oct 2026 14:16:20 +0000"

eth_getBlockByNumber
eth_getLogs
eth_getBlockByNumber
eth_getBlockByNumber
eth_getBlockByNumber
eth_getBlockByNumber

    Block Number: 258
    Block Hash: 0x0797919c2d56d8a922824b6d869e493524c9c35d9a93a71e7b7dadab96249bd0
    Block Time: "Sun, 4 Oct 2026 14:16:20 +0000"

eth_getBlockByNumber
eth_getBlockByNumber
eth_getLogs
eth_getBlockByNumber
eth_getBlockByNumber
eth_getBlockByNumber

    Block Number: 259
    Block Hash: 0xb0c949da7a31a4e31238c6aefc6d2090e37afbb41c8ae99bcb88c2bd67c1f177
    Block Time: "Sun, 4 Oct 2026 14:16:20 +0000"

eth_getBlockByNumber
eth_getLogs
eth_getBlockByNumber
eth_getBlockByNumber
eth_getBlockByNumber
eth_getBlockByNumber

    Block Number: 260
    Block Hash: 0x3dd3b66ba1a8848994449f362b5018b48e094bb8ddb673d93c1595e2bf646c04
    Block Time: "Sun, 4 Oct 2026 14:16:20 +0000"

eth_getBlockByNumber
eth_getBlockByNumber
eth_getLogs
eth_getBlockByNumber
eth_getBlockByNumber
eth_getBlockByNumber

    Block Number: 261
    Block Hash: 0x79c330633df887777befdf8e33ffd2c6f67e359650da8be3b131a65b30a7fd0e
    Block Time: "Sun, 4 Oct 2026 14:16:21 +0000"

eth_getBlockByNumber
eth_getLogs
eth_getBlockByNumber
eth_getBlockByNumber
eth_getBlockByNumber
eth_getBlockByNumber

    Block Number: 262
    Block Hash: 0x9b5b14d2849b3502913cb9527e1c42822723952a495e8ab3743b567180acd11f
    Block Time: "Sun, 4 Oct 2026 14:16:21 +0000"

eth_getBlockByNumber
eth_getBlockByNumber
eth_getLogs
eth_getBlockByNumber
eth_call
eth_feeHistory
eth_simulateV1
eth_sendRawTransaction
eth_getTransactionReceipt

    Transaction: 0x267baaef09f9f679c5db3c3d106b7f134ba1d67fb9da2bc49d38afaf3689444c
    Gas used: 141886

    Block Number: 263
    Block Hash: 0x147aa2974c75cb4eb507937fa75d3a09910b0a164802b0b307a867a8fab44c37
    Block Time: "Sun, 4 Oct 2026 14:16:21 +0000"

eth_getBlockByNumber
eth_getLogs
eth_getTransactionByHash
eth_getBlockByNumber
eth_getTransactionReceipt
eth_blockNumber
eth_getTransactionReceipt

    Block Number: 264
    Block Hash: 0x0703c3e42984350a91d6c191fce6a64e68cc59da5582236f8615d6949643d021
    Block Time: "Sun, 4 Oct 2026 14:16:21 +0000"

eth_getBlockByNumber
eth_getLogs
eth_getBlockByNumber
eth_getTransactionByHash
eth_blockNumber
eth_getTransactionReceipt
eth_getBlockByNumber
eth_getBlockByNumber
eth_blockNumber
eth_getTransactionReceipt
eth_getBlockByNumber

    Block Number: 265
    Block Hash: 0xd960b6e210fba40c897c3c32f27de2f9734c653cda6b323fbe359d2226b3df3e
    Block Time: "Sun, 4 Oct 2026 14:16:21 +0000"

eth_getBlockByNumber
eth_blockNumber
eth_getTransactionReceipt
eth_getBlockByNumber
eth_getLogs
eth_feeHistory
eth_simulateV1
eth_sendRawTransaction
eth_getTransactionReceipt

    Transaction: 0x314ef1aab5358090c517dde0978de9d334f9017a7fc355f609febb212925f553
    Gas used: 96809

    Block Number: 266
    Block Hash: 0xc4998d127e55a299465b04fe7d6c654b62cb1bf7e7f6273e499415a1f9703e5c
    Block Time: "Sun, 4 Oct 2026 14:16:22 +0000"

eth_getBlockByNumber
eth_getBlockByNumber
eth_getLogs
eth_getTransactionReceipt
eth_blockNumber
eth_getTransactionReceipt
eth_getBlockByNumber

    Block Number: 267
    Block Hash: 0x20a11323878584766a8c7454633e9ce98876dd53957eb7e678e70b3872e3cd71
    Block Time: "Sun, 4 Oct 2026 14:16:22 +0000"

eth_getBlockByNumber
eth_getLogs
eth_blockNumber
eth_getTransactionReceipt
eth_getBlockByNumber
eth_getBlockByNumber
eth_blockNumber
eth_getTransactionReceipt
eth_getBlockByNumber
eth_getBlockByNumber
eth_blockNumber
eth_getTransactionReceipt

    Block Number: 268
    Block Hash: 0x1afb9a1323496bd9ab63e6cbc53a68d555acafc9632b16a09701b7fc3cfe0302
    Block Time: "Sun, 4 Oct 2026 14:16:22 +0000"

eth_getBlockByNumber
eth_getBlockByNumber
eth_getLogs
eth_blockNumber
eth_getTransactionReceipt
eth_feeHistory
eth_simulateV1
eth_sendRawTransaction
eth_getTransactionReceipt

    Transaction: 0xb97ef833939593a2af6db310c1489a4e1fddc91a08de0e7468c1449fc46b3888
    Gas used: 171368

    Block Number: 269
    Block Hash: 0xe0383139f539c3d205f604811a7e518a18b7fefff6fad8fbecbb61947d8968dd
    Block Time: "Sun, 4 Oct 2026 14:16:22 +0000"

eth_getBlockByNumber
eth_getBlockByNumber
eth_getLogs
eth_getTransactionReceipt
eth_blockNumber
eth_getTransactionReceipt
eth_getBlockByNumber

    Block Number: 270
    Block Hash: 0x021ae14ab8485be92b0e904a934fb7528a37454dd183e27d1d3b505d0622c0e5
    Block Time: "Sun, 4 Oct 2026 14:16:22 +0000"

eth_getBlockByNumber
eth_getLogs
eth_blockNumber
eth_getTransactionReceipt
eth_getBlockByNumber
eth_getBlockByNumber
eth_blockNumber
eth_getTransactionReceipt
eth_getBlockByNumber
eth_getBlockByNumber

    Block Number: 271
    Block Hash: 0xed6100d55da3249b28d813d111fafd0472ccd37c229c8f2ec3353da7e9524fa0
    Block Time: "Sun, 4 Oct 2026 14:16:22 +0000"

eth_blockNumber
eth_getTransactionReceipt
eth_getBlockByNumber
eth_getBlockByNumber
eth_getLogs
eth_getBlockByNumber
eth_getBlockByNumber
eth_getBlockByNumber

    Block Number: 272
    Block Hash: 0x10b4b22f7731e5bd8e6aa21e391cc92a0aa1160e50111592ce8351ff7908ab8c
    Block Time: "Sun, 4 Oct 2026 14:16:23 +0000"

eth_getBlockByNumber
eth_getLogs
eth_getBlockByNumber
eth_getBlockByNumber
eth_getBlockByNumber
eth_getBlockByNumber

    Block Number: 273
    Block Hash: 0x1fcc54e57a2a03fef949aaa0cf4a3c55236c752c59349cfb6760ecb8dee10507
    Block Time: "Sun, 4 Oct 2026 14:16:23 +0000"

eth_getBlockByNumber
eth_getBlockByNumber
eth_getLogs
eth_getBlockByNumber
eth_getBlockByNumber
eth_getBlockByNumber

    Block Number: 274
    Block Hash: 0x58e023de61908ed7fa1b3277a008cc79f408fcdb1dd7da737a41e739793a8b72
    Block Time: "Sun, 4 Oct 2026 14:16:23 +0000"

eth_getBlockByNumber
eth_getLogs
eth_getBlockByNumber
eth_getBlockByNumber
eth_getBlockByNumber
eth_getBlockByNumber

    Block Number: 275
    Block Hash: 0x112022cc3717a843add3b74ce25f2f2355ada7cbb9be594d24b0702f65cac2ef
    Block Time: "Sun, 4 Oct 2026 14:16:23 +0000"

eth_getBlockByNumber
eth_getBlockByNumber
eth_getLogs
eth_getBlockByNumber
eth_getBlockByNumber
eth_getBlockByNumber

    Block Number: 276
    Block Hash: 0xad395161bfdc6dcc0136ed60926d7e41d5a09bbe5112a8037aa91ca4051b1718
    Block Time: "Sun, 4 Oct 2026 14:16:24 +0000"

eth_getBlockByNumber
eth_getLogs
eth_getBlockByNumber
eth_getBlockByNumber
eth_getBlockByNumber
eth_getBlockByNumber

    Block Number: 277
    Block Hash: 0x193d877482f24c62a26f24b88e1c8b7e83a6171dee76eb7bca4796827ca0bb6b
    Block Time: "Sun, 4 Oct 2026 14:16:24 +0000"

eth_getBlockByNumber
eth_getBlockByNumber
eth_getLogs
eth_getBlockByNumber
eth_getBlockByNumber
eth_getBlockByNumber

    Block Number: 278
    Block Hash: 0xc3ccb6ec7f00b9984a2262faf7e8f359ab8a987806d3d946b1edf9de8a368a4b
    Block Time: "Sun, 4 Oct 2026 14:16:24 +0000"

eth_getBlockByNumber
eth_getLogs
eth_getBlockByNumber
eth_getBlockByNumber
eth_getBlockByNumber
eth_getBlockByNumber

    Block Number: 279
    Block Hash: 0xe7b146d0e1934b599c5cf38282bb9a7c2d87a3e7187a691705ab8e93bc1c882f
    Block Time: "Sun, 4 Oct 2026 14:16:24 +0000"

eth_getBlockByNumber
eth_getBlockByNumber
eth_getLogs
eth_getBlockByNumber
eth_getBlockByNumber
eth_getBlockByNumber

    Block Number: 280
    Block Hash: 0xc3ce41735bfb52b9c3cc3b16541eed0f2dfa0e73057924e3146b14b63a27bbec
    Block Time: "Sun, 4 Oct 2026 14:16:25 +0000"

eth_getBlockByNumber
eth_getLogs
eth_getBlockByNumber
eth_getBlockByNumber
eth_getBlockByNumber
eth_getBlockByNumber

    Block Number: 281
    Block Hash: 0x25c33704aec20c4334831b5e4750c1ffc6c3824dae8849cc7437ad346a7eeb7c
    Block Time: "Sun, 4 Oct 2026 14:16:25 +0000"

eth_getBlockByNumber
eth_getBlockByNumber
eth_getLogs
eth_getBlockByNumber
eth_call
eth_feeHistory
eth_simulateV1
eth_sendRawTransaction
eth_getBlockByNumber
eth_getTransactionReceipt

    Transaction: 0xbf0eede4ec896968fe78dc139276758bbdaa42c8eb97658999b57d7f57b82761
    Gas used: 158986

    Block Number: 282
    Block Hash: 0x8cffa6abeb815e4fee1fb6fa1460bcba7def3320337c133942dd34865b2e2a17
    Block Time: "Sun, 4 Oct 2026 14:16:25 +0000"

eth_getBlockByNumber

    Block Number: 283
    Block Hash: 0x0b04d72f756933f32b25a1b0b5456384dc078027b0aee589113520bbcf873474
    Block Time: "Sun, 4 Oct 2026 14:16:25 +0000"

eth_getBlockByNumber
eth_getBlockByNumber
eth_getLogs
eth_getLogs
eth_getTransactionByHash
eth_getTransactionReceipt
eth_blockNumber
eth_getTransactionReceipt
eth_getBlockByNumber
eth_getTransactionByHash
eth_getBlockByNumber
eth_blockNumber
eth_getTransactionReceipt
eth_getBlockByNumber
eth_getBlockByNumber
eth_blockNumber
eth_getTransactionReceipt

    Block Number: 284
    Block Hash: 0xcba9715dde734443814469e49b28e29a2d21f90a46c7bbac2712fc3c6f38a511
    Block Time: "Sun, 4 Oct 2026 14:16:25 +0000"

eth_getBlockByNumber
eth_getBlockByNumber
eth_getLogs
eth_blockNumber
eth_getTransactionReceipt
eth_feeHistory
eth_simulateV1
eth_sendRawTransaction
eth_getTransactionReceipt

    Transaction: 0x54ad83e57eec7dcd2e72f5af7ade8f8ee1d8c18381f18a4c90eac6280e9924a5
    Gas used: 96809

    Block Number: 285
    Block Hash: 0x0151915cfe01fd77cc8ab1a2978fdc75349085ccb19a1d2ac579f11f5792f064
    Block Time: "Sun, 4 Oct 2026 14:16:26 +0000"

eth_getBlockByNumber
eth_getBlockByNumber
eth_getLogs
eth_getTransactionReceipt
eth_blockNumber
eth_getTransactionReceipt
eth_getBlockByNumber

    Block Number: 286
    Block Hash: 0xc459204a577f90206cb7b2d006abe9dfef76b2543b05c8fabe84b52b972531cb
    Block Time: "Sun, 4 Oct 2026 14:16:26 +0000"

eth_getBlockByNumber
eth_getLogs
eth_blockNumber
eth_getTransactionReceipt
eth_getBlockByNumber
eth_getBlockByNumber
eth_blockNumber
eth_getTransactionReceipt
eth_getBlockByNumber
eth_getBlockByNumber
eth_blockNumber
eth_getTransactionReceipt

    Block Number: 287
    Block Hash: 0x158922d1bdd30881b8a3903697e8c439b1742915104774b2421ca990f45a9095
    Block Time: "Sun, 4 Oct 2026 14:16:26 +0000"

eth_getBlockByNumber
eth_getBlockByNumber
eth_getLogs
eth_blockNumber
eth_getTransactionReceipt
eth_feeHistory
eth_simulateV1
eth_sendRawTransaction
eth_getTransactionReceipt

    Transaction: 0x01c3e67dd845ebc17fb50861955386ebffb617d6dba4af8e1b9a260de2fcf781
    Gas used: 171368

    Block Number: 288
    Block Hash: 0x84b25e24a94a210888c49f1ad552408d78251c518dfeb4fbc92711b5a63ece7b
    Block Time: "Sun, 4 Oct 2026 14:16:26 +0000"

eth_getBlockByNumber
eth_getBlockByNumber
eth_getLogs
eth_getTransactionReceipt
eth_blockNumber
eth_getTransactionReceipt
eth_getBlockByNumber

    Block Number: 289
    Block Hash: 0x46af43ba8f6d1ba09fe7ef91a3f75527e0726c072ec5bb2ee9e6caff1cd4b25f
    Block Time: "Sun, 4 Oct 2026 14:16:26 +0000"

eth_getBlockByNumber
eth_getLogs
eth_blockNumber
eth_getTransactionReceipt
eth_getBlockByNumber
eth_getBlockByNumber
eth_blockNumber
eth_getTransactionReceipt
eth_getBlockByNumber
eth_getBlockByNumber

    Block Number: 290
    Block Hash: 0xb04f30714aa9f433f70f9c4c756c87d97b1c2a2788dd04b7bcf58cae4e38a48c
    Block Time: "Sun, 4 Oct 2026 14:16:26 +0000"

eth_blockNumber
eth_getTransactionReceipt
eth_getBlockByNumber
eth_getBlockByNumber
eth_getLogs
eth_getBlockByNumber
eth_getBlockByNumber
eth_getBlockByNumber

    Block Number: 291
    Block Hash: 0xbac91c04dec3d3dc74ef3ca0d6d82e730fefdb2665c1f1818f6252a3cb781292
    Block Time: "Sun, 4 Oct 2026 14:16:27 +0000"

eth_getBlockByNumber
eth_getLogs
eth_getBlockByNumber
eth_getBlockByNumber
eth_getBlockByNumber
eth_getBlockByNumber

    Block Number: 292
    Block Hash: 0x3f3c5855f04028d35ad08fa42d2a33d917eb47721c31fbcb6e3d08f2a64026f5
    Block Time: "Sun, 4 Oct 2026 14:16:27 +0000"

eth_getBlockByNumber
eth_getBlockByNumber
eth_getLogs
eth_getBlockByNumber
eth_getBlockByNumber
eth_getBlockByNumber

    Block Number: 293
    Block Hash: 0x174febb243d89b221186017dbe7782ecec4c6e4ac2aa2711d6af1338954607ec
    Block Time: "Sun, 4 Oct 2026 14:16:27 +0000"

eth_getBlockByNumber
eth_getLogs
eth_getBlockByNumber
eth_getBlockByNumber
eth_getBlockByNumber
eth_getBlockByNumber

    Block Number: 294
    Block Hash: 0x98860e46a4bea86de4d12989229b763825a0e94a67fd7a937e8d3ba10729df00
    Block Time: "Sun, 4 Oct 2026 14:16:27 +0000"

eth_getBlockByNumber
eth_getBlockByNumber
eth_getLogs
eth_getBlockByNumber
eth_getBlockByNumber
eth_getBlockByNumber

    Block Number: 295
    Block Hash: 0xa18b12c94189a0a46f342f6d034b3b982fef2edb39bb0d84894e839f112bd4c2
    Block Time: "Sun, 4 Oct 2026 14:16:28 +0000"

eth_getBlockByNumber
eth_getLogs
eth_getBlockByNumber
eth_getBlockByNumber
eth_getBlockByNumber
eth_getBlockByNumber

    Block Number: 296
    Block Hash: 0xf38876e083cbedefe89400b8ad2f842a1a0ef167e047b7ae8a2c572f5a79e483
    Block Time: "Sun, 4 Oct 2026 14:16:28 +0000"

eth_getBlockByNumber
eth_getBlockByNumber
eth_getLogs
eth_getBlockByNumber
eth_getBlockByNumber
eth_getBlockByNumber

    Block Number: 297
    Block Hash: 0x7342cafa7154fa87d1cd08ac02c9bb9ea0f951a32010eb0e6f4cb434303c4b5b
    Block Time: "Sun, 4 Oct 2026 14:16:28 +0000"

eth_getBlockByNumber
eth_getLogs
eth_getBlockByNumber
eth_getBlockByNumber
eth_getBlockByNumber
eth_getBlockByNumber

    Block Number: 298
    Block Hash: 0x545245929bf9ddc999e388da7fb0e53652efb115c024693b33552a0df48c3413
    Block Time: "Sun, 4 Oct 2026 14:16:28 +0000"

eth_getBlockByNumber
eth_getBlockByNumber
eth_getLogs
eth_getBlockByNumber
eth_getBlockByNumber
eth_getBlockByNumber

    Block Number: 299
    Block Hash: 0x0c061ed973f8b16a79f07aef282775a746bbb345f1f9bb3bf42a09776fa0860c
    Block Time: "Sun, 4 Oct 2026 14:16:29 +0000"

eth_getBlockByNumber
eth_getLogs
eth_getBlockByNumber
eth_getBlockByNumber
eth_getBlockByNumber
eth_getBlockByNumber

    Block Number: 300
    Block Hash: 0x9029313748b63424e610f18ca92c3eaa51a1709b1daee211b257a6c6b9106278
    Block Time: "Sun, 4 Oct 2026 14:16:29 +0000"

eth_getBlockByNumber
eth_getBlockByNumber
eth_getLogs
eth_getBlockByNumber
eth_getBlockByNumber
eth_call
eth_feeHistory
eth_simulateV1
eth_sendRawTransaction
eth_getTransactionReceipt

    Transaction: 0xa4d42301a8b2dcf9ede6d7bbfa7f19fa36e85120f51e91560e7e74507a9b36f6
    Gas used: 141886

    Block Number: 301
    Block Hash: 0x833787689a3543d239ad048ea8c30b01b6c22575784aa80e8b733adcaaf84ad0
    Block Time: "Sun, 4 Oct 2026 14:16:29 +0000"

eth_getBlockByNumber

    Block Number: 302
    Block Hash: 0xeda6c179f6ca56e895bd514c80db5eb47cf80e287a5297a79193ea2c3d71f0da
    Block Time: "Sun, 4 Oct 2026 14:16:29 +0000"

eth_getBlockByNumber
eth_getBlockByNumber
eth_getLogs
eth_getLogs
eth_getTransactionByHash
eth_getTransactionReceipt
eth_blockNumber
eth_getTransactionReceipt
eth_getBlockByNumber
eth_getTransactionByHash
eth_getBlockByNumber
eth_blockNumber
eth_getTransactionReceipt
eth_getBlockByNumber
eth_getBlockByNumber
eth_blockNumber
eth_getTransactionReceipt

    Block Number: 303
    Block Hash: 0xa90d83c803dec6259188752eb34245ec67d5c4a6a3108dcb1a1e971899bf16d1
    Block Time: "Sun, 4 Oct 2026 14:16:29 +0000"

eth_getBlockByNumber
eth_getBlockByNumber
eth_getLogs
eth_blockNumber
eth_getTransactionReceipt
eth_feeHistory
eth_simulateV1
eth_sendRawTransaction
eth_getTransactionReceipt

    Transaction: 0x437843b294d23754d5e545b367ad4b544a648d1033aae5247c6f7b87b3fac5cc
    Gas used: 96809

    Block Number: 304
    Block Hash: 0x99750eae4a950f19681db6e2e6a1819c30fe282673a2c595fc2b9b2437e41b77
    Block Time: "Sun, 4 Oct 2026 14:16:30 +0000"

eth_getBlockByNumber
eth_getBlockByNumber
eth_getLogs
eth_getTransactionReceipt
eth_blockNumber
eth_getTransactionReceipt
eth_getBlockByNumber

    Block Number: 305
    Block Hash: 0xfd8c9c284d91b46d0599c00debff13a1cd0fb9fc70e26dbbdcfadc2b32cec966
    Block Time: "Sun, 4 Oct 2026 14:16:30 +0000"

eth_getBlockByNumber
eth_getLogs
eth_blockNumber
eth_getTransactionReceipt
eth_getBlockByNumber
eth_getBlockByNumber
eth_blockNumber
eth_getTransactionReceipt
eth_getBlockByNumber
eth_getBlockByNumber
eth_blockNumber
eth_getTransactionReceipt

    Block Number: 306
    Block Hash: 0x91d43c9b60055e3dd90f0290fe6d2d003e0a717ad627b71ff38611335868d63d
    Block Time: "Sun, 4 Oct 2026 14:16:30 +0000"

eth_getBlockByNumber
eth_getBlockByNumber
eth_getLogs
eth_blockNumber
eth_getTransactionReceipt
eth_feeHistory
eth_simulateV1
eth_sendRawTransaction
eth_getTransactionReceipt

    Transaction: 0x2d4790c5e9739f7258d72954ed731f5fbbf1c6cd1a29d5d155f4e24e7f34a447
    Gas used: 171368

    Block Number: 307
    Block Hash: 0x528697a3db039e8ac1cf90e36c824c911e74f3e3a43604060015dcfd3e132adf
    Block Time: "Sun, 4 Oct 2026 14:16:30 +0000"

eth_getBlockByNumber
eth_getBlockByNumber
eth_getLogs
eth_getTransactionReceipt
eth_blockNumber
eth_getTransactionReceipt
eth_getBlockByNumber

    Block Number: 308
    Block Hash: 0x36f8bd63732e5ce34b23eb949cca1eab8d3f12c9bc47f392af19ea238f64e5bd
    Block Time: "Sun, 4 Oct 2026 14:16:30 +0000"

eth_getBlockByNumber
eth_getLogs
eth_blockNumber
eth_getTransactionReceipt
eth_getBlockByNumber
eth_getBlockByNumber
eth_blockNumber
eth_getTransactionReceipt
eth_getBlockByNumber
eth_getBlockByNumber

    Block Number: 309
    Block Hash: 0x6796665a77f7f347c3619adb20f5d0c8daa11c1d43ba6f0de775cd7ef85557ca
    Block Time: "Sun, 4 Oct 2026 14:16:30 +0000"

eth_blockNumber
eth_getTransactionReceipt
eth_getBlockByNumber
eth_getBlockByNumber
eth_getLogs
eth_getBlockByNumber
eth_getBlockByNumber
eth_getBlockByNumber
eth_getBlockByNumber

    Block Number: 310
    Block Hash: 0x32024d57064bf243f8cce850c4ce2f8a056a457082ba66ff1f45379fd10e261f
    Block Time: "Sun, 4 Oct 2026 14:16:31 +0000"

eth_getBlockByNumber
eth_getBlockByNumber
eth_getLogs
eth_getBlockByNumber
eth_getBlockByNumber

    Block Number: 311
    Block Hash: 0x447369745de8b672e72e1ea52fd0c6a642a88d3c86dce37ccaf4a17ada4706b9
    Block Time: "Sun, 4 Oct 2026 14:16:31 +0000"

eth_getBlockByNumber
eth_getBlockByNumber
eth_getLogs
eth_getBlockByNumber
eth_getBlockByNumber
eth_getBlockByNumber

    Block Number: 312
    Block Hash: 0x0bb1b4f1ec545b87f97d4b9ad7f151ff93c9edcfd49db0f164b5974f1b043ba8
    Block Time: "Sun, 4 Oct 2026 14:16:31 +0000"

eth_getBlockByNumber
eth_getLogs
eth_getBlockByNumber
eth_getBlockByNumber
eth_getBlockByNumber
eth_getBlockByNumber

    Block Number: 313
    Block Hash: 0xc342f377fce4cb0b69ed40d24d34ca318ec378598ec76c79c8feba161b0b2496
    Block Time: "Sun, 4 Oct 2026 14:16:31 +0000"

eth_blockNumber
eth_getBlockByNumber
eth_feeHistory
eth_getBlockByNumber
eth_getLogs
eth_getBlockByNumber
eth_getBlockByNumber
eth_getBlockByNumber

    Block Number: 314
    Block Hash: 0xc7a871c87a49f0472f63e4bedf47379812b9a67d3b6f85b446fcf72a44b841c4
    Block Time: "Sun, 4 Oct 2026 14:16:32 +0000"

eth_getBlockByNumber
eth_getLogs
eth_getBlockByNumber
eth_getBlockByNumber
eth_getBlockByNumber
eth_getBlockByNumber

    Block Number: 315
    Block Hash: 0xd18cd1860fd4c4c823807a021dff2e23f0df25177beaa379da4d7c92647182bd
    Block Time: "Sun, 4 Oct 2026 14:16:32 +0000"

eth_getBlockByNumber
eth_getBlockByNumber
eth_getLogs
eth_getBlockByNumber
eth_getBlockByNumber
eth_getBlockByNumber
eth_getBlockByNumber

    Block Number: 316
    Block Hash: 0xa18d88e7dc7ebaeded8cb326684149579974eea4be52f36b332d94a38e5688eb
    Block Time: "Sun, 4 Oct 2026 14:16:32 +0000"

eth_getBlockByNumber
eth_getBlockByNumber
eth_getLogs
eth_getBlockByNumber
eth_getBlockByNumber

    Block Number: 317
    Block Hash: 0x2f3bf511cb4696d20378b230c325d0a7cfb96091eba759b52b39ac8da569e691
    Block Time: "Sun, 4 Oct 2026 14:16:32 +0000"

eth_getBlockByNumber
eth_getBlockByNumber
eth_getLogs
eth_getBlockByNumber
eth_getBlockByNumber
eth_getBlockByNumber

    Block Number: 318
    Block Hash: 0xf365fcf40277ae6277e2f42b62eec6a8290df9ebc8f15761274e744373dc52fa
    Block Time: "Sun, 4 Oct 2026 14:16:33 +0000"

eth_getBlockByNumber
eth_getLogs
eth_getBlockByNumber
eth_getBlockByNumber
eth_getBlockByNumber
eth_getBlockByNumber

    Block Number: 319
    Block Hash: 0xda3c5a63a81f989519bc85bb4270ded560017cd8b9a0e25760134cb333d9bd46
    Block Time: "Sun, 4 Oct 2026 14:16:33 +0000"

eth_getBlockByNumber
eth_getBlockByNumber
eth_getLogs
eth_getBlockByNumber
eth_getBlockByNumber
eth_call
eth_feeHistory
eth_simulateV1
eth_getBlockByNumber
eth_sendRawTransaction
eth_getTransactionReceipt

    Transaction: 0x2c49eabb5c21cfd0ea1f4762a0d2abf8acdd74ef2fb9ba964440bacaa22bbf65
    Gas used: 141886

    Block Number: 320
    Block Hash: 0x3beeddd066a5f5e5149a292449e5fe801222482c9b7e55a1a8d6684fd8fcea14
    Block Time: "Sun, 4 Oct 2026 14:16:33 +0000"


    Block Number: 321
    Block Hash: 0x7a0a5e681b3c4c96d9d1e5c902acabbf891c3ebf361f6d4c5056c46d479a549b
    Block Time: "Sun, 4 Oct 2026 14:16:33 +0000"

eth_getBlockByNumber
eth_getBlockByNumber
eth_getLogs
eth_getLogs
eth_getTransactionByHash
eth_getBlockByNumber
eth_getTransactionByHash
eth_getTransactionReceipt
eth_blockNumber
eth_getTransactionReceipt
eth_getBlockByNumber
eth_getBlockByNumber
eth_blockNumber
eth_getTransactionReceipt
eth_getBlockByNumber

    Block Number: 322
    Block Hash: 0x6c4c493f9a6145e81e7e1963c2ffcd26a177e93c3272557a506af06956def914
    Block Time: "Sun, 4 Oct 2026 14:16:33 +0000"

eth_getBlockByNumber
eth_blockNumber
eth_getTransactionReceipt
eth_getBlockByNumber
eth_getLogs
eth_feeHistory
eth_simulateV1
eth_sendRawTransaction
eth_getTransactionReceipt

    Transaction: 0x1945455006941475b5a8ed9158b57cb7cb7ba675406c120a748eda9d2c18463e
    Gas used: 96809

    Block Number: 323
    Block Hash: 0x8fe3d4a367756947eae6e62f172200611c37ebe463eb9bd5688ec816b17ae040
    Block Time: "Sun, 4 Oct 2026 14:16:34 +0000"

eth_getBlockByNumber
eth_getBlockByNumber
eth_getLogs
eth_getTransactionReceipt
eth_blockNumber
eth_getTransactionReceipt
eth_getBlockByNumber

    Block Number: 324
    Block Hash: 0x4dc2dc47d617fb426344f3cc7d29279f5fdb1866c9c3149cbf5ccab0572ecc3b
    Block Time: "Sun, 4 Oct 2026 14:16:34 +0000"

eth_getBlockByNumber
eth_getLogs
eth_blockNumber
eth_getTransactionReceipt
eth_getBlockByNumber
eth_getBlockByNumber
eth_blockNumber
eth_getTransactionReceipt
eth_getBlockByNumber
eth_getBlockByNumber

    Block Number: 325
    Block Hash: 0x50e52ac485b210b796b08ce0620be367cd8fdf5ccb5d194ff8c5e7c9d1cec2f4
    Block Time: "Sun, 4 Oct 2026 14:16:34 +0000"

eth_blockNumber
eth_getTransactionReceipt
eth_feeHistory
eth_simulateV1
eth_sendRawTransaction
eth_getTransactionReceipt

    Transaction: 0x90ae42da6313f5c7eab4109be7874ead89c73b62150f96f3f1ff7118b89ac4dd
    Gas used: 171368

    Block Number: 326
    Block Hash: 0xed709d6da0e5857f5252b474b3b7e34410c2fc13832ede339b67a0df86abceee
    Block Time: "Sun, 4 Oct 2026 14:16:34 +0000"

eth_getBlockByNumber
eth_getBlockByNumber
eth_getBlockByNumber
eth_getLogs
eth_getLogs
eth_getTransactionReceipt
eth_blockNumber
eth_getTransactionReceipt
eth_getBlockByNumber
eth_getBlockByNumber
eth_blockNumber
eth_getTransactionReceipt
eth_getBlockByNumber
eth_getBlockByNumber

    Block Number: 327
    Block Hash: 0x25a5587747daae38aba98a4a599b93a4c061fd568ef23875ed656a1a3552f320
    Block Time: "Sun, 4 Oct 2026 14:16:34 +0000"

eth_blockNumber
eth_getTransactionReceipt
eth_getBlockByNumber
eth_getBlockByNumber
eth_getLogs
eth_blockNumber
eth_getTransactionReceipt
eth_getBlockByNumber
eth_getBlockByNumber

    Block Number: 328
    Block Hash: 0x7c4cd0f1f72eb131c8abdc166c3a1783f9964a16d66b892d2147750ffe342a2d
    Block Time: "Sun, 4 Oct 2026 14:16:34 +0000"

eth_blockNumber
eth_getTransactionReceipt
eth_getBlockByNumber
eth_getBlockByNumber
eth_getLogs
eth_getBlockByNumber
eth_getBlockByNumber
eth_getBlockByNumber

    Block Number: 329
    Block Hash: 0xe00fe87ed7625b6113e29a174d2b1520088d903b03f7057fece762395d33003d
    Block Time: "Sun, 4 Oct 2026 14:16:35 +0000"

eth_getBlockByNumber
eth_getLogs
eth_getBlockByNumber
eth_getBlockByNumber
eth_getBlockByNumber
eth_getBlockByNumber

    Block Number: 330
    Block Hash: 0x6dc5648904ef05cbb238312e6d50ba781344d80a5358050fa0704666ffe732f4
    Block Time: "Sun, 4 Oct 2026 14:16:35 +0000"

eth_getBlockByNumber
eth_getBlockByNumber
eth_getLogs
eth_getBlockByNumber
eth_getBlockByNumber
eth_getBlockByNumber

    Block Number: 331
    Block Hash: 0xb4001d8837355b59a4ae844232defa26f463c30dee9f202b47e6e70b0997b3e5
    Block Time: "Sun, 4 Oct 2026 14:16:35 +0000"

eth_getBlockByNumber
eth_getLogs
eth_getBlockByNumber
eth_getBlockByNumber
eth_getBlockByNumber
eth_getBlockByNumber

    Block Number: 332
    Block Hash: 0x2171da3a55cfb661111ac3c9c349635964936cf2dfd80b1d2b7978e4bdf57279
    Block Time: "Sun, 4 Oct 2026 14:16:35 +0000"

eth_getBlockByNumber
eth_getBlockByNumber
eth_getLogs
eth_getBlockByNumber
eth_getBlockByNumber
eth_getBlockByNumber

    Block Number: 333
    Block Hash: 0xb8eb6ab85b3215d1c3322267e86a42608fe0fcc37192f130f22c9a533d06c787
    Block Time: "Sun, 4 Oct 2026 14:16:36 +0000"

eth_getBlockByNumber
eth_getLogs
eth_getBlockByNumber
eth_getBlockByNumber
eth_getBlockByNumber
eth_getBlockByNumber

    Block Number: 334
    Block Hash: 0x36ce02bb21c6d5556ae4b0693d00b925a37f8057416b6b1f9632a4fba33f38bd
    Block Time: "Sun, 4 Oct 2026 14:16:36 +0000"

eth_getBlockByNumber
eth_getBlockByNumber
eth_getLogs
eth_getBlockByNumber
eth_getBlockByNumber
eth_getBlockByNumber

    Block Number: 335
    Block Hash: 0x5465bf8d4019013760123dcfa5d4f89b0ded7ae225641b113ae8dcf170680389
    Block Time: "Sun, 4 Oct 2026 14:16:36 +0000"

eth_getBlockByNumber
eth_getLogs
eth_getBlockByNumber
eth_getBlockByNumber
eth_getBlockByNumber
eth_getBlockByNumber

    Block Number: 336
    Block Hash: 0xaeac8b9dc037a56caad9dd1cd7bc02ce1aa96ea0c36ee9f529528a6452f11764
    Block Time: "Sun, 4 Oct 2026 14:16:36 +0000"

eth_getBlockByNumber
eth_getBlockByNumber
eth_getLogs
eth_getBlockByNumber
eth_getBlockByNumber
eth_getBlockByNumber

    Block Number: 337
    Block Hash: 0x856c95f25b8cb6dd22e47ba56fe061a2bc90946e01007322c2545df5b38ea6bd
    Block Time: "Sun, 4 Oct 2026 14:16:37 +0000"

eth_getBlockByNumber
eth_getLogs
eth_getBlockByNumber
eth_getBlockByNumber
eth_getBlockByNumber
eth_getBlockByNumber

    Block Number: 338
    Block Hash: 0xa49e76339d8e2537288280889214ff98815e00758d23b20e2080f863a3f7cd9d
    Block Time: "Sun, 4 Oct 2026 14:16:37 +0000"

eth_getBlockByNumber
eth_getBlockByNumber
eth_getLogs
eth_getBlockByNumber
eth_getBlockByNumber
eth_getBlockByNumber
eth_call
eth_feeHistory
eth_simulateV1
eth_sendRawTransaction
eth_getTransactionReceipt

    Transaction: 0x922df57c62a7951f7eb9743bde6eb178e85039ca91086f652403537dad95d4b2
    Gas used: 141886

    Block Number: 339
    Block Hash: 0xde6da007b7e3e578ecc84d285b0c1d9feed092a4f4b12e04feed1c08663544bd
    Block Time: "Sun, 4 Oct 2026 14:16:37 +0000"


    Block Number: 340
    Block Hash: 0xda6aac0a51972c8d4d9586e555b3979f7dbbd10f8392fe332d8b48cd90c80498
    Block Time: "Sun, 4 Oct 2026 14:16:37 +0000"

eth_getBlockByNumber
eth_getBlockByNumber
eth_getLogs
eth_getLogs
eth_getTransactionByHash
eth_getBlockByNumber
eth_getTransactionByHash
eth_getTransactionReceipt
eth_blockNumber
eth_getTransactionReceipt
eth_getBlockByNumber
eth_getBlockByNumber
eth_blockNumber
eth_getBlockByNumber
eth_getTransactionReceipt

    Block Number: 341
    Block Hash: 0xf943e843231903bd0c1b6a3a39eb9a155fe15cfdc31d86698fd97ae9f0af58e9
    Block Time: "Sun, 4 Oct 2026 14:16:37 +0000"

eth_getBlockByNumber
eth_getBlockByNumber
eth_getLogs
eth_blockNumber
eth_getTransactionReceipt
eth_feeHistory
eth_simulateV1
eth_sendRawTransaction
eth_getTransactionReceipt

    Transaction: 0xed5e527a4f9016c49d335678f19f8835f85b01f580968bd8d16105efcb563e65
    Gas used: 96809

    Block Number: 342
    Block Hash: 0xcad07e097f6a15ca091c50d7be29d1b5f0a1435c274931c3689db9dc4d491572
    Block Time: "Sun, 4 Oct 2026 14:16:38 +0000"

eth_getBlockByNumber
eth_getBlockByNumber
eth_getLogs
eth_getTransactionReceipt
eth_blockNumber
eth_getTransactionReceipt
eth_getBlockByNumber

    Block Number: 343
    Block Hash: 0xdc6a6cdf6b4e77ec7b80c808221cf4f89456f0d39ebd5e238dd5b64fc0cd604c
    Block Time: "Sun, 4 Oct 2026 14:16:38 +0000"

eth_getBlockByNumber
eth_getLogs
eth_blockNumber
eth_getTransactionReceipt
eth_getBlockByNumber
eth_getBlockByNumber
eth_blockNumber
eth_getTransactionReceipt
eth_getBlockByNumber
eth_getBlockByNumber

    Block Number: 344
    Block Hash: 0xe87d1e7ffec9518340575610455f9d196dc62518b95084126b98a1926bc9fa11
    Block Time: "Sun, 4 Oct 2026 14:16:38 +0000"

eth_blockNumber
eth_getTransactionReceipt
eth_feeHistory
eth_simulateV1
eth_sendRawTransaction
eth_getTransactionReceipt

    Transaction: 0x3b3cd89be680a607d6e91ba74ee55274e6a82027872aa148120d244a5c1bb9d6
    Gas used: 171368

    Block Number: 345
    Block Hash: 0x32c78f86cce58bbb19c24047d83af3a257f18cf6bdef4c9d57c176080de3562f
    Block Time: "Sun, 4 Oct 2026 14:16:38 +0000"

eth_getBlockByNumber
eth_getBlockByNumber
eth_getBlockByNumber
eth_getLogs
eth_getLogs
eth_getTransactionReceipt
eth_blockNumber
eth_getTransactionReceipt
eth_getBlockByNumber
eth_getBlockByNumber
eth_blockNumber
eth_getTransactionReceipt
eth_getBlockByNumber

    Block Number: 346
    Block Hash: 0xbe5488abe4dd8977257d32606f3127a463c4a6e1b9b01c752af27bd991fb2726
    Block Time: "Sun, 4 Oct 2026 14:16:38 +0000"

eth_getBlockByNumber
eth_getLogs
eth_blockNumber
eth_getTransactionReceipt
eth_getBlockByNumber
eth_getBlockByNumber
eth_blockNumber
eth_getTransactionReceipt
eth_getBlockByNumber
eth_getBlockByNumber

    Block Number: 347
    Block Hash: 0x42f11dac4aff6d70b1790a78f1910ebf1907a1aa4677d476ab44fe3c54ec0ca4
    Block Time: "Sun, 4 Oct 2026 14:16:38 +0000"

eth_blockNumber
eth_getTransactionReceipt
eth_getBlockByNumber
eth_getBlockByNumber
eth_getLogs
eth_getBlockByNumber
eth_getBlockByNumber
eth_getBlockByNumber

    Block Number: 348
    Block Hash: 0x213cc38ce9bfc7ceb6449bf90638ebcf8944fd22748a36ec3c787272e9e31daa
    Block Time: "Sun, 4 Oct 2026 14:16:39 +0000"

eth_getBlockByNumber
eth_getLogs
eth_getBlockByNumber
eth_getBlockByNumber
eth_getBlockByNumber
eth_getBlockByNumber

    Block Number: 349
    Block Hash: 0x93ed1101bcfed594e441591401f2fd02b01d90f425348aec7447100510e66c91
    Block Time: "Sun, 4 Oct 2026 14:16:39 +0000"

eth_getBlockByNumber
eth_getBlockByNumber
eth_getLogs
eth_getBlockByNumber
eth_getBlockByNumber
eth_getBlockByNumber

    Block Number: 350
    Block Hash: 0x1d77f74b9285afdf782110c998f595eed962704939253025a10e8f7971cb9272
    Block Time: "Sun, 4 Oct 2026 14:16:39 +0000"

eth_getBlockByNumber
eth_getLogs
eth_getBlockByNumber
eth_getBlockByNumber
eth_getBlockByNumber
eth_getBlockByNumber

    Block Number: 351
    Block Hash: 0xb52f963b9194fa82805a36d042d64670256d89e757f64b2fe4698d78ba87f253
    Block Time: "Sun, 4 Oct 2026 14:16:39 +0000"

eth_getBlockByNumber
eth_getBlockByNumber
eth_getLogs
eth_getBlockByNumber
eth_getBlockByNumber
eth_getBlockByNumber

    Block Number: 352
    Block Hash: 0x61d1ef2d2b2a0bd33a5314c286490e9993eb319eb250f21bb61dc0f4a8f2e459
    Block Time: "Sun, 4 Oct 2026 14:16:40 +0000"

eth_getBlockByNumber
eth_getLogs
eth_getBlockByNumber
eth_getBlockByNumber
eth_getBlockByNumber
eth_getBlockByNumber

    Block Number: 353
    Block Hash: 0xc1722416c62861307117de4842f246410b07061d0bd94f539e383ee6219249db
    Block Time: "Sun, 4 Oct 2026 14:16:40 +0000"

eth_getBlockByNumber
eth_getBlockByNumber
eth_getLogs
eth_getBlockByNumber
eth_getBlockByNumber
eth_getBlockByNumber

    Block Number: 354
    Block Hash: 0x0d722111cc4dd7309e6f83c73051de5b782bc73f16e3eea0f129110f3e633e57
    Block Time: "Sun, 4 Oct 2026 14:16:40 +0000"

eth_getBlockByNumber
eth_getLogs
eth_getBlockByNumber
eth_getBlockByNumber
eth_getBlockByNumber
eth_getBlockByNumber

    Block Number: 355
    Block Hash: 0xa3d01986203c95720592a51cb8a8ad803a20adfba589187b7826ae2ff8ac85f3
    Block Time: "Sun, 4 Oct 2026 14:16:40 +0000"

eth_getBlockByNumber
eth_getBlockByNumber
eth_getLogs
eth_getBlockByNumber
eth_getBlockByNumber
eth_getBlockByNumber

    Block Number: 356
    Block Hash: 0xecd895cb06cafaa716690e0a7ab2ee13e12b0ece6135766f7525111458682d1e
    Block Time: "Sun, 4 Oct 2026 14:16:41 +0000"

eth_getBlockByNumber
eth_getLogs
eth_getBlockByNumber
eth_getBlockByNumber
eth_getBlockByNumber
eth_getBlockByNumber

    Block Number: 357
    Block Hash: 0x3a3458d969133cc4fc0225ff8093b1379f74ee94d38b0a7bde29be26f703ffbc
    Block Time: "Sun, 4 Oct 2026 14:16:41 +0000"

eth_getBlockByNumber
eth_getBlockByNumber
eth_getLogs
eth_getBlockByNumber
eth_getBlockByNumber
eth_getBlockByNumber
eth_call
eth_feeHistory
eth_simulateV1

    Block Number: 358
    Block Hash: 0x372ec20b0ed26f0203499ea4c41ab251221ee84b1e984b94aaf3d5488d92dda0
    Block Time: "Sun, 4 Oct 2026 14:16:41 +0000"

eth_getBlockByNumber
eth_sendRawTransaction
eth_getTransactionReceipt
eth_getLogs

    Transaction: 0xfd1964e3f9f67827375d81c2f10058b36b105a4575c7d1574f79e743c79155d5
    Gas used: 141886

    Block Number: 359
    Block Hash: 0x1818436e114271f971df1506fafb10434035ab5b447ce66fbe7d6617c4dd2b65
    Block Time: "Sun, 4 Oct 2026 14:16:41 +0000"

eth_getBlockByNumber
eth_getTransactionByHash
eth_getBlockByNumber
eth_getLogs
eth_getTransactionByHash
eth_getTransactionReceipt
eth_blockNumber
eth_getTransactionReceipt
eth_getBlockByNumber
eth_getBlockByNumber
eth_blockNumber
eth_getTransactionReceipt

    Block Number: 360
    Block Hash: 0x4f8d1ae95c90099d863bdd11135f204498c6d75a51e9499d1ba105dddc7d0719
    Block Time: "Sun, 4 Oct 2026 14:16:41 +0000"

eth_getBlockByNumber
eth_getBlockByNumber
eth_getLogs
eth_blockNumber
eth_getTransactionReceipt
eth_getBlockByNumber
eth_getBlockByNumber
eth_blockNumber
eth_getTransactionReceipt
eth_getBlockByNumber

    Block Number: 361
    Block Hash: 0x8936ba464821dcc09823758a4eda93635fb7e69ff5aaa65e01abc7ce3e274340
    Block Time: "Sun, 4 Oct 2026 14:16:42 +0000"

eth_getBlockByNumber
eth_getLogs
eth_blockNumber
eth_getTransactionReceipt
eth_getBlockByNumber
eth_getBlockByNumber
eth_getBlockByNumber
eth_getBlockByNumber

    Block Number: 362
    Block Hash: 0x20b9381002c0e4f8bb272508fdd213b2dc2bb2536cddd79c70cb06dfe8ee9c83
    Block Time: "Sun, 4 Oct 2026 14:16:42 +0000"

eth_getBlockByNumber
eth_getBlockByNumber
eth_getLogs
eth_getBlockByNumber
eth_getBlockByNumber
eth_getBlockByNumber

    Block Number: 363
    Block Hash: 0xa1f76302fda0a813f378681efd6007edef4d22bbb7afc720c4af2019a804078a
    Block Time: "Sun, 4 Oct 2026 14:16:42 +0000"

eth_getBlockByNumber
eth_getLogs
eth_getBlockByNumber
eth_getBlockByNumber
eth_getBlockByNumber
eth_getBlockByNumber

    Block Number: 364
    Block Hash: 0xe8b42b731250482647b413c6817a11b7f1203d44665efd473ab83b7d0259becf
    Block Time: "Sun, 4 Oct 2026 14:16:42 +0000"

eth_getBlockByNumber
eth_getBlockByNumber
eth_getLogs
eth_feeHistory
eth_simulateV1
eth_sendRawTransaction
eth_getTransactionReceipt

    Transaction: 0x1933a97b5be5872232626f1e6afb7ad997b06429a70dcf276b56b5afbbdc811a
    Gas used: 96797

    Block Number: 365
    Block Hash: 0x5e3cf742188721fd133a88009e037a1940b5470e3bf3c5042253c50d6a814720
    Block Time: "Sun, 4 Oct 2026 14:16:43 +0000"

eth_getBlockByNumber
eth_getBlockByNumber
eth_getLogs
eth_getTransactionReceipt
eth_blockNumber
eth_getTransactionReceipt
eth_getBlockByNumber

    Block Number: 366
    Block Hash: 0x64e1ab41f100a73422a7f7442b04feda1220e3eaa43ae07c923e2c419c3290e1
    Block Time: "Sun, 4 Oct 2026 14:16:43 +0000"

eth_getBlockByNumber
eth_getLogs
eth_blockNumber
eth_getTransactionReceipt
eth_getBlockByNumber
eth_getBlockByNumber
eth_blockNumber
eth_getTransactionReceipt
eth_getBlockByNumber
eth_getBlockByNumber

    Block Number: 367
    Block Hash: 0x8f6af37d6d462f36f2470fc60d8273856e578747b95324ec55a6d22107fa10c0
    Block Time: "Sun, 4 Oct 2026 14:16:43 +0000"

eth_blockNumber
eth_getTransactionReceipt
eth_feeHistory
eth_simulateV1
eth_sendRawTransaction

    Transaction: 0xba5f2c01739037183d1c17a81009c9e9fc34a54ac29b81cfd3967a94eef30375
    Gas used: 171356

    Block Number: 368
    Block Hash: 0x1816cbd192de8a62fa1f5678e183e96d38ddb270ad0c4397986ced0dee4f7162
    Block Time: "Sun, 4 Oct 2026 14:16:43 +0000"

eth_getTransactionReceipt
eth_blockNumber
eth_getTransactionReceipt
eth_getBlockByNumber
eth_getBlockByNumber
eth_getBlockByNumber
eth_getLogs
eth_getLogs
eth_blockNumber
eth_getTransactionReceipt
eth_getBlockByNumber
eth_getBlockByNumber
eth_blockNumber
eth_getTransactionReceipt
eth_getBlockByNumber

    Block Number: 369
    Block Hash: 0x240c58d833ba5e8d8244fd42929aad0a36959dcbeb9f93fb4f0c188bdf04cf92
    Block Time: "Sun, 4 Oct 2026 14:16:43 +0000"

eth_getBlockByNumber
eth_getLogs
eth_blockNumber
eth_getTransactionReceipt
eth_getBlockByNumber
eth_getBlockByNumber
eth_getBlockByNumber
eth_blockNumber
eth_getTransactionReceipt
eth_getBlockByNumber

    Block Number: 370
    Block Hash: 0x1c1bb0d147a5c01760559b2b311fb0e9b56127c2925daa4d485f27a712bc8891
    Block Time: "Sun, 4 Oct 2026 14:16:43 +0000"

eth_getBlockByNumber
eth_blockNumber
eth_getTransactionReceipt
eth_getBlockByNumber
eth_getLogs
eth_getBlockByNumber
eth_getBlockByNumber
eth_getBlockByNumber

    Block Number: 371
    Block Hash: 0x4d476aa688165df2b9394562c3e32206fe2aed7b8aeab8a02d3dd2b5140b7eae
    Block Time: "Sun, 4 Oct 2026 14:16:44 +0000"

eth_getBlockByNumber
eth_getLogs
eth_getBlockByNumber
eth_getBlockByNumber
eth_getBlockByNumber
eth_getBlockByNumber

    Block Number: 372
    Block Hash: 0x28f57bca9096abd8b3de0a138c16024bfe453fcca629eeeea662cad0be064627
    Block Time: "Sun, 4 Oct 2026 14:16:44 +0000"

eth_getBlockByNumber
eth_getBlockByNumber
eth_getLogs
eth_getBlockByNumber
eth_getBlockByNumber
eth_getBlockByNumber

    Block Number: 373
    Block Hash: 0x527934322a36fe46ba8765306686468f7370765476ccc6a78171e053d15b4d66
    Block Time: "Sun, 4 Oct 2026 14:16:44 +0000"

eth_getBlockByNumber
eth_getLogs
eth_getBlockByNumber
eth_getBlockByNumber
eth_getBlockByNumber
eth_getBlockByNumber

    Block Number: 374
    Block Hash: 0x452091ec9e7ff882e74f4334626e8b89e28cd75459197f57d54362f2a549c19e
    Block Time: "Sun, 4 Oct 2026 14:16:44 +0000"

eth_blockNumber
eth_getBlockByNumber
eth_feeHistory
eth_getBlockByNumber
eth_getLogs
eth_getBlockByNumber
eth_getBlockByNumber
eth_getBlockByNumber

    Block Number: 375
    Block Hash: 0xdacc9185fbfde1466e3666bd4fb81ee2897efabda2aa04896b750668568464ed
    Block Time: "Sun, 4 Oct 2026 14:16:45 +0000"

eth_getBlockByNumber
eth_getLogs
eth_getBlockByNumber
eth_getBlockByNumber
eth_getBlockByNumber
eth_getBlockByNumber

    Block Number: 376
    Block Hash: 0xdc89eb2852bf2545a476c40d69d350231650d78bb0bf098d0bbf7dcc94dba650
    Block Time: "Sun, 4 Oct 2026 14:16:45 +0000"

eth_getBlockByNumber
eth_getBlockByNumber
eth_getLogs
eth_getBlockByNumber
eth_getBlockByNumber
eth_getBlockByNumber

    Block Number: 377
    Block Hash: 0x9515b05e278480b9da29a5479fa9c12f187fe25a1b3111671be76c9ce4767b45
    Block Time: "Sun, 4 Oct 2026 14:16:45 +0000"

eth_getBlockByNumber
eth_getLogs
eth_call
eth_feeHistory
eth_simulateV1
eth_sendRawTransaction
eth_getTransactionReceipt

    Transaction: 0xd5ae344ad647a6950b1c7804567e11edd70dadd2e1fc8dd7e66f04d037f9d939
    Gas used: 141874

    Block Number: 378
    Block Hash: 0xdb9c038675d5c46360181f5534c0e4857f13bd25573b0ae178bcc1c7178ad817
    Block Time: "Sun, 4 Oct 2026 14:16:45 +0000"

eth_getBlockByNumber
eth_getBlockByNumber
eth_getLogs
eth_getTransactionByHash
eth_getTransactionReceipt
eth_blockNumber
eth_getTransactionReceipt
eth_getBlockByNumber
eth_getBlockByNumber
eth_blockNumber
eth_getTransactionReceipt

    Block Number: 379
    Block Hash: 0x75c3aec4a601a911e9b0da95931689dc97cc5139ba3f344074efc369e37f9919
    Block Time: "Sun, 4 Oct 2026 14:16:45 +0000"

eth_getBlockByNumber
eth_getTransactionByHash
eth_getBlockByNumber
eth_getLogs
eth_blockNumber
eth_getTransactionReceipt
eth_getBlockByNumber
eth_getBlockByNumber
eth_blockNumber
eth_getTransactionReceipt
eth_getBlockByNumber

    Block Number: 380
    Block Hash: 0xcd1602a117c0a60a4ea3c78853b2ff57d7ea8589dc8cb74846105f9ca156bc88
    Block Time: "Sun, 4 Oct 2026 14:16:46 +0000"

eth_getBlockByNumber
eth_getLogs
eth_blockNumber
eth_getTransactionReceipt
eth_getBlockByNumber
eth_getBlockByNumber
eth_getBlockByNumber
eth_getBlockByNumber

    Block Number: 381
    Block Hash: 0x34cf478817a98db0fcb9ea5761edfb0fdf3fb59d1fa9d049c0dfb3f38775a8f4
    Block Time: "Sun, 4 Oct 2026 14:16:46 +0000"

eth_getBlockByNumber
eth_getBlockByNumber
eth_getLogs
eth_getBlockByNumber
eth_getBlockByNumber
eth_getBlockByNumber

    Block Number: 382
    Block Hash: 0x38593f5af706838475cb3e778165b5a6f5866c47b9b4d289bb7f84f6f463fbfe
    Block Time: "Sun, 4 Oct 2026 14:16:46 +0000"

eth_getBlockByNumber
eth_getLogs
eth_getBlockByNumber
eth_getBlockByNumber
eth_getBlockByNumber
eth_getBlockByNumber

    Block Number: 383
    Block Hash: 0xe29398ecb953dffa7859eb6fcaffafc49cee9b43fea59dac65d4c30a9295a70d
    Block Time: "Sun, 4 Oct 2026 14:16:46 +0000"

eth_getBlockByNumber
eth_getBlockByNumber
eth_getLogs
eth_feeHistory
eth_simulateV1
eth_sendRawTransaction
eth_getTransactionReceipt

    Transaction: 0xc21848a13ae328f9715f51082242f3e9ab91fb45a07333ac47196b160af22221
    Gas used: 96785

    Block Number: 384
    Block Hash: 0x183f7fcd960bcd12b448fe823d4c9e3555e03a9574346843a5a387824281943b
    Block Time: "Sun, 4 Oct 2026 14:16:47 +0000"

eth_getBlockByNumber
eth_getBlockByNumber
eth_getLogs
eth_getTransactionReceipt
eth_blockNumber
eth_getTransactionReceipt
eth_getBlockByNumber

    Block Number: 385
    Block Hash: 0x9502a9917f5cb46003889e1a06854ad37060c7aaa92f1138642c8f8d3fd47c73
    Block Time: "Sun, 4 Oct 2026 14:16:47 +0000"

eth_getBlockByNumber
eth_getLogs
eth_blockNumber
eth_getTransactionReceipt
eth_getBlockByNumber
eth_getBlockByNumber
eth_blockNumber
eth_getTransactionReceipt
eth_getBlockByNumber
eth_getBlockByNumber

    Block Number: 386
    Block Hash: 0x7fe37db09cbdd04f63a805310b49d51a7c50d225ecb64bafd26762062b4c86e6
    Block Time: "Sun, 4 Oct 2026 14:16:47 +0000"

eth_blockNumber
eth_getTransactionReceipt
eth_feeHistory
eth_simulateV1
eth_sendRawTransaction
eth_getTransactionReceipt

    Transaction: 0x8890ffe8f0e81d0b5492d00962ac0227cbdcfbf3a806a52fc283771d93f3b423
    Gas used: 171356

    Block Number: 387
    Block Hash: 0x51075c02b4d98cbef7adff84a3287df6593e5f1dc7a9800914bbea9dcb623d9e
    Block Time: "Sun, 4 Oct 2026 14:16:47 +0000"

eth_getBlockByNumber
eth_getBlockByNumber
eth_getBlockByNumber
eth_getLogs
eth_getLogs
eth_getTransactionReceipt
eth_blockNumber
eth_getTransactionReceipt
eth_getBlockByNumber
eth_getBlockByNumber
eth_getBlockByNumber
eth_blockNumber
eth_getTransactionReceipt

    Block Number: 388
    Block Hash: 0x6d7b70cf94349bddbb143049e3cebd0ac741be7216b8572713082fff22dff84e
    Block Time: "Sun, 4 Oct 2026 14:16:47 +0000"

eth_getBlockByNumber
eth_getLogs
eth_getBlockByNumber
eth_blockNumber
eth_getTransactionReceipt
eth_getBlockByNumber
eth_getBlockByNumber
eth_blockNumber
eth_getTransactionReceipt
eth_getBlockByNumber

    Block Number: 389
    Block Hash: 0xfda6c7a3880677285e5869ae2cf78aaaacc45d0651d33f56bca06588079dcd85
    Block Time: "Sun, 4 Oct 2026 14:16:47 +0000"

eth_getBlockByNumber
eth_blockNumber
eth_getTransactionReceipt
eth_getBlockByNumber
eth_getLogs
eth_getBlockByNumber
eth_getBlockByNumber
eth_getBlockByNumber

    Block Number: 390
    Block Hash: 0x0551d2075c65cf1d5e39e136c386fb3b8093043c255768edc08ae9946a04ba7e
    Block Time: "Sun, 4 Oct 2026 14:16:48 +0000"

eth_getBlockByNumber
eth_getLogs
eth_getBlockByNumber
eth_getBlockByNumber
eth_getBlockByNumber
eth_getBlockByNumber

    Block Number: 391
    Block Hash: 0xa41a4c979ec6262939a1fefc7563e846ca8c8602d90b4d75131916f4ed493506
    Block Time: "Sun, 4 Oct 2026 14:16:48 +0000"

eth_getBlockByNumber
eth_getBlockByNumber
eth_getLogs
eth_getBlockByNumber
eth_getBlockByNumber
eth_getBlockByNumber

    Block Number: 392
    Block Hash: 0x6dd82cf1ee98157514906c1b3a06ff5c54641da6f24313592defe2d73ea2c3a0
    Block Time: "Sun, 4 Oct 2026 14:16:48 +0000"

eth_getBlockByNumber
eth_getLogs
eth_getBlockByNumber
eth_getBlockByNumber
eth_getBlockByNumber
eth_getBlockByNumber

    Block Number: 393
    Block Hash: 0x40a667527383d5ac97a49e6661a61a76eb48b22dd7df72da11ac137d33647382
    Block Time: "Sun, 4 Oct 2026 14:16:48 +0000"

eth_getBlockByNumber
eth_getBlockByNumber
eth_getLogs
eth_getBlockByNumber
eth_getBlockByNumber
eth_getBlockByNumber

    Block Number: 394
    Block Hash: 0x0adfd4e550b881407a367c4dbe546a20df010fca0a7c3458d7e7f75db2ce2dd9
    Block Time: "Sun, 4 Oct 2026 14:16:49 +0000"

eth_getBlockByNumber
eth_getLogs
eth_getBlockByNumber
eth_getBlockByNumber
eth_getBlockByNumber
eth_getBlockByNumber

    Block Number: 395
    Block Hash: 0x55aa63a5cb58dd786eddd2fb774ea9999441f6677886284ae016b7f840406c0a
    Block Time: "Sun, 4 Oct 2026 14:16:49 +0000"

eth_getBlockByNumber
eth_getBlockByNumber
eth_getLogs
eth_getBlockByNumber
eth_getBlockByNumber
eth_getBlockByNumber

    Block Number: 396
    Block Hash: 0xc2c1cf28d6e2c9f7e43a1e3f303bf93bce6f4b702e6a4068d26ee82a74e58bde
    Block Time: "Sun, 4 Oct 2026 14:16:49 +0000"

eth_getBlockByNumber
eth_getLogs
eth_call
eth_feeHistory
eth_simulateV1
eth_sendRawTransaction
eth_getTransactionReceipt

    Transaction: 0x426dbc206eadbcd2619df0b9dc19e2d0cd548623e431cb4c483f27914f37d6a1
    Gas used: 141874

    Block Number: 397
    Block Hash: 0xfc3357c6fa8f003fa2ea3d650360cc62a3b33c0d01b7e0fd710123ba465b9a87
    Block Time: "Sun, 4 Oct 2026 14:16:49 +0000"

eth_getBlockByNumber
eth_getBlockByNumber
eth_getLogs
eth_getTransactionByHash
eth_getTransactionReceipt
eth_blockNumber
eth_getTransactionReceipt
eth_getBlockByNumber
eth_getBlockByNumber

    Block Number: 398
    Block Hash: 0xcb360a27c2808b2ee65d00d35628d7b329f5e2d9fe3fb6f195a0b0615aa00cda
    Block Time: "Sun, 4 Oct 2026 14:16:49 +0000"

eth_blockNumber
eth_getTransactionReceipt
eth_getBlockByNumber
eth_getTransactionByHash
eth_getBlockByNumber
eth_getLogs
eth_blockNumber
eth_getTransactionReceipt
eth_getBlockByNumber
eth_getBlockByNumber
eth_blockNumber
eth_getTransactionReceipt
eth_getBlockByNumber

    Block Number: 399
    Block Hash: 0x180b30fe1c4ff54b5adf1ded3b94588b5379846a88b9751af63a394a3af0031a
    Block Time: "Sun, 4 Oct 2026 14:16:50 +0000"

eth_getBlockByNumber
eth_getLogs
eth_blockNumber
eth_getTransactionReceipt
eth_getBlockByNumber
eth_getBlockByNumber
eth_getBlockByNumber
eth_getBlockByNumber

    Block Number: 400
    Block Hash: 0x8983e36570ad464219046aeb46c102753bfe6a32a23172c5eba6371a45618fef
    Block Time: "Sun, 4 Oct 2026 14:16:50 +0000"

eth_getBlockByNumber
eth_getBlockByNumber
eth_getLogs
eth_getBlockByNumber
eth_getBlockByNumber
eth_getBlockByNumber

    Block Number: 401
    Block Hash: 0xad38fe30cfd86f2f733f1aceb24eec17e442a6f4dbd7da043839ae51747ea569
    Block Time: "Sun, 4 Oct 2026 14:16:50 +0000"

eth_getBlockByNumber
eth_getLogs
eth_getBlockByNumber
eth_getBlockByNumber
eth_getBlockByNumber
eth_getBlockByNumber

    Block Number: 402
    Block Hash: 0xe71ad6e730a386806499212a88480d50da8c5737a956a378e2bbd86b8b9ba056
    Block Time: "Sun, 4 Oct 2026 14:16:50 +0000"

eth_getBlockByNumber
eth_getBlockByNumber
eth_getLogs
eth_feeHistory
eth_simulateV1
eth_sendRawTransaction
eth_getTransactionReceipt

    Transaction: 0x28b40f3adbbddd514b2ea3bc08dbfc12ff0cf2f8b965daffba1c8079fcb88f61
    Gas used: 96797

    Block Number: 403
    Block Hash: 0x6e702919ee82c0dd4e49c3e103b4aa8a673e55ff57e0269c7adb8e9fb162749e
    Block Time: "Sun, 4 Oct 2026 14:16:51 +0000"

eth_getBlockByNumber
eth_getBlockByNumber
eth_getLogs
eth_getTransactionReceipt
eth_blockNumber
eth_getTransactionReceipt
eth_getBlockByNumber

    Block Number: 404
    Block Hash: 0x3d3a436e4c4775d05164ab4acd5b4dfa405d2052ad93176b90bfd8749388063d
    Block Time: "Sun, 4 Oct 2026 14:16:51 +0000"

eth_getBlockByNumber
eth_getLogs
eth_blockNumber
eth_getTransactionReceipt
eth_getBlockByNumber
eth_getBlockByNumber
eth_blockNumber
eth_getTransactionReceipt
eth_getBlockByNumber
eth_getBlockByNumber

    Block Number: 405
    Block Hash: 0xffdefeea00fa793c2c72fdc5e7840374f8fa959581f15200ae910aaef5212746
    Block Time: "Sun, 4 Oct 2026 14:16:51 +0000"

eth_blockNumber
eth_getTransactionReceipt
eth_feeHistory
eth_simulateV1
eth_sendRawTransaction
eth_getBlockByNumber
eth_getTransactionReceipt

    Transaction: 0xf382ddb0a006a6805570ab1169ac432ae5f462b29e06839115de9b1a87dc99dc
    Gas used: 171368

    Block Number: 406
    Block Hash: 0x38469c16ff7144bf10adb8c8baa3f84b548138071db5ef4a6b652d8dbd9d1341
    Block Time: "Sun, 4 Oct 2026 14:16:51 +0000"

eth_getBlockByNumber
eth_getBlockByNumber
eth_getLogs
eth_getLogs
eth_getBlockByNumber
eth_getTransactionReceipt
eth_blockNumber
eth_getTransactionReceipt
eth_getBlockByNumber
eth_getBlockByNumber
eth_blockNumber
eth_getTransactionReceipt

    Block Number: 407
    Block Hash: 0x6962003ede75c1e2d8543adbf4541dd9f9e57f0ba3d9badeef881bd322014155
    Block Time: "Sun, 4 Oct 2026 14:16:51 +0000"

eth_getBlockByNumber
eth_getLogs
eth_getBlockByNumber
eth_blockNumber
eth_getTransactionReceipt
eth_getBlockByNumber
eth_getBlockByNumber
eth_blockNumber
eth_getTransactionReceipt
eth_getBlockByNumber

    Block Number: 408
    Block Hash: 0xbbc413b747671af74fb5e3ffb541cb01b23ebb0255f102dde10057f1d4924be0
    Block Time: "Sun, 4 Oct 2026 14:16:51 +0000"

eth_getBlockByNumber
eth_blockNumber
eth_getTransactionReceipt
eth_getBlockByNumber
eth_getLogs
eth_getBlockByNumber
eth_getBlockByNumber
eth_getBlockByNumber

    Block Number: 409
    Block Hash: 0x2c20dfc2ec6bdce3cc6815267645e70962164cc17435dbf702d61acef9486057
    Block Time: "Sun, 4 Oct 2026 14:16:52 +0000"

eth_getBlockByNumber
eth_getLogs
eth_getBlockByNumber
eth_getBlockByNumber
eth_getBlockByNumber
eth_getBlockByNumber

    Block Number: 410
    Block Hash: 0xb3ddda4a44820791d938307513b5a34ab977d068decbbea1a6dac9e4e776ff88
    Block Time: "Sun, 4 Oct 2026 14:16:52 +0000"

eth_getBlockByNumber
eth_getBlockByNumber
eth_getLogs
eth_getBlockByNumber
eth_getBlockByNumber
eth_getBlockByNumber

    Block Number: 411
    Block Hash: 0x8f0045c2cae4f977654e2a414f844a7c6207f5979c654d896768b4a632a80bee
    Block Time: "Sun, 4 Oct 2026 14:16:52 +0000"

eth_getBlockByNumber
eth_getLogs
eth_getBlockByNumber
eth_getBlockByNumber
eth_getBlockByNumber
eth_getBlockByNumber

    Block Number: 412
    Block Hash: 0xea58311f2fde9376513c03ec7cb82b134ae68c06357a4a29c38439adf10f5e7a
    Block Time: "Sun, 4 Oct 2026 14:16:52 +0000"

eth_getBlockByNumber
eth_getBalance
eth_getTransactionCount
eth_getBalance
eth_feeHistory
eth_getTransactionCount
eth_feeHistory
eth_feeHistory
eth_feeHistory
eth_feeHistory
eth_feeHistory
eth_feeHistory
eth_feeHistory
eth_feeHistory
eth_feeHistory
eth_feeHistory
eth_feeHistory
eth_feeHistory
eth_feeHistory
eth_feeHistory
eth_feeHistory
eth_feeHistory
eth_feeHistory
eth_getBlockByNumber
eth_getLogs
eth_getBalance
eth_getTransactionCount
eth_feeHistory
eth_feeHistory
eth_feeHistory
eth_feeHistory
eth_feeHistory
eth_feeHistory
eth_feeHistory
eth_feeHistory
eth_feeHistory
eth_getBlockByNumber
eth_getBlockByNumber
eth_getBlockByNumber

    Block Number: 413
    Block Hash: 0xfac821a7f5b71c7f3b76e19c3fd60c1552dde22f4f0666761a6d9e18530b3bad
    Block Time: "Sun, 4 Oct 2026 14:16:53 +0000"

eth_getBlockByNumber
eth_getLogs
eth_getBlockByNumber
eth_getBlockByNumber
eth_getBlockByNumber
eth_getBlockByNumber

    Block Number: 414
    Block Hash: 0x63a4fd49635a59808d754ef92e31b223369f80f3a009eb9d897663155a7b40db
    Block Time: "Sun, 4 Oct 2026 14:16:53 +0000"

eth_getBlockByNumber
eth_getBlockByNumber
eth_getLogs
eth_getBlockByNumber
eth_getBlockByNumber
eth_getBlockByNumber
eth_getBlockByNumber

    Block Number: 415
    Block Hash: 0x16cc74a864b4e2822cb69110d547f8bf9580d5dd4c64103e9037ba87ddd4d545
    Block Time: "Sun, 4 Oct 2026 14:16:53 +0000"

eth_getLogs
eth_call
eth_feeHistory
eth_simulateV1
eth_sendRawTransaction
eth_getTransactionReceipt

    Transaction: 0x76e6853821f96c894b621df7badc6cfad8a40c1c61247de88792405010765c11
    Gas used: 141874

    Block Number: 416
    Block Hash: 0xcf4fd2a0ac5a44c86d4989953e047031e89d4964893d9f3a3030d9bc2b820d92
    Block Time: "Sun, 4 Oct 2026 14:16:53 +0000"

eth_getBlockByNumber
eth_getBlockByNumber
eth_getLogs
eth_getTransactionByHash
eth_getTransactionReceipt
eth_blockNumber
eth_getTransactionReceipt
eth_getBlockByNumber
eth_getBlockByNumber

    Block Number: 417
    Block Hash: 0x2cbab60fd75dde14644063ad98c352155517fcd3b4b6ec75eba93647b2ae8ac3
    Block Time: "Sun, 4 Oct 2026 14:16:53 +0000"

eth_blockNumber
eth_getTransactionReceipt
eth_getBlockByNumber
eth_getTransactionByHash
eth_getBlockByNumber
eth_getLogs
eth_blockNumber
eth_getTransactionReceipt
eth_getBlockByNumber
eth_getBlockByNumber
eth_blockNumber
eth_getTransactionReceipt
eth_getBlockByNumber

    Block Number: 418
    Block Hash: 0xff58bd772d40410ffc75528b0e1c8edea92146dbf614ef22657872342388f8ff
    Block Time: "Sun, 4 Oct 2026 14:16:54 +0000"

eth_getBlockByNumber
eth_getLogs
eth_blockNumber
eth_getBlockByNumber
eth_getTransactionReceipt
eth_getBlockByNumber
eth_getBlockByNumber
eth_getBlockByNumber

    Block Number: 419
    Block Hash: 0x58b64065af55aaa89d37d2cc53477426e28897f19205580937f7280f4ddc4140
    Block Time: "Sun, 4 Oct 2026 14:16:54 +0000"

eth_getBlockByNumber
eth_getBlockByNumber
eth_getLogs
eth_getBlockByNumber
eth_getBlockByNumber
eth_getBlockByNumber

    Block Number: 420
    Block Hash: 0x6ae14866f0ef367019cbe8b53efbbc785a67e04d663a5017594ac8defa7b264a
    Block Time: "Sun, 4 Oct 2026 14:16:54 +0000"

eth_getBlockByNumber
eth_getLogs
eth_getBlockByNumber
eth_getBlockByNumber
eth_getBlockByNumber
eth_getBlockByNumber

    Block Number: 421
    Block Hash: 0xe2664e1bc61cfc51ae7b9de64f7aabe3e64faa92b16c3dcccb490c4347b3e1ec
    Block Time: "Sun, 4 Oct 2026 14:16:54 +0000"

eth_getBlockByNumber
eth_getBlockByNumber
eth_getLogs
eth_feeHistory
eth_simulateV1
eth_sendRawTransaction
eth_getTransactionReceipt

    Transaction: 0xaaec026143ec58d8814934416eb78102d591642de24c4dc79e72e104ec0c8c03
    Gas used: 96797

    Block Number: 422
    Block Hash: 0x411c93d639bdbb486217eb9b1ce1e57b3890ebf4bade9e5e6d495141f27401b5
    Block Time: "Sun, 4 Oct 2026 14:16:55 +0000"

eth_getBlockByNumber
eth_getBlockByNumber
eth_getLogs
eth_getTransactionReceipt
eth_blockNumber
eth_getTransactionReceipt
eth_getBlockByNumber

    Block Number: 423
    Block Hash: 0x89261c4440366cecb66f7da171e42e1f964cc426b0204a81a1065e78af714eef
    Block Time: "Sun, 4 Oct 2026 14:16:55 +0000"

eth_getBlockByNumber
eth_getLogs
eth_blockNumber
eth_getTransactionReceipt
eth_getBlockByNumber
eth_getBlockByNumber
eth_blockNumber
eth_getTransactionReceipt
eth_getBlockByNumber
eth_getBlockByNumber

    Block Number: 424
    Block Hash: 0x561c50d2d39943aa8766d926ca3b3ea4159d37020b30dab814d366d2dc65b2f5
    Block Time: "Sun, 4 Oct 2026 14:16:55 +0000"

eth_getBlockByNumber
eth_blockNumber
eth_getTransactionReceipt
eth_feeHistory
eth_simulateV1
eth_sendRawTransaction
eth_getTransactionReceipt

    Transaction: 0x567697532330932d0380e828869b99ef0e15632602fd9781baa21771169ab143
    Gas used: 171356

    Block Number: 425
    Block Hash: 0xa580978f5e2e797c349d571cd87af8e923085ab4a030006c1a826b197feb82ef
    Block Time: "Sun, 4 Oct 2026 14:16:55 +0000"

eth_getBlockByNumber
eth_getBlockByNumber
eth_getLogs
eth_getLogs
eth_getBlockByNumber
eth_getTransactionReceipt
eth_blockNumber
eth_getTransactionReceipt
eth_getBlockByNumber
eth_getBlockByNumber
eth_blockNumber
eth_getTransactionReceipt

    Block Number: 426
    Block Hash: 0x1827ebeb73dde9c67d0ad04dab437ede86197da6cd7681982b9f22ca48f438a8
    Block Time: "Sun, 4 Oct 2026 14:16:55 +0000"

eth_getBlockByNumber
eth_getLogs
eth_getBlockByNumber
eth_blockNumber
eth_getTransactionReceipt
eth_getBlockByNumber
eth_getBlockByNumber
eth_blockNumber
eth_getTransactionReceipt
eth_getBlockByNumber

    Block Number: 427
    Block Hash: 0x1a3a79de2e3ab1e957ad9a7d325e68d0a5b0fe753cc3569ca370fa8994605e62
    Block Time: "Sun, 4 Oct 2026 14:16:55 +0000"

eth_getBlockByNumber
eth_blockNumber
eth_getTransactionReceipt
eth_getBlockByNumber
eth_getLogs
eth_getBlockByNumber
eth_getBlockByNumber
eth_getBlockByNumber

    Block Number: 428
    Block Hash: 0xd5de138d55c949f67e34a37728425e1e7d68a85a9265d07fcc16d26c5f9099a0
    Block Time: "Sun, 4 Oct 2026 14:16:56 +0000"

eth_getBlockByNumber
eth_getLogs
eth_getBlockByNumber
eth_getBlockByNumber
eth_getBlockByNumber
eth_getBlockByNumber

    Block Number: 429
    Block Hash: 0x863d3d76219d2d071d8c3e49cf08f0efbb3ba4d0b395168f66a2eb39ebeeea75
    Block Time: "Sun, 4 Oct 2026 14:16:56 +0000"

eth_getBlockByNumber
eth_getBlockByNumber
eth_getLogs
eth_getBlockByNumber
eth_getBlockByNumber
eth_getBlockByNumber

    Block Number: 430
    Block Hash: 0x3c44f604420b29150b7fc2b45ac33a580e852f2b7d153bc0a2e4c690cd8701cd
    Block Time: "Sun, 4 Oct 2026 14:16:56 +0000"

eth_getBlockByNumber
eth_getLogs
eth_getBlockByNumber
eth_getBlockByNumber
eth_getBlockByNumber
eth_getBlockByNumber

    Block Number: 431
    Block Hash: 0x9483e8391bf20de9cd089de4942d0c95d7ad1f0b0a4d36c49fb109cd97ce57e7
    Block Time: "Sun, 4 Oct 2026 14:16:56 +0000"

eth_getBlockByNumber
eth_getBlockByNumber
eth_getLogs
eth_getBlockByNumber
eth_getBlockByNumber
eth_getBlockByNumber

    Block Number: 432
    Block Hash: 0x94cd2319e5350a74e0887af06d3b1ced95427a2fa8fbfe6e6d52970319f80343
    Block Time: "Sun, 4 Oct 2026 14:16:57 +0000"

eth_getBlockByNumber
eth_getLogs
eth_getBlockByNumber
eth_getBlockByNumber
eth_getBlockByNumber
eth_getBlockByNumber

    Block Number: 433
    Block Hash: 0x3a305f09c60f36c3eb794feaa54940760e3f00d8dafdcdf9435e8d346789d471
    Block Time: "Sun, 4 Oct 2026 14:16:57 +0000"

eth_getBlockByNumber
eth_getBlockByNumber
eth_getLogs
eth_getBlockByNumber
eth_getBlockByNumber
eth_getBlockByNumber

    Block Number: 434
    Block Hash: 0x32540a7111131d7a04117b2439c6d5329c9c2ce02f95bb354233c8632ba0b987
    Block Time: "Sun, 4 Oct 2026 14:16:57 +0000"

eth_getBlockByNumber
eth_getLogs
eth_getBlockByNumber
eth_call
eth_feeHistory
eth_simulateV1
eth_sendRawTransaction
eth_getTransactionReceipt

    Transaction: 0x65d5f061250ed8de99469166ecb1e05d01901d3d43b18e279e587efd23b45c64
    Gas used: 158962

    Block Number: 435
    Block Hash: 0x1f39cf10786a9c2eb5c43031491a64e36eec5375c395cc91b0940825cdcf52c9
    Block Time: "Sun, 4 Oct 2026 14:16:57 +0000"

eth_getBlockByNumber
eth_getLogs
eth_getTransactionByHash
eth_getBlockByNumber
eth_getTransactionReceipt
eth_blockNumber
eth_getTransactionReceipt
eth_getBlockByNumber

    Block Number: 436
    Block Hash: 0x182cdd90d916c516cdd9a7ecb8a463b372b20e779a2ff0eb53e722296791c7c0
    Block Time: "Sun, 4 Oct 2026 14:16:57 +0000"

eth_blockNumber
eth_getBlockByNumber
eth_feeHistory
eth_getTransactionByHash
eth_blockNumber
eth_getTransactionReceipt
eth_getBlockByNumber
eth_getLogs
eth_getBlockByNumber
eth_blockNumber
eth_getTransactionReceipt
eth_getBlockByNumber
eth_getBlockByNumber

    Block Number: 437
    Block Hash: 0x2c5a4f8f042c60b269a548cf239f7eb2bd4cc781b11834229a8bd5650b6f1d5c
    Block Time: "Sun, 4 Oct 2026 14:16:58 +0000"

eth_blockNumber
eth_getBlockByNumber
eth_getTransactionReceipt
eth_getLogs
eth_getBlockByNumber
eth_getBlockByNumber
eth_getBlockByNumber
eth_getBlockByNumber

    Block Number: 438
    Block Hash: 0x07ef5e8bf0a583132655f8a1ac9950a2fd095aaa9bfe03a1e7f3e7b3243af6b4
    Block Time: "Sun, 4 Oct 2026 14:16:58 +0000"

eth_getBlockByNumber
eth_getBlockByNumber
eth_getLogs
eth_getBlockByNumber
eth_getBlockByNumber
eth_getBlockByNumber

    Block Number: 439
    Block Hash: 0x675daed61dcb06905c1793b113d96af0131403285ad88cfc7e97ddd6b199f0f3
    Block Time: "Sun, 4 Oct 2026 14:16:58 +0000"

eth_getBlockByNumber
eth_getLogs
eth_getBlockByNumber
eth_getBlockByNumber
eth_getBlockByNumber
eth_getBlockByNumber

    Block Number: 440
    Block Hash: 0xb0b140ec481770191302e829a2200e1218b9e1026fff87832a04413290e80d60
    Block Time: "Sun, 4 Oct 2026 14:16:58 +0000"

eth_getBlockByNumber
eth_getBlockByNumber
eth_getLogs
eth_feeHistory
eth_simulateV1
eth_sendRawTransaction
eth_getTransactionReceipt

    Transaction: 0xd30c2a99d9046c5ad0616be81f60e4e0a1ca6702b7f3a9ef7eb7cd40a1bb0488
    Gas used: 96797

    Block Number: 441
    Block Hash: 0x56f8669eed4d01628ab2f12815195308c91cc5b4700b99fb96dda984d54b109d
    Block Time: "Sun, 4 Oct 2026 14:16:59 +0000"

eth_getBlockByNumber
eth_getBlockByNumber
eth_getLogs
eth_getTransactionReceipt
eth_blockNumber
eth_getTransactionReceipt
eth_getBlockByNumber

    Block Number: 442
    Block Hash: 0xbce1ba248a5f2d12b54f2df53df57d2717850b20d9533daf6c5eb2ea7353a37e
    Block Time: "Sun, 4 Oct 2026 14:16:59 +0000"

eth_getBlockByNumber
eth_getLogs
eth_blockNumber
eth_getTransactionReceipt
eth_getBlockByNumber
eth_getBlockByNumber
eth_blockNumber
eth_getBlockByNumber
eth_getTransactionReceipt
eth_getBlockByNumber

    Block Number: 443
    Block Hash: 0xae181c4d920178a562fd6f7c11bf5bde0253054e3fff08daa54187904051eac3
    Block Time: "Sun, 4 Oct 2026 14:16:59 +0000"

eth_getBlockByNumber
eth_blockNumber
eth_getTransactionReceipt
eth_feeHistory
eth_simulateV1
eth_sendRawTransaction
eth_getTransactionReceipt

    Transaction: 0x7f387d11944280128d593a2bc98dac472ce920d5d54a6a2580617a0988857d9d
    Gas used: 171368

    Block Number: 444
    Block Hash: 0xbe7b492938c435b55398db511fe7931266b7525f0aa98508b113ae95eec6f808
    Block Time: "Sun, 4 Oct 2026 14:16:59 +0000"

eth_getBlockByNumber
eth_getBlockByNumber
eth_getLogs
eth_getLogs
eth_getBlockByNumber
eth_getTransactionReceipt
eth_blockNumber
eth_getTransactionReceipt
eth_getBlockByNumber
eth_getBlockByNumber
eth_blockNumber
eth_getTransactionReceipt

    Block Number: 445
    Block Hash: 0x9db58ebfeacf6769dc9b6f1fd329db5090fb9921f08241669ced4f78646417cc
    Block Time: "Sun, 4 Oct 2026 14:16:59 +0000"

eth_getBlockByNumber
eth_getLogs
eth_getBlockByNumber
eth_blockNumber
eth_getTransactionReceipt
eth_getBlockByNumber
eth_getBlockByNumber
eth_blockNumber
eth_getTransactionReceipt
eth_getBlockByNumber

    Block Number: 446
    Block Hash: 0xaf268557c236b4ee2052ecd9adddb3ff2ac82d6a27ed69d77da7a9f39b8fc299
    Block Time: "Sun, 4 Oct 2026 14:16:59 +0000"

eth_getBlockByNumber
eth_blockNumber
eth_getTransactionReceipt
eth_getBlockByNumber
eth_getLogs
eth_getBlockByNumber
eth_getBlockByNumber
eth_getBlockByNumber

    Block Number: 447
    Block Hash: 0x9fb14fb1f4953a076839c983cd16405cc3a12be82c0c9c50ca9a3f0473d4d86c
    Block Time: "Sun, 4 Oct 2026 14:17:00 +0000"

eth_getBlockByNumber
eth_getLogs
eth_getBlockByNumber
eth_getBlockByNumber
eth_getBlockByNumber
eth_getBlockByNumber

    Block Number: 448
    Block Hash: 0xe51dd2e51a0ffc789ee0abfcd8f12b4c818dcbdb6c0d3355fdaa76ee52a819da
    Block Time: "Sun, 4 Oct 2026 14:17:00 +0000"

eth_getBlockByNumber
eth_getBlockByNumber
eth_getLogs
eth_getBlockByNumber
eth_getBlockByNumber
eth_getBlockByNumber

    Block Number: 449
    Block Hash: 0xafaaccf38d70ca9beaec7ee4c0ef2f554b9edad7a0b8ced7df063ba324fa7c45
    Block Time: "Sun, 4 Oct 2026 14:17:00 +0000"

eth_getBlockByNumber
eth_getLogs
eth_getBlockByNumber
eth_getBlockByNumber
eth_getBlockByNumber
eth_getBlockByNumber

    Block Number: 450
    Block Hash: 0x57cd76c35b44b6e261abcdf4ca3531b1f640307bb4b9143b22b93ad36b644de4
    Block Time: "Sun, 4 Oct 2026 14:17:00 +0000"

eth_getBlockByNumber
eth_getBlockByNumber
eth_getLogs
eth_getBlockByNumber
eth_getBlockByNumber
eth_getBlockByNumber

    Block Number: 451
    Block Hash: 0xdae519f529ba8c838a3590bd3f3e338263ed3043fa9042efa659f6e69fd6882b
    Block Time: "Sun, 4 Oct 2026 14:17:01 +0000"

eth_getBlockByNumber
eth_getLogs
eth_getBlockByNumber
eth_getBlockByNumber
eth_getBlockByNumber
eth_getBlockByNumber

    Block Number: 452
    Block Hash: 0x6dc0ce95e48e7f2b44a08db4514f14c6bc0ecde30561c4f0c3a3c10857cf157e
    Block Time: "Sun, 4 Oct 2026 14:17:01 +0000"

eth_getBlockByNumber
eth_getBlockByNumber
eth_getLogs
eth_getBlockByNumber
eth_getBlockByNumber
eth_getBlockByNumber

    Block Number: 453
    Block Hash: 0x82d8066dce7a9fe94fc6069166a7b4b419aec6b92429762381aafb510ed0f060
    Block Time: "Sun, 4 Oct 2026 14:17:01 +0000"

eth_getBlockByNumber
eth_getLogs
eth_getBlockByNumber
eth_call
eth_feeHistory
eth_simulateV1
eth_getBlockByNumber
eth_sendRawTransaction
eth_getTransactionReceipt

    Transaction: 0xd6c858db705b171ca02bc995546d90d1c2ae4759702c0e79cad2cc72d2528623
    Gas used: 141886

    Block Number: 454
    Block Hash: 0x10a763d422fba726fa3ffc26f288773a35aaf6336236da5b4b17b182a08a44d5
    Block Time: "Sun, 4 Oct 2026 14:17:01 +0000"

eth_getBlockByNumber
eth_getBlockByNumber
eth_getLogs
eth_getTransactionByHash
eth_getTransactionReceipt
eth_blockNumber
eth_getTransactionReceipt

    Block Number: 455
    Block Hash: 0x64d1f30cbec63a746d284573f690454a0cf7f1073cbcc13cc3a8576c976a5825
    Block Time: "Sun, 4 Oct 2026 14:17:01 +0000"

eth_getBlockByNumber
eth_getTransactionByHash
eth_getBlockByNumber
eth_getLogs
eth_blockNumber
eth_getTransactionReceipt
eth_getBlockByNumber
eth_getBlockByNumber
eth_blockNumber
eth_getTransactionReceipt
eth_getBlockByNumber

    Block Number: 456
    Block Hash: 0x9627927b387c65e48d6f48fbfae208786f8499ea418f0b23cecee25f4fb23f0e
    Block Time: "Sun, 4 Oct 2026 14:17:02 +0000"

eth_getBlockByNumber
eth_getLogs
eth_blockNumber
eth_getTransactionReceipt
eth_getBlockByNumber
eth_getBlockByNumber
eth_getBlockByNumber
eth_getBlockByNumber

    Block Number: 457
    Block Hash: 0x35151c29a6ef4a90937ef84fb8d4ed69a3373cdfb4583195e8ec914274015b61
    Block Time: "Sun, 4 Oct 2026 14:17:02 +0000"

eth_getBlockByNumber
eth_getBlockByNumber
eth_getLogs
eth_getBlockByNumber
eth_getBlockByNumber
eth_getBlockByNumber

    Block Number: 458
    Block Hash: 0xbf9a4c84360207b63879bea859c5d1798dc18103225037b1dc4891d4800158d4
    Block Time: "Sun, 4 Oct 2026 14:17:02 +0000"

eth_getBlockByNumber
eth_getLogs
eth_getBlockByNumber
eth_getBlockByNumber
eth_getBlockByNumber
eth_getBlockByNumber

    Block Number: 459
    Block Hash: 0x07def4e1e385b44a26f1e8858bced99d259f84619f5823e1243a486235781210
    Block Time: "Sun, 4 Oct 2026 14:17:02 +0000"

eth_getBlockByNumber
eth_getBlockByNumber
eth_getLogs
eth_feeHistory
eth_simulateV1
eth_sendRawTransaction
eth_getTransactionReceipt

    Transaction: 0x9b17ae748d5f5a39a54f5eb94b1db916de3646c70d14a1c1572a8efcce87f3e3
    Gas used: 96809

    Block Number: 460
    Block Hash: 0xf471b3c4e13813ed24bca37e05764df077d7a6f650b8298bbe82e7b7ab47f96c
    Block Time: "Sun, 4 Oct 2026 14:17:03 +0000"

eth_getBlockByNumber
eth_getBlockByNumber
eth_getLogs
eth_getTransactionReceipt
eth_getBlockByNumber
eth_blockNumber
eth_getTransactionReceipt

    Block Number: 461
    Block Hash: 0xb7794faa3512eb404507a17284dc8317a7f5586ef43f95bc58ae4cfde31195d0
    Block Time: "Sun, 4 Oct 2026 14:17:03 +0000"

eth_getBlockByNumber
eth_getLogs
eth_getBlockByNumber
eth_blockNumber
eth_getTransactionReceipt
eth_getBlockByNumber
eth_getBlockByNumber
eth_blockNumber
eth_getTransactionReceipt
eth_getBlockByNumber

    Block Number: 462
    Block Hash: 0x43a9555cd22c86d645fd8e43275a93883c668d1281f14a005eff6082f4d0ebdc
    Block Time: "Sun, 4 Oct 2026 14:17:03 +0000"

eth_getBlockByNumber
eth_blockNumber
eth_getTransactionReceipt
eth_feeHistory
eth_simulateV1
eth_sendRawTransaction
eth_getTransactionReceipt

    Transaction: 0x9d04d235916df9990513d55440a5223138acf90a9b77c9e15f1c257b7fe0ded3
    Gas used: 171368

    Block Number: 463
    Block Hash: 0x057c3d27715b5b99731d9cb26c2054a3a557042f06f8215b6a7d57bc07873fcf
    Block Time: "Sun, 4 Oct 2026 14:17:03 +0000"

eth_getBlockByNumber
eth_getBlockByNumber
eth_getLogs
eth_getLogs
eth_getBlockByNumber
eth_getTransactionReceipt
eth_blockNumber
eth_getTransactionReceipt
eth_getBlockByNumber
eth_getBlockByNumber
eth_blockNumber
eth_getTransactionReceipt

    Block Number: 464
    Block Hash: 0x41c0586d484330e363d8dca0e2025ed351516625735b9e94d84c4a10b5b1fbfd
    Block Time: "Sun, 4 Oct 2026 14:17:03 +0000"

eth_getBlockByNumber
eth_getLogs
eth_getBlockByNumber
eth_blockNumber
eth_getTransactionReceipt
eth_getBlockByNumber
eth_getBlockByNumber
eth_blockNumber
eth_getTransactionReceipt
eth_getBlockByNumber

    Block Number: 465
    Block Hash: 0x743e483aa250344cf58d82e3f70ef954810e2eb4fba71bdbc34cd115b382f7e1
    Block Time: "Sun, 4 Oct 2026 14:17:03 +0000"

eth_getBlockByNumber
eth_blockNumber
eth_getTransactionReceipt
eth_getBlockByNumber
eth_getLogs
eth_getBlockByNumber
eth_getBlockByNumber
eth_getBlockByNumber

    Block Number: 466
    Block Hash: 0x728627033f5a5fbc5d7738750d0518822bcacb8b5a68266caac787a2a9ef755a
    Block Time: "Sun, 4 Oct 2026 14:17:04 +0000"

eth_getBlockByNumber
eth_getLogs
eth_getBlockByNumber
eth_getBlockByNumber
eth_getBlockByNumber
eth_getBlockByNumber

    Block Number: 467
    Block Hash: 0xca2df673451ec961b5befd2c320f142b6bb9d8a8c00106cd60713047b050fc3a
    Block Time: "Sun, 4 Oct 2026 14:17:04 +0000"

eth_getBlockByNumber
eth_getBlockByNumber
eth_getLogs
eth_getBlockByNumber
eth_getBlockByNumber
eth_getBlockByNumber

    Block Number: 468
    Block Hash: 0xc29a9e3b77a92dc09d6aa067547101d0241a4409fc648559bc0a32511a372978
    Block Time: "Sun, 4 Oct 2026 14:17:04 +0000"

eth_getBlockByNumber
eth_getLogs
eth_getBlockByNumber
eth_getBlockByNumber
eth_getBlockByNumber
eth_getBlockByNumber

    Block Number: 469
    Block Hash: 0xf7e790996a49a58fd570423edaa614f363d1968da85221dc7515542152576888
    Block Time: "Sun, 4 Oct 2026 14:17:04 +0000"

eth_getBlockByNumber
eth_getBlockByNumber
eth_getLogs
eth_getBlockByNumber
eth_getBlockByNumber
eth_getBlockByNumber

    Block Number: 470
    Block Hash: 0x5f2f14edf993e41199740c0dd190d011984d20f7490af1a8f7a59ce11be656ce
    Block Time: "Sun, 4 Oct 2026 14:17:05 +0000"

eth_getBlockByNumber
eth_getLogs
eth_getBlockByNumber
eth_getBlockByNumber
eth_getBlockByNumber
eth_getBlockByNumber

    Block Number: 471
    Block Hash: 0xe78df5543ddc6b1957fe49fb2eaaafa0dbc0c90616bae9822670bfa4f31d9390
    Block Time: "Sun, 4 Oct 2026 14:17:05 +0000"

eth_getBlockByNumber
eth_getBlockByNumber
eth_getLogs
eth_getBlockByNumber
eth_getBlockByNumber
eth_getBlockByNumber

    Block Number: 472
    Block Hash: 0x43402977317fe4b36aae2ce83e03f48212b3c0342b614f6604e7e5e19e527af3
    Block Time: "Sun, 4 Oct 2026 14:17:05 +0000"

eth_getBlockByNumber
eth_getLogs
eth_getBlockByNumber
eth_getBlockByNumber
eth_getBlockByNumber
eth_getBlockByNumber

    Block Number: 473
    Block Hash: 0xa4cb62684990455e1ba00cebbbc0b5598c54f8a3d091a635c39f157ac4a3554d
    Block Time: "Sun, 4 Oct 2026 14:17:05 +0000"

eth_getBlockByNumber
eth_getBlockByNumber
eth_getLogs
eth_call
eth_feeHistory
eth_simulateV1
eth_sendRawTransaction
eth_getTransactionReceipt

    Transaction: 0x607d9b1a8c276c34f1be41a87c45fa881b049c6101197595db4ff66cbfb20aad
    Gas used: 141874

    Block Number: 474
    Block Hash: 0xde7f02066e420a0d3e086382958b698e6eef561242ffbf674b0a0463bafbdb78
    Block Time: "Sun, 4 Oct 2026 14:17:06 +0000"

eth_getBlockByNumber
eth_getTransactionByHash
eth_getBlockByNumber
eth_getLogs
eth_getTransactionByHash
eth_getTransactionReceipt
eth_blockNumber
eth_getTransactionReceipt
eth_getBlockByNumber

    Block Number: 475
    Block Hash: 0x0c8db5ac92fa2a8c67021e20d731ac0f8c00366c0c9cdb54e09c5d3848406469
    Block Time: "Sun, 4 Oct 2026 14:17:06 +0000"

eth_getBlockByNumber
eth_getLogs
eth_blockNumber
eth_getTransactionReceipt
eth_getBlockByNumber
eth_getBlockByNumber
eth_blockNumber
eth_getTransactionReceipt
eth_getBlockByNumber
eth_getBlockByNumber
eth_blockNumber
eth_getTransactionReceipt

    Block Number: 476
    Block Hash: 0x5f388ce5c34115eb5677fba61676a7355eff235eddaad54883ee8a82fb651a79
    Block Time: "Sun, 4 Oct 2026 14:17:06 +0000"

eth_getBlockByNumber
eth_getBlockByNumber
eth_getLogs
eth_blockNumber
eth_getTransactionReceipt
eth_getBlockByNumber
eth_getBlockByNumber
eth_getBlockByNumber

    Block Number: 477
    Block Hash: 0x0f2c01afd41325d264996b0c7d9e727ec7a0f3fde5663972ce5e415106a5118e
    Block Time: "Sun, 4 Oct 2026 14:17:06 +0000"

eth_getBlockByNumber
eth_getLogs
eth_getBlockByNumber
eth_getBlockByNumber
eth_getBlockByNumber
eth_getBlockByNumber

    Block Number: 478
    Block Hash: 0x9790cfbf174b71a4e3faa46cfe34bc5b4e43fe5b69b67148c7f2b6af136191c4
    Block Time: "Sun, 4 Oct 2026 14:17:06 +0000"

eth_getBlockByNumber
eth_getBlockByNumber
eth_getLogs
eth_getBlockByNumber
eth_feeHistory
eth_simulateV1
eth_sendRawTransaction
eth_getTransactionReceipt

    Transaction: 0x171097195f97f9d00d8147770592614bb7cc326ab617c08a8b85fde135db301f
    Gas used: 96809

    Block Number: 479
    Block Hash: 0x7e8931da23d47cff58e4fc2eedcc6b3aeb3dbbc906bfa20c3ef6cf7e00d4d783
    Block Time: "Sun, 4 Oct 2026 14:17:07 +0000"

eth_getBlockByNumber
eth_getLogs
eth_getBlockByNumber
eth_getTransactionReceipt
eth_blockNumber
eth_getTransactionReceipt

    Block Number: 480
    Block Hash: 0xe43994214fdc01b97305fbbd2b8a6c87b409afdd793aa1ee6cca6ad3429d1fc2
    Block Time: "Sun, 4 Oct 2026 14:17:07 +0000"

eth_getBlockByNumber
eth_getLogs
eth_getBlockByNumber
eth_blockNumber
eth_getTransactionReceipt
eth_getBlockByNumber
eth_getBlockByNumber
eth_blockNumber
eth_getTransactionReceipt
eth_getBlockByNumber

    Block Number: 481
    Block Hash: 0x6c447662b97534380de43cd5e92feaaf028274e9196e500fb540c65855808808
    Block Time: "Sun, 4 Oct 2026 14:17:07 +0000"

eth_getBlockByNumber
eth_blockNumber
eth_getTransactionReceipt
eth_feeHistory
eth_simulateV1
eth_sendRawTransaction
eth_getTransactionReceipt

    Transaction: 0x3f9b27947c0c60a44d071780a5c14426393d3249cae186426c8960d59108c79d
    Gas used: 171368

    Block Number: 482
    Block Hash: 0x542449696deae2aa773ba7eee46a88a16c472eb224b882fa6011f086a70100ea
    Block Time: "Sun, 4 Oct 2026 14:17:07 +0000"

eth_getBlockByNumber
eth_getBlockByNumber
eth_getLogs
eth_getLogs
eth_getBlockByNumber
eth_getTransactionReceipt
eth_blockNumber
eth_getTransactionReceipt
eth_getBlockByNumber
eth_getBlockByNumber
eth_blockNumber
eth_getTransactionReceipt

    Block Number: 483
    Block Hash: 0x8ddb157f701b62235cbdb6ad4856a891ea91f48d04dc69733501534cd833fb20
    Block Time: "Sun, 4 Oct 2026 14:17:07 +0000"

eth_getBlockByNumber
eth_getLogs
eth_getBlockByNumber
eth_blockNumber
eth_getTransactionReceipt
eth_getBlockByNumber
eth_getBlockByNumber
eth_blockNumber
eth_getTransactionReceipt
eth_getBlockByNumber

    Block Number: 484
    Block Hash: 0xc55f2a2b43ae372c8c560609ef00ded37fa5a0be60351cdf9eb654c28048f908
    Block Time: "Sun, 4 Oct 2026 14:17:07 +0000"

eth_getBlockByNumber
eth_blockNumber
eth_getTransactionReceipt
eth_getBlockByNumber
eth_getLogs
eth_getBlockByNumber
eth_getBlockByNumber
eth_getBlockByNumber

    Block Number: 485
    Block Hash: 0x44ac87800e9664d4bddc4c5b9c2b84d737adc3f4a23b38c09acd247f8d9dc0ce
    Block Time: "Sun, 4 Oct 2026 14:17:08 +0000"

eth_getBlockByNumber
eth_getLogs
eth_getBlockByNumber
eth_getBlockByNumber
eth_getBlockByNumber
eth_getBlockByNumber

    Block Number: 486
    Block Hash: 0xddbe427c3a3dac7da3c5f76fc60fa106cc1c5429f3d95835961fa3585bc01fc1
    Block Time: "Sun, 4 Oct 2026 14:17:08 +0000"

eth_getBlockByNumber
eth_getBlockByNumber
eth_getLogs
eth_getBlockByNumber
eth_getBlockByNumber
eth_getBlockByNumber

    Block Number: 487
    Block Hash: 0xbabd3fafbb311b9a6fc057c940848433058328aadad6158e37c6eb7be11df6c6
    Block Time: "Sun, 4 Oct 2026 14:17:08 +0000"

eth_getBlockByNumber
eth_getLogs
eth_getBlockByNumber
eth_getBlockByNumber
eth_getBlockByNumber
eth_getBlockByNumber

    Block Number: 488
    Block Hash: 0xb6f237c20b2107b02cd99a3dd7d8706b5c1502bf8fdb885be2913a607a12340b
    Block Time: "Sun, 4 Oct 2026 14:17:08 +0000"

eth_getBlockByNumber
eth_getBlockByNumber
eth_getLogs
eth_getBlockByNumber
eth_getBlockByNumber
eth_getBlockByNumber

    Block Number: 489
    Block Hash: 0x089e651103745ad530ed036597c34f13e4c319e2912c6b4ecad464db0a830174
    Block Time: "Sun, 4 Oct 2026 14:17:09 +0000"

eth_getBlockByNumber
eth_getLogs
eth_getBlockByNumber
eth_getBlockByNumber
eth_getBlockByNumber
eth_getBlockByNumber

    Block Number: 490
    Block Hash: 0xe45e2d2895c9197441e1b1783dbc7e7fae94f6cd8a927822e199ca747a3bb3c7
    Block Time: "Sun, 4 Oct 2026 14:17:09 +0000"

eth_getBlockByNumber
eth_getBlockByNumber
eth_getLogs
eth_getBlockByNumber
eth_getBlockByNumber
eth_getBlockByNumber

    Block Number: 491
    Block Hash: 0xe6075a3aa1212b68e3f935c7328b95477ebedeb054e7a8eb9572db77e2202afd
    Block Time: "Sun, 4 Oct 2026 14:17:09 +0000"

eth_getBlockByNumber
eth_getLogs
eth_getBlockByNumber
eth_getBlockByNumber
eth_call
eth_feeHistory
eth_simulateV1
eth_sendRawTransaction
eth_getTransactionReceipt

    Transaction: 0x38174a40c26eef70638282967552103d98b7ac63a85ee2e7f3caa09cdc3f5f32
    Gas used: 141874

    Block Number: 492
    Block Hash: 0x746c9dc466ce72da27b2b65212dd990fdf5032420b223bfde798bbf4f2c98875
    Block Time: "Sun, 4 Oct 2026 14:17:09 +0000"

eth_getBlockByNumber
eth_getBlockByNumber
eth_getLogs
eth_getTransactionByHash

    Block Number: 493
    Block Hash: 0x1277c2752beab9ecf40cc71d9e57735cf1baac9e104e552ed0fa70749ca7e168
    Block Time: "Sun, 4 Oct 2026 14:17:09 +0000"

eth_getTransactionReceipt
eth_blockNumber
eth_getTransactionReceipt
eth_getBlockByNumber
eth_getBlockByNumber
eth_getLogs
eth_blockNumber
eth_getTransactionReceipt
eth_getBlockByNumber
eth_getBlockByNumber
eth_blockNumber
eth_getTransactionReceipt
eth_getBlockByNumber

    Block Number: 494
    Block Hash: 0x2b6282d2b2c7f15b7305d5fb886131e83aa96bef2140d098c45f381aeb8ff715
    Block Time: "Sun, 4 Oct 2026 14:17:10 +0000"

eth_getBlockByNumber
eth_getLogs
eth_blockNumber
eth_getTransactionReceipt
eth_getBlockByNumber
eth_getTransactionByHash
eth_getBlockByNumber
eth_getBlockByNumber
eth_getBlockByNumber

    Block Number: 495
    Block Hash: 0x2cb75cbee89aa366e84267adf82718b3aa2b58639481cb8b83010fc7aff74b46
    Block Time: "Sun, 4 Oct 2026 14:17:10 +0000"

eth_getBlockByNumber
eth_getBlockByNumber
eth_getLogs
eth_getBlockByNumber
eth_getBlockByNumber
eth_getBlockByNumber

    Block Number: 496
    Block Hash: 0x0c874eda7901bd7cfef0f6457a4e3b4c2f37ed4c4e5796de9af751667e9ed584
    Block Time: "Sun, 4 Oct 2026 14:17:10 +0000"

eth_getBlockByNumber
eth_getLogs
eth_getBlockByNumber
eth_getBlockByNumber
eth_getBlockByNumber
eth_getBlockByNumber

    Block Number: 497
    Block Hash: 0x962966d8d7396ee3d6b3ebf7d1adcdd6648d12a5c59605804619a7ed4c966fef
    Block Time: "Sun, 4 Oct 2026 14:17:10 +0000"

eth_blockNumber
eth_getBlockByNumber
eth_feeHistory
eth_getBlockByNumber
eth_getLogs
eth_getBlockByNumber
eth_feeHistory
eth_simulateV1
eth_sendRawTransaction
eth_getTransactionReceipt

    Transaction: 0x6746d365f4d93922ca0c89425cb1861d1f407bae4df5ca1579544b4e4f6e3a55
    Gas used: 96809

    Block Number: 498
    Block Hash: 0x2b6454fb918ddeb875f61fc76396db3170de7955cad7e87274f7191a78625ac8
    Block Time: "Sun, 4 Oct 2026 14:17:11 +0000"

eth_getBlockByNumber
eth_getLogs
eth_getBlockByNumber
eth_getTransactionReceipt
eth_blockNumber
eth_getTransactionReceipt

    Block Number: 499
    Block Hash: 0x420db60053d066d6e68e46ca98377f75d3d6efe84b802de1ffee851716dabeb6
    Block Time: "Sun, 4 Oct 2026 14:17:11 +0000"

eth_getBlockByNumber
eth_getLogs
eth_getBlockByNumber
eth_blockNumber
eth_getTransactionReceipt
eth_getBlockByNumber
eth_getBlockByNumber
eth_blockNumber
eth_getTransactionReceipt
eth_getBlockByNumber

    Block Number: 500
    Block Hash: 0xa123d0d9b85db12b1076f48588897b10bcccf53a8b6773effba7b52845cdf725
    Block Time: "Sun, 4 Oct 2026 14:17:11 +0000"

eth_getBlockByNumber
eth_blockNumber
eth_getTransactionReceipt
eth_feeHistory
eth_simulateV1
eth_sendRawTransaction

    Transaction: 0x17d5e611309dbe5f204fe877b7f6f2cb1ba3fdca6055665d07bf0781246d55f7
    Gas used: 171368

    Block Number: 501
    Block Hash: 0xb14c8a9b832349c718e6810c474f6a0d9fc9bb896e3bc94ef7b4838724d30516
    Block Time: "Sun, 4 Oct 2026 14:17:11 +0000"

eth_getTransactionReceipt
eth_blockNumber
eth_getTransactionReceipt
eth_getBlockByNumber
eth_getBlockByNumber
eth_getLogs
eth_getLogs
eth_getBlockByNumber
eth_blockNumber
eth_getTransactionReceipt
eth_getBlockByNumber
eth_getBlockByNumber

    Block Number: 502
    Block Hash: 0x4967e16474a20390905d6cb01019549d6ef10457044bed48b2acd49854d3efc5
    Block Time: "Sun, 4 Oct 2026 14:17:11 +0000"

eth_blockNumber
eth_getBlockByNumber
eth_getTransactionReceipt
eth_getLogs
eth_getBlockByNumber
eth_getBlockByNumber
eth_blockNumber
eth_getTransactionReceipt
eth_getBlockByNumber
eth_getBlockByNumber
eth_blockNumber
eth_getTransactionReceipt

    Block Number: 503
    Block Hash: 0x26a78f5bc3f5d99efe795e69b931af02bbb4847e361f7f2fdc5c5341b5b7c823
    Block Time: "Sun, 4 Oct 2026 14:17:11 +0000"

eth_getBlockByNumber
eth_getBlockByNumber
eth_getLogs
eth_blockNumber
eth_getTransactionReceipt
eth_getBlockByNumber
eth_getBlockByNumber
eth_getBlockByNumber

    Block Number: 504
    Block Hash: 0x53af279a2112d13b3405b18bd55efdd618998269609bb08c6e8322ba20e40d22
    Block Time: "Sun, 4 Oct 2026 14:17:12 +0000"

eth_getBlockByNumber
eth_getLogs
eth_getBlockByNumber
eth_getBlockByNumber
eth_getBlockByNumber
eth_getBlockByNumber

    Block Number: 505
    Block Hash: 0xd63bc94c895055823fe8999124eb8a80b51631a458fade6a42806c16cb84448c
    Block Time: "Sun, 4 Oct 2026 14:17:12 +0000"

eth_getBlockByNumber
eth_getBlockByNumber
eth_getLogs
eth_getBlockByNumber
eth_getBlockByNumber
eth_getBlockByNumber
eth_getBlockByNumber

    Block Number: 506
    Block Hash: 0x5d0915d803d9d8220e40f16ce5f3012b5d1463d9a14029a30f66d96bfe04909d
    Block Time: "Sun, 4 Oct 2026 14:17:12 +0000"

eth_getBlockByNumber
eth_getBlockByNumber
eth_getLogs
eth_getBlockByNumber
eth_getBlockByNumber

    Block Number: 507
    Block Hash: 0x151c9280178d78694226a9be47c90ddf7c016e59972721e0b2b5a1d57d2d780d
    Block Time: "Sun, 4 Oct 2026 14:17:12 +0000"

eth_getBlockByNumber
eth_getBlockByNumber
eth_getLogs
eth_getBlockByNumber
eth_getBlockByNumber
eth_getBlockByNumber

    Block Number: 508
    Block Hash: 0x2ffbe33c43cdd44090fe53be8dd0f8315a8bce4c23d38b016a2c660ce5a86248
    Block Time: "Sun, 4 Oct 2026 14:17:13 +0000"

eth_getBlockByNumber
eth_getLogs
eth_getBlockByNumber
eth_getBlockByNumber
eth_getBlockByNumber
eth_getBlockByNumber

    Block Number: 509
    Block Hash: 0x0e35f5e8cb92a027409f4e1fbeb06316f0381ad32234a2269204b1d5bdeea28e
    Block Time: "Sun, 4 Oct 2026 14:17:13 +0000"

eth_getBlockByNumber
eth_getBlockByNumber
eth_getLogs
eth_getBlockByNumber
eth_getBlockByNumber
eth_getBlockByNumber

    Block Number: 510
    Block Hash: 0x99f62ac58e55f771eefb4d71d3de402862dc5353fc40f74432f2eda26993de07
    Block Time: "Sun, 4 Oct 2026 14:17:13 +0000"

eth_getBlockByNumber
eth_getLogs
eth_getBlockByNumber
eth_getBlockByNumber
eth_getBlockByNumber
eth_getBlockByNumber

    Block Number: 511
    Block Hash: 0x31b58665bc3b59c55165f76e4f63274e282af045bbe4b60dc8cc818ce3f02ac5
    Block Time: "Sun, 4 Oct 2026 14:17:13 +0000"

eth_getBlockByNumber
eth_getBlockByNumber
eth_getLogs
eth_call
eth_feeHistory
eth_simulateV1
eth_sendRawTransaction
eth_getTransactionReceipt

    Transaction: 0x0dfa65ac05a5e83c1ae552b3df7b00d12608014301ed4dacaef5390c0f3dd8e5
    Gas used: 141886

    Block Number: 512
    Block Hash: 0x6875a9fa14c5918c3112108dd9dc96d8397eb96bb3dc5585298ceafe2c5cf59a
    Block Time: "Sun, 4 Oct 2026 14:17:14 +0000"

eth_getBlockByNumber
eth_getTransactionByHash
eth_getBlockByNumber
eth_getLogs
eth_getTransactionByHash
eth_getTransactionReceipt
eth_blockNumber
eth_getTransactionReceipt
eth_getBlockByNumber

    Block Number: 513
    Block Hash: 0x19a11fc1a5f890beca34d77173f93a4ebd68100724546c025ca8d3cc53885b6f
    Block Time: "Sun, 4 Oct 2026 14:17:14 +0000"

eth_getBlockByNumber
eth_getLogs
eth_blockNumber
eth_getTransactionReceipt
eth_getBlockByNumber
eth_getBlockByNumber
eth_blockNumber
eth_getTransactionReceipt
eth_getBlockByNumber
eth_getBlockByNumber

    Block Number: 514
    Block Hash: 0xe478075d59d1c39b47ce9834f6cc08846975e253dd4fbbc2fba70c5e1d78b65b
    Block Time: "Sun, 4 Oct 2026 14:17:14 +0000"

eth_blockNumber
eth_getTransactionReceipt
eth_getBlockByNumber
eth_getBlockByNumber
eth_getLogs
eth_getBlockByNumber
eth_getBlockByNumber
eth_getBlockByNumber

    Block Number: 515
    Block Hash: 0xc079d61ca6aabf257ef3b25ed2debdc35648397701c5cd4926b296a73148e20a
    Block Time: "Sun, 4 Oct 2026 14:17:14 +0000"

eth_getBlockByNumber
eth_getLogs
eth_getBlockByNumber
eth_getBlockByNumber
eth_getBlockByNumber
eth_getBlockByNumber

    Block Number: 516
    Block Hash: 0x64a28b1f9757ee32c2e57ed0069912fd5827aae0050902d8b69bbd334b7f7638
    Block Time: "Sun, 4 Oct 2026 14:17:14 +0000"

eth_getBlockByNumber
eth_getBlockByNumber
eth_getLogs
eth_getBlockByNumber
eth_feeHistory
eth_simulateV1
eth_sendRawTransaction
eth_getTransactionReceipt

    Transaction: 0x4ed3fd0d6081b4d25a8c05262b3c55786959f542ee54bcdc22a804016bdf21d8
    Gas used: 96809

    Block Number: 517
    Block Hash: 0x23a1428cffb1b91d1099eaa45a861e8b1876dabad8ebf0089d6d4f177be37770
    Block Time: "Sun, 4 Oct 2026 14:17:15 +0000"

eth_getBlockByNumber
eth_getLogs
eth_getBlockByNumber
eth_getTransactionReceipt
eth_blockNumber
eth_getTransactionReceipt

    Block Number: 518
    Block Hash: 0x3097868ff98984c97ebef778e70effc6afe21c06e77996a312cb3686df333bc4
    Block Time: "Sun, 4 Oct 2026 14:17:15 +0000"

eth_getBlockByNumber
eth_getLogs
eth_getBlockByNumber
eth_blockNumber
eth_getTransactionReceipt
eth_getBlockByNumber
eth_getBlockByNumber
eth_blockNumber
eth_getTransactionReceipt
eth_getBlockByNumber

    Block Number: 519
    Block Hash: 0xe32b38cce34a8800a3932e307b407ca982ec751c69043fe5328b135f0b3d5d7e
    Block Time: "Sun, 4 Oct 2026 14:17:15 +0000"

eth_getBlockByNumber
eth_blockNumber
eth_getTransactionReceipt
eth_feeHistory
eth_simulateV1
eth_getBlockByNumber
eth_getLogs
eth_sendRawTransaction
eth_getTransactionReceipt

    Transaction: 0xdea3a5de901f5259d641672462301406a2caf105f953f55cd694aac243e97d48
    Gas used: 171368

    Block Number: 520
    Block Hash: 0xc1c55a20bc2ea697f030c224f37fba30d667ade666e29b5d5f6b1097a672ff34
    Block Time: "Sun, 4 Oct 2026 14:17:15 +0000"

eth_getBlockByNumber
eth_getBlockByNumber
eth_getLogs
eth_getTransactionReceipt
eth_blockNumber
eth_getTransactionReceipt
eth_getBlockByNumber
eth_getBlockByNumber

    Block Number: 521
    Block Hash: 0xd1704270d2ea97c35baccdd83679c9483a38e66ab4fe5d40672beaa740ede664
    Block Time: "Sun, 4 Oct 2026 14:17:15 +0000"

eth_blockNumber
eth_getTransactionReceipt
eth_getBlockByNumber
eth_getBlockByNumber
eth_getLogs
eth_blockNumber
eth_getTransactionReceipt
eth_getBlockByNumber
eth_getBlockByNumber
eth_blockNumber
eth_getTransactionReceipt

    Block Number: 522
    Block Hash: 0xc2aa19a4ca79970f1761381a81b13909223c7c9f23e682a762a80cc6d9e11ebd
    Block Time: "Sun, 4 Oct 2026 14:17:15 +0000"

eth_getBlockByNumber
eth_getBlockByNumber
eth_getLogs
eth_blockNumber
eth_getTransactionReceipt
eth_getBlockByNumber
eth_getBlockByNumber
eth_getBlockByNumber

    Block Number: 523
    Block Hash: 0xad41d2d6ccd5a78d367c951ae41466883d36f8ee6c1f848e09337dc476c4c0e9
    Block Time: "Sun, 4 Oct 2026 14:17:16 +0000"

eth_getBlockByNumber
eth_getLogs
eth_getBlockByNumber
eth_getBlockByNumber
eth_getBlockByNumber
eth_getBlockByNumber

    Block Number: 524
    Block Hash: 0x2a2c9b569827db5e97aaa10cdb041d96f18139567a7891b3be3c1ff55078189d
    Block Time: "Sun, 4 Oct 2026 14:17:16 +0000"

eth_getBlockByNumber
eth_getBlockByNumber
eth_getLogs
eth_getBlockByNumber
eth_getBlockByNumber
eth_getBlockByNumber

    Block Number: 525
    Block Hash: 0xb4a534c1442c703e7879233863b7bc9643f4066ad1e55670cbdd34fee52484ac
    Block Time: "Sun, 4 Oct 2026 14:17:16 +0000"

eth_getBlockByNumber
eth_getLogs
eth_getBlockByNumber
eth_getBlockByNumber
eth_getBlockByNumber
eth_getBlockByNumber

    Block Number: 526
    Block Hash: 0x743b46966d316a72998f4efb1c9f9f6329f929af515e8c148dc1513ac5c3cde9
    Block Time: "Sun, 4 Oct 2026 14:17:16 +0000"

eth_getBlockByNumber
eth_getBlockByNumber
eth_getLogs
eth_getBlockByNumber
eth_getBlockByNumber
eth_getBlockByNumber

    Block Number: 527
    Block Hash: 0xeb9aeb096307537f69084446b617e5d232dad86e55dd2e3df3991c5fa347c4c6
    Block Time: "Sun, 4 Oct 2026 14:17:17 +0000"

eth_getBlockByNumber
eth_getLogs
eth_getBlockByNumber
eth_getBlockByNumber
eth_getBlockByNumber
eth_getBlockByNumber

    Block Number: 528
    Block Hash: 0x872d3771dca557469e4b1cbb93d024ce663a06a98f7f78340be78f59c1b44354
    Block Time: "Sun, 4 Oct 2026 14:17:17 +0000"

eth_getBlockByNumber
eth_getBlockByNumber
eth_getLogs
eth_getBlockByNumber
eth_getBlockByNumber
eth_getBlockByNumber

    Block Number: 529
    Block Hash: 0x28c8912761135f4f9210dc283e736d40807db7ecbfb28602be28c766a323f40f
    Block Time: "Sun, 4 Oct 2026 14:17:17 +0000"

eth_getBlockByNumber
eth_getLogs
eth_getBlockByNumber
eth_getBlockByNumber
eth_getBlockByNumber
eth_getBlockByNumber

    Block Number: 530
    Block Hash: 0x4992c17b77b399b347cc45aa5d64559cc6e05892870245ad42a81378d21aee38
    Block Time: "Sun, 4 Oct 2026 14:17:17 +0000"

eth_getBlockByNumber
eth_getBlockByNumber
eth_getLogs
eth_call
eth_feeHistory
eth_simulateV1
eth_sendRawTransaction
eth_getTransactionReceipt

    Transaction: 0x4fe436113eb4df2cc18e32cac37d4c72f8ff031285a7f63c13e59b735f7ce26c
    Gas used: 141886

    Block Number: 531
    Block Hash: 0xb3285239ff54e262d37bdf1e4616cf19937c80f7b244c5b8e9f570b25908a449
    Block Time: "Sun, 4 Oct 2026 14:17:18 +0000"

eth_getBlockByNumber
eth_getBlockByNumber
eth_getLogs
eth_getTransactionByHash
eth_getTransactionReceipt
eth_blockNumber
eth_getTransactionReceipt
eth_getBlockByNumber

    Block Number: 532
    Block Hash: 0x739a48fbaddbc01ea92d13598e0deb0f97ec00451132c1cac974bfe017222386
    Block Time: "Sun, 4 Oct 2026 14:17:18 +0000"

eth_getBlockByNumber
eth_getLogs
eth_blockNumber
eth_getTransactionReceipt
eth_getBlockByNumber
eth_getTransactionByHash
eth_getBlockByNumber
eth_blockNumber
eth_getBlockByNumber
eth_getTransactionReceipt
eth_getBlockByNumber

    Block Number: 533
    Block Hash: 0xc7f7a657eace9cffa22d1dce121a3c40f756ddf7356c32caa21782938702eeb3
    Block Time: "Sun, 4 Oct 2026 14:17:18 +0000"

eth_getBlockByNumber
eth_blockNumber
eth_getTransactionReceipt
eth_getBlockByNumber
eth_getLogs
eth_getBlockByNumber
eth_getBlockByNumber
eth_getBlockByNumber

    Block Number: 534
    Block Hash: 0xf3bf2b7bbd906b335584a2aae22878dcb312735c7d2358026d194c03ada43214
    Block Time: "Sun, 4 Oct 2026 14:17:18 +0000"

eth_getBlockByNumber
eth_getLogs
eth_getBlockByNumber
eth_getBlockByNumber
eth_getBlockByNumber
eth_getBlockByNumber

    Block Number: 535
    Block Hash: 0x2b72241c734defb6bef3abe7e80cdfee2769fc66c05e597987fd57162ea6e9ef
    Block Time: "Sun, 4 Oct 2026 14:17:18 +0000"

eth_getBlockByNumber
eth_getBlockByNumber
eth_getLogs
eth_getBlockByNumber
eth_feeHistory
eth_simulateV1
eth_sendRawTransaction
eth_getTransactionReceipt

    Transaction: 0x7bff018519c852390f157aede5fa8068b780c3becfc4a456b04fe03f8632b994
    Gas used: 96809

    Block Number: 536
    Block Hash: 0x9f71b30a26a18d68093cd24f5a721f153e735ab4b8f222bb9cd7cb2ad4cef5a4
    Block Time: "Sun, 4 Oct 2026 14:17:19 +0000"

eth_getBlockByNumber
eth_getLogs
eth_getBlockByNumber
eth_getTransactionReceipt
eth_blockNumber
eth_getTransactionReceipt

    Block Number: 537
    Block Hash: 0x9d080a4b5934479faca21acb9a08851f179ed2c3f8ed862740d971ccb4805c89
    Block Time: "Sun, 4 Oct 2026 14:17:19 +0000"

eth_getBlockByNumber
eth_getLogs
eth_getBlockByNumber
eth_blockNumber
eth_getTransactionReceipt
eth_getBlockByNumber
eth_getBlockByNumber
eth_blockNumber
eth_getTransactionReceipt
eth_getBlockByNumber

    Block Number: 538
    Block Hash: 0xe72a18ba9c9b327d2324ca44e1b2f083ab584321a45c652ab4e1e41cc506f590
    Block Time: "Sun, 4 Oct 2026 14:17:19 +0000"

eth_getBlockByNumber
eth_getBlockByNumber
eth_getLogs
eth_blockNumber
eth_getTransactionReceipt
eth_feeHistory
eth_simulateV1
eth_sendRawTransaction
eth_getTransactionReceipt

    Transaction: 0x30a37946f48f45a37750043c7e04f4aa99ba23b91da66058432936e7da69097b
    Gas used: 171368

    Block Number: 539
    Block Hash: 0x7b1925f2f50c1831e26f6a2b7dc22ea0c0e34c304e36fa00071f8338c47d5732
    Block Time: "Sun, 4 Oct 2026 14:17:19 +0000"

eth_getBlockByNumber
eth_getBlockByNumber
eth_getLogs
eth_getTransactionReceipt
eth_blockNumber
eth_getTransactionReceipt
eth_getBlockByNumber

    Block Number: 540
    Block Hash: 0x33dd32739b8b30894b85af1be5f09c80dcc7f3cfae5c041dc10d478d2884b1ed
    Block Time: "Sun, 4 Oct 2026 14:17:19 +0000"

eth_getBlockByNumber
eth_getLogs
eth_blockNumber
eth_getTransactionReceipt
eth_getBlockByNumber
eth_getBlockByNumber
eth_blockNumber
eth_getTransactionReceipt
eth_getBlockByNumber
eth_getBlockByNumber
eth_blockNumber
eth_getTransactionReceipt

    Block Number: 541
    Block Hash: 0xfd497649f72991c5ca762592ceddbbc8bde10f1e136e5e2310d2b37f5ae16b6f
    Block Time: "Sun, 4 Oct 2026 14:17:19 +0000"

eth_getBlockByNumber
eth_getBlockByNumber
eth_getLogs
eth_blockNumber
eth_getTransactionReceipt
eth_getBlockByNumber
eth_getBlockByNumber
eth_getBlockByNumber

    Block Number: 542
    Block Hash: 0x0044a12c990ef9e1fdade48e17cdd03875c9332b2759f732528c92672abac6ac
    Block Time: "Sun, 4 Oct 2026 14:17:20 +0000"

eth_getBlockByNumber
eth_getLogs
eth_getBlockByNumber
eth_getBlockByNumber
eth_getBlockByNumber
eth_getBlockByNumber

    Block Number: 543
    Block Hash: 0x39c0b6ee425fbb20372d6bb5eb6e85abf649f5004f462c56d28ffe518df287db
    Block Time: "Sun, 4 Oct 2026 14:17:20 +0000"

eth_getBlockByNumber
eth_getBlockByNumber
eth_getLogs
eth_getBlockByNumber
eth_getBlockByNumber
eth_getBlockByNumber
eth_getBlockByNumber

    Block Number: 544
    Block Hash: 0xa9aed08cf17794d5379eda83f0bb2bf44a2130c88002c51882019b5c5fdbf84e
    Block Time: "Sun, 4 Oct 2026 14:17:20 +0000"

eth_getBlockByNumber
eth_getBlockByNumber
eth_getLogs
eth_getBlockByNumber
eth_getBlockByNumber

    Block Number: 545
    Block Hash: 0x277e2ba009da07720a13d1317f847b7ac22d8b7be70b288d68e836975465c01b
    Block Time: "Sun, 4 Oct 2026 14:17:20 +0000"

eth_getBlockByNumber
eth_getBlockByNumber
eth_getLogs
eth_getBlockByNumber
eth_getBlockByNumber
eth_getBlockByNumber

    Block Number: 546
    Block Hash: 0xfa5c808980785d87f53259412169278b0be75559005fa31a17b5f2984ed52da2
    Block Time: "Sun, 4 Oct 2026 14:17:21 +0000"

eth_getBlockByNumber
eth_getLogs
eth_getBlockByNumber
eth_getBlockByNumber
eth_getBlockByNumber
eth_getBlockByNumber

    Block Number: 547
    Block Hash: 0xf8fd8f11e2d33f92f327a87ff8293e32353a891031e7b7b0cd3daeaab3f8287b
    Block Time: "Sun, 4 Oct 2026 14:17:21 +0000"

eth_getBlockByNumber
eth_getBlockByNumber
eth_getLogs
eth_getBlockByNumber
eth_getBlockByNumber
eth_getBlockByNumber

    Block Number: 548
    Block Hash: 0xb76cb48dd113e3fa77318a03f7ab102666ed1218d17071e454a490f17b3cff0a
    Block Time: "Sun, 4 Oct 2026 14:17:21 +0000"

eth_getBlockByNumber
eth_getLogs
eth_getBlockByNumber
eth_getBlockByNumber
eth_getBlockByNumber
eth_getBlockByNumber

    Block Number: 549
    Block Hash: 0x102770a67d0b50d3a95e948b25a2faf009ddd68212e8b5c45570cf46ad916130
    Block Time: "Sun, 4 Oct 2026 14:17:21 +0000"

eth_getBlockByNumber
eth_getBlockByNumber
eth_getLogs
eth_call
eth_feeHistory
eth_simulateV1
eth_sendRawTransaction
eth_getBlockByNumber
eth_getTransactionReceipt

    Transaction: 0xb9e972951df11e1eb0054c50255fe2bb49f4c55aa59abd8341c0eaa817bbd6b9
    Gas used: 141874

    Block Number: 550
    Block Hash: 0x291c89f4e76774193553560721e3ed553f87ae03c53b77860a8d8824355ee4c6
    Block Time: "Sun, 4 Oct 2026 14:17:22 +0000"

eth_getBlockByNumber
eth_getLogs
eth_getTransactionByHash
eth_getBlockByNumber
eth_getTransactionReceipt
eth_blockNumber
eth_getTransactionReceipt

    Block Number: 551
    Block Hash: 0xd3a051eba8fb2568f4017b329419a4f44f98d2f63d05b62e7ad3ac96166644ad
    Block Time: "Sun, 4 Oct 2026 14:17:22 +0000"

eth_getBlockByNumber
eth_getLogs
eth_getBlockByNumber
eth_getTransactionByHash
eth_blockNumber
eth_getTransactionReceipt
eth_getBlockByNumber
eth_getBlockByNumber
eth_blockNumber
eth_getTransactionReceipt
eth_getBlockByNumber

    Block Number: 552
    Block Hash: 0xdfae5c4d677b1f39c87b093619cfadae3e068a8c402e77b8ab5e93d4b5158968
    Block Time: "Sun, 4 Oct 2026 14:17:22 +0000"

eth_getBlockByNumber
eth_blockNumber
eth_getTransactionReceipt
eth_getBlockByNumber
eth_getLogs
eth_getBlockByNumber
eth_getBlockByNumber
eth_getBlockByNumber

    Block Number: 553
    Block Hash: 0xd454b8fae5ea91788e1ec16269673b637e5029ded2401ca0d6842917e8c9d81a
    Block Time: "Sun, 4 Oct 2026 14:17:22 +0000"

eth_getBlockByNumber
eth_getLogs
eth_getBlockByNumber
eth_getBlockByNumber
eth_getBlockByNumber
eth_getBlockByNumber

    Block Number: 554
    Block Hash: 0xa25b032cd7fd4dcaae91ae7e1a46c6ecc696f28bde340b198dadc72a463e8019
    Block Time: "Sun, 4 Oct 2026 14:17:22 +0000"

eth_getBlockByNumber
eth_getBlockByNumber
eth_getLogs
eth_getBlockByNumber
eth_feeHistory
eth_simulateV1
eth_sendRawTransaction
eth_getTransactionReceipt

    Transaction: 0x966fa41b2d4f7af0d2fffb143ddd596ec3b3cf98ddd12c1ad9688fe84de567d1
    Gas used: 96797

    Block Number: 555
    Block Hash: 0x62ce9a201a6dae29ec37de5234c7dd33ab075e520b6ed5db52cd6bc3518db15d
    Block Time: "Sun, 4 Oct 2026 14:17:23 +0000"

eth_getBlockByNumber
eth_getLogs
eth_getBlockByNumber
eth_getTransactionReceipt
eth_blockNumber
eth_getTransactionReceipt

    Block Number: 556
    Block Hash: 0xc6fe3194c7d128182ba22c6527f25a643ed08d3feab350445911d40790d65086
    Block Time: "Sun, 4 Oct 2026 14:17:23 +0000"

eth_getBlockByNumber
eth_getLogs
eth_getBlockByNumber
eth_blockNumber
eth_getTransactionReceipt
eth_getBlockByNumber
eth_getBlockByNumber
eth_getBlockByNumber
eth_blockNumber
eth_getTransactionReceipt

    Block Number: 557
    Block Hash: 0x7b953d4b90bdac49e8dbe0ae9a054a55aeca68e1992020cb50cb87bb79f9de35
    Block Time: "Sun, 4 Oct 2026 14:17:23 +0000"

eth_getBlockByNumber
eth_getBlockByNumber
eth_getLogs
eth_blockNumber
eth_getTransactionReceipt
eth_feeHistory
eth_simulateV1
eth_sendRawTransaction
eth_getTransactionReceipt

    Transaction: 0x5ab7e519bf6f52281309d41b1de2ea86a055aca6c735252bf3f8b69caab4f3a4
    Gas used: 171356

    Block Number: 558
    Block Hash: 0x3c9b9fe2ca2c44ae827c9b5f179912423e71cded888567c1a364db9f2c8c6f28
    Block Time: "Sun, 4 Oct 2026 14:17:23 +0000"

eth_getBlockByNumber
eth_getBlockByNumber
eth_getLogs
eth_getTransactionReceipt
eth_blockNumber
eth_getTransactionReceipt
eth_getBlockByNumber

    Block Number: 559
    Block Hash: 0x85ba44294f80b45d929c125d5dbd998655491b3606358d1870071d5676dc2a13
    Block Time: "Sun, 4 Oct 2026 14:17:23 +0000"

eth_getBlockByNumber
eth_getLogs
eth_blockNumber
eth_getTransactionReceipt
eth_getBlockByNumber
eth_getBlockByNumber
eth_blockNumber
eth_getTransactionReceipt
eth_getBlockByNumber
eth_getBlockByNumber
eth_blockNumber
eth_getTransactionReceipt

    Block Number: 560
    Block Hash: 0x5c799c922160fb246bd60334023041cf9d966bb7519e9aa24f052e8fe679abe7
    Block Time: "Sun, 4 Oct 2026 14:17:23 +0000"

eth_blockNumber
eth_feeHistory
eth_getBlockByNumber
eth_getBlockByNumber
eth_getLogs
eth_blockNumber
eth_getTransactionReceipt
eth_getBlockByNumber
eth_getBlockByNumber
eth_getBlockByNumber

    Block Number: 561
    Block Hash: 0x7f327f5e92c7ac7d0ae96f256406e3ec4769df8ab3ab75436b36a61869afe24a
    Block Time: "Sun, 4 Oct 2026 14:17:24 +0000"

eth_getBlockByNumber
eth_getLogs
eth_getBlockByNumber
eth_getBlockByNumber
eth_getBlockByNumber
eth_getBlockByNumber

    Block Number: 562
    Block Hash: 0x4a2f70645e265d785aab9384928eb1ac33e644e7e3c91b0d0c2086c86b4b157a
    Block Time: "Sun, 4 Oct 2026 14:17:24 +0000"

eth_getBlockByNumber
eth_getBlockByNumber
eth_getLogs
eth_getBlockByNumber
eth_getBlockByNumber
eth_getBlockByNumber

    Block Number: 563
    Block Hash: 0xfc52defc797fcbb461b1ac935b780c3b0636a2043ff75ce75dc4fe1b0a2196d5
    Block Time: "Sun, 4 Oct 2026 14:17:24 +0000"

eth_getBlockByNumber
eth_getLogs
eth_getBlockByNumber
eth_getBlockByNumber
eth_getBlockByNumber
eth_getBlockByNumber

    Block Number: 564
    Block Hash: 0x694007f85e752a57851940a1ac07e8fe06bf9093aeef3e80c56cc02bedb3d5f0
    Block Time: "Sun, 4 Oct 2026 14:17:24 +0000"

eth_getBlockByNumber
eth_getBlockByNumber
eth_getLogs
eth_getBlockByNumber
eth_getBlockByNumber
eth_getBlockByNumber

    Block Number: 565
    Block Hash: 0x5fc30d51072efff1319e2ae0e6dc6107055270bb11cd84f7db822886aef8f3e6
    Block Time: "Sun, 4 Oct 2026 14:17:25 +0000"

eth_getBlockByNumber
eth_getLogs
eth_getBlockByNumber
eth_getBlockByNumber
eth_getBlockByNumber
eth_getBlockByNumber

    Block Number: 566
    Block Hash: 0x13bd9eef51c22dc24d9b86775097982788f62a3f4ebfac6ef839ad08ac370846
    Block Time: "Sun, 4 Oct 2026 14:17:25 +0000"

eth_getBlockByNumber
eth_getBlockByNumber
eth_getLogs
eth_getBlockByNumber
eth_getBlockByNumber
eth_getBlockByNumber

    Block Number: 567
    Block Hash: 0x34da1de28a82c82151210a1e043b964f095c0c231b4a8990935adf5184870683
    Block Time: "Sun, 4 Oct 2026 14:17:25 +0000"

eth_getBlockByNumber
eth_getLogs
eth_getBlockByNumber
eth_getBlockByNumber
eth_getBlockByNumber
eth_getBlockByNumber

    Block Number: 568
    Block Hash: 0xc5b2aa3f73cfbea946595df05ddac203610b1ee5c6087b607c9027c7679b36b5
    Block Time: "Sun, 4 Oct 2026 14:17:25 +0000"

eth_getBlockByNumber
eth_getBlockByNumber
eth_getLogs
eth_getBlockByNumber
eth_call
eth_feeHistory
eth_simulateV1
eth_sendRawTransaction
eth_getTransactionReceipt

    Transaction: 0x79c1aefd12543d91ee4c62f062bbfb49fc1499d88940401820609085f5294f5c
    Gas used: 141874

    Block Number: 569
    Block Hash: 0x67fe23b89836e2f869318d840ec4d60cbc23de6b7e64c40546c2f9932b8f5b7e
    Block Time: "Sun, 4 Oct 2026 14:17:26 +0000"

eth_getBlockByNumber
eth_getLogs
eth_getTransactionByHash
eth_getBlockByNumber
eth_getTransactionReceipt
eth_blockNumber
eth_getTransactionReceipt

    Block Number: 570
    Block Hash: 0xec85414cdcc67c42baa1748d9a23a95b99ece3e03554831d0a7a2a5c89e29a7c
    Block Time: "Sun, 4 Oct 2026 14:17:26 +0000"

eth_getBlockByNumber
eth_getLogs
eth_getBlockByNumber
eth_getTransactionByHash
eth_blockNumber
eth_getTransactionReceipt
eth_getBlockByNumber
eth_getBlockByNumber
eth_blockNumber
eth_getTransactionReceipt
eth_getBlockByNumber

    Block Number: 571
    Block Hash: 0x9672c8decb496253a89b64a5aeb30ac1e479bceeeb652b6fd9d4b78568bc0f33
    Block Time: "Sun, 4 Oct 2026 14:17:26 +0000"

eth_getBlockByNumber
eth_blockNumber
eth_getTransactionReceipt
eth_getBlockByNumber
eth_getLogs
eth_getBlockByNumber
eth_getBlockByNumber
eth_getBlockByNumber

    Block Number: 572
    Block Hash: 0x3e2441687325f2425ed8d393831f632330570d91a4d97d96f0d6690b198dec6c
    Block Time: "Sun, 4 Oct 2026 14:17:26 +0000"

eth_getBlockByNumber
eth_getLogs
eth_getBlockByNumber
eth_getBlockByNumber
eth_getBlockByNumber
eth_getBlockByNumber

    Block Number: 573
    Block Hash: 0xe1b9b156552b3c38e114f94fcabf73527abf77fa2d3f4b40cefc4f3874c9521c
    Block Time: "Sun, 4 Oct 2026 14:17:26 +0000"

eth_getBlockByNumber
eth_getBlockByNumber
eth_getLogs
eth_getBlockByNumber
eth_feeHistory
eth_simulateV1
eth_sendRawTransaction
eth_getTransactionReceipt
eth_getBlockByNumber

    Transaction: 0xb2475f3570a7c4a727ca1f49c96468273bd6bd9256ef309fe321d29949ca8388
    Gas used: 96797

    Block Number: 574
    Block Hash: 0x840e26b84f0bf67cb671492ca8fb0859bcfd8552e0e11e2f638a8319b329b7f6
    Block Time: "Sun, 4 Oct 2026 14:17:27 +0000"

eth_getBlockByNumber

    Block Number: 575
    Block Hash: 0xc193c9e3de08f1f35ab97f810d3770fcdb4ee23a3624c06dce736afdeedc387a
    Block Time: "Sun, 4 Oct 2026 14:17:27 +0000"

eth_getBlockByNumber
eth_getBlockByNumber
eth_getTransactionReceipt
eth_getLogs
eth_blockNumber
eth_getLogs
eth_getTransactionReceipt
eth_getBlockByNumber
eth_getBlockByNumber
eth_blockNumber
eth_getTransactionReceipt
eth_getBlockByNumber
eth_getBlockByNumber
eth_blockNumber
eth_getTransactionReceipt

    Block Number: 576
    Block Hash: 0x8037e288488276150d054aaee8f6bd03bfe0d050d5d3f7e845e0b99fd1091980
    Block Time: "Sun, 4 Oct 2026 14:17:27 +0000"

eth_getBlockByNumber
eth_getBlockByNumber
eth_getLogs
eth_blockNumber
eth_getTransactionReceipt
eth_feeHistory
eth_simulateV1
eth_sendRawTransaction
eth_getTransactionReceipt

    Transaction: 0x1a7f555ace96a51be95f1492cceb92b8c3a8ffbf57d508e5e482d3ca4fe08f0b
    Gas used: 171368

    Block Number: 577
    Block Hash: 0xddc2c8e05ac5fbf73c0a0616d7b182ffe188d20cb099f353e194c8caabd4844d
    Block Time: "Sun, 4 Oct 2026 14:17:27 +0000"

eth_getBlockByNumber
eth_getBlockByNumber
eth_getLogs
eth_getTransactionReceipt
eth_blockNumber
eth_getTransactionReceipt
eth_getBlockByNumber

    Block Number: 578
    Block Hash: 0x98fe327e30bee966267ddc298981a3de01141412cd9afdfe6fa1e207d23d77c1
    Block Time: "Sun, 4 Oct 2026 14:17:27 +0000"

eth_getBlockByNumber
eth_getLogs
eth_blockNumber
eth_getTransactionReceipt
eth_getBlockByNumber
eth_getBlockByNumber
eth_blockNumber
eth_getTransactionReceipt
eth_getBlockByNumber
eth_getBlockByNumber
eth_blockNumber
eth_getTransactionReceipt

    Block Number: 579
    Block Hash: 0x18bdd088e15aa378bbca3287403f72891dd6c153135503cdabafeb9d27dc088c
    Block Time: "Sun, 4 Oct 2026 14:17:27 +0000"

eth_getBlockByNumber
eth_getBlockByNumber
eth_getLogs
eth_blockNumber
eth_getTransactionReceipt
eth_getBlockByNumber
eth_getBlockByNumber
eth_getBlockByNumber

    Block Number: 580
    Block Hash: 0x298e537463f27618a858ef8276e1f782edace9f010c9d5f0dc7aebeb282aa916
    Block Time: "Sun, 4 Oct 2026 14:17:28 +0000"

eth_getBlockByNumber
eth_getLogs
eth_getBlockByNumber
eth_getBlockByNumber
eth_getBlockByNumber
eth_getBlockByNumber

    Block Number: 581
    Block Hash: 0xadc870e63dac84e678c0e4b43f338df5cf373963ddb85b557f24312d5a1a1b1b
    Block Time: "Sun, 4 Oct 2026 14:17:28 +0000"

eth_getBlockByNumber
eth_getBlockByNumber
eth_getLogs
eth_getBlockByNumber
eth_getBlockByNumber
eth_getBlockByNumber

    Block Number: 582
    Block Hash: 0xd919f6dc48375619738d25ca60d1357ad6cf653cc4162b7293fed53f36c31d11
    Block Time: "Sun, 4 Oct 2026 14:17:28 +0000"

eth_getBlockByNumber
eth_getLogs
eth_getBlockByNumber
eth_getBlockByNumber
eth_getBlockByNumber
eth_getBlockByNumber

    Block Number: 583
    Block Hash: 0xb153f8463cf2f90d93e703316c83b37d6092e58242f416f22dda89f9d7f4a22d
    Block Time: "Sun, 4 Oct 2026 14:17:28 +0000"

eth_getBlockByNumber
eth_getBlockByNumber
eth_getLogs
eth_getBlockByNumber
eth_getBlockByNumber
eth_getBlockByNumber

    Block Number: 584
    Block Hash: 0x53d920137154414a4c229c5d25c562355079b923145577fc8cd192f29875924c
    Block Time: "Sun, 4 Oct 2026 14:17:29 +0000"

eth_getBlockByNumber
eth_getLogs
eth_getBlockByNumber
eth_getBlockByNumber
eth_getBlockByNumber
eth_getBlockByNumber

    Block Number: 585
    Block Hash: 0xd8ed9084f8318113bdeae1e9575a324d440dd6d8ebea519bd607efe5be2396bc
    Block Time: "Sun, 4 Oct 2026 14:17:29 +0000"

eth_getBlockByNumber
eth_getBlockByNumber
eth_getLogs
eth_getBlockByNumber
eth_getBlockByNumber
eth_getBlockByNumber

    Block Number: 586
    Block Hash: 0x203018c3485bd5960894dcce1566e047b0cc67c79a9643ecc44f3680b5b4f190
    Block Time: "Sun, 4 Oct 2026 14:17:29 +0000"

eth_getBlockByNumber
eth_getLogs
eth_getBlockByNumber
eth_getBlockByNumber
eth_getBlockByNumber
eth_getBlockByNumber

    Block Number: 587
    Block Hash: 0x81bddafc1780d3c1e6ffd11972407c520c23e6d210d1159ec45656aabd34a7bd
    Block Time: "Sun, 4 Oct 2026 14:17:29 +0000"

eth_getBlockByNumber
eth_getBlockByNumber
eth_getLogs
eth_getBlockByNumber
eth_call
eth_feeHistory
eth_simulateV1
eth_sendRawTransaction
eth_getTransactionReceipt
eth_getBlockByNumber

    Transaction: 0x25f702369b36880d9a55c7c1502a54ee261e94cb2022792f1821590207cccb7e
    Gas used: 158986

    Block Number: 588
    Block Hash: 0xeb79ac1f0edfc735581c6e236945fcfe0192fe6b27c4148148bf60d26172b175
    Block Time: "Sun, 4 Oct 2026 14:17:30 +0000"

eth_getBlockByNumber
eth_getTransactionReceipt
eth_blockNumber
eth_getTransactionReceipt

    Block Number: 589
    Block Hash: 0xe704db37897414fd2b2a24d8ae964e0c730824da2566282ea0ab689ba089cfba
    Block Time: "Sun, 4 Oct 2026 14:17:30 +0000"

eth_getBlockByNumber
eth_getBlockByNumber
eth_getLogs
eth_getLogs
eth_getTransactionByHash
eth_getBlockByNumber
eth_getTransactionByHash
eth_getBlockByNumber
eth_blockNumber
eth_getTransactionReceipt
eth_getBlockByNumber
eth_getBlockByNumber
eth_blockNumber
eth_getTransactionReceipt

    Block Number: 590
    Block Hash: 0x91ccf536134bf73b00d25137cfa0aa1d7c728178c069ec9c7d8bb456d7156fb0
    Block Time: "Sun, 4 Oct 2026 14:17:30 +0000"

eth_getBlockByNumber
eth_getBlockByNumber
eth_getLogs
eth_blockNumber
eth_getTransactionReceipt
eth_getBlockByNumber
eth_getBlockByNumber
eth_getBlockByNumber

    Block Number: 591
    Block Hash: 0xe012d7cca72e3382e649d992f5130f97158dc373a1d827714a1a6bc710da345d
    Block Time: "Sun, 4 Oct 2026 14:17:30 +0000"

eth_getBlockByNumber
eth_getLogs
eth_getBlockByNumber
eth_getBlockByNumber
eth_getBlockByNumber
eth_getBlockByNumber

    Block Number: 592
    Block Hash: 0x49f67230d236c9d7ca119a3a9fe598d9b7f9e3a2619a8d9c0ea0735f79632bb6
    Block Time: "Sun, 4 Oct 2026 14:17:30 +0000"

eth_getBlockByNumber
eth_getBlockByNumber
eth_getLogs
eth_getBlockByNumber
eth_getBlockByNumber
eth_feeHistory
eth_simulateV1
eth_sendRawTransaction
eth_getTransactionReceipt

    Transaction: 0x96b7cb6ca944a7c05d2241a0d9c34a058ed182f0364d5cdc960682e1b456fbe5
    Gas used: 96809

    Block Number: 593
    Block Hash: 0x2be35925c7b565437109d778d4a05adc927a7e0836fe0004b3f0d6dfe651d892
    Block Time: "Sun, 4 Oct 2026 14:17:31 +0000"

eth_getBlockByNumber

    Block Number: 594
    Block Hash: 0xa192d997284451a8762a0178f92170b99f02e697e4f5a55589ff386e197ed2c6
    Block Time: "Sun, 4 Oct 2026 14:17:31 +0000"

eth_getBlockByNumber
eth_getBlockByNumber
eth_getLogs
eth_getLogs
eth_getTransactionReceipt
eth_blockNumber
eth_getTransactionReceipt
eth_getBlockByNumber
eth_getBlockByNumber
eth_blockNumber
eth_getTransactionReceipt
eth_getBlockByNumber
eth_getBlockByNumber
eth_blockNumber
eth_getTransactionReceipt

    Block Number: 595
    Block Hash: 0x77e560caa70cd2d4e07aba9e49ed4e117b4f13f34fc548fbf6926c6e43171c5a
    Block Time: "Sun, 4 Oct 2026 14:17:31 +0000"

eth_getBlockByNumber
eth_getBlockByNumber
eth_getLogs
eth_blockNumber
eth_getTransactionReceipt
eth_feeHistory
eth_simulateV1
eth_sendRawTransaction
eth_getTransactionReceipt

    Transaction: 0x528ad7f5fc8ca95c7e6e798e4e715cc8ef71760a29cf37734d69c9d1c385cfc8
    Gas used: 171368

    Block Number: 596
    Block Hash: 0x356f796b87b8d7e1a9feed23d8330cf0fdfd718c3f3e2f2a387f456eb9b618b0
    Block Time: "Sun, 4 Oct 2026 14:17:31 +0000"

eth_getBlockByNumber
eth_getBlockByNumber
eth_getLogs
eth_getTransactionReceipt
eth_blockNumber
eth_getTransactionReceipt
eth_getBlockByNumber

    Block Number: 597
    Block Hash: 0xdab8a2c3254faff39a65f119b29302b610ca533901763338adad3158d2c908ec
    Block Time: "Sun, 4 Oct 2026 14:17:31 +0000"

eth_getBlockByNumber
eth_getLogs
eth_blockNumber
eth_getTransactionReceipt
eth_getBlockByNumber
eth_getBlockByNumber
eth_blockNumber
eth_getTransactionReceipt
eth_getBlockByNumber
eth_getBlockByNumber
eth_blockNumber
eth_getTransactionReceipt

    Block Number: 598
    Block Hash: 0x7232501b0a406e7b4a45e5e2962fcfd7c17835025ba1426cf24eb91f70afde39
    Block Time: "Sun, 4 Oct 2026 14:17:31 +0000"

eth_getBlockByNumber
eth_getBlockByNumber
eth_getLogs
eth_blockNumber
eth_getTransactionReceipt
eth_getBlockByNumber
eth_getBlockByNumber
eth_getBlockByNumber

    Block Number: 599
    Block Hash: 0x7e5fe0cd7c0a602ed680ba609a1c10d00d8527326bdabe1bbdd422ab05f9714c
    Block Time: "Sun, 4 Oct 2026 14:17:32 +0000"

eth_getBlockByNumber
eth_getLogs
eth_getBlockByNumber
eth_getBlockByNumber
eth_getBlockByNumber
eth_getBlockByNumber

    Block Number: 600
    Block Hash: 0xe44342bcff25b3120a85290a318c369f5b832255e87988ca23ac893fb2dc02ec
    Block Time: "Sun, 4 Oct 2026 14:17:32 +0000"

eth_getBlockByNumber
eth_getBlockByNumber
eth_getLogs
eth_getBlockByNumber
eth_getBlockByNumber
eth_getBlockByNumber

    Block Number: 601
    Block Hash: 0x53654bfe767fed36cb9eb5c7f6efef2140a0c1d0effdbd96b52a21076beb03c6
    Block Time: "Sun, 4 Oct 2026 14:17:32 +0000"

eth_getBlockByNumber
eth_getLogs
eth_getBlockByNumber
eth_getBlockByNumber
eth_getBlockByNumber
eth_getBlockByNumber

    Block Number: 602
    Block Hash: 0xf2fe85f456219695ba579a24dd49926ff52642414eab2f858699dc49e07010b3
    Block Time: "Sun, 4 Oct 2026 14:17:32 +0000"

eth_getBlockByNumber
eth_getBlockByNumber
eth_getLogs
eth_getBlockByNumber
eth_getBlockByNumber
eth_getBlockByNumber

    Block Number: 603
    Block Hash: 0xa8b4445ecd2378e39024b7b429c69bc6c1f203f6f939769e02a5a0d9764ac4d2
    Block Time: "Sun, 4 Oct 2026 14:17:33 +0000"

eth_getBlockByNumber
eth_getLogs
eth_getBlockByNumber
eth_getBlockByNumber
eth_getBlockByNumber
eth_getBlockByNumber

    Block Number: 604
    Block Hash: 0x2c3843e3d2171f8e29c85064be1e01feb7fd87d2bf7927463064be5533d56c3a
    Block Time: "Sun, 4 Oct 2026 14:17:33 +0000"

eth_getBlockByNumber
eth_getBlockByNumber
eth_getLogs
eth_getBlockByNumber
eth_getBlockByNumber
eth_getBlockByNumber

    Block Number: 605
    Block Hash: 0xc37ddad277ff0b62efaaae46cf62e6b195549a26bc57c7e4176f3617fcf74745
    Block Time: "Sun, 4 Oct 2026 14:17:33 +0000"

eth_getBlockByNumber
eth_getLogs
eth_getBlockByNumber
eth_getBlockByNumber
eth_getBlockByNumber
eth_getBlockByNumber

    Block Number: 606
    Block Hash: 0xa01120c3282e89eb4b82e182d00fe2d3d72dd2abcdee67aec5c007e690985698
    Block Time: "Sun, 4 Oct 2026 14:17:33 +0000"

eth_getBlockByNumber
eth_getBlockByNumber
eth_getLogs
eth_getBlockByNumber
eth_call
eth_feeHistory
eth_simulateV1
eth_getBlockByNumber
eth_sendRawTransaction
eth_getTransactionReceipt

    Transaction: 0xaaaebb3b50f3ee8eaae704a981cfc84acc314ae6551b270f28c3b6b0e0d3dbc8
    Gas used: 141886

    Block Number: 607
    Block Hash: 0x6cd10be3e8a4a0e8f1c44c9c595a95d578499bf7a713d7d967e2c0d61a2304ef
    Block Time: "Sun, 4 Oct 2026 14:17:34 +0000"

eth_getBlockByNumber

    Block Number: 608
    Block Hash: 0x686e36802a33741f7d49a2015dd7250f84707adfe9c54a255b19adb0c781fbc6
    Block Time: "Sun, 4 Oct 2026 14:17:34 +0000"

eth_getBlockByNumber
eth_getBlockByNumber
eth_getLogs
eth_getLogs
eth_getTransactionByHash
eth_getTransactionReceipt
eth_blockNumber
eth_getTransactionReceipt
eth_getBlockByNumber
eth_getTransactionByHash
eth_getBlockByNumber
eth_blockNumber
eth_getTransactionReceipt
eth_getBlockByNumber
eth_getBlockByNumber
eth_blockNumber
eth_getTransactionReceipt

    Block Number: 609
    Block Hash: 0xc72b5327522fc0866be4d52b054af806bb90c70388d78e3d15f1ef94c900d93d
    Block Time: "Sun, 4 Oct 2026 14:17:34 +0000"

eth_getBlockByNumber
eth_getBlockByNumber
eth_getLogs
eth_blockNumber
eth_getTransactionReceipt
eth_getBlockByNumber
eth_getBlockByNumber
eth_getBlockByNumber

    Block Number: 610
    Block Hash: 0x5cb26ef8a601629b940421e07edd061d98192eb70350dca6da26bdf150e43cdf
    Block Time: "Sun, 4 Oct 2026 14:17:34 +0000"

eth_getBlockByNumber
eth_getLogs
eth_getBlockByNumber
eth_getBlockByNumber
eth_getBlockByNumber
eth_getBlockByNumber

    Block Number: 611
    Block Hash: 0xae6a862ea8acd6d730481569bc8cc7d6c047f301c858a8bc95517b241188c403
    Block Time: "Sun, 4 Oct 2026 14:17:34 +0000"

eth_getBlockByNumber
eth_getBlockByNumber
eth_getLogs
eth_getBlockByNumber
eth_getBlockByNumber
eth_feeHistory
eth_simulateV1
eth_sendRawTransaction
eth_getTransactionReceipt

    Transaction: 0xaaac3de4bd09a98a456ccc7cd5d47505199118bede72bcb577688a439f87894c
    Gas used: 96809

    Block Number: 612
    Block Hash: 0xb2b3c60a8d297be458f541d5897e93f5d8b041d3d6ac1c8a702c336e26bd96a1
    Block Time: "Sun, 4 Oct 2026 14:17:35 +0000"

eth_getBlockByNumber

    Block Number: 613
    Block Hash: 0x7402c9e5114d0024547c39d5071db2fd768be03675b0570dc181aeba670ef66f
    Block Time: "Sun, 4 Oct 2026 14:17:35 +0000"

eth_getBlockByNumber
eth_getBlockByNumber
eth_getLogs
eth_getLogs
eth_getTransactionReceipt
eth_blockNumber
eth_getTransactionReceipt
eth_getBlockByNumber
eth_getBlockByNumber
eth_blockNumber
eth_getTransactionReceipt
eth_getBlockByNumber
eth_getBlockByNumber
eth_blockNumber
eth_getTransactionReceipt

    Block Number: 614
    Block Hash: 0x728b947e4fa51b73208a13751756dec2c3fdedec105b7621788350bc802d36fe
    Block Time: "Sun, 4 Oct 2026 14:17:35 +0000"

eth_getBlockByNumber
eth_getBlockByNumber
eth_getLogs
eth_blockNumber
eth_getTransactionReceipt
eth_feeHistory
eth_simulateV1
eth_sendRawTransaction
eth_getTransactionReceipt

    Transaction: 0x8440649fc6526ccb7c1fa4417092ab0f738597187426218c72f1c541b7946564
    Gas used: 171368

    Block Number: 615
    Block Hash: 0x2f9c89432f543e5c35fd3f528124188d0e932070270b7dfdcc874b83397b1e69
    Block Time: "Sun, 4 Oct 2026 14:17:35 +0000"

eth_getBlockByNumber
eth_getBlockByNumber
eth_getLogs
eth_getTransactionReceipt
eth_blockNumber
eth_getTransactionReceipt
eth_getBlockByNumber

    Block Number: 616
    Block Hash: 0x26cb487f772f0d26ad36541d8bd1e7fc551513e20dfb3f835ddc4d72e286de93
    Block Time: "Sun, 4 Oct 2026 14:17:35 +0000"

eth_getBlockByNumber
eth_getLogs
eth_blockNumber
eth_getTransactionReceipt
eth_getBlockByNumber
eth_getBlockByNumber
eth_blockNumber
eth_getTransactionReceipt
eth_getBlockByNumber
eth_getBlockByNumber
eth_blockNumber
eth_getTransactionReceipt

    Block Number: 617
    Block Hash: 0xc33ccf8b9cbcc8fbdeaa9afc853e7662dffb3f98c0daa341fab926925e4c34dd
    Block Time: "Sun, 4 Oct 2026 14:17:35 +0000"

eth_getBlockByNumber
eth_getBlockByNumber
eth_getLogs
eth_blockNumber
eth_getTransactionReceipt
eth_getBlockByNumber
eth_getBlockByNumber
eth_getBlockByNumber

    Block Number: 618
    Block Hash: 0x7b093bfca9dda9f79c4037aae10582296580fbcd05dcce08f61eab11794fb1c3
    Block Time: "Sun, 4 Oct 2026 14:17:36 +0000"

eth_getBlockByNumber
eth_getLogs
eth_getBlockByNumber
eth_getBlockByNumber
eth_getBlockByNumber
eth_getBlockByNumber

    Block Number: 619
    Block Hash: 0x68c66324c36e8aa3ddc98109fe1506edf04f46118dc83a58eb2a414fe92a6798
    Block Time: "Sun, 4 Oct 2026 14:17:36 +0000"

eth_getBlockByNumber
eth_getBlockByNumber
eth_getLogs
eth_getBlockByNumber
eth_getBlockByNumber
eth_getBlockByNumber

    Block Number: 620
    Block Hash: 0x2a17119402765567d87f0746a1db653d9f7c777ab7e7673084cda42b8578a636
    Block Time: "Sun, 4 Oct 2026 14:17:36 +0000"

eth_getBlockByNumber
eth_getLogs
eth_getBlockByNumber
eth_getBlockByNumber
eth_getBlockByNumber
eth_getBlockByNumber

    Block Number: 621
    Block Hash: 0xc786baef38203fba932b2d9e8c164c0085fd62bc4af56beb482488eccff98499
    Block Time: "Sun, 4 Oct 2026 14:17:36 +0000"

eth_blockNumber
eth_feeHistory
eth_getBlockByNumber
eth_getBlockByNumber
eth_getLogs
eth_getBlockByNumber
eth_getBlockByNumber
eth_getBlockByNumber

    Block Number: 622
    Block Hash: 0x423b1dc94444d2271556268e19c3565325dd7fe10763a37ffb0ea3b1f9d1de17
    Block Time: "Sun, 4 Oct 2026 14:17:37 +0000"

eth_getBlockByNumber
eth_getLogs
eth_getBlockByNumber
eth_getBlockByNumber
eth_getBlockByNumber
eth_getBlockByNumber

    Block Number: 623
    Block Hash: 0x14e9c9df98e9e2155be4aae1c01abb4c5ebdb90b5831b5e107bd450c0a801ee2
    Block Time: "Sun, 4 Oct 2026 14:17:37 +0000"

eth_getBlockByNumber
eth_getBlockByNumber
eth_getLogs
eth_getBlockByNumber
eth_getBlockByNumber
eth_getBlockByNumber

    Block Number: 624
    Block Hash: 0xaa4e478e7c2e898c69138c8d69032b6e9c9694d8eddd55a7be62fb1cdd885867
    Block Time: "Sun, 4 Oct 2026 14:17:37 +0000"

eth_getBlockByNumber
eth_getLogs
eth_getBlockByNumber
eth_getBlockByNumber
eth_getBlockByNumber
eth_getBlockByNumber

    Block Number: 625
    Block Hash: 0x0a5a45af6e0bfaac85636ae75438f924209d7c301680d8f748d25a992b0f8c63
    Block Time: "Sun, 4 Oct 2026 14:17:37 +0000"

eth_getBlockByNumber
eth_getBlockByNumber
eth_getLogs
eth_getBlockByNumber
eth_getBlockByNumber
eth_call
eth_feeHistory
eth_simulateV1
eth_sendRawTransaction
eth_getTransactionReceipt

    Transaction: 0xbdcfa91beeaab1892c679023935c7c986a79cf0c84dbbae7ad76e38da013f019
    Gas used: 141886

    Block Number: 626
    Block Hash: 0x0b6709d2bddffc0b3aafb4bb9d069576dfa78a3656330c25afa0544cf46b3025
    Block Time: "Sun, 4 Oct 2026 14:17:38 +0000"

eth_getBlockByNumber

    Block Number: 627
    Block Hash: 0x084210ff91c06132cb13b4a183c96c821268672d69661d6943e1d0bce77e4123
    Block Time: "Sun, 4 Oct 2026 14:17:38 +0000"

eth_getBlockByNumber
eth_getBlockByNumber
eth_getLogs
eth_getLogs
eth_getTransactionByHash
eth_getTransactionReceipt
eth_blockNumber
eth_getTransactionReceipt
eth_getBlockByNumber
eth_getTransactionByHash
eth_getBlockByNumber
eth_blockNumber
eth_getTransactionReceipt
eth_getBlockByNumber
eth_getBlockByNumber
eth_blockNumber
eth_getTransactionReceipt

    Block Number: 628
    Block Hash: 0xd7b64df6eec8cbdccdb8c5d740526094e62314e6304f0ef21d80db2664674ab4
    Block Time: "Sun, 4 Oct 2026 14:17:38 +0000"

eth_getBlockByNumber
eth_getBlockByNumber
eth_getLogs
eth_blockNumber
eth_getTransactionReceipt
eth_getBlockByNumber
eth_getBlockByNumber
eth_getBlockByNumber

    Block Number: 629
    Block Hash: 0x9c7eca0013523760d02cb20b2b04051a8fe03d020811cb04049bb565376af82a
    Block Time: "Sun, 4 Oct 2026 14:17:38 +0000"

eth_getBlockByNumber
eth_getLogs
eth_getBlockByNumber
eth_getBlockByNumber
eth_getBlockByNumber
eth_getBlockByNumber

    Block Number: 630
    Block Hash: 0xe840c47322235283155e326a00d061fb87267cfb92c784ddab18281349126fdf
    Block Time: "Sun, 4 Oct 2026 14:17:38 +0000"

eth_getBlockByNumber
eth_getBlockByNumber
eth_getLogs
eth_getBlockByNumber
eth_getBlockByNumber
eth_feeHistory
eth_simulateV1
eth_sendRawTransaction
eth_getTransactionReceipt

    Transaction: 0x1eff3a93277f70578f95391fff59cd8745019db60f87122e93ec89fe346bc3c4
    Gas used: 96809

    Block Number: 631
    Block Hash: 0x9006492e31498a644b0f5813b0ba440eafc9bbb0faa798d9125352ad23deb80b
    Block Time: "Sun, 4 Oct 2026 14:17:39 +0000"

eth_getBlockByNumber

    Block Number: 632
    Block Hash: 0x3c861a3d3d052c1a993a597172c003f80c2ebd40772c68ca5f0eb64e239cc92f
    Block Time: "Sun, 4 Oct 2026 14:17:39 +0000"

eth_getBlockByNumber
eth_getBlockByNumber
eth_getLogs
eth_getLogs
eth_getTransactionReceipt
eth_blockNumber
eth_getTransactionReceipt
eth_getBlockByNumber
eth_getBlockByNumber
eth_blockNumber
eth_getTransactionReceipt
eth_getBlockByNumber
eth_getBlockByNumber
eth_blockNumber
eth_getTransactionReceipt

    Block Number: 633
    Block Hash: 0x75f1982d68fb4f5cc4785ad2cd89ee3a3a409ce93e80422866c1cf8c315048da
    Block Time: "Sun, 4 Oct 2026 14:17:39 +0000"

eth_getBlockByNumber
eth_getBlockByNumber
eth_getLogs
eth_blockNumber
eth_getTransactionReceipt
eth_feeHistory
eth_simulateV1
eth_sendRawTransaction
eth_getTransactionReceipt

    Transaction: 0x5add004fcda5c2998c77e0476f37a6f08f3f2c2586a96b12fbf31730281ca91a
    Gas used: 171368

    Block Number: 634
    Block Hash: 0xd6356312f32a26fcd43451d3076e14e6c5a4130109021efe53ca5766528d5d67
    Block Time: "Sun, 4 Oct 2026 14:17:39 +0000"

eth_getBlockByNumber
eth_getBlockByNumber
eth_getLogs
eth_getTransactionReceipt
eth_blockNumber
eth_getTransactionReceipt
eth_getBlockByNumber

    Block Number: 635
    Block Hash: 0x14bb9a7f5aeb421d2148120e02552c4f0729f37dbb9f0ff4995340f24794b3b2
    Block Time: "Sun, 4 Oct 2026 14:17:39 +0000"

eth_getBlockByNumber
eth_getLogs
eth_blockNumber
eth_getTransactionReceipt
eth_getBlockByNumber
eth_getBlockByNumber
eth_blockNumber
eth_getTransactionReceipt
eth_getBlockByNumber
eth_getBlockByNumber
eth_blockNumber
eth_getTransactionReceipt

    Block Number: 636
    Block Hash: 0xbe82bb2c5df7ecda25abc49a1cf63a54ab9cb2db9c0c6a5302419b1cda7ce9d0
    Block Time: "Sun, 4 Oct 2026 14:17:39 +0000"

eth_getBlockByNumber
eth_getBlockByNumber
eth_getLogs
eth_blockNumber
eth_getTransactionReceipt
eth_getBlockByNumber
eth_getBlockByNumber
eth_getBlockByNumber
eth_getBlockByNumber

    Block Number: 637
    Block Hash: 0x8dd65499fbf84bf2c527928a964a58e4d29b44a306a8c1866098b98ded1c9a5a
    Block Time: "Sun, 4 Oct 2026 14:17:40 +0000"

eth_getBlockByNumber
eth_getBlockByNumber
eth_getLogs
eth_getBlockByNumber
eth_getBlockByNumber

    Block Number: 638
    Block Hash: 0x554fab77f02e3dc55b4bdb46349d67f36e000fe073f785e1262c9123d1ad80ae
    Block Time: "Sun, 4 Oct 2026 14:17:40 +0000"

eth_getBlockByNumber
eth_getBlockByNumber
eth_getLogs
eth_getBlockByNumber
eth_getBlockByNumber
eth_getBlockByNumber

    Block Number: 639
    Block Hash: 0xa878e00475fc59b2fec8244b069f9f4c9f67418bc77a2619c2eba4181f1bc4e6
    Block Time: "Sun, 4 Oct 2026 14:17:40 +0000"

eth_getBlockByNumber
eth_getLogs
eth_getBlockByNumber
eth_getBlockByNumber
eth_getBlockByNumber
eth_getBlockByNumber

    Block Number: 640
    Block Hash: 0x53ba3d0afb2585a8d112ec1ae6e3927f3256d4d74d787490b717d7acf9eca1ee
    Block Time: "Sun, 4 Oct 2026 14:17:40 +0000"

eth_getBlockByNumber
eth_getBlockByNumber
eth_getLogs
eth_getBlockByNumber
eth_getBlockByNumber
eth_getBlockByNumber

    Block Number: 641
    Block Hash: 0xfdead5f2c9a3accb46af0c6c8ddb4a67afb55152462cecf6146d3e00897e1932
    Block Time: "Sun, 4 Oct 2026 14:17:41 +0000"

eth_getBlockByNumber
eth_getLogs
eth_getBlockByNumber
eth_getBlockByNumber
eth_getBlockByNumber
eth_getBlockByNumber

    Block Number: 642
    Block Hash: 0x4a70952846d1490036423b1af968ebc5d35bf517d272f7d3001fd91c192ac880
    Block Time: "Sun, 4 Oct 2026 14:17:41 +0000"

eth_getBlockByNumber
eth_getBlockByNumber
eth_getLogs
eth_getBlockByNumber
eth_getBlockByNumber
eth_getBlockByNumber

    Block Number: 643
    Block Hash: 0xfd5b435d6965ee32dafee95b569bd689d437cdf3aaa86a7bb1599b96a5c64b7f
    Block Time: "Sun, 4 Oct 2026 14:17:41 +0000"

eth_getBlockByNumber
eth_getLogs
eth_getBlockByNumber
eth_getBlockByNumber
eth_getBlockByNumber
eth_getBlockByNumber

    Block Number: 644
    Block Hash: 0xb48fa36290f1582ce15a451a4d6ad67e6613fd96123c50e605c927b73709fb90
    Block Time: "Sun, 4 Oct 2026 14:17:41 +0000"

eth_getBlockByNumber
eth_getBlockByNumber
eth_getLogs
eth_getBlockByNumber
eth_getBlockByNumber
eth_call
eth_feeHistory
eth_simulateV1
eth_sendRawTransaction
eth_getTransactionReceipt

    Transaction: 0xdc5616a052348358a960f3be2d2d3684dd2c73f0838e363a3bd796c3f2d64b0e
    Gas used: 141886

    Block Number: 645
    Block Hash: 0xe4c5d06fea56a489e744dee1e394b5c888e026e58dd90232594ae0456af48853
    Block Time: "Sun, 4 Oct 2026 14:17:42 +0000"

eth_getBlockByNumber

    Block Number: 646
    Block Hash: 0x0c4f6f596197fa35deec194b610d748e7b871aea6e3c450e4639747e3da5c92d
    Block Time: "Sun, 4 Oct 2026 14:17:42 +0000"

eth_getBlockByNumber
eth_getBlockByNumber
eth_getLogs
eth_getLogs
eth_getTransactionByHash
eth_getTransactionReceipt
eth_blockNumber
eth_getTransactionReceipt
eth_getBlockByNumber
eth_getTransactionByHash
eth_getBlockByNumber
eth_blockNumber
eth_getTransactionReceipt
eth_getBlockByNumber
eth_getBlockByNumber
eth_blockNumber
eth_getTransactionReceipt

    Block Number: 647
    Block Hash: 0x8341bc130929053334cd331b9215ec23753e47a517b281ac9c578ab3fdf06db2
    Block Time: "Sun, 4 Oct 2026 14:17:42 +0000"

eth_getBlockByNumber
eth_getBlockByNumber
eth_getLogs
eth_blockNumber
eth_getTransactionReceipt
eth_getBlockByNumber
eth_getBlockByNumber
eth_getBlockByNumber

    Block Number: 648
    Block Hash: 0x39861c16dbf9f56d8033b1395de8de9600df8664e412bd30e803b62803209d62
    Block Time: "Sun, 4 Oct 2026 14:17:42 +0000"

eth_getBlockByNumber
eth_getLogs
eth_getBlockByNumber
eth_getBlockByNumber
eth_getBlockByNumber
eth_getBlockByNumber

    Block Number: 649
    Block Hash: 0x39aedca9503b83888c00ad19d50f91bf55cd9a9664e66acb3167e35ec706cc3e
    Block Time: "Sun, 4 Oct 2026 14:17:42 +0000"

eth_getBlockByNumber
eth_getBlockByNumber
eth_getLogs
eth_getBlockByNumber
eth_getBlockByNumber
eth_feeHistory
eth_simulateV1
eth_sendRawTransaction
eth_getTransactionReceipt

    Transaction: 0x47b50ddd57effe9f55a69cb476ee67264a6d5c2c47f1b31939a92001e0903e61
    Gas used: 96809

    Block Number: 650
    Block Hash: 0x9c40ef6b1e1834fcffbf3bc4927077a214c34f6035870d715f80392060f3372c
    Block Time: "Sun, 4 Oct 2026 14:17:43 +0000"

eth_getBlockByNumber

    Block Number: 651
    Block Hash: 0x6216c745020915e5dbe7ae458e132b69c4dd179ad2efaa16f4c9a01bef8c87d5
    Block Time: "Sun, 4 Oct 2026 14:17:43 +0000"

eth_getBlockByNumber
eth_getBlockByNumber
eth_getLogs
eth_getLogs
eth_getTransactionReceipt
eth_blockNumber
eth_getTransactionReceipt
eth_getBlockByNumber
eth_getBlockByNumber
eth_blockNumber
eth_getTransactionReceipt
eth_getBlockByNumber
eth_getBlockByNumber
eth_blockNumber
eth_getTransactionReceipt

    Block Number: 652
    Block Hash: 0x610267f0fa159010a229ab0d63a280321e1d7d72e46ba2e1be613d802eff4205
    Block Time: "Sun, 4 Oct 2026 14:17:43 +0000"

eth_getBlockByNumber
eth_getBlockByNumber
eth_getLogs
eth_blockNumber
eth_getTransactionReceipt
eth_feeHistory
eth_simulateV1
eth_sendRawTransaction
eth_getTransactionReceipt

    Transaction: 0x22226d04124c52d8722f58cea17a38f9ccedf5421d3e208a63c9608fd7b11948
    Gas used: 171368

    Block Number: 653
    Block Hash: 0xf478e22abe8ae260adecd53d970de9bdcaee3e1375c790daffbbc4ee7c936432
    Block Time: "Sun, 4 Oct 2026 14:17:43 +0000"

eth_getBlockByNumber
eth_getBlockByNumber
eth_getLogs
eth_getTransactionReceipt
eth_blockNumber
eth_getTransactionReceipt
eth_getBlockByNumber
eth_getBlockByNumber

    Block Number: 654
    Block Hash: 0xaa74856e5c25d9250d662ee815aae8df6427a50f20eaa045c5aff04d1ddcc8b1
    Block Time: "Sun, 4 Oct 2026 14:17:43 +0000"

eth_blockNumber
eth_getTransactionReceipt
eth_getBlockByNumber
eth_getBlockByNumber
eth_getLogs
eth_blockNumber
eth_getTransactionReceipt
eth_getBlockByNumber
eth_getBlockByNumber
eth_blockNumber
eth_getTransactionReceipt

    Block Number: 655
    Block Hash: 0x357f871a9a55c5ae21a4adb45382cc1c12d2cf4fa683b7e6bff0ccad5f404c38
    Block Time: "Sun, 4 Oct 2026 14:17:43 +0000"

eth_getBlockByNumber
eth_getBlockByNumber
eth_getLogs
eth_blockNumber
eth_getTransactionReceipt
eth_getBlockByNumber
eth_getBlockByNumber
eth_getBlockByNumber

    Block Number: 656
    Block Hash: 0x5867f443ac7351a485a9304c12b42d5f26bdfcbb3a4527538e6f4070de36733e
    Block Time: "Sun, 4 Oct 2026 14:17:44 +0000"

eth_getBlockByNumber
eth_getLogs
eth_getBlockByNumber
eth_getBlockByNumber
eth_getBlockByNumber
eth_getBlockByNumber

    Block Number: 657
    Block Hash: 0xd9e18eb78c594f2f664c0dfde62ac47e9862310c6ba60fa23ef0a7828f0cc454
    Block Time: "Sun, 4 Oct 2026 14:17:44 +0000"

eth_getBlockByNumber
eth_getBlockByNumber
eth_getLogs
eth_getBlockByNumber
eth_getBlockByNumber
eth_getBlockByNumber

    Block Number: 658
    Block Hash: 0xcb5e569bebbb437e1f29a928a08ad90f474d2553f7584993bb4c5ed827cc2aa3
    Block Time: "Sun, 4 Oct 2026 14:17:44 +0000"

eth_getBlockByNumber
eth_getLogs
eth_getBlockByNumber
eth_getBlockByNumber
eth_getBlockByNumber
eth_getBlockByNumber

    Block Number: 659
    Block Hash: 0xadd0924088de3eed056f49f828b3059f9fc3798d5f7f485c8b33fe970443b761
    Block Time: "Sun, 4 Oct 2026 14:17:44 +0000"

eth_getBlockByNumber
eth_getBlockByNumber
eth_getLogs
eth_getBlockByNumber
eth_getBlockByNumber
eth_getBlockByNumber

    Block Number: 660
    Block Hash: 0x65ea21ff192a23500c52eabfb6d44465f934bd5c4cc49f939c24cf4bbe9fc960
    Block Time: "Sun, 4 Oct 2026 14:17:45 +0000"

eth_getBlockByNumber
eth_getLogs
eth_getBlockByNumber
eth_getBlockByNumber
eth_getBlockByNumber
eth_getBlockByNumber

    Block Number: 661
    Block Hash: 0xf2fff2e79c8a62e301c49e710657ba87dccb06119eac5e0a4c90180ef3ea66db
    Block Time: "Sun, 4 Oct 2026 14:17:45 +0000"

eth_getBlockByNumber
eth_getBlockByNumber
eth_getLogs
eth_getBlockByNumber
eth_getBlockByNumber
eth_getBlockByNumber

    Block Number: 662
    Block Hash: 0x77adcb72ef866bc9e2c691b385026c8169d3e1add7389491cd849246aeb87365
    Block Time: "Sun, 4 Oct 2026 14:17:45 +0000"

eth_getBlockByNumber
eth_getLogs
eth_getBlockByNumber
eth_getBlockByNumber
eth_getBlockByNumber
eth_getBlockByNumber

    Block Number: 663
    Block Hash: 0x9e560870e71778d59a3121f913dc0e3ee2306b4e0b5e950eac00bbf08dde3f0c
    Block Time: "Sun, 4 Oct 2026 14:17:45 +0000"

eth_getBlockByNumber
eth_getBlockByNumber
eth_getLogs
eth_getBlockByNumber
eth_getBlockByNumber
eth_call
eth_feeHistory
eth_simulateV1
eth_sendRawTransaction
eth_getTransactionReceipt

    Transaction: 0xdd1c6245d1420d79144490c6566ea23545756bbdb1301cc1c1f57be019da83c9
    Gas used: 141886

    Block Number: 664
    Block Hash: 0xad98d6d6df59180799530d2069043a6c20b6f9e68f13ae5d84f3caa665c7ac0a
    Block Time: "Sun, 4 Oct 2026 14:17:46 +0000"

eth_getBlockByNumber

    Block Number: 665
    Block Hash: 0x4156884d03606e26de3164511f5bd1a5bd8ab5e265bb5485a2ba6163a728a20d
    Block Time: "Sun, 4 Oct 2026 14:17:46 +0000"

eth_getBlockByNumber
eth_getBlockByNumber
eth_getLogs
eth_getLogs
eth_getTransactionByHash
eth_getTransactionReceipt
eth_blockNumber
eth_getTransactionReceipt
eth_getBlockByNumber
eth_getTransactionByHash
eth_getBlockByNumber
eth_blockNumber
eth_getTransactionReceipt
eth_getBlockByNumber
eth_getBlockByNumber
eth_blockNumber
eth_getTransactionReceipt

    Block Number: 666
    Block Hash: 0x2051825b212bc67659c1b70ca8db9cfdb6a4190f9ee60399601b344ab9cfe2bd
    Block Time: "Sun, 4 Oct 2026 14:17:46 +0000"

eth_getBlockByNumber
eth_getBlockByNumber
eth_getLogs
eth_blockNumber
eth_getTransactionReceipt
eth_getBlockByNumber
eth_getBlockByNumber
eth_getBlockByNumber

    Block Number: 667
    Block Hash: 0xc8029c9a5fbe6c25b78f2a53126d3d68da8054e6790db1f2f5b57da4083e0134
    Block Time: "Sun, 4 Oct 2026 14:17:46 +0000"

eth_getBlockByNumber
eth_getLogs
eth_getBlockByNumber
eth_getBlockByNumber
eth_getBlockByNumber
eth_getBlockByNumber

    Block Number: 668
    Block Hash: 0x5ea8085eeae5fdf02473e5ba16d23d7fbab0c5618c14389701d917bf267fc6c0
    Block Time: "Sun, 4 Oct 2026 14:17:46 +0000"

eth_getBlockByNumber
eth_getBlockByNumber
eth_getLogs
eth_getBlockByNumber
eth_getBlockByNumber
eth_feeHistory
eth_simulateV1
eth_sendRawTransaction
eth_getTransactionReceipt

    Transaction: 0xa6641bd0b2b411865c147a192f659517bf85fef23c1e263608f0b5736e70ee35
    Gas used: 96809

    Block Number: 669
    Block Hash: 0x7c614ee7fd1d315117ebbfe44f56543fb53813d6ca47cb963ae850f8deaef843
    Block Time: "Sun, 4 Oct 2026 14:17:47 +0000"

eth_getBlockByNumber

    Block Number: 670
    Block Hash: 0x60ea809d02e3b33ce8ec71b6413a496a024022d6c13944d906255a6f1bc1b864
    Block Time: "Sun, 4 Oct 2026 14:17:47 +0000"

eth_getBlockByNumber
eth_getBlockByNumber
eth_getLogs
eth_getLogs
eth_getTransactionReceipt
eth_blockNumber
eth_getTransactionReceipt
eth_getBlockByNumber
eth_getBlockByNumber
eth_blockNumber
eth_getTransactionReceipt
eth_getBlockByNumber
eth_getBlockByNumber
eth_blockNumber
eth_getTransactionReceipt

    Block Number: 671
    Block Hash: 0xc0c3ccdb007f51f518cbe7ae29904a712e54710024b98d8fa5c44783d118267f
    Block Time: "Sun, 4 Oct 2026 14:17:47 +0000"

eth_getBlockByNumber
eth_getBlockByNumber
eth_getLogs
eth_blockNumber
eth_getTransactionReceipt
eth_feeHistory
eth_simulateV1
eth_sendRawTransaction
eth_getTransactionReceipt

    Transaction: 0xa1b2ba087ff23a37095fe1ccfccb6f9e5ef724c05595c54ec19a1249c067d9be
    Gas used: 171368

    Block Number: 672
    Block Hash: 0xe8d7ce77f2d03e298642dc02d08001aed95fdeb0f11e79e8c2cdf20abb4680f6
    Block Time: "Sun, 4 Oct 2026 14:17:47 +0000"

eth_getBlockByNumber
eth_getBlockByNumber
eth_getLogs
eth_getTransactionReceipt
eth_blockNumber
eth_getTransactionReceipt
eth_getBlockByNumber

    Block Number: 673
    Block Hash: 0xca89d500ac3a03ea5e8d493bdb89036b122444e5d611e2787dbbcb662ec6c913
    Block Time: "Sun, 4 Oct 2026 14:17:47 +0000"

eth_getBlockByNumber
eth_getLogs
eth_blockNumber
eth_getTransactionReceipt
eth_getBlockByNumber
eth_getBlockByNumber
eth_blockNumber
eth_getTransactionReceipt
eth_getBlockByNumber
eth_getBlockByNumber
eth_blockNumber
eth_getTransactionReceipt

    Block Number: 674
    Block Hash: 0x111d8993732478e84397e9451c2ee9120098935ec1c2e49356c87587c4ea7204
    Block Time: "Sun, 4 Oct 2026 14:17:47 +0000"

eth_getBlockByNumber
eth_getBlockByNumber
eth_getLogs
eth_blockNumber
eth_getTransactionReceipt
eth_getBlockByNumber
eth_getBlockByNumber
eth_getBlockByNumber

    Block Number: 675
    Block Hash: 0xf35e1cc09afd37cb47bba97da898864594c1faf29fb2bf9a79c7674ec2c456d7
    Block Time: "Sun, 4 Oct 2026 14:17:48 +0000"

eth_getBlockByNumber
eth_getLogs
eth_getBlockByNumber
eth_getBlockByNumber
eth_getBlockByNumber
eth_getBlockByNumber

    Block Number: 676
    Block Hash: 0xbf89d32618968c0da5e24a8248b6391e96edfdd74e14cc920d9db60b329b4b05
    Block Time: "Sun, 4 Oct 2026 14:17:48 +0000"

eth_getBlockByNumber
eth_getBlockByNumber
eth_getLogs
eth_getBlockByNumber
eth_getBlockByNumber
eth_getBlockByNumber

    Block Number: 677
    Block Hash: 0x5f6e4f7176c4a6a087c8a9f00b54255b18e1cd8cc856d5b6d67dafdd0fa1e85f
    Block Time: "Sun, 4 Oct 2026 14:17:48 +0000"

eth_getBlockByNumber
eth_getLogs
eth_getBlockByNumber
eth_getBlockByNumber
eth_getBlockByNumber
eth_getBlockByNumber

    Block Number: 678
    Block Hash: 0xabf63db98458f958df91ae4520d63e69e4a65c5e59f80ce6d30b0660d387d350
    Block Time: "Sun, 4 Oct 2026 14:17:48 +0000"

eth_getBlockByNumber
eth_getBlockByNumber
eth_getLogs
eth_getBlockByNumber
eth_getBlockByNumber
eth_getBlockByNumber

    Block Number: 679
    Block Hash: 0x6c2e5899a70ab8004d33c729a11188d2135401c9eabf83b219a2b1d0873fb642
    Block Time: "Sun, 4 Oct 2026 14:17:49 +0000"

eth_getBlockByNumber
eth_getLogs
eth_getBlockByNumber
eth_getBlockByNumber
eth_getBlockByNumber
eth_getBlockByNumber

    Block Number: 680
    Block Hash: 0x7faec136fd171fc60d9ad0cff8f7c7f2146ff84946a15fca95bd2e1d1a0ec1a2
    Block Time: "Sun, 4 Oct 2026 14:17:49 +0000"

eth_getBlockByNumber
eth_getBlockByNumber
eth_getLogs
eth_getBlockByNumber
eth_getBlockByNumber
eth_getBlockByNumber

    Block Number: 681
    Block Hash: 0x5bc3ae1f04fed5f1f7b1b524535911c82a02d9ee2e55a3e79df17a3e1de785f1
    Block Time: "Sun, 4 Oct 2026 14:17:49 +0000"

eth_getBlockByNumber
eth_getLogs
eth_getBlockByNumber
eth_getBlockByNumber
eth_getBlockByNumber
eth_getBlockByNumber

    Block Number: 682
    Block Hash: 0x6023937cda20daef2c96957647a6b7bb0ba851d22ed062d41e75c39de47cb8eb
    Block Time: "Sun, 4 Oct 2026 14:17:49 +0000"

eth_blockNumber
eth_getBlockByNumber
eth_feeHistory
eth_getBlockByNumber
eth_getLogs
eth_getBlockByNumber
eth_getBlockByNumber
eth_call
eth_feeHistory
eth_simulateV1
eth_sendRawTransaction
eth_getTransactionReceipt

    Transaction: 0x9c7245ab2a3e089ad5f1f4e7a14c9cfab61f54e7aa2cd4bd1457940dbeed5a2d
    Gas used: 141886

    Block Number: 683
    Block Hash: 0xc9ef8967559efd14b0e95faa386afb5a042df128c6d6c9d9baa07db54933b57c
    Block Time: "Sun, 4 Oct 2026 14:17:50 +0000"

eth_getBlockByNumber

    Block Number: 684
    Block Hash: 0x64163febd3229cc7fd756e819a7f1f8686d9f4fb944d84e063a14a95a8fe037e
    Block Time: "Sun, 4 Oct 2026 14:17:50 +0000"

eth_getBlockByNumber
eth_getBlockByNumber
eth_getLogs
eth_getLogs
eth_getTransactionByHash
eth_getTransactionReceipt
eth_blockNumber
eth_getTransactionReceipt
eth_getBlockByNumber
eth_getTransactionByHash
eth_getBlockByNumber
eth_blockNumber
eth_getTransactionReceipt
eth_getBlockByNumber
eth_getBlockByNumber

    Block Number: 685
    Block Hash: 0x89016e568645f08c4d946893e4bacc710f88a0c46814f1b7d2b5dae2cf2544cb
    Block Time: "Sun, 4 Oct 2026 14:17:50 +0000"

eth_blockNumber
eth_getTransactionReceipt
eth_getBlockByNumber
eth_getBlockByNumber
eth_getLogs
eth_getBlockByNumber
eth_getBlockByNumber
eth_getBlockByNumber

    Block Number: 686
    Block Hash: 0x385958ab0faca8f4df9d9d16317e793f024de2a1896223fae22f315f202c5e85
    Block Time: "Sun, 4 Oct 2026 14:17:50 +0000"

eth_getBlockByNumber
eth_getLogs
eth_getBlockByNumber
eth_getBlockByNumber
eth_getBlockByNumber
eth_getBlockByNumber

    Block Number: 687
    Block Hash: 0xcf543f436206ad5d50a0fb6c80bf73bb9cdebcd619eea8665f6c406a20571260
    Block Time: "Sun, 4 Oct 2026 14:17:50 +0000"

eth_getBlockByNumber
eth_getBlockByNumber
eth_getLogs
eth_getBlockByNumber
eth_getBlockByNumber
eth_feeHistory
eth_simulateV1
eth_sendRawTransaction
eth_getTransactionReceipt

    Transaction: 0x4efa840c26cf6454ac6f3a969301ea772f946d5eecf50663f2c90c4568da5904
    Gas used: 96809

    Block Number: 688
    Block Hash: 0xdeedc56a7e7b782191d9e0d260edc14f5e1081e18d39289a1f85eccfe29d71bb
    Block Time: "Sun, 4 Oct 2026 14:17:51 +0000"

eth_getBlockByNumber
eth_getBlockByNumber

    Block Number: 689
    Block Hash: 0x01cccef0478d59e653f932e33cc44d2f7d05d3bcaaccc6ce47fc7ef0db5acefc
    Block Time: "Sun, 4 Oct 2026 14:17:51 +0000"

eth_getLogs
eth_getTransactionReceipt
eth_blockNumber
eth_getTransactionReceipt
eth_getBlockByNumber
eth_getBlockByNumber
eth_getLogs
eth_blockNumber
eth_getTransactionReceipt
eth_getBlockByNumber
eth_getBlockByNumber
eth_blockNumber
eth_getTransactionReceipt

    Block Number: 690
    Block Hash: 0x792d63d05da7dce01d7aa285b6f862fee70829705421ce0b92336aaf25865fc5
    Block Time: "Sun, 4 Oct 2026 14:17:51 +0000"

eth_getBlockByNumber
eth_getBlockByNumber
eth_getLogs
eth_blockNumber
eth_getTransactionReceipt
eth_feeHistory
eth_simulateV1
eth_sendRawTransaction
eth_getTransactionReceipt

    Transaction: 0xeaaf7c7445a43c251ee1d328d83af85f80f859850970ea178669b5adc778abb5
    Gas used: 171368

    Block Number: 691
    Block Hash: 0x59b49f639bc156fe32fd0b2cf9ff98d063dae66958882dac658bf6e496611eca
    Block Time: "Sun, 4 Oct 2026 14:17:51 +0000"

eth_getBlockByNumber
eth_getBlockByNumber
eth_getLogs
eth_getTransactionReceipt
eth_blockNumber
eth_getTransactionReceipt
eth_getBlockByNumber

    Block Number: 692
    Block Hash: 0x1a2488ec15328966902f52207d44f37f85257e7fb1921b0caeff94226231e29f
    Block Time: "Sun, 4 Oct 2026 14:17:51 +0000"

eth_getBlockByNumber
eth_getLogs
eth_blockNumber
eth_getTransactionReceipt
eth_getBlockByNumber
eth_getBlockByNumber
eth_blockNumber
eth_getTransactionReceipt
eth_getBlockByNumber
eth_getBlockByNumber
eth_blockNumber
eth_getTransactionReceipt

    Block Number: 693
    Block Hash: 0x7ec1468eedf40eb55ab9632089821aa674c4b0618daa3bd69fd0a4e2678e18ed
    Block Time: "Sun, 4 Oct 2026 14:17:51 +0000"

eth_getBlockByNumber
eth_getBlockByNumber
eth_getLogs
eth_blockNumber
eth_getTransactionReceipt
eth_getBlockByNumber
eth_getBlockByNumber
eth_getBlockByNumber

    Block Number: 694
    Block Hash: 0x04a55b61618dcd2f0ae3e6337871222640e5537b6938e5addf44f79e9b61fd30
    Block Time: "Sun, 4 Oct 2026 14:17:52 +0000"

eth_getBlockByNumber
eth_getLogs
eth_getBlockByNumber
eth_getBlockByNumber
eth_getBlockByNumber
eth_getBlockByNumber

    Block Number: 695
    Block Hash: 0x3b0da39fc92aaadd65e29fe4d9310a95fcd2dbe1bd58741365003232d02b7a8a
    Block Time: "Sun, 4 Oct 2026 14:17:52 +0000"

eth_getBlockByNumber
eth_getBlockByNumber
eth_getLogs
eth_getBlockByNumber
eth_getBlockByNumber
eth_getBlockByNumber

    Block Number: 696
    Block Hash: 0x14930ecb36bca970015afe2c80aabd305683df84659ff2cdf929e40a5c45e66f
    Block Time: "Sun, 4 Oct 2026 14:17:52 +0000"

eth_getBlockByNumber
eth_getLogs
eth_getBlockByNumber
eth_getBlockByNumber
eth_getBlockByNumber
eth_getBlockByNumber

    Block Number: 697
    Block Hash: 0x8efc3ad709aa10c88a5372ba280cb5910c290e18c7aff1298e8fae82e9845174
    Block Time: "Sun, 4 Oct 2026 14:17:52 +0000"

eth_getBlockByNumber
eth_getBalance
eth_getTransactionCount
eth_getBalance
eth_feeHistory
eth_feeHistory
eth_getTransactionCount
eth_feeHistory
eth_feeHistory
eth_feeHistory
eth_feeHistory
eth_feeHistory
eth_feeHistory
eth_feeHistory
eth_feeHistory
eth_feeHistory
eth_feeHistory
eth_feeHistory
eth_feeHistory
eth_feeHistory
eth_feeHistory
eth_feeHistory
eth_feeHistory
eth_getBlockByNumber
eth_getLogs
eth_getBalance
eth_getTransactionCount
eth_feeHistory
eth_feeHistory
eth_feeHistory
eth_feeHistory
eth_feeHistory
eth_feeHistory
eth_feeHistory
eth_feeHistory
eth_feeHistory
eth_getBlockByNumber
eth_getBlockByNumber
eth_getBlockByNumber

    Block Number: 698
    Block Hash: 0x433732b818406bf48f43d936432c28e21ef77bfa2317404d023487e0904035a0
    Block Time: "Sun, 4 Oct 2026 14:17:53 +0000"

eth_getBlockByNumber
eth_getLogs
eth_getBlockByNumber
eth_getBlockByNumber
eth_getBlockByNumber
eth_getBlockByNumber

    Block Number: 699
    Block Hash: 0x19d6146c52917466e0989bbc05ecc9dccc212e02b05635671264bd009c631dbd
    Block Time: "Sun, 4 Oct 2026 14:17:53 +0000"

eth_getBlockByNumber
eth_getBlockByNumber
eth_getLogs
eth_getBlockByNumber
eth_getBlockByNumber
eth_getBlockByNumber

    Block Number: 700
    Block Hash: 0xcc242d4f1da92b395e2b4b740ed88e79d473bd593b21afe7a6ab9bb4b743a255
    Block Time: "Sun, 4 Oct 2026 14:17:53 +0000"

eth_getBlockByNumber
eth_getLogs
eth_getBlockByNumber
eth_getBlockByNumber
eth_getBlockByNumber
eth_getBlockByNumber

    Block Number: 701
    Block Hash: 0x28bd28b04033c1467e225ccbd45ea1cb3d3c2bc023f91dd3541d6bd845ee5eb0
    Block Time: "Sun, 4 Oct 2026 14:17:53 +0000"

eth_getBlockByNumber
eth_getBlockByNumber
eth_getLogs
eth_getBlockByNumber
eth_getBlockByNumber
eth_call
eth_feeHistory
eth_simulateV1
eth_sendRawTransaction
eth_getTransactionReceipt

    Transaction: 0x3a2574bfc360a6f87058d08306e07e65ef1f7da103039c29e3188633725cf138
    Gas used: 141886

    Block Number: 702
    Block Hash: 0x9ea1e8899d9bdbcd3f8aa15b753c42423d8f5e9d059642f1414a0f81005ff11b
    Block Time: "Sun, 4 Oct 2026 14:17:54 +0000"

eth_getBlockByNumber

    Block Number: 703
    Block Hash: 0x5b38fddb9c8f907918406d6e6eacb154d41c0da205b6a1711393a001bacdfd5d
    Block Time: "Sun, 4 Oct 2026 14:17:54 +0000"

eth_getBlockByNumber
eth_getBlockByNumber
eth_getLogs
eth_getLogs
eth_getTransactionByHash
eth_getTransactionReceipt
eth_blockNumber
eth_getTransactionReceipt
eth_getBlockByNumber
eth_getTransactionByHash
eth_getBlockByNumber
eth_blockNumber
eth_getTransactionReceipt
eth_getBlockByNumber
eth_getBlockByNumber

    Block Number: 704
    Block Hash: 0xf650ce301444520b78b48d79c5bfab1f7385474c11dbb8a5a0440a1844a08e13
    Block Time: "Sun, 4 Oct 2026 14:17:54 +0000"

eth_blockNumber
eth_getTransactionReceipt
eth_getBlockByNumber
eth_getBlockByNumber
eth_getLogs
eth_getBlockByNumber
eth_getBlockByNumber
eth_getBlockByNumber

    Block Number: 705
    Block Hash: 0xd5dfee03e573f0bcad61638d8bacdcccfd236bed3f646f6c4b3b7ac95e5bfc33
    Block Time: "Sun, 4 Oct 2026 14:17:54 +0000"

eth_getBlockByNumber
eth_getLogs
eth_getBlockByNumber
eth_getBlockByNumber
eth_getBlockByNumber
eth_getBlockByNumber

    Block Number: 706
    Block Hash: 0xcf4b23b5ba15b5add154f437418d5a53cd5d37a3034bb8e353f7e674fc477652
    Block Time: "Sun, 4 Oct 2026 14:17:54 +0000"

eth_getBlockByNumber
eth_getBlockByNumber
eth_getLogs
eth_getBlockByNumber
eth_getBlockByNumber
eth_feeHistory
eth_simulateV1
eth_sendRawTransaction

    Transaction: 0x8ca14a1b6fa20cbb2e09dec079c9a8f75b5c179b0c431382131ab5b7f5ac54f8
    Gas used: 96797

    Block Number: 707
    Block Hash: 0x45f816264429d3e40ed2f4f20939ebba084be7cb75eb548473659e547d792817
    Block Time: "Sun, 4 Oct 2026 14:17:55 +0000"

eth_getTransactionReceipt
eth_blockNumber
eth_getTransactionReceipt
eth_getBlockByNumber

    Block Number: 708
    Block Hash: 0x3e5aa9604546f657d523fc11024f85236816bb81091888257c2d6041cca10bcc
    Block Time: "Sun, 4 Oct 2026 14:17:55 +0000"

eth_getBlockByNumber
eth_getBlockByNumber
eth_getLogs
eth_getLogs
eth_blockNumber
eth_getTransactionReceipt
eth_getBlockByNumber
eth_getBlockByNumber
eth_blockNumber
eth_getTransactionReceipt
eth_getBlockByNumber
eth_getBlockByNumber
eth_blockNumber
eth_getTransactionReceipt

    Block Number: 709
    Block Hash: 0xe76969416b93df31b838ebc5547281c8d57f112cad8fdaf6443e78ddc3743a8d
    Block Time: "Sun, 4 Oct 2026 14:17:55 +0000"

eth_getBlockByNumber
eth_getBlockByNumber
eth_getLogs
eth_blockNumber
eth_getTransactionReceipt
eth_feeHistory
eth_simulateV1
eth_sendRawTransaction
eth_getTransactionReceipt

    Transaction: 0x5b187e0a216b7ca370b5e940ea7b42c8f550581b305ad749b553388739c92b9e
    Gas used: 171368

    Block Number: 710
    Block Hash: 0x250e9313023a77a7441ded947bb5092bff45f60e63f71f7921036d1ba10f0fb4
    Block Time: "Sun, 4 Oct 2026 14:17:55 +0000"

eth_getBlockByNumber
eth_getBlockByNumber
eth_getLogs
eth_getTransactionReceipt
eth_blockNumber
eth_getTransactionReceipt
eth_getBlockByNumber

    Block Number: 711
    Block Hash: 0xfaf3a3437e8997852612f699bfad8ed6d64d1af393ae6f0d7a9ce6f7f94d766b
    Block Time: "Sun, 4 Oct 2026 14:17:55 +0000"

eth_getBlockByNumber
eth_getLogs
eth_blockNumber
eth_getTransactionReceipt
eth_getBlockByNumber
eth_getBlockByNumber
eth_blockNumber
eth_getTransactionReceipt
eth_getBlockByNumber
eth_getBlockByNumber

    Block Number: 712
    Block Hash: 0x950d618b85271e7ff8f67c073c57c6a82bdab70623e2ed2ccb3528dbc27e6c54
    Block Time: "Sun, 4 Oct 2026 14:17:55 +0000"

eth_blockNumber
eth_getTransactionReceipt
eth_getBlockByNumber
eth_getBlockByNumber
eth_getLogs
eth_getBlockByNumber
eth_getBlockByNumber
eth_getBlockByNumber

    Block Number: 713
    Block Hash: 0x3e32b17f3dc923e56ef54c8db126d5d076282b85d1bf7b90682388c2fdd586f8
    Block Time: "Sun, 4 Oct 2026 14:17:56 +0000"

eth_getBlockByNumber
eth_getLogs
eth_getBlockByNumber
eth_getBlockByNumber
eth_getBlockByNumber
eth_getBlockByNumber

    Block Number: 714
    Block Hash: 0xc7b4d325415f16dcec6d2cfe23704d727cc93c3b02afca33e390cac8ed4e0c37
    Block Time: "Sun, 4 Oct 2026 14:17:56 +0000"

eth_getBlockByNumber
eth_getBlockByNumber
eth_getLogs
eth_getBlockByNumber
eth_getBlockByNumber
eth_getBlockByNumber

    Block Number: 715
    Block Hash: 0x6afd42d6e84e5973c8abc14c9479498bcf209ca9b2726663075396b519dff035
    Block Time: "Sun, 4 Oct 2026 14:17:56 +0000"

eth_getBlockByNumber
eth_getLogs
eth_getBlockByNumber
eth_getBlockByNumber
eth_getBlockByNumber
eth_getBlockByNumber

    Block Number: 716
    Block Hash: 0x114d2feffa87e01fcdfab54ffc4e2989e5ca82d5137d49ab0d450a6a237453d1
    Block Time: "Sun, 4 Oct 2026 14:17:56 +0000"

eth_getBlockByNumber
eth_getBlockByNumber
eth_getLogs
eth_getBlockByNumber
eth_getBlockByNumber
eth_call
eth_feeHistory
eth_simulateV1
eth_sendRawTransaction
eth_getTransactionReceipt

    Transaction: 0x02cfe0d1dee946f742ad79da9b85a1f4f474e721171ec92a86eb524ae2c78ed5
    Gas used: 141886

    Block Number: 717
    Block Hash: 0x212b1677f4547a74e9185a263e8b534a3c7d8ddfc31d38f79e6d19adb60b75b2
    Block Time: "Sun, 4 Oct 2026 14:17:57 +0000"

eth_getBlockByNumber

    Block Number: 718
    Block Hash: 0x0345a59008392b7c1cf549aade6fd39dc1ca35ac3cdcb391cbcbf07d879a21d0
    Block Time: "Sun, 4 Oct 2026 14:17:57 +0000"

eth_getBlockByNumber
eth_getBlockByNumber
eth_getLogs
eth_getLogs
eth_getTransactionByHash
eth_getTransactionReceipt
eth_blockNumber
eth_getTransactionReceipt
eth_getBlockByNumber
eth_getBlockByNumber
eth_blockNumber
eth_getTransactionReceipt
eth_getBlockByNumber
eth_getBlockByNumber

    Block Number: 719
    Block Hash: 0x0d3e28dec45c61e34df1501d539741b13a26205b09a594c6919ea3364b19e8b4
    Block Time: "Sun, 4 Oct 2026 14:17:57 +0000"

eth_blockNumber
eth_getTransactionReceipt
eth_getBlockByNumber
eth_getBlockByNumber
eth_getLogs
eth_getBlockByNumber
eth_getBlockByNumber
eth_getBlockByNumber

    Block Number: 720
    Block Hash: 0x1031200684e260073f6895a9affeff4e0248938c9ff54692845c3b158fa7699c
    Block Time: "Sun, 4 Oct 2026 14:17:57 +0000"

eth_getBlockByNumber
eth_getLogs
eth_getBlockByNumber
eth_getBlockByNumber
