campaign_id,session_id,profile_id,container_id,kind,run_id,round,round_attempt,order_in_round,seed,is_warmup,warmup_kind,backend,depth,leaf_index,started_at_utc,input_ms,witness_ms,prove_ms,verify_first_ms,verify_steady_ms,stage_sum_ms,wall_ms,zkey_bytes,zkey_sha256,proof_valid,root_matches,input_matches_committed,public_root,expected_root,heap_used_mb,rss_mb,image_id,manifest_sha256,status,error
V2-PRV-D2-01-run1,S20261005T152152Z,cpu8,b1fb00afc2ad,primary,V2-PRV-D2-01-run1/cpu8/primary0a1/in_process1,0,1,1,0,1,in_process,groth16,5,0,2026-10-05T15:32:36.942Z,0.537,30.274,541.222,13.189,10.484,585.222,585.277,1133343,41c7636150900ee72cf6323930dd506bd0fc015a94a20905cc61c856b4fe919a,1,1,1,20219445350743929204131453627914351950554712481604845279550177385716225267064,20219445350743929204131453627914351950554712481604845279550177385716225267064,13.868,212.219,sha256:9024dbc83b8168363c07d710dcc5e55d6831294a3e7970c28108e31b0b0bfcd7,9a7829fe2584259f1dd0dc45cf73c5ce904fce7e61e964fb7958826f156b43be,ok,
V2-PRV-D2-01-run1,S20261005T152152Z,cpu8,b1fb00afc2ad,primary,V2-PRV-D2-01-run1/cpu8/primary0a1/in_process2,0,1,2,0,1,in_process,plonk,5,0,2026-10-05T15:32:37.565Z,1.085,25.653,21744.31,15.721,11.277,21786.77,21786.834,50790568,8b7d89ef154d0704a4a5fb8df978ea728f0decad61374b1d3a80a026ad357fec,1,1,1,20219445350743929204131453627914351950554712481604845279550177385716225267064,20219445350743929204131453627914351950554712481604845279550177385716225267064,11.123,642.008,sha256:9024dbc83b8168363c07d710dcc5e55d6831294a3e7970c28108e31b0b0bfcd7,9a7829fe2584259f1dd0dc45cf73c5ce904fce7e61e964fb7958826f156b43be,ok,
V2-PRV-D2-01-run1,S20261005T152152Z,cpu8,b1fb00afc2ad,primary,V2-PRV-D2-01-run1/cpu8/primary0a1/round01,0,1,1,0,1,round0,plonk,14,0,2026-10-05T15:32:59.391Z,118.088,39.171,43019.088,12.86,11.262,43189.207,43189.281,101787276,61d7365d9163bc99ded1dfbd03499b9283c2947715292debbde41b3796b6b916,1,1,1,12572480465523292994716985171141939129262661173864601800410554422143429339219,12572480465523292994716985171141939129262661173864601800410554422143429339219,10.283,864.398,sha256:9024dbc83b8168363c07d710dcc5e55d6831294a3e7970c28108e31b0b0bfcd7,9a7829fe2584259f1dd0dc45cf73c5ce904fce7e61e964fb7958826f156b43be,ok,
V2-PRV-D2-01-run1,S20261005T152152Z,cpu8,b1fb00afc2ad,primary,V2-PRV-D2-01-run1/cpu8/primary0a1/round02,0,1,2,0,1,round0,plonk,10,0,2026-10-05T15:33:42.618Z,5.119,31.072,21699.105,17.015,10.961,21752.312,21752.36,51742588,bebeabf9a0c71095a0054d8bd4225201a55744b4b0560ef0825703d4931d0ced,1,1,1,15051918923212186249893826717407673651397890896320211215644860331911956986283,15051918923212186249893826717407673651397890896320211215644860331911956986283,10.483,868.473,sha256:9024dbc83b8168363c07d710dcc5e55d6831294a3e7970c28108e31b0b0bfcd7,9a7829fe2584259f1dd0dc45cf73c5ce904fce7e61e964fb7958826f156b43be,ok,
V2-PRV-D2-01-run1,S20261005T152152Z,cpu8,b1fb00afc2ad,primary,V2-PRV-D2-01-run1/cpu8/primary0a1/round03,0,1,3,0,1,round0,groth16,7,0,2026-10-05T15:34:04.408Z,1.028,29.198,171.315,11.343,9.628,212.884,212.935,1374247,c0f6d8c4ac9fa282780a2c229d7d086f87e26be62a3eefceb9f801e5076843aa,1,1,1,9026274488482297584789229036856073050395813352045422820229792111497560353893,9026274488482297584789229036856073050395813352045422820229792111497560353893,11.373,844.996,sha256:9024dbc83b8168363c07d710dcc5e55d6831294a3e7970c28108e31b0b0bfcd7,9a7829fe2584259f1dd0dc45cf73c5ce904fce7e61e964fb7958826f156b43be,ok,
V2-PRV-D2-01-run1,S20261005T152152Z,cpu8,b1fb00afc2ad,primary,V2-PRV-D2-01-run1/cpu8/primary0a1/round04,0,1,4,0,1,round0,groth16,10,0,2026-10-05T15:34:04.655Z,5.175,27.001,214.384,10.261,10.027,256.82,256.874,1866675,656d9ee8dd285db6410e0a4b4317201829a1347f7cc3ef6d8de625e8f99f432a,1,1,1,15051918923212186249893826717407673651397890896320211215644860331911956986283,15051918923212186249893826717407673651397890896320211215644860331911956986283,11.524,845.762,sha256:9024dbc83b8168363c07d710dcc5e55d6831294a3e7970c28108e31b0b0bfcd7,9a7829fe2584259f1dd0dc45cf73c5ce904fce7e61e964fb7958826f156b43be,ok,
V2-PRV-D2-01-run1,S20261005T152152Z,cpu8,b1fb00afc2ad,primary,V2-PRV-D2-01-run1/cpu8/primary0a1/round05,0,1,5,0,1,round0,plonk,9,0,2026-10-05T15:34:04.946Z,2.841,26.16,21555.373,13.432,11.21,21597.807,21597.852,51552184,9dc1fed4ae801e210c410e345557301925ad182187f5f64aedebb0ef6a13cf67,1,1,1,6984258666005320425026512790395532096094174015337867819103339755428425654885,6984258666005320425026512790395532096094174015337867819103339755428425654885,10.501,872.57,sha256:9024dbc83b8168363c07d710dcc5e55d6831294a3e7970c28108e31b0b0bfcd7,9a7829fe2584259f1dd0dc45cf73c5ce904fce7e61e964fb7958826f156b43be,ok,
V2-PRV-D2-01-run1,S20261005T152152Z,cpu8,b1fb00afc2ad,primary,V2-PRV-D2-01-run1/cpu8/primary0a1/round06,0,1,6,0,1,round0,groth16,8,0,2026-10-05T15:34:26.582Z,1.703,28.856,191.635,9.718,10.583,231.911,231.971,1625771,5ed3b83d5f5aad4ca7fa25c79bc0fa86d421d2202a7e7054079f14b9e1c2f4cd,1,1,1,11208238821759301031658742314369964146518915978230190408192556840886074910205,11208238821759301031658742314369964146518915978230190408192556840886074910205,10.769,848.648,sha256:9024dbc83b8168363c07d710dcc5e55d6831294a3e7970c28108e31b0b0bfcd7,9a7829fe2584259f1dd0dc45cf73c5ce904fce7e61e964fb7958826f156b43be,ok,
V2-PRV-D2-01-run1,S20261005T152152Z,cpu8,b1fb00afc2ad,primary,V2-PRV-D2-01-run1/cpu8/primary0a1/round07,0,1,7,0,1,round0,groth16,12,0,2026-10-05T15:34:26.848Z,34.162,31.991,240.585,9.537,10.005,316.275,316.33,2107579,3fdb01845d81a3cdbbba88fcf45b948195abf01ba68c30be8a5f3e3546d4e81e,1,1,1,20765103782140504056642351574627691742460497089285629062356351732411546548551,20765103782140504056642351574627691742460497089285629062356351732411546548551,10.891,848.336,sha256:9024dbc83b8168363c07d710dcc5e55d6831294a3e7970c28108e31b0b0bfcd7,9a7829fe2584259f1dd0dc45cf73c5ce904fce7e61e964fb7958826f156b43be,ok,
V2-PRV-D2-01-run1,S20261005T152152Z,cpu8,b1fb00afc2ad,primary,V2-PRV-D2-01-run1/cpu8/primary0a1/round08,0,1,8,0,1,round0,plonk,12,0,2026-10-05T15:34:27.199Z,34.505,31.527,42722.77,14.071,11.672,42802.873,42802.929,101406468,ac66b87842b1343c8548cf4e922c1ee3249b5519daa07857ea88621896f01c1d,1,1,1,20765103782140504056642351574627691742460497089285629062356351732411546548551,20765103782140504056642351574627691742460497089285629062356351732411546548551,10.38,885.102,sha256:9024dbc83b8168363c07d710dcc5e55d6831294a3e7970c28108e31b0b0bfcd7,9a7829fe2584259f1dd0dc45cf73c5ce904fce7e61e964fb7958826f156b43be,ok,
V2-PRV-D2-01-run1,S20261005T152152Z,cpu8,b1fb00afc2ad,primary,V2-PRV-D2-01-run1/cpu8/primary0a1/round09,0,1,9,0,1,round0,groth16,6,0,2026-10-05T15:35:10.042Z,0.821,27.867,162.744,10.79,9.638,202.223,202.27,1253795,ea2368c5701f4885dc1bd9120ebd0b3419c495066983d2c215030506b1968bd4,1,1,1,10532757130067282663983599398935360485967103778186217285995762441905303040250,10532757130067282663983599398935360485967103778186217285995762441905303040250,11.679,862.141,sha256:9024dbc83b8168363c07d710dcc5e55d6831294a3e7970c28108e31b0b0bfcd7,9a7829fe2584259f1dd0dc45cf73c5ce904fce7e61e964fb7958826f156b43be,ok,
V2-PRV-D2-01-run1,S20261005T152152Z,cpu8,b1fb00afc2ad,primary,V2-PRV-D2-01-run1/cpu8/primary0a1/round010,0,1,10,0,1,round0,plonk,15,0,2026-10-05T15:35:10.277Z,271.012,50.587,42702.023,14.38,11.213,43038.002,43038.078,101977680,590ecdca303cbdece71bd9566d50ed9ad6168b343d2955edb57da417b966d08b,1,1,1,5538221348906088419474490245423435983421913751881271203929586843786047312620,5538221348906088419474490245423435983421913751881271203929586843786047312620,10.401,888.309,sha256:9024dbc83b8168363c07d710dcc5e55d6831294a3e7970c28108e31b0b0bfcd7,9a7829fe2584259f1dd0dc45cf73c5ce904fce7e61e964fb7958826f156b43be,ok,
V2-PRV-D2-01-run1,S20261005T152152Z,cpu8,b1fb00afc2ad,primary,V2-PRV-D2-01-run1/cpu8/primary0a1/round011,0,1,11,0,1,round0,plonk,8,0,2026-10-05T15:35:53.354Z,1.948,31.801,21627.983,14.19,11.069,21675.922,21675.973,51361780,42dce5eab9336cf59161d106dd2c9da704b3a453c67dc5f6a284a94331eca87c,1,1,1,11208238821759301031658742314369964146518915978230190408192556840886074910205,11208238821759301031658742314369964146518915978230190408192556840886074910205,10.542,890.879,sha256:9024dbc83b8168363c07d710dcc5e55d6831294a3e7970c28108e31b0b0bfcd7,9a7829fe2584259f1dd0dc45cf73c5ce904fce7e61e964fb7958826f156b43be,ok,
V2-PRV-D2-01-run1,S20261005T152152Z,cpu8,b1fb00afc2ad,primary,V2-PRV-D2-01-run1/cpu8/primary0a1/round012,0,1,12,0,1,round0,plonk,11,0,2026-10-05T15:36:15.067Z,9.656,31.83,42315.29,15.828,11.149,42372.603,42372.652,101216064,55b85a8c273635d0f8f2cdda0e7ce81b35231792d5212b770681d612dbf1c56a,1,1,1,2331069663988172194036823937050772334301923846801859971199361438858855491288,2331069663988172194036823937050772334301923846801859971199361438858855491288,10.473,892.094,sha256:9024dbc83b8168363c07d710dcc5e55d6831294a3e7970c28108e31b0b0bfcd7,9a7829fe2584259f1dd0dc45cf73c5ce904fce7e61e964fb7958826f156b43be,ok,
V2-PRV-D2-01-run1,S20261005T152152Z,cpu8,b1fb00afc2ad,primary,V2-PRV-D2-01-run1/cpu8/primary0a1/round013,0,1,13,0,1,round0,groth16,15,0,2026-10-05T15:36:57.478Z,269.134,57.61,250.472,10.197,9.845,587.413,587.5,2468935,d6be53096894f276c29d0702fcead9cafd5a510db26c6b563aa91a72f3a7c974,1,1,1,5538221348906088419474490245423435983421913751881271203929586843786047312620,5538221348906088419474490245423435983421913751881271203929586843786047312620,10.285,866.898,sha256:9024dbc83b8168363c07d710dcc5e55d6831294a3e7970c28108e31b0b0bfcd7,9a7829fe2584259f1dd0dc45cf73c5ce904fce7e61e964fb7958826f156b43be,ok,
V2-PRV-D2-01-run1,S20261005T152152Z,cpu8,b1fb00afc2ad,primary,V2-PRV-D2-01-run1/cpu8/primary0a1/round014,0,1,14,0,1,round0,plonk,5,0,2026-10-05T15:36:58.099Z,0.639,23.883,21506.384,14.165,11.261,21545.07,21545.12,50790568,8b7d89ef154d0704a4a5fb8df978ea728f0decad61374b1d3a80a026ad357fec,1,1,1,20219445350743929204131453627914351950554712481604845279550177385716225267064,20219445350743929204131453627914351950554712481604845279550177385716225267064,10.61,893.785,sha256:9024dbc83b8168363c07d710dcc5e55d6831294a3e7970c28108e31b0b0bfcd7,9a7829fe2584259f1dd0dc45cf73c5ce904fce7e61e964fb7958826f156b43be,ok,
V2-PRV-D2-01-run1,S20261005T152152Z,cpu8,b1fb00afc2ad,primary,V2-PRV-D2-01-run1/cpu8/primary0a1/round015,0,1,15,0,1,round0,groth16,9,0,2026-10-05T15:37:19.682Z,2.998,29.866,201.856,9.602,10.329,244.322,244.368,1746223,b211630d00c7c2d0e5309876a16c72ad66909d7301385d4da830c4a8d71e391e,1,1,1,6984258666005320425026512790395532096094174015337867819103339755428425654885,6984258666005320425026512790395532096094174015337867819103339755428425654885,10.958,867.965,sha256:9024dbc83b8168363c07d710dcc5e55d6831294a3e7970c28108e31b0b0bfcd7,9a7829fe2584259f1dd0dc45cf73c5ce904fce7e61e964fb7958826f156b43be,ok,
V2-PRV-D2-01-run1,S20261005T152152Z,cpu8,b1fb00afc2ad,primary,V2-PRV-D2-01-run1/cpu8/primary0a1/round016,0,1,16,0,1,round0,groth16,5,0,2026-10-05T15:37:19.961Z,0.712,23.778,151.744,10.272,9.229,186.506,186.583,1133343,41c7636150900ee72cf6323930dd506bd0fc015a94a20905cc61c856b4fe919a,1,1,1,20219445350743929204131453627914351950554712481604845279550177385716225267064,20219445350743929204131453627914351950554712481604845279550177385716225267064,11.89,872.363,sha256:9024dbc83b8168363c07d710dcc5e55d6831294a3e7970c28108e31b0b0bfcd7,9a7829fe2584259f1dd0dc45cf73c5ce904fce7e61e964fb7958826f156b43be,ok,
V2-PRV-D2-01-run1,S20261005T152152Z,cpu8,b1fb00afc2ad,primary,V2-PRV-D2-01-run1/cpu8/primary0a1/round017,0,1,17,0,1,round0,plonk,7,0,2026-10-05T15:37:20.181Z,0.801,24.775,21472.496,16.2,11.248,21514.273,21514.321,51171376,e601552aba9f4692ef0f1d2d75ceade0e48da52ddad45690306a402c03eb810f,1,1,1,9026274488482297584789229036856073050395813352045422820229792111497560353893,9026274488482297584789229036856073050395813352045422820229792111497560353893,10.672,893.781,sha256:9024dbc83b8168363c07d710dcc5e55d6831294a3e7970c28108e31b0b0bfcd7,9a7829fe2584259f1dd0dc45cf73c5ce904fce7e61e964fb7958826f156b43be,ok,
V2-PRV-D2-01-run1,S20261005T152152Z,cpu8,b1fb00afc2ad,primary,V2-PRV-D2-01-run1/cpu8/primary0a1/round018,0,1,18,0,1,round0,groth16,13,0,2026-10-05T15:37:41.733Z,53.761,34.917,228.96,9.613,9.378,327.25,327.315,2228031,53cbdd1f02a65121d6c7044031c6cfa4c6ce66c0b9712dd28fe86ef4c6512c1b,1,1,1,13018560099362082186863424433928374003133451805803510125393454640522484396813,13018560099362082186863424433928374003133451805803510125393454640522484396813,14.218,896.078,sha256:9024dbc83b8168363c07d710dcc5e55d6831294a3e7970c28108e31b0b0bfcd7,9a7829fe2584259f1dd0dc45cf73c5ce904fce7e61e964fb7958826f156b43be,ok,
V2-PRV-D2-01-run1,S20261005T152152Z,cpu8,b1fb00afc2ad,primary,V2-PRV-D2-01-run1/cpu8/primary0a1/round019,0,1,19,0,1,round0,groth16,11,0,2026-10-05T15:37:42.093Z,10.653,33.297,226.41,9.749,10.567,280.108,280.154,1987127,1241508317856e8cb42cf71f43cafeb13e26a2553d595182aefca30b78a5b754,1,1,1,2331069663988172194036823937050772334301923846801859971199361438858855491288,2331069663988172194036823937050772334301923846801859971199361438858855491288,11.148,867.613,sha256:9024dbc83b8168363c07d710dcc5e55d6831294a3e7970c28108e31b0b0bfcd7,9a7829fe2584259f1dd0dc45cf73c5ce904fce7e61e964fb7958826f156b43be,ok,
V2-PRV-D2-01-run1,S20261005T152152Z,cpu8,b1fb00afc2ad,primary,V2-PRV-D2-01-run1/cpu8/primary0a1/round020,0,1,20,0,1,round0,groth16,14,0,2026-10-05T15:37:42.408Z,135.674,38.077,252.744,9.716,9.695,436.211,436.281,2348483,b0be38259edaa109196790233512dc26d29f0e31a9506021bad97c60834e4df2,1,1,1,12572480465523292994716985171141939129262661173864601800410554422143429339219,12572480465523292994716985171141939129262661173864601800410554422143429339219,12.132,867.902,sha256:9024dbc83b8168363c07d710dcc5e55d6831294a3e7970c28108e31b0b0bfcd7,9a7829fe2584259f1dd0dc45cf73c5ce904fce7e61e964fb7958826f156b43be,ok,
V2-PRV-D2-01-run1,S20261005T152152Z,cpu8,b1fb00afc2ad,primary,V2-PRV-D2-01-run1/cpu8/primary0a1/round021,0,1,21,0,1,round0,plonk,13,0,2026-10-05T15:37:42.878Z,74.549,36.37,42344.452,16.375,11.296,42471.746,42471.828,101596872,ecc4eb82a5958bf47b7b157e77ed7abc103fb2ebeec94211db85c4d20c7c607c,1,1,1,13018560099362082186863424433928374003133451805803510125393454640522484396813,13018560099362082186863424433928374003133451805803510125393454640522484396813,10.7,894.188,sha256:9024dbc83b8168363c07d710dcc5e55d6831294a3e7970c28108e31b0b0bfcd7,9a7829fe2584259f1dd0dc45cf73c5ce904fce7e61e964fb7958826f156b43be,ok,
V2-PRV-D2-01-run1,S20261005T152152Z,cpu8,b1fb00afc2ad,primary,V2-PRV-D2-01-run1/cpu8/primary0a1/round022,0,1,22,0,1,round0,plonk,6,0,2026-10-05T15:38:25.387Z,0.824,28.12,21502.142,16.573,11.176,21547.66,21547.709,50980972,75b0f7800ba9bbd996a5aba5e02258e755536462dae72897fb9805a733486612,1,1,1,10532757130067282663983599398935360485967103778186217285995762441905303040250,10532757130067282663983599398935360485967103778186217285995762441905303040250,10.749,893.41,sha256:9024dbc83b8168363c07d710dcc5e55d6831294a3e7970c28108e31b0b0bfcd7,9a7829fe2584259f1dd0dc45cf73c5ce904fce7e61e964fb7958826f156b43be,ok,
V2-PRV-D2-01-run1,S20261005T152152Z,cpu8,347e08952bd8,primary,V2-PRV-D2-01-run1/cpu8/primary1a1/in_process1,1,1,1,1,1,in_process,groth16,5,0,2026-10-05T15:59:24.251Z,0.736,30.695,547.974,13.172,10.575,592.577,592.636,1133343,41c7636150900ee72cf6323930dd506bd0fc015a94a20905cc61c856b4fe919a,1,1,1,20219445350743929204131453627914351950554712481604845279550177385716225267064,20219445350743929204131453627914351950554712481604845279550177385716225267064,15.591,239.137,sha256:9024dbc83b8168363c07d710dcc5e55d6831294a3e7970c28108e31b0b0bfcd7,9a7829fe2584259f1dd0dc45cf73c5ce904fce7e61e964fb7958826f156b43be,ok,
V2-PRV-D2-01-run1,S20261005T152152Z,cpu8,347e08952bd8,primary,V2-PRV-D2-01-run1/cpu8/primary1a1/in_process2,1,1,2,1,1,in_process,plonk,5,0,2026-10-05T15:59:24.882Z,1.785,26.705,21375.463,15.931,11.326,21419.884,21419.95,50790568,8b7d89ef154d0704a4a5fb8df978ea728f0decad61374b1d3a80a026ad357fec,1,1,1,20219445350743929204131453627914351950554712481604845279550177385716225267064,20219445350743929204131453627914351950554712481604845279550177385716225267064,12.155,643.723,sha256:9024dbc83b8168363c07d710dcc5e55d6831294a3e7970c28108e31b0b0bfcd7,9a7829fe2584259f1dd0dc45cf73c5ce904fce7e61e964fb7958826f156b43be,ok,
V2-PRV-D2-01-run1,S20261005T152152Z,cpu8,347e08952bd8,primary,V2-PRV-D2-01-run1/cpu8/primary1a1/m1,1,1,1,1,0,,groth16,7,0,2026-10-05T15:59:46.342Z,1.138,30.297,179.236,10.912,9.831,221.582,221.631,1374247,c0f6d8c4ac9fa282780a2c229d7d086f87e26be62a3eefceb9f801e5076843aa,1,1,1,9026274488482297584789229036856073050395813352045422820229792111497560353893,9026274488482297584789229036856073050395813352045422820229792111497560353893,12.836,625.152,sha256:9024dbc83b8168363c07d710dcc5e55d6831294a3e7970c28108e31b0b0bfcd7,9a7829fe2584259f1dd0dc45cf73c5ce904fce7e61e964fb7958826f156b43be,ok,
V2-PRV-D2-01-run1,S20261005T152152Z,cpu8,347e08952bd8,primary,V2-PRV-D2-01-run1/cpu8/primary1a1/m2,1,1,2,1,0,,groth16,8,0,2026-10-05T15:59:46.598Z,1.793,26.763,192.2,11.817,10.52,232.574,232.636,1625771,5ed3b83d5f5aad4ca7fa25c79bc0fa86d421d2202a7e7054079f14b9e1c2f4cd,1,1,1,11208238821759301031658742314369964146518915978230190408192556840886074910205,11208238821759301031658742314369964146518915978230190408192556840886074910205,11.452,626.566,sha256:9024dbc83b8168363c07d710dcc5e55d6831294a3e7970c28108e31b0b0bfcd7,9a7829fe2584259f1dd0dc45cf73c5ce904fce7e61e964fb7958826f156b43be,ok,
V2-PRV-D2-01-run1,S20261005T152152Z,cpu8,347e08952bd8,primary,V2-PRV-D2-01-run1/cpu8/primary1a1/m3,1,1,3,1,0,,plonk,14,0,2026-10-05T15:59:46.867Z,139.92,39.18,43167.259,15.94,11.238,43362.299,43362.371,101787276,61d7365d9163bc99ded1dfbd03499b9283c2947715292debbde41b3796b6b916,1,1,1,12572480465523292994716985171141939129262661173864601800410554422143429339219,12572480465523292994716985171141939129262661173864601800410554422143429339219,11.512,883.105,sha256:9024dbc83b8168363c07d710dcc5e55d6831294a3e7970c28108e31b0b0bfcd7,9a7829fe2584259f1dd0dc45cf73c5ce904fce7e61e964fb7958826f156b43be,ok,
V2-PRV-D2-01-run1,S20261005T152152Z,cpu8,347e08952bd8,primary,V2-PRV-D2-01-run1/cpu8/primary1a1/m4,1,1,4,1,0,,groth16,6,0,2026-10-05T16:00:30.268Z,0.815,27.413,152.403,10.663,9.854,191.294,191.342,1253795,ea2368c5701f4885dc1bd9120ebd0b3419c495066983d2c215030506b1968bd4,1,1,1,10532757130067282663983599398935360485967103778186217285995762441905303040250,10532757130067282663983599398935360485967103778186217285995762441905303040250,12.779,858.098,sha256:9024dbc83b8168363c07d710dcc5e55d6831294a3e7970c28108e31b0b0bfcd7,9a7829fe2584259f1dd0dc45cf73c5ce904fce7e61e964fb7958826f156b43be,ok,
V2-PRV-D2-01-run1,S20261005T152152Z,cpu8,347e08952bd8,primary,V2-PRV-D2-01-run1/cpu8/primary1a1/m5,1,1,5,1,0,,plonk,11,0,2026-10-05T16:00:30.493Z,12.39,27.687,43101.862,16.085,11.164,43158.025,43158.081,101216064,55b85a8c273635d0f8f2cdda0e7ce81b35231792d5212b770681d612dbf1c56a,1,1,1,2331069663988172194036823937050772334301923846801859971199361438858855491288,2331069663988172194036823937050772334301923846801859971199361438858855491288,11.626,891.078,sha256:9024dbc83b8168363c07d710dcc5e55d6831294a3e7970c28108e31b0b0bfcd7,9a7829fe2584259f1dd0dc45cf73c5ce904fce7e61e964fb7958826f156b43be,ok,
V2-PRV-D2-01-run1,S20261005T152152Z,cpu8,347e08952bd8,primary,V2-PRV-D2-01-run1/cpu8/primary1a1/m6,1,1,6,1,0,,plonk,7,0,2026-10-05T16:01:13.690Z,1.035,29.093,21797.193,14.487,11.294,21841.807,21841.862,51171376,e601552aba9f4692ef0f1d2d75ceade0e48da52ddad45690306a402c03eb810f,1,1,1,9026274488482297584789229036856073050395813352045422820229792111497560353893,9026274488482297584789229036856073050395813352045422820229792111497560353893,11.477,891.797,sha256:9024dbc83b8168363c07d710dcc5e55d6831294a3e7970c28108e31b0b0bfcd7,9a7829fe2584259f1dd0dc45cf73c5ce904fce7e61e964fb7958826f156b43be,ok,
V2-PRV-D2-01-run1,S20261005T152152Z,cpu8,347e08952bd8,primary,V2-PRV-D2-01-run1/cpu8/primary1a1/m7,1,1,7,1,0,,groth16,5,0,2026-10-05T16:01:35.571Z,0.717,27.474,144.448,9.734,10.329,182.373,182.423,1133343,41c7636150900ee72cf6323930dd506bd0fc015a94a20905cc61c856b4fe919a,1,1,1,20219445350743929204131453627914351950554712481604845279550177385716225267064,20219445350743929204131453627914351950554712481604845279550177385716225267064,12.012,867,sha256:9024dbc83b8168363c07d710dcc5e55d6831294a3e7970c28108e31b0b0bfcd7,9a7829fe2584259f1dd0dc45cf73c5ce904fce7e61e964fb7958826f156b43be,ok,
V2-PRV-D2-01-run1,S20261005T152152Z,cpu8,347e08952bd8,primary,V2-PRV-D2-01-run1/cpu8/primary1a1/m8,1,1,8,1,0,,plonk,15,0,2026-10-05T16:01:35.788Z,273.067,48.427,42881.178,14.432,11.286,43217.105,43217.189,101977680,590ecdca303cbdece71bd9566d50ed9ad6168b343d2955edb57da417b966d08b,1,1,1,5538221348906088419474490245423435983421913751881271203929586843786047312620,5538221348906088419474490245423435983421913751881271203929586843786047312620,11.517,894.582,sha256:9024dbc83b8168363c07d710dcc5e55d6831294a3e7970c28108e31b0b0bfcd7,9a7829fe2584259f1dd0dc45cf73c5ce904fce7e61e964fb7958826f156b43be,ok,
V2-PRV-D2-01-run1,S20261005T152152Z,cpu8,347e08952bd8,primary,V2-PRV-D2-01-run1/cpu8/primary1a1/m9,1,1,9,1,0,,plonk,5,0,2026-10-05T16:02:19.044Z,0.709,27.018,21756.179,13.621,11.192,21797.527,21797.58,50790568,8b7d89ef154d0704a4a5fb8df978ea728f0decad61374b1d3a80a026ad357fec,1,1,1,20219445350743929204131453627914351950554712481604845279550177385716225267064,20219445350743929204131453627914351950554712481604845279550177385716225267064,11.603,894.691,sha256:9024dbc83b8168363c07d710dcc5e55d6831294a3e7970c28108e31b0b0bfcd7,9a7829fe2584259f1dd0dc45cf73c5ce904fce7e61e964fb7958826f156b43be,ok,
V2-PRV-D2-01-run1,S20261005T152152Z,cpu8,347e08952bd8,primary,V2-PRV-D2-01-run1/cpu8/primary1a1/m10,1,1,10,1,0,,plonk,6,0,2026-10-05T16:02:40.881Z,0.806,27.768,21759.424,13.453,10.992,21801.45,21801.504,50980972,75b0f7800ba9bbd996a5aba5e02258e755536462dae72897fb9805a733486612,1,1,1,10532757130067282663983599398935360485967103778186217285995762441905303040250,10532757130067282663983599398935360485967103778186217285995762441905303040250,11.549,895.73,sha256:9024dbc83b8168363c07d710dcc5e55d6831294a3e7970c28108e31b0b0bfcd7,9a7829fe2584259f1dd0dc45cf73c5ce904fce7e61e964fb7958826f156b43be,ok,
V2-PRV-D2-01-run1,S20261005T152152Z,cpu8,347e08952bd8,primary,V2-PRV-D2-01-run1/cpu8/primary1a1/m11,1,1,11,1,0,,plonk,8,0,2026-10-05T16:03:02.721Z,1.894,28.907,21845.23,14.062,11.228,21890.093,21890.143,51361780,42dce5eab9336cf59161d106dd2c9da704b3a453c67dc5f6a284a94331eca87c,1,1,1,11208238821759301031658742314369964146518915978230190408192556840886074910205,11208238821759301031658742314369964146518915978230190408192556840886074910205,11.613,895.777,sha256:9024dbc83b8168363c07d710dcc5e55d6831294a3e7970c28108e31b0b0bfcd7,9a7829fe2584259f1dd0dc45cf73c5ce904fce7e61e964fb7958826f156b43be,ok,
V2-PRV-D2-01-run1,S20261005T152152Z,cpu8,347e08952bd8,primary,V2-PRV-D2-01-run1/cpu8/primary1a1/m12,1,1,12,1,0,,plonk,13,0,2026-10-05T16:03:24.650Z,54.019,39.323,41613.433,15.065,11.421,41721.839,41721.905,101596872,ecc4eb82a5958bf47b7b157e77ed7abc103fb2ebeec94211db85c4d20c7c607c,1,1,1,13018560099362082186863424433928374003133451805803510125393454640522484396813,13018560099362082186863424433928374003133451805803510125393454640522484396813,11.784,897.582,sha256:9024dbc83b8168363c07d710dcc5e55d6831294a3e7970c28108e31b0b0bfcd7,9a7829fe2584259f1dd0dc45cf73c5ce904fce7e61e964fb7958826f156b43be,ok,
V2-PRV-D2-01-run1,S20261005T152152Z,cpu8,347e08952bd8,primary,V2-PRV-D2-01-run1/cpu8/primary1a1/m13,1,1,13,1,0,,plonk,10,0,2026-10-05T16:04:06.411Z,5.203,30.268,21343.936,16.333,11.222,21395.741,21395.788,51742588,bebeabf9a0c71095a0054d8bd4225201a55744b4b0560ef0825703d4931d0ced,1,1,1,15051918923212186249893826717407673651397890896320211215644860331911956986283,15051918923212186249893826717407673651397890896320211215644860331911956986283,11.783,896.609,sha256:9024dbc83b8168363c07d710dcc5e55d6831294a3e7970c28108e31b0b0bfcd7,9a7829fe2584259f1dd0dc45cf73c5ce904fce7e61e964fb7958826f156b43be,ok,
V2-PRV-D2-01-run1,S20261005T152152Z,cpu8,347e08952bd8,primary,V2-PRV-D2-01-run1/cpu8/primary1a1/m14,1,1,14,1,0,,groth16,15,0,2026-10-05T16:04:27.846Z,275.071,60.634,251.797,9.897,10.222,597.398,597.47,2468935,d6be53096894f276c29d0702fcead9cafd5a510db26c6b563aa91a72f3a7c974,1,1,1,5538221348906088419474490245423435983421913751881271203929586843786047312620,5538221348906088419474490245423435983421913751881271203929586843786047312620,11.615,869.727,sha256:9024dbc83b8168363c07d710dcc5e55d6831294a3e7970c28108e31b0b0bfcd7,9a7829fe2584259f1dd0dc45cf73c5ce904fce7e61e964fb7958826f156b43be,ok,
V2-PRV-D2-01-run1,S20261005T152152Z,cpu8,347e08952bd8,primary,V2-PRV-D2-01-run1/cpu8/primary1a1/m15,1,1,15,1,0,,plonk,9,0,2026-10-05T16:04:28.478Z,2.924,27.023,21318.787,14,11.026,21362.734,21362.782,51552184,9dc1fed4ae801e210c410e345557301925ad182187f5f64aedebb0ef6a13cf67,1,1,1,6984258666005320425026512790395532096094174015337867819103339755428425654885,6984258666005320425026512790395532096094174015337867819103339755428425654885,11.689,897.324,sha256:9024dbc83b8168363c07d710dcc5e55d6831294a3e7970c28108e31b0b0bfcd7,9a7829fe2584259f1dd0dc45cf73c5ce904fce7e61e964fb7958826f156b43be,ok,
V2-PRV-D2-01-run1,S20261005T152152Z,cpu8,347e08952bd8,primary,V2-PRV-D2-01-run1/cpu8/primary1a1/m16,1,1,16,1,0,,groth16,14,0,2026-10-05T16:04:49.880Z,115.42,39.78,247.882,9.654,10.048,412.736,412.8,2348483,b0be38259edaa109196790233512dc26d29f0e31a9506021bad97c60834e4df2,1,1,1,12572480465523292994716985171141939129262661173864601800410554422143429339219,12572480465523292994716985171141939129262661173864601800410554422143429339219,11.377,871.477,sha256:9024dbc83b8168363c07d710dcc5e55d6831294a3e7970c28108e31b0b0bfcd7,9a7829fe2584259f1dd0dc45cf73c5ce904fce7e61e964fb7958826f156b43be,ok,
V2-PRV-D2-01-run1,S20261005T152152Z,cpu8,347e08952bd8,primary,V2-PRV-D2-01-run1/cpu8/primary1a1/m17,1,1,17,1,0,,groth16,12,0,2026-10-05T16:04:50.327Z,34.217,33.943,235.14,9.641,9.798,312.942,312.997,2107579,3fdb01845d81a3cdbbba88fcf45b948195abf01ba68c30be8a5f3e3546d4e81e,1,1,1,20765103782140504056642351574627691742460497089285629062356351732411546548551,20765103782140504056642351574627691742460497089285629062356351732411546548551,11.583,871.227,sha256:9024dbc83b8168363c07d710dcc5e55d6831294a3e7970c28108e31b0b0bfcd7,9a7829fe2584259f1dd0dc45cf73c5ce904fce7e61e964fb7958826f156b43be,ok,
V2-PRV-D2-01-run1,S20261005T152152Z,cpu8,347e08952bd8,primary,V2-PRV-D2-01-run1/cpu8/primary1a1/m18,1,1,18,1,0,,groth16,10,0,2026-10-05T16:04:50.675Z,5.07,28.046,213.137,10.153,10.421,256.406,256.451,1866675,656d9ee8dd285db6410e0a4b4317201829a1347f7cc3ef6d8de625e8f99f432a,1,1,1,15051918923212186249893826717407673651397890896320211215644860331911956986283,15051918923212186249893826717407673651397890896320211215644860331911956986283,12.132,874.109,sha256:9024dbc83b8168363c07d710dcc5e55d6831294a3e7970c28108e31b0b0bfcd7,9a7829fe2584259f1dd0dc45cf73c5ce904fce7e61e964fb7958826f156b43be,ok,
V2-PRV-D2-01-run1,S20261005T152152Z,cpu8,347e08952bd8,primary,V2-PRV-D2-01-run1/cpu8/primary1a1/m19,1,1,19,1,0,,groth16,13,0,2026-10-05T16:04:50.967Z,75.137,37.065,245.416,9.442,9.482,367.061,367.127,2228031,53cbdd1f02a65121d6c7044031c6cfa4c6ce66c0b9712dd28fe86ef4c6512c1b,1,1,1,13018560099362082186863424433928374003133451805803510125393454640522484396813,13018560099362082186863424433928374003133451805803510125393454640522484396813,23.68,906.242,sha256:9024dbc83b8168363c07d710dcc5e55d6831294a3e7970c28108e31b0b0bfcd7,9a7829fe2584259f1dd0dc45cf73c5ce904fce7e61e964fb7958826f156b43be,ok,
V2-PRV-D2-01-run1,S20261005T152152Z,cpu8,347e08952bd8,primary,V2-PRV-D2-01-run1/cpu8/primary1a1/m20,1,1,20,1,0,,plonk,12,0,2026-10-05T16:04:51.371Z,20.41,33.046,41896.659,12.622,11.17,41962.737,41962.793,101406468,ac66b87842b1343c8548cf4e922c1ee3249b5519daa07857ea88621896f01c1d,1,1,1,20765103782140504056642351574627691742460497089285629062356351732411546548551,20765103782140504056642351574627691742460497089285629062356351732411546548551,11.807,903.875,sha256:9024dbc83b8168363c07d710dcc5e55d6831294a3e7970c28108e31b0b0bfcd7,9a7829fe2584259f1dd0dc45cf73c5ce904fce7e61e964fb7958826f156b43be,ok,
V2-PRV-D2-01-run1,S20261005T152152Z,cpu8,347e08952bd8,primary,V2-PRV-D2-01-run1/cpu8/primary1a1/m21,1,1,21,1,0,,groth16,9,0,2026-10-05T16:05:33.372Z,2.874,30.176,191.731,9.628,9.548,234.409,234.455,1746223,b211630d00c7c2d0e5309876a16c72ad66909d7301385d4da830c4a8d71e391e,1,1,1,6984258666005320425026512790395532096094174015337867819103339755428425654885,6984258666005320425026512790395532096094174015337867819103339755428425654885,11.378,879.988,sha256:9024dbc83b8168363c07d710dcc5e55d6831294a3e7970c28108e31b0b0bfcd7,9a7829fe2584259f1dd0dc45cf73c5ce904fce7e61e964fb7958826f156b43be,ok,
V2-PRV-D2-01-run1,S20261005T152152Z,cpu8,347e08952bd8,primary,V2-PRV-D2-01-run1/cpu8/primary1a1/m22,1,1,22,1,0,,groth16,11,0,2026-10-05T16:05:33.640Z,12.224,27.938,219.357,10.008,10.313,269.526,269.575,1987127,1241508317856e8cb42cf71f43cafeb13e26a2553d595182aefca30b78a5b754,1,1,1,2331069663988172194036823937050772334301923846801859971199361438858855491288,2331069663988172194036823937050772334301923846801859971199361438858855491288,11.561,884.383,sha256:9024dbc83b8168363c07d710dcc5e55d6831294a3e7970c28108e31b0b0bfcd7,9a7829fe2584259f1dd0dc45cf73c5ce904fce7e61e964fb7958826f156b43be,ok,
V2-PRV-D2-01-run1,S20261005T152152Z,cpu8,71af88cadf2a,primary,V2-PRV-D2-01-run1/cpu8/primary2a1/in_process1,2,1,1,2,1,in_process,groth16,5,0,2026-10-05T16:26:50.698Z,0.737,32.14,544.822,13.107,11.238,590.806,590.866,1133343,41c7636150900ee72cf6323930dd506bd0fc015a94a20905cc61c856b4fe919a,1,1,1,20219445350743929204131453627914351950554712481604845279550177385716225267064,20219445350743929204131453627914351950554712481604845279550177385716225267064,16.055,286.566,sha256:9024dbc83b8168363c07d710dcc5e55d6831294a3e7970c28108e31b0b0bfcd7,9a7829fe2584259f1dd0dc45cf73c5ce904fce7e61e964fb7958826f156b43be,ok,
V2-PRV-D2-01-run1,S20261005T152152Z,cpu8,71af88cadf2a,primary,V2-PRV-D2-01-run1/cpu8/primary2a1/in_process2,2,1,2,2,1,in_process,plonk,5,0,2026-10-05T16:26:51.332Z,1.432,28.189,21401.434,13.515,11.141,21444.569,21444.632,50790568,8b7d89ef154d0704a4a5fb8df978ea728f0decad61374b1d3a80a026ad357fec,1,1,1,20219445350743929204131453627914351950554712481604845279550177385716225267064,20219445350743929204131453627914351950554712481604845279550177385716225267064,13.272,641.031,sha256:9024dbc83b8168363c07d710dcc5e55d6831294a3e7970c28108e31b0b0bfcd7,9a7829fe2584259f1dd0dc45cf73c5ce904fce7e61e964fb7958826f156b43be,ok,
V2-PRV-D2-01-run1,S20261005T152152Z,cpu8,71af88cadf2a,primary,V2-PRV-D2-01-run1/cpu8/primary2a1/m1,2,1,1,2,0,,groth16,8,0,2026-10-05T16:27:12.817Z,1.793,31.077,193.363,10.051,9.848,236.284,236.345,1625771,5ed3b83d5f5aad4ca7fa25c79bc0fa86d421d2202a7e7054079f14b9e1c2f4cd,1,1,1,11208238821759301031658742314369964146518915978230190408192556840886074910205,11208238821759301031658742314369964146518915978230190408192556840886074910205,12.471,621.461,sha256:9024dbc83b8168363c07d710dcc5e55d6831294a3e7970c28108e31b0b0bfcd7,9a7829fe2584259f1dd0dc45cf73c5ce904fce7e61e964fb7958826f156b43be,ok,
V2-PRV-D2-01-run1,S20261005T152152Z,cpu8,71af88cadf2a,primary,V2-PRV-D2-01-run1/cpu8/primary2a1/m2,2,1,2,2,0,,plonk,8,0,2026-10-05T16:27:13.089Z,1.464,27.407,21516.424,12.043,11.295,21557.337,21557.405,51361780,42dce5eab9336cf59161d106dd2c9da704b3a453c67dc5f6a284a94331eca87c,1,1,1,11208238821759301031658742314369964146518915978230190408192556840886074910205,11208238821759301031658742314369964146518915978230190408192556840886074910205,12.529,656.523,sha256:9024dbc83b8168363c07d710dcc5e55d6831294a3e7970c28108e31b0b0bfcd7,9a7829fe2584259f1dd0dc45cf73c5ce904fce7e61e964fb7958826f156b43be,ok,
V2-PRV-D2-01-run1,S20261005T152152Z,cpu8,71af88cadf2a,primary,V2-PRV-D2-01-run1/cpu8/primary2a1/m3,2,1,3,2,0,,plonk,5,0,2026-10-05T16:27:34.686Z,0.728,29.415,21406.662,16.508,11.308,21453.313,21453.367,50790568,8b7d89ef154d0704a4a5fb8df978ea728f0decad61374b1d3a80a026ad357fec,1,1,1,20219445350743929204131453627914351950554712481604845279550177385716225267064,20219445350743929204131453627914351950554712481604845279550177385716225267064,12.626,659.148,sha256:9024dbc83b8168363c07d710dcc5e55d6831294a3e7970c28108e31b0b0bfcd7,9a7829fe2584259f1dd0dc45cf73c5ce904fce7e61e964fb7958826f156b43be,ok,
V2-PRV-D2-01-run1,S20261005T152152Z,cpu8,71af88cadf2a,primary,V2-PRV-D2-01-run1/cpu8/primary2a1/m4,2,1,4,2,0,,plonk,14,0,2026-10-05T16:27:56.179Z,119.458,40.028,42698.165,14.428,11.371,42872.079,42872.157,101787276,61d7365d9163bc99ded1dfbd03499b9283c2947715292debbde41b3796b6b916,1,1,1,12572480465523292994716985171141939129262661173864601800410554422143429339219,12572480465523292994716985171141939129262661173864601800410554422143429339219,12.545,841.715,sha256:9024dbc83b8168363c07d710dcc5e55d6831294a3e7970c28108e31b0b0bfcd7,9a7829fe2584259f1dd0dc45cf73c5ce904fce7e61e964fb7958826f156b43be,ok,
V2-PRV-D2-01-run1,S20261005T152152Z,cpu8,71af88cadf2a,primary,V2-PRV-D2-01-run1/cpu8/primary2a1/m5,2,1,5,2,0,,groth16,5,0,2026-10-05T16:28:39.090Z,0.756,28.311,162.613,11.008,9.893,202.687,202.74,1133343,41c7636150900ee72cf6323930dd506bd0fc015a94a20905cc61c856b4fe919a,1,1,1,20219445350743929204131453627914351950554712481604845279550177385716225267064,20219445350743929204131453627914351950554712481604845279550177385716225267064,12.12,818.285,sha256:9024dbc83b8168363c07d710dcc5e55d6831294a3e7970c28108e31b0b0bfcd7,9a7829fe2584259f1dd0dc45cf73c5ce904fce7e61e964fb7958826f156b43be,ok,
V2-PRV-D2-01-run1,S20261005T152152Z,cpu8,71af88cadf2a,primary,V2-PRV-D2-01-run1/cpu8/primary2a1/m6,2,1,6,2,0,,groth16,10,0,2026-10-05T16:28:39.328Z,4.935,28.743,201.458,9.889,9.765,245.026,245.072,1866675,656d9ee8dd285db6410e0a4b4317201829a1347f7cc3ef6d8de625e8f99f432a,1,1,1,15051918923212186249893826717407673651397890896320211215644860331911956986283,15051918923212186249893826717407673651397890896320211215644860331911956986283,12.189,819.168,sha256:9024dbc83b8168363c07d710dcc5e55d6831294a3e7970c28108e31b0b0bfcd7,9a7829fe2584259f1dd0dc45cf73c5ce904fce7e61e964fb7958826f156b43be,ok,
V2-PRV-D2-01-run1,S20261005T152152Z,cpu8,71af88cadf2a,primary,V2-PRV-D2-01-run1/cpu8/primary2a1/m7,2,1,7,2,0,,plonk,12,0,2026-10-05T16:28:39.608Z,34.058,36.7,42132.325,14.545,11.253,42217.628,42217.697,101406468,ac66b87842b1343c8548cf4e922c1ee3249b5519daa07857ea88621896f01c1d,1,1,1,20765103782140504056642351574627691742460497089285629062356351732411546548551,20765103782140504056642351574627691742460497089285629062356351732411546548551,12.598,861.82,sha256:9024dbc83b8168363c07d710dcc5e55d6831294a3e7970c28108e31b0b0bfcd7,9a7829fe2584259f1dd0dc45cf73c5ce904fce7e61e964fb7958826f156b43be,ok,
V2-PRV-D2-01-run1,S20261005T152152Z,cpu8,71af88cadf2a,primary,V2-PRV-D2-01-run1/cpu8/primary2a1/m8,2,1,8,2,0,,plonk,6,0,2026-10-05T16:29:21.865Z,0.811,29.43,21381.149,12.605,11.289,21423.995,21424.045,50980972,75b0f7800ba9bbd996a5aba5e02258e755536462dae72897fb9805a733486612,1,1,1,10532757130067282663983599398935360485967103778186217285995762441905303040250,10532757130067282663983599398935360485967103778186217285995762441905303040250,12.655,862.746,sha256:9024dbc83b8168363c07d710dcc5e55d6831294a3e7970c28108e31b0b0bfcd7,9a7829fe2584259f1dd0dc45cf73c5ce904fce7e61e964fb7958826f156b43be,ok,
V2-PRV-D2-01-run1,S20261005T152152Z,cpu8,71af88cadf2a,primary,V2-PRV-D2-01-run1/cpu8/primary2a1/m9,2,1,9,2,0,,plonk,11,0,2026-10-05T16:29:43.330Z,9.737,31.212,42068.162,12.7,11.268,42121.811,42121.858,101216064,55b85a8c273635d0f8f2cdda0e7ce81b35231792d5212b770681d612dbf1c56a,1,1,1,2331069663988172194036823937050772334301923846801859971199361438858855491288,2331069663988172194036823937050772334301923846801859971199361438858855491288,12.792,863.855,sha256:9024dbc83b8168363c07d710dcc5e55d6831294a3e7970c28108e31b0b0bfcd7,9a7829fe2584259f1dd0dc45cf73c5ce904fce7e61e964fb7958826f156b43be,ok,
V2-PRV-D2-01-run1,S20261005T152152Z,cpu8,71af88cadf2a,primary,V2-PRV-D2-01-run1/cpu8/primary2a1/m10,2,1,10,2,0,,groth16,9,0,2026-10-05T16:30:25.491Z,2.886,30.084,203.282,9.718,10.292,245.971,246.043,1746223,b211630d00c7c2d0e5309876a16c72ad66909d7301385d4da830c4a8d71e391e,1,1,1,6984258666005320425026512790395532096094174015337867819103339755428425654885,6984258666005320425026512790395532096094174015337867819103339755428425654885,12.406,840.309,sha256:9024dbc83b8168363c07d710dcc5e55d6831294a3e7970c28108e31b0b0bfcd7,9a7829fe2584259f1dd0dc45cf73c5ce904fce7e61e964fb7958826f156b43be,ok,
V2-PRV-D2-01-run1,S20261005T152152Z,cpu8,71af88cadf2a,primary,V2-PRV-D2-01-run1/cpu8/primary2a1/m11,2,1,11,2,0,,groth16,11,0,2026-10-05T16:30:25.773Z,12.291,28.453,214.534,9.776,10.18,265.054,265.103,1987127,1241508317856e8cb42cf71f43cafeb13e26a2553d595182aefca30b78a5b754,1,1,1,2331069663988172194036823937050772334301923846801859971199361438858855491288,2331069663988172194036823937050772334301923846801859971199361438858855491288,12.287,839.891,sha256:9024dbc83b8168363c07d710dcc5e55d6831294a3e7970c28108e31b0b0bfcd7,9a7829fe2584259f1dd0dc45cf73c5ce904fce7e61e964fb7958826f156b43be,ok,
V2-PRV-D2-01-run1,S20261005T152152Z,cpu8,71af88cadf2a,primary,V2-PRV-D2-01-run1/cpu8/primary2a1/m12,2,1,12,2,0,,groth16,13,0,2026-10-05T16:30:26.073Z,75.839,37.628,238.457,9.904,10.621,361.829,361.895,2228031,53cbdd1f02a65121d6c7044031c6cfa4c6ce66c0b9712dd28fe86ef4c6512c1b,1,1,1,13018560099362082186863424433928374003133451805803510125393454640522484396813,13018560099362082186863424433928374003133451805803510125393454640522484396813,13.19,838.93,sha256:9024dbc83b8168363c07d710dcc5e55d6831294a3e7970c28108e31b0b0bfcd7,9a7829fe2584259f1dd0dc45cf73c5ce904fce7e61e964fb7958826f156b43be,ok,
V2-PRV-D2-01-run1,S20261005T152152Z,cpu8,71af88cadf2a,primary,V2-PRV-D2-01-run1/cpu8/primary2a1/m13,2,1,13,2,0,,groth16,15,0,2026-10-05T16:30:26.472Z,281.616,48.656,250.875,9.928,10.052,591.074,591.15,2468935,d6be53096894f276c29d0702fcead9cafd5a510db26c6b563aa91a72f3a7c974,1,1,1,5538221348906088419474490245423435983421913751881271203929586843786047312620,5538221348906088419474490245423435983421913751881271203929586843786047312620,13.651,840.305,sha256:9024dbc83b8168363c07d710dcc5e55d6831294a3e7970c28108e31b0b0bfcd7,9a7829fe2584259f1dd0dc45cf73c5ce904fce7e61e964fb7958826f156b43be,ok,
V2-PRV-D2-01-run1,S20261005T152152Z,cpu8,71af88cadf2a,primary,V2-PRV-D2-01-run1/cpu8/primary2a1/m14,2,1,14,2,0,,plonk,10,0,2026-10-05T16:30:27.098Z,5.425,27.863,21340.637,16.162,11.304,21390.087,21390.135,51742588,bebeabf9a0c71095a0054d8bd4225201a55744b4b0560ef0825703d4931d0ced,1,1,1,15051918923212186249893826717407673651397890896320211215644860331911956986283,15051918923212186249893826717407673651397890896320211215644860331911956986283,12.736,864.809,sha256:9024dbc83b8168363c07d710dcc5e55d6831294a3e7970c28108e31b0b0bfcd7,9a7829fe2584259f1dd0dc45cf73c5ce904fce7e61e964fb7958826f156b43be,ok,
V2-PRV-D2-01-run1,S20261005T152152Z,cpu8,71af88cadf2a,primary,V2-PRV-D2-01-run1/cpu8/primary2a1/m15,2,1,15,2,0,,groth16,6,0,2026-10-05T16:30:48.528Z,0.833,29.856,156.591,11.033,9.544,198.313,198.36,1253795,ea2368c5701f4885dc1bd9120ebd0b3419c495066983d2c215030506b1968bd4,1,1,1,10532757130067282663983599398935360485967103778186217285995762441905303040250,10532757130067282663983599398935360485967103778186217285995762441905303040250,14.22,841.148,sha256:9024dbc83b8168363c07d710dcc5e55d6831294a3e7970c28108e31b0b0bfcd7,9a7829fe2584259f1dd0dc45cf73c5ce904fce7e61e964fb7958826f156b43be,ok,
V2-PRV-D2-01-run1,S20261005T152152Z,cpu8,71af88cadf2a,primary,V2-PRV-D2-01-run1/cpu8/primary2a1/m16,2,1,16,2,0,,plonk,15,0,2026-10-05T16:30:48.761Z,274.311,49.411,42272.906,15.009,11.2,42611.637,42611.705,101977680,590ecdca303cbdece71bd9566d50ed9ad6168b343d2955edb57da417b966d08b,1,1,1,5538221348906088419474490245423435983421913751881271203929586843786047312620,5538221348906088419474490245423435983421913751881271203929586843786047312620,12.842,876.289,sha256:9024dbc83b8168363c07d710dcc5e55d6831294a3e7970c28108e31b0b0bfcd7,9a7829fe2584259f1dd0dc45cf73c5ce904fce7e61e964fb7958826f156b43be,ok,
V2-PRV-D2-01-run1,S20261005T152152Z,cpu8,71af88cadf2a,primary,V2-PRV-D2-01-run1/cpu8/primary2a1/m17,2,1,17,2,0,,groth16,12,0,2026-10-05T16:31:31.412Z,19.535,33.07,225.194,9.516,10.312,287.315,287.37,2107579,3fdb01845d81a3cdbbba88fcf45b948195abf01ba68c30be8a5f3e3546d4e81e,1,1,1,20765103782140504056642351574627691742460497089285629062356351732411546548551,20765103782140504056642351574627691742460497089285629062356351732411546548551,13.312,853.992,sha256:9024dbc83b8168363c07d710dcc5e55d6831294a3e7970c28108e31b0b0bfcd7,9a7829fe2584259f1dd0dc45cf73c5ce904fce7e61e964fb7958826f156b43be,ok,
V2-PRV-D2-01-run1,S20261005T152152Z,cpu8,71af88cadf2a,primary,V2-PRV-D2-01-run1/cpu8/primary2a1/m18,2,1,18,2,0,,plonk,9,0,2026-10-05T16:31:31.735Z,2.895,29.106,21356.661,13.5,11.252,21402.162,21402.208,51552184,9dc1fed4ae801e210c410e345557301925ad182187f5f64aedebb0ef6a13cf67,1,1,1,6984258666005320425026512790395532096094174015337867819103339755428425654885,6984258666005320425026512790395532096094174015337867819103339755428425654885,12.95,877.953,sha256:9024dbc83b8168363c07d710dcc5e55d6831294a3e7970c28108e31b0b0bfcd7,9a7829fe2584259f1dd0dc45cf73c5ce904fce7e61e964fb7958826f156b43be,ok,
V2-PRV-D2-01-run1,S20261005T152152Z,cpu8,71af88cadf2a,primary,V2-PRV-D2-01-run1/cpu8/primary2a1/m19,2,1,19,2,0,,plonk,13,0,2026-10-05T16:31:53.176Z,56.499,34.057,42475.57,15.814,11.235,42581.939,42582.006,101596872,ecc4eb82a5958bf47b7b157e77ed7abc103fb2ebeec94211db85c4d20c7c607c,1,1,1,13018560099362082186863424433928374003133451805803510125393454640522484396813,13018560099362082186863424433928374003133451805803510125393454640522484396813,12.854,883.645,sha256:9024dbc83b8168363c07d710dcc5e55d6831294a3e7970c28108e31b0b0bfcd7,9a7829fe2584259f1dd0dc45cf73c5ce904fce7e61e964fb7958826f156b43be,ok,
V2-PRV-D2-01-run1,S20261005T152152Z,cpu8,71af88cadf2a,primary,V2-PRV-D2-01-run1/cpu8/primary2a1/m20,2,1,20,2,0,,plonk,7,0,2026-10-05T16:32:35.798Z,1.015,29.221,21630.094,13.856,11.023,21674.186,21674.234,51171376,e601552aba9f4692ef0f1d2d75ceade0e48da52ddad45690306a402c03eb810f,1,1,1,9026274488482297584789229036856073050395813352045422820229792111497560353893,9026274488482297584789229036856073050395813352045422820229792111497560353893,12.995,881.676,sha256:9024dbc83b8168363c07d710dcc5e55d6831294a3e7970c28108e31b0b0bfcd7,9a7829fe2584259f1dd0dc45cf73c5ce904fce7e61e964fb7958826f156b43be,ok,
V2-PRV-D2-01-run1,S20261005T152152Z,cpu8,71af88cadf2a,primary,V2-PRV-D2-01-run1/cpu8/primary2a1/m21,2,1,21,2,0,,groth16,14,0,2026-10-05T16:32:57.511Z,112.998,39.629,256.775,9.576,10.396,418.978,419.039,2348483,b0be38259edaa109196790233512dc26d29f0e31a9506021bad97c60834e4df2,1,1,1,12572480465523292994716985171141939129262661173864601800410554422143429339219,12572480465523292994716985171141939129262661173864601800410554422143429339219,13.348,856.109,sha256:9024dbc83b8168363c07d710dcc5e55d6831294a3e7970c28108e31b0b0bfcd7,9a7829fe2584259f1dd0dc45cf73c5ce904fce7e61e964fb7958826f156b43be,ok,
V2-PRV-D2-01-run1,S20261005T152152Z,cpu8,71af88cadf2a,primary,V2-PRV-D2-01-run1/cpu8/primary2a1/m22,2,1,22,2,0,,groth16,7,0,2026-10-05T16:32:57.965Z,1.017,26.417,168.376,10.447,10.038,206.257,206.306,1374247,c0f6d8c4ac9fa282780a2c229d7d086f87e26be62a3eefceb9f801e5076843aa,1,1,1,9026274488482297584789229036856073050395813352045422820229792111497560353893,9026274488482297584789229036856073050395813352045422820229792111497560353893,12.57,860.418,sha256:9024dbc83b8168363c07d710dcc5e55d6831294a3e7970c28108e31b0b0bfcd7,9a7829fe2584259f1dd0dc45cf73c5ce904fce7e61e964fb7958826f156b43be,ok,
V2-PRV-D2-01-run1,S20261005T152152Z,cpu8,01454f70c5b2,primary,V2-PRV-D2-01-run1/cpu8/primary3a1/in_process1,3,1,1,3,1,in_process,groth16,5,0,2026-10-05T16:33:05.352Z,0.739,35.543,552.738,13.235,10.488,602.255,602.314,1133343,41c7636150900ee72cf6323930dd506bd0fc015a94a20905cc61c856b4fe919a,1,1,1,20219445350743929204131453627914351950554712481604845279550177385716225267064,20219445350743929204131453627914351950554712481604845279550177385716225267064,17.142,205.043,sha256:9024dbc83b8168363c07d710dcc5e55d6831294a3e7970c28108e31b0b0bfcd7,9a7829fe2584259f1dd0dc45cf73c5ce904fce7e61e964fb7958826f156b43be,ok,
V2-PRV-D2-01-run1,S20261005T152152Z,cpu8,01454f70c5b2,primary,V2-PRV-D2-01-run1/cpu8/primary3a1/in_process2,3,1,2,3,1,in_process,plonk,5,0,2026-10-05T16:33:05.992Z,1.362,27.286,21657.688,14.552,11.17,21700.888,21700.952,50790568,8b7d89ef154d0704a4a5fb8df978ea728f0decad61374b1d3a80a026ad357fec,1,1,1,20219445350743929204131453627914351950554712481604845279550177385716225267064,20219445350743929204131453627914351950554712481604845279550177385716225267064,13.552,653.863,sha256:9024dbc83b8168363c07d710dcc5e55d6831294a3e7970c28108e31b0b0bfcd7,9a7829fe2584259f1dd0dc45cf73c5ce904fce7e61e964fb7958826f156b43be,ok,
V2-PRV-D2-01-run1,S20261005T152152Z,cpu8,01454f70c5b2,primary,V2-PRV-D2-01-run1/cpu8/primary3a1/m1,3,1,1,3,0,,groth16,15,0,2026-10-05T16:33:27.734Z,286.179,59.487,261.764,10.216,10.654,617.647,617.724,2468935,d6be53096894f276c29d0702fcead9cafd5a510db26c6b563aa91a72f3a7c974,1,1,1,5538221348906088419474490245423435983421913751881271203929586843786047312620,5538221348906088419474490245423435983421913751881271203929586843786047312620,12.481,631.598,sha256:9024dbc83b8168363c07d710dcc5e55d6831294a3e7970c28108e31b0b0bfcd7,9a7829fe2584259f1dd0dc45cf73c5ce904fce7e61e964fb7958826f156b43be,ok,
V2-PRV-D2-01-run1,S20261005T152152Z,cpu8,01454f70c5b2,primary,V2-PRV-D2-01-run1/cpu8/primary3a1/m2,3,1,2,3,0,,groth16,14,0,2026-10-05T16:33:28.388Z,138.9,39.977,255.079,16.556,10.087,450.512,450.583,2348483,b0be38259edaa109196790233512dc26d29f0e31a9506021bad97c60834e4df2,1,1,1,12572480465523292994716985171141939129262661173864601800410554422143429339219,12572480465523292994716985171141939129262661173864601800410554422143429339219,13.366,662.242,sha256:9024dbc83b8168363c07d710dcc5e55d6831294a3e7970c28108e31b0b0bfcd7,9a7829fe2584259f1dd0dc45cf73c5ce904fce7e61e964fb7958826f156b43be,ok,
V2-PRV-D2-01-run1,S20261005T152152Z,cpu8,01454f70c5b2,primary,V2-PRV-D2-01-run1/cpu8/primary3a1/m3,3,1,3,3,0,,groth16,10,0,2026-10-05T16:33:28.874Z,5.123,28.886,209.078,10.621,10.371,253.708,253.755,1866675,656d9ee8dd285db6410e0a4b4317201829a1347f7cc3ef6d8de625e8f99f432a,1,1,1,15051918923212186249893826717407673651397890896320211215644860331911956986283,15051918923212186249893826717407673651397890896320211215644860331911956986283,13.417,662.207,sha256:9024dbc83b8168363c07d710dcc5e55d6831294a3e7970c28108e31b0b0bfcd7,9a7829fe2584259f1dd0dc45cf73c5ce904fce7e61e964fb7958826f156b43be,ok,
V2-PRV-D2-01-run1,S20261005T152152Z,cpu8,01454f70c5b2,primary,V2-PRV-D2-01-run1/cpu8/primary3a1/m4,3,1,4,3,0,,groth16,8,0,2026-10-05T16:33:29.164Z,1.437,26.631,197.335,10.711,10.358,236.114,236.162,1625771,5ed3b83d5f5aad4ca7fa25c79bc0fa86d421d2202a7e7054079f14b9e1c2f4cd,1,1,1,11208238821759301031658742314369964146518915978230190408192556840886074910205,11208238821759301031658742314369964146518915978230190408192556840886074910205,12.734,660.094,sha256:9024dbc83b8168363c07d710dcc5e55d6831294a3e7970c28108e31b0b0bfcd7,9a7829fe2584259f1dd0dc45cf73c5ce904fce7e61e964fb7958826f156b43be,ok,
V2-PRV-D2-01-run1,S20261005T152152Z,cpu8,01454f70c5b2,primary,V2-PRV-D2-01-run1/cpu8/primary3a1/m5,3,1,5,3,0,,plonk,9,0,2026-10-05T16:33:29.436Z,2.764,27.898,21911.434,14.275,11.225,21956.371,21956.42,51552184,9dc1fed4ae801e210c410e345557301925ad182187f5f64aedebb0ef6a13cf67,1,1,1,6984258666005320425026512790395532096094174015337867819103339755428425654885,6984258666005320425026512790395532096094174015337867819103339755428425654885,13.075,692.707,sha256:9024dbc83b8168363c07d710dcc5e55d6831294a3e7970c28108e31b0b0bfcd7,9a7829fe2584259f1dd0dc45cf73c5ce904fce7e61e964fb7958826f156b43be,ok,
V2-PRV-D2-01-run1,S20261005T152152Z,cpu8,01454f70c5b2,primary,V2-PRV-D2-01-run1/cpu8/primary3a1/m6,3,1,6,3,0,,plonk,13,0,2026-10-05T16:33:51.432Z,56.44,37.791,43245.891,13.403,11.223,43353.527,43353.599,101596872,ecc4eb82a5958bf47b7b157e77ed7abc103fb2ebeec94211db85c4d20c7c607c,1,1,1,13018560099362082186863424433928374003133451805803510125393454640522484396813,13018560099362082186863424433928374003133451805803510125393454640522484396813,12.94,885.813,sha256:9024dbc83b8168363c07d710dcc5e55d6831294a3e7970c28108e31b0b0bfcd7,9a7829fe2584259f1dd0dc45cf73c5ce904fce7e61e964fb7958826f156b43be,ok,
V2-PRV-D2-01-run1,S20261005T152152Z,cpu8,01454f70c5b2,primary,V2-PRV-D2-01-run1/cpu8/primary3a1/m7,3,1,7,3,0,,plonk,12,0,2026-10-05T16:34:34.826Z,20.978,34.939,43105.423,16.575,11.222,43177.915,43177.97,101406468,ac66b87842b1343c8548cf4e922c1ee3249b5519daa07857ea88621896f01c1d,1,1,1,20765103782140504056642351574627691742460497089285629062356351732411546548551,20765103782140504056642351574627691742460497089285629062356351732411546548551,12.877,901.664,sha256:9024dbc83b8168363c07d710dcc5e55d6831294a3e7970c28108e31b0b0bfcd7,9a7829fe2584259f1dd0dc45cf73c5ce904fce7e61e964fb7958826f156b43be,ok,
V2-PRV-D2-01-run1,S20261005T152152Z,cpu8,01454f70c5b2,primary,V2-PRV-D2-01-run1/cpu8/primary3a1/m8,3,1,8,3,0,,groth16,13,0,2026-10-05T16:35:18.043Z,54.208,37.736,235.395,9.611,9.47,336.949,337.031,2228031,53cbdd1f02a65121d6c7044031c6cfa4c6ce66c0b9712dd28fe86ef4c6512c1b,1,1,1,13018560099362082186863424433928374003133451805803510125393454640522484396813,13018560099362082186863424433928374003133451805803510125393454640522484396813,21.538,907.512,sha256:9024dbc83b8168363c07d710dcc5e55d6831294a3e7970c28108e31b0b0bfcd7,9a7829fe2584259f1dd0dc45cf73c5ce904fce7e61e964fb7958826f156b43be,ok,
V2-PRV-D2-01-run1,S20261005T152152Z,cpu8,01454f70c5b2,primary,V2-PRV-D2-01-run1/cpu8/primary3a1/m9,3,1,9,3,0,,groth16,7,0,2026-10-05T16:35:18.414Z,1.681,29.046,170.219,10.986,9.316,211.933,211.982,1374247,c0f6d8c4ac9fa282780a2c229d7d086f87e26be62a3eefceb9f801e5076843aa,1,1,1,9026274488482297584789229036856073050395813352045422820229792111497560353893,9026274488482297584789229036856073050395813352045422820229792111497560353893,14.246,878.098,sha256:9024dbc83b8168363c07d710dcc5e55d6831294a3e7970c28108e31b0b0bfcd7,9a7829fe2584259f1dd0dc45cf73c5ce904fce7e61e964fb7958826f156b43be,ok,
V2-PRV-D2-01-run1,S20261005T152152Z,cpu8,01454f70c5b2,primary,V2-PRV-D2-01-run1/cpu8/primary3a1/m10,3,1,10,3,0,,plonk,5,0,2026-10-05T16:35:18.660Z,0.844,25.035,21894.701,14.293,11.18,21934.874,21934.939,50790568,8b7d89ef154d0704a4a5fb8df978ea728f0decad61374b1d3a80a026ad357fec,1,1,1,20219445350743929204131453627914351950554712481604845279550177385716225267064,20219445350743929204131453627914351950554712481604845279550177385716225267064,12.991,904.945,sha256:9024dbc83b8168363c07d710dcc5e55d6831294a3e7970c28108e31b0b0bfcd7,9a7829fe2584259f1dd0dc45cf73c5ce904fce7e61e964fb7958826f156b43be,ok,
V2-PRV-D2-01-run1,S20261005T152152Z,cpu8,01454f70c5b2,primary,V2-PRV-D2-01-run1/cpu8/primary3a1/m11,3,1,11,3,0,,plonk,6,0,2026-10-05T16:35:40.634Z,0.819,29.434,21889.97,15.466,11.685,21935.688,21935.746,50980972,75b0f7800ba9bbd996a5aba5e02258e755536462dae72897fb9805a733486612,1,1,1,10532757130067282663983599398935360485967103778186217285995762441905303040250,10532757130067282663983599398935360485967103778186217285995762441905303040250,12.901,906.059,sha256:9024dbc83b8168363c07d710dcc5e55d6831294a3e7970c28108e31b0b0bfcd7,9a7829fe2584259f1dd0dc45cf73c5ce904fce7e61e964fb7958826f156b43be,ok,
V2-PRV-D2-01-run1,S20261005T152152Z,cpu8,01454f70c5b2,primary,V2-PRV-D2-01-run1/cpu8/primary3a1/m12,3,1,12,3,0,,groth16,5,0,2026-10-05T16:36:02.610Z,0.725,28.258,150.443,10.608,9.612,190.034,190.092,1133343,41c7636150900ee72cf6323930dd506bd0fc015a94a20905cc61c856b4fe919a,1,1,1,20219445350743929204131453627914351950554712481604845279550177385716225267064,20219445350743929204131453627914351950554712481604845279550177385716225267064,14.422,880.203,sha256:9024dbc83b8168363c07d710dcc5e55d6831294a3e7970c28108e31b0b0bfcd7,9a7829fe2584259f1dd0dc45cf73c5ce904fce7e61e964fb7958826f156b43be,ok,
V2-PRV-D2-01-run1,S20261005T152152Z,cpu8,01454f70c5b2,primary,V2-PRV-D2-01-run1/cpu8/primary3a1/m13,3,1,13,3,0,,plonk,7,0,2026-10-05T16:36:02.834Z,1.151,26.03,21749.234,14.015,11.123,21790.431,21790.48,51171376,e601552aba9f4692ef0f1d2d75ceade0e48da52ddad45690306a402c03eb810f,1,1,1,9026274488482297584789229036856073050395813352045422820229792111497560353893,9026274488482297584789229036856073050395813352045422820229792111497560353893,13.103,906.688,sha256:9024dbc83b8168363c07d710dcc5e55d6831294a3e7970c28108e31b0b0bfcd7,9a7829fe2584259f1dd0dc45cf73c5ce904fce7e61e964fb7958826f156b43be,ok,
V2-PRV-D2-01-run1,S20261005T152152Z,cpu8,01454f70c5b2,primary,V2-PRV-D2-01-run1/cpu8/primary3a1/m14,3,1,14,3,0,,groth16,6,0,2026-10-05T16:36:24.664Z,0.85,29.203,163.31,10.719,9.566,204.082,204.129,1253795,ea2368c5701f4885dc1bd9120ebd0b3419c495066983d2c215030506b1968bd4,1,1,1,10532757130067282663983599398935360485967103778186217285995762441905303040250,10532757130067282663983599398935360485967103778186217285995762441905303040250,13.833,881.785,sha256:9024dbc83b8168363c07d710dcc5e55d6831294a3e7970c28108e31b0b0bfcd7,9a7829fe2584259f1dd0dc45cf73c5ce904fce7e61e964fb7958826f156b43be,ok,
V2-PRV-D2-01-run1,S20261005T152152Z,cpu8,01454f70c5b2,primary,V2-PRV-D2-01-run1/cpu8/primary3a1/m15,3,1,15,3,0,,groth16,11,0,2026-10-05T16:36:24.902Z,12.498,28.584,219.647,9.658,9.622,270.387,270.436,1987127,1241508317856e8cb42cf71f43cafeb13e26a2553d595182aefca30b78a5b754,1,1,1,2331069663988172194036823937050772334301923846801859971199361438858855491288,2331069663988172194036823937050772334301923846801859971199361438858855491288,13.304,886.82,sha256:9024dbc83b8168363c07d710dcc5e55d6831294a3e7970c28108e31b0b0bfcd7,9a7829fe2584259f1dd0dc45cf73c5ce904fce7e61e964fb7958826f156b43be,ok,
V2-PRV-D2-01-run1,S20261005T152152Z,cpu8,01454f70c5b2,primary,V2-PRV-D2-01-run1/cpu8/primary3a1/m16,3,1,16,3,0,,plonk,10,0,2026-10-05T16:36:25.208Z,4.965,28.825,21739.876,15.675,11.147,21789.342,21789.389,51742588,bebeabf9a0c71095a0054d8bd4225201a55744b4b0560ef0825703d4931d0ced,1,1,1,15051918923212186249893826717407673651397890896320211215644860331911956986283,15051918923212186249893826717407673651397890896320211215644860331911956986283,13.03,904.348,sha256:9024dbc83b8168363c07d710dcc5e55d6831294a3e7970c28108e31b0b0bfcd7,9a7829fe2584259f1dd0dc45cf73c5ce904fce7e61e964fb7958826f156b43be,ok,
V2-PRV-D2-01-run1,S20261005T152152Z,cpu8,01454f70c5b2,primary,V2-PRV-D2-01-run1/cpu8/primary3a1/m17,3,1,17,3,0,,plonk,14,0,2026-10-05T16:36:47.037Z,115.699,41.238,43177.132,12.871,11.167,43346.94,43347.005,101787276,61d7365d9163bc99ded1dfbd03499b9283c2947715292debbde41b3796b6b916,1,1,1,12572480465523292994716985171141939129262661173864601800410554422143429339219,12572480465523292994716985171141939129262661173864601800410554422143429339219,13.809,910.504,sha256:9024dbc83b8168363c07d710dcc5e55d6831294a3e7970c28108e31b0b0bfcd7,9a7829fe2584259f1dd0dc45cf73c5ce904fce7e61e964fb7958826f156b43be,ok,
V2-PRV-D2-01-run1,S20261005T152152Z,cpu8,01454f70c5b2,primary,V2-PRV-D2-01-run1/cpu8/primary3a1/m18,3,1,18,3,0,,plonk,8,0,2026-10-05T16:37:30.424Z,2.036,31.155,21693.457,13.972,11.189,21740.62,21740.67,51361780,42dce5eab9336cf59161d106dd2c9da704b3a453c67dc5f6a284a94331eca87c,1,1,1,11208238821759301031658742314369964146518915978230190408192556840886074910205,11208238821759301031658742314369964146518915978230190408192556840886074910205,13.091,911.07,sha256:9024dbc83b8168363c07d710dcc5e55d6831294a3e7970c28108e31b0b0bfcd7,9a7829fe2584259f1dd0dc45cf73c5ce904fce7e61e964fb7958826f156b43be,ok,
V2-PRV-D2-01-run1,S20261005T152152Z,cpu8,01454f70c5b2,primary,V2-PRV-D2-01-run1/cpu8/primary3a1/m19,3,1,19,3,0,,groth16,12,0,2026-10-05T16:37:52.204Z,19.209,34.664,232.131,9.62,9.665,295.624,295.677,2107579,3fdb01845d81a3cdbbba88fcf45b948195abf01ba68c30be8a5f3e3546d4e81e,1,1,1,20765103782140504056642351574627691742460497089285629062356351732411546548551,20765103782140504056642351574627691742460497089285629062356351732411546548551,12.737,887.805,sha256:9024dbc83b8168363c07d710dcc5e55d6831294a3e7970c28108e31b0b0bfcd7,9a7829fe2584259f1dd0dc45cf73c5ce904fce7e61e964fb7958826f156b43be,ok,
V2-PRV-D2-01-run1,S20261005T152152Z,cpu8,01454f70c5b2,primary,V2-PRV-D2-01-run1/cpu8/primary3a1/m20,3,1,20,3,0,,groth16,9,0,2026-10-05T16:37:52.534Z,2.677,27.53,209.298,9.807,10.21,249.313,249.362,1746223,b211630d00c7c2d0e5309876a16c72ad66909d7301385d4da830c4a8d71e391e,1,1,1,6984258666005320425026512790395532096094174015337867819103339755428425654885,6984258666005320425026512790395532096094174015337867819103339755428425654885,13.967,886.348,sha256:9024dbc83b8168363c07d710dcc5e55d6831294a3e7970c28108e31b0b0bfcd7,9a7829fe2584259f1dd0dc45cf73c5ce904fce7e61e964fb7958826f156b43be,ok,
V2-PRV-D2-01-run1,S20261005T152152Z,cpu8,01454f70c5b2,primary,V2-PRV-D2-01-run1/cpu8/primary3a1/m21,3,1,21,3,0,,plonk,11,0,2026-10-05T16:37:52.818Z,13.88,28.731,42738.978,14.133,11.185,42795.722,42795.773,101216064,55b85a8c273635d0f8f2cdda0e7ce81b35231792d5212b770681d612dbf1c56a,1,1,1,2331069663988172194036823937050772334301923846801859971199361438858855491288,2331069663988172194036823937050772334301923846801859971199361438858855491288,13.167,921.039,sha256:9024dbc83b8168363c07d710dcc5e55d6831294a3e7970c28108e31b0b0bfcd7,9a7829fe2584259f1dd0dc45cf73c5ce904fce7e61e964fb7958826f156b43be,ok,
V2-PRV-D2-01-run1,S20261005T152152Z,cpu8,01454f70c5b2,primary,V2-PRV-D2-01-run1/cpu8/primary3a1/m22,3,1,22,3,0,,plonk,15,0,2026-10-05T16:38:35.654Z,275.171,61.233,42791.412,14.786,11.07,43142.602,43142.685,101977680,590ecdca303cbdece71bd9566d50ed9ad6168b343d2955edb57da417b966d08b,1,1,1,5538221348906088419474490245423435983421913751881271203929586843786047312620,5538221348906088419474490245423435983421913751881271203929586843786047312620,13.304,924.293,sha256:9024dbc83b8168363c07d710dcc5e55d6831294a3e7970c28108e31b0b0bfcd7,9a7829fe2584259f1dd0dc45cf73c5ce904fce7e61e964fb7958826f156b43be,ok,
V2-PRV-D2-01-run1,S20261005T152152Z,cpu8,6b681074bece,primary,V2-PRV-D2-01-run1/cpu8/primary4a1/in_process1,4,1,1,4,1,in_process,groth16,5,0,2026-10-05T17:07:17.922Z,0.859,35.935,536.974,12.13,10.39,585.897,585.957,1133343,41c7636150900ee72cf6323930dd506bd0fc015a94a20905cc61c856b4fe919a,1,1,1,20219445350743929204131453627914351950554712481604845279550177385716225267064,20219445350743929204131453627914351950554712481604845279550177385716225267064,17.946,203.723,sha256:9024dbc83b8168363c07d710dcc5e55d6831294a3e7970c28108e31b0b0bfcd7,9a7829fe2584259f1dd0dc45cf73c5ce904fce7e61e964fb7958826f156b43be,ok,
V2-PRV-D2-01-run1,S20261005T152152Z,cpu8,6b681074bece,primary,V2-PRV-D2-01-run1/cpu8/primary4a1/in_process2,4,1,2,4,1,in_process,plonk,5,0,2026-10-05T17:07:18.547Z,1.172,28.802,21379.602,14.042,11.446,21423.618,21423.681,50790568,8b7d89ef154d0704a4a5fb8df978ea728f0decad61374b1d3a80a026ad357fec,1,1,1,20219445350743929204131453627914351950554712481604845279550177385716225267064,20219445350743929204131453627914351950554712481604845279550177385716225267064,15.012,648.602,sha256:9024dbc83b8168363c07d710dcc5e55d6831294a3e7970c28108e31b0b0bfcd7,9a7829fe2584259f1dd0dc45cf73c5ce904fce7e61e964fb7958826f156b43be,ok,
V2-PRV-D2-01-run1,S20261005T152152Z,cpu8,6b681074bece,primary,V2-PRV-D2-01-run1/cpu8/primary4a1/m1,4,1,1,4,0,,plonk,13,0,2026-10-05T17:07:40.012Z,56.387,39.571,41896.533,15.099,11.249,42007.59,42007.654,101596872,ecc4eb82a5958bf47b7b157e77ed7abc103fb2ebeec94211db85c4d20c7c607c,1,1,1,13018560099362082186863424433928374003133451805803510125393454640522484396813,13018560099362082186863424433928374003133451805803510125393454640522484396813,14.392,863.887,sha256:9024dbc83b8168363c07d710dcc5e55d6831294a3e7970c28108e31b0b0bfcd7,9a7829fe2584259f1dd0dc45cf73c5ce904fce7e61e964fb7958826f156b43be,ok,
V2-PRV-D2-01-run1,S20261005T152152Z,cpu8,6b681074bece,primary,V2-PRV-D2-01-run1/cpu8/primary4a1/m2,4,1,2,4,0,,groth16,5,0,2026-10-05T17:08:22.060Z,0.706,30.218,147.838,10.85,11.358,189.613,189.664,1133343,41c7636150900ee72cf6323930dd506bd0fc015a94a20905cc61c856b4fe919a,1,1,1,20219445350743929204131453627914351950554712481604845279550177385716225267064,20219445350743929204131453627914351950554712481604845279550177385716225267064,15.645,842.402,sha256:9024dbc83b8168363c07d710dcc5e55d6831294a3e7970c28108e31b0b0bfcd7,9a7829fe2584259f1dd0dc45cf73c5ce904fce7e61e964fb7958826f156b43be,ok,
V2-PRV-D2-01-run1,S20261005T152152Z,cpu8,6b681074bece,primary,V2-PRV-D2-01-run1/cpu8/primary4a1/m3,4,1,3,4,0,,groth16,15,0,2026-10-05T17:08:22.291Z,279.582,54.785,242.003,10.282,10.067,586.652,586.731,2468935,d6be53096894f276c29d0702fcead9cafd5a510db26c6b563aa91a72f3a7c974,1,1,1,5538221348906088419474490245423435983421913751881271203929586843786047312620,5538221348906088419474490245423435983421913751881271203929586843786047312620,15.121,842.664,sha256:9024dbc83b8168363c07d710dcc5e55d6831294a3e7970c28108e31b0b0bfcd7,9a7829fe2584259f1dd0dc45cf73c5ce904fce7e61e964fb7958826f156b43be,ok,
V2-PRV-D2-01-run1,S20261005T152152Z,cpu8,6b681074bece,primary,V2-PRV-D2-01-run1/cpu8/primary4a1/m4,4,1,4,4,0,,groth16,7,0,2026-10-05T17:08:22.914Z,1.322,31.695,169.518,10.596,10.272,213.131,213.178,1374247,c0f6d8c4ac9fa282780a2c229d7d086f87e26be62a3eefceb9f801e5076843aa,1,1,1,9026274488482297584789229036856073050395813352045422820229792111497560353893,9026274488482297584789229036856073050395813352045422820229792111497560353893,14.203,841.41,sha256:9024dbc83b8168363c07d710dcc5e55d6831294a3e7970c28108e31b0b0bfcd7,9a7829fe2584259f1dd0dc45cf73c5ce904fce7e61e964fb7958826f156b43be,ok,
V2-PRV-D2-01-run1,S20261005T152152Z,cpu8,6b681074bece,primary,V2-PRV-D2-01-run1/cpu8/primary4a1/m5,4,1,5,4,0,,plonk,9,0,2026-10-05T17:08:23.164Z,2.85,30.822,21361.394,15.542,11.406,21410.607,21410.655,51552184,9dc1fed4ae801e210c410e345557301925ad182187f5f64aedebb0ef6a13cf67,1,1,1,6984258666005320425026512790395532096094174015337867819103339755428425654885,6984258666005320425026512790395532096094174015337867819103339755428425654885,14.347,873.738,sha256:9024dbc83b8168363c07d710dcc5e55d6831294a3e7970c28108e31b0b0bfcd7,9a7829fe2584259f1dd0dc45cf73c5ce904fce7e61e964fb7958826f156b43be,ok,
V2-PRV-D2-01-run1,S20261005T152152Z,cpu8,6b681074bece,primary,V2-PRV-D2-01-run1/cpu8/primary4a1/m6,4,1,6,4,0,,plonk,5,0,2026-10-05T17:08:44.615Z,0.707,28.676,21291.39,12.658,11.405,21333.431,21333.484,50790568,8b7d89ef154d0704a4a5fb8df978ea728f0decad61374b1d3a80a026ad357fec,1,1,1,20219445350743929204131453627914351950554712481604845279550177385716225267064,20219445350743929204131453627914351950554712481604845279550177385716225267064,14.254,872.621,sha256:9024dbc83b8168363c07d710dcc5e55d6831294a3e7970c28108e31b0b0bfcd7,9a7829fe2584259f1dd0dc45cf73c5ce904fce7e61e964fb7958826f156b43be,ok,
V2-PRV-D2-01-run1,S20261005T152152Z,cpu8,6b681074bece,primary,V2-PRV-D2-01-run1/cpu8/primary4a1/m7,4,1,7,4,0,,plonk,15,0,2026-10-05T17:09:05.989Z,276.159,60.93,42025.949,13.686,11.264,42376.724,42376.812,101977680,590ecdca303cbdece71bd9566d50ed9ad6168b343d2955edb57da417b966d08b,1,1,1,5538221348906088419474490245423435983421913751881271203929586843786047312620,5538221348906088419474490245423435983421913751881271203929586843786047312620,14.25,883.063,sha256:9024dbc83b8168363c07d710dcc5e55d6831294a3e7970c28108e31b0b0bfcd7,9a7829fe2584259f1dd0dc45cf73c5ce904fce7e61e964fb7958826f156b43be,ok,
V2-PRV-D2-01-run1,S20261005T152152Z,cpu8,6b681074bece,primary,V2-PRV-D2-01-run1/cpu8/primary4a1/m8,4,1,8,4,0,,plonk,7,0,2026-10-05T17:09:48.406Z,1.087,31.278,21248.472,15.493,11.789,21296.33,21296.385,51171376,e601552aba9f4692ef0f1d2d75ceade0e48da52ddad45690306a402c03eb810f,1,1,1,9026274488482297584789229036856073050395813352045422820229792111497560353893,9026274488482297584789229036856073050395813352045422820229792111497560353893,14.432,883.988,sha256:9024dbc83b8168363c07d710dcc5e55d6831294a3e7970c28108e31b0b0bfcd7,9a7829fe2584259f1dd0dc45cf73c5ce904fce7e61e964fb7958826f156b43be,ok,
V2-PRV-D2-01-run1,S20261005T152152Z,cpu8,6b681074bece,primary,V2-PRV-D2-01-run1/cpu8/primary4a1/m9,4,1,9,4,0,,plonk,8,0,2026-10-05T17:10:09.744Z,1.86,31.876,21272.627,14.499,11.273,21320.863,21320.914,51361780,42dce5eab9336cf59161d106dd2c9da704b3a453c67dc5f6a284a94331eca87c,1,1,1,11208238821759301031658742314369964146518915978230190408192556840886074910205,11208238821759301031658742314369964146518915978230190408192556840886074910205,14.297,884.531,sha256:9024dbc83b8168363c07d710dcc5e55d6831294a3e7970c28108e31b0b0bfcd7,9a7829fe2584259f1dd0dc45cf73c5ce904fce7e61e964fb7958826f156b43be,ok,
V2-PRV-D2-01-run1,S20261005T152152Z,cpu8,6b681074bece,primary,V2-PRV-D2-01-run1/cpu8/primary4a1/m10,4,1,10,4,0,,groth16,13,0,2026-10-05T17:10:31.105Z,56.381,37.328,239.513,9.667,9.479,342.89,342.96,2228031,53cbdd1f02a65121d6c7044031c6cfa4c6ce66c0b9712dd28fe86ef4c6512c1b,1,1,1,13018560099362082186863424433928374003133451805803510125393454640522484396813,13018560099362082186863424433928374003133451805803510125393454640522484396813,26.189,892.809,sha256:9024dbc83b8168363c07d710dcc5e55d6831294a3e7970c28108e31b0b0bfcd7,9a7829fe2584259f1dd0dc45cf73c5ce904fce7e61e964fb7958826f156b43be,ok,
V2-PRV-D2-01-run1,S20261005T152152Z,cpu8,6b681074bece,primary,V2-PRV-D2-01-run1/cpu8/primary4a1/m11,4,1,11,4,0,,groth16,9,0,2026-10-05T17:10:31.484Z,3.454,31.119,199.263,9.741,9.997,243.577,243.629,1746223,b211630d00c7c2d0e5309876a16c72ad66909d7301385d4da830c4a8d71e391e,1,1,1,6984258666005320425026512790395532096094174015337867819103339755428425654885,6984258666005320425026512790395532096094174015337867819103339755428425654885,15.612,858.82,sha256:9024dbc83b8168363c07d710dcc5e55d6831294a3e7970c28108e31b0b0bfcd7,9a7829fe2584259f1dd0dc45cf73c5ce904fce7e61e964fb7958826f156b43be,ok,
V2-PRV-D2-01-run1,S20261005T152152Z,cpu8,6b681074bece,primary,V2-PRV-D2-01-run1/cpu8/primary4a1/m12,4,1,12,4,0,,plonk,12,0,2026-10-05T17:10:31.763Z,34.086,41.534,42141.637,14.176,11.586,42231.433,42231.493,101406468,ac66b87842b1343c8548cf4e922c1ee3249b5519daa07857ea88621896f01c1d,1,1,1,20765103782140504056642351574627691742460497089285629062356351732411546548551,20765103782140504056642351574627691742460497089285629062356351732411546548551,14.38,891.098,sha256:9024dbc83b8168363c07d710dcc5e55d6831294a3e7970c28108e31b0b0bfcd7,9a7829fe2584259f1dd0dc45cf73c5ce904fce7e61e964fb7958826f156b43be,ok,
V2-PRV-D2-01-run1,S20261005T152152Z,cpu8,6b681074bece,primary,V2-PRV-D2-01-run1/cpu8/primary4a1/m13,4,1,13,4,0,,plonk,6,0,2026-10-05T17:11:14.035Z,0.809,31.141,21270.669,14.728,11.334,21317.347,21317.396,50980972,75b0f7800ba9bbd996a5aba5e02258e755536462dae72897fb9805a733486612,1,1,1,10532757130067282663983599398935360485967103778186217285995762441905303040250,10532757130067282663983599398935360485967103778186217285995762441905303040250,14.474,891.422,sha256:9024dbc83b8168363c07d710dcc5e55d6831294a3e7970c28108e31b0b0bfcd7,9a7829fe2584259f1dd0dc45cf73c5ce904fce7e61e964fb7958826f156b43be,ok,
V2-PRV-D2-01-run1,S20261005T152152Z,cpu8,6b681074bece,primary,V2-PRV-D2-01-run1/cpu8/primary4a1/m14,4,1,14,4,0,,groth16,8,0,2026-10-05T17:11:35.393Z,1.745,31.636,195.76,9.632,10.519,238.774,238.824,1625771,5ed3b83d5f5aad4ca7fa25c79bc0fa86d421d2202a7e7054079f14b9e1c2f4cd,1,1,1,11208238821759301031658742314369964146518915978230190408192556840886074910205,11208238821759301031658742314369964146518915978230190408192556840886074910205,15.021,866.418,sha256:9024dbc83b8168363c07d710dcc5e55d6831294a3e7970c28108e31b0b0bfcd7,9a7829fe2584259f1dd0dc45cf73c5ce904fce7e61e964fb7958826f156b43be,ok,
V2-PRV-D2-01-run1,S20261005T152152Z,cpu8,6b681074bece,primary,V2-PRV-D2-01-run1/cpu8/primary4a1/m15,4,1,15,4,0,,groth16,6,0,2026-10-05T17:11:35.668Z,0.801,28.306,152.923,10.419,10.115,192.449,192.498,1253795,ea2368c5701f4885dc1bd9120ebd0b3419c495066983d2c215030506b1968bd4,1,1,1,10532757130067282663983599398935360485967103778186217285995762441905303040250,10532757130067282663983599398935360485967103778186217285995762441905303040250,14.311,865.969,sha256:9024dbc83b8168363c07d710dcc5e55d6831294a3e7970c28108e31b0b0bfcd7,9a7829fe2584259f1dd0dc45cf73c5ce904fce7e61e964fb7958826f156b43be,ok,
V2-PRV-D2-01-run1,S20261005T152152Z,cpu8,6b681074bece,primary,V2-PRV-D2-01-run1/cpu8/primary4a1/m16,4,1,16,4,0,,groth16,11,0,2026-10-05T17:11:35.897Z,13.001,29.796,224.46,9.642,9.807,276.9,276.954,1987127,1241508317856e8cb42cf71f43cafeb13e26a2553d595182aefca30b78a5b754,1,1,1,2331069663988172194036823937050772334301923846801859971199361438858855491288,2331069663988172194036823937050772334301923846801859971199361438858855491288,14.319,872.773,sha256:9024dbc83b8168363c07d710dcc5e55d6831294a3e7970c28108e31b0b0bfcd7,9a7829fe2584259f1dd0dc45cf73c5ce904fce7e61e964fb7958826f156b43be,ok,
V2-PRV-D2-01-run1,S20261005T152152Z,cpu8,6b681074bece,primary,V2-PRV-D2-01-run1/cpu8/primary4a1/m17,4,1,17,4,0,,groth16,14,0,2026-10-05T17:11:36.210Z,147.102,40.782,245.381,9.617,9.655,442.882,442.951,2348483,b0be38259edaa109196790233512dc26d29f0e31a9506021bad97c60834e4df2,1,1,1,12572480465523292994716985171141939129262661173864601800410554422143429339219,12572480465523292994716985171141939129262661173864601800410554422143429339219,14.892,893.332,sha256:9024dbc83b8168363c07d710dcc5e55d6831294a3e7970c28108e31b0b0bfcd7,9a7829fe2584259f1dd0dc45cf73c5ce904fce7e61e964fb7958826f156b43be,ok,
V2-PRV-D2-01-run1,S20261005T152152Z,cpu8,6b681074bece,primary,V2-PRV-D2-01-run1/cpu8/primary4a1/m18,4,1,18,4,0,,plonk,11,0,2026-10-05T17:11:36.689Z,12.554,31.053,42012.729,14.089,11.292,42070.426,42070.474,101216064,55b85a8c273635d0f8f2cdda0e7ce81b35231792d5212b770681d612dbf1c56a,1,1,1,2331069663988172194036823937050772334301923846801859971199361438858855491288,2331069663988172194036823937050772334301923846801859971199361438858855491288,14.614,926.738,sha256:9024dbc83b8168363c07d710dcc5e55d6831294a3e7970c28108e31b0b0bfcd7,9a7829fe2584259f1dd0dc45cf73c5ce904fce7e61e964fb7958826f156b43be,ok,
V2-PRV-D2-01-run1,S20261005T152152Z,cpu8,6b681074bece,primary,V2-PRV-D2-01-run1/cpu8/primary4a1/m19,4,1,19,4,0,,plonk,14,0,2026-10-05T17:12:18.800Z,109.959,41.046,42128.76,14.127,11.311,42293.893,42293.955,101787276,61d7365d9163bc99ded1dfbd03499b9283c2947715292debbde41b3796b6b916,1,1,1,12572480465523292994716985171141939129262661173864601800410554422143429339219,12572480465523292994716985171141939129262661173864601800410554422143429339219,14.529,932.625,sha256:9024dbc83b8168363c07d710dcc5e55d6831294a3e7970c28108e31b0b0bfcd7,9a7829fe2584259f1dd0dc45cf73c5ce904fce7e61e964fb7958826f156b43be,ok,
V2-PRV-D2-01-run1,S20261005T152152Z,cpu8,6b681074bece,primary,V2-PRV-D2-01-run1/cpu8/primary4a1/m20,4,1,20,4,0,,plonk,10,0,2026-10-05T17:13:01.134Z,5.27,32.266,21277.823,13.691,11.217,21329.05,21329.102,51742588,bebeabf9a0c71095a0054d8bd4225201a55744b4b0560ef0825703d4931d0ced,1,1,1,15051918923212186249893826717407673651397890896320211215644860331911956986283,15051918923212186249893826717407673651397890896320211215644860331911956986283,14.676,933.223,sha256:9024dbc83b8168363c07d710dcc5e55d6831294a3e7970c28108e31b0b0bfcd7,9a7829fe2584259f1dd0dc45cf73c5ce904fce7e61e964fb7958826f156b43be,ok,
V2-PRV-D2-01-run1,S20261005T152152Z,cpu8,6b681074bece,primary,V2-PRV-D2-01-run1/cpu8/primary4a1/m21,4,1,21,4,0,,groth16,10,0,2026-10-05T17:13:22.503Z,5.021,32.241,206.752,9.756,9.569,253.77,253.815,1866675,656d9ee8dd285db6410e0a4b4317201829a1347f7cc3ef6d8de625e8f99f432a,1,1,1,15051918923212186249893826717407673651397890896320211215644860331911956986283,15051918923212186249893826717407673651397890896320211215644860331911956986283,14.673,907.621,sha256:9024dbc83b8168363c07d710dcc5e55d6831294a3e7970c28108e31b0b0bfcd7,9a7829fe2584259f1dd0dc45cf73c5ce904fce7e61e964fb7958826f156b43be,ok,
V2-PRV-D2-01-run1,S20261005T152152Z,cpu8,6b681074bece,primary,V2-PRV-D2-01-run1/cpu8/primary4a1/m22,4,1,22,4,0,,groth16,12,0,2026-10-05T17:13:22.792Z,34.311,37.521,236.735,10.898,9.394,319.465,319.528,2107579,3fdb01845d81a3cdbbba88fcf45b948195abf01ba68c30be8a5f3e3546d4e81e,1,1,1,20765103782140504056642351574627691742460497089285629062356351732411546548551,20765103782140504056642351574627691742460497089285629062356351732411546548551,17.637,926.617,sha256:9024dbc83b8168363c07d710dcc5e55d6831294a3e7970c28108e31b0b0bfcd7,9a7829fe2584259f1dd0dc45cf73c5ce904fce7e61e964fb7958826f156b43be,ok,
V2-PRV-D2-01-run1,S20261005T152152Z,cpu8,061326f4b9e4,primary,V2-PRV-D2-01-run1/cpu8/primary5a1/in_process1,5,1,1,5,1,in_process,groth16,5,0,2026-10-05T17:13:30.438Z,0.739,35.242,538.205,11.978,10.418,586.164,586.233,1133343,41c7636150900ee72cf6323930dd506bd0fc015a94a20905cc61c856b4fe919a,1,1,1,20219445350743929204131453627914351950554712481604845279550177385716225267064,20219445350743929204131453627914351950554712481604845279550177385716225267064,19.192,215.395,sha256:9024dbc83b8168363c07d710dcc5e55d6831294a3e7970c28108e31b0b0bfcd7,9a7829fe2584259f1dd0dc45cf73c5ce904fce7e61e964fb7958826f156b43be,ok,
V2-PRV-D2-01-run1,S20261005T152152Z,cpu8,061326f4b9e4,primary,V2-PRV-D2-01-run1/cpu8/primary5a1/in_process2,5,1,2,5,1,in_process,plonk,5,0,2026-10-05T17:13:31.066Z,0.454,28.273,21640.758,14.729,11.233,21684.213,21684.272,50790568,8b7d89ef154d0704a4a5fb8df978ea728f0decad61374b1d3a80a026ad357fec,1,1,1,20219445350743929204131453627914351950554712481604845279550177385716225267064,20219445350743929204131453627914351950554712481604845279550177385716225267064,15.12,647.434,sha256:9024dbc83b8168363c07d710dcc5e55d6831294a3e7970c28108e31b0b0bfcd7,9a7829fe2584259f1dd0dc45cf73c5ce904fce7e61e964fb7958826f156b43be,ok,
V2-PRV-D2-01-run1,S20261005T152152Z,cpu8,061326f4b9e4,primary,V2-PRV-D2-01-run1/cpu8/primary5a1/m1,5,1,1,5,0,,plonk,8,0,2026-10-05T17:13:52.792Z,1.962,32.486,21597.513,13.831,11.96,21645.791,21645.846,51361780,42dce5eab9336cf59161d106dd2c9da704b3a453c67dc5f6a284a94331eca87c,1,1,1,11208238821759301031658742314369964146518915978230190408192556840886074910205,11208238821759301031658742314369964146518915978230190408192556840886074910205,14.538,655.164,sha256:9024dbc83b8168363c07d710dcc5e55d6831294a3e7970c28108e31b0b0bfcd7,9a7829fe2584259f1dd0dc45cf73c5ce904fce7e61e964fb7958826f156b43be,ok,
V2-PRV-D2-01-run1,S20261005T152152Z,cpu8,061326f4b9e4,primary,V2-PRV-D2-01-run1/cpu8/primary5a1/m2,5,1,2,5,0,,groth16,7,0,2026-10-05T17:14:14.480Z,1.014,30.705,163.429,11.435,11.128,206.583,206.632,1374247,c0f6d8c4ac9fa282780a2c229d7d086f87e26be62a3eefceb9f801e5076843aa,1,1,1,9026274488482297584789229036856073050395813352045422820229792111497560353893,9026274488482297584789229036856073050395813352045422820229792111497560353893,15.549,636.895,sha256:9024dbc83b8168363c07d710dcc5e55d6831294a3e7970c28108e31b0b0bfcd7,9a7829fe2584259f1dd0dc45cf73c5ce904fce7e61e964fb7958826f156b43be,ok,
V2-PRV-D2-01-run1,S20261005T152152Z,cpu8,061326f4b9e4,primary,V2-PRV-D2-01-run1/cpu8/primary5a1/m3,5,1,3,5,0,,plonk,15,0,2026-10-05T17:14:14.726Z,278.979,51.079,42803.416,13.779,11.278,43147.253,43147.327,101977680,590ecdca303cbdece71bd9566d50ed9ad6168b343d2955edb57da417b966d08b,1,1,1,5538221348906088419474490245423435983421913751881271203929586843786047312620,5538221348906088419474490245423435983421913751881271203929586843786047312620,14.47,878.168,sha256:9024dbc83b8168363c07d710dcc5e55d6831294a3e7970c28108e31b0b0bfcd7,9a7829fe2584259f1dd0dc45cf73c5ce904fce7e61e964fb7958826f156b43be,ok,
V2-PRV-D2-01-run1,S20261005T152152Z,cpu8,061326f4b9e4,primary,V2-PRV-D2-01-run1/cpu8/primary5a1/m4,5,1,4,5,0,,groth16,8,0,2026-10-05T17:14:57.915Z,1.913,32.568,187.412,10.49,10.303,232.384,232.434,1625771,5ed3b83d5f5aad4ca7fa25c79bc0fa86d421d2202a7e7054079f14b9e1c2f4cd,1,1,1,11208238821759301031658742314369964146518915978230190408192556840886074910205,11208238821759301031658742314369964146518915978230190408192556840886074910205,15.649,854.695,sha256:9024dbc83b8168363c07d710dcc5e55d6831294a3e7970c28108e31b0b0bfcd7,9a7829fe2584259f1dd0dc45cf73c5ce904fce7e61e964fb7958826f156b43be,ok,
V2-PRV-D2-01-run1,S20261005T152152Z,cpu8,061326f4b9e4,primary,V2-PRV-D2-01-run1/cpu8/primary5a1/m5,5,1,5,5,0,,plonk,10,0,2026-10-05T17:14:58.184Z,5.29,29.051,21585.294,13.745,11.588,21633.38,21633.433,51742588,bebeabf9a0c71095a0054d8bd4225201a55744b4b0560ef0825703d4931d0ced,1,1,1,15051918923212186249893826717407673651397890896320211215644860331911956986283,15051918923212186249893826717407673651397890896320211215644860331911956986283,14.499,880.961,sha256:9024dbc83b8168363c07d710dcc5e55d6831294a3e7970c28108e31b0b0bfcd7,9a7829fe2584259f1dd0dc45cf73c5ce904fce7e61e964fb7958826f156b43be,ok,
V2-PRV-D2-01-run1,S20261005T152152Z,cpu8,061326f4b9e4,primary,V2-PRV-D2-01-run1/cpu8/primary5a1/m6,5,1,6,5,0,,plonk,9,0,2026-10-05T17:15:19.859Z,2.864,31.111,21486.625,12.933,11.199,21533.532,21533.581,51552184,9dc1fed4ae801e210c410e345557301925ad182187f5f64aedebb0ef6a13cf67,1,1,1,6984258666005320425026512790395532096094174015337867819103339755428425654885,6984258666005320425026512790395532096094174015337867819103339755428425654885,14.487,879.895,sha256:9024dbc83b8168363c07d710dcc5e55d6831294a3e7970c28108e31b0b0bfcd7,9a7829fe2584259f1dd0dc45cf73c5ce904fce7e61e964fb7958826f156b43be,ok,
V2-PRV-D2-01-run1,S20261005T152152Z,cpu8,061326f4b9e4,primary,V2-PRV-D2-01-run1/cpu8/primary5a1/m7,5,1,7,5,0,,groth16,12,0,2026-10-05T17:15:41.433Z,19.195,34.241,224.55,9.921,10.137,287.908,287.958,2107579,3fdb01845d81a3cdbbba88fcf45b948195abf01ba68c30be8a5f3e3546d4e81e,1,1,1,20765103782140504056642351574627691742460497089285629062356351732411546548551,20765103782140504056642351574627691742460497089285629062356351732411546548551,15.151,856.871,sha256:9024dbc83b8168363c07d710dcc5e55d6831294a3e7970c28108e31b0b0bfcd7,9a7829fe2584259f1dd0dc45cf73c5ce904fce7e61e964fb7958826f156b43be,ok,
V2-PRV-D2-01-run1,S20261005T152152Z,cpu8,061326f4b9e4,primary,V2-PRV-D2-01-run1/cpu8/primary5a1/m8,5,1,8,5,0,,groth16,13,0,2026-10-05T17:15:41.757Z,75.97,39.281,242.532,9.862,9.455,367.645,367.709,2228031,53cbdd1f02a65121d6c7044031c6cfa4c6ce66c0b9712dd28fe86ef4c6512c1b,1,1,1,13018560099362082186863424433928374003133451805803510125393454640522484396813,13018560099362082186863424433928374003133451805803510125393454640522484396813,26.53,891.164,sha256:9024dbc83b8168363c07d710dcc5e55d6831294a3e7970c28108e31b0b0bfcd7,9a7829fe2584259f1dd0dc45cf73c5ce904fce7e61e964fb7958826f156b43be,ok,
V2-PRV-D2-01-run1,S20261005T152152Z,cpu8,061326f4b9e4,primary,V2-PRV-D2-01-run1/cpu8/primary5a1/m9,5,1,9,5,0,,plonk,11,0,2026-10-05T17:15:42.160Z,12.27,33.89,42362.444,16.425,11.605,42425.029,42425.079,101216064,55b85a8c273635d0f8f2cdda0e7ce81b35231792d5212b770681d612dbf1c56a,1,1,1,2331069663988172194036823937050772334301923846801859971199361438858855491288,2331069663988172194036823937050772334301923846801859971199361438858855491288,14.589,892.867,sha256:9024dbc83b8168363c07d710dcc5e55d6831294a3e7970c28108e31b0b0bfcd7,9a7829fe2584259f1dd0dc45cf73c5ce904fce7e61e964fb7958826f156b43be,ok,
V2-PRV-D2-01-run1,S20261005T152152Z,cpu8,061326f4b9e4,primary,V2-PRV-D2-01-run1/cpu8/primary5a1/m10,5,1,10,5,0,,groth16,14,0,2026-10-05T17:16:24.627Z,119.904,40.276,237.628,9.613,9.713,407.421,407.492,2348483,b0be38259edaa109196790233512dc26d29f0e31a9506021bad97c60834e4df2,1,1,1,12572480465523292994716985171141939129262661173864601800410554422143429339219,12572480465523292994716985171141939129262661173864601800410554422143429339219,14.15,896.688,sha256:9024dbc83b8168363c07d710dcc5e55d6831294a3e7970c28108e31b0b0bfcd7,9a7829fe2584259f1dd0dc45cf73c5ce904fce7e61e964fb7958826f156b43be,ok,
V2-PRV-D2-01-run1,S20261005T152152Z,cpu8,061326f4b9e4,primary,V2-PRV-D2-01-run1/cpu8/primary5a1/m11,5,1,11,5,0,,plonk,5,0,2026-10-05T17:16:25.071Z,0.672,26.096,21494.312,12.698,11.308,21533.777,21533.83,50790568,8b7d89ef154d0704a4a5fb8df978ea728f0decad61374b1d3a80a026ad357fec,1,1,1,20219445350743929204131453627914351950554712481604845279550177385716225267064,20219445350743929204131453627914351950554712481604845279550177385716225267064,14.599,922.586,sha256:9024dbc83b8168363c07d710dcc5e55d6831294a3e7970c28108e31b0b0bfcd7,9a7829fe2584259f1dd0dc45cf73c5ce904fce7e61e964fb7958826f156b43be,ok,
V2-PRV-D2-01-run1,S20261005T152152Z,cpu8,061326f4b9e4,primary,V2-PRV-D2-01-run1/cpu8/primary5a1/m12,5,1,12,5,0,,plonk,6,0,2026-10-05T17:16:46.645Z,0.805,29.992,21675.689,15.267,11.192,21721.753,21721.802,50980972,75b0f7800ba9bbd996a5aba5e02258e755536462dae72897fb9805a733486612,1,1,1,10532757130067282663983599398935360485967103778186217285995762441905303040250,10532757130067282663983599398935360485967103778186217285995762441905303040250,14.619,921.781,sha256:9024dbc83b8168363c07d710dcc5e55d6831294a3e7970c28108e31b0b0bfcd7,9a7829fe2584259f1dd0dc45cf73c5ce904fce7e61e964fb7958826f156b43be,ok,
V2-PRV-D2-01-run1,S20261005T152152Z,cpu8,061326f4b9e4,primary,V2-PRV-D2-01-run1/cpu8/primary5a1/m13,5,1,13,5,0,,groth16,15,0,2026-10-05T17:17:08.407Z,285.819,63.917,253.686,9.662,10.475,613.084,613.159,2468935,d6be53096894f276c29d0702fcead9cafd5a510db26c6b563aa91a72f3a7c974,1,1,1,5538221348906088419474490245423435983421913751881271203929586843786047312620,5538221348906088419474490245423435983421913751881271203929586843786047312620,15.104,898.086,sha256:9024dbc83b8168363c07d710dcc5e55d6831294a3e7970c28108e31b0b0bfcd7,9a7829fe2584259f1dd0dc45cf73c5ce904fce7e61e964fb7958826f156b43be,ok,
V2-PRV-D2-01-run1,S20261005T152152Z,cpu8,061326f4b9e4,primary,V2-PRV-D2-01-run1/cpu8/primary5a1/m14,5,1,14,5,0,,plonk,12,0,2026-10-05T17:17:09.057Z,34.6,39.18,42655.599,14.905,11.281,42744.285,42744.351,101406468,ac66b87842b1343c8548cf4e922c1ee3249b5519daa07857ea88621896f01c1d,1,1,1,20765103782140504056642351574627691742460497089285629062356351732411546548551,20765103782140504056642351574627691742460497089285629062356351732411546548551,14.611,933.309,sha256:9024dbc83b8168363c07d710dcc5e55d6831294a3e7970c28108e31b0b0bfcd7,9a7829fe2584259f1dd0dc45cf73c5ce904fce7e61e964fb7958826f156b43be,ok,
V2-PRV-D2-01-run1,S20261005T152152Z,cpu8,061326f4b9e4,primary,V2-PRV-D2-01-run1/cpu8/primary5a1/m15,5,1,15,5,0,,plonk,13,0,2026-10-05T17:17:51.843Z,56.262,41.359,42436.003,16.192,11.366,42549.815,42549.881,101596872,ecc4eb82a5958bf47b7b157e77ed7abc103fb2ebeec94211db85c4d20c7c607c,1,1,1,13018560099362082186863424433928374003133451805803510125393454640522484396813,13018560099362082186863424433928374003133451805803510125393454640522484396813,14.825,937.391,sha256:9024dbc83b8168363c07d710dcc5e55d6831294a3e7970c28108e31b0b0bfcd7,9a7829fe2584259f1dd0dc45cf73c5ce904fce7e61e964fb7958826f156b43be,ok,
V2-PRV-D2-01-run1,S20261005T152152Z,cpu8,061326f4b9e4,primary,V2-PRV-D2-01-run1/cpu8/primary5a1/m16,5,1,16,5,0,,groth16,6,0,2026-10-05T17:18:34.434Z,0.806,29.601,160.615,9.631,9.662,200.653,200.701,1253795,ea2368c5701f4885dc1bd9120ebd0b3419c495066983d2c215030506b1968bd4,1,1,1,10532757130067282663983599398935360485967103778186217285995762441905303040250,10532757130067282663983599398935360485967103778186217285995762441905303040250,15.134,911.82,sha256:9024dbc83b8168363c07d710dcc5e55d6831294a3e7970c28108e31b0b0bfcd7,9a7829fe2584259f1dd0dc45cf73c5ce904fce7e61e964fb7958826f156b43be,ok,
V2-PRV-D2-01-run1,S20261005T152152Z,cpu8,061326f4b9e4,primary,V2-PRV-D2-01-run1/cpu8/primary5a1/m17,5,1,17,5,0,,plonk,14,0,2026-10-05T17:18:34.671Z,144.122,40.448,42499.131,14.702,11.436,42698.403,42698.485,101787276,61d7365d9163bc99ded1dfbd03499b9283c2947715292debbde41b3796b6b916,1,1,1,12572480465523292994716985171141939129262661173864601800410554422143429339219,12572480465523292994716985171141939129262661173864601800410554422143429339219,14.763,945.551,sha256:9024dbc83b8168363c07d710dcc5e55d6831294a3e7970c28108e31b0b0bfcd7,9a7829fe2584259f1dd0dc45cf73c5ce904fce7e61e964fb7958826f156b43be,ok,
V2-PRV-D2-01-run1,S20261005T152152Z,cpu8,061326f4b9e4,primary,V2-PRV-D2-01-run1/cpu8/primary5a1/m18,5,1,18,5,0,,groth16,5,0,2026-10-05T17:19:17.410Z,0.721,28.644,146.992,10.609,9.604,186.966,187.017,1133343,41c7636150900ee72cf6323930dd506bd0fc015a94a20905cc61c856b4fe919a,1,1,1,20219445350743929204131453627914351950554712481604845279550177385716225267064,20219445350743929204131453627914351950554712481604845279550177385716225267064,16.254,920.805,sha256:9024dbc83b8168363c07d710dcc5e55d6831294a3e7970c28108e31b0b0bfcd7,9a7829fe2584259f1dd0dc45cf73c5ce904fce7e61e964fb7958826f156b43be,ok,
V2-PRV-D2-01-run1,S20261005T152152Z,cpu8,061326f4b9e4,primary,V2-PRV-D2-01-run1/cpu8/primary5a1/m19,5,1,19,5,0,,plonk,7,0,2026-10-05T17:19:17.632Z,1.176,27.343,21737.701,15.575,11.183,21781.794,21781.842,51171376,e601552aba9f4692ef0f1d2d75ceade0e48da52ddad45690306a402c03eb810f,1,1,1,9026274488482297584789229036856073050395813352045422820229792111497560353893,9026274488482297584789229036856073050395813352045422820229792111497560353893,14.786,945.633,sha256:9024dbc83b8168363c07d710dcc5e55d6831294a3e7970c28108e31b0b0bfcd7,9a7829fe2584259f1dd0dc45cf73c5ce904fce7e61e964fb7958826f156b43be,ok,
V2-PRV-D2-01-run1,S20261005T152152Z,cpu8,061326f4b9e4,primary,V2-PRV-D2-01-run1/cpu8/primary5a1/m20,5,1,20,5,0,,groth16,9,0,2026-10-05T17:19:39.454Z,3.194,32.762,202.144,9.528,9.788,247.629,247.697,1746223,b211630d00c7c2d0e5309876a16c72ad66909d7301385d4da830c4a8d71e391e,1,1,1,6984258666005320425026512790395532096094174015337867819103339755428425654885,6984258666005320425026512790395532096094174015337867819103339755428425654885,15.19,921.07,sha256:9024dbc83b8168363c07d710dcc5e55d6831294a3e7970c28108e31b0b0bfcd7,9a7829fe2584259f1dd0dc45cf73c5ce904fce7e61e964fb7958826f156b43be,ok,
V2-PRV-D2-01-run1,S20261005T152152Z,cpu8,061326f4b9e4,primary,V2-PRV-D2-01-run1/cpu8/primary5a1/m21,5,1,21,5,0,,groth16,11,0,2026-10-05T17:19:39.737Z,12.775,29.536,223.251,9.512,10.359,275.074,275.134,1987127,1241508317856e8cb42cf71f43cafeb13e26a2553d595182aefca30b78a5b754,1,1,1,2331069663988172194036823937050772334301923846801859971199361438858855491288,2331069663988172194036823937050772334301923846801859971199361438858855491288,15.22,922.824,sha256:9024dbc83b8168363c07d710dcc5e55d6831294a3e7970c28108e31b0b0bfcd7,9a7829fe2584259f1dd0dc45cf73c5ce904fce7e61e964fb7958826f156b43be,ok,
V2-PRV-D2-01-run1,S20261005T152152Z,cpu8,061326f4b9e4,primary,V2-PRV-D2-01-run1/cpu8/primary5a1/m22,5,1,22,5,0,,groth16,10,0,2026-10-05T17:19:40.049Z,5.353,29.666,214.149,10.496,10.331,259.664,259.711,1866675,656d9ee8dd285db6410e0a4b4317201829a1347f7cc3ef6d8de625e8f99f432a,1,1,1,15051918923212186249893826717407673651397890896320211215644860331911956986283,15051918923212186249893826717407673651397890896320211215644860331911956986283,14.621,917.23,sha256:9024dbc83b8168363c07d710dcc5e55d6831294a3e7970c28108e31b0b0bfcd7,9a7829fe2584259f1dd0dc45cf73c5ce904fce7e61e964fb7958826f156b43be,ok,
V2-PRV-D2-01-run1,S20261005T152152Z,cpu8,0fb34a287695,primary,V2-PRV-D2-01-run1/cpu8/primary6a1/in_process1,6,1,1,6,1,in_process,groth16,5,0,2026-10-05T17:34:11.012Z,0.72,36.474,570.277,12.05,10.59,619.521,619.584,1133343,41c7636150900ee72cf6323930dd506bd0fc015a94a20905cc61c856b4fe919a,1,1,1,20219445350743929204131453627914351950554712481604845279550177385716225267064,20219445350743929204131453627914351950554712481604845279550177385716225267064,15.517,226.301,sha256:9024dbc83b8168363c07d710dcc5e55d6831294a3e7970c28108e31b0b0bfcd7,9a7829fe2584259f1dd0dc45cf73c5ce904fce7e61e964fb7958826f156b43be,ok,
V2-PRV-D2-01-run1,S20261005T152152Z,cpu8,0fb34a287695,primary,V2-PRV-D2-01-run1/cpu8/primary6a1/in_process2,6,1,2,6,1,in_process,plonk,5,0,2026-10-05T17:34:11.674Z,0.939,28.024,21818.333,13.023,11.087,21860.318,21860.382,50790568,8b7d89ef154d0704a4a5fb8df978ea728f0decad61374b1d3a80a026ad357fec,1,1,1,20219445350743929204131453627914351950554712481604845279550177385716225267064,20219445350743929204131453627914351950554712481604845279550177385716225267064,16.092,647.91,sha256:9024dbc83b8168363c07d710dcc5e55d6831294a3e7970c28108e31b0b0bfcd7,9a7829fe2584259f1dd0dc45cf73c5ce904fce7e61e964fb7958826f156b43be,ok,
V2-PRV-D2-01-run1,S20261005T152152Z,cpu8,0fb34a287695,primary,V2-PRV-D2-01-run1/cpu8/primary6a1/m1,6,1,1,6,0,,groth16,5,0,2026-10-05T17:34:33.575Z,0.873,32.575,150.282,10.957,9.897,194.688,194.746,1133343,41c7636150900ee72cf6323930dd506bd0fc015a94a20905cc61c856b4fe919a,1,1,1,20219445350743929204131453627914351950554712481604845279550177385716225267064,20219445350743929204131453627914351950554712481604845279550177385716225267064,16.768,625.02,sha256:9024dbc83b8168363c07d710dcc5e55d6831294a3e7970c28108e31b0b0bfcd7,9a7829fe2584259f1dd0dc45cf73c5ce904fce7e61e964fb7958826f156b43be,ok,
V2-PRV-D2-01-run1,S20261005T152152Z,cpu8,0fb34a287695,primary,V2-PRV-D2-01-run1/cpu8/primary6a1/m2,6,1,2,6,0,,groth16,13,0,2026-10-05T17:34:33.807Z,77.009,47.75,246.555,11.041,11.295,382.355,382.423,2228031,53cbdd1f02a65121d6c7044031c6cfa4c6ce66c0b9712dd28fe86ef4c6512c1b,1,1,1,13018560099362082186863424433928374003133451805803510125393454640522484396813,13018560099362082186863424433928374003133451805803510125393454640522484396813,16.191,624.121,sha256:9024dbc83b8168363c07d710dcc5e55d6831294a3e7970c28108e31b0b0bfcd7,9a7829fe2584259f1dd0dc45cf73c5ce904fce7e61e964fb7958826f156b43be,ok,
V2-PRV-D2-01-run1,S20261005T152152Z,cpu8,0fb34a287695,primary,V2-PRV-D2-01-run1/cpu8/primary6a1/m3,6,1,3,6,0,,groth16,6,0,2026-10-05T17:34:34.231Z,0.837,27.547,159.27,10.248,10.164,197.901,197.948,1253795,ea2368c5701f4885dc1bd9120ebd0b3419c495066983d2c215030506b1968bd4,1,1,1,10532757130067282663983599398935360485967103778186217285995762441905303040250,10532757130067282663983599398935360485967103778186217285995762441905303040250,15.228,626.215,sha256:9024dbc83b8168363c07d710dcc5e55d6831294a3e7970c28108e31b0b0bfcd7,9a7829fe2584259f1dd0dc45cf73c5ce904fce7e61e964fb7958826f156b43be,ok,
V2-PRV-D2-01-run1,S20261005T152152Z,cpu8,0fb34a287695,primary,V2-PRV-D2-01-run1/cpu8/primary6a1/m4,6,1,4,6,0,,groth16,7,0,2026-10-05T17:34:34.467Z,0.866,27.253,167.965,10.728,9.955,206.813,206.859,1374247,c0f6d8c4ac9fa282780a2c229d7d086f87e26be62a3eefceb9f801e5076843aa,1,1,1,9026274488482297584789229036856073050395813352045422820229792111497560353893,9026274488482297584789229036856073050395813352045422820229792111497560353893,15.992,624.512,sha256:9024dbc83b8168363c07d710dcc5e55d6831294a3e7970c28108e31b0b0bfcd7,9a7829fe2584259f1dd0dc45cf73c5ce904fce7e61e964fb7958826f156b43be,ok,
V2-PRV-D2-01-run1,S20261005T152152Z,cpu8,0fb34a287695,primary,V2-PRV-D2-01-run1/cpu8/primary6a1/m5,6,1,5,6,0,,groth16,8,0,2026-10-05T17:34:34.710Z,1.908,28.859,192.43,10.455,10.309,233.651,233.698,1625771,5ed3b83d5f5aad4ca7fa25c79bc0fa86d421d2202a7e7054079f14b9e1c2f4cd,1,1,1,11208238821759301031658742314369964146518915978230190408192556840886074910205,11208238821759301031658742314369964146518915978230190408192556840886074910205,15.362,624.215,sha256:9024dbc83b8168363c07d710dcc5e55d6831294a3e7970c28108e31b0b0bfcd7,9a7829fe2584259f1dd0dc45cf73c5ce904fce7e61e964fb7958826f156b43be,ok,
V2-PRV-D2-01-run1,S20261005T152152Z,cpu8,0fb34a287695,primary,V2-PRV-D2-01-run1/cpu8/primary6a1/m6,6,1,6,6,0,,groth16,11,0,2026-10-05T17:34:34.981Z,13.773,30.984,217.723,9.679,10.558,272.159,272.21,1987127,1241508317856e8cb42cf71f43cafeb13e26a2553d595182aefca30b78a5b754,1,1,1,2331069663988172194036823937050772334301923846801859971199361438858855491288,2331069663988172194036823937050772334301923846801859971199361438858855491288,15.464,629.762,sha256:9024dbc83b8168363c07d710dcc5e55d6831294a3e7970c28108e31b0b0bfcd7,9a7829fe2584259f1dd0dc45cf73c5ce904fce7e61e964fb7958826f156b43be,ok,
V2-PRV-D2-01-run1,S20261005T152152Z,cpu8,0fb34a287695,primary,V2-PRV-D2-01-run1/cpu8/primary6a1/m7,6,1,7,6,0,,groth16,10,0,2026-10-05T17:34:35.292Z,5.519,30.913,217.762,9.868,9.629,264.062,264.112,1866675,656d9ee8dd285db6410e0a4b4317201829a1347f7cc3ef6d8de625e8f99f432a,1,1,1,15051918923212186249893826717407673651397890896320211215644860331911956986283,15051918923212186249893826717407673651397890896320211215644860331911956986283,16.667,627.828,sha256:9024dbc83b8168363c07d710dcc5e55d6831294a3e7970c28108e31b0b0bfcd7,9a7829fe2584259f1dd0dc45cf73c5ce904fce7e61e964fb7958826f156b43be,ok,
V2-PRV-D2-01-run1,S20261005T152152Z,cpu8,0fb34a287695,primary,V2-PRV-D2-01-run1/cpu8/primary6a1/m8,6,1,8,6,0,,groth16,15,0,2026-10-05T17:34:35.591Z,286.78,51.849,250.221,9.734,10.145,598.583,598.653,2468935,d6be53096894f276c29d0702fcead9cafd5a510db26c6b563aa91a72f3a7c974,1,1,1,5538221348906088419474490245423435983421913751881271203929586843786047312620,5538221348906088419474490245423435983421913751881271203929586843786047312620,16.257,628.297,sha256:9024dbc83b8168363c07d710dcc5e55d6831294a3e7970c28108e31b0b0bfcd7,9a7829fe2584259f1dd0dc45cf73c5ce904fce7e61e964fb7958826f156b43be,ok,
V2-PRV-D2-01-run1,S20261005T152152Z,cpu8,0fb34a287695,primary,V2-PRV-D2-01-run1/cpu8/primary6a1/m9,6,1,9,6,0,,groth16,9,0,2026-10-05T17:34:36.227Z,3.117,28.821,214.537,10.34,10.311,256.814,256.861,1746223,b211630d00c7c2d0e5309876a16c72ad66909d7301385d4da830c4a8d71e391e,1,1,1,6984258666005320425026512790395532096094174015337867819103339755428425654885,6984258666005320425026512790395532096094174015337867819103339755428425654885,14.994,632.695,sha256:9024dbc83b8168363c07d710dcc5e55d6831294a3e7970c28108e31b0b0bfcd7,9a7829fe2584259f1dd0dc45cf73c5ce904fce7e61e964fb7958826f156b43be,ok,
V2-PRV-D2-01-run1,S20261005T152152Z,cpu8,0fb34a287695,primary,V2-PRV-D2-01-run1/cpu8/primary6a1/m10,6,1,10,6,0,,groth16,12,0,2026-10-05T17:34:36.521Z,34.855,43.716,230.281,10.064,10.304,318.917,318.969,2107579,3fdb01845d81a3cdbbba88fcf45b948195abf01ba68c30be8a5f3e3546d4e81e,1,1,1,20765103782140504056642351574627691742460497089285629062356351732411546548551,20765103782140504056642351574627691742460497089285629062356351732411546548551,16.116,633.934,sha256:9024dbc83b8168363c07d710dcc5e55d6831294a3e7970c28108e31b0b0bfcd7,9a7829fe2584259f1dd0dc45cf73c5ce904fce7e61e964fb7958826f156b43be,ok,
V2-PRV-D2-01-run1,S20261005T152152Z,cpu8,0fb34a287695,primary,V2-PRV-D2-01-run1/cpu8/primary6a1/m11,6,1,11,6,0,,groth16,14,0,2026-10-05T17:34:36.877Z,143.799,41.611,251.752,9.662,9.688,446.824,446.893,2348483,b0be38259edaa109196790233512dc26d29f0e31a9506021bad97c60834e4df2,1,1,1,12572480465523292994716985171141939129262661173864601800410554422143429339219,12572480465523292994716985171141939129262661173864601800410554422143429339219,15.941,663.242,sha256:9024dbc83b8168363c07d710dcc5e55d6831294a3e7970c28108e31b0b0bfcd7,9a7829fe2584259f1dd0dc45cf73c5ce904fce7e61e964fb7958826f156b43be,ok,
V2-PRV-D2-01-run1,S20261005T152152Z,cpu8,ffb0efe048a6,primary,V2-PRV-D2-01-run1/cpu8/primary7a1/in_process1,7,1,1,7,1,in_process,groth16,5,0,2026-10-05T17:35:20.525Z,0.713,33.204,549.094,12.058,10.545,595.069,595.133,1133343,41c7636150900ee72cf6323930dd506bd0fc015a94a20905cc61c856b4fe919a,1,1,1,20219445350743929204131453627914351950554712481604845279550177385716225267064,20219445350743929204131453627914351950554712481604845279550177385716225267064,20.367,226.402,sha256:9024dbc83b8168363c07d710dcc5e55d6831294a3e7970c28108e31b0b0bfcd7,9a7829fe2584259f1dd0dc45cf73c5ce904fce7e61e964fb7958826f156b43be,ok,
V2-PRV-D2-01-run1,S20261005T152152Z,cpu8,ffb0efe048a6,primary,V2-PRV-D2-01-run1/cpu8/primary7a1/in_process2,7,1,2,7,1,in_process,plonk,5,0,2026-10-05T17:35:21.161Z,0.449,29.654,21529.44,12.722,11.725,21572.266,21572.324,50790568,8b7d89ef154d0704a4a5fb8df978ea728f0decad61374b1d3a80a026ad357fec,1,1,1,20219445350743929204131453627914351950554712481604845279550177385716225267064,20219445350743929204131453627914351950554712481604845279550177385716225267064,16.337,645.293,sha256:9024dbc83b8168363c07d710dcc5e55d6831294a3e7970c28108e31b0b0bfcd7,9a7829fe2584259f1dd0dc45cf73c5ce904fce7e61e964fb7958826f156b43be,ok,
V2-PRV-D2-01-run1,S20261005T152152Z,cpu8,ffb0efe048a6,primary,V2-PRV-D2-01-run1/cpu8/primary7a1/m1,7,1,1,7,0,,groth16,9,0,2026-10-05T17:35:42.777Z,3.112,35.317,200.206,10.377,9.847,249.013,249.066,1746223,b211630d00c7c2d0e5309876a16c72ad66909d7301385d4da830c4a8d71e391e,1,1,1,6984258666005320425026512790395532096094174015337867819103339755428425654885,6984258666005320425026512790395532096094174015337867819103339755428425654885,16.508,623.734,sha256:9024dbc83b8168363c07d710dcc5e55d6831294a3e7970c28108e31b0b0bfcd7,9a7829fe2584259f1dd0dc45cf73c5ce904fce7e61e964fb7958826f156b43be,ok,
V2-PRV-D2-01-run1,S20261005T152152Z,cpu8,ffb0efe048a6,primary,V2-PRV-D2-01-run1/cpu8/primary7a1/m2,7,1,2,7,0,,groth16,5,0,2026-10-05T17:35:43.063Z,0.747,27.464,153.163,12.885,10.155,194.259,194.311,1133343,41c7636150900ee72cf6323930dd506bd0fc015a94a20905cc61c856b4fe919a,1,1,1,20219445350743929204131453627914351950554712481604845279550177385716225267064,20219445350743929204131453627914351950554712481604845279550177385716225267064,15.635,623.297,sha256:9024dbc83b8168363c07d710dcc5e55d6831294a3e7970c28108e31b0b0bfcd7,9a7829fe2584259f1dd0dc45cf73c5ce904fce7e61e964fb7958826f156b43be,ok,
V2-PRV-D2-01-run1,S20261005T152152Z,cpu8,ffb0efe048a6,primary,V2-PRV-D2-01-run1/cpu8/primary7a1/m3,7,1,3,7,0,,groth16,11,0,2026-10-05T17:35:43.294Z,12.579,30.195,228.401,9.883,9.652,281.058,281.11,1987127,1241508317856e8cb42cf71f43cafeb13e26a2553d595182aefca30b78a5b754,1,1,1,2331069663988172194036823937050772334301923846801859971199361438858855491288,2331069663988172194036823937050772334301923846801859971199361438858855491288,15.412,627.473,sha256:9024dbc83b8168363c07d710dcc5e55d6831294a3e7970c28108e31b0b0bfcd7,9a7829fe2584259f1dd0dc45cf73c5ce904fce7e61e964fb7958826f156b43be,ok,
V2-PRV-D2-01-run1,S20261005T152152Z,cpu8,ffb0efe048a6,primary,V2-PRV-D2-01-run1/cpu8/primary7a1/m4,7,1,4,7,0,,groth16,12,0,2026-10-05T17:35:43.613Z,34.307,35.212,231.512,10.893,9.426,311.925,311.991,2107579,3fdb01845d81a3cdbbba88fcf45b948195abf01ba68c30be8a5f3e3546d4e81e,1,1,1,20765103782140504056642351574627691742460497089285629062356351732411546548551,20765103782140504056642351574627691742460497089285629062356351732411546548551,18.93,646.801,sha256:9024dbc83b8168363c07d710dcc5e55d6831294a3e7970c28108e31b0b0bfcd7,9a7829fe2584259f1dd0dc45cf73c5ce904fce7e61e964fb7958826f156b43be,ok,
V2-PRV-D2-01-run1,S20261005T152152Z,cpu8,ffb0efe048a6,primary,V2-PRV-D2-01-run1/cpu8/primary7a1/m5,7,1,5,7,0,,groth16,13,0,2026-10-05T17:35:43.961Z,60.484,41.71,236.823,9.531,9.476,348.548,348.609,2228031,53cbdd1f02a65121d6c7044031c6cfa4c6ce66c0b9712dd28fe86ef4c6512c1b,1,1,1,13018560099362082186863424433928374003133451805803510125393454640522484396813,13018560099362082186863424433928374003133451805803510125393454640522484396813,27.597,663.789,sha256:9024dbc83b8168363c07d710dcc5e55d6831294a3e7970c28108e31b0b0bfcd7,9a7829fe2584259f1dd0dc45cf73c5ce904fce7e61e964fb7958826f156b43be,ok,
V2-PRV-D2-01-run1,S20261005T152152Z,cpu8,ffb0efe048a6,primary,V2-PRV-D2-01-run1/cpu8/primary7a1/m6,7,1,6,7,0,,groth16,15,0,2026-10-05T17:35:44.346Z,263.116,53.513,246.756,9.729,9.684,573.114,573.183,2468935,d6be53096894f276c29d0702fcead9cafd5a510db26c6b563aa91a72f3a7c974,1,1,1,5538221348906088419474490245423435983421913751881271203929586843786047312620,5538221348906088419474490245423435983421913751881271203929586843786047312620,16.312,629.398,sha256:9024dbc83b8168363c07d710dcc5e55d6831294a3e7970c28108e31b0b0bfcd7,9a7829fe2584259f1dd0dc45cf73c5ce904fce7e61e964fb7958826f156b43be,ok,
V2-PRV-D2-01-run1,S20261005T152152Z,cpu8,ffb0efe048a6,primary,V2-PRV-D2-01-run1/cpu8/primary7a1/m7,7,1,7,7,0,,groth16,10,0,2026-10-05T17:35:44.956Z,5.533,33.923,223.11,9.662,10.046,272.228,272.278,1866675,656d9ee8dd285db6410e0a4b4317201829a1347f7cc3ef6d8de625e8f99f432a,1,1,1,15051918923212186249893826717407673651397890896320211215644860331911956986283,15051918923212186249893826717407673651397890896320211215644860331911956986283,15.443,629.41,sha256:9024dbc83b8168363c07d710dcc5e55d6831294a3e7970c28108e31b0b0bfcd7,9a7829fe2584259f1dd0dc45cf73c5ce904fce7e61e964fb7958826f156b43be,ok,
V2-PRV-D2-01-run1,S20261005T152152Z,cpu8,ffb0efe048a6,primary,V2-PRV-D2-01-run1/cpu8/primary7a1/m8,7,1,8,7,0,,groth16,14,0,2026-10-05T17:35:45.265Z,145.602,43.671,252.32,10.086,9.684,451.678,451.749,2348483,b0be38259edaa109196790233512dc26d29f0e31a9506021bad97c60834e4df2,1,1,1,12572480465523292994716985171141939129262661173864601800410554422143429339219,12572480465523292994716985171141939129262661173864601800410554422143429339219,16.309,658.945,sha256:9024dbc83b8168363c07d710dcc5e55d6831294a3e7970c28108e31b0b0bfcd7,9a7829fe2584259f1dd0dc45cf73c5ce904fce7e61e964fb7958826f156b43be,ok,
V2-PRV-D2-01-run1,S20261005T152152Z,cpu8,ffb0efe048a6,primary,V2-PRV-D2-01-run1/cpu8/primary7a1/m9,7,1,9,7,0,,groth16,6,0,2026-10-05T17:35:45.752Z,0.916,27.249,157.053,10.361,9.88,195.58,195.633,1253795,ea2368c5701f4885dc1bd9120ebd0b3419c495066983d2c215030506b1968bd4,1,1,1,10532757130067282663983599398935360485967103778186217285995762441905303040250,10532757130067282663983599398935360485967103778186217285995762441905303040250,17.6,660.609,sha256:9024dbc83b8168363c07d710dcc5e55d6831294a3e7970c28108e31b0b0bfcd7,9a7829fe2584259f1dd0dc45cf73c5ce904fce7e61e964fb7958826f156b43be,ok,
V2-PRV-D2-01-run1,S20261005T152152Z,cpu8,ffb0efe048a6,primary,V2-PRV-D2-01-run1/cpu8/primary7a1/m10,7,1,10,7,0,,groth16,8,0,2026-10-05T17:35:45.985Z,1.641,28.403,204.273,10.417,10,244.734,244.779,1625771,5ed3b83d5f5aad4ca7fa25c79bc0fa86d421d2202a7e7054079f14b9e1c2f4cd,1,1,1,11208238821759301031658742314369964146518915978230190408192556840886074910205,11208238821759301031658742314369964146518915978230190408192556840886074910205,17.03,660.684,sha256:9024dbc83b8168363c07d710dcc5e55d6831294a3e7970c28108e31b0b0bfcd7,9a7829fe2584259f1dd0dc45cf73c5ce904fce7e61e964fb7958826f156b43be,ok,
V2-PRV-D2-01-run1,S20261005T152152Z,cpu8,ffb0efe048a6,primary,V2-PRV-D2-01-run1/cpu8/primary7a1/m11,7,1,11,7,0,,groth16,7,0,2026-10-05T17:35:46.267Z,1.178,28.316,176.695,10.41,9.729,216.6,216.646,1374247,c0f6d8c4ac9fa282780a2c229d7d086f87e26be62a3eefceb9f801e5076843aa,1,1,1,9026274488482297584789229036856073050395813352045422820229792111497560353893,9026274488482297584789229036856073050395813352045422820229792111497560353893,16.124,661.348,sha256:9024dbc83b8168363c07d710dcc5e55d6831294a3e7970c28108e31b0b0bfcd7,9a7829fe2584259f1dd0dc45cf73c5ce904fce7e61e964fb7958826f156b43be,ok,
V2-PRV-D2-01-run1,S20261005T152152Z,cpu8,2584be8ec2be,primary,V2-PRV-D2-01-run1/cpu8/primary8a1/in_process1,8,1,1,8,1,in_process,groth16,5,0,2026-10-05T17:38:13.708Z,0.707,32.152,552.67,12.447,10.426,597.977,598.037,1133343,41c7636150900ee72cf6323930dd506bd0fc015a94a20905cc61c856b4fe919a,1,1,1,20219445350743929204131453627914351950554712481604845279550177385716225267064,20219445350743929204131453627914351950554712481604845279550177385716225267064,24.222,228.336,sha256:9024dbc83b8168363c07d710dcc5e55d6831294a3e7970c28108e31b0b0bfcd7,9a7829fe2584259f1dd0dc45cf73c5ce904fce7e61e964fb7958826f156b43be,ok,
V2-PRV-D2-01-run1,S20261005T152152Z,cpu8,2584be8ec2be,primary,V2-PRV-D2-01-run1/cpu8/primary8a1/in_process2,8,1,2,8,1,in_process,plonk,5,0,2026-10-05T17:38:14.347Z,1.34,30.948,21533.276,16.571,11.135,21582.135,21582.208,50790568,8b7d89ef154d0704a4a5fb8df978ea728f0decad61374b1d3a80a026ad357fec,1,1,1,20219445350743929204131453627914351950554712481604845279550177385716225267064,20219445350743929204131453627914351950554712481604845279550177385716225267064,17.031,645.309,sha256:9024dbc83b8168363c07d710dcc5e55d6831294a3e7970c28108e31b0b0bfcd7,9a7829fe2584259f1dd0dc45cf73c5ce904fce7e61e964fb7958826f156b43be,ok,
V2-PRV-D2-01-run1,S20261005T152152Z,cpu8,2584be8ec2be,primary,V2-PRV-D2-01-run1/cpu8/primary8a1/m1,8,1,1,8,0,,groth16,13,0,2026-10-05T17:38:35.972Z,57.496,38.9,227.289,10.121,9.857,333.807,333.879,2228031,53cbdd1f02a65121d6c7044031c6cfa4c6ce66c0b9712dd28fe86ef4c6512c1b,1,1,1,13018560099362082186863424433928374003133451805803510125393454640522484396813,13018560099362082186863424433928374003133451805803510125393454640522484396813,28.479,659.441,sha256:9024dbc83b8168363c07d710dcc5e55d6831294a3e7970c28108e31b0b0bfcd7,9a7829fe2584259f1dd0dc45cf73c5ce904fce7e61e964fb7958826f156b43be,ok,
V2-PRV-D2-01-run1,S20261005T152152Z,cpu8,2584be8ec2be,primary,V2-PRV-D2-01-run1/cpu8/primary8a1/m2,8,1,2,8,0,,groth16,8,0,2026-10-05T17:38:36.343Z,2.403,32.095,197.994,11.676,11.368,244.168,244.226,1625771,5ed3b83d5f5aad4ca7fa25c79bc0fa86d421d2202a7e7054079f14b9e1c2f4cd,1,1,1,11208238821759301031658742314369964146518915978230190408192556840886074910205,11208238821759301031658742314369964146518915978230190408192556840886074910205,16.893,626.93,sha256:9024dbc83b8168363c07d710dcc5e55d6831294a3e7970c28108e31b0b0bfcd7,9a7829fe2584259f1dd0dc45cf73c5ce904fce7e61e964fb7958826f156b43be,ok,
V2-PRV-D2-01-run1,S20261005T152152Z,cpu8,2584be8ec2be,primary,V2-PRV-D2-01-run1/cpu8/primary8a1/m3,8,1,3,8,0,,groth16,12,0,2026-10-05T17:38:36.627Z,34.564,39.382,227.67,11.074,9.675,312.69,312.749,2107579,3fdb01845d81a3cdbbba88fcf45b948195abf01ba68c30be8a5f3e3546d4e81e,1,1,1,20765103782140504056642351574627691742460497089285629062356351732411546548551,20765103782140504056642351574627691742460497089285629062356351732411546548551,19.808,645.023,sha256:9024dbc83b8168363c07d710dcc5e55d6831294a3e7970c28108e31b0b0bfcd7,9a7829fe2584259f1dd0dc45cf73c5ce904fce7e61e964fb7958826f156b43be,ok,
V2-PRV-D2-01-run1,S20261005T152152Z,cpu8,2584be8ec2be,primary,V2-PRV-D2-01-run1/cpu8/primary8a1/m4,8,1,4,8,0,,groth16,11,0,2026-10-05T17:38:36.977Z,10.532,31.858,221.818,9.843,10.212,274.051,274.101,1987127,1241508317856e8cb42cf71f43cafeb13e26a2553d595182aefca30b78a5b754,1,1,1,2331069663988172194036823937050772334301923846801859971199361438858855491288,2331069663988172194036823937050772334301923846801859971199361438858855491288,16.117,629.645,sha256:9024dbc83b8168363c07d710dcc5e55d6831294a3e7970c28108e31b0b0bfcd7,9a7829fe2584259f1dd0dc45cf73c5ce904fce7e61e964fb7958826f156b43be,ok,
V2-PRV-D2-01-run1,S20261005T152152Z,cpu8,2584be8ec2be,primary,V2-PRV-D2-01-run1/cpu8/primary8a1/m5,8,1,5,8,0,,groth16,5,0,2026-10-05T17:38:37.288Z,0.544,27.946,150.804,11.912,11.052,191.207,191.26,1133343,41c7636150900ee72cf6323930dd506bd0fc015a94a20905cc61c856b4fe919a,1,1,1,20219445350743929204131453627914351950554712481604845279550177385716225267064,20219445350743929204131453627914351950554712481604845279550177385716225267064,16.357,627.867,sha256:9024dbc83b8168363c07d710dcc5e55d6831294a3e7970c28108e31b0b0bfcd7,9a7829fe2584259f1dd0dc45cf73c5ce904fce7e61e964fb7958826f156b43be,ok,
V2-PRV-D2-01-run1,S20261005T152152Z,cpu8,2584be8ec2be,primary,V2-PRV-D2-01-run1/cpu8/primary8a1/m6,8,1,6,8,0,,groth16,7,0,2026-10-05T17:38:37.519Z,0.869,27.998,174.235,10.196,10.085,213.298,213.346,1374247,c0f6d8c4ac9fa282780a2c229d7d086f87e26be62a3eefceb9f801e5076843aa,1,1,1,9026274488482297584789229036856073050395813352045422820229792111497560353893,9026274488482297584789229036856073050395813352045422820229792111497560353893,17.656,626.828,sha256:9024dbc83b8168363c07d710dcc5e55d6831294a3e7970c28108e31b0b0bfcd7,9a7829fe2584259f1dd0dc45cf73c5ce904fce7e61e964fb7958826f156b43be,ok,
V2-PRV-D2-01-run1,S20261005T152152Z,cpu8,2584be8ec2be,primary,V2-PRV-D2-01-run1/cpu8/primary8a1/m7,8,1,7,8,0,,groth16,15,0,2026-10-05T17:38:37.770Z,277.774,53.856,252.094,10.867,9.782,594.591,594.661,2468935,d6be53096894f276c29d0702fcead9cafd5a510db26c6b563aa91a72f3a7c974,1,1,1,5538221348906088419474490245423435983421913751881271203929586843786047312620,5538221348906088419474490245423435983421913751881271203929586843786047312620,17.728,626.289,sha256:9024dbc83b8168363c07d710dcc5e55d6831294a3e7970c28108e31b0b0bfcd7,9a7829fe2584259f1dd0dc45cf73c5ce904fce7e61e964fb7958826f156b43be,ok,
V2-PRV-D2-01-run1,S20261005T152152Z,cpu8,2584be8ec2be,primary,V2-PRV-D2-01-run1/cpu8/primary8a1/m8,8,1,8,8,0,,groth16,14,0,2026-10-05T17:38:38.402Z,145.361,45.725,248.465,9.55,9.878,449.101,449.169,2348483,b0be38259edaa109196790233512dc26d29f0e31a9506021bad97c60834e4df2,1,1,1,12572480465523292994716985171141939129262661173864601800410554422143429339219,12572480465523292994716985171141939129262661173864601800410554422143429339219,16.984,657.941,sha256:9024dbc83b8168363c07d710dcc5e55d6831294a3e7970c28108e31b0b0bfcd7,9a7829fe2584259f1dd0dc45cf73c5ce904fce7e61e964fb7958826f156b43be,ok,
V2-PRV-D2-01-run1,S20261005T152152Z,cpu8,2584be8ec2be,primary,V2-PRV-D2-01-run1/cpu8/primary8a1/m9,8,1,9,8,0,,groth16,9,0,2026-10-05T17:38:38.888Z,3.116,33.833,207.102,10.13,9.943,254.181,254.227,1746223,b211630d00c7c2d0e5309876a16c72ad66909d7301385d4da830c4a8d71e391e,1,1,1,6984258666005320425026512790395532096094174015337867819103339755428425654885,6984258666005320425026512790395532096094174015337867819103339755428425654885,17.658,657.98,sha256:9024dbc83b8168363c07d710dcc5e55d6831294a3e7970c28108e31b0b0bfcd7,9a7829fe2584259f1dd0dc45cf73c5ce904fce7e61e964fb7958826f156b43be,ok,
V2-PRV-D2-01-run1,S20261005T152152Z,cpu8,2584be8ec2be,primary,V2-PRV-D2-01-run1/cpu8/primary8a1/m10,8,1,10,8,0,,groth16,10,0,2026-10-05T17:38:39.179Z,5.91,33.663,211.21,10.345,9.944,261.129,261.184,1866675,656d9ee8dd285db6410e0a4b4317201829a1347f7cc3ef6d8de625e8f99f432a,1,1,1,15051918923212186249893826717407673651397890896320211215644860331911956986283,15051918923212186249893826717407673651397890896320211215644860331911956986283,16.193,658.703,sha256:9024dbc83b8168363c07d710dcc5e55d6831294a3e7970c28108e31b0b0bfcd7,9a7829fe2584259f1dd0dc45cf73c5ce904fce7e61e964fb7958826f156b43be,ok,
V2-PRV-D2-01-run1,S20261005T152152Z,cpu8,2584be8ec2be,primary,V2-PRV-D2-01-run1/cpu8/primary8a1/m11,8,1,11,8,0,,groth16,6,0,2026-10-05T17:38:39.477Z,0.616,28.077,164.417,9.65,9.815,202.76,202.806,1253795,ea2368c5701f4885dc1bd9120ebd0b3419c495066983d2c215030506b1968bd4,1,1,1,10532757130067282663983599398935360485967103778186217285995762441905303040250,10532757130067282663983599398935360485967103778186217285995762441905303040250,16.247,662.066,sha256:9024dbc83b8168363c07d710dcc5e55d6831294a3e7970c28108e31b0b0bfcd7,9a7829fe2584259f1dd0dc45cf73c5ce904fce7e61e964fb7958826f156b43be,ok,
V2-PRV-D2-01-run1,S20261005T152152Z,cpu8,d27bf1655b2b,primary,V2-PRV-D2-01-run1/cpu8/primary9a1/in_process1,9,1,1,9,1,in_process,groth16,5,0,2026-10-05T17:39:16.947Z,0.729,38.723,555.9,13.462,10.481,608.813,608.873,1133343,41c7636150900ee72cf6323930dd506bd0fc015a94a20905cc61c856b4fe919a,1,1,1,20219445350743929204131453627914351950554712481604845279550177385716225267064,20219445350743929204131453627914351950554712481604845279550177385716225267064,24.26,235.867,sha256:9024dbc83b8168363c07d710dcc5e55d6831294a3e7970c28108e31b0b0bfcd7,9a7829fe2584259f1dd0dc45cf73c5ce904fce7e61e964fb7958826f156b43be,ok,
V2-PRV-D2-01-run1,S20261005T152152Z,cpu8,d27bf1655b2b,primary,V2-PRV-D2-01-run1/cpu8/primary9a1/in_process2,9,1,2,9,1,in_process,plonk,5,0,2026-10-05T17:39:17.597Z,1.07,29.194,21431.079,13.552,11.115,21474.895,21474.959,50790568,8b7d89ef154d0704a4a5fb8df978ea728f0decad61374b1d3a80a026ad357fec,1,1,1,20219445350743929204131453627914351950554712481604845279550177385716225267064,20219445350743929204131453627914351950554712481604845279550177385716225267064,17.38,649.992,sha256:9024dbc83b8168363c07d710dcc5e55d6831294a3e7970c28108e31b0b0bfcd7,9a7829fe2584259f1dd0dc45cf73c5ce904fce7e61e964fb7958826f156b43be,ok,
V2-PRV-D2-01-run1,S20261005T152152Z,cpu8,d27bf1655b2b,primary,V2-PRV-D2-01-run1/cpu8/primary9a1/m1,9,1,1,9,0,,groth16,10,0,2026-10-05T17:39:39.114Z,5.735,36.22,220.749,10.442,10.068,273.147,273.196,1866675,656d9ee8dd285db6410e0a4b4317201829a1347f7cc3ef6d8de625e8f99f432a,1,1,1,15051918923212186249893826717407673651397890896320211215644860331911956986283,15051918923212186249893826717407673651397890896320211215644860331911956986283,17.874,627.902,sha256:9024dbc83b8168363c07d710dcc5e55d6831294a3e7970c28108e31b0b0bfcd7,9a7829fe2584259f1dd0dc45cf73c5ce904fce7e61e964fb7958826f156b43be,ok,
V2-PRV-D2-01-run1,S20261005T152152Z,cpu8,d27bf1655b2b,primary,V2-PRV-D2-01-run1/cpu8/primary9a1/m2,9,1,2,9,0,,groth16,11,0,2026-10-05T17:39:39.425Z,12.229,31.007,230.89,10.689,10.696,284.815,284.867,1987127,1241508317856e8cb42cf71f43cafeb13e26a2553d595182aefca30b78a5b754,1,1,1,2331069663988172194036823937050772334301923846801859971199361438858855491288,2331069663988172194036823937050772334301923846801859971199361438858855491288,16.859,629.277,sha256:9024dbc83b8168363c07d710dcc5e55d6831294a3e7970c28108e31b0b0bfcd7,9a7829fe2584259f1dd0dc45cf73c5ce904fce7e61e964fb7958826f156b43be,ok,
V2-PRV-D2-01-run1,S20261005T152152Z,cpu8,d27bf1655b2b,primary,V2-PRV-D2-01-run1/cpu8/primary9a1/m3,9,1,3,9,0,,groth16,13,0,2026-10-05T17:39:39.749Z,77.152,43.913,240.289,9.622,9.578,370.977,371.043,2228031,53cbdd1f02a65121d6c7044031c6cfa4c6ce66c0b9712dd28fe86ef4c6512c1b,1,1,1,13018560099362082186863424433928374003133451805803510125393454640522484396813,13018560099362082186863424433928374003133451805803510125393454640522484396813,28.875,659.59,sha256:9024dbc83b8168363c07d710dcc5e55d6831294a3e7970c28108e31b0b0bfcd7,9a7829fe2584259f1dd0dc45cf73c5ce904fce7e61e964fb7958826f156b43be,ok,
V2-PRV-D2-01-run1,S20261005T152152Z,cpu8,d27bf1655b2b,primary,V2-PRV-D2-01-run1/cpu8/primary9a1/m4,9,1,4,9,0,,groth16,12,0,2026-10-05T17:39:40.157Z,20.175,35.204,238.823,10.212,9.607,304.415,304.476,2107579,3fdb01845d81a3cdbbba88fcf45b948195abf01ba68c30be8a5f3e3546d4e81e,1,1,1,20765103782140504056642351574627691742460497089285629062356351732411546548551,20765103782140504056642351574627691742460497089285629062356351732411546548551,17.335,628.434,sha256:9024dbc83b8168363c07d710dcc5e55d6831294a3e7970c28108e31b0b0bfcd7,9a7829fe2584259f1dd0dc45cf73c5ce904fce7e61e964fb7958826f156b43be,ok,
V2-PRV-D2-01-run1,S20261005T152152Z,cpu8,d27bf1655b2b,primary,V2-PRV-D2-01-run1/cpu8/primary9a1/m5,9,1,5,9,0,,groth16,6,0,2026-10-05T17:39:40.498Z,0.858,28.985,161.01,10.423,9.878,201.276,201.324,1253795,ea2368c5701f4885dc1bd9120ebd0b3419c495066983d2c215030506b1968bd4,1,1,1,10532757130067282663983599398935360485967103778186217285995762441905303040250,10532757130067282663983599398935360485967103778186217285995762441905303040250,16.601,632.891,sha256:9024dbc83b8168363c07d710dcc5e55d6831294a3e7970c28108e31b0b0bfcd7,9a7829fe2584259f1dd0dc45cf73c5ce904fce7e61e964fb7958826f156b43be,ok,
V2-PRV-D2-01-run1,S20261005T152152Z,cpu8,d27bf1655b2b,primary,V2-PRV-D2-01-run1/cpu8/primary9a1/m6,9,1,6,9,0,,groth16,8,0,2026-10-05T17:39:40.737Z,1.492,29.186,205.738,10.18,10.382,246.596,246.644,1625771,5ed3b83d5f5aad4ca7fa25c79bc0fa86d421d2202a7e7054079f14b9e1c2f4cd,1,1,1,11208238821759301031658742314369964146518915978230190408192556840886074910205,11208238821759301031658742314369964146518915978230190408192556840886074910205,16.422,631.438,sha256:9024dbc83b8168363c07d710dcc5e55d6831294a3e7970c28108e31b0b0bfcd7,9a7829fe2584259f1dd0dc45cf73c5ce904fce7e61e964fb7958826f156b43be,ok,
V2-PRV-D2-01-run1,S20261005T152152Z,cpu8,d27bf1655b2b,primary,V2-PRV-D2-01-run1/cpu8/primary9a1/m7,9,1,7,9,0,,groth16,14,0,2026-10-05T17:39:41.021Z,169.781,42.318,249.022,9.599,10.293,470.719,470.789,2348483,b0be38259edaa109196790233512dc26d29f0e31a9506021bad97c60834e4df2,1,1,1,12572480465523292994716985171141939129262661173864601800410554422143429339219,12572480465523292994716985171141939129262661173864601800410554422143429339219,17.656,659.867,sha256:9024dbc83b8168363c07d710dcc5e55d6831294a3e7970c28108e31b0b0bfcd7,9a7829fe2584259f1dd0dc45cf73c5ce904fce7e61e964fb7958826f156b43be,ok,
V2-PRV-D2-01-run1,S20261005T152152Z,cpu8,d27bf1655b2b,primary,V2-PRV-D2-01-run1/cpu8/primary9a1/m8,9,1,8,9,0,,groth16,9,0,2026-10-05T17:39:41.530Z,3.031,29.776,207.55,10.231,10.499,250.587,250.631,1746223,b211630d00c7c2d0e5309876a16c72ad66909d7301385d4da830c4a8d71e391e,1,1,1,6984258666005320425026512790395532096094174015337867819103339755428425654885,6984258666005320425026512790395532096094174015337867819103339755428425654885,17.138,659.629,sha256:9024dbc83b8168363c07d710dcc5e55d6831294a3e7970c28108e31b0b0bfcd7,9a7829fe2584259f1dd0dc45cf73c5ce904fce7e61e964fb7958826f156b43be,ok,
V2-PRV-D2-01-run1,S20261005T152152Z,cpu8,d27bf1655b2b,primary,V2-PRV-D2-01-run1/cpu8/primary9a1/m9,9,1,9,9,0,,groth16,7,0,2026-10-05T17:39:41.818Z,1.164,28.572,172.367,10.271,9.986,212.375,212.427,1374247,c0f6d8c4ac9fa282780a2c229d7d086f87e26be62a3eefceb9f801e5076843aa,1,1,1,9026274488482297584789229036856073050395813352045422820229792111497560353893,9026274488482297584789229036856073050395813352045422820229792111497560353893,18.122,663.504,sha256:9024dbc83b8168363c07d710dcc5e55d6831294a3e7970c28108e31b0b0bfcd7,9a7829fe2584259f1dd0dc45cf73c5ce904fce7e61e964fb7958826f156b43be,ok,
V2-PRV-D2-01-run1,S20261005T152152Z,cpu8,d27bf1655b2b,primary,V2-PRV-D2-01-run1/cpu8/primary9a1/m10,9,1,10,9,0,,groth16,5,0,2026-10-05T17:39:42.067Z,0.83,28.109,149.962,10.156,9.954,189.058,189.11,1133343,41c7636150900ee72cf6323930dd506bd0fc015a94a20905cc61c856b4fe919a,1,1,1,20219445350743929204131453627914351950554712481604845279550177385716225267064,20219445350743929204131453627914351950554712481604845279550177385716225267064,17.148,663.328,sha256:9024dbc83b8168363c07d710dcc5e55d6831294a3e7970c28108e31b0b0bfcd7,9a7829fe2584259f1dd0dc45cf73c5ce904fce7e61e964fb7958826f156b43be,ok,
V2-PRV-D2-01-run1,S20261005T152152Z,cpu8,d27bf1655b2b,primary,V2-PRV-D2-01-run1/cpu8/primary9a1/m11,9,1,11,9,0,,groth16,15,0,2026-10-05T17:39:42.293Z,280.377,53.984,262.098,9.543,10.098,606.002,606.068,2468935,d6be53096894f276c29d0702fcead9cafd5a510db26c6b563aa91a72f3a7c974,1,1,1,5538221348906088419474490245423435983421913751881271203929586843786047312620,5538221348906088419474490245423435983421913751881271203929586843786047312620,17.384,668.277,sha256:9024dbc83b8168363c07d710dcc5e55d6831294a3e7970c28108e31b0b0bfcd7,9a7829fe2584259f1dd0dc45cf73c5ce904fce7e61e964fb7958826f156b43be,ok,
V2-PRV-D2-01-run1,S20261005T152152Z,cpu8,25979ed778ce,primary,V2-PRV-D2-01-run1/cpu8/primary10a1/in_process1,10,1,1,10,1,in_process,groth16,5,0,2026-10-05T17:40:25.910Z,0.794,36.212,543.783,13.218,10.449,594.007,594.074,1133343,41c7636150900ee72cf6323930dd506bd0fc015a94a20905cc61c856b4fe919a,1,1,1,20219445350743929204131453627914351950554712481604845279550177385716225267064,20219445350743929204131453627914351950554712481604845279550177385716225267064,17.653,237.527,sha256:9024dbc83b8168363c07d710dcc5e55d6831294a3e7970c28108e31b0b0bfcd7,9a7829fe2584259f1dd0dc45cf73c5ce904fce7e61e964fb7958826f156b43be,ok,
V2-PRV-D2-01-run1,S20261005T152152Z,cpu8,25979ed778ce,primary,V2-PRV-D2-01-run1/cpu8/primary10a1/in_process2,10,1,2,10,1,in_process,plonk,5,0,2026-10-05T17:40:26.546Z,0.999,29.431,21499.294,16.7,11.125,21546.424,21546.493,50790568,8b7d89ef154d0704a4a5fb8df978ea728f0decad61374b1d3a80a026ad357fec,1,1,1,20219445350743929204131453627914351950554712481604845279550177385716225267064,20219445350743929204131453627914351950554712481604845279550177385716225267064,17.764,650.504,sha256:9024dbc83b8168363c07d710dcc5e55d6831294a3e7970c28108e31b0b0bfcd7,9a7829fe2584259f1dd0dc45cf73c5ce904fce7e61e964fb7958826f156b43be,ok,
V2-PRV-D2-01-run1,S20261005T152152Z,cpu8,25979ed778ce,primary,V2-PRV-D2-01-run1/cpu8/primary10a1/m1,10,1,1,10,0,,groth16,7,0,2026-10-05T17:40:48.135Z,1.157,34.231,174.798,11.721,9.958,221.907,221.96,1374247,c0f6d8c4ac9fa282780a2c229d7d086f87e26be62a3eefceb9f801e5076843aa,1,1,1,9026274488482297584789229036856073050395813352045422820229792111497560353893,9026274488482297584789229036856073050395813352045422820229792111497560353893,18.401,629.688,sha256:9024dbc83b8168363c07d710dcc5e55d6831294a3e7970c28108e31b0b0bfcd7,9a7829fe2584259f1dd0dc45cf73c5ce904fce7e61e964fb7958826f156b43be,ok,
V2-PRV-D2-01-run1,S20261005T152152Z,cpu8,25979ed778ce,primary,V2-PRV-D2-01-run1/cpu8/primary10a1/m2,10,1,2,10,0,,groth16,15,0,2026-10-05T17:40:48.395Z,282.777,56.319,262.46,15.443,10.165,616.999,617.07,2468935,d6be53096894f276c29d0702fcead9cafd5a510db26c6b563aa91a72f3a7c974,1,1,1,5538221348906088419474490245423435983421913751881271203929586843786047312620,5538221348906088419474490245423435983421913751881271203929586843786047312620,17.885,633.461,sha256:9024dbc83b8168363c07d710dcc5e55d6831294a3e7970c28108e31b0b0bfcd7,9a7829fe2584259f1dd0dc45cf73c5ce904fce7e61e964fb7958826f156b43be,ok,
V2-PRV-D2-01-run1,S20261005T152152Z,cpu8,25979ed778ce,primary,V2-PRV-D2-01-run1/cpu8/primary10a1/m3,10,1,3,10,0,,groth16,5,0,2026-10-05T17:40:49.050Z,0.758,32.644,153.954,10.532,10.279,197.888,197.942,1133343,41c7636150900ee72cf6323930dd506bd0fc015a94a20905cc61c856b4fe919a,1,1,1,20219445350743929204131453627914351950554712481604845279550177385716225267064,20219445350743929204131453627914351950554712481604845279550177385716225267064,16.815,627.855,sha256:9024dbc83b8168363c07d710dcc5e55d6831294a3e7970c28108e31b0b0bfcd7,9a7829fe2584259f1dd0dc45cf73c5ce904fce7e61e964fb7958826f156b43be,ok,
V2-PRV-D2-01-run1,S20261005T152152Z,cpu8,25979ed778ce,primary,V2-PRV-D2-01-run1/cpu8/primary10a1/m4,10,1,4,10,0,,groth16,12,0,2026-10-05T17:40:49.286Z,35.002,49.639,236.308,9.973,10.517,330.923,330.978,2107579,3fdb01845d81a3cdbbba88fcf45b948195abf01ba68c30be8a5f3e3546d4e81e,1,1,1,20765103782140504056642351574627691742460497089285629062356351732411546548551,20765103782140504056642351574627691742460497089285629062356351732411546548551,17.45,632.828,sha256:9024dbc83b8168363c07d710dcc5e55d6831294a3e7970c28108e31b0b0bfcd7,9a7829fe2584259f1dd0dc45cf73c5ce904fce7e61e964fb7958826f156b43be,ok,
V2-PRV-D2-01-run1,S20261005T152152Z,cpu8,25979ed778ce,primary,V2-PRV-D2-01-run1/cpu8/primary10a1/m5,10,1,5,10,0,,groth16,10,0,2026-10-05T17:40:49.656Z,5.153,30.778,221.873,9.739,9.612,267.544,267.595,1866675,656d9ee8dd285db6410e0a4b4317201829a1347f7cc3ef6d8de625e8f99f432a,1,1,1,15051918923212186249893826717407673651397890896320211215644860331911956986283,15051918923212186249893826717407673651397890896320211215644860331911956986283,16.783,633.477,sha256:9024dbc83b8168363c07d710dcc5e55d6831294a3e7970c28108e31b0b0bfcd7,9a7829fe2584259f1dd0dc45cf73c5ce904fce7e61e964fb7958826f156b43be,ok,
V2-PRV-D2-01-run1,S20261005T152152Z,cpu8,25979ed778ce,primary,V2-PRV-D2-01-run1/cpu8/primary10a1/m6,10,1,6,10,0,,groth16,14,0,2026-10-05T17:40:49.961Z,150.648,42.187,248.61,9.747,9.959,451.192,451.261,2348483,b0be38259edaa109196790233512dc26d29f0e31a9506021bad97c60834e4df2,1,1,1,12572480465523292994716985171141939129262661173864601800410554422143429339219,12572480465523292994716985171141939129262661173864601800410554422143429339219,17.758,631.988,sha256:9024dbc83b8168363c07d710dcc5e55d6831294a3e7970c28108e31b0b0bfcd7,9a7829fe2584259f1dd0dc45cf73c5ce904fce7e61e964fb7958826f156b43be,ok,
V2-PRV-D2-01-run1,S20261005T152152Z,cpu8,25979ed778ce,primary,V2-PRV-D2-01-run1/cpu8/primary10a1/m7,10,1,7,10,0,,groth16,11,0,2026-10-05T17:40:50.450Z,12.803,31.608,218.285,9.844,9.636,272.54,272.589,1987127,1241508317856e8cb42cf71f43cafeb13e26a2553d595182aefca30b78a5b754,1,1,1,2331069663988172194036823937050772334301923846801859971199361438858855491288,2331069663988172194036823937050772334301923846801859971199361438858855491288,18.337,634.02,sha256:9024dbc83b8168363c07d710dcc5e55d6831294a3e7970c28108e31b0b0bfcd7,9a7829fe2584259f1dd0dc45cf73c5ce904fce7e61e964fb7958826f156b43be,ok,
V2-PRV-D2-01-run1,S20261005T152152Z,cpu8,25979ed778ce,primary,V2-PRV-D2-01-run1/cpu8/primary10a1/m8,10,1,8,10,0,,groth16,6,0,2026-10-05T17:40:50.760Z,0.95,28.462,164.804,10.42,9.783,204.636,204.681,1253795,ea2368c5701f4885dc1bd9120ebd0b3419c495066983d2c215030506b1968bd4,1,1,1,10532757130067282663983599398935360485967103778186217285995762441905303040250,10532757130067282663983599398935360485967103778186217285995762441905303040250,17.9,633.977,sha256:9024dbc83b8168363c07d710dcc5e55d6831294a3e7970c28108e31b0b0bfcd7,9a7829fe2584259f1dd0dc45cf73c5ce904fce7e61e964fb7958826f156b43be,ok,
V2-PRV-D2-01-run1,S20261005T152152Z,cpu8,25979ed778ce,primary,V2-PRV-D2-01-run1/cpu8/primary10a1/m9,10,1,9,10,0,,groth16,9,0,2026-10-05T17:40:51.002Z,3.02,30.484,211.562,10.335,10.008,255.402,255.447,1746223,b211630d00c7c2d0e5309876a16c72ad66909d7301385d4da830c4a8d71e391e,1,1,1,6984258666005320425026512790395532096094174015337867819103339755428425654885,6984258666005320425026512790395532096094174015337867819103339755428425654885,16.84,635.219,sha256:9024dbc83b8168363c07d710dcc5e55d6831294a3e7970c28108e31b0b0bfcd7,9a7829fe2584259f1dd0dc45cf73c5ce904fce7e61e964fb7958826f156b43be,ok,
V2-PRV-D2-01-run1,S20261005T152152Z,cpu8,25979ed778ce,primary,V2-PRV-D2-01-run1/cpu8/primary10a1/m10,10,1,10,10,0,,groth16,8,0,2026-10-05T17:40:51.295Z,1.573,29.963,193.932,10.272,10.052,235.739,235.784,1625771,5ed3b83d5f5aad4ca7fa25c79bc0fa86d421d2202a7e7054079f14b9e1c2f4cd,1,1,1,11208238821759301031658742314369964146518915978230190408192556840886074910205,11208238821759301031658742314369964146518915978230190408192556840886074910205,17.391,637.785,sha256:9024dbc83b8168363c07d710dcc5e55d6831294a3e7970c28108e31b0b0bfcd7,9a7829fe2584259f1dd0dc45cf73c5ce904fce7e61e964fb7958826f156b43be,ok,
V2-PRV-D2-01-run1,S20261005T152152Z,cpu8,25979ed778ce,primary,V2-PRV-D2-01-run1/cpu8/primary10a1/m11,10,1,11,10,0,,groth16,13,0,2026-10-05T17:40:51.568Z,77.216,45.486,228.765,9.628,9.483,361.094,361.153,2228031,53cbdd1f02a65121d6c7044031c6cfa4c6ce66c0b9712dd28fe86ef4c6512c1b,1,1,1,13018560099362082186863424433928374003133451805803510125393454640522484396813,13018560099362082186863424433928374003133451805803510125393454640522484396813,29.117,675.211,sha256:9024dbc83b8168363c07d710dcc5e55d6831294a3e7970c28108e31b0b0bfcd7,9a7829fe2584259f1dd0dc45cf73c5ce904fce7e61e964fb7958826f156b43be,ok,
V2-PRV-D2-01-run1,S20261005T152152Z,cpu8,21005c3bdf56,diag,V2-PRV-D2-01-run1/cpu8/diag1a1/in_process1,1,1,1,101,1,in_process,groth16,5,0,2026-10-05T17:52:44.900Z,0.526,33.781,540.383,12.197,10.538,586.888,586.94,1133343,41c7636150900ee72cf6323930dd506bd0fc015a94a20905cc61c856b4fe919a,1,1,1,20219445350743929204131453627914351950554712481604845279550177385716225267064,20219445350743929204131453627914351950554712481604845279550177385716225267064,21.371,226.09,sha256:9024dbc83b8168363c07d710dcc5e55d6831294a3e7970c28108e31b0b0bfcd7,9a7829fe2584259f1dd0dc45cf73c5ce904fce7e61e964fb7958826f156b43be,ok,
V2-PRV-D2-01-run1,S20261005T152152Z,cpu8,21005c3bdf56,diag,V2-PRV-D2-01-run1/cpu8/diag1a1/in_process2,1,1,2,101,1,in_process,plonk,5,0,2026-10-05T17:52:45.529Z,1.657,31.292,21396.214,13.451,11.298,21442.615,21442.678,50790568,8b7d89ef154d0704a4a5fb8df978ea728f0decad61374b1d3a80a026ad357fec,1,1,1,20219445350743929204131453627914351950554712481604845279550177385716225267064,20219445350743929204131453627914351950554712481604845279550177385716225267064,18.322,662.801,sha256:9024dbc83b8168363c07d710dcc5e55d6831294a3e7970c28108e31b0b0bfcd7,9a7829fe2584259f1dd0dc45cf73c5ce904fce7e61e964fb7958826f156b43be,ok,
V2-PRV-D2-01-run1,S20261005T152152Z,cpu8,fcb0abfbaf7a,diag,V2-PRV-D2-01-run1/cpu8/diag2a1/in_process1,2,1,1,102,1,in_process,groth16,5,0,2026-10-05T18:02:27.936Z,0.751,36.076,559.883,12.054,10.51,608.764,608.827,1133343,41c7636150900ee72cf6323930dd506bd0fc015a94a20905cc61c856b4fe919a,1,1,1,20219445350743929204131453627914351950554712481604845279550177385716225267064,20219445350743929204131453627914351950554712481604845279550177385716225267064,22.62,250.078,sha256:9024dbc83b8168363c07d710dcc5e55d6831294a3e7970c28108e31b0b0bfcd7,9a7829fe2584259f1dd0dc45cf73c5ce904fce7e61e964fb7958826f156b43be,ok,
V2-PRV-D2-01-run1,S20261005T152152Z,cpu8,fcb0abfbaf7a,diag,V2-PRV-D2-01-run1/cpu8/diag2a1/in_process2,2,1,2,102,1,in_process,plonk,5,0,2026-10-05T18:02:28.589Z,0.477,30.926,21576.202,15.104,11.153,21622.709,21622.774,50790568,8b7d89ef154d0704a4a5fb8df978ea728f0decad61374b1d3a80a026ad357fec,1,1,1,20219445350743929204131453627914351950554712481604845279550177385716225267064,20219445350743929204131453627914351950554712481604845279550177385716225267064,18.577,651.887,sha256:9024dbc83b8168363c07d710dcc5e55d6831294a3e7970c28108e31b0b0bfcd7,9a7829fe2584259f1dd0dc45cf73c5ce904fce7e61e964fb7958826f156b43be,ok,
V2-PRV-D2-01-run1,S20261005T152152Z,cpu8,feb43fff5123,diag,V2-PRV-D2-01-run1/cpu8/diag3a1/in_process1,3,1,1,103,1,in_process,groth16,5,0,2026-10-05T18:12:48.209Z,0.74,36.965,571.799,11.952,10.733,621.456,621.518,1133343,41c7636150900ee72cf6323930dd506bd0fc015a94a20905cc61c856b4fe919a,1,1,1,20219445350743929204131453627914351950554712481604845279550177385716225267064,20219445350743929204131453627914351950554712481604845279550177385716225267064,23.719,258.238,sha256:9024dbc83b8168363c07d710dcc5e55d6831294a3e7970c28108e31b0b0bfcd7,9a7829fe2584259f1dd0dc45cf73c5ce904fce7e61e964fb7958826f156b43be,ok,
V2-PRV-D2-01-run1,S20261005T152152Z,cpu8,feb43fff5123,diag,V2-PRV-D2-01-run1/cpu8/diag3a1/in_process2,3,1,2,103,1,in_process,plonk,5,0,2026-10-05T18:12:48.874Z,0.807,30.202,21423.856,16.241,11.418,21471.106,21471.192,50790568,8b7d89ef154d0704a4a5fb8df978ea728f0decad61374b1d3a80a026ad357fec,1,1,1,20219445350743929204131453627914351950554712481604845279550177385716225267064,20219445350743929204131453627914351950554712481604845279550177385716225267064,18.853,651.941,sha256:9024dbc83b8168363c07d710dcc5e55d6831294a3e7970c28108e31b0b0bfcd7,9a7829fe2584259f1dd0dc45cf73c5ce904fce7e61e964fb7958826f156b43be,ok,
V2-PRV-D2-01-run1,S20261005T152152Z,cpu8,5e10643b16ae,diag,V2-PRV-D2-01-run1/cpu8/diag4a1/in_process1,4,1,1,104,1,in_process,groth16,5,0,2026-10-05T18:33:07.591Z,0.742,39.006,546.721,12.126,10.424,598.595,598.661,1133343,41c7636150900ee72cf6323930dd506bd0fc015a94a20905cc61c856b4fe919a,1,1,1,20219445350743929204131453627914351950554712481604845279550177385716225267064,20219445350743929204131453627914351950554712481604845279550177385716225267064,18.65,227.258,sha256:9024dbc83b8168363c07d710dcc5e55d6831294a3e7970c28108e31b0b0bfcd7,9a7829fe2584259f1dd0dc45cf73c5ce904fce7e61e964fb7958826f156b43be,ok,
V2-PRV-D2-01-run1,S20261005T152152Z,cpu8,5e10643b16ae,diag,V2-PRV-D2-01-run1/cpu8/diag4a1/in_process2,4,1,2,104,1,in_process,plonk,5,0,2026-10-05T18:33:08.234Z,0.907,31.2,21623.38,14.76,11.075,21670.248,21670.312,50790568,8b7d89ef154d0704a4a5fb8df978ea728f0decad61374b1d3a80a026ad357fec,1,1,1,20219445350743929204131453627914351950554712481604845279550177385716225267064,20219445350743929204131453627914351950554712481604845279550177385716225267064,19.381,649.684,sha256:9024dbc83b8168363c07d710dcc5e55d6831294a3e7970c28108e31b0b0bfcd7,9a7829fe2584259f1dd0dc45cf73c5ce904fce7e61e964fb7958826f156b43be,ok,
V2-PRV-D2-01-run1,S20261005T152152Z,cpu8,158fe73fbf7c,diag,V2-PRV-D2-01-run1/cpu8/diag5a1/in_process1,5,1,1,105,1,in_process,groth16,5,0,2026-10-05T18:43:27.420Z,0.732,36.026,565.88,12.143,10.749,614.782,614.847,1133343,41c7636150900ee72cf6323930dd506bd0fc015a94a20905cc61c856b4fe919a,1,1,1,20219445350743929204131453627914351950554712481604845279550177385716225267064,20219445350743929204131453627914351950554712481604845279550177385716225267064,23.311,224.805,sha256:9024dbc83b8168363c07d710dcc5e55d6831294a3e7970c28108e31b0b0bfcd7,9a7829fe2584259f1dd0dc45cf73c5ce904fce7e61e964fb7958826f156b43be,ok,
V2-PRV-D2-01-run1,S20261005T152152Z,cpu8,158fe73fbf7c,diag,V2-PRV-D2-01-run1/cpu8/diag5a1/in_process2,5,1,2,105,1,in_process,plonk,5,0,2026-10-05T18:43:28.077Z,1.769,30.279,21485.05,15.188,11.417,21532.287,21532.36,50790568,8b7d89ef154d0704a4a5fb8df978ea728f0decad61374b1d3a80a026ad357fec,1,1,1,20219445350743929204131453627914351950554712481604845279550177385716225267064,20219445350743929204131453627914351950554712481604845279550177385716225267064,19.73,656.121,sha256:9024dbc83b8168363c07d710dcc5e55d6831294a3e7970c28108e31b0b0bfcd7,9a7829fe2584259f1dd0dc45cf73c5ce904fce7e61e964fb7958826f156b43be,ok,
