campaign_id,session_id,profile_id,container_id,kind,run_id,round,round_attempt,order_in_round,seed,is_warmup,warmup_kind,backend,depth,leaf_index,started_at_utc,input_ms,witness_ms,prove_ms,verify_first_ms,verify_steady_ms,stage_sum_ms,wall_ms,zkey_bytes,zkey_sha256,proof_valid,root_matches,input_matches_committed,public_root,expected_root,heap_used_mb,rss_mb,image_id,manifest_sha256,status,error
V2-PRV-D2-01-run1,S20261005T152152Z,cpu2,bddd6bb0147f,primary,V2-PRV-D2-01-run1/cpu2/primary0a1/in_process1,0,1,1,0,1,in_process,groth16,5,0,2026-10-05T15:38:53.657Z,0.525,44.086,759.391,21.936,27.272,825.937,826.002,1133343,41c7636150900ee72cf6323930dd506bd0fc015a94a20905cc61c856b4fe919a,1,1,1,20219445350743929204131453627914351950554712481604845279550177385716225267064,20219445350743929204131453627914351950554712481604845279550177385716225267064,17.07,164.875,sha256:9024dbc83b8168363c07d710dcc5e55d6831294a3e7970c28108e31b0b0bfcd7,9a7829fe2584259f1dd0dc45cf73c5ce904fce7e61e964fb7958826f156b43be,ok,
V2-PRV-D2-01-run1,S20261005T152152Z,cpu2,bddd6bb0147f,primary,V2-PRV-D2-01-run1/cpu2/primary0a1/in_process2,0,1,2,0,1,in_process,plonk,5,0,2026-10-05T15:38:54.576Z,0.679,57.774,25335.115,14.196,13.024,25407.763,25407.82,50790568,8b7d89ef154d0704a4a5fb8df978ea728f0decad61374b1d3a80a026ad357fec,1,1,1,20219445350743929204131453627914351950554712481604845279550177385716225267064,20219445350743929204131453627914351950554712481604845279550177385716225267064,11.17,368.93,sha256:9024dbc83b8168363c07d710dcc5e55d6831294a3e7970c28108e31b0b0bfcd7,9a7829fe2584259f1dd0dc45cf73c5ce904fce7e61e964fb7958826f156b43be,ok,
V2-PRV-D2-01-run1,S20261005T152152Z,cpu2,bddd6bb0147f,primary,V2-PRV-D2-01-run1/cpu2/primary0a1/round01,0,1,1,0,1,round0,plonk,14,0,2026-10-05T15:39:20.029Z,148.637,66.571,49623.737,15.062,11.475,49854.007,49854.099,101787276,61d7365d9163bc99ded1dfbd03499b9283c2947715292debbde41b3796b6b916,1,1,1,12572480465523292994716985171141939129262661173864601800410554422143429339219,12572480465523292994716985171141939129262661173864601800410554422143429339219,10.856,492.402,sha256:9024dbc83b8168363c07d710dcc5e55d6831294a3e7970c28108e31b0b0bfcd7,9a7829fe2584259f1dd0dc45cf73c5ce904fce7e61e964fb7958826f156b43be,ok,
V2-PRV-D2-01-run1,S20261005T152152Z,cpu2,bddd6bb0147f,primary,V2-PRV-D2-01-run1/cpu2/primary0a1/round02,0,1,2,0,1,round0,plonk,10,0,2026-10-05T15:40:09.924Z,14.275,53.788,25190.367,20.215,13.035,25278.645,25278.704,51742588,bebeabf9a0c71095a0054d8bd4225201a55744b4b0560ef0825703d4931d0ced,1,1,1,15051918923212186249893826717407673651397890896320211215644860331911956986283,15051918923212186249893826717407673651397890896320211215644860331911956986283,10.566,379.027,sha256:9024dbc83b8168363c07d710dcc5e55d6831294a3e7970c28108e31b0b0bfcd7,9a7829fe2584259f1dd0dc45cf73c5ce904fce7e61e964fb7958826f156b43be,ok,
V2-PRV-D2-01-run1,S20261005T152152Z,cpu2,bddd6bb0147f,primary,V2-PRV-D2-01-run1/cpu2/primary0a1/round03,0,1,3,0,1,round0,groth16,7,0,2026-10-05T15:40:35.247Z,1.047,44.035,419.437,23.023,24.189,487.542,487.597,1374247,c0f6d8c4ac9fa282780a2c229d7d086f87e26be62a3eefceb9f801e5076843aa,1,1,1,9026274488482297584789229036856073050395813352045422820229792111497560353893,9026274488482297584789229036856073050395813352045422820229792111497560353893,11.809,353.047,sha256:9024dbc83b8168363c07d710dcc5e55d6831294a3e7970c28108e31b0b0bfcd7,9a7829fe2584259f1dd0dc45cf73c5ce904fce7e61e964fb7958826f156b43be,ok,
V2-PRV-D2-01-run1,S20261005T152152Z,cpu2,bddd6bb0147f,primary,V2-PRV-D2-01-run1/cpu2/primary0a1/round04,0,1,4,0,1,round0,groth16,10,0,2026-10-05T15:40:35.813Z,4.853,43.315,581.906,21.044,19.689,651.119,651.181,1866675,656d9ee8dd285db6410e0a4b4317201829a1347f7cc3ef6d8de625e8f99f432a,1,1,1,15051918923212186249893826717407673651397890896320211215644860331911956986283,15051918923212186249893826717407673651397890896320211215644860331911956986283,12.212,353.242,sha256:9024dbc83b8168363c07d710dcc5e55d6831294a3e7970c28108e31b0b0bfcd7,9a7829fe2584259f1dd0dc45cf73c5ce904fce7e61e964fb7958826f156b43be,ok,
V2-PRV-D2-01-run1,S20261005T152152Z,cpu2,bddd6bb0147f,primary,V2-PRV-D2-01-run1/cpu2/primary0a1/round05,0,1,5,0,1,round0,plonk,9,0,2026-10-05T15:40:36.531Z,2.573,40.824,25241.615,14.558,13.308,25299.57,25299.618,51552184,9dc1fed4ae801e210c410e345557301925ad182187f5f64aedebb0ef6a13cf67,1,1,1,6984258666005320425026512790395532096094174015337867819103339755428425654885,6984258666005320425026512790395532096094174015337867819103339755428425654885,10.696,379.078,sha256:9024dbc83b8168363c07d710dcc5e55d6831294a3e7970c28108e31b0b0bfcd7,9a7829fe2584259f1dd0dc45cf73c5ce904fce7e61e964fb7958826f156b43be,ok,
V2-PRV-D2-01-run1,S20261005T152152Z,cpu2,bddd6bb0147f,primary,V2-PRV-D2-01-run1/cpu2/primary0a1/round06,0,1,6,0,1,round0,groth16,8,0,2026-10-05T15:41:01.877Z,1.641,49.648,512.552,26.202,20.129,590.044,590.094,1625771,5ed3b83d5f5aad4ca7fa25c79bc0fa86d421d2202a7e7054079f14b9e1c2f4cd,1,1,1,11208238821759301031658742314369964146518915978230190408192556840886074910205,11208238821759301031658742314369964146518915978230190408192556840886074910205,10.146,354.156,sha256:9024dbc83b8168363c07d710dcc5e55d6831294a3e7970c28108e31b0b0bfcd7,9a7829fe2584259f1dd0dc45cf73c5ce904fce7e61e964fb7958826f156b43be,ok,
V2-PRV-D2-01-run1,S20261005T152152Z,cpu2,bddd6bb0147f,primary,V2-PRV-D2-01-run1/cpu2/primary0a1/round07,0,1,7,0,1,round0,groth16,12,0,2026-10-05T15:41:02.534Z,41.672,54.404,599.109,19.971,19.879,715.156,715.208,2107579,3fdb01845d81a3cdbbba88fcf45b948195abf01ba68c30be8a5f3e3546d4e81e,1,1,1,20765103782140504056642351574627691742460497089285629062356351732411546548551,20765103782140504056642351574627691742460497089285629062356351732411546548551,10.056,355.637,sha256:9024dbc83b8168363c07d710dcc5e55d6831294a3e7970c28108e31b0b0bfcd7,9a7829fe2584259f1dd0dc45cf73c5ce904fce7e61e964fb7958826f156b43be,ok,
V2-PRV-D2-01-run1,S20261005T152152Z,cpu2,bddd6bb0147f,primary,V2-PRV-D2-01-run1/cpu2/primary0a1/round08,0,1,8,0,1,round0,plonk,12,0,2026-10-05T15:41:03.316Z,40.265,48.502,49373.263,16.169,10.984,49478.198,49478.252,101406468,ac66b87842b1343c8548cf4e922c1ee3249b5519daa07857ea88621896f01c1d,1,1,1,20765103782140504056642351574627691742460497089285629062356351732411546548551,20765103782140504056642351574627691742460497089285629062356351732411546548551,10.632,397.621,sha256:9024dbc83b8168363c07d710dcc5e55d6831294a3e7970c28108e31b0b0bfcd7,9a7829fe2584259f1dd0dc45cf73c5ce904fce7e61e964fb7958826f156b43be,ok,
V2-PRV-D2-01-run1,S20261005T152152Z,cpu2,bddd6bb0147f,primary,V2-PRV-D2-01-run1/cpu2/primary0a1/round09,0,1,9,0,1,round0,groth16,6,0,2026-10-05T15:41:52.843Z,0.839,40.457,405.275,19.724,17.609,466.295,466.345,1253795,ea2368c5701f4885dc1bd9120ebd0b3419c495066983d2c215030506b1968bd4,1,1,1,10532757130067282663983599398935360485967103778186217285995762441905303040250,10532757130067282663983599398935360485967103778186217285995762441905303040250,10.052,372.305,sha256:9024dbc83b8168363c07d710dcc5e55d6831294a3e7970c28108e31b0b0bfcd7,9a7829fe2584259f1dd0dc45cf73c5ce904fce7e61e964fb7958826f156b43be,ok,
V2-PRV-D2-01-run1,S20261005T152152Z,cpu2,bddd6bb0147f,primary,V2-PRV-D2-01-run1/cpu2/primary0a1/round010,0,1,10,0,1,round0,plonk,15,0,2026-10-05T15:41:53.371Z,303.472,60.753,49791.652,16.261,17.929,50172.138,50172.21,101977680,590ecdca303cbdece71bd9566d50ed9ad6168b343d2955edb57da417b966d08b,1,1,1,5538221348906088419474490245423435983421913751881271203929586843786047312620,5538221348906088419474490245423435983421913751881271203929586843786047312620,10.703,397.855,sha256:9024dbc83b8168363c07d710dcc5e55d6831294a3e7970c28108e31b0b0bfcd7,9a7829fe2584259f1dd0dc45cf73c5ce904fce7e61e964fb7958826f156b43be,ok,
V2-PRV-D2-01-run1,S20261005T152152Z,cpu2,bddd6bb0147f,primary,V2-PRV-D2-01-run1/cpu2/primary0a1/round011,0,1,11,0,1,round0,plonk,8,0,2026-10-05T15:42:43.603Z,1.814,42.856,25207.518,12.402,11.722,25264.59,25264.642,51361780,42dce5eab9336cf59161d106dd2c9da704b3a453c67dc5f6a284a94331eca87c,1,1,1,11208238821759301031658742314369964146518915978230190408192556840886074910205,11208238821759301031658742314369964146518915978230190408192556840886074910205,10.736,399.852,sha256:9024dbc83b8168363c07d710dcc5e55d6831294a3e7970c28108e31b0b0bfcd7,9a7829fe2584259f1dd0dc45cf73c5ce904fce7e61e964fb7958826f156b43be,ok,
V2-PRV-D2-01-run1,S20261005T152152Z,cpu2,bddd6bb0147f,primary,V2-PRV-D2-01-run1/cpu2/primary0a1/round012,0,1,12,0,1,round0,plonk,11,0,2026-10-05T15:43:08.913Z,9.903,69.612,49458.926,13.425,12.764,49551.866,49551.919,101216064,55b85a8c273635d0f8f2cdda0e7ce81b35231792d5212b770681d612dbf1c56a,1,1,1,2331069663988172194036823937050772334301923846801859971199361438858855491288,2331069663988172194036823937050772334301923846801859971199361438858855491288,11.415,516.227,sha256:9024dbc83b8168363c07d710dcc5e55d6831294a3e7970c28108e31b0b0bfcd7,9a7829fe2584259f1dd0dc45cf73c5ce904fce7e61e964fb7958826f156b43be,ok,
V2-PRV-D2-01-run1,S20261005T152152Z,cpu2,bddd6bb0147f,primary,V2-PRV-D2-01-run1/cpu2/primary0a1/round013,0,1,13,0,1,round0,groth16,15,0,2026-10-05T15:43:58.510Z,279.565,60.455,669.204,21.321,18.68,1030.545,1030.629,2468935,d6be53096894f276c29d0702fcead9cafd5a510db26c6b563aa91a72f3a7c974,1,1,1,5538221348906088419474490245423435983421913751881271203929586843786047312620,5538221348906088419474490245423435983421913751881271203929586843786047312620,10.121,382.18,sha256:9024dbc83b8168363c07d710dcc5e55d6831294a3e7970c28108e31b0b0bfcd7,9a7829fe2584259f1dd0dc45cf73c5ce904fce7e61e964fb7958826f156b43be,ok,
V2-PRV-D2-01-run1,S20261005T152152Z,cpu2,bddd6bb0147f,primary,V2-PRV-D2-01-run1/cpu2/primary0a1/round014,0,1,14,0,1,round0,plonk,5,0,2026-10-05T15:43:59.602Z,0.714,45.383,25452.714,13.725,11.166,25512.537,25512.591,50790568,8b7d89ef154d0704a4a5fb8df978ea728f0decad61374b1d3a80a026ad357fec,1,1,1,20219445350743929204131453627914351950554712481604845279550177385716225267064,20219445350743929204131453627914351950554712481604845279550177385716225267064,10.658,410.008,sha256:9024dbc83b8168363c07d710dcc5e55d6831294a3e7970c28108e31b0b0bfcd7,9a7829fe2584259f1dd0dc45cf73c5ce904fce7e61e964fb7958826f156b43be,ok,
V2-PRV-D2-01-run1,S20261005T152152Z,cpu2,bddd6bb0147f,primary,V2-PRV-D2-01-run1/cpu2/primary0a1/round015,0,1,15,0,1,round0,groth16,9,0,2026-10-05T15:44:25.157Z,3.114,44.377,514.584,23.691,19.806,585.766,585.813,1746223,b211630d00c7c2d0e5309876a16c72ad66909d7301385d4da830c4a8d71e391e,1,1,1,6984258666005320425026512790395532096094174015337867819103339755428425654885,6984258666005320425026512790395532096094174015337867819103339755428425654885,11.842,383.684,sha256:9024dbc83b8168363c07d710dcc5e55d6831294a3e7970c28108e31b0b0bfcd7,9a7829fe2584259f1dd0dc45cf73c5ce904fce7e61e964fb7958826f156b43be,ok,
V2-PRV-D2-01-run1,S20261005T152152Z,cpu2,bddd6bb0147f,primary,V2-PRV-D2-01-run1/cpu2/primary0a1/round016,0,1,16,0,1,round0,groth16,5,0,2026-10-05T15:44:25.812Z,0.467,42.308,384.316,21.021,19.989,448.112,448.164,1133343,41c7636150900ee72cf6323930dd506bd0fc015a94a20905cc61c856b4fe919a,1,1,1,20219445350743929204131453627914351950554712481604845279550177385716225267064,20219445350743929204131453627914351950554712481604845279550177385716225267064,11.431,387.605,sha256:9024dbc83b8168363c07d710dcc5e55d6831294a3e7970c28108e31b0b0bfcd7,9a7829fe2584259f1dd0dc45cf73c5ce904fce7e61e964fb7958826f156b43be,ok,
V2-PRV-D2-01-run1,S20261005T152152Z,cpu2,bddd6bb0147f,primary,V2-PRV-D2-01-run1/cpu2/primary0a1/round017,0,1,17,0,1,round0,plonk,7,0,2026-10-05T15:44:26.332Z,0.803,41.448,25177.884,18.614,11.279,25238.748,25238.804,51171376,e601552aba9f4692ef0f1d2d75ceade0e48da52ddad45690306a402c03eb810f,1,1,1,9026274488482297584789229036856073050395813352045422820229792111497560353893,9026274488482297584789229036856073050395813352045422820229792111497560353893,10.951,410.082,sha256:9024dbc83b8168363c07d710dcc5e55d6831294a3e7970c28108e31b0b0bfcd7,9a7829fe2584259f1dd0dc45cf73c5ce904fce7e61e964fb7958826f156b43be,ok,
V2-PRV-D2-01-run1,S20261005T152152Z,cpu2,bddd6bb0147f,primary,V2-PRV-D2-01-run1/cpu2/primary0a1/round018,0,1,18,0,1,round0,groth16,13,0,2026-10-05T15:44:51.613Z,73.01,64.865,620.25,18.151,19.015,776.276,776.342,2228031,53cbdd1f02a65121d6c7044031c6cfa4c6ce66c0b9712dd28fe86ef4c6512c1b,1,1,1,13018560099362082186863424433928374003133451805803510125393454640522484396813,13018560099362082186863424433928374003133451805803510125393454640522484396813,19.064,411.617,sha256:9024dbc83b8168363c07d710dcc5e55d6831294a3e7970c28108e31b0b0bfcd7,9a7829fe2584259f1dd0dc45cf73c5ce904fce7e61e964fb7958826f156b43be,ok,
V2-PRV-D2-01-run1,S20261005T152152Z,cpu2,bddd6bb0147f,primary,V2-PRV-D2-01-run1/cpu2/primary0a1/round019,0,1,19,0,1,round0,groth16,11,0,2026-10-05T15:44:52.455Z,10.697,53.944,596.862,22.113,20.047,683.616,683.662,1987127,1241508317856e8cb42cf71f43cafeb13e26a2553d595182aefca30b78a5b754,1,1,1,2331069663988172194036823937050772334301923846801859971199361438858855491288,2331069663988172194036823937050772334301923846801859971199361438858855491288,12.011,384.383,sha256:9024dbc83b8168363c07d710dcc5e55d6831294a3e7970c28108e31b0b0bfcd7,9a7829fe2584259f1dd0dc45cf73c5ce904fce7e61e964fb7958826f156b43be,ok,
V2-PRV-D2-01-run1,S20261005T152152Z,cpu2,bddd6bb0147f,primary,V2-PRV-D2-01-run1/cpu2/primary0a1/round020,0,1,20,0,1,round0,groth16,14,0,2026-10-05T15:44:53.207Z,148.027,59.718,666.74,20.925,19.086,895.41,895.483,2348483,b0be38259edaa109196790233512dc26d29f0e31a9506021bad97c60834e4df2,1,1,1,12572480465523292994716985171141939129262661173864601800410554422143429339219,12572480465523292994716985171141939129262661173864601800410554422143429339219,12.069,386.039,sha256:9024dbc83b8168363c07d710dcc5e55d6831294a3e7970c28108e31b0b0bfcd7,9a7829fe2584259f1dd0dc45cf73c5ce904fce7e61e964fb7958826f156b43be,ok,
V2-PRV-D2-01-run1,S20261005T152152Z,cpu2,bddd6bb0147f,primary,V2-PRV-D2-01-run1/cpu2/primary0a1/round021,0,1,21,0,1,round0,plonk,13,0,2026-10-05T15:44:54.164Z,87.684,50.849,49535.017,11.979,11.03,49685.53,49685.593,101596872,ecc4eb82a5958bf47b7b157e77ed7abc103fb2ebeec94211db85c4d20c7c607c,1,1,1,13018560099362082186863424433928374003133451805803510125393454640522484396813,13018560099362082186863424433928374003133451805803510125393454640522484396813,11.525,506.707,sha256:9024dbc83b8168363c07d710dcc5e55d6831294a3e7970c28108e31b0b0bfcd7,9a7829fe2584259f1dd0dc45cf73c5ce904fce7e61e964fb7958826f156b43be,ok,
V2-PRV-D2-01-run1,S20261005T152152Z,cpu2,bddd6bb0147f,primary,V2-PRV-D2-01-run1/cpu2/primary0a1/round022,0,1,22,0,1,round0,plonk,6,0,2026-10-05T15:45:43.899Z,0.793,65.113,25194.761,18.106,10.811,25278.774,25278.821,50980972,75b0f7800ba9bbd996a5aba5e02258e755536462dae72897fb9805a733486612,1,1,1,10532757130067282663983599398935360485967103778186217285995762441905303040250,10532757130067282663983599398935360485967103778186217285995762441905303040250,10.987,397.945,sha256:9024dbc83b8168363c07d710dcc5e55d6831294a3e7970c28108e31b0b0bfcd7,9a7829fe2584259f1dd0dc45cf73c5ce904fce7e61e964fb7958826f156b43be,ok,
V2-PRV-D2-01-run1,S20261005T152152Z,cpu2,78293fa0e970,primary,V2-PRV-D2-01-run1/cpu2/primary1a1/in_process1,1,1,1,1,1,in_process,groth16,5,0,2026-10-05T16:05:40.571Z,0.743,43.676,774.571,21.669,29.135,840.658,840.726,1133343,41c7636150900ee72cf6323930dd506bd0fc015a94a20905cc61c856b4fe919a,1,1,1,20219445350743929204131453627914351950554712481604845279550177385716225267064,20219445350743929204131453627914351950554712481604845279550177385716225267064,14.48,201.031,sha256:9024dbc83b8168363c07d710dcc5e55d6831294a3e7970c28108e31b0b0bfcd7,9a7829fe2584259f1dd0dc45cf73c5ce904fce7e61e964fb7958826f156b43be,ok,
V2-PRV-D2-01-run1,S20261005T152152Z,cpu2,78293fa0e970,primary,V2-PRV-D2-01-run1/cpu2/primary1a1/in_process2,1,1,2,1,1,in_process,plonk,5,0,2026-10-05T16:05:41.507Z,0.687,45.055,25016.814,13.052,10.911,25075.607,25075.662,50790568,8b7d89ef154d0704a4a5fb8df978ea728f0decad61374b1d3a80a026ad357fec,1,1,1,20219445350743929204131453627914351950554712481604845279550177385716225267064,20219445350743929204131453627914351950554712481604845279550177385716225267064,12.308,372.906,sha256:9024dbc83b8168363c07d710dcc5e55d6831294a3e7970c28108e31b0b0bfcd7,9a7829fe2584259f1dd0dc45cf73c5ce904fce7e61e964fb7958826f156b43be,ok,
V2-PRV-D2-01-run1,S20261005T152152Z,cpu2,78293fa0e970,primary,V2-PRV-D2-01-run1/cpu2/primary1a1/m1,1,1,1,1,0,,groth16,7,0,2026-10-05T16:06:06.625Z,1.082,47.653,451.524,31.586,19.867,531.845,531.903,1374247,c0f6d8c4ac9fa282780a2c229d7d086f87e26be62a3eefceb9f801e5076843aa,1,1,1,9026274488482297584789229036856073050395813352045422820229792111497560353893,9026274488482297584789229036856073050395813352045422820229792111497560353893,12.737,346.977,sha256:9024dbc83b8168363c07d710dcc5e55d6831294a3e7970c28108e31b0b0bfcd7,9a7829fe2584259f1dd0dc45cf73c5ce904fce7e61e964fb7958826f156b43be,ok,
V2-PRV-D2-01-run1,S20261005T152152Z,cpu2,78293fa0e970,primary,V2-PRV-D2-01-run1/cpu2/primary1a1/m2,1,1,2,1,0,,groth16,8,0,2026-10-05T16:06:07.223Z,1.41,42.663,507.709,20.203,23.851,571.985,572.05,1625771,5ed3b83d5f5aad4ca7fa25c79bc0fa86d421d2202a7e7054079f14b9e1c2f4cd,1,1,1,11208238821759301031658742314369964146518915978230190408192556840886074910205,11208238821759301031658742314369964146518915978230190408192556840886074910205,11.945,348.578,sha256:9024dbc83b8168363c07d710dcc5e55d6831294a3e7970c28108e31b0b0bfcd7,9a7829fe2584259f1dd0dc45cf73c5ce904fce7e61e964fb7958826f156b43be,ok,
V2-PRV-D2-01-run1,S20261005T152152Z,cpu2,78293fa0e970,primary,V2-PRV-D2-01-run1/cpu2/primary1a1/m3,1,1,3,1,0,,plonk,14,0,2026-10-05T16:06:07.873Z,147.514,54.882,49320.507,13.93,11.47,49536.834,49536.9,101787276,61d7365d9163bc99ded1dfbd03499b9283c2947715292debbde41b3796b6b916,1,1,1,12572480465523292994716985171141939129262661173864601800410554422143429339219,12572480465523292994716985171141939129262661173864601800410554422143429339219,12.019,553.652,sha256:9024dbc83b8168363c07d710dcc5e55d6831294a3e7970c28108e31b0b0bfcd7,9a7829fe2584259f1dd0dc45cf73c5ce904fce7e61e964fb7958826f156b43be,ok,
V2-PRV-D2-01-run1,S20261005T152152Z,cpu2,78293fa0e970,primary,V2-PRV-D2-01-run1/cpu2/primary1a1/m4,1,1,4,1,0,,groth16,6,0,2026-10-05T16:06:57.453Z,0.811,44.459,428.33,22.366,21.163,495.967,496.015,1253795,ea2368c5701f4885dc1bd9120ebd0b3419c495066983d2c215030506b1968bd4,1,1,1,10532757130067282663983599398935360485967103778186217285995762441905303040250,10532757130067282663983599398935360485967103778186217285995762441905303040250,13.092,528.008,sha256:9024dbc83b8168363c07d710dcc5e55d6831294a3e7970c28108e31b0b0bfcd7,9a7829fe2584259f1dd0dc45cf73c5ce904fce7e61e964fb7958826f156b43be,ok,
V2-PRV-D2-01-run1,S20261005T152152Z,cpu2,78293fa0e970,primary,V2-PRV-D2-01-run1/cpu2/primary1a1/m5,1,1,5,1,0,,plonk,11,0,2026-10-05T16:06:58.020Z,12.829,45.505,49437.42,13.845,11.223,49509.599,49509.65,101216064,55b85a8c273635d0f8f2cdda0e7ce81b35231792d5212b770681d612dbf1c56a,1,1,1,2331069663988172194036823937050772334301923846801859971199361438858855491288,2331069663988172194036823937050772334301923846801859971199361438858855491288,11.998,555.434,sha256:9024dbc83b8168363c07d710dcc5e55d6831294a3e7970c28108e31b0b0bfcd7,9a7829fe2584259f1dd0dc45cf73c5ce904fce7e61e964fb7958826f156b43be,ok,
V2-PRV-D2-01-run1,S20261005T152152Z,cpu2,78293fa0e970,primary,V2-PRV-D2-01-run1/cpu2/primary1a1/m6,1,1,6,1,0,,plonk,7,0,2026-10-05T16:07:47.571Z,1.039,44.95,25159.09,16.091,11.284,25221.171,25221.223,51171376,e601552aba9f4692ef0f1d2d75ceade0e48da52ddad45690306a402c03eb810f,1,1,1,9026274488482297584789229036856073050395813352045422820229792111497560353893,9026274488482297584789229036856073050395813352045422820229792111497560353893,11.692,554.801,sha256:9024dbc83b8168363c07d710dcc5e55d6831294a3e7970c28108e31b0b0bfcd7,9a7829fe2584259f1dd0dc45cf73c5ce904fce7e61e964fb7958826f156b43be,ok,
V2-PRV-D2-01-run1,S20261005T152152Z,cpu2,78293fa0e970,primary,V2-PRV-D2-01-run1/cpu2/primary1a1/m7,1,1,7,1,0,,groth16,5,0,2026-10-05T16:08:12.835Z,0.736,47.504,375.903,18.159,20.779,442.302,442.356,1133343,41c7636150900ee72cf6323930dd506bd0fc015a94a20905cc61c856b4fe919a,1,1,1,20219445350743929204131453627914351950554712481604845279550177385716225267064,20219445350743929204131453627914351950554712481604845279550177385716225267064,13.031,529.094,sha256:9024dbc83b8168363c07d710dcc5e55d6831294a3e7970c28108e31b0b0bfcd7,9a7829fe2584259f1dd0dc45cf73c5ce904fce7e61e964fb7958826f156b43be,ok,
V2-PRV-D2-01-run1,S20261005T152152Z,cpu2,78293fa0e970,primary,V2-PRV-D2-01-run1/cpu2/primary1a1/m8,1,1,8,1,0,,plonk,15,0,2026-10-05T16:08:13.347Z,308.33,62.933,49367.339,16.318,11.04,49754.922,49754.999,101977680,590ecdca303cbdece71bd9566d50ed9ad6168b343d2955edb57da417b966d08b,1,1,1,5538221348906088419474490245423435983421913751881271203929586843786047312620,5538221348906088419474490245423435983421913751881271203929586843786047312620,11.701,557,sha256:9024dbc83b8168363c07d710dcc5e55d6831294a3e7970c28108e31b0b0bfcd7,9a7829fe2584259f1dd0dc45cf73c5ce904fce7e61e964fb7958826f156b43be,ok,
V2-PRV-D2-01-run1,S20261005T152152Z,cpu2,78293fa0e970,primary,V2-PRV-D2-01-run1/cpu2/primary1a1/m9,1,1,9,1,0,,plonk,5,0,2026-10-05T16:09:03.147Z,0.738,44.272,25060.529,26.421,10.862,25131.96,25132.017,50790568,8b7d89ef154d0704a4a5fb8df978ea728f0decad61374b1d3a80a026ad357fec,1,1,1,20219445350743929204131453627914351950554712481604845279550177385716225267064,20219445350743929204131453627914351950554712481604845279550177385716225267064,11.916,558.223,sha256:9024dbc83b8168363c07d710dcc5e55d6831294a3e7970c28108e31b0b0bfcd7,9a7829fe2584259f1dd0dc45cf73c5ce904fce7e61e964fb7958826f156b43be,ok,
V2-PRV-D2-01-run1,S20261005T152152Z,cpu2,78293fa0e970,primary,V2-PRV-D2-01-run1/cpu2/primary1a1/m10,1,1,10,1,0,,plonk,6,0,2026-10-05T16:09:28.321Z,0.825,46.653,25076.941,16.162,10.957,25140.581,25140.636,50980972,75b0f7800ba9bbd996a5aba5e02258e755536462dae72897fb9805a733486612,1,1,1,10532757130067282663983599398935360485967103778186217285995762441905303040250,10532757130067282663983599398935360485967103778186217285995762441905303040250,11.656,557.164,sha256:9024dbc83b8168363c07d710dcc5e55d6831294a3e7970c28108e31b0b0bfcd7,9a7829fe2584259f1dd0dc45cf73c5ce904fce7e61e964fb7958826f156b43be,ok,
V2-PRV-D2-01-run1,S20261005T152152Z,cpu2,78293fa0e970,primary,V2-PRV-D2-01-run1/cpu2/primary1a1/m11,1,1,11,1,0,,plonk,8,0,2026-10-05T16:09:53.505Z,1.875,44.627,25112.121,20.265,11.019,25178.888,25178.947,51361780,42dce5eab9336cf59161d106dd2c9da704b3a453c67dc5f6a284a94331eca87c,1,1,1,11208238821759301031658742314369964146518915978230190408192556840886074910205,11208238821759301031658742314369964146518915978230190408192556840886074910205,11.912,560.211,sha256:9024dbc83b8168363c07d710dcc5e55d6831294a3e7970c28108e31b0b0bfcd7,9a7829fe2584259f1dd0dc45cf73c5ce904fce7e61e964fb7958826f156b43be,ok,
V2-PRV-D2-01-run1,S20261005T152152Z,cpu2,78293fa0e970,primary,V2-PRV-D2-01-run1/cpu2/primary1a1/m12,1,1,12,1,0,,plonk,13,0,2026-10-05T16:10:18.726Z,64.16,55.706,49223.443,20.149,12.685,49363.458,49363.517,101596872,ecc4eb82a5958bf47b7b157e77ed7abc103fb2ebeec94211db85c4d20c7c607c,1,1,1,13018560099362082186863424433928374003133451805803510125393454640522484396813,13018560099362082186863424433928374003133451805803510125393454640522484396813,11.933,563.23,sha256:9024dbc83b8168363c07d710dcc5e55d6831294a3e7970c28108e31b0b0bfcd7,9a7829fe2584259f1dd0dc45cf73c5ce904fce7e61e964fb7958826f156b43be,ok,
V2-PRV-D2-01-run1,S20261005T152152Z,cpu2,78293fa0e970,primary,V2-PRV-D2-01-run1/cpu2/primary1a1/m13,1,1,13,1,0,,plonk,10,0,2026-10-05T16:11:08.135Z,5.174,46.451,25218.796,21.707,11.037,25292.128,25292.175,51742588,bebeabf9a0c71095a0054d8bd4225201a55744b4b0560ef0825703d4931d0ced,1,1,1,15051918923212186249893826717407673651397890896320211215644860331911956986283,15051918923212186249893826717407673651397890896320211215644860331911956986283,11.981,563.27,sha256:9024dbc83b8168363c07d710dcc5e55d6831294a3e7970c28108e31b0b0bfcd7,9a7829fe2584259f1dd0dc45cf73c5ce904fce7e61e964fb7958826f156b43be,ok,
V2-PRV-D2-01-run1,S20261005T152152Z,cpu2,78293fa0e970,primary,V2-PRV-D2-01-run1/cpu2/primary1a1/m14,1,1,14,1,0,,groth16,15,0,2026-10-05T16:11:33.469Z,311.116,84.666,686.041,21.818,20.591,1103.641,1103.716,2468935,d6be53096894f276c29d0702fcead9cafd5a510db26c6b563aa91a72f3a7c974,1,1,1,5538221348906088419474490245423435983421913751881271203929586843786047312620,5538221348906088419474490245423435983421913751881271203929586843786047312620,13.176,536.75,sha256:9024dbc83b8168363c07d710dcc5e55d6831294a3e7970c28108e31b0b0bfcd7,9a7829fe2584259f1dd0dc45cf73c5ce904fce7e61e964fb7958826f156b43be,ok,
V2-PRV-D2-01-run1,S20261005T152152Z,cpu2,78293fa0e970,primary,V2-PRV-D2-01-run1/cpu2/primary1a1/m15,1,1,15,1,0,,plonk,9,0,2026-10-05T16:11:34.641Z,3.123,46.135,25072.99,22.092,11.451,25144.339,25144.387,51552184,9dc1fed4ae801e210c410e345557301925ad182187f5f64aedebb0ef6a13cf67,1,1,1,6984258666005320425026512790395532096094174015337867819103339755428425654885,6984258666005320425026512790395532096094174015337867819103339755428425654885,11.984,564.023,sha256:9024dbc83b8168363c07d710dcc5e55d6831294a3e7970c28108e31b0b0bfcd7,9a7829fe2584259f1dd0dc45cf73c5ce904fce7e61e964fb7958826f156b43be,ok,
V2-PRV-D2-01-run1,S20261005T152152Z,cpu2,78293fa0e970,primary,V2-PRV-D2-01-run1/cpu2/primary1a1/m16,1,1,16,1,0,,groth16,14,0,2026-10-05T16:11:59.829Z,115.577,65.133,652.63,19.433,16.902,852.773,852.834,2348483,b0be38259edaa109196790233512dc26d29f0e31a9506021bad97c60834e4df2,1,1,1,12572480465523292994716985171141939129262661173864601800410554422143429339219,12572480465523292994716985171141939129262661173864601800410554422143429339219,13.216,536.355,sha256:9024dbc83b8168363c07d710dcc5e55d6831294a3e7970c28108e31b0b0bfcd7,9a7829fe2584259f1dd0dc45cf73c5ce904fce7e61e964fb7958826f156b43be,ok,
V2-PRV-D2-01-run1,S20261005T152152Z,cpu2,78293fa0e970,primary,V2-PRV-D2-01-run1/cpu2/primary1a1/m17,1,1,17,1,0,,groth16,12,0,2026-10-05T16:12:00.745Z,38.217,54.269,613.736,18.539,19.983,724.762,724.813,2107579,3fdb01845d81a3cdbbba88fcf45b948195abf01ba68c30be8a5f3e3546d4e81e,1,1,1,20765103782140504056642351574627691742460497089285629062356351732411546548551,20765103782140504056642351574627691742460497089285629062356351732411546548551,13.146,538.48,sha256:9024dbc83b8168363c07d710dcc5e55d6831294a3e7970c28108e31b0b0bfcd7,9a7829fe2584259f1dd0dc45cf73c5ce904fce7e61e964fb7958826f156b43be,ok,
V2-PRV-D2-01-run1,S20261005T152152Z,cpu2,78293fa0e970,primary,V2-PRV-D2-01-run1/cpu2/primary1a1/m18,1,1,18,1,0,,groth16,10,0,2026-10-05T16:12:01.541Z,5.334,51.638,556.4,19.209,19.938,632.582,632.625,1866675,656d9ee8dd285db6410e0a4b4317201829a1347f7cc3ef6d8de625e8f99f432a,1,1,1,15051918923212186249893826717407673651397890896320211215644860331911956986283,15051918923212186249893826717407673651397890896320211215644860331911956986283,12.31,538.551,sha256:9024dbc83b8168363c07d710dcc5e55d6831294a3e7970c28108e31b0b0bfcd7,9a7829fe2584259f1dd0dc45cf73c5ce904fce7e61e964fb7958826f156b43be,ok,
V2-PRV-D2-01-run1,S20261005T152152Z,cpu2,78293fa0e970,primary,V2-PRV-D2-01-run1/cpu2/primary1a1/m19,1,1,19,1,0,,groth16,13,0,2026-10-05T16:12:02.241Z,84.235,54.574,640.099,19.626,19.302,798.534,798.598,2228031,53cbdd1f02a65121d6c7044031c6cfa4c6ce66c0b9712dd28fe86ef4c6512c1b,1,1,1,13018560099362082186863424433928374003133451805803510125393454640522484396813,13018560099362082186863424433928374003133451805803510125393454640522484396813,23.255,572.25,sha256:9024dbc83b8168363c07d710dcc5e55d6831294a3e7970c28108e31b0b0bfcd7,9a7829fe2584259f1dd0dc45cf73c5ce904fce7e61e964fb7958826f156b43be,ok,
V2-PRV-D2-01-run1,S20261005T152152Z,cpu2,78293fa0e970,primary,V2-PRV-D2-01-run1/cpu2/primary1a1/m20,1,1,20,1,0,,plonk,12,0,2026-10-05T16:12:03.107Z,21.785,55.832,49249.123,14.212,10.953,49340.952,49341.003,101406468,ac66b87842b1343c8548cf4e922c1ee3249b5519daa07857ea88621896f01c1d,1,1,1,20765103782140504056642351574627691742460497089285629062356351732411546548551,20765103782140504056642351574627691742460497089285629062356351732411546548551,11.98,567.059,sha256:9024dbc83b8168363c07d710dcc5e55d6831294a3e7970c28108e31b0b0bfcd7,9a7829fe2584259f1dd0dc45cf73c5ce904fce7e61e964fb7958826f156b43be,ok,
V2-PRV-D2-01-run1,S20261005T152152Z,cpu2,78293fa0e970,primary,V2-PRV-D2-01-run1/cpu2/primary1a1/m21,1,1,21,1,0,,groth16,9,0,2026-10-05T16:12:52.492Z,2.767,44.475,518.044,17.654,17.663,582.939,582.987,1746223,b211630d00c7c2d0e5309876a16c72ad66909d7301385d4da830c4a8d71e391e,1,1,1,6984258666005320425026512790395532096094174015337867819103339755428425654885,6984258666005320425026512790395532096094174015337867819103339755428425654885,11.335,542.258,sha256:9024dbc83b8168363c07d710dcc5e55d6831294a3e7970c28108e31b0b0bfcd7,9a7829fe2584259f1dd0dc45cf73c5ce904fce7e61e964fb7958826f156b43be,ok,
V2-PRV-D2-01-run1,S20261005T152152Z,cpu2,78293fa0e970,primary,V2-PRV-D2-01-run1/cpu2/primary1a1/m22,1,1,22,1,0,,groth16,11,0,2026-10-05T16:12:53.137Z,12.984,58.78,579.695,19.849,19.017,671.309,671.357,1987127,1241508317856e8cb42cf71f43cafeb13e26a2553d595182aefca30b78a5b754,1,1,1,2331069663988172194036823937050772334301923846801859971199361438858855491288,2331069663988172194036823937050772334301923846801859971199361438858855491288,13.535,546.902,sha256:9024dbc83b8168363c07d710dcc5e55d6831294a3e7970c28108e31b0b0bfcd7,9a7829fe2584259f1dd0dc45cf73c5ce904fce7e61e964fb7958826f156b43be,ok,
V2-PRV-D2-01-run1,S20261005T152152Z,cpu2,6ea890270419,primary,V2-PRV-D2-01-run1/cpu2/primary2a1/in_process1,2,1,1,2,1,in_process,groth16,5,0,2026-10-05T16:13:00.879Z,0.76,46.018,753.708,25.141,30.97,825.627,825.69,1133343,41c7636150900ee72cf6323930dd506bd0fc015a94a20905cc61c856b4fe919a,1,1,1,20219445350743929204131453627914351950554712481604845279550177385716225267064,20219445350743929204131453627914351950554712481604845279550177385716225267064,19.213,199.098,sha256:9024dbc83b8168363c07d710dcc5e55d6831294a3e7970c28108e31b0b0bfcd7,9a7829fe2584259f1dd0dc45cf73c5ce904fce7e61e964fb7958826f156b43be,ok,
V2-PRV-D2-01-run1,S20261005T152152Z,cpu2,6ea890270419,primary,V2-PRV-D2-01-run1/cpu2/primary2a1/in_process2,2,1,2,2,1,in_process,plonk,5,0,2026-10-05T16:13:01.804Z,0.691,43.594,25004.294,12.966,11.183,25061.544,25061.597,50790568,8b7d89ef154d0704a4a5fb8df978ea728f0decad61374b1d3a80a026ad357fec,1,1,1,20219445350743929204131453627914351950554712481604845279550177385716225267064,20219445350743929204131453627914351950554712481604845279550177385716225267064,12.846,365.359,sha256:9024dbc83b8168363c07d710dcc5e55d6831294a3e7970c28108e31b0b0bfcd7,9a7829fe2584259f1dd0dc45cf73c5ce904fce7e61e964fb7958826f156b43be,ok,
V2-PRV-D2-01-run1,S20261005T152152Z,cpu2,6ea890270419,primary,V2-PRV-D2-01-run1/cpu2/primary2a1/m1,2,1,1,2,0,,groth16,8,0,2026-10-05T16:13:26.907Z,1.723,48.793,487.076,32.003,22.645,569.596,569.652,1625771,5ed3b83d5f5aad4ca7fa25c79bc0fa86d421d2202a7e7054079f14b9e1c2f4cd,1,1,1,11208238821759301031658742314369964146518915978230190408192556840886074910205,11208238821759301031658742314369964146518915978230190408192556840886074910205,13.174,339.602,sha256:9024dbc83b8168363c07d710dcc5e55d6831294a3e7970c28108e31b0b0bfcd7,9a7829fe2584259f1dd0dc45cf73c5ce904fce7e61e964fb7958826f156b43be,ok,
V2-PRV-D2-01-run1,S20261005T152152Z,cpu2,6ea890270419,primary,V2-PRV-D2-01-run1/cpu2/primary2a1/m2,2,1,2,2,0,,plonk,8,0,2026-10-05T16:13:27.550Z,1.614,41.113,25016.796,13.057,11.22,25072.58,25072.649,51361780,42dce5eab9336cf59161d106dd2c9da704b3a453c67dc5f6a284a94331eca87c,1,1,1,11208238821759301031658742314369964146518915978230190408192556840886074910205,11208238821759301031658742314369964146518915978230190408192556840886074910205,11.939,370.012,sha256:9024dbc83b8168363c07d710dcc5e55d6831294a3e7970c28108e31b0b0bfcd7,9a7829fe2584259f1dd0dc45cf73c5ce904fce7e61e964fb7958826f156b43be,ok,
V2-PRV-D2-01-run1,S20261005T152152Z,cpu2,6ea890270419,primary,V2-PRV-D2-01-run1/cpu2/primary2a1/m3,2,1,3,2,0,,plonk,5,0,2026-10-05T16:13:52.668Z,0.709,45.059,24940.884,15.683,13.346,25002.335,25002.396,50790568,8b7d89ef154d0704a4a5fb8df978ea728f0decad61374b1d3a80a026ad357fec,1,1,1,20219445350743929204131453627914351950554712481604845279550177385716225267064,20219445350743929204131453627914351950554712481604845279550177385716225267064,12.123,372.203,sha256:9024dbc83b8168363c07d710dcc5e55d6831294a3e7970c28108e31b0b0bfcd7,9a7829fe2584259f1dd0dc45cf73c5ce904fce7e61e964fb7958826f156b43be,ok,
V2-PRV-D2-01-run1,S20261005T152152Z,cpu2,6ea890270419,primary,V2-PRV-D2-01-run1/cpu2/primary2a1/m4,2,1,4,2,0,,plonk,14,0,2026-10-05T16:14:17.718Z,115.594,60.77,49075.814,15.741,11.02,49267.92,49267.985,101787276,61d7365d9163bc99ded1dfbd03499b9283c2947715292debbde41b3796b6b916,1,1,1,12572480465523292994716985171141939129262661173864601800410554422143429339219,12572480465523292994716985171141939129262661173864601800410554422143429339219,12.378,509.867,sha256:9024dbc83b8168363c07d710dcc5e55d6831294a3e7970c28108e31b0b0bfcd7,9a7829fe2584259f1dd0dc45cf73c5ce904fce7e61e964fb7958826f156b43be,ok,
V2-PRV-D2-01-run1,S20261005T152152Z,cpu2,6ea890270419,primary,V2-PRV-D2-01-run1/cpu2/primary2a1/m5,2,1,5,2,0,,groth16,5,0,2026-10-05T16:15:07.032Z,0.724,44.538,420.164,18.451,18.805,483.877,483.929,1133343,41c7636150900ee72cf6323930dd506bd0fc015a94a20905cc61c856b4fe919a,1,1,1,20219445350743929204131453627914351950554712481604845279550177385716225267064,20219445350743929204131453627914351950554712481604845279550177385716225267064,13.484,438.855,sha256:9024dbc83b8168363c07d710dcc5e55d6831294a3e7970c28108e31b0b0bfcd7,9a7829fe2584259f1dd0dc45cf73c5ce904fce7e61e964fb7958826f156b43be,ok,
V2-PRV-D2-01-run1,S20261005T152152Z,cpu2,6ea890270419,primary,V2-PRV-D2-01-run1/cpu2/primary2a1/m6,2,1,6,2,0,,groth16,10,0,2026-10-05T16:15:07.582Z,5.044,54.732,545.124,24.433,17.989,629.332,629.392,1866675,656d9ee8dd285db6410e0a4b4317201829a1347f7cc3ef6d8de625e8f99f432a,1,1,1,15051918923212186249893826717407673651397890896320211215644860331911956986283,15051918923212186249893826717407673651397890896320211215644860331911956986283,12.974,333.941,sha256:9024dbc83b8168363c07d710dcc5e55d6831294a3e7970c28108e31b0b0bfcd7,9a7829fe2584259f1dd0dc45cf73c5ce904fce7e61e964fb7958826f156b43be,ok,
V2-PRV-D2-01-run1,S20261005T152152Z,cpu2,6ea890270419,primary,V2-PRV-D2-01-run1/cpu2/primary2a1/m7,2,1,7,2,0,,plonk,12,0,2026-10-05T16:15:08.277Z,39.112,53.136,48790.153,13.273,11.324,48895.675,48895.727,101406468,ac66b87842b1343c8548cf4e922c1ee3249b5519daa07857ea88621896f01c1d,1,1,1,20765103782140504056642351574627691742460497089285629062356351732411546548551,20765103782140504056642351574627691742460497089285629062356351732411546548551,12.483,511.898,sha256:9024dbc83b8168363c07d710dcc5e55d6831294a3e7970c28108e31b0b0bfcd7,9a7829fe2584259f1dd0dc45cf73c5ce904fce7e61e964fb7958826f156b43be,ok,
V2-PRV-D2-01-run1,S20261005T152152Z,cpu2,6ea890270419,primary,V2-PRV-D2-01-run1/cpu2/primary2a1/m8,2,1,8,2,0,,plonk,6,0,2026-10-05T16:15:57.215Z,0.796,59.796,24879.43,20.969,10.999,24960.991,24961.056,50980972,75b0f7800ba9bbd996a5aba5e02258e755536462dae72897fb9805a733486612,1,1,1,10532757130067282663983599398935360485967103778186217285995762441905303040250,10532757130067282663983599398935360485967103778186217285995762441905303040250,12.157,416.621,sha256:9024dbc83b8168363c07d710dcc5e55d6831294a3e7970c28108e31b0b0bfcd7,9a7829fe2584259f1dd0dc45cf73c5ce904fce7e61e964fb7958826f156b43be,ok,
V2-PRV-D2-01-run1,S20261005T152152Z,cpu2,6ea890270419,primary,V2-PRV-D2-01-run1/cpu2/primary2a1/m9,2,1,9,2,0,,plonk,11,0,2026-10-05T16:16:22.217Z,9.804,64.819,48805.418,16.234,12.758,48896.275,48896.323,101216064,55b85a8c273635d0f8f2cdda0e7ce81b35231792d5212b770681d612dbf1c56a,1,1,1,2331069663988172194036823937050772334301923846801859971199361438858855491288,2331069663988172194036823937050772334301923846801859971199361438858855491288,12.54,519.34,sha256:9024dbc83b8168363c07d710dcc5e55d6831294a3e7970c28108e31b0b0bfcd7,9a7829fe2584259f1dd0dc45cf73c5ce904fce7e61e964fb7958826f156b43be,ok,
V2-PRV-D2-01-run1,S20261005T152152Z,cpu2,6ea890270419,primary,V2-PRV-D2-01-run1/cpu2/primary2a1/m10,2,1,10,2,0,,groth16,9,0,2026-10-05T16:17:11.158Z,13.964,50.625,596.717,19.099,18.476,680.405,680.467,1746223,b211630d00c7c2d0e5309876a16c72ad66909d7301385d4da830c4a8d71e391e,1,1,1,6984258666005320425026512790395532096094174015337867819103339755428425654885,6984258666005320425026512790395532096094174015337867819103339755428425654885,13.255,353.82,sha256:9024dbc83b8168363c07d710dcc5e55d6831294a3e7970c28108e31b0b0bfcd7,9a7829fe2584259f1dd0dc45cf73c5ce904fce7e61e964fb7958826f156b43be,ok,
V2-PRV-D2-01-run1,S20261005T152152Z,cpu2,6ea890270419,primary,V2-PRV-D2-01-run1/cpu2/primary2a1/m11,2,1,11,2,0,,groth16,11,0,2026-10-05T16:17:11.903Z,12.689,43.938,618.859,17.371,19.764,692.857,692.903,1987127,1241508317856e8cb42cf71f43cafeb13e26a2553d595182aefca30b78a5b754,1,1,1,2331069663988172194036823937050772334301923846801859971199361438858855491288,2331069663988172194036823937050772334301923846801859971199361438858855491288,12.343,356.188,sha256:9024dbc83b8168363c07d710dcc5e55d6831294a3e7970c28108e31b0b0bfcd7,9a7829fe2584259f1dd0dc45cf73c5ce904fce7e61e964fb7958826f156b43be,ok,
V2-PRV-D2-01-run1,S20261005T152152Z,cpu2,6ea890270419,primary,V2-PRV-D2-01-run1/cpu2/primary2a1/m12,2,1,12,2,0,,groth16,13,0,2026-10-05T16:17:12.664Z,83.068,62.821,644.13,19.173,19.043,809.192,809.256,2228031,53cbdd1f02a65121d6c7044031c6cfa4c6ce66c0b9712dd28fe86ef4c6512c1b,1,1,1,13018560099362082186863424433928374003133451805803510125393454640522484396813,13018560099362082186863424433928374003133451805803510125393454640522484396813,23.292,389.762,sha256:9024dbc83b8168363c07d710dcc5e55d6831294a3e7970c28108e31b0b0bfcd7,9a7829fe2584259f1dd0dc45cf73c5ce904fce7e61e964fb7958826f156b43be,ok,
V2-PRV-D2-01-run1,S20261005T152152Z,cpu2,6ea890270419,primary,V2-PRV-D2-01-run1/cpu2/primary2a1/m13,2,1,13,2,0,,groth16,15,0,2026-10-05T16:17:13.542Z,272.678,64.446,672.925,21.03,19.295,1031.079,1031.146,2468935,d6be53096894f276c29d0702fcead9cafd5a510db26c6b563aa91a72f3a7c974,1,1,1,5538221348906088419474490245423435983421913751881271203929586843786047312620,5538221348906088419474490245423435983421913751881271203929586843786047312620,13.236,357.133,sha256:9024dbc83b8168363c07d710dcc5e55d6831294a3e7970c28108e31b0b0bfcd7,9a7829fe2584259f1dd0dc45cf73c5ce904fce7e61e964fb7958826f156b43be,ok,
V2-PRV-D2-01-run1,S20261005T152152Z,cpu2,6ea890270419,primary,V2-PRV-D2-01-run1/cpu2/primary2a1/m14,2,1,14,2,0,,plonk,10,0,2026-10-05T16:17:14.642Z,5.159,50.037,24932.506,19.007,11.119,25006.709,25006.755,51742588,bebeabf9a0c71095a0054d8bd4225201a55744b4b0560ef0825703d4931d0ced,1,1,1,15051918923212186249893826717407673651397890896320211215644860331911956986283,15051918923212186249893826717407673651397890896320211215644860331911956986283,12.257,399.18,sha256:9024dbc83b8168363c07d710dcc5e55d6831294a3e7970c28108e31b0b0bfcd7,9a7829fe2584259f1dd0dc45cf73c5ce904fce7e61e964fb7958826f156b43be,ok,
V2-PRV-D2-01-run1,S20261005T152152Z,cpu2,6ea890270419,primary,V2-PRV-D2-01-run1/cpu2/primary2a1/m15,2,1,15,2,0,,groth16,6,0,2026-10-05T16:17:39.689Z,0.812,44.16,428.701,20.165,21.3,493.838,493.886,1253795,ea2368c5701f4885dc1bd9120ebd0b3419c495066983d2c215030506b1968bd4,1,1,1,10532757130067282663983599398935360485967103778186217285995762441905303040250,10532757130067282663983599398935360485967103778186217285995762441905303040250,13.276,373.891,sha256:9024dbc83b8168363c07d710dcc5e55d6831294a3e7970c28108e31b0b0bfcd7,9a7829fe2584259f1dd0dc45cf73c5ce904fce7e61e964fb7958826f156b43be,ok,
V2-PRV-D2-01-run1,S20261005T152152Z,cpu2,6ea890270419,primary,V2-PRV-D2-01-run1/cpu2/primary2a1/m16,2,1,16,2,0,,plonk,15,0,2026-10-05T16:17:40.255Z,283.373,76.655,48795.927,15.317,12.731,49171.272,49171.345,101977680,590ecdca303cbdece71bd9566d50ed9ad6168b343d2955edb57da417b966d08b,1,1,1,5538221348906088419474490245423435983421913751881271203929586843786047312620,5538221348906088419474490245423435983421913751881271203929586843786047312620,12.213,385,sha256:9024dbc83b8168363c07d710dcc5e55d6831294a3e7970c28108e31b0b0bfcd7,9a7829fe2584259f1dd0dc45cf73c5ce904fce7e61e964fb7958826f156b43be,ok,
V2-PRV-D2-01-run1,S20261005T152152Z,cpu2,6ea890270419,primary,V2-PRV-D2-01-run1/cpu2/primary2a1/m17,2,1,17,2,0,,groth16,12,0,2026-10-05T16:18:29.483Z,19.377,49.986,598.396,21.859,18.621,689.617,689.672,2107579,3fdb01845d81a3cdbbba88fcf45b948195abf01ba68c30be8a5f3e3546d4e81e,1,1,1,20765103782140504056642351574627691742460497089285629062356351732411546548551,20765103782140504056642351574627691742460497089285629062356351732411546548551,11.766,357.363,sha256:9024dbc83b8168363c07d710dcc5e55d6831294a3e7970c28108e31b0b0bfcd7,9a7829fe2584259f1dd0dc45cf73c5ce904fce7e61e964fb7958826f156b43be,ok,
V2-PRV-D2-01-run1,S20261005T152152Z,cpu2,6ea890270419,primary,V2-PRV-D2-01-run1/cpu2/primary2a1/m18,2,1,18,2,0,,plonk,9,0,2026-10-05T16:18:30.236Z,2.587,49.312,24933.976,17.497,13.069,25003.372,25003.424,51552184,9dc1fed4ae801e210c410e345557301925ad182187f5f64aedebb0ef6a13cf67,1,1,1,6984258666005320425026512790395532096094174015337867819103339755428425654885,6984258666005320425026512790395532096094174015337867819103339755428425654885,12.117,398.285,sha256:9024dbc83b8168363c07d710dcc5e55d6831294a3e7970c28108e31b0b0bfcd7,9a7829fe2584259f1dd0dc45cf73c5ce904fce7e61e964fb7958826f156b43be,ok,
V2-PRV-D2-01-run1,S20261005T152152Z,cpu2,6ea890270419,primary,V2-PRV-D2-01-run1/cpu2/primary2a1/m19,2,1,19,2,0,,plonk,13,0,2026-10-05T16:18:55.286Z,64.121,58.462,48706.35,11.988,10.721,48840.921,48840.981,101596872,ecc4eb82a5958bf47b7b157e77ed7abc103fb2ebeec94211db85c4d20c7c607c,1,1,1,13018560099362082186863424433928374003133451805803510125393454640522484396813,13018560099362082186863424433928374003133451805803510125393454640522484396813,13.024,521.492,sha256:9024dbc83b8168363c07d710dcc5e55d6831294a3e7970c28108e31b0b0bfcd7,9a7829fe2584259f1dd0dc45cf73c5ce904fce7e61e964fb7958826f156b43be,ok,
V2-PRV-D2-01-run1,S20261005T152152Z,cpu2,6ea890270419,primary,V2-PRV-D2-01-run1/cpu2/primary2a1/m20,2,1,20,2,0,,plonk,7,0,2026-10-05T16:19:44.167Z,1.018,58.671,25094.481,14.458,11.034,25168.628,25168.701,51171376,e601552aba9f4692ef0f1d2d75ceade0e48da52ddad45690306a402c03eb810f,1,1,1,9026274488482297584789229036856073050395813352045422820229792111497560353893,9026274488482297584789229036856073050395813352045422820229792111497560353893,12.409,418.438,sha256:9024dbc83b8168363c07d710dcc5e55d6831294a3e7970c28108e31b0b0bfcd7,9a7829fe2584259f1dd0dc45cf73c5ce904fce7e61e964fb7958826f156b43be,ok,
V2-PRV-D2-01-run1,S20261005T152152Z,cpu2,6ea890270419,primary,V2-PRV-D2-01-run1/cpu2/primary2a1/m21,2,1,21,2,0,,groth16,14,0,2026-10-05T16:20:09.380Z,120.035,54.392,669.101,21.215,20.624,864.743,864.809,2348483,b0be38259edaa109196790233512dc26d29f0e31a9506021bad97c60834e4df2,1,1,1,12572480465523292994716985171141939129262661173864601800410554422143429339219,12572480465523292994716985171141939129262661173864601800410554422143429339219,11.766,392.426,sha256:9024dbc83b8168363c07d710dcc5e55d6831294a3e7970c28108e31b0b0bfcd7,9a7829fe2584259f1dd0dc45cf73c5ce904fce7e61e964fb7958826f156b43be,ok,
V2-PRV-D2-01-run1,S20261005T152152Z,cpu2,6ea890270419,primary,V2-PRV-D2-01-run1/cpu2/primary2a1/m22,2,1,22,2,0,,groth16,7,0,2026-10-05T16:20:10.314Z,0.956,49.688,434.463,19.939,19.241,505.046,505.129,1374247,c0f6d8c4ac9fa282780a2c229d7d086f87e26be62a3eefceb9f801e5076843aa,1,1,1,9026274488482297584789229036856073050395813352045422820229792111497560353893,9026274488482297584789229036856073050395813352045422820229792111497560353893,11.996,397.348,sha256:9024dbc83b8168363c07d710dcc5e55d6831294a3e7970c28108e31b0b0bfcd7,9a7829fe2584259f1dd0dc45cf73c5ce904fce7e61e964fb7958826f156b43be,ok,
V2-PRV-D2-01-run1,S20261005T152152Z,cpu2,540e20f38464,primary,V2-PRV-D2-01-run1/cpu2/primary3a1/in_process1,3,1,1,3,1,in_process,groth16,5,0,2026-10-05T16:39:25.536Z,0.76,46.137,759.98,22.154,30.285,829.031,829.128,1133343,41c7636150900ee72cf6323930dd506bd0fc015a94a20905cc61c856b4fe919a,1,1,1,20219445350743929204131453627914351950554712481604845279550177385716225267064,20219445350743929204131453627914351950554712481604845279550177385716225267064,15.966,196.785,sha256:9024dbc83b8168363c07d710dcc5e55d6831294a3e7970c28108e31b0b0bfcd7,9a7829fe2584259f1dd0dc45cf73c5ce904fce7e61e964fb7958826f156b43be,ok,
V2-PRV-D2-01-run1,S20261005T152152Z,cpu2,540e20f38464,primary,V2-PRV-D2-01-run1/cpu2/primary3a1/in_process2,3,1,2,3,1,in_process,plonk,5,0,2026-10-05T16:39:26.467Z,0.735,48.758,25270.553,12.957,11.065,25333.003,25333.117,50790568,8b7d89ef154d0704a4a5fb8df978ea728f0decad61374b1d3a80a026ad357fec,1,1,1,20219445350743929204131453627914351950554712481604845279550177385716225267064,20219445350743929204131453627914351950554712481604845279550177385716225267064,13.742,363.434,sha256:9024dbc83b8168363c07d710dcc5e55d6831294a3e7970c28108e31b0b0bfcd7,9a7829fe2584259f1dd0dc45cf73c5ce904fce7e61e964fb7958826f156b43be,ok,
V2-PRV-D2-01-run1,S20261005T152152Z,cpu2,540e20f38464,primary,V2-PRV-D2-01-run1/cpu2/primary3a1/m1,3,1,1,3,0,,groth16,15,0,2026-10-05T16:39:51.843Z,296.108,68.576,675.057,33.258,22.119,1073,1073.084,2468935,d6be53096894f276c29d0702fcead9cafd5a510db26c6b563aa91a72f3a7c974,1,1,1,5538221348906088419474490245423435983421913751881271203929586843786047312620,5538221348906088419474490245423435983421913751881271203929586843786047312620,14.086,186.332,sha256:9024dbc83b8168363c07d710dcc5e55d6831294a3e7970c28108e31b0b0bfcd7,9a7829fe2584259f1dd0dc45cf73c5ce904fce7e61e964fb7958826f156b43be,ok,
V2-PRV-D2-01-run1,S20261005T152152Z,cpu2,540e20f38464,primary,V2-PRV-D2-01-run1/cpu2/primary3a1/m2,3,1,2,3,0,,groth16,14,0,2026-10-05T16:39:52.988Z,151.465,57.12,667.017,20.101,21.46,895.703,895.789,2348483,b0be38259edaa109196790233512dc26d29f0e31a9506021bad97c60834e4df2,1,1,1,12572480465523292994716985171141939129262661173864601800410554422143429339219,12572480465523292994716985171141939129262661173864601800410554422143429339219,12.484,205.797,sha256:9024dbc83b8168363c07d710dcc5e55d6831294a3e7970c28108e31b0b0bfcd7,9a7829fe2584259f1dd0dc45cf73c5ce904fce7e61e964fb7958826f156b43be,ok,
V2-PRV-D2-01-run1,S20261005T152152Z,cpu2,540e20f38464,primary,V2-PRV-D2-01-run1/cpu2/primary3a1/m3,3,1,3,3,0,,groth16,10,0,2026-10-05T16:39:53.961Z,5.022,46.851,560.475,19.922,18.65,632.271,632.317,1866675,656d9ee8dd285db6410e0a4b4317201829a1347f7cc3ef6d8de625e8f99f432a,1,1,1,15051918923212186249893826717407673651397890896320211215644860331911956986283,15051918923212186249893826717407673651397890896320211215644860331911956986283,14.323,205.645,sha256:9024dbc83b8168363c07d710dcc5e55d6831294a3e7970c28108e31b0b0bfcd7,9a7829fe2584259f1dd0dc45cf73c5ce904fce7e61e964fb7958826f156b43be,ok,
V2-PRV-D2-01-run1,S20261005T152152Z,cpu2,540e20f38464,primary,V2-PRV-D2-01-run1/cpu2/primary3a1/m4,3,1,4,3,0,,groth16,8,0,2026-10-05T16:39:54.663Z,1.626,47.802,517.679,23.826,21.934,590.933,590.98,1625771,5ed3b83d5f5aad4ca7fa25c79bc0fa86d421d2202a7e7054079f14b9e1c2f4cd,1,1,1,11208238821759301031658742314369964146518915978230190408192556840886074910205,11208238821759301031658742314369964146518915978230190408192556840886074910205,14.52,204.906,sha256:9024dbc83b8168363c07d710dcc5e55d6831294a3e7970c28108e31b0b0bfcd7,9a7829fe2584259f1dd0dc45cf73c5ce904fce7e61e964fb7958826f156b43be,ok,
V2-PRV-D2-01-run1,S20261005T152152Z,cpu2,540e20f38464,primary,V2-PRV-D2-01-run1/cpu2/primary3a1/m5,3,1,5,3,0,,plonk,9,0,2026-10-05T16:39:55.326Z,2.829,46.305,25130.477,20.001,11.568,25199.611,25199.661,51552184,9dc1fed4ae801e210c410e345557301925ad182187f5f64aedebb0ef6a13cf67,1,1,1,6984258666005320425026512790395532096094174015337867819103339755428425654885,6984258666005320425026512790395532096094174015337867819103339755428425654885,13.274,320.664,sha256:9024dbc83b8168363c07d710dcc5e55d6831294a3e7970c28108e31b0b0bfcd7,9a7829fe2584259f1dd0dc45cf73c5ce904fce7e61e964fb7958826f156b43be,ok,
V2-PRV-D2-01-run1,S20261005T152152Z,cpu2,540e20f38464,primary,V2-PRV-D2-01-run1/cpu2/primary3a1/m6,3,1,6,3,0,,plonk,13,0,2026-10-05T16:40:20.575Z,63.862,61.242,49106.998,13.868,11.34,49245.971,49246.054,101596872,ecc4eb82a5958bf47b7b157e77ed7abc103fb2ebeec94211db85c4d20c7c607c,1,1,1,13018560099362082186863424433928374003133451805803510125393454640522484396813,13018560099362082186863424433928374003133451805803510125393454640522484396813,13.398,499.973,sha256:9024dbc83b8168363c07d710dcc5e55d6831294a3e7970c28108e31b0b0bfcd7,9a7829fe2584259f1dd0dc45cf73c5ce904fce7e61e964fb7958826f156b43be,ok,
V2-PRV-D2-01-run1,S20261005T152152Z,cpu2,540e20f38464,primary,V2-PRV-D2-01-run1/cpu2/primary3a1/m7,3,1,7,3,0,,plonk,12,0,2026-10-05T16:41:09.865Z,19.532,47.265,49323.782,13.62,11.038,49404.199,49404.25,101406468,ac66b87842b1343c8548cf4e922c1ee3249b5519daa07857ea88621896f01c1d,1,1,1,20765103782140504056642351574627691742460497089285629062356351732411546548551,20765103782140504056642351574627691742460497089285629062356351732411546548551,13.017,501.43,sha256:9024dbc83b8168363c07d710dcc5e55d6831294a3e7970c28108e31b0b0bfcd7,9a7829fe2584259f1dd0dc45cf73c5ce904fce7e61e964fb7958826f156b43be,ok,
V2-PRV-D2-01-run1,S20261005T152152Z,cpu2,540e20f38464,primary,V2-PRV-D2-01-run1/cpu2/primary3a1/m8,3,1,8,3,0,,groth16,13,0,2026-10-05T16:41:59.317Z,67.002,63.233,683.662,20.566,17.594,834.463,834.532,2228031,53cbdd1f02a65121d6c7044031c6cfa4c6ce66c0b9712dd28fe86ef4c6512c1b,1,1,1,13018560099362082186863424433928374003133451805803510125393454640522484396813,13018560099362082186863424433928374003133451805803510125393454640522484396813,16.869,359.336,sha256:9024dbc83b8168363c07d710dcc5e55d6831294a3e7970c28108e31b0b0bfcd7,9a7829fe2584259f1dd0dc45cf73c5ce904fce7e61e964fb7958826f156b43be,ok,
V2-PRV-D2-01-run1,S20261005T152152Z,cpu2,540e20f38464,primary,V2-PRV-D2-01-run1/cpu2/primary3a1/m9,3,1,9,3,0,,groth16,7,0,2026-10-05T16:42:00.215Z,1.043,52.156,432.078,18.682,19.97,503.958,504.056,1374247,c0f6d8c4ac9fa282780a2c229d7d086f87e26be62a3eefceb9f801e5076843aa,1,1,1,9026274488482297584789229036856073050395813352045422820229792111497560353893,9026274488482297584789229036856073050395813352045422820229792111497560353893,12.523,334.262,sha256:9024dbc83b8168363c07d710dcc5e55d6831294a3e7970c28108e31b0b0bfcd7,9a7829fe2584259f1dd0dc45cf73c5ce904fce7e61e964fb7958826f156b43be,ok,
V2-PRV-D2-01-run1,S20261005T152152Z,cpu2,540e20f38464,primary,V2-PRV-D2-01-run1/cpu2/primary3a1/m10,3,1,10,3,0,,plonk,5,0,2026-10-05T16:42:00.791Z,0.445,39.766,25003.603,20.349,12.691,25064.162,25064.214,50790568,8b7d89ef154d0704a4a5fb8df978ea728f0decad61374b1d3a80a026ad357fec,1,1,1,20219445350743929204131453627914351950554712481604845279550177385716225267064,20219445350743929204131453627914351950554712481604845279550177385716225267064,13.233,383.219,sha256:9024dbc83b8168363c07d710dcc5e55d6831294a3e7970c28108e31b0b0bfcd7,9a7829fe2584259f1dd0dc45cf73c5ce904fce7e61e964fb7958826f156b43be,ok,
V2-PRV-D2-01-run1,S20261005T152152Z,cpu2,540e20f38464,primary,V2-PRV-D2-01-run1/cpu2/primary3a1/m11,3,1,11,3,0,,plonk,6,0,2026-10-05T16:42:25.901Z,0.838,46.735,25010.636,22.542,11.241,25080.752,25080.804,50980972,75b0f7800ba9bbd996a5aba5e02258e755536462dae72897fb9805a733486612,1,1,1,10532757130067282663983599398935360485967103778186217285995762441905303040250,10532757130067282663983599398935360485967103778186217285995762441905303040250,13.271,385.441,sha256:9024dbc83b8168363c07d710dcc5e55d6831294a3e7970c28108e31b0b0bfcd7,9a7829fe2584259f1dd0dc45cf73c5ce904fce7e61e964fb7958826f156b43be,ok,
V2-PRV-D2-01-run1,S20261005T152152Z,cpu2,540e20f38464,primary,V2-PRV-D2-01-run1/cpu2/primary3a1/m12,3,1,12,3,0,,groth16,5,0,2026-10-05T16:42:51.025Z,0.711,49.892,354.1,21.449,20.818,426.153,426.206,1133343,41c7636150900ee72cf6323930dd506bd0fc015a94a20905cc61c856b4fe919a,1,1,1,20219445350743929204131453627914351950554712481604845279550177385716225267064,20219445350743929204131453627914351950554712481604845279550177385716225267064,13.479,359.625,sha256:9024dbc83b8168363c07d710dcc5e55d6831294a3e7970c28108e31b0b0bfcd7,9a7829fe2584259f1dd0dc45cf73c5ce904fce7e61e964fb7958826f156b43be,ok,
V2-PRV-D2-01-run1,S20261005T152152Z,cpu2,540e20f38464,primary,V2-PRV-D2-01-run1/cpu2/primary3a1/m13,3,1,13,3,0,,plonk,7,0,2026-10-05T16:42:51.523Z,0.787,45.451,25007.811,15.004,11.018,25069.053,25069.169,51171376,e601552aba9f4692ef0f1d2d75ceade0e48da52ddad45690306a402c03eb810f,1,1,1,9026274488482297584789229036856073050395813352045422820229792111497560353893,9026274488482297584789229036856073050395813352045422820229792111497560353893,13.123,293.059,sha256:9024dbc83b8168363c07d710dcc5e55d6831294a3e7970c28108e31b0b0bfcd7,9a7829fe2584259f1dd0dc45cf73c5ce904fce7e61e964fb7958826f156b43be,ok,
V2-PRV-D2-01-run1,S20261005T152152Z,cpu2,540e20f38464,primary,V2-PRV-D2-01-run1/cpu2/primary3a1/m14,3,1,14,3,0,,groth16,6,0,2026-10-05T16:43:16.650Z,0.786,59.214,428.454,17.101,17.998,505.555,505.645,1253795,ea2368c5701f4885dc1bd9120ebd0b3419c495066983d2c215030506b1968bd4,1,1,1,10532757130067282663983599398935360485967103778186217285995762441905303040250,10532757130067282663983599398935360485967103778186217285995762441905303040250,14.761,266.422,sha256:9024dbc83b8168363c07d710dcc5e55d6831294a3e7970c28108e31b0b0bfcd7,9a7829fe2584259f1dd0dc45cf73c5ce904fce7e61e964fb7958826f156b43be,ok,
V2-PRV-D2-01-run1,S20261005T152152Z,cpu2,540e20f38464,primary,V2-PRV-D2-01-run1/cpu2/primary3a1/m15,3,1,15,3,0,,groth16,11,0,2026-10-05T16:43:17.220Z,12.636,46.789,565.008,20.015,19.615,644.449,644.496,1987127,1241508317856e8cb42cf71f43cafeb13e26a2553d595182aefca30b78a5b754,1,1,1,2331069663988172194036823937050772334301923846801859971199361438858855491288,2331069663988172194036823937050772334301923846801859971199361438858855491288,14.609,268.184,sha256:9024dbc83b8168363c07d710dcc5e55d6831294a3e7970c28108e31b0b0bfcd7,9a7829fe2584259f1dd0dc45cf73c5ce904fce7e61e964fb7958826f156b43be,ok,
V2-PRV-D2-01-run1,S20261005T152152Z,cpu2,540e20f38464,primary,V2-PRV-D2-01-run1/cpu2/primary3a1/m16,3,1,16,3,0,,plonk,10,0,2026-10-05T16:43:17.934Z,4.839,48.816,25145.672,18.645,11.04,25217.972,25218.034,51742588,bebeabf9a0c71095a0054d8bd4225201a55744b4b0560ef0825703d4931d0ced,1,1,1,15051918923212186249893826717407673651397890896320211215644860331911956986283,15051918923212186249893826717407673651397890896320211215644860331911956986283,13.305,383.703,sha256:9024dbc83b8168363c07d710dcc5e55d6831294a3e7970c28108e31b0b0bfcd7,9a7829fe2584259f1dd0dc45cf73c5ce904fce7e61e964fb7958826f156b43be,ok,
V2-PRV-D2-01-run1,S20261005T152152Z,cpu2,540e20f38464,primary,V2-PRV-D2-01-run1/cpu2/primary3a1/m17,3,1,17,3,0,,plonk,14,0,2026-10-05T16:43:43.202Z,123.033,55.483,49266.165,11.952,11.083,49456.633,49456.697,101787276,61d7365d9163bc99ded1dfbd03499b9283c2947715292debbde41b3796b6b916,1,1,1,12572480465523292994716985171141939129262661173864601800410554422143429339219,12572480465523292994716985171141939129262661173864601800410554422143429339219,13.946,507.402,sha256:9024dbc83b8168363c07d710dcc5e55d6831294a3e7970c28108e31b0b0bfcd7,9a7829fe2584259f1dd0dc45cf73c5ce904fce7e61e964fb7958826f156b43be,ok,
V2-PRV-D2-01-run1,S20261005T152152Z,cpu2,540e20f38464,primary,V2-PRV-D2-01-run1/cpu2/primary3a1/m18,3,1,18,3,0,,plonk,8,0,2026-10-05T16:44:32.703Z,1.938,65.891,24921.667,20.424,11.029,25009.92,25010.015,51361780,42dce5eab9336cf59161d106dd2c9da704b3a453c67dc5f6a284a94331eca87c,1,1,1,11208238821759301031658742314369964146518915978230190408192556840886074910205,11208238821759301031658742314369964146518915978230190408192556840886074910205,13.454,393.094,sha256:9024dbc83b8168363c07d710dcc5e55d6831294a3e7970c28108e31b0b0bfcd7,9a7829fe2584259f1dd0dc45cf73c5ce904fce7e61e964fb7958826f156b43be,ok,
V2-PRV-D2-01-run1,S20261005T152152Z,cpu2,540e20f38464,primary,V2-PRV-D2-01-run1/cpu2/primary3a1/m19,3,1,19,3,0,,groth16,12,0,2026-10-05T16:44:57.755Z,19.595,49.517,599.504,19.054,20.668,687.669,687.739,2107579,3fdb01845d81a3cdbbba88fcf45b948195abf01ba68c30be8a5f3e3546d4e81e,1,1,1,20765103782140504056642351574627691742460497089285629062356351732411546548551,20765103782140504056642351574627691742460497089285629062356351732411546548551,14.523,366.949,sha256:9024dbc83b8168363c07d710dcc5e55d6831294a3e7970c28108e31b0b0bfcd7,9a7829fe2584259f1dd0dc45cf73c5ce904fce7e61e964fb7958826f156b43be,ok,
V2-PRV-D2-01-run1,S20261005T152152Z,cpu2,540e20f38464,primary,V2-PRV-D2-01-run1/cpu2/primary3a1/m20,3,1,20,3,0,,groth16,9,0,2026-10-05T16:44:58.516Z,2.433,49.993,527.684,20.376,19.864,600.486,600.531,1746223,b211630d00c7c2d0e5309876a16c72ad66909d7301385d4da830c4a8d71e391e,1,1,1,6984258666005320425026512790395532096094174015337867819103339755428425654885,6984258666005320425026512790395532096094174015337867819103339755428425654885,14.022,370.926,sha256:9024dbc83b8168363c07d710dcc5e55d6831294a3e7970c28108e31b0b0bfcd7,9a7829fe2584259f1dd0dc45cf73c5ce904fce7e61e964fb7958826f156b43be,ok,
V2-PRV-D2-01-run1,S20261005T152152Z,cpu2,540e20f38464,primary,V2-PRV-D2-01-run1/cpu2/primary3a1/m21,3,1,21,3,0,,plonk,11,0,2026-10-05T16:44:59.185Z,13.033,42.31,48992.924,15.945,15.173,49064.212,49064.262,101216064,55b85a8c273635d0f8f2cdda0e7ce81b35231792d5212b770681d612dbf1c56a,1,1,1,2331069663988172194036823937050772334301923846801859971199361438858855491288,2331069663988172194036823937050772334301923846801859971199361438858855491288,13.372,457.25,sha256:9024dbc83b8168363c07d710dcc5e55d6831294a3e7970c28108e31b0b0bfcd7,9a7829fe2584259f1dd0dc45cf73c5ce904fce7e61e964fb7958826f156b43be,ok,
V2-PRV-D2-01-run1,S20261005T152152Z,cpu2,540e20f38464,primary,V2-PRV-D2-01-run1/cpu2/primary3a1/m22,3,1,22,3,0,,plonk,15,0,2026-10-05T16:45:48.301Z,302.714,97.176,49243.579,11.597,12.773,49655.067,49655.142,101977680,590ecdca303cbdece71bd9566d50ed9ad6168b343d2955edb57da417b966d08b,1,1,1,5538221348906088419474490245423435983421913751881271203929586843786047312620,5538221348906088419474490245423435983421913751881271203929586843786047312620,14.054,506.926,sha256:9024dbc83b8168363c07d710dcc5e55d6831294a3e7970c28108e31b0b0bfcd7,9a7829fe2584259f1dd0dc45cf73c5ce904fce7e61e964fb7958826f156b43be,ok,
V2-PRV-D2-01-run1,S20261005T152152Z,cpu2,0b04c70c0c79,primary,V2-PRV-D2-01-run1/cpu2/primary4a1/in_process1,4,1,1,4,1,in_process,groth16,5,0,2026-10-05T16:53:23.119Z,0.786,48.048,769.963,24.198,29.761,842.995,843.059,1133343,41c7636150900ee72cf6323930dd506bd0fc015a94a20905cc61c856b4fe919a,1,1,1,20219445350743929204131453627914351950554712481604845279550177385716225267064,20219445350743929204131453627914351950554712481604845279550177385716225267064,16.46,200.133,sha256:9024dbc83b8168363c07d710dcc5e55d6831294a3e7970c28108e31b0b0bfcd7,9a7829fe2584259f1dd0dc45cf73c5ce904fce7e61e964fb7958826f156b43be,ok,
V2-PRV-D2-01-run1,S20261005T152152Z,cpu2,0b04c70c0c79,primary,V2-PRV-D2-01-run1/cpu2/primary4a1/in_process2,4,1,2,4,1,in_process,plonk,5,0,2026-10-05T16:53:24.061Z,1.068,43.581,25425.585,12.811,11.242,25483.045,25483.098,50790568,8b7d89ef154d0704a4a5fb8df978ea728f0decad61374b1d3a80a026ad357fec,1,1,1,20219445350743929204131453627914351950554712481604845279550177385716225267064,20219445350743929204131453627914351950554712481604845279550177385716225267064,14.272,367.266,sha256:9024dbc83b8168363c07d710dcc5e55d6831294a3e7970c28108e31b0b0bfcd7,9a7829fe2584259f1dd0dc45cf73c5ce904fce7e61e964fb7958826f156b43be,ok,
V2-PRV-D2-01-run1,S20261005T152152Z,cpu2,0b04c70c0c79,primary,V2-PRV-D2-01-run1/cpu2/primary4a1/m1,4,1,1,4,0,,plonk,13,0,2026-10-05T16:53:49.589Z,66.863,62.451,49427.361,15.154,12.892,49571.829,49571.905,101596872,ecc4eb82a5958bf47b7b157e77ed7abc103fb2ebeec94211db85c4d20c7c607c,1,1,1,13018560099362082186863424433928374003133451805803510125393454640522484396813,13018560099362082186863424433928374003133451805803510125393454640522484396813,13.767,498.898,sha256:9024dbc83b8168363c07d710dcc5e55d6831294a3e7970c28108e31b0b0bfcd7,9a7829fe2584259f1dd0dc45cf73c5ce904fce7e61e964fb7958826f156b43be,ok,
V2-PRV-D2-01-run1,S20261005T152152Z,cpu2,0b04c70c0c79,primary,V2-PRV-D2-01-run1/cpu2/primary4a1/m2,4,1,2,4,0,,groth16,5,0,2026-10-05T16:54:39.207Z,0.752,61.055,368.137,22.77,21.324,452.714,452.773,1133343,41c7636150900ee72cf6323930dd506bd0fc015a94a20905cc61c856b4fe919a,1,1,1,20219445350743929204131453627914351950554712481604845279550177385716225267064,20219445350743929204131453627914351950554712481604845279550177385716225267064,14.638,322.805,sha256:9024dbc83b8168363c07d710dcc5e55d6831294a3e7970c28108e31b0b0bfcd7,9a7829fe2584259f1dd0dc45cf73c5ce904fce7e61e964fb7958826f156b43be,ok,
V2-PRV-D2-01-run1,S20261005T152152Z,cpu2,0b04c70c0c79,primary,V2-PRV-D2-01-run1/cpu2/primary4a1/m3,4,1,3,4,0,,groth16,15,0,2026-10-05T16:54:39.730Z,285.406,67.607,668.222,21.457,19.431,1042.693,1042.779,2468935,d6be53096894f276c29d0702fcead9cafd5a510db26c6b563aa91a72f3a7c974,1,1,1,5538221348906088419474490245423435983421913751881271203929586843786047312620,5538221348906088419474490245423435983421913751881271203929586843786047312620,15.129,323.758,sha256:9024dbc83b8168363c07d710dcc5e55d6831294a3e7970c28108e31b0b0bfcd7,9a7829fe2584259f1dd0dc45cf73c5ce904fce7e61e964fb7958826f156b43be,ok,
V2-PRV-D2-01-run1,S20261005T152152Z,cpu2,0b04c70c0c79,primary,V2-PRV-D2-01-run1/cpu2/primary4a1/m4,4,1,4,4,0,,groth16,7,0,2026-10-05T16:54:40.838Z,1.15,65.002,442.636,19.332,21.621,528.12,528.17,1374247,c0f6d8c4ac9fa282780a2c229d7d086f87e26be62a3eefceb9f801e5076843aa,1,1,1,9026274488482297584789229036856073050395813352045422820229792111497560353893,9026274488482297584789229036856073050395813352045422820229792111497560353893,13.314,322.988,sha256:9024dbc83b8168363c07d710dcc5e55d6831294a3e7970c28108e31b0b0bfcd7,9a7829fe2584259f1dd0dc45cf73c5ce904fce7e61e964fb7958826f156b43be,ok,
V2-PRV-D2-01-run1,S20261005T152152Z,cpu2,0b04c70c0c79,primary,V2-PRV-D2-01-run1/cpu2/primary4a1/m5,4,1,5,4,0,,plonk,9,0,2026-10-05T16:54:41.438Z,3.124,48.193,25083.001,14.57,11.735,25148.887,25148.938,51552184,9dc1fed4ae801e210c410e345557301925ad182187f5f64aedebb0ef6a13cf67,1,1,1,6984258666005320425026512790395532096094174015337867819103339755428425654885,6984258666005320425026512790395532096094174015337867819103339755428425654885,13.793,385.668,sha256:9024dbc83b8168363c07d710dcc5e55d6831294a3e7970c28108e31b0b0bfcd7,9a7829fe2584259f1dd0dc45cf73c5ce904fce7e61e964fb7958826f156b43be,ok,
V2-PRV-D2-01-run1,S20261005T152152Z,cpu2,0b04c70c0c79,primary,V2-PRV-D2-01-run1/cpu2/primary4a1/m6,4,1,6,4,0,,plonk,5,0,2026-10-05T16:55:06.637Z,0.745,49.959,24900.802,13.551,12.41,24965.057,24965.109,50790568,8b7d89ef154d0704a4a5fb8df978ea728f0decad61374b1d3a80a026ad357fec,1,1,1,20219445350743929204131453627914351950554712481604845279550177385716225267064,20219445350743929204131453627914351950554712481604845279550177385716225267064,13.539,388.035,sha256:9024dbc83b8168363c07d710dcc5e55d6831294a3e7970c28108e31b0b0bfcd7,9a7829fe2584259f1dd0dc45cf73c5ce904fce7e61e964fb7958826f156b43be,ok,
V2-PRV-D2-01-run1,S20261005T152152Z,cpu2,0b04c70c0c79,primary,V2-PRV-D2-01-run1/cpu2/primary4a1/m7,4,1,7,4,0,,plonk,15,0,2026-10-05T16:55:31.654Z,307.831,94.199,49117.535,19.715,11.187,49539.281,49539.372,101977680,590ecdca303cbdece71bd9566d50ed9ad6168b343d2955edb57da417b966d08b,1,1,1,5538221348906088419474490245423435983421913751881271203929586843786047312620,5538221348906088419474490245423435983421913751881271203929586843786047312620,13.56,400.027,sha256:9024dbc83b8168363c07d710dcc5e55d6831294a3e7970c28108e31b0b0bfcd7,9a7829fe2584259f1dd0dc45cf73c5ce904fce7e61e964fb7958826f156b43be,ok,
V2-PRV-D2-01-run1,S20261005T152152Z,cpu2,0b04c70c0c79,primary,V2-PRV-D2-01-run1/cpu2/primary4a1/m8,4,1,8,4,0,,plonk,7,0,2026-10-05T16:56:21.248Z,1.015,44.54,24992.596,20.889,11.264,25059.041,25059.107,51171376,e601552aba9f4692ef0f1d2d75ceade0e48da52ddad45690306a402c03eb810f,1,1,1,9026274488482297584789229036856073050395813352045422820229792111497560353893,9026274488482297584789229036856073050395813352045422820229792111497560353893,13.811,399.637,sha256:9024dbc83b8168363c07d710dcc5e55d6831294a3e7970c28108e31b0b0bfcd7,9a7829fe2584259f1dd0dc45cf73c5ce904fce7e61e964fb7958826f156b43be,ok,
V2-PRV-D2-01-run1,S20261005T152152Z,cpu2,0b04c70c0c79,primary,V2-PRV-D2-01-run1/cpu2/primary4a1/m9,4,1,9,4,0,,plonk,8,0,2026-10-05T16:56:46.351Z,1.839,46.235,24926.52,20.057,11.043,24994.65,24994.699,51361780,42dce5eab9336cf59161d106dd2c9da704b3a453c67dc5f6a284a94331eca87c,1,1,1,11208238821759301031658742314369964146518915978230190408192556840886074910205,11208238821759301031658742314369964146518915978230190408192556840886074910205,13.735,399.797,sha256:9024dbc83b8168363c07d710dcc5e55d6831294a3e7970c28108e31b0b0bfcd7,9a7829fe2584259f1dd0dc45cf73c5ce904fce7e61e964fb7958826f156b43be,ok,
V2-PRV-D2-01-run1,S20261005T152152Z,cpu2,0b04c70c0c79,primary,V2-PRV-D2-01-run1/cpu2/primary4a1/m10,4,1,10,4,0,,groth16,13,0,2026-10-05T16:57:11.392Z,64.787,56.559,644.251,19.538,19.077,785.136,785.207,2228031,53cbdd1f02a65121d6c7044031c6cfa4c6ce66c0b9712dd28fe86ef4c6512c1b,1,1,1,13018560099362082186863424433928374003133451805803510125393454640522484396813,13018560099362082186863424433928374003133451805803510125393454640522484396813,14.933,374.715,sha256:9024dbc83b8168363c07d710dcc5e55d6831294a3e7970c28108e31b0b0bfcd7,9a7829fe2584259f1dd0dc45cf73c5ce904fce7e61e964fb7958826f156b43be,ok,
V2-PRV-D2-01-run1,S20261005T152152Z,cpu2,0b04c70c0c79,primary,V2-PRV-D2-01-run1/cpu2/primary4a1/m11,4,1,11,4,0,,groth16,9,0,2026-10-05T16:57:12.246Z,2.642,44.269,537.399,22.351,17.097,606.661,606.707,1746223,b211630d00c7c2d0e5309876a16c72ad66909d7301385d4da830c4a8d71e391e,1,1,1,6984258666005320425026512790395532096094174015337867819103339755428425654885,6984258666005320425026512790395532096094174015337867819103339755428425654885,13.111,375.383,sha256:9024dbc83b8168363c07d710dcc5e55d6831294a3e7970c28108e31b0b0bfcd7,9a7829fe2584259f1dd0dc45cf73c5ce904fce7e61e964fb7958826f156b43be,ok,
V2-PRV-D2-01-run1,S20261005T152152Z,cpu2,0b04c70c0c79,primary,V2-PRV-D2-01-run1/cpu2/primary4a1/m12,4,1,12,4,0,,plonk,12,0,2026-10-05T16:57:12.917Z,38.533,56.185,48955.06,16.683,12.092,49066.461,49066.522,101406468,ac66b87842b1343c8548cf4e922c1ee3249b5519daa07857ea88621896f01c1d,1,1,1,20765103782140504056642351574627691742460497089285629062356351732411546548551,20765103782140504056642351574627691742460497089285629062356351732411546548551,13.687,404.387,sha256:9024dbc83b8168363c07d710dcc5e55d6831294a3e7970c28108e31b0b0bfcd7,9a7829fe2584259f1dd0dc45cf73c5ce904fce7e61e964fb7958826f156b43be,ok,
V2-PRV-D2-01-run1,S20261005T152152Z,cpu2,0b04c70c0c79,primary,V2-PRV-D2-01-run1/cpu2/primary4a1/m13,4,1,13,4,0,,plonk,6,0,2026-10-05T16:58:02.041Z,0.795,63.501,24968.196,15.451,11.036,25047.942,25047.989,50980972,75b0f7800ba9bbd996a5aba5e02258e755536462dae72897fb9805a733486612,1,1,1,10532757130067282663983599398935360485967103778186217285995762441905303040250,10532757130067282663983599398935360485967103778186217285995762441905303040250,13.777,388.082,sha256:9024dbc83b8168363c07d710dcc5e55d6831294a3e7970c28108e31b0b0bfcd7,9a7829fe2584259f1dd0dc45cf73c5ce904fce7e61e964fb7958826f156b43be,ok,
V2-PRV-D2-01-run1,S20261005T152152Z,cpu2,0b04c70c0c79,primary,V2-PRV-D2-01-run1/cpu2/primary4a1/m14,4,1,14,4,0,,groth16,8,0,2026-10-05T16:58:27.137Z,1.644,52.825,499.252,22.689,20.099,576.41,576.459,1625771,5ed3b83d5f5aad4ca7fa25c79bc0fa86d421d2202a7e7054079f14b9e1c2f4cd,1,1,1,11208238821759301031658742314369964146518915978230190408192556840886074910205,11208238821759301031658742314369964146518915978230190408192556840886074910205,13.302,361.582,sha256:9024dbc83b8168363c07d710dcc5e55d6831294a3e7970c28108e31b0b0bfcd7,9a7829fe2584259f1dd0dc45cf73c5ce904fce7e61e964fb7958826f156b43be,ok,
V2-PRV-D2-01-run1,S20261005T152152Z,cpu2,0b04c70c0c79,primary,V2-PRV-D2-01-run1/cpu2/primary4a1/m15,4,1,15,4,0,,groth16,6,0,2026-10-05T16:58:27.783Z,1.9,43.669,412.164,20.067,16.986,477.8,477.864,1253795,ea2368c5701f4885dc1bd9120ebd0b3419c495066983d2c215030506b1968bd4,1,1,1,10532757130067282663983599398935360485967103778186217285995762441905303040250,10532757130067282663983599398935360485967103778186217285995762441905303040250,14.651,362.758,sha256:9024dbc83b8168363c07d710dcc5e55d6831294a3e7970c28108e31b0b0bfcd7,9a7829fe2584259f1dd0dc45cf73c5ce904fce7e61e964fb7958826f156b43be,ok,
V2-PRV-D2-01-run1,S20261005T152152Z,cpu2,0b04c70c0c79,primary,V2-PRV-D2-01-run1/cpu2/primary4a1/m16,4,1,16,4,0,,groth16,11,0,2026-10-05T16:58:28.325Z,13.761,56.463,582.11,21.644,19.017,673.978,674.028,1987127,1241508317856e8cb42cf71f43cafeb13e26a2553d595182aefca30b78a5b754,1,1,1,2331069663988172194036823937050772334301923846801859971199361438858855491288,2331069663988172194036823937050772334301923846801859971199361438858855491288,13.424,368.035,sha256:9024dbc83b8168363c07d710dcc5e55d6831294a3e7970c28108e31b0b0bfcd7,9a7829fe2584259f1dd0dc45cf73c5ce904fce7e61e964fb7958826f156b43be,ok,
V2-PRV-D2-01-run1,S20261005T152152Z,cpu2,0b04c70c0c79,primary,V2-PRV-D2-01-run1/cpu2/primary4a1/m17,4,1,17,4,0,,groth16,14,0,2026-10-05T16:58:29.065Z,149.098,56.034,645.43,23.846,17.221,874.408,874.477,2348483,b0be38259edaa109196790233512dc26d29f0e31a9506021bad97c60834e4df2,1,1,1,12572480465523292994716985171141939129262661173864601800410554422143429339219,12572480465523292994716985171141939129262661173864601800410554422143429339219,15.025,364.477,sha256:9024dbc83b8168363c07d710dcc5e55d6831294a3e7970c28108e31b0b0bfcd7,9a7829fe2584259f1dd0dc45cf73c5ce904fce7e61e964fb7958826f156b43be,ok,
V2-PRV-D2-01-run1,S20261005T152152Z,cpu2,0b04c70c0c79,primary,V2-PRV-D2-01-run1/cpu2/primary4a1/m18,4,1,18,4,0,,plonk,11,0,2026-10-05T16:58:30.003Z,13.455,57.95,48963.934,20.759,13.041,49056.098,49056.146,101216064,55b85a8c273635d0f8f2cdda0e7ce81b35231792d5212b770681d612dbf1c56a,1,1,1,2331069663988172194036823937050772334301923846801859971199361438858855491288,2331069663988172194036823937050772334301923846801859971199361438858855491288,14.002,408.59,sha256:9024dbc83b8168363c07d710dcc5e55d6831294a3e7970c28108e31b0b0bfcd7,9a7829fe2584259f1dd0dc45cf73c5ce904fce7e61e964fb7958826f156b43be,ok,
V2-PRV-D2-01-run1,S20261005T152152Z,cpu2,0b04c70c0c79,primary,V2-PRV-D2-01-run1/cpu2/primary4a1/m19,4,1,19,4,0,,plonk,14,0,2026-10-05T16:59:19.117Z,113.923,53.179,49441.146,20.571,11.238,49628.82,49628.883,101787276,61d7365d9163bc99ded1dfbd03499b9283c2947715292debbde41b3796b6b916,1,1,1,12572480465523292994716985171141939129262661173864601800410554422143429339219,12572480465523292994716985171141939129262661173864601800410554422143429339219,13.793,419.906,sha256:9024dbc83b8168363c07d710dcc5e55d6831294a3e7970c28108e31b0b0bfcd7,9a7829fe2584259f1dd0dc45cf73c5ce904fce7e61e964fb7958826f156b43be,ok,
V2-PRV-D2-01-run1,S20261005T152152Z,cpu2,0b04c70c0c79,primary,V2-PRV-D2-01-run1/cpu2/primary4a1/m20,4,1,20,4,0,,plonk,10,0,2026-10-05T17:00:08.796Z,5.632,73.307,25033.764,17.781,11.575,25130.484,25130.53,51742588,bebeabf9a0c71095a0054d8bd4225201a55744b4b0560ef0825703d4931d0ced,1,1,1,15051918923212186249893826717407673651397890896320211215644860331911956986283,15051918923212186249893826717407673651397890896320211215644860331911956986283,13.956,419.914,sha256:9024dbc83b8168363c07d710dcc5e55d6831294a3e7970c28108e31b0b0bfcd7,9a7829fe2584259f1dd0dc45cf73c5ce904fce7e61e964fb7958826f156b43be,ok,
V2-PRV-D2-01-run1,S20261005T152152Z,cpu2,0b04c70c0c79,primary,V2-PRV-D2-01-run1/cpu2/primary4a1/m21,4,1,21,4,0,,groth16,10,0,2026-10-05T17:00:33.973Z,5.248,49.739,622.442,21.852,18.365,699.28,699.327,1866675,656d9ee8dd285db6410e0a4b4317201829a1347f7cc3ef6d8de625e8f99f432a,1,1,1,15051918923212186249893826717407673651397890896320211215644860331911956986283,15051918923212186249893826717407673651397890896320211215644860331911956986283,13.258,393.762,sha256:9024dbc83b8168363c07d710dcc5e55d6831294a3e7970c28108e31b0b0bfcd7,9a7829fe2584259f1dd0dc45cf73c5ce904fce7e61e964fb7958826f156b43be,ok,
V2-PRV-D2-01-run1,S20261005T152152Z,cpu2,0b04c70c0c79,primary,V2-PRV-D2-01-run1/cpu2/primary4a1/m22,4,1,22,4,0,,groth16,12,0,2026-10-05T17:00:34.740Z,37.594,53.06,595.675,21.109,22.827,707.438,707.497,2107579,3fdb01845d81a3cdbbba88fcf45b948195abf01ba68c30be8a5f3e3546d4e81e,1,1,1,20765103782140504056642351574627691742460497089285629062356351732411546548551,20765103782140504056642351574627691742460497089285629062356351732411546548551,15.985,407.121,sha256:9024dbc83b8168363c07d710dcc5e55d6831294a3e7970c28108e31b0b0bfcd7,9a7829fe2584259f1dd0dc45cf73c5ce904fce7e61e964fb7958826f156b43be,ok,
V2-PRV-D2-01-run1,S20261005T152152Z,cpu2,6b900da9dcc9,primary,V2-PRV-D2-01-run1/cpu2/primary5a1/in_process1,5,1,1,5,1,in_process,groth16,5,0,2026-10-05T17:19:47.082Z,0.744,48.692,776.78,23.892,31.264,850.109,850.174,1133343,41c7636150900ee72cf6323930dd506bd0fc015a94a20905cc61c856b4fe919a,1,1,1,20219445350743929204131453627914351950554712481604845279550177385716225267064,20219445350743929204131453627914351950554712481604845279550177385716225267064,14.579,210.504,sha256:9024dbc83b8168363c07d710dcc5e55d6831294a3e7970c28108e31b0b0bfcd7,9a7829fe2584259f1dd0dc45cf73c5ce904fce7e61e964fb7958826f156b43be,ok,
V2-PRV-D2-01-run1,S20261005T152152Z,cpu2,6b900da9dcc9,primary,V2-PRV-D2-01-run1/cpu2/primary5a1/in_process2,5,1,2,5,1,in_process,plonk,5,0,2026-10-05T17:19:48.033Z,0.692,58.494,25173.004,14.945,11.416,25247.135,25247.192,50790568,8b7d89ef154d0704a4a5fb8df978ea728f0decad61374b1d3a80a026ad357fec,1,1,1,20219445350743929204131453627914351950554712481604845279550177385716225267064,20219445350743929204131453627914351950554712481604845279550177385716225267064,15.367,368.801,sha256:9024dbc83b8168363c07d710dcc5e55d6831294a3e7970c28108e31b0b0bfcd7,9a7829fe2584259f1dd0dc45cf73c5ce904fce7e61e964fb7958826f156b43be,ok,
V2-PRV-D2-01-run1,S20261005T152152Z,cpu2,6b900da9dcc9,primary,V2-PRV-D2-01-run1/cpu2/primary5a1/m1,5,1,1,5,0,,plonk,8,0,2026-10-05T17:20:13.326Z,1.784,49.806,25117.233,14.61,13.059,25183.433,25183.495,51361780,42dce5eab9336cf59161d106dd2c9da704b3a453c67dc5f6a284a94331eca87c,1,1,1,11208238821759301031658742314369964146518915978230190408192556840886074910205,11208238821759301031658742314369964146518915978230190408192556840886074910205,14.595,373.211,sha256:9024dbc83b8168363c07d710dcc5e55d6831294a3e7970c28108e31b0b0bfcd7,9a7829fe2584259f1dd0dc45cf73c5ce904fce7e61e964fb7958826f156b43be,ok,
V2-PRV-D2-01-run1,S20261005T152152Z,cpu2,6b900da9dcc9,primary,V2-PRV-D2-01-run1/cpu2/primary5a1/m2,5,1,2,5,0,,groth16,7,0,2026-10-05T17:20:38.565Z,0.972,49.701,462.867,23.843,20.043,537.383,537.437,1374247,c0f6d8c4ac9fa282780a2c229d7d086f87e26be62a3eefceb9f801e5076843aa,1,1,1,9026274488482297584789229036856073050395813352045422820229792111497560353893,9026274488482297584789229036856073050395813352045422820229792111497560353893,13.968,347.629,sha256:9024dbc83b8168363c07d710dcc5e55d6831294a3e7970c28108e31b0b0bfcd7,9a7829fe2584259f1dd0dc45cf73c5ce904fce7e61e964fb7958826f156b43be,ok,
V2-PRV-D2-01-run1,S20261005T152152Z,cpu2,6b900da9dcc9,primary,V2-PRV-D2-01-run1/cpu2/primary5a1/m3,5,1,3,5,0,,plonk,15,0,2026-10-05T17:20:39.174Z,309.09,71.162,49055.739,21.448,15.8,49457.44,49457.525,101977680,590ecdca303cbdece71bd9566d50ed9ad6168b343d2955edb57da417b966d08b,1,1,1,5538221348906088419474490245423435983421913751881271203929586843786047312620,5538221348906088419474490245423435983421913751881271203929586843786047312620,14.668,391.16,sha256:9024dbc83b8168363c07d710dcc5e55d6831294a3e7970c28108e31b0b0bfcd7,9a7829fe2584259f1dd0dc45cf73c5ce904fce7e61e964fb7958826f156b43be,ok,
V2-PRV-D2-01-run1,S20261005T152152Z,cpu2,6b900da9dcc9,primary,V2-PRV-D2-01-run1/cpu2/primary5a1/m4,5,1,4,5,0,,groth16,8,0,2026-10-05T17:21:28.687Z,1.894,50.408,482.007,18.83,19.76,553.139,553.19,1625771,5ed3b83d5f5aad4ca7fa25c79bc0fa86d421d2202a7e7054079f14b9e1c2f4cd,1,1,1,11208238821759301031658742314369964146518915978230190408192556840886074910205,11208238821759301031658742314369964146518915978230190408192556840886074910205,16.078,366.238,sha256:9024dbc83b8168363c07d710dcc5e55d6831294a3e7970c28108e31b0b0bfcd7,9a7829fe2584259f1dd0dc45cf73c5ce904fce7e61e964fb7958826f156b43be,ok,
V2-PRV-D2-01-run1,S20261005T152152Z,cpu2,6b900da9dcc9,primary,V2-PRV-D2-01-run1/cpu2/primary5a1/m5,5,1,5,5,0,,plonk,10,0,2026-10-05T17:21:29.307Z,5.192,49.475,25033.368,16.555,11.217,25104.59,25104.647,51742588,bebeabf9a0c71095a0054d8bd4225201a55744b4b0560ef0825703d4931d0ced,1,1,1,15051918923212186249893826717407673651397890896320211215644860331911956986283,15051918923212186249893826717407673651397890896320211215644860331911956986283,14.855,396.773,sha256:9024dbc83b8168363c07d710dcc5e55d6831294a3e7970c28108e31b0b0bfcd7,9a7829fe2584259f1dd0dc45cf73c5ce904fce7e61e964fb7958826f156b43be,ok,
V2-PRV-D2-01-run1,S20261005T152152Z,cpu2,6b900da9dcc9,primary,V2-PRV-D2-01-run1/cpu2/primary5a1/m6,5,1,6,5,0,,plonk,9,0,2026-10-05T17:21:54.463Z,2.805,48.188,25058.387,20.044,11.086,25129.424,25129.474,51552184,9dc1fed4ae801e210c410e345557301925ad182187f5f64aedebb0ef6a13cf67,1,1,1,6984258666005320425026512790395532096094174015337867819103339755428425654885,6984258666005320425026512790395532096094174015337867819103339755428425654885,14.67,396.617,sha256:9024dbc83b8168363c07d710dcc5e55d6831294a3e7970c28108e31b0b0bfcd7,9a7829fe2584259f1dd0dc45cf73c5ce904fce7e61e964fb7958826f156b43be,ok,
V2-PRV-D2-01-run1,S20261005T152152Z,cpu2,6b900da9dcc9,primary,V2-PRV-D2-01-run1/cpu2/primary5a1/m7,5,1,7,5,0,,groth16,12,0,2026-10-05T17:22:19.638Z,19.517,50.972,618.443,21.381,19.413,710.312,710.362,2107579,3fdb01845d81a3cdbbba88fcf45b948195abf01ba68c30be8a5f3e3546d4e81e,1,1,1,20765103782140504056642351574627691742460497089285629062356351732411546548551,20765103782140504056642351574627691742460497089285629062356351732411546548551,15.93,369.758,sha256:9024dbc83b8168363c07d710dcc5e55d6831294a3e7970c28108e31b0b0bfcd7,9a7829fe2584259f1dd0dc45cf73c5ce904fce7e61e964fb7958826f156b43be,ok,
V2-PRV-D2-01-run1,S20261005T152152Z,cpu2,6b900da9dcc9,primary,V2-PRV-D2-01-run1/cpu2/primary5a1/m8,5,1,8,5,0,,groth16,13,0,2026-10-05T17:22:20.417Z,80.059,60.898,632.199,20.695,19.344,793.851,793.915,2228031,53cbdd1f02a65121d6c7044031c6cfa4c6ce66c0b9712dd28fe86ef4c6512c1b,1,1,1,13018560099362082186863424433928374003133451805803510125393454640522484396813,13018560099362082186863424433928374003133451805803510125393454640522484396813,26.058,404.781,sha256:9024dbc83b8168363c07d710dcc5e55d6831294a3e7970c28108e31b0b0bfcd7,9a7829fe2584259f1dd0dc45cf73c5ce904fce7e61e964fb7958826f156b43be,ok,
V2-PRV-D2-01-run1,S20261005T152152Z,cpu2,6b900da9dcc9,primary,V2-PRV-D2-01-run1/cpu2/primary5a1/m9,5,1,9,5,0,,plonk,11,0,2026-10-05T17:22:21.284Z,9.694,52.267,49229.57,14.865,16.584,49306.396,49306.453,101216064,55b85a8c273635d0f8f2cdda0e7ce81b35231792d5212b770681d612dbf1c56a,1,1,1,2331069663988172194036823937050772334301923846801859971199361438858855491288,2331069663988172194036823937050772334301923846801859971199361438858855491288,14.703,419.43,sha256:9024dbc83b8168363c07d710dcc5e55d6831294a3e7970c28108e31b0b0bfcd7,9a7829fe2584259f1dd0dc45cf73c5ce904fce7e61e964fb7958826f156b43be,ok,
V2-PRV-D2-01-run1,S20261005T152152Z,cpu2,6b900da9dcc9,primary,V2-PRV-D2-01-run1/cpu2/primary5a1/m10,5,1,10,5,0,,groth16,14,0,2026-10-05T17:23:10.649Z,117.805,57.118,661.342,21.353,19.532,857.618,857.688,2348483,b0be38259edaa109196790233512dc26d29f0e31a9506021bad97c60834e4df2,1,1,1,12572480465523292994716985171141939129262661173864601800410554422143429339219,12572480465523292994716985171141939129262661173864601800410554422143429339219,15.947,393.328,sha256:9024dbc83b8168363c07d710dcc5e55d6831294a3e7970c28108e31b0b0bfcd7,9a7829fe2584259f1dd0dc45cf73c5ce904fce7e61e964fb7958826f156b43be,ok,
V2-PRV-D2-01-run1,S20261005T152152Z,cpu2,6b900da9dcc9,primary,V2-PRV-D2-01-run1/cpu2/primary5a1/m11,5,1,11,5,0,,plonk,5,0,2026-10-05T17:23:11.580Z,0.664,47.548,25034.691,13.961,11.45,25096.864,25096.914,50790568,8b7d89ef154d0704a4a5fb8df978ea728f0decad61374b1d3a80a026ad357fec,1,1,1,20219445350743929204131453627914351950554712481604845279550177385716225267064,20219445350743929204131453627914351950554712481604845279550177385716225267064,14.869,419.777,sha256:9024dbc83b8168363c07d710dcc5e55d6831294a3e7970c28108e31b0b0bfcd7,9a7829fe2584259f1dd0dc45cf73c5ce904fce7e61e964fb7958826f156b43be,ok,
V2-PRV-D2-01-run1,S20261005T152152Z,cpu2,6b900da9dcc9,primary,V2-PRV-D2-01-run1/cpu2/primary5a1/m12,5,1,12,5,0,,plonk,6,0,2026-10-05T17:23:36.730Z,0.797,47.511,25030.458,15.386,11.087,25094.153,25094.201,50980972,75b0f7800ba9bbd996a5aba5e02258e755536462dae72897fb9805a733486612,1,1,1,10532757130067282663983599398935360485967103778186217285995762441905303040250,10532757130067282663983599398935360485967103778186217285995762441905303040250,14.888,420.23,sha256:9024dbc83b8168363c07d710dcc5e55d6831294a3e7970c28108e31b0b0bfcd7,9a7829fe2584259f1dd0dc45cf73c5ce904fce7e61e964fb7958826f156b43be,ok,
V2-PRV-D2-01-run1,S20261005T152152Z,cpu2,6b900da9dcc9,primary,V2-PRV-D2-01-run1/cpu2/primary5a1/m13,5,1,13,5,0,,groth16,15,0,2026-10-05T17:24:01.870Z,307.453,105.197,672.936,23.727,19.754,1109.313,1109.386,2468935,d6be53096894f276c29d0702fcead9cafd5a510db26c6b563aa91a72f3a7c974,1,1,1,5538221348906088419474490245423435983421913751881271203929586843786047312620,5538221348906088419474490245423435983421913751881271203929586843786047312620,15.897,392.926,sha256:9024dbc83b8168363c07d710dcc5e55d6831294a3e7970c28108e31b0b0bfcd7,9a7829fe2584259f1dd0dc45cf73c5ce904fce7e61e964fb7958826f156b43be,ok,
V2-PRV-D2-01-run1,S20261005T152152Z,cpu2,6b900da9dcc9,primary,V2-PRV-D2-01-run1/cpu2/primary5a1/m14,5,1,14,5,0,,plonk,12,0,2026-10-05T17:24:03.051Z,38.369,57.247,49045.619,15.956,11.229,49157.19,49157.25,101406468,ac66b87842b1343c8548cf4e922c1ee3249b5519daa07857ea88621896f01c1d,1,1,1,20765103782140504056642351574627691742460497089285629062356351732411546548551,20765103782140504056642351574627691742460497089285629062356351732411546548551,14.875,420.191,sha256:9024dbc83b8168363c07d710dcc5e55d6831294a3e7970c28108e31b0b0bfcd7,9a7829fe2584259f1dd0dc45cf73c5ce904fce7e61e964fb7958826f156b43be,ok,
V2-PRV-D2-01-run1,S20261005T152152Z,cpu2,6b900da9dcc9,primary,V2-PRV-D2-01-run1/cpu2/primary5a1/m15,5,1,15,5,0,,plonk,13,0,2026-10-05T17:24:52.266Z,67.513,68.493,49147.564,15.562,11.793,49299.133,49299.219,101596872,ecc4eb82a5958bf47b7b157e77ed7abc103fb2ebeec94211db85c4d20c7c607c,1,1,1,13018560099362082186863424433928374003133451805803510125393454640522484396813,13018560099362082186863424433928374003133451805803510125393454640522484396813,14.82,419.629,sha256:9024dbc83b8168363c07d710dcc5e55d6831294a3e7970c28108e31b0b0bfcd7,9a7829fe2584259f1dd0dc45cf73c5ce904fce7e61e964fb7958826f156b43be,ok,
V2-PRV-D2-01-run1,S20261005T152152Z,cpu2,6b900da9dcc9,primary,V2-PRV-D2-01-run1/cpu2/primary5a1/m16,5,1,16,5,0,,groth16,6,0,2026-10-05T17:25:41.624Z,0.774,61.334,425.764,19.295,16.243,507.167,507.216,1253795,ea2368c5701f4885dc1bd9120ebd0b3419c495066983d2c215030506b1968bd4,1,1,1,10532757130067282663983599398935360485967103778186217285995762441905303040250,10532757130067282663983599398935360485967103778186217285995762441905303040250,15.929,395.195,sha256:9024dbc83b8168363c07d710dcc5e55d6831294a3e7970c28108e31b0b0bfcd7,9a7829fe2584259f1dd0dc45cf73c5ce904fce7e61e964fb7958826f156b43be,ok,
V2-PRV-D2-01-run1,S20261005T152152Z,cpu2,6b900da9dcc9,primary,V2-PRV-D2-01-run1/cpu2/primary5a1/m17,5,1,17,5,0,,plonk,14,0,2026-10-05T17:25:42.195Z,152.552,67.455,49269.826,12.031,13.3,49501.864,49501.947,101787276,61d7365d9163bc99ded1dfbd03499b9283c2947715292debbde41b3796b6b916,1,1,1,12572480465523292994716985171141939129262661173864601800410554422143429339219,12572480465523292994716985171141939129262661173864601800410554422143429339219,15.001,460.73,sha256:9024dbc83b8168363c07d710dcc5e55d6831294a3e7970c28108e31b0b0bfcd7,9a7829fe2584259f1dd0dc45cf73c5ce904fce7e61e964fb7958826f156b43be,ok,
V2-PRV-D2-01-run1,S20261005T152152Z,cpu2,6b900da9dcc9,primary,V2-PRV-D2-01-run1/cpu2/primary5a1/m18,5,1,18,5,0,,groth16,5,0,2026-10-05T17:26:31.756Z,0.699,46.071,396.656,21.495,20.084,464.921,464.972,1133343,41c7636150900ee72cf6323930dd506bd0fc015a94a20905cc61c856b4fe919a,1,1,1,20219445350743929204131453627914351950554712481604845279550177385716225267064,20219445350743929204131453627914351950554712481604845279550177385716225267064,15.278,434.832,sha256:9024dbc83b8168363c07d710dcc5e55d6831294a3e7970c28108e31b0b0bfcd7,9a7829fe2584259f1dd0dc45cf73c5ce904fce7e61e964fb7958826f156b43be,ok,
V2-PRV-D2-01-run1,S20261005T152152Z,cpu2,6b900da9dcc9,primary,V2-PRV-D2-01-run1/cpu2/primary5a1/m19,5,1,19,5,0,,plonk,7,0,2026-10-05T17:26:32.288Z,1.029,53.167,25088.262,15.54,11.11,25157.998,25158.05,51171376,e601552aba9f4692ef0f1d2d75ceade0e48da52ddad45690306a402c03eb810f,1,1,1,9026274488482297584789229036856073050395813352045422820229792111497560353893,9026274488482297584789229036856073050395813352045422820229792111497560353893,15.016,461.254,sha256:9024dbc83b8168363c07d710dcc5e55d6831294a3e7970c28108e31b0b0bfcd7,9a7829fe2584259f1dd0dc45cf73c5ce904fce7e61e964fb7958826f156b43be,ok,
V2-PRV-D2-01-run1,S20261005T152152Z,cpu2,6b900da9dcc9,primary,V2-PRV-D2-01-run1/cpu2/primary5a1/m20,5,1,20,5,0,,groth16,9,0,2026-10-05T17:26:57.496Z,3.034,51.283,520.062,21.304,20.578,595.683,595.736,1746223,b211630d00c7c2d0e5309876a16c72ad66909d7301385d4da830c4a8d71e391e,1,1,1,6984258666005320425026512790395532096094174015337867819103339755428425654885,6984258666005320425026512790395532096094174015337867819103339755428425654885,16.126,434.836,sha256:9024dbc83b8168363c07d710dcc5e55d6831294a3e7970c28108e31b0b0bfcd7,9a7829fe2584259f1dd0dc45cf73c5ce904fce7e61e964fb7958826f156b43be,ok,
V2-PRV-D2-01-run1,S20261005T152152Z,cpu2,6b900da9dcc9,primary,V2-PRV-D2-01-run1/cpu2/primary5a1/m21,5,1,21,5,0,,groth16,11,0,2026-10-05T17:26:58.166Z,12.851,69.727,609.819,19.013,19.959,711.409,711.458,1987127,1241508317856e8cb42cf71f43cafeb13e26a2553d595182aefca30b78a5b754,1,1,1,2331069663988172194036823937050772334301923846801859971199361438858855491288,2331069663988172194036823937050772334301923846801859971199361438858855491288,15.109,436.055,sha256:9024dbc83b8168363c07d710dcc5e55d6831294a3e7970c28108e31b0b0bfcd7,9a7829fe2584259f1dd0dc45cf73c5ce904fce7e61e964fb7958826f156b43be,ok,
V2-PRV-D2-01-run1,S20261005T152152Z,cpu2,6b900da9dcc9,primary,V2-PRV-D2-01-run1/cpu2/primary5a1/m22,5,1,22,5,0,,groth16,10,0,2026-10-05T17:26:58.949Z,4.997,45.946,603.096,21.764,19.813,675.803,675.848,1866675,656d9ee8dd285db6410e0a4b4317201829a1347f7cc3ef6d8de625e8f99f432a,1,1,1,15051918923212186249893826717407673651397890896320211215644860331911956986283,15051918923212186249893826717407673651397890896320211215644860331911956986283,14.51,436.355,sha256:9024dbc83b8168363c07d710dcc5e55d6831294a3e7970c28108e31b0b0bfcd7,9a7829fe2584259f1dd0dc45cf73c5ce904fce7e61e964fb7958826f156b43be,ok,
V2-PRV-D2-01-run1,S20261005T152152Z,cpu2,37ebbf83ae8e,primary,V2-PRV-D2-01-run1/cpu2/primary6a1/in_process1,6,1,1,6,1,in_process,groth16,5,0,2026-10-05T17:34:41.231Z,0.726,51.992,768.446,41.441,29.171,862.606,862.67,1133343,41c7636150900ee72cf6323930dd506bd0fc015a94a20905cc61c856b4fe919a,1,1,1,20219445350743929204131453627914351950554712481604845279550177385716225267064,20219445350743929204131453627914351950554712481604845279550177385716225267064,18.619,188.621,sha256:9024dbc83b8168363c07d710dcc5e55d6831294a3e7970c28108e31b0b0bfcd7,9a7829fe2584259f1dd0dc45cf73c5ce904fce7e61e964fb7958826f156b43be,ok,
V2-PRV-D2-01-run1,S20261005T152152Z,cpu2,37ebbf83ae8e,primary,V2-PRV-D2-01-run1/cpu2/primary6a1/in_process2,6,1,2,6,1,in_process,plonk,5,0,2026-10-05T17:34:42.191Z,0.79,54.81,25525.119,12.694,11.254,25593.413,25593.472,50790568,8b7d89ef154d0704a4a5fb8df978ea728f0decad61374b1d3a80a026ad357fec,1,1,1,20219445350743929204131453627914351950554712481604845279550177385716225267064,20219445350743929204131453627914351950554712481604845279550177385716225267064,16.214,367.855,sha256:9024dbc83b8168363c07d710dcc5e55d6831294a3e7970c28108e31b0b0bfcd7,9a7829fe2584259f1dd0dc45cf73c5ce904fce7e61e964fb7958826f156b43be,ok,
V2-PRV-D2-01-run1,S20261005T152152Z,cpu2,37ebbf83ae8e,primary,V2-PRV-D2-01-run1/cpu2/primary6a1/m1,6,1,1,6,0,,groth16,5,0,2026-10-05T17:35:07.832Z,0.755,73.113,404.058,32.638,20.43,510.564,510.625,1133343,41c7636150900ee72cf6323930dd506bd0fc015a94a20905cc61c856b4fe919a,1,1,1,20219445350743929204131453627914351950554712481604845279550177385716225267064,20219445350743929204131453627914351950554712481604845279550177385716225267064,16.685,342.023,sha256:9024dbc83b8168363c07d710dcc5e55d6831294a3e7970c28108e31b0b0bfcd7,9a7829fe2584259f1dd0dc45cf73c5ce904fce7e61e964fb7958826f156b43be,ok,
V2-PRV-D2-01-run1,S20261005T152152Z,cpu2,37ebbf83ae8e,primary,V2-PRV-D2-01-run1/cpu2/primary6a1/m2,6,1,2,6,0,,groth16,13,0,2026-10-05T17:35:08.415Z,82.137,71.306,624.503,23.506,20.798,801.453,801.529,2228031,53cbdd1f02a65121d6c7044031c6cfa4c6ce66c0b9712dd28fe86ef4c6512c1b,1,1,1,13018560099362082186863424433928374003133451805803510125393454640522484396813,13018560099362082186863424433928374003133451805803510125393454640522484396813,26.858,379.457,sha256:9024dbc83b8168363c07d710dcc5e55d6831294a3e7970c28108e31b0b0bfcd7,9a7829fe2584259f1dd0dc45cf73c5ce904fce7e61e964fb7958826f156b43be,ok,
V2-PRV-D2-01-run1,S20261005T152152Z,cpu2,37ebbf83ae8e,primary,V2-PRV-D2-01-run1/cpu2/primary6a1/m3,6,1,3,6,0,,groth16,6,0,2026-10-05T17:35:09.295Z,0.591,47.141,440.261,21.923,19.669,509.916,509.96,1253795,ea2368c5701f4885dc1bd9120ebd0b3419c495066983d2c215030506b1968bd4,1,1,1,10532757130067282663983599398935360485967103778186217285995762441905303040250,10532757130067282663983599398935360485967103778186217285995762441905303040250,16.674,349.598,sha256:9024dbc83b8168363c07d710dcc5e55d6831294a3e7970c28108e31b0b0bfcd7,9a7829fe2584259f1dd0dc45cf73c5ce904fce7e61e964fb7958826f156b43be,ok,
V2-PRV-D2-01-run1,S20261005T152152Z,cpu2,37ebbf83ae8e,primary,V2-PRV-D2-01-run1/cpu2/primary6a1/m4,6,1,4,6,0,,groth16,7,0,2026-10-05T17:35:09.875Z,1.039,47.508,456.199,26.7,17.736,531.446,531.503,1374247,c0f6d8c4ac9fa282780a2c229d7d086f87e26be62a3eefceb9f801e5076843aa,1,1,1,9026274488482297584789229036856073050395813352045422820229792111497560353893,9026274488482297584789229036856073050395813352045422820229792111497560353893,14.887,347.805,sha256:9024dbc83b8168363c07d710dcc5e55d6831294a3e7970c28108e31b0b0bfcd7,9a7829fe2584259f1dd0dc45cf73c5ce904fce7e61e964fb7958826f156b43be,ok,
V2-PRV-D2-01-run1,S20261005T152152Z,cpu2,37ebbf83ae8e,primary,V2-PRV-D2-01-run1/cpu2/primary6a1/m5,6,1,5,6,0,,groth16,8,0,2026-10-05T17:35:10.471Z,1.689,48.885,490.757,16.97,17.908,558.301,558.352,1625771,5ed3b83d5f5aad4ca7fa25c79bc0fa86d421d2202a7e7054079f14b9e1c2f4cd,1,1,1,11208238821759301031658742314369964146518915978230190408192556840886074910205,11208238821759301031658742314369964146518915978230190408192556840886074910205,16.342,347.063,sha256:9024dbc83b8168363c07d710dcc5e55d6831294a3e7970c28108e31b0b0bfcd7,9a7829fe2584259f1dd0dc45cf73c5ce904fce7e61e964fb7958826f156b43be,ok,
V2-PRV-D2-01-run1,S20261005T152152Z,cpu2,37ebbf83ae8e,primary,V2-PRV-D2-01-run1/cpu2/primary6a1/m6,6,1,6,6,0,,groth16,11,0,2026-10-05T17:35:11.099Z,13.887,48.467,583.94,18.672,19.747,664.966,665.017,1987127,1241508317856e8cb42cf71f43cafeb13e26a2553d595182aefca30b78a5b754,1,1,1,2331069663988172194036823937050772334301923846801859971199361438858855491288,2331069663988172194036823937050772334301923846801859971199361438858855491288,15.034,348.754,sha256:9024dbc83b8168363c07d710dcc5e55d6831294a3e7970c28108e31b0b0bfcd7,9a7829fe2584259f1dd0dc45cf73c5ce904fce7e61e964fb7958826f156b43be,ok,
V2-PRV-D2-01-run1,S20261005T152152Z,cpu2,37ebbf83ae8e,primary,V2-PRV-D2-01-run1/cpu2/primary6a1/m7,6,1,7,6,0,,groth16,10,0,2026-10-05T17:35:11.835Z,4.97,48.702,550.601,17.643,19.602,621.916,621.968,1866675,656d9ee8dd285db6410e0a4b4317201829a1347f7cc3ef6d8de625e8f99f432a,1,1,1,15051918923212186249893826717407673651397890896320211215644860331911956986283,15051918923212186249893826717407673651397890896320211215644860331911956986283,16.75,346.285,sha256:9024dbc83b8168363c07d710dcc5e55d6831294a3e7970c28108e31b0b0bfcd7,9a7829fe2584259f1dd0dc45cf73c5ce904fce7e61e964fb7958826f156b43be,ok,
V2-PRV-D2-01-run1,S20261005T152152Z,cpu2,37ebbf83ae8e,primary,V2-PRV-D2-01-run1/cpu2/primary6a1/m8,6,1,8,6,0,,groth16,15,0,2026-10-05T17:35:12.531Z,318.066,63.766,692.333,20.99,19.499,1095.155,1095.224,2468935,d6be53096894f276c29d0702fcead9cafd5a510db26c6b563aa91a72f3a7c974,1,1,1,5538221348906088419474490245423435983421913751881271203929586843786047312620,5538221348906088419474490245423435983421913751881271203929586843786047312620,15.112,349.027,sha256:9024dbc83b8168363c07d710dcc5e55d6831294a3e7970c28108e31b0b0bfcd7,9a7829fe2584259f1dd0dc45cf73c5ce904fce7e61e964fb7958826f156b43be,ok,
V2-PRV-D2-01-run1,S20261005T152152Z,cpu2,37ebbf83ae8e,primary,V2-PRV-D2-01-run1/cpu2/primary6a1/m9,6,1,9,6,0,,groth16,9,0,2026-10-05T17:35:13.696Z,3.626,47.396,554.597,18.866,19.872,624.484,624.534,1746223,b211630d00c7c2d0e5309876a16c72ad66909d7301385d4da830c4a8d71e391e,1,1,1,6984258666005320425026512790395532096094174015337867819103339755428425654885,6984258666005320425026512790395532096094174015337867819103339755428425654885,16.851,347.613,sha256:9024dbc83b8168363c07d710dcc5e55d6831294a3e7970c28108e31b0b0bfcd7,9a7829fe2584259f1dd0dc45cf73c5ce904fce7e61e964fb7958826f156b43be,ok,
V2-PRV-D2-01-run1,S20261005T152152Z,cpu2,37ebbf83ae8e,primary,V2-PRV-D2-01-run1/cpu2/primary6a1/m10,6,1,10,6,0,,groth16,12,0,2026-10-05T17:35:14.395Z,40.451,63.341,645.098,21.962,19.185,770.852,770.906,2107579,3fdb01845d81a3cdbbba88fcf45b948195abf01ba68c30be8a5f3e3546d4e81e,1,1,1,20765103782140504056642351574627691742460497089285629062356351732411546548551,20765103782140504056642351574627691742460497089285629062356351732411546548551,14.988,348.648,sha256:9024dbc83b8168363c07d710dcc5e55d6831294a3e7970c28108e31b0b0bfcd7,9a7829fe2584259f1dd0dc45cf73c5ce904fce7e61e964fb7958826f156b43be,ok,
V2-PRV-D2-01-run1,S20261005T152152Z,cpu2,37ebbf83ae8e,primary,V2-PRV-D2-01-run1/cpu2/primary6a1/m11,6,1,11,6,0,,groth16,14,0,2026-10-05T17:35:15.235Z,146.829,61.095,654.521,23.347,19.703,885.792,885.864,2348483,b0be38259edaa109196790233512dc26d29f0e31a9506021bad97c60834e4df2,1,1,1,12572480465523292994716985171141939129262661173864601800410554422143429339219,12572480465523292994716985171141939129262661173864601800410554422143429339219,16.915,349.352,sha256:9024dbc83b8168363c07d710dcc5e55d6831294a3e7970c28108e31b0b0bfcd7,9a7829fe2584259f1dd0dc45cf73c5ce904fce7e61e964fb7958826f156b43be,ok,
V2-PRV-D2-01-run1,S20261005T152152Z,cpu2,1b24cf12bc5b,primary,V2-PRV-D2-01-run1/cpu2/primary7a1/in_process1,7,1,1,7,1,in_process,groth16,5,0,2026-10-05T17:35:50.424Z,0.611,50.002,790.54,24.39,32.098,865.542,865.604,1133343,41c7636150900ee72cf6323930dd506bd0fc015a94a20905cc61c856b4fe919a,1,1,1,20219445350743929204131453627914351950554712481604845279550177385716225267064,20219445350743929204131453627914351950554712481604845279550177385716225267064,16.273,186.293,sha256:9024dbc83b8168363c07d710dcc5e55d6831294a3e7970c28108e31b0b0bfcd7,9a7829fe2584259f1dd0dc45cf73c5ce904fce7e61e964fb7958826f156b43be,ok,
V2-PRV-D2-01-run1,S20261005T152152Z,cpu2,1b24cf12bc5b,primary,V2-PRV-D2-01-run1/cpu2/primary7a1/in_process2,7,1,2,7,1,in_process,plonk,5,0,2026-10-05T17:35:51.390Z,0.755,48.902,25425.915,12.8,11.353,25488.372,25488.429,50790568,8b7d89ef154d0704a4a5fb8df978ea728f0decad61374b1d3a80a026ad357fec,1,1,1,20219445350743929204131453627914351950554712481604845279550177385716225267064,20219445350743929204131453627914351950554712481604845279550177385716225267064,16.287,366.578,sha256:9024dbc83b8168363c07d710dcc5e55d6831294a3e7970c28108e31b0b0bfcd7,9a7829fe2584259f1dd0dc45cf73c5ce904fce7e61e964fb7958826f156b43be,ok,
V2-PRV-D2-01-run1,S20261005T152152Z,cpu2,1b24cf12bc5b,primary,V2-PRV-D2-01-run1/cpu2/primary7a1/m1,7,1,1,7,0,,groth16,9,0,2026-10-05T17:36:16.926Z,3.387,55.67,562.773,32.157,19.743,653.987,654.048,1746223,b211630d00c7c2d0e5309876a16c72ad66909d7301385d4da830c4a8d71e391e,1,1,1,6984258666005320425026512790395532096094174015337867819103339755428425654885,6984258666005320425026512790395532096094174015337867819103339755428425654885,15.305,343.035,sha256:9024dbc83b8168363c07d710dcc5e55d6831294a3e7970c28108e31b0b0bfcd7,9a7829fe2584259f1dd0dc45cf73c5ce904fce7e61e964fb7958826f156b43be,ok,
V2-PRV-D2-01-run1,S20261005T152152Z,cpu2,1b24cf12bc5b,primary,V2-PRV-D2-01-run1/cpu2/primary7a1/m2,7,1,2,7,0,,groth16,5,0,2026-10-05T17:36:17.652Z,0.528,45.431,394.353,24.582,20.313,464.893,464.985,1133343,41c7636150900ee72cf6323930dd506bd0fc015a94a20905cc61c856b4fe919a,1,1,1,20219445350743929204131453627914351950554712481604845279550177385716225267064,20219445350743929204131453627914351950554712481604845279550177385716225267064,17.173,343.59,sha256:9024dbc83b8168363c07d710dcc5e55d6831294a3e7970c28108e31b0b0bfcd7,9a7829fe2584259f1dd0dc45cf73c5ce904fce7e61e964fb7958826f156b43be,ok,
V2-PRV-D2-01-run1,S20261005T152152Z,cpu2,1b24cf12bc5b,primary,V2-PRV-D2-01-run1/cpu2/primary7a1/m3,7,1,3,7,0,,groth16,11,0,2026-10-05T17:36:18.190Z,14.067,51.683,599.969,21.067,19.361,686.786,686.835,1987127,1241508317856e8cb42cf71f43cafeb13e26a2553d595182aefca30b78a5b754,1,1,1,2331069663988172194036823937050772334301923846801859971199361438858855491288,2331069663988172194036823937050772334301923846801859971199361438858855491288,17.101,348.871,sha256:9024dbc83b8168363c07d710dcc5e55d6831294a3e7970c28108e31b0b0bfcd7,9a7829fe2584259f1dd0dc45cf73c5ce904fce7e61e964fb7958826f156b43be,ok,
V2-PRV-D2-01-run1,S20261005T152152Z,cpu2,1b24cf12bc5b,primary,V2-PRV-D2-01-run1/cpu2/primary7a1/m4,7,1,4,7,0,,groth16,12,0,2026-10-05T17:36:18.946Z,39.331,64.266,597.589,28.005,17.392,729.191,729.25,2107579,3fdb01845d81a3cdbbba88fcf45b948195abf01ba68c30be8a5f3e3546d4e81e,1,1,1,20765103782140504056642351574627691742460497089285629062356351732411546548551,20765103782140504056642351574627691742460497089285629062356351732411546548551,17.012,350.09,sha256:9024dbc83b8168363c07d710dcc5e55d6831294a3e7970c28108e31b0b0bfcd7,9a7829fe2584259f1dd0dc45cf73c5ce904fce7e61e964fb7958826f156b43be,ok,
V2-PRV-D2-01-run1,S20261005T152152Z,cpu2,1b24cf12bc5b,primary,V2-PRV-D2-01-run1/cpu2/primary7a1/m5,7,1,5,7,0,,groth16,13,0,2026-10-05T17:36:19.742Z,82.745,70.574,648.007,19.34,19.123,820.665,820.728,2228031,53cbdd1f02a65121d6c7044031c6cfa4c6ce66c0b9712dd28fe86ef4c6512c1b,1,1,1,13018560099362082186863424433928374003133451805803510125393454640522484396813,13018560099362082186863424433928374003133451805803510125393454640522484396813,27.297,383.719,sha256:9024dbc83b8168363c07d710dcc5e55d6831294a3e7970c28108e31b0b0bfcd7,9a7829fe2584259f1dd0dc45cf73c5ce904fce7e61e964fb7958826f156b43be,ok,
V2-PRV-D2-01-run1,S20261005T152152Z,cpu2,1b24cf12bc5b,primary,V2-PRV-D2-01-run1/cpu2/primary7a1/m6,7,1,6,7,0,,groth16,15,0,2026-10-05T17:36:20.635Z,352.293,78.283,680.115,18.405,18.68,1129.096,1129.168,2468935,d6be53096894f276c29d0702fcead9cafd5a510db26c6b563aa91a72f3a7c974,1,1,1,5538221348906088419474490245423435983421913751881271203929586843786047312620,5538221348906088419474490245423435983421913751881271203929586843786047312620,16.955,351.133,sha256:9024dbc83b8168363c07d710dcc5e55d6831294a3e7970c28108e31b0b0bfcd7,9a7829fe2584259f1dd0dc45cf73c5ce904fce7e61e964fb7958826f156b43be,ok,
V2-PRV-D2-01-run1,S20261005T152152Z,cpu2,1b24cf12bc5b,primary,V2-PRV-D2-01-run1/cpu2/primary7a1/m7,7,1,7,7,0,,groth16,10,0,2026-10-05T17:36:21.834Z,5.06,52.984,552.962,22.605,19.084,633.61,633.655,1866675,656d9ee8dd285db6410e0a4b4317201829a1347f7cc3ef6d8de625e8f99f432a,1,1,1,15051918923212186249893826717407673651397890896320211215644860331911956986283,15051918923212186249893826717407673651397890896320211215644860331911956986283,15.525,351.047,sha256:9024dbc83b8168363c07d710dcc5e55d6831294a3e7970c28108e31b0b0bfcd7,9a7829fe2584259f1dd0dc45cf73c5ce904fce7e61e964fb7958826f156b43be,ok,
V2-PRV-D2-01-run1,S20261005T152152Z,cpu2,1b24cf12bc5b,primary,V2-PRV-D2-01-run1/cpu2/primary7a1/m8,7,1,8,7,0,,groth16,14,0,2026-10-05T17:36:22.537Z,158.123,61.575,681.829,22.474,20.454,924.001,924.067,2348483,b0be38259edaa109196790233512dc26d29f0e31a9506021bad97c60834e4df2,1,1,1,12572480465523292994716985171141939129262661173864601800410554422143429339219,12572480465523292994716985171141939129262661173864601800410554422143429339219,15.246,351.688,sha256:9024dbc83b8168363c07d710dcc5e55d6831294a3e7970c28108e31b0b0bfcd7,9a7829fe2584259f1dd0dc45cf73c5ce904fce7e61e964fb7958826f156b43be,ok,
V2-PRV-D2-01-run1,S20261005T152152Z,cpu2,1b24cf12bc5b,primary,V2-PRV-D2-01-run1/cpu2/primary7a1/m9,7,1,9,7,0,,groth16,6,0,2026-10-05T17:36:23.531Z,0.84,46.276,414.84,19.12,19.52,481.076,481.127,1253795,ea2368c5701f4885dc1bd9120ebd0b3419c495066983d2c215030506b1968bd4,1,1,1,10532757130067282663983599398935360485967103778186217285995762441905303040250,10532757130067282663983599398935360485967103778186217285995762441905303040250,15.824,350.977,sha256:9024dbc83b8168363c07d710dcc5e55d6831294a3e7970c28108e31b0b0bfcd7,9a7829fe2584259f1dd0dc45cf73c5ce904fce7e61e964fb7958826f156b43be,ok,
V2-PRV-D2-01-run1,S20261005T152152Z,cpu2,1b24cf12bc5b,primary,V2-PRV-D2-01-run1/cpu2/primary7a1/m10,7,1,10,7,0,,groth16,8,0,2026-10-05T17:36:24.081Z,1.62,52.147,521.575,21.928,19.764,597.27,597.317,1625771,5ed3b83d5f5aad4ca7fa25c79bc0fa86d421d2202a7e7054079f14b9e1c2f4cd,1,1,1,11208238821759301031658742314369964146518915978230190408192556840886074910205,11208238821759301031658742314369964146518915978230190408192556840886074910205,17.184,350.934,sha256:9024dbc83b8168363c07d710dcc5e55d6831294a3e7970c28108e31b0b0bfcd7,9a7829fe2584259f1dd0dc45cf73c5ce904fce7e61e964fb7958826f156b43be,ok,
V2-PRV-D2-01-run1,S20261005T152152Z,cpu2,1b24cf12bc5b,primary,V2-PRV-D2-01-run1/cpu2/primary7a1/m11,7,1,11,7,0,,groth16,7,0,2026-10-05T17:36:24.747Z,1.03,48.599,448.122,21.989,18.21,519.741,519.789,1374247,c0f6d8c4ac9fa282780a2c229d7d086f87e26be62a3eefceb9f801e5076843aa,1,1,1,9026274488482297584789229036856073050395813352045422820229792111497560353893,9026274488482297584789229036856073050395813352045422820229792111497560353893,16.324,350.004,sha256:9024dbc83b8168363c07d710dcc5e55d6831294a3e7970c28108e31b0b0bfcd7,9a7829fe2584259f1dd0dc45cf73c5ce904fce7e61e964fb7958826f156b43be,ok,
V2-PRV-D2-01-run1,S20261005T152152Z,cpu2,c6333135c45e,primary,V2-PRV-D2-01-run1/cpu2/primary8a1/in_process1,8,1,1,8,1,in_process,groth16,5,0,2026-10-05T17:37:02.411Z,0.724,68.893,785.692,21.862,30.884,877.171,877.235,1133343,41c7636150900ee72cf6323930dd506bd0fc015a94a20905cc61c856b4fe919a,1,1,1,20219445350743929204131453627914351950554712481604845279550177385716225267064,20219445350743929204131453627914351950554712481604845279550177385716225267064,22.228,182.656,sha256:9024dbc83b8168363c07d710dcc5e55d6831294a3e7970c28108e31b0b0bfcd7,9a7829fe2584259f1dd0dc45cf73c5ce904fce7e61e964fb7958826f156b43be,ok,
V2-PRV-D2-01-run1,S20261005T152152Z,cpu2,c6333135c45e,primary,V2-PRV-D2-01-run1/cpu2/primary8a1/in_process2,8,1,2,8,1,in_process,plonk,5,0,2026-10-05T17:37:03.386Z,0.429,52.264,25217.397,12.589,13.063,25282.678,25282.739,50790568,8b7d89ef154d0704a4a5fb8df978ea728f0decad61374b1d3a80a026ad357fec,1,1,1,20219445350743929204131453627914351950554712481604845279550177385716225267064,20219445350743929204131453627914351950554712481604845279550177385716225267064,16.653,379.027,sha256:9024dbc83b8168363c07d710dcc5e55d6831294a3e7970c28108e31b0b0bfcd7,9a7829fe2584259f1dd0dc45cf73c5ce904fce7e61e964fb7958826f156b43be,ok,
V2-PRV-D2-01-run1,S20261005T152152Z,cpu2,c6333135c45e,primary,V2-PRV-D2-01-run1/cpu2/primary8a1/m1,8,1,1,8,0,,groth16,13,0,2026-10-05T17:37:28.719Z,67.151,66.902,628.679,30.599,21.364,793.332,793.411,2228031,53cbdd1f02a65121d6c7044031c6cfa4c6ce66c0b9712dd28fe86ef4c6512c1b,1,1,1,13018560099362082186863424433928374003133451805803510125393454640522484396813,13018560099362082186863424433928374003133451805803510125393454640522484396813,27.294,391.113,sha256:9024dbc83b8168363c07d710dcc5e55d6831294a3e7970c28108e31b0b0bfcd7,9a7829fe2584259f1dd0dc45cf73c5ce904fce7e61e964fb7958826f156b43be,ok,
V2-PRV-D2-01-run1,S20261005T152152Z,cpu2,c6333135c45e,primary,V2-PRV-D2-01-run1/cpu2/primary8a1/m2,8,1,2,8,0,,groth16,8,0,2026-10-05T17:37:29.592Z,1.637,51.124,497.017,21.304,23.523,571.083,571.148,1625771,5ed3b83d5f5aad4ca7fa25c79bc0fa86d421d2202a7e7054079f14b9e1c2f4cd,1,1,1,11208238821759301031658742314369964146518915978230190408192556840886074910205,11208238821759301031658742314369964146518915978230190408192556840886074910205,17.291,362.289,sha256:9024dbc83b8168363c07d710dcc5e55d6831294a3e7970c28108e31b0b0bfcd7,9a7829fe2584259f1dd0dc45cf73c5ce904fce7e61e964fb7958826f156b43be,ok,
V2-PRV-D2-01-run1,S20261005T152152Z,cpu2,c6333135c45e,primary,V2-PRV-D2-01-run1/cpu2/primary8a1/m3,8,1,3,8,0,,groth16,12,0,2026-10-05T17:37:30.244Z,37.69,65.272,607.031,21.781,20.299,731.773,731.825,2107579,3fdb01845d81a3cdbbba88fcf45b948195abf01ba68c30be8a5f3e3546d4e81e,1,1,1,20765103782140504056642351574627691742460497089285629062356351732411546548551,20765103782140504056642351574627691742460497089285629062356351732411546548551,17.313,363.473,sha256:9024dbc83b8168363c07d710dcc5e55d6831294a3e7970c28108e31b0b0bfcd7,9a7829fe2584259f1dd0dc45cf73c5ce904fce7e61e964fb7958826f156b43be,ok,
V2-PRV-D2-01-run1,S20261005T152152Z,cpu2,c6333135c45e,primary,V2-PRV-D2-01-run1/cpu2/primary8a1/m4,8,1,4,8,0,,groth16,11,0,2026-10-05T17:37:31.050Z,12.875,46.436,591.431,19.808,20.644,670.549,670.598,1987127,1241508317856e8cb42cf71f43cafeb13e26a2553d595182aefca30b78a5b754,1,1,1,2331069663988172194036823937050772334301923846801859971199361438858855491288,2331069663988172194036823937050772334301923846801859971199361438858855491288,16.927,363.254,sha256:9024dbc83b8168363c07d710dcc5e55d6831294a3e7970c28108e31b0b0bfcd7,9a7829fe2584259f1dd0dc45cf73c5ce904fce7e61e964fb7958826f156b43be,ok,
V2-PRV-D2-01-run1,S20261005T152152Z,cpu2,c6333135c45e,primary,V2-PRV-D2-01-run1/cpu2/primary8a1/m5,8,1,5,8,0,,groth16,5,0,2026-10-05T17:37:31.792Z,0.837,70.198,383.227,21.46,18.999,475.722,475.779,1133343,41c7636150900ee72cf6323930dd506bd0fc015a94a20905cc61c856b4fe919a,1,1,1,20219445350743929204131453627914351950554712481604845279550177385716225267064,20219445350743929204131453627914351950554712481604845279550177385716225267064,16.457,364.012,sha256:9024dbc83b8168363c07d710dcc5e55d6831294a3e7970c28108e31b0b0bfcd7,9a7829fe2584259f1dd0dc45cf73c5ce904fce7e61e964fb7958826f156b43be,ok,
V2-PRV-D2-01-run1,S20261005T152152Z,cpu2,c6333135c45e,primary,V2-PRV-D2-01-run1/cpu2/primary8a1/m6,8,1,6,8,0,,groth16,7,0,2026-10-05T17:37:32.337Z,1.289,45.523,474.961,19.702,19.939,541.475,541.528,1374247,c0f6d8c4ac9fa282780a2c229d7d086f87e26be62a3eefceb9f801e5076843aa,1,1,1,9026274488482297584789229036856073050395813352045422820229792111497560353893,9026274488482297584789229036856073050395813352045422820229792111497560353893,16.342,363.949,sha256:9024dbc83b8168363c07d710dcc5e55d6831294a3e7970c28108e31b0b0bfcd7,9a7829fe2584259f1dd0dc45cf73c5ce904fce7e61e964fb7958826f156b43be,ok,
V2-PRV-D2-01-run1,S20261005T152152Z,cpu2,c6333135c45e,primary,V2-PRV-D2-01-run1/cpu2/primary8a1/m7,8,1,7,8,0,,groth16,15,0,2026-10-05T17:37:32.950Z,312.188,71.947,674.804,19.024,19.37,1077.962,1078.034,2468935,d6be53096894f276c29d0702fcead9cafd5a510db26c6b563aa91a72f3a7c974,1,1,1,5538221348906088419474490245423435983421913751881271203929586843786047312620,5538221348906088419474490245423435983421913751881271203929586843786047312620,17.321,365.586,sha256:9024dbc83b8168363c07d710dcc5e55d6831294a3e7970c28108e31b0b0bfcd7,9a7829fe2584259f1dd0dc45cf73c5ce904fce7e61e964fb7958826f156b43be,ok,
V2-PRV-D2-01-run1,S20261005T152152Z,cpu2,c6333135c45e,primary,V2-PRV-D2-01-run1/cpu2/primary8a1/m8,8,1,8,8,0,,groth16,14,0,2026-10-05T17:37:34.096Z,162.111,62.511,683.756,22.124,19.436,930.502,930.568,2348483,b0be38259edaa109196790233512dc26d29f0e31a9506021bad97c60834e4df2,1,1,1,12572480465523292994716985171141939129262661173864601800410554422143429339219,12572480465523292994716985171141939129262661173864601800410554422143429339219,17.514,391.645,sha256:9024dbc83b8168363c07d710dcc5e55d6831294a3e7970c28108e31b0b0bfcd7,9a7829fe2584259f1dd0dc45cf73c5ce904fce7e61e964fb7958826f156b43be,ok,
V2-PRV-D2-01-run1,S20261005T152152Z,cpu2,c6333135c45e,primary,V2-PRV-D2-01-run1/cpu2/primary8a1/m9,8,1,9,8,0,,groth16,9,0,2026-10-05T17:37:35.097Z,3.167,51,547.621,20.683,18.987,622.471,622.523,1746223,b211630d00c7c2d0e5309876a16c72ad66909d7301385d4da830c4a8d71e391e,1,1,1,6984258666005320425026512790395532096094174015337867819103339755428425654885,6984258666005320425026512790395532096094174015337867819103339755428425654885,16.872,388.824,sha256:9024dbc83b8168363c07d710dcc5e55d6831294a3e7970c28108e31b0b0bfcd7,9a7829fe2584259f1dd0dc45cf73c5ce904fce7e61e964fb7958826f156b43be,ok,
V2-PRV-D2-01-run1,S20261005T152152Z,cpu2,c6333135c45e,primary,V2-PRV-D2-01-run1/cpu2/primary8a1/m10,8,1,10,8,0,,groth16,10,0,2026-10-05T17:37:35.789Z,5.133,51.483,555.266,21.915,19.499,633.797,633.85,1866675,656d9ee8dd285db6410e0a4b4317201829a1347f7cc3ef6d8de625e8f99f432a,1,1,1,15051918923212186249893826717407673651397890896320211215644860331911956986283,15051918923212186249893826717407673651397890896320211215644860331911956986283,16.831,389.34,sha256:9024dbc83b8168363c07d710dcc5e55d6831294a3e7970c28108e31b0b0bfcd7,9a7829fe2584259f1dd0dc45cf73c5ce904fce7e61e964fb7958826f156b43be,ok,
V2-PRV-D2-01-run1,S20261005T152152Z,cpu2,c6333135c45e,primary,V2-PRV-D2-01-run1/cpu2/primary8a1/m11,8,1,11,8,0,,groth16,6,0,2026-10-05T17:37:36.493Z,0.556,47.256,465.611,18.68,18.661,532.104,532.149,1253795,ea2368c5701f4885dc1bd9120ebd0b3419c495066983d2c215030506b1968bd4,1,1,1,10532757130067282663983599398935360485967103778186217285995762441905303040250,10532757130067282663983599398935360485967103778186217285995762441905303040250,17.197,389.543,sha256:9024dbc83b8168363c07d710dcc5e55d6831294a3e7970c28108e31b0b0bfcd7,9a7829fe2584259f1dd0dc45cf73c5ce904fce7e61e964fb7958826f156b43be,ok,
V2-PRV-D2-01-run1,S20261005T152152Z,cpu2,a788a9b1aee2,primary,V2-PRV-D2-01-run1/cpu2/primary9a1/in_process1,9,1,1,9,1,in_process,groth16,5,0,2026-10-05T17:39:46.823Z,0.711,52.525,782.523,24.395,29.1,860.154,860.216,1133343,41c7636150900ee72cf6323930dd506bd0fc015a94a20905cc61c856b4fe919a,1,1,1,20219445350743929204131453627914351950554712481604845279550177385716225267064,20219445350743929204131453627914351950554712481604845279550177385716225267064,16.908,189.316,sha256:9024dbc83b8168363c07d710dcc5e55d6831294a3e7970c28108e31b0b0bfcd7,9a7829fe2584259f1dd0dc45cf73c5ce904fce7e61e964fb7958826f156b43be,ok,
V2-PRV-D2-01-run1,S20261005T152152Z,cpu2,a788a9b1aee2,primary,V2-PRV-D2-01-run1/cpu2/primary9a1/in_process2,9,1,2,9,1,in_process,plonk,5,0,2026-10-05T17:39:47.785Z,0.676,50.609,25248.704,13.435,11.27,25313.424,25313.476,50790568,8b7d89ef154d0704a4a5fb8df978ea728f0decad61374b1d3a80a026ad357fec,1,1,1,20219445350743929204131453627914351950554712481604845279550177385716225267064,20219445350743929204131453627914351950554712481604845279550177385716225267064,17.467,383.379,sha256:9024dbc83b8168363c07d710dcc5e55d6831294a3e7970c28108e31b0b0bfcd7,9a7829fe2584259f1dd0dc45cf73c5ce904fce7e61e964fb7958826f156b43be,ok,
V2-PRV-D2-01-run1,S20261005T152152Z,cpu2,a788a9b1aee2,primary,V2-PRV-D2-01-run1/cpu2/primary9a1/m1,9,1,1,9,0,,groth16,10,0,2026-10-05T17:40:13.147Z,5.284,57.093,563.433,33.389,21.952,659.199,659.274,1866675,656d9ee8dd285db6410e0a4b4317201829a1347f7cc3ef6d8de625e8f99f432a,1,1,1,15051918923212186249893826717407673651397890896320211215644860331911956986283,15051918923212186249893826717407673651397890896320211215644860331911956986283,17.879,358.781,sha256:9024dbc83b8168363c07d710dcc5e55d6831294a3e7970c28108e31b0b0bfcd7,9a7829fe2584259f1dd0dc45cf73c5ce904fce7e61e964fb7958826f156b43be,ok,
V2-PRV-D2-01-run1,S20261005T152152Z,cpu2,a788a9b1aee2,primary,V2-PRV-D2-01-run1/cpu2/primary9a1/m2,9,1,2,9,0,,groth16,11,0,2026-10-05T17:40:13.882Z,13.182,65.763,574.604,23.455,21.779,677.004,677.07,1987127,1241508317856e8cb42cf71f43cafeb13e26a2553d595182aefca30b78a5b754,1,1,1,2331069663988172194036823937050772334301923846801859971199361438858855491288,2331069663988172194036823937050772334301923846801859971199361438858855491288,16.399,362.496,sha256:9024dbc83b8168363c07d710dcc5e55d6831294a3e7970c28108e31b0b0bfcd7,9a7829fe2584259f1dd0dc45cf73c5ce904fce7e61e964fb7958826f156b43be,ok,
V2-PRV-D2-01-run1,S20261005T152152Z,cpu2,a788a9b1aee2,primary,V2-PRV-D2-01-run1/cpu2/primary9a1/m3,9,1,3,9,0,,groth16,13,0,2026-10-05T17:40:14.633Z,88.536,65.336,655.96,16.083,19.492,825.916,825.982,2228031,53cbdd1f02a65121d6c7044031c6cfa4c6ce66c0b9712dd28fe86ef4c6512c1b,1,1,1,13018560099362082186863424433928374003133451805803510125393454640522484396813,13018560099362082186863424433928374003133451805803510125393454640522484396813,28.251,398.531,sha256:9024dbc83b8168363c07d710dcc5e55d6831294a3e7970c28108e31b0b0bfcd7,9a7829fe2584259f1dd0dc45cf73c5ce904fce7e61e964fb7958826f156b43be,ok,
V2-PRV-D2-01-run1,S20261005T152152Z,cpu2,a788a9b1aee2,primary,V2-PRV-D2-01-run1/cpu2/primary9a1/m4,9,1,4,9,0,,groth16,12,0,2026-10-05T17:40:15.534Z,19.597,56.924,604.96,21.982,20.44,703.463,703.512,2107579,3fdb01845d81a3cdbbba88fcf45b948195abf01ba68c30be8a5f3e3546d4e81e,1,1,1,20765103782140504056642351574627691742460497089285629062356351732411546548551,20765103782140504056642351574627691742460497089285629062356351732411546548551,16.252,364.773,sha256:9024dbc83b8168363c07d710dcc5e55d6831294a3e7970c28108e31b0b0bfcd7,9a7829fe2584259f1dd0dc45cf73c5ce904fce7e61e964fb7958826f156b43be,ok,
V2-PRV-D2-01-run1,S20261005T152152Z,cpu2,a788a9b1aee2,primary,V2-PRV-D2-01-run1/cpu2/primary9a1/m5,9,1,5,9,0,,groth16,6,0,2026-10-05T17:40:16.314Z,0.586,51.61,467.726,16.78,19.513,536.703,536.75,1253795,ea2368c5701f4885dc1bd9120ebd0b3419c495066983d2c215030506b1968bd4,1,1,1,10532757130067282663983599398935360485967103778186217285995762441905303040250,10532757130067282663983599398935360485967103778186217285995762441905303040250,16.433,364.215,sha256:9024dbc83b8168363c07d710dcc5e55d6831294a3e7970c28108e31b0b0bfcd7,9a7829fe2584259f1dd0dc45cf73c5ce904fce7e61e964fb7958826f156b43be,ok,
V2-PRV-D2-01-run1,S20261005T152152Z,cpu2,a788a9b1aee2,primary,V2-PRV-D2-01-run1/cpu2/primary9a1/m6,9,1,6,9,0,,groth16,8,0,2026-10-05T17:40:16.925Z,1.67,49.043,521.644,23.294,19.382,595.651,595.699,1625771,5ed3b83d5f5aad4ca7fa25c79bc0fa86d421d2202a7e7054079f14b9e1c2f4cd,1,1,1,11208238821759301031658742314369964146518915978230190408192556840886074910205,11208238821759301031658742314369964146518915978230190408192556840886074910205,17.652,362.887,sha256:9024dbc83b8168363c07d710dcc5e55d6831294a3e7970c28108e31b0b0bfcd7,9a7829fe2584259f1dd0dc45cf73c5ce904fce7e61e964fb7958826f156b43be,ok,
V2-PRV-D2-01-run1,S20261005T152152Z,cpu2,a788a9b1aee2,primary,V2-PRV-D2-01-run1/cpu2/primary9a1/m7,9,1,7,9,0,,groth16,14,0,2026-10-05T17:40:17.589Z,159.154,63.542,655.647,18.824,19.283,897.166,897.237,2348483,b0be38259edaa109196790233512dc26d29f0e31a9506021bad97c60834e4df2,1,1,1,12572480465523292994716985171141939129262661173864601800410554422143429339219,12572480465523292994716985171141939129262661173864601800410554422143429339219,16.495,391.301,sha256:9024dbc83b8168363c07d710dcc5e55d6831294a3e7970c28108e31b0b0bfcd7,9a7829fe2584259f1dd0dc45cf73c5ce904fce7e61e964fb7958826f156b43be,ok,
V2-PRV-D2-01-run1,S20261005T152152Z,cpu2,a788a9b1aee2,primary,V2-PRV-D2-01-run1/cpu2/primary9a1/m8,9,1,8,9,0,,groth16,9,0,2026-10-05T17:40:18.557Z,2.981,48.051,546.805,21.43,18.308,619.268,619.315,1746223,b211630d00c7c2d0e5309876a16c72ad66909d7301385d4da830c4a8d71e391e,1,1,1,6984258666005320425026512790395532096094174015337867819103339755428425654885,6984258666005320425026512790395532096094174015337867819103339755428425654885,17.575,392.004,sha256:9024dbc83b8168363c07d710dcc5e55d6831294a3e7970c28108e31b0b0bfcd7,9a7829fe2584259f1dd0dc45cf73c5ce904fce7e61e964fb7958826f156b43be,ok,
V2-PRV-D2-01-run1,S20261005T152152Z,cpu2,a788a9b1aee2,primary,V2-PRV-D2-01-run1/cpu2/primary9a1/m9,9,1,9,9,0,,groth16,7,0,2026-10-05T17:40:19.246Z,1.282,46.896,467.187,22.053,19.993,537.418,537.48,1374247,c0f6d8c4ac9fa282780a2c229d7d086f87e26be62a3eefceb9f801e5076843aa,1,1,1,9026274488482297584789229036856073050395813352045422820229792111497560353893,9026274488482297584789229036856073050395813352045422820229792111497560353893,18.089,391.148,sha256:9024dbc83b8168363c07d710dcc5e55d6831294a3e7970c28108e31b0b0bfcd7,9a7829fe2584259f1dd0dc45cf73c5ce904fce7e61e964fb7958826f156b43be,ok,
V2-PRV-D2-01-run1,S20261005T152152Z,cpu2,a788a9b1aee2,primary,V2-PRV-D2-01-run1/cpu2/primary9a1/m10,9,1,10,9,0,,groth16,5,0,2026-10-05T17:40:19.858Z,0.739,46.612,413.558,19.154,19.704,480.063,480.113,1133343,41c7636150900ee72cf6323930dd506bd0fc015a94a20905cc61c856b4fe919a,1,1,1,20219445350743929204131453627914351950554712481604845279550177385716225267064,20219445350743929204131453627914351950554712481604845279550177385716225267064,17.155,390.676,sha256:9024dbc83b8168363c07d710dcc5e55d6831294a3e7970c28108e31b0b0bfcd7,9a7829fe2584259f1dd0dc45cf73c5ce904fce7e61e964fb7958826f156b43be,ok,
V2-PRV-D2-01-run1,S20261005T152152Z,cpu2,a788a9b1aee2,primary,V2-PRV-D2-01-run1/cpu2/primary9a1/m11,9,1,11,9,0,,groth16,15,0,2026-10-05T17:40:20.407Z,311.001,69.489,679.451,20.959,20.192,1080.9,1081.002,2468935,d6be53096894f276c29d0702fcead9cafd5a510db26c6b563aa91a72f3a7c974,1,1,1,5538221348906088419474490245423435983421913751881271203929586843786047312620,5538221348906088419474490245423435983421913751881271203929586843786047312620,17.391,392.723,sha256:9024dbc83b8168363c07d710dcc5e55d6831294a3e7970c28108e31b0b0bfcd7,9a7829fe2584259f1dd0dc45cf73c5ce904fce7e61e964fb7958826f156b43be,ok,
V2-PRV-D2-01-run1,S20261005T152152Z,cpu2,d76ea03f6133,primary,V2-PRV-D2-01-run1/cpu2/primary10a1/in_process1,10,1,1,10,1,in_process,groth16,5,0,2026-10-05T17:40:55.804Z,0.732,51.745,752.163,24.401,30.096,829.04,829.109,1133343,41c7636150900ee72cf6323930dd506bd0fc015a94a20905cc61c856b4fe919a,1,1,1,20219445350743929204131453627914351950554712481604845279550177385716225267064,20219445350743929204131453627914351950554712481604845279550177385716225267064,24.359,235.398,sha256:9024dbc83b8168363c07d710dcc5e55d6831294a3e7970c28108e31b0b0bfcd7,9a7829fe2584259f1dd0dc45cf73c5ce904fce7e61e964fb7958826f156b43be,ok,
V2-PRV-D2-01-run1,S20261005T152152Z,cpu2,d76ea03f6133,primary,V2-PRV-D2-01-run1/cpu2/primary10a1/in_process2,10,1,2,10,1,in_process,plonk,5,0,2026-10-05T17:40:56.728Z,0.508,57.528,25425.32,12.569,11.267,25495.925,25495.981,50790568,8b7d89ef154d0704a4a5fb8df978ea728f0decad61374b1d3a80a026ad357fec,1,1,1,20219445350743929204131453627914351950554712481604845279550177385716225267064,20219445350743929204131453627914351950554712481604845279550177385716225267064,17.717,378.93,sha256:9024dbc83b8168363c07d710dcc5e55d6831294a3e7970c28108e31b0b0bfcd7,9a7829fe2584259f1dd0dc45cf73c5ce904fce7e61e964fb7958826f156b43be,ok,
V2-PRV-D2-01-run1,S20261005T152152Z,cpu2,d76ea03f6133,primary,V2-PRV-D2-01-run1/cpu2/primary10a1/m1,10,1,1,10,0,,groth16,7,0,2026-10-05T17:41:22.274Z,1.231,50.682,452.858,29.229,22.47,534,534.058,1374247,c0f6d8c4ac9fa282780a2c229d7d086f87e26be62a3eefceb9f801e5076843aa,1,1,1,9026274488482297584789229036856073050395813352045422820229792111497560353893,9026274488482297584789229036856073050395813352045422820229792111497560353893,18.172,354.383,sha256:9024dbc83b8168363c07d710dcc5e55d6831294a3e7970c28108e31b0b0bfcd7,9a7829fe2584259f1dd0dc45cf73c5ce904fce7e61e964fb7958826f156b43be,ok,
V2-PRV-D2-01-run1,S20261005T152152Z,cpu2,d76ea03f6133,primary,V2-PRV-D2-01-run1/cpu2/primary10a1/m2,10,1,2,10,0,,groth16,15,0,2026-10-05T17:41:22.888Z,312.95,73.584,696.965,21.329,19.685,1104.829,1104.913,2468935,d6be53096894f276c29d0702fcead9cafd5a510db26c6b563aa91a72f3a7c974,1,1,1,5538221348906088419474490245423435983421913751881271203929586843786047312620,5538221348906088419474490245423435983421913751881271203929586843786047312620,18.322,355.262,sha256:9024dbc83b8168363c07d710dcc5e55d6831294a3e7970c28108e31b0b0bfcd7,9a7829fe2584259f1dd0dc45cf73c5ce904fce7e61e964fb7958826f156b43be,ok,
V2-PRV-D2-01-run1,S20261005T152152Z,cpu2,d76ea03f6133,primary,V2-PRV-D2-01-run1/cpu2/primary10a1/m3,10,1,3,10,0,,groth16,5,0,2026-10-05T17:41:24.078Z,0.68,61.019,411.134,21.614,19.935,494.447,494.501,1133343,41c7636150900ee72cf6323930dd506bd0fc015a94a20905cc61c856b4fe919a,1,1,1,20219445350743929204131453627914351950554712481604845279550177385716225267064,20219445350743929204131453627914351950554712481604845279550177385716225267064,18.64,357.828,sha256:9024dbc83b8168363c07d710dcc5e55d6831294a3e7970c28108e31b0b0bfcd7,9a7829fe2584259f1dd0dc45cf73c5ce904fce7e61e964fb7958826f156b43be,ok,
V2-PRV-D2-01-run1,S20261005T152152Z,cpu2,d76ea03f6133,primary,V2-PRV-D2-01-run1/cpu2/primary10a1/m4,10,1,4,10,0,,groth16,12,0,2026-10-05T17:41:24.645Z,42.036,66.646,613.153,23.685,20.179,745.521,745.579,2107579,3fdb01845d81a3cdbbba88fcf45b948195abf01ba68c30be8a5f3e3546d4e81e,1,1,1,20765103782140504056642351574627691742460497089285629062356351732411546548551,20765103782140504056642351574627691742460497089285629062356351732411546548551,19.587,376.547,sha256:9024dbc83b8168363c07d710dcc5e55d6831294a3e7970c28108e31b0b0bfcd7,9a7829fe2584259f1dd0dc45cf73c5ce904fce7e61e964fb7958826f156b43be,ok,
V2-PRV-D2-01-run1,S20261005T152152Z,cpu2,d76ea03f6133,primary,V2-PRV-D2-01-run1/cpu2/primary10a1/m5,10,1,5,10,0,,groth16,10,0,2026-10-05T17:41:25.464Z,5.283,54.492,586.582,20.743,18.984,667.1,667.154,1866675,656d9ee8dd285db6410e0a4b4317201829a1347f7cc3ef6d8de625e8f99f432a,1,1,1,15051918923212186249893826717407673651397890896320211215644860331911956986283,15051918923212186249893826717407673651397890896320211215644860331911956986283,18.57,363.258,sha256:9024dbc83b8168363c07d710dcc5e55d6831294a3e7970c28108e31b0b0bfcd7,9a7829fe2584259f1dd0dc45cf73c5ce904fce7e61e964fb7958826f156b43be,ok,
V2-PRV-D2-01-run1,S20261005T152152Z,cpu2,d76ea03f6133,primary,V2-PRV-D2-01-run1/cpu2/primary10a1/m6,10,1,6,10,0,,groth16,14,0,2026-10-05T17:41:26.204Z,163.557,63.94,696.17,17.369,20.178,941.035,941.103,2348483,b0be38259edaa109196790233512dc26d29f0e31a9506021bad97c60834e4df2,1,1,1,12572480465523292994716985171141939129262661173864601800410554422143429339219,12572480465523292994716985171141939129262661173864601800410554422143429339219,18.334,390.285,sha256:9024dbc83b8168363c07d710dcc5e55d6831294a3e7970c28108e31b0b0bfcd7,9a7829fe2584259f1dd0dc45cf73c5ce904fce7e61e964fb7958826f156b43be,ok,
V2-PRV-D2-01-run1,S20261005T152152Z,cpu2,d76ea03f6133,primary,V2-PRV-D2-01-run1/cpu2/primary10a1/m7,10,1,7,10,0,,groth16,11,0,2026-10-05T17:41:27.220Z,14.165,50.36,628.298,21.172,19.393,713.996,714.05,1987127,1241508317856e8cb42cf71f43cafeb13e26a2553d595182aefca30b78a5b754,1,1,1,2331069663988172194036823937050772334301923846801859971199361438858855491288,2331069663988172194036823937050772334301923846801859971199361438858855491288,18.631,390.59,sha256:9024dbc83b8168363c07d710dcc5e55d6831294a3e7970c28108e31b0b0bfcd7,9a7829fe2584259f1dd0dc45cf73c5ce904fce7e61e964fb7958826f156b43be,ok,
V2-PRV-D2-01-run1,S20261005T152152Z,cpu2,d76ea03f6133,primary,V2-PRV-D2-01-run1/cpu2/primary10a1/m8,10,1,8,10,0,,groth16,6,0,2026-10-05T17:41:28.006Z,0.77,48.467,455.528,19.713,19.706,524.479,524.575,1253795,ea2368c5701f4885dc1bd9120ebd0b3419c495066983d2c215030506b1968bd4,1,1,1,10532757130067282663983599398935360485967103778186217285995762441905303040250,10532757130067282663983599398935360485967103778186217285995762441905303040250,18.146,388.113,sha256:9024dbc83b8168363c07d710dcc5e55d6831294a3e7970c28108e31b0b0bfcd7,9a7829fe2584259f1dd0dc45cf73c5ce904fce7e61e964fb7958826f156b43be,ok,
V2-PRV-D2-01-run1,S20261005T152152Z,cpu2,d76ea03f6133,primary,V2-PRV-D2-01-run1/cpu2/primary10a1/m9,10,1,9,10,0,,groth16,9,0,2026-10-05T17:41:28.602Z,2.884,50.783,517.594,19.318,20.149,590.579,590.679,1746223,b211630d00c7c2d0e5309876a16c72ad66909d7301385d4da830c4a8d71e391e,1,1,1,6984258666005320425026512790395532096094174015337867819103339755428425654885,6984258666005320425026512790395532096094174015337867819103339755428425654885,18.648,388.527,sha256:9024dbc83b8168363c07d710dcc5e55d6831294a3e7970c28108e31b0b0bfcd7,9a7829fe2584259f1dd0dc45cf73c5ce904fce7e61e964fb7958826f156b43be,ok,
V2-PRV-D2-01-run1,S20261005T152152Z,cpu2,d76ea03f6133,primary,V2-PRV-D2-01-run1/cpu2/primary10a1/m10,10,1,10,10,0,,groth16,8,0,2026-10-05T17:41:29.266Z,1.411,50.652,509.895,20.597,20.002,582.555,582.653,1625771,5ed3b83d5f5aad4ca7fa25c79bc0fa86d421d2202a7e7054079f14b9e1c2f4cd,1,1,1,11208238821759301031658742314369964146518915978230190408192556840886074910205,11208238821759301031658742314369964146518915978230190408192556840886074910205,17.633,387.336,sha256:9024dbc83b8168363c07d710dcc5e55d6831294a3e7970c28108e31b0b0bfcd7,9a7829fe2584259f1dd0dc45cf73c5ce904fce7e61e964fb7958826f156b43be,ok,
V2-PRV-D2-01-run1,S20261005T152152Z,cpu2,d76ea03f6133,primary,V2-PRV-D2-01-run1/cpu2/primary10a1/m11,10,1,11,10,0,,groth16,13,0,2026-10-05T17:41:29.921Z,88.245,66.418,623.35,19.43,19.908,797.443,797.506,2228031,53cbdd1f02a65121d6c7044031c6cfa4c6ce66c0b9712dd28fe86ef4c6512c1b,1,1,1,13018560099362082186863424433928374003133451805803510125393454640522484396813,13018560099362082186863424433928374003133451805803510125393454640522484396813,28.691,423.27,sha256:9024dbc83b8168363c07d710dcc5e55d6831294a3e7970c28108e31b0b0bfcd7,9a7829fe2584259f1dd0dc45cf73c5ce904fce7e61e964fb7958826f156b43be,ok,
V2-PRV-D2-01-run1,S20261005T152152Z,cpu2,c445c25c4542,diag,V2-PRV-D2-01-run1/cpu2/diag1a1/in_process1,1,1,1,101,1,in_process,groth16,5,0,2026-10-05T17:42:08.695Z,0.53,52.956,791.762,24.091,30.248,869.338,869.394,1133343,41c7636150900ee72cf6323930dd506bd0fc015a94a20905cc61c856b4fe919a,1,1,1,20219445350743929204131453627914351950554712481604845279550177385716225267064,20219445350743929204131453627914351950554712481604845279550177385716225267064,16.694,178.262,sha256:9024dbc83b8168363c07d710dcc5e55d6831294a3e7970c28108e31b0b0bfcd7,9a7829fe2584259f1dd0dc45cf73c5ce904fce7e61e964fb7958826f156b43be,ok,
V2-PRV-D2-01-run1,S20261005T152152Z,cpu2,c445c25c4542,diag,V2-PRV-D2-01-run1/cpu2/diag1a1/in_process2,1,1,2,101,1,in_process,plonk,5,0,2026-10-05T17:42:09.662Z,0.735,51.203,25354.933,12.656,13.026,25419.528,25419.587,50790568,8b7d89ef154d0704a4a5fb8df978ea728f0decad61374b1d3a80a026ad357fec,1,1,1,20219445350743929204131453627914351950554712481604845279550177385716225267064,20219445350743929204131453627914351950554712481604845279550177385716225267064,18.004,374.5,sha256:9024dbc83b8168363c07d710dcc5e55d6831294a3e7970c28108e31b0b0bfcd7,9a7829fe2584259f1dd0dc45cf73c5ce904fce7e61e964fb7958826f156b43be,ok,
V2-PRV-D2-01-run1,S20261005T152152Z,cpu2,26c6cc613540,diag,V2-PRV-D2-01-run1/cpu2/diag2a1/in_process1,2,1,1,102,1,in_process,groth16,5,0,2026-10-05T18:07:12.046Z,0.716,54.503,753.226,23.163,31.84,831.609,831.675,1133343,41c7636150900ee72cf6323930dd506bd0fc015a94a20905cc61c856b4fe919a,1,1,1,20219445350743929204131453627914351950554712481604845279550177385716225267064,20219445350743929204131453627914351950554712481604845279550177385716225267064,21.424,164.043,sha256:9024dbc83b8168363c07d710dcc5e55d6831294a3e7970c28108e31b0b0bfcd7,9a7829fe2584259f1dd0dc45cf73c5ce904fce7e61e964fb7958826f156b43be,ok,
V2-PRV-D2-01-run1,S20261005T152152Z,cpu2,26c6cc613540,diag,V2-PRV-D2-01-run1/cpu2/diag2a1/in_process2,2,1,2,102,1,in_process,plonk,5,0,2026-10-05T18:07:12.982Z,0.683,55.169,25310.71,12.844,11.184,25379.406,25379.463,50790568,8b7d89ef154d0704a4a5fb8df978ea728f0decad61374b1d3a80a026ad357fec,1,1,1,20219445350743929204131453627914351950554712481604845279550177385716225267064,20219445350743929204131453627914351950554712481604845279550177385716225267064,18.626,366.109,sha256:9024dbc83b8168363c07d710dcc5e55d6831294a3e7970c28108e31b0b0bfcd7,9a7829fe2584259f1dd0dc45cf73c5ce904fce7e61e964fb7958826f156b43be,ok,
V2-PRV-D2-01-run1,S20261005T152152Z,cpu2,e6335c98ec4e,diag,V2-PRV-D2-01-run1/cpu2/diag3a1/in_process1,3,1,1,103,1,in_process,groth16,5,0,2026-10-05T18:17:33.062Z,0.739,62.302,789.902,23.864,29.534,876.807,876.872,1133343,41c7636150900ee72cf6323930dd506bd0fc015a94a20905cc61c856b4fe919a,1,1,1,20219445350743929204131453627914351950554712481604845279550177385716225267064,20219445350743929204131453627914351950554712481604845279550177385716225267064,19.777,179.594,sha256:9024dbc83b8168363c07d710dcc5e55d6831294a3e7970c28108e31b0b0bfcd7,9a7829fe2584259f1dd0dc45cf73c5ce904fce7e61e964fb7958826f156b43be,ok,
V2-PRV-D2-01-run1,S20261005T152152Z,cpu2,e6335c98ec4e,diag,V2-PRV-D2-01-run1/cpu2/diag3a1/in_process2,3,1,2,103,1,in_process,plonk,5,0,2026-10-05T18:17:34.041Z,0.764,58.204,25208.876,12.482,12.053,25280.327,25280.386,50790568,8b7d89ef154d0704a4a5fb8df978ea728f0decad61374b1d3a80a026ad357fec,1,1,1,20219445350743929204131453627914351950554712481604845279550177385716225267064,20219445350743929204131453627914351950554712481604845279550177385716225267064,19,374.566,sha256:9024dbc83b8168363c07d710dcc5e55d6831294a3e7970c28108e31b0b0bfcd7,9a7829fe2584259f1dd0dc45cf73c5ce904fce7e61e964fb7958826f156b43be,ok,
V2-PRV-D2-01-run1,S20261005T152152Z,cpu2,a06fa00006dd,diag,V2-PRV-D2-01-run1/cpu2/diag4a1/in_process1,4,1,1,104,1,in_process,groth16,5,0,2026-10-05T18:37:51.746Z,0.746,57.678,761.733,23.975,28.86,844.132,844.2,1133343,41c7636150900ee72cf6323930dd506bd0fc015a94a20905cc61c856b4fe919a,1,1,1,20219445350743929204131453627914351950554712481604845279550177385716225267064,20219445350743929204131453627914351950554712481604845279550177385716225267064,25.688,179.313,sha256:9024dbc83b8168363c07d710dcc5e55d6831294a3e7970c28108e31b0b0bfcd7,9a7829fe2584259f1dd0dc45cf73c5ce904fce7e61e964fb7958826f156b43be,ok,
V2-PRV-D2-01-run1,S20261005T152152Z,cpu2,a06fa00006dd,diag,V2-PRV-D2-01-run1/cpu2/diag4a1/in_process2,4,1,2,104,1,in_process,plonk,5,0,2026-10-05T18:37:52.693Z,0.492,54.179,25380.811,12.569,11.619,25448.05,25448.105,50790568,8b7d89ef154d0704a4a5fb8df978ea728f0decad61374b1d3a80a026ad357fec,1,1,1,20219445350743929204131453627914351950554712481604845279550177385716225267064,20219445350743929204131453627914351950554712481604845279550177385716225267064,19.492,367.418,sha256:9024dbc83b8168363c07d710dcc5e55d6831294a3e7970c28108e31b0b0bfcd7,9a7829fe2584259f1dd0dc45cf73c5ce904fce7e61e964fb7958826f156b43be,ok,
V2-PRV-D2-01-run1,S20261005T152152Z,cpu2,ca2aab64264c,diag,V2-PRV-D2-01-run1/cpu2/diag5a1/in_process1,5,1,1,105,1,in_process,groth16,5,0,2026-10-05T18:48:09.718Z,0.72,66.186,797.732,24.026,24.598,888.665,888.726,1133343,41c7636150900ee72cf6323930dd506bd0fc015a94a20905cc61c856b4fe919a,1,1,1,20219445350743929204131453627914351950554712481604845279550177385716225267064,20219445350743929204131453627914351950554712481604845279550177385716225267064,24.391,211.043,sha256:9024dbc83b8168363c07d710dcc5e55d6831294a3e7970c28108e31b0b0bfcd7,9a7829fe2584259f1dd0dc45cf73c5ce904fce7e61e964fb7958826f156b43be,ok,
V2-PRV-D2-01-run1,S20261005T152152Z,cpu2,ca2aab64264c,diag,V2-PRV-D2-01-run1/cpu2/diag5a1/in_process2,5,1,2,105,1,in_process,plonk,5,0,2026-10-05T18:48:10.702Z,0.759,77.168,25265.581,13.316,11.616,25356.824,25356.887,50790568,8b7d89ef154d0704a4a5fb8df978ea728f0decad61374b1d3a80a026ad357fec,1,1,1,20219445350743929204131453627914351950554712481604845279550177385716225267064,20219445350743929204131453627914351950554712481604845279550177385716225267064,19.684,383.02,sha256:9024dbc83b8168363c07d710dcc5e55d6831294a3e7970c28108e31b0b0bfcd7,9a7829fe2584259f1dd0dc45cf73c5ce904fce7e61e964fb7958826f156b43be,ok,
