

                             _   _
                            (_) | |
      __ _   _ __   __   __  _  | |
     / _` | | '_ \  \ \ / / | | | |
    | (_| | | | | |  \ V /  | | | |
     \__,_| |_| |_|   \_/   |_| |_|

    1.5.1-v1.5.1 (b0a9dd9ced 2025-12-19T14:07:55.455914129Z)
    https://github.com/foundry-rs/foundry

Available Accounts
==================

(0) 0xf39Fd6e51aad88F6F4ce6aB8827279cffFb92266 (10000.000000000000000000 ETH)
(1) 0x70997970C51812dc3A010C7d01b50e0d17dc79C8 (10000.000000000000000000 ETH)
(2) 0x3C44CdDdB6a900fa2b585dd299e03d12FA4293BC (10000.000000000000000000 ETH)
(3) 0x90F79bf6EB2c4f870365E785982E1f101E93b906 (10000.000000000000000000 ETH)
(4) 0x15d34AAf54267DB7D7c367839AAf71A00a2C6A65 (10000.000000000000000000 ETH)
(5) 0x9965507D1a55bcC2695C58ba16FB37d819B0A4dc (10000.000000000000000000 ETH)
(6) 0x976EA74026E726554dB657fA54763abd0C3a0aa9 (10000.000000000000000000 ETH)
(7) 0x14dC79964da2C08b23698B3D3cc7Ca32193d9955 (10000.000000000000000000 ETH)
(8) 0x23618e81E3f5cdF7f54C3d65f7FBc0aBf5B21E8f (10000.000000000000000000 ETH)
(9) 0xa0Ee7A142d267C1f36714E4a8F75612F20a79720 (10000.000000000000000000 ETH)

Private Keys
==================

(0) 0xac0974bec39a17e36ba4a6b4d238ff944bacb478cbed5efcae784d7bf4f2ff80
(1) 0x59c6995e998f97a5a0044966f0945389dc9e86dae88c7a8412f4603b6b78690d
(2) 0x5de4111afa1a4b94908f83103eb1f1706367c2e68ca870fc3fb9a804cdab365a
(3) 0x7c852118294e51e653712a81e05800f419141751be58f605c371e15141b007a6
(4) 0x47e179ec197488593b187f80a00eb0da91f1b9d0b13f8733639f19c30a34926a
(5) 0x8b3a350cf5c34c9194ca85829a2df0ec3153be0318b5e2d3348e872092edffba
(6) 0x92db14e403b83dfe3df233f83dfa3a0d7096f21ca9b0d6d6b8d88b2b4ec1564e
(7) 0x4bbbf85ce3377467afe5d46f804f221813b2bb87f24d81f60f1fcdbf7cbf4356
(8) 0xdbda1821b80551c9d65939329250298aa3472ba22feea921c0cf5d620ea67b97
(9) 0x2a871d0798f97d79848a013d4936a73bf4cc922c825d33c1cf7073dff6d409c6

Wallet
==================
Mnemonic:          test test test test test test test test test test test junk
Derivation path:   m/44'/60'/0'/0/


Chain ID
==================

31337

Base Fee
==================

1000000000

Gas Limit
==================

30000000

Genesis Timestamp
==================

1791123213

Genesis Number
==================

0

Listening on 127.0.0.1:8545

    Block Number: 129
    Block Hash: 0x99ce792042c2fe4d2caff076a89e9b7388c3c3c3b7ecee3c0dc6873b552cf21f
    Block Time: "Sun, 4 Oct 2026 14:13:33 +0000"


    Block Number: 130
    Block Hash: 0x6a2e037cb84070f901d9f46d02a02334baee109c85cd516c40dfa56d91b1ff34
    Block Time: "Sun, 4 Oct 2026 14:13:33 +0000"

eth_blockNumber
eth_getBlockByNumber
eth_getBlockByNumber
eth_config
eth_chainId
eth_getBlockByNumber
eth_getTransactionCount
eth_getTransactionCount
eth_call
eth_getBlockByNumber

    Block Number: 131
    Block Hash: 0xf61e6d44967c4c00347f8fa6a9efe02e29e3a6a6864031ba05e946e2fdbf035e
    Block Time: "Sun, 4 Oct 2026 14:13:34 +0000"

eth_blockNumber
eth_getCode
eth_getCode
eth_getCode
eth_getCode
eth_getCode
eth_getCode
eth_getCode
eth_getCode
eth_getLogs
eth_getLogs
eth_getBlockByNumber
eth_chainId
eth_call
eth_call
eth_call
eth_call
eth_call
eth_blockNumber
eth_call
eth_call
eth_call
eth_getBlockByNumber
eth_getCode
eth_call
eth_call
eth_call

RPC request failed:
    Request: EthCall(WithOtherFields { inner: TransactionRequest { from: Some(0x864973f221edc367f423387c878b73941899ed26), to: Some(Call(0xe05bfdd95a6a04a5e99b9aba0177474a692895eb)), gas_price: None, max_fee_per_gas: None, max_priority_fee_per_gas: None, max_fee_per_blob_gas: None, gas: None, value: None, input: TransactionInput { input: Some(0x4d4b2cab000000000000000000000000d36307ad1049a678adfa86edd1de0e3d14ad8713), data: None }, nonce: None, chain_id: None, access_list: None, transaction_type: None, blob_versioned_hashes: None, sidecar: None, authorization_list: None }, other: OtherFields {} }, Some(latest), None, None)
    Error: Execution error: execution reverted

eth_call
eth_call
eth_call
eth_blockNumber
eth_call
eth_call
eth_call
eth_call
eth_call
eth_call
eth_getBlockByNumber
eth_getCode
eth_call
eth_getBlockByNumber
eth_call
eth_blockNumber
eth_blockNumber
eth_blockNumber
eth_blockNumber
eth_call
eth_blockNumber
eth_feeHistory
eth_call
eth_blockNumber
eth_call
eth_blockNumber
eth_call
eth_call
eth_blockNumber
eth_call
eth_call
eth_call
eth_getBlockByNumber
eth_blockNumber
eth_call
eth_getLogs
eth_getLogs
eth_call
eth_getLogs
eth_call
eth_getBlockByNumber
eth_call
eth_call
eth_call
eth_call
eth_call
eth_call
eth_call
eth_getLogs
eth_call
eth_call
eth_call
eth_getCode
eth_call
eth_blockNumber
eth_call

    Block Number: 132
    Block Hash: 0x3b539768f06f90358050d1435db6bc8f238b67755001069e3c15b9180975596f
    Block Time: "Sun, 4 Oct 2026 14:13:34 +0000"

eth_blockNumber
eth_getLogs
eth_blockNumber
eth_call
eth_call
eth_call
eth_blockNumber
eth_call
eth_call
eth_getLogs
eth_call
eth_getLogs
eth_call
eth_getBalance
eth_getBalance
eth_getTransactionCount
eth_getTransactionCount
eth_getBalance
eth_call
eth_getTransactionCount
eth_call
eth_getBalance
eth_feeHistory
eth_getTransactionCount
eth_feeHistory
eth_feeHistory
eth_feeHistory
eth_feeHistory
eth_feeHistory
eth_feeHistory
eth_feeHistory
eth_feeHistory
eth_feeHistory
eth_feeHistory
eth_feeHistory
eth_feeHistory
eth_feeHistory
eth_feeHistory
eth_feeHistory
eth_feeHistory
eth_feeHistory
eth_call
eth_call
eth_call
eth_call
eth_getBalance
eth_getTransactionCount
eth_getBalance
eth_getTransactionCount
eth_feeHistory
eth_feeHistory
eth_feeHistory
eth_feeHistory
eth_feeHistory
eth_feeHistory
eth_feeHistory
eth_feeHistory
eth_feeHistory
eth_getBlockByNumber
eth_getLogs
eth_getBlockByNumber
eth_getLogs
eth_getBlockByNumber
eth_getBlockByNumber

    Block Number: 133
    Block Hash: 0xca5a51b3efb32e1a7c753683083cc5af86215535f63e345fa139b7f63b74bfad
    Block Time: "Sun, 4 Oct 2026 14:13:34 +0000"

eth_getBlockByNumber
eth_getLogs
eth_getBlockByNumber
eth_getLogs
eth_getBlockByNumber
eth_getBlockByNumber
eth_getBlockByNumber
eth_getBlockByNumber

    Block Number: 134
    Block Hash: 0x5f817d1261c52e5dcef26727c1c68ebedd8a9186103d59045da60f797895edca
    Block Time: "Sun, 4 Oct 2026 14:13:34 +0000"

eth_getBlockByNumber
eth_getLogs
eth_getBlockByNumber
eth_getLogs
eth_getBlockByNumber
eth_getBlockByNumber
eth_getBlockByNumber

    Block Number: 135
    Block Hash: 0x0e7a559bc22bbce2bcea5f2c7abb8bf3152567a36db8bf9a1d29f228ba083d06
    Block Time: "Sun, 4 Oct 2026 14:13:35 +0000"

eth_getBlockByNumber
eth_getLogs
eth_getBlockByNumber
eth_getLogs
eth_getBlockByNumber
eth_getBlockByNumber
eth_getBlockByNumber

    Block Number: 136
    Block Hash: 0x3637fa6cc586238ec1bcb658cbb282c07e3bf15ca3bbb8a9c5e676edca5464b6
    Block Time: "Sun, 4 Oct 2026 14:13:35 +0000"

eth_getBlockByNumber
eth_getLogs
eth_getBlockByNumber
eth_getLogs
eth_getBlockByNumber
eth_getBlockByNumber
eth_getBlockByNumber

    Block Number: 137
    Block Hash: 0xc0fae274f4b7707ec507e500a89958da0651dd62b0555a636a10ce6e68707f25
    Block Time: "Sun, 4 Oct 2026 14:13:35 +0000"

eth_getBlockByNumber
eth_getLogs
eth_getBlockByNumber
eth_getLogs
eth_getBlockByNumber
eth_getBlockByNumber
eth_getBlockByNumber

    Block Number: 138
    Block Hash: 0x1992baa0869190e603e1fadcf0c3240c5fb18b4111cc75de81b287a3e45ca2f3
    Block Time: "Sun, 4 Oct 2026 14:13:35 +0000"

eth_getBlockByNumber
eth_getLogs
eth_getBlockByNumber
eth_getLogs
eth_getBlockByNumber
eth_getBlockByNumber
eth_getBlockByNumber

    Block Number: 139
    Block Hash: 0xa3fe8a081f407691522621999f21c1d1afe2e7f033572404cdea8a33d81a3298
    Block Time: "Sun, 4 Oct 2026 14:13:36 +0000"

eth_getBlockByNumber
eth_getLogs
eth_getBlockByNumber
eth_getLogs
eth_getBlockByNumber
eth_getBlockByNumber
eth_getBlockByNumber

    Block Number: 140
    Block Hash: 0xdb71fe793edbb930cd961d6dadb1dbe643b3be9b26e817e214969761ab981e00
    Block Time: "Sun, 4 Oct 2026 14:13:36 +0000"

eth_getBlockByNumber
eth_getLogs
eth_getBlockByNumber
eth_getLogs
eth_getBlockByNumber
eth_getBlockByNumber
eth_getBlockByNumber

    Block Number: 141
    Block Hash: 0x794e6825111d76e57fe8de1baeed04f193ebf301b25282ff6d24565000b56741
    Block Time: "Sun, 4 Oct 2026 14:13:36 +0000"

eth_getBlockByNumber
eth_getLogs
eth_getBlockByNumber
eth_getLogs
eth_getBlockByNumber
eth_getBlockByNumber
eth_getBlockByNumber

    Block Number: 142
    Block Hash: 0xf5ab049c740ce7dfe50002bf1227ba16747feec1d80d5af9ef013b342f6073d6
    Block Time: "Sun, 4 Oct 2026 14:13:36 +0000"

eth_getBlockByNumber
eth_getLogs
eth_getBlockByNumber
eth_getLogs
eth_getBlockByNumber
eth_getBlockByNumber
eth_getBlockByNumber

    Block Number: 143
    Block Hash: 0x12f52081f8c02c5cacb442a28dc179698b557f4a955cafe75342a15b1f39efb5
    Block Time: "Sun, 4 Oct 2026 14:13:37 +0000"

eth_getBlockByNumber
eth_getLogs
eth_getBlockByNumber
eth_getLogs
eth_getBlockByNumber
eth_getBlockByNumber
eth_getBlockByNumber

    Block Number: 144
    Block Hash: 0x42c684ea335c9316a14f9016e239ad17e0c761bc2f3b94b60151fe2ef78d2dd6
    Block Time: "Sun, 4 Oct 2026 14:13:37 +0000"

eth_getBlockByNumber
eth_getLogs
eth_getBlockByNumber
eth_getLogs
eth_getBlockByNumber
eth_getBlockByNumber
eth_getBlockByNumber

    Block Number: 145
    Block Hash: 0x3c1e556c3ba7e89051deb859170685e780f5ff909cb0a9c9ebe502ad1a761d11
    Block Time: "Sun, 4 Oct 2026 14:13:37 +0000"

eth_getBlockByNumber
eth_getLogs
eth_getBlockByNumber
eth_getLogs
eth_getBlockByNumber
eth_getBlockByNumber
eth_getBlockByNumber

    Block Number: 146
    Block Hash: 0x057a40cbfe592bc1b65d2c5be0a96cd5f37ec76307c59652be12f10c8d6b5791
    Block Time: "Sun, 4 Oct 2026 14:13:37 +0000"

eth_getBlockByNumber
eth_getLogs
eth_getBlockByNumber
eth_getLogs
eth_getBlockByNumber
eth_getBlockByNumber
eth_getBlockByNumber

    Block Number: 147
    Block Hash: 0xfcab2a8e6c51b1f5518fa94a9a075d49d9408e9f4e9af25592c1d7125094df0b
    Block Time: "Sun, 4 Oct 2026 14:13:38 +0000"

eth_getBlockByNumber
eth_getLogs
eth_getBlockByNumber
eth_getLogs
eth_getBlockByNumber
eth_getBlockByNumber
eth_getBlockByNumber

    Block Number: 148
    Block Hash: 0xa289d8e25d2f85c09dcd7743fd5dc7d00f6dd314228817af379eceeec92d3ed4
    Block Time: "Sun, 4 Oct 2026 14:13:38 +0000"

eth_getBlockByNumber
eth_getLogs
eth_getBlockByNumber
eth_getLogs
eth_getLogs
eth_getBlockByNumber
eth_getBlockByNumber
eth_getBlockByNumber

    Block Number: 149
    Block Hash: 0xf0d2224a8a5138a90930d3c4d1a28d987cf9220445a85f0780137644d74e77a0
    Block Time: "Sun, 4 Oct 2026 14:13:38 +0000"

eth_getBlockByNumber
eth_getLogs
eth_getLogs
eth_getBlockByNumber
eth_getLogs
eth_getBlockByNumber
eth_getBlockByNumber
eth_getBlockByNumber

    Block Number: 150
    Block Hash: 0xa8aef70ecafcdeb28ccc54f3abe0c7f4439bff9d0612b1e9f90783c83e5e784c
    Block Time: "Sun, 4 Oct 2026 14:13:38 +0000"

eth_getBlockByNumber
eth_getLogs
eth_getBlockByNumber
eth_getBlockByNumber
eth_getBlockByNumber
eth_getBlockByNumber

    Block Number: 151
    Block Hash: 0xae796453b88bc26a04a1265f26a12022dae77b48b096fcba4222ec80559bc690
    Block Time: "Sun, 4 Oct 2026 14:13:39 +0000"

eth_getBlockByNumber
eth_getBlockByNumber
eth_getLogs
eth_getBlockByNumber
eth_getBlockByNumber
eth_getBlockByNumber

    Block Number: 152
    Block Hash: 0xc41dfa1c4d58e53431cb9228828fe0e30c7753ad8dd304ddebbcbb56e7daed9e
    Block Time: "Sun, 4 Oct 2026 14:13:39 +0000"

eth_getBlockByNumber
eth_getLogs
eth_getBlockByNumber
eth_getBlockByNumber
eth_getBlockByNumber
eth_getBlockByNumber

    Block Number: 153
    Block Hash: 0x8dfa17be5d50134a3a58a737d1470e273250fb0a18812efcbc2fb6f1c41bea7d
    Block Time: "Sun, 4 Oct 2026 14:13:39 +0000"

eth_getBlockByNumber
eth_getBlockByNumber
eth_getLogs
eth_getBlockByNumber
eth_getBlockByNumber
eth_getBlockByNumber

    Block Number: 154
    Block Hash: 0x892508a20d8c9d06b94d42936eec6bc7b22b469cf35d97d5a23a73c3264950f1
    Block Time: "Sun, 4 Oct 2026 14:13:39 +0000"

eth_getBlockByNumber
eth_getLogs
eth_getBlockByNumber
eth_getBlockByNumber
eth_getBlockByNumber
eth_getBlockByNumber

    Block Number: 155
    Block Hash: 0x6e62a27e15e38edce9439c1b063eb185ea74b241cf3c1b3504e0dd1418db6203
    Block Time: "Sun, 4 Oct 2026 14:13:40 +0000"

eth_getBlockByNumber
eth_getBlockByNumber
eth_getLogs
eth_getBlockByNumber
eth_getBlockByNumber
eth_getBlockByNumber

    Block Number: 156
    Block Hash: 0xe0545404ce4086cf8c104eed292f68d488db0447940e9d09574c6a7540543054
    Block Time: "Sun, 4 Oct 2026 14:13:40 +0000"

eth_getBlockByNumber
eth_getLogs
eth_getBlockByNumber
eth_getBlockByNumber
eth_getBlockByNumber
eth_getBlockByNumber

    Block Number: 157
    Block Hash: 0x4ed4ea86258fc7fca99b25f40ad3dcc21e527b81de37910060a67f2cedd7f634
    Block Time: "Sun, 4 Oct 2026 14:13:40 +0000"

eth_getBlockByNumber
eth_getBlockByNumber
eth_getLogs
eth_getBlockByNumber
eth_getBlockByNumber
eth_getBlockByNumber

    Block Number: 158
    Block Hash: 0x29ba14aa0396ebbf2867505d9c89717de3eb462ac2dae687c2cee4a06d646cf2
    Block Time: "Sun, 4 Oct 2026 14:13:40 +0000"

eth_getBlockByNumber
eth_getLogs
eth_getBlockByNumber
eth_getBlockByNumber
eth_getBlockByNumber
eth_getBlockByNumber

    Block Number: 159
    Block Hash: 0x890b863cdb14b2dd107134eef9c46d6ca584b084789811e21ba458f86e037404
    Block Time: "Sun, 4 Oct 2026 14:13:41 +0000"

eth_getBlockByNumber
eth_getBlockByNumber
eth_getLogs
eth_getBlockByNumber
eth_getBlockByNumber
eth_getBlockByNumber

    Block Number: 160
    Block Hash: 0x708ac800806f2d6a8094088e793727d39c478b3a50748eff2d58b9c67a0c5835
    Block Time: "Sun, 4 Oct 2026 14:13:41 +0000"

eth_getBlockByNumber
eth_getLogs
eth_getBlockByNumber
eth_getBlockByNumber
eth_getBlockByNumber
eth_getBlockByNumber

    Block Number: 161
    Block Hash: 0xd645d563c565126089ac58c490d8ab7caf247d75880dfc85eb81739eed24b44d
    Block Time: "Sun, 4 Oct 2026 14:13:41 +0000"

eth_getBlockByNumber
eth_getBlockByNumber
eth_getLogs
eth_getBlockByNumber
eth_getBlockByNumber
eth_getBlockByNumber

    Block Number: 162
    Block Hash: 0x7351f3acb9d584df0d5b367b6641bdc126e29a8a23c2d023b1435fa31fd30390
    Block Time: "Sun, 4 Oct 2026 14:13:41 +0000"

eth_getBlockByNumber
eth_getLogs
eth_getBlockByNumber
eth_getBlockByNumber
eth_getBlockByNumber
eth_getBlockByNumber

    Block Number: 163
    Block Hash: 0x4a16f9771873f9cf3c070f9c855713086f674fa492479fb029ba4ac783954259
    Block Time: "Sun, 4 Oct 2026 14:13:42 +0000"

eth_getBlockByNumber
eth_getBlockByNumber
eth_getLogs
eth_getBlockByNumber
eth_getBlockByNumber
eth_getBlockByNumber

    Block Number: 164
    Block Hash: 0x5af8481265624a7b1f9be0eec8f8f20be189d7152b7beb19bb34f794a0187624
    Block Time: "Sun, 4 Oct 2026 14:13:42 +0000"

eth_getBlockByNumber
eth_getLogs
eth_getBlockByNumber
eth_getBlockByNumber
eth_getBlockByNumber
eth_getBlockByNumber

    Block Number: 165
    Block Hash: 0x1dc8faf0429611fffde776a48f0585e0ed383b80b50ac73c44d5af827bb1937a
    Block Time: "Sun, 4 Oct 2026 14:13:42 +0000"

eth_getBlockByNumber
eth_getBlockByNumber
eth_getLogs
eth_getBlockByNumber
eth_getBlockByNumber
eth_getBlockByNumber

    Block Number: 166
    Block Hash: 0x2723d2530b5bf983ce2d7caa275247860fce362733565972d02e9520aa26da28
    Block Time: "Sun, 4 Oct 2026 14:13:42 +0000"

eth_getBlockByNumber
eth_getLogs
eth_getBlockByNumber
eth_getBlockByNumber
eth_getBlockByNumber
eth_getBlockByNumber

    Block Number: 167
    Block Hash: 0x0bfba7e8f03a98332a303f95cf8c4d4c60a87527c23a94375fd359de00cbc06e
    Block Time: "Sun, 4 Oct 2026 14:13:43 +0000"

eth_getBlockByNumber
eth_call
eth_getTransactionCount
eth_feeHistory
eth_simulateV1
eth_chainId
eth_sendRawTransaction
eth_getBlockByNumber
eth_getLogs
eth_getBlockByNumber
eth_getBlockByNumber
eth_getBlockByNumber

    Block Number: 168
    Block Hash: 0x1bf3278739990f05f20bc470ac94efd0eb784ae239a934a98e89fcbb42b2c1f1
    Block Time: "Sun, 4 Oct 2026 14:13:43 +0000"

eth_call
eth_getBlockByNumber
eth_getLogs
eth_getBlockByNumber
eth_getBlockByNumber
eth_getBlockByNumber
eth_getBlockByNumber

    Block Number: 169
    Block Hash: 0x9f2d3fe9fcb0d1422c731233d602f79058e7afb51296fd48e6060f0d49aaad3e
    Block Time: "Sun, 4 Oct 2026 14:13:43 +0000"

eth_getBlockByNumber
eth_getBlockByNumber
eth_getLogs
eth_getBlockByNumber
eth_getBlockByNumber
eth_getBlockByNumber

    Block Number: 170
    Block Hash: 0x56b6b6cbde3310b2e776daabd94d5a5ee3c362eb4367b76f1346d040c538a0a1
    Block Time: "Sun, 4 Oct 2026 14:13:43 +0000"

eth_getBlockByNumber
eth_getLogs
eth_getBlockByNumber
eth_getBlockByNumber
eth_getBlockByNumber
eth_getBlockByNumber

    Block Number: 171
    Block Hash: 0xc523d4568ae84a038fc27e82bba19be4a60a601f4f366e4f3ec4d10871b378f2
    Block Time: "Sun, 4 Oct 2026 14:13:44 +0000"

eth_getBlockByNumber
eth_getBlockByNumber
eth_getLogs
eth_getBlockByNumber
eth_getBlockByNumber
eth_getBlockByNumber

    Block Number: 172
    Block Hash: 0x95a0c707a87b52ffea36945c3b2fc1a3c898e81938c363463c3184256e869116
    Block Time: "Sun, 4 Oct 2026 14:13:44 +0000"

eth_getBlockByNumber
eth_getLogs
eth_getBlockByNumber
eth_getBlockByNumber
eth_getBlockByNumber
eth_getBlockByNumber

    Block Number: 173
    Block Hash: 0xe2d4962eb3ecbd8bd34041ca4be7b5055f3b3f2955b07ebad005c5e9a275d7e1
    Block Time: "Sun, 4 Oct 2026 14:13:44 +0000"

eth_getBlockByNumber
eth_getBlockByNumber
eth_getLogs
eth_getBlockByNumber
eth_getBlockByNumber
eth_getBlockByNumber

    Block Number: 174
    Block Hash: 0x06e1d3eb2088070401eb27eac5c1a9b043b448f7db8a069201a624a2d69c848b
    Block Time: "Sun, 4 Oct 2026 14:13:44 +0000"

eth_getBlockByNumber
eth_getLogs
eth_getBlockByNumber
eth_getBlockByNumber
eth_getBlockByNumber
eth_getBlockByNumber

    Block Number: 175
    Block Hash: 0x9bd74ebd46f81513f5e02306a9cb8b5a9c67d00661b2e34aa65aeef7e22c8547
    Block Time: "Sun, 4 Oct 2026 14:13:45 +0000"

eth_getBlockByNumber
eth_getBlockByNumber
eth_getLogs
eth_getBlockByNumber
eth_getBlockByNumber
eth_getBlockByNumber

    Block Number: 176
    Block Hash: 0xbb3b33364bd74505fabc9214f1646336e8badb171d95159d89c7adf145401f8c
    Block Time: "Sun, 4 Oct 2026 14:13:45 +0000"

eth_getBlockByNumber
eth_getLogs
eth_getBlockByNumber
eth_getBlockByNumber
eth_getBlockByNumber
eth_getBlockByNumber

    Block Number: 177
    Block Hash: 0xc3b94e0715f121a269c9b6b0173ef9f06234893267136e421c552a783d9512a8
    Block Time: "Sun, 4 Oct 2026 14:13:45 +0000"

eth_getBlockByNumber
eth_getBlockByNumber
eth_getLogs
eth_getBlockByNumber
eth_getBlockByNumber
eth_getBlockByNumber

    Block Number: 178
    Block Hash: 0x53b4fdc97c18c2f556debfc3df65d09f67c308b6c326057eed385bffbd1658f1
    Block Time: "Sun, 4 Oct 2026 14:13:45 +0000"

eth_getBlockByNumber
eth_getLogs
eth_getBlockByNumber
eth_getBlockByNumber
eth_getBlockByNumber
eth_getBlockByNumber

    Block Number: 179
    Block Hash: 0x87131399af7992ebd9f93e2fc9e6515c9e72604be807a190ca8899250a466370
    Block Time: "Sun, 4 Oct 2026 14:13:46 +0000"

eth_getBlockByNumber
eth_getBlockByNumber
eth_getLogs
eth_getBlockByNumber
eth_getBlockByNumber
eth_getBlockByNumber

    Block Number: 180
    Block Hash: 0x1e49325e4b49f57e8caf650745bb5d0995e3df5ce9e252a7cc733c144d9482b0
    Block Time: "Sun, 4 Oct 2026 14:13:46 +0000"

eth_getBlockByNumber
eth_getLogs
eth_feeHistory
eth_getTransactionReceipt
eth_simulateV1

    Transaction: 0x7606f0b2c3b7073f390539085ff1adc7e2ad84ae7277fc324abea01eee48ad04
    Gas used: 197714

    Block Number: 181
    Block Hash: 0x9509c4f1080d90260248377bf778be8f18af83b13f62d1b7700df6c195962a39
    Block Time: "Sun, 4 Oct 2026 14:13:46 +0000"

eth_sendRawTransaction

    Transaction: 0x6356f812023cf134b92550fcdf523e5c1950e9cb415485d60fa725fe025941e9
    Gas used: 144378

    Block Number: 182
    Block Hash: 0xa7d395a6da89a5e1000d95e619b5b15acab76073dd9975a8aecdaaad0cc1319f
    Block Time: "Sun, 4 Oct 2026 14:13:46 +0000"

eth_getBlockByNumber
eth_getBlockByNumber
eth_getBlockByNumber
eth_getLogs
eth_getLogs
eth_getTransactionByHash
eth_getTransactionByHash
eth_getTransactionReceipt
eth_getTransactionReceipt
eth_blockNumber
eth_getTransactionReceipt
eth_getBlockByNumber
eth_getBlockByNumber

    Block Number: 183
    Block Hash: 0xf16c790cc414fb7aafa93d6e6a446242c3a1b9f790dcb98da615758cb58df31d
    Block Time: "Sun, 4 Oct 2026 14:13:46 +0000"

eth_blockNumber
eth_getTransactionReceipt
eth_blockNumber
eth_getTransactionReceipt
eth_getBlockByNumber
eth_getBlockByNumber
eth_getLogs
eth_blockNumber
eth_getTransactionReceipt
eth_getBlockByNumber
eth_getBlockByNumber
eth_blockNumber
eth_getTransactionReceipt
eth_getBlockByNumber

    Block Number: 184
    Block Hash: 0x3872ad03dd292deb1a863b7eca28c80b8abbe7d6f8827295640255f2dacca482
    Block Time: "Sun, 4 Oct 2026 14:13:46 +0000"

eth_getBlockByNumber
eth_getLogs
eth_blockNumber
eth_getTransactionReceipt
eth_getBlockByNumber
eth_getBlockByNumber
eth_getBlockByNumber
eth_getBlockByNumber

    Block Number: 185
    Block Hash: 0x9c3d0788d57bf1ed61a958999756dec5c4de7299f6ce20dd99141935a7e6c981
    Block Time: "Sun, 4 Oct 2026 14:13:47 +0000"

eth_getBlockByNumber
eth_call
eth_feeHistory
eth_simulateV1
eth_sendRawTransaction
eth_getTransactionReceipt

    Transaction: 0x4badf335457de9f55b3330cbc35e373b6d87b047cb68f01f886718e65069e7d8
    Gas used: 144354

    Block Number: 186
    Block Hash: 0x4bff2c881b34829b914ecd8f1ce205e10b4bf7963a2daba9b56473e76e842ea6
    Block Time: "Sun, 4 Oct 2026 14:13:47 +0000"

eth_getBlockByNumber
eth_getBlockByNumber
eth_getLogs
eth_getLogs
eth_getTransactionByHash
eth_getBlockByNumber
eth_getTransactionReceipt
eth_blockNumber
eth_getTransactionReceipt
eth_getBlockByNumber
eth_blockNumber
eth_feeHistory
eth_getBlockByNumber

    Block Number: 187
    Block Hash: 0x095534e8f8b010de38aa4efaa8ad7ff81034e67a89097a084a5c053ff8284088
    Block Time: "Sun, 4 Oct 2026 14:13:47 +0000"

eth_blockNumber
eth_getTransactionReceipt
eth_getTransactionCount
eth_feeHistory
eth_simulateV1
eth_sendRawTransaction
eth_getTransactionReceipt

    Transaction: 0x57e76a7ef65e48ab570c8de58d8c0b0eb2f984f28d6620da59dcef2a69ca8b66
    Gas used: 121235

    Block Number: 188
    Block Hash: 0xf04a900789334996d2a7a4baae8137f2cff0534054e80f2e539a61e90be66527
    Block Time: "Sun, 4 Oct 2026 14:13:47 +0000"

eth_getBlockByNumber
eth_getBlockByNumber
eth_getLogs
eth_getLogs
eth_getBlockByNumber
eth_blockNumber
eth_getTransactionReceipt
eth_getTransactionReceipt
eth_blockNumber
eth_getTransactionReceipt
eth_getBlockByNumber
eth_getBlockByNumber
eth_blockNumber
eth_getTransactionReceipt
eth_getBlockByNumber

    Block Number: 189
    Block Hash: 0x1c8f6083cdc250baa4d3c0eb7754243735c50f0f8f1a36805649b8ef1a74e1de
    Block Time: "Sun, 4 Oct 2026 14:13:47 +0000"

eth_getBlockByNumber
eth_blockNumber
eth_getTransactionReceipt
eth_getBlockByNumber
eth_getLogs
eth_getBlockByNumber
eth_blockNumber
eth_getTransactionReceipt
eth_getBlockByNumber
eth_getBlockByNumber

    Block Number: 190
    Block Hash: 0x5d581d374657b4b943c5b46db980a42c260983f571f0db601042fac45aff28e3
    Block Time: "Sun, 4 Oct 2026 14:13:47 +0000"

eth_blockNumber
eth_getTransactionReceipt
eth_getTransactionCount
eth_feeHistory
eth_simulateV1
eth_sendRawTransaction
eth_getTransactionReceipt
eth_feeHistory
eth_simulateV1

    Transaction: 0x997c5f2431eb412efa0e825a79447a4b3e30e8f05289819b9b05dcb21ce33c51
    Gas used: 203896

    Block Number: 191
    Block Hash: 0x3d3ebeadfe3c8d285d87b0ec60678801dcb4d5cf3af525023e2967432be2e010
    Block Time: "Sun, 4 Oct 2026 14:13:47 +0000"

eth_sendRawTransaction

    Transaction: 0xa75edc7ce9e330d6302b691a450a68e6d130335ab80237c5f2d031bb5c5bccd2
    Gas used: 231607

    Block Number: 192
    Block Hash: 0x3f723e0ab130e7e1b298dddd835d7dee199fea990eecedb5b025ad40528c2c83
    Block Time: "Sun, 4 Oct 2026 14:13:47 +0000"

eth_getBlockByNumber
eth_getBlockByNumber
eth_getLogs
eth_getBlockByNumber
eth_getLogs
eth_getLogs
eth_getBlockByNumber
eth_getTransactionReceipt
eth_blockNumber
eth_getTransactionReceipt
eth_getTransactionReceipt
eth_getBlockByNumber
eth_getBlockByNumber
eth_blockNumber
eth_getTransactionReceipt
eth_getBlockByNumber

    Block Number: 193
    Block Hash: 0xffbcaea9d1b90e31db95f81fbbfaa1c06507a136fdbb6b5a9a1e9badd53b05db
    Block Time: "Sun, 4 Oct 2026 14:13:48 +0000"

eth_getBlockByNumber
eth_blockNumber
eth_getTransactionReceipt
eth_blockNumber
eth_getBlockByNumber
eth_getLogs
eth_getTransactionReceipt
eth_getBlockByNumber
eth_blockNumber
eth_getBlockByNumber
eth_getTransactionReceipt
eth_getBlockByNumber

    Block Number: 194
    Block Hash: 0xbcdcaef8cc4ce7b9fdd860a99a426f2974ab6ef3e6d7cd9f730e701c90d29c37
    Block Time: "Sun, 4 Oct 2026 14:13:48 +0000"

eth_feeHistory
eth_simulateV1
eth_sendRawTransaction
eth_getTransactionReceipt

    Transaction: 0x0862f46d6c70bdc231b844d761aa7fb9cb16afacfae91c6f48fd1b532299324f
    Gas used: 97181

    Block Number: 195
    Block Hash: 0xcb44c1f82861b80434029569ff1bc754113b1253008ae88d7984a73ba3b0584d
    Block Time: "Sun, 4 Oct 2026 14:13:48 +0000"

eth_getBlockByNumber
eth_getBlockByNumber
eth_getLogs
eth_blockNumber
eth_getLogs
eth_getTransactionReceipt
eth_getBlockByNumber
eth_getTransactionReceipt
eth_blockNumber
eth_getTransactionReceipt
eth_getBlockByNumber
eth_getBlockByNumber
eth_blockNumber
eth_getTransactionReceipt
eth_getBlockByNumber

    Block Number: 196
    Block Hash: 0xf758f3f20132a8f70539bc5aa656625c49eb303c66e59e6b07ea10c28f2fe2fe
    Block Time: "Sun, 4 Oct 2026 14:13:48 +0000"

eth_getBlockByNumber
eth_blockNumber
eth_getTransactionReceipt
eth_getBlockByNumber
eth_getLogs
eth_getBlockByNumber
eth_blockNumber
eth_getTransactionReceipt
eth_getBlockByNumber
eth_getBlockByNumber

    Block Number: 197
    Block Hash: 0x2de40e7377cbc3b3de6c227bb6fc770d7150de17020ff07186c506d7c2f724fa
    Block Time: "Sun, 4 Oct 2026 14:13:48 +0000"

eth_blockNumber
eth_getTransactionReceipt
eth_feeHistory
eth_simulateV1
eth_sendRawTransaction
eth_getTransactionReceipt

    Transaction: 0x6e9247a8752d3da6ea4a2f1c4f68ddeaab115d3fc212974f2363ddda9adc22e6
    Gas used: 171368

    Block Number: 198
    Block Hash: 0x7a32c8c36e3b1fd32f84f9d2979bbc88b98883387160182fcbf5aee8949ca51f
    Block Time: "Sun, 4 Oct 2026 14:13:48 +0000"

eth_getBlockByNumber
eth_getBlockByNumber
eth_getLogs
eth_getLogs
eth_getBlockByNumber
eth_getTransactionReceipt
eth_blockNumber
eth_getBlockByNumber
eth_getTransactionReceipt
eth_getBlockByNumber
eth_getBlockByNumber
eth_blockNumber

    Block Number: 199
    Block Hash: 0x9337095bd77f610eb713b39411fa419f935bf5d409699766ab9028feeafe67db
    Block Time: "Sun, 4 Oct 2026 14:13:49 +0000"

eth_getTransactionReceipt
eth_getBlockByNumber
eth_getBlockByNumber
eth_getLogs
eth_blockNumber
eth_getTransactionReceipt
eth_getBlockByNumber
eth_getBlockByNumber
eth_blockNumber
eth_getTransactionReceipt
eth_getBlockByNumber

    Block Number: 200
    Block Hash: 0x2672b7937b3e577fd37447f7cad24ebf227ed391d8005bb016590225caaaf477
    Block Time: "Sun, 4 Oct 2026 14:13:49 +0000"

eth_getBlockByNumber
eth_getLogs
eth_blockNumber
eth_getTransactionReceipt
eth_getBlockByNumber
eth_getBlockByNumber
eth_getBlockByNumber
eth_getBlockByNumber

    Block Number: 201
    Block Hash: 0x7d5950a9f91f4556735e287e86f246fb8d13598d3036bc006664e105e326fa98
    Block Time: "Sun, 4 Oct 2026 14:13:49 +0000"

eth_getBlockByNumber
eth_getTransactionByHash
eth_getBlockByNumber
eth_getLogs
eth_getBlockByNumber
eth_getBlockByNumber
eth_getBlockByNumber

    Block Number: 202
    Block Hash: 0x4e5774505fc0ab6ddbfcccd57d8c744a09d965d34a6ede11bb5159ee5f7c42b4
    Block Time: "Sun, 4 Oct 2026 14:13:49 +0000"

eth_getBlockByNumber
eth_getLogs
eth_getBlockByNumber
eth_getTransactionByHash
eth_getBlockByNumber
eth_getBlockByNumber
eth_getBlockByNumber

    Block Number: 203
    Block Hash: 0xd0a6e84b93a5f30612453d5d00195efc17c990628c32849efd3e639fcf93f110
    Block Time: "Sun, 4 Oct 2026 14:13:50 +0000"

eth_getBlockByNumber
eth_call
eth_feeHistory
eth_simulateV1
eth_sendRawTransaction
eth_getTransactionReceipt

    Transaction: 0x2dbd837b354137a06c2bc0ff671c7cf87b1106bed2bed3a2d462c5a5dbed286d
    Gas used: 141886

    Block Number: 204
    Block Hash: 0x5be75bed8d26c1d3eba1a8b393142e089d6ab71a575f68055e6cfe7cd1be5300
    Block Time: "Sun, 4 Oct 2026 14:13:50 +0000"

eth_getBlockByNumber
eth_getBlockByNumber
eth_getLogs
eth_getLogs
eth_getTransactionByHash
eth_getBlockByNumber
eth_getTransactionReceipt
eth_blockNumber
eth_getTransactionReceipt
eth_getBlockByNumber
eth_getBlockByNumber

    Block Number: 205
    Block Hash: 0x30210b3c70ac63a10446ab054dedfb967117ea90ee5f64e97925a44e7090ca67
    Block Time: "Sun, 4 Oct 2026 14:13:50 +0000"

eth_blockNumber
eth_getTransactionReceipt
eth_getBlockByNumber
eth_getLogs
eth_getBlockByNumber
eth_blockNumber
eth_getTransactionReceipt
eth_getBlockByNumber
eth_getBlockByNumber
eth_blockNumber
eth_getTransactionReceipt
eth_getBlockByNumber

    Block Number: 206
    Block Hash: 0xb7ff20f20b07d3fdc36c196667e816a16aa80d872e066b3d0f7dce546e5b0cf2
    Block Time: "Sun, 4 Oct 2026 14:13:50 +0000"

eth_getBlockByNumber
eth_getTransactionByHash
eth_blockNumber
eth_getTransactionReceipt
eth_getBlockByNumber
eth_getLogs
eth_getBlockByNumber
eth_getBlockByNumber
eth_getBlockByNumber

    Block Number: 207
    Block Hash: 0x818ddb2967ed0aa9b60da8be5daf2a031530d855057100bb1ac1d6c178989dbb
    Block Time: "Sun, 4 Oct 2026 14:13:50 +0000"

eth_getBlockByNumber
eth_getLogs
eth_getBlockByNumber
eth_getBlockByNumber
eth_getBlockByNumber
eth_getBlockByNumber

    Block Number: 208
    Block Hash: 0x0786915fab32ced4547718bb12bb9b1a549a7504f48fcd387aac24db622684e4
    Block Time: "Sun, 4 Oct 2026 14:13:51 +0000"

eth_getBlockByNumber
eth_getBlockByNumber
eth_getLogs
eth_getBlockByNumber
eth_getBlockByNumber
eth_getBlockByNumber

    Block Number: 209
    Block Hash: 0x401019d138025983ba667871fb914f28e427090f4603bac9eefa2b27e8910e8e
    Block Time: "Sun, 4 Oct 2026 14:13:51 +0000"

eth_feeHistory
eth_simulateV1
eth_sendRawTransaction
eth_getTransactionReceipt

    Transaction: 0xc8b130b9e6e5b04a1bc988bdcbadb74bce0d52242a9fe53301fed4ecf15de31e
    Gas used: 96809

    Block Number: 210
    Block Hash: 0x85fac20bd0d54e86b41a1dbc7968289f3e067f4e0331e0ee2c91ca8de45bd6ee
    Block Time: "Sun, 4 Oct 2026 14:13:51 +0000"

eth_getBlockByNumber
eth_getBlockByNumber
eth_getLogs
eth_getLogs
eth_getBlockByNumber
eth_getTransactionReceipt
eth_blockNumber
eth_getTransactionReceipt
eth_getBlockByNumber
eth_getBlockByNumber
eth_blockNumber
eth_getTransactionReceipt
eth_getBlockByNumber

    Block Number: 211
    Block Hash: 0x9a8dd2a5f78b7cc53a4c552a2245ec4d6311780460de0be5c39f369ff9ef033a
    Block Time: "Sun, 4 Oct 2026 14:13:51 +0000"

eth_getBlockByNumber
eth_blockNumber
eth_getTransactionReceipt
eth_getBlockByNumber
eth_getLogs
eth_getBlockByNumber
eth_blockNumber
eth_getTransactionReceipt
eth_getBlockByNumber
eth_getBlockByNumber

    Block Number: 212
    Block Hash: 0x1b08fd21a882a7bf2e39261e7dedf6535b27eb1ab192f407a796440acd960448
    Block Time: "Sun, 4 Oct 2026 14:13:51 +0000"

eth_blockNumber
eth_getTransactionReceipt
eth_feeHistory
eth_simulateV1
eth_sendRawTransaction
eth_getTransactionReceipt

    Transaction: 0x051354aa397755a0d0bd951ec81ef4671e64f3572ff2736fb32e8840aa4ab7ca
    Gas used: 171368

    Block Number: 213
    Block Hash: 0x25a823bdf41ed31e64404333260385d04f47074e1d28e0121809dbef0bbaf4c9
    Block Time: "Sun, 4 Oct 2026 14:13:51 +0000"

eth_getBlockByNumber
eth_getBlockByNumber
eth_getLogs
eth_getLogs
eth_getBlockByNumber
eth_getTransactionReceipt
eth_blockNumber
eth_getTransactionReceipt
eth_getBlockByNumber
eth_getBlockByNumber
eth_blockNumber
eth_getTransactionReceipt
eth_getBlockByNumber

    Block Number: 214
    Block Hash: 0x6c1f750bc84bb98d0428a27bbc10868aa99f1f369f2bad877a760e039d3cd60c
    Block Time: "Sun, 4 Oct 2026 14:13:52 +0000"

eth_getBlockByNumber
eth_blockNumber
eth_getTransactionReceipt
eth_getBlockByNumber
eth_getLogs
eth_getBlockByNumber
eth_blockNumber
eth_getBlockByNumber
eth_getTransactionReceipt
eth_getBlockByNumber

    Block Number: 215
    Block Hash: 0x920ce582ab77e110187a21b6e421fbb5a95171abeb7b5367a3d48a07511b626e
    Block Time: "Sun, 4 Oct 2026 14:13:52 +0000"

eth_getBlockByNumber
eth_getLogs
eth_blockNumber
eth_getTransactionReceipt
eth_getBlockByNumber
eth_getBlockByNumber
eth_getBlockByNumber
eth_getBlockByNumber

    Block Number: 216
    Block Hash: 0x26624c31094e58aa98cee6368ef16f58bf4f66ef1ed19581b51257832efd8f47
    Block Time: "Sun, 4 Oct 2026 14:13:52 +0000"

eth_getBlockByNumber
eth_getBlockByNumber
eth_getLogs
eth_getBlockByNumber
eth_getBlockByNumber
eth_getBlockByNumber

    Block Number: 217
    Block Hash: 0xf60c84192178c78290a542d34952ac916bba1a58ea7ba57ff66e78e638a1a608
    Block Time: "Sun, 4 Oct 2026 14:13:52 +0000"

eth_getBlockByNumber
eth_getLogs
eth_getBlockByNumber
eth_getBlockByNumber
eth_getBlockByNumber
eth_getBlockByNumber

    Block Number: 218
    Block Hash: 0xfee5ef9d5c2727d47a9ba4e00ef2d354a0e3cc167ceace27b695c4d0f60b0a25
    Block Time: "Sun, 4 Oct 2026 14:13:53 +0000"

eth_getBlockByNumber
eth_getBlockByNumber
eth_getLogs
eth_getBlockByNumber
eth_getBlockByNumber
eth_getBlockByNumber

    Block Number: 219
    Block Hash: 0x094b21f209622ffaddc5e416b551b89c8813d5db1d3475e0f51849e4e4d2c00b
    Block Time: "Sun, 4 Oct 2026 14:13:53 +0000"

eth_getBlockByNumber
eth_getLogs
eth_getBlockByNumber
eth_getBlockByNumber
eth_getBlockByNumber
eth_getBlockByNumber

    Block Number: 220
    Block Hash: 0x1da25b2b01e28d22a0ba98912031c1fc250ca1224b822b71dab9c626348ea6cb
    Block Time: "Sun, 4 Oct 2026 14:13:53 +0000"

eth_getBlockByNumber
eth_getBlockByNumber
eth_getLogs
eth_getBlockByNumber
eth_getBlockByNumber
eth_getBlockByNumber

    Block Number: 221
    Block Hash: 0xd28eb0927c4f475a9298fb80077b2e9a4a25729e7b4a0c8040a357761701bfb8
    Block Time: "Sun, 4 Oct 2026 14:13:53 +0000"

eth_getBlockByNumber
eth_getLogs
eth_getBlockByNumber
eth_getBlockByNumber
eth_getBlockByNumber
eth_getBlockByNumber

    Block Number: 222
    Block Hash: 0xb6c5551ba6818208e2aebce62365c533eda1b17d242230835744c789eac0085e
    Block Time: "Sun, 4 Oct 2026 14:13:54 +0000"

eth_getBlockByNumber
eth_call
eth_feeHistory
eth_simulateV1
eth_sendRawTransaction
eth_getBlockByNumber
eth_getLogs
eth_getTransactionReceipt

    Transaction: 0xc5238a3b1c1925067dc2897c4b54eb853c07857231330b7bcb70fca24d407b98
    Gas used: 141874

    Block Number: 223
    Block Hash: 0x51b6656e0c654cb39d001cfef581a3f07764e3fcabc06034d7d3885856bef9a0
    Block Time: "Sun, 4 Oct 2026 14:13:54 +0000"

eth_getBlockByNumber
eth_getBlockByNumber
eth_getLogs
eth_getTransactionByHash
eth_getTransactionReceipt
eth_blockNumber
eth_getTransactionReceipt
eth_getBlockByNumber

    Block Number: 224
    Block Hash: 0x35ac82a0d9a3ec31f8621259a21c1a46815999bc66ffe60b2e9bf358b874ea52
    Block Time: "Sun, 4 Oct 2026 14:13:54 +0000"

eth_getBlockByNumber
eth_getLogs
eth_blockNumber
eth_getTransactionReceipt
eth_getBlockByNumber
eth_getTransactionByHash
eth_getBlockByNumber
eth_blockNumber
eth_getTransactionReceipt
eth_getBlockByNumber
eth_getBlockByNumber

    Block Number: 225
    Block Hash: 0x85d3c5f3458deda947d3f3aa08c6a2646b5da23cfd6bbd9660670a79e833a5a2
    Block Time: "Sun, 4 Oct 2026 14:13:54 +0000"

eth_blockNumber
eth_getTransactionReceipt
eth_getBlockByNumber
eth_getBlockByNumber
eth_getLogs
eth_getBlockByNumber
eth_getBlockByNumber
eth_getBlockByNumber

    Block Number: 226
    Block Hash: 0x4b3f2e7d25c63b3550c5bc60e1e8fd03c4a80c910676f7df1eb5b6df9959e009
    Block Time: "Sun, 4 Oct 2026 14:13:54 +0000"

eth_getBlockByNumber
eth_getLogs
eth_getBlockByNumber
eth_getBlockByNumber
eth_getBlockByNumber
eth_getBlockByNumber

    Block Number: 227
    Block Hash: 0x23193fb4060e614f97880706812db3d8bca5c9cb8915a00e85f2eb1088209e89
    Block Time: "Sun, 4 Oct 2026 14:13:55 +0000"

eth_getBlockByNumber
eth_getBlockByNumber
eth_getLogs
eth_getBlockByNumber
eth_getBlockByNumber
eth_getBlockByNumber

    Block Number: 228
    Block Hash: 0x100d34667e5bd0f5bbd5bd3adb82c936eeb245f0123847ece19e770474e779de
    Block Time: "Sun, 4 Oct 2026 14:13:55 +0000"

eth_feeHistory
eth_simulateV1
eth_sendRawTransaction
eth_getTransactionReceipt

    Transaction: 0x0d82daf86dd11d036bfa4a8d35712578f4e2eddf01deb43a651b22376e9b72ec
    Gas used: 96785

    Block Number: 229
    Block Hash: 0xc64c62cf14361f6dd8e091732d8481eae6b95edcc4b803bd0f5bb79f1d3e5781
    Block Time: "Sun, 4 Oct 2026 14:13:55 +0000"

eth_getBlockByNumber
eth_getBlockByNumber
eth_getLogs
eth_getLogs
eth_getBlockByNumber
eth_getTransactionReceipt
eth_blockNumber
eth_getTransactionReceipt
eth_getBlockByNumber
eth_getBlockByNumber
eth_blockNumber
eth_getTransactionReceipt
eth_getBlockByNumber

    Block Number: 230
    Block Hash: 0xb49aa3965553dcd3524d3460e681abbac1be5413fbddad9359d40b4fbdb3a179
    Block Time: "Sun, 4 Oct 2026 14:13:55 +0000"

eth_getBlockByNumber
eth_blockNumber
eth_getTransactionReceipt
eth_getBlockByNumber
eth_getLogs
eth_getBlockByNumber
eth_blockNumber
eth_getTransactionReceipt
eth_getBlockByNumber
eth_getBlockByNumber

    Block Number: 231
    Block Hash: 0x3f8125bbde0cb6563b96c3a3b5c01f71330999664891dd17bc359c0cc64bfbd0
    Block Time: "Sun, 4 Oct 2026 14:13:55 +0000"

eth_blockNumber
eth_getTransactionReceipt
eth_feeHistory
eth_simulateV1
eth_sendRawTransaction
eth_getTransactionReceipt

    Transaction: 0x7ccaa5a1e7d74a45eeab2162538a0ab25e585eaebc527a21117dad56a0398f81
    Gas used: 171356

    Block Number: 232
    Block Hash: 0xbec6bcf10c3df9ad01cc02a8fba0b56313df626aa7a9fd54202f91dd46065b89
    Block Time: "Sun, 4 Oct 2026 14:13:55 +0000"

eth_getBlockByNumber
eth_getBlockByNumber
eth_getLogs
eth_getLogs
eth_getBlockByNumber
eth_getTransactionReceipt
eth_getBlockByNumber
eth_blockNumber
eth_getTransactionReceipt
eth_getBlockByNumber
eth_getBlockByNumber

    Block Number: 233
    Block Hash: 0x71062d1961bc57f4fd050c0633620c8bdca236b609bdd9b64fab14f1207b6bd4
    Block Time: "Sun, 4 Oct 2026 14:13:56 +0000"

eth_blockNumber
eth_getTransactionReceipt
eth_getBlockByNumber
eth_getBlockByNumber
eth_getLogs
eth_blockNumber
eth_getTransactionReceipt
eth_getBlockByNumber
eth_getBlockByNumber
eth_blockNumber
eth_getTransactionReceipt
eth_getBlockByNumber

    Block Number: 234
    Block Hash: 0x1097e145bfc102fc4fd38305d31e86349783462bf5735277aec23ca0d6d7387c
    Block Time: "Sun, 4 Oct 2026 14:13:56 +0000"

eth_getBlockByNumber
eth_getLogs
eth_blockNumber
eth_getTransactionReceipt
eth_getBlockByNumber
eth_getBlockByNumber
eth_getBlockByNumber
eth_getBlockByNumber

    Block Number: 235
    Block Hash: 0x10af7283924e2ca0ec3f3996df05e760c4e28235f1188ead782c2330294fe0fb
    Block Time: "Sun, 4 Oct 2026 14:13:56 +0000"

eth_getBlockByNumber
eth_getBlockByNumber
eth_getLogs
eth_getBlockByNumber
eth_getBlockByNumber
eth_getBlockByNumber

    Block Number: 236
    Block Hash: 0x406355318e4c585294ccb6228a7cf8cbe8f326093409dcd4e163a621288bda5a
    Block Time: "Sun, 4 Oct 2026 14:13:56 +0000"

eth_getBlockByNumber
eth_getLogs
eth_getBlockByNumber
eth_getBlockByNumber
eth_getBlockByNumber
eth_getBlockByNumber

    Block Number: 237
    Block Hash: 0xebf3b17046e7e738b64014f725c2da37d3bdc2e0e8b441d082d84c66ab726571
    Block Time: "Sun, 4 Oct 2026 14:13:57 +0000"

eth_getBlockByNumber
eth_getBlockByNumber
eth_getLogs
eth_getBlockByNumber
eth_getBlockByNumber
eth_getBlockByNumber

    Block Number: 238
    Block Hash: 0x24064bc519e7d97325eef3cb6e7076351e578fc82018d503d6338c3d6ab23829
    Block Time: "Sun, 4 Oct 2026 14:13:57 +0000"

eth_getBlockByNumber
eth_getLogs
eth_getBlockByNumber
eth_getBlockByNumber
eth_getBlockByNumber
eth_getBlockByNumber

    Block Number: 239
    Block Hash: 0x85c4c1fd7d548b14eac0a770306edcebc04b9f31498e7d4d13b99455a6819779
    Block Time: "Sun, 4 Oct 2026 14:13:57 +0000"

eth_getBlockByNumber
eth_getBlockByNumber
eth_getLogs
eth_getBlockByNumber
eth_getBlockByNumber
eth_getBlockByNumber

    Block Number: 240
    Block Hash: 0xf99b4d6f85151b394d56d3bf4c45019be5744743bde90dc560179bc220d8e04e
    Block Time: "Sun, 4 Oct 2026 14:13:57 +0000"

eth_getBlockByNumber
eth_getLogs
eth_getBlockByNumber
eth_getBlockByNumber
eth_getBlockByNumber
eth_getBlockByNumber

    Block Number: 241
    Block Hash: 0xab4ad84246e7d9c114ce55b8dd1ab097ecec9f03aceb020012c000a19ef62268
    Block Time: "Sun, 4 Oct 2026 14:13:58 +0000"

eth_getBlockByNumber
eth_getBlockByNumber
eth_getLogs
eth_call
eth_feeHistory
eth_simulateV1
eth_sendRawTransaction
eth_getTransactionReceipt

    Transaction: 0x51b7b96a5b3f34bc677005837fd4f623fe57a948ec18906e6b7df0f6745e31ec
    Gas used: 141874

    Block Number: 242
    Block Hash: 0xc0648e9a000b15de67e261bd015c1b73f94468737693edc398db034d622a3b4e
    Block Time: "Sun, 4 Oct 2026 14:13:58 +0000"

eth_getBlockByNumber
eth_getBlockByNumber
eth_getLogs
eth_getTransactionByHash
eth_getTransactionReceipt
eth_blockNumber
eth_getTransactionReceipt
eth_getBlockByNumber

    Block Number: 243
    Block Hash: 0xc98f3d56a2eb5c6dbdac2d03b680718e22929939f310922c1b9164939ec0100e
    Block Time: "Sun, 4 Oct 2026 14:13:58 +0000"

eth_getBlockByNumber
eth_getLogs
eth_blockNumber
eth_getTransactionReceipt
eth_getBlockByNumber
eth_getTransactionByHash
eth_getBlockByNumber
eth_blockNumber
eth_getTransactionReceipt
eth_getBlockByNumber
eth_getBlockByNumber

    Block Number: 244
    Block Hash: 0x712ccb1693d45591e07057862c6f015b7087ec2e827f55a55de3cf6f0bd80982
    Block Time: "Sun, 4 Oct 2026 14:13:58 +0000"

eth_blockNumber
eth_getTransactionReceipt
eth_getBlockByNumber
eth_getBlockByNumber
eth_getLogs
eth_getBlockByNumber
eth_getBlockByNumber
eth_getBlockByNumber

    Block Number: 245
    Block Hash: 0xda661736f126f2c8b19be9e52cf099b9a53a8612909ce9a9a043b4a379ee4623
    Block Time: "Sun, 4 Oct 2026 14:13:58 +0000"

eth_getBlockByNumber
eth_getLogs
eth_getBlockByNumber
eth_getBlockByNumber
eth_getBlockByNumber
eth_getBlockByNumber

    Block Number: 246
    Block Hash: 0x481bab275857cedbfb74437a6eaa55e093b46d48f1ef5fe21aebbb26ff0cd45c
    Block Time: "Sun, 4 Oct 2026 14:13:59 +0000"

eth_getBlockByNumber
eth_getBlockByNumber
eth_getLogs
eth_getBlockByNumber
eth_getBlockByNumber
eth_getBlockByNumber

    Block Number: 247
    Block Hash: 0x40dc84857eebef70d1c0f41df2de1702f6a91d10e5237669c6ebaa0f4789ecdd
    Block Time: "Sun, 4 Oct 2026 14:13:59 +0000"

eth_feeHistory
eth_simulateV1
eth_sendRawTransaction
eth_getTransactionReceipt

    Transaction: 0x4677a17ed9502acc0dea6836a4aa5e2cf786675248fd03420049773e191ad33e
    Gas used: 96785

    Block Number: 248
    Block Hash: 0xadd62731b95f4a0ec1c8db63714b3f852971b9a3fbcb0486b289be6d9463261f
    Block Time: "Sun, 4 Oct 2026 14:13:59 +0000"

eth_getBlockByNumber
eth_getBlockByNumber
eth_getLogs
eth_getLogs
eth_getBlockByNumber
eth_getTransactionReceipt
eth_blockNumber
eth_getTransactionReceipt
eth_getBlockByNumber
eth_getBlockByNumber
eth_blockNumber
eth_getTransactionReceipt
eth_getBlockByNumber

    Block Number: 249
    Block Hash: 0x4aaa519a0af80b8649ef65c821bb6445bd187b90a85703a0dcf011da4695ebdb
    Block Time: "Sun, 4 Oct 2026 14:13:59 +0000"

eth_getBlockByNumber
eth_blockNumber
eth_getTransactionReceipt
eth_getBlockByNumber
eth_getLogs
eth_getBlockByNumber
eth_blockNumber
eth_getTransactionReceipt
eth_getBlockByNumber
eth_getBlockByNumber

    Block Number: 250
    Block Hash: 0x9620e79ac83ff7839d39f53803b09681c8f1d629eff70b2b0958ad0dfdd97c61
    Block Time: "Sun, 4 Oct 2026 14:13:59 +0000"

eth_blockNumber
eth_getTransactionReceipt
eth_feeHistory
eth_getBlockByNumber
eth_simulateV1
eth_getLogs
eth_sendRawTransaction
eth_getTransactionReceipt

    Transaction: 0xcbb9b2572f4051dc49a4548ad72997b69d3810d77ce8eb2c35a70ff53f9cb6b2
    Gas used: 171356

    Block Number: 251
    Block Hash: 0x97fbdc578a76b0f4a0e9db4ecca61f4a82e34bea5e4f195c173e65b61e5a5e3d
    Block Time: "Sun, 4 Oct 2026 14:13:59 +0000"

eth_getBlockByNumber
eth_getBlockByNumber
eth_getLogs
eth_getTransactionReceipt
eth_blockNumber
eth_getTransactionReceipt
eth_getBlockByNumber
eth_getBlockByNumber

    Block Number: 252
    Block Hash: 0x27007e2128eee5832ad73b5224b69353a3544a5ac6cbbb0bcea1cb5d1f921686
    Block Time: "Sun, 4 Oct 2026 14:14:00 +0000"

eth_blockNumber
eth_getTransactionReceipt
eth_getBlockByNumber
eth_getBlockByNumber
eth_getLogs
eth_blockNumber
eth_getTransactionReceipt
eth_getBlockByNumber
eth_getBlockByNumber
eth_blockNumber
eth_getTransactionReceipt
eth_blockNumber
eth_getBlockByNumber
eth_feeHistory

    Block Number: 253
    Block Hash: 0xd3990c8226743699daea4ea07f6b20b7166326ac24482dc3e0ece590636eb47a
    Block Time: "Sun, 4 Oct 2026 14:14:00 +0000"

eth_getBlockByNumber
eth_getLogs
eth_blockNumber
eth_getTransactionReceipt
eth_getBlockByNumber
eth_getBlockByNumber
eth_getBlockByNumber
eth_getBlockByNumber

    Block Number: 254
    Block Hash: 0x94d1864aea279d1840b4c34843ed41f7ea150fb3ffd76e3c975828769be10fa9
    Block Time: "Sun, 4 Oct 2026 14:14:00 +0000"

eth_getBlockByNumber
eth_getBlockByNumber
eth_getLogs
eth_getBlockByNumber
eth_getBlockByNumber
eth_getBlockByNumber

    Block Number: 255
    Block Hash: 0x321c0d54346b06536e865687d1b397e657513c91e2a3745368b3a01b22e93b6f
    Block Time: "Sun, 4 Oct 2026 14:14:00 +0000"

eth_getBlockByNumber
eth_getLogs
eth_getBlockByNumber
eth_getBlockByNumber
eth_getBlockByNumber
eth_getBlockByNumber

    Block Number: 256
    Block Hash: 0x495c71d541530b8306797dc09e6c7cab0cdcc5492743cf9a1a4e407a7fbeb594
    Block Time: "Sun, 4 Oct 2026 14:14:01 +0000"

eth_getBlockByNumber
eth_getBlockByNumber
eth_getLogs
eth_getBlockByNumber
eth_getBlockByNumber
eth_getBlockByNumber

    Block Number: 257
    Block Hash: 0xf9d30bc6a23dbdca46c54f5affafb0edd45c1fc339f4a9a924e9fd91c0826a39
    Block Time: "Sun, 4 Oct 2026 14:14:01 +0000"

eth_getBlockByNumber
eth_getLogs
eth_getBlockByNumber
eth_getBlockByNumber
eth_getBlockByNumber
eth_getBlockByNumber

    Block Number: 258
    Block Hash: 0x481ebaec2d4361755ba3f18243e2c0fcd0ae046c0a91c971bfa1e897caf60340
    Block Time: "Sun, 4 Oct 2026 14:14:01 +0000"

eth_getBlockByNumber
eth_getBlockByNumber
eth_getLogs
eth_getBlockByNumber
eth_getBlockByNumber
eth_getBlockByNumber

    Block Number: 259
    Block Hash: 0xb705ee3e0f594a397b63ce3451fe893ec6321ff6897b1bf340db146bbb13172d
    Block Time: "Sun, 4 Oct 2026 14:14:01 +0000"

eth_getBlockByNumber
eth_getLogs
eth_getBlockByNumber
eth_getBlockByNumber
eth_getBlockByNumber
eth_getBlockByNumber

    Block Number: 260
    Block Hash: 0x95a1b868750d323ddea196ef797f939e4db7996ef00554cea062cf5ef676ba99
    Block Time: "Sun, 4 Oct 2026 14:14:02 +0000"

eth_getBlockByNumber
eth_getBlockByNumber
eth_getLogs
eth_call
eth_feeHistory
eth_simulateV1
eth_sendRawTransaction
eth_getTransactionReceipt
eth_getBlockByNumber

    Transaction: 0x27b9e9d0889fc958bc3e8264148298705feaceab908c4bc6bfed1eb1c668ca16
    Gas used: 141874

    Block Number: 261
    Block Hash: 0x7a9e70b891a56a6fa52cd08ccfe099f207d03b5b01fae78814e2ec6d11e1b71f
    Block Time: "Sun, 4 Oct 2026 14:14:02 +0000"

eth_getBlockByNumber
eth_getLogs
eth_getTransactionByHash
eth_getBlockByNumber
eth_getTransactionReceipt
eth_blockNumber
eth_getTransactionReceipt

    Block Number: 262
    Block Hash: 0x4d4b0215c147e60d66cc523a0e07d3c45b503f768ad9ddc989ee9700244525ca
    Block Time: "Sun, 4 Oct 2026 14:14:02 +0000"

eth_getBlockByNumber
eth_getLogs
eth_getBlockByNumber
eth_getTransactionByHash
eth_blockNumber
eth_getTransactionReceipt
eth_getBlockByNumber
eth_getBlockByNumber
eth_blockNumber
eth_getTransactionReceipt
eth_getBlockByNumber

    Block Number: 263
    Block Hash: 0x9d34c87b57041095399a4eb6c6fbea95240195daacb642a42ac99fd10b1a9a1c
    Block Time: "Sun, 4 Oct 2026 14:14:02 +0000"

eth_getBlockByNumber
eth_blockNumber
eth_getTransactionReceipt
eth_getBlockByNumber
eth_getLogs
eth_getBlockByNumber
eth_getBlockByNumber
eth_getBlockByNumber

    Block Number: 264
    Block Hash: 0xbf4b2a19873d20eae98cf308faf51cdb89de775869919cd6100703fda53bd434
    Block Time: "Sun, 4 Oct 2026 14:14:02 +0000"

eth_getBlockByNumber
eth_getLogs
eth_getBlockByNumber
eth_getBlockByNumber
eth_getBlockByNumber
eth_getBlockByNumber

    Block Number: 265
    Block Hash: 0x5cf09ed5a49b51c9b3c002db0bb7db2df5e6fbd24df65c4b025760d8abf96df4
    Block Time: "Sun, 4 Oct 2026 14:14:03 +0000"

eth_getBlockByNumber
eth_getBlockByNumber
eth_getLogs
eth_getBlockByNumber
eth_getBlockByNumber
eth_getBlockByNumber

    Block Number: 266
    Block Hash: 0xd6e99ada5b721040c3e4634d0b97427d6059bdf95dd0adfc2da36437ae74effa
    Block Time: "Sun, 4 Oct 2026 14:14:03 +0000"

eth_feeHistory
eth_simulateV1
eth_sendRawTransaction
eth_getTransactionReceipt

    Transaction: 0x5d34b3068ec5a406d216ac5674f08db4a818b0a85f8b4fbabc22008893622106
    Gas used: 96785

    Block Number: 267
    Block Hash: 0xf7a1be143acdcf325dbccd8e0012094b0d98688d227d318b44688c25a149d55b
    Block Time: "Sun, 4 Oct 2026 14:14:03 +0000"

eth_getBlockByNumber
eth_getBlockByNumber
eth_getLogs
eth_getLogs
eth_getBlockByNumber
eth_getTransactionReceipt
eth_blockNumber
eth_getTransactionReceipt
eth_getBlockByNumber
eth_getBlockByNumber
eth_blockNumber
eth_getTransactionReceipt
eth_getBlockByNumber

    Block Number: 268
    Block Hash: 0x8a4f925849719fe1ffe6a1f915947352d576ff0a18e6ce6c35076412a1ef5213
    Block Time: "Sun, 4 Oct 2026 14:14:03 +0000"

eth_getBlockByNumber
eth_blockNumber
eth_getTransactionReceipt
eth_getBlockByNumber
eth_getLogs
eth_getBlockByNumber
eth_getBlockByNumber
eth_blockNumber
eth_getTransactionReceipt
eth_getBlockByNumber

    Block Number: 269
    Block Hash: 0x8211a9a7d36308e7a9e522098677e25358dba7de0f3b5d4fa95b5661f76fcfdf
    Block Time: "Sun, 4 Oct 2026 14:14:03 +0000"

eth_getBlockByNumber
eth_getLogs
eth_blockNumber
eth_getTransactionReceipt
eth_feeHistory
eth_simulateV1
eth_sendRawTransaction
eth_getTransactionReceipt

    Transaction: 0x273946b100fa28e5829d6b4c4f8eda17cf0177912ece4daa979b2f009a444a8b
    Gas used: 171356

    Block Number: 270
    Block Hash: 0x4c517f198b2a5e5970e4c51fa601f13ab06eb206f402358801317b7658e44952
    Block Time: "Sun, 4 Oct 2026 14:14:03 +0000"

eth_getBlockByNumber
eth_getBlockByNumber
eth_getLogs
eth_getTransactionReceipt
eth_blockNumber
eth_getTransactionReceipt
eth_getBlockByNumber
eth_getBlockByNumber

    Block Number: 271
    Block Hash: 0xf9e87650dd6a3bb77a83df7d387ee48a1da5868e637ffec0d1d4894ca2827442
    Block Time: "Sun, 4 Oct 2026 14:14:04 +0000"

eth_blockNumber
eth_getTransactionReceipt
eth_getBlockByNumber
eth_getBlockByNumber
eth_getLogs
eth_blockNumber
eth_getTransactionReceipt
eth_getBlockByNumber
eth_getBlockByNumber
eth_blockNumber
eth_getTransactionReceipt
eth_getBlockByNumber

    Block Number: 272
    Block Hash: 0xaae7ec0c2422dfda7179af3568f286958aa0965fd848f91d80374d83a1ed65b3
    Block Time: "Sun, 4 Oct 2026 14:14:04 +0000"

eth_getBlockByNumber
eth_getLogs
eth_blockNumber
eth_getTransactionReceipt
eth_getBlockByNumber
eth_getBlockByNumber
eth_getBlockByNumber
eth_getBlockByNumber

    Block Number: 273
    Block Hash: 0x7471994bdcbf2d46a692f9043fc2667055a5a1f670c4e2170f0d193ab7f498b4
    Block Time: "Sun, 4 Oct 2026 14:14:04 +0000"

eth_getBlockByNumber
eth_getBlockByNumber
eth_getLogs
eth_getBlockByNumber
eth_getBlockByNumber
eth_getBlockByNumber

    Block Number: 274
    Block Hash: 0x7e0e5a1a2f06d110fbbe36a7c2a880b31d00e317be1ffbcb435aca9d1cc42f25
    Block Time: "Sun, 4 Oct 2026 14:14:04 +0000"

eth_getBlockByNumber
eth_getLogs
eth_getBlockByNumber
eth_getBlockByNumber
eth_getBlockByNumber

    Block Number: 275
    Block Hash: 0x08a9e7e7fe440e082cf9038834e118fc31bc4f6ecc71b10095fa8bbb469c71f1
    Block Time: "Sun, 4 Oct 2026 14:14:05 +0000"

eth_getBlockByNumber
eth_getBlockByNumber
eth_getLogs
eth_getBlockByNumber
eth_getBlockByNumber
eth_getBlockByNumber
eth_getBlockByNumber
eth_getBlockByNumber

    Block Number: 276
    Block Hash: 0x80d04fa468c9970dece2e675b70c71f3cca7e7aeb8a0e6146658aa1f17a320c9
    Block Time: "Sun, 4 Oct 2026 14:14:05 +0000"

eth_getBlockByNumber
eth_getBlockByNumber
eth_getLogs
eth_getBlockByNumber
eth_getBlockByNumber
eth_getBlockByNumber

    Block Number: 277
    Block Hash: 0x186c91e09c9646a8ea2537c2531c059480bd9844d88d355638cfd8f43d27f499
    Block Time: "Sun, 4 Oct 2026 14:14:05 +0000"

eth_getBlockByNumber
eth_getLogs
eth_getBlockByNumber
eth_getBlockByNumber
eth_getBlockByNumber
eth_getBlockByNumber

    Block Number: 278
    Block Hash: 0x57e3dcc1c820b13cc7d43bac324ded1e9234d9e505ddf4b76ebd2dbd65d214c5
    Block Time: "Sun, 4 Oct 2026 14:14:05 +0000"

eth_getBlockByNumber
eth_getBlockByNumber
eth_getLogs
eth_getBlockByNumber
eth_getBlockByNumber
eth_getBlockByNumber

    Block Number: 279
    Block Hash: 0x8ef109cc839b06fee7d948d50ad9d52d67156283d0aa9a5a7094b821a3c5fa37
    Block Time: "Sun, 4 Oct 2026 14:14:06 +0000"

eth_getBlockByNumber
eth_getLogs
eth_getBlockByNumber
eth_call
eth_feeHistory
eth_simulateV1
eth_sendRawTransaction
eth_getTransactionReceipt

    Transaction: 0xcd5ffe65d98f120bb7166019bb564ee26f51f9c085a9052e5f4e52999123f927
    Gas used: 158974

    Block Number: 280
    Block Hash: 0xfd609903f8291c143c4a1a7a97dcbfb295afed816862f6fc5e83bd49fdac3de3
    Block Time: "Sun, 4 Oct 2026 14:14:06 +0000"

eth_getBlockByNumber
eth_getLogs
eth_getTransactionByHash
eth_getBlockByNumber
eth_getTransactionReceipt
eth_blockNumber
eth_getTransactionReceipt
eth_getBlockByNumber

    Block Number: 281
    Block Hash: 0x60706943e05800bb5e310531a0c3cb1c4b6c52b47513eaff8af270afbce7d0a5
    Block Time: "Sun, 4 Oct 2026 14:14:06 +0000"

eth_getBlockByNumber
eth_getTransactionByHash
eth_blockNumber
eth_getTransactionReceipt
eth_getBlockByNumber
eth_getLogs
eth_getBlockByNumber
eth_blockNumber
eth_getTransactionReceipt
eth_getBlockByNumber
eth_getBlockByNumber

    Block Number: 282
    Block Hash: 0x8f5e2f887ccc29062fd501581058a7b9cab86e7ff43b898a17010530d8a6aa2d
    Block Time: "Sun, 4 Oct 2026 14:14:06 +0000"

eth_blockNumber
eth_getTransactionReceipt
eth_getBlockByNumber
eth_getLogs
eth_getBlockByNumber
eth_getBlockByNumber
eth_getBlockByNumber
eth_getBlockByNumber

    Block Number: 283
    Block Hash: 0x9702c0071cd59efe549fb3e351f25e9f544740a212b26dfc082f6e2b8522ff74
    Block Time: "Sun, 4 Oct 2026 14:14:06 +0000"

eth_getBlockByNumber
eth_getBlockByNumber
eth_getLogs
eth_getBlockByNumber
eth_getBlockByNumber
eth_getBlockByNumber

    Block Number: 284
    Block Hash: 0x443a1ca158e466d4ed04e821ad52c8bd34adf1197334bd97b95210e5ad90f895
    Block Time: "Sun, 4 Oct 2026 14:14:07 +0000"

eth_getBlockByNumber
eth_getLogs
eth_getBlockByNumber
eth_getBlockByNumber
eth_getBlockByNumber
eth_feeHistory
eth_simulateV1
eth_sendRawTransaction
eth_getTransactionReceipt

    Transaction: 0x29220bd0adf8520f364c4f69bea556ff1e0f382b47c13b36f8411045a920f26f
    Gas used: 96797

    Block Number: 285
    Block Hash: 0xd549a197cfd56d293c0883fede2f2709cadaa0addff8582f7e4bc4f09248f99f
    Block Time: "Sun, 4 Oct 2026 14:14:07 +0000"

eth_getBlockByNumber
eth_getLogs

    Block Number: 286
    Block Hash: 0xea3e95af5a8fa9673b872e2fdab8aadc5c34517a826ac4f757b9c574f69df105
    Block Time: "Sun, 4 Oct 2026 14:14:07 +0000"

eth_getBlockByNumber
eth_getBlockByNumber
eth_getTransactionReceipt
eth_getLogs
eth_blockNumber
eth_getTransactionReceipt
eth_getBlockByNumber
eth_getBlockByNumber
eth_blockNumber
eth_getTransactionReceipt
eth_getBlockByNumber

    Block Number: 287
    Block Hash: 0x8afe674e2fa1cf597347331234ccefeb53a266549c11a007f96ed34d771529aa
    Block Time: "Sun, 4 Oct 2026 14:14:07 +0000"

eth_getBlockByNumber
eth_getLogs
eth_blockNumber
eth_getTransactionReceipt
eth_feeHistory
eth_simulateV1
eth_sendRawTransaction
eth_getTransactionReceipt

    Transaction: 0x3a14bf7ab8611fd5693c2e7e338a375183bc02fd03c03c5cb88eb578695c9aeb
    Gas used: 171368

    Block Number: 288
    Block Hash: 0x4a963f6bd774a4cad07671c68faa287cae5633567356ed9d0114aff9e05cbb3f
    Block Time: "Sun, 4 Oct 2026 14:14:07 +0000"

eth_getBlockByNumber
eth_getBlockByNumber
eth_getLogs
eth_getTransactionReceipt
eth_blockNumber
eth_getTransactionReceipt
eth_getBlockByNumber
eth_getBlockByNumber

    Block Number: 289
    Block Hash: 0x359b9d0862cbdd78fbd37e33bc1e59bf2445093144bcc78c4034f32bea4d033d
    Block Time: "Sun, 4 Oct 2026 14:14:07 +0000"

eth_blockNumber
eth_getTransactionReceipt
eth_getBlockByNumber
eth_getBlockByNumber
eth_getLogs
eth_blockNumber
eth_getTransactionReceipt
eth_getBlockByNumber
eth_getBlockByNumber
eth_blockNumber
eth_getTransactionReceipt
eth_getBlockByNumber

    Block Number: 290
    Block Hash: 0xe7df3d9b69c7f3786351c6c6689aaecd9895c846e7a690916f14a527425d4916
    Block Time: "Sun, 4 Oct 2026 14:14:08 +0000"

eth_getBlockByNumber
eth_getLogs
eth_blockNumber
eth_getTransactionReceipt
eth_getBlockByNumber
eth_getBlockByNumber
eth_getBlockByNumber
eth_getBlockByNumber

    Block Number: 291
    Block Hash: 0x389f928cd104b68081fc343909429f2e03d53cb575c9631f96e681d149a1794f
    Block Time: "Sun, 4 Oct 2026 14:14:08 +0000"

eth_getBlockByNumber
eth_getBlockByNumber
eth_getLogs
eth_getBlockByNumber
eth_getBlockByNumber
eth_getBlockByNumber

    Block Number: 292
    Block Hash: 0x1ce521a9bb99c421117a7070b640480084a6f65ed9681af4d2dd31d9b18f6994
    Block Time: "Sun, 4 Oct 2026 14:14:08 +0000"

eth_getBlockByNumber
eth_getLogs
eth_getBlockByNumber
eth_getBlockByNumber
eth_getBlockByNumber
eth_getBlockByNumber

    Block Number: 293
    Block Hash: 0x4566279ec466e5a9e57390c2b2b94d7694bbd479c993c72129a5b514af1e34c1
    Block Time: "Sun, 4 Oct 2026 14:14:08 +0000"

eth_getBlockByNumber
eth_getBlockByNumber
eth_getLogs
eth_getBlockByNumber
eth_getBlockByNumber
eth_getBlockByNumber

    Block Number: 294
    Block Hash: 0xab78e236599dface7e62e9727efb1304a0192de4b50892dc1017385322bfda12
    Block Time: "Sun, 4 Oct 2026 14:14:09 +0000"

eth_getBlockByNumber
eth_getLogs
eth_getBlockByNumber
eth_getBlockByNumber
eth_getBlockByNumber
eth_getBlockByNumber

    Block Number: 295
    Block Hash: 0x3dd4547cda08b8b58dee408f9282c158f0c60cb91c40bf8fc19a3f6a1ef811eb
    Block Time: "Sun, 4 Oct 2026 14:14:09 +0000"

eth_getBlockByNumber
eth_getBlockByNumber
eth_getLogs
eth_getBlockByNumber
eth_getBlockByNumber
eth_getBlockByNumber

    Block Number: 296
    Block Hash: 0x092302b39b07b7fb5f711514f54506bfdf2f023a267f816a3a68061e39b3bcff
    Block Time: "Sun, 4 Oct 2026 14:14:09 +0000"

eth_getBlockByNumber
eth_getLogs
eth_getBlockByNumber
eth_getBlockByNumber
eth_getBlockByNumber
eth_getBlockByNumber

    Block Number: 297
    Block Hash: 0x87f83daa8a561e8de39a35c33538816db761010fa74ae9c928ecaacde891e7d9
    Block Time: "Sun, 4 Oct 2026 14:14:09 +0000"

eth_getBlockByNumber
eth_getBlockByNumber
eth_getLogs
eth_getBlockByNumber
eth_getBlockByNumber
eth_getBlockByNumber

    Block Number: 298
    Block Hash: 0xa52f95e8ab9f706587a7bc41ed6b4d80ffc78fa531524dbc50585ffd89d4ec94
    Block Time: "Sun, 4 Oct 2026 14:14:10 +0000"

eth_getBlockByNumber
eth_getLogs
eth_getBlockByNumber
eth_getBlockByNumber
eth_getBlockByNumber
eth_getBlockByNumber

    Block Number: 299
    Block Hash: 0x2840f1ad69967ced63a5aebcd740546172b22bd469bb412dd8700f1d7989b4f2
    Block Time: "Sun, 4 Oct 2026 14:14:10 +0000"

eth_getBlockByNumber
eth_getBlockByNumber
eth_getLogs
eth_call
eth_feeHistory
eth_simulateV1
eth_sendRawTransaction
eth_getTransactionReceipt

    Transaction: 0xa4235b83055836c70cef1b23274754aad8ce40b82033db358871263fa6c86bec
    Gas used: 141886

    Block Number: 300
    Block Hash: 0x9cb25f5716f1fe4ae946f68d8be65e7a7ce1619bab360e3419d624a8e2d46a7c
    Block Time: "Sun, 4 Oct 2026 14:14:10 +0000"

eth_getBlockByNumber
eth_getTransactionByHash
eth_getBlockByNumber
eth_getLogs
eth_getTransactionByHash
eth_getTransactionReceipt
eth_blockNumber
eth_getTransactionReceipt
eth_getBlockByNumber

    Block Number: 301
    Block Hash: 0x19a18773c71058a37a7dc81d0081eff25cf34e0429d2ae26a6f30691f671cafb
    Block Time: "Sun, 4 Oct 2026 14:14:10 +0000"

eth_getBlockByNumber
eth_getLogs
eth_blockNumber
eth_getTransactionReceipt
eth_getBlockByNumber
eth_getBlockByNumber
eth_blockNumber
eth_getTransactionReceipt
eth_getBlockByNumber
eth_getBlockByNumber

    Block Number: 302
    Block Hash: 0x39cbb947e0950e0caa3f4bc95bcc7b156cf58a0da6c0309429535ad75f5d5d61
    Block Time: "Sun, 4 Oct 2026 14:14:10 +0000"

eth_blockNumber
eth_getTransactionReceipt
eth_getBlockByNumber
eth_getBlockByNumber
eth_getLogs
eth_getBlockByNumber
eth_getBlockByNumber
eth_getBlockByNumber

    Block Number: 303
    Block Hash: 0xf281b9520bb8724118dff55acc29a1da22ed5723bb97e6385d2e4b6f9d7efc77
    Block Time: "Sun, 4 Oct 2026 14:14:11 +0000"

eth_getBlockByNumber
eth_getLogs
eth_getBlockByNumber
eth_getBlockByNumber
eth_getBlockByNumber
eth_getBlockByNumber
eth_feeHistory
eth_simulateV1
eth_sendRawTransaction

    Block Number: 304
    Block Hash: 0xc8302e016e3b20df02bad22587feed42ca7719f8e3fb8a5fc5cbb70f52e1faf9
    Block Time: "Sun, 4 Oct 2026 14:14:11 +0000"


    Transaction: 0xfb5e81a654b2f47a027cb6577530260d9e6d393cc6ab5e57d371d1812745be4f
    Gas used: 96809

    Block Number: 305
    Block Hash: 0xa56e2b4311893cf8ab2faded93ccbfda58ff14592ab0dd0b9c9e99a2f0a8de09
    Block Time: "Sun, 4 Oct 2026 14:14:11 +0000"

eth_getTransactionReceipt
eth_blockNumber
eth_getTransactionReceipt
eth_getBlockByNumber
eth_getBlockByNumber
eth_getBlockByNumber
eth_getLogs
eth_getLogs
eth_blockNumber
eth_getTransactionReceipt
eth_getBlockByNumber
eth_getBlockByNumber
eth_blockNumber
eth_getTransactionReceipt
eth_getBlockByNumber

    Block Number: 306
    Block Hash: 0x9a7a67fa3d2c72a4f05c01f058f1754d0a748259a20dd08b3f580d1af6390501
    Block Time: "Sun, 4 Oct 2026 14:14:11 +0000"

eth_getBlockByNumber
eth_getLogs
eth_blockNumber
eth_getTransactionReceipt
eth_getBlockByNumber
eth_getBlockByNumber
eth_blockNumber
eth_getTransactionReceipt
eth_getBlockByNumber
eth_getBlockByNumber

    Block Number: 307
    Block Hash: 0xc1c57be0711e2664cb933e0a1731c3fbb702db3cb74926af7a680df51166215d
    Block Time: "Sun, 4 Oct 2026 14:14:11 +0000"

eth_blockNumber
eth_getTransactionReceipt
eth_feeHistory
eth_simulateV1
eth_sendRawTransaction
eth_getTransactionReceipt

    Transaction: 0x0447c23feab494ec6a994e8137016408aa699b1cde29c9c18bf93f3ede47d9b2
    Gas used: 171368

    Block Number: 308
    Block Hash: 0xc4d1a6bf87e0694ac0623acc6fe362ecbd720648eb3c84768b20ceb2d5d893de
    Block Time: "Sun, 4 Oct 2026 14:14:11 +0000"

eth_getBlockByNumber
eth_getBlockByNumber
eth_getBlockByNumber
eth_getLogs
eth_getLogs
eth_getTransactionReceipt
eth_blockNumber
eth_getTransactionReceipt
eth_getBlockByNumber
eth_getBlockByNumber
eth_blockNumber
eth_getTransactionReceipt
eth_getBlockByNumber

    Block Number: 309
    Block Hash: 0x7db6a9061e43ae098ebb85d7fd06853f800329e36e4c30dce961c335f7283771
    Block Time: "Sun, 4 Oct 2026 14:14:12 +0000"

eth_getBlockByNumber
eth_getLogs
eth_blockNumber
eth_getTransactionReceipt
eth_getBlockByNumber
eth_getBlockByNumber
eth_blockNumber
eth_getTransactionReceipt
eth_getBlockByNumber
eth_getBlockByNumber

    Block Number: 310
    Block Hash: 0x293c0bc438253f833a41def63e27db8f3e1df286bd63bfdc97b5e8e5f37d5496
    Block Time: "Sun, 4 Oct 2026 14:14:12 +0000"

eth_blockNumber
eth_getTransactionReceipt
eth_getBlockByNumber
eth_getBlockByNumber
eth_getLogs
eth_getBlockByNumber
eth_getBlockByNumber
eth_getBlockByNumber

    Block Number: 311
    Block Hash: 0x1b608ae5093c2905c43a9f791c16d683b71a695a201f8b34db11ecadbc2ccb01
    Block Time: "Sun, 4 Oct 2026 14:14:12 +0000"

eth_getBlockByNumber
eth_getLogs
eth_getBlockByNumber
eth_getBlockByNumber
eth_getBlockByNumber
eth_getBlockByNumber

    Block Number: 312
    Block Hash: 0x08c58237f1dbd67ddf47c37ee7ed672f776d405e24db3a63034c5ee48cc72fdc
    Block Time: "Sun, 4 Oct 2026 14:14:12 +0000"

eth_getBlockByNumber
eth_getBlockByNumber
eth_getLogs
eth_getBlockByNumber
eth_getBlockByNumber
eth_getBlockByNumber

    Block Number: 313
    Block Hash: 0x5f4bc5dd213e6e31ee39f392a30f891c21046c9ead05294555adf4c8c40f9ef2
    Block Time: "Sun, 4 Oct 2026 14:14:13 +0000"

eth_getBlockByNumber
eth_getLogs
eth_getBlockByNumber
eth_getBlockByNumber
eth_getBlockByNumber
eth_blockNumber
eth_feeHistory
eth_getBlockByNumber

    Block Number: 314
    Block Hash: 0x3862271eb390a293619958e5f3aa962735bb5f8f4ab4856936026593b1c05808
    Block Time: "Sun, 4 Oct 2026 14:14:13 +0000"

eth_getBlockByNumber
eth_getBlockByNumber
eth_getLogs
eth_getBlockByNumber
eth_getBlockByNumber
eth_getBlockByNumber

    Block Number: 315
    Block Hash: 0x74991c4a30b2d4cb14c3f8dd8133d4d189c5da460860bf5abaeeace0f5429522
    Block Time: "Sun, 4 Oct 2026 14:14:13 +0000"

eth_getBlockByNumber
eth_getLogs
eth_getBlockByNumber
eth_getBlockByNumber
eth_getBlockByNumber
eth_getBlockByNumber

    Block Number: 316
    Block Hash: 0xd91bf796378885fe3ceaa6394c4ce60581cc426315e18afb9f8ce97c294d7bae
    Block Time: "Sun, 4 Oct 2026 14:14:13 +0000"

eth_getBlockByNumber
eth_getBlockByNumber
eth_getLogs
eth_getBlockByNumber
eth_getBlockByNumber
eth_getBlockByNumber

    Block Number: 317
    Block Hash: 0xa1c4282710f75fae917e9dc208ff9e5cf880686d063f66131f5862a663b7277c
    Block Time: "Sun, 4 Oct 2026 14:14:14 +0000"

eth_getBlockByNumber
eth_getLogs
eth_getBlockByNumber
eth_getBlockByNumber
eth_getBlockByNumber
eth_getBlockByNumber

    Block Number: 318
    Block Hash: 0x874faaf4c1636848101f7252124b98c6b22cdb76afaaafb7468e0f2e5f62a24d
    Block Time: "Sun, 4 Oct 2026 14:14:14 +0000"

eth_getBlockByNumber
eth_getBlockByNumber
eth_getLogs
eth_call
eth_feeHistory
eth_simulateV1
eth_sendRawTransaction
eth_getTransactionReceipt

    Transaction: 0x30fc294e22fb363363d8e2ea39257c4a3eb2b647ebc73ea6ee144fcbfab77df4
    Gas used: 141886

    Block Number: 319
    Block Hash: 0xbd80036fc218ef29b8ccfa4ecc2def4f97b3dd78d75d60691adff15db303b1d6
    Block Time: "Sun, 4 Oct 2026 14:14:14 +0000"

eth_getBlockByNumber
eth_getBlockByNumber
eth_getLogs
eth_getTransactionByHash
eth_getTransactionReceipt
eth_blockNumber
eth_getTransactionReceipt
eth_getBlockByNumber

    Block Number: 320
    Block Hash: 0x85ababf054880dfbf4799f99c22feeeca5a80a101c8b8da6ca40deafbe020be8
    Block Time: "Sun, 4 Oct 2026 14:14:14 +0000"

eth_getBlockByNumber
eth_getLogs
eth_blockNumber
eth_getTransactionReceipt
eth_getBlockByNumber
eth_getTransactionByHash
eth_getBlockByNumber
eth_blockNumber
eth_getTransactionReceipt
eth_getBlockByNumber
eth_getBlockByNumber

    Block Number: 321
    Block Hash: 0xf4f552e45f73eeb4d0babb15572307b38b331c7b408908d32eae877f1497c4d5
    Block Time: "Sun, 4 Oct 2026 14:14:14 +0000"

eth_blockNumber
eth_getTransactionReceipt
eth_getBlockByNumber
eth_getBlockByNumber
eth_getLogs
eth_getBlockByNumber
eth_getBlockByNumber
eth_getBlockByNumber

    Block Number: 322
    Block Hash: 0x607084a6b37a5652905f2defa4473146633875193dd2cff0beecaa0d5e63597b
    Block Time: "Sun, 4 Oct 2026 14:14:15 +0000"

eth_getBlockByNumber
eth_getLogs
eth_getBlockByNumber
eth_getBlockByNumber
eth_getBlockByNumber
eth_getBlockByNumber

    Block Number: 323
    Block Hash: 0x29f6c6b91d00bd7f82220d9c0d31f85a296714df8d92960a663b2d32e8004426
    Block Time: "Sun, 4 Oct 2026 14:14:15 +0000"

eth_feeHistory
eth_simulateV1
eth_sendRawTransaction
eth_getTransactionReceipt

    Transaction: 0xe3c9635dea4c0aa0c44d8e04f2ad582e155c57fb4d475dba07572ff981a75784
    Gas used: 96809

    Block Number: 324
    Block Hash: 0x21be51bb4fb3094d0a7dc255b5dab3750fb70a47da2977d4fcd6ceef9eb3e537
    Block Time: "Sun, 4 Oct 2026 14:14:15 +0000"

eth_getBlockByNumber
eth_getBlockByNumber
eth_getBlockByNumber
eth_getLogs
eth_getLogs
eth_getTransactionReceipt
eth_blockNumber
eth_getTransactionReceipt
eth_getBlockByNumber
eth_getBlockByNumber
eth_blockNumber
eth_getTransactionReceipt
eth_getBlockByNumber

    Block Number: 325
    Block Hash: 0xe649e6896ed4f1f69f4bba88044ff297e2c99d444f4f3c675f2930aff5bccd98
    Block Time: "Sun, 4 Oct 2026 14:14:15 +0000"

eth_getBlockByNumber
eth_getLogs
eth_blockNumber
eth_getTransactionReceipt
eth_getBlockByNumber
eth_getBlockByNumber
eth_blockNumber
eth_getTransactionReceipt
eth_getBlockByNumber
eth_getBlockByNumber

    Block Number: 326
    Block Hash: 0x86a8f2662bc14a02c1cccee47ff47b785ed0034b2ea96d3923be3c01d750ec74
    Block Time: "Sun, 4 Oct 2026 14:14:15 +0000"

eth_blockNumber
eth_getTransactionReceipt
eth_feeHistory
eth_simulateV1
eth_sendRawTransaction
eth_getTransactionReceipt

    Transaction: 0xf344baa70f30ac74dfc3bce0423287bae97ac9f39954b6507863ff830fd79ab4
    Gas used: 171368

    Block Number: 327
    Block Hash: 0xe1ec60039ec53d35a61677ec5da5137d5581a6d56ad10ea95c54055e3d1674a1
    Block Time: "Sun, 4 Oct 2026 14:14:15 +0000"

eth_getBlockByNumber
eth_getBlockByNumber
eth_getBlockByNumber
eth_getLogs
eth_getLogs
eth_getTransactionReceipt
eth_blockNumber
eth_getTransactionReceipt
eth_getBlockByNumber
eth_getBlockByNumber
eth_blockNumber
eth_getTransactionReceipt
eth_getBlockByNumber

    Block Number: 328
    Block Hash: 0x2c276c56d688df58d315c5635ccfa004feaf66d4f09f218b03421fdaac34bc42
    Block Time: "Sun, 4 Oct 2026 14:14:16 +0000"

eth_getBlockByNumber
eth_getLogs
eth_blockNumber
eth_getTransactionReceipt
eth_getBlockByNumber
eth_getBlockByNumber
eth_blockNumber
eth_getTransactionReceipt
eth_getBlockByNumber
eth_getBlockByNumber

    Block Number: 329
    Block Hash: 0xc9ee8ff302f6b5d0effd14d53221f2fd4e2b3695fd74feb088ada4b5d346d28a
    Block Time: "Sun, 4 Oct 2026 14:14:16 +0000"

eth_blockNumber
eth_getTransactionReceipt
eth_getBlockByNumber
eth_getBlockByNumber
eth_getLogs
eth_getBlockByNumber
eth_getBlockByNumber
eth_getBlockByNumber

    Block Number: 330
    Block Hash: 0xd3baa05cd415281f168fb40cf7d3a5fa7bb9491e6100331ac2fac5589384f6b0
    Block Time: "Sun, 4 Oct 2026 14:14:16 +0000"

eth_getBlockByNumber
eth_getLogs
eth_getBlockByNumber
eth_getBlockByNumber
eth_getBlockByNumber
eth_getBlockByNumber

    Block Number: 331
    Block Hash: 0x94e3f728424ec00173f85d20e09cfa06afd04e2b7f9e27ff5529720aff04ad42
    Block Time: "Sun, 4 Oct 2026 14:14:16 +0000"

eth_getBlockByNumber
eth_getBlockByNumber
eth_getLogs
eth_getBlockByNumber
eth_getBlockByNumber
eth_getBlockByNumber

    Block Number: 332
    Block Hash: 0x99bc8e45689309ce6acd00a2f23d4b5551352c5ba2ef8e47e233e08fdd0fbed2
    Block Time: "Sun, 4 Oct 2026 14:14:17 +0000"

eth_getBlockByNumber
eth_getLogs
eth_getBlockByNumber
eth_getBlockByNumber
eth_getBlockByNumber
eth_getBlockByNumber

    Block Number: 333
    Block Hash: 0x44f387b3dc5bdb9a809ca2015637d5bc3f3f079bffda8bdc4f2b3e1f062e8184
    Block Time: "Sun, 4 Oct 2026 14:14:17 +0000"

eth_getBlockByNumber
eth_getBlockByNumber
eth_getLogs
eth_getBlockByNumber
eth_getBlockByNumber
eth_getBlockByNumber

    Block Number: 334
    Block Hash: 0x9ccd6f880f8522e70d7676ef29f2784143ff6d35e16579cc2734046b0e219701
    Block Time: "Sun, 4 Oct 2026 14:14:17 +0000"

eth_getBlockByNumber
eth_getLogs
eth_getBlockByNumber
eth_getBlockByNumber
eth_getBlockByNumber
eth_getBlockByNumber

    Block Number: 335
    Block Hash: 0x614d25a95024cb62a42a3a14ef32dfc3b1ab20e4904bb6e38c11b3f5d4f0b0df
    Block Time: "Sun, 4 Oct 2026 14:14:17 +0000"

eth_getBlockByNumber
eth_getBlockByNumber
eth_getLogs
eth_getBlockByNumber
eth_getBlockByNumber
eth_getBlockByNumber

    Block Number: 336
    Block Hash: 0xe787e64f625714142a0e0020e2e6c70773357d2b18656baf721af17749a77cc8
    Block Time: "Sun, 4 Oct 2026 14:14:18 +0000"

eth_getBlockByNumber
eth_getLogs
eth_getBlockByNumber
eth_getBlockByNumber
eth_getBlockByNumber
eth_getBlockByNumber

    Block Number: 337
    Block Hash: 0xfe0fb3618b4a0682943460641d1be9d4247f20480de7ad439061176527ea9776
    Block Time: "Sun, 4 Oct 2026 14:14:18 +0000"

eth_getBlockByNumber
eth_getBlockByNumber
eth_getLogs
eth_call
eth_feeHistory
eth_simulateV1
eth_sendRawTransaction
eth_getTransactionReceipt

    Transaction: 0xdad1f5ca1741e9825c093e7587ec416823b69e78933ee01517eda420dc978349
    Gas used: 141886

    Block Number: 338
    Block Hash: 0x7b50450405814040c4b88d847932904cfcf00356d66041b76eb2eac2a18acb21
    Block Time: "Sun, 4 Oct 2026 14:14:18 +0000"

eth_getBlockByNumber
eth_getBlockByNumber
eth_getLogs
eth_getTransactionByHash
eth_getTransactionReceipt
eth_blockNumber
eth_getTransactionReceipt
eth_getBlockByNumber

    Block Number: 339
    Block Hash: 0x68ecf210de6f9fb210ef83e501b498e809c335b37e6480c76144d0265b4cfe3c
    Block Time: "Sun, 4 Oct 2026 14:14:18 +0000"

eth_getBlockByNumber
eth_getLogs
eth_blockNumber
eth_getTransactionReceipt
eth_getBlockByNumber
eth_getTransactionByHash
eth_getBlockByNumber
eth_blockNumber
eth_getTransactionReceipt
eth_getBlockByNumber
eth_getBlockByNumber

    Block Number: 340
    Block Hash: 0xc5e7efd3253f19632c7649e7fd3287d98ad61c3eff825705331f51551f8cd4d1
    Block Time: "Sun, 4 Oct 2026 14:14:18 +0000"

eth_getBlockByNumber
eth_blockNumber
eth_getTransactionReceipt
eth_getBlockByNumber
eth_getLogs
eth_getBlockByNumber
eth_getBlockByNumber
eth_getBlockByNumber

    Block Number: 341
    Block Hash: 0x1dab33ed417f56fa47af941b1354b570e5d4e2a6f66e892e23266283e563cdcf
    Block Time: "Sun, 4 Oct 2026 14:14:19 +0000"

eth_getBlockByNumber
eth_getLogs
eth_getBlockByNumber
eth_getBlockByNumber
eth_getBlockByNumber
eth_getBlockByNumber

    Block Number: 342
    Block Hash: 0x4a4e3208ae60e7fde106d19d371ef7376d79224b4a7691c0a0dae0e4ca6121fe
    Block Time: "Sun, 4 Oct 2026 14:14:19 +0000"

eth_feeHistory
eth_simulateV1
eth_sendRawTransaction
eth_getTransactionReceipt

    Transaction: 0x1e06904a9ab51d03ecbeee88e9a22be95909bad1ac15d6fae4251015d8300f68
    Gas used: 96809

    Block Number: 343
    Block Hash: 0xc0053876c4a3269394ef60e4cc0c6c192f7bf3b7ad37a2a749bdcaec413534db
    Block Time: "Sun, 4 Oct 2026 14:14:19 +0000"

eth_getBlockByNumber
eth_getBlockByNumber
eth_getBlockByNumber
eth_getLogs
eth_getLogs
eth_getTransactionReceipt
eth_blockNumber
eth_getTransactionReceipt
eth_getBlockByNumber
eth_getBlockByNumber
eth_blockNumber
eth_getTransactionReceipt
eth_getBlockByNumber

    Block Number: 344
    Block Hash: 0xccfbb1d8c19c01baeea71698eadf93c41cd468bff57e5249afd77c81a3bbc43a
    Block Time: "Sun, 4 Oct 2026 14:14:19 +0000"

eth_getBlockByNumber
eth_getLogs
eth_blockNumber
eth_getTransactionReceipt
eth_getBlockByNumber
eth_getBlockByNumber
eth_blockNumber
eth_getTransactionReceipt
eth_getBlockByNumber
eth_getBlockByNumber

    Block Number: 345
    Block Hash: 0xb701efe5e321c143f97e49555b233e62d87fbba19b89a72e243a30f706f3d3c9
    Block Time: "Sun, 4 Oct 2026 14:14:19 +0000"

eth_blockNumber
eth_getTransactionReceipt
eth_feeHistory
eth_simulateV1
eth_sendRawTransaction
eth_getTransactionReceipt

    Transaction: 0x9e289b7694f17a9faedb2dbf564a8e68647805f0082cf45e0d8cd755b061af31
    Gas used: 171368

    Block Number: 346
    Block Hash: 0x44dadd08bc34ba7853b4c3b68551a599eee2fecfc43c773968a788f125ab765f
    Block Time: "Sun, 4 Oct 2026 14:14:19 +0000"

eth_getBlockByNumber
eth_getBlockByNumber
eth_getBlockByNumber
eth_getLogs
eth_getLogs
eth_getTransactionReceipt
eth_blockNumber
eth_getTransactionReceipt
eth_getBlockByNumber
eth_getBlockByNumber
eth_blockNumber
eth_getTransactionReceipt
eth_getBlockByNumber

    Block Number: 347
    Block Hash: 0x69a019f00da7321bc94bf2f1f0182c1cdabbecd6892434bac4262d9c58cd2138
    Block Time: "Sun, 4 Oct 2026 14:14:20 +0000"

eth_getBlockByNumber
eth_getLogs
eth_blockNumber
eth_getTransactionReceipt
eth_getBlockByNumber
eth_getBlockByNumber
eth_blockNumber
eth_getTransactionReceipt
eth_getBlockByNumber
eth_getBlockByNumber

    Block Number: 348
    Block Hash: 0xb5aae405a991c40e5a68050766c654edce90f0e61915ba0f15be3c4346f07a5b
    Block Time: "Sun, 4 Oct 2026 14:14:20 +0000"

eth_blockNumber
eth_getTransactionReceipt
eth_getBlockByNumber
eth_getBlockByNumber
eth_getLogs
eth_getBlockByNumber
eth_getBlockByNumber
eth_getBlockByNumber

    Block Number: 349
    Block Hash: 0xbeeb8f17ba5958ad8605fae65e2bc20e71163501f12b1f435a220200aa598834
    Block Time: "Sun, 4 Oct 2026 14:14:20 +0000"

eth_getBlockByNumber
eth_getLogs
eth_getBlockByNumber
eth_getBlockByNumber
eth_getBlockByNumber
eth_getBlockByNumber

    Block Number: 350
    Block Hash: 0x65153d23389ac46b09721c97076960b4d894b2de7842025ab8433802b8486fc4
    Block Time: "Sun, 4 Oct 2026 14:14:20 +0000"

eth_getBlockByNumber
eth_getBlockByNumber
eth_getLogs
eth_getBlockByNumber
eth_getBlockByNumber
eth_getBlockByNumber

    Block Number: 351
    Block Hash: 0x388af4a538f3042c61ebeb7727f9c7c091c088e969d3dec8ebabddd0d75a4919
    Block Time: "Sun, 4 Oct 2026 14:14:21 +0000"

eth_getBlockByNumber
eth_getLogs
eth_getBlockByNumber
eth_getBlockByNumber
eth_getBlockByNumber
eth_getBlockByNumber

    Block Number: 352
    Block Hash: 0xbf9170cd88cac790f09912a63a69e5ade745ebe00535c96def77ac3f04f451c8
    Block Time: "Sun, 4 Oct 2026 14:14:21 +0000"

eth_getBlockByNumber
eth_getBlockByNumber
eth_getLogs
eth_getBlockByNumber
eth_getBlockByNumber
eth_getBlockByNumber

    Block Number: 353
    Block Hash: 0xc7cf434a76d9b88df42f6266beea414ca1a40b69def5130f6b3cc12f1573f1bb
    Block Time: "Sun, 4 Oct 2026 14:14:21 +0000"

eth_getBlockByNumber
eth_getLogs
eth_getBlockByNumber
eth_getBlockByNumber
eth_getBlockByNumber
eth_getBlockByNumber

    Block Number: 354
    Block Hash: 0x1b7afa47916f39164862b0e0fbb1cbaa7499415e13d2cf3a2a97e440926f83bb
    Block Time: "Sun, 4 Oct 2026 14:14:21 +0000"

eth_getBlockByNumber
eth_getBlockByNumber
eth_getLogs
eth_getBlockByNumber
eth_getBlockByNumber
eth_getBlockByNumber

    Block Number: 355
    Block Hash: 0x54555dc64730850b062ab9e337ce1897b242526fb853401006762d2f8bc47055
    Block Time: "Sun, 4 Oct 2026 14:14:22 +0000"

eth_getBlockByNumber
eth_getLogs
eth_getBlockByNumber
eth_getBlockByNumber
eth_getBlockByNumber
eth_getBlockByNumber

    Block Number: 356
    Block Hash: 0xc8ea59818a34c64242abdd377e887f7105f42dbfa23d27a2592755434fe359fd
    Block Time: "Sun, 4 Oct 2026 14:14:22 +0000"

eth_getBlockByNumber
eth_getBlockByNumber
eth_getLogs
eth_call
eth_feeHistory
eth_simulateV1
eth_sendRawTransaction
eth_getBlockByNumber
eth_getTransactionReceipt

    Transaction: 0x3e2b5e460009ddf05cc9efdb4e7806666e5eacb51583e6dbdf33a90f8e44b343
    Gas used: 141886

    Block Number: 357
    Block Hash: 0xcfde89f74fad6d128e18968aeee783f862b487ca003b4ac1afb602cccbd65aa5
    Block Time: "Sun, 4 Oct 2026 14:14:22 +0000"

eth_getBlockByNumber
eth_getLogs
eth_getTransactionByHash
eth_getBlockByNumber
eth_getTransactionReceipt
eth_blockNumber
eth_getTransactionReceipt

    Block Number: 358
    Block Hash: 0xe6978aaed2d612806cea5b33d3191d35ff05f95e5e95a336d40278321a64de8a
    Block Time: "Sun, 4 Oct 2026 14:14:22 +0000"

eth_getBlockByNumber
eth_getLogs
eth_getBlockByNumber
eth_getTransactionByHash
eth_blockNumber
eth_getTransactionReceipt
eth_getBlockByNumber
eth_getBlockByNumber
eth_blockNumber
eth_getTransactionReceipt
eth_getBlockByNumber

    Block Number: 359
    Block Hash: 0x40ff5566ceb18131f0c67e424cd364ef121c45faa254e5b0d514f99ef161cf9e
    Block Time: "Sun, 4 Oct 2026 14:14:22 +0000"

eth_getBlockByNumber
eth_blockNumber
eth_getTransactionReceipt
eth_getBlockByNumber
eth_getLogs
eth_getBlockByNumber
eth_getBlockByNumber
eth_getBlockByNumber

    Block Number: 360
    Block Hash: 0x017ab758a9ae6f3c61f2c659c11f19be79a86885a3b3e43086fc0d759d0fbfb7
    Block Time: "Sun, 4 Oct 2026 14:14:23 +0000"

eth_getBlockByNumber
eth_getLogs
eth_getBlockByNumber
eth_getBlockByNumber
eth_getBlockByNumber
eth_getBlockByNumber

    Block Number: 361
    Block Hash: 0x2e86614146e5302279182154a130ab374197264c507380987dd3e2a44c2057fe
    Block Time: "Sun, 4 Oct 2026 14:14:23 +0000"

eth_feeHistory
eth_simulateV1
eth_sendRawTransaction
eth_getTransactionReceipt

    Transaction: 0xb7abba31461e9f84244250cc08d1b19d6dea175871fe9f7c4b8284c0301ab599
    Gas used: 96809

    Block Number: 362
    Block Hash: 0xef0f6606dc745036b82fc584b59fc6faa3ad547ee3d1f3eeaed9d6345493c3b7
    Block Time: "Sun, 4 Oct 2026 14:14:23 +0000"

eth_getBlockByNumber
eth_getBlockByNumber
eth_getBlockByNumber
eth_getLogs
eth_getLogs
eth_getTransactionReceipt
eth_blockNumber
eth_getTransactionReceipt
eth_getBlockByNumber
eth_getBlockByNumber
eth_blockNumber
eth_getTransactionReceipt
eth_getBlockByNumber

    Block Number: 363
    Block Hash: 0x84b3df797c62c383412c34019f1afe2daaee25f0cdbf0510007bbd1f8c4308db
    Block Time: "Sun, 4 Oct 2026 14:14:23 +0000"

eth_getBlockByNumber
eth_getLogs
eth_blockNumber
eth_getTransactionReceipt
eth_getBlockByNumber
eth_getBlockByNumber
eth_blockNumber
eth_getTransactionReceipt
eth_getBlockByNumber
eth_getBlockByNumber

    Block Number: 364
    Block Hash: 0xe7f711643e185529fdedefad9b6a19b044addd17ffdabde48bdcaa5c860233c9
    Block Time: "Sun, 4 Oct 2026 14:14:23 +0000"

eth_blockNumber
eth_getTransactionReceipt
eth_feeHistory
eth_simulateV1
eth_sendRawTransaction
eth_getTransactionReceipt

    Transaction: 0x1a26f173b79f887316b4bbfe18789c7f2efa3534ad3831bf5b63c0c730712c6d
    Gas used: 171368

    Block Number: 365
    Block Hash: 0x617c9c83b1c0ec9c3c9fb594f721d4c0fb822c416336a9c6578c0f53cb45f6aa
    Block Time: "Sun, 4 Oct 2026 14:14:23 +0000"

eth_getBlockByNumber
eth_getBlockByNumber
eth_getBlockByNumber
eth_getLogs
eth_getLogs
eth_getTransactionReceipt
eth_blockNumber
eth_getTransactionReceipt
eth_getBlockByNumber
eth_getBlockByNumber
eth_blockNumber
eth_getTransactionReceipt
eth_getBlockByNumber

    Block Number: 366
    Block Hash: 0x4e0a5234bf8746e8ab993a3c0d0086ec5155ccc57674144ee07ede4c8754b6c7
    Block Time: "Sun, 4 Oct 2026 14:14:24 +0000"

eth_getBlockByNumber
eth_getLogs
eth_blockNumber
eth_getTransactionReceipt
eth_getBlockByNumber
eth_getBlockByNumber
eth_blockNumber
eth_getTransactionReceipt
eth_getBlockByNumber
eth_getBlockByNumber

    Block Number: 367
    Block Hash: 0x84dda2200df0a9d8d05a3c514d86435ace451a2e52e3eae1aa281715e9217c2c
    Block Time: "Sun, 4 Oct 2026 14:14:24 +0000"

eth_getBlockByNumber
eth_blockNumber
eth_getTransactionReceipt
eth_getBlockByNumber
eth_getLogs
eth_getBlockByNumber
eth_getBlockByNumber
eth_getBlockByNumber

    Block Number: 368
    Block Hash: 0xa1f0141336f21caa99f7ef8f0760084433bea2bf17fc84406c57eb67132eee3c
    Block Time: "Sun, 4 Oct 2026 14:14:24 +0000"

eth_getBlockByNumber
eth_getLogs
eth_getBlockByNumber
eth_getBlockByNumber
eth_getBlockByNumber
eth_getBlockByNumber

    Block Number: 369
    Block Hash: 0x980dd1d84bcc840f3b328e2cd3f9968b59652c4bbbbfe329dd2f0ccc40d4a9d6
    Block Time: "Sun, 4 Oct 2026 14:14:24 +0000"

eth_getBlockByNumber
eth_getBlockByNumber
eth_getLogs
eth_getBlockByNumber
eth_getBlockByNumber
eth_getBlockByNumber

    Block Number: 370
    Block Hash: 0xc2213893b3429aa4e3b42fed69af5b1d6141bb6332a21be041314de657fabbd2
    Block Time: "Sun, 4 Oct 2026 14:14:25 +0000"

eth_getBlockByNumber
eth_getLogs
eth_getBlockByNumber
eth_getBlockByNumber
eth_getBlockByNumber
eth_getBlockByNumber

    Block Number: 371
    Block Hash: 0xe106f58963ecb2f3c583ff758a3964357e8f1d0e8900ea398819b02b073f5e87
    Block Time: "Sun, 4 Oct 2026 14:14:25 +0000"

eth_getBlockByNumber
eth_getBlockByNumber
eth_getLogs
eth_getBlockByNumber
eth_getBlockByNumber
eth_getBlockByNumber

    Block Number: 372
    Block Hash: 0x9959e813c5851b2a3d5a0cc99ffe7ec9797cf95352f00b203d66361e0e2bcd89
    Block Time: "Sun, 4 Oct 2026 14:14:25 +0000"

eth_getBlockByNumber
eth_getLogs
eth_getBlockByNumber
eth_getBlockByNumber
eth_getBlockByNumber
eth_getBlockByNumber

    Block Number: 373
    Block Hash: 0xbbd7e01f48d488964eb379c2951eff2575ea12363216d2ec3c6ff2a320431e9b
    Block Time: "Sun, 4 Oct 2026 14:14:25 +0000"

eth_getBlockByNumber
eth_getBlockByNumber
eth_getLogs
eth_getBlockByNumber
eth_getBlockByNumber
eth_getBlockByNumber

    Block Number: 374
    Block Hash: 0xdd2f5efb82a69bf5a39232bb1639e38f51f8ad1a4ba0f597153be3e68a2244c1
    Block Time: "Sun, 4 Oct 2026 14:14:26 +0000"

eth_getBlockByNumber
eth_getLogs
eth_getBlockByNumber
eth_getBlockByNumber
eth_blockNumber
eth_feeHistory
eth_getBlockByNumber
eth_getBlockByNumber

    Block Number: 375
    Block Hash: 0x447f398e2d464b33b696e7bf70233495c4a0c1965f017dcf9a002a4a9ca4398f
    Block Time: "Sun, 4 Oct 2026 14:14:26 +0000"

eth_getBlockByNumber
eth_getBlockByNumber
eth_getLogs
eth_getBlockByNumber
eth_call
eth_feeHistory
eth_simulateV1
eth_sendRawTransaction
eth_getTransactionReceipt

    Transaction: 0x328f065d510000b497d7748fe6b6701b5198a9cc2c855517a74155a2743fc96b
    Gas used: 141874

    Block Number: 376
    Block Hash: 0x503dedfbedf1b5a2e72048fcaaa0a94d4321047be8d1d0b0f9cfefc9c32b6063
    Block Time: "Sun, 4 Oct 2026 14:14:26 +0000"

eth_getBlockByNumber
eth_getLogs
eth_getTransactionByHash
eth_getBlockByNumber

    Block Number: 377
    Block Hash: 0x12c0779be2396745a7276db80123372e15c9e0ff74d838667b445307ad638051
    Block Time: "Sun, 4 Oct 2026 14:14:26 +0000"

eth_getTransactionReceipt
eth_blockNumber
eth_getTransactionReceipt
eth_getBlockByNumber
eth_getLogs
eth_getBlockByNumber
eth_getTransactionByHash
eth_blockNumber
eth_getTransactionReceipt
eth_getBlockByNumber
eth_getBlockByNumber
eth_blockNumber
eth_getTransactionReceipt
eth_getBlockByNumber

    Block Number: 378
    Block Hash: 0x3c60085ce6af3bb264c845e56694a5cceb9438dee06aa29bbaeea6bcf8d51af7
    Block Time: "Sun, 4 Oct 2026 14:14:26 +0000"

eth_getBlockByNumber
eth_blockNumber
eth_getTransactionReceipt
eth_getBlockByNumber
eth_getLogs
eth_getBlockByNumber
eth_getBlockByNumber
eth_getBlockByNumber

    Block Number: 379
    Block Hash: 0xf46372285c34304db9d004f927a0ae97047af96fb290a4a73e3eefb1589d9501
    Block Time: "Sun, 4 Oct 2026 14:14:27 +0000"

eth_getBlockByNumber
eth_getLogs
eth_getBlockByNumber
eth_getBlockByNumber
eth_getBlockByNumber
eth_getBlockByNumber

    Block Number: 380
    Block Hash: 0x3c21097addc0c593fcb4e033395dadffef54034fa4b357ad831264f1dd3b3faa
    Block Time: "Sun, 4 Oct 2026 14:14:27 +0000"

eth_feeHistory
eth_simulateV1
eth_sendRawTransaction
eth_getTransactionReceipt

    Transaction: 0x31870b737bb06277abfbd6a0099c5b556b5099a4f0744d1f0876a29561891a2d
    Gas used: 96797

    Block Number: 381
    Block Hash: 0xbd38dbec91ee0ae4c84e78dedcab25f67c86ff89e0a6b6516058a18b8326d035
    Block Time: "Sun, 4 Oct 2026 14:14:27 +0000"

eth_getBlockByNumber
eth_getBlockByNumber
eth_getBlockByNumber
eth_getLogs
eth_getLogs
eth_getTransactionReceipt
eth_blockNumber
eth_getTransactionReceipt
eth_getBlockByNumber
eth_getBlockByNumber
eth_blockNumber
eth_getTransactionReceipt
eth_getBlockByNumber

    Block Number: 382
    Block Hash: 0xbad7852fe8f1ef554d67178e756b12559aad46cdf05866d176857c73020b06a9
    Block Time: "Sun, 4 Oct 2026 14:14:27 +0000"

eth_getBlockByNumber
eth_getLogs
eth_blockNumber
eth_getTransactionReceipt
eth_getBlockByNumber
eth_getBlockByNumber
eth_blockNumber
eth_getTransactionReceipt
eth_getBlockByNumber
eth_getBlockByNumber

    Block Number: 383
    Block Hash: 0x2f4cb25dfa3a6c72460708616ff01036293d8e8d9214f83a347c377915317e9b
    Block Time: "Sun, 4 Oct 2026 14:14:27 +0000"

eth_blockNumber
eth_getTransactionReceipt
eth_feeHistory
eth_simulateV1
eth_sendRawTransaction
eth_getTransactionReceipt

    Transaction: 0x7c3181679674419f2bafa647d14fb86594e40ea0a491d3c15e474f0592b9fde3
    Gas used: 171356

    Block Number: 384
    Block Hash: 0x46dab5d9b46bafd9a9dcb9493a3452d3da664f9e7f1e821a859526b77d86922c
    Block Time: "Sun, 4 Oct 2026 14:14:27 +0000"

eth_getBlockByNumber
eth_getBlockByNumber
eth_getBlockByNumber
eth_getLogs
eth_getLogs
eth_getTransactionReceipt
eth_blockNumber
eth_getTransactionReceipt
eth_getBlockByNumber
eth_getBlockByNumber
eth_blockNumber
eth_getTransactionReceipt
eth_getBlockByNumber

    Block Number: 385
    Block Hash: 0x4754847a4b94b40af1884df3ea4f252acf8d10fb8e7e179cc9754c2cde7b16b7
    Block Time: "Sun, 4 Oct 2026 14:14:28 +0000"

eth_getBlockByNumber
eth_getLogs
eth_blockNumber
eth_getBlockByNumber
eth_getTransactionReceipt
eth_getBlockByNumber
eth_getBlockByNumber
eth_blockNumber
eth_getTransactionReceipt
eth_getBlockByNumber

    Block Number: 386
    Block Hash: 0xb6f0650d8153d32ce8a167376953bdf1daadbbe0165e365ed122c41c49157468
    Block Time: "Sun, 4 Oct 2026 14:14:28 +0000"

eth_getBlockByNumber
eth_blockNumber
eth_getTransactionReceipt
eth_getBlockByNumber
eth_getLogs
eth_getBlockByNumber
eth_getBlockByNumber
eth_getBlockByNumber

    Block Number: 387
    Block Hash: 0xc08fcc0b2ea54023fd303696320fa60cbb48841566c89c9955665fadfffb1746
    Block Time: "Sun, 4 Oct 2026 14:14:28 +0000"

eth_getBlockByNumber
eth_getLogs
eth_getBlockByNumber
eth_getBlockByNumber
eth_getBlockByNumber
eth_getBlockByNumber

    Block Number: 388
    Block Hash: 0xff73a7db3a6abe8337d5e0038d965189e2f4c57e8867f90f88531444a7242a34
    Block Time: "Sun, 4 Oct 2026 14:14:28 +0000"

eth_getBlockByNumber
eth_getBlockByNumber
eth_getLogs
eth_getBlockByNumber
eth_getBlockByNumber
eth_getBlockByNumber

    Block Number: 389
    Block Hash: 0x52383efe9cafd1efb23c82d17c39168fa6fb5e055355a4f8de90acf6504331e0
    Block Time: "Sun, 4 Oct 2026 14:14:29 +0000"

eth_getBlockByNumber
eth_getLogs
eth_getBlockByNumber
eth_getBlockByNumber
eth_getBlockByNumber
eth_getBlockByNumber

    Block Number: 390
    Block Hash: 0xfa9abefcc4f044ae81c69f75c8e9b42593676627e412c987a7005774b1f7c04f
    Block Time: "Sun, 4 Oct 2026 14:14:29 +0000"

eth_getBlockByNumber
eth_getBlockByNumber
eth_getLogs
eth_getBlockByNumber
eth_getBlockByNumber
eth_getBlockByNumber

    Block Number: 391
    Block Hash: 0xa3a5c756e849937bd3a2a542cc3e90a0bb97f36618ba44edfe333bfbba5699e9
    Block Time: "Sun, 4 Oct 2026 14:14:29 +0000"

eth_getBlockByNumber
eth_getLogs
eth_getBlockByNumber
eth_getBlockByNumber
eth_getBlockByNumber
eth_getBlockByNumber

    Block Number: 392
    Block Hash: 0xff95bed1bbaa642403eeba989d42f21f8028d991ef1ee4f587a927505408efb8
    Block Time: "Sun, 4 Oct 2026 14:14:29 +0000"

eth_getBlockByNumber
eth_getBlockByNumber
eth_getLogs
eth_getBlockByNumber
eth_getBlockByNumber
eth_getBlockByNumber

    Block Number: 393
    Block Hash: 0x2875c32d70726c744d9df2768c8afebf59d4e55e04b1c3fe8f525c9f889f2817
    Block Time: "Sun, 4 Oct 2026 14:14:30 +0000"

eth_getBlockByNumber
eth_getLogs
eth_getBlockByNumber
eth_getBlockByNumber
eth_getBlockByNumber
eth_getBlockByNumber

    Block Number: 394
    Block Hash: 0xc9ac49cd30fe77e852570cdf118721af08b40f3d3e775bd5261b1a0f7b65c5bd
    Block Time: "Sun, 4 Oct 2026 14:14:30 +0000"

eth_getBlockByNumber
eth_getBlockByNumber
eth_getLogs
eth_getBlockByNumber
eth_getBlockByNumber
eth_getBlockByNumber

    Block Number: 395
    Block Hash: 0xaefe7ca76df083c3372c63c717c668889a31df48f002d7d29b4edd1ad9025012
    Block Time: "Sun, 4 Oct 2026 14:14:30 +0000"

eth_getBlockByNumber
eth_getLogs
eth_getBlockByNumber
eth_getBlockByNumber
eth_getBlockByNumber
eth_getBlockByNumber

    Block Number: 396
    Block Hash: 0x5121a603628ffc836b1f6d3880f9b1f7af1bc79e22ed171004e067d2b192ade2
    Block Time: "Sun, 4 Oct 2026 14:14:30 +0000"

eth_getBlockByNumber
eth_getTransactionByHash
eth_getBlockByNumber
eth_getLogs
eth_getBlockByNumber
eth_getBlockByNumber
eth_getBlockByNumber

    Block Number: 397
    Block Hash: 0x24aa152ed8f7969021567ca280856155871a23f2e56b68a46b02328c350473a8
    Block Time: "Sun, 4 Oct 2026 14:14:31 +0000"

eth_getBlockByNumber
eth_getLogs
eth_getBlockByNumber
eth_getBlockByNumber
eth_getBlockByNumber
eth_getBlockByNumber

    Block Number: 398
    Block Hash: 0x7c85beae66caebbb6d42ea4929edbf86a4c3b694a18414b5260a29328c8c1cf4
    Block Time: "Sun, 4 Oct 2026 14:14:31 +0000"

eth_getBlockByNumber
eth_getBlockByNumber
eth_getLogs
eth_getBlockByNumber
eth_call
eth_feeHistory
eth_simulateV1
eth_sendRawTransaction
eth_getTransactionReceipt

    Transaction: 0xc7c5781331fa95a29a3e89b1a4cf6cf3cf4807868f383c4fbaf959c8d3de8510
    Gas used: 141850

    Block Number: 399
    Block Hash: 0xb02c7e728f03b9869afe6248831b4fcadadbad0c5410b6e380147fc63c56dd01
    Block Time: "Sun, 4 Oct 2026 14:14:31 +0000"

eth_getBlockByNumber
eth_getLogs
eth_getTransactionByHash
eth_getBlockByNumber

    Block Number: 400
    Block Hash: 0x254499a69083af04342c2fdd91382e4d5a0ae1d316c81c122f062d0e90972ff9
    Block Time: "Sun, 4 Oct 2026 14:14:31 +0000"

eth_getTransactionReceipt
eth_blockNumber
eth_getTransactionReceipt
eth_getBlockByNumber
eth_getLogs
eth_getBlockByNumber
eth_blockNumber
eth_getTransactionReceipt
eth_getBlockByNumber
eth_getBlockByNumber
eth_blockNumber
eth_getTransactionReceipt
eth_getBlockByNumber

    Block Number: 401
    Block Hash: 0x793f4e152afe80f2c9b96ab352bcc99721a1e43bb68461fcc646bc5570f3fd94
    Block Time: "Sun, 4 Oct 2026 14:14:31 +0000"

eth_getBlockByNumber
eth_blockNumber
eth_getTransactionReceipt
eth_getBlockByNumber
eth_getLogs
eth_getBlockByNumber
eth_getBlockByNumber
eth_getBlockByNumber

    Block Number: 402
    Block Hash: 0xe3972626f97f84121c8ac773e5de1efbc494e42b555fa401a624cb4cbdb2b37f
    Block Time: "Sun, 4 Oct 2026 14:14:32 +0000"

eth_getBlockByNumber
eth_getLogs
eth_getBlockByNumber
eth_getBlockByNumber
eth_getBlockByNumber
eth_getBlockByNumber
eth_feeHistory

    Block Number: 403
    Block Hash: 0xa682ded4774ef8f72e8d1830f23f478241b645990c0c0707f92e467e053b2154
    Block Time: "Sun, 4 Oct 2026 14:14:32 +0000"

eth_simulateV1
eth_sendRawTransaction
eth_getBlockByNumber

    Transaction: 0xf90510f3e1cdfe3e5c33ee2857453778f40a1d5a86ae6dcf1a7463f2e43fed79
    Gas used: 96773

    Block Number: 404
    Block Hash: 0xa6dfad08c09c3e478b059d5686616f7d68f3ce964b657e51b61580d8110c8ea6
    Block Time: "Sun, 4 Oct 2026 14:14:32 +0000"

eth_getTransactionReceipt
eth_blockNumber
eth_getTransactionReceipt
eth_getBlockByNumber
eth_getBlockByNumber
eth_getLogs
eth_getLogs
eth_getBlockByNumber
eth_blockNumber
eth_getTransactionReceipt
eth_getBlockByNumber
eth_getBlockByNumber
eth_blockNumber
eth_getTransactionReceipt

    Block Number: 405
    Block Hash: 0x1a248e9d1f0d01ef56dd948c84d5bcf9b3f5bbac5bbb95623d7e467d78bbaaaa
    Block Time: "Sun, 4 Oct 2026 14:14:32 +0000"

eth_getBlockByNumber
eth_getLogs
eth_getBlockByNumber
eth_blockNumber
eth_getTransactionReceipt
eth_getBlockByNumber
eth_getBlockByNumber
eth_blockNumber
eth_getTransactionReceipt
eth_getBlockByNumber

    Block Number: 406
    Block Hash: 0x624ee2105bc6beab170bc8bb50c8ecbd2ae9b0501f6ed6d8887a7991e22c45c4
    Block Time: "Sun, 4 Oct 2026 14:14:32 +0000"

eth_getBlockByNumber
eth_blockNumber
eth_getTransactionReceipt
eth_feeHistory
eth_simulateV1
eth_sendRawTransaction
eth_getTransactionReceipt

    Transaction: 0x875a5039063bc26e835f7397ceebf18167ddae39b5ca4e80e0fd6c7f7c521e2d
    Gas used: 171344

    Block Number: 407
    Block Hash: 0xd8729cd1f81d10731ebe8ac4d08611ac0fb632d5ec4e81992452e75927715f08
    Block Time: "Sun, 4 Oct 2026 14:14:32 +0000"

eth_getBlockByNumber
eth_getBlockByNumber
eth_getLogs
eth_getLogs
eth_getBlockByNumber
eth_getTransactionReceipt
eth_blockNumber
eth_getTransactionReceipt
eth_getBlockByNumber
eth_getBlockByNumber
eth_blockNumber
eth_getTransactionReceipt

    Block Number: 408
    Block Hash: 0xcfbe7ed99c4eea7cabeafcdfc1e536a79fa29f8f022645bdcc3b5a76b0c43d37
    Block Time: "Sun, 4 Oct 2026 14:14:33 +0000"

eth_getBlockByNumber
eth_getLogs
eth_getBlockByNumber
eth_blockNumber
eth_getTransactionReceipt
eth_getBlockByNumber
eth_getBlockByNumber
eth_blockNumber
eth_getTransactionReceipt
eth_getBlockByNumber

    Block Number: 409
    Block Hash: 0x64f0f433477b47a39f63251f6b5bc84d51f1ee6d8f029e0631958a522bff69dd
    Block Time: "Sun, 4 Oct 2026 14:14:33 +0000"

eth_getBlockByNumber
eth_blockNumber
eth_getTransactionReceipt
eth_getBlockByNumber
eth_getLogs
eth_getBlockByNumber
eth_getBlockByNumber
eth_getBlockByNumber

    Block Number: 410
    Block Hash: 0x0efc37da0fbab3ec4aeb5218d75160755addd87df8098011136cc6331f9d5c88
    Block Time: "Sun, 4 Oct 2026 14:14:33 +0000"

eth_getBlockByNumber
eth_getLogs
eth_getBlockByNumber
eth_getBlockByNumber
eth_getBlockByNumber
eth_getBlockByNumber

    Block Number: 411
    Block Hash: 0x3b13a948914dc1a7ec1319ed4c0f02dfa31e536658dfdbf7f917efa7e0c9752c
    Block Time: "Sun, 4 Oct 2026 14:14:33 +0000"

eth_getBlockByNumber
eth_getBlockByNumber
eth_getLogs
eth_getBlockByNumber
eth_getBlockByNumber
eth_getBlockByNumber

    Block Number: 412
    Block Hash: 0x4df56b602a7295cb5df60e477902ba44e645b32361aadb78181b8f745df94a4c
    Block Time: "Sun, 4 Oct 2026 14:14:34 +0000"

eth_getBlockByNumber
eth_getLogs
eth_getBlockByNumber
eth_getBlockByNumber
eth_getBlockByNumber
eth_getBalance
eth_getBalance
eth_getTransactionCount
eth_feeHistory
eth_feeHistory
eth_getTransactionCount
eth_feeHistory
eth_feeHistory
eth_feeHistory
eth_feeHistory
eth_feeHistory
eth_feeHistory
eth_feeHistory
eth_feeHistory
eth_feeHistory
eth_feeHistory
eth_feeHistory
eth_feeHistory
eth_feeHistory
eth_feeHistory
eth_feeHistory
eth_feeHistory
eth_getBalance
eth_getTransactionCount
eth_feeHistory
eth_feeHistory
eth_feeHistory
eth_feeHistory
eth_feeHistory
eth_feeHistory
eth_feeHistory
eth_feeHistory
eth_feeHistory
eth_getBlockByNumber

    Block Number: 413
    Block Hash: 0xecf3c6e8f61f6e964be610966c396de83bae29087aab059d23fbbec9df46e12c
    Block Time: "Sun, 4 Oct 2026 14:14:34 +0000"

eth_getBlockByNumber
eth_getBlockByNumber
eth_getLogs
eth_getBlockByNumber
eth_getBlockByNumber
eth_getBlockByNumber

    Block Number: 414
    Block Hash: 0x0f08788d57534251681e87f5b0e20a7909817f78c1b2521e642aec36366e4513
    Block Time: "Sun, 4 Oct 2026 14:14:34 +0000"

eth_getBlockByNumber
eth_getLogs
eth_getBlockByNumber
eth_getBlockByNumber
eth_getBlockByNumber
eth_getBlockByNumber

    Block Number: 415
    Block Hash: 0x4b894765fee47de2f7160e82571e668abf46ec422af59d629b27f30a8c5d2484
    Block Time: "Sun, 4 Oct 2026 14:14:34 +0000"

eth_getBlockByNumber
eth_getBlockByNumber
eth_getLogs
eth_getBlockByNumber
eth_getBlockByNumber
eth_getBlockByNumber

    Block Number: 416
    Block Hash: 0x53750fcae227497573e28cb2e0962fcd74328281c993ef5f2a18e9c9c8f326e5
    Block Time: "Sun, 4 Oct 2026 14:14:35 +0000"

eth_getBlockByNumber
eth_getLogs
eth_getBlockByNumber
eth_getBlockByNumber
eth_getBlockByNumber
eth_getBlockByNumber

    Block Number: 417
    Block Hash: 0xfb77c99092ba5587b6be8b9b468529dcb582fba7b2530e64ccace83c1dacbcdb
    Block Time: "Sun, 4 Oct 2026 14:14:35 +0000"

eth_getBlockByNumber
eth_getBlockByNumber
eth_getLogs
eth_getBlockByNumber
eth_call
eth_feeHistory
eth_simulateV1
eth_sendRawTransaction
eth_getTransactionReceipt

    Transaction: 0xec159a98e73b7e35cc2d2394e4b18cbeb059298112724f9998b8140ad8ee56ae
    Gas used: 141862

    Block Number: 418
    Block Hash: 0xf5ff7e5a7b6458afdbf61b4a79774d19df039483451135f5e8e943f91cd11d0a
    Block Time: "Sun, 4 Oct 2026 14:14:35 +0000"

eth_getBlockByNumber
eth_getLogs
eth_getTransactionByHash
eth_getBlockByNumber
eth_getTransactionReceipt
eth_blockNumber
eth_getTransactionReceipt

    Block Number: 419
    Block Hash: 0x4780ac4d467958a1f1806f43200a04568dc2156129310e6d8af5399a234eba36
    Block Time: "Sun, 4 Oct 2026 14:14:35 +0000"

eth_getBlockByNumber
eth_getLogs
eth_getBlockByNumber
eth_getTransactionByHash
eth_blockNumber
eth_getTransactionReceipt
eth_getBlockByNumber
eth_getBlockByNumber
eth_blockNumber
eth_getTransactionReceipt
eth_getBlockByNumber

    Block Number: 420
    Block Hash: 0xf27bce67aa777116cd508e98e473fa7807b7c52af2f7e63ab235cfca3a77a42d
    Block Time: "Sun, 4 Oct 2026 14:14:35 +0000"

eth_getBlockByNumber
eth_blockNumber
eth_getTransactionReceipt
eth_getBlockByNumber
eth_getLogs
eth_getBlockByNumber
eth_getBlockByNumber
eth_getBlockByNumber

    Block Number: 421
    Block Hash: 0xc0b128ba777a32128d458a1748ee4d26db52d7acb9d37e6a6e06da433573dd7f
    Block Time: "Sun, 4 Oct 2026 14:14:36 +0000"

eth_getBlockByNumber
eth_getLogs
eth_getBlockByNumber
eth_getBlockByNumber
eth_getBlockByNumber
eth_getBlockByNumber

    Block Number: 422
    Block Hash: 0xa1d648987d098a2fc81964f50a0e29b714efd470c298c1dcd5775d29249b08ae
    Block Time: "Sun, 4 Oct 2026 14:14:36 +0000"

eth_feeHistory
eth_simulateV1
eth_getBlockByNumber
eth_sendRawTransaction
eth_getTransactionReceipt

    Transaction: 0x510df5938ab655fa0bb4fddbbd48d7c197b168bf39b1ec2bc075477eb198f016
    Gas used: 96785

    Block Number: 423
    Block Hash: 0xb4dc6fe1d42ba602085d684542a08848430ed9016414b1b281c639b6871cf746
    Block Time: "Sun, 4 Oct 2026 14:14:36 +0000"

eth_getBlockByNumber
eth_getBlockByNumber
eth_getLogs
eth_getLogs
eth_getBlockByNumber
eth_getTransactionReceipt
eth_blockNumber
eth_getTransactionReceipt
eth_getBlockByNumber
eth_getBlockByNumber
eth_blockNumber
eth_getTransactionReceipt

    Block Number: 424
    Block Hash: 0x5c5369cdd3aef11a8c63da2bf6cced044c24d840e8a7bc8dd188040073034bf3
    Block Time: "Sun, 4 Oct 2026 14:14:36 +0000"

eth_getBlockByNumber
eth_getLogs
eth_getBlockByNumber
eth_blockNumber
eth_getTransactionReceipt
eth_getBlockByNumber
eth_getBlockByNumber
eth_blockNumber
eth_getTransactionReceipt
eth_getBlockByNumber

    Block Number: 425
    Block Hash: 0xdaa8a81fce08eafabcda0be4dc8233ef4a97768be83f48bf9c2d89ed006d62ec
    Block Time: "Sun, 4 Oct 2026 14:14:36 +0000"

eth_getBlockByNumber
eth_blockNumber
eth_getTransactionReceipt
eth_feeHistory
eth_simulateV1
eth_sendRawTransaction
eth_getTransactionReceipt

    Transaction: 0x49332b77d7be57a670ddb7c006dad6d5bc0852bc46311ec19f47d4520f23ae86
    Gas used: 171368

    Block Number: 426
    Block Hash: 0x2c42c5f6c59006ee4dd607411b23d55f0dd7d8366bfe80cbbfcadc45ad4315dd
    Block Time: "Sun, 4 Oct 2026 14:14:36 +0000"

eth_getBlockByNumber
eth_getBlockByNumber
eth_getLogs
eth_getLogs
eth_getBlockByNumber
eth_getTransactionReceipt
eth_blockNumber
eth_getTransactionReceipt
eth_getBlockByNumber
eth_getBlockByNumber
eth_blockNumber
eth_getTransactionReceipt

    Block Number: 427
    Block Hash: 0x1116736e560a47515f09a83bd5402c8ae40435b4d44b8d3a1302f3486b681d50
    Block Time: "Sun, 4 Oct 2026 14:14:37 +0000"

eth_getBlockByNumber
eth_getLogs
eth_getBlockByNumber
eth_blockNumber
eth_getTransactionReceipt
eth_getBlockByNumber
eth_getBlockByNumber
eth_blockNumber
eth_getTransactionReceipt
eth_getBlockByNumber

    Block Number: 428
    Block Hash: 0x918320072727e3fbc312693ef723a4664ab37788be396df88ac04bd893510d4c
    Block Time: "Sun, 4 Oct 2026 14:14:37 +0000"

eth_getBlockByNumber
eth_blockNumber
eth_getTransactionReceipt
eth_getBlockByNumber
eth_getLogs
eth_getBlockByNumber
eth_getBlockByNumber
eth_getBlockByNumber

    Block Number: 429
    Block Hash: 0x2519d41c0381f90b64abbf407f9c3c98a31f8210cba0c7140c24fa1e54e2c1f2
    Block Time: "Sun, 4 Oct 2026 14:14:37 +0000"

eth_getBlockByNumber
eth_getLogs
eth_getBlockByNumber
eth_getBlockByNumber
eth_getBlockByNumber
eth_getBlockByNumber

    Block Number: 430
    Block Hash: 0x3f8b8bbaa898c18da79d9008b30dbacfafcf9eec22b6218a6812a0d1adfe02ae
    Block Time: "Sun, 4 Oct 2026 14:14:37 +0000"

eth_getBlockByNumber
eth_getBlockByNumber
eth_getLogs
eth_getBlockByNumber
eth_getBlockByNumber
eth_getBlockByNumber

    Block Number: 431
    Block Hash: 0x6b8e1e10de63f042f3dc480ba6b2f4bcffa2f9705ff7be44bff8978d93327fe1
    Block Time: "Sun, 4 Oct 2026 14:14:38 +0000"

eth_getBlockByNumber
eth_getLogs
eth_getBlockByNumber
eth_getBlockByNumber
eth_getBlockByNumber
eth_getBlockByNumber

    Block Number: 432
    Block Hash: 0x22476fc9d06e662c56e36017c787f839ecc3de0bc50128b7a17edf94961da65a
    Block Time: "Sun, 4 Oct 2026 14:14:38 +0000"

eth_getBlockByNumber
eth_getBlockByNumber
eth_getLogs
eth_getBlockByNumber
eth_getBlockByNumber
eth_getBlockByNumber

    Block Number: 433
    Block Hash: 0x71a71fabcdd3cde2a19e8d3937e20867c05e50bad21b0034b939398095ac99a3
    Block Time: "Sun, 4 Oct 2026 14:14:38 +0000"

eth_getBlockByNumber
eth_getLogs
eth_getBlockByNumber
eth_getBlockByNumber
eth_getBlockByNumber
eth_getBlockByNumber

    Block Number: 434
    Block Hash: 0x15a9c50aac9c0bf06057bdab3e1fbe0c2e545808fa94b47f519d2a28b9b71d5b
    Block Time: "Sun, 4 Oct 2026 14:14:38 +0000"

eth_getBlockByNumber
eth_getBlockByNumber
eth_getLogs
eth_getBlockByNumber
eth_getBlockByNumber
eth_getBlockByNumber

    Block Number: 435
    Block Hash: 0xac609c48da82c60e474e2d34118bf8f38d8127237c7e80cac070af93840f4238
    Block Time: "Sun, 4 Oct 2026 14:14:39 +0000"

eth_getBlockByNumber
eth_getLogs
eth_getBlockByNumber
eth_getBlockByNumber
eth_blockNumber
eth_getBlockByNumber
eth_feeHistory
eth_getBlockByNumber

    Block Number: 436
    Block Hash: 0xd43d30a2f25e403a596bc5972b1ab2987bebe8450aad8af81402f60a3e0edfc4
    Block Time: "Sun, 4 Oct 2026 14:14:39 +0000"

eth_getBlockByNumber
eth_getBlockByNumber
eth_getLogs
eth_getBlockByNumber
eth_call
eth_feeHistory
eth_simulateV1
eth_sendRawTransaction
eth_getTransactionReceipt

    Transaction: 0xcc5c91e1298004f227a214b353413af09578f0ef331c27cabcfc30a25924e539
    Gas used: 158986

    Block Number: 437
    Block Hash: 0xfadc7c7f209b8736b7ef53ff63b4e5ee40022f95e452bda7a178ae54c4c197db
    Block Time: "Sun, 4 Oct 2026 14:14:39 +0000"

eth_getBlockByNumber
eth_getLogs
eth_getTransactionByHash
eth_getBlockByNumber

    Block Number: 438
    Block Hash: 0xa6dcb316cf6160b1ed4f2906873448d739374b12c1d0b49c4d4e1f9792c1555d
    Block Time: "Sun, 4 Oct 2026 14:14:39 +0000"

eth_getTransactionReceipt
eth_blockNumber
eth_getTransactionReceipt
eth_getBlockByNumber
eth_getLogs
eth_getBlockByNumber
eth_getTransactionByHash
eth_blockNumber
eth_getTransactionReceipt
eth_getBlockByNumber
eth_getBlockByNumber
eth_blockNumber
eth_getTransactionReceipt
eth_getBlockByNumber

    Block Number: 439
    Block Hash: 0xe98a18f8582df1b3197a443f1c7082a68896d35bd4d6285f5af86d47e0d273cf
    Block Time: "Sun, 4 Oct 2026 14:14:39 +0000"

eth_getBlockByNumber
eth_getBlockByNumber
eth_blockNumber
eth_getTransactionReceipt
eth_getLogs
eth_getBlockByNumber
eth_getBlockByNumber
eth_getBlockByNumber

    Block Number: 440
    Block Hash: 0xcf89254b49bb3232b204feda4cf37f687b3e26557d62bb25e3015e0b4eca2ae3
    Block Time: "Sun, 4 Oct 2026 14:14:40 +0000"

eth_getBlockByNumber
eth_getLogs
eth_getBlockByNumber
eth_getBlockByNumber
eth_getBlockByNumber
eth_getBlockByNumber

    Block Number: 441
    Block Hash: 0x13db4b5a894d04d6fc64085fb53910eb8803ab018445f205dd6d6ed68cfea8f3
    Block Time: "Sun, 4 Oct 2026 14:14:40 +0000"

eth_getBlockByNumber
eth_feeHistory
eth_simulateV1
eth_sendRawTransaction
eth_getTransactionReceipt

    Transaction: 0x59071a0303be8e080b0045b3e390659872e725ab6385dcbc13f537d6dc9164bb
    Gas used: 96785

    Block Number: 442
    Block Hash: 0x3528f0f5bd6b2026e6f498b6f06349c1e821c6a1af5a70fe9ce8c5c532535042
    Block Time: "Sun, 4 Oct 2026 14:14:40 +0000"

eth_getBlockByNumber
eth_getBlockByNumber
eth_getLogs
eth_getLogs
eth_getBlockByNumber
eth_getTransactionReceipt
eth_blockNumber
eth_getTransactionReceipt
eth_getBlockByNumber
eth_getBlockByNumber
eth_blockNumber
eth_getTransactionReceipt

    Block Number: 443
    Block Hash: 0x0a5284e5fbf88515fbd1ac13513592495ef54575425145520d593a034b27ab76
    Block Time: "Sun, 4 Oct 2026 14:14:40 +0000"

eth_getBlockByNumber
eth_getLogs
eth_getBlockByNumber
eth_blockNumber
eth_getTransactionReceipt
eth_getBlockByNumber
eth_getBlockByNumber
eth_blockNumber
eth_getTransactionReceipt
eth_getBlockByNumber

    Block Number: 444
    Block Hash: 0xb19f770f8f09b53b7eeab307be069bd80c21a3ec8d87c6fadc7d55a06ffd3bbd
    Block Time: "Sun, 4 Oct 2026 14:14:40 +0000"

eth_getBlockByNumber
eth_blockNumber
eth_getTransactionReceipt
eth_feeHistory
eth_simulateV1
eth_sendRawTransaction
eth_getTransactionReceipt

    Transaction: 0x57f4ee86aac7c74e1ea00c47ef7fae9bf7bb93a71b0772e208967fa8ea977205
    Gas used: 171356

    Block Number: 445
    Block Hash: 0x2a8e512956114bd749aba87177a1af16dc595a2bac0bf52015db2de41fb232cb
    Block Time: "Sun, 4 Oct 2026 14:14:40 +0000"

eth_getBlockByNumber
eth_getBlockByNumber
eth_getLogs
eth_getLogs
eth_getBlockByNumber
eth_getTransactionReceipt
eth_blockNumber
eth_getTransactionReceipt
eth_getBlockByNumber
eth_getBlockByNumber
eth_blockNumber
eth_getTransactionReceipt

    Block Number: 446
    Block Hash: 0xb64f1fdcfa396af740e091d3b36eee983cab8c5b217c6fda745a3a641d047353
    Block Time: "Sun, 4 Oct 2026 14:14:41 +0000"

eth_getBlockByNumber
eth_getLogs
eth_getBlockByNumber
eth_blockNumber
eth_getTransactionReceipt
eth_getBlockByNumber
eth_getBlockByNumber
eth_blockNumber
eth_getTransactionReceipt
eth_getBlockByNumber

    Block Number: 447
    Block Hash: 0x352285e3d25da01e8e2f8851bb7bfad94e72fd565b70fe16950e17ee70d2a923
    Block Time: "Sun, 4 Oct 2026 14:14:41 +0000"

eth_getBlockByNumber
eth_blockNumber
eth_getTransactionReceipt
eth_getBlockByNumber
eth_getLogs
eth_getBlockByNumber
eth_getBlockByNumber
eth_getBlockByNumber

    Block Number: 448
    Block Hash: 0xf80c59fbe6df5c05aaff697c59d25027b94c4d1bc60663dd55aece31631901ca
    Block Time: "Sun, 4 Oct 2026 14:14:41 +0000"

eth_getBlockByNumber
eth_getLogs
eth_getBlockByNumber
eth_getBlockByNumber
eth_getBlockByNumber
eth_getBlockByNumber

    Block Number: 449
    Block Hash: 0xa4802b0652fcc5e9d242f3fe3394f3e3cb2b0f6f1d5ea3684558d48031f17eea
    Block Time: "Sun, 4 Oct 2026 14:14:41 +0000"

eth_getBlockByNumber
eth_getBlockByNumber
eth_getLogs
eth_getBlockByNumber
eth_getBlockByNumber
eth_getBlockByNumber

    Block Number: 450
    Block Hash: 0xd619a9f4f84be8499e5bb68bc770d86399749f9f32a481b99d34d26c7a92b41b
    Block Time: "Sun, 4 Oct 2026 14:14:42 +0000"

eth_getBlockByNumber
eth_getLogs
eth_getBlockByNumber
eth_getBlockByNumber
eth_getBlockByNumber
eth_getBlockByNumber

    Block Number: 451
    Block Hash: 0x5c88650992e28e2659825338d40f8a9fd34209f8e9b19abc6906728faf645b68
    Block Time: "Sun, 4 Oct 2026 14:14:42 +0000"

eth_getBlockByNumber
eth_getBlockByNumber
eth_getLogs
eth_getBlockByNumber
eth_getBlockByNumber
eth_getBlockByNumber

    Block Number: 452
    Block Hash: 0x1eb1711dff863edef1728d25b4ca6db27b495d945368ec788b4a7b6ebd072ee8
    Block Time: "Sun, 4 Oct 2026 14:14:42 +0000"

eth_getBlockByNumber
eth_getLogs
eth_getBlockByNumber
eth_getBlockByNumber
eth_getBlockByNumber
eth_getBlockByNumber

    Block Number: 453
    Block Hash: 0x65b0987d15ea43b1dbeef0ec3449c1133e1778b8df50cd90893c62e4492347e7
    Block Time: "Sun, 4 Oct 2026 14:14:42 +0000"

eth_getBlockByNumber
eth_getBlockByNumber
eth_getLogs
eth_getBlockByNumber
eth_getBlockByNumber
eth_getBlockByNumber

    Block Number: 454
    Block Hash: 0x0dafe84c72677bbdeccb5778649f94112c97ad23761c94b193e1062a7edcbff8
    Block Time: "Sun, 4 Oct 2026 14:14:43 +0000"

eth_getBlockByNumber
eth_getLogs
eth_getBlockByNumber
eth_getBlockByNumber
eth_getBlockByNumber
eth_getBlockByNumber

    Block Number: 455
    Block Hash: 0x9dd087b90cd75d07f7b2a84e9468e997b2dcf9a00633ece41c59a808db2d00b3
    Block Time: "Sun, 4 Oct 2026 14:14:43 +0000"

eth_getBlockByNumber
eth_getBlockByNumber
eth_getLogs
eth_getBlockByNumber
eth_call
eth_feeHistory
eth_simulateV1
eth_sendRawTransaction
eth_getBlockByNumber
eth_getTransactionReceipt

    Transaction: 0x14afec5b91f77a584777cb75268b91607db36b3b80ba989aeaf1dbd76ff0579e
    Gas used: 141874

    Block Number: 456
    Block Hash: 0x4ee36130cc9bb71cd883428e07665bdbf9a5d2c39740662aa4e58aeb106443fb
    Block Time: "Sun, 4 Oct 2026 14:14:43 +0000"

eth_getBlockByNumber

    Block Number: 457
    Block Hash: 0x3f7e116c905ef5f61ae87f4cf80f9e7d295b975246f6206ba42a777ba3039111
    Block Time: "Sun, 4 Oct 2026 14:14:43 +0000"

eth_getBlockByNumber
eth_getBlockByNumber
eth_getLogs
eth_getLogs
eth_getTransactionByHash
eth_getTransactionReceipt
eth_blockNumber
eth_getTransactionReceipt
eth_getBlockByNumber
eth_getTransactionByHash
eth_getBlockByNumber
eth_blockNumber
eth_getTransactionReceipt
eth_getBlockByNumber
eth_getBlockByNumber
eth_blockNumber
eth_getTransactionReceipt

    Block Number: 458
    Block Hash: 0xee00723175cf164e7c0620b99a1d474662b6b7c1edf6f17bb9733337a72094c4
    Block Time: "Sun, 4 Oct 2026 14:14:43 +0000"

eth_getBlockByNumber
eth_getBlockByNumber
eth_getLogs
eth_blockNumber
eth_getTransactionReceipt
eth_getBlockByNumber
eth_getBlockByNumber
eth_getBlockByNumber

    Block Number: 459
    Block Hash: 0x9358d13c5061683ed17af0a2c77d6fe624bee27f8625b413f9f4f3672c69a0fa
    Block Time: "Sun, 4 Oct 2026 14:14:44 +0000"

eth_getBlockByNumber
eth_getLogs
eth_getBlockByNumber
eth_getBlockByNumber
eth_getBlockByNumber
eth_getBlockByNumber

    Block Number: 460
    Block Hash: 0x869c5218b0eda6f0f53de3c2d88d3d5d4973e6e35ab6aeab144bb1c97e3f11f2
    Block Time: "Sun, 4 Oct 2026 14:14:44 +0000"

eth_getBlockByNumber
eth_feeHistory
eth_simulateV1
eth_sendRawTransaction
eth_getTransactionReceipt

    Transaction: 0xbd38f77c4a1809ff70eda4923e5fe58ed76fe00a331c4c3079a29b59a62c85e7
    Gas used: 96797

    Block Number: 461
    Block Hash: 0x6647f1a2603b606b381d388698fc864251da25285fdbf41ee5b096334b1d2f8b
    Block Time: "Sun, 4 Oct 2026 14:14:44 +0000"

eth_getBlockByNumber
eth_getBlockByNumber
eth_getLogs
eth_getLogs
eth_getBlockByNumber
eth_getTransactionReceipt
eth_blockNumber
eth_getTransactionReceipt
eth_getBlockByNumber
eth_getBlockByNumber
eth_blockNumber
eth_getTransactionReceipt

    Block Number: 462
    Block Hash: 0x2eab7d2a44cbd21d61b191b04b78ed253973e5709a29598bf7cb2eda83aff619
    Block Time: "Sun, 4 Oct 2026 14:14:44 +0000"

eth_getBlockByNumber
eth_getLogs
eth_getBlockByNumber
eth_blockNumber
eth_getTransactionReceipt
eth_getBlockByNumber
eth_getBlockByNumber
eth_blockNumber
eth_getTransactionReceipt
eth_getBlockByNumber

    Block Number: 463
    Block Hash: 0x0d3e3adfacbd00698bd15c7cde2e7434cfc83ec0f9e696a5c604878dfc3e13bf
    Block Time: "Sun, 4 Oct 2026 14:14:44 +0000"

eth_getBlockByNumber
eth_blockNumber
eth_getTransactionReceipt
eth_feeHistory
eth_simulateV1
eth_sendRawTransaction
eth_getTransactionReceipt

    Transaction: 0x1367c26d982dff85aa2f99ac84a7f9000172ec7459168565abc5ad1cd9fcf458
    Gas used: 171368

    Block Number: 464
    Block Hash: 0x2aa2aca10a5a22aac87f4e8a18156dac88e9e56accaf74824f82d6375741db3b
    Block Time: "Sun, 4 Oct 2026 14:14:44 +0000"

eth_getBlockByNumber
eth_getBlockByNumber
eth_getLogs
eth_getLogs
eth_getBlockByNumber
eth_getTransactionReceipt
eth_blockNumber
eth_getTransactionReceipt
eth_getBlockByNumber
eth_getBlockByNumber
eth_blockNumber
eth_getTransactionReceipt

    Block Number: 465
    Block Hash: 0x0784562be2689839ecf9b03dd48549cf5988bb5ab0be5ac9d3d9f7d688f371ca
    Block Time: "Sun, 4 Oct 2026 14:14:45 +0000"

eth_getBlockByNumber
eth_getLogs
eth_getBlockByNumber
eth_blockNumber
eth_getTransactionReceipt
eth_getBlockByNumber
eth_getBlockByNumber
eth_blockNumber
eth_getTransactionReceipt
eth_getBlockByNumber

    Block Number: 466
    Block Hash: 0x2cdd1bf3a3e1901f36a5ef8424a1b59095f17452aeea2119dccbd8da9fa9189d
    Block Time: "Sun, 4 Oct 2026 14:14:45 +0000"

eth_getBlockByNumber
eth_blockNumber
eth_getTransactionReceipt
eth_getBlockByNumber
eth_getLogs
eth_getBlockByNumber
eth_getBlockByNumber
eth_getBlockByNumber

    Block Number: 467
    Block Hash: 0x4dc4a9fc4b76e50b13c917a2c5f09659ce3db98b1bfa344a345c8c30edbedddb
    Block Time: "Sun, 4 Oct 2026 14:14:45 +0000"

eth_getBlockByNumber
eth_getLogs
eth_getBlockByNumber
eth_getBlockByNumber
eth_getBlockByNumber
eth_getBlockByNumber

    Block Number: 468
    Block Hash: 0x67b566618be91883fa3ab6bdc0e53b9d357765a3ef431753cd23410d56cecf7c
    Block Time: "Sun, 4 Oct 2026 14:14:45 +0000"

eth_getBlockByNumber
eth_getBlockByNumber
eth_getLogs
eth_getBlockByNumber
eth_getBlockByNumber
eth_getBlockByNumber

    Block Number: 469
    Block Hash: 0x29becf8ebf67332de92ea0c0a489cfe6e7dc71c238d27fd5bd79157dd9113d5f
    Block Time: "Sun, 4 Oct 2026 14:14:46 +0000"

eth_getBlockByNumber
eth_getLogs
eth_getBlockByNumber
eth_getBlockByNumber
eth_getBlockByNumber
eth_getBlockByNumber

    Block Number: 470
    Block Hash: 0x2e498a4ae6e4d05688e6e53e4c7b4ee37393d07ff8a648dd561e5192c7a6658e
    Block Time: "Sun, 4 Oct 2026 14:14:46 +0000"

eth_getBlockByNumber
eth_getBlockByNumber
eth_getLogs
eth_getBlockByNumber
eth_getBlockByNumber
eth_getBlockByNumber

    Block Number: 471
    Block Hash: 0x93b401be5aab5618ffce3dfc199479882888b721899465e2b8c90c8b76d0102c
    Block Time: "Sun, 4 Oct 2026 14:14:46 +0000"

eth_getBlockByNumber
eth_getLogs
eth_getBlockByNumber
eth_getBlockByNumber
eth_getBlockByNumber
eth_getBlockByNumber

    Block Number: 472
    Block Hash: 0x402579a258383aa7b35dbaef84c5cf7db2f9cdfdf40959460573c37961f4bb44
    Block Time: "Sun, 4 Oct 2026 14:14:46 +0000"

eth_getBlockByNumber
eth_getBlockByNumber
eth_getLogs
eth_getBlockByNumber
eth_getBlockByNumber
eth_getBlockByNumber

    Block Number: 473
    Block Hash: 0xb306ac2d51e6984a7c90ea32c0f120de561bb053958cc2d78d698cb57da5d7ad
    Block Time: "Sun, 4 Oct 2026 14:14:47 +0000"

eth_getBlockByNumber
eth_getLogs
eth_getBlockByNumber
eth_getBlockByNumber
eth_getBlockByNumber
eth_getBlockByNumber

    Block Number: 474
    Block Hash: 0x29542de5f22e1a3c7a9abd4b429446416631096ed598f93df401faa9084ad1af
    Block Time: "Sun, 4 Oct 2026 14:14:47 +0000"

eth_getBlockByNumber
eth_getBlockByNumber
eth_getLogs
eth_getBlockByNumber
eth_getBlockByNumber
eth_call
eth_feeHistory
eth_simulateV1
eth_sendRawTransaction
eth_getTransactionReceipt

    Transaction: 0x4fef93917f0f036e11d91dfca56baeb8027b84620fc45e5df9794b2cc733625f
    Gas used: 141886

    Block Number: 475
    Block Hash: 0x26061431168ac57e872336d00e0ce3f630fb01aa90bdcb80ad992d558702e96f
    Block Time: "Sun, 4 Oct 2026 14:14:47 +0000"

eth_getBlockByNumber

    Block Number: 476
    Block Hash: 0xc697f8df36097f9ac98f9dedb093ac5c62fda649b947725958f2d7878f3fcca8
    Block Time: "Sun, 4 Oct 2026 14:14:47 +0000"

eth_getBlockByNumber
eth_getBlockByNumber
eth_getLogs
eth_getLogs
eth_getTransactionByHash
eth_getTransactionReceipt
eth_blockNumber
eth_getTransactionReceipt
eth_getBlockByNumber
eth_getTransactionByHash
eth_getBlockByNumber
eth_blockNumber
eth_getTransactionReceipt
eth_getBlockByNumber
eth_getBlockByNumber
eth_blockNumber
eth_getTransactionReceipt

    Block Number: 477
    Block Hash: 0xb0a8066ae90af09e70510820ca81c6f3d72d58bf4e65ac735e0abe673da0cf97
    Block Time: "Sun, 4 Oct 2026 14:14:47 +0000"

eth_getBlockByNumber
eth_getBlockByNumber
eth_getLogs
eth_blockNumber
eth_getTransactionReceipt
eth_getBlockByNumber
eth_getBlockByNumber
eth_getBlockByNumber

    Block Number: 478
    Block Hash: 0x4a4ca406a2fab947f2b3e62c636882c486eb8b44091857ac5f4a271dca23e566
    Block Time: "Sun, 4 Oct 2026 14:14:48 +0000"

eth_getBlockByNumber
eth_getLogs
eth_getBlockByNumber
eth_getBlockByNumber
eth_getBlockByNumber
eth_getBlockByNumber

    Block Number: 479
    Block Hash: 0x8ed2ba6c648838ecafe937233daf7a1ef7eb9b95c132bfd1681f49cdbadcd3a3
    Block Time: "Sun, 4 Oct 2026 14:14:48 +0000"

eth_getBlockByNumber
eth_feeHistory
eth_simulateV1
eth_sendRawTransaction
eth_getTransactionReceipt

    Transaction: 0x8fbeea7d0214ee27863b5af2d617ac4b670f7aad0a6e060d1a51b4bb86630bd6
    Gas used: 96809

    Block Number: 480
    Block Hash: 0x100482e0aa9b38a84e80b82e1d39a82f8bc5291a805189820c33b623716a7fd1
    Block Time: "Sun, 4 Oct 2026 14:14:48 +0000"

eth_getBlockByNumber
eth_getBlockByNumber
eth_getLogs
eth_getLogs
eth_getBlockByNumber
eth_getTransactionReceipt
eth_blockNumber
eth_getTransactionReceipt
eth_getBlockByNumber
eth_getBlockByNumber
eth_blockNumber
eth_getTransactionReceipt

    Block Number: 481
    Block Hash: 0x8d41bdc3b004e749647c22f2d750d7fa8129cc5edd8ef3200d0b0fa97aed2ef9
    Block Time: "Sun, 4 Oct 2026 14:14:48 +0000"

eth_getBlockByNumber
eth_getLogs
eth_getBlockByNumber
eth_blockNumber
eth_getTransactionReceipt
eth_getBlockByNumber
eth_getBlockByNumber
eth_blockNumber
eth_getTransactionReceipt
eth_getBlockByNumber

    Block Number: 482
    Block Hash: 0xd368f611f4155fb4a38a032dd0e43e6f91678eb29b2ba4342b5ccf533593054b
    Block Time: "Sun, 4 Oct 2026 14:14:48 +0000"

eth_getBlockByNumber
eth_blockNumber
eth_getTransactionReceipt
eth_feeHistory
eth_simulateV1
eth_sendRawTransaction
eth_getTransactionReceipt

    Transaction: 0x43e1baf4bc20dee0a9e56d2528324a47cd091b7f8d0b728b540387bfddfac345
    Gas used: 171368

    Block Number: 483
    Block Hash: 0xe6365bfaf3a355124bb7800556f696841f294247d5beb4b902cff2a6ca412480
    Block Time: "Sun, 4 Oct 2026 14:14:48 +0000"

eth_getBlockByNumber
eth_getBlockByNumber
eth_getLogs
eth_getLogs
eth_getBlockByNumber
eth_getTransactionReceipt
eth_blockNumber
eth_getTransactionReceipt
eth_getBlockByNumber
eth_getBlockByNumber
eth_blockNumber
eth_getTransactionReceipt

    Block Number: 484
    Block Hash: 0x6a0b1fca117904df0259ab3555bc8c2a498af4e0aa9db8305b2248002ba23a50
    Block Time: "Sun, 4 Oct 2026 14:14:49 +0000"

eth_getBlockByNumber
eth_getLogs
eth_getBlockByNumber
eth_blockNumber
eth_getTransactionReceipt
eth_getBlockByNumber
eth_getBlockByNumber
eth_blockNumber
eth_getTransactionReceipt
eth_getBlockByNumber

    Block Number: 485
    Block Hash: 0xa0414d0f1ecd16559552c90d519fb6141f72588f93bab439fe690e1a5dbf0d1f
    Block Time: "Sun, 4 Oct 2026 14:14:49 +0000"

eth_getBlockByNumber
eth_blockNumber
eth_getTransactionReceipt
eth_getBlockByNumber
eth_getLogs
eth_getBlockByNumber
eth_getBlockByNumber
eth_getBlockByNumber

    Block Number: 486
    Block Hash: 0xf9a29e7fa319075ee5c5600731df13054ed1aef8907d8c02d4f17f4ca768cd72
    Block Time: "Sun, 4 Oct 2026 14:14:49 +0000"

eth_getBlockByNumber
eth_getLogs
eth_getBlockByNumber
eth_getBlockByNumber
eth_getBlockByNumber
eth_getBlockByNumber

    Block Number: 487
    Block Hash: 0xdd1a429b70c4f3ffeb681a3f749e40ba9a0e8f2a2e0b3050189e41907fa0f2cb
    Block Time: "Sun, 4 Oct 2026 14:14:49 +0000"

eth_getBlockByNumber
eth_getBlockByNumber
eth_getLogs
eth_getBlockByNumber
eth_getBlockByNumber
eth_getBlockByNumber

    Block Number: 488
    Block Hash: 0xcb539d7fbc01eb0909e9e0734fc55646b9b96cbbda5630c06784075bdda17256
    Block Time: "Sun, 4 Oct 2026 14:14:50 +0000"

eth_getBlockByNumber
eth_getLogs
eth_getBlockByNumber
eth_getBlockByNumber
eth_getBlockByNumber
eth_getBlockByNumber

    Block Number: 489
    Block Hash: 0xd67d7d256f00e27ec11a02f53c4543d2849f0b13ca26cd7d6c09e339f043ff1a
    Block Time: "Sun, 4 Oct 2026 14:14:50 +0000"

eth_getBlockByNumber
eth_getBlockByNumber
eth_getLogs
eth_getBlockByNumber
eth_getBlockByNumber
eth_getBlockByNumber

    Block Number: 490
    Block Hash: 0xb2f584ac1f8e8e0479907f9319004e566d6bc3cf7d93f0a05fa62d687d579acd
    Block Time: "Sun, 4 Oct 2026 14:14:50 +0000"

eth_getBlockByNumber
eth_getLogs
eth_getBlockByNumber
eth_getBlockByNumber
eth_getBlockByNumber
eth_getBlockByNumber

    Block Number: 491
    Block Hash: 0x4a6dd70c873fa8092bd91c7cd2e2cb75a94dda608b3d2cefaa513bb82f0e47a7
    Block Time: "Sun, 4 Oct 2026 14:14:50 +0000"

eth_getBlockByNumber
eth_getBlockByNumber
eth_getLogs
eth_getBlockByNumber
eth_getBlockByNumber
eth_getBlockByNumber

    Block Number: 492
    Block Hash: 0x0fa1547d6a708321a2ff7a9039870c2fb0f95bca2ba659289b917aaabe3c8559
    Block Time: "Sun, 4 Oct 2026 14:14:51 +0000"

eth_getBlockByNumber
eth_getLogs
eth_getBlockByNumber
eth_getBlockByNumber
eth_getBlockByNumber
eth_getBlockByNumber

    Block Number: 493
    Block Hash: 0x71d40734b5540e3528a7d27c42d8a965616c53e9e563d040cbd8b325eea8a2c1
    Block Time: "Sun, 4 Oct 2026 14:14:51 +0000"

eth_getBlockByNumber
eth_getBlockByNumber
eth_getLogs
eth_getBlockByNumber
eth_getBlockByNumber
eth_call
eth_feeHistory
eth_simulateV1
eth_sendRawTransaction
eth_getTransactionReceipt

    Transaction: 0xdbdd25a50dc7f102421dfd7dcf54d08132dfd6588862607eba11bdd67cc77a37
    Gas used: 141874

    Block Number: 494
    Block Hash: 0xc79c015aacb28a23e455bad279a455d27f73b621909a145d5037c695724e9cce
    Block Time: "Sun, 4 Oct 2026 14:14:51 +0000"

eth_getBlockByNumber

    Block Number: 495
    Block Hash: 0x7bb0837fafd4d2060cfee0b3658151fa547882a8c21bd3d52ce7a2588efd1100
    Block Time: "Sun, 4 Oct 2026 14:14:51 +0000"

eth_getBlockByNumber
eth_getBlockByNumber
eth_getLogs
eth_getLogs
eth_getTransactionByHash
eth_getTransactionReceipt
eth_blockNumber
eth_getTransactionReceipt
eth_getBlockByNumber
eth_getTransactionByHash
eth_getBlockByNumber
eth_blockNumber
eth_getTransactionReceipt
eth_getBlockByNumber
eth_getBlockByNumber

    Block Number: 496
    Block Hash: 0xf810932650096f74b834fc0f270e5d61ed640ae549c6777b2af5fc83a54e042d
    Block Time: "Sun, 4 Oct 2026 14:14:51 +0000"

eth_blockNumber
eth_getTransactionReceipt
eth_getBlockByNumber
eth_getBlockByNumber
eth_getLogs
eth_getBlockByNumber
eth_getBlockByNumber
eth_getBlockByNumber

    Block Number: 497
    Block Hash: 0xd10a870d75a2d6f96f825c50269bbec73ea0f4c224cfad787553000d3cbec6b8
    Block Time: "Sun, 4 Oct 2026 14:14:52 +0000"

eth_getBlockByNumber
eth_getLogs
eth_getBlockByNumber
eth_getBlockByNumber
eth_blockNumber
eth_getBlockByNumber
eth_feeHistory
eth_getBlockByNumber

    Block Number: 498
    Block Hash: 0xccd9f03d7a969538995781282f52aa2565b0e1bd22109aaf048b428a7006901b
    Block Time: "Sun, 4 Oct 2026 14:14:52 +0000"

eth_getBlockByNumber
eth_feeHistory
eth_simulateV1
eth_sendRawTransaction
eth_getTransactionReceipt

    Transaction: 0xbba382bb33f612d35afd876fa8d76f0b5de868f14988d154e91f4e96b81e2835
    Gas used: 96809

    Block Number: 499
    Block Hash: 0x0d5944c2ca851b8e36b60730fa7d9b746123412231b7896c2247df8a13dcbb1c
    Block Time: "Sun, 4 Oct 2026 14:14:52 +0000"

eth_getBlockByNumber
eth_getBlockByNumber
eth_getLogs
eth_getLogs
eth_getBlockByNumber
eth_getTransactionReceipt
eth_blockNumber
eth_getTransactionReceipt
eth_getBlockByNumber
eth_getBlockByNumber
eth_blockNumber
eth_getTransactionReceipt

    Block Number: 500
    Block Hash: 0x65f3d9d0b95f4e58655158d19028d247fb0602bd523446f2efd0ba452eef9b7b
    Block Time: "Sun, 4 Oct 2026 14:14:52 +0000"

eth_getBlockByNumber
eth_getLogs
eth_getBlockByNumber
eth_blockNumber
eth_getTransactionReceipt
eth_getBlockByNumber
eth_getBlockByNumber
eth_blockNumber
eth_getTransactionReceipt
eth_getBlockByNumber

    Block Number: 501
    Block Hash: 0xada4f4001750d0bad548750b9fbb3d44a01715a44f71cadce974c4656b4a5bbb
    Block Time: "Sun, 4 Oct 2026 14:14:52 +0000"

eth_getBlockByNumber
eth_blockNumber
eth_getTransactionReceipt
eth_feeHistory
eth_simulateV1
eth_sendRawTransaction
eth_getTransactionReceipt

    Transaction: 0xd4644d5645497c94c12290bdcf347b2c506f72916833caee9adb7077c4470147
    Gas used: 171368

    Block Number: 502
    Block Hash: 0xf7f867407561db0490fab2e0fa3d3a331e6c2a8504ea97c32479e7787314a480
    Block Time: "Sun, 4 Oct 2026 14:14:52 +0000"

eth_getBlockByNumber
eth_getBlockByNumber
eth_getLogs
eth_getLogs
eth_getBlockByNumber
eth_getTransactionReceipt
eth_blockNumber
eth_getTransactionReceipt
eth_getBlockByNumber
eth_getBlockByNumber
eth_blockNumber
eth_getTransactionReceipt

    Block Number: 503
    Block Hash: 0x28c22b82822e53a8b79670e066608b18f0eba2a2f3f5ee919f3e472035412bbd
    Block Time: "Sun, 4 Oct 2026 14:14:53 +0000"

eth_getBlockByNumber
eth_getLogs
eth_getBlockByNumber
eth_blockNumber
eth_getTransactionReceipt
eth_getBlockByNumber
eth_getBlockByNumber
eth_blockNumber
eth_getTransactionReceipt
eth_getBlockByNumber

    Block Number: 504
    Block Hash: 0xff31f4c9ccb5d175d83eded0460c69b6c0a0072416ea135e0381867392649878
    Block Time: "Sun, 4 Oct 2026 14:14:53 +0000"

eth_getBlockByNumber
eth_blockNumber
eth_getTransactionReceipt
eth_getBlockByNumber
eth_getLogs
eth_getBlockByNumber
eth_getBlockByNumber
eth_getBlockByNumber

    Block Number: 505
    Block Hash: 0x3a38364c7ba9054bf890e6e3c68f3e1e7772c4ac6e23cf4e68ad8e2fcc38ad49
    Block Time: "Sun, 4 Oct 2026 14:14:53 +0000"

eth_getBlockByNumber
eth_getLogs
eth_getBlockByNumber
eth_getBlockByNumber
eth_getBlockByNumber
eth_getBlockByNumber

    Block Number: 506
    Block Hash: 0x9c20b405d623fc0d7a808ee3d33dd2520e6fab8b58edf6d07b970e4dfd742eac
    Block Time: "Sun, 4 Oct 2026 14:14:53 +0000"

eth_getBlockByNumber
eth_getBlockByNumber
eth_getLogs
eth_getBlockByNumber
eth_getBlockByNumber
eth_getBlockByNumber

    Block Number: 507
    Block Hash: 0x34b37e07e9686de68d8ad5cf71199a024c46c9b1a72e496e12860c0b9c3e19d5
    Block Time: "Sun, 4 Oct 2026 14:14:54 +0000"

eth_getBlockByNumber
eth_getLogs
eth_getBlockByNumber
eth_getBlockByNumber
eth_getBlockByNumber
eth_getBlockByNumber

    Block Number: 508
    Block Hash: 0x8431f21db563c0127cd5e723c78031fbc4ba961e284683db4bf3ffdcc49a1f9e
    Block Time: "Sun, 4 Oct 2026 14:14:54 +0000"

eth_getBlockByNumber
eth_getBlockByNumber
eth_getLogs
eth_getBlockByNumber
eth_getBlockByNumber
eth_getBlockByNumber

    Block Number: 509
    Block Hash: 0x038347b03948322111453749e7b461a61e46d830af560556e1266d0547b8ec52
    Block Time: "Sun, 4 Oct 2026 14:14:54 +0000"

eth_getBlockByNumber
eth_getLogs
eth_getBlockByNumber
eth_getBlockByNumber
eth_getBlockByNumber
eth_getBlockByNumber

    Block Number: 510
    Block Hash: 0xad9ddf0963c9d0ad9ba12afad80841ac48a1cda9dbc5f7b65f29e11b49227145
    Block Time: "Sun, 4 Oct 2026 14:14:54 +0000"

eth_getBlockByNumber
eth_getBlockByNumber
eth_getLogs
eth_getBlockByNumber
eth_getBlockByNumber
eth_getBlockByNumber

    Block Number: 511
    Block Hash: 0xb2a5f15e23e6295dce174a5c20f67a85d20915f6d539b5c33bc643feb2ddb9d9
    Block Time: "Sun, 4 Oct 2026 14:14:55 +0000"

eth_getBlockByNumber
eth_getLogs
eth_getBlockByNumber
eth_getBlockByNumber
eth_getBlockByNumber
eth_getBlockByNumber

    Block Number: 512
    Block Hash: 0x2ce0a154a67f4b2a5d5502f128d1889f8fb4365a0ee9143977cbef2f807857d0
    Block Time: "Sun, 4 Oct 2026 14:14:55 +0000"

eth_getBlockByNumber
eth_getBlockByNumber
eth_getLogs
eth_getBlockByNumber
eth_getBlockByNumber
eth_call
eth_feeHistory
eth_simulateV1
eth_sendRawTransaction
eth_getTransactionReceipt

    Transaction: 0xb7c3d21c745c01d7173afe1ca8de8d98d5e5505322be42f1cddae7cc8fbb74c5
    Gas used: 141886

    Block Number: 513
    Block Hash: 0x7d6aaacfb38cab45dec78e4b42b57f2a1837c304bb72b8eef38629068df290b1
    Block Time: "Sun, 4 Oct 2026 14:14:55 +0000"

eth_getBlockByNumber

    Block Number: 514
    Block Hash: 0xc11c39b8735b90577763276b0d64c3e579f400913b2b645fbb32c8fb8fbc6a55
    Block Time: "Sun, 4 Oct 2026 14:14:55 +0000"

eth_getBlockByNumber
eth_getBlockByNumber
eth_getLogs
eth_getLogs
eth_getTransactionByHash
eth_getTransactionReceipt
eth_blockNumber
eth_getTransactionReceipt
eth_getBlockByNumber
eth_getTransactionByHash
eth_getBlockByNumber
eth_blockNumber
eth_getTransactionReceipt
eth_getBlockByNumber
eth_getBlockByNumber

    Block Number: 515
    Block Hash: 0x984a5143272384898e11b3de7f0c294a4bc1ade7ea6c5548c65bca860065e8b2
    Block Time: "Sun, 4 Oct 2026 14:14:55 +0000"

eth_blockNumber
eth_getTransactionReceipt
eth_getBlockByNumber
eth_getBlockByNumber
eth_getLogs
eth_getBlockByNumber
eth_getBlockByNumber
eth_getBlockByNumber

    Block Number: 516
    Block Hash: 0x27b26b48974ae3b807bcd4223350a532ff8a5fdac3433c743ce5a7977a766828
    Block Time: "Sun, 4 Oct 2026 14:14:56 +0000"

eth_getBlockByNumber
eth_getLogs
eth_getBlockByNumber
eth_getBlockByNumber
eth_getBlockByNumber
eth_getBlockByNumber

    Block Number: 517
    Block Hash: 0x3c35a44c8e73925759d9ac312a0e1cc9fe84f39ea1044082265eda05db839257
    Block Time: "Sun, 4 Oct 2026 14:14:56 +0000"

eth_getBlockByNumber
eth_feeHistory
eth_simulateV1
eth_sendRawTransaction
eth_getTransactionReceipt

    Transaction: 0x8f4d85d48f9fbfec4a6676207a8344e940c162da113709d6955c791c36d714aa
    Gas used: 96797

    Block Number: 518
    Block Hash: 0x9e91b862eefb1f7e56a30f3bc9ddc08e5f0d00b9daf60db26fdcdbaeaca09591
    Block Time: "Sun, 4 Oct 2026 14:14:56 +0000"

eth_getBlockByNumber
eth_getBlockByNumber
eth_getLogs
eth_getLogs
eth_getBlockByNumber
eth_getTransactionReceipt
eth_blockNumber
eth_getTransactionReceipt
eth_getBlockByNumber
eth_getBlockByNumber
eth_blockNumber
eth_getTransactionReceipt

    Block Number: 519
    Block Hash: 0x31edb5ec70bb8bfbfcf583cd117c9836fc3a89b4fe26a5a0384925a6c05a7ae8
    Block Time: "Sun, 4 Oct 2026 14:14:56 +0000"

eth_getBlockByNumber
eth_getLogs
eth_getBlockByNumber
eth_blockNumber
eth_getTransactionReceipt
eth_getBlockByNumber
eth_getBlockByNumber
eth_blockNumber
eth_getTransactionReceipt
eth_getBlockByNumber

    Block Number: 520
    Block Hash: 0x183ef9e455f3ca8ef50aee593997d7fd2b1b65a275c459d9e53016539b9cc678
    Block Time: "Sun, 4 Oct 2026 14:14:56 +0000"

eth_getBlockByNumber
eth_blockNumber
eth_getTransactionReceipt
eth_feeHistory
eth_simulateV1
eth_sendRawTransaction
eth_getTransactionReceipt

    Transaction: 0xb9edd55906bba06469de923217aa5a269fc1ec0cf1254c1b5aef0d7b6846bcaa
    Gas used: 171368

    Block Number: 521
    Block Hash: 0x85e7f7a14a44eae936da8cce4d74838dfd4f4add5cd18c2ca0cd7d507025efff
    Block Time: "Sun, 4 Oct 2026 14:14:56 +0000"

eth_getBlockByNumber
eth_getBlockByNumber
eth_getLogs
eth_getLogs
eth_getBlockByNumber
eth_getTransactionReceipt
eth_blockNumber
eth_getTransactionReceipt
eth_getBlockByNumber
eth_getBlockByNumber
eth_blockNumber
eth_getTransactionReceipt

    Block Number: 522
    Block Hash: 0x27d16063a6aa293ccdd14d64d740b9b25ece013cc3c93bd5966611ba2a68caaa
    Block Time: "Sun, 4 Oct 2026 14:14:57 +0000"

eth_getBlockByNumber
eth_getLogs
eth_getBlockByNumber
eth_blockNumber
eth_getTransactionReceipt
eth_getBlockByNumber
eth_getBlockByNumber
eth_blockNumber
eth_getTransactionReceipt
eth_getBlockByNumber

    Block Number: 523
    Block Hash: 0xd7be26565e48322561cf41741191ca0108e108abeb290e596dcfff57e16afbdc
    Block Time: "Sun, 4 Oct 2026 14:14:57 +0000"

eth_getBlockByNumber
eth_blockNumber
eth_getTransactionReceipt
eth_getBlockByNumber
eth_getLogs
eth_getBlockByNumber
eth_getBlockByNumber
eth_getBlockByNumber

    Block Number: 524
    Block Hash: 0x162db89739af5909bf6657934c90a695d74e0ab4c08e144b8e1103bd3e9dc917
    Block Time: "Sun, 4 Oct 2026 14:14:57 +0000"

eth_getBlockByNumber
eth_getLogs
eth_getBlockByNumber
eth_getBlockByNumber
eth_getBlockByNumber
eth_getBlockByNumber

    Block Number: 525
    Block Hash: 0x0884d56282250b0d4a335c7c9dba687003f22bfe18ae8a8b4d8f45f59e45acba
    Block Time: "Sun, 4 Oct 2026 14:14:57 +0000"

eth_getBlockByNumber
eth_getBlockByNumber
eth_getLogs
eth_getBlockByNumber
eth_getBlockByNumber
eth_getBlockByNumber

    Block Number: 526
    Block Hash: 0x95423404565710ad1f6cdf6df772aa2b5539cd47e37c7cb533a3860ea20d0d79
    Block Time: "Sun, 4 Oct 2026 14:14:58 +0000"

eth_getBlockByNumber
eth_getLogs
eth_getBlockByNumber
eth_getBlockByNumber
eth_getBlockByNumber
eth_getBlockByNumber

    Block Number: 527
    Block Hash: 0x830283da712a37c165b57431af42ad6d4f39119838867baa56bcfa87f771daf7
    Block Time: "Sun, 4 Oct 2026 14:14:58 +0000"

eth_getBlockByNumber
eth_getBlockByNumber
eth_getLogs
eth_getBlockByNumber
eth_getBlockByNumber
eth_getBlockByNumber

    Block Number: 528
    Block Hash: 0x9a56c42f19e7715707f1b565c2adfd3320628992210bb6973c2f40ed8d822afe
    Block Time: "Sun, 4 Oct 2026 14:14:58 +0000"

eth_getBlockByNumber
eth_getLogs
eth_getBlockByNumber
eth_getBlockByNumber
eth_getBlockByNumber
eth_getBlockByNumber

    Block Number: 529
    Block Hash: 0x600f9a45520a8807c0d9f3ae1664b1819a0df5ec489e5362839062d407eeaeba
    Block Time: "Sun, 4 Oct 2026 14:14:58 +0000"

eth_getBlockByNumber
eth_getBlockByNumber
eth_getLogs
eth_getBlockByNumber
eth_getBlockByNumber
eth_getBlockByNumber

    Block Number: 530
    Block Hash: 0xc3b2591f1f34c8a3227335c0f0bc0c72d127a4faa27326ee9ef421d342174d41
    Block Time: "Sun, 4 Oct 2026 14:14:59 +0000"

eth_getBlockByNumber
eth_getLogs
eth_getBlockByNumber
eth_getBlockByNumber
eth_getBlockByNumber
eth_getBlockByNumber

    Block Number: 531
    Block Hash: 0xbdef7f2d74c02964dfc29a94a2cd3f147d9ca67763aa78eaa392d0369eae9dd3
    Block Time: "Sun, 4 Oct 2026 14:14:59 +0000"

eth_getBlockByNumber
eth_getBlockByNumber
eth_getLogs
eth_getBlockByNumber
eth_getBlockByNumber
eth_getBlockByNumber

    Block Number: 532
    Block Hash: 0x9e565827455c4b84395b81913433bc6a818e9f4994cd31e106145aa5d6c909b2
    Block Time: "Sun, 4 Oct 2026 14:14:59 +0000"

eth_getBlockByNumber
eth_getLogs
eth_call
eth_feeHistory
eth_simulateV1
eth_sendRawTransaction
eth_getBlockByNumber
eth_getTransactionReceipt

    Transaction: 0x8d450e85242874fc3baca78b9023f706f35a19459fdb87d078b1a96f3de35d81
    Gas used: 141886

    Block Number: 533
    Block Hash: 0xc3db9dc70182f704f0c8f216d206515081989beeafa523db1c3f174174de1b4a
    Block Time: "Sun, 4 Oct 2026 14:14:59 +0000"

eth_getBlockByNumber
eth_getLogs
eth_getTransactionByHash
eth_getTransactionReceipt
eth_blockNumber
eth_getBlockByNumber
eth_getTransactionReceipt
eth_getTransactionByHash
eth_getBlockByNumber

    Block Number: 534
    Block Hash: 0x47d0f1d1fa8c12c03f56355e6e88fdf135213710337a816bc42c71a112e1f1c1
    Block Time: "Sun, 4 Oct 2026 14:14:59 +0000"

eth_getBlockByNumber
eth_blockNumber
eth_getTransactionReceipt
eth_getBlockByNumber
eth_getLogs
eth_getBlockByNumber
eth_blockNumber
eth_getTransactionReceipt
eth_getBlockByNumber
eth_getBlockByNumber
eth_blockNumber
eth_getTransactionReceipt

    Block Number: 535
    Block Hash: 0x1c1925cbfb46c5d51141e09276d38d2114ac6566397f8577e3cdf06b78dc1267
    Block Time: "Sun, 4 Oct 2026 14:15:00 +0000"

eth_getBlockByNumber
eth_getLogs
eth_getBlockByNumber
eth_blockNumber
eth_getTransactionReceipt
eth_getBlockByNumber
eth_getBlockByNumber
eth_getBlockByNumber

    Block Number: 536
    Block Hash: 0xec08390333cc6900b08ef81bf9798d1adddecd9981d99055dd88a7869fe3e1af
    Block Time: "Sun, 4 Oct 2026 14:15:00 +0000"

eth_getBlockByNumber
eth_feeHistory
eth_simulateV1
eth_sendRawTransaction
eth_getTransactionReceipt

    Transaction: 0xb8bd8cfc5c4521a679db98ec99959588bc5473a38120a5dc0ac0bea968f3cd99
    Gas used: 96809

    Block Number: 537
    Block Hash: 0x87406fdd83ffdd37b70a55da794299b9249ab1266d606a2d33172ce126da2040
    Block Time: "Sun, 4 Oct 2026 14:15:00 +0000"

eth_getBlockByNumber
eth_getBlockByNumber
eth_getLogs
eth_getLogs
eth_getBlockByNumber
eth_getTransactionReceipt
eth_blockNumber
eth_getTransactionReceipt
eth_getBlockByNumber
eth_getBlockByNumber
eth_blockNumber
eth_getTransactionReceipt

    Block Number: 538
    Block Hash: 0xee955c5d6788866ecde7d138b517111c38da176860c7a4ce052822cf1086252c
    Block Time: "Sun, 4 Oct 2026 14:15:00 +0000"

eth_getBlockByNumber
eth_getLogs
eth_getBlockByNumber
eth_blockNumber
eth_getTransactionReceipt
eth_getBlockByNumber
eth_getBlockByNumber
eth_blockNumber
eth_getTransactionReceipt
eth_getBlockByNumber

    Block Number: 539
    Block Hash: 0x014f2d44c8d741544753e556f4326e3a680ba5072dae4a06f16207b45647cb18
    Block Time: "Sun, 4 Oct 2026 14:15:00 +0000"

eth_getBlockByNumber
eth_blockNumber
eth_getTransactionReceipt
eth_feeHistory
eth_simulateV1
eth_sendRawTransaction
eth_getTransactionReceipt

    Transaction: 0x71d7145fb2fa12e3321d60086b5531bbf88b537db0cc362c1acc714f800292b9
    Gas used: 171368

    Block Number: 540
    Block Hash: 0xaa622707ea122c62d7994ac277c601552329664cd8cab9122b8cda8c4e9f9187
    Block Time: "Sun, 4 Oct 2026 14:15:01 +0000"

eth_getBlockByNumber
eth_getBlockByNumber
eth_getLogs
eth_getLogs
eth_getBlockByNumber
eth_getTransactionReceipt
eth_blockNumber
eth_getTransactionReceipt
eth_getBlockByNumber
eth_getBlockByNumber
eth_blockNumber
eth_getTransactionReceipt

    Block Number: 541
    Block Hash: 0x38fabd149536e4a5be90e9d75656486ceef5065099be80396443ec81795f3519
    Block Time: "Sun, 4 Oct 2026 14:15:01 +0000"

eth_getBlockByNumber
eth_getLogs
eth_getBlockByNumber
eth_blockNumber
eth_getTransactionReceipt
eth_getBlockByNumber
eth_getBlockByNumber
eth_blockNumber
eth_getTransactionReceipt
eth_getBlockByNumber

    Block Number: 542
    Block Hash: 0xd4de63974921deb1e8a6e592a27d7ec02c789bf4814b7b608a2fb6f92736c73f
    Block Time: "Sun, 4 Oct 2026 14:15:01 +0000"

eth_getBlockByNumber
eth_blockNumber
eth_getTransactionReceipt
eth_getBlockByNumber
eth_getLogs
eth_getBlockByNumber
eth_getBlockByNumber
eth_getBlockByNumber

    Block Number: 543
    Block Hash: 0x23b9b4c47eb08435052f2d28098b307817ce58b618e38207841ceaf189581762
    Block Time: "Sun, 4 Oct 2026 14:15:01 +0000"

eth_getBlockByNumber
eth_getLogs
eth_getBlockByNumber
eth_getBlockByNumber
eth_getBlockByNumber
eth_getBlockByNumber

    Block Number: 544
    Block Hash: 0x14e6ed2722f7950637e4db9105879501ab89ef0b09ab68044f252f0f92360d78
    Block Time: "Sun, 4 Oct 2026 14:15:01 +0000"

eth_getBlockByNumber
eth_getBlockByNumber
eth_getLogs
eth_getBlockByNumber
eth_getBlockByNumber
eth_getBlockByNumber

    Block Number: 545
    Block Hash: 0x1c45a20803172318ffa0d6a24708b96b5a2f74cc968cba65f7dbe666ef1f9f25
    Block Time: "Sun, 4 Oct 2026 14:15:02 +0000"

eth_getBlockByNumber
eth_getLogs
eth_getBlockByNumber
eth_getBlockByNumber
eth_getBlockByNumber
eth_getBlockByNumber

    Block Number: 546
    Block Hash: 0x4e9ded888506ef2a822a76ea6a7491f9b1cfec8efef7c8f4845b4282e6974d51
    Block Time: "Sun, 4 Oct 2026 14:15:02 +0000"

eth_getBlockByNumber
eth_getBlockByNumber
eth_getLogs
eth_getBlockByNumber
eth_getBlockByNumber
eth_getBlockByNumber

    Block Number: 547
    Block Hash: 0x992663b1ba86fe7ba4f049f35631b82fe66a3c28488447832b57c42dd476ea3e
    Block Time: "Sun, 4 Oct 2026 14:15:02 +0000"

eth_getBlockByNumber
eth_getLogs
eth_getBlockByNumber
eth_getBlockByNumber
eth_getBlockByNumber
eth_getBlockByNumber

    Block Number: 548
    Block Hash: 0x514cf47383b93a68126a9c9171764e418a97d4ff92d9d7e7f8565a13a450bf2a
    Block Time: "Sun, 4 Oct 2026 14:15:02 +0000"

eth_getBlockByNumber
eth_getBlockByNumber
eth_getLogs
eth_getBlockByNumber
eth_getBlockByNumber
eth_getBlockByNumber

    Block Number: 549
    Block Hash: 0xb28bea1bf39bf26fedd1296e9cd143c0f77f7ff655057134634be0007d9656db
    Block Time: "Sun, 4 Oct 2026 14:15:03 +0000"

eth_getBlockByNumber
eth_getLogs
eth_getBlockByNumber
eth_getBlockByNumber
eth_getBlockByNumber
eth_getBlockByNumber

    Block Number: 550
    Block Hash: 0x1e06a0719d5af8e1fca1b16e881c08eda7f63718ae755337aaddd2eecc07b8b4
    Block Time: "Sun, 4 Oct 2026 14:15:03 +0000"

eth_getBlockByNumber
eth_getBlockByNumber
eth_getLogs
eth_getBlockByNumber
eth_getBlockByNumber
eth_getBlockByNumber
eth_call
eth_feeHistory
eth_simulateV1
eth_sendRawTransaction
eth_getTransactionReceipt

    Transaction: 0x08dfa565989d911a969b9b888131a1e978f491aafc000630112b7f88f1a5b27a
    Gas used: 141886

    Block Number: 551
    Block Hash: 0x07ce9aecb38517e2f8a05a7e9d1cf1722662f1567b9c6298ec3302e73eb25fb7
    Block Time: "Sun, 4 Oct 2026 14:15:03 +0000"


    Block Number: 552
    Block Hash: 0x4576ebe85f3673bc263a8a867821c4ce2bc5026a27ce7f3c8f1a65e1dadaf0f8
    Block Time: "Sun, 4 Oct 2026 14:15:03 +0000"

eth_getBlockByNumber
eth_getBlockByNumber
eth_getLogs
eth_getLogs
eth_getTransactionByHash
eth_getBlockByNumber
eth_getTransactionReceipt
eth_blockNumber
eth_getTransactionReceipt
eth_getBlockByNumber
eth_getBlockByNumber
eth_blockNumber
eth_getTransactionReceipt
eth_getBlockByNumber

    Block Number: 553
    Block Hash: 0x0088b74d0f305b6bf0ef8141d2008f084dd93030a7608ea6e0fa9222077e1814
    Block Time: "Sun, 4 Oct 2026 14:15:03 +0000"

eth_getBlockByNumber
eth_getTransactionByHash
eth_blockNumber
eth_getTransactionReceipt
eth_getBlockByNumber
eth_getLogs
eth_getBlockByNumber
eth_getBlockByNumber
eth_getBlockByNumber

    Block Number: 554
    Block Hash: 0x8153abb00058b76b2b5ac1efc1e79b1ba175a7e670769df258b9834db774f6e6
    Block Time: "Sun, 4 Oct 2026 14:15:04 +0000"

eth_getBlockByNumber
eth_getLogs
eth_getBlockByNumber
eth_getBlockByNumber
eth_getBlockByNumber
eth_getBlockByNumber

    Block Number: 555
    Block Hash: 0xc04d8ab4f809299a310947fa0fb8b80092f660db96c3c477ec263f98d279aca4
    Block Time: "Sun, 4 Oct 2026 14:15:04 +0000"

eth_getBlockByNumber
eth_feeHistory
eth_simulateV1
eth_sendRawTransaction
eth_getTransactionReceipt

    Transaction: 0x9b7e511133bfddf12bfd05e372ae3f9b41430a2837882e7abbffe018ccc8c6f7
    Gas used: 96797

    Block Number: 556
    Block Hash: 0xd4b596ab6f1e344c0897fb39941cb1d98b502fee0ac8479be6cf2f8d4166ec56
    Block Time: "Sun, 4 Oct 2026 14:15:04 +0000"

eth_getBlockByNumber
eth_getBlockByNumber
eth_getLogs
eth_getLogs
eth_getBlockByNumber
eth_getTransactionReceipt
eth_blockNumber
eth_getTransactionReceipt
eth_getBlockByNumber
eth_getBlockByNumber
eth_blockNumber
eth_getTransactionReceipt

    Block Number: 557
    Block Hash: 0xa491163241bb36db5dbbf56b92058efc79f65bbe23ce89037609067e9d045fb8
    Block Time: "Sun, 4 Oct 2026 14:15:04 +0000"

eth_getBlockByNumber
eth_getLogs
eth_getBlockByNumber
eth_blockNumber
eth_getTransactionReceipt
eth_getBlockByNumber
eth_getBlockByNumber
eth_blockNumber
eth_getTransactionReceipt
eth_getBlockByNumber

    Block Number: 558
    Block Hash: 0x4e906ad750a99af32dc935a2fb798fb67aad2e028dd1e912be0d02c39b2e838b
    Block Time: "Sun, 4 Oct 2026 14:15:04 +0000"

eth_getBlockByNumber
eth_blockNumber
eth_getTransactionReceipt
eth_feeHistory
eth_simulateV1
eth_sendRawTransaction
eth_getTransactionReceipt

    Transaction: 0x80824dd1be5de942d41dee88b8ae6423835de9b5921f96eb3ebc7955953ea5cb
    Gas used: 171368

    Block Number: 559
    Block Hash: 0x7ef0e83bd5b851d4eb1ad6b7c1e63e98ec50fe73c64cb358f8ab48b3391beeff
    Block Time: "Sun, 4 Oct 2026 14:15:05 +0000"

eth_getBlockByNumber
eth_getBlockByNumber
eth_getLogs
eth_getLogs
eth_getBlockByNumber
eth_getTransactionReceipt
eth_blockNumber
eth_getTransactionReceipt
eth_getBlockByNumber
eth_getBlockByNumber

    Block Number: 560
    Block Hash: 0x26f5c3259475e4b0b907b83fcab0deb5cc052bb70097ae81f38a69ff7a3092af
    Block Time: "Sun, 4 Oct 2026 14:15:05 +0000"

eth_blockNumber
eth_getTransactionReceipt
eth_getBlockByNumber
eth_getLogs
eth_getBlockByNumber
eth_blockNumber
eth_getTransactionReceipt
eth_getBlockByNumber
eth_blockNumber
eth_feeHistory
eth_getBlockByNumber
eth_blockNumber
eth_getTransactionReceipt
eth_getBlockByNumber

    Block Number: 561
    Block Hash: 0xab624a5dce82ee857aa653fc01298b9a281ef9659d2bd7a0893f92e9cf678f9a
    Block Time: "Sun, 4 Oct 2026 14:15:05 +0000"

eth_getBlockByNumber
eth_blockNumber
eth_getTransactionReceipt
eth_getBlockByNumber
eth_getLogs
eth_getBlockByNumber
eth_getBlockByNumber
eth_getBlockByNumber

    Block Number: 562
    Block Hash: 0x98364ceb4d610ab44036f1ad9c8f6de292b853a07b2594974752637c97ccc436
    Block Time: "Sun, 4 Oct 2026 14:15:05 +0000"

eth_getBlockByNumber
eth_getLogs
eth_getBlockByNumber
eth_getBlockByNumber
eth_getBlockByNumber
eth_getBlockByNumber

    Block Number: 563
    Block Hash: 0x828f073897a2bf7af2c6c855fac42e6d8095428eb75eb610b6c0334952d0f2f7
    Block Time: "Sun, 4 Oct 2026 14:15:05 +0000"

eth_getBlockByNumber
eth_getBlockByNumber
eth_getLogs
eth_getBlockByNumber
eth_getBlockByNumber
eth_getBlockByNumber

    Block Number: 564
    Block Hash: 0x3157e2e02a6ba190df12e945cc30665f0f5176df8d10a6d15b99fc39515f7959
    Block Time: "Sun, 4 Oct 2026 14:15:06 +0000"

eth_getBlockByNumber
eth_getLogs
eth_getBlockByNumber
eth_getBlockByNumber
eth_getBlockByNumber
eth_getBlockByNumber

    Block Number: 565
    Block Hash: 0x3606056dfb521882205c266dbf858085272fceafc64dd95b393f5fc4e773b286
    Block Time: "Sun, 4 Oct 2026 14:15:06 +0000"

eth_getBlockByNumber
eth_getBlockByNumber
eth_getLogs
eth_getBlockByNumber
eth_getBlockByNumber
eth_getBlockByNumber

    Block Number: 566
    Block Hash: 0x7a3c32840c189edb83edece1ae0637301d8c0fa5253256d76df1b5ff4b9081bd
    Block Time: "Sun, 4 Oct 2026 14:15:06 +0000"

eth_getBlockByNumber
eth_getLogs
eth_getBlockByNumber
eth_getBlockByNumber
eth_getBlockByNumber
eth_getBlockByNumber

    Block Number: 567
    Block Hash: 0x64dbc923d1be3b90f4a6da0ecf0ea06437b9dfd9bd8d5804bf093c468e122de2
    Block Time: "Sun, 4 Oct 2026 14:15:06 +0000"

eth_getBlockByNumber
eth_getBlockByNumber
eth_getLogs
eth_getBlockByNumber
eth_getBlockByNumber
eth_getBlockByNumber

    Block Number: 568
    Block Hash: 0x2f323bb9697ac8b179ed87a3529c44bdb51d419b65ef9f24ad37a8b347ff28f0
    Block Time: "Sun, 4 Oct 2026 14:15:07 +0000"

eth_getBlockByNumber
eth_getLogs
eth_getBlockByNumber
eth_getBlockByNumber
eth_getBlockByNumber
eth_getBlockByNumber

    Block Number: 569
    Block Hash: 0xb4e229ae6c16897effc39032de00f2f7989546bc06d42edb3ba766fd99031c05
    Block Time: "Sun, 4 Oct 2026 14:15:07 +0000"

eth_getBlockByNumber
eth_getBlockByNumber
eth_getLogs
eth_getBlockByNumber
eth_getBlockByNumber
eth_getBlockByNumber
eth_call
eth_feeHistory
eth_simulateV1
eth_sendRawTransaction
eth_getTransactionReceipt

    Transaction: 0x761983c8b2be907fd067b320714ecdbef4a662e953161d12cec8c222994db433
    Gas used: 141886

    Block Number: 570
    Block Hash: 0xa77f366d15f05ff84475019297ed4a9cbe480a56dbc3e30cdd008277180fce9e
    Block Time: "Sun, 4 Oct 2026 14:15:07 +0000"


    Block Number: 571
    Block Hash: 0x0d4cec9b02c3d59d36748288aa0481e1c446e10a45fd7294a687e1c55afdca8a
    Block Time: "Sun, 4 Oct 2026 14:15:07 +0000"

eth_getBlockByNumber
eth_getBlockByNumber
eth_getLogs
eth_getLogs
eth_getTransactionByHash
eth_getBlockByNumber
eth_getTransactionByHash
eth_getTransactionReceipt
eth_blockNumber
eth_getTransactionReceipt
eth_getBlockByNumber
eth_getBlockByNumber
eth_blockNumber
eth_getTransactionReceipt
eth_getBlockByNumber

    Block Number: 572
    Block Hash: 0xe401dc7f59d1cce3fe353d0b5796aa2a168e89378f0ba9d115f935ee69daf263
    Block Time: "Sun, 4 Oct 2026 14:15:07 +0000"

eth_getBlockByNumber
eth_blockNumber
eth_getTransactionReceipt
eth_getBlockByNumber
eth_getLogs
eth_getBlockByNumber
eth_getBlockByNumber
eth_getBlockByNumber

    Block Number: 573
    Block Hash: 0x0dbd00c648e39af6e0ebf823518f4fb7490aed0c1aa2646dbb29213c840045fc
    Block Time: "Sun, 4 Oct 2026 14:15:08 +0000"

eth_getBlockByNumber
eth_getLogs
eth_getBlockByNumber
eth_getBlockByNumber
eth_getBlockByNumber
eth_getBlockByNumber

    Block Number: 574
    Block Hash: 0x8dfccb9ec3523c090b24b1965f4e0cdc164aff95a60a9576fef6a25663627622
    Block Time: "Sun, 4 Oct 2026 14:15:08 +0000"

eth_getBlockByNumber
eth_feeHistory
eth_simulateV1
eth_sendRawTransaction
eth_getTransactionReceipt

    Transaction: 0x35f570170d971e6c5646c840b0fa84865bd89f95ceda3a9bd45c2456ce361f39
    Gas used: 96797

    Block Number: 575
    Block Hash: 0xf8c7389b567a0c355e8559f97981fe110070d79e0e58e5a8ed7d612517e38625
    Block Time: "Sun, 4 Oct 2026 14:15:08 +0000"

eth_getBlockByNumber
eth_getBlockByNumber
eth_getLogs
eth_getLogs
eth_getBlockByNumber
eth_getTransactionReceipt
eth_blockNumber
eth_getTransactionReceipt
eth_getBlockByNumber
eth_getBlockByNumber
eth_blockNumber
eth_getTransactionReceipt

    Block Number: 576
    Block Hash: 0xe20356f857f0bdd0162c39923bcb68c9c9f380ff4cd3b3be76e5e2060d742ee8
    Block Time: "Sun, 4 Oct 2026 14:15:08 +0000"

eth_getBlockByNumber
eth_getLogs
eth_getBlockByNumber
eth_blockNumber
eth_getTransactionReceipt
eth_getBlockByNumber
eth_getBlockByNumber
eth_blockNumber
eth_getTransactionReceipt
eth_getBlockByNumber

    Block Number: 577
    Block Hash: 0xea7798f792610a76b488d8f8d0553756626bd7ead7ced497b31c8a3876cfaf3c
    Block Time: "Sun, 4 Oct 2026 14:15:08 +0000"

eth_getBlockByNumber
eth_blockNumber
eth_getTransactionReceipt
eth_feeHistory
eth_simulateV1
eth_sendRawTransaction
eth_getTransactionReceipt

    Transaction: 0x261618ed1e0a5a6ef1c3b8f26b9d58ae83e704e0711f5cea1d563710d1b01f17
    Gas used: 171356

    Block Number: 578
    Block Hash: 0x21a198971b21ed67434be3d57ba338a91e65cd924b10051e5ca0e0e6c3f89e1a
    Block Time: "Sun, 4 Oct 2026 14:15:09 +0000"

eth_getBlockByNumber
eth_getBlockByNumber
eth_getLogs
eth_getLogs
eth_getBlockByNumber
eth_getTransactionReceipt
eth_blockNumber
eth_getTransactionReceipt
eth_getBlockByNumber
eth_getBlockByNumber

    Block Number: 579
    Block Hash: 0x7c210c4be8d7e8c5f20c00bb6c07b367e55a1f1629cd74892ab1e85fad5f9e2e
    Block Time: "Sun, 4 Oct 2026 14:15:09 +0000"

eth_blockNumber
eth_getTransactionReceipt
eth_getBlockByNumber
eth_getLogs
eth_getBlockByNumber
eth_blockNumber
eth_getTransactionReceipt
eth_getBlockByNumber
eth_getBlockByNumber
eth_blockNumber
eth_getTransactionReceipt
eth_getBlockByNumber

    Block Number: 580
    Block Hash: 0xf88088b56d6f9a5e6d48a8af475d5f3f5a765e0f75109a52265b92f0218238ad
    Block Time: "Sun, 4 Oct 2026 14:15:09 +0000"

eth_getBlockByNumber
eth_blockNumber
eth_getTransactionReceipt
eth_getBlockByNumber
eth_getLogs
eth_getBlockByNumber
eth_getBlockByNumber
eth_getBlockByNumber

    Block Number: 581
    Block Hash: 0x6eef9ddcf47f0af0b13d4de8d8e3603f024af16df5dc22debc795dc0500ae321
    Block Time: "Sun, 4 Oct 2026 14:15:09 +0000"

eth_getBlockByNumber
eth_getLogs
eth_getBlockByNumber
eth_getBlockByNumber
eth_getBlockByNumber
eth_getBlockByNumber

    Block Number: 582
    Block Hash: 0x78e84c3120158de552831cafe6a72f07e80a62588897b58ebe514771688d1788
    Block Time: "Sun, 4 Oct 2026 14:15:09 +0000"

eth_getBlockByNumber
eth_getBlockByNumber
eth_getLogs
eth_getBlockByNumber
eth_getBlockByNumber
eth_getBlockByNumber

    Block Number: 583
    Block Hash: 0xb82f9e742d4d1360fe8be77bc8a115e01f49904ce967f58b6306eeb3e361d08c
    Block Time: "Sun, 4 Oct 2026 14:15:10 +0000"

eth_getBlockByNumber
eth_getLogs
eth_getBlockByNumber
eth_getBlockByNumber
eth_getBlockByNumber
eth_getBlockByNumber

    Block Number: 584
    Block Hash: 0xb269ec5273289ecaf22bb590f35a4dc45305036c9767fdddbd4a8c6646bb6130
    Block Time: "Sun, 4 Oct 2026 14:15:10 +0000"

eth_getBlockByNumber
eth_getBlockByNumber
eth_getLogs
eth_getBlockByNumber
eth_getBlockByNumber
eth_getBlockByNumber

    Block Number: 585
    Block Hash: 0x71e012e41d2eb84db015b335a095a98f03baf032405aa9eaa8e56f95f7c44ecd
    Block Time: "Sun, 4 Oct 2026 14:15:10 +0000"

eth_getBlockByNumber
eth_getLogs
eth_getBlockByNumber
eth_getBlockByNumber
eth_getBlockByNumber
eth_getBlockByNumber

    Block Number: 586
    Block Hash: 0x51b6b3250e8c573555e077a1c300ce6d19ff2857653b18ae1441ba5a2665f0f9
    Block Time: "Sun, 4 Oct 2026 14:15:10 +0000"

eth_getBlockByNumber
eth_getBlockByNumber
eth_getLogs
eth_getBlockByNumber
eth_getBlockByNumber
eth_getBlockByNumber

    Block Number: 587
    Block Hash: 0xf350b589a29b91568ff9783fce3f73fd4fbcc263f40cb2813ba7693218048533
    Block Time: "Sun, 4 Oct 2026 14:15:11 +0000"

eth_getBlockByNumber
eth_getLogs
eth_getBlockByNumber
eth_getBlockByNumber
eth_getBlockByNumber
eth_getBlockByNumber

    Block Number: 588
    Block Hash: 0xc0fc554512e60b12c2a1d94399addd08259348c07a95fff02def681141970021
    Block Time: "Sun, 4 Oct 2026 14:15:11 +0000"

eth_getBlockByNumber
eth_getBlockByNumber
eth_getLogs
eth_getBlockByNumber
eth_getBlockByNumber
eth_getBlockByNumber

    Block Number: 589
    Block Hash: 0x0e3c165608ebb44a4741aaff0b674caf7ab8fe0efd2c8fb57b4dc8d937fc561c
    Block Time: "Sun, 4 Oct 2026 14:15:11 +0000"

eth_getBlockByNumber
eth_getLogs
eth_getBlockByNumber
eth_call
eth_feeHistory
eth_simulateV1
eth_sendRawTransaction
eth_getTransactionReceipt

    Transaction: 0xe33ac634aa2eaff4d02451873925dd4527ca37b4c07b376cf40f4ac39e615121
    Gas used: 158974

    Block Number: 590
    Block Hash: 0x3e79d96681dfc6339b29604c3de2ddccd285129fb7aa33567edf2a6a84176904
    Block Time: "Sun, 4 Oct 2026 14:15:11 +0000"

eth_getBlockByNumber
eth_getLogs
eth_getTransactionByHash
eth_getBlockByNumber
eth_getTransactionByHash
eth_getTransactionReceipt
eth_blockNumber
eth_getTransactionReceipt
eth_getBlockByNumber

    Block Number: 591
    Block Hash: 0xec89c16c5d69768dd40fb4588daa9f5a53c6f0da0ac74b8b6ab9cd41d528942f
    Block Time: "Sun, 4 Oct 2026 14:15:11 +0000"

eth_getBlockByNumber
eth_blockNumber
eth_getTransactionReceipt
eth_getBlockByNumber
eth_getLogs
eth_getBlockByNumber
eth_blockNumber
eth_getTransactionReceipt
eth_getBlockByNumber
eth_getBlockByNumber

    Block Number: 592
    Block Hash: 0xbff17b488669c8d94a50a5b79696be13bbe95b5bd4194d1e8521aa9a5f6693f9
    Block Time: "Sun, 4 Oct 2026 14:15:12 +0000"

eth_blockNumber
eth_getTransactionReceipt
eth_getBlockByNumber
eth_getLogs
eth_getBlockByNumber
eth_getBlockByNumber
eth_getBlockByNumber
eth_getBlockByNumber

    Block Number: 593
    Block Hash: 0xdf18f84e352fc0d7f6b6a09de80606618b71e8c9acb0aac42ed6288ab1a6cffb
    Block Time: "Sun, 4 Oct 2026 14:15:12 +0000"

eth_getBlockByNumber
eth_feeHistory
eth_simulateV1
eth_sendRawTransaction
eth_getTransactionReceipt

    Transaction: 0xcd0ef79a65ad478a54f7101f61ca31d727e74b3f84cc271e667959c65ee71c86
    Gas used: 96785

    Block Number: 594
    Block Hash: 0x77069ddbd8e4a98d8a8c3b51842f4e364d6b83d750c6ffd34c7f007554e914c3
    Block Time: "Sun, 4 Oct 2026 14:15:12 +0000"

eth_getBlockByNumber
eth_getBlockByNumber
eth_getLogs
eth_getLogs
eth_getBlockByNumber
eth_getTransactionReceipt
eth_blockNumber
eth_getTransactionReceipt
eth_getBlockByNumber
eth_getBlockByNumber
eth_blockNumber
eth_getTransactionReceipt

    Block Number: 595
    Block Hash: 0x9a79799dbe90980c9b730496eb14088730e6cc9841d6781972f7968096ba1663
    Block Time: "Sun, 4 Oct 2026 14:15:12 +0000"

eth_getBlockByNumber
eth_getLogs
eth_getBlockByNumber
eth_blockNumber
eth_getTransactionReceipt
eth_getBlockByNumber
eth_getBlockByNumber
eth_blockNumber
eth_getTransactionReceipt
eth_getBlockByNumber

    Block Number: 596
    Block Hash: 0x4b3990e6dfefd0870ef66b6a55d9f5275b50b1d38efd69aacfd7fe6ffc63e95b
    Block Time: "Sun, 4 Oct 2026 14:15:12 +0000"

eth_getBlockByNumber
eth_blockNumber
eth_getTransactionReceipt
eth_feeHistory
eth_simulateV1
eth_sendRawTransaction
eth_getTransactionReceipt

    Transaction: 0x412586524af78c10cb8f5289709833bf88fc6249349c94e6ebe3894b5de5af13
    Gas used: 171368

    Block Number: 597
    Block Hash: 0x546c73567e81c73666041836576df7d130deb77ae7efb441af92dd20173bdfb3
    Block Time: "Sun, 4 Oct 2026 14:15:13 +0000"

eth_getBlockByNumber
eth_getBlockByNumber
eth_getLogs
eth_getLogs
eth_getBlockByNumber
eth_getTransactionReceipt
eth_blockNumber
eth_getTransactionReceipt
eth_getBlockByNumber
eth_getBlockByNumber

    Block Number: 598
    Block Hash: 0xb641b14dd8363f2e8e63e8182da696828e5ba80ab7c6d1d41ae3e0ea5d0f7990
    Block Time: "Sun, 4 Oct 2026 14:15:13 +0000"

eth_blockNumber
eth_getTransactionReceipt
eth_getBlockByNumber
eth_getLogs
eth_getBlockByNumber
eth_blockNumber
eth_getTransactionReceipt
eth_getBlockByNumber
eth_getBlockByNumber
eth_blockNumber
eth_getTransactionReceipt
eth_getBlockByNumber

    Block Number: 599
    Block Hash: 0xd13dd75e36725a463b0916a8acec80d55e12946d81406ffbbeee40449e0658a7
    Block Time: "Sun, 4 Oct 2026 14:15:13 +0000"

eth_getBlockByNumber
eth_blockNumber
eth_getTransactionReceipt
eth_getBlockByNumber
eth_getLogs
eth_getBlockByNumber
eth_getBlockByNumber
eth_getBlockByNumber

    Block Number: 600
    Block Hash: 0xc7eff20237c0be741cc7452e7c15026b92181bc8430052fe2f3f7727509b6ece
    Block Time: "Sun, 4 Oct 2026 14:15:13 +0000"

eth_getBlockByNumber
eth_getLogs
eth_getBlockByNumber
eth_getBlockByNumber
eth_getBlockByNumber
eth_getBlockByNumber

    Block Number: 601
    Block Hash: 0x7bb495a78c5ebf9d629333ef5ddd0e07220f39e98ad123d6423a2001fae264cf
    Block Time: "Sun, 4 Oct 2026 14:15:13 +0000"

eth_getBlockByNumber
eth_getBlockByNumber
eth_getLogs
eth_getBlockByNumber
eth_getBlockByNumber
eth_getBlockByNumber

    Block Number: 602
    Block Hash: 0x65dd96d391483ee319c50de13f7b0ee92a2a15cbf8027ebcf15334fe85b7119d
    Block Time: "Sun, 4 Oct 2026 14:15:14 +0000"

eth_getBlockByNumber
eth_getLogs
eth_getBlockByNumber
eth_getBlockByNumber
eth_getBlockByNumber
eth_getBlockByNumber

    Block Number: 603
    Block Hash: 0xfe3d391c8d4ab4cf9515dc58a376cdbe13662639ce2c0af5139c5a4fd2847908
    Block Time: "Sun, 4 Oct 2026 14:15:14 +0000"

eth_getBlockByNumber
eth_getBlockByNumber
eth_getLogs
eth_getBlockByNumber
eth_getBlockByNumber
eth_getBlockByNumber

    Block Number: 604
    Block Hash: 0x06e51f8517326dfe6c938e339b3de7b6578d7c960cc4180b40b9ac5c6fada286
    Block Time: "Sun, 4 Oct 2026 14:15:14 +0000"

eth_getBlockByNumber
eth_getLogs
eth_getBlockByNumber
eth_getBlockByNumber
eth_getBlockByNumber
eth_getBlockByNumber

    Block Number: 605
    Block Hash: 0x53e7235f15710dfc769c6ff2fce85c4c5a96fc39e0d5e32a52f891234a62cd17
    Block Time: "Sun, 4 Oct 2026 14:15:14 +0000"

eth_getBlockByNumber
eth_getBlockByNumber
eth_getLogs
eth_getBlockByNumber
eth_getBlockByNumber
eth_getBlockByNumber

    Block Number: 606
    Block Hash: 0xa38431193a4edc8784aff920cde7ebe8a72a0b2e9fec13081c7dafa434ea2957
    Block Time: "Sun, 4 Oct 2026 14:15:15 +0000"

eth_getBlockByNumber
eth_getLogs
eth_getBlockByNumber
eth_getBlockByNumber
eth_getBlockByNumber
eth_getBlockByNumber

    Block Number: 607
    Block Hash: 0x432a2289cc32f7da6128fdbad599d6dbb2bced5c7e4b335bd4cd1126991dd1cd
    Block Time: "Sun, 4 Oct 2026 14:15:15 +0000"

eth_getBlockByNumber
eth_getBlockByNumber
eth_getLogs
eth_getBlockByNumber
eth_getBlockByNumber
eth_getBlockByNumber

    Block Number: 608
    Block Hash: 0xab1c71e1e2d1ea65d5724f1ef555d7168db1ea0f8ed04ecea4ba68cb1bb74ef3
    Block Time: "Sun, 4 Oct 2026 14:15:15 +0000"

eth_getBlockByNumber
eth_getLogs
eth_getBlockByNumber
eth_call
eth_feeHistory
eth_simulateV1
eth_sendRawTransaction
eth_getTransactionReceipt
eth_getBlockByNumber

    Transaction: 0xdd23f0c1186ace46f441f0b33b75fcb4f0ced7f812fdc295f8234f036a069cee
    Gas used: 141886

    Block Number: 609
    Block Hash: 0xdcf696ed300ca20b3153bc481058727c112e087661866a805d648f39855b7660
    Block Time: "Sun, 4 Oct 2026 14:15:15 +0000"

eth_getBlockByNumber
eth_getTransactionReceipt
eth_blockNumber
eth_getTransactionReceipt
eth_getBlockByNumber
eth_getLogs
eth_getTransactionByHash

    Block Number: 610
    Block Hash: 0xb5efa7bcd3a51025babd7c01cde3bb6eb2ebdf2d011a237e0c50e8ebcb6d54ba
    Block Time: "Sun, 4 Oct 2026 14:15:15 +0000"

eth_getBlockByNumber
eth_getTransactionByHash
eth_blockNumber
eth_getBlockByNumber
eth_getTransactionReceipt
eth_getLogs
eth_getBlockByNumber
eth_getBlockByNumber
eth_blockNumber
eth_getTransactionReceipt
eth_getBlockByNumber

    Block Number: 611
    Block Hash: 0x8d021ef44382fc2a3b8e2cb9fb195c8a0931374ec43680c3d652d5b56e625bd6
    Block Time: "Sun, 4 Oct 2026 14:15:16 +0000"

eth_getBlockByNumber
eth_getLogs
eth_blockNumber
eth_getTransactionReceipt
eth_getBlockByNumber
eth_getBlockByNumber
eth_getBlockByNumber
eth_getBlockByNumber

    Block Number: 612
    Block Hash: 0xf1c8d305003ddfd1557b2fab46c4021aa9900390d03f571834b19d84b7d2bfbe
    Block Time: "Sun, 4 Oct 2026 14:15:16 +0000"

eth_getBlockByNumber
eth_feeHistory
eth_simulateV1
eth_sendRawTransaction
eth_getTransactionReceipt

    Transaction: 0x34a9d22e8a7a1286e128f3c0294ac2040968cf56c58b1e26309614633979010f
    Gas used: 96809

    Block Number: 613
    Block Hash: 0xaf56111535060834132d5da4d44eb661f8a5be8a1fa85683eba7ce22d79f72e5
    Block Time: "Sun, 4 Oct 2026 14:15:16 +0000"

eth_getBlockByNumber
eth_getBlockByNumber
eth_getLogs
eth_getLogs
eth_getBlockByNumber
eth_getTransactionReceipt
eth_blockNumber
eth_getTransactionReceipt
eth_getBlockByNumber
eth_getBlockByNumber
eth_blockNumber
eth_getTransactionReceipt

    Block Number: 614
    Block Hash: 0x1d8da14547572924562bc7e69c176e490079f339816797f74d18eacbda2e7cab
    Block Time: "Sun, 4 Oct 2026 14:15:16 +0000"

eth_getBlockByNumber
eth_getLogs
eth_getBlockByNumber
eth_blockNumber
eth_getTransactionReceipt
eth_getBlockByNumber
eth_getBlockByNumber
eth_blockNumber
eth_getTransactionReceipt
eth_getBlockByNumber

    Block Number: 615
    Block Hash: 0xdfb970e3ff3c25d7b84335861283dd7ecd97ca2ac0283b74938b755cc36bcc4a
    Block Time: "Sun, 4 Oct 2026 14:15:16 +0000"

eth_getBlockByNumber
eth_blockNumber
eth_getTransactionReceipt
eth_feeHistory
eth_simulateV1
eth_sendRawTransaction
eth_getTransactionReceipt

    Transaction: 0x5897c406abb595793d2e6dd863fe5d63c04ff26de26d1bdb5ea8eca251caee4a
    Gas used: 171368

    Block Number: 616
    Block Hash: 0xded15539e0d7b9cfaf3fbb34fda4ef0ff921036e68e24d3457e68f67602b940d
    Block Time: "Sun, 4 Oct 2026 14:15:17 +0000"

eth_getBlockByNumber
eth_getBlockByNumber
eth_getLogs
eth_getLogs
eth_getBlockByNumber
eth_getTransactionReceipt
eth_blockNumber
eth_getTransactionReceipt
eth_getBlockByNumber
eth_getBlockByNumber

    Block Number: 617
    Block Hash: 0xe7430e9e17285ba342bf46a27b74740e2a65f10095537164e205582b8e028286
    Block Time: "Sun, 4 Oct 2026 14:15:17 +0000"

eth_getBlockByNumber
eth_getLogs
eth_blockNumber
eth_getTransactionReceipt
eth_getBlockByNumber
eth_getBlockByNumber
eth_blockNumber
eth_getTransactionReceipt
eth_getBlockByNumber
eth_getBlockByNumber
eth_blockNumber
eth_getTransactionReceipt

    Block Number: 618
    Block Hash: 0xe5c9aaa14a33efe381a76973406ebe65a1c6f13e55ff0314f349974ffcc14d5d
    Block Time: "Sun, 4 Oct 2026 14:15:17 +0000"

eth_getBlockByNumber
eth_getBlockByNumber
eth_getLogs
eth_blockNumber
eth_getTransactionReceipt
eth_getBlockByNumber
eth_getBlockByNumber
eth_getBlockByNumber

    Block Number: 619
    Block Hash: 0x4c74c1b0a8a2c52bded53d1a4fde068c2c99e279979ce04d7d2392d5db9dfed9
    Block Time: "Sun, 4 Oct 2026 14:15:17 +0000"

eth_getBlockByNumber
eth_getLogs
eth_getBlockByNumber
eth_getBlockByNumber
eth_getBlockByNumber
eth_getBlockByNumber

    Block Number: 620
    Block Hash: 0x7bd335315c9e8660984bc9ec56e958c8173b840bac51b10b8572963c8987f192
    Block Time: "Sun, 4 Oct 2026 14:15:17 +0000"

eth_getBlockByNumber
eth_getBlockByNumber
eth_getLogs
eth_getBlockByNumber
eth_getBlockByNumber
eth_getBlockByNumber

    Block Number: 621
    Block Hash: 0xb089a9d9912528290d63e5c8ff5571426aa64db9716ce0b024bda2249934c868
    Block Time: "Sun, 4 Oct 2026 14:15:18 +0000"

eth_getBlockByNumber
eth_getLogs
eth_getBlockByNumber
eth_getBlockByNumber
eth_blockNumber
eth_getBlockByNumber
eth_feeHistory
eth_getBlockByNumber

    Block Number: 622
    Block Hash: 0x29e15ea50b32cd1e9927933955b801ec09e0daaeb1e0e6d69830f376fd39ece2
    Block Time: "Sun, 4 Oct 2026 14:15:18 +0000"

eth_getBlockByNumber
eth_getBlockByNumber
eth_getLogs
eth_getBlockByNumber
eth_getBlockByNumber
eth_getBlockByNumber

    Block Number: 623
    Block Hash: 0x7fba861e7dc85efe0f8411f819c462e6c9b7baec3502a0b1c82d82a9904162a2
    Block Time: "Sun, 4 Oct 2026 14:15:18 +0000"

eth_getBlockByNumber
eth_getLogs
eth_getBlockByNumber
eth_getBlockByNumber
eth_getBlockByNumber
eth_getBlockByNumber

    Block Number: 624
    Block Hash: 0xcfb7bd813aaab71c6f98730be35c358b38ed0de79507d83bd589180650a47bd2
    Block Time: "Sun, 4 Oct 2026 14:15:18 +0000"

eth_getBlockByNumber
eth_getBlockByNumber
eth_getLogs
eth_getBlockByNumber
eth_getBlockByNumber
eth_getBlockByNumber

    Block Number: 625
    Block Hash: 0x6a0490614c9928b98444c1734e2f5f4c7f12a4795fa3f0e63111a938000fa401
    Block Time: "Sun, 4 Oct 2026 14:15:19 +0000"

eth_getBlockByNumber
eth_getLogs
eth_getBlockByNumber
eth_getBlockByNumber
eth_getBlockByNumber
eth_getBlockByNumber

    Block Number: 626
    Block Hash: 0x52ed79a47d732837d75c91df71786230c4fd852a0c3b22e033c773695e40845a
    Block Time: "Sun, 4 Oct 2026 14:15:19 +0000"

eth_getBlockByNumber
eth_getBlockByNumber
eth_getLogs
eth_getBlockByNumber
eth_getBlockByNumber
eth_getBlockByNumber

    Block Number: 627
    Block Hash: 0xf801fee253e352fc419cb0300e1124f2e963b6b3373be6340fbd8dd613e8a90e
    Block Time: "Sun, 4 Oct 2026 14:15:19 +0000"

eth_getBlockByNumber
eth_getLogs
eth_getBlockByNumber
eth_call
eth_feeHistory
eth_simulateV1
eth_sendRawTransaction
eth_getBlockByNumber
eth_getTransactionReceipt

    Transaction: 0xfacff16f9316ea2eb495d255dd5764f9038c2dad8367dc5814a1e3549624028c
    Gas used: 141874

    Block Number: 628
    Block Hash: 0x9cc2fb29054f92bf2efb8e62eeb3f98f21e0c359cd1c734e91f02ec690650292
    Block Time: "Sun, 4 Oct 2026 14:15:19 +0000"

eth_getBlockByNumber
eth_getBlockByNumber
eth_getLogs
eth_getTransactionByHash
eth_getTransactionReceipt
eth_blockNumber
eth_getTransactionReceipt

    Block Number: 629
    Block Hash: 0x95f04d0f0ce5d88cde14524cd7db745d59d9a30df7f02382c38fbcbb19ac0839
    Block Time: "Sun, 4 Oct 2026 14:15:19 +0000"

eth_getBlockByNumber
eth_getTransactionByHash
eth_getBlockByNumber
eth_getLogs
eth_blockNumber
eth_getTransactionReceipt
eth_getBlockByNumber
eth_getBlockByNumber
eth_blockNumber
eth_getTransactionReceipt
eth_getBlockByNumber

    Block Number: 630
    Block Hash: 0x509ac0d74bbcb9aa1b908d7dcf3ea05470e5010c794f1e3f4f5c463dd78f3b20
    Block Time: "Sun, 4 Oct 2026 14:15:20 +0000"

eth_getBlockByNumber
eth_getLogs
eth_blockNumber
eth_getTransactionReceipt
eth_getBlockByNumber
eth_getBlockByNumber
eth_getBlockByNumber
eth_getBlockByNumber

    Block Number: 631
    Block Hash: 0x0b791177dd3ca7fbd3e672ac54388c5d3e10b78e8ff1769c6fbdd6b44b6cb720
    Block Time: "Sun, 4 Oct 2026 14:15:20 +0000"

eth_getBlockByNumber
eth_feeHistory
eth_simulateV1
eth_sendRawTransaction
eth_getTransactionReceipt

    Transaction: 0x5867c81a83ec087f11bf7ceb149b7b17501f18deb65a8fb41c74181b4a8d9d3c
    Gas used: 96797

    Block Number: 632
    Block Hash: 0x3bf117f5e1be7858feaaa7fd2a1be6da183f5b293fa65aa39b972cb460507191
    Block Time: "Sun, 4 Oct 2026 14:15:20 +0000"

eth_getBlockByNumber
eth_getBlockByNumber
eth_getLogs
eth_getLogs
eth_getBlockByNumber
eth_getTransactionReceipt
eth_blockNumber
eth_getTransactionReceipt
eth_getBlockByNumber
eth_getBlockByNumber

    Block Number: 633
    Block Hash: 0x0041f9b89bffd4cf13fb13d53923b8da38f91142822fb9f73344b9aa89342006
    Block Time: "Sun, 4 Oct 2026 14:15:20 +0000"

eth_blockNumber
eth_getTransactionReceipt
eth_getBlockByNumber
eth_getLogs
eth_getBlockByNumber
eth_blockNumber
eth_getTransactionReceipt
eth_getBlockByNumber
eth_getBlockByNumber
eth_blockNumber
eth_getTransactionReceipt
eth_getBlockByNumber

    Block Number: 634
    Block Hash: 0x0d2300d4a4399eba25b8133ce660d9b4fb326fb56ae29784cc209fc8b7d48c7a
    Block Time: "Sun, 4 Oct 2026 14:15:20 +0000"

eth_getBlockByNumber
eth_blockNumber
eth_getTransactionReceipt
eth_feeHistory
eth_simulateV1
eth_getBlockByNumber
eth_getLogs
eth_sendRawTransaction
eth_getTransactionReceipt

    Transaction: 0x480a48d8ac917988455664152cc1ba5c956204e18b9508b617b6137f85c3307f
    Gas used: 171356

    Block Number: 635
    Block Hash: 0x3da40f8fbd4781fcf27e9dd8d8ccd13a6df935078a5a58f819eb203be066be3b
    Block Time: "Sun, 4 Oct 2026 14:15:21 +0000"

eth_getBlockByNumber
eth_getBlockByNumber
eth_getLogs
eth_getTransactionReceipt
eth_blockNumber
eth_getTransactionReceipt
eth_getBlockByNumber

    Block Number: 636
    Block Hash: 0xe18adba88c566bf8d12986b29dc230e9c850b3e2921077f728248055ff32d181
    Block Time: "Sun, 4 Oct 2026 14:15:21 +0000"

eth_getBlockByNumber
eth_getLogs
eth_blockNumber
eth_getTransactionReceipt
eth_getBlockByNumber
eth_getBlockByNumber
eth_blockNumber
eth_getTransactionReceipt
eth_getBlockByNumber
eth_getBlockByNumber
eth_blockNumber
eth_getTransactionReceipt

    Block Number: 637
    Block Hash: 0x6e2019d4a233b621dbfbad89dba05e1b8ee51c19645461b5e9a9acd069c7df32
    Block Time: "Sun, 4 Oct 2026 14:15:21 +0000"

eth_getBlockByNumber
eth_getBlockByNumber
eth_getLogs
eth_blockNumber
eth_getTransactionReceipt
eth_getBlockByNumber
eth_getBlockByNumber
eth_getBlockByNumber

    Block Number: 638
    Block Hash: 0xadeeb20105057f01aa6fd1eed7ed49a1f108a148ffa8f057be8384932bdb2671
    Block Time: "Sun, 4 Oct 2026 14:15:21 +0000"

eth_getBlockByNumber
eth_getLogs
eth_getBlockByNumber
eth_getBlockByNumber
eth_getBlockByNumber
eth_getBlockByNumber

    Block Number: 639
    Block Hash: 0xf8f3631505a86d74deb3f9ad256eb89f464e67f26db3a6ec9dcaa9f870d11ecf
    Block Time: "Sun, 4 Oct 2026 14:15:21 +0000"

eth_getBlockByNumber
eth_getBlockByNumber
eth_getLogs
eth_getBlockByNumber
eth_getBlockByNumber
eth_getBlockByNumber

    Block Number: 640
    Block Hash: 0x6d125a17e666629729303f256c49dd1c85121ba2763e690473692db98a1b59f3
    Block Time: "Sun, 4 Oct 2026 14:15:22 +0000"

eth_getBlockByNumber
eth_getLogs
eth_getBlockByNumber
eth_getBlockByNumber
eth_getBlockByNumber
eth_getBlockByNumber

    Block Number: 641
    Block Hash: 0x2756eef5470aa4e881c240cffc1b1441bca8af0af928d47eb1d3489f17b1e2c8
    Block Time: "Sun, 4 Oct 2026 14:15:22 +0000"

eth_getBlockByNumber
eth_getBlockByNumber
eth_getLogs
eth_getBlockByNumber
eth_getBlockByNumber
eth_getBlockByNumber

    Block Number: 642
    Block Hash: 0xf71ec42629d2c2da83ed2f3c7722b5318dd05ded26683773d115eae65d5e87e6
    Block Time: "Sun, 4 Oct 2026 14:15:22 +0000"

eth_getBlockByNumber
eth_getLogs
eth_getBlockByNumber
eth_getBlockByNumber
eth_getBlockByNumber
eth_getBlockByNumber

    Block Number: 643
    Block Hash: 0x47f465eceafeac54048ee9cbee32fc7566d21c0f82a86ace403a8b43333e4004
    Block Time: "Sun, 4 Oct 2026 14:15:22 +0000"

eth_getBlockByNumber
eth_getBlockByNumber
eth_getLogs
eth_getBlockByNumber
eth_getBlockByNumber
eth_getBlockByNumber

    Block Number: 644
    Block Hash: 0x6cef64b7d07212f4cbf25f7125a846316ab24c7fd384f26bb8c246a22718d1ad
    Block Time: "Sun, 4 Oct 2026 14:15:23 +0000"

eth_getBlockByNumber
eth_getLogs
eth_getBlockByNumber
eth_getBlockByNumber
eth_getBlockByNumber
eth_getBlockByNumber

    Block Number: 645
    Block Hash: 0x5f6ab5e15aa0773d0b430799ea09c7fb2a2a74e9c2b53c0bf40c73d732ec75c6
    Block Time: "Sun, 4 Oct 2026 14:15:23 +0000"

eth_getBlockByNumber
eth_getBlockByNumber
eth_getLogs
eth_getBlockByNumber
eth_getBlockByNumber
eth_getBlockByNumber

    Block Number: 646
    Block Hash: 0xe19b23dd32f726d7b172ca1d55158a0564d67ae6fdecc93f4065d941dd898898
    Block Time: "Sun, 4 Oct 2026 14:15:23 +0000"

eth_getBlockByNumber
eth_getLogs
eth_getBlockByNumber
eth_getBlockByNumber
eth_call
eth_feeHistory
eth_simulateV1
eth_sendRawTransaction
eth_getTransactionReceipt

    Transaction: 0xb9b0b46e0334dc0e381eda858f10dfdc8c57d760d0a0669abdcf60b8a865cd8b
    Gas used: 141862

    Block Number: 647
    Block Hash: 0x0525c2351b3cacb644961e9aaeee9ba2c0bc1c01e6690e38281084c47550b1f0
    Block Time: "Sun, 4 Oct 2026 14:15:23 +0000"

eth_getBlockByNumber
eth_getBlockByNumber
eth_getLogs
eth_getTransactionByHash
eth_getTransactionReceipt
eth_blockNumber
eth_getTransactionReceipt

    Block Number: 648
    Block Hash: 0xc6aaa17c69c93867c6d6b271b5ddac80e4e58a2f58d46d595d5325c5e06679bc
    Block Time: "Sun, 4 Oct 2026 14:15:23 +0000"

eth_getBlockByNumber
eth_getTransactionByHash
eth_getBlockByNumber
eth_getLogs
eth_blockNumber
eth_getTransactionReceipt
eth_getBlockByNumber
eth_getBlockByNumber
eth_blockNumber
eth_getTransactionReceipt
eth_getBlockByNumber

    Block Number: 649
    Block Hash: 0xd63e12ecc5ff93f3275de50137f40c0a6c89b2c71f6b1e510c3e8260d2414bab
    Block Time: "Sun, 4 Oct 2026 14:15:24 +0000"

eth_getBlockByNumber
eth_getLogs
eth_blockNumber
eth_getTransactionReceipt
eth_getBlockByNumber
eth_getBlockByNumber
eth_getBlockByNumber
eth_getBlockByNumber

    Block Number: 650
    Block Hash: 0xdb196f66523957e8347e5497e1b1cd42540dfa119dfe6441895a6bd833534ae9
    Block Time: "Sun, 4 Oct 2026 14:15:24 +0000"

eth_getBlockByNumber
eth_feeHistory
eth_simulateV1
eth_sendRawTransaction
eth_getTransactionReceipt

    Transaction: 0xa27535657bece454e8af38733b7b349c84ec9c355759014a13d567484736bbef
    Gas used: 96785

    Block Number: 651
    Block Hash: 0x4d8279b88ec983692a5c06ea30f81bb8d140f53b63ab7bcf022786e63cbfec8f
    Block Time: "Sun, 4 Oct 2026 14:15:24 +0000"

eth_getBlockByNumber
eth_getBlockByNumber
eth_getLogs
eth_getLogs
eth_getBlockByNumber
eth_getTransactionReceipt
eth_blockNumber
eth_getTransactionReceipt
eth_getBlockByNumber
eth_getBlockByNumber

    Block Number: 652
    Block Hash: 0x6d413a4bf60d1909c93aa004394d7daa9a9f865a42f75fe55abe1916bba83262
    Block Time: "Sun, 4 Oct 2026 14:15:24 +0000"

eth_blockNumber
eth_getTransactionReceipt
eth_getBlockByNumber
eth_getLogs
eth_getBlockByNumber
eth_blockNumber
eth_getTransactionReceipt
eth_getBlockByNumber
eth_getBlockByNumber
eth_blockNumber
eth_getTransactionReceipt
eth_getBlockByNumber

    Block Number: 653
    Block Hash: 0x30829f736b9e26564232f712a4d4da75e631696c3768dd6d0b303eac66a13284
    Block Time: "Sun, 4 Oct 2026 14:15:24 +0000"

eth_getBlockByNumber
eth_getBlockByNumber
eth_blockNumber
eth_getTransactionReceipt
eth_getLogs
eth_feeHistory
eth_simulateV1
eth_sendRawTransaction
eth_getTransactionReceipt

    Transaction: 0xbc764b41db87332e8aaa313b4721cae16d84d368a97e58f3c1332527697fcff8
    Gas used: 171356

    Block Number: 654
    Block Hash: 0xd7faca01e44caf974fe8ecaf5c073e4599f047861961907d3998fd95e43ce65e
    Block Time: "Sun, 4 Oct 2026 14:15:25 +0000"

eth_getBlockByNumber
eth_getBlockByNumber
eth_getLogs
eth_getTransactionReceipt
eth_blockNumber
eth_getTransactionReceipt
eth_getBlockByNumber

    Block Number: 655
    Block Hash: 0x34e18fec6625e10c909f379209115bab8a8bb6ea9ebcab92431024ca700ecc1f
    Block Time: "Sun, 4 Oct 2026 14:15:25 +0000"

eth_getBlockByNumber
eth_getLogs
eth_blockNumber
eth_getTransactionReceipt
eth_getBlockByNumber
eth_getBlockByNumber
eth_blockNumber
eth_getTransactionReceipt
eth_getBlockByNumber
eth_getBlockByNumber
eth_blockNumber
eth_getTransactionReceipt

    Block Number: 656
    Block Hash: 0xebb7221cbf46ade0a1a6d04ac1690e88b89aa1c80e072bc30c0cb3a04024f6cf
    Block Time: "Sun, 4 Oct 2026 14:15:25 +0000"

eth_getBlockByNumber
eth_getBlockByNumber
eth_getLogs
eth_blockNumber
eth_getTransactionReceipt
eth_getBlockByNumber
eth_getBlockByNumber
eth_getBlockByNumber

    Block Number: 657
    Block Hash: 0xb8d8bdbaf7e72c3df9ec186ab03feb15e6a9fd900f6ad429959fc28689ffc28b
    Block Time: "Sun, 4 Oct 2026 14:15:25 +0000"

eth_getBlockByNumber
eth_getLogs
eth_getBlockByNumber
eth_getBlockByNumber
eth_getBlockByNumber
eth_getBlockByNumber

    Block Number: 658
    Block Hash: 0xcf08ae91cce70e4b3ebff76af16b7bd3b829d2ad85ab2eda20ad5505adeb7f29
    Block Time: "Sun, 4 Oct 2026 14:15:25 +0000"

eth_getBlockByNumber
eth_getBlockByNumber
eth_getLogs
eth_getBlockByNumber
eth_getBlockByNumber
eth_getBlockByNumber

    Block Number: 659
    Block Hash: 0xe32fd3f5891186163dc4731ff973d21ac117f0be20ea3fdffcd6456add789852
    Block Time: "Sun, 4 Oct 2026 14:15:26 +0000"

eth_getBlockByNumber
eth_getLogs
eth_getBlockByNumber
eth_getBlockByNumber
eth_getBlockByNumber
eth_getBlockByNumber

    Block Number: 660
    Block Hash: 0x2b12645f60602d11900e2be3928f1823d603ece800433b99673b14670ba66706
    Block Time: "Sun, 4 Oct 2026 14:15:26 +0000"

eth_getBlockByNumber
eth_getBlockByNumber
eth_getLogs
eth_getBlockByNumber
eth_getBlockByNumber
eth_getBlockByNumber

    Block Number: 661
    Block Hash: 0x2075e701f89e8b04d8a9b3b03370b5418b6cce03aebf8365511d58d26354d8fc
    Block Time: "Sun, 4 Oct 2026 14:15:26 +0000"

eth_getBlockByNumber
eth_getLogs
eth_getBlockByNumber
eth_getBlockByNumber
eth_getBlockByNumber
eth_getBlockByNumber

    Block Number: 662
    Block Hash: 0x7e2a60fa580fe85b409f820edf2a293c40853876a798fee2c9e19cb3c9a8944f
    Block Time: "Sun, 4 Oct 2026 14:15:26 +0000"

eth_getBlockByNumber
eth_getBlockByNumber
eth_getLogs
eth_getBlockByNumber
eth_getBlockByNumber
eth_getBlockByNumber

    Block Number: 663
    Block Hash: 0xaec92d7c6e3d5ee8bc4c0184fac2e2a7aab4eb0cd3be0b6b506d4366b477ea41
    Block Time: "Sun, 4 Oct 2026 14:15:27 +0000"

eth_getBlockByNumber
eth_getLogs
eth_getBlockByNumber
eth_getBlockByNumber
eth_getBlockByNumber
eth_getBlockByNumber

    Block Number: 664
    Block Hash: 0x47513c15801e05c2cdcdee3dbe3bd12daee121d3e69db4781dd4fd0444bf95d6
    Block Time: "Sun, 4 Oct 2026 14:15:27 +0000"

eth_getBlockByNumber
eth_getBlockByNumber
eth_getLogs
eth_getBlockByNumber
eth_getBlockByNumber
eth_getBlockByNumber

    Block Number: 665
    Block Hash: 0x8b2851ccebf755df04157b712c91f0f8ea7f0f0fa21c90a6bc3c8696ef9be1d9
    Block Time: "Sun, 4 Oct 2026 14:15:27 +0000"

eth_getBlockByNumber
eth_getLogs
eth_getBlockByNumber
eth_getBlockByNumber
eth_call
eth_feeHistory
eth_simulateV1
eth_sendRawTransaction
eth_getTransactionReceipt

    Transaction: 0xb28048338fbcc192cb48593e94377244a294006b2128d1a20d37fddd0b109628
    Gas used: 141874

    Block Number: 666
    Block Hash: 0xf53b5efb5ba8258f2455a1b32288999133de66ec424d0ce6351b081caa209ae3
    Block Time: "Sun, 4 Oct 2026 14:15:27 +0000"

eth_getBlockByNumber
eth_getBlockByNumber
eth_getLogs
eth_getTransactionByHash
eth_getTransactionReceipt
eth_blockNumber
eth_getTransactionReceipt

    Block Number: 667
    Block Hash: 0x2fc3ae4d0b84cfc65790bc479fad362f6e0cce88ff1717197401d7f9d23450ee
    Block Time: "Sun, 4 Oct 2026 14:15:27 +0000"

eth_getBlockByNumber
eth_getTransactionByHash
eth_getBlockByNumber
eth_getLogs
eth_blockNumber
eth_getTransactionReceipt
eth_getBlockByNumber
eth_getBlockByNumber
eth_blockNumber
eth_getTransactionReceipt
eth_getBlockByNumber

    Block Number: 668
    Block Hash: 0x33dad0ca8b5419d60a4e80dc809ad7cdbdbd3465d0c01fcd7e9e4be78be1de03
    Block Time: "Sun, 4 Oct 2026 14:15:28 +0000"

eth_getBlockByNumber
eth_getLogs
eth_blockNumber
eth_getTransactionReceipt
eth_getBlockByNumber
eth_getBlockByNumber
eth_getBlockByNumber
eth_getBlockByNumber

    Block Number: 669
    Block Hash: 0xe78da68d899f7b9451f1ffbc9c7b13853529062eec32d2059f309f8cc505ca66
    Block Time: "Sun, 4 Oct 2026 14:15:28 +0000"

eth_getBlockByNumber
eth_feeHistory
eth_simulateV1
eth_sendRawTransaction
eth_getTransactionReceipt

    Transaction: 0xeac21c7913d364ad1a3507b1e3c9aca55954f9eeab2aeb68babdb530a66a0e26
    Gas used: 96773

    Block Number: 670
    Block Hash: 0x9348ebbb29f28f01dbbecb6d7d134d0796deb41d0b63de04f4afc39d94d2b87e
    Block Time: "Sun, 4 Oct 2026 14:15:28 +0000"

eth_getBlockByNumber
eth_getBlockByNumber
eth_getLogs
eth_getLogs
eth_getBlockByNumber
eth_getTransactionReceipt
eth_blockNumber
eth_getTransactionReceipt
eth_getBlockByNumber
eth_getBlockByNumber

    Block Number: 671
    Block Hash: 0x6704a8bafbb64d6f7e539fb7a2540d06cbdb15febc483c7381f6b3949c26d2bc
    Block Time: "Sun, 4 Oct 2026 14:15:28 +0000"

eth_blockNumber
eth_getTransactionReceipt
eth_getBlockByNumber
eth_getLogs
eth_getBlockByNumber
eth_getBlockByNumber
eth_blockNumber
eth_getTransactionReceipt
eth_getBlockByNumber
eth_getBlockByNumber
eth_blockNumber
eth_getTransactionReceipt

    Block Number: 672
    Block Hash: 0x57c15ec20a2a7fdf22b204bcd2a191170318f94949ef01fafa7f89acbe94dff1
    Block Time: "Sun, 4 Oct 2026 14:15:28 +0000"

eth_getBlockByNumber
eth_getBlockByNumber
eth_getLogs
eth_blockNumber
eth_getTransactionReceipt
eth_feeHistory
eth_simulateV1
eth_sendRawTransaction
eth_getTransactionReceipt

    Transaction: 0x9a654d80dcbe9dca5d6d0314afe36ce2e61cc85dcdd0df6773b76d924085631c
    Gas used: 171356

    Block Number: 673
    Block Hash: 0x7f653b0975f6b8e0efd41f64b3a1cad552e5f0f3db22cfa882a8d0f24f1bb98e
    Block Time: "Sun, 4 Oct 2026 14:15:29 +0000"

eth_getBlockByNumber
eth_getBlockByNumber
eth_getLogs
eth_getTransactionReceipt
eth_blockNumber
eth_getTransactionReceipt
eth_getBlockByNumber

    Block Number: 674
    Block Hash: 0xb040b53ca065369cb446842cce398a7a699210d9257f10a4462318da2a21daf3
    Block Time: "Sun, 4 Oct 2026 14:15:29 +0000"

eth_getBlockByNumber
eth_getLogs
eth_blockNumber
eth_getTransactionReceipt
eth_getBlockByNumber
eth_getBlockByNumber
eth_blockNumber
eth_getTransactionReceipt
eth_getBlockByNumber
eth_getBlockByNumber
eth_blockNumber

    Block Number: 675
    Block Hash: 0x7abb6f793934fdc660f9e735fecb1bb67639a55eb8011ea51e8defc7a853b68e
    Block Time: "Sun, 4 Oct 2026 14:15:29 +0000"

eth_getBlockByNumber
eth_getTransactionReceipt
eth_getBlockByNumber
eth_getLogs
eth_getBlockByNumber
eth_blockNumber
eth_getTransactionReceipt
eth_getBlockByNumber
eth_getBlockByNumber

    Block Number: 676
    Block Hash: 0xab95e561bbae76c3fb4d943a00c8caefe9702362fcd11a47e10d52cd07795322
    Block Time: "Sun, 4 Oct 2026 14:15:29 +0000"

eth_getBlockByNumber
eth_getLogs
eth_getBlockByNumber
eth_getBlockByNumber
eth_getBlockByNumber
eth_getBlockByNumber

    Block Number: 677
    Block Hash: 0x3f17989ebd1b270fc287f50c10d026e85fe145e10e7f432cda1c30185a7dc4e0
    Block Time: "Sun, 4 Oct 2026 14:15:29 +0000"

eth_getBlockByNumber
eth_getBlockByNumber
eth_getLogs
eth_getBlockByNumber
eth_getBlockByNumber
eth_getBlockByNumber

    Block Number: 678
    Block Hash: 0x5d8cbbe1fb9a431baca3d84f1b4a2253ecd18a83578c8454cdaf396491bb6fff
    Block Time: "Sun, 4 Oct 2026 14:15:30 +0000"

eth_getBlockByNumber
eth_getLogs
eth_getBlockByNumber
eth_getBlockByNumber
eth_getBlockByNumber
eth_getBlockByNumber

    Block Number: 679
    Block Hash: 0x7cf51e519370923b470724b3cf92efc323c70ff46172626bb72934fd2b17918e
    Block Time: "Sun, 4 Oct 2026 14:15:30 +0000"

eth_getBlockByNumber
eth_getBlockByNumber
eth_getLogs
eth_getBlockByNumber
eth_getBlockByNumber
eth_getBlockByNumber

    Block Number: 680
    Block Hash: 0xafb5875375886236b044bf2f3d92325b33e4e37ec8ff2c9bb75fcbe4ce0cd012
    Block Time: "Sun, 4 Oct 2026 14:15:30 +0000"

eth_getBlockByNumber
eth_getLogs
eth_getBlockByNumber
eth_getBlockByNumber
eth_getBlockByNumber
eth_getBlockByNumber

    Block Number: 681
    Block Hash: 0x4d5595bc098114c599ae8794bc08beb73dabcc7112280126a35c4d590f1633ed
    Block Time: "Sun, 4 Oct 2026 14:15:30 +0000"

eth_getBlockByNumber
eth_getBlockByNumber
eth_getLogs
eth_getBlockByNumber
eth_getBlockByNumber
eth_getBlockByNumber

    Block Number: 682
    Block Hash: 0xb275fec90b9e56a077f144c6a629ae8262ade62e23bbb3be6dd2c87e5f220157
    Block Time: "Sun, 4 Oct 2026 14:15:31 +0000"

eth_getBlockByNumber
eth_getLogs
eth_getBlockByNumber
eth_getBlockByNumber
eth_blockNumber
eth_getBlockByNumber
eth_feeHistory
eth_getBlockByNumber

    Block Number: 683
    Block Hash: 0xc51ab71ab729785efbb2f5df217191bea560b5efab4e60af9a0a9b016e49ca1a
    Block Time: "Sun, 4 Oct 2026 14:15:31 +0000"

eth_getBlockByNumber
eth_getBlockByNumber
eth_getLogs
eth_getBlockByNumber
eth_getBlockByNumber
eth_getBlockByNumber

    Block Number: 684
    Block Hash: 0xa7d43fb44be974207afa7ae1364179f2177b1ae0c992084594f5bf53a1aeb8be
    Block Time: "Sun, 4 Oct 2026 14:15:31 +0000"

eth_getBlockByNumber
eth_getLogs
eth_getBlockByNumber
eth_getBlockByNumber
eth_call
eth_feeHistory
eth_simulateV1
eth_sendRawTransaction
eth_getTransactionReceipt
eth_getBlockByNumber

    Transaction: 0xb88b6f7d77e959108ca7c318fca903bfb194dcae8a8bd0e84e3dd106413d2a6a
    Gas used: 141874

    Block Number: 685
    Block Hash: 0x9f449d9217c0271c9b5b651120e85737fa72337316f3b27f9a855ab657c3b282
    Block Time: "Sun, 4 Oct 2026 14:15:31 +0000"

eth_getBlockByNumber
eth_getLogs
eth_getTransactionByHash

    Block Number: 686
    Block Hash: 0xbda85fecff5f73257f494af6a030dea2af9039c11fd08fce507295d9934a8597
    Block Time: "Sun, 4 Oct 2026 14:15:31 +0000"

eth_getTransactionReceipt
eth_blockNumber
eth_getBlockByNumber
eth_getTransactionReceipt
eth_getTransactionByHash
eth_getBlockByNumber
eth_getLogs
eth_getBlockByNumber
eth_blockNumber
eth_getTransactionReceipt
eth_getBlockByNumber
eth_getBlockByNumber
eth_blockNumber
eth_getTransactionReceipt

    Block Number: 687
    Block Hash: 0x75e9282fa0facbb7a1ac6dfd4c638b9458b51f73783b559ce84262171af8e89d
    Block Time: "Sun, 4 Oct 2026 14:15:32 +0000"

eth_getBlockByNumber
eth_getLogs
eth_getBlockByNumber
eth_blockNumber
eth_getTransactionReceipt
eth_getBlockByNumber
eth_getBlockByNumber
eth_getBlockByNumber

    Block Number: 688
    Block Hash: 0xda3071edd08523119f13ba3d27bd7d760f69ca829d1be41995d35442078d4369
    Block Time: "Sun, 4 Oct 2026 14:15:32 +0000"

eth_getBlockByNumber
eth_feeHistory
eth_simulateV1
eth_sendRawTransaction

    Transaction: 0x594eabb7b9e018f116c6cd16151daed5f7ac16bda59ad92585a29f70c018f63d
    Gas used: 96797

    Block Number: 689
    Block Hash: 0x64cede64de218db6c246418fd1d129dd161297ae56b57a18e08ae804d376fe9b
    Block Time: "Sun, 4 Oct 2026 14:15:32 +0000"

eth_getTransactionReceipt
eth_getBlockByNumber
eth_blockNumber
eth_getTransactionReceipt
eth_getBlockByNumber
eth_getLogs
eth_getLogs
eth_getBlockByNumber
eth_getBlockByNumber
eth_blockNumber
eth_getTransactionReceipt
eth_getBlockByNumber

    Block Number: 690
    Block Hash: 0x3cfe59f4d8c96d781982162220a0db642bb139b9228b9562fa8f2dce3063a8cc
    Block Time: "Sun, 4 Oct 2026 14:15:32 +0000"

eth_getBlockByNumber
eth_getLogs
eth_blockNumber
eth_getTransactionReceipt
eth_getBlockByNumber
eth_getBlockByNumber
eth_blockNumber
eth_getTransactionReceipt
eth_getBlockByNumber
eth_getBlockByNumber
eth_blockNumber
eth_getTransactionReceipt

    Block Number: 691
    Block Hash: 0x4f288098700c466362bb1132eaede50eb133df16c0adcbaa0cee5eee8d9b15f7
    Block Time: "Sun, 4 Oct 2026 14:15:32 +0000"

eth_getBlockByNumber
eth_getBlockByNumber
eth_getLogs
eth_blockNumber
eth_getTransactionReceipt
eth_feeHistory
eth_simulateV1
eth_sendRawTransaction
eth_getTransactionReceipt

    Transaction: 0x764579aa9a9d534f66762f975d5baeb02bee89b5dee7d9bdced57c61ec519bed
    Gas used: 171368

    Block Number: 692
    Block Hash: 0x86a6d3a3f6a43d170ec1c86a69a50862d88a673ff7c997b3526658f1408155e8
    Block Time: "Sun, 4 Oct 2026 14:15:33 +0000"

eth_getBlockByNumber
eth_getBlockByNumber
eth_getLogs
eth_getTransactionReceipt
eth_blockNumber
eth_getTransactionReceipt
eth_getBlockByNumber

    Block Number: 693
    Block Hash: 0x95aad07ebc491fd2c7debbf2897afd49afe892356ba423312c01a8d51c546a0c
    Block Time: "Sun, 4 Oct 2026 14:15:33 +0000"

eth_getBlockByNumber
eth_getLogs
eth_blockNumber
eth_getTransactionReceipt
eth_getBlockByNumber
eth_getBlockByNumber
eth_blockNumber
eth_getTransactionReceipt
eth_getBlockByNumber
eth_getBlockByNumber
eth_blockNumber
eth_getTransactionReceipt

    Block Number: 694
    Block Hash: 0x506ea68bd849cf1ca5c9493fd4a0135bff74bd56101b0cb747d170ad3b8c7e95
    Block Time: "Sun, 4 Oct 2026 14:15:33 +0000"

eth_getBlockByNumber
eth_getBlockByNumber
eth_getLogs
eth_blockNumber
eth_getTransactionReceipt
eth_getBlockByNumber
eth_getBlockByNumber
eth_getBlockByNumber

    Block Number: 695
    Block Hash: 0x8ec834fb38e0c5047351c1e3e0a1330e383a1cf283c0179bf1a1aaaa5e4f3875
    Block Time: "Sun, 4 Oct 2026 14:15:33 +0000"

eth_getBlockByNumber
eth_getLogs
eth_getBlockByNumber
eth_getBlockByNumber
eth_getBlockByNumber
eth_getBlockByNumber

    Block Number: 696
    Block Hash: 0x58f74b9467e4db9baf40108febd3165871ba84166849d8348981f992d7e5daa4
    Block Time: "Sun, 4 Oct 2026 14:15:33 +0000"

eth_getBlockByNumber
eth_getBlockByNumber
eth_getLogs
eth_getBlockByNumber
eth_getBlockByNumber
eth_getBlockByNumber

    Block Number: 697
    Block Hash: 0x7a795b311f6f159c834f03f00ee5245977b0fb26de5acf048c6dea46a346b4e5
    Block Time: "Sun, 4 Oct 2026 14:15:34 +0000"

eth_getBlockByNumber
eth_getLogs
eth_getBlockByNumber
eth_getBlockByNumber
eth_getBlockByNumber
eth_getBalance
eth_getBalance
eth_getTransactionCount
eth_getTransactionCount
eth_feeHistory
eth_feeHistory
eth_feeHistory
eth_feeHistory
eth_feeHistory
eth_feeHistory
eth_feeHistory
eth_feeHistory
eth_feeHistory
eth_feeHistory
eth_feeHistory
eth_feeHistory
eth_feeHistory
eth_feeHistory
eth_feeHistory
eth_feeHistory
eth_feeHistory
eth_feeHistory
eth_getBalance
eth_getTransactionCount
eth_feeHistory
eth_feeHistory
eth_feeHistory
eth_feeHistory
eth_feeHistory
eth_feeHistory
eth_feeHistory
eth_feeHistory
eth_feeHistory
eth_getBlockByNumber

    Block Number: 698
    Block Hash: 0x64d9ae8eee8cbd3d21204953c75b822e2e79df5f50777a2c2a8eefd395e77ca9
    Block Time: "Sun, 4 Oct 2026 14:15:34 +0000"

eth_getBlockByNumber
eth_getBlockByNumber
eth_getLogs
eth_getBlockByNumber
eth_getBlockByNumber
eth_getBlockByNumber

    Block Number: 699
    Block Hash: 0x04a847da618b313bf11334cfb255470362aba782659687bf37f8c91858d84249
    Block Time: "Sun, 4 Oct 2026 14:15:34 +0000"

eth_getBlockByNumber
eth_getLogs
eth_getBlockByNumber
eth_getBlockByNumber
eth_getBlockByNumber
eth_getBlockByNumber

    Block Number: 700
    Block Hash: 0xbad202aa49994653f462bddbf92d0064198ed0783370e9939fac36ebf18d223d
    Block Time: "Sun, 4 Oct 2026 14:15:34 +0000"

eth_getBlockByNumber
eth_getBlockByNumber
eth_getLogs
eth_getBlockByNumber
eth_getBlockByNumber
eth_getBlockByNumber

    Block Number: 701
    Block Hash: 0x555ba8d59a690daf4917f86af3b530b7bc3cc35752a49ed90dd0c22ec3f3953c
    Block Time: "Sun, 4 Oct 2026 14:15:35 +0000"

eth_getBlockByNumber
eth_getLogs
eth_getBlockByNumber
eth_getBlockByNumber
eth_getBlockByNumber
eth_getBlockByNumber

    Block Number: 702
    Block Hash: 0x6b3e544fe6825e4868385bfb9fb64ccb1779953391852c58a0fef43804abefef
    Block Time: "Sun, 4 Oct 2026 14:15:35 +0000"

eth_getBlockByNumber
eth_getBlockByNumber
eth_getLogs
eth_getBlockByNumber
eth_getBlockByNumber
eth_getBlockByNumber

    Block Number: 703
    Block Hash: 0x68e336f92095ead4da81d2a1034d6b0049e2798c93e443fcc780b40bb8d02c82
    Block Time: "Sun, 4 Oct 2026 14:15:35 +0000"

eth_getBlockByNumber
eth_getLogs
eth_getBlockByNumber
eth_getBlockByNumber
eth_getBlockByNumber
eth_getBlockByNumber

    Block Number: 704
    Block Hash: 0x86a66515153a768d6e7238e82520e0306c472b2ef4c5b40274722700754e20e2
    Block Time: "Sun, 4 Oct 2026 14:15:35 +0000"

eth_getBlockByNumber
eth_call
eth_feeHistory
eth_simulateV1
eth_sendRawTransaction
eth_getTransactionReceipt

    Transaction: 0xf3fd67dfeb8b0fde55b8ad6b54a3db51ffe371c05c59c2002e7f8d9bb792250b
    Gas used: 141886

    Block Number: 705
    Block Hash: 0xd96726f1134ea348ce67e03694b479dffefb9a10f754d6dd8757af22fded2c6c
    Block Time: "Sun, 4 Oct 2026 14:15:35 +0000"

eth_getBlockByNumber
eth_getBlockByNumber
eth_getLogs
eth_getLogs
eth_getTransactionByHash
eth_getBlockByNumber
eth_getTransactionByHash
eth_getTransactionReceipt
eth_blockNumber
eth_getTransactionReceipt
eth_getBlockByNumber
eth_getBlockByNumber
eth_blockNumber
eth_getTransactionReceipt

    Block Number: 706
    Block Hash: 0x1d86b68180a23a733fd91e49eb8fbdc026d1ac428704ef292632863acce353bc
    Block Time: "Sun, 4 Oct 2026 14:15:36 +0000"

eth_getBlockByNumber
eth_getLogs
eth_getBlockByNumber
eth_blockNumber
eth_getTransactionReceipt
eth_getBlockByNumber
eth_getBlockByNumber
eth_blockNumber
eth_getTransactionReceipt
eth_getBlockByNumber

    Block Number: 707
    Block Hash: 0xe70eef15593c589b3884cbeefd1ad80ad13bbb7b933f168528286d0b795e352a
    Block Time: "Sun, 4 Oct 2026 14:15:36 +0000"

eth_getBlockByNumber
eth_blockNumber
eth_getTransactionReceipt
eth_getBlockByNumber
eth_getLogs
eth_feeHistory
eth_simulateV1
eth_sendRawTransaction
eth_getTransactionReceipt

    Transaction: 0x5a81dab9593c165f7b922668bf72b866b614b2d8221e4a16040a9221805940d2
    Gas used: 96809

    Block Number: 708
    Block Hash: 0xdaab8b40f0c498b59109d9774fc325e32166fe8d10ca7d0c9ae0546ba7928f50
    Block Time: "Sun, 4 Oct 2026 14:15:36 +0000"

eth_getBlockByNumber
eth_getBlockByNumber
eth_getLogs
eth_getTransactionReceipt
eth_blockNumber
eth_getTransactionReceipt
eth_getBlockByNumber

    Block Number: 709
    Block Hash: 0x0d687e34de4c4e1960986f0eea750030ca20875c7bfbd9cb47d7bfbb009d7e79
    Block Time: "Sun, 4 Oct 2026 14:15:36 +0000"

eth_getBlockByNumber
eth_getLogs
eth_blockNumber
eth_getTransactionReceipt
eth_getBlockByNumber
eth_getBlockByNumber
eth_blockNumber
eth_getTransactionReceipt
eth_getBlockByNumber
eth_getBlockByNumber
eth_blockNumber
eth_getTransactionReceipt

    Block Number: 710
    Block Hash: 0xf6d304255a44e9a3a80478a85e2087f862a07561fde31cb6f76fc441fd1300b3
    Block Time: "Sun, 4 Oct 2026 14:15:36 +0000"

eth_getBlockByNumber
eth_getBlockByNumber
eth_getLogs
eth_blockNumber
eth_getTransactionReceipt
eth_feeHistory
eth_simulateV1
eth_sendRawTransaction
eth_getTransactionReceipt

    Transaction: 0x11c65b4824f42c493e2cd9b784f3b82a5b65fdbd07be95812450ea381417fee4
    Gas used: 171368

    Block Number: 711
    Block Hash: 0xc4a8bf26817a44d6f868465a8a24911a3ba2016b34b8b2995d96735a8a679249
    Block Time: "Sun, 4 Oct 2026 14:15:37 +0000"

eth_getBlockByNumber
eth_getBlockByNumber
eth_getLogs
eth_getTransactionReceipt
eth_blockNumber
eth_getTransactionReceipt
eth_getBlockByNumber

    Block Number: 712
    Block Hash: 0x9f8f99d819a3231124e93b66026a1f2d85c5766b0934f7ab614399544c4c0417
    Block Time: "Sun, 4 Oct 2026 14:15:37 +0000"

eth_getBlockByNumber
eth_getLogs
eth_blockNumber
eth_getTransactionReceipt
eth_getBlockByNumber
eth_getBlockByNumber
eth_blockNumber
eth_getTransactionReceipt
eth_getBlockByNumber
eth_getBlockByNumber
eth_blockNumber
eth_getTransactionReceipt

    Block Number: 713
    Block Hash: 0x6d846c73b1126819ef37cf84059596f05623ad543b7c64a640993481dc194705
    Block Time: "Sun, 4 Oct 2026 14:15:37 +0000"

eth_getBlockByNumber
eth_getBlockByNumber
eth_getLogs
eth_blockNumber
eth_getTransactionReceipt
eth_getBlockByNumber
eth_getBlockByNumber
eth_getBlockByNumber

    Block Number: 714
    Block Hash: 0x60e34b106f1ed02e91a4d9ac6db726451631a1507a08ba59f105d7412fe75d9a
    Block Time: "Sun, 4 Oct 2026 14:15:37 +0000"

eth_getBlockByNumber
eth_getLogs
eth_getBlockByNumber
eth_getBlockByNumber
eth_getBlockByNumber
eth_getBlockByNumber

    Block Number: 715
    Block Hash: 0xfcf9ae0ea99e7427c7c76215c20918c168b6ae49b2e6f988db13a9ccef899e6f
    Block Time: "Sun, 4 Oct 2026 14:15:37 +0000"

eth_getBlockByNumber
eth_getBlockByNumber
eth_getLogs
eth_getBlockByNumber
eth_getBlockByNumber
eth_getBlockByNumber

    Block Number: 716
    Block Hash: 0x8b4ed7bdd462b61993f7cb6e064bffc94ef1c408d571b11f47b3b23c8ada2a39
    Block Time: "Sun, 4 Oct 2026 14:15:38 +0000"

eth_getBlockByNumber
eth_getLogs
eth_getBlockByNumber
eth_getBlockByNumber
eth_getBlockByNumber
eth_getBlockByNumber

    Block Number: 717
    Block Hash: 0x83767770bb08eee7571a8c274c650e403bfbd3c03984bc2a71a1342b839ee991
    Block Time: "Sun, 4 Oct 2026 14:15:38 +0000"

eth_getBlockByNumber
eth_getBlockByNumber
eth_getLogs
eth_getBlockByNumber
eth_getBlockByNumber
eth_getBlockByNumber

    Block Number: 718
    Block Hash: 0x4e3bbd1feedcf0d2d7584d8956aedc14126ee699c8aa1d2557dde8a68d82417f
    Block Time: "Sun, 4 Oct 2026 14:15:38 +0000"

eth_getBlockByNumber
eth_getLogs
eth_getBlockByNumber
eth_getBlockByNumber
eth_getBlockByNumber
eth_getBlockByNumber

    Block Number: 719
    Block Hash: 0x0a96be542b7b077f35dd3c08ef3cb400badede0f76d20fe9e1c7a7b9b54d8da5
    Block Time: "Sun, 4 Oct 2026 14:15:38 +0000"

eth_getBlockByNumber
eth_getBlockByNumber
eth_getLogs
eth_getBlockByNumber
eth_getBlockByNumber
eth_getBlockByNumber

    Block Number: 720
    Block Hash: 0x1ea786197d5818b9c38b39ca8d6dd78d4593e8400843811bd4841e834c926f75
    Block Time: "Sun, 4 Oct 2026 14:15:39 +0000"

eth_getBlockByNumber
eth_getLogs
eth_getBlockByNumber
eth_getBlockByNumber
eth_getBlockByNumber
eth_getBlockByNumber

    Block Number: 721
    Block Hash: 0x7ba88431f055ee94668902af8c17b018adb7b20ad41891bab3d2eadca03d43e7
    Block Time: "Sun, 4 Oct 2026 14:15:39 +0000"

eth_getBlockByNumber
eth_getBlockByNumber
eth_getLogs
eth_getBlockByNumber
eth_getBlockByNumber
eth_getBlockByNumber

    Block Number: 722
    Block Hash: 0xfc6610b94da69033bf275fcece703c52a349ac173e04655442506e471fb1a06e
    Block Time: "Sun, 4 Oct 2026 14:15:39 +0000"

