

                             _   _
                            (_) | |
      __ _   _ __   __   __  _  | |
     / _` | | '_ \  \ \ / / | | | |
    | (_| | | | | |  \ V /  | | | |
     \__,_| |_| |_|   \_/   |_| |_|

    1.5.1-v1.5.1 (b0a9dd9ced 2025-12-19T14:07:55.455914129Z)
    https://github.com/foundry-rs/foundry

Available Accounts
==================

(0) 0xf39Fd6e51aad88F6F4ce6aB8827279cffFb92266 (10000.000000000000000000 ETH)
(1) 0x70997970C51812dc3A010C7d01b50e0d17dc79C8 (10000.000000000000000000 ETH)
(2) 0x3C44CdDdB6a900fa2b585dd299e03d12FA4293BC (10000.000000000000000000 ETH)
(3) 0x90F79bf6EB2c4f870365E785982E1f101E93b906 (10000.000000000000000000 ETH)
(4) 0x15d34AAf54267DB7D7c367839AAf71A00a2C6A65 (10000.000000000000000000 ETH)
(5) 0x9965507D1a55bcC2695C58ba16FB37d819B0A4dc (10000.000000000000000000 ETH)
(6) 0x976EA74026E726554dB657fA54763abd0C3a0aa9 (10000.000000000000000000 ETH)
(7) 0x14dC79964da2C08b23698B3D3cc7Ca32193d9955 (10000.000000000000000000 ETH)
(8) 0x23618e81E3f5cdF7f54C3d65f7FBc0aBf5B21E8f (10000.000000000000000000 ETH)
(9) 0xa0Ee7A142d267C1f36714E4a8F75612F20a79720 (10000.000000000000000000 ETH)

Private Keys
==================

(0) 0xac0974bec39a17e36ba4a6b4d238ff944bacb478cbed5efcae784d7bf4f2ff80
(1) 0x59c6995e998f97a5a0044966f0945389dc9e86dae88c7a8412f4603b6b78690d
(2) 0x5de4111afa1a4b94908f83103eb1f1706367c2e68ca870fc3fb9a804cdab365a
(3) 0x7c852118294e51e653712a81e05800f419141751be58f605c371e15141b007a6
(4) 0x47e179ec197488593b187f80a00eb0da91f1b9d0b13f8733639f19c30a34926a
(5) 0x8b3a350cf5c34c9194ca85829a2df0ec3153be0318b5e2d3348e872092edffba
(6) 0x92db14e403b83dfe3df233f83dfa3a0d7096f21ca9b0d6d6b8d88b2b4ec1564e
(7) 0x4bbbf85ce3377467afe5d46f804f221813b2bb87f24d81f60f1fcdbf7cbf4356
(8) 0xdbda1821b80551c9d65939329250298aa3472ba22feea921c0cf5d620ea67b97
(9) 0x2a871d0798f97d79848a013d4936a73bf4cc922c825d33c1cf7073dff6d409c6

Wallet
==================
Mnemonic:          test test test test test test test test test test test junk
Derivation path:   m/44'/60'/0'/0/


Chain ID
==================

31337

Base Fee
==================

1000000000

Gas Limit
==================

30000000

Genesis Timestamp
==================

1791111841

Genesis Number
==================

0

Listening on 127.0.0.1:8545

    Block Number: 129
    Block Hash: 0x48a4bd0afeb990558dfe87dd6d83d981b806dc10f7d6a61d4ba40d6cfda93234
    Block Time: "Sun, 4 Oct 2026 11:04:01 +0000"


    Block Number: 130
    Block Hash: 0x305ac7f1fbc94693617df1f235a8c002dfb9aff674e2c9f0e70636a4953587a0
    Block Time: "Sun, 4 Oct 2026 11:04:01 +0000"

eth_blockNumber
eth_getBlockByNumber
eth_getBlockByNumber
eth_config
eth_chainId
eth_getBlockByNumber
eth_getTransactionCount
eth_getTransactionCount
eth_getBlockByNumber
eth_call

    Block Number: 131
    Block Hash: 0x47820014d717233f37a6b1046e135960ed1bff74f3948b2cd457ed15ba5c9e09
    Block Time: "Sun, 4 Oct 2026 11:04:01 +0000"

eth_blockNumber
eth_getCode
eth_getCode
eth_getCode
eth_getCode
eth_getCode
eth_getCode
eth_getCode
eth_getCode
eth_getLogs
eth_getLogs
eth_getBlockByNumber
eth_chainId
eth_call
eth_call
eth_call
eth_call
eth_call
eth_blockNumber
eth_call
eth_getBlockByNumber
eth_call
eth_call
eth_getBlockByNumber
eth_getCode
eth_call
eth_call
eth_call

RPC request failed:
    Request: EthCall(WithOtherFields { inner: TransactionRequest { from: Some(0xcc56586344998606b6cd5e1f7fdeac51ace58968), to: Some(Call(0xe05bfdd95a6a04a5e99b9aba0177474a692895eb)), gas_price: None, max_fee_per_gas: None, max_priority_fee_per_gas: None, max_fee_per_blob_gas: None, gas: None, value: None, input: TransactionInput { input: Some(0x4d4b2cab000000000000000000000000d36307ad1049a678adfa86edd1de0e3d14ad8713), data: None }, nonce: None, chain_id: None, access_list: None, transaction_type: None, blob_versioned_hashes: None, sidecar: None, authorization_list: None }, other: OtherFields {} }, Some(latest), None, None)
    Error: Execution error: execution reverted

eth_call
eth_call
eth_call
eth_blockNumber
eth_call
eth_call
eth_call
eth_call
eth_call
eth_call
eth_getBlockByNumber
eth_getCode
eth_call
eth_call

    Block Number: 132
    Block Hash: 0xbd402fd00bf994ad61a13eeeed950f8cde25c3ede5e17081e5983f8b40a6a192
    Block Time: "Sun, 4 Oct 2026 11:04:02 +0000"

eth_blockNumber
eth_blockNumber
eth_blockNumber
eth_blockNumber
eth_call
eth_feeHistory
eth_blockNumber
eth_blockNumber
eth_call
eth_call
eth_call
eth_call
eth_call
eth_blockNumber
eth_getLogs
eth_call
eth_blockNumber
eth_getBlockByNumber
eth_getLogs
eth_getLogs
eth_call
eth_getBlockByNumber
eth_blockNumber
eth_call
eth_call
eth_call
eth_call
eth_call
eth_call
eth_call
eth_call
eth_call
eth_call
eth_getLogs
eth_call
eth_call
eth_call
eth_getCode
eth_call
eth_blockNumber
eth_blockNumber
eth_call
eth_getLogs
eth_blockNumber
eth_call
eth_call
eth_call
eth_call
eth_blockNumber
eth_call
eth_call
eth_getLogs
eth_call
eth_getBalance
eth_getBalance
eth_getTransactionCount
eth_getTransactionCount
eth_getLogs
eth_call
eth_call
eth_call
eth_call
eth_getBalance
eth_getBalance
eth_getTransactionCount
eth_call
eth_getTransactionCount
eth_feeHistory
eth_call
eth_feeHistory
eth_feeHistory
eth_feeHistory
eth_feeHistory
eth_feeHistory
eth_feeHistory
eth_feeHistory
eth_feeHistory
eth_feeHistory
eth_feeHistory
eth_feeHistory
eth_feeHistory
eth_feeHistory
eth_feeHistory
eth_feeHistory
eth_feeHistory
eth_feeHistory
eth_getBalance
eth_getTransactionCount
eth_getBalance
eth_getTransactionCount
eth_feeHistory
eth_feeHistory
eth_feeHistory
eth_feeHistory
eth_feeHistory
eth_feeHistory
eth_feeHistory
eth_feeHistory
eth_feeHistory
eth_getBlockByNumber
eth_getLogs
eth_getBlockByNumber
eth_getBlockByNumber
eth_getBlockByNumber
eth_getBlockByNumber

    Block Number: 133
    Block Hash: 0x3128141a7313b3a880805cdd798e790292503621fb865b42993885517424442a
    Block Time: "Sun, 4 Oct 2026 11:04:02 +0000"

eth_getBlockByNumber
eth_getLogs
eth_getBlockByNumber
eth_getLogs
eth_getBlockByNumber
eth_getBlockByNumber

    Block Number: 134
    Block Hash: 0x04fd146a0487528b13650564ae2dd07b510424a933811875f383367fc05efc68
    Block Time: "Sun, 4 Oct 2026 11:04:02 +0000"

eth_getBlockByNumber
eth_getLogs
eth_getBlockByNumber
eth_getLogs
eth_getBlockByNumber
eth_getBlockByNumber
eth_getBlockByNumber
eth_getBlockByNumber

    Block Number: 135
    Block Hash: 0x1e71fc6e9b8bb909ba12a36995225b72f510690862cbc1962661485ab200c58a
    Block Time: "Sun, 4 Oct 2026 11:04:02 +0000"

eth_getBlockByNumber
eth_getLogs
eth_getBlockByNumber
eth_getLogs
eth_getBlockByNumber
eth_getBlockByNumber

    Block Number: 136
    Block Hash: 0xe6ea9b290a264602494daec74245ec9c379e35df9cec7d222ddf8d7aaaf78224
    Block Time: "Sun, 4 Oct 2026 11:04:03 +0000"

eth_getBlockByNumber
eth_getLogs
eth_getBlockByNumber
eth_getLogs
eth_getBlockByNumber
eth_getBlockByNumber
eth_getBlockByNumber
eth_getBlockByNumber

    Block Number: 137
    Block Hash: 0x5168904278e24efaabf63f575989dff8abe886fee58c5646c6b1c002f318c1d4
    Block Time: "Sun, 4 Oct 2026 11:04:03 +0000"

eth_getBlockByNumber
eth_getLogs
eth_getBlockByNumber
eth_getLogs
eth_getBlockByNumber
eth_getBlockByNumber

    Block Number: 138
    Block Hash: 0xb1568be45ff6c0a142a6b2f1f7ca8020c76ab1e78f7d0975a1996ed9c0ad39c6
    Block Time: "Sun, 4 Oct 2026 11:04:03 +0000"

eth_getBlockByNumber
eth_getLogs
eth_getBlockByNumber
eth_getLogs
eth_getBlockByNumber
eth_getBlockByNumber
eth_getBlockByNumber
eth_getBlockByNumber

    Block Number: 139
    Block Hash: 0x507ab93a6a05b50257c91bf456265c55dd5cacd0b9b56932dc9dc818141d094b
    Block Time: "Sun, 4 Oct 2026 11:04:03 +0000"

eth_getBlockByNumber
eth_getLogs
eth_getBlockByNumber
eth_getLogs
eth_getBlockByNumber
eth_getBlockByNumber

    Block Number: 140
    Block Hash: 0x176af41a9db113dcadb3b5721d78d351d2228f62063b62c77f19bd87b4d38fad
    Block Time: "Sun, 4 Oct 2026 11:04:04 +0000"

eth_getBlockByNumber
eth_getLogs
eth_getBlockByNumber
eth_getLogs
eth_getBlockByNumber
eth_getBlockByNumber
eth_getBlockByNumber
eth_getBlockByNumber

    Block Number: 141
    Block Hash: 0xc3b44aa90c4de8cb3fcdf878f737b7dbc1f2919ebd7c2f33bf6d93b60ce87dde
    Block Time: "Sun, 4 Oct 2026 11:04:04 +0000"

eth_getBlockByNumber
eth_getLogs
eth_getBlockByNumber
eth_getLogs
eth_getBlockByNumber
eth_getBlockByNumber

    Block Number: 142
    Block Hash: 0x1a6c05e8e36f79b8cfb3f6ef59c1a82f7a65e4534be03ab8f0a9d6e70a394907
    Block Time: "Sun, 4 Oct 2026 11:04:04 +0000"

eth_getBlockByNumber
eth_getLogs
eth_getBlockByNumber
eth_getLogs
eth_getBlockByNumber
eth_getBlockByNumber
eth_getBlockByNumber
eth_getBlockByNumber

    Block Number: 143
    Block Hash: 0x08952c1cc7602751eb6ce5b8daa905800e1c81d5fbbdb319ec0fe3eb59696e79
    Block Time: "Sun, 4 Oct 2026 11:04:04 +0000"

eth_getBlockByNumber
eth_getLogs
eth_getBlockByNumber
eth_getLogs
eth_getBlockByNumber
eth_getBlockByNumber

    Block Number: 144
    Block Hash: 0x79248087c76b299e5c4fdeda61d6e6eb208e24629ea9fca360a6bbd4af4f421f
    Block Time: "Sun, 4 Oct 2026 11:04:05 +0000"

eth_getBlockByNumber
eth_getLogs
eth_getBlockByNumber
eth_getLogs
eth_getBlockByNumber
eth_getBlockByNumber
eth_getBlockByNumber
eth_getBlockByNumber

    Block Number: 145
    Block Hash: 0x635b028e5246b1f091e8c4d8560447eb38048bc7775bcd7cd156422b295b22ec
    Block Time: "Sun, 4 Oct 2026 11:04:05 +0000"

eth_getBlockByNumber
eth_getLogs
eth_getBlockByNumber
eth_getLogs
eth_getBlockByNumber
eth_getBlockByNumber

    Block Number: 146
    Block Hash: 0x5399213fc416c9b427c71e329fd3f4563b49c9243ecc6455a8ea487e33202a31
    Block Time: "Sun, 4 Oct 2026 11:04:05 +0000"

eth_getBlockByNumber
eth_getLogs
eth_getBlockByNumber
eth_getLogs
eth_getBlockByNumber
eth_getBlockByNumber
eth_getBlockByNumber
eth_getBlockByNumber

    Block Number: 147
    Block Hash: 0x32bdea5d21c0a6993d9279e6fc5bfa829476467e5b59b48d661164e53208e04b
    Block Time: "Sun, 4 Oct 2026 11:04:05 +0000"

eth_getBlockByNumber
eth_getLogs
eth_getBlockByNumber
eth_getLogs
eth_getBlockByNumber
eth_getBlockByNumber

    Block Number: 148
    Block Hash: 0x37e1edb4c536ac07fdbb18323a4fef5bc6fd7cae88e96c181e6b6002b806ebd1
    Block Time: "Sun, 4 Oct 2026 11:04:06 +0000"

eth_getBlockByNumber
eth_getLogs
eth_getLogs
eth_getBlockByNumber
eth_getLogs
eth_getBlockByNumber
eth_getBlockByNumber
eth_getBlockByNumber
eth_getBlockByNumber

    Block Number: 149
    Block Hash: 0xae093225d97f72728e1e9f5742a02f7e5a2972bbd9fece615912d2da1cd68a75
    Block Time: "Sun, 4 Oct 2026 11:04:06 +0000"

eth_getBlockByNumber
eth_getLogs
eth_getLogs
eth_getBlockByNumber
eth_getLogs
eth_getBlockByNumber
eth_getBlockByNumber

    Block Number: 150
    Block Hash: 0x174e1326a4abd0ddb5db9198db31b7653adf0ea3716c2f13067c06b432df819d
    Block Time: "Sun, 4 Oct 2026 11:04:06 +0000"

eth_getBlockByNumber
eth_getBlockByNumber
eth_getLogs
eth_getBlockByNumber
eth_getBlockByNumber
eth_getBlockByNumber
eth_getBlockByNumber

    Block Number: 151
    Block Hash: 0x0f954c0e3d1d6a6dc2f4660cb459ed53b6008f94d159055d66d9353f2943a3fa
    Block Time: "Sun, 4 Oct 2026 11:04:06 +0000"

eth_getBlockByNumber
eth_getBlockByNumber
eth_getLogs
eth_getBlockByNumber
eth_getBlockByNumber

    Block Number: 152
    Block Hash: 0x60c69b5d2c42e620ce0052a060b0f2f34a5356975b2b9ff862e9c7dd1238fae0
    Block Time: "Sun, 4 Oct 2026 11:04:07 +0000"

eth_getBlockByNumber
eth_getBlockByNumber
eth_getLogs
eth_getBlockByNumber
eth_getBlockByNumber
eth_getBlockByNumber
eth_getBlockByNumber

    Block Number: 153
    Block Hash: 0xd4532edabaad10dd5c0bd5ef4f342bdad92a5464f507ac7886e6d5e7209fdaa1
    Block Time: "Sun, 4 Oct 2026 11:04:07 +0000"

eth_getBlockByNumber
eth_getBlockByNumber
eth_getLogs
eth_getBlockByNumber
eth_getBlockByNumber

    Block Number: 154
    Block Hash: 0x853b0fbefadae77cd3ac01daeddefb897b0859959271bcc5fff42037ca9e53cb
    Block Time: "Sun, 4 Oct 2026 11:04:07 +0000"

eth_getBlockByNumber
eth_getBlockByNumber
eth_getLogs
eth_getBlockByNumber
eth_getBlockByNumber
eth_getBlockByNumber
eth_getBlockByNumber

    Block Number: 155
    Block Hash: 0x2c8345349d920d6c0067315c0bbd65ba483f302d216e1863f13796958ee7d945
    Block Time: "Sun, 4 Oct 2026 11:04:07 +0000"

eth_getBlockByNumber
eth_getBlockByNumber
eth_getLogs
eth_getBlockByNumber
eth_getBlockByNumber

    Block Number: 156
    Block Hash: 0xab0861864ba279c9fdd7c833c110f4099a495c071eed49273fc868681a5a65c9
    Block Time: "Sun, 4 Oct 2026 11:04:08 +0000"

eth_getBlockByNumber
eth_getBlockByNumber
eth_getLogs
eth_getBlockByNumber
eth_getBlockByNumber
eth_getBlockByNumber
eth_getBlockByNumber

    Block Number: 157
    Block Hash: 0x2a4fd296f567c972283534d0261b1867fcfb942df6b4703095db09117f1c50e9
    Block Time: "Sun, 4 Oct 2026 11:04:08 +0000"

eth_getBlockByNumber
eth_getBlockByNumber
eth_getLogs
eth_getBlockByNumber
eth_getBlockByNumber

    Block Number: 158
    Block Hash: 0x2c86fae0f89a428af9b10ec6403232766ea12aa68b20224550462698d53833e9
    Block Time: "Sun, 4 Oct 2026 11:04:08 +0000"

eth_getBlockByNumber
eth_getBlockByNumber
eth_getLogs
eth_getBlockByNumber
eth_getBlockByNumber
eth_getBlockByNumber
eth_getBlockByNumber

    Block Number: 159
    Block Hash: 0x8fdf6124978a3fe483786307903db3aef1852a0961d32235ddca8b8e37b14cd8
    Block Time: "Sun, 4 Oct 2026 11:04:08 +0000"

eth_getBlockByNumber
eth_getBlockByNumber
eth_getLogs
eth_getBlockByNumber
eth_getBlockByNumber

    Block Number: 160
    Block Hash: 0x756270417fe914225794c101ff2e69279ee3cb767197c0012d31391ebae9f91f
    Block Time: "Sun, 4 Oct 2026 11:04:09 +0000"

eth_getBlockByNumber
eth_getBlockByNumber
eth_getLogs
eth_getBlockByNumber
eth_getBlockByNumber
eth_getBlockByNumber
eth_getBlockByNumber

    Block Number: 161
    Block Hash: 0xa4ad9574b712bb8a320f2012ff3ffe72edbf9dd7734900d3f850b061bd8601e8
    Block Time: "Sun, 4 Oct 2026 11:04:09 +0000"

eth_getBlockByNumber
eth_getBlockByNumber
eth_getLogs
eth_getBlockByNumber
eth_getBlockByNumber

    Block Number: 162
    Block Hash: 0x739cc033ee684c464898bc77ae0ba09fea204e5930c31bca8b1b993dc92d8a85
    Block Time: "Sun, 4 Oct 2026 11:04:09 +0000"

eth_getBlockByNumber
eth_getBlockByNumber
eth_getLogs
eth_getBlockByNumber
eth_getBlockByNumber
eth_getBlockByNumber
eth_getBlockByNumber

    Block Number: 163
    Block Hash: 0xfbac4c32724f183068df180e5bc2444c8649472c6f33a8182962047c3cea5020
    Block Time: "Sun, 4 Oct 2026 11:04:09 +0000"

eth_getBlockByNumber
eth_getBlockByNumber
eth_getLogs
eth_getBlockByNumber
eth_getBlockByNumber

    Block Number: 164
    Block Hash: 0xb4398636a6f9630a28eb76f0299a2299effb46bf9e6a26a530c9832406cef095
    Block Time: "Sun, 4 Oct 2026 11:04:10 +0000"

eth_getBlockByNumber
eth_getBlockByNumber
eth_getLogs
eth_getBlockByNumber
eth_getBlockByNumber
eth_getBlockByNumber
eth_getBlockByNumber

    Block Number: 165
    Block Hash: 0x5e65b67abcbbaf3a5d37c41446fab5bbf52fc3ea54dd0690d46650a09482b674
    Block Time: "Sun, 4 Oct 2026 11:04:10 +0000"

eth_getBlockByNumber
eth_getBlockByNumber
eth_getLogs
eth_getBlockByNumber
eth_getBlockByNumber

    Block Number: 166
    Block Hash: 0xae2b3975691452dbbf19ef900625b383440897e3c8e2196aa702b9c7496f2940
    Block Time: "Sun, 4 Oct 2026 11:04:10 +0000"

eth_getBlockByNumber
eth_getBlockByNumber
eth_getLogs
eth_getBlockByNumber
eth_getBlockByNumber
eth_getBlockByNumber
eth_getBlockByNumber

    Block Number: 167
    Block Hash: 0x1421f7e43faee2fe39a8e59878c556b36e1ffa76911764403b0358b0f714f3bb
    Block Time: "Sun, 4 Oct 2026 11:04:10 +0000"

eth_getBlockByNumber
eth_call
eth_getTransactionCount
eth_feeHistory
eth_simulateV1
eth_chainId
eth_sendRawTransaction
eth_getBlockByNumber
eth_getLogs
eth_getBlockByNumber
eth_getBlockByNumber

    Block Number: 168
    Block Hash: 0x8c79e8008078dd0ed6189104b13530d1a39601525405899efa6c0809d2910a3b
    Block Time: "Sun, 4 Oct 2026 11:04:11 +0000"

eth_getBlockByNumber
eth_getBlockByNumber
eth_getLogs
eth_call
eth_getBlockByNumber
eth_getBlockByNumber
eth_getBlockByNumber
eth_getBlockByNumber

    Block Number: 169
    Block Hash: 0xfd60b11d44577593130fcb4f0be10d7394884fa93162bc3701f84fdd652f46e4
    Block Time: "Sun, 4 Oct 2026 11:04:11 +0000"

eth_getBlockByNumber
eth_getBlockByNumber
eth_getLogs
eth_getBlockByNumber
eth_getBlockByNumber

    Block Number: 170
    Block Hash: 0xf8a485053e42015f058d741652609725d5abe8125f1cfc3cfc8256a9435aa028
    Block Time: "Sun, 4 Oct 2026 11:04:11 +0000"

eth_getBlockByNumber
eth_getBlockByNumber
eth_getLogs
eth_getBlockByNumber
eth_getBlockByNumber
eth_getBlockByNumber
eth_getBlockByNumber

    Block Number: 171
    Block Hash: 0x35d1c6b3c920d03c822060dccebe35206ff34b2c0df4ed21ad258aeaea0ca3d8
    Block Time: "Sun, 4 Oct 2026 11:04:11 +0000"

eth_getBlockByNumber
eth_getBlockByNumber
eth_getLogs
eth_getBlockByNumber
eth_getBlockByNumber

    Block Number: 172
    Block Hash: 0x26a62e1c3c3c16eb4d1259d68158c691566c4dfb6df9c2ceb866b8d863087a45
    Block Time: "Sun, 4 Oct 2026 11:04:12 +0000"

eth_getBlockByNumber
eth_getBlockByNumber
eth_getLogs
eth_getBlockByNumber
eth_getBlockByNumber
eth_getBlockByNumber
eth_getBlockByNumber

    Block Number: 173
    Block Hash: 0x12625ebec781ed49e77726128a6758c1f05f5827b1c7aa487b88e0f4c71bb265
    Block Time: "Sun, 4 Oct 2026 11:04:12 +0000"

eth_getBlockByNumber
eth_getBlockByNumber
eth_getLogs
eth_getBlockByNumber
eth_getBlockByNumber

    Block Number: 174
    Block Hash: 0xd18cd2ee04c42d939c54d99ee448e333baaaf2335ed3bf732df9df2fb7e94671
    Block Time: "Sun, 4 Oct 2026 11:04:12 +0000"

eth_getBlockByNumber
eth_getBlockByNumber
eth_getLogs
eth_getBlockByNumber
eth_getBlockByNumber
eth_getBlockByNumber
eth_getBlockByNumber

    Block Number: 175
    Block Hash: 0x9bf4341c4638812c84668a1fbbc772182dec36d733d3e67579e4535a571f8dfb
    Block Time: "Sun, 4 Oct 2026 11:04:12 +0000"

eth_getBlockByNumber
eth_getBlockByNumber
eth_getLogs
eth_getBlockByNumber
eth_getBlockByNumber

    Block Number: 176
    Block Hash: 0xe561c218ead4b95a370aed9f22e2e8c1502c06848d4d886c78d9bf9fe8d84b6a
    Block Time: "Sun, 4 Oct 2026 11:04:13 +0000"

eth_getBlockByNumber
eth_getBlockByNumber
eth_getLogs
eth_getBlockByNumber
eth_getBlockByNumber
eth_getBlockByNumber
eth_getBlockByNumber

    Block Number: 177
    Block Hash: 0x41044405858ca8f625e252574a9316bde041df2ad203c3800f40b26aff1957f4
    Block Time: "Sun, 4 Oct 2026 11:04:13 +0000"

eth_getBlockByNumber
eth_getBlockByNumber
eth_getLogs
eth_getBlockByNumber
eth_getBlockByNumber

    Block Number: 178
    Block Hash: 0x85e9d80475c012dc9d80ac9935c1a5ae4502b83d1483bfb146247b2743b29ed9
    Block Time: "Sun, 4 Oct 2026 11:04:13 +0000"

eth_getBlockByNumber
eth_getBlockByNumber
eth_getLogs
eth_getBlockByNumber
eth_getBlockByNumber
eth_getBlockByNumber
eth_getBlockByNumber

    Block Number: 179
    Block Hash: 0xeb409f1d8e682569b634c98367d999e9d8d9c85d14bd1b07e73431a121ee5786
    Block Time: "Sun, 4 Oct 2026 11:04:13 +0000"

eth_getBlockByNumber
eth_getBlockByNumber
eth_getLogs
eth_getBlockByNumber
eth_getBlockByNumber

    Block Number: 180
    Block Hash: 0x964154af5a60c07ea66f749425a5acf423a19999fadd2655157c2d03c01dfbad
    Block Time: "Sun, 4 Oct 2026 11:04:14 +0000"

eth_getBlockByNumber
eth_getBlockByNumber
eth_getLogs
eth_getTransactionReceipt
eth_feeHistory
eth_simulateV1

    Transaction: 0x6483ece0d9e5a14e690b541b66f73b6ec2a210e11dbdbf200991cc386e725786
    Gas used: 197726

    Block Number: 181
    Block Hash: 0x0c1ef175d64f95416bb9a08e8cc9be715cead2cc9ad28f0ddeccb2e73029d9e8
    Block Time: "Sun, 4 Oct 2026 11:04:14 +0000"

eth_sendRawTransaction

    Transaction: 0xb4290b3dee63febe6d9dc9818393384ba2201643a7c2024500f616cd384cf10f
    Gas used: 144366

    Block Number: 182
    Block Hash: 0xad4d7a9af97e4962f6fdb4a6e6ee251b4446c8b29aac2943fd58e966c44e6466
    Block Time: "Sun, 4 Oct 2026 11:04:14 +0000"

eth_getBlockByNumber
eth_getBlockByNumber
eth_getBlockByNumber
eth_getLogs
eth_getLogs
eth_getTransactionByHash
eth_getTransactionByHash
eth_getTransactionReceipt
eth_getTransactionReceipt
eth_blockNumber
eth_getTransactionReceipt
eth_getBlockByNumber
eth_getBlockByNumber

    Block Number: 183
    Block Hash: 0x18bc973b34bd712a5680327592027ddbc419a56cac2da8cdf8f216dac804b103
    Block Time: "Sun, 4 Oct 2026 11:04:14 +0000"

eth_blockNumber
eth_getTransactionReceipt
eth_blockNumber
eth_getTransactionReceipt
eth_getBlockByNumber
eth_getBlockByNumber
eth_getLogs
eth_blockNumber
eth_getTransactionReceipt
eth_getBlockByNumber
eth_getBlockByNumber
eth_blockNumber
eth_getTransactionReceipt

    Block Number: 184
    Block Hash: 0x92f47d2b5db9763f6f937f135ccc7cff27adab4582863195f52c0bac65d5d8c5
    Block Time: "Sun, 4 Oct 2026 11:04:14 +0000"

eth_getBlockByNumber
eth_getBlockByNumber
eth_getLogs
eth_blockNumber
eth_getTransactionReceipt
eth_getBlockByNumber
eth_getBlockByNumber
eth_getBlockByNumber
eth_getBlockByNumber

    Block Number: 185
    Block Hash: 0x250ed1c289a89af9fcef8f398769b0db214c7f11cfdf097a02f42a8ed5bd49b5
    Block Time: "Sun, 4 Oct 2026 11:04:14 +0000"

eth_getBlockByNumber
eth_call
eth_feeHistory
eth_simulateV1
eth_sendRawTransaction
eth_getTransactionReceipt

    Transaction: 0x435c8328dea156d2462aa637c3fc981450af1f7e7f004eeab08938767f7670b9
    Gas used: 144378

    Block Number: 186
    Block Hash: 0x0a20bfbc780a114a8bddf96761295fb811332f1888a0d33dde47e869dbc00323
    Block Time: "Sun, 4 Oct 2026 11:04:14 +0000"

eth_getBlockByNumber
eth_getBlockByNumber
eth_getLogs
eth_getLogs
eth_getTransactionByHash
eth_getBlockByNumber
eth_getTransactionReceipt
eth_blockNumber
eth_getTransactionReceipt
eth_getBlockByNumber

    Block Number: 187
    Block Hash: 0xe01d0354597aaa836ed5d0b294d0fdebe0ed4d7a84800b16383123cc2df57588
    Block Time: "Sun, 4 Oct 2026 11:04:15 +0000"

eth_blockNumber
eth_feeHistory
eth_getBlockByNumber
eth_blockNumber
eth_getTransactionReceipt
eth_getTransactionCount
eth_feeHistory
eth_simulateV1
eth_sendRawTransaction
eth_getTransactionReceipt
eth_getBlockByNumber

    Transaction: 0x368b195ae41d39eec7df80c107f1c32343a53ee0d4b6eae68a0a7d25c8434f9b
    Gas used: 121235

    Block Number: 188
    Block Hash: 0x175897d4fa19baa7d57e2499cb1e58f964640e1a2f69926012e7e29016dfd8c3
    Block Time: "Sun, 4 Oct 2026 11:04:15 +0000"

eth_getLogs
eth_getBlockByNumber
eth_blockNumber
eth_getTransactionReceipt
eth_getBlockByNumber
eth_getLogs
eth_getTransactionReceipt
eth_blockNumber
eth_getTransactionReceipt
eth_getBlockByNumber
eth_getBlockByNumber
eth_blockNumber
eth_getTransactionReceipt

    Block Number: 189
    Block Hash: 0x2a640e082e967f1192ea213f26da51f6f0367a8074f4c9ca95e300dc637a91ab
    Block Time: "Sun, 4 Oct 2026 11:04:15 +0000"

eth_getBlockByNumber
eth_getBlockByNumber
eth_getLogs
eth_blockNumber
eth_getTransactionReceipt
eth_getBlockByNumber
eth_getBlockByNumber
eth_blockNumber
eth_getTransactionReceipt

    Block Number: 190
    Block Hash: 0xdb3f7da4b5c8ce53539766323726b052c0684cd1d4ace15540c773a74b6e8908
    Block Time: "Sun, 4 Oct 2026 11:04:15 +0000"

eth_getBlockByNumber
eth_getBlockByNumber
eth_getLogs
eth_blockNumber
eth_getTransactionReceipt
eth_getTransactionCount
eth_feeHistory
eth_simulateV1
eth_sendRawTransaction
eth_feeHistory
eth_getTransactionReceipt

    Transaction: 0xe4a27ac016544c778d86d91f49a1435b5f2ef28b23212d23686305783d08bc4f
    Gas used: 203884

    Block Number: 191
    Block Hash: 0x86f76fc0c1cb0757487e0b636b7bacee1c706585dabe740edf846fddfe0c0e0e
    Block Time: "Sun, 4 Oct 2026 11:04:15 +0000"

eth_simulateV1
eth_sendRawTransaction

    Transaction: 0x0151cd31b71a121fa0fad085264b4eff3b149c3a194059066bccd752256ca98f
    Gas used: 231619

    Block Number: 192
    Block Hash: 0xb0512f149cbee36f271f585004762999a33e2f1b925b1756499a7d2b13c7913c
    Block Time: "Sun, 4 Oct 2026 11:04:15 +0000"

eth_getBlockByNumber
eth_getBlockByNumber
eth_getBlockByNumber
eth_getLogs
eth_getLogs
eth_getTransactionReceipt
eth_blockNumber
eth_getTransactionReceipt
eth_getTransactionReceipt
eth_getBlockByNumber
eth_getBlockByNumber

    Block Number: 193
    Block Hash: 0x402fd2796b276a7645bee6088502fb9aed8d1018d1585b5ebad67c645e7a9edb
    Block Time: "Sun, 4 Oct 2026 11:04:15 +0000"

eth_blockNumber
eth_getTransactionReceipt
eth_blockNumber
eth_getTransactionReceipt
eth_getBlockByNumber
eth_getBlockByNumber
eth_getLogs
eth_blockNumber
eth_getTransactionReceipt
eth_getBlockByNumber
eth_getBlockByNumber
eth_blockNumber
eth_getTransactionReceipt

    Block Number: 194
    Block Hash: 0x7288b9c6c894de1a12e9653fec6e4abff34135dbe2298540b9485fedd9b78d47
    Block Time: "Sun, 4 Oct 2026 11:04:16 +0000"

eth_getBlockByNumber
eth_feeHistory
eth_simulateV1
eth_getBlockByNumber
eth_sendRawTransaction
eth_getLogs
eth_getTransactionReceipt

    Transaction: 0x0d4929e699c0e43f468cc350fd0b472dd59347b6fdb1a1c6af6878757d3e744c
    Gas used: 97193

    Block Number: 195
    Block Hash: 0x3fea2973e33a13b48409f5065118e59afe6ef78e4fbc414a28f2012b0f820db4
    Block Time: "Sun, 4 Oct 2026 11:04:16 +0000"

eth_blockNumber
eth_getTransactionReceipt
eth_getBlockByNumber
eth_getBlockByNumber
eth_getLogs
eth_getTransactionReceipt
eth_blockNumber
eth_getTransactionReceipt
eth_getBlockByNumber
eth_getBlockByNumber
eth_blockNumber
eth_getTransactionReceipt

    Block Number: 196
    Block Hash: 0x0179764fd65c6ae8d96305569d5651f3881150d0237c1227b0735cb520f3f51f
    Block Time: "Sun, 4 Oct 2026 11:04:16 +0000"

eth_getBlockByNumber
eth_getBlockByNumber
eth_getLogs
eth_blockNumber
eth_getTransactionReceipt
eth_getBlockByNumber
eth_getBlockByNumber
eth_blockNumber
eth_getTransactionReceipt

    Block Number: 197
    Block Hash: 0x1684856141817777913cab1e9eddb9fd18553b0fc1b9485cd6fc253af6b3e59b
    Block Time: "Sun, 4 Oct 2026 11:04:16 +0000"

eth_getBlockByNumber
eth_getBlockByNumber
eth_getLogs
eth_blockNumber
eth_getTransactionReceipt
eth_feeHistory
eth_simulateV1
eth_sendRawTransaction
eth_getTransactionReceipt

    Transaction: 0x03667de3f20782c67e6a7058a8f560e99fd066e58f3ca87dd8bfaa6a9a2a8d4f
    Gas used: 171368

    Block Number: 198
    Block Hash: 0x597297f1fcee2d8d475c3bd416a265fa3c1fc5f7d037967a110a5bd6e61983c9
    Block Time: "Sun, 4 Oct 2026 11:04:16 +0000"

eth_getBlockByNumber
eth_getBlockByNumber
eth_getLogs
eth_getTransactionReceipt
eth_blockNumber
eth_getTransactionReceipt
eth_getBlockByNumber
eth_getBlockByNumber

    Block Number: 199
    Block Hash: 0x54778b44859e504740642c75a97e941eb540b9d70b8bad270cfa46f372c53540
    Block Time: "Sun, 4 Oct 2026 11:04:16 +0000"

eth_blockNumber
eth_getTransactionReceipt
eth_getBlockByNumber
eth_getBlockByNumber
eth_getLogs
eth_blockNumber
eth_getTransactionReceipt
eth_getBlockByNumber
eth_getBlockByNumber
eth_blockNumber
eth_getTransactionReceipt

    Block Number: 200
    Block Hash: 0xdec6de9aadbaa4e1bff51a879a0fbdab676f007bcd56de1768697251309ae159
    Block Time: "Sun, 4 Oct 2026 11:04:17 +0000"

eth_getBlockByNumber
eth_getBlockByNumber
eth_getLogs
eth_blockNumber
eth_getTransactionReceipt
eth_getBlockByNumber
eth_getBlockByNumber
eth_getBlockByNumber
eth_getBlockByNumber

    Block Number: 201
    Block Hash: 0x3bc497f64da8b0eeb1a5bf80e953d4bc06da230d229a9150873f6cce45523555
    Block Time: "Sun, 4 Oct 2026 11:04:17 +0000"

eth_getBlockByNumber
eth_getTransactionByHash
eth_getBlockByNumber
eth_getLogs
eth_getBlockByNumber
eth_getBlockByNumber

    Block Number: 202
    Block Hash: 0x02992c543fc70b75f03f41d11c964dba990bcfce35783f5c66b8fec16d0f51cc
    Block Time: "Sun, 4 Oct 2026 11:04:17 +0000"

eth_getBlockByNumber
eth_getTransactionByHash
eth_getBlockByNumber
eth_getLogs
eth_getBlockByNumber
eth_getBlockByNumber
eth_getBlockByNumber
eth_getBlockByNumber

    Block Number: 203
    Block Hash: 0x216c218032aea2f802e54e22c86140fa7a3228e791574ab7007142683723802a
    Block Time: "Sun, 4 Oct 2026 11:04:17 +0000"

eth_getBlockByNumber
eth_getBlockByNumber
eth_getLogs
eth_getBlockByNumber
eth_getBlockByNumber

    Block Number: 204
    Block Hash: 0x147573eac0927a9a00cea5895ac5a2cd0a3c24190e7957392e2884f1adff7da1
    Block Time: "Sun, 4 Oct 2026 11:04:18 +0000"

eth_getBlockByNumber
eth_getBlockByNumber
eth_getLogs
eth_getBlockByNumber
eth_getBlockByNumber
eth_getBlockByNumber
eth_getBlockByNumber

    Block Number: 205
    Block Hash: 0xb15d9aa94543c67f7a8ad1acb30d5a474c61fc00355ed3905e21732ed2c08c00
    Block Time: "Sun, 4 Oct 2026 11:04:18 +0000"

eth_getBlockByNumber
eth_getBlockByNumber
eth_getLogs
eth_getBlockByNumber
eth_getBlockByNumber

    Block Number: 206
    Block Hash: 0x24d2a689412ab291783046236c36f85f7bd9801bd22bc09f841b8e24dbf88cd6
    Block Time: "Sun, 4 Oct 2026 11:04:18 +0000"

eth_getBlockByNumber
eth_getTransactionByHash
eth_getBlockByNumber
eth_getLogs
eth_getBlockByNumber
eth_getBlockByNumber
eth_getBlockByNumber
eth_getBlockByNumber

    Block Number: 207
    Block Hash: 0x9bbfac7fdb75a4d18383753ef0711e918f2014ac38bed4611b5410450b6a8a43
    Block Time: "Sun, 4 Oct 2026 11:04:18 +0000"

eth_getBlockByNumber
eth_getBlockByNumber
eth_getLogs
eth_call
eth_feeHistory
eth_simulateV1
eth_sendRawTransaction
eth_getTransactionReceipt

    Transaction: 0x3dbbbafd5cd1534d2b29b53222c8f936a2a5f09ccdb99f5d95bbc370482acd3f
    Gas used: 141874

    Block Number: 208
    Block Hash: 0x234d00c25697480d5bcc881770f9e145c55c4ac6a180dd77fb3f537ad0ab8f99
    Block Time: "Sun, 4 Oct 2026 11:04:18 +0000"

eth_getBlockByNumber
eth_getBlockByNumber
eth_getLogs
eth_getTransactionByHash
eth_getTransactionReceipt
eth_blockNumber
eth_getTransactionReceipt

    Block Number: 209
    Block Hash: 0x9ffd440c852a1543af6af55f35f85f407bc6548664471c13a0d5f00b76802fb8
    Block Time: "Sun, 4 Oct 2026 11:04:19 +0000"

eth_getBlockByNumber
eth_getBlockByNumber
eth_getLogs
eth_blockNumber
eth_getTransactionReceipt
eth_getBlockByNumber
eth_getBlockByNumber
eth_blockNumber
eth_getTransactionReceipt
eth_getBlockByNumber
eth_getBlockByNumber

    Block Number: 210
    Block Hash: 0xf2901621fd0ba9d8dbf3dcf0df4c8e41d49b3a7c2e6fd9bd4fe228814b18b352
    Block Time: "Sun, 4 Oct 2026 11:04:19 +0000"

eth_blockNumber
eth_getTransactionReceipt
eth_getBlockByNumber
eth_getBlockByNumber
eth_getLogs
eth_getBlockByNumber
eth_getBlockByNumber

    Block Number: 211
    Block Hash: 0x7fb9f988467b8c299ff6e9b8baff4d43afe3d3ecfeff2342d1319e4ea03892cc
    Block Time: "Sun, 4 Oct 2026 11:04:19 +0000"

eth_getBlockByNumber
eth_getBlockByNumber
eth_getLogs
eth_getBlockByNumber
eth_getBlockByNumber
eth_getBlockByNumber
eth_getBlockByNumber

    Block Number: 212
    Block Hash: 0x1fd49b7b237c2a02e5680303312e90df02070dde49a1b6c28d6af3b6e044f117
    Block Time: "Sun, 4 Oct 2026 11:04:19 +0000"

eth_getBlockByNumber
eth_getBlockByNumber
eth_getLogs
eth_getBlockByNumber
eth_getBlockByNumber

    Block Number: 213
    Block Hash: 0x0eadf2cf11a8f941cd988e81ba43bfca85a47c272605012b67b831dff6b758a2
    Block Time: "Sun, 4 Oct 2026 11:04:20 +0000"

eth_getBlockByNumber
eth_getBlockByNumber
eth_getLogs
eth_feeHistory
eth_simulateV1
eth_sendRawTransaction
eth_getTransactionReceipt

    Transaction: 0xd0f145e9d335348438f682177e89fd89545799ed95c9f83a6a4e4a487ab4b2bd
    Gas used: 96785

    Block Number: 214
    Block Hash: 0xc61b8fda1ef61881450de92aba23aeed8f8500acb229df564f808a8ff3975226
    Block Time: "Sun, 4 Oct 2026 11:04:20 +0000"

eth_getBlockByNumber
eth_getBlockByNumber
eth_getLogs
eth_getTransactionReceipt
eth_blockNumber
eth_getTransactionReceipt
eth_getBlockByNumber
eth_getBlockByNumber

    Block Number: 215
    Block Hash: 0xd158be727ddffd9a8e75d7c291855df90e5990dbb01335b188123e4eea4beabf
    Block Time: "Sun, 4 Oct 2026 11:04:20 +0000"

eth_blockNumber
eth_getTransactionReceipt
eth_getBlockByNumber
eth_getBlockByNumber
eth_getLogs
eth_blockNumber
eth_getTransactionReceipt
eth_getBlockByNumber
eth_getBlockByNumber
eth_blockNumber
eth_getTransactionReceipt

    Block Number: 216
    Block Hash: 0x0b55b247d697e4d5e196fe567953e1f2849b06c8adb62eaa6566804bbc3537ff
    Block Time: "Sun, 4 Oct 2026 11:04:20 +0000"

eth_getBlockByNumber
eth_getBlockByNumber
eth_getLogs
eth_blockNumber
eth_getTransactionReceipt
eth_feeHistory
eth_simulateV1
eth_sendRawTransaction
eth_getTransactionReceipt

    Transaction: 0x8c60e56adca4436cba6a4fb24fec3a7320e3b6b91dda1a290f53987bef6f5583
    Gas used: 171356

    Block Number: 217
    Block Hash: 0x943a247dff56da1bdc13f8ccbbbc3ee0f0ac12d6affdd55c831b8f4bb5593015
    Block Time: "Sun, 4 Oct 2026 11:04:20 +0000"

eth_getBlockByNumber
eth_getBlockByNumber
eth_getLogs
eth_getTransactionReceipt
eth_blockNumber
eth_getTransactionReceipt
eth_getBlockByNumber
eth_getBlockByNumber

    Block Number: 218
    Block Hash: 0x1610296d79e14e0869d1a430afacac8cb99d2567aba01410cb829d9ebb0ca7db
    Block Time: "Sun, 4 Oct 2026 11:04:20 +0000"

eth_blockNumber
eth_getTransactionReceipt
eth_getBlockByNumber
eth_getBlockByNumber
eth_getLogs
eth_blockNumber
eth_getTransactionReceipt
eth_getBlockByNumber
eth_getBlockByNumber
eth_blockNumber
eth_getTransactionReceipt

    Block Number: 219
    Block Hash: 0x72ca4193604479a5192df56da686077fd32c5b0ec7f54a9b60af49be802c6ab1
    Block Time: "Sun, 4 Oct 2026 11:04:21 +0000"

eth_getBlockByNumber
eth_getBlockByNumber
eth_getLogs
eth_blockNumber
eth_getTransactionReceipt
eth_getBlockByNumber
eth_getBlockByNumber
eth_getBlockByNumber
eth_getBlockByNumber

    Block Number: 220
    Block Hash: 0x9d1c42dcecc01d0de76462aebc36ab551d2d18bc4b7adab7b8f41bede161bf2d
    Block Time: "Sun, 4 Oct 2026 11:04:21 +0000"

eth_getBlockByNumber
eth_getBlockByNumber
eth_getLogs
eth_getBlockByNumber
eth_getBlockByNumber

    Block Number: 221
    Block Hash: 0xd9e981c4e51e68e84e23a398f88e9215dee2549fc62d536f04c40392d7c9c890
    Block Time: "Sun, 4 Oct 2026 11:04:21 +0000"

eth_getBlockByNumber
eth_getBlockByNumber
eth_getLogs
eth_getBlockByNumber
eth_getBlockByNumber
eth_getBlockByNumber
eth_getBlockByNumber

    Block Number: 222
    Block Hash: 0x3324b2558c4ffb81adefc6a5aa8cf8494e1521b4e67182bdf5e9c851eca70f43
    Block Time: "Sun, 4 Oct 2026 11:04:21 +0000"

eth_getBlockByNumber
eth_getBlockByNumber
eth_getLogs
eth_getBlockByNumber
eth_getBlockByNumber

    Block Number: 223
    Block Hash: 0x1173646c60361d79698a8b15735fbc73c0c9648f406cb897d374b35e4b171e54
    Block Time: "Sun, 4 Oct 2026 11:04:22 +0000"

eth_getBlockByNumber
eth_getBlockByNumber
eth_getLogs
eth_getBlockByNumber
eth_getBlockByNumber
eth_getBlockByNumber
eth_getBlockByNumber

    Block Number: 224
    Block Hash: 0xaa9f94edc49b4c87126f52ff631c7a049594c676fa76f366ed7a9e89c8127cb2
    Block Time: "Sun, 4 Oct 2026 11:04:22 +0000"

eth_getBlockByNumber
eth_getBlockByNumber
eth_getLogs
eth_getBlockByNumber
eth_getBlockByNumber

    Block Number: 225
    Block Hash: 0x4a0827f333eeff9fd7a6af53e88dec368b2f31c3dc2b99885a6ccb08697c4667
    Block Time: "Sun, 4 Oct 2026 11:04:22 +0000"

eth_getBlockByNumber
eth_getBlockByNumber
eth_getLogs
eth_getBlockByNumber
eth_getBlockByNumber
eth_getBlockByNumber
eth_getBlockByNumber

    Block Number: 226
    Block Hash: 0x79995f8ca09fc1b8e7ed66316651ffdc474821d3dbff6d04312b0edb8b88ff41
    Block Time: "Sun, 4 Oct 2026 11:04:22 +0000"

eth_getBlockByNumber
eth_getBlockByNumber
eth_getLogs
eth_call
eth_feeHistory
eth_simulateV1
eth_sendRawTransaction
eth_getTransactionReceipt

    Transaction: 0x4755e8cba608d35d2141e5f64ab757d4c37f6bdd3f83adeecef1ff66fcae1478
    Gas used: 141874

    Block Number: 227
    Block Hash: 0xab20e4f76e2f571cb0a782e72ebd27d6cafacb263025762a748c003728abc2d8
    Block Time: "Sun, 4 Oct 2026 11:04:22 +0000"

eth_getBlockByNumber
eth_getBlockByNumber
eth_getLogs
eth_getTransactionByHash
eth_getTransactionReceipt
eth_blockNumber
eth_getTransactionReceipt

    Block Number: 228
    Block Hash: 0x29c33bf72cc2e394f8bee052c696dcc73c6ecc41bd52ef193ae8523a67673e1a
    Block Time: "Sun, 4 Oct 2026 11:04:23 +0000"

eth_getBlockByNumber
eth_getTransactionByHash
eth_getBlockByNumber
eth_getLogs
eth_blockNumber
eth_getTransactionReceipt
eth_getBlockByNumber
eth_getBlockByNumber
eth_blockNumber
eth_getTransactionReceipt
eth_getBlockByNumber
eth_getBlockByNumber

    Block Number: 229
    Block Hash: 0x10a17c00852d00b4c2dcb8467d5d57226f890191b679c3c8dfc6e268e6edc992
    Block Time: "Sun, 4 Oct 2026 11:04:23 +0000"

eth_blockNumber
eth_getTransactionReceipt
eth_getBlockByNumber
eth_getBlockByNumber
eth_getLogs
eth_getBlockByNumber
eth_getBlockByNumber

    Block Number: 230
    Block Hash: 0x7c33673e33ea88f34934c8481e3255c0aff72c30a6119813d9fc45bebc774c55
    Block Time: "Sun, 4 Oct 2026 11:04:23 +0000"

eth_getBlockByNumber
eth_getBlockByNumber
eth_getLogs
eth_getBlockByNumber
eth_getBlockByNumber
eth_getBlockByNumber
eth_getBlockByNumber

    Block Number: 231
    Block Hash: 0x8c77f0234858b4e5168086324e5b4064a83be0b4436ad12ec5c553a1f5619361
    Block Time: "Sun, 4 Oct 2026 11:04:23 +0000"

eth_getBlockByNumber
eth_getBlockByNumber
eth_getLogs
eth_getBlockByNumber
eth_getBlockByNumber

    Block Number: 232
    Block Hash: 0xf391f9e63848a2c8a3db04b0878eb11322bd73a1c7347f3ecca16156a238a68c
    Block Time: "Sun, 4 Oct 2026 11:04:24 +0000"

eth_getBlockByNumber
eth_getBlockByNumber
eth_getLogs
eth_feeHistory
eth_simulateV1
eth_sendRawTransaction
eth_getTransactionReceipt

    Transaction: 0xc3dc7d70d9f7dd2ce0a6f75975489bcf06fe4241ac20ff7029e72f3b451ed98e
    Gas used: 96785

    Block Number: 233
    Block Hash: 0xd7f8772026df53438fc7f59ff157c2c587cfe863454b08bc4eb9832400f1c554
    Block Time: "Sun, 4 Oct 2026 11:04:24 +0000"

eth_getBlockByNumber
eth_getBlockByNumber
eth_getLogs
eth_getTransactionReceipt
eth_blockNumber
eth_getTransactionReceipt
eth_getBlockByNumber
eth_getBlockByNumber

    Block Number: 234
    Block Hash: 0xac5f41f933c87491c0a8fce66d918d7a278e2d505216e7cc8a2c38615c2c70a1
    Block Time: "Sun, 4 Oct 2026 11:04:24 +0000"

eth_blockNumber
eth_getTransactionReceipt
eth_getBlockByNumber
eth_getBlockByNumber
eth_getLogs
eth_blockNumber
eth_getTransactionReceipt
eth_getBlockByNumber
eth_getBlockByNumber
eth_blockNumber
eth_getTransactionReceipt

    Block Number: 235
    Block Hash: 0xdc4062c70c68c95838b1b2a5df1ae54e6cbf71391f733e379d58c6fff5ccb985
    Block Time: "Sun, 4 Oct 2026 11:04:24 +0000"

eth_getBlockByNumber
eth_getBlockByNumber
eth_getLogs
eth_blockNumber
eth_getTransactionReceipt
eth_feeHistory
eth_simulateV1
eth_sendRawTransaction
eth_getTransactionReceipt

    Transaction: 0xa415c7760e8ea92f13aaa197dd3356152b836e3f14cbf08b8a7ffd8f7fcbc332
    Gas used: 171368

    Block Number: 236
    Block Hash: 0x067d2516a1b30ac9bd56ab1bdebc73bf1424a38f640180a85fb01edd97eb2310
    Block Time: "Sun, 4 Oct 2026 11:04:24 +0000"

eth_getBlockByNumber
eth_getBlockByNumber
eth_getLogs
eth_getTransactionReceipt
eth_blockNumber
eth_getTransactionReceipt
eth_getBlockByNumber
eth_getBlockByNumber

    Block Number: 237
    Block Hash: 0x3be3884743a2106e58e18cbfe99852993a3e5815754518d40d27fad70fd9847a
    Block Time: "Sun, 4 Oct 2026 11:04:24 +0000"

eth_blockNumber
eth_getTransactionReceipt
eth_getBlockByNumber
eth_getBlockByNumber
eth_getLogs
eth_blockNumber
eth_getTransactionReceipt
eth_getBlockByNumber
eth_getBlockByNumber
eth_blockNumber
eth_getTransactionReceipt

    Block Number: 238
    Block Hash: 0x6b08b5b4a8bd9ed91f81397b8ab0a7c2a5487a18504bb985400258f1c7200408
    Block Time: "Sun, 4 Oct 2026 11:04:25 +0000"

eth_getBlockByNumber
eth_getBlockByNumber
eth_getLogs
eth_blockNumber
eth_getTransactionReceipt
eth_getBlockByNumber
eth_getBlockByNumber
eth_getBlockByNumber
eth_getBlockByNumber

    Block Number: 239
    Block Hash: 0xe0622e8a51c59d84feedfc558184290ea17bcddd59ae2d6b1c8e44bddc78fd0f
    Block Time: "Sun, 4 Oct 2026 11:04:25 +0000"

eth_getBlockByNumber
eth_getBlockByNumber
eth_getLogs
eth_getBlockByNumber
eth_getBlockByNumber

    Block Number: 240
    Block Hash: 0x41abd5fda49d39bed180a6c59472cd6cc720055e65be820c198af8e164593973
    Block Time: "Sun, 4 Oct 2026 11:04:25 +0000"

eth_getBlockByNumber
eth_getBlockByNumber
eth_getLogs
eth_getBlockByNumber
eth_getBlockByNumber
eth_getBlockByNumber
eth_getBlockByNumber

    Block Number: 241
    Block Hash: 0x9be1a5cdd213f1aa0d42580aa466ed4b43766e046136a301bb4ea4a33881b741
    Block Time: "Sun, 4 Oct 2026 11:04:25 +0000"

eth_getBlockByNumber
eth_getBlockByNumber
eth_getLogs
eth_getBlockByNumber
eth_getBlockByNumber

    Block Number: 242
    Block Hash: 0x052392d75333ec9c21b080dd37d4a4e28fb462b2ced7726705a913c3e5159638
    Block Time: "Sun, 4 Oct 2026 11:04:26 +0000"

eth_getBlockByNumber
eth_getBlockByNumber
eth_getLogs
eth_getBlockByNumber
eth_getBlockByNumber
eth_getBlockByNumber
eth_getBlockByNumber

    Block Number: 243
    Block Hash: 0xfc865e1c9299dd5a2fa44a0dacb380c51cf2b85bd435a70d734ab6d00bd336a0
    Block Time: "Sun, 4 Oct 2026 11:04:26 +0000"

eth_getBlockByNumber
eth_getBlockByNumber
eth_getLogs
eth_getBlockByNumber
eth_getBlockByNumber

    Block Number: 244
    Block Hash: 0xb4209c4bcb26689f8b349297500674eab6e660595dcf131d5872ef50c98f8e80
    Block Time: "Sun, 4 Oct 2026 11:04:26 +0000"

eth_getBlockByNumber
eth_getBlockByNumber
eth_getLogs
eth_getBlockByNumber
eth_getBlockByNumber
eth_getBlockByNumber
eth_getBlockByNumber

    Block Number: 245
    Block Hash: 0x7d27da73f0c299ce5b3aa22d2363efeb041ddd0d4b0183e23b08f2a5b3bfa9fc
    Block Time: "Sun, 4 Oct 2026 11:04:26 +0000"

eth_getBlockByNumber
eth_getBlockByNumber
eth_getLogs
eth_call
eth_feeHistory
eth_simulateV1
eth_sendRawTransaction
eth_getTransactionReceipt

    Transaction: 0x4cb892aea43c1b8d2635ab90db432b576a5849d0dc38260c367d8854ff1b9b7d
    Gas used: 141886

    Block Number: 246
    Block Hash: 0xb43f10688bd6a8276b94a722a07c7345f8cbd4bf2099515c43bb95f49835d80f
    Block Time: "Sun, 4 Oct 2026 11:04:26 +0000"

eth_getBlockByNumber
eth_getBlockByNumber
eth_getLogs
eth_getTransactionByHash
eth_getTransactionReceipt
eth_blockNumber
eth_getTransactionReceipt

    Block Number: 247
    Block Hash: 0x37e5a91377640447278257918c24966c38df7e5c3fe54d1567d24827781fee61
    Block Time: "Sun, 4 Oct 2026 11:04:27 +0000"

eth_getBlockByNumber
eth_getTransactionByHash
eth_getBlockByNumber
eth_getLogs
eth_blockNumber
eth_getTransactionReceipt
eth_getBlockByNumber
eth_getBlockByNumber
eth_blockNumber
eth_getTransactionReceipt
eth_getBlockByNumber
eth_getBlockByNumber

    Block Number: 248
    Block Hash: 0x5c5d0aa4ce4aa7e8ed0ace56c49f26d585d93d711bf4468eb42c1a8ac141690d
    Block Time: "Sun, 4 Oct 2026 11:04:27 +0000"

eth_blockNumber
eth_getTransactionReceipt
eth_getBlockByNumber
eth_getBlockByNumber
eth_getLogs
eth_getBlockByNumber
eth_getBlockByNumber

    Block Number: 249
    Block Hash: 0xa375aa159788d2fc87d2fc1ac0b16e3d34be356159ecce81004fd40a1be2e3ac
    Block Time: "Sun, 4 Oct 2026 11:04:27 +0000"

eth_getBlockByNumber
eth_getBlockByNumber
eth_getLogs
eth_getBlockByNumber
eth_getBlockByNumber
eth_getBlockByNumber
eth_getBlockByNumber

    Block Number: 250
    Block Hash: 0xe0e2462efdff9b6c5a72005e9b9c0e3f552d7ee4be3405e31a513719352868b7
    Block Time: "Sun, 4 Oct 2026 11:04:27 +0000"

eth_getBlockByNumber
eth_getBlockByNumber
eth_getLogs
eth_getBlockByNumber
eth_getBlockByNumber

    Block Number: 251
    Block Hash: 0x406ced959a4642cb9e93292f69f1ec7479d2722d45fbf3315359f2ffd4a7fa49
    Block Time: "Sun, 4 Oct 2026 11:04:28 +0000"

eth_blockNumber
eth_getBlockByNumber
eth_feeHistory
eth_getBlockByNumber
eth_getLogs
eth_feeHistory
eth_simulateV1
eth_sendRawTransaction
eth_getTransactionReceipt

    Transaction: 0xaaf69e4fb236eca5d3f5b599bf2841f7cfd1b8cee1ba4c45e79369e82946ff76
    Gas used: 96809

    Block Number: 252
    Block Hash: 0x2a944e0460e7c1b50e93f5b84d536f600eb569eefc40ac6ea1b9c634f3c30521
    Block Time: "Sun, 4 Oct 2026 11:04:28 +0000"

eth_getBlockByNumber
eth_getBlockByNumber
eth_getLogs
eth_getTransactionReceipt
eth_blockNumber
eth_getTransactionReceipt
eth_getBlockByNumber
eth_getBlockByNumber

    Block Number: 253
    Block Hash: 0x28007b1f33871af61f675e8dc3869473b8798135584b97d66d274ff075b13a52
    Block Time: "Sun, 4 Oct 2026 11:04:28 +0000"

eth_blockNumber
eth_getTransactionReceipt
eth_getBlockByNumber
eth_getBlockByNumber
eth_getLogs
eth_blockNumber
eth_getTransactionReceipt
eth_getBlockByNumber
eth_getBlockByNumber
eth_blockNumber
eth_getTransactionReceipt

    Block Number: 254
    Block Hash: 0xe92df5f2d2d37e9bc554b4c142677f41770c72529ca60898210b7df98d19a186
    Block Time: "Sun, 4 Oct 2026 11:04:28 +0000"

eth_getBlockByNumber
eth_getBlockByNumber
eth_getLogs
eth_blockNumber
eth_getTransactionReceipt
eth_feeHistory
eth_simulateV1
eth_sendRawTransaction
eth_getTransactionReceipt

    Transaction: 0x8396247d495850b5d0389256da1b0d91711a8ad9ab588b0ce67bdc909dfba34f
    Gas used: 171368

    Block Number: 255
    Block Hash: 0xecbf1d4127f13a416416019b06990dd5d8d1e4530ed6233dfbd4274dd182fed2
    Block Time: "Sun, 4 Oct 2026 11:04:28 +0000"

eth_getBlockByNumber
eth_getBlockByNumber
eth_getLogs
eth_getTransactionReceipt
eth_blockNumber
eth_getTransactionReceipt
eth_getBlockByNumber
eth_getBlockByNumber

    Block Number: 256
    Block Hash: 0xc22c2ee05ba930cb21c8425b1f2469a854e40a0adf7c1a605f695fe522b12cbb
    Block Time: "Sun, 4 Oct 2026 11:04:28 +0000"

eth_blockNumber
eth_getTransactionReceipt
eth_getBlockByNumber
eth_getBlockByNumber
eth_getLogs
eth_blockNumber
eth_getTransactionReceipt
eth_getBlockByNumber
eth_getBlockByNumber
eth_blockNumber
eth_getTransactionReceipt

    Block Number: 257
    Block Hash: 0x6894fa6b39a8d50007b81094c053d270d039a2e388a5fd15be6f9648e874451d
    Block Time: "Sun, 4 Oct 2026 11:04:29 +0000"

eth_getBlockByNumber
eth_getBlockByNumber
eth_getLogs
eth_blockNumber
eth_getTransactionReceipt
eth_getBlockByNumber
eth_getBlockByNumber
eth_getBlockByNumber
eth_getBlockByNumber

    Block Number: 258
    Block Hash: 0x7f92f17d09cfa266ca1d0b168bda3d70d775eefb3e2c466d86e3c2eb98da96a8
    Block Time: "Sun, 4 Oct 2026 11:04:29 +0000"

eth_getBlockByNumber
eth_getBlockByNumber
eth_getLogs
eth_getBlockByNumber
eth_getBlockByNumber

    Block Number: 259
    Block Hash: 0x9dfc2e954eb458f96caf3af1811e0e063bc91a381e4b9a08c24c4b3c510ca5fc
    Block Time: "Sun, 4 Oct 2026 11:04:29 +0000"

eth_getBlockByNumber
eth_getBlockByNumber
eth_getLogs
eth_getBlockByNumber
eth_getBlockByNumber
eth_getBlockByNumber
eth_getBlockByNumber

    Block Number: 260
    Block Hash: 0xb9e819c50c39712d0b90e626cf8b0b2e15a055bf49f8936b5e234db6c5d351d8
    Block Time: "Sun, 4 Oct 2026 11:04:29 +0000"

eth_getBlockByNumber
eth_getBlockByNumber
eth_getLogs
eth_getBlockByNumber
eth_getBlockByNumber

    Block Number: 261
    Block Hash: 0xb934405414af2adf056de9502202fe09a6b04cc00d532f2ec7739989441e43fb
    Block Time: "Sun, 4 Oct 2026 11:04:30 +0000"

eth_getBlockByNumber
eth_getBlockByNumber
eth_getLogs
eth_getBlockByNumber
eth_getBlockByNumber
eth_getBlockByNumber
eth_getBlockByNumber

    Block Number: 262
    Block Hash: 0x0649c37562aee473e0a5d5f9f2ad073014d4adb8c961543ede41e150402cdf18
    Block Time: "Sun, 4 Oct 2026 11:04:30 +0000"

eth_getBlockByNumber
eth_getBlockByNumber
eth_getLogs
eth_getBlockByNumber
eth_getBlockByNumber

    Block Number: 263
    Block Hash: 0xe2560415c6f0727e5b8ca6aa287559c0d047eec798c94f4667961a144953ff31
    Block Time: "Sun, 4 Oct 2026 11:04:30 +0000"

eth_getBlockByNumber
eth_getBlockByNumber
eth_getLogs
eth_getBlockByNumber
eth_getBlockByNumber
eth_getBlockByNumber
eth_getBlockByNumber

    Block Number: 264
    Block Hash: 0x948969033ebb97470106daf12a719e840f1326b63f8da66954b822d580c000ac
    Block Time: "Sun, 4 Oct 2026 11:04:30 +0000"

eth_getBlockByNumber
eth_getBlockByNumber
eth_getLogs
eth_call
eth_getBlockByNumber
eth_feeHistory
eth_simulateV1
eth_sendRawTransaction
eth_getTransactionReceipt

    Transaction: 0x402286b76ecd379f2a64ca1e25887daa215b0c15981baa45bb4551e11ba4dfb6
    Gas used: 141886

    Block Number: 265
    Block Hash: 0x664c74e20654a74f1e11963dccd7680bb8502ee53aa1e7fc339a7341da5e5dfe
    Block Time: "Sun, 4 Oct 2026 11:04:30 +0000"

eth_getBlockByNumber
eth_getLogs
eth_getTransactionByHash

    Block Number: 266
    Block Hash: 0x2f363b658d95433e3436aa61dab10ad5aa745bcde457d31623961cf5647162fd
    Block Time: "Sun, 4 Oct 2026 11:04:31 +0000"

eth_getBlockByNumber
eth_getTransactionByHash
eth_getTransactionReceipt
eth_blockNumber
eth_getTransactionReceipt
eth_getBlockByNumber
eth_getLogs
eth_getBlockByNumber
eth_blockNumber
eth_getTransactionReceipt
eth_getBlockByNumber
eth_getBlockByNumber
eth_blockNumber
eth_getTransactionReceipt
eth_getBlockByNumber

    Block Number: 267
    Block Hash: 0x291cea101b87356aa784571868a48c0e2ca3b23f5566fa2b630a719cd753055b
    Block Time: "Sun, 4 Oct 2026 11:04:31 +0000"

eth_getBlockByNumber
eth_blockNumber
eth_getTransactionReceipt
eth_getBlockByNumber
eth_getLogs
eth_getBlockByNumber
eth_getBlockByNumber

    Block Number: 268
    Block Hash: 0x0a043ae12c832b2d635e409115555432e1058484743208b2921cc0ad9c8b310d
    Block Time: "Sun, 4 Oct 2026 11:04:31 +0000"

eth_getBlockByNumber
eth_getBlockByNumber
eth_getLogs
eth_getBlockByNumber
eth_getBlockByNumber
eth_getBlockByNumber
eth_getBlockByNumber

    Block Number: 269
    Block Hash: 0x9b6443f5c1e34e127215ee8d991bd9be27f4809adec40e42682a427ea8007574
    Block Time: "Sun, 4 Oct 2026 11:04:31 +0000"

eth_getBlockByNumber
eth_getBlockByNumber
eth_getLogs
eth_getBlockByNumber
eth_getBlockByNumber

    Block Number: 270
    Block Hash: 0x4a8298631b46328f4c3657f962aef12b1d05b10e264b6bc018a4edcc64a7a90f
    Block Time: "Sun, 4 Oct 2026 11:04:32 +0000"

eth_getBlockByNumber
eth_getBlockByNumber
eth_getLogs
eth_feeHistory
eth_simulateV1
eth_sendRawTransaction
eth_getTransactionReceipt

    Transaction: 0x3fa4f2f5b452bf669a6d1751465a73aa23c665c8b375608c259affac7cc2384e
    Gas used: 96797

    Block Number: 271
    Block Hash: 0x3fec113465548c8357170868d6024d06511285aad682b38cff95bee1e84f4e66
    Block Time: "Sun, 4 Oct 2026 11:04:32 +0000"

eth_getBlockByNumber
eth_getBlockByNumber
eth_getLogs
eth_getTransactionReceipt
eth_blockNumber
eth_getTransactionReceipt
eth_getBlockByNumber
eth_getBlockByNumber

    Block Number: 272
    Block Hash: 0x771725bc83ff86f0d16acd123d2636c8b73387807edfdc1c6e68282179311253
    Block Time: "Sun, 4 Oct 2026 11:04:32 +0000"

eth_blockNumber
eth_getTransactionReceipt
eth_getBlockByNumber
eth_getBlockByNumber
eth_getLogs
eth_blockNumber
eth_getTransactionReceipt
eth_getBlockByNumber
eth_getBlockByNumber
eth_blockNumber
eth_getTransactionReceipt

    Block Number: 273
    Block Hash: 0xe32d0d20a63e74264953a4a63609827b5996102020fe1baa0790bdddcfabe8cd
    Block Time: "Sun, 4 Oct 2026 11:04:32 +0000"

eth_getBlockByNumber
eth_getBlockByNumber
eth_getLogs
eth_blockNumber
eth_getTransactionReceipt
eth_feeHistory
eth_simulateV1
eth_sendRawTransaction

    Transaction: 0x06c713e82d434d9776ee2b3f05c9d96f7bb154ca0c24c7051961970c17c26d0e
    Gas used: 171368

    Block Number: 274
    Block Hash: 0xb405e26f7d292bbc9ea38875ad36297f08546c39db48d88db7d5f5ff675b93d0
    Block Time: "Sun, 4 Oct 2026 11:04:32 +0000"

eth_getTransactionReceipt
eth_blockNumber
eth_getTransactionReceipt
eth_getBlockByNumber
eth_getBlockByNumber
eth_getLogs
eth_blockNumber
eth_getTransactionReceipt
eth_getBlockByNumber
eth_getBlockByNumber

    Block Number: 275
    Block Hash: 0x436bd392af379fb90a6338660236c3077106fa7bfa34707a53f6f2e3bfbc2b82
    Block Time: "Sun, 4 Oct 2026 11:04:32 +0000"

eth_blockNumber
eth_getTransactionReceipt
eth_getBlockByNumber
eth_getBlockByNumber
eth_getLogs
eth_blockNumber
eth_getTransactionReceipt
eth_getBlockByNumber
eth_getBlockByNumber
eth_blockNumber
eth_getTransactionReceipt

    Block Number: 276
    Block Hash: 0xb8554d775c70ad530685a0e3c813d2449a2088df8856f1192fbd19828f7cc101
    Block Time: "Sun, 4 Oct 2026 11:04:33 +0000"

eth_getBlockByNumber
eth_getBlockByNumber
eth_getLogs
eth_blockNumber
eth_getTransactionReceipt
eth_getBlockByNumber
eth_getBlockByNumber
eth_getBlockByNumber
eth_getBlockByNumber

    Block Number: 277
    Block Hash: 0x5f98b869735183f33535c5f20066f5e7dd62e10e0a7d1d4ffba4b6c739744f82
    Block Time: "Sun, 4 Oct 2026 11:04:33 +0000"

eth_getBlockByNumber
eth_getBlockByNumber
eth_getLogs
eth_getBlockByNumber
eth_getBlockByNumber

    Block Number: 278
    Block Hash: 0xaea2deef1252e78a2a849ae0c3eb3281dc9ff172c754d2d8e6084e0692c8a9d0
    Block Time: "Sun, 4 Oct 2026 11:04:33 +0000"

eth_getBlockByNumber
eth_getBlockByNumber
eth_getLogs
eth_getBlockByNumber
eth_getBlockByNumber
eth_getBlockByNumber
eth_getBlockByNumber

    Block Number: 279
    Block Hash: 0x0005561a02ef0af91b166c0f61109acc30b47bf0fc73e8b8c81a259306d70512
    Block Time: "Sun, 4 Oct 2026 11:04:33 +0000"

eth_getBlockByNumber
eth_getBlockByNumber
eth_getLogs
eth_getBlockByNumber
eth_getBlockByNumber

    Block Number: 280
    Block Hash: 0x40d8547554c46f572b31a419601ad54d19e413d347d75d8ea1a0ff7e09ad9cce
    Block Time: "Sun, 4 Oct 2026 11:04:34 +0000"

eth_getBlockByNumber
eth_getBlockByNumber
eth_getLogs
eth_getBlockByNumber
eth_getBlockByNumber
eth_getBlockByNumber
eth_getBlockByNumber

    Block Number: 281
    Block Hash: 0x80c3e9de70499c1105f2453b69d36af66f599007588d7ffad9ad0357e7a4156f
    Block Time: "Sun, 4 Oct 2026 11:04:34 +0000"

eth_getBlockByNumber
eth_getBlockByNumber
eth_getLogs
eth_getBlockByNumber
eth_getBlockByNumber

    Block Number: 282
    Block Hash: 0xfde54f19da20cb2e8244b0f304265d682d1df0a5214088fe0af463e29125959a
    Block Time: "Sun, 4 Oct 2026 11:04:34 +0000"

eth_getBlockByNumber
eth_getBlockByNumber
eth_getLogs
eth_getBlockByNumber
eth_getBlockByNumber
eth_getBlockByNumber
eth_getBlockByNumber

    Block Number: 283
    Block Hash: 0x26d397891dbc175f6c54683a52915d313259f7fae6ae1f175752074402129ce7
    Block Time: "Sun, 4 Oct 2026 11:04:34 +0000"

eth_getBlockByNumber
eth_getBlockByNumber
eth_getLogs
eth_getBlockByNumber
eth_getBlockByNumber

    Block Number: 284
    Block Hash: 0x1220d3fcc05a0bc45466b29580b64253730471adbc1207c1f2d729595eeddd04
    Block Time: "Sun, 4 Oct 2026 11:04:35 +0000"

eth_getBlockByNumber
eth_getBlockByNumber
eth_getLogs
eth_getBlockByNumber
eth_getBlockByNumber
eth_call
eth_feeHistory
eth_simulateV1
eth_sendRawTransaction
eth_getTransactionReceipt

    Transaction: 0x60ec5b6e65e9ea372e15e18ef518a39b578081583faa4615769d41a85472ab6c
    Gas used: 158986

    Block Number: 285
    Block Hash: 0x191f015f4a06fa126f3d883725a6ecbbcb7d26787d3991511aca9b4462263c0f
    Block Time: "Sun, 4 Oct 2026 11:04:35 +0000"

eth_getBlockByNumber
eth_getTransactionByHash
eth_getBlockByNumber
eth_getLogs
eth_getTransactionByHash

    Block Number: 286
    Block Hash: 0x07a348809678905f9bb75f716fe7044b5a0f2964f157b42e461040b46bf140be
    Block Time: "Sun, 4 Oct 2026 11:04:35 +0000"

eth_getTransactionReceipt
eth_blockNumber
eth_getTransactionReceipt
eth_getBlockByNumber
eth_getBlockByNumber
eth_getLogs
eth_blockNumber
eth_getTransactionReceipt
eth_getBlockByNumber
eth_getBlockByNumber
eth_blockNumber
eth_getTransactionReceipt

    Block Number: 287
    Block Hash: 0x8e6ae133833e51d61ab710d5eb115e13b06e4cc86e098b66b5368604d5b37d06
    Block Time: "Sun, 4 Oct 2026 11:04:35 +0000"

eth_getBlockByNumber
eth_getBlockByNumber
eth_getLogs
eth_blockNumber
eth_getTransactionReceipt
eth_getBlockByNumber
eth_getBlockByNumber
eth_getBlockByNumber
eth_getBlockByNumber

    Block Number: 288
    Block Hash: 0x7055a814adf9306112ca7d7830b3a0b38c5188ebd63951af8d5fd0c9325e03a2
    Block Time: "Sun, 4 Oct 2026 11:04:35 +0000"

eth_getBlockByNumber
eth_getBlockByNumber
eth_getLogs
eth_getBlockByNumber
eth_getBlockByNumber

    Block Number: 289
    Block Hash: 0xdfdfdef1dc03bd655709133448fe025eea538b408eab189778c8f8b08d99d2d7
    Block Time: "Sun, 4 Oct 2026 11:04:36 +0000"

eth_getBlockByNumber
eth_getBlockByNumber
eth_getLogs
eth_feeHistory
eth_simulateV1
eth_sendRawTransaction
eth_getTransactionReceipt

    Transaction: 0x18b42b2bdeb307c54fa8aa50f49450d18a95f9b380a38463c82ae54136d99ac8
    Gas used: 96809

    Block Number: 290
    Block Hash: 0xd662664f2704c7f6f70143b17430c4992c0279810a3d968c793364241f90e376
    Block Time: "Sun, 4 Oct 2026 11:04:36 +0000"

eth_getBlockByNumber
eth_getBlockByNumber
eth_getLogs
eth_getTransactionReceipt
eth_blockNumber
eth_getTransactionReceipt
eth_getBlockByNumber
eth_getBlockByNumber

    Block Number: 291
    Block Hash: 0xaeadc0b3dcb26837a82906bad6ff48b4c5cf03e6880dd6f5f8aafdd3eb8dd09f
    Block Time: "Sun, 4 Oct 2026 11:04:36 +0000"

eth_blockNumber
eth_getTransactionReceipt
eth_getBlockByNumber
eth_getBlockByNumber
eth_getLogs
eth_blockNumber
eth_getTransactionReceipt
eth_getBlockByNumber
eth_getBlockByNumber
eth_blockNumber
eth_getTransactionReceipt

    Block Number: 292
    Block Hash: 0x95df88b9fd2fc04380328ed7a87e3c78b0b682275f78162e2250fc0ee93f6b1f
    Block Time: "Sun, 4 Oct 2026 11:04:36 +0000"

eth_getBlockByNumber
eth_getBlockByNumber
eth_getLogs
eth_blockNumber
eth_getTransactionReceipt
eth_feeHistory
eth_simulateV1
eth_sendRawTransaction
eth_getTransactionReceipt

    Transaction: 0x0f3541667e851950cb0d197c5145f6ad79140ade7a9721079597e2ff3920bc4b
    Gas used: 171368

    Block Number: 293
    Block Hash: 0x065713ab5ab191fd99b050c4c8ff7af1898ec24a0f863581e268f4a21aeddc49
    Block Time: "Sun, 4 Oct 2026 11:04:36 +0000"

eth_getBlockByNumber
eth_getBlockByNumber
eth_getLogs
eth_getTransactionReceipt
eth_blockNumber
eth_getTransactionReceipt
eth_getBlockByNumber
eth_getBlockByNumber

    Block Number: 294
    Block Hash: 0x9c1371018c2b5be7763606daf8cf9b2c67ae44b147f5fbd8d8f60cd508113949
    Block Time: "Sun, 4 Oct 2026 11:04:36 +0000"

eth_blockNumber
eth_getTransactionReceipt
eth_getBlockByNumber
eth_getBlockByNumber
eth_getLogs
eth_blockNumber
eth_getTransactionReceipt
eth_getBlockByNumber
eth_getBlockByNumber
eth_blockNumber
eth_getTransactionReceipt

    Block Number: 295
    Block Hash: 0x4260bc469cafe2caa84c5adf58b54c8db9a47bb00fc41b4c11c67cae22aba5b7
    Block Time: "Sun, 4 Oct 2026 11:04:37 +0000"

eth_getBlockByNumber
eth_getBlockByNumber
eth_getLogs
eth_blockNumber
eth_getTransactionReceipt
eth_getBlockByNumber
eth_getBlockByNumber
eth_getBlockByNumber
eth_getBlockByNumber

    Block Number: 296
    Block Hash: 0x03e2c75f81a9ca8ef627b1e28e989d8fe68f2363b2bf50c71313fc7e3b3ec573
    Block Time: "Sun, 4 Oct 2026 11:04:37 +0000"

eth_getBlockByNumber
eth_getBlockByNumber
eth_getLogs
eth_getBlockByNumber
eth_getBlockByNumber

    Block Number: 297
    Block Hash: 0x8225fb482e02e36e5e5d5daca86dc2dbdcf976d493c91a24ebec8051deaebe36
    Block Time: "Sun, 4 Oct 2026 11:04:37 +0000"

eth_getBlockByNumber
eth_getBlockByNumber
eth_getLogs
eth_getBlockByNumber
eth_getBlockByNumber
eth_getBlockByNumber
eth_getBlockByNumber

    Block Number: 298
    Block Hash: 0xfcbb6fc9e84970a20e23c846e716efff497a6c2d1a6d1c90c3995a6f8f20d3e8
    Block Time: "Sun, 4 Oct 2026 11:04:37 +0000"

eth_getBlockByNumber
eth_getBlockByNumber
eth_getLogs
eth_getBlockByNumber
eth_getBlockByNumber

    Block Number: 299
    Block Hash: 0x4cb61be66fa3e63c69a13ef1abc41c8187c9bfbe7eda260b493c8e99163fbf13
    Block Time: "Sun, 4 Oct 2026 11:04:38 +0000"

eth_getBlockByNumber
eth_getBlockByNumber
eth_getLogs
eth_getBlockByNumber
eth_getBlockByNumber
eth_getBlockByNumber
eth_getBlockByNumber

    Block Number: 300
    Block Hash: 0xddda2b4af4c117b33c250afba140a3d1ff27bc8ced399824b30e8c1ab5fe5d58
    Block Time: "Sun, 4 Oct 2026 11:04:38 +0000"

eth_getBlockByNumber
eth_getBlockByNumber
eth_getLogs
eth_getBlockByNumber
eth_getBlockByNumber

    Block Number: 301
    Block Hash: 0xc43088aff866384e4d6e4fc4a3a8ee043491891b36cbf55136eaae830123005d
    Block Time: "Sun, 4 Oct 2026 11:04:38 +0000"

eth_getBlockByNumber
eth_getBlockByNumber
eth_getLogs
eth_getBlockByNumber
eth_getBlockByNumber
eth_getBlockByNumber
eth_getBlockByNumber

    Block Number: 302
    Block Hash: 0x05c30403cfe6af44959fd472d4a2b3e85857f194c77dfddff061551e47f80b6d
    Block Time: "Sun, 4 Oct 2026 11:04:38 +0000"

eth_getBlockByNumber
eth_getBlockByNumber
eth_getLogs
eth_getBlockByNumber
eth_getBlockByNumber

    Block Number: 303
    Block Hash: 0x87799568b11be9ed7b8b6ff9a5968f90e2cbb3ad2eb37271f1c8d020083dfc0a
    Block Time: "Sun, 4 Oct 2026 11:04:39 +0000"

eth_getBlockByNumber
eth_getBlockByNumber
eth_getLogs
eth_getBlockByNumber
eth_getBlockByNumber
eth_call
eth_feeHistory
eth_simulateV1
eth_sendRawTransaction
eth_getTransactionReceipt

    Transaction: 0x9bd67a5bfc80fba063672cdc0307f430fa06a4b74b00d373db743dd91e3122e2
    Gas used: 141874

    Block Number: 304
    Block Hash: 0x3af05f974aef5c60368bf8927da52f4ec21d6b5c107a6256e7f9ba581f4387bf
    Block Time: "Sun, 4 Oct 2026 11:04:39 +0000"

eth_getBlockByNumber
eth_getBlockByNumber
eth_getLogs
eth_getTransactionByHash

    Block Number: 305
    Block Hash: 0xf1630e0642b24ee5aa413ed385e3094a9ca30bdcfdefc148ae3560ef1201364b
    Block Time: "Sun, 4 Oct 2026 11:04:39 +0000"

eth_getTransactionReceipt
eth_blockNumber
eth_getTransactionReceipt
eth_getBlockByNumber
eth_getTransactionByHash
eth_getBlockByNumber
eth_getLogs
eth_blockNumber
eth_getTransactionReceipt
eth_getBlockByNumber
eth_getBlockByNumber
eth_blockNumber
eth_getTransactionReceipt

    Block Number: 306
    Block Hash: 0xf22de9d88dd023c9b32aa8a1f281c8163bd6d7692ff231a4ce0543fd6696e43d
    Block Time: "Sun, 4 Oct 2026 11:04:39 +0000"

eth_getBlockByNumber
eth_getBlockByNumber
eth_getLogs
eth_blockNumber
eth_getTransactionReceipt
eth_getBlockByNumber
eth_getBlockByNumber
eth_getBlockByNumber
eth_getBlockByNumber

    Block Number: 307
    Block Hash: 0x6cf7066e17a496bed63eabc65701570886014142d3e7a85c710d683f2ee8f463
    Block Time: "Sun, 4 Oct 2026 11:04:39 +0000"

eth_getBlockByNumber
eth_getBlockByNumber
eth_getLogs
eth_getBlockByNumber
eth_getBlockByNumber

    Block Number: 308
    Block Hash: 0x3781c70bc4d883a8c16315be860cd45c242f0072711d17294bacbd478c3efca7
    Block Time: "Sun, 4 Oct 2026 11:04:40 +0000"

eth_getBlockByNumber
eth_getBlockByNumber
eth_getLogs
eth_feeHistory
eth_simulateV1
eth_sendRawTransaction
eth_getTransactionReceipt

    Transaction: 0xfa810bb415a5c11fa7d5f0dd11587db45b4f7592ded14dc07d0fb123527113f9
    Gas used: 96809

    Block Number: 309
    Block Hash: 0x289d51e9d8f5a0dc9a86d07e8c44c53f90769d93d774ef9e4f2d0ad9de4d4e77
    Block Time: "Sun, 4 Oct 2026 11:04:40 +0000"

eth_getBlockByNumber
eth_getBlockByNumber
eth_getLogs
eth_getTransactionReceipt
eth_blockNumber
eth_getTransactionReceipt
eth_getBlockByNumber
eth_getBlockByNumber

    Block Number: 310
    Block Hash: 0x66eb758ab56f5f0d99f73eb5bffbb18fd9a624b8413581430d64c5fe66ca48f3
    Block Time: "Sun, 4 Oct 2026 11:04:40 +0000"

eth_blockNumber
eth_getTransactionReceipt
eth_getBlockByNumber
eth_getBlockByNumber
eth_getLogs
eth_blockNumber
eth_getTransactionReceipt
eth_getBlockByNumber
eth_getBlockByNumber
eth_blockNumber
eth_getTransactionReceipt

    Block Number: 311
    Block Hash: 0x1648ecd6d8d4ab96f7fde9e8cd421ff16b3f8a9e0f666489b8067068aef0fb68
    Block Time: "Sun, 4 Oct 2026 11:04:40 +0000"

eth_getBlockByNumber
eth_getBlockByNumber
eth_getLogs
eth_blockNumber
eth_getTransactionReceipt
eth_feeHistory
eth_simulateV1
eth_sendRawTransaction
eth_getTransactionReceipt

    Transaction: 0x1f8a87e44139f0a3a4102d6e71ce2a62d4c87aac864ce82ca441bc7b8de2365e
    Gas used: 171368

    Block Number: 312
    Block Hash: 0x8940a6a39a13dec0ba9561f7102561278fc821a93b8f75fa26d5be87aca93abf
    Block Time: "Sun, 4 Oct 2026 11:04:40 +0000"

eth_getBlockByNumber
eth_getBlockByNumber
eth_getLogs
eth_getTransactionReceipt
eth_blockNumber
eth_getTransactionReceipt
eth_getBlockByNumber
eth_getBlockByNumber

    Block Number: 313
    Block Hash: 0x4a98005b11ad20f04c9686cf8a7d0297d243ef7a4aee6ed29a1df7c15725d84e
    Block Time: "Sun, 4 Oct 2026 11:04:40 +0000"

eth_blockNumber
eth_getTransactionReceipt
eth_getBlockByNumber
eth_getBlockByNumber
eth_getLogs
eth_blockNumber
eth_getTransactionReceipt
eth_getBlockByNumber
eth_getBlockByNumber
eth_blockNumber
eth_getTransactionReceipt

    Block Number: 314
    Block Hash: 0xbfeeba3b3b3920ad655947656f63c5a4e06969766f6c0490b55009e43cf7b38e
    Block Time: "Sun, 4 Oct 2026 11:04:41 +0000"

eth_blockNumber
eth_feeHistory
eth_getBlockByNumber
eth_getBlockByNumber
eth_getLogs
eth_blockNumber
eth_getTransactionReceipt
eth_getBlockByNumber
eth_getBlockByNumber
eth_getBlockByNumber
eth_getBlockByNumber

    Block Number: 315
    Block Hash: 0x0eb8acf8fc670ddab98e8ef0d3170351ad834f1b4efa56937d756364f47a1341
    Block Time: "Sun, 4 Oct 2026 11:04:41 +0000"

eth_getBlockByNumber
eth_getBlockByNumber
eth_getLogs
eth_getBlockByNumber
eth_getBlockByNumber

    Block Number: 316
    Block Hash: 0xff7dbfc43b98bfb5a6a0c4e953cc2bcd65938523224cb4f3217a318ce89403cd
    Block Time: "Sun, 4 Oct 2026 11:04:41 +0000"

eth_getBlockByNumber
eth_getBlockByNumber
eth_getLogs
eth_getBlockByNumber
eth_getBlockByNumber
eth_getBlockByNumber
eth_getBlockByNumber

    Block Number: 317
    Block Hash: 0x517f528544f40fd4dffb018eadabbeba1648125b53e11091a6256287f8a52088
    Block Time: "Sun, 4 Oct 2026 11:04:41 +0000"

eth_getBlockByNumber
eth_getBlockByNumber
eth_getLogs
eth_getBlockByNumber
eth_getBlockByNumber

    Block Number: 318
    Block Hash: 0x85140d694140bafca489f7774ef1e461bd69e3c4a814d583b71252d5faa89f3d
    Block Time: "Sun, 4 Oct 2026 11:04:42 +0000"

eth_getBlockByNumber
eth_getBlockByNumber
eth_getLogs
eth_getBlockByNumber
eth_getBlockByNumber
eth_getBlockByNumber
eth_getBlockByNumber

    Block Number: 319
    Block Hash: 0xe191c7870a7f36f1c04fe1796999517c3660b0d8bd2d442051d881fffb2a5174
    Block Time: "Sun, 4 Oct 2026 11:04:42 +0000"

eth_getBlockByNumber
eth_getBlockByNumber
eth_getLogs
eth_getBlockByNumber
eth_getBlockByNumber

    Block Number: 320
    Block Hash: 0xdbf100622760ecb8e9085b04a683a5eddbf8ada41b69e49f28edfd82de1035af
    Block Time: "Sun, 4 Oct 2026 11:04:42 +0000"

eth_getBlockByNumber
eth_getBlockByNumber
eth_getLogs
eth_getBlockByNumber
eth_getBlockByNumber
eth_getBlockByNumber
eth_getBlockByNumber

    Block Number: 321
    Block Hash: 0xd826df641d527f993c7d0e6d5601e2ff37236218676d2542bc82bdddf37c3f4c
    Block Time: "Sun, 4 Oct 2026 11:04:42 +0000"

eth_getBlockByNumber
eth_getBlockByNumber
eth_getLogs
eth_getBlockByNumber
eth_getBlockByNumber

    Block Number: 322
    Block Hash: 0xf46ff87538dd2a4a792168b2b2ebb0b4029bb5ac0112fc460de1c9887d7509f0
    Block Time: "Sun, 4 Oct 2026 11:04:43 +0000"

eth_getBlockByNumber
eth_getBlockByNumber
eth_getLogs
eth_getBlockByNumber
eth_getBlockByNumber
eth_call
eth_feeHistory
eth_simulateV1
eth_sendRawTransaction
eth_getTransactionReceipt

    Transaction: 0x6b1f69b0885e34398f80e0eb77b7fdd064669a7c054f69a7323a4f292c52f514
    Gas used: 141886

    Block Number: 323
    Block Hash: 0x27a393d392306a10da4f25d2e1fa53a591e4d7731ef05464fcaa784bf3d69320
    Block Time: "Sun, 4 Oct 2026 11:04:43 +0000"

eth_getBlockByNumber
eth_getBlockByNumber
eth_getLogs
eth_getTransactionByHash

    Block Number: 324
    Block Hash: 0x604e7761e65e254ed0d2e0ac561e9dab75083eb2876c29654308775898e5cfff
    Block Time: "Sun, 4 Oct 2026 11:04:43 +0000"

eth_getTransactionReceipt
eth_blockNumber
eth_getTransactionReceipt
eth_getBlockByNumber
eth_getTransactionByHash
eth_getBlockByNumber
eth_getLogs
eth_blockNumber
eth_getTransactionReceipt
eth_getBlockByNumber
eth_getBlockByNumber

    Block Number: 325
    Block Hash: 0x6ea10ffb641f0b151efea12af152363e88eb7cd5c39ccc9c87a81dcc7898c54e
    Block Time: "Sun, 4 Oct 2026 11:04:43 +0000"

eth_blockNumber
eth_getTransactionReceipt
eth_getBlockByNumber
eth_getBlockByNumber
eth_getLogs
eth_getBlockByNumber
eth_getBlockByNumber
eth_getBlockByNumber
eth_getBlockByNumber

    Block Number: 326
    Block Hash: 0x7563e86a0ee0d4b739e9259d8e2800a6bc72da66e4bc76a7ff391e0d8c933662
    Block Time: "Sun, 4 Oct 2026 11:04:43 +0000"

eth_getBlockByNumber
eth_getBlockByNumber
eth_getLogs
eth_getBlockByNumber
eth_getBlockByNumber

    Block Number: 327
    Block Hash: 0x5bd8e668a2cb5e7397005d175ec5a77cbf3cb896b9e56908480b42e06f9417e3
    Block Time: "Sun, 4 Oct 2026 11:04:44 +0000"

eth_getBlockByNumber
eth_getBlockByNumber
eth_getLogs
eth_feeHistory
eth_simulateV1
eth_sendRawTransaction
eth_getTransactionReceipt

    Transaction: 0x6e03ebcfb2c899e6928f7a08366616cec3a64edee7d3dd6c9618da9df48aca70
    Gas used: 96809

    Block Number: 328
    Block Hash: 0xeb50a61bfcd98c27b31bdd87961c7467deb3873630068ade92a957ec84daa400
    Block Time: "Sun, 4 Oct 2026 11:04:44 +0000"

eth_getBlockByNumber
eth_getBlockByNumber
eth_getLogs
eth_getTransactionReceipt
eth_blockNumber
eth_getTransactionReceipt
eth_getBlockByNumber
eth_getBlockByNumber

    Block Number: 329
    Block Hash: 0xde643059d322067d44b0f9701b4746a364bb76212fcd66a5dd6be954a479a41b
    Block Time: "Sun, 4 Oct 2026 11:04:44 +0000"

eth_blockNumber
eth_getTransactionReceipt
eth_getBlockByNumber
eth_getBlockByNumber
eth_getLogs
eth_blockNumber
eth_getTransactionReceipt
eth_getBlockByNumber
eth_getBlockByNumber
eth_blockNumber
eth_getTransactionReceipt

    Block Number: 330
    Block Hash: 0x2ab6f12d2403b14d69720aa03e2d8923d0cb8b804ebc7d793d045ad546ba2238
    Block Time: "Sun, 4 Oct 2026 11:04:44 +0000"

eth_getBlockByNumber
eth_getBlockByNumber
eth_getLogs
eth_blockNumber
eth_getTransactionReceipt
eth_feeHistory
eth_simulateV1
eth_sendRawTransaction
eth_getTransactionReceipt

    Transaction: 0xac7031b09407cf7364d58f396d98c52d3f1fd555d658ba99673a1c4abe98d77e
    Gas used: 171368

    Block Number: 331
    Block Hash: 0xe508008b74b45448cf8ea5f506f3cca18a25a39e07ede070a2809c0645b6bc92
    Block Time: "Sun, 4 Oct 2026 11:04:44 +0000"

eth_getBlockByNumber
eth_getBlockByNumber
eth_getLogs
eth_getTransactionReceipt
eth_blockNumber
eth_getTransactionReceipt
eth_getBlockByNumber
eth_getBlockByNumber

    Block Number: 332
    Block Hash: 0x7e37c3c45f74f62f29b20d80eae477d50f95dbec96d2bb4e0d5d661c2b1e1deb
    Block Time: "Sun, 4 Oct 2026 11:04:44 +0000"

eth_blockNumber
eth_getTransactionReceipt
eth_getBlockByNumber
eth_getBlockByNumber
eth_getLogs
eth_blockNumber
eth_getTransactionReceipt
eth_getBlockByNumber
eth_getBlockByNumber
eth_blockNumber
eth_getTransactionReceipt

    Block Number: 333
    Block Hash: 0x7195a045d434f23315eda6e006e653cd975d6f49b699ed87f70198bd87e46f84
    Block Time: "Sun, 4 Oct 2026 11:04:45 +0000"

eth_getBlockByNumber
eth_getBlockByNumber
eth_getLogs
eth_blockNumber
eth_getTransactionReceipt
eth_getBlockByNumber
eth_getBlockByNumber
eth_getBlockByNumber
eth_getBlockByNumber

    Block Number: 334
    Block Hash: 0x6a7ed2cb591ed13e01bd785dbcd110b27098d78022b2153b1ddc0c8cdf6a4f19
    Block Time: "Sun, 4 Oct 2026 11:04:45 +0000"

eth_getBlockByNumber
eth_getBlockByNumber
eth_getLogs
eth_getBlockByNumber
eth_getBlockByNumber

    Block Number: 335
    Block Hash: 0x7ed86f7efb0c93afb6490a18684d8cb0010ee6d93463a212c8fb753a8292d8db
    Block Time: "Sun, 4 Oct 2026 11:04:45 +0000"

eth_getBlockByNumber
eth_getBlockByNumber
eth_getLogs
eth_getBlockByNumber
eth_getBlockByNumber
eth_getBlockByNumber
eth_getBlockByNumber

    Block Number: 336
    Block Hash: 0xc8d5d4c9ff7d77a45420bee23d65400fa1a8aaed1e28c5d43e3667ea05a604e8
    Block Time: "Sun, 4 Oct 2026 11:04:45 +0000"

eth_getBlockByNumber
eth_getBlockByNumber
eth_getLogs
eth_getBlockByNumber
eth_getBlockByNumber

    Block Number: 337
    Block Hash: 0xbc6dd7d7ab20ce1d7720ac4b7e2a5229a68b552cb59c2adfcd7d6b2739de668b
    Block Time: "Sun, 4 Oct 2026 11:04:46 +0000"

eth_getBlockByNumber
eth_getBlockByNumber
eth_getLogs
eth_getBlockByNumber
eth_getBlockByNumber
eth_getBlockByNumber
eth_getBlockByNumber

    Block Number: 338
    Block Hash: 0x9d2a8ed4c4a38c25e219a9163f97686cdc2670990d3ae310df5adb34dcf5ded5
    Block Time: "Sun, 4 Oct 2026 11:04:46 +0000"

eth_getBlockByNumber
eth_getBlockByNumber
eth_getLogs
eth_getBlockByNumber
eth_getBlockByNumber

    Block Number: 339
    Block Hash: 0x509b8dd78e87774bba1c14366074bc8afdab780220036caeb9239756c4022016
    Block Time: "Sun, 4 Oct 2026 11:04:46 +0000"

eth_getBlockByNumber
eth_getBlockByNumber
eth_getLogs
eth_getBlockByNumber
eth_getBlockByNumber
eth_getBlockByNumber
eth_getBlockByNumber

    Block Number: 340
    Block Hash: 0xcc684bc72b34c8fd6bca89074305bd3512b73f8f001d0df5ea80690c51d76d5f
    Block Time: "Sun, 4 Oct 2026 11:04:46 +0000"

eth_getBlockByNumber
eth_getBlockByNumber
eth_getLogs
eth_getBlockByNumber
eth_getBlockByNumber

    Block Number: 341
    Block Hash: 0xbe8d123acf251a5a721fb16eb6b2f2aed1f47e2dbad5e609055d6ba8ddfafc97
    Block Time: "Sun, 4 Oct 2026 11:04:47 +0000"

eth_getBlockByNumber
eth_getBlockByNumber
eth_getLogs
eth_getBlockByNumber
eth_getBlockByNumber
eth_call
eth_feeHistory
eth_simulateV1
eth_getBlockByNumber
eth_sendRawTransaction
eth_getTransactionReceipt

    Transaction: 0xfd7b7d39b773cd0a4e11f089152365f26f78b3b2babb89df95b2cfe87d347429
    Gas used: 141874

    Block Number: 342
    Block Hash: 0xeaadc9eda749418437c86abf688454181a80d81993bf6fba168ce5f1a01f4b91
    Block Time: "Sun, 4 Oct 2026 11:04:47 +0000"

eth_getBlockByNumber
eth_getLogs
eth_getTransactionByHash

    Block Number: 343
    Block Hash: 0x341fe317b6821f0bbde0c7b110ee944d26723ce63dffb41bd2854eb3787f228c
    Block Time: "Sun, 4 Oct 2026 11:04:47 +0000"

eth_getBlockByNumber
eth_getTransactionByHash
eth_getTransactionReceipt
eth_blockNumber
eth_getTransactionReceipt
eth_getBlockByNumber
eth_getLogs
eth_getBlockByNumber
eth_blockNumber
eth_getTransactionReceipt
eth_getBlockByNumber

    Block Number: 344
    Block Hash: 0x1adf04f4095d36ed8cc14e4d314de423e27cc755d10b934ed43acaa797a5700e
    Block Time: "Sun, 4 Oct 2026 11:04:47 +0000"

eth_getBlockByNumber
eth_blockNumber
eth_getTransactionReceipt
eth_getBlockByNumber
eth_getLogs
eth_getBlockByNumber
eth_getBlockByNumber
eth_getBlockByNumber
eth_getBlockByNumber

    Block Number: 345
    Block Hash: 0x05e86169a67c698485889c4b68d2d399f1b9b144023456ca71edccde6765700a
    Block Time: "Sun, 4 Oct 2026 11:04:47 +0000"

eth_getBlockByNumber
eth_getBlockByNumber
eth_getLogs
eth_getBlockByNumber
eth_getBlockByNumber

    Block Number: 346
    Block Hash: 0x06d0d9d68aac101ed6112d193aa7394f5f7ea983c89972d0fc98ee1b4a911ba6
    Block Time: "Sun, 4 Oct 2026 11:04:48 +0000"

eth_getBlockByNumber
eth_getBlockByNumber
eth_getLogs
eth_feeHistory
eth_simulateV1
eth_sendRawTransaction

    Transaction: 0xf6ce598d8170fa1acb14b664f713b10e9c1776058eecb91a2d79095cdec92f93
    Gas used: 96797

    Block Number: 347
    Block Hash: 0xfc06009d3f22859bfd048fc7b7e74b76442bb8b19bb5776b82af8ff112e2af0d
    Block Time: "Sun, 4 Oct 2026 11:04:48 +0000"

eth_getTransactionReceipt
eth_blockNumber
eth_getTransactionReceipt
eth_getBlockByNumber
eth_getBlockByNumber
eth_getLogs
eth_blockNumber
eth_getTransactionReceipt
eth_getBlockByNumber
eth_getBlockByNumber

    Block Number: 348
    Block Hash: 0x6ba00d02cdef5b0744871dc7429e0df3bb3c6de01356aab8b141898a805997f8
    Block Time: "Sun, 4 Oct 2026 11:04:48 +0000"

eth_blockNumber
eth_getTransactionReceipt
eth_getBlockByNumber
eth_getBlockByNumber
eth_getLogs
eth_blockNumber
eth_getTransactionReceipt
eth_getBlockByNumber
eth_getBlockByNumber
eth_blockNumber
eth_getTransactionReceipt

    Block Number: 349
    Block Hash: 0xd3f4cc2c2b27669b575a6d611daa717b278df33dce95ec17896fb7be1ffcb90f
    Block Time: "Sun, 4 Oct 2026 11:04:48 +0000"

eth_getBlockByNumber
eth_getBlockByNumber
eth_getLogs
eth_blockNumber
eth_getTransactionReceipt
eth_feeHistory
eth_simulateV1
eth_sendRawTransaction
eth_getTransactionReceipt

    Transaction: 0x5ebe54941d9dacc12ff5e479b100bfb162c5b8c7c8c01471d6fc1054b61059cd
    Gas used: 171356

    Block Number: 350
    Block Hash: 0xce4e933f58bd581112ba773e826f492bcc7da78a2c32a481b3a18c64aa1ed46c
    Block Time: "Sun, 4 Oct 2026 11:04:48 +0000"

eth_getBlockByNumber
eth_getBlockByNumber
eth_getLogs
eth_getTransactionReceipt
eth_blockNumber
eth_getTransactionReceipt
eth_getBlockByNumber
eth_getBlockByNumber

    Block Number: 351
    Block Hash: 0x5ca1e061b70b4a09e5857e00a064c9ac628fcf62f5e03a2882be4f94f0d92b77
    Block Time: "Sun, 4 Oct 2026 11:04:48 +0000"

eth_blockNumber
eth_getTransactionReceipt
eth_getBlockByNumber
eth_getBlockByNumber
eth_getLogs
eth_blockNumber
eth_getTransactionReceipt
eth_getBlockByNumber
eth_getBlockByNumber

    Block Number: 352
    Block Hash: 0xf7d2228fc0cae680ea514742cd854a330dc43310a79fe51da9dd6d660578549e
    Block Time: "Sun, 4 Oct 2026 11:04:49 +0000"

eth_blockNumber
eth_getTransactionReceipt
eth_getBlockByNumber
eth_getBlockByNumber
eth_getLogs
eth_getBlockByNumber
eth_getBlockByNumber
eth_getBlockByNumber
eth_getBlockByNumber

    Block Number: 353
    Block Hash: 0xf86720802dc6c80ee3bf55b8db5dd98f024318fd9356a587d03135b8ff16ad07
    Block Time: "Sun, 4 Oct 2026 11:04:49 +0000"

eth_getBlockByNumber
eth_getBlockByNumber
eth_getLogs
eth_getBlockByNumber
eth_getBlockByNumber

    Block Number: 354
    Block Hash: 0xe6493e672a1fc8830bbfd03812de77e8b18b182063363b5285a1fab39de03920
    Block Time: "Sun, 4 Oct 2026 11:04:49 +0000"

eth_getBlockByNumber
eth_getBlockByNumber
eth_getLogs
eth_getBlockByNumber
eth_getBlockByNumber
eth_getBlockByNumber
eth_getBlockByNumber

    Block Number: 355
    Block Hash: 0x220527e406f579945409f75e1a4abbafba35e709566def1e18204831c467eb34
    Block Time: "Sun, 4 Oct 2026 11:04:49 +0000"

eth_getBlockByNumber
eth_getBlockByNumber
eth_getLogs
eth_getBlockByNumber
eth_getBlockByNumber

    Block Number: 356
    Block Hash: 0x6259201c2808eca8da2c10741a2bdf43c5414dd3464d0ccc75945adb19b84f98
    Block Time: "Sun, 4 Oct 2026 11:04:50 +0000"

eth_getBlockByNumber
eth_getBlockByNumber
eth_getLogs
eth_getBlockByNumber
eth_getBlockByNumber
eth_getBlockByNumber
eth_getBlockByNumber

    Block Number: 357
    Block Hash: 0x51181e32cbc7b760fb083456b47b0ad9ebe4b1b0d7f605fe6fd7811073431883
    Block Time: "Sun, 4 Oct 2026 11:04:50 +0000"

eth_getBlockByNumber
eth_getBlockByNumber
eth_getLogs
eth_getBlockByNumber
eth_getBlockByNumber

    Block Number: 358
    Block Hash: 0xd0d9d48e593dda3c41cdcfb93229198d8b2e4372624eef2b354954874cc55b3c
    Block Time: "Sun, 4 Oct 2026 11:04:50 +0000"

eth_getBlockByNumber
eth_getBlockByNumber
eth_getLogs
eth_getBlockByNumber
eth_getBlockByNumber
eth_getBlockByNumber
eth_getBlockByNumber

    Block Number: 359
    Block Hash: 0x0ce1025c1dc1d20e0f7ffe15799849e9ef20ac68b15f0187230b305e55e2c6ec
    Block Time: "Sun, 4 Oct 2026 11:04:50 +0000"

eth_getBlockByNumber
eth_getBlockByNumber
eth_getLogs
eth_getBlockByNumber
eth_getBlockByNumber

    Block Number: 360
    Block Hash: 0x8ec108cff783bbd835a79b1245650ea0619b988c7c24ed39e865e4ce77a2d085
    Block Time: "Sun, 4 Oct 2026 11:04:51 +0000"

eth_getBlockByNumber
eth_getBlockByNumber
eth_getLogs
eth_getBlockByNumber
eth_getBlockByNumber
eth_getBlockByNumber
eth_call
eth_feeHistory
eth_simulateV1
eth_sendRawTransaction
eth_getTransactionReceipt

    Transaction: 0x793253925bcbfc5794c55b6d9d950bc3c51a9b95c505e11648cfd8f57b48bff1
    Gas used: 141862

    Block Number: 361
    Block Hash: 0x64c2d1d9b773cff4a8a1de8d6506c89de6739e5e17ef65b51d6ca3ce058728bf
    Block Time: "Sun, 4 Oct 2026 11:04:51 +0000"

eth_getBlockByNumber
eth_getLogs
eth_getTransactionByHash

    Block Number: 362
    Block Hash: 0x35dcea957950daff41eee8c97420787f98deaea8208464571f52373e5e3daadc
    Block Time: "Sun, 4 Oct 2026 11:04:51 +0000"

eth_getBlockByNumber
eth_getTransactionByHash
eth_getTransactionReceipt
eth_blockNumber
eth_getTransactionReceipt
eth_getBlockByNumber
eth_getLogs
eth_getBlockByNumber
eth_blockNumber
eth_getTransactionReceipt
eth_getBlockByNumber

    Block Number: 363
    Block Hash: 0xe55952a1198af403f4bb144112d47258ceccc0aaf220ce1af500d914b6a05e53
    Block Time: "Sun, 4 Oct 2026 11:04:51 +0000"

eth_getBlockByNumber
eth_blockNumber
eth_getTransactionReceipt
eth_getBlockByNumber
eth_getLogs
eth_getBlockByNumber
eth_getBlockByNumber
eth_getBlockByNumber
eth_getBlockByNumber

    Block Number: 364
    Block Hash: 0xb5488faa98d8587ef616ffe23b42fa1352827326e9deda104c52520ea847453d
    Block Time: "Sun, 4 Oct 2026 11:04:51 +0000"

eth_getBlockByNumber
eth_getBlockByNumber
eth_getLogs
eth_getBlockByNumber
eth_getBlockByNumber

    Block Number: 365
    Block Hash: 0xe50c2f7a8ed7b20872b0bcad2c7503f1a33fe1f5cba313a423bb729152f652a3
    Block Time: "Sun, 4 Oct 2026 11:04:52 +0000"

eth_getBlockByNumber
eth_getBlockByNumber
eth_getLogs
eth_feeHistory
eth_simulateV1
eth_sendRawTransaction
eth_getTransactionReceipt

    Transaction: 0xe1c3ebd0f325650bf0d056b8d40e11d0213b24c503a7b6708bff7fa1808e37ea
    Gas used: 96797

    Block Number: 366
    Block Hash: 0x0afd2d01ae8095267cdf09dab497b2d4c233e22d42c0ca52ee6e80dec991ad22
    Block Time: "Sun, 4 Oct 2026 11:04:52 +0000"

eth_getBlockByNumber
eth_getBlockByNumber
eth_getLogs
eth_getTransactionReceipt
eth_blockNumber
eth_getTransactionReceipt
eth_getBlockByNumber
eth_getBlockByNumber

    Block Number: 367
    Block Hash: 0x59bdaaae6b07307f9fa17e3b0bda80b9a93ea2ad88323cd7a339aa41d19a7234
    Block Time: "Sun, 4 Oct 2026 11:04:52 +0000"

eth_blockNumber
eth_getTransactionReceipt
eth_getBlockByNumber
eth_getBlockByNumber
eth_getLogs
eth_blockNumber
eth_getTransactionReceipt
eth_getBlockByNumber
eth_getBlockByNumber
eth_blockNumber
eth_getTransactionReceipt

    Block Number: 368
    Block Hash: 0xab3075101557699e8310c9c5b36e0253c84db944b98853ad9aed01d755577071
    Block Time: "Sun, 4 Oct 2026 11:04:52 +0000"

eth_getBlockByNumber
eth_getBlockByNumber
eth_getLogs
eth_blockNumber
eth_getTransactionReceipt
eth_feeHistory
eth_simulateV1
eth_sendRawTransaction
eth_getTransactionReceipt

    Transaction: 0xad455c311e542198cfa04ccc399780aa59b4d7e7457ba6ab90303e97aba254ea
    Gas used: 171368

    Block Number: 369
    Block Hash: 0x7ff166b3a9fce5074ac1d1ba5b0568890c559a5edd71b5917c058a83aaf3e19e
    Block Time: "Sun, 4 Oct 2026 11:04:52 +0000"

eth_getBlockByNumber
eth_getBlockByNumber
eth_getLogs
eth_getTransactionReceipt
eth_blockNumber
eth_getTransactionReceipt
eth_getBlockByNumber
eth_getBlockByNumber

    Block Number: 370
    Block Hash: 0xad95e4f6775537536c4934024b5512fe20f7ffc9fb95f4467817c7cbd19d4530
    Block Time: "Sun, 4 Oct 2026 11:04:52 +0000"

eth_blockNumber
eth_getTransactionReceipt
eth_getBlockByNumber
eth_getBlockByNumber
eth_getLogs
eth_blockNumber
eth_getTransactionReceipt
eth_getBlockByNumber
eth_getBlockByNumber

    Block Number: 371
    Block Hash: 0x23d2e8e410ffe234ee84c5cf337ef93165e9a02655af3be95629f89e1df7ba8b
    Block Time: "Sun, 4 Oct 2026 11:04:53 +0000"

eth_blockNumber
eth_getBlockByNumber
eth_getTransactionReceipt
eth_getBlockByNumber
eth_getLogs
eth_getBlockByNumber
eth_getBlockByNumber
eth_getBlockByNumber
eth_getBlockByNumber

    Block Number: 372
    Block Hash: 0xb20472e047c94b8f573419a36eda7e3698f32b68886b366d0c7b34ee8654da48
    Block Time: "Sun, 4 Oct 2026 11:04:53 +0000"

eth_getBlockByNumber
eth_getBlockByNumber
eth_getLogs
eth_getBlockByNumber
eth_getBlockByNumber

    Block Number: 373
    Block Hash: 0x3fac5d437bd1e29b6dceabc0fccc52a5379a629c13f0ad32f79333683da60076
    Block Time: "Sun, 4 Oct 2026 11:04:53 +0000"

eth_getBlockByNumber
eth_getBlockByNumber
eth_getLogs
eth_getBlockByNumber
eth_getBlockByNumber
eth_getBlockByNumber
eth_getBlockByNumber

    Block Number: 374
    Block Hash: 0x15c8cdf154fb996403822f6e419aff7448191be88071f0bede9545d1c19cf205
    Block Time: "Sun, 4 Oct 2026 11:04:53 +0000"

eth_getBlockByNumber
eth_getBlockByNumber
eth_getLogs
eth_getBlockByNumber
eth_getBlockByNumber

    Block Number: 375
    Block Hash: 0x44dfb522eaf1659f90f64e12b8ddd6af753ebec6e6735d56aea90376f0dcb947
    Block Time: "Sun, 4 Oct 2026 11:04:54 +0000"

eth_blockNumber
eth_feeHistory
eth_getBlockByNumber
eth_getBlockByNumber
eth_getLogs
eth_getBlockByNumber
eth_getBlockByNumber
eth_getBlockByNumber
eth_getBlockByNumber

    Block Number: 376
    Block Hash: 0x02e5ddb3a6692520be88eaad83181f585a3900d037683b9d4140a205ba4eaec9
    Block Time: "Sun, 4 Oct 2026 11:04:54 +0000"

eth_getBlockByNumber
eth_getBlockByNumber
eth_getLogs
eth_getBlockByNumber
eth_getBlockByNumber

    Block Number: 377
    Block Hash: 0x98e787ecd6c4f668e716db8960b95277e3ae051fd884f66aed3d09fade0faa18
    Block Time: "Sun, 4 Oct 2026 11:04:54 +0000"

eth_getBlockByNumber
eth_getBlockByNumber
eth_getLogs
eth_getBlockByNumber
eth_getBlockByNumber
eth_getBlockByNumber
eth_getBlockByNumber

    Block Number: 378
    Block Hash: 0x9da67d2160fecf93d6169b5533390ca8a382356e9f851c251db9515b0b20c68d
    Block Time: "Sun, 4 Oct 2026 11:04:54 +0000"

eth_getBlockByNumber
eth_getBlockByNumber
eth_getLogs
eth_getBlockByNumber
eth_getBlockByNumber

    Block Number: 379
    Block Hash: 0xb0771abb809098b4d0febf881c19a420baba5e5cab563ac096ca0f602315e20f
    Block Time: "Sun, 4 Oct 2026 11:04:55 +0000"

eth_getBlockByNumber
eth_getBlockByNumber
eth_getLogs
eth_getBlockByNumber
eth_getBlockByNumber
eth_getBlockByNumber
eth_call
eth_feeHistory
eth_simulateV1
eth_sendRawTransaction
eth_getTransactionReceipt

    Transaction: 0xd4fff65b1bcc26ef9698894869688e4ac512fb5427b0e81ded3f83d05042e486
    Gas used: 141874

    Block Number: 380
    Block Hash: 0xf414477c78083baee1a6daf9eb5cef70e70d9fb37d8489a8bb3ae306595f8e66
    Block Time: "Sun, 4 Oct 2026 11:04:55 +0000"

eth_getBlockByNumber
eth_getLogs
eth_getTransactionByHash

    Block Number: 381
    Block Hash: 0xc7ab57856afbe8a998a858f9e9565f3aacc741896018c6ac6203ae51a92a335a
    Block Time: "Sun, 4 Oct 2026 11:04:55 +0000"

eth_getBlockByNumber
eth_getTransactionByHash
eth_getTransactionReceipt
eth_blockNumber
eth_getTransactionReceipt
eth_getBlockByNumber
eth_getLogs
eth_getBlockByNumber
eth_blockNumber
eth_getTransactionReceipt
eth_getBlockByNumber

    Block Number: 382
    Block Hash: 0x558c6a1170dadaec406cef7409a953008e2ba90d16a36b30311785da358461fe
    Block Time: "Sun, 4 Oct 2026 11:04:55 +0000"

eth_getBlockByNumber
eth_blockNumber
eth_getTransactionReceipt
eth_getBlockByNumber
eth_getLogs
eth_getBlockByNumber
eth_getBlockByNumber
eth_getBlockByNumber
eth_getBlockByNumber

    Block Number: 383
    Block Hash: 0xdafaf027ec001f61dacc86aa76de8b9423373bc87c20bf4ea48196ac17b8c7af
    Block Time: "Sun, 4 Oct 2026 11:04:55 +0000"

eth_getBlockByNumber
eth_getBlockByNumber
eth_getLogs
eth_getBlockByNumber
eth_getBlockByNumber

    Block Number: 384
    Block Hash: 0x1658f0483cc866f620265f5e64a48522dc64cedd3738007f2fe017e610f87acd
    Block Time: "Sun, 4 Oct 2026 11:04:56 +0000"

eth_getBlockByNumber
eth_getBlockByNumber
eth_getLogs
eth_feeHistory
eth_simulateV1
eth_sendRawTransaction

    Transaction: 0xc26148182041f16f321e90b0632952466dd7c2f7b378d136c882195002d10979
    Gas used: 96797

    Block Number: 385
    Block Hash: 0x5c11110d7b1f567ba9e884ce225f3b7d000d3007e53ffb70f890cd553c8c1348
    Block Time: "Sun, 4 Oct 2026 11:04:56 +0000"

eth_getTransactionReceipt
eth_blockNumber
eth_getTransactionReceipt
eth_getBlockByNumber
eth_getBlockByNumber
eth_getLogs
eth_blockNumber
eth_getTransactionReceipt
eth_getBlockByNumber
eth_getBlockByNumber

    Block Number: 386
    Block Hash: 0xf3d3e7f3d8fb97703f63c900d1d7b1a4270f6210bb9a0074dc425903e8d23e70
    Block Time: "Sun, 4 Oct 2026 11:04:56 +0000"

eth_blockNumber
eth_getTransactionReceipt
eth_getBlockByNumber
eth_getBlockByNumber
eth_getLogs
eth_blockNumber
eth_getTransactionReceipt
eth_getBlockByNumber
eth_getBlockByNumber
eth_blockNumber
eth_getTransactionReceipt

    Block Number: 387
    Block Hash: 0xe998e8efeb2dfc01add414ccc17d6fb5a1209c24e7208ec798aee9e80fc2904e
    Block Time: "Sun, 4 Oct 2026 11:04:56 +0000"

eth_getBlockByNumber
eth_getBlockByNumber
eth_getLogs
eth_blockNumber
eth_getTransactionReceipt
eth_feeHistory
eth_simulateV1
eth_sendRawTransaction
eth_getTransactionReceipt

    Transaction: 0xa7a22c3ee70f97881ba1305dee328e94f38608b2062fce5f35093eba483742eb
    Gas used: 171356

    Block Number: 388
    Block Hash: 0x03bcd9a7fa8e8e35707ec693db9b8ac4fb02c16ad3aa926d40e2cbe4a678ef2d
    Block Time: "Sun, 4 Oct 2026 11:04:56 +0000"

eth_getBlockByNumber
eth_getBlockByNumber
eth_getLogs
eth_getBlockByNumber
eth_getTransactionReceipt
eth_blockNumber
eth_getTransactionReceipt
eth_getBlockByNumber

    Block Number: 389
    Block Hash: 0xc813355cb46cb3397d2271319246b2580ff002fe0b775281db969159c36d95ab
    Block Time: "Sun, 4 Oct 2026 11:04:56 +0000"

eth_getBlockByNumber
eth_blockNumber
eth_getTransactionReceipt
eth_getBlockByNumber
eth_getLogs
eth_getBlockByNumber
eth_blockNumber
eth_getTransactionReceipt
eth_getBlockByNumber

    Block Number: 390
    Block Hash: 0xacb75ed84b2aea07ead5aef0011fa6cdac57881e522fe2c71fe7bf9e8a1beac3
    Block Time: "Sun, 4 Oct 2026 11:04:57 +0000"

eth_getBlockByNumber
eth_blockNumber
eth_getTransactionReceipt
eth_getBlockByNumber
eth_getLogs
eth_getBlockByNumber
eth_getBlockByNumber
eth_getBlockByNumber
eth_getBlockByNumber

    Block Number: 391
    Block Hash: 0x545976c6ea4882440becefe1a4316c101fdf2010cc28838bbd922cf4b8e27d3a
    Block Time: "Sun, 4 Oct 2026 11:04:57 +0000"

eth_getBlockByNumber
eth_getBlockByNumber
eth_getLogs
eth_getBlockByNumber
eth_getBlockByNumber

    Block Number: 392
    Block Hash: 0xf8f86e52c5faedde617e2cae16f0f9bd2ad0611ae5b8258f743d9dc71ef2a5df
    Block Time: "Sun, 4 Oct 2026 11:04:57 +0000"

eth_getBlockByNumber
eth_getBlockByNumber
eth_getLogs
eth_getBlockByNumber
eth_getBlockByNumber
eth_getBlockByNumber
eth_getBlockByNumber

    Block Number: 393
    Block Hash: 0xd06af258687e274658bb303236fa46715d710182778daaada61f133a1f9c0336
    Block Time: "Sun, 4 Oct 2026 11:04:57 +0000"

eth_getBlockByNumber
eth_getBlockByNumber
eth_getLogs
eth_getBlockByNumber
eth_getBlockByNumber

    Block Number: 394
    Block Hash: 0x9d890be027ee47b278418229f1706f19bb1d60bb438f2e6267c885ffac70d0cc
    Block Time: "Sun, 4 Oct 2026 11:04:58 +0000"

eth_getBlockByNumber
eth_getBlockByNumber
eth_getLogs
eth_getBlockByNumber
eth_getBlockByNumber
eth_getBlockByNumber
eth_getBlockByNumber

    Block Number: 395
    Block Hash: 0x07e136c209631f912c005a7f29c5dab016ce56be22243128022177504bbe2671
    Block Time: "Sun, 4 Oct 2026 11:04:58 +0000"

eth_getBlockByNumber
eth_getBlockByNumber
eth_getLogs
eth_getBlockByNumber
eth_getBlockByNumber

    Block Number: 396
    Block Hash: 0x81cf593892378687b87aeec2f96eb527bcd2d6637defec5e3b93e5898c2f2009
    Block Time: "Sun, 4 Oct 2026 11:04:58 +0000"

eth_getBlockByNumber
eth_getBlockByNumber
eth_getLogs
eth_getBlockByNumber
eth_getBlockByNumber
eth_getBlockByNumber
eth_getBlockByNumber

    Block Number: 397
    Block Hash: 0x3ae970b692825ec8246af15da3945ff6980770ab4c7cf9672bc8b6ccd987573e
    Block Time: "Sun, 4 Oct 2026 11:04:58 +0000"

eth_getBlockByNumber
eth_getBlockByNumber
eth_getLogs
eth_getBlockByNumber
eth_getBlockByNumber

    Block Number: 398
    Block Hash: 0xc0c8c139b0ebe78b17a15dd0ff4cf86389973558046fb7b3fd633bed13de6fb6
    Block Time: "Sun, 4 Oct 2026 11:04:59 +0000"

eth_getBlockByNumber
eth_getBlockByNumber
eth_getLogs
eth_getBlockByNumber
eth_getBlockByNumber
eth_getBlockByNumber
eth_call
eth_feeHistory
eth_simulateV1
eth_sendRawTransaction
eth_getBlockByNumber
eth_getTransactionReceipt

    Transaction: 0x6cc3d00692e3e90e838b193959efdd0e9deb9294c6c08423eaf06420e756ea4a
    Gas used: 141874

    Block Number: 399
    Block Hash: 0x22a5f543d4e13d2f0d737a8c76871fafa72d7c7f8186ce2c7adbed5d4cb2b276
    Block Time: "Sun, 4 Oct 2026 11:04:59 +0000"


    Block Number: 400
    Block Hash: 0x50265613f3bb072545dbc705528a28f06d8451b2667c34a24cfe57123ec2cc75
    Block Time: "Sun, 4 Oct 2026 11:04:59 +0000"

eth_getBlockByNumber
eth_getTransactionByHash
eth_getBlockByNumber
eth_getBlockByNumber
eth_getLogs
eth_getLogs
eth_getTransactionByHash
eth_getTransactionReceipt
eth_blockNumber
eth_getTransactionReceipt
eth_getBlockByNumber
eth_getBlockByNumber
eth_blockNumber
eth_getTransactionReceipt

    Block Number: 401
    Block Hash: 0xdfd18d7a8f3ffa05a5aecee95f04c4bb16402e8f21bfe6b3cd3f344a62598475
    Block Time: "Sun, 4 Oct 2026 11:04:59 +0000"

eth_getBlockByNumber
eth_getBlockByNumber
eth_getLogs
eth_blockNumber
eth_getTransactionReceipt
eth_getBlockByNumber
eth_getBlockByNumber
eth_getBlockByNumber
eth_getBlockByNumber

    Block Number: 402
    Block Hash: 0xff159a111a618fb65ff3b2646755470ec247fc0ad643568daffd030c0cb06b46
    Block Time: "Sun, 4 Oct 2026 11:04:59 +0000"

eth_getBlockByNumber
eth_getBlockByNumber
eth_getLogs
eth_getBlockByNumber
eth_getBlockByNumber

    Block Number: 403
    Block Hash: 0x488b8565f120bd77f6b30a7db5e2d91b0b271a2b60e534f8baa0ba9d1bddc7c6
    Block Time: "Sun, 4 Oct 2026 11:05:00 +0000"

eth_getBlockByNumber
eth_getBlockByNumber
eth_getLogs
eth_feeHistory
eth_simulateV1
eth_sendRawTransaction
eth_getTransactionReceipt

    Transaction: 0x68b376787833a7c129bfe5e8ac0545dab34d54725d95bd5c44ba11112bf2dc7a
    Gas used: 96797

    Block Number: 404
    Block Hash: 0x3eaeb2dd5ef88cc6d0572738d22ed6fe0ed8b2495f50a4c4720d83b13b94c16d
    Block Time: "Sun, 4 Oct 2026 11:05:00 +0000"

eth_getBlockByNumber
eth_getBlockByNumber
eth_getLogs
eth_getTransactionReceipt
eth_blockNumber
eth_getTransactionReceipt
eth_getBlockByNumber
eth_getBlockByNumber

    Block Number: 405
    Block Hash: 0x410ab4b6e8929d13c9f5914e35deef37d3b262149afea4fa6193253ed7cda34d
    Block Time: "Sun, 4 Oct 2026 11:05:00 +0000"

eth_blockNumber
eth_getTransactionReceipt
eth_getBlockByNumber
eth_getBlockByNumber
eth_getLogs
eth_blockNumber
eth_getTransactionReceipt
eth_getBlockByNumber
eth_getBlockByNumber

    Block Number: 406
    Block Hash: 0x6533c83a4b8bbe1bae5198d2dafcb53215d1655ed8ac0e13eeb2754ba57edf6d
    Block Time: "Sun, 4 Oct 2026 11:05:00 +0000"

eth_blockNumber
eth_getTransactionReceipt
eth_feeHistory
eth_getBlockByNumber
eth_simulateV1
eth_sendRawTransaction
eth_getTransactionReceipt

    Transaction: 0xe2d80398850d6eeaf18eaa237d470e973121c9c523432d9d16ed92700c56bc75
    Gas used: 171368

    Block Number: 407
    Block Hash: 0xb8aedbdc171697ba50d7e4d42ccfb5c12164e56506d25c3c34c2b2882994b928
    Block Time: "Sun, 4 Oct 2026 11:05:00 +0000"

eth_getBlockByNumber
eth_getBlockByNumber
eth_getLogs
eth_getLogs
eth_getBlockByNumber
eth_getTransactionReceipt
eth_blockNumber
eth_getTransactionReceipt
eth_getBlockByNumber
eth_getBlockByNumber
eth_blockNumber
eth_getTransactionReceipt
eth_getBlockByNumber

    Block Number: 408
    Block Hash: 0xa576fcebf039eafc96bf934cfdb513d604d1634a3fc203380b4701a3ff542a88
    Block Time: "Sun, 4 Oct 2026 11:05:00 +0000"

eth_getBlockByNumber
eth_blockNumber
eth_getTransactionReceipt
eth_getBlockByNumber
eth_getLogs
eth_getBlockByNumber
eth_blockNumber
eth_getTransactionReceipt
eth_getBlockByNumber

    Block Number: 409
    Block Hash: 0xaa1e1265c998116936158437d944e8beeea6765ecee14baa1e8b079e803c0832
    Block Time: "Sun, 4 Oct 2026 11:05:01 +0000"

eth_getBlockByNumber
eth_blockNumber
eth_getTransactionReceipt
eth_getBlockByNumber
eth_getLogs
eth_getBlockByNumber
eth_getBlockByNumber
eth_getBlockByNumber
eth_getBlockByNumber

    Block Number: 410
    Block Hash: 0x6f7123c230dbdc793b1117d9c045f1c2652782429c71fbf71841c0ffad6f2afa
    Block Time: "Sun, 4 Oct 2026 11:05:01 +0000"

eth_getBlockByNumber
eth_getBlockByNumber
eth_getLogs
eth_getBlockByNumber
eth_getBlockByNumber

    Block Number: 411
    Block Hash: 0x952f64688e3f90422b6dc6466bb9287dad871d8172982420bdf97ba7feafb8fc
    Block Time: "Sun, 4 Oct 2026 11:05:01 +0000"

eth_getBlockByNumber
eth_getBlockByNumber
eth_getLogs
eth_getBlockByNumber
eth_getBlockByNumber
eth_getBlockByNumber
eth_getBlockByNumber

    Block Number: 412
    Block Hash: 0x2cb27b627cd7d0d59bff5c9f867f7acfd6b999996942121b91e2a8cdeeba987c
    Block Time: "Sun, 4 Oct 2026 11:05:01 +0000"

eth_getBlockByNumber
eth_getBlockByNumber
eth_getLogs
eth_getBlockByNumber
eth_getBlockByNumber

    Block Number: 413
    Block Hash: 0xdbe2db67ed621324a11af3b0be6cca151458ca0dc6aa023436df2387c0855ed8
    Block Time: "Sun, 4 Oct 2026 11:05:02 +0000"

eth_getBlockByNumber
eth_getBalance
eth_getTransactionCount
eth_getBalance
eth_feeHistory
eth_getTransactionCount
eth_feeHistory
eth_feeHistory
eth_feeHistory
eth_feeHistory
eth_feeHistory
eth_feeHistory
eth_feeHistory
eth_feeHistory
eth_feeHistory
eth_feeHistory
eth_feeHistory
eth_feeHistory
eth_feeHistory
eth_feeHistory
eth_feeHistory
eth_feeHistory
eth_feeHistory
eth_getBalance
eth_getTransactionCount
eth_feeHistory
eth_feeHistory
eth_feeHistory
eth_feeHistory
eth_feeHistory
eth_feeHistory
eth_feeHistory
eth_feeHistory
eth_feeHistory
eth_getBlockByNumber
eth_getLogs
eth_getBlockByNumber
eth_getBlockByNumber
eth_getBlockByNumber
eth_getBlockByNumber

    Block Number: 414
    Block Hash: 0x5f98e59f01a4b6e74a5e7636b0046be446f764bc9ffdab3e099d5501b38f70b5
    Block Time: "Sun, 4 Oct 2026 11:05:02 +0000"

eth_getBlockByNumber
eth_getBlockByNumber
eth_getLogs
eth_getBlockByNumber
eth_getBlockByNumber

    Block Number: 415
    Block Hash: 0x51fe7edeedcb2cf648056c4c87398358c67898f9f88ca43c9396cbc8e4686fb5
    Block Time: "Sun, 4 Oct 2026 11:05:02 +0000"

eth_getBlockByNumber
eth_getBlockByNumber
eth_getLogs
eth_getBlockByNumber
eth_getBlockByNumber
eth_getBlockByNumber
eth_getBlockByNumber

    Block Number: 416
    Block Hash: 0x709e491ae09b492181c91dd9d546feadc4bd8ab3c48a3d10c843c9c7c25e1d7f
    Block Time: "Sun, 4 Oct 2026 11:05:02 +0000"

eth_getBlockByNumber
eth_getBlockByNumber
eth_getLogs
eth_getBlockByNumber
eth_getBlockByNumber

    Block Number: 417
    Block Hash: 0xd1062fdc2e60cb03d9311328db2ade5fb264dcd748a56bf91311df2ca456229d
    Block Time: "Sun, 4 Oct 2026 11:05:03 +0000"

eth_getBlockByNumber
eth_getBlockByNumber
eth_getLogs
eth_getBlockByNumber
eth_getBlockByNumber
eth_getBlockByNumber
eth_getBlockByNumber
eth_call
eth_feeHistory
eth_simulateV1

    Block Number: 418
    Block Hash: 0x6a481c9501326e30c744672a4db8d4579cdc6801a4fd39e44ed263f5f4868e39
    Block Time: "Sun, 4 Oct 2026 11:05:03 +0000"

eth_sendRawTransaction
eth_getTransactionReceipt

    Transaction: 0xa8b3fc9e5228c8ee2961a3ad512eaa2fadfe3189a74fbe12840f308af1704770
    Gas used: 141886

    Block Number: 419
    Block Hash: 0xbf3c8107bd57d694e1437b805afa2d0eb4da58e83811c7a2fdaa1644d5b040f9
    Block Time: "Sun, 4 Oct 2026 11:05:03 +0000"

eth_getBlockByNumber
eth_getTransactionByHash
eth_getBlockByNumber
eth_getBlockByNumber
eth_getLogs
eth_getLogs
eth_getTransactionByHash
eth_getTransactionReceipt
eth_blockNumber
eth_getTransactionReceipt
eth_getBlockByNumber
eth_getBlockByNumber
eth_blockNumber
eth_getTransactionReceipt

    Block Number: 420
    Block Hash: 0x56785ed2950c1aa1383c04dac4f74cc259f9d2085231c58bc217edee962524f6
    Block Time: "Sun, 4 Oct 2026 11:05:03 +0000"

eth_getBlockByNumber
eth_getBlockByNumber
eth_getLogs
eth_blockNumber
eth_getTransactionReceipt
eth_getBlockByNumber
eth_getBlockByNumber
eth_blockNumber
eth_getTransactionReceipt
eth_getBlockByNumber
eth_getBlockByNumber

    Block Number: 421
    Block Hash: 0xa075a4e5128f7c993b07410be69158d2ff5558788eaf18bacb22ff996c5c03ee
    Block Time: "Sun, 4 Oct 2026 11:05:03 +0000"

eth_blockNumber
eth_getTransactionReceipt
eth_getBlockByNumber
eth_getBlockByNumber
eth_getLogs
eth_getBlockByNumber
eth_getBlockByNumber

    Block Number: 422
    Block Hash: 0xfd2a288f6ea7507bd464dc5f348a21131fb7cf89e70c06eba022910b50aeaf61
    Block Time: "Sun, 4 Oct 2026 11:05:04 +0000"

eth_getBlockByNumber
eth_getBlockByNumber
eth_getLogs
eth_feeHistory
eth_simulateV1
eth_sendRawTransaction
eth_getTransactionReceipt

    Transaction: 0x085930eccfbf7220d5deec96e140a41ddf85cdfec7354c5119605ace63caa4db
    Gas used: 96809

    Block Number: 423
    Block Hash: 0xb55793a4bc5a9787d8f821a470dfda1cbe41415848b3f6224f2419e773cf54dc
    Block Time: "Sun, 4 Oct 2026 11:05:04 +0000"

eth_getBlockByNumber
eth_getBlockByNumber
eth_getLogs
eth_getTransactionReceipt
eth_blockNumber
eth_getTransactionReceipt
eth_getBlockByNumber
eth_getBlockByNumber

    Block Number: 424
    Block Hash: 0x8d20045a1bb8b1ad4f59775197033f839a1d6eb27aae425b746d2c65f9974b85
    Block Time: "Sun, 4 Oct 2026 11:05:04 +0000"

eth_blockNumber
eth_getTransactionReceipt
eth_getBlockByNumber
eth_getBlockByNumber
eth_getLogs
eth_getBlockByNumber
eth_blockNumber
eth_getTransactionReceipt
eth_getBlockByNumber

    Block Number: 425
    Block Hash: 0xe577ce5bf5f1e07b94606969b511618359b39ae09bc58b46251425267e4a56ff
    Block Time: "Sun, 4 Oct 2026 11:05:04 +0000"

eth_getBlockByNumber
eth_blockNumber
eth_getTransactionReceipt
eth_feeHistory
eth_simulateV1
eth_sendRawTransaction
eth_getTransactionReceipt

    Transaction: 0xd83e14bdd84b0b182578f9e0a09f6e1579eabad851def753dc296035f3db079c
    Gas used: 171368

    Block Number: 426
    Block Hash: 0x4c2ca8eee47cbb2bf16b0af9601186f98504b2f4450e836e57a1c62a82852474
    Block Time: "Sun, 4 Oct 2026 11:05:04 +0000"

eth_getBlockByNumber
eth_getBlockByNumber
eth_getLogs
eth_getLogs
eth_getBlockByNumber
eth_getTransactionReceipt
eth_blockNumber
eth_getTransactionReceipt
eth_getBlockByNumber
eth_getBlockByNumber
eth_blockNumber
eth_getTransactionReceipt
eth_getBlockByNumber

    Block Number: 427
    Block Hash: 0x9b8f0fb57bd7d383a8f30b86b1a65856133b0614d4d9ab875801035c0320958b
    Block Time: "Sun, 4 Oct 2026 11:05:04 +0000"

eth_getBlockByNumber
eth_blockNumber
eth_getTransactionReceipt
eth_getBlockByNumber
eth_getLogs
eth_getBlockByNumber
eth_blockNumber
eth_getTransactionReceipt
eth_getBlockByNumber

    Block Number: 428
    Block Hash: 0xf4d0617f52b1dde4984c7acd688bfde714ea6beeccf2b14e2912a3410438839b
    Block Time: "Sun, 4 Oct 2026 11:05:05 +0000"

eth_getBlockByNumber
eth_blockNumber
eth_getTransactionReceipt
eth_getBlockByNumber
eth_getLogs
eth_getBlockByNumber
eth_getBlockByNumber
eth_getBlockByNumber
eth_getBlockByNumber

    Block Number: 429
    Block Hash: 0xfc599df89b4942459a54d79feed5ba7f00ca9df87ed86702572e0aef6f6be244
    Block Time: "Sun, 4 Oct 2026 11:05:05 +0000"

eth_getBlockByNumber
eth_getBlockByNumber
eth_getLogs
eth_getBlockByNumber
eth_getBlockByNumber

    Block Number: 430
    Block Hash: 0xaca6316114f6d4a370e091969fac34540ab4842a3c0420d783b77b02c738501c
    Block Time: "Sun, 4 Oct 2026 11:05:05 +0000"

eth_getBlockByNumber
eth_getBlockByNumber
eth_getLogs
eth_getBlockByNumber
eth_getBlockByNumber
eth_getBlockByNumber
eth_getBlockByNumber

    Block Number: 431
    Block Hash: 0x67b18b9614cce9bc99297265a335aa9c84467b0bdf13fb0261fb3c337f85e66a
    Block Time: "Sun, 4 Oct 2026 11:05:05 +0000"

eth_getBlockByNumber
eth_getBlockByNumber
eth_getLogs
eth_getBlockByNumber
eth_getBlockByNumber

    Block Number: 432
    Block Hash: 0x4b0b5b5906c1c16a25ebd64b25975209cb0d13225c06aeee58704b7e88502321
    Block Time: "Sun, 4 Oct 2026 11:05:06 +0000"

eth_getBlockByNumber
eth_getBlockByNumber
eth_getLogs
eth_getBlockByNumber
eth_getBlockByNumber
eth_getBlockByNumber
eth_getBlockByNumber

    Block Number: 433
    Block Hash: 0x65c3f0018251901c0b5da17d578974fc295c30e359462bb8f4f6b4373631108b
    Block Time: "Sun, 4 Oct 2026 11:05:06 +0000"

eth_call
eth_feeHistory
eth_simulateV1
eth_sendRawTransaction
eth_getTransactionReceipt

    Transaction: 0xe390342e97149f98ea0400d14d5eefd399fcde4fa0381b60e2cfa2efd809feb1
    Gas used: 158986

    Block Number: 434
    Block Hash: 0x5783955735b5e4e9cfe7907c078e901777cdb456ac242efde80b569482d047cc
    Block Time: "Sun, 4 Oct 2026 11:05:06 +0000"

eth_getBlockByNumber
eth_getBlockByNumber
eth_getBlockByNumber
eth_getLogs
eth_getLogs
eth_getTransactionByHash
eth_getTransactionReceipt
eth_blockNumber
eth_getTransactionReceipt
eth_getBlockByNumber
eth_getBlockByNumber
eth_blockNumber
eth_getTransactionReceipt

    Block Number: 435
    Block Hash: 0x38a061a5c4daf6b18829a4ed5dde1f04ce2c559c695c8e458ce6e28000315222
    Block Time: "Sun, 4 Oct 2026 11:05:06 +0000"

eth_getBlockByNumber
eth_getBlockByNumber
eth_getLogs
eth_blockNumber
eth_getTransactionReceipt
eth_getBlockByNumber
eth_getBlockByNumber
eth_blockNumber
eth_getTransactionReceipt
eth_getBlockByNumber
eth_getBlockByNumber

    Block Number: 436
    Block Hash: 0x90b269915e6d1ff2513ff1694e2432e88013e5ba7c229299a80e07217dd8b517
    Block Time: "Sun, 4 Oct 2026 11:05:06 +0000"

eth_blockNumber
eth_getTransactionReceipt
eth_getBlockByNumber
eth_getBlockByNumber
eth_getLogs
eth_getBlockByNumber
eth_getBlockByNumber

    Block Number: 437
    Block Hash: 0x494916f9085c675eda33ecd44b123ac465e599ab1b0b5a03cdc0afa0384d74d6
    Block Time: "Sun, 4 Oct 2026 11:05:07 +0000"

eth_blockNumber
eth_feeHistory
eth_getBlockByNumber
eth_getBlockByNumber
eth_getLogs
eth_feeHistory
eth_simulateV1
eth_sendRawTransaction

    Transaction: 0x257a0c2665db1faf9d1b3c2ab95eb708c080dfc1a26efff6efe36564bd3c54b0
    Gas used: 96809

    Block Number: 438
    Block Hash: 0xffe3b005ac7b181e788a39c49dad494db5057f682cd4e294481730ecc2bd0047
    Block Time: "Sun, 4 Oct 2026 11:05:07 +0000"

eth_getTransactionReceipt
eth_blockNumber
eth_getTransactionReceipt
eth_getBlockByNumber
eth_getBlockByNumber
eth_getLogs
eth_blockNumber
eth_getBlockByNumber
eth_getTransactionReceipt
eth_getBlockByNumber

    Block Number: 439
    Block Hash: 0xa893c81f5fc0e7818a758fb99188bb330df48cbbbf0b6ac4002ceeac623354a9
    Block Time: "Sun, 4 Oct 2026 11:05:07 +0000"

eth_getBlockByNumber
eth_blockNumber
eth_getTransactionByHash
eth_getTransactionReceipt
eth_getBlockByNumber
eth_getLogs
eth_getBlockByNumber
eth_blockNumber
eth_getTransactionReceipt
eth_getBlockByNumber

    Block Number: 440
    Block Hash: 0x449dc46af5300bfba89d0a9db0ee2422be2768b0ec5384e91dab2415645e4f91
    Block Time: "Sun, 4 Oct 2026 11:05:07 +0000"

eth_getBlockByNumber
eth_blockNumber
eth_getTransactionReceipt
eth_feeHistory
eth_simulateV1
eth_sendRawTransaction
eth_getTransactionReceipt

    Transaction: 0xb6ff5a8068bce4cac9dd2f8c8b222ef9806e1fbb8b38c8cbfc3617058a1abb5e
    Gas used: 171368

    Block Number: 441
    Block Hash: 0x3e8cdfe123e3151145d85a64f6ed928ec68fc31a18c825b19050612df237b925
    Block Time: "Sun, 4 Oct 2026 11:05:07 +0000"

eth_getBlockByNumber
eth_getBlockByNumber
eth_getLogs
eth_getLogs
eth_getBlockByNumber
eth_getTransactionReceipt
eth_blockNumber
eth_getTransactionReceipt
eth_getBlockByNumber
eth_getBlockByNumber
eth_blockNumber
eth_getTransactionReceipt
eth_getBlockByNumber

    Block Number: 442
    Block Hash: 0xb46022715685248c7594404a4b1ab0555c6edf576c718bb49a2d3758627c1e52
    Block Time: "Sun, 4 Oct 2026 11:05:07 +0000"

eth_getBlockByNumber
eth_blockNumber
eth_getTransactionReceipt
eth_getBlockByNumber
eth_getLogs
eth_getBlockByNumber
eth_blockNumber
eth_getTransactionReceipt
eth_getBlockByNumber

    Block Number: 443
    Block Hash: 0x444f2eae5f72496fb17be33f0af84d600622da52dd907480e0708e90c78d6fef
    Block Time: "Sun, 4 Oct 2026 11:05:08 +0000"

eth_getBlockByNumber
eth_blockNumber
eth_getTransactionReceipt
eth_getBlockByNumber
eth_getLogs
eth_getBlockByNumber
eth_getBlockByNumber
eth_getBlockByNumber
eth_getBlockByNumber

    Block Number: 444
    Block Hash: 0xe7430940b06ca717bbfa0854f22fcd4c96dfe9b284aa6441d28a1d125cb59764
    Block Time: "Sun, 4 Oct 2026 11:05:08 +0000"

eth_getBlockByNumber
eth_getBlockByNumber
eth_getLogs
eth_getBlockByNumber
eth_getBlockByNumber

    Block Number: 445
    Block Hash: 0x480737409e343c1981b28058bfe7215ee7f2a3a91c9cf6a06cdfb0a835e083b6
    Block Time: "Sun, 4 Oct 2026 11:05:08 +0000"

eth_getBlockByNumber
eth_getBlockByNumber
eth_getLogs
eth_getBlockByNumber
eth_getBlockByNumber
eth_getBlockByNumber
eth_getBlockByNumber

    Block Number: 446
    Block Hash: 0x34882d9a69002a5d40091961185bc0a2dd5ef40d7672f84ae832c7de07edecd2
    Block Time: "Sun, 4 Oct 2026 11:05:08 +0000"

eth_getBlockByNumber
eth_getBlockByNumber
eth_getLogs
eth_getBlockByNumber
eth_getBlockByNumber

    Block Number: 447
    Block Hash: 0x493207c0a3785e740e8e78a1240c1e8d85499cd67ccfd7e2a1d37b42c87a5295
    Block Time: "Sun, 4 Oct 2026 11:05:09 +0000"

eth_getBlockByNumber
eth_getBlockByNumber
eth_getLogs
eth_getBlockByNumber
eth_getBlockByNumber
eth_getBlockByNumber
eth_getBlockByNumber

    Block Number: 448
    Block Hash: 0xf4ef609d113935242728c01b2bb4ec7acc09e50f93fcf19760f1e440017a0480
    Block Time: "Sun, 4 Oct 2026 11:05:09 +0000"

eth_getBlockByNumber
eth_getBlockByNumber
eth_getLogs
eth_getBlockByNumber
eth_getBlockByNumber

    Block Number: 449
    Block Hash: 0x35e8e39df32ffbfc89112fa59d329284d5c10de76d1fb2d05ae80fdf60c08ab9
    Block Time: "Sun, 4 Oct 2026 11:05:09 +0000"

eth_getBlockByNumber
eth_getBlockByNumber
eth_getLogs
eth_getBlockByNumber
eth_getBlockByNumber
eth_getBlockByNumber
eth_getBlockByNumber

    Block Number: 450
    Block Hash: 0x8fde729b6029c75b80c0cec95dfab7cd453a8413e514c08b08da3692446fb204
    Block Time: "Sun, 4 Oct 2026 11:05:09 +0000"

eth_getBlockByNumber
eth_getBlockByNumber
eth_getLogs
eth_getBlockByNumber
eth_getBlockByNumber

    Block Number: 451
    Block Hash: 0x6d3a7cdcca90a2f15978968b67f8f5ed4cd1913899b5379f6d6a588e4fefcdd0
    Block Time: "Sun, 4 Oct 2026 11:05:10 +0000"

eth_getBlockByNumber
eth_getBlockByNumber
eth_getLogs
eth_getBlockByNumber
eth_getBlockByNumber
eth_getBlockByNumber
eth_getBlockByNumber

    Block Number: 452
    Block Hash: 0x62f591acac1ec8cfac89ed72af68a6ed21aa41d724bf6c6334b2e6cc31e985c5
    Block Time: "Sun, 4 Oct 2026 11:05:10 +0000"

eth_call
eth_feeHistory
eth_simulateV1
eth_sendRawTransaction
eth_getTransactionReceipt

    Transaction: 0x139938622dd409002ff6a56b197061f0068965e462d01c5837e793d43011fc0a
    Gas used: 141886

    Block Number: 453
    Block Hash: 0xb5977adabe81415374a421c76c2dc2006d9cae995de44231df96fb4cf3897338
    Block Time: "Sun, 4 Oct 2026 11:05:10 +0000"

eth_getBlockByNumber
eth_getBlockByNumber
eth_getBlockByNumber
eth_getLogs
eth_getLogs
eth_getTransactionByHash
eth_getTransactionReceipt
eth_blockNumber
eth_getTransactionReceipt
eth_getBlockByNumber
eth_getBlockByNumber
eth_blockNumber
eth_getTransactionReceipt

    Block Number: 454
    Block Hash: 0x2ab6324d8fafae71680b0cd9496ce14e6754d36f97979494633c4d69edbc3163
    Block Time: "Sun, 4 Oct 2026 11:05:10 +0000"

eth_getBlockByNumber
eth_getTransactionByHash
eth_getBlockByNumber
eth_getLogs
eth_blockNumber
eth_getTransactionReceipt
eth_getBlockByNumber
eth_getBlockByNumber
eth_blockNumber
eth_getTransactionReceipt
eth_getBlockByNumber
eth_getBlockByNumber

    Block Number: 455
    Block Hash: 0x87a3b79c38c49da517fcc89968b476091bfb0c908af8fd498d493c91405cd788
    Block Time: "Sun, 4 Oct 2026 11:05:10 +0000"

eth_blockNumber
eth_getTransactionReceipt
eth_getBlockByNumber
eth_getBlockByNumber
eth_getLogs
eth_getBlockByNumber
eth_getBlockByNumber

    Block Number: 456
    Block Hash: 0xec9d4f3582cf07cb60f159249b46ef1b80766270ea323804eebc832fbf6c0b35
    Block Time: "Sun, 4 Oct 2026 11:05:11 +0000"

eth_getBlockByNumber
eth_getBlockByNumber
eth_getLogs
eth_feeHistory
eth_simulateV1
eth_getBlockByNumber
eth_sendRawTransaction
eth_getTransactionReceipt

    Transaction: 0x636ea2cb18a38a7db80fb55e4f8c564a75f4c326e570395c2f69d8f5825d91f5
    Gas used: 96809

    Block Number: 457
    Block Hash: 0x1279afb055a124e3962ffcf0b2477386d05df3a53e5331d30c28b0f99c3d2654
    Block Time: "Sun, 4 Oct 2026 11:05:11 +0000"

eth_getBlockByNumber
eth_getLogs
eth_getBlockByNumber
eth_getTransactionReceipt
eth_blockNumber
eth_getTransactionReceipt
eth_getBlockByNumber

    Block Number: 458
    Block Hash: 0x5b1e6e7dff8159a96eab21984a79b010e931f499783e33b9a412ab07cc050c97
    Block Time: "Sun, 4 Oct 2026 11:05:11 +0000"

eth_getBlockByNumber
eth_blockNumber
eth_getTransactionReceipt
eth_getBlockByNumber
eth_getLogs
eth_getBlockByNumber
eth_blockNumber
eth_getTransactionReceipt
eth_getBlockByNumber

    Block Number: 459
    Block Hash: 0x3d7f84dcd13e264b69b2a4e12c245bbcbf92f113f19ff3908852d5c4067d5882
    Block Time: "Sun, 4 Oct 2026 11:05:11 +0000"

eth_getBlockByNumber
eth_blockNumber
eth_getTransactionReceipt
eth_feeHistory
eth_simulateV1
eth_sendRawTransaction
eth_getTransactionReceipt

    Transaction: 0xdf1c901bf10e79e0d658b721348f26e9798a337bbbb7be9e56ec2a9a238270ce
    Gas used: 171368

    Block Number: 460
    Block Hash: 0x441205549106992b1a3f46cd632c94fe10f7ca54e564142d0ca23ea6a63aa137
    Block Time: "Sun, 4 Oct 2026 11:05:11 +0000"

eth_getBlockByNumber
eth_getBlockByNumber
eth_getLogs
eth_getLogs
eth_getBlockByNumber
eth_getTransactionReceipt
eth_blockNumber
eth_getTransactionReceipt
eth_getBlockByNumber
eth_getBlockByNumber
eth_blockNumber
eth_getTransactionReceipt
eth_getBlockByNumber

    Block Number: 461
    Block Hash: 0x6a43e793637a3fb4ede2561a0b84d89249c11f7f668ef28e7a56fdd52c28ee8e
    Block Time: "Sun, 4 Oct 2026 11:05:11 +0000"

eth_getBlockByNumber
eth_blockNumber
eth_getTransactionReceipt
eth_getBlockByNumber
eth_getLogs
eth_getBlockByNumber
eth_blockNumber
eth_getTransactionReceipt
eth_getBlockByNumber

    Block Number: 462
    Block Hash: 0x61a62c97adcd0bcc4dc5ccd241bae8ff0f01737ff45544883f9089bf56ffa354
    Block Time: "Sun, 4 Oct 2026 11:05:12 +0000"

eth_getBlockByNumber
eth_blockNumber
eth_getTransactionReceipt
eth_getBlockByNumber
eth_getLogs
eth_getBlockByNumber
eth_getBlockByNumber
eth_getBlockByNumber
eth_getBlockByNumber

    Block Number: 463
    Block Hash: 0x285d87f0022e79fb0b900f4a2ef810a69c6b893a183a0b176559b26ad90c657d
    Block Time: "Sun, 4 Oct 2026 11:05:12 +0000"

eth_getBlockByNumber
eth_getBlockByNumber
eth_getLogs
eth_getBlockByNumber
eth_getBlockByNumber

    Block Number: 464
    Block Hash: 0x446f5e018698bd38da2320344bc481da1e8cae094fecd2949e126507d0f668f0
    Block Time: "Sun, 4 Oct 2026 11:05:12 +0000"

eth_getBlockByNumber
eth_getBlockByNumber
eth_getLogs
eth_getBlockByNumber
eth_getBlockByNumber
eth_getBlockByNumber
eth_getBlockByNumber

    Block Number: 465
    Block Hash: 0xa0073948e7d0b03e73080dd96bf8b0ecc05f0c7e69853c3378c71dd2b008ebbe
    Block Time: "Sun, 4 Oct 2026 11:05:12 +0000"

eth_getBlockByNumber
eth_getBlockByNumber
eth_getLogs
eth_getBlockByNumber
eth_getBlockByNumber

    Block Number: 466
    Block Hash: 0x7d96bbb9d711b69b4a16b2ebc00c305e409a94d48a080af4613ae8b459c704e2
    Block Time: "Sun, 4 Oct 2026 11:05:13 +0000"

eth_getBlockByNumber
eth_getBlockByNumber
eth_getLogs
eth_getBlockByNumber
eth_getBlockByNumber
eth_getBlockByNumber
eth_getBlockByNumber

    Block Number: 467
    Block Hash: 0x9d77f7547005c5cb3b34cdb5d80571dac616f2831d8e934dea8c80af7d021921
    Block Time: "Sun, 4 Oct 2026 11:05:13 +0000"

eth_getBlockByNumber
eth_getBlockByNumber
eth_getLogs
eth_getBlockByNumber
eth_getBlockByNumber

    Block Number: 468
    Block Hash: 0xd24f15ca2164671c882e8d474327e08565f847033288b23716e5f62e21da9979
    Block Time: "Sun, 4 Oct 2026 11:05:13 +0000"

eth_getBlockByNumber
eth_getBlockByNumber
eth_getLogs
eth_getBlockByNumber
eth_getBlockByNumber
eth_getBlockByNumber
eth_getBlockByNumber

    Block Number: 469
    Block Hash: 0x14d93d597d1898e6419f37f4ac001bb9e4bf9afb43730b7ad60656c297481c52
    Block Time: "Sun, 4 Oct 2026 11:05:13 +0000"

eth_getBlockByNumber
eth_getBlockByNumber
eth_getLogs
eth_getBlockByNumber
eth_getBlockByNumber

    Block Number: 470
    Block Hash: 0x54c70e7279bd84931b552decd477f20b12b7cc5a6b48bed74eb07bd0dc7a5417
    Block Time: "Sun, 4 Oct 2026 11:05:14 +0000"

eth_getBlockByNumber
eth_getBlockByNumber
eth_getLogs
eth_getBlockByNumber
eth_getBlockByNumber
eth_getBlockByNumber
eth_getBlockByNumber

    Block Number: 471
    Block Hash: 0x33db0ef02988db861f8a8f703a8a5cb95280dc270a39f36fc2340910a8c91163
    Block Time: "Sun, 4 Oct 2026 11:05:14 +0000"

eth_call
eth_feeHistory
eth_simulateV1
eth_sendRawTransaction
eth_getTransactionReceipt

    Transaction: 0xf8bc7f5b7e9805614e9af5143b0ee1df9acf3445e024168b1ade7209f0e91f12
    Gas used: 141886

    Block Number: 472
    Block Hash: 0xeb0ebe9439ae39dbf169111b32b9a6ff24689ffb91c912693f6b4ab38f750177
    Block Time: "Sun, 4 Oct 2026 11:05:14 +0000"

eth_getBlockByNumber
eth_getBlockByNumber
eth_getBlockByNumber
eth_getLogs
eth_getLogs
eth_getTransactionByHash
eth_getTransactionReceipt
eth_blockNumber
eth_getTransactionReceipt
eth_getBlockByNumber
eth_getBlockByNumber
eth_blockNumber
eth_getTransactionReceipt

    Block Number: 473
    Block Hash: 0x4fd1dfcc8cc87d0c42c4d13377cef1f2bfddd4faff579d157f2b6c85af7af61d
    Block Time: "Sun, 4 Oct 2026 11:05:14 +0000"

eth_getBlockByNumber
eth_getTransactionByHash
eth_getBlockByNumber
eth_getLogs
eth_blockNumber
eth_getTransactionReceipt
eth_getBlockByNumber
eth_getBlockByNumber
eth_blockNumber
eth_getTransactionReceipt
eth_getBlockByNumber
eth_getBlockByNumber

    Block Number: 474
    Block Hash: 0xed33183a58d552d247af2cfd792289981cab1e8f00f6a3a79529e961a24e8812
    Block Time: "Sun, 4 Oct 2026 11:05:14 +0000"

eth_blockNumber
eth_getTransactionReceipt
eth_getBlockByNumber
eth_getBlockByNumber
eth_getLogs
eth_getBlockByNumber
eth_getBlockByNumber

    Block Number: 475
    Block Hash: 0x5bd20aae16ebc1b0d2ae4dd6e5747772b75d19da849cad1308cc98753a62aeec
    Block Time: "Sun, 4 Oct 2026 11:05:15 +0000"

eth_getBlockByNumber
eth_getBlockByNumber
eth_getLogs
eth_getBlockByNumber
eth_feeHistory
eth_simulateV1
eth_sendRawTransaction
eth_getTransactionReceipt

    Transaction: 0xcc56e2b6bcc89b6ae063405633cfa4e040877e53686091b45feb08f4b0cbb9ad
    Gas used: 96809

    Block Number: 476
    Block Hash: 0xdc7e0ebda909ce8c481208a5fae7bfdcec5edcdbc9b70a811f44d58710f17f16
    Block Time: "Sun, 4 Oct 2026 11:05:15 +0000"

eth_getBlockByNumber
eth_getLogs
eth_getBlockByNumber
eth_getTransactionReceipt
eth_blockNumber
eth_getTransactionReceipt
eth_getBlockByNumber

    Block Number: 477
    Block Hash: 0xeefbb2d5e090656f96adc21ae35e75b3d44e2d6488f47feafa7ed11fe74a1c4d
    Block Time: "Sun, 4 Oct 2026 11:05:15 +0000"

eth_getBlockByNumber
eth_blockNumber
eth_getTransactionReceipt
eth_getBlockByNumber
eth_getLogs
eth_getBlockByNumber
eth_blockNumber
eth_getTransactionReceipt
eth_getBlockByNumber

    Block Number: 478
    Block Hash: 0x65c1ecf9bbdda4b5a60d70ce22f0887282e3891594b761c35037f0fb7180859e
    Block Time: "Sun, 4 Oct 2026 11:05:15 +0000"

eth_getBlockByNumber
eth_blockNumber
eth_getTransactionReceipt
eth_feeHistory
eth_simulateV1
eth_sendRawTransaction
eth_getTransactionReceipt

    Transaction: 0xd27b2f45ac3aa893657814ae3f2d45269f19c74a3294f2541036b6238e9b7cd7
    Gas used: 171368

    Block Number: 479
    Block Hash: 0x579b30655ed18ca6e0c332e62c2b1ae8380c892effdab42a203b165e78bc280b
    Block Time: "Sun, 4 Oct 2026 11:05:15 +0000"

eth_getBlockByNumber
eth_getBlockByNumber
eth_getLogs
eth_getLogs
eth_getBlockByNumber
eth_getTransactionReceipt
eth_blockNumber
eth_getTransactionReceipt
eth_getBlockByNumber
eth_getBlockByNumber
eth_blockNumber
eth_getTransactionReceipt
eth_getBlockByNumber

    Block Number: 480
    Block Hash: 0x8a9079817f467300d1918b92e53b9dd9d8f15f8133b9c828f5bb7a49f7355ecc
    Block Time: "Sun, 4 Oct 2026 11:05:15 +0000"

eth_getBlockByNumber
eth_blockNumber
eth_getTransactionReceipt
eth_getBlockByNumber
eth_getLogs
eth_getBlockByNumber
eth_blockNumber
eth_getTransactionReceipt
eth_getBlockByNumber

    Block Number: 481
    Block Hash: 0x614753a0d7cce129499cf9cf8d969cccfe46704339e764b415cce278b0d5fcbf
    Block Time: "Sun, 4 Oct 2026 11:05:16 +0000"

eth_getBlockByNumber
eth_blockNumber
eth_getTransactionReceipt
eth_getBlockByNumber
eth_getLogs
eth_getBlockByNumber
eth_getBlockByNumber
eth_getBlockByNumber
eth_getBlockByNumber

    Block Number: 482
    Block Hash: 0xe9ce69218764fff40109a1f2f91a8c5061545040ad5fd6e1c0d37e6477701c62
    Block Time: "Sun, 4 Oct 2026 11:05:16 +0000"

eth_getBlockByNumber
eth_getBlockByNumber
eth_getLogs
eth_getBlockByNumber
eth_getBlockByNumber

    Block Number: 483
    Block Hash: 0x0b083dbb2883ab6833ab46a36d62d32065d2abed9739d57773c0ae1b2f549055
    Block Time: "Sun, 4 Oct 2026 11:05:16 +0000"

eth_getBlockByNumber
eth_getBlockByNumber
eth_getLogs
eth_getBlockByNumber
eth_getBlockByNumber
eth_getBlockByNumber
eth_getBlockByNumber

    Block Number: 484
    Block Hash: 0x8016d63996cfc97e7dfccfda408905961b301bfa1f8a6e4dfaad7de0c651a0d6
    Block Time: "Sun, 4 Oct 2026 11:05:16 +0000"

eth_getBlockByNumber
eth_getBlockByNumber
eth_getLogs
eth_getBlockByNumber
eth_getBlockByNumber

    Block Number: 485
    Block Hash: 0xc677d17694b5d74c6db79ad14bf39ad347e6a2f155b002e8c04601d3b0734436
    Block Time: "Sun, 4 Oct 2026 11:05:17 +0000"

eth_getBlockByNumber
eth_getBlockByNumber
eth_getLogs
eth_getBlockByNumber
eth_getBlockByNumber
eth_getBlockByNumber
eth_getBlockByNumber

    Block Number: 486
    Block Hash: 0x768bf15126d597614082ce590f55ac3ca8902563a409d7a9d87d52dd3e1452f9
    Block Time: "Sun, 4 Oct 2026 11:05:17 +0000"

eth_getBlockByNumber
eth_getBlockByNumber
eth_getLogs
eth_getBlockByNumber
eth_getBlockByNumber

    Block Number: 487
    Block Hash: 0x2cd770d5ee39e4080c908087adcc95b286c9efe081cb53f86e90a3c13bbb6a90
    Block Time: "Sun, 4 Oct 2026 11:05:17 +0000"

eth_getBlockByNumber
eth_getBlockByNumber
eth_getLogs
eth_getBlockByNumber
eth_getBlockByNumber
eth_getBlockByNumber
eth_getBlockByNumber

    Block Number: 488
    Block Hash: 0xd9655043bd3f1306f686d08f1f9db449fe8377df8ab8f54353dcd1d5ed569454
    Block Time: "Sun, 4 Oct 2026 11:05:17 +0000"

eth_getBlockByNumber
eth_getBlockByNumber
eth_getLogs
eth_getBlockByNumber
eth_getBlockByNumber

    Block Number: 489
    Block Hash: 0x07fe9508683a42fa898f587264f4d6f2a13d2612c97625c65716528d56281eb3
    Block Time: "Sun, 4 Oct 2026 11:05:18 +0000"

eth_getBlockByNumber
eth_getBlockByNumber
eth_getLogs
eth_getBlockByNumber
eth_getBlockByNumber
eth_getBlockByNumber
eth_getBlockByNumber

    Block Number: 490
    Block Hash: 0x093dc8ec6c347092279cb4ec55faf07054320cd1f386ce48889a80434cc1c33a
    Block Time: "Sun, 4 Oct 2026 11:05:18 +0000"

eth_call
eth_feeHistory
eth_simulateV1
eth_sendRawTransaction
eth_getTransactionReceipt

    Transaction: 0x26395ae3334b0e585a4a21d237eaad94b804cd2cde222fb0acf8b31afaaea4b6
    Gas used: 141886

    Block Number: 491
    Block Hash: 0x91fe5d871e2f7435ec8097f71774d0778a59d50a3c73fd4fe149427a8cba8d2d
    Block Time: "Sun, 4 Oct 2026 11:05:18 +0000"

eth_getBlockByNumber
eth_getBlockByNumber
eth_getBlockByNumber
eth_getLogs
eth_getLogs
eth_getTransactionByHash
eth_getTransactionReceipt
eth_blockNumber
eth_getTransactionReceipt
eth_getBlockByNumber
eth_getBlockByNumber
eth_blockNumber
eth_getTransactionReceipt

    Block Number: 492
    Block Hash: 0xe0e73104c424e30823491ea1b7dc608b09cb9d778a29fcf5dff136f1885a91df
    Block Time: "Sun, 4 Oct 2026 11:05:18 +0000"

eth_getBlockByNumber
eth_getTransactionByHash
eth_getBlockByNumber
eth_getLogs
eth_blockNumber
eth_getTransactionReceipt
eth_getBlockByNumber
eth_getBlockByNumber
eth_blockNumber
eth_getTransactionReceipt
eth_getBlockByNumber
eth_getBlockByNumber

    Block Number: 493
    Block Hash: 0x9a3c777212af67310f31b023988016e4e1cb223670f814cd0df3e0df7f6d1d51
    Block Time: "Sun, 4 Oct 2026 11:05:18 +0000"

eth_blockNumber
eth_getTransactionReceipt
eth_getBlockByNumber
eth_getBlockByNumber
eth_getLogs
eth_getBlockByNumber
eth_getBlockByNumber

    Block Number: 494
    Block Hash: 0xc7979b7dab319b4ce7a47fd161bfe59a6a21b662efee5d09ce5a01916af648a5
    Block Time: "Sun, 4 Oct 2026 11:05:19 +0000"

eth_getBlockByNumber
eth_getBlockByNumber
eth_getLogs
eth_getBlockByNumber
eth_feeHistory
eth_simulateV1
eth_sendRawTransaction
eth_getTransactionReceipt

    Transaction: 0x2f0ca7d5a701c4c151b59b1a9a78a03d702307c7ee95c9f29c6424b1a4d06298
    Gas used: 96809

    Block Number: 495
    Block Hash: 0xc27c0ac513cc7966f1cb57c44131c475e383cec4052673016a955445137d3469
    Block Time: "Sun, 4 Oct 2026 11:05:19 +0000"

eth_getBlockByNumber
eth_getLogs
eth_getBlockByNumber
eth_getTransactionReceipt
eth_blockNumber
eth_getTransactionReceipt
eth_getBlockByNumber

    Block Number: 496
    Block Hash: 0xf96b8f365ac21ebdde7a929d05989685fccafa151e62fbc847da3b43465c2ec5
    Block Time: "Sun, 4 Oct 2026 11:05:19 +0000"

eth_getBlockByNumber
eth_blockNumber
eth_getTransactionReceipt
eth_getBlockByNumber
eth_getLogs
eth_getBlockByNumber
eth_blockNumber
eth_getTransactionReceipt
eth_getBlockByNumber

    Block Number: 497
    Block Hash: 0xe2b930a2576097a2bf41e6ea9e04a8f1a60c7cd723cb87e608108af7743300d8
    Block Time: "Sun, 4 Oct 2026 11:05:19 +0000"

eth_getBlockByNumber
eth_blockNumber
eth_getTransactionReceipt
eth_feeHistory
eth_simulateV1
eth_sendRawTransaction

    Transaction: 0x04a3008c9362957a8f7ceda6c9a1dcb64ad661ce6bf13f81b606501c30a4b45a
    Gas used: 171368

    Block Number: 498
    Block Hash: 0xd5a27e720da190a0ddcdfe9a6e992b611a9c17bc1099a6c1d9c1f2dcb45e60c7
    Block Time: "Sun, 4 Oct 2026 11:05:19 +0000"

eth_getTransactionReceipt
eth_blockNumber
eth_getTransactionReceipt
eth_getBlockByNumber
eth_getBlockByNumber
eth_getLogs
eth_getLogs
eth_getBlockByNumber
eth_blockNumber
eth_getTransactionReceipt
eth_getBlockByNumber
eth_getBlockByNumber
eth_blockNumber
eth_getTransactionReceipt
eth_getBlockByNumber

    Block Number: 499
    Block Hash: 0x8d935dde6f2d5152e28d1eb8e33dc5d4b2a590a4446e7cd651fb33ef0b5d710a
    Block Time: "Sun, 4 Oct 2026 11:05:19 +0000"

eth_getBlockByNumber
eth_blockNumber
eth_getTransactionReceipt
eth_getBlockByNumber
eth_getLogs
eth_getBlockByNumber
eth_blockNumber
eth_getTransactionReceipt
eth_getBlockByNumber

    Block Number: 500
    Block Hash: 0x2bb4053b02dd77f3011d94081da44894013fe62c237b7745ab603c8775cca437
    Block Time: "Sun, 4 Oct 2026 11:05:20 +0000"

eth_blockNumber
eth_feeHistory
eth_getBlockByNumber
eth_blockNumber
eth_getTransactionReceipt
eth_getBlockByNumber
eth_getLogs
eth_getBlockByNumber
eth_getBlockByNumber
eth_getBlockByNumber
eth_getBlockByNumber

    Block Number: 501
    Block Hash: 0x4d05ab8c8ccc7cbde507ab6b97d9e5613123217f66e723cad7405f85a0499b59
    Block Time: "Sun, 4 Oct 2026 11:05:20 +0000"

eth_getBlockByNumber
eth_getBlockByNumber
eth_getLogs
eth_getBlockByNumber
eth_getBlockByNumber

    Block Number: 502
    Block Hash: 0xd5da77076849d64f38a484cc30e6d778d85f77515de3421641c2f346b1579d9d
    Block Time: "Sun, 4 Oct 2026 11:05:20 +0000"

eth_getBlockByNumber
eth_getBlockByNumber
eth_getLogs
eth_getBlockByNumber
eth_getBlockByNumber
eth_getBlockByNumber
eth_getBlockByNumber

    Block Number: 503
    Block Hash: 0x7b5768555f4e117d36192d5e4f3a13fd97a445ff9c726653adb0326eee89fdda
    Block Time: "Sun, 4 Oct 2026 11:05:20 +0000"

eth_getBlockByNumber
eth_getBlockByNumber
eth_getLogs
eth_getBlockByNumber
eth_getBlockByNumber

    Block Number: 504
    Block Hash: 0x3df46a88d8d87607e218e527ecb378ced0fb71215310ac6de3cde21f001c9c81
    Block Time: "Sun, 4 Oct 2026 11:05:21 +0000"

eth_getBlockByNumber
eth_getBlockByNumber
eth_getLogs
eth_getBlockByNumber
eth_getBlockByNumber
eth_getBlockByNumber
eth_getBlockByNumber

    Block Number: 505
    Block Hash: 0x5cf9474c17adc3e1ac4608f4d6e78b92e9735d14aee302ea3f530d064725baf6
    Block Time: "Sun, 4 Oct 2026 11:05:21 +0000"

eth_getBlockByNumber
eth_getBlockByNumber
eth_getLogs
eth_getBlockByNumber
eth_getBlockByNumber

    Block Number: 506
    Block Hash: 0x7c436f61306fbafe32ab2ec63f0074992823818d1ff60aeae5980e4a02c759ad
    Block Time: "Sun, 4 Oct 2026 11:05:21 +0000"

eth_getBlockByNumber
eth_getBlockByNumber
eth_getLogs
eth_getBlockByNumber
eth_getBlockByNumber
eth_getBlockByNumber
eth_getBlockByNumber

    Block Number: 507
    Block Hash: 0xf6eae6d6f6ac80da09e56d2c5b9be5eff495d5681da698d4fe9729f0ba08c006
    Block Time: "Sun, 4 Oct 2026 11:05:21 +0000"

eth_getBlockByNumber
eth_getBlockByNumber
eth_getLogs
eth_getBlockByNumber
eth_getBlockByNumber

    Block Number: 508
    Block Hash: 0xe4157a757f60769fed3da5ac8ae5c3d15841ba5c358d50132d3ea34f6ce0459f
    Block Time: "Sun, 4 Oct 2026 11:05:22 +0000"

eth_getBlockByNumber
eth_getBlockByNumber
eth_getLogs
eth_getBlockByNumber
eth_getBlockByNumber
eth_getBlockByNumber
eth_getBlockByNumber

    Block Number: 509
    Block Hash: 0x9c5e20c48ee1d047e14ec2edd78bccf6af107ddd274cd947493b9679b910e182
    Block Time: "Sun, 4 Oct 2026 11:05:22 +0000"

eth_call
eth_feeHistory
eth_simulateV1
eth_sendRawTransaction
eth_getTransactionReceipt
eth_getBlockByNumber

    Transaction: 0x975704476a20ba8f6751d4240ca347cd0b87190ac03c15f1725d1d60ccf95124
    Gas used: 141886

    Block Number: 510
    Block Hash: 0x827cfba26a2821b8354e2bf1fe8bdcc43bcffa45d90688a8c54bbe25383fe684
    Block Time: "Sun, 4 Oct 2026 11:05:22 +0000"

eth_getBlockByNumber
eth_getBlockByNumber
eth_getLogs
eth_getLogs
eth_getTransactionByHash
eth_getBlockByNumber
eth_getTransactionReceipt
eth_blockNumber
eth_getTransactionReceipt
eth_getBlockByNumber

    Block Number: 511
    Block Hash: 0x0eb8577e0b784338e2be35dc8e3114d950c15af49103cd87c79cb2e46dbdfda6
    Block Time: "Sun, 4 Oct 2026 11:05:22 +0000"

eth_getBlockByNumber
eth_getTransactionByHash
eth_blockNumber
eth_getTransactionReceipt
eth_getBlockByNumber
eth_getLogs
eth_getBlockByNumber
eth_blockNumber
eth_getTransactionReceipt
eth_getBlockByNumber
eth_getBlockByNumber
eth_blockNumber
eth_getTransactionReceipt
eth_getBlockByNumber

    Block Number: 512
    Block Hash: 0xcc736f22ebd0052c4cc8608090ea98e8ab2cde3275881e827c8cb3ca508b278e
    Block Time: "Sun, 4 Oct 2026 11:05:22 +0000"

eth_getBlockByNumber
eth_blockNumber
eth_getTransactionReceipt
eth_getBlockByNumber
eth_getLogs
eth_getBlockByNumber
eth_getBlockByNumber

    Block Number: 513
    Block Hash: 0xc24ebcb0229eb85a7f14d90b6ad6c7e9674b44eea2798c3c7a9d7210eda3dc11
    Block Time: "Sun, 4 Oct 2026 11:05:23 +0000"

eth_getBlockByNumber
eth_getBlockByNumber
eth_getLogs
eth_getBlockByNumber
eth_feeHistory
eth_simulateV1
eth_sendRawTransaction
eth_getTransactionReceipt

    Transaction: 0x97c61f72210d5c2724a7708232315e068e96fc93188477cfd7f1f01c8e2212eb
    Gas used: 96809

    Block Number: 514
    Block Hash: 0xc2d3033e2aaaa2649dfdd330122e580e4ff8d64620af0e340671b779336ed314
    Block Time: "Sun, 4 Oct 2026 11:05:23 +0000"

eth_getBlockByNumber
eth_getLogs
eth_getBlockByNumber
eth_getTransactionReceipt
eth_blockNumber
eth_getTransactionReceipt
eth_getBlockByNumber

    Block Number: 515
    Block Hash: 0x9ae8d54bc603e950a808cbdb81e7cb6b48692577b80abfa2c4aa60bdcdd62554
    Block Time: "Sun, 4 Oct 2026 11:05:23 +0000"

eth_getBlockByNumber
eth_blockNumber
eth_getTransactionReceipt
eth_getBlockByNumber
eth_getLogs
eth_getBlockByNumber
eth_blockNumber
eth_getTransactionReceipt
eth_getBlockByNumber

    Block Number: 516
    Block Hash: 0xe4b5f12c0d9bb7aa16a7670453e437d286821b49a2aacf51e2fb0e7ee5492e0d
    Block Time: "Sun, 4 Oct 2026 11:05:23 +0000"

eth_getBlockByNumber
eth_blockNumber
eth_getTransactionReceipt
eth_feeHistory
eth_simulateV1
eth_sendRawTransaction
eth_getTransactionReceipt

    Transaction: 0x2ac29b3e910d167336c75679feb58875a7e6a66538b78101e1a3245aef8d2c06
    Gas used: 171368

    Block Number: 517
    Block Hash: 0x91525323a871820b6e8ac9d8fd0cac79f901eef4db85d571f7d58f44aebffcf4
    Block Time: "Sun, 4 Oct 2026 11:05:23 +0000"

eth_getBlockByNumber
eth_getBlockByNumber
eth_getLogs
eth_getLogs
eth_getBlockByNumber
eth_getTransactionReceipt
eth_blockNumber
eth_getTransactionReceipt
eth_getBlockByNumber
eth_getBlockByNumber
eth_blockNumber
eth_getTransactionReceipt
eth_getBlockByNumber

    Block Number: 518
    Block Hash: 0x3cef490844a459bee859310a2bc63925a78b83a6d82f4d0f349a02fc720c3bbe
    Block Time: "Sun, 4 Oct 2026 11:05:23 +0000"

eth_getBlockByNumber
eth_blockNumber
eth_getTransactionReceipt
eth_getBlockByNumber
eth_getLogs
eth_getBlockByNumber
eth_blockNumber
eth_getTransactionReceipt
eth_getBlockByNumber

    Block Number: 519
    Block Hash: 0xc818bb71408b877c9fd1cf1f742f8ad7e3c41ff003fc00fe7b42aa758f6068dd
    Block Time: "Sun, 4 Oct 2026 11:05:24 +0000"

eth_getBlockByNumber
eth_getBlockByNumber
eth_blockNumber
eth_getLogs
eth_getTransactionReceipt
eth_getBlockByNumber
eth_getBlockByNumber
eth_getBlockByNumber
eth_getBlockByNumber

    Block Number: 520
    Block Hash: 0xae2f008a7dfde343b6644f3e22d583e86321ae655402168f74d58336fb9ebdc7
    Block Time: "Sun, 4 Oct 2026 11:05:24 +0000"

eth_getBlockByNumber
eth_getBlockByNumber
eth_getLogs
eth_getBlockByNumber
eth_getBlockByNumber

    Block Number: 521
    Block Hash: 0x32d58af63fee79d2e709f67f32aa26ee51a9b919a7ad73e6916f2b80d433386b
    Block Time: "Sun, 4 Oct 2026 11:05:24 +0000"

eth_getBlockByNumber
eth_getBlockByNumber
eth_getLogs
eth_getBlockByNumber
eth_getBlockByNumber
eth_getBlockByNumber
eth_getBlockByNumber

    Block Number: 522
    Block Hash: 0xd184bdc1704629208848cf94d62e166ab3207d7f9b9e3b92faff8f4f3ed4973f
    Block Time: "Sun, 4 Oct 2026 11:05:24 +0000"

eth_getBlockByNumber
eth_getBlockByNumber
eth_getLogs
eth_getBlockByNumber
eth_getBlockByNumber

    Block Number: 523
    Block Hash: 0x620f22c2917cf7fb743cd3f370c267ab6c8d3686319f34400ddb4fa24b24a341
    Block Time: "Sun, 4 Oct 2026 11:05:25 +0000"

eth_getBlockByNumber
eth_getBlockByNumber
eth_getLogs
eth_getBlockByNumber
eth_getBlockByNumber
eth_getBlockByNumber
eth_getBlockByNumber

    Block Number: 524
    Block Hash: 0x949bb2b0596a89dfe6280d2e9e8524344eb23c12981ae3e187bbe7eb800a3fe9
    Block Time: "Sun, 4 Oct 2026 11:05:25 +0000"

eth_getBlockByNumber
eth_getBlockByNumber
eth_getLogs
eth_getBlockByNumber
eth_getBlockByNumber

    Block Number: 525
    Block Hash: 0xb14876b824f21ecf0af7e10a6638b29dd6b63222632814092b72c4ae23b8c977
    Block Time: "Sun, 4 Oct 2026 11:05:25 +0000"

eth_getBlockByNumber
eth_getBlockByNumber
eth_getLogs
eth_getBlockByNumber
eth_getBlockByNumber
eth_getBlockByNumber
eth_getBlockByNumber

    Block Number: 526
    Block Hash: 0xbd0b7ae87eb78d70ed6355d9ad1f21f551c82d744de44d9864eca08b899e1251
    Block Time: "Sun, 4 Oct 2026 11:05:25 +0000"

eth_getBlockByNumber
eth_getBlockByNumber
eth_getLogs
eth_getBlockByNumber
eth_getBlockByNumber

    Block Number: 527
    Block Hash: 0x4f3fc1b99ab95cb8335a4bcc85775147e2deb3fd10c8b447e34202d461877e4e
    Block Time: "Sun, 4 Oct 2026 11:05:26 +0000"

eth_getBlockByNumber
eth_getBlockByNumber
eth_getLogs
eth_getBlockByNumber
eth_getBlockByNumber
eth_getBlockByNumber
eth_getBlockByNumber

    Block Number: 528
    Block Hash: 0x9ee7a618d4b33660f5b0d5e4d6129a9ae0ece9a67bbf18b9089c6f6d1eecc23a
    Block Time: "Sun, 4 Oct 2026 11:05:26 +0000"

eth_call
eth_feeHistory
eth_getBlockByNumber
eth_simulateV1
eth_sendRawTransaction
eth_getTransactionReceipt

    Transaction: 0x425c7f31d653d6335781e2557a0f6464652b8bc14c95df159f2795efd98e0835
    Gas used: 141874

    Block Number: 529
    Block Hash: 0xc45be51fe68248a11b5253010a7679cec4cec87d6b6f60518717ba86630690a6
    Block Time: "Sun, 4 Oct 2026 11:05:26 +0000"

eth_getBlockByNumber
eth_getBlockByNumber
eth_getLogs
eth_getLogs
eth_getTransactionByHash
eth_getBlockByNumber
eth_getTransactionReceipt
eth_blockNumber
eth_getTransactionReceipt
eth_getBlockByNumber

    Block Number: 530
    Block Hash: 0xb36fc0467eed3e03e8fa2c44550c479473507b574feb18fb21f751f53e9e2996
    Block Time: "Sun, 4 Oct 2026 11:05:26 +0000"

eth_getBlockByNumber
eth_getTransactionByHash
eth_blockNumber
eth_getTransactionReceipt
eth_getBlockByNumber
eth_getLogs
eth_getBlockByNumber
eth_blockNumber
eth_getTransactionReceipt
eth_getBlockByNumber
eth_getBlockByNumber
eth_blockNumber
eth_getTransactionReceipt
eth_getBlockByNumber

    Block Number: 531
    Block Hash: 0xf3448cb09a36dde65cf4730be86eb277a77ba8f6f2ef1ce871cb2d6c2f0ea356
    Block Time: "Sun, 4 Oct 2026 11:05:26 +0000"

eth_getBlockByNumber
eth_blockNumber
eth_getTransactionReceipt
eth_getBlockByNumber
eth_getLogs
eth_getBlockByNumber
eth_getBlockByNumber

    Block Number: 532
    Block Hash: 0xf6da91f67afe3a317e01dce532aaf7339918dc0110413185b5bed9d04fe8ce68
    Block Time: "Sun, 4 Oct 2026 11:05:27 +0000"

eth_getBlockByNumber
eth_getBlockByNumber
eth_getLogs
eth_getBlockByNumber
eth_feeHistory
eth_simulateV1
eth_sendRawTransaction
eth_getTransactionReceipt

    Transaction: 0x5dc25fa91fb204b47c4656aa6f7b7fceb98e89ee8daa505b17a12d1e897b995a
    Gas used: 96785

    Block Number: 533
    Block Hash: 0xea2b5863d801cbf8ee7c06f4664a71affd449fd77a4f66a3778f3ec6b43d34d0
    Block Time: "Sun, 4 Oct 2026 11:05:27 +0000"

eth_getBlockByNumber
eth_getLogs
eth_getBlockByNumber
eth_getTransactionReceipt
eth_blockNumber
eth_getTransactionReceipt
eth_getBlockByNumber

    Block Number: 534
    Block Hash: 0x84ced78f7250de2cf0563ac17b5be32521583e471af7d0819f7d253c9efe26d1
    Block Time: "Sun, 4 Oct 2026 11:05:27 +0000"

eth_getBlockByNumber
eth_blockNumber
eth_getTransactionReceipt
eth_getBlockByNumber
eth_getLogs
eth_getBlockByNumber
eth_blockNumber
eth_getTransactionReceipt
eth_getBlockByNumber

    Block Number: 535
    Block Hash: 0x558879ec95bc52b7a2dc0418658d5ddc2f266cf7d6d1b493e0ccb8e9bd89ab11
    Block Time: "Sun, 4 Oct 2026 11:05:27 +0000"

eth_getBlockByNumber
eth_blockNumber
eth_getTransactionReceipt
eth_feeHistory
eth_simulateV1
eth_sendRawTransaction
eth_getTransactionReceipt

    Transaction: 0xe6ba9d120d1e88713de418c1d18743c957dee45921cf86c4ac530b0aca83f5b2
    Gas used: 171356

    Block Number: 536
    Block Hash: 0x958be89818e7ca13f7d2394dceb76020aac311e3fc6cfb6b4798c05c8731a1e5
    Block Time: "Sun, 4 Oct 2026 11:05:27 +0000"

eth_getBlockByNumber
eth_getBlockByNumber
eth_getLogs
eth_getLogs
eth_getBlockByNumber
eth_getTransactionReceipt
eth_blockNumber
eth_getTransactionReceipt
eth_getBlockByNumber
eth_getBlockByNumber
eth_blockNumber
eth_getTransactionReceipt
eth_getBlockByNumber

    Block Number: 537
    Block Hash: 0xad2c090599fcf15461d57d37382d585cb394f188476d78f3f6bca6c9303d1249
    Block Time: "Sun, 4 Oct 2026 11:05:27 +0000"

eth_getBlockByNumber
eth_getBlockByNumber
eth_getLogs
eth_blockNumber
eth_getTransactionReceipt
eth_getBlockByNumber
eth_getBlockByNumber
eth_blockNumber
eth_getTransactionReceipt

    Block Number: 538
    Block Hash: 0x487414e50bd59e13112877b15674d7ea2fb166dda0ee107e713f5a49d400af7a
    Block Time: "Sun, 4 Oct 2026 11:05:28 +0000"

eth_getBlockByNumber
eth_getBlockByNumber
eth_getLogs
eth_blockNumber
eth_getTransactionReceipt
eth_getBlockByNumber
eth_getBlockByNumber
eth_getBlockByNumber
eth_getBlockByNumber

    Block Number: 539
    Block Hash: 0x2c3aae958cb834c9a2c68e41b19339b64718af20a9f410f2801d16ff570801a7
    Block Time: "Sun, 4 Oct 2026 11:05:28 +0000"

eth_getBlockByNumber
eth_getBlockByNumber
eth_getLogs
eth_getBlockByNumber
eth_getBlockByNumber

    Block Number: 540
    Block Hash: 0x66c5f4282ec71d813d39669a500627db82637227296025a57996525fa1f4ba16
    Block Time: "Sun, 4 Oct 2026 11:05:28 +0000"

eth_getBlockByNumber
eth_getBlockByNumber
eth_getLogs
eth_getBlockByNumber
eth_getBlockByNumber
eth_getBlockByNumber
eth_getBlockByNumber

    Block Number: 541
    Block Hash: 0x3176ae0e32c41690df39bd32e24add0b9339920f8e35a5a2c6ca513be75cccd8
    Block Time: "Sun, 4 Oct 2026 11:05:28 +0000"

eth_getBlockByNumber
eth_getBlockByNumber
eth_getLogs
eth_getBlockByNumber
eth_getBlockByNumber

    Block Number: 542
    Block Hash: 0xc4e84e5ec702dde44c7f35f65ebdfc02fe0b6d35fca4d0f7c0d5a37fb662c96d
    Block Time: "Sun, 4 Oct 2026 11:05:29 +0000"

eth_getBlockByNumber
eth_getBlockByNumber
eth_getLogs
eth_getBlockByNumber
eth_getBlockByNumber
eth_getBlockByNumber
eth_getBlockByNumber

    Block Number: 543
    Block Hash: 0x996dbd043a72044a0f066f6657f045a4f7668cb9acdee84e99a9ce78933e8ac1
    Block Time: "Sun, 4 Oct 2026 11:05:29 +0000"

eth_getBlockByNumber
eth_getBlockByNumber
eth_getLogs
eth_getBlockByNumber
eth_getBlockByNumber

    Block Number: 544
    Block Hash: 0xd6e145f2c24988612657e195fe925a5686e2eea863d022be8099b07805b53f69
    Block Time: "Sun, 4 Oct 2026 11:05:29 +0000"

eth_getBlockByNumber
eth_getBlockByNumber
eth_getLogs
eth_getBlockByNumber
eth_getBlockByNumber
eth_getBlockByNumber
eth_getBlockByNumber

    Block Number: 545
    Block Hash: 0x022f71ba58eeebaed2ec41d2f95e81da7e2084f0700a8c5b8b670505f1883637
    Block Time: "Sun, 4 Oct 2026 11:05:29 +0000"

eth_getBlockByNumber
eth_getBlockByNumber
eth_getLogs
eth_getBlockByNumber
eth_getBlockByNumber

    Block Number: 546
    Block Hash: 0xb57d2af85534a158a412ba164254e09b12f79c2d6b50f387fc3602a580c5083e
    Block Time: "Sun, 4 Oct 2026 11:05:30 +0000"

eth_getBlockByNumber
eth_getBlockByNumber
eth_getLogs
eth_getBlockByNumber
eth_getBlockByNumber
eth_getBlockByNumber
eth_getBlockByNumber

    Block Number: 547
    Block Hash: 0x77da262302e1e3a80181f4f650a0479f123987e0fbb7c2c1bae73dab5a0af7d6
    Block Time: "Sun, 4 Oct 2026 11:05:30 +0000"

eth_getBlockByNumber
eth_call
eth_feeHistory
eth_simulateV1
eth_sendRawTransaction
eth_getTransactionReceipt

    Transaction: 0x2b334aeff09c3949680d049f895321f82fc68c27bd0eea187a5931f5062c4d6a
    Gas used: 141874

    Block Number: 548
    Block Hash: 0xfb2e4e3e4f68490523747c932f7670a70fbeb4a18f104465a5cfd72b51514c8c
    Block Time: "Sun, 4 Oct 2026 11:05:30 +0000"

eth_getBlockByNumber
eth_getBlockByNumber
eth_getLogs
eth_getLogs
eth_getTransactionByHash
eth_getBlockByNumber
eth_getTransactionReceipt
eth_blockNumber
eth_getTransactionReceipt
eth_getBlockByNumber

    Block Number: 549
    Block Hash: 0x3a2992c231a7501d67e58daccc6e703732a741de1e4cef52b4e365dacaa04eca
    Block Time: "Sun, 4 Oct 2026 11:05:30 +0000"

eth_getBlockByNumber
eth_getTransactionByHash
eth_blockNumber
eth_getTransactionReceipt
eth_getBlockByNumber
eth_getLogs
eth_getBlockByNumber
eth_blockNumber
eth_getTransactionReceipt
eth_getBlockByNumber
eth_getBlockByNumber
eth_blockNumber
eth_getTransactionReceipt
eth_getBlockByNumber

    Block Number: 550
    Block Hash: 0x17d14857ee6df416fc261c7c8fb6eb4000bddf25af464303d9eff61c6527e752
    Block Time: "Sun, 4 Oct 2026 11:05:30 +0000"

eth_getBlockByNumber
eth_blockNumber
eth_getTransactionReceipt
eth_getBlockByNumber
eth_getLogs
eth_getBlockByNumber
eth_getBlockByNumber

    Block Number: 551
    Block Hash: 0x28b1d57c02e9bd3d1ca09f1db1297d91eeb8273b4ecafe4e581b3616ef23f507
    Block Time: "Sun, 4 Oct 2026 11:05:31 +0000"

eth_getBlockByNumber
eth_getBlockByNumber
eth_getLogs
eth_getBlockByNumber
eth_feeHistory
eth_simulateV1
eth_sendRawTransaction
eth_getTransactionReceipt

    Transaction: 0x25e280729c19ce27df18e8e4189296520d011aee1b8dc1c7ba5293d27fd50933
    Gas used: 96797

    Block Number: 552
    Block Hash: 0xdc023cad7ebb40d7808a556e93c909b1061e78f7cc96429a34c4df1c2e3ad5c2
    Block Time: "Sun, 4 Oct 2026 11:05:31 +0000"

eth_getBlockByNumber
eth_getLogs
eth_getBlockByNumber
eth_getTransactionReceipt
eth_blockNumber
eth_getTransactionReceipt
eth_getBlockByNumber

    Block Number: 553
    Block Hash: 0x686b9887c9d87073503d755e5764fc04b841b1ac35fc974ce7e175c5575ee256
    Block Time: "Sun, 4 Oct 2026 11:05:31 +0000"

eth_getBlockByNumber
eth_blockNumber
eth_getTransactionReceipt
eth_getBlockByNumber
eth_getLogs
eth_getBlockByNumber
eth_blockNumber
eth_getTransactionReceipt
eth_getBlockByNumber

    Block Number: 554
    Block Hash: 0x82db70f8d5263f9810728e46832268510b46b13815d9b8f97b755588002add64
    Block Time: "Sun, 4 Oct 2026 11:05:31 +0000"

eth_getBlockByNumber
eth_getBlockByNumber
eth_getLogs
eth_blockNumber
eth_getTransactionReceipt
eth_feeHistory
eth_simulateV1
eth_sendRawTransaction
eth_getTransactionReceipt

    Transaction: 0xd3b02783fed5e9507f9ac3c931f3b01a218c56aa952a9111e18dbc67f4d5e04f
    Gas used: 171368

    Block Number: 555
    Block Hash: 0xe5891014d853d161c83fc409f597f8dd5eec6c4f5d11ad7c7693567ba59d19ff
    Block Time: "Sun, 4 Oct 2026 11:05:31 +0000"

eth_getBlockByNumber
eth_getBlockByNumber
eth_getLogs
eth_getTransactionReceipt
eth_blockNumber
eth_getTransactionReceipt
eth_getBlockByNumber
eth_getBlockByNumber

    Block Number: 556
    Block Hash: 0x56a40a75d0b17ee4ce021eb3d33aa9a9f53758679ebd11c16f6bc230a7af4f54
    Block Time: "Sun, 4 Oct 2026 11:05:31 +0000"

eth_blockNumber
eth_getTransactionReceipt
eth_getBlockByNumber
eth_getBlockByNumber
eth_getLogs
eth_blockNumber
eth_getTransactionReceipt
eth_getBlockByNumber
eth_getBlockByNumber
eth_blockNumber
eth_getTransactionReceipt

    Block Number: 557
    Block Hash: 0x2864286eab19e81753ee7e87bfdd549ffb79ad9429e1f68aa4d556c3bff5b2c4
    Block Time: "Sun, 4 Oct 2026 11:05:32 +0000"

eth_getBlockByNumber
eth_getBlockByNumber
eth_getLogs
eth_blockNumber
eth_getTransactionReceipt
eth_getBlockByNumber
eth_getBlockByNumber
eth_getBlockByNumber
eth_getBlockByNumber

    Block Number: 558
    Block Hash: 0x68243f05265578e412c507a061a88a829a19a9df82de5cedf1e05eb8318776e7
    Block Time: "Sun, 4 Oct 2026 11:05:32 +0000"

eth_getBlockByNumber
eth_getBlockByNumber
eth_getLogs
eth_getBlockByNumber
eth_getBlockByNumber

    Block Number: 559
    Block Hash: 0x1e39528e2f41d0af28ff52e074f3e0ab1633ff9c2c4eece8bba0965f70f44b4c
    Block Time: "Sun, 4 Oct 2026 11:05:32 +0000"

eth_getBlockByNumber
eth_getBlockByNumber
eth_getLogs
eth_getBlockByNumber
eth_getBlockByNumber
eth_getBlockByNumber
eth_getBlockByNumber

    Block Number: 560
    Block Hash: 0x3fff44eea58e5df254a9ae1e93f1b24e7d1b5c1cc9eb89a67a91ed022a9f1121
    Block Time: "Sun, 4 Oct 2026 11:05:32 +0000"

eth_getBlockByNumber
eth_getBlockByNumber
eth_getLogs
eth_getBlockByNumber
eth_getBlockByNumber

    Block Number: 561
    Block Hash: 0x55797a1a3b797cf6934a9e75d407187c74e5d580bc9bfd0f363b62ee524ce4a3
    Block Time: "Sun, 4 Oct 2026 11:05:33 +0000"

eth_blockNumber
eth_getBlockByNumber
eth_feeHistory
eth_getBlockByNumber
eth_getLogs
eth_getBlockByNumber
eth_getBlockByNumber
eth_getBlockByNumber
eth_getBlockByNumber

    Block Number: 562
    Block Hash: 0x9f47251b2c4e94c16e00cf45bd39db15667c8e51470aab83db1d6d9869f2e381
    Block Time: "Sun, 4 Oct 2026 11:05:33 +0000"

eth_getBlockByNumber
eth_getBlockByNumber
eth_getLogs
eth_getBlockByNumber
eth_getBlockByNumber

    Block Number: 563
    Block Hash: 0x2aa7887ca1703f0a0d79585911c6be26007c8bb431521ba3ed2cc2e1e4e6cb36
    Block Time: "Sun, 4 Oct 2026 11:05:33 +0000"

eth_getBlockByNumber
eth_getBlockByNumber
eth_getLogs
eth_getBlockByNumber
eth_getBlockByNumber
eth_getBlockByNumber
eth_getBlockByNumber

    Block Number: 564
    Block Hash: 0x55ada2a30822b87878f7d300f5f36aac3a239fc7e45fd3ef88dd88ab703fa3c9
    Block Time: "Sun, 4 Oct 2026 11:05:33 +0000"

eth_getBlockByNumber
eth_getBlockByNumber
eth_getLogs
eth_getBlockByNumber
eth_getBlockByNumber

    Block Number: 565
    Block Hash: 0xcc6e284376a99abdbc083b95a80285ce58c9f91547daad3b026fdf2ee2756ca7
    Block Time: "Sun, 4 Oct 2026 11:05:34 +0000"

eth_getBlockByNumber
eth_getBlockByNumber
eth_getLogs
eth_getBlockByNumber
eth_getBlockByNumber
eth_getBlockByNumber
eth_getBlockByNumber

    Block Number: 566
    Block Hash: 0x92b7ce34fec3f4c046b1462a16339244bd047c63bda8eb4295a46f5646ffc194
    Block Time: "Sun, 4 Oct 2026 11:05:34 +0000"

eth_getBlockByNumber
eth_call
eth_feeHistory
eth_simulateV1
eth_sendRawTransaction
eth_getTransactionReceipt

    Transaction: 0x5d83bc150ea2c7664bf979eb01b5e87388ac25620c6ac15c30cb1ae0e257e14d
    Gas used: 141886

    Block Number: 567
    Block Hash: 0x8ada1b979087c2ff062dfd3e10d1aeaee8238266b574cc220e3fa89e6dc70de9
    Block Time: "Sun, 4 Oct 2026 11:05:34 +0000"

eth_getBlockByNumber
eth_getBlockByNumber
eth_getLogs
eth_getLogs
eth_getTransactionByHash
eth_getBlockByNumber
eth_getTransactionReceipt
eth_blockNumber
eth_getTransactionReceipt
eth_getBlockByNumber

    Block Number: 568
    Block Hash: 0x19bc14980c1c55a3fefb5218afb26aecd33b18f16bae7779fad6107e4758f4a1
    Block Time: "Sun, 4 Oct 2026 11:05:34 +0000"

eth_getBlockByNumber
eth_getTransactionByHash
eth_blockNumber
eth_getTransactionReceipt
eth_getBlockByNumber
eth_getLogs
eth_getBlockByNumber
eth_getBlockByNumber
eth_blockNumber
eth_getTransactionReceipt
eth_getBlockByNumber
eth_getBlockByNumber
eth_blockNumber
eth_getTransactionReceipt

    Block Number: 569
    Block Hash: 0x29e38b5c9fd4d54feaca0c3acb1d8ba5327dc26076f08643463c5a55c151159e
    Block Time: "Sun, 4 Oct 2026 11:05:34 +0000"

eth_getBlockByNumber
eth_getBlockByNumber
eth_getLogs
eth_blockNumber
eth_getTransactionReceipt
eth_getBlockByNumber
eth_getBlockByNumber

    Block Number: 570
    Block Hash: 0x2a17fd5ccfa51d0e157417915c55a76e498fc9da099fe519233600261ac75614
    Block Time: "Sun, 4 Oct 2026 11:05:35 +0000"

eth_getBlockByNumber
eth_getBlockByNumber
eth_getLogs
eth_getBlockByNumber
eth_feeHistory
eth_simulateV1
eth_sendRawTransaction
eth_getTransactionReceipt

    Transaction: 0x1c3a9d0ac22c731ab7e8c5c5d47770111e3e93b5be2738ec5d8e8690edbad38d
    Gas used: 96809

    Block Number: 571
    Block Hash: 0xae2322e4ebd88a6648862ba91b472a7806c36014e371b76537412363c7f47e03
    Block Time: "Sun, 4 Oct 2026 11:05:35 +0000"

eth_getBlockByNumber
eth_getLogs
eth_getBlockByNumber
eth_getTransactionReceipt
eth_blockNumber
eth_getTransactionReceipt
eth_getBlockByNumber

    Block Number: 572
    Block Hash: 0xbf81874804a5fb25df0a1d5ed4f8a24694ce45ddfcb7247d0decfa568ad53f66
    Block Time: "Sun, 4 Oct 2026 11:05:35 +0000"

eth_getBlockByNumber
eth_blockNumber
eth_getTransactionReceipt
eth_getBlockByNumber
eth_getLogs
eth_getBlockByNumber
eth_getBlockByNumber
eth_blockNumber
eth_getTransactionReceipt

    Block Number: 573
    Block Hash: 0xd5cbb5ffcb97ca87f3aeb9e06274439e0f9e428decab698d93217d62082f52b3
    Block Time: "Sun, 4 Oct 2026 11:05:35 +0000"

eth_getBlockByNumber
eth_getBlockByNumber
eth_getLogs
eth_blockNumber
eth_getTransactionReceipt
eth_feeHistory
eth_simulateV1
eth_sendRawTransaction
eth_getTransactionReceipt

    Transaction: 0x831be54d7f46d6909cd3ac597843d0283172951173ad9d0ca9b9f95792d98378
    Gas used: 171368

    Block Number: 574
    Block Hash: 0xc29ab52f4bdd2b5569467c488f5b141ca5b1b2a79b03658025eb13e8ee4f90cc
    Block Time: "Sun, 4 Oct 2026 11:05:35 +0000"

eth_getBlockByNumber
eth_getBlockByNumber
eth_getLogs
eth_getTransactionReceipt
eth_blockNumber
eth_getTransactionReceipt
eth_getBlockByNumber
eth_getBlockByNumber

    Block Number: 575
    Block Hash: 0x523a0c6a8e35a2c6e998f81b74fe0a23213f4f0ac9fef19e1d73ad71d1bb310a
    Block Time: "Sun, 4 Oct 2026 11:05:35 +0000"

eth_blockNumber
eth_getTransactionReceipt
eth_getBlockByNumber
eth_getBlockByNumber
eth_getLogs
eth_blockNumber
eth_getTransactionReceipt
eth_getBlockByNumber
eth_getBlockByNumber
eth_blockNumber
eth_getTransactionReceipt

    Block Number: 576
    Block Hash: 0x16d03f9c5a62fe45b3e570d8cfcb94212f972f08b6a477f1f8d91962f54c9f1d
    Block Time: "Sun, 4 Oct 2026 11:05:36 +0000"

eth_getBlockByNumber
eth_getBlockByNumber
eth_getLogs
eth_blockNumber
eth_getTransactionReceipt
eth_getBlockByNumber
eth_getBlockByNumber
eth_getBlockByNumber
eth_getBlockByNumber

    Block Number: 577
    Block Hash: 0xa1b32228fa34312cc2afa03920856e1975b1a88ee2a6e3744761cac48e29602e
    Block Time: "Sun, 4 Oct 2026 11:05:36 +0000"

eth_getBlockByNumber
eth_getBlockByNumber
eth_getLogs
eth_getBlockByNumber
eth_getBlockByNumber

    Block Number: 578
    Block Hash: 0x32e7170a58bbda5608b5e4170b19b700337753e92bb4a5194d85f2be39c60d60
    Block Time: "Sun, 4 Oct 2026 11:05:36 +0000"

eth_getBlockByNumber
eth_getBlockByNumber
eth_getLogs
eth_getBlockByNumber
eth_getBlockByNumber
eth_getBlockByNumber
eth_getBlockByNumber

    Block Number: 579
    Block Hash: 0x12560fe813957892c95caa1c201189665cb8102b26eeebb00af8b10ef43d8990
    Block Time: "Sun, 4 Oct 2026 11:05:36 +0000"

eth_getBlockByNumber
eth_getBlockByNumber
eth_getLogs
eth_getBlockByNumber
eth_getBlockByNumber

    Block Number: 580
    Block Hash: 0x63c921c2369a995c10e3877ddef1dccc045ce2a169a8763b746c980c016521c3
    Block Time: "Sun, 4 Oct 2026 11:05:37 +0000"

eth_getBlockByNumber
eth_getBlockByNumber
eth_getLogs
eth_getBlockByNumber
eth_getBlockByNumber
eth_getBlockByNumber
eth_getBlockByNumber

    Block Number: 581
    Block Hash: 0xaedd7c47ad17317ea20499e2eccb7c9aa95bda5aca1add3ae275b1c01fcdff08
    Block Time: "Sun, 4 Oct 2026 11:05:37 +0000"

eth_getBlockByNumber
eth_getBlockByNumber
eth_getLogs
eth_getBlockByNumber
eth_getBlockByNumber

    Block Number: 582
    Block Hash: 0xe9c502b158d1416cbc5bfd9a716e598735dab1045e65eaffe7faadbbc1efe9c2
    Block Time: "Sun, 4 Oct 2026 11:05:37 +0000"

eth_getBlockByNumber
eth_getBlockByNumber
eth_getLogs
eth_getBlockByNumber
eth_getBlockByNumber
eth_getBlockByNumber
eth_getBlockByNumber

    Block Number: 583
    Block Hash: 0xf52f484df63877c36ae59c587368e1fb65a97af67c326600e9a507d8f86d07d0
    Block Time: "Sun, 4 Oct 2026 11:05:37 +0000"

eth_getBlockByNumber
eth_getBlockByNumber
eth_getLogs
eth_getBlockByNumber
eth_getBlockByNumber

    Block Number: 584
    Block Hash: 0xe0155ccbc2416b70582e5990c8797d0a47b77f0214a78671c6889ea7addbc9a9
    Block Time: "Sun, 4 Oct 2026 11:05:38 +0000"

eth_getBlockByNumber
eth_getBlockByNumber
eth_getLogs
eth_getBlockByNumber
eth_getBlockByNumber
eth_getBlockByNumber
eth_getBlockByNumber

    Block Number: 585
    Block Hash: 0x97958e3f8e4b744d305873e2b2e236b9962c15af10d03cc9263acab3dbec2b8e
    Block Time: "Sun, 4 Oct 2026 11:05:38 +0000"

eth_getBlockByNumber
eth_call
eth_feeHistory
eth_simulateV1
eth_getBlockByNumber
eth_getLogs
eth_sendRawTransaction
eth_getTransactionReceipt

    Transaction: 0xc186dd26e737eb0eb037c14bff798ec8f5e22599989a8ef5f461ace74c2c4d0b
    Gas used: 158986

    Block Number: 586
    Block Hash: 0x8184cc9771792ad487892542f225a005e67c52c88ecb48cfb3c3f6955422514e
    Block Time: "Sun, 4 Oct 2026 11:05:38 +0000"

eth_getBlockByNumber
eth_getBlockByNumber
eth_getLogs
eth_getTransactionByHash
eth_getTransactionReceipt
eth_blockNumber
eth_getTransactionReceipt

    Block Number: 587
    Block Hash: 0x315a94b68b76969028b627980395550b95a313e78f5b6f64fb0de2fe32c19bc2
    Block Time: "Sun, 4 Oct 2026 11:05:38 +0000"

eth_getBlockByNumber
eth_getTransactionByHash
eth_getBlockByNumber
eth_getLogs
eth_blockNumber
eth_getTransactionReceipt
eth_getBlockByNumber
eth_getBlockByNumber
eth_blockNumber
eth_getTransactionReceipt
eth_getBlockByNumber
eth_getBlockByNumber

    Block Number: 588
    Block Hash: 0x00e209431d9158bbea5476f35093f566e8e521c4f0bb52528830c63036662f7b
    Block Time: "Sun, 4 Oct 2026 11:05:38 +0000"

eth_blockNumber
eth_getTransactionReceipt
eth_getBlockByNumber
eth_getBlockByNumber
eth_getLogs
eth_getBlockByNumber
eth_getBlockByNumber

    Block Number: 589
    Block Hash: 0xd68835eea43fdeb4e3e542ac803d75722188ab7d089c5a811d6579efd012c0e7
    Block Time: "Sun, 4 Oct 2026 11:05:39 +0000"

eth_getBlockByNumber
eth_getBlockByNumber
eth_getLogs
eth_getBlockByNumber
eth_feeHistory
eth_simulateV1
eth_sendRawTransaction
eth_getTransactionReceipt
eth_getBlockByNumber

    Transaction: 0xfe70d82764f59f6dde1b04b40c5c08b7090cce50324d237b671a1327486edac2
    Gas used: 96797

    Block Number: 590
    Block Hash: 0x9703894bc50dfd3162e7fecad9fc3e658bbb3a58d8abb5b5a61c6faa76be6142
    Block Time: "Sun, 4 Oct 2026 11:05:39 +0000"

eth_getBlockByNumber
eth_getTransactionReceipt
eth_getBlockByNumber
eth_getLogs
eth_blockNumber
eth_getTransactionReceipt

    Block Number: 591
    Block Hash: 0xda6285ad5e3bac82788e7b94b1b34d0d124b65e86281d983b994cc2e8d4034ca
    Block Time: "Sun, 4 Oct 2026 11:05:39 +0000"

eth_getBlockByNumber
eth_getBlockByNumber
eth_getLogs
eth_blockNumber
eth_getTransactionReceipt
eth_getBlockByNumber
eth_getBlockByNumber
eth_blockNumber
eth_getTransactionReceipt

    Block Number: 592
    Block Hash: 0x195c564956fa3411ed7bc9fe2d0d45534ed6f008bb7328aaf3c1c1f82fa33179
    Block Time: "Sun, 4 Oct 2026 11:05:39 +0000"

eth_getBlockByNumber
eth_getBlockByNumber
eth_getLogs
eth_blockNumber
eth_getTransactionReceipt
eth_feeHistory
eth_simulateV1
eth_sendRawTransaction
eth_getTransactionReceipt

    Transaction: 0x6830627435a439affb38e93f69ef3d47c108bb57ba7fe615bc182c9f459d3631
    Gas used: 171356

    Block Number: 593
    Block Hash: 0xf32bd324baf1807507d1758aa95b1d7f7d48c7e3b5bda36854bb5277b6006921
    Block Time: "Sun, 4 Oct 2026 11:05:39 +0000"

eth_getBlockByNumber
eth_getBlockByNumber
eth_getLogs
eth_getTransactionReceipt
eth_blockNumber
eth_getTransactionReceipt
eth_getBlockByNumber
eth_getBlockByNumber

    Block Number: 594
    Block Hash: 0x51140789f73242d82322bc2631946245e1c859b0cba74ba18de1b720f7b568fc
    Block Time: "Sun, 4 Oct 2026 11:05:39 +0000"

eth_blockNumber
eth_getTransactionReceipt
eth_getBlockByNumber
eth_getBlockByNumber
eth_getLogs
eth_blockNumber
eth_getTransactionReceipt
eth_getBlockByNumber
eth_getBlockByNumber
eth_blockNumber
eth_getTransactionReceipt

    Block Number: 595
    Block Hash: 0x13ce191f3f83958832a25d2aa5c57b2e1f1ae345714eac2b33032ac4a0621cd8
    Block Time: "Sun, 4 Oct 2026 11:05:40 +0000"

eth_getBlockByNumber
eth_getBlockByNumber
eth_getLogs
eth_blockNumber
eth_getTransactionReceipt
eth_getBlockByNumber
eth_getBlockByNumber
eth_getBlockByNumber
eth_getBlockByNumber

    Block Number: 596
    Block Hash: 0xfda89af336063e12c13d80ea335d406d680737df6eda42b4cf829c53b3b0576d
    Block Time: "Sun, 4 Oct 2026 11:05:40 +0000"

eth_getBlockByNumber
eth_getBlockByNumber
eth_getLogs
eth_getBlockByNumber
eth_getBlockByNumber

    Block Number: 597
    Block Hash: 0xa0aa1f924141526ce83e92bb0c750ccc1aed4f3f392d6cfc524f3b78a3b1a5c5
    Block Time: "Sun, 4 Oct 2026 11:05:40 +0000"

eth_getBlockByNumber
eth_getBlockByNumber
eth_getLogs
eth_getBlockByNumber
eth_getBlockByNumber
eth_getBlockByNumber
eth_getBlockByNumber

    Block Number: 598
    Block Hash: 0x890dff15cbbc0061de7d96fa006da32df8013290afc33d06ceef1e1b32c7467d
    Block Time: "Sun, 4 Oct 2026 11:05:40 +0000"

eth_getBlockByNumber
eth_getBlockByNumber
eth_getLogs
eth_getBlockByNumber
eth_getBlockByNumber

    Block Number: 599
    Block Hash: 0x0d5822d553923aa5f2f69b86baf3adf723e1ef384b628cfd95adb8ee05df8727
    Block Time: "Sun, 4 Oct 2026 11:05:41 +0000"

eth_getBlockByNumber
eth_getBlockByNumber
eth_getLogs
eth_getBlockByNumber
eth_getBlockByNumber
eth_getBlockByNumber
eth_getBlockByNumber

    Block Number: 600
    Block Hash: 0x7616a2c337003215e53381123cf19697ee03ad4848450b3a1c6555aed8c2479b
    Block Time: "Sun, 4 Oct 2026 11:05:41 +0000"

eth_getBlockByNumber
eth_getBlockByNumber
eth_getLogs
eth_getBlockByNumber
eth_getBlockByNumber

    Block Number: 601
    Block Hash: 0xdb4b1dc5bfe279bf458228eaa7dac728216ac4b145e8fe876be3e342f01fec16
    Block Time: "Sun, 4 Oct 2026 11:05:41 +0000"

eth_getBlockByNumber
eth_getBlockByNumber
eth_getLogs
eth_getBlockByNumber
eth_getBlockByNumber
eth_getBlockByNumber
eth_getBlockByNumber

    Block Number: 602
    Block Hash: 0x52583e75cfebe10371296f79184d978a9d078e66e6bcbcbd31b3493140070718
    Block Time: "Sun, 4 Oct 2026 11:05:41 +0000"

eth_getBlockByNumber
eth_getBlockByNumber
eth_getLogs
eth_getBlockByNumber
eth_getBlockByNumber

    Block Number: 603
    Block Hash: 0x14461d0b26db6d3ad8781a5c41577b68ce52295f5df922b75270b038017a234b
    Block Time: "Sun, 4 Oct 2026 11:05:42 +0000"

eth_getBlockByNumber
eth_getBlockByNumber
eth_getLogs
eth_getBlockByNumber
eth_getBlockByNumber
eth_getBlockByNumber
eth_getBlockByNumber

    Block Number: 604
    Block Hash: 0x9db9314c34a3e2ed463b3ba78e7a90de83ea38d8d9c730ff48e50bda68b0c21a
    Block Time: "Sun, 4 Oct 2026 11:05:42 +0000"

eth_getBlockByNumber
eth_getBlockByNumber
eth_getLogs
eth_call
eth_feeHistory
eth_simulateV1
eth_sendRawTransaction
eth_getTransactionReceipt

    Transaction: 0xd77cb19166ddac57e7fd45f1e7e89371b9d07c96926113bfbd8c175fb157710d
    Gas used: 141850

    Block Number: 605
    Block Hash: 0xb2acb2d61aa7f680492e037e444606ef64a210a36ac1001bdcf27119587c03b9
    Block Time: "Sun, 4 Oct 2026 11:05:42 +0000"

eth_getBlockByNumber
eth_getBlockByNumber
eth_getLogs
eth_getTransactionByHash
eth_getTransactionReceipt
eth_blockNumber
eth_getTransactionReceipt

    Block Number: 606
    Block Hash: 0x83da9aff620caef44e0822e351bd0f1489b04759531c118dc7f4621af662407d
    Block Time: "Sun, 4 Oct 2026 11:05:42 +0000"

eth_getBlockByNumber
eth_getTransactionByHash
eth_getBlockByNumber
eth_getLogs
eth_blockNumber
eth_getTransactionReceipt
eth_getBlockByNumber
eth_getBlockByNumber
eth_blockNumber
eth_getTransactionReceipt
eth_getBlockByNumber
eth_getBlockByNumber

    Block Number: 607
    Block Hash: 0xd17bcc7208ab0f9e1a7e953ba2a74c50aa6cc7124bf001e5e70bb92e2d500070
    Block Time: "Sun, 4 Oct 2026 11:05:42 +0000"

eth_blockNumber
eth_getTransactionReceipt
eth_getBlockByNumber
eth_getBlockByNumber
eth_getLogs
eth_getBlockByNumber
eth_getBlockByNumber

    Block Number: 608
    Block Hash: 0xa8bba848fe8db5f2c4be80555ab4d167ce1ec3e7f2c8103c758a8977e22518b2
    Block Time: "Sun, 4 Oct 2026 11:05:43 +0000"

eth_getBlockByNumber
eth_getBlockByNumber
eth_getLogs
eth_getBlockByNumber
eth_getBlockByNumber
eth_feeHistory
eth_simulateV1
eth_sendRawTransaction
eth_getTransactionReceipt

    Transaction: 0x3bcf8253cb47f9577fe84442525e18eb6775640647a2dd5f555627d345dc3746
    Gas used: 96785

    Block Number: 609
    Block Hash: 0x93c2e4c092a2e23831fcd8afc75fbccf5e8c41c1e143d2ec3583a2ae84f8a16d
    Block Time: "Sun, 4 Oct 2026 11:05:43 +0000"

eth_getBlockByNumber
eth_getBlockByNumber
eth_getLogs
eth_getTransactionReceipt
eth_blockNumber
eth_getTransactionReceipt

    Block Number: 610
    Block Hash: 0xe9b56676a2eddfb033159a2184194954dd6bd82fdf1111d553b79c604936dd03
    Block Time: "Sun, 4 Oct 2026 11:05:43 +0000"

eth_getBlockByNumber
eth_getBlockByNumber
eth_getLogs
eth_blockNumber
eth_getTransactionReceipt
eth_getBlockByNumber
eth_getBlockByNumber
eth_blockNumber
eth_getTransactionReceipt

    Block Number: 611
    Block Hash: 0xf3363cfefe63fd5708aacedc585c27f720bd96be2c0e692364c58271e6a857df
    Block Time: "Sun, 4 Oct 2026 11:05:43 +0000"

eth_getBlockByNumber
eth_getBlockByNumber
eth_getLogs
eth_blockNumber
eth_getTransactionReceipt
eth_feeHistory
eth_simulateV1
eth_sendRawTransaction
eth_getTransactionReceipt

    Transaction: 0x9267a6ac4af5f6197533aa839e2c82b60c9031e4a44468dc30cbdb43f0bcca3b
    Gas used: 171356

    Block Number: 612
    Block Hash: 0x5ca3a705f8f78860c0aa58afe8d73d112199e1f6364c58f73085df9311d111f2
    Block Time: "Sun, 4 Oct 2026 11:05:43 +0000"

eth_getBlockByNumber
eth_getBlockByNumber
eth_getLogs
eth_getTransactionReceipt
eth_blockNumber
eth_getTransactionReceipt
eth_getBlockByNumber
eth_getBlockByNumber

    Block Number: 613
    Block Hash: 0x23f4ea2ac36721e96ac050453c983853a58f03436bf62a024c46532600adbd29
    Block Time: "Sun, 4 Oct 2026 11:05:43 +0000"

eth_blockNumber
eth_getTransactionReceipt
eth_getBlockByNumber
eth_getBlockByNumber
eth_getLogs
eth_blockNumber
eth_getTransactionReceipt
eth_getBlockByNumber
eth_getBlockByNumber
eth_blockNumber
eth_getTransactionReceipt

    Block Number: 614
    Block Hash: 0xafd8c2099ce47bf5031ccbb561ca1d95e65fb99023a88128faa557501d05e8b6
    Block Time: "Sun, 4 Oct 2026 11:05:44 +0000"

eth_getBlockByNumber
eth_getBlockByNumber
eth_getLogs
eth_blockNumber
eth_getTransactionReceipt
eth_getBlockByNumber
eth_getBlockByNumber
eth_getBlockByNumber
eth_getBlockByNumber

    Block Number: 615
    Block Hash: 0x1781e4d5f2ae722fadcf699353eae25f6c46d7991dc47ada0d2ea54d3fec4131
    Block Time: "Sun, 4 Oct 2026 11:05:44 +0000"

eth_getBlockByNumber
eth_getBlockByNumber
eth_getLogs
eth_getBlockByNumber
eth_getBlockByNumber

    Block Number: 616
    Block Hash: 0xd4acf4d595fde18f2391a3c1fbad18b8e5b4a38d4435f243d4053dbad42945d9
    Block Time: "Sun, 4 Oct 2026 11:05:44 +0000"

eth_getBlockByNumber
eth_getBlockByNumber
eth_getLogs
eth_getBlockByNumber
eth_getBlockByNumber
eth_getBlockByNumber
eth_getBlockByNumber

    Block Number: 617
    Block Hash: 0x0be77e0a4d979fdbe62d6a1b31f4037dfe7e1a4edb4e15273924fa03c41b8a88
    Block Time: "Sun, 4 Oct 2026 11:05:44 +0000"

eth_getBlockByNumber
eth_getBlockByNumber
eth_getLogs
eth_getBlockByNumber
eth_getBlockByNumber

    Block Number: 618
    Block Hash: 0x66e5fd41ed2da9e0822664bd9ef2f0d1ca13eef24fb9ca1771ad65746d80a9aa
    Block Time: "Sun, 4 Oct 2026 11:05:45 +0000"

eth_getBlockByNumber
eth_getBlockByNumber
eth_getLogs
eth_getBlockByNumber
eth_getBlockByNumber
eth_getBlockByNumber
eth_getBlockByNumber

    Block Number: 619
    Block Hash: 0x11c13405171fbd787e89b8f159ff2b21915c86d22d47b173efbb27e0dc764666
    Block Time: "Sun, 4 Oct 2026 11:05:45 +0000"

eth_getBlockByNumber
eth_getBlockByNumber
eth_getLogs
eth_getBlockByNumber
eth_getBlockByNumber

    Block Number: 620
    Block Hash: 0xe89514c5e19fef2ab80b0a0a3c51d3f00dd9114f98db21ad6171f629e73b72db
    Block Time: "Sun, 4 Oct 2026 11:05:45 +0000"

eth_getBlockByNumber
eth_getBlockByNumber
eth_getLogs
eth_getBlockByNumber
eth_getBlockByNumber
eth_getBlockByNumber
eth_getBlockByNumber

    Block Number: 621
    Block Hash: 0xc7db552a29d18f9c2c4d45733d6b4a81a897918e4e0e6fe295c59adff67752d0
    Block Time: "Sun, 4 Oct 2026 11:05:45 +0000"

eth_getBlockByNumber
eth_getBlockByNumber
eth_getLogs
eth_getBlockByNumber
eth_getBlockByNumber

    Block Number: 622
    Block Hash: 0xbd9d865805f455ad4e7d9c24669d6bd7c17e56388ec63e09b74c326cfa1e23f6
    Block Time: "Sun, 4 Oct 2026 11:05:46 +0000"

eth_blockNumber
eth_feeHistory
eth_getBlockByNumber
eth_getBlockByNumber
eth_getLogs
eth_getBlockByNumber
eth_getBlockByNumber
eth_getBlockByNumber
eth_getBlockByNumber

    Block Number: 623
    Block Hash: 0x2440b756d8b8d7f5e7de9691b0cdd72b92b3950a9c0ff446cbcb5ec2f9f4ffee
    Block Time: "Sun, 4 Oct 2026 11:05:46 +0000"

eth_getBlockByNumber
eth_getBlockByNumber
eth_getLogs
eth_getBlockByNumber
eth_getBlockByNumber

    Block Number: 624
    Block Hash: 0xde716eecc2a626d4068467e3ccd6aea8cf23de3c640c3e7e8e7cf5b8bccb288e
    Block Time: "Sun, 4 Oct 2026 11:05:46 +0000"

eth_getBlockByNumber
eth_getBlockByNumber
eth_getLogs
eth_getBlockByNumber
eth_getBlockByNumber
eth_getBlockByNumber
eth_getBlockByNumber

    Block Number: 625
    Block Hash: 0x36133cc25cc9a7983af1ee0c1aaae1c0aa328f98316e82ff345ad655bf0452db
    Block Time: "Sun, 4 Oct 2026 11:05:46 +0000"

eth_getBlockByNumber
eth_getTransactionByHash
eth_getBlockByNumber
eth_getLogs
eth_getBlockByNumber
eth_getBlockByNumber

    Block Number: 626
    Block Hash: 0x2422695ef24a171a93fe8789cf2de8d5d216c87fac5b49bef99221b458e1bc6f
    Block Time: "Sun, 4 Oct 2026 11:05:47 +0000"

eth_getBlockByNumber
eth_getBlockByNumber
eth_getLogs
eth_getBlockByNumber
eth_getBlockByNumber
eth_getBlockByNumber
eth_getBlockByNumber

    Block Number: 627
    Block Hash: 0x3931910fc1ec5a5236496c3905a751acc754c057b42f2669494920dc04669ddb
    Block Time: "Sun, 4 Oct 2026 11:05:47 +0000"

eth_getBlockByNumber
eth_getBlockByNumber
eth_getLogs
eth_getBlockByNumber
eth_getBlockByNumber

    Block Number: 628
    Block Hash: 0x45cb51fd79f0a80d200774deb24476074d0814e0d20bb76b02e91a35be4e1eb7
    Block Time: "Sun, 4 Oct 2026 11:05:47 +0000"

eth_call
eth_getBlockByNumber
eth_feeHistory
eth_simulateV1
eth_sendRawTransaction
eth_getTransactionReceipt

    Transaction: 0x6b98adf36e0fc14e28bdfb0008708dd471f9edea0e5f11e105ac3c0bcfb70d68
    Gas used: 141874

    Block Number: 629
    Block Hash: 0x9816b355929a4dc8a699c6def71dfcde6028ceab33d6dda527a72ca75ed6f30e
    Block Time: "Sun, 4 Oct 2026 11:05:47 +0000"

eth_getBlockByNumber
eth_getBlockByNumber
eth_getLogs
eth_getLogs
eth_getTransactionByHash
eth_getBlockByNumber
eth_getTransactionReceipt
eth_blockNumber
eth_getTransactionReceipt
eth_getBlockByNumber
eth_getBlockByNumber
eth_blockNumber
eth_getTransactionReceipt
eth_getBlockByNumber

    Block Number: 630
    Block Hash: 0xfa8e4887c2d22db7fd90492d170ba2f33ac3f90f4b71805e7d09d004e6be5222
    Block Time: "Sun, 4 Oct 2026 11:05:47 +0000"

eth_getBlockByNumber
eth_blockNumber
eth_getTransactionReceipt
eth_getBlockByNumber
eth_getLogs
eth_getBlockByNumber
eth_blockNumber
eth_getTransactionReceipt
eth_getBlockByNumber

    Block Number: 631
    Block Hash: 0xd40d6dc7b7538b4c722e7490ef8dda89285358f130c3dc20ad919c0ceeb553b5
    Block Time: "Sun, 4 Oct 2026 11:05:48 +0000"

eth_getBlockByNumber
eth_blockNumber
eth_getTransactionReceipt
eth_getBlockByNumber
eth_getLogs
eth_getBlockByNumber
eth_getBlockByNumber
eth_feeHistory
eth_simulateV1
eth_sendRawTransaction
eth_getTransactionReceipt

    Transaction: 0x1fcf176da8c48e9397cee928c02fb8e35cd13bda3f898f571f45bba6e0099e51
    Gas used: 96785

    Block Number: 632
    Block Hash: 0xd01aeeb420f7aa9b80a53e43b51966603f9a4fba5b70f412c0a129806135eda1
    Block Time: "Sun, 4 Oct 2026 11:05:48 +0000"

eth_getBlockByNumber
eth_getBlockByNumber
eth_getLogs
eth_getTransactionReceipt
eth_blockNumber
eth_getTransactionReceipt

    Block Number: 633
    Block Hash: 0xb2526f6338dc50503dfc8f4eea7c3409cacf0ecb6296d8fe9015f676080bda41
    Block Time: "Sun, 4 Oct 2026 11:05:48 +0000"

eth_getBlockByNumber
eth_getBlockByNumber
eth_getLogs
eth_blockNumber
eth_getTransactionReceipt
eth_getBlockByNumber
eth_getBlockByNumber
eth_blockNumber
eth_getTransactionReceipt

    Block Number: 634
    Block Hash: 0xf0c38aedbfc3ed64f962db1386736880e938bad8cc990a7c70a6c8b3e50ece82
    Block Time: "Sun, 4 Oct 2026 11:05:48 +0000"

eth_getBlockByNumber
eth_getBlockByNumber
eth_getLogs
eth_blockNumber
eth_getTransactionReceipt
eth_feeHistory
eth_simulateV1
eth_sendRawTransaction
eth_getTransactionReceipt

    Transaction: 0x54a000a0f9fb790afa79c59e222f12f3f3c731e6f22a96807ed61471f4b57aca
    Gas used: 171356

    Block Number: 635
    Block Hash: 0x25e7491c0cd7510ed32ac4df7f37de3982bb846927320ee9152aa6b515298ba1
    Block Time: "Sun, 4 Oct 2026 11:05:48 +0000"

eth_getBlockByNumber
eth_getBlockByNumber
eth_getLogs
eth_getTransactionReceipt
eth_blockNumber
eth_getTransactionReceipt
eth_getBlockByNumber
eth_getBlockByNumber

    Block Number: 636
    Block Hash: 0xa49ae4e478dbd4b09841d17205e9c73e0a9b46a59ae6bb03c29f6afe14ae67df
    Block Time: "Sun, 4 Oct 2026 11:05:48 +0000"

eth_blockNumber
eth_getTransactionReceipt
eth_getBlockByNumber
eth_getBlockByNumber
eth_getLogs
eth_blockNumber
eth_getTransactionReceipt
eth_getBlockByNumber
eth_getBlockByNumber
eth_blockNumber
eth_getTransactionReceipt

    Block Number: 637
    Block Hash: 0xf9e601caf5e8146c34cad1303ce7fc28b51d0d255274994514a3d76fcc8775db
    Block Time: "Sun, 4 Oct 2026 11:05:49 +0000"

eth_getBlockByNumber
eth_getBlockByNumber
eth_getLogs
eth_blockNumber
eth_getTransactionReceipt
eth_getBlockByNumber
eth_getBlockByNumber
eth_getBlockByNumber
eth_getBlockByNumber

    Block Number: 638
    Block Hash: 0x83d0a31c798b8fae96407810bfe2ddeba64a27d80adfd3322eb3253183c0c5ce
    Block Time: "Sun, 4 Oct 2026 11:05:49 +0000"

eth_getBlockByNumber
eth_getBlockByNumber
eth_getLogs
eth_getBlockByNumber
eth_getBlockByNumber

    Block Number: 639
    Block Hash: 0x7e6f4bb9dfd095a2e0a8b610f6bdc31145582df531bb7712587986443ed21fb2
    Block Time: "Sun, 4 Oct 2026 11:05:49 +0000"

eth_getBlockByNumber
eth_getBlockByNumber
eth_getLogs
eth_getBlockByNumber
eth_getBlockByNumber
eth_getBlockByNumber
eth_getBlockByNumber

    Block Number: 640
    Block Hash: 0xa5fbfd24f0ccefdc6b0d62d57b90f0d371e11bcb3820bc3c2ed7fa468ea4f792
    Block Time: "Sun, 4 Oct 2026 11:05:49 +0000"

eth_getBlockByNumber
eth_getBlockByNumber
eth_getLogs
eth_getBlockByNumber
eth_getBlockByNumber

    Block Number: 641
    Block Hash: 0x95ffdeb75e74f363b3e8326906fc11d878f32e422a1123d23c13a7e3654abd92
    Block Time: "Sun, 4 Oct 2026 11:05:50 +0000"

eth_getBlockByNumber
eth_getBlockByNumber
eth_getLogs
eth_getBlockByNumber
eth_getBlockByNumber
eth_getBlockByNumber
eth_getBlockByNumber

    Block Number: 642
    Block Hash: 0x4135a11873f8db7e1fc6a49ba93f499c341c26d191363111f3d4cf370fb10e6e
    Block Time: "Sun, 4 Oct 2026 11:05:50 +0000"

eth_getBlockByNumber
eth_getBlockByNumber
eth_getLogs
eth_getBlockByNumber
eth_getBlockByNumber

    Block Number: 643
    Block Hash: 0x98125d2b54f4733571e43fcf21ad875978802e24fcfdf2d1e160641900f99e97
    Block Time: "Sun, 4 Oct 2026 11:05:50 +0000"

eth_getBlockByNumber
eth_getBlockByNumber
eth_getLogs
eth_getBlockByNumber
eth_getBlockByNumber
eth_getBlockByNumber
eth_getBlockByNumber

    Block Number: 644
    Block Hash: 0x5f19ea009063526b3b306628365d9425961ff5c70304be1a213e3e895a2e0d3b
    Block Time: "Sun, 4 Oct 2026 11:05:50 +0000"

eth_getBlockByNumber
eth_getBlockByNumber
eth_getLogs
eth_getBlockByNumber
eth_getBlockByNumber

    Block Number: 645
    Block Hash: 0x6130e240a46857dd55080729f3db969f89d0faf5d9fc8766cb83aa95f5cdff21
    Block Time: "Sun, 4 Oct 2026 11:05:51 +0000"

eth_getBlockByNumber
eth_getBlockByNumber
eth_getLogs
eth_getBlockByNumber
eth_getBlockByNumber
eth_getBlockByNumber
eth_getBlockByNumber

    Block Number: 646
    Block Hash: 0xf89f4c4931ddbfa3cf5939aaee58f186c7ed2f4358c547da31e3a936f3256f16
    Block Time: "Sun, 4 Oct 2026 11:05:51 +0000"

eth_getBlockByNumber
eth_getBlockByNumber
eth_getLogs
eth_getBlockByNumber
eth_getBlockByNumber

    Block Number: 647
    Block Hash: 0xa0aa283a49662508b2928008cf6e9223209e1701ad092ce57f4d33127267bf41
    Block Time: "Sun, 4 Oct 2026 11:05:51 +0000"

eth_getBlockByNumber
eth_call
eth_feeHistory
eth_simulateV1
eth_sendRawTransaction
eth_getTransactionReceipt

    Transaction: 0x04903fac7081d114b04f71bd02b66deee3ba61f6c56e8a808437f3507f7961a0
    Gas used: 141874

    Block Number: 648
    Block Hash: 0xdb29d862692b6bfed7d660d0fac88c7eb4d5d77d7efd71042d1689202aa4348b
    Block Time: "Sun, 4 Oct 2026 11:05:51 +0000"

eth_getBlockByNumber
eth_getBlockByNumber
eth_getLogs
eth_getLogs
eth_getTransactionByHash
eth_getBlockByNumber
eth_getTransactionReceipt
eth_blockNumber
eth_getTransactionReceipt
eth_getBlockByNumber
eth_getBlockByNumber
eth_blockNumber
eth_getTransactionReceipt
eth_getBlockByNumber

    Block Number: 649
    Block Hash: 0x4cc85867f5b2be98123691a2a810ec24c0a9c5bad2ed3a8242eaeb8613cc1c29
    Block Time: "Sun, 4 Oct 2026 11:05:51 +0000"

eth_getBlockByNumber
eth_getTransactionByHash
eth_blockNumber
eth_getTransactionReceipt
eth_getBlockByNumber
eth_getLogs
eth_getBlockByNumber
eth_blockNumber
eth_getTransactionReceipt
eth_getBlockByNumber

    Block Number: 650
    Block Hash: 0xfd96190ccbed638ad337eb5b38a7d4e21327f5a2e45829a67bd761fd261a8cd0
    Block Time: "Sun, 4 Oct 2026 11:05:52 +0000"

eth_getBlockByNumber
eth_blockNumber
eth_getTransactionReceipt
eth_getBlockByNumber
eth_getLogs
eth_getBlockByNumber
eth_getBlockByNumber
eth_feeHistory
eth_simulateV1
eth_sendRawTransaction

    Transaction: 0x89ff77c7c66786598a89934fa51f51d1b5cdf72bc5ddcd5abe331c0d0f5b68a1
    Gas used: 96797

    Block Number: 651
    Block Hash: 0x8c805a03f08bd8ce128435539756e3f7113add27856c59a2dd58cb5d00690518
    Block Time: "Sun, 4 Oct 2026 11:05:52 +0000"

eth_getTransactionReceipt
eth_blockNumber
eth_getTransactionReceipt
eth_getBlockByNumber
eth_getBlockByNumber
eth_getLogs

    Block Number: 652
    Block Hash: 0x70454ca46693d3b9adcbde6e7f585bbbbb3598fbd39bb0f5c05f4e722511d1c1
    Block Time: "Sun, 4 Oct 2026 11:05:52 +0000"

eth_blockNumber
eth_getTransactionReceipt
eth_getBlockByNumber
eth_getBlockByNumber
eth_getLogs
eth_blockNumber
eth_getTransactionReceipt
eth_getBlockByNumber
eth_getBlockByNumber
eth_blockNumber
eth_getTransactionReceipt

    Block Number: 653
    Block Hash: 0x7cb49d5d0a24f301368a2cebc1f599e55c5337fa7d150ebe7dcc3cf9d3543b6b
    Block Time: "Sun, 4 Oct 2026 11:05:52 +0000"

eth_getBlockByNumber
eth_getBlockByNumber
eth_getLogs
eth_blockNumber
eth_getTransactionReceipt
eth_feeHistory
eth_simulateV1
eth_sendRawTransaction
eth_getTransactionReceipt

    Transaction: 0x8662cc8a0af6d885f1c0be1d7b5545774a120c1ef76f32a7cf86370f6a52e643
    Gas used: 171368

    Block Number: 654
    Block Hash: 0xfabdc35afdaf24400b6ef5bee7f29cc601669ba06017ae2a8f4faedd80a2aaad
    Block Time: "Sun, 4 Oct 2026 11:05:52 +0000"

eth_getBlockByNumber
eth_getBlockByNumber
eth_getLogs
eth_getTransactionReceipt
eth_blockNumber
eth_getTransactionReceipt
eth_getBlockByNumber
eth_getBlockByNumber

    Block Number: 655
    Block Hash: 0x362d02e9e82fd28a7423cd38d8472756542a93e680976839617e45fade82f393
    Block Time: "Sun, 4 Oct 2026 11:05:52 +0000"

eth_blockNumber
eth_getTransactionReceipt
eth_getBlockByNumber
eth_getBlockByNumber
eth_getLogs
eth_blockNumber
eth_getTransactionReceipt
eth_getBlockByNumber
eth_getBlockByNumber
eth_blockNumber
eth_getTransactionReceipt

    Block Number: 656
    Block Hash: 0x316909b7bf6c428748ace7b8011387783623e84c2a74b2fbadc1dd381d3553e5
    Block Time: "Sun, 4 Oct 2026 11:05:53 +0000"

eth_getBlockByNumber
eth_getBlockByNumber
eth_getLogs
eth_blockNumber
eth_getTransactionReceipt
eth_getBlockByNumber
eth_getBlockByNumber
eth_getBlockByNumber
eth_getBlockByNumber

    Block Number: 657
    Block Hash: 0xbd694a48c2a1127851a1ba67f5234f0d8189aa42360977b63a9983e7f3ee0567
    Block Time: "Sun, 4 Oct 2026 11:05:53 +0000"

eth_getBlockByNumber
eth_getBlockByNumber
eth_getLogs
eth_getBlockByNumber
eth_getBlockByNumber

    Block Number: 658
    Block Hash: 0xd286949486cdb68716635cb21c6cadd1d9413386b4fb35454b51bd5e46dcde6d
    Block Time: "Sun, 4 Oct 2026 11:05:53 +0000"

eth_getBlockByNumber
eth_getBlockByNumber
eth_getLogs
eth_getBlockByNumber
eth_getBlockByNumber
eth_getBlockByNumber
eth_getBlockByNumber

    Block Number: 659
    Block Hash: 0x6516ba69fbfa95b00661ee0fe552d829c53f06413f72d55c94af30db247f2f69
    Block Time: "Sun, 4 Oct 2026 11:05:53 +0000"

eth_getBlockByNumber
eth_getBlockByNumber
eth_getLogs
eth_getBlockByNumber
eth_getBlockByNumber

    Block Number: 660
    Block Hash: 0x23b60dc61da31999f42d2b025969954f0fc8b0678d8a69a2effd890b343b514f
    Block Time: "Sun, 4 Oct 2026 11:05:54 +0000"

eth_getBlockByNumber
eth_getBlockByNumber
eth_getLogs
eth_getBlockByNumber
eth_getBlockByNumber
eth_getBlockByNumber
eth_getBlockByNumber

    Block Number: 661
    Block Hash: 0x0077c635c4943d22f7225f6d15c35fc81623e1ef2ee8611b25eeaa1ee86ae084
    Block Time: "Sun, 4 Oct 2026 11:05:54 +0000"

eth_getBlockByNumber
eth_getBlockByNumber
eth_getLogs
eth_getBlockByNumber
eth_getBlockByNumber

    Block Number: 662
    Block Hash: 0x0157d2a93ed933563fa17d75bbb620431367ecb4826dbf96749a690a7f0daac3
    Block Time: "Sun, 4 Oct 2026 11:05:54 +0000"

eth_getBlockByNumber
eth_getBlockByNumber
eth_getLogs
eth_getBlockByNumber
eth_getBlockByNumber
eth_getBlockByNumber
eth_getBlockByNumber

    Block Number: 663
    Block Hash: 0x90a2ea50c9f2367fac157a2a527ff7354d13e5ab106bd219d9cf84eeff14f1c0
    Block Time: "Sun, 4 Oct 2026 11:05:54 +0000"

eth_getBlockByNumber
eth_getBlockByNumber
eth_getLogs
eth_getBlockByNumber
eth_getBlockByNumber

    Block Number: 664
    Block Hash: 0x6ec1d8df8be28796498c5a1efddd60beac27973ed6fbc8aa82fc4dfb232e6f99
    Block Time: "Sun, 4 Oct 2026 11:05:55 +0000"

eth_getBlockByNumber
eth_getBlockByNumber
eth_getLogs
eth_getBlockByNumber
eth_getBlockByNumber
eth_getBlockByNumber
eth_getBlockByNumber

    Block Number: 665
    Block Hash: 0x298b71964e863a348e4176b9bf3ceca24210e0489a2f2185a41f63b0c189274b
    Block Time: "Sun, 4 Oct 2026 11:05:55 +0000"

eth_getBlockByNumber
eth_getBlockByNumber
eth_getLogs
eth_getBlockByNumber
eth_getBlockByNumber

    Block Number: 666
    Block Hash: 0x1795f0c55adc1113bd5fcd3c86a8d79d082509252265a01a750529c03e80d208
    Block Time: "Sun, 4 Oct 2026 11:05:55 +0000"

eth_getBlockByNumber
eth_call
eth_feeHistory
eth_simulateV1
eth_sendRawTransaction
eth_getTransactionReceipt

    Transaction: 0x049e85b8391a5ef80dc1525a92de156bd6140f00ce3d41b4fe438a5e300db3e0
    Gas used: 141886

    Block Number: 667
    Block Hash: 0x192dc0693ef460d552699654fab525c7e5b8e6e4035b3607470ed6493cd8cfc3
    Block Time: "Sun, 4 Oct 2026 11:05:55 +0000"

eth_getBlockByNumber
eth_getBlockByNumber
eth_getLogs
eth_getLogs
eth_getTransactionByHash
eth_getBlockByNumber
eth_getTransactionReceipt
eth_blockNumber
eth_getTransactionReceipt
eth_getBlockByNumber
eth_getBlockByNumber
eth_blockNumber
eth_getTransactionReceipt
eth_getBlockByNumber

    Block Number: 668
    Block Hash: 0xd49a2abd35c6680cb026b35995189e202cb19078f532963417357f621ff3c4d1
    Block Time: "Sun, 4 Oct 2026 11:05:55 +0000"

eth_getBlockByNumber
eth_getTransactionByHash
eth_blockNumber
eth_getBlockByNumber
eth_getTransactionReceipt
eth_getLogs
eth_getBlockByNumber
eth_getBlockByNumber
eth_blockNumber
eth_getTransactionReceipt

    Block Number: 669
    Block Hash: 0x6cfceb24d800c04e5b9e989ba47827d82bb0bc48aaaa41ca7673dd99af465291
    Block Time: "Sun, 4 Oct 2026 11:05:56 +0000"

eth_getBlockByNumber
eth_getBlockByNumber
eth_getLogs
eth_blockNumber
eth_getTransactionReceipt
eth_getBlockByNumber
eth_getBlockByNumber
eth_feeHistory
eth_simulateV1
eth_sendRawTransaction
eth_getTransactionReceipt

    Transaction: 0xbdf16ab41ea38c87e3c54fb240a536c9b8d3c73057ce4a997cb36847c72c7fca
    Gas used: 96809

    Block Number: 670
    Block Hash: 0xd8aee64d2498138c0e1a1b5417403a36b59ce0b6a520d0a01bbd2a7039dea776
    Block Time: "Sun, 4 Oct 2026 11:05:56 +0000"

eth_getBlockByNumber
eth_getBlockByNumber
eth_getLogs

    Block Number: 671
    Block Hash: 0xb6fb805c43c80d4cd23c2af634c726955ad438f7d86ac184ff3cd7881043290f
    Block Time: "Sun, 4 Oct 2026 11:05:56 +0000"

eth_getTransactionReceipt
eth_blockNumber
eth_getTransactionReceipt
eth_getBlockByNumber
eth_getBlockByNumber
eth_getLogs
eth_blockNumber
eth_getTransactionReceipt
eth_getBlockByNumber
eth_getBlockByNumber
eth_blockNumber
eth_getTransactionReceipt

    Block Number: 672
    Block Hash: 0x8732b13f633b5a963cb0c24775313926bcf6875f5110e32057415d5e5343ab21
    Block Time: "Sun, 4 Oct 2026 11:05:56 +0000"

eth_getBlockByNumber
eth_getBlockByNumber
eth_getLogs
eth_blockNumber
eth_getTransactionReceipt
eth_feeHistory
eth_simulateV1
eth_sendRawTransaction
eth_getTransactionReceipt

    Transaction: 0x69aed69b1c1f8c4d01dbb36d3fcaa2be9311480a6b98fbba943b4fb74d34681a
    Gas used: 171368

    Block Number: 673
    Block Hash: 0x6a69cc81f3e38795d26c5417a23af160300a890c1ba7f9fa0147db26ac1842bf
    Block Time: "Sun, 4 Oct 2026 11:05:56 +0000"

eth_getBlockByNumber
eth_getBlockByNumber
eth_getLogs
eth_getTransactionReceipt
eth_blockNumber
eth_getTransactionReceipt
eth_getBlockByNumber
eth_getBlockByNumber

    Block Number: 674
    Block Hash: 0x43cf8d289f186ba064cb7cd2d6afefc8a7f7f3236671d4cf2ba548c89cc23624
    Block Time: "Sun, 4 Oct 2026 11:05:56 +0000"

eth_blockNumber
eth_getTransactionReceipt
eth_getBlockByNumber
eth_getBlockByNumber
eth_getLogs
eth_blockNumber
eth_getTransactionReceipt
eth_getBlockByNumber
eth_getBlockByNumber
eth_blockNumber
eth_getTransactionReceipt

    Block Number: 675
    Block Hash: 0x6bbbadbc1922fccbc643e05bf7e80d0940e1d2284c5690dbd58b392360d55d83
    Block Time: "Sun, 4 Oct 2026 11:05:57 +0000"

eth_getBlockByNumber
eth_getBlockByNumber
eth_getLogs
eth_blockNumber
eth_getTransactionReceipt
eth_getBlockByNumber
eth_getBlockByNumber
eth_getBlockByNumber
eth_getBlockByNumber

    Block Number: 676
    Block Hash: 0xea3abaaa06d8b7c7cf156f5658a4016e5b885afc8af2581e7d072546aa59dcb9
    Block Time: "Sun, 4 Oct 2026 11:05:57 +0000"

eth_getBlockByNumber
eth_getBlockByNumber
eth_getLogs
eth_getBlockByNumber
eth_getBlockByNumber

    Block Number: 677
    Block Hash: 0x364e97d43055f47ef30499a1e848db298974d967982f0fe40aef5ee382eac4b8
    Block Time: "Sun, 4 Oct 2026 11:05:57 +0000"

eth_getBlockByNumber
eth_getBlockByNumber
eth_getLogs
eth_getBlockByNumber
eth_getBlockByNumber
eth_getBlockByNumber
eth_getBlockByNumber

    Block Number: 678
    Block Hash: 0x47db5b2f9350017cecd9ccaa59319419c1e9a1b8e1628b4a246ffe8ba4fd8e2d
    Block Time: "Sun, 4 Oct 2026 11:05:57 +0000"

eth_getBlockByNumber
eth_getBlockByNumber
eth_getLogs
eth_getBlockByNumber
eth_getBlockByNumber

    Block Number: 679
    Block Hash: 0x136d4f956ea3747bbc2eec7635c4ba88d2bab6306b0473f1547a5a540fae511f
    Block Time: "Sun, 4 Oct 2026 11:05:58 +0000"

eth_getBlockByNumber
eth_getBlockByNumber
eth_getLogs
eth_getBlockByNumber
eth_getBlockByNumber
eth_getBlockByNumber
eth_getBlockByNumber

    Block Number: 680
    Block Hash: 0x3c1829fb8424ada57cd1948a977ceb3a09dabc97f17460b6da4af9163c037f04
    Block Time: "Sun, 4 Oct 2026 11:05:58 +0000"

eth_getBlockByNumber
eth_getBlockByNumber
eth_getLogs
eth_getBlockByNumber
eth_getBlockByNumber

    Block Number: 681
    Block Hash: 0xfc583839e3e156b49c1896fda3cb25b464a7b8f44b55ef762c6dc2f714ec1ea8
    Block Time: "Sun, 4 Oct 2026 11:05:58 +0000"

eth_getBlockByNumber
eth_getBlockByNumber
eth_getLogs
eth_getBlockByNumber
eth_getBlockByNumber
eth_getBlockByNumber
eth_getBlockByNumber

    Block Number: 682
    Block Hash: 0x61a80252aacbbace21b1638d4d4fdcd41d90d681ef5af7b2ce0f171fc7ab4421
    Block Time: "Sun, 4 Oct 2026 11:05:58 +0000"

eth_getBlockByNumber
eth_getBlockByNumber
eth_getLogs
eth_getBlockByNumber
eth_getBlockByNumber

    Block Number: 683
    Block Hash: 0x5255d9ef3f5c90cf3c5b90d25bdce31e75fb5c8602c3b66da02ee004a7f23c8c
    Block Time: "Sun, 4 Oct 2026 11:05:59 +0000"

eth_blockNumber
eth_feeHistory
eth_getBlockByNumber
eth_getBlockByNumber
eth_getLogs
eth_getBlockByNumber
eth_getBlockByNumber
eth_getBlockByNumber
eth_getBlockByNumber

    Block Number: 684
    Block Hash: 0xd702219c44cc35219dc60f39bbc6ed042b870c3b83c4d9ca942e6bc89ec53bc6
    Block Time: "Sun, 4 Oct 2026 11:05:59 +0000"

eth_getBlockByNumber
eth_getBlockByNumber
eth_getLogs
eth_getBlockByNumber
eth_getBlockByNumber

    Block Number: 685
    Block Hash: 0xf33fabdb86b1a4ed6c6c00badcba42b4d06bf9c83d33fcdf290dd71b1ba453f4
    Block Time: "Sun, 4 Oct 2026 11:05:59 +0000"

eth_getBlockByNumber
eth_call
eth_feeHistory
eth_simulateV1
eth_getBlockByNumber
eth_getLogs
eth_sendRawTransaction
eth_getTransactionReceipt

    Transaction: 0xdaa3cde7fc1f256835eca3b5e132b23b128eead70e881808b26d967393e3b771
    Gas used: 141886

    Block Number: 686
    Block Hash: 0x6bb58f6b08e71dc959806e40084c593dd3b6514406da88641dddda289721d4b3
    Block Time: "Sun, 4 Oct 2026 11:05:59 +0000"

eth_getBlockByNumber
eth_getBlockByNumber
eth_getLogs
eth_getTransactionByHash
eth_getTransactionReceipt
eth_blockNumber
eth_getTransactionReceipt
eth_getBlockByNumber
eth_getBlockByNumber

    Block Number: 687
    Block Hash: 0x0140dd23dacb0bbb6924b2e82e6d7efc9b8a3e2f6b530324ffa207e022992ca0
    Block Time: "Sun, 4 Oct 2026 11:05:59 +0000"

eth_blockNumber
eth_getTransactionReceipt
eth_getBlockByNumber
eth_getTransactionByHash
eth_getBlockByNumber
eth_getLogs
eth_blockNumber
eth_getTransactionReceipt
eth_getBlockByNumber
eth_getBlockByNumber
eth_blockNumber
eth_getTransactionReceipt

    Block Number: 688
    Block Hash: 0x149fdac5adffe1b6489647c1ebbe66a86990731d2ad001567f2c17c67e4fe141
    Block Time: "Sun, 4 Oct 2026 11:06:00 +0000"

eth_getBlockByNumber
eth_getBlockByNumber
eth_getLogs
eth_blockNumber
eth_getTransactionReceipt
eth_getBlockByNumber
eth_getBlockByNumber
eth_feeHistory
eth_simulateV1
eth_sendRawTransaction
eth_getTransactionReceipt

    Transaction: 0x490f71340a506d24ab6f13a26c0bc6cd2b024d4689f9c907ac82745f00e2f632
    Gas used: 96809

    Block Number: 689
    Block Hash: 0x8ea3ef13ea27c665a46e99516c731c4d3452c22044474dd80dec9995b81e25d9
    Block Time: "Sun, 4 Oct 2026 11:06:00 +0000"

eth_getBlockByNumber
eth_getBlockByNumber
eth_getLogs

    Block Number: 690
    Block Hash: 0x0b7534edf209825f9b28d09af446ec3d13801b13bb5b6f0d07e0cddf1e008642
    Block Time: "Sun, 4 Oct 2026 11:06:00 +0000"

eth_getTransactionReceipt
eth_blockNumber
eth_getTransactionReceipt
eth_getBlockByNumber
eth_getBlockByNumber
eth_getLogs
eth_blockNumber
eth_getTransactionReceipt
eth_getBlockByNumber
eth_getBlockByNumber
eth_blockNumber
eth_getTransactionReceipt

    Block Number: 691
    Block Hash: 0x3d8f9b52b2cd207fd6bf2e49a77773c0a71ef781e3ab4b219d7c45506afcfb69
    Block Time: "Sun, 4 Oct 2026 11:06:00 +0000"

eth_getBlockByNumber
eth_getBlockByNumber
eth_getLogs
eth_blockNumber
eth_getTransactionReceipt
eth_feeHistory
eth_simulateV1
eth_sendRawTransaction
eth_getTransactionReceipt

    Transaction: 0x781ea681cdc94075fa7c26db71af1328734a3286e7979021fdf91835fbd71287
    Gas used: 171368

    Block Number: 692
    Block Hash: 0xdaec03cfef130bd15bb37d3912d9116a3eff01014e109a4d49a2a933e4f07fb7
    Block Time: "Sun, 4 Oct 2026 11:06:00 +0000"

eth_getBlockByNumber
eth_getBlockByNumber
eth_getLogs
eth_getTransactionReceipt
eth_blockNumber
eth_getTransactionReceipt
eth_getBlockByNumber
eth_getBlockByNumber

    Block Number: 693
    Block Hash: 0xa4d46d08d453db5cde1bdb0d97aef1e0f922438b00fb25663ef4dd5c50dfa614
    Block Time: "Sun, 4 Oct 2026 11:06:00 +0000"

eth_blockNumber
eth_getTransactionReceipt
eth_getBlockByNumber
eth_getBlockByNumber
eth_getLogs
eth_blockNumber
eth_getTransactionReceipt
eth_getBlockByNumber
eth_getBlockByNumber
eth_blockNumber
eth_getTransactionReceipt

    Block Number: 694
    Block Hash: 0xbc02b91365f3173c8289537ce3923231f6f86afe50f02d594b92d62eb3217dec
    Block Time: "Sun, 4 Oct 2026 11:06:01 +0000"

eth_getBlockByNumber
eth_getBlockByNumber
eth_getLogs
eth_blockNumber
eth_getTransactionReceipt
eth_getBlockByNumber
eth_getBlockByNumber
eth_getBlockByNumber
eth_getBlockByNumber

    Block Number: 695
    Block Hash: 0x38266bdc06c893cb0cd877fa93450b5d3c5cdb59d9a1919829f595d04db86f0c
    Block Time: "Sun, 4 Oct 2026 11:06:01 +0000"

eth_getBlockByNumber
eth_getBlockByNumber
eth_getLogs
eth_getBlockByNumber
eth_getBlockByNumber

    Block Number: 696
    Block Hash: 0xe67734cfb8b7397eeaf77416911c8fc743e6002781c88ff2e25cff4ce3503bdf
    Block Time: "Sun, 4 Oct 2026 11:06:01 +0000"

eth_getBlockByNumber
eth_getBlockByNumber
eth_getLogs
eth_getBlockByNumber
eth_getBlockByNumber
eth_getBlockByNumber
eth_getBlockByNumber

    Block Number: 697
    Block Hash: 0x4f5b0160e98219965427fa559e4dc47c0ef3f98409c6469f1709fae16325952b
    Block Time: "Sun, 4 Oct 2026 11:06:01 +0000"

eth_getBlockByNumber
eth_getBlockByNumber
eth_getLogs
eth_getBlockByNumber
eth_getBlockByNumber

    Block Number: 698
    Block Hash: 0x870c3857af8f880fb0dedfc667f2e990c26a9e439e6b262a37a849fa85d34537
    Block Time: "Sun, 4 Oct 2026 11:06:02 +0000"

eth_getBlockByNumber
eth_getBalance
eth_getBalance
eth_getTransactionCount
eth_getTransactionCount
eth_feeHistory
eth_feeHistory
eth_feeHistory
eth_feeHistory
eth_feeHistory
eth_feeHistory
eth_feeHistory
eth_feeHistory
eth_feeHistory
eth_feeHistory
eth_feeHistory
eth_feeHistory
eth_feeHistory
eth_feeHistory
eth_feeHistory
eth_feeHistory
eth_feeHistory
eth_feeHistory
eth_getBalance
eth_getTransactionCount
eth_feeHistory
eth_feeHistory
eth_feeHistory
eth_feeHistory
eth_feeHistory
eth_feeHistory
eth_feeHistory
eth_feeHistory
eth_feeHistory
eth_getBlockByNumber
eth_getLogs
eth_getBlockByNumber
eth_getBlockByNumber
eth_getBlockByNumber
eth_getBlockByNumber

    Block Number: 699
    Block Hash: 0x7a51f33cbe6df8009d9691767c96b6cef59ef8f78149e2f3a5f2eb23fc779410
    Block Time: "Sun, 4 Oct 2026 11:06:02 +0000"

eth_getBlockByNumber
eth_getBlockByNumber
eth_getLogs
eth_getBlockByNumber
eth_getBlockByNumber

    Block Number: 700
    Block Hash: 0x3f5aa3081086bee1c8960f95c65a26979d2c6ae8fd137b058b2c7ca5cdf66f89
    Block Time: "Sun, 4 Oct 2026 11:06:02 +0000"

eth_getBlockByNumber
eth_getBlockByNumber
eth_getLogs
eth_getBlockByNumber
eth_getBlockByNumber
eth_getBlockByNumber
eth_getBlockByNumber

    Block Number: 701
    Block Hash: 0x308d2f011235d94fe96f34592ca6d5bbfecfa62403563245b07b47f4c582ff70
    Block Time: "Sun, 4 Oct 2026 11:06:02 +0000"

eth_getBlockByNumber
eth_getBlockByNumber
eth_getLogs
eth_getBlockByNumber
eth_getBlockByNumber

    Block Number: 702
    Block Hash: 0xf5016cc57f83e56a911e3eca34b00aa28956468a2d8aa0625067fccbb4e99b26
    Block Time: "Sun, 4 Oct 2026 11:06:03 +0000"

eth_getBlockByNumber
eth_getBlockByNumber
eth_getLogs
eth_getBlockByNumber
eth_getBlockByNumber
eth_getBlockByNumber
eth_getBlockByNumber

    Block Number: 703
    Block Hash: 0xae8cb0d1a2c3bbfb9d045bd34c3ee6929aa6f67895628e836fa1c623eb9a2c69
    Block Time: "Sun, 4 Oct 2026 11:06:03 +0000"

eth_getBlockByNumber
eth_getBlockByNumber
eth_getLogs
eth_getBlockByNumber
eth_getBlockByNumber

    Block Number: 704
    Block Hash: 0xdebff32d0c383f3ce2eb1282021b4578110add8dd6b263c5e6ffd4e50ae89c35
    Block Time: "Sun, 4 Oct 2026 11:06:03 +0000"

eth_getBlockByNumber
eth_getBlockByNumber
eth_getLogs
eth_call
eth_feeHistory
eth_simulateV1
eth_sendRawTransaction
eth_getTransactionReceipt

    Transaction: 0xc52658abc0402ce9f546d86ddcab66ed187e186492b1b07a77ed2bae2809f9bf
    Gas used: 141886

    Block Number: 705
    Block Hash: 0x596ca14f3d22f0c1f622cb077338014701d3c5988320d17e4db97536da1d9f3e
    Block Time: "Sun, 4 Oct 2026 11:06:03 +0000"

eth_getBlockByNumber
eth_getBlockByNumber
eth_getLogs
eth_getTransactionByHash
eth_getTransactionReceipt
eth_blockNumber
eth_getTransactionReceipt
eth_getBlockByNumber
eth_getBlockByNumber

    Block Number: 706
    Block Hash: 0xb8dcb9f10cf4534266a02b71809e23ccde6dc874680fd2b7d6c80e8560b45ab7
    Block Time: "Sun, 4 Oct 2026 11:06:03 +0000"

eth_blockNumber
eth_getTransactionReceipt
eth_getBlockByNumber
eth_getTransactionByHash
eth_getBlockByNumber
eth_getLogs
eth_blockNumber
eth_getTransactionReceipt
eth_getBlockByNumber
eth_getBlockByNumber
eth_blockNumber
eth_getTransactionReceipt

    Block Number: 707
    Block Hash: 0xe1da35ee3572a928d936214fd1247725c55f7e9081f88d1586b812f8a122ba69
    Block Time: "Sun, 4 Oct 2026 11:06:04 +0000"

eth_getBlockByNumber
eth_getBlockByNumber
eth_getLogs
eth_blockNumber
eth_getTransactionReceipt
eth_getBlockByNumber
eth_getBlockByNumber
eth_feeHistory
eth_simulateV1
eth_sendRawTransaction
eth_getTransactionReceipt

    Transaction: 0x1030806581e3e18981220faadbbc62f37c83df1fa688ceae68135345dcbabe61
    Gas used: 96809

    Block Number: 708
    Block Hash: 0xc10d1a1e30fe27a6f1594104a23700bb54d7b56a428e9b7e22eeea79e3edab4b
    Block Time: "Sun, 4 Oct 2026 11:06:04 +0000"

eth_getBlockByNumber
eth_getBlockByNumber
eth_getLogs

    Block Number: 709
    Block Hash: 0x749dde592407e4b623be2f7a3500cd8024c65de0e8ca95f2dae4bced83435ac6
    Block Time: "Sun, 4 Oct 2026 11:06:04 +0000"

eth_getTransactionReceipt
eth_blockNumber
eth_getTransactionReceipt
eth_getBlockByNumber
eth_getBlockByNumber
eth_getLogs
eth_blockNumber
eth_getTransactionReceipt
eth_getBlockByNumber
eth_getBlockByNumber
eth_blockNumber
eth_getTransactionReceipt

    Block Number: 710
    Block Hash: 0xa4161d991d083fea5c6444e304915b41d38738c6e057e00a4f95d27bb48fd7f3
    Block Time: "Sun, 4 Oct 2026 11:06:04 +0000"

eth_getBlockByNumber
eth_getBlockByNumber
eth_getLogs
eth_blockNumber
eth_getTransactionReceipt
eth_feeHistory
eth_simulateV1
eth_sendRawTransaction
eth_getTransactionReceipt

    Transaction: 0xc1fb033531433250bdaf3650093be93bcf5896f8dad65323b13bb6dcf3f1f892
    Gas used: 171368

    Block Number: 711
    Block Hash: 0xcbb8667ee30467a73d8f1d227129b19a6e8bb74d8d1a23fd48b456abb452a218
    Block Time: "Sun, 4 Oct 2026 11:06:04 +0000"

eth_getBlockByNumber
eth_getBlockByNumber
eth_getLogs
eth_getTransactionReceipt
eth_blockNumber
eth_getTransactionReceipt
eth_getBlockByNumber
eth_getBlockByNumber

    Block Number: 712
    Block Hash: 0xbf2d9082ed87530a587b8559d09825d4e2d16c68133fb54a7a9f71b4a2085be6
    Block Time: "Sun, 4 Oct 2026 11:06:04 +0000"

eth_blockNumber
eth_getTransactionReceipt
eth_getBlockByNumber
eth_getBlockByNumber
eth_getLogs
eth_blockNumber
eth_getTransactionReceipt
eth_getBlockByNumber
eth_getBlockByNumber
eth_blockNumber
eth_getTransactionReceipt

    Block Number: 713
    Block Hash: 0x1c00413062622e3a63fec9ca148ecb54e3df616ae88bc9268496b153cfcb75aa
    Block Time: "Sun, 4 Oct 2026 11:06:05 +0000"

eth_getBlockByNumber
eth_getBlockByNumber
eth_getLogs
eth_blockNumber
eth_getTransactionReceipt
eth_getBlockByNumber
eth_getBlockByNumber
eth_getBlockByNumber
eth_getBlockByNumber

    Block Number: 714
    Block Hash: 0x28cb015b7f44687c79b4899f087f0178ddc9333f03bd53ab978c83c8abf66abf
    Block Time: "Sun, 4 Oct 2026 11:06:05 +0000"

eth_getBlockByNumber
eth_getBlockByNumber
eth_getLogs
eth_getBlockByNumber
eth_getBlockByNumber

    Block Number: 715
    Block Hash: 0xf8a4d5436c42499a356eadc4425bcf49c7450e26d7616b613cc2a156873af655
    Block Time: "Sun, 4 Oct 2026 11:06:05 +0000"

eth_getBlockByNumber
eth_getBlockByNumber
eth_getLogs
eth_getBlockByNumber
eth_getBlockByNumber
eth_getBlockByNumber
eth_getBlockByNumber

    Block Number: 716
    Block Hash: 0x5546f10290d1533efdba7976ac4b3a9bcaecf98b83551b6e8470f70426bba5fa
    Block Time: "Sun, 4 Oct 2026 11:06:05 +0000"

eth_getBlockByNumber
eth_getBlockByNumber
eth_getLogs
eth_getBlockByNumber
eth_getBlockByNumber

    Block Number: 717
    Block Hash: 0xe769e69ee0c46c4670a2a122f476782ee53d640e5154ae1e8a94ed925d4d8ba7
    Block Time: "Sun, 4 Oct 2026 11:06:06 +0000"

eth_getBlockByNumber
eth_getBlockByNumber
eth_getLogs
eth_getBlockByNumber
eth_getBlockByNumber
eth_getBlockByNumber
eth_getBlockByNumber

    Block Number: 718
    Block Hash: 0xf787ed104de766634767edb7f9c41f3c7ced89eb21bc022f17e0685892d35da1
    Block Time: "Sun, 4 Oct 2026 11:06:06 +0000"

eth_getBlockByNumber
eth_getBlockByNumber
eth_getLogs
eth_getBlockByNumber
eth_getBlockByNumber

    Block Number: 719
    Block Hash: 0x2f283d1ddbf78f1c934e837e6d4793e9129c3743094e9f3902658d441f766e81
    Block Time: "Sun, 4 Oct 2026 11:06:06 +0000"

eth_getBlockByNumber
eth_getBlockByNumber
eth_getLogs
eth_getBlockByNumber
eth_getBlockByNumber
eth_getBlockByNumber
eth_getBlockByNumber

    Block Number: 720
    Block Hash: 0xdaf2cf4034e1b4a568898abd0fca78bf14fc6fa92262c1a68a9625a64ec06b32
    Block Time: "Sun, 4 Oct 2026 11:06:06 +0000"

eth_getBlockByNumber
eth_getBlockByNumber
eth_getLogs
eth_getBlockByNumber
eth_getBlockByNumber

    Block Number: 721
    Block Hash: 0xba92810f9d9baf805317274e8661ef31aecb80f0383436969e0f6f2ea16708be
    Block Time: "Sun, 4 Oct 2026 11:06:07 +0000"

eth_getBlockByNumber
eth_getBlockByNumber
eth_getLogs
eth_getBlockByNumber
eth_getBlockByNumber
eth_getBlockByNumber
eth_getBlockByNumber

    Block Number: 722
    Block Hash: 0x6147e5ce680f55fa491e9b6d7d471a66cb63a7032fce51b65202bbf1e26cd460
    Block Time: "Sun, 4 Oct 2026 11:06:07 +0000"

