campaign_id,session_id,profile_id,container_id,kind,run_id,round,round_attempt,order_in_round,seed,is_warmup,warmup_kind,backend,depth,leaf_index,started_at_utc,input_ms,witness_ms,prove_ms,verify_first_ms,verify_steady_ms,stage_sum_ms,wall_ms,zkey_bytes,zkey_sha256,proof_valid,root_matches,input_matches_committed,public_root,expected_root,heap_used_mb,rss_mb,image_id,manifest_sha256,status,error
campaign-20260925T060607Z,S20260925T060607Z,cpu2,d6df1dce49ca,primary,campaign-20260925T060607Z/cpu2/primary0a1/in_process1,0,1,1,0,1,in_process,groth16,5,0,2026-09-25T06:14:28.446Z,0.473,21.773,357.606,10.219,11.094,390.071,390.088,1133343,41c7636150900ee72cf6323930dd506bd0fc015a94a20905cc61c856b4fe919a,1,1,1,8772061116891597512098326450504850663371859585885077427179882578819842555696,8772061116891597512098326450504850663371859585885077427179882578819842555696,13.105,155.277,sha256:50c5f26d2c05b460aa702d89700b74f817ea4adce9d64a5abacaae7a9bb671c8,9a7829fe2584259f1dd0dc45cf73c5ce904fce7e61e964fb7958826f156b43be,ok,
campaign-20260925T060607Z,S20260925T060607Z,cpu2,d6df1dce49ca,primary,campaign-20260925T060607Z/cpu2/primary0a1/in_process2,0,1,2,0,1,in_process,plonk,5,0,2026-09-25T06:14:28.876Z,0.579,19.552,11985.574,8.075,7.395,12013.78,12013.798,50790568,8b7d89ef154d0704a4a5fb8df978ea728f0decad61374b1d3a80a026ad357fec,1,1,1,8772061116891597512098326450504850663371859585885077427179882578819842555696,8772061116891597512098326450504850663371859585885077427179882578819842555696,10.968,374.895,sha256:50c5f26d2c05b460aa702d89700b74f817ea4adce9d64a5abacaae7a9bb671c8,9a7829fe2584259f1dd0dc45cf73c5ce904fce7e61e964fb7958826f156b43be,ok,
campaign-20260925T060607Z,S20260925T060607Z,cpu2,d6df1dce49ca,primary,campaign-20260925T060607Z/cpu2/primary0a1/round01,0,1,1,0,1,round0,plonk,14,0,2026-09-25T06:14:40.917Z,53.899,27.464,23365.329,11.807,7.912,23458.499,23458.528,101787276,61d7365d9163bc99ded1dfbd03499b9283c2947715292debbde41b3796b6b916,1,1,1,12582151698735550891927690128793622813383487692593364506314066026947547425304,12582151698735550891927690128793622813383487692593364506314066026947547425304,10.754,388.004,sha256:50c5f26d2c05b460aa702d89700b74f817ea4adce9d64a5abacaae7a9bb671c8,9a7829fe2584259f1dd0dc45cf73c5ce904fce7e61e964fb7958826f156b43be,ok,
campaign-20260925T060607Z,S20260925T060607Z,cpu2,d6df1dce49ca,primary,campaign-20260925T060607Z/cpu2/primary0a1/round02,0,1,2,0,1,round0,plonk,10,0,2026-09-25T06:15:04.401Z,2.799,20.549,11952.407,9.438,8.493,11985.192,11985.214,51742588,bebeabf9a0c71095a0054d8bd4225201a55744b4b0560ef0825703d4931d0ced,1,1,1,5493694120516454304625833950804950714434791624469988248149691492887491269863,5493694120516454304625833950804950714434791624469988248149691492887491269863,10.226,394.031,sha256:50c5f26d2c05b460aa702d89700b74f817ea4adce9d64a5abacaae7a9bb671c8,9a7829fe2584259f1dd0dc45cf73c5ce904fce7e61e964fb7958826f156b43be,ok,
campaign-20260925T060607Z,S20260925T060607Z,cpu2,d6df1dce49ca,primary,campaign-20260925T060607Z/cpu2/primary0a1/round03,0,1,3,0,1,round0,groth16,7,0,2026-09-25T06:15:16.415Z,0.903,26.741,342.159,10.812,13.98,380.615,380.636,1374247,c0f6d8c4ac9fa282780a2c229d7d086f87e26be62a3eefceb9f801e5076843aa,1,1,1,6834760395900399403843817083005722754930321299301222295483199499696193022453,6834760395900399403843817083005722754930321299301222295483199499696193022453,11.35,369.949,sha256:50c5f26d2c05b460aa702d89700b74f817ea4adce9d64a5abacaae7a9bb671c8,9a7829fe2584259f1dd0dc45cf73c5ce904fce7e61e964fb7958826f156b43be,ok,
campaign-20260925T060607Z,S20260925T060607Z,cpu2,d6df1dce49ca,primary,campaign-20260925T060607Z/cpu2/primary0a1/round04,0,1,4,0,1,round0,groth16,10,0,2026-09-25T06:15:16.838Z,3.027,25.005,411.5,12.48,11.994,452.012,452.047,1866675,656d9ee8dd285db6410e0a4b4317201829a1347f7cc3ef6d8de625e8f99f432a,1,1,1,5493694120516454304625833950804950714434791624469988248149691492887491269863,5493694120516454304625833950804950714434791624469988248149691492887491269863,10.811,371.141,sha256:50c5f26d2c05b460aa702d89700b74f817ea4adce9d64a5abacaae7a9bb671c8,9a7829fe2584259f1dd0dc45cf73c5ce904fce7e61e964fb7958826f156b43be,ok,
campaign-20260925T060607Z,S20260925T060607Z,cpu2,d6df1dce49ca,primary,campaign-20260925T060607Z/cpu2/primary0a1/round05,0,1,5,0,1,round0,plonk,9,0,2026-09-25T06:15:17.329Z,1.89,25.107,12080.933,9.365,8.451,12117.295,12117.315,51552184,9dc1fed4ae801e210c410e345557301925ad182187f5f64aedebb0ef6a13cf67,1,1,1,20121159957847147921812141654231982941331816397431355682788233457047980505218,20121159957847147921812141654231982941331816397431355682788233457047980505218,10.513,348.621,sha256:50c5f26d2c05b460aa702d89700b74f817ea4adce9d64a5abacaae7a9bb671c8,9a7829fe2584259f1dd0dc45cf73c5ce904fce7e61e964fb7958826f156b43be,ok,
campaign-20260925T060607Z,S20260925T060607Z,cpu2,d6df1dce49ca,primary,campaign-20260925T060607Z/cpu2/primary0a1/round06,0,1,6,0,1,round0,groth16,8,0,2026-09-25T06:15:29.475Z,1.228,23.929,365.794,19.879,10.935,410.83,410.849,1625771,5ed3b83d5f5aad4ca7fa25c79bc0fa86d421d2202a7e7054079f14b9e1c2f4cd,1,1,1,4202603041571593097755192347734702907906852554209131907104891159135181794540,4202603041571593097755192347734702907906852554209131907104891159135181794540,9.77,324.531,sha256:50c5f26d2c05b460aa702d89700b74f817ea4adce9d64a5abacaae7a9bb671c8,9a7829fe2584259f1dd0dc45cf73c5ce904fce7e61e964fb7958826f156b43be,ok,
campaign-20260925T060607Z,S20260925T060607Z,cpu2,d6df1dce49ca,primary,campaign-20260925T060607Z/cpu2/primary0a1/round07,0,1,7,0,1,round0,groth16,12,0,2026-09-25T06:15:29.922Z,15.453,22.736,455.635,11.337,10.906,505.161,505.183,2107579,3fdb01845d81a3cdbbba88fcf45b948195abf01ba68c30be8a5f3e3546d4e81e,1,1,1,1305120659341908565283217195273270415919492373288777814091321905738895669205,1305120659341908565283217195273270415919492373288777814091321905738895669205,9.721,324.742,sha256:50c5f26d2c05b460aa702d89700b74f817ea4adce9d64a5abacaae7a9bb671c8,9a7829fe2584259f1dd0dc45cf73c5ce904fce7e61e964fb7958826f156b43be,ok,
campaign-20260925T060607Z,S20260925T060607Z,cpu2,d6df1dce49ca,primary,campaign-20260925T060607Z/cpu2/primary0a1/round08,0,1,8,0,1,round0,plonk,12,0,2026-09-25T06:15:30.463Z,17.222,27.885,24600.863,17.839,10.242,24663.809,24663.839,101406468,ac66b87842b1343c8548cf4e922c1ee3249b5519daa07857ea88621896f01c1d,1,1,1,1305120659341908565283217195273270415919492373288777814091321905738895669205,1305120659341908565283217195273270415919492373288777814091321905738895669205,10.239,463.742,sha256:50c5f26d2c05b460aa702d89700b74f817ea4adce9d64a5abacaae7a9bb671c8,9a7829fe2584259f1dd0dc45cf73c5ce904fce7e61e964fb7958826f156b43be,ok,
campaign-20260925T060607Z,S20260925T060607Z,cpu2,d6df1dce49ca,primary,campaign-20260925T060607Z/cpu2/primary0a1/round09,0,1,9,0,1,round0,groth16,6,0,2026-09-25T06:15:55.165Z,2.232,41.729,432.734,20.985,22.902,497.679,497.766,1253795,ea2368c5701f4885dc1bd9120ebd0b3419c495066983d2c215030506b1968bd4,1,1,1,4563221289370828604205089111471170542583263583412968862519466540084840336910,4563221289370828604205089111471170542583263583412968862519466540084840336910,9.705,324.406,sha256:50c5f26d2c05b460aa702d89700b74f817ea4adce9d64a5abacaae7a9bb671c8,9a7829fe2584259f1dd0dc45cf73c5ce904fce7e61e964fb7958826f156b43be,ok,
campaign-20260925T060607Z,S20260925T060607Z,cpu2,d6df1dce49ca,primary,campaign-20260925T060607Z/cpu2/primary0a1/round010,0,1,10,0,1,round0,plonk,15,0,2026-09-25T06:15:55.733Z,167.456,58.058,28703.68,9.12,7.237,28938.313,28938.35,101977680,590ecdca303cbdece71bd9566d50ed9ad6168b343d2955edb57da417b966d08b,1,1,1,16175814224772832097117886582757018531876340808696504341109560169071733404932,16175814224772832097117886582757018531876340808696504341109560169071733404932,10.622,516.531,sha256:50c5f26d2c05b460aa702d89700b74f817ea4adce9d64a5abacaae7a9bb671c8,9a7829fe2584259f1dd0dc45cf73c5ce904fce7e61e964fb7958826f156b43be,ok,
campaign-20260925T060607Z,S20260925T060607Z,cpu2,d6df1dce49ca,primary,campaign-20260925T060607Z/cpu2/primary0a1/round011,0,1,11,0,1,round0,plonk,8,0,2026-09-25T06:16:24.696Z,3.122,22.428,12194.681,10.021,8.134,12230.252,12230.27,51361780,42dce5eab9336cf59161d106dd2c9da704b3a453c67dc5f6a284a94331eca87c,1,1,1,4202603041571593097755192347734702907906852554209131907104891159135181794540,4202603041571593097755192347734702907906852554209131907104891159135181794540,10.366,398.965,sha256:50c5f26d2c05b460aa702d89700b74f817ea4adce9d64a5abacaae7a9bb671c8,9a7829fe2584259f1dd0dc45cf73c5ce904fce7e61e964fb7958826f156b43be,ok,
campaign-20260925T060607Z,S20260925T060607Z,cpu2,d6df1dce49ca,primary,campaign-20260925T060607Z/cpu2/primary0a1/round012,0,1,12,0,1,round0,plonk,11,0,2026-09-25T06:16:36.953Z,4.764,29.382,23182.187,9.413,7.391,23225.745,23225.763,101216064,55b85a8c273635d0f8f2cdda0e7ce81b35231792d5212b770681d612dbf1c56a,1,1,1,13741875541804146615197212471377989082753334180286662970428373142262333549779,13741875541804146615197212471377989082753334180286662970428373142262333549779,10.57,386.969,sha256:50c5f26d2c05b460aa702d89700b74f817ea4adce9d64a5abacaae7a9bb671c8,9a7829fe2584259f1dd0dc45cf73c5ce904fce7e61e964fb7958826f156b43be,ok,
campaign-20260925T060607Z,S20260925T060607Z,cpu2,d6df1dce49ca,primary,campaign-20260925T060607Z/cpu2/primary0a1/round013,0,1,13,0,1,round0,groth16,15,0,2026-09-25T06:17:00.206Z,110.178,34.942,466.827,9.75,10.395,621.697,621.724,2468935,d6be53096894f276c29d0702fcead9cafd5a510db26c6b563aa91a72f3a7c974,1,1,1,16175814224772832097117886582757018531876340808696504341109560169071733404932,16175814224772832097117886582757018531876340808696504341109560169071733404932,13.936,391.289,sha256:50c5f26d2c05b460aa702d89700b74f817ea4adce9d64a5abacaae7a9bb671c8,9a7829fe2584259f1dd0dc45cf73c5ce904fce7e61e964fb7958826f156b43be,ok,
campaign-20260925T060607Z,S20260925T060607Z,cpu2,d6df1dce49ca,primary,campaign-20260925T060607Z/cpu2/primary0a1/round014,0,1,14,0,1,round0,plonk,5,0,2026-09-25T06:17:00.862Z,0.909,19.712,12171.101,8.982,8.618,12200.705,12200.721,50790568,8b7d89ef154d0704a4a5fb8df978ea728f0decad61374b1d3a80a026ad357fec,1,1,1,8772061116891597512098326450504850663371859585885077427179882578819842555696,8772061116891597512098326450504850663371859585885077427179882578819842555696,10.49,405.266,sha256:50c5f26d2c05b460aa702d89700b74f817ea4adce9d64a5abacaae7a9bb671c8,9a7829fe2584259f1dd0dc45cf73c5ce904fce7e61e964fb7958826f156b43be,ok,
campaign-20260925T060607Z,S20260925T060607Z,cpu2,d6df1dce49ca,primary,campaign-20260925T060607Z/cpu2/primary0a1/round015,0,1,15,0,1,round0,groth16,9,0,2026-09-25T06:17:13.091Z,2.056,22.679,355.101,13.305,10.473,393.141,393.157,1746223,b211630d00c7c2d0e5309876a16c72ad66909d7301385d4da830c4a8d71e391e,1,1,1,20121159957847147921812141654231982941331816397431355682788233457047980505218,20121159957847147921812141654231982941331816397431355682788233457047980505218,11.409,380.414,sha256:50c5f26d2c05b460aa702d89700b74f817ea4adce9d64a5abacaae7a9bb671c8,9a7829fe2584259f1dd0dc45cf73c5ce904fce7e61e964fb7958826f156b43be,ok,
campaign-20260925T060607Z,S20260925T060607Z,cpu2,d6df1dce49ca,primary,campaign-20260925T060607Z/cpu2/primary0a1/round016,0,1,16,0,1,round0,groth16,5,0,2026-09-25T06:17:13.519Z,0.641,28.303,271.924,10.665,10.126,311.532,311.546,1133343,41c7636150900ee72cf6323930dd506bd0fc015a94a20905cc61c856b4fe919a,1,1,1,8772061116891597512098326450504850663371859585885077427179882578819842555696,8772061116891597512098326450504850663371859585885077427179882578819842555696,10.466,379.816,sha256:50c5f26d2c05b460aa702d89700b74f817ea4adce9d64a5abacaae7a9bb671c8,9a7829fe2584259f1dd0dc45cf73c5ce904fce7e61e964fb7958826f156b43be,ok,
campaign-20260925T060607Z,S20260925T060607Z,cpu2,d6df1dce49ca,primary,campaign-20260925T060607Z/cpu2/primary0a1/round017,0,1,17,0,1,round0,plonk,7,0,2026-09-25T06:17:13.863Z,0.824,25.126,12159.702,9.007,7.669,12194.66,12194.674,51171376,e601552aba9f4692ef0f1d2d75ceade0e48da52ddad45690306a402c03eb810f,1,1,1,6834760395900399403843817083005722754930321299301222295483199499696193022453,6834760395900399403843817083005722754930321299301222295483199499696193022453,10.538,353.199,sha256:50c5f26d2c05b460aa702d89700b74f817ea4adce9d64a5abacaae7a9bb671c8,9a7829fe2584259f1dd0dc45cf73c5ce904fce7e61e964fb7958826f156b43be,ok,
campaign-20260925T060607Z,S20260925T060607Z,cpu2,d6df1dce49ca,primary,campaign-20260925T060607Z/cpu2/primary0a1/round018,0,1,18,0,1,round0,groth16,13,0,2026-09-25T06:17:26.084Z,24.905,32.04,425.456,12.081,10.128,494.482,494.506,2228031,53cbdd1f02a65121d6c7044031c6cfa4c6ce66c0b9712dd28fe86ef4c6512c1b,1,1,1,2070900789261900884480134887764693608718732168760920549200296856627754794354,2070900789261900884480134887764693608718732168760920549200296856627754794354,11.827,328.32,sha256:50c5f26d2c05b460aa702d89700b74f817ea4adce9d64a5abacaae7a9bb671c8,9a7829fe2584259f1dd0dc45cf73c5ce904fce7e61e964fb7958826f156b43be,ok,
campaign-20260925T060607Z,S20260925T060607Z,cpu2,d6df1dce49ca,primary,campaign-20260925T060607Z/cpu2/primary0a1/round019,0,1,19,0,1,round0,groth16,11,0,2026-09-25T06:17:26.613Z,7.563,24.748,379.373,10.747,10.257,422.43,422.453,1987127,1241508317856e8cb42cf71f43cafeb13e26a2553d595182aefca30b78a5b754,1,1,1,13741875541804146615197212471377989082753334180286662970428373142262333549779,13741875541804146615197212471377989082753334180286662970428373142262333549779,12.142,328.715,sha256:50c5f26d2c05b460aa702d89700b74f817ea4adce9d64a5abacaae7a9bb671c8,9a7829fe2584259f1dd0dc45cf73c5ce904fce7e61e964fb7958826f156b43be,ok,
campaign-20260925T060607Z,S20260925T060607Z,cpu2,d6df1dce49ca,primary,campaign-20260925T060607Z/cpu2/primary0a1/round020,0,1,20,0,1,round0,groth16,14,0,2026-09-25T06:17:27.070Z,57.523,35.272,453.69,10.868,9.977,557.353,557.379,2348483,b0be38259edaa109196790233512dc26d29f0e31a9506021bad97c60834e4df2,1,1,1,12582151698735550891927690128793622813383487692593364506314066026947547425304,12582151698735550891927690128793622813383487692593364506314066026947547425304,9.957,328.492,sha256:50c5f26d2c05b460aa702d89700b74f817ea4adce9d64a5abacaae7a9bb671c8,9a7829fe2584259f1dd0dc45cf73c5ce904fce7e61e964fb7958826f156b43be,ok,
campaign-20260925T060607Z,S20260925T060607Z,cpu2,d6df1dce49ca,primary,campaign-20260925T060607Z/cpu2/primary0a1/round021,0,1,21,0,1,round0,plonk,13,0,2026-09-25T06:17:27.661Z,31.368,23.776,23564.376,10.567,7.274,23630.087,23630.11,101596872,ecc4eb82a5958bf47b7b157e77ed7abc103fb2ebeec94211db85c4d20c7c607c,1,1,1,2070900789261900884480134887764693608718732168760920549200296856627754794354,2070900789261900884480134887764693608718732168760920549200296856627754794354,10.597,353.133,sha256:50c5f26d2c05b460aa702d89700b74f817ea4adce9d64a5abacaae7a9bb671c8,9a7829fe2584259f1dd0dc45cf73c5ce904fce7e61e964fb7958826f156b43be,ok,
campaign-20260925T060607Z,S20260925T060607Z,cpu2,d6df1dce49ca,primary,campaign-20260925T060607Z/cpu2/primary0a1/round022,0,1,22,0,1,round0,plonk,6,0,2026-09-25T06:17:51.320Z,1.027,29.1,12069.153,10.365,8.68,12109.644,12109.658,50980972,75b0f7800ba9bbd996a5aba5e02258e755536462dae72897fb9805a733486612,1,1,1,4563221289370828604205089111471170542583263583412968862519466540084840336910,4563221289370828604205089111471170542583263583412968862519466540084840336910,10.595,403.594,sha256:50c5f26d2c05b460aa702d89700b74f817ea4adce9d64a5abacaae7a9bb671c8,9a7829fe2584259f1dd0dc45cf73c5ce904fce7e61e964fb7958826f156b43be,ok,
campaign-20260925T060607Z,S20260925T060607Z,cpu2,486c1bded4e6,primary,campaign-20260925T060607Z/cpu2/primary1a1/in_process1,1,1,1,1,1,in_process,groth16,5,0,2026-09-25T06:26:41.518Z,0.546,23.701,417.956,11.686,12.215,453.889,453.907,1133343,41c7636150900ee72cf6323930dd506bd0fc015a94a20905cc61c856b4fe919a,1,1,1,8772061116891597512098326450504850663371859585885077427179882578819842555696,8772061116891597512098326450504850663371859585885077427179882578819842555696,15.473,188.77,sha256:50c5f26d2c05b460aa702d89700b74f817ea4adce9d64a5abacaae7a9bb671c8,9a7829fe2584259f1dd0dc45cf73c5ce904fce7e61e964fb7958826f156b43be,ok,
campaign-20260925T060607Z,S20260925T060607Z,cpu2,486c1bded4e6,primary,campaign-20260925T060607Z/cpu2/primary1a1/in_process2,1,1,2,1,1,in_process,plonk,5,0,2026-09-25T06:26:42.015Z,1.018,25.9,11998.406,7.896,8.594,12033.22,12033.242,50790568,8b7d89ef154d0704a4a5fb8df978ea728f0decad61374b1d3a80a026ad357fec,1,1,1,8772061116891597512098326450504850663371859585885077427179882578819842555696,8772061116891597512098326450504850663371859585885077427179882578819842555696,12.116,372.68,sha256:50c5f26d2c05b460aa702d89700b74f817ea4adce9d64a5abacaae7a9bb671c8,9a7829fe2584259f1dd0dc45cf73c5ce904fce7e61e964fb7958826f156b43be,ok,
campaign-20260925T060607Z,S20260925T060607Z,cpu2,486c1bded4e6,primary,campaign-20260925T060607Z/cpu2/primary1a1/m1,1,1,1,1,0,,groth16,7,0,2026-09-25T06:26:54.076Z,0.858,22.082,269.96,16.736,9.785,309.636,309.652,1374247,c0f6d8c4ac9fa282780a2c229d7d086f87e26be62a3eefceb9f801e5076843aa,1,1,1,6834760395900399403843817083005722754930321299301222295483199499696193022453,6834760395900399403843817083005722754930321299301222295483199499696193022453,12.096,349.219,sha256:50c5f26d2c05b460aa702d89700b74f817ea4adce9d64a5abacaae7a9bb671c8,9a7829fe2584259f1dd0dc45cf73c5ce904fce7e61e964fb7958826f156b43be,ok,
campaign-20260925T060607Z,S20260925T060607Z,cpu2,486c1bded4e6,primary,campaign-20260925T060607Z/cpu2/primary1a1/m2,1,1,2,1,0,,groth16,8,0,2026-09-25T06:26:54.421Z,1.005,20.463,353.993,12.35,11.971,387.811,387.833,1625771,5ed3b83d5f5aad4ca7fa25c79bc0fa86d421d2202a7e7054079f14b9e1c2f4cd,1,1,1,4202603041571593097755192347734702907906852554209131907104891159135181794540,4202603041571593097755192347734702907906852554209131907104891159135181794540,12.774,350.313,sha256:50c5f26d2c05b460aa702d89700b74f817ea4adce9d64a5abacaae7a9bb671c8,9a7829fe2584259f1dd0dc45cf73c5ce904fce7e61e964fb7958826f156b43be,ok,
campaign-20260925T060607Z,S20260925T060607Z,cpu2,486c1bded4e6,primary,campaign-20260925T060607Z/cpu2/primary1a1/m3,1,1,3,1,0,,plonk,14,0,2026-09-25T06:26:54.847Z,53.121,25.378,25343.121,11.251,7.272,25432.871,25432.892,101787276,61d7365d9163bc99ded1dfbd03499b9283c2947715292debbde41b3796b6b916,1,1,1,12582151698735550891927690128793622813383487692593364506314066026947547425304,12582151698735550891927690128793622813383487692593364506314066026947547425304,11.565,464.508,sha256:50c5f26d2c05b460aa702d89700b74f817ea4adce9d64a5abacaae7a9bb671c8,9a7829fe2584259f1dd0dc45cf73c5ce904fce7e61e964fb7958826f156b43be,ok,
campaign-20260925T060607Z,S20260925T060607Z,cpu2,486c1bded4e6,primary,campaign-20260925T060607Z/cpu2/primary1a1/m4,1,1,4,1,0,,groth16,6,0,2026-09-25T06:27:20.306Z,0.821,22.872,241.397,16.464,13.427,281.553,281.572,1253795,ea2368c5701f4885dc1bd9120ebd0b3419c495066983d2c215030506b1968bd4,1,1,1,4563221289370828604205089111471170542583263583412968862519466540084840336910,4563221289370828604205089111471170542583263583412968862519466540084840336910,12.837,338.652,sha256:50c5f26d2c05b460aa702d89700b74f817ea4adce9d64a5abacaae7a9bb671c8,9a7829fe2584259f1dd0dc45cf73c5ce904fce7e61e964fb7958826f156b43be,ok,
campaign-20260925T060607Z,S20260925T060607Z,cpu2,486c1bded4e6,primary,campaign-20260925T060607Z/cpu2/primary1a1/m5,1,1,5,1,0,,plonk,11,0,2026-09-25T06:27:20.629Z,5.96,25.059,26083.025,10.285,7.257,26124.328,26124.35,101216064,55b85a8c273635d0f8f2cdda0e7ce81b35231792d5212b770681d612dbf1c56a,1,1,1,13741875541804146615197212471377989082753334180286662970428373142262333549779,13741875541804146615197212471377989082753334180286662970428373142262333549779,11.942,416.402,sha256:50c5f26d2c05b460aa702d89700b74f817ea4adce9d64a5abacaae7a9bb671c8,9a7829fe2584259f1dd0dc45cf73c5ce904fce7e61e964fb7958826f156b43be,ok,
campaign-20260925T060607Z,S20260925T060607Z,cpu2,486c1bded4e6,primary,campaign-20260925T060607Z/cpu2/primary1a1/m6,1,1,6,1,0,,plonk,7,0,2026-09-25T06:27:46.782Z,0.995,24.747,13309.828,9.529,8.518,13345.099,13345.116,51171376,e601552aba9f4692ef0f1d2d75ceade0e48da52ddad45690306a402c03eb810f,1,1,1,6834760395900399403843817083005722754930321299301222295483199499696193022453,6834760395900399403843817083005722754930321299301222295483199499696193022453,11.398,401.051,sha256:50c5f26d2c05b460aa702d89700b74f817ea4adce9d64a5abacaae7a9bb671c8,9a7829fe2584259f1dd0dc45cf73c5ce904fce7e61e964fb7958826f156b43be,ok,
campaign-20260925T060607Z,S20260925T060607Z,cpu2,486c1bded4e6,primary,campaign-20260925T060607Z/cpu2/primary1a1/m7,1,1,7,1,0,,groth16,5,0,2026-09-25T06:28:00.155Z,0.851,22.641,278.562,12.975,12.505,315.03,315.048,1133343,41c7636150900ee72cf6323930dd506bd0fc015a94a20905cc61c856b4fe919a,1,1,1,8772061116891597512098326450504850663371859585885077427179882578819842555696,8772061116891597512098326450504850663371859585885077427179882578819842555696,10.937,376.594,sha256:50c5f26d2c05b460aa702d89700b74f817ea4adce9d64a5abacaae7a9bb671c8,9a7829fe2584259f1dd0dc45cf73c5ce904fce7e61e964fb7958826f156b43be,ok,
campaign-20260925T060607Z,S20260925T060607Z,cpu2,486c1bded4e6,primary,campaign-20260925T060607Z/cpu2/primary1a1/m8,1,1,8,1,0,,plonk,15,0,2026-09-25T06:28:00.508Z,124.711,30.046,25857.661,9.083,7.536,26021.501,26021.527,101977680,590ecdca303cbdece71bd9566d50ed9ad6168b343d2955edb57da417b966d08b,1,1,1,16175814224772832097117886582757018531876340808696504341109560169071733404932,16175814224772832097117886582757018531876340808696504341109560169071733404932,11.898,525.238,sha256:50c5f26d2c05b460aa702d89700b74f817ea4adce9d64a5abacaae7a9bb671c8,9a7829fe2584259f1dd0dc45cf73c5ce904fce7e61e964fb7958826f156b43be,ok,
campaign-20260925T060607Z,S20260925T060607Z,cpu2,486c1bded4e6,primary,campaign-20260925T060607Z/cpu2/primary1a1/m9,1,1,9,1,0,,plonk,5,0,2026-09-25T06:28:26.555Z,0.797,22.986,13302.837,10.089,7.281,13336.709,13336.726,50790568,8b7d89ef154d0704a4a5fb8df978ea728f0decad61374b1d3a80a026ad357fec,1,1,1,8772061116891597512098326450504850663371859585885077427179882578819842555696,8772061116891597512098326450504850663371859585885077427179882578819842555696,11.544,405.07,sha256:50c5f26d2c05b460aa702d89700b74f817ea4adce9d64a5abacaae7a9bb671c8,9a7829fe2584259f1dd0dc45cf73c5ce904fce7e61e964fb7958826f156b43be,ok,
campaign-20260925T060607Z,S20260925T060607Z,cpu2,486c1bded4e6,primary,campaign-20260925T060607Z/cpu2/primary1a1/m10,1,1,10,1,0,,plonk,6,0,2026-09-25T06:28:39.918Z,0.793,20.095,13316.157,11.2,8.579,13348.246,13348.26,50980972,75b0f7800ba9bbd996a5aba5e02258e755536462dae72897fb9805a733486612,1,1,1,4563221289370828604205089111471170542583263583412968862519466540084840336910,4563221289370828604205089111471170542583263583412968862519466540084840336910,11.598,405.18,sha256:50c5f26d2c05b460aa702d89700b74f817ea4adce9d64a5abacaae7a9bb671c8,9a7829fe2584259f1dd0dc45cf73c5ce904fce7e61e964fb7958826f156b43be,ok,
campaign-20260925T060607Z,S20260925T060607Z,cpu2,486c1bded4e6,primary,campaign-20260925T060607Z/cpu2/primary1a1/m11,1,1,11,1,0,,plonk,8,0,2026-09-25T06:28:53.294Z,1.242,20.728,13347.106,11.195,7.815,13380.271,13380.289,51361780,42dce5eab9336cf59161d106dd2c9da704b3a453c67dc5f6a284a94331eca87c,1,1,1,4202603041571593097755192347734702907906852554209131907104891159135181794540,4202603041571593097755192347734702907906852554209131907104891159135181794540,11.72,405.496,sha256:50c5f26d2c05b460aa702d89700b74f817ea4adce9d64a5abacaae7a9bb671c8,9a7829fe2584259f1dd0dc45cf73c5ce904fce7e61e964fb7958826f156b43be,ok,
campaign-20260925T060607Z,S20260925T060607Z,cpu2,486c1bded4e6,primary,campaign-20260925T060607Z/cpu2/primary1a1/m12,1,1,12,1,0,,plonk,13,0,2026-09-25T06:29:06.700Z,25.797,32.127,25686.631,12.819,7.216,25757.374,25757.396,101596872,ecc4eb82a5958bf47b7b157e77ed7abc103fb2ebeec94211db85c4d20c7c607c,1,1,1,2070900789261900884480134887764693608718732168760920549200296856627754794354,2070900789261900884480134887764693608718732168760920549200296856627754794354,11.924,417.988,sha256:50c5f26d2c05b460aa702d89700b74f817ea4adce9d64a5abacaae7a9bb671c8,9a7829fe2584259f1dd0dc45cf73c5ce904fce7e61e964fb7958826f156b43be,ok,
campaign-20260925T060607Z,S20260925T060607Z,cpu2,486c1bded4e6,primary,campaign-20260925T060607Z/cpu2/primary1a1/m13,1,1,13,1,0,,plonk,10,0,2026-09-25T06:29:32.484Z,3.535,26.077,13395.1,9.471,7.341,13434.184,13434.202,51742588,bebeabf9a0c71095a0054d8bd4225201a55744b4b0560ef0825703d4931d0ced,1,1,1,5493694120516454304625833950804950714434791624469988248149691492887491269863,5493694120516454304625833950804950714434791624469988248149691492887491269863,11.566,418.168,sha256:50c5f26d2c05b460aa702d89700b74f817ea4adce9d64a5abacaae7a9bb671c8,9a7829fe2584259f1dd0dc45cf73c5ce904fce7e61e964fb7958826f156b43be,ok,
campaign-20260925T060607Z,S20260925T060607Z,cpu2,486c1bded4e6,primary,campaign-20260925T060607Z/cpu2/primary1a1/m14,1,1,14,1,0,,groth16,15,0,2026-09-25T06:29:45.944Z,119.111,37.097,498.429,12.972,12.403,667.609,667.636,2468935,d6be53096894f276c29d0702fcead9cafd5a510db26c6b563aa91a72f3a7c974,1,1,1,16175814224772832097117886582757018531876340808696504341109560169071733404932,16175814224772832097117886582757018531876340808696504341109560169071733404932,12.881,393.332,sha256:50c5f26d2c05b460aa702d89700b74f817ea4adce9d64a5abacaae7a9bb671c8,9a7829fe2584259f1dd0dc45cf73c5ce904fce7e61e964fb7958826f156b43be,ok,
campaign-20260925T060607Z,S20260925T060607Z,cpu2,486c1bded4e6,primary,campaign-20260925T060607Z/cpu2/primary1a1/m15,1,1,15,1,0,,plonk,9,0,2026-09-25T06:29:46.651Z,1.995,30.086,13306.09,9.959,7.296,13348.13,13348.146,51552184,9dc1fed4ae801e210c410e345557301925ad182187f5f64aedebb0ef6a13cf67,1,1,1,20121159957847147921812141654231982941331816397431355682788233457047980505218,20121159957847147921812141654231982941331816397431355682788233457047980505218,11.79,418.23,sha256:50c5f26d2c05b460aa702d89700b74f817ea4adce9d64a5abacaae7a9bb671c8,9a7829fe2584259f1dd0dc45cf73c5ce904fce7e61e964fb7958826f156b43be,ok,
campaign-20260925T060607Z,S20260925T060607Z,cpu2,486c1bded4e6,primary,campaign-20260925T060607Z/cpu2/primary1a1/m16,1,1,16,1,0,,groth16,14,0,2026-09-25T06:30:00.024Z,46.333,29.693,466.12,9.937,10.06,552.083,552.106,2348483,b0be38259edaa109196790233512dc26d29f0e31a9506021bad97c60834e4df2,1,1,1,12582151698735550891927690128793622813383487692593364506314066026947547425304,12582151698735550891927690128793622813383487692593364506314066026947547425304,11.223,393.477,sha256:50c5f26d2c05b460aa702d89700b74f817ea4adce9d64a5abacaae7a9bb671c8,9a7829fe2584259f1dd0dc45cf73c5ce904fce7e61e964fb7958826f156b43be,ok,
campaign-20260925T060607Z,S20260925T060607Z,cpu2,486c1bded4e6,primary,campaign-20260925T060607Z/cpu2/primary1a1/m17,1,1,17,1,0,,groth16,12,0,2026-09-25T06:30:00.610Z,16.33,29.105,419.104,10.395,11.023,474.933,474.957,2107579,3fdb01845d81a3cdbbba88fcf45b948195abf01ba68c30be8a5f3e3546d4e81e,1,1,1,1305120659341908565283217195273270415919492373288777814091321905738895669205,1305120659341908565283217195273270415919492373288777814091321905738895669205,13.143,393.496,sha256:50c5f26d2c05b460aa702d89700b74f817ea4adce9d64a5abacaae7a9bb671c8,9a7829fe2584259f1dd0dc45cf73c5ce904fce7e61e964fb7958826f156b43be,ok,
campaign-20260925T060607Z,S20260925T060607Z,cpu2,486c1bded4e6,primary,campaign-20260925T060607Z/cpu2/primary1a1/m18,1,1,18,1,0,,groth16,10,0,2026-09-25T06:30:01.121Z,3.138,26.343,378.158,11.062,9.991,418.7,418.716,1866675,656d9ee8dd285db6410e0a4b4317201829a1347f7cc3ef6d8de625e8f99f432a,1,1,1,5493694120516454304625833950804950714434791624469988248149691492887491269863,5493694120516454304625833950804950714434791624469988248149691492887491269863,12.045,392.719,sha256:50c5f26d2c05b460aa702d89700b74f817ea4adce9d64a5abacaae7a9bb671c8,9a7829fe2584259f1dd0dc45cf73c5ce904fce7e61e964fb7958826f156b43be,ok,
campaign-20260925T060607Z,S20260925T060607Z,cpu2,486c1bded4e6,primary,campaign-20260925T060607Z/cpu2/primary1a1/m19,1,1,19,1,0,,groth16,13,0,2026-09-25T06:30:01.575Z,33.549,29.872,472.125,10.442,10.108,545.989,546.012,2228031,53cbdd1f02a65121d6c7044031c6cfa4c6ce66c0b9712dd28fe86ef4c6512c1b,1,1,1,2070900789261900884480134887764693608718732168760920549200296856627754794354,2070900789261900884480134887764693608718732168760920549200296856627754794354,11.175,393.801,sha256:50c5f26d2c05b460aa702d89700b74f817ea4adce9d64a5abacaae7a9bb671c8,9a7829fe2584259f1dd0dc45cf73c5ce904fce7e61e964fb7958826f156b43be,ok,
campaign-20260925T060607Z,S20260925T060607Z,cpu2,486c1bded4e6,primary,campaign-20260925T060607Z/cpu2/primary1a1/m20,1,1,20,1,0,,plonk,12,0,2026-09-25T06:30:02.154Z,18.285,25.434,25884.557,8.961,7.223,25937.237,25937.262,101406468,ac66b87842b1343c8548cf4e922c1ee3249b5519daa07857ea88621896f01c1d,1,1,1,1305120659341908565283217195273270415919492373288777814091321905738895669205,1305120659341908565283217195273270415919492373288777814091321905738895669205,12.408,523.375,sha256:50c5f26d2c05b460aa702d89700b74f817ea4adce9d64a5abacaae7a9bb671c8,9a7829fe2584259f1dd0dc45cf73c5ce904fce7e61e964fb7958826f156b43be,ok,
campaign-20260925T060607Z,S20260925T060607Z,cpu2,486c1bded4e6,primary,campaign-20260925T060607Z/cpu2/primary1a1/m21,1,1,21,1,0,,groth16,9,0,2026-09-25T06:30:28.117Z,5.121,24.338,380.506,10.381,9.872,420.346,420.361,1746223,b211630d00c7c2d0e5309876a16c72ad66909d7301385d4da830c4a8d71e391e,1,1,1,20121159957847147921812141654231982941331816397431355682788233457047980505218,20121159957847147921812141654231982941331816397431355682788233457047980505218,11.295,341,sha256:50c5f26d2c05b460aa702d89700b74f817ea4adce9d64a5abacaae7a9bb671c8,9a7829fe2584259f1dd0dc45cf73c5ce904fce7e61e964fb7958826f156b43be,ok,
campaign-20260925T060607Z,S20260925T060607Z,cpu2,486c1bded4e6,primary,campaign-20260925T060607Z/cpu2/primary1a1/m22,1,1,22,1,0,,groth16,11,0,2026-09-25T06:30:28.573Z,7.681,25.244,378.363,10.38,9.937,421.667,421.684,1987127,1241508317856e8cb42cf71f43cafeb13e26a2553d595182aefca30b78a5b754,1,1,1,13741875541804146615197212471377989082753334180286662970428373142262333549779,13741875541804146615197212471377989082753334180286662970428373142262333549779,13.158,341.168,sha256:50c5f26d2c05b460aa702d89700b74f817ea4adce9d64a5abacaae7a9bb671c8,9a7829fe2584259f1dd0dc45cf73c5ce904fce7e61e964fb7958826f156b43be,ok,
campaign-20260925T060607Z,S20260925T060607Z,cpu2,71192f775bc8,primary,campaign-20260925T060607Z/cpu2/primary2a1/in_process1,2,1,1,2,1,in_process,groth16,5,0,2026-09-25T06:30:30.494Z,0.523,24.161,398.136,10.475,11.438,433.295,433.311,1133343,41c7636150900ee72cf6323930dd506bd0fc015a94a20905cc61c856b4fe919a,1,1,1,8772061116891597512098326450504850663371859585885077427179882578819842555696,8772061116891597512098326450504850663371859585885077427179882578819842555696,15.346,180.816,sha256:50c5f26d2c05b460aa702d89700b74f817ea4adce9d64a5abacaae7a9bb671c8,9a7829fe2584259f1dd0dc45cf73c5ce904fce7e61e964fb7958826f156b43be,ok,
campaign-20260925T060607Z,S20260925T060607Z,cpu2,71192f775bc8,primary,campaign-20260925T060607Z/cpu2/primary2a1/in_process2,2,1,2,2,1,in_process,plonk,5,0,2026-09-25T06:30:30.971Z,0.929,21.908,11982.178,7.957,7.311,12012.972,12012.992,50790568,8b7d89ef154d0704a4a5fb8df978ea728f0decad61374b1d3a80a026ad357fec,1,1,1,8772061116891597512098326450504850663371859585885077427179882578819842555696,8772061116891597512098326450504850663371859585885077427179882578819842555696,12.578,372.348,sha256:50c5f26d2c05b460aa702d89700b74f817ea4adce9d64a5abacaae7a9bb671c8,9a7829fe2584259f1dd0dc45cf73c5ce904fce7e61e964fb7958826f156b43be,ok,
campaign-20260925T060607Z,S20260925T060607Z,cpu2,71192f775bc8,primary,campaign-20260925T060607Z/cpu2/primary2a1/m1,2,1,1,2,0,,groth16,8,0,2026-09-25T06:30:43.011Z,1.171,25.561,349.255,15.014,10.432,391.001,391.022,1625771,5ed3b83d5f5aad4ca7fa25c79bc0fa86d421d2202a7e7054079f14b9e1c2f4cd,1,1,1,4202603041571593097755192347734702907906852554209131907104891159135181794540,4202603041571593097755192347734702907906852554209131907104891159135181794540,12.746,300.219,sha256:50c5f26d2c05b460aa702d89700b74f817ea4adce9d64a5abacaae7a9bb671c8,9a7829fe2584259f1dd0dc45cf73c5ce904fce7e61e964fb7958826f156b43be,ok,
campaign-20260925T060607Z,S20260925T060607Z,cpu2,71192f775bc8,primary,campaign-20260925T060607Z/cpu2/primary2a1/m2,2,1,2,2,0,,plonk,8,0,2026-09-25T06:30:43.440Z,0.977,24.051,12086.757,10.424,8.602,12122.209,12122.236,51361780,42dce5eab9336cf59161d106dd2c9da704b3a453c67dc5f6a284a94331eca87c,1,1,1,4202603041571593097755192347734702907906852554209131907104891159135181794540,4202603041571593097755192347734702907906852554209131907104891159135181794540,11.836,327.617,sha256:50c5f26d2c05b460aa702d89700b74f817ea4adce9d64a5abacaae7a9bb671c8,9a7829fe2584259f1dd0dc45cf73c5ce904fce7e61e964fb7958826f156b43be,ok,
campaign-20260925T060607Z,S20260925T060607Z,cpu2,71192f775bc8,primary,campaign-20260925T060607Z/cpu2/primary2a1/m3,2,1,3,2,0,,plonk,5,0,2026-09-25T06:30:55.591Z,0.745,22.149,12045.394,10.306,7.363,12078.594,12078.611,50790568,8b7d89ef154d0704a4a5fb8df978ea728f0decad61374b1d3a80a026ad357fec,1,1,1,8772061116891597512098326450504850663371859585885077427179882578819842555696,8772061116891597512098326450504850663371859585885077427179882578819842555696,11.733,381.023,sha256:50c5f26d2c05b460aa702d89700b74f817ea4adce9d64a5abacaae7a9bb671c8,9a7829fe2584259f1dd0dc45cf73c5ce904fce7e61e964fb7958826f156b43be,ok,
campaign-20260925T060607Z,S20260925T060607Z,cpu2,71192f775bc8,primary,campaign-20260925T060607Z/cpu2/primary2a1/m4,2,1,4,2,0,,plonk,14,0,2026-09-25T06:31:07.696Z,43.84,25.413,23310.092,13.726,7.831,23393.071,23393.095,101787276,61d7365d9163bc99ded1dfbd03499b9283c2947715292debbde41b3796b6b916,1,1,1,12582151698735550891927690128793622813383487692593364506314066026947547425304,12582151698735550891927690128793622813383487692593364506314066026947547425304,11.975,368.559,sha256:50c5f26d2c05b460aa702d89700b74f817ea4adce9d64a5abacaae7a9bb671c8,9a7829fe2584259f1dd0dc45cf73c5ce904fce7e61e964fb7958826f156b43be,ok,
campaign-20260925T060607Z,S20260925T060607Z,cpu2,71192f775bc8,primary,campaign-20260925T060607Z/cpu2/primary2a1/m5,2,1,5,2,0,,groth16,5,0,2026-09-25T06:31:31.115Z,0.803,19.745,239.769,17.979,10.843,278.295,278.315,1133343,41c7636150900ee72cf6323930dd506bd0fc015a94a20905cc61c856b4fe919a,1,1,1,8772061116891597512098326450504850663371859585885077427179882578819842555696,8772061116891597512098326450504850663371859585885077427179882578819842555696,13.079,344.344,sha256:50c5f26d2c05b460aa702d89700b74f817ea4adce9d64a5abacaae7a9bb671c8,9a7829fe2584259f1dd0dc45cf73c5ce904fce7e61e964fb7958826f156b43be,ok,
campaign-20260925T060607Z,S20260925T060607Z,cpu2,71192f775bc8,primary,campaign-20260925T060607Z/cpu2/primary2a1/m6,2,1,6,2,0,,groth16,10,0,2026-09-25T06:31:31.429Z,2.661,21.443,394.638,9.812,10.04,428.555,428.578,1866675,656d9ee8dd285db6410e0a4b4317201829a1347f7cc3ef6d8de625e8f99f432a,1,1,1,5493694120516454304625833950804950714434791624469988248149691492887491269863,5493694120516454304625833950804950714434791624469988248149691492887491269863,12.126,343.5,sha256:50c5f26d2c05b460aa702d89700b74f817ea4adce9d64a5abacaae7a9bb671c8,9a7829fe2584259f1dd0dc45cf73c5ce904fce7e61e964fb7958826f156b43be,ok,
campaign-20260925T060607Z,S20260925T060607Z,cpu2,71192f775bc8,primary,campaign-20260925T060607Z/cpu2/primary2a1/m7,2,1,7,2,0,,plonk,12,0,2026-09-25T06:31:31.892Z,16.499,24.842,23320.812,8.987,7.711,23371.139,23371.166,101406468,ac66b87842b1343c8548cf4e922c1ee3249b5519daa07857ea88621896f01c1d,1,1,1,1305120659341908565283217195273270415919492373288777814091321905738895669205,1305120659341908565283217195273270415919492373288777814091321905738895669205,12.281,517.457,sha256:50c5f26d2c05b460aa702d89700b74f817ea4adce9d64a5abacaae7a9bb671c8,9a7829fe2584259f1dd0dc45cf73c5ce904fce7e61e964fb7958826f156b43be,ok,
campaign-20260925T060607Z,S20260925T060607Z,cpu2,71192f775bc8,primary,campaign-20260925T060607Z/cpu2/primary2a1/m8,2,1,8,2,0,,plonk,6,0,2026-09-25T06:31:55.289Z,0.882,25.759,12110.281,11.727,7.325,12148.649,12148.665,50980972,75b0f7800ba9bbd996a5aba5e02258e755536462dae72897fb9805a733486612,1,1,1,4563221289370828604205089111471170542583263583412968862519466540084840336910,4563221289370828604205089111471170542583263583412968862519466540084840336910,12.074,403.254,sha256:50c5f26d2c05b460aa702d89700b74f817ea4adce9d64a5abacaae7a9bb671c8,9a7829fe2584259f1dd0dc45cf73c5ce904fce7e61e964fb7958826f156b43be,ok,
campaign-20260925T060607Z,S20260925T060607Z,cpu2,71192f775bc8,primary,campaign-20260925T060607Z/cpu2/primary2a1/m9,2,1,9,2,0,,plonk,11,0,2026-09-25T06:32:07.463Z,5.258,28.629,23298.578,8.99,7.297,23341.455,23341.474,101216064,55b85a8c273635d0f8f2cdda0e7ce81b35231792d5212b770681d612dbf1c56a,1,1,1,13741875541804146615197212471377989082753334180286662970428373142262333549779,13741875541804146615197212471377989082753334180286662970428373142262333549779,11.986,373.559,sha256:50c5f26d2c05b460aa702d89700b74f817ea4adce9d64a5abacaae7a9bb671c8,9a7829fe2584259f1dd0dc45cf73c5ce904fce7e61e964fb7958826f156b43be,ok,
campaign-20260925T060607Z,S20260925T060607Z,cpu2,71192f775bc8,primary,campaign-20260925T060607Z/cpu2/primary2a1/m10,2,1,10,2,0,,groth16,9,0,2026-09-25T06:32:30.832Z,1.961,22.053,340.759,12.726,12.314,377.499,377.517,1746223,b211630d00c7c2d0e5309876a16c72ad66909d7301385d4da830c4a8d71e391e,1,1,1,20121159957847147921812141654231982941331816397431355682788233457047980505218,20121159957847147921812141654231982941331816397431355682788233457047980505218,11.297,349.063,sha256:50c5f26d2c05b460aa702d89700b74f817ea4adce9d64a5abacaae7a9bb671c8,9a7829fe2584259f1dd0dc45cf73c5ce904fce7e61e964fb7958826f156b43be,ok,
campaign-20260925T060607Z,S20260925T060607Z,cpu2,71192f775bc8,primary,campaign-20260925T060607Z/cpu2/primary2a1/m11,2,1,11,2,0,,groth16,11,0,2026-09-25T06:32:31.248Z,6.191,27.479,379.045,10.613,9.909,423.328,423.347,1987127,1241508317856e8cb42cf71f43cafeb13e26a2553d595182aefca30b78a5b754,1,1,1,13741875541804146615197212471377989082753334180286662970428373142262333549779,13741875541804146615197212471377989082753334180286662970428373142262333549779,13.168,349.484,sha256:50c5f26d2c05b460aa702d89700b74f817ea4adce9d64a5abacaae7a9bb671c8,9a7829fe2584259f1dd0dc45cf73c5ce904fce7e61e964fb7958826f156b43be,ok,
campaign-20260925T060607Z,S20260925T060607Z,cpu2,71192f775bc8,primary,campaign-20260925T060607Z/cpu2/primary2a1/m12,2,1,12,2,0,,groth16,13,0,2026-09-25T06:32:31.704Z,31.54,32.651,419.861,10.357,10.517,494.41,494.437,2228031,53cbdd1f02a65121d6c7044031c6cfa4c6ce66c0b9712dd28fe86ef4c6512c1b,1,1,1,2070900789261900884480134887764693608718732168760920549200296856627754794354,2070900789261900884480134887764693608718732168760920549200296856627754794354,12.796,349.465,sha256:50c5f26d2c05b460aa702d89700b74f817ea4adce9d64a5abacaae7a9bb671c8,9a7829fe2584259f1dd0dc45cf73c5ce904fce7e61e964fb7958826f156b43be,ok,
campaign-20260925T060607Z,S20260925T060607Z,cpu2,71192f775bc8,primary,campaign-20260925T060607Z/cpu2/primary2a1/m13,2,1,13,2,0,,groth16,15,0,2026-09-25T06:32:32.233Z,126.577,30.334,489.492,12.568,10.317,658.971,658.998,2468935,d6be53096894f276c29d0702fcead9cafd5a510db26c6b563aa91a72f3a7c974,1,1,1,16175814224772832097117886582757018531876340808696504341109560169071733404932,16175814224772832097117886582757018531876340808696504341109560169071733404932,12.953,349.324,sha256:50c5f26d2c05b460aa702d89700b74f817ea4adce9d64a5abacaae7a9bb671c8,9a7829fe2584259f1dd0dc45cf73c5ce904fce7e61e964fb7958826f156b43be,ok,
campaign-20260925T060607Z,S20260925T060607Z,cpu2,71192f775bc8,primary,campaign-20260925T060607Z/cpu2/primary2a1/m14,2,1,14,2,0,,plonk,10,0,2026-09-25T06:32:32.927Z,2.811,30.138,12114.778,7.729,7.267,12155.457,12155.478,51742588,bebeabf9a0c71095a0054d8bd4225201a55744b4b0560ef0825703d4931d0ced,1,1,1,5493694120516454304625833950804950714434791624469988248149691492887491269863,5493694120516454304625833950804950714434791624469988248149691492887491269863,11.922,403.832,sha256:50c5f26d2c05b460aa702d89700b74f817ea4adce9d64a5abacaae7a9bb671c8,9a7829fe2584259f1dd0dc45cf73c5ce904fce7e61e964fb7958826f156b43be,ok,
campaign-20260925T060607Z,S20260925T060607Z,cpu2,71192f775bc8,primary,campaign-20260925T060607Z/cpu2/primary2a1/m15,2,1,15,2,0,,groth16,6,0,2026-09-25T06:32:45.108Z,0.823,24.132,277.851,9.936,11.073,312.742,312.757,1253795,ea2368c5701f4885dc1bd9120ebd0b3419c495066983d2c215030506b1968bd4,1,1,1,4563221289370828604205089111471170542583263583412968862519466540084840336910,4563221289370828604205089111471170542583263583412968862519466540084840336910,11.4,379.027,sha256:50c5f26d2c05b460aa702d89700b74f817ea4adce9d64a5abacaae7a9bb671c8,9a7829fe2584259f1dd0dc45cf73c5ce904fce7e61e964fb7958826f156b43be,ok,
campaign-20260925T060607Z,S20260925T060607Z,cpu2,71192f775bc8,primary,campaign-20260925T060607Z/cpu2/primary2a1/m16,2,1,16,2,0,,plonk,15,0,2026-09-25T06:32:45.458Z,123.859,28.088,23256.403,12.178,7.197,23420.528,23420.554,101977680,590ecdca303cbdece71bd9566d50ed9ad6168b343d2955edb57da417b966d08b,1,1,1,16175814224772832097117886582757018531876340808696504341109560169071733404932,16175814224772832097117886582757018531876340808696504341109560169071733404932,12.195,410.672,sha256:50c5f26d2c05b460aa702d89700b74f817ea4adce9d64a5abacaae7a9bb671c8,9a7829fe2584259f1dd0dc45cf73c5ce904fce7e61e964fb7958826f156b43be,ok,
campaign-20260925T060607Z,S20260925T060607Z,cpu2,71192f775bc8,primary,campaign-20260925T060607Z/cpu2/primary2a1/m17,2,1,17,2,0,,groth16,12,0,2026-09-25T06:33:08.905Z,8.907,24.613,419.57,11.069,9.875,464.159,464.18,2107579,3fdb01845d81a3cdbbba88fcf45b948195abf01ba68c30be8a5f3e3546d4e81e,1,1,1,1305120659341908565283217195273270415919492373288777814091321905738895669205,1305120659341908565283217195273270415919492373288777814091321905738895669205,13.077,386.082,sha256:50c5f26d2c05b460aa702d89700b74f817ea4adce9d64a5abacaae7a9bb671c8,9a7829fe2584259f1dd0dc45cf73c5ce904fce7e61e964fb7958826f156b43be,ok,
campaign-20260925T060607Z,S20260925T060607Z,cpu2,71192f775bc8,primary,campaign-20260925T060607Z/cpu2/primary2a1/m18,2,1,18,2,0,,plonk,9,0,2026-09-25T06:33:09.402Z,2.287,25.166,12144.197,11.446,7.086,12183.095,12183.113,51552184,9dc1fed4ae801e210c410e345557301925ad182187f5f64aedebb0ef6a13cf67,1,1,1,20121159957847147921812141654231982941331816397431355682788233457047980505218,20121159957847147921812141654231982941331816397431355682788233457047980505218,12.272,410.645,sha256:50c5f26d2c05b460aa702d89700b74f817ea4adce9d64a5abacaae7a9bb671c8,9a7829fe2584259f1dd0dc45cf73c5ce904fce7e61e964fb7958826f156b43be,ok,
campaign-20260925T060607Z,S20260925T060607Z,cpu2,71192f775bc8,primary,campaign-20260925T060607Z/cpu2/primary2a1/m19,2,1,19,2,0,,plonk,13,0,2026-09-25T06:33:21.614Z,26.351,27.709,23348.562,9.882,8.63,23412.503,23412.529,101596872,ecc4eb82a5958bf47b7b157e77ed7abc103fb2ebeec94211db85c4d20c7c607c,1,1,1,2070900789261900884480134887764693608718732168760920549200296856627754794354,2070900789261900884480134887764693608718732168760920549200296856627754794354,12.115,465.402,sha256:50c5f26d2c05b460aa702d89700b74f817ea4adce9d64a5abacaae7a9bb671c8,9a7829fe2584259f1dd0dc45cf73c5ce904fce7e61e964fb7958826f156b43be,ok,
campaign-20260925T060607Z,S20260925T060607Z,cpu2,71192f775bc8,primary,campaign-20260925T060607Z/cpu2/primary2a1/m20,2,1,20,2,0,,plonk,7,0,2026-09-25T06:33:45.057Z,0.999,23.025,12072.599,9.33,7.283,12105.953,12105.969,51171376,e601552aba9f4692ef0f1d2d75ceade0e48da52ddad45690306a402c03eb810f,1,1,1,6834760395900399403843817083005722754930321299301222295483199499696193022453,6834760395900399403843817083005722754930321299301222295483199499696193022453,12.196,465.832,sha256:50c5f26d2c05b460aa702d89700b74f817ea4adce9d64a5abacaae7a9bb671c8,9a7829fe2584259f1dd0dc45cf73c5ce904fce7e61e964fb7958826f156b43be,ok,
campaign-20260925T060607Z,S20260925T060607Z,cpu2,71192f775bc8,primary,campaign-20260925T060607Z/cpu2/primary2a1/m21,2,1,21,2,0,,groth16,14,0,2026-09-25T06:33:57.189Z,46.602,29.818,459.962,9.959,10.698,546.34,546.363,2348483,b0be38259edaa109196790233512dc26d29f0e31a9506021bad97c60834e4df2,1,1,1,12582151698735550891927690128793622813383487692593364506314066026947547425304,12582151698735550891927690128793622813383487692593364506314066026947547425304,11.631,440.809,sha256:50c5f26d2c05b460aa702d89700b74f817ea4adce9d64a5abacaae7a9bb671c8,9a7829fe2584259f1dd0dc45cf73c5ce904fce7e61e964fb7958826f156b43be,ok,
campaign-20260925T060607Z,S20260925T060607Z,cpu2,71192f775bc8,primary,campaign-20260925T060607Z/cpu2/primary2a1/m22,2,1,22,2,0,,groth16,7,0,2026-09-25T06:33:57.772Z,0.758,28.681,293.379,9.777,12.2,332.595,332.609,1374247,c0f6d8c4ac9fa282780a2c229d7d086f87e26be62a3eefceb9f801e5076843aa,1,1,1,6834760395900399403843817083005722754930321299301222295483199499696193022453,6834760395900399403843817083005722754930321299301222295483199499696193022453,12.404,440.363,sha256:50c5f26d2c05b460aa702d89700b74f817ea4adce9d64a5abacaae7a9bb671c8,9a7829fe2584259f1dd0dc45cf73c5ce904fce7e61e964fb7958826f156b43be,ok,
campaign-20260925T060607Z,S20260925T060607Z,cpu2,9394a26c61de,primary,campaign-20260925T060607Z/cpu2/primary3a1/in_process1,3,1,1,3,1,in_process,groth16,5,0,2026-09-25T06:42:25.565Z,0.538,29.462,365.73,14.295,11.132,410.025,410.05,1133343,41c7636150900ee72cf6323930dd506bd0fc015a94a20905cc61c856b4fe919a,1,1,1,8772061116891597512098326450504850663371859585885077427179882578819842555696,8772061116891597512098326450504850663371859585885077427179882578819842555696,15.742,201.293,sha256:50c5f26d2c05b460aa702d89700b74f817ea4adce9d64a5abacaae7a9bb671c8,9a7829fe2584259f1dd0dc45cf73c5ce904fce7e61e964fb7958826f156b43be,ok,
campaign-20260925T060607Z,S20260925T060607Z,cpu2,9394a26c61de,primary,campaign-20260925T060607Z/cpu2/primary3a1/in_process2,3,1,2,3,1,in_process,plonk,5,0,2026-09-25T06:42:26.018Z,1.246,21.701,11927.173,8.037,7.806,11958.156,11958.178,50790568,8b7d89ef154d0704a4a5fb8df978ea728f0decad61374b1d3a80a026ad357fec,1,1,1,8772061116891597512098326450504850663371859585885077427179882578819842555696,8772061116891597512098326450504850663371859585885077427179882578819842555696,13.571,371.57,sha256:50c5f26d2c05b460aa702d89700b74f817ea4adce9d64a5abacaae7a9bb671c8,9a7829fe2584259f1dd0dc45cf73c5ce904fce7e61e964fb7958826f156b43be,ok,
campaign-20260925T060607Z,S20260925T060607Z,cpu2,9394a26c61de,primary,campaign-20260925T060607Z/cpu2/primary3a1/m1,3,1,1,3,0,,groth16,15,0,2026-09-25T06:42:38.004Z,108.253,36.618,488.365,19.236,12.367,652.473,652.507,2468935,d6be53096894f276c29d0702fcead9cafd5a510db26c6b563aa91a72f3a7c974,1,1,1,16175814224772832097117886582757018531876340808696504341109560169071733404932,16175814224772832097117886582757018531876340808696504341109560169071733404932,15.971,384.234,sha256:50c5f26d2c05b460aa702d89700b74f817ea4adce9d64a5abacaae7a9bb671c8,9a7829fe2584259f1dd0dc45cf73c5ce904fce7e61e964fb7958826f156b43be,ok,
campaign-20260925T060607Z,S20260925T060607Z,cpu2,9394a26c61de,primary,campaign-20260925T060607Z/cpu2/primary3a1/m2,3,1,2,3,0,,groth16,14,0,2026-09-25T06:42:38.695Z,53.609,38.871,433.028,14.361,11.726,539.869,539.901,2348483,b0be38259edaa109196790233512dc26d29f0e31a9506021bad97c60834e4df2,1,1,1,12582151698735550891927690128793622813383487692593364506314066026947547425304,12582151698735550891927690128793622813383487692593364506314066026947547425304,12.345,350.234,sha256:50c5f26d2c05b460aa702d89700b74f817ea4adce9d64a5abacaae7a9bb671c8,9a7829fe2584259f1dd0dc45cf73c5ce904fce7e61e964fb7958826f156b43be,ok,
campaign-20260925T060607Z,S20260925T060607Z,cpu2,9394a26c61de,primary,campaign-20260925T060607Z/cpu2/primary3a1/m3,3,1,3,3,0,,groth16,10,0,2026-09-25T06:42:39.274Z,2.743,22.023,372.856,11.274,10.777,408.896,408.915,1866675,656d9ee8dd285db6410e0a4b4317201829a1347f7cc3ef6d8de625e8f99f432a,1,1,1,5493694120516454304625833950804950714434791624469988248149691492887491269863,5493694120516454304625833950804950714434791624469988248149691492887491269863,14.086,350.355,sha256:50c5f26d2c05b460aa702d89700b74f817ea4adce9d64a5abacaae7a9bb671c8,9a7829fe2584259f1dd0dc45cf73c5ce904fce7e61e964fb7958826f156b43be,ok,
campaign-20260925T060607Z,S20260925T060607Z,cpu2,9394a26c61de,primary,campaign-20260925T060607Z/cpu2/primary3a1/m4,3,1,4,3,0,,groth16,8,0,2026-09-25T06:42:39.717Z,1.13,25.679,339.162,12.25,11.236,378.221,378.238,1625771,5ed3b83d5f5aad4ca7fa25c79bc0fa86d421d2202a7e7054079f14b9e1c2f4cd,1,1,1,4202603041571593097755192347734702907906852554209131907104891159135181794540,4202603041571593097755192347734702907906852554209131907104891159135181794540,13.213,349.613,sha256:50c5f26d2c05b460aa702d89700b74f817ea4adce9d64a5abacaae7a9bb671c8,9a7829fe2584259f1dd0dc45cf73c5ce904fce7e61e964fb7958826f156b43be,ok,
campaign-20260925T060607Z,S20260925T060607Z,cpu2,9394a26c61de,primary,campaign-20260925T060607Z/cpu2/primary3a1/m5,3,1,5,3,0,,plonk,9,0,2026-09-25T06:42:40.133Z,2.208,20.543,12163.975,7.681,7.315,12194.407,12194.423,51552184,9dc1fed4ae801e210c410e345557301925ad182187f5f64aedebb0ef6a13cf67,1,1,1,20121159957847147921812141654231982941331816397431355682788233457047980505218,20121159957847147921812141654231982941331816397431355682788233457047980505218,13.092,381.5,sha256:50c5f26d2c05b460aa702d89700b74f817ea4adce9d64a5abacaae7a9bb671c8,9a7829fe2584259f1dd0dc45cf73c5ce904fce7e61e964fb7958826f156b43be,ok,
campaign-20260925T060607Z,S20260925T060607Z,cpu2,9394a26c61de,primary,campaign-20260925T060607Z/cpu2/primary3a1/m6,3,1,6,3,0,,plonk,13,0,2026-09-25T06:42:52.354Z,24.769,31.153,23519.202,10.951,7.244,23586.074,23586.095,101596872,ecc4eb82a5958bf47b7b157e77ed7abc103fb2ebeec94211db85c4d20c7c607c,1,1,1,2070900789261900884480134887764693608718732168760920549200296856627754794354,2070900789261900884480134887764693608718732168760920549200296856627754794354,13.006,520.211,sha256:50c5f26d2c05b460aa702d89700b74f817ea4adce9d64a5abacaae7a9bb671c8,9a7829fe2584259f1dd0dc45cf73c5ce904fce7e61e964fb7958826f156b43be,ok,
campaign-20260925T060607Z,S20260925T060607Z,cpu2,9394a26c61de,primary,campaign-20260925T060607Z/cpu2/primary3a1/m7,3,1,7,3,0,,plonk,12,0,2026-09-25T06:43:15.994Z,11.1,24.936,23398.957,9.876,7.222,23444.869,23444.895,101406468,ac66b87842b1343c8548cf4e922c1ee3249b5519daa07857ea88621896f01c1d,1,1,1,1305120659341908565283217195273270415919492373288777814091321905738895669205,1305120659341908565283217195273270415919492373288777814091321905738895669205,12.856,352.375,sha256:50c5f26d2c05b460aa702d89700b74f817ea4adce9d64a5abacaae7a9bb671c8,9a7829fe2584259f1dd0dc45cf73c5ce904fce7e61e964fb7958826f156b43be,ok,
campaign-20260925T060607Z,S20260925T060607Z,cpu2,9394a26c61de,primary,campaign-20260925T060607Z/cpu2/primary3a1/m8,3,1,8,3,0,,groth16,13,0,2026-09-25T06:43:39.467Z,27.51,32.578,421.178,9.563,11.02,490.829,490.853,2228031,53cbdd1f02a65121d6c7044031c6cfa4c6ce66c0b9712dd28fe86ef4c6512c1b,1,1,1,2070900789261900884480134887764693608718732168760920549200296856627754794354,2070900789261900884480134887764693608718732168760920549200296856627754794354,16.189,355.801,sha256:50c5f26d2c05b460aa702d89700b74f817ea4adce9d64a5abacaae7a9bb671c8,9a7829fe2584259f1dd0dc45cf73c5ce904fce7e61e964fb7958826f156b43be,ok,
campaign-20260925T060607Z,S20260925T060607Z,cpu2,9394a26c61de,primary,campaign-20260925T060607Z/cpu2/primary3a1/m9,3,1,9,3,0,,groth16,7,0,2026-09-25T06:43:39.996Z,0.931,24.336,275.804,10.16,12.237,311.23,311.258,1374247,c0f6d8c4ac9fa282780a2c229d7d086f87e26be62a3eefceb9f801e5076843aa,1,1,1,6834760395900399403843817083005722754930321299301222295483199499696193022453,6834760395900399403843817083005722754930321299301222295483199499696193022453,13.982,329.594,sha256:50c5f26d2c05b460aa702d89700b74f817ea4adce9d64a5abacaae7a9bb671c8,9a7829fe2584259f1dd0dc45cf73c5ce904fce7e61e964fb7958826f156b43be,ok,
campaign-20260925T060607Z,S20260925T060607Z,cpu2,9394a26c61de,primary,campaign-20260925T060607Z/cpu2/primary3a1/m10,3,1,10,3,0,,plonk,5,0,2026-09-25T06:43:40.345Z,1.175,26.261,12936.25,9.22,7.327,12972.906,12972.925,50790568,8b7d89ef154d0704a4a5fb8df978ea728f0decad61374b1d3a80a026ad357fec,1,1,1,8772061116891597512098326450504850663371859585885077427179882578819842555696,8772061116891597512098326450504850663371859585885077427179882578819842555696,12.848,401.945,sha256:50c5f26d2c05b460aa702d89700b74f817ea4adce9d64a5abacaae7a9bb671c8,9a7829fe2584259f1dd0dc45cf73c5ce904fce7e61e964fb7958826f156b43be,ok,
campaign-20260925T060607Z,S20260925T060607Z,cpu2,9394a26c61de,primary,campaign-20260925T060607Z/cpu2/primary3a1/m11,3,1,11,3,0,,plonk,6,0,2026-09-25T06:43:53.351Z,1.443,25.607,12232.353,11.127,7.275,12270.529,12270.545,50980972,75b0f7800ba9bbd996a5aba5e02258e755536462dae72897fb9805a733486612,1,1,1,4563221289370828604205089111471170542583263583412968862519466540084840336910,4563221289370828604205089111471170542583263583412968862519466540084840336910,13.167,404.164,sha256:50c5f26d2c05b460aa702d89700b74f817ea4adce9d64a5abacaae7a9bb671c8,9a7829fe2584259f1dd0dc45cf73c5ce904fce7e61e964fb7958826f156b43be,ok,
campaign-20260925T060607Z,S20260925T060607Z,cpu2,9394a26c61de,primary,campaign-20260925T060607Z/cpu2/primary3a1/m12,3,1,12,3,0,,groth16,5,0,2026-09-25T06:44:05.647Z,0.844,27.562,256.783,10.133,9.649,295.321,295.351,1133343,41c7636150900ee72cf6323930dd506bd0fc015a94a20905cc61c856b4fe919a,1,1,1,8772061116891597512098326450504850663371859585885077427179882578819842555696,8772061116891597512098326450504850663371859585885077427179882578819842555696,14.204,379.574,sha256:50c5f26d2c05b460aa702d89700b74f817ea4adce9d64a5abacaae7a9bb671c8,9a7829fe2584259f1dd0dc45cf73c5ce904fce7e61e964fb7958826f156b43be,ok,
campaign-20260925T060607Z,S20260925T060607Z,cpu2,9394a26c61de,primary,campaign-20260925T060607Z/cpu2/primary3a1/m13,3,1,13,3,0,,plonk,7,0,2026-09-25T06:44:05.979Z,0.941,24.146,12271.556,10.12,7.729,12306.764,12306.794,51171376,e601552aba9f4692ef0f1d2d75ceade0e48da52ddad45690306a402c03eb810f,1,1,1,6834760395900399403843817083005722754930321299301222295483199499696193022453,6834760395900399403843817083005722754930321299301222295483199499696193022453,12.947,404.215,sha256:50c5f26d2c05b460aa702d89700b74f817ea4adce9d64a5abacaae7a9bb671c8,9a7829fe2584259f1dd0dc45cf73c5ce904fce7e61e964fb7958826f156b43be,ok,
campaign-20260925T060607Z,S20260925T060607Z,cpu2,9394a26c61de,primary,campaign-20260925T060607Z/cpu2/primary3a1/m14,3,1,14,3,0,,groth16,6,0,2026-09-25T06:44:18.314Z,0.798,19.535,297.15,11.362,11.013,328.844,328.871,1253795,ea2368c5701f4885dc1bd9120ebd0b3419c495066983d2c215030506b1968bd4,1,1,1,4563221289370828604205089111471170542583263583412968862519466540084840336910,4563221289370828604205089111471170542583263583412968862519466540084840336910,14.196,379.945,sha256:50c5f26d2c05b460aa702d89700b74f817ea4adce9d64a5abacaae7a9bb671c8,9a7829fe2584259f1dd0dc45cf73c5ce904fce7e61e964fb7958826f156b43be,ok,
campaign-20260925T060607Z,S20260925T060607Z,cpu2,9394a26c61de,primary,campaign-20260925T060607Z/cpu2/primary3a1/m15,3,1,15,3,0,,groth16,11,0,2026-09-25T06:44:18.678Z,7.055,27.833,383.707,11.705,9.408,430.299,430.319,1987127,1241508317856e8cb42cf71f43cafeb13e26a2553d595182aefca30b78a5b754,1,1,1,13741875541804146615197212471377989082753334180286662970428373142262333549779,13741875541804146615197212471377989082753334180286662970428373142262333549779,14.236,381.695,sha256:50c5f26d2c05b460aa702d89700b74f817ea4adce9d64a5abacaae7a9bb671c8,9a7829fe2584259f1dd0dc45cf73c5ce904fce7e61e964fb7958826f156b43be,ok,
campaign-20260925T060607Z,S20260925T060607Z,cpu2,9394a26c61de,primary,campaign-20260925T060607Z/cpu2/primary3a1/m16,3,1,16,3,0,,plonk,10,0,2026-09-25T06:44:19.142Z,3.926,27.428,12203.378,10.042,8.508,12244.774,12244.79,51742588,bebeabf9a0c71095a0054d8bd4225201a55744b4b0560ef0825703d4931d0ced,1,1,1,5493694120516454304625833950804950714434791624469988248149691492887491269863,5493694120516454304625833950804950714434791624469988248149691492887491269863,13.17,404.648,sha256:50c5f26d2c05b460aa702d89700b74f817ea4adce9d64a5abacaae7a9bb671c8,9a7829fe2584259f1dd0dc45cf73c5ce904fce7e61e964fb7958826f156b43be,ok,
campaign-20260925T060607Z,S20260925T060607Z,cpu2,9394a26c61de,primary,campaign-20260925T060607Z/cpu2/primary3a1/m17,3,1,17,3,0,,plonk,14,0,2026-09-25T06:44:31.415Z,49.307,27.502,23625.619,10.068,8.298,23712.496,23712.52,101787276,61d7365d9163bc99ded1dfbd03499b9283c2947715292debbde41b3796b6b916,1,1,1,12582151698735550891927690128793622813383487692593364506314066026947547425304,12582151698735550891927690128793622813383487692593364506314066026947547425304,13.033,472.504,sha256:50c5f26d2c05b460aa702d89700b74f817ea4adce9d64a5abacaae7a9bb671c8,9a7829fe2584259f1dd0dc45cf73c5ce904fce7e61e964fb7958826f156b43be,ok,
campaign-20260925T060607Z,S20260925T060607Z,cpu2,9394a26c61de,primary,campaign-20260925T060607Z/cpu2/primary3a1/m18,3,1,18,3,0,,plonk,8,0,2026-09-25T06:44:55.155Z,1.739,27.484,12260.338,11.241,7.202,12300.803,12300.819,51361780,42dce5eab9336cf59161d106dd2c9da704b3a453c67dc5f6a284a94331eca87c,1,1,1,4202603041571593097755192347734702907906852554209131907104891159135181794540,4202603041571593097755192347734702907906852554209131907104891159135181794540,13.325,400.617,sha256:50c5f26d2c05b460aa702d89700b74f817ea4adce9d64a5abacaae7a9bb671c8,9a7829fe2584259f1dd0dc45cf73c5ce904fce7e61e964fb7958826f156b43be,ok,
campaign-20260925T060607Z,S20260925T060607Z,cpu2,9394a26c61de,primary,campaign-20260925T060607Z/cpu2/primary3a1/m19,3,1,19,3,0,,groth16,12,0,2026-09-25T06:45:07.482Z,9.31,22.84,402.793,10.298,10.09,445.241,445.272,2107579,3fdb01845d81a3cdbbba88fcf45b948195abf01ba68c30be8a5f3e3546d4e81e,1,1,1,1305120659341908565283217195273270415919492373288777814091321905738895669205,1305120659341908565283217195273270415919492373288777814091321905738895669205,14.125,376.172,sha256:50c5f26d2c05b460aa702d89700b74f817ea4adce9d64a5abacaae7a9bb671c8,9a7829fe2584259f1dd0dc45cf73c5ce904fce7e61e964fb7958826f156b43be,ok,
campaign-20260925T060607Z,S20260925T060607Z,cpu2,9394a26c61de,primary,campaign-20260925T060607Z/cpu2/primary3a1/m20,3,1,20,3,0,,groth16,9,0,2026-09-25T06:45:07.962Z,1.824,25.158,344.037,16.936,9.936,387.955,387.97,1746223,b211630d00c7c2d0e5309876a16c72ad66909d7301385d4da830c4a8d71e391e,1,1,1,20121159957847147921812141654231982941331816397431355682788233457047980505218,20121159957847147921812141654231982941331816397431355682788233457047980505218,13.79,375.434,sha256:50c5f26d2c05b460aa702d89700b74f817ea4adce9d64a5abacaae7a9bb671c8,9a7829fe2584259f1dd0dc45cf73c5ce904fce7e61e964fb7958826f156b43be,ok,
campaign-20260925T060607Z,S20260925T060607Z,cpu2,9394a26c61de,primary,campaign-20260925T060607Z/cpu2/primary3a1/m21,3,1,21,3,0,,plonk,11,0,2026-09-25T06:45:08.384Z,6.43,23.533,23521.395,9.022,8.322,23560.38,23560.413,101216064,55b85a8c273635d0f8f2cdda0e7ce81b35231792d5212b770681d612dbf1c56a,1,1,1,13741875541804146615197212471377989082753334180286662970428373142262333549779,13741875541804146615197212471377989082753334180286662970428373142262333549779,13.261,407.648,sha256:50c5f26d2c05b460aa702d89700b74f817ea4adce9d64a5abacaae7a9bb671c8,9a7829fe2584259f1dd0dc45cf73c5ce904fce7e61e964fb7958826f156b43be,ok,
campaign-20260925T060607Z,S20260925T060607Z,cpu2,9394a26c61de,primary,campaign-20260925T060607Z/cpu2/primary3a1/m22,3,1,22,3,0,,plonk,15,0,2026-09-25T06:45:31.973Z,112.633,33.795,23338.579,10.126,7.165,23495.133,23495.159,101977680,590ecdca303cbdece71bd9566d50ed9ad6168b343d2955edb57da417b966d08b,1,1,1,16175814224772832097117886582757018531876340808696504341109560169071733404932,16175814224772832097117886582757018531876340808696504341109560169071733404932,13.265,355.035,sha256:50c5f26d2c05b460aa702d89700b74f817ea4adce9d64a5abacaae7a9bb671c8,9a7829fe2584259f1dd0dc45cf73c5ce904fce7e61e964fb7958826f156b43be,ok,
campaign-20260925T060607Z,S20260925T060607Z,cpu2,ebeb5624e96a,primary,campaign-20260925T060607Z/cpu2/primary4a1/in_process1,4,1,1,4,1,in_process,groth16,5,0,2026-09-25T06:48:54.826Z,0.525,22.928,421.283,12.204,12.361,456.94,456.956,1133343,41c7636150900ee72cf6323930dd506bd0fc015a94a20905cc61c856b4fe919a,1,1,1,8772061116891597512098326450504850663371859585885077427179882578819842555696,8772061116891597512098326450504850663371859585885077427179882578819842555696,19.537,195.293,sha256:50c5f26d2c05b460aa702d89700b74f817ea4adce9d64a5abacaae7a9bb671c8,9a7829fe2584259f1dd0dc45cf73c5ce904fce7e61e964fb7958826f156b43be,ok,
campaign-20260925T060607Z,S20260925T060607Z,cpu2,ebeb5624e96a,primary,campaign-20260925T060607Z/cpu2/primary4a1/in_process2,4,1,2,4,1,in_process,plonk,5,0,2026-09-25T06:48:55.324Z,0.615,22.055,12080.187,7.92,8.643,12110.777,12110.796,50790568,8b7d89ef154d0704a4a5fb8df978ea728f0decad61374b1d3a80a026ad357fec,1,1,1,8772061116891597512098326450504850663371859585885077427179882578819842555696,8772061116891597512098326450504850663371859585885077427179882578819842555696,14.045,374.57,sha256:50c5f26d2c05b460aa702d89700b74f817ea4adce9d64a5abacaae7a9bb671c8,9a7829fe2584259f1dd0dc45cf73c5ce904fce7e61e964fb7958826f156b43be,ok,
campaign-20260925T060607Z,S20260925T060607Z,cpu2,ebeb5624e96a,primary,campaign-20260925T060607Z/cpu2/primary4a1/m1,4,1,1,4,0,,plonk,13,0,2026-09-25T06:49:07.465Z,24.748,34.481,23066.196,9.041,8.542,23134.466,23134.501,101596872,ecc4eb82a5958bf47b7b157e77ed7abc103fb2ebeec94211db85c4d20c7c607c,1,1,1,2070900789261900884480134887764693608718732168760920549200296856627754794354,2070900789261900884480134887764693608718732168760920549200296856627754794354,13.599,505.16,sha256:50c5f26d2c05b460aa702d89700b74f817ea4adce9d64a5abacaae7a9bb671c8,9a7829fe2584259f1dd0dc45cf73c5ce904fce7e61e964fb7958826f156b43be,ok,
campaign-20260925T060607Z,S20260925T060607Z,cpu2,ebeb5624e96a,primary,campaign-20260925T060607Z/cpu2/primary4a1/m2,4,1,2,4,0,,groth16,5,0,2026-09-25T06:49:30.629Z,0.771,23.309,248.817,16.71,11.271,289.607,289.636,1133343,41c7636150900ee72cf6323930dd506bd0fc015a94a20905cc61c856b4fe919a,1,1,1,8772061116891597512098326450504850663371859585885077427179882578819842555696,8772061116891597512098326450504850663371859585885077427179882578819842555696,14.467,479.102,sha256:50c5f26d2c05b460aa702d89700b74f817ea4adce9d64a5abacaae7a9bb671c8,9a7829fe2584259f1dd0dc45cf73c5ce904fce7e61e964fb7958826f156b43be,ok,
campaign-20260925T060607Z,S20260925T060607Z,cpu2,ebeb5624e96a,primary,campaign-20260925T060607Z/cpu2/primary4a1/m3,4,1,3,4,0,,groth16,15,0,2026-09-25T06:49:30.957Z,120.613,27.372,504.173,14.221,10.431,666.379,666.417,2468935,d6be53096894f276c29d0702fcead9cafd5a510db26c6b563aa91a72f3a7c974,1,1,1,16175814224772832097117886582757018531876340808696504341109560169071733404932,16175814224772832097117886582757018531876340808696504341109560169071733404932,15.048,482.465,sha256:50c5f26d2c05b460aa702d89700b74f817ea4adce9d64a5abacaae7a9bb671c8,9a7829fe2584259f1dd0dc45cf73c5ce904fce7e61e964fb7958826f156b43be,ok,
campaign-20260925T060607Z,S20260925T060607Z,cpu2,ebeb5624e96a,primary,campaign-20260925T060607Z/cpu2/primary4a1/m4,4,1,4,4,0,,groth16,7,0,2026-09-25T06:49:31.659Z,0.817,23.055,294.262,12.405,10.607,330.54,330.555,1374247,c0f6d8c4ac9fa282780a2c229d7d086f87e26be62a3eefceb9f801e5076843aa,1,1,1,6834760395900399403843817083005722754930321299301222295483199499696193022453,6834760395900399403843817083005722754930321299301222295483199499696193022453,14.049,482.188,sha256:50c5f26d2c05b460aa702d89700b74f817ea4adce9d64a5abacaae7a9bb671c8,9a7829fe2584259f1dd0dc45cf73c5ce904fce7e61e964fb7958826f156b43be,ok,
campaign-20260925T060607Z,S20260925T060607Z,cpu2,ebeb5624e96a,primary,campaign-20260925T060607Z/cpu2/primary4a1/m5,4,1,5,4,0,,plonk,9,0,2026-09-25T06:49:32.024Z,1.69,23.096,12012.094,10.835,7.251,12047.714,12047.731,51552184,9dc1fed4ae801e210c410e345557301925ad182187f5f64aedebb0ef6a13cf67,1,1,1,20121159957847147921812141654231982941331816397431355682788233457047980505218,20121159957847147921812141654231982941331816397431355682788233457047980505218,13.801,507.992,sha256:50c5f26d2c05b460aa702d89700b74f817ea4adce9d64a5abacaae7a9bb671c8,9a7829fe2584259f1dd0dc45cf73c5ce904fce7e61e964fb7958826f156b43be,ok,
campaign-20260925T060607Z,S20260925T060607Z,cpu2,ebeb5624e96a,primary,campaign-20260925T060607Z/cpu2/primary4a1/m6,4,1,6,4,0,,plonk,5,0,2026-09-25T06:49:44.098Z,0.759,28.556,11890.7,10.987,7.738,11931.003,11931.021,50790568,8b7d89ef154d0704a4a5fb8df978ea728f0decad61374b1d3a80a026ad357fec,1,1,1,8772061116891597512098326450504850663371859585885077427179882578819842555696,8772061116891597512098326450504850663371859585885077427179882578819842555696,13.511,508.289,sha256:50c5f26d2c05b460aa702d89700b74f817ea4adce9d64a5abacaae7a9bb671c8,9a7829fe2584259f1dd0dc45cf73c5ce904fce7e61e964fb7958826f156b43be,ok,
campaign-20260925T060607Z,S20260925T060607Z,cpu2,ebeb5624e96a,primary,campaign-20260925T060607Z/cpu2/primary4a1/m7,4,1,7,4,0,,plonk,15,0,2026-09-25T06:49:56.056Z,106.205,34.999,23126.733,10.126,8.583,23278.063,23278.089,101977680,590ecdca303cbdece71bd9566d50ed9ad6168b343d2955edb57da417b966d08b,1,1,1,16175814224772832097117886582757018531876340808696504341109560169071733404932,16175814224772832097117886582757018531876340808696504341109560169071733404932,13.528,519.164,sha256:50c5f26d2c05b460aa702d89700b74f817ea4adce9d64a5abacaae7a9bb671c8,9a7829fe2584259f1dd0dc45cf73c5ce904fce7e61e964fb7958826f156b43be,ok,
campaign-20260925T060607Z,S20260925T060607Z,cpu2,ebeb5624e96a,primary,campaign-20260925T060607Z/cpu2/primary4a1/m8,4,1,8,4,0,,plonk,7,0,2026-09-25T06:50:19.362Z,0.946,22.778,12027.385,9.233,7.313,12060.341,12060.357,51171376,e601552aba9f4692ef0f1d2d75ceade0e48da52ddad45690306a402c03eb810f,1,1,1,6834760395900399403843817083005722754930321299301222295483199499696193022453,6834760395900399403843817083005722754930321299301222295483199499696193022453,13.441,521.027,sha256:50c5f26d2c05b460aa702d89700b74f817ea4adce9d64a5abacaae7a9bb671c8,9a7829fe2584259f1dd0dc45cf73c5ce904fce7e61e964fb7958826f156b43be,ok,
campaign-20260925T060607Z,S20260925T060607Z,cpu2,ebeb5624e96a,primary,campaign-20260925T060607Z/cpu2/primary4a1/m9,4,1,9,4,0,,plonk,8,0,2026-09-25T06:50:31.449Z,1.2,23.586,12053.747,10.031,7.309,12088.565,12088.581,51361780,42dce5eab9336cf59161d106dd2c9da704b3a453c67dc5f6a284a94331eca87c,1,1,1,4202603041571593097755192347734702907906852554209131907104891159135181794540,4202603041571593097755192347734702907906852554209131907104891159135181794540,13.578,521.23,sha256:50c5f26d2c05b460aa702d89700b74f817ea4adce9d64a5abacaae7a9bb671c8,9a7829fe2584259f1dd0dc45cf73c5ce904fce7e61e964fb7958826f156b43be,ok,
campaign-20260925T060607Z,S20260925T060607Z,cpu2,ebeb5624e96a,primary,campaign-20260925T060607Z/cpu2/primary4a1/m10,4,1,10,4,0,,groth16,13,0,2026-09-25T06:50:43.566Z,25.113,30.435,437.801,12.779,10.407,506.128,506.159,2228031,53cbdd1f02a65121d6c7044031c6cfa4c6ce66c0b9712dd28fe86ef4c6512c1b,1,1,1,2070900789261900884480134887764693608718732168760920549200296856627754794354,2070900789261900884480134887764693608718732168760920549200296856627754794354,15.037,496.523,sha256:50c5f26d2c05b460aa702d89700b74f817ea4adce9d64a5abacaae7a9bb671c8,9a7829fe2584259f1dd0dc45cf73c5ce904fce7e61e964fb7958826f156b43be,ok,
campaign-20260925T060607Z,S20260925T060607Z,cpu2,ebeb5624e96a,primary,campaign-20260925T060607Z/cpu2/primary4a1/m11,4,1,11,4,0,,groth16,9,0,2026-09-25T06:50:44.107Z,1.972,28.899,371.353,12.735,9.569,414.959,414.976,1746223,b211630d00c7c2d0e5309876a16c72ad66909d7301385d4da830c4a8d71e391e,1,1,1,20121159957847147921812141654231982941331816397431355682788233457047980505218,20121159957847147921812141654231982941331816397431355682788233457047980505218,14.825,496.414,sha256:50c5f26d2c05b460aa702d89700b74f817ea4adce9d64a5abacaae7a9bb671c8,9a7829fe2584259f1dd0dc45cf73c5ce904fce7e61e964fb7958826f156b43be,ok,
campaign-20260925T060607Z,S20260925T060607Z,cpu2,ebeb5624e96a,primary,campaign-20260925T060607Z/cpu2/primary4a1/m12,4,1,12,4,0,,plonk,12,0,2026-09-25T06:50:44.556Z,17.897,32.956,23112.58,10.234,8.584,23173.667,23173.689,101406468,ac66b87842b1343c8548cf4e922c1ee3249b5519daa07857ea88621896f01c1d,1,1,1,1305120659341908565283217195273270415919492373288777814091321905738895669205,1305120659341908565283217195273270415919492373288777814091321905738895669205,13.517,523.66,sha256:50c5f26d2c05b460aa702d89700b74f817ea4adce9d64a5abacaae7a9bb671c8,9a7829fe2584259f1dd0dc45cf73c5ce904fce7e61e964fb7958826f156b43be,ok,
campaign-20260925T060607Z,S20260925T060607Z,cpu2,ebeb5624e96a,primary,campaign-20260925T060607Z/cpu2/primary4a1/m13,4,1,13,4,0,,plonk,6,0,2026-09-25T06:51:07.758Z,1.426,22.249,11945.082,7.742,8.544,11976.499,11976.515,50980972,75b0f7800ba9bbd996a5aba5e02258e755536462dae72897fb9805a733486612,1,1,1,4563221289370828604205089111471170542583263583412968862519466540084840336910,4563221289370828604205089111471170542583263583412968862519466540084840336910,13.646,524.094,sha256:50c5f26d2c05b460aa702d89700b74f817ea4adce9d64a5abacaae7a9bb671c8,9a7829fe2584259f1dd0dc45cf73c5ce904fce7e61e964fb7958826f156b43be,ok,
campaign-20260925T060607Z,S20260925T060607Z,cpu2,ebeb5624e96a,primary,campaign-20260925T060607Z/cpu2/primary4a1/m14,4,1,14,4,0,,groth16,8,0,2026-09-25T06:51:19.763Z,1.371,23.134,314.891,12.376,11.484,351.771,351.787,1625771,5ed3b83d5f5aad4ca7fa25c79bc0fa86d421d2202a7e7054079f14b9e1c2f4cd,1,1,1,4202603041571593097755192347734702907906852554209131907104891159135181794540,4202603041571593097755192347734702907906852554209131907104891159135181794540,13.933,499.172,sha256:50c5f26d2c05b460aa702d89700b74f817ea4adce9d64a5abacaae7a9bb671c8,9a7829fe2584259f1dd0dc45cf73c5ce904fce7e61e964fb7958826f156b43be,ok,
campaign-20260925T060607Z,S20260925T060607Z,cpu2,ebeb5624e96a,primary,campaign-20260925T060607Z/cpu2/primary4a1/m15,4,1,15,4,0,,groth16,6,0,2026-09-25T06:51:20.151Z,0.682,23.4,299.423,10.825,10.025,334.331,334.345,1253795,ea2368c5701f4885dc1bd9120ebd0b3419c495066983d2c215030506b1968bd4,1,1,1,4563221289370828604205089111471170542583263583412968862519466540084840336910,4563221289370828604205089111471170542583263583412968862519466540084840336910,13.433,504.25,sha256:50c5f26d2c05b460aa702d89700b74f817ea4adce9d64a5abacaae7a9bb671c8,9a7829fe2584259f1dd0dc45cf73c5ce904fce7e61e964fb7958826f156b43be,ok,
campaign-20260925T060607Z,S20260925T060607Z,cpu2,ebeb5624e96a,primary,campaign-20260925T060607Z/cpu2/primary4a1/m16,4,1,16,4,0,,groth16,11,0,2026-09-25T06:51:20.521Z,6.683,30.193,360.047,10.913,10.245,407.836,407.857,1987127,1241508317856e8cb42cf71f43cafeb13e26a2553d595182aefca30b78a5b754,1,1,1,13741875541804146615197212471377989082753334180286662970428373142262333549779,13741875541804146615197212471377989082753334180286662970428373142262333549779,15.159,499.984,sha256:50c5f26d2c05b460aa702d89700b74f817ea4adce9d64a5abacaae7a9bb671c8,9a7829fe2584259f1dd0dc45cf73c5ce904fce7e61e964fb7958826f156b43be,ok,
campaign-20260925T060607Z,S20260925T060607Z,cpu2,ebeb5624e96a,primary,campaign-20260925T060607Z/cpu2/primary4a1/m17,4,1,17,4,0,,groth16,14,0,2026-09-25T06:51:20.962Z,59.236,29.893,439.296,11.799,9.917,540.224,540.245,2348483,b0be38259edaa109196790233512dc26d29f0e31a9506021bad97c60834e4df2,1,1,1,12582151698735550891927690128793622813383487692593364506314066026947547425304,12582151698735550891927690128793622813383487692593364506314066026947547425304,14.866,499.613,sha256:50c5f26d2c05b460aa702d89700b74f817ea4adce9d64a5abacaae7a9bb671c8,9a7829fe2584259f1dd0dc45cf73c5ce904fce7e61e964fb7958826f156b43be,ok,
campaign-20260925T060607Z,S20260925T060607Z,cpu2,ebeb5624e96a,primary,campaign-20260925T060607Z/cpu2/primary4a1/m18,4,1,18,4,0,,plonk,11,0,2026-09-25T06:51:21.536Z,6.28,21.777,23140.082,10.182,8.483,23178.321,23178.343,101216064,55b85a8c273635d0f8f2cdda0e7ce81b35231792d5212b770681d612dbf1c56a,1,1,1,13741875541804146615197212471377989082753334180286662970428373142262333549779,13741875541804146615197212471377989082753334180286662970428373142262333549779,13.594,526.238,sha256:50c5f26d2c05b460aa702d89700b74f817ea4adce9d64a5abacaae7a9bb671c8,9a7829fe2584259f1dd0dc45cf73c5ce904fce7e61e964fb7958826f156b43be,ok,
campaign-20260925T060607Z,S20260925T060607Z,cpu2,ebeb5624e96a,primary,campaign-20260925T060607Z/cpu2/primary4a1/m19,4,1,19,4,0,,plonk,14,0,2026-09-25T06:51:44.743Z,44.23,24.887,23307.641,9.939,7.261,23386.696,23386.725,101787276,61d7365d9163bc99ded1dfbd03499b9283c2947715292debbde41b3796b6b916,1,1,1,12582151698735550891927690128793622813383487692593364506314066026947547425304,12582151698735550891927690128793622813383487692593364506314066026947547425304,13.649,476.871,sha256:50c5f26d2c05b460aa702d89700b74f817ea4adce9d64a5abacaae7a9bb671c8,9a7829fe2584259f1dd0dc45cf73c5ce904fce7e61e964fb7958826f156b43be,ok,
campaign-20260925T060607Z,S20260925T060607Z,cpu2,ebeb5624e96a,primary,campaign-20260925T060607Z/cpu2/primary4a1/m20,4,1,20,4,0,,plonk,10,0,2026-09-25T06:52:08.157Z,2.945,25.433,12047.79,11.838,7.202,12088.006,12088.025,51742588,bebeabf9a0c71095a0054d8bd4225201a55744b4b0560ef0825703d4931d0ced,1,1,1,5493694120516454304625833950804950714434791624469988248149691492887491269863,5493694120516454304625833950804950714434791624469988248149691492887491269863,13.855,476.883,sha256:50c5f26d2c05b460aa702d89700b74f817ea4adce9d64a5abacaae7a9bb671c8,9a7829fe2584259f1dd0dc45cf73c5ce904fce7e61e964fb7958826f156b43be,ok,
campaign-20260925T060607Z,S20260925T060607Z,cpu2,ebeb5624e96a,primary,campaign-20260925T060607Z/cpu2/primary4a1/m21,4,1,21,4,0,,groth16,10,0,2026-09-25T06:52:20.270Z,2.864,21.351,365.872,11.9,10.698,401.986,402.003,1866675,656d9ee8dd285db6410e0a4b4317201829a1347f7cc3ef6d8de625e8f99f432a,1,1,1,5493694120516454304625833950804950714434791624469988248149691492887491269863,5493694120516454304625833950804950714434791624469988248149691492887491269863,14.965,452.27,sha256:50c5f26d2c05b460aa702d89700b74f817ea4adce9d64a5abacaae7a9bb671c8,9a7829fe2584259f1dd0dc45cf73c5ce904fce7e61e964fb7958826f156b43be,ok,
campaign-20260925T060607Z,S20260925T060607Z,cpu2,ebeb5624e96a,primary,campaign-20260925T060607Z/cpu2/primary4a1/m22,4,1,22,4,0,,groth16,12,0,2026-09-25T06:52:20.709Z,15.945,26.557,419.528,9.973,11.597,472.003,472.026,2107579,3fdb01845d81a3cdbbba88fcf45b948195abf01ba68c30be8a5f3e3546d4e81e,1,1,1,1305120659341908565283217195273270415919492373288777814091321905738895669205,1305120659341908565283217195273270415919492373288777814091321905738895669205,13.148,452.563,sha256:50c5f26d2c05b460aa702d89700b74f817ea4adce9d64a5abacaae7a9bb671c8,9a7829fe2584259f1dd0dc45cf73c5ce904fce7e61e964fb7958826f156b43be,ok,
campaign-20260925T060607Z,S20260925T060607Z,cpu2,39ae73f60d14,primary,campaign-20260925T060607Z/cpu2/primary5a1/in_process1,5,1,1,5,1,in_process,groth16,5,0,2026-09-25T07:00:50.175Z,0.511,23.218,362.465,10.717,12.603,396.912,396.943,1133343,41c7636150900ee72cf6323930dd506bd0fc015a94a20905cc61c856b4fe919a,1,1,1,8772061116891597512098326450504850663371859585885077427179882578819842555696,8772061116891597512098326450504850663371859585885077427179882578819842555696,18.003,199.035,sha256:50c5f26d2c05b460aa702d89700b74f817ea4adce9d64a5abacaae7a9bb671c8,9a7829fe2584259f1dd0dc45cf73c5ce904fce7e61e964fb7958826f156b43be,ok,
campaign-20260925T060607Z,S20260925T060607Z,cpu2,39ae73f60d14,primary,campaign-20260925T060607Z/cpu2/primary5a1/in_process2,5,1,2,5,1,in_process,plonk,5,0,2026-09-25T07:00:50.621Z,1.342,20.767,12197.191,8.86,7.388,12228.16,12228.178,50790568,8b7d89ef154d0704a4a5fb8df978ea728f0decad61374b1d3a80a026ad357fec,1,1,1,8772061116891597512098326450504850663371859585885077427179882578819842555696,8772061116891597512098326450504850663371859585885077427179882578819842555696,15.285,370.25,sha256:50c5f26d2c05b460aa702d89700b74f817ea4adce9d64a5abacaae7a9bb671c8,9a7829fe2584259f1dd0dc45cf73c5ce904fce7e61e964fb7958826f156b43be,ok,
campaign-20260925T060607Z,S20260925T060607Z,cpu2,39ae73f60d14,primary,campaign-20260925T060607Z/cpu2/primary5a1/m1,5,1,1,5,0,,plonk,8,0,2026-09-25T07:01:02.877Z,1.193,27.359,12298.691,10.821,7.867,12338.064,12338.087,51361780,42dce5eab9336cf59161d106dd2c9da704b3a453c67dc5f6a284a94331eca87c,1,1,1,4202603041571593097755192347734702907906852554209131907104891159135181794540,4202603041571593097755192347734702907906852554209131907104891159135181794540,14.543,305.641,sha256:50c5f26d2c05b460aa702d89700b74f817ea4adce9d64a5abacaae7a9bb671c8,9a7829fe2584259f1dd0dc45cf73c5ce904fce7e61e964fb7958826f156b43be,ok,
campaign-20260925T060607Z,S20260925T060607Z,cpu2,39ae73f60d14,primary,campaign-20260925T060607Z/cpu2/primary5a1/m2,5,1,2,5,0,,groth16,7,0,2026-09-25T07:01:15.245Z,0.859,25.318,322.461,12.938,10.229,361.576,361.595,1374247,c0f6d8c4ac9fa282780a2c229d7d086f87e26be62a3eefceb9f801e5076843aa,1,1,1,6834760395900399403843817083005722754930321299301222295483199499696193022453,6834760395900399403843817083005722754930321299301222295483199499696193022453,15.481,280.773,sha256:50c5f26d2c05b460aa702d89700b74f817ea4adce9d64a5abacaae7a9bb671c8,9a7829fe2584259f1dd0dc45cf73c5ce904fce7e61e964fb7958826f156b43be,ok,
campaign-20260925T060607Z,S20260925T060607Z,cpu2,39ae73f60d14,primary,campaign-20260925T060607Z/cpu2/primary5a1/m3,5,1,3,5,0,,plonk,15,0,2026-09-25T07:01:15.643Z,123.152,32.483,24114.279,10.899,7.278,24280.813,24280.846,101977680,590ecdca303cbdece71bd9566d50ed9ad6168b343d2955edb57da417b966d08b,1,1,1,16175814224772832097117886582757018531876340808696504341109560169071733404932,16175814224772832097117886582757018531876340808696504341109560169071733404932,14.45,380.109,sha256:50c5f26d2c05b460aa702d89700b74f817ea4adce9d64a5abacaae7a9bb671c8,9a7829fe2584259f1dd0dc45cf73c5ce904fce7e61e964fb7958826f156b43be,ok,
campaign-20260925T060607Z,S20260925T060607Z,cpu2,39ae73f60d14,primary,campaign-20260925T060607Z/cpu2/primary5a1/m4,5,1,4,5,0,,groth16,8,0,2026-09-25T07:01:39.952Z,1.179,23.3,325.044,10.808,11.069,360.331,360.346,1625771,5ed3b83d5f5aad4ca7fa25c79bc0fa86d421d2202a7e7054079f14b9e1c2f4cd,1,1,1,4202603041571593097755192347734702907906852554209131907104891159135181794540,4202603041571593097755192347734702907906852554209131907104891159135181794540,14.437,356.52,sha256:50c5f26d2c05b460aa702d89700b74f817ea4adce9d64a5abacaae7a9bb671c8,9a7829fe2584259f1dd0dc45cf73c5ce904fce7e61e964fb7958826f156b43be,ok,
campaign-20260925T060607Z,S20260925T060607Z,cpu2,39ae73f60d14,primary,campaign-20260925T060607Z/cpu2/primary5a1/m5,5,1,5,5,0,,plonk,10,0,2026-09-25T07:01:40.350Z,2.75,28.648,12223.677,10.027,7.306,12265.102,12265.125,51742588,bebeabf9a0c71095a0054d8bd4225201a55744b4b0560ef0825703d4931d0ced,1,1,1,5493694120516454304625833950804950714434791624469988248149691492887491269863,5493694120516454304625833950804950714434791624469988248149691492887491269863,14.619,406.797,sha256:50c5f26d2c05b460aa702d89700b74f817ea4adce9d64a5abacaae7a9bb671c8,9a7829fe2584259f1dd0dc45cf73c5ce904fce7e61e964fb7958826f156b43be,ok,
campaign-20260925T060607Z,S20260925T060607Z,cpu2,39ae73f60d14,primary,campaign-20260925T060607Z/cpu2/primary5a1/m6,5,1,6,5,0,,plonk,9,0,2026-09-25T07:01:52.642Z,1.864,23.868,12387.402,10.775,8.563,12423.909,12423.927,51552184,9dc1fed4ae801e210c410e345557301925ad182187f5f64aedebb0ef6a13cf67,1,1,1,20121159957847147921812141654231982941331816397431355682788233457047980505218,20121159957847147921812141654231982941331816397431355682788233457047980505218,14.55,407.785,sha256:50c5f26d2c05b460aa702d89700b74f817ea4adce9d64a5abacaae7a9bb671c8,9a7829fe2584259f1dd0dc45cf73c5ce904fce7e61e964fb7958826f156b43be,ok,
campaign-20260925T060607Z,S20260925T060607Z,cpu2,39ae73f60d14,primary,campaign-20260925T060607Z/cpu2/primary5a1/m7,5,1,7,5,0,,groth16,12,0,2026-09-25T07:02:05.095Z,9.809,26.997,414.073,12.537,12.673,463.416,463.438,2107579,3fdb01845d81a3cdbbba88fcf45b948195abf01ba68c30be8a5f3e3546d4e81e,1,1,1,1305120659341908565283217195273270415919492373288777814091321905738895669205,1305120659341908565283217195273270415919492373288777814091321905738895669205,18.019,410.828,sha256:50c5f26d2c05b460aa702d89700b74f817ea4adce9d64a5abacaae7a9bb671c8,9a7829fe2584259f1dd0dc45cf73c5ce904fce7e61e964fb7958826f156b43be,ok,
campaign-20260925T060607Z,S20260925T060607Z,cpu2,39ae73f60d14,primary,campaign-20260925T060607Z/cpu2/primary5a1/m8,5,1,8,5,0,,groth16,13,0,2026-09-25T07:02:05.602Z,27.602,38.354,445.386,12.854,10.469,524.196,524.22,2228031,53cbdd1f02a65121d6c7044031c6cfa4c6ce66c0b9712dd28fe86ef4c6512c1b,1,1,1,2070900789261900884480134887764693608718732168760920549200296856627754794354,2070900789261900884480134887764693608718732168760920549200296856627754794354,15.852,383.078,sha256:50c5f26d2c05b460aa702d89700b74f817ea4adce9d64a5abacaae7a9bb671c8,9a7829fe2584259f1dd0dc45cf73c5ce904fce7e61e964fb7958826f156b43be,ok,
campaign-20260925T060607Z,S20260925T060607Z,cpu2,39ae73f60d14,primary,campaign-20260925T060607Z/cpu2/primary5a1/m9,5,1,9,5,0,,plonk,11,0,2026-09-25T07:02:06.162Z,8.247,26.144,23695.524,13.096,7.13,23743.011,23743.032,101216064,55b85a8c273635d0f8f2cdda0e7ce81b35231792d5212b770681d612dbf1c56a,1,1,1,13741875541804146615197212471377989082753334180286662970428373142262333549779,13741875541804146615197212471377989082753334180286662970428373142262333549779,14.813,427.168,sha256:50c5f26d2c05b460aa702d89700b74f817ea4adce9d64a5abacaae7a9bb671c8,9a7829fe2584259f1dd0dc45cf73c5ce904fce7e61e964fb7958826f156b43be,ok,
campaign-20260925T060607Z,S20260925T060607Z,cpu2,39ae73f60d14,primary,campaign-20260925T060607Z/cpu2/primary5a1/m10,5,1,10,5,0,,groth16,14,0,2026-09-25T07:02:29.930Z,49.572,30.489,435.423,13.108,10.477,528.593,528.615,2348483,b0be38259edaa109196790233512dc26d29f0e31a9506021bad97c60834e4df2,1,1,1,12582151698735550891927690128793622813383487692593364506314066026947547425304,12582151698735550891927690128793622813383487692593364506314066026947547425304,15.979,402.375,sha256:50c5f26d2c05b460aa702d89700b74f817ea4adce9d64a5abacaae7a9bb671c8,9a7829fe2584259f1dd0dc45cf73c5ce904fce7e61e964fb7958826f156b43be,ok,
campaign-20260925T060607Z,S20260925T060607Z,cpu2,39ae73f60d14,primary,campaign-20260925T060607Z/cpu2/primary5a1/m11,5,1,11,5,0,,plonk,5,0,2026-09-25T07:02:30.496Z,1.498,18.793,12301.899,9.205,7.765,12331.396,12331.415,50790568,8b7d89ef154d0704a4a5fb8df978ea728f0decad61374b1d3a80a026ad357fec,1,1,1,8772061116891597512098326450504850663371859585885077427179882578819842555696,8772061116891597512098326450504850663371859585885077427179882578819842555696,14.626,427.359,sha256:50c5f26d2c05b460aa702d89700b74f817ea4adce9d64a5abacaae7a9bb671c8,9a7829fe2584259f1dd0dc45cf73c5ce904fce7e61e964fb7958826f156b43be,ok,
campaign-20260925T060607Z,S20260925T060607Z,cpu2,39ae73f60d14,primary,campaign-20260925T060607Z/cpu2/primary5a1/m12,5,1,12,5,0,,plonk,6,0,2026-09-25T07:02:42.856Z,1.362,28.909,12108.401,11.402,7.536,12150.074,12150.089,50980972,75b0f7800ba9bbd996a5aba5e02258e755536462dae72897fb9805a733486612,1,1,1,4563221289370828604205089111471170542583263583412968862519466540084840336910,4563221289370828604205089111471170542583263583412968862519466540084840336910,14.762,427.574,sha256:50c5f26d2c05b460aa702d89700b74f817ea4adce9d64a5abacaae7a9bb671c8,9a7829fe2584259f1dd0dc45cf73c5ce904fce7e61e964fb7958826f156b43be,ok,
campaign-20260925T060607Z,S20260925T060607Z,cpu2,39ae73f60d14,primary,campaign-20260925T060607Z/cpu2/primary5a1/m13,5,1,13,5,0,,groth16,15,0,2026-09-25T07:02:55.032Z,118.029,38.882,490.249,10.111,12.698,657.271,657.298,2468935,d6be53096894f276c29d0702fcead9cafd5a510db26c6b563aa91a72f3a7c974,1,1,1,16175814224772832097117886582757018531876340808696504341109560169071733404932,16175814224772832097117886582757018531876340808696504341109560169071733404932,15.849,402.938,sha256:50c5f26d2c05b460aa702d89700b74f817ea4adce9d64a5abacaae7a9bb671c8,9a7829fe2584259f1dd0dc45cf73c5ce904fce7e61e964fb7958826f156b43be,ok,
campaign-20260925T060607Z,S20260925T060607Z,cpu2,39ae73f60d14,primary,campaign-20260925T060607Z/cpu2/primary5a1/m14,5,1,14,5,0,,plonk,12,0,2026-09-25T07:02:55.732Z,16.579,29.53,23481.457,13.631,7.218,23541.197,23541.22,101406468,ac66b87842b1343c8548cf4e922c1ee3249b5519daa07857ea88621896f01c1d,1,1,1,1305120659341908565283217195273270415919492373288777814091321905738895669205,1305120659341908565283217195273270415919492373288777814091321905738895669205,14.901,391.414,sha256:50c5f26d2c05b460aa702d89700b74f817ea4adce9d64a5abacaae7a9bb671c8,9a7829fe2584259f1dd0dc45cf73c5ce904fce7e61e964fb7958826f156b43be,ok,
campaign-20260925T060607Z,S20260925T060607Z,cpu2,39ae73f60d14,primary,campaign-20260925T060607Z/cpu2/primary5a1/m15,5,1,15,5,0,,plonk,13,0,2026-09-25T07:03:19.299Z,26.681,31.349,23422.755,9.228,7.309,23490.013,23490.037,101596872,ecc4eb82a5958bf47b7b157e77ed7abc103fb2ebeec94211db85c4d20c7c607c,1,1,1,2070900789261900884480134887764693608718732168760920549200296856627754794354,2070900789261900884480134887764693608718732168760920549200296856627754794354,14.821,437.242,sha256:50c5f26d2c05b460aa702d89700b74f817ea4adce9d64a5abacaae7a9bb671c8,9a7829fe2584259f1dd0dc45cf73c5ce904fce7e61e964fb7958826f156b43be,ok,
campaign-20260925T060607Z,S20260925T060607Z,cpu2,39ae73f60d14,primary,campaign-20260925T060607Z/cpu2/primary5a1/m16,5,1,16,5,0,,groth16,6,0,2026-09-25T07:03:42.816Z,1.331,25.908,289.735,13.288,10.615,330.261,330.276,1253795,ea2368c5701f4885dc1bd9120ebd0b3419c495066983d2c215030506b1968bd4,1,1,1,4563221289370828604205089111471170542583263583412968862519466540084840336910,4563221289370828604205089111471170542583263583412968862519466540084840336910,15.988,411.949,sha256:50c5f26d2c05b460aa702d89700b74f817ea4adce9d64a5abacaae7a9bb671c8,9a7829fe2584259f1dd0dc45cf73c5ce904fce7e61e964fb7958826f156b43be,ok,
campaign-20260925T060607Z,S20260925T060607Z,cpu2,39ae73f60d14,primary,campaign-20260925T060607Z/cpu2/primary5a1/m17,5,1,17,5,0,,plonk,14,0,2026-09-25T07:03:43.181Z,59.38,28.768,23689.972,15.213,7.213,23793.333,23793.363,101787276,61d7365d9163bc99ded1dfbd03499b9283c2947715292debbde41b3796b6b916,1,1,1,12582151698735550891927690128793622813383487692593364506314066026947547425304,12582151698735550891927690128793622813383487692593364506314066026947547425304,15.024,409.672,sha256:50c5f26d2c05b460aa702d89700b74f817ea4adce9d64a5abacaae7a9bb671c8,9a7829fe2584259f1dd0dc45cf73c5ce904fce7e61e964fb7958826f156b43be,ok,
campaign-20260925T060607Z,S20260925T060607Z,cpu2,39ae73f60d14,primary,campaign-20260925T060607Z/cpu2/primary5a1/m18,5,1,18,5,0,,groth16,5,0,2026-09-25T07:04:07.000Z,1.502,22.334,237.506,9.759,10.286,271.101,271.121,1133343,41c7636150900ee72cf6323930dd506bd0fc015a94a20905cc61c856b4fe919a,1,1,1,8772061116891597512098326450504850663371859585885077427179882578819842555696,8772061116891597512098326450504850663371859585885077427179882578819842555696,14.5,385.027,sha256:50c5f26d2c05b460aa702d89700b74f817ea4adce9d64a5abacaae7a9bb671c8,9a7829fe2584259f1dd0dc45cf73c5ce904fce7e61e964fb7958826f156b43be,ok,
campaign-20260925T060607Z,S20260925T060607Z,cpu2,39ae73f60d14,primary,campaign-20260925T060607Z/cpu2/primary5a1/m19,5,1,19,5,0,,plonk,7,0,2026-09-25T07:04:07.308Z,0.708,24.218,12228.419,12.156,7.202,12265.5,12265.514,51171376,e601552aba9f4692ef0f1d2d75ceade0e48da52ddad45690306a402c03eb810f,1,1,1,6834760395900399403843817083005722754930321299301222295483199499696193022453,6834760395900399403843817083005722754930321299301222295483199499696193022453,14.981,414.555,sha256:50c5f26d2c05b460aa702d89700b74f817ea4adce9d64a5abacaae7a9bb671c8,9a7829fe2584259f1dd0dc45cf73c5ce904fce7e61e964fb7958826f156b43be,ok,
campaign-20260925T060607Z,S20260925T060607Z,cpu2,39ae73f60d14,primary,campaign-20260925T060607Z/cpu2/primary5a1/m20,5,1,20,5,0,,groth16,9,0,2026-09-25T07:04:19.599Z,1.763,23.417,345.742,10.12,10.624,381.042,381.06,1746223,b211630d00c7c2d0e5309876a16c72ad66909d7301385d4da830c4a8d71e391e,1,1,1,20121159957847147921812141654231982941331816397431355682788233457047980505218,20121159957847147921812141654231982941331816397431355682788233457047980505218,16.117,389.895,sha256:50c5f26d2c05b460aa702d89700b74f817ea4adce9d64a5abacaae7a9bb671c8,9a7829fe2584259f1dd0dc45cf73c5ce904fce7e61e964fb7958826f156b43be,ok,
campaign-20260925T060607Z,S20260925T060607Z,cpu2,39ae73f60d14,primary,campaign-20260925T060607Z/cpu2/primary5a1/m21,5,1,21,5,0,,groth16,11,0,2026-09-25T07:04:20.017Z,5.535,24.381,391.83,12.682,10.461,434.43,434.449,1987127,1241508317856e8cb42cf71f43cafeb13e26a2553d595182aefca30b78a5b754,1,1,1,13741875541804146615197212471377989082753334180286662970428373142262333549779,13741875541804146615197212471377989082753334180286662970428373142262333549779,16.264,390.645,sha256:50c5f26d2c05b460aa702d89700b74f817ea4adce9d64a5abacaae7a9bb671c8,9a7829fe2584259f1dd0dc45cf73c5ce904fce7e61e964fb7958826f156b43be,ok,
campaign-20260925T060607Z,S20260925T060607Z,cpu2,39ae73f60d14,primary,campaign-20260925T060607Z/cpu2/primary5a1/m22,5,1,22,5,0,,groth16,10,0,2026-09-25T07:04:20.487Z,2.927,26.817,398.882,12.455,12.214,441.081,441.097,1866675,656d9ee8dd285db6410e0a4b4317201829a1347f7cc3ef6d8de625e8f99f432a,1,1,1,5493694120516454304625833950804950714434791624469988248149691492887491269863,5493694120516454304625833950804950714434791624469988248149691492887491269863,15.177,393.969,sha256:50c5f26d2c05b460aa702d89700b74f817ea4adce9d64a5abacaae7a9bb671c8,9a7829fe2584259f1dd0dc45cf73c5ce904fce7e61e964fb7958826f156b43be,ok,
campaign-20260925T060607Z,S20260925T060607Z,cpu2,311d54965f8d,primary,campaign-20260925T060607Z/cpu2/primary6a1/in_process1,6,1,1,6,1,in_process,groth16,5,0,2026-09-25T07:08:03.283Z,1.062,22.751,368.105,10.592,12.618,402.51,402.528,1133343,41c7636150900ee72cf6323930dd506bd0fc015a94a20905cc61c856b4fe919a,1,1,1,8772061116891597512098326450504850663371859585885077427179882578819842555696,8772061116891597512098326450504850663371859585885077427179882578819842555696,18.376,189.277,sha256:50c5f26d2c05b460aa702d89700b74f817ea4adce9d64a5abacaae7a9bb671c8,9a7829fe2584259f1dd0dc45cf73c5ce904fce7e61e964fb7958826f156b43be,ok,
campaign-20260925T060607Z,S20260925T060607Z,cpu2,311d54965f8d,primary,campaign-20260925T060607Z/cpu2/primary6a1/in_process2,6,1,2,6,1,in_process,plonk,5,0,2026-09-25T07:08:03.726Z,0.674,22.735,12127.68,9.368,8.575,12160.457,12160.475,50790568,8b7d89ef154d0704a4a5fb8df978ea728f0decad61374b1d3a80a026ad357fec,1,1,1,8772061116891597512098326450504850663371859585885077427179882578819842555696,8772061116891597512098326450504850663371859585885077427179882578819842555696,16.146,376.141,sha256:50c5f26d2c05b460aa702d89700b74f817ea4adce9d64a5abacaae7a9bb671c8,9a7829fe2584259f1dd0dc45cf73c5ce904fce7e61e964fb7958826f156b43be,ok,
campaign-20260925T060607Z,S20260925T060607Z,cpu2,311d54965f8d,primary,campaign-20260925T060607Z/cpu2/primary6a1/m1,6,1,1,6,0,,groth16,5,0,2026-09-25T07:08:15.917Z,0.783,25.488,271.877,12.551,12.392,310.698,310.718,1133343,41c7636150900ee72cf6323930dd506bd0fc015a94a20905cc61c856b4fe919a,1,1,1,8772061116891597512098326450504850663371859585885077427179882578819842555696,8772061116891597512098326450504850663371859585885077427179882578819842555696,16.446,354.941,sha256:50c5f26d2c05b460aa702d89700b74f817ea4adce9d64a5abacaae7a9bb671c8,9a7829fe2584259f1dd0dc45cf73c5ce904fce7e61e964fb7958826f156b43be,ok,
campaign-20260925T060607Z,S20260925T060607Z,cpu2,311d54965f8d,primary,campaign-20260925T060607Z/cpu2/primary6a1/m2,6,1,2,6,0,,groth16,13,0,2026-09-25T07:08:16.270Z,31.148,28.123,457.194,12.33,10.681,528.796,528.834,2228031,53cbdd1f02a65121d6c7044031c6cfa4c6ce66c0b9712dd28fe86ef4c6512c1b,1,1,1,2070900789261900884480134887764693608718732168760920549200296856627754794354,2070900789261900884480134887764693608718732168760920549200296856627754794354,15.038,357.258,sha256:50c5f26d2c05b460aa702d89700b74f817ea4adce9d64a5abacaae7a9bb671c8,9a7829fe2584259f1dd0dc45cf73c5ce904fce7e61e964fb7958826f156b43be,ok,
campaign-20260925T060607Z,S20260925T060607Z,cpu2,311d54965f8d,primary,campaign-20260925T060607Z/cpu2/primary6a1/m3,6,1,3,6,0,,groth16,6,0,2026-09-25T07:08:16.837Z,1.415,22.924,277.157,10.482,10.999,311.978,311.994,1253795,ea2368c5701f4885dc1bd9120ebd0b3419c495066983d2c215030506b1968bd4,1,1,1,4563221289370828604205089111471170542583263583412968862519466540084840336910,4563221289370828604205089111471170542583263583412968862519466540084840336910,15.811,356.539,sha256:50c5f26d2c05b460aa702d89700b74f817ea4adce9d64a5abacaae7a9bb671c8,9a7829fe2584259f1dd0dc45cf73c5ce904fce7e61e964fb7958826f156b43be,ok,
campaign-20260925T060607Z,S20260925T060607Z,cpu2,311d54965f8d,primary,campaign-20260925T060607Z/cpu2/primary6a1/m4,6,1,4,6,0,,groth16,7,0,2026-09-25T07:08:17.188Z,0.991,25.869,295.378,13.691,10.894,335.929,335.945,1374247,c0f6d8c4ac9fa282780a2c229d7d086f87e26be62a3eefceb9f801e5076843aa,1,1,1,6834760395900399403843817083005722754930321299301222295483199499696193022453,6834760395900399403843817083005722754930321299301222295483199499696193022453,15.951,358.469,sha256:50c5f26d2c05b460aa702d89700b74f817ea4adce9d64a5abacaae7a9bb671c8,9a7829fe2584259f1dd0dc45cf73c5ce904fce7e61e964fb7958826f156b43be,ok,
campaign-20260925T060607Z,S20260925T060607Z,cpu2,311d54965f8d,primary,campaign-20260925T060607Z/cpu2/primary6a1/m5,6,1,5,6,0,,groth16,8,0,2026-09-25T07:08:17.560Z,1.334,24.694,335.329,10.916,10.676,372.272,372.287,1625771,5ed3b83d5f5aad4ca7fa25c79bc0fa86d421d2202a7e7054079f14b9e1c2f4cd,1,1,1,4202603041571593097755192347734702907906852554209131907104891159135181794540,4202603041571593097755192347734702907906852554209131907104891159135181794540,16.117,358.258,sha256:50c5f26d2c05b460aa702d89700b74f817ea4adce9d64a5abacaae7a9bb671c8,9a7829fe2584259f1dd0dc45cf73c5ce904fce7e61e964fb7958826f156b43be,ok,
campaign-20260925T060607Z,S20260925T060607Z,cpu2,311d54965f8d,primary,campaign-20260925T060607Z/cpu2/primary6a1/m6,6,1,6,6,0,,groth16,11,0,2026-09-25T07:08:17.970Z,7.664,30.73,422.118,11.014,9.994,471.526,471.546,1987127,1241508317856e8cb42cf71f43cafeb13e26a2553d595182aefca30b78a5b754,1,1,1,13741875541804146615197212471377989082753334180286662970428373142262333549779,13741875541804146615197212471377989082753334180286662970428373142262333549779,15.261,359.938,sha256:50c5f26d2c05b460aa702d89700b74f817ea4adce9d64a5abacaae7a9bb671c8,9a7829fe2584259f1dd0dc45cf73c5ce904fce7e61e964fb7958826f156b43be,ok,
campaign-20260925T060607Z,S20260925T060607Z,cpu2,311d54965f8d,primary,campaign-20260925T060607Z/cpu2/primary6a1/m7,6,1,7,6,0,,groth16,10,0,2026-09-25T07:08:18.475Z,3.459,23.372,383.348,10.929,10.041,421.109,421.124,1866675,656d9ee8dd285db6410e0a4b4317201829a1347f7cc3ef6d8de625e8f99f432a,1,1,1,5493694120516454304625833950804950714434791624469988248149691492887491269863,5493694120516454304625833950804950714434791624469988248149691492887491269863,16.507,359.734,sha256:50c5f26d2c05b460aa702d89700b74f817ea4adce9d64a5abacaae7a9bb671c8,9a7829fe2584259f1dd0dc45cf73c5ce904fce7e61e964fb7958826f156b43be,ok,
campaign-20260925T060607Z,S20260925T060607Z,cpu2,311d54965f8d,primary,campaign-20260925T060607Z/cpu2/primary6a1/m8,6,1,8,6,0,,groth16,15,0,2026-09-25T07:08:18.930Z,124.195,27.148,444.303,10.044,10.156,605.69,605.72,2468935,d6be53096894f276c29d0702fcead9cafd5a510db26c6b563aa91a72f3a7c974,1,1,1,16175814224772832097117886582757018531876340808696504341109560169071733404932,16175814224772832097117886582757018531876340808696504341109560169071733404932,15.065,359.852,sha256:50c5f26d2c05b460aa702d89700b74f817ea4adce9d64a5abacaae7a9bb671c8,9a7829fe2584259f1dd0dc45cf73c5ce904fce7e61e964fb7958826f156b43be,ok,
campaign-20260925T060607Z,S20260925T060607Z,cpu2,311d54965f8d,primary,campaign-20260925T060607Z/cpu2/primary6a1/m9,6,1,9,6,0,,groth16,9,0,2026-09-25T07:08:19.570Z,2.534,24.56,379.366,11.076,11.402,417.535,417.55,1746223,b211630d00c7c2d0e5309876a16c72ad66909d7301385d4da830c4a8d71e391e,1,1,1,20121159957847147921812141654231982941331816397431355682788233457047980505218,20121159957847147921812141654231982941331816397431355682788233457047980505218,16.75,358.676,sha256:50c5f26d2c05b460aa702d89700b74f817ea4adce9d64a5abacaae7a9bb671c8,9a7829fe2584259f1dd0dc45cf73c5ce904fce7e61e964fb7958826f156b43be,ok,
campaign-20260925T060607Z,S20260925T060607Z,cpu2,311d54965f8d,primary,campaign-20260925T060607Z/cpu2/primary6a1/m10,6,1,10,6,0,,groth16,12,0,2026-09-25T07:08:20.024Z,16.706,26.631,418.443,10.093,10.011,471.872,471.893,2107579,3fdb01845d81a3cdbbba88fcf45b948195abf01ba68c30be8a5f3e3546d4e81e,1,1,1,1305120659341908565283217195273270415919492373288777814091321905738895669205,1305120659341908565283217195273270415919492373288777814091321905738895669205,16.638,360.008,sha256:50c5f26d2c05b460aa702d89700b74f817ea4adce9d64a5abacaae7a9bb671c8,9a7829fe2584259f1dd0dc45cf73c5ce904fce7e61e964fb7958826f156b43be,ok,
campaign-20260925T060607Z,S20260925T060607Z,cpu2,311d54965f8d,primary,campaign-20260925T060607Z/cpu2/primary6a1/m11,6,1,11,6,0,,groth16,14,0,2026-09-25T07:08:20.530Z,55.969,25.99,451.118,9.814,12.631,542.89,542.913,2348483,b0be38259edaa109196790233512dc26d29f0e31a9506021bad97c60834e4df2,1,1,1,12582151698735550891927690128793622813383487692593364506314066026947547425304,12582151698735550891927690128793622813383487692593364506314066026947547425304,16.554,360.121,sha256:50c5f26d2c05b460aa702d89700b74f817ea4adce9d64a5abacaae7a9bb671c8,9a7829fe2584259f1dd0dc45cf73c5ce904fce7e61e964fb7958826f156b43be,ok,
campaign-20260925T060607Z,S20260925T060607Z,cpu2,100250fd8a30,primary,campaign-20260925T060607Z/cpu2/primary7a1/in_process1,7,1,1,7,1,in_process,groth16,5,0,2026-09-25T07:08:34.561Z,0.514,29.368,409.579,13.207,12.635,452.669,452.686,1133343,41c7636150900ee72cf6323930dd506bd0fc015a94a20905cc61c856b4fe919a,1,1,1,8772061116891597512098326450504850663371859585885077427179882578819842555696,8772061116891597512098326450504850663371859585885077427179882578819842555696,18.886,194.461,sha256:50c5f26d2c05b460aa702d89700b74f817ea4adce9d64a5abacaae7a9bb671c8,9a7829fe2584259f1dd0dc45cf73c5ce904fce7e61e964fb7958826f156b43be,ok,
campaign-20260925T060607Z,S20260925T060607Z,cpu2,100250fd8a30,primary,campaign-20260925T060607Z/cpu2/primary7a1/in_process2,7,1,2,7,1,in_process,plonk,5,0,2026-09-25T07:08:35.063Z,0.715,23.956,12057.179,7.902,7.36,12089.752,12089.771,50790568,8b7d89ef154d0704a4a5fb8df978ea728f0decad61374b1d3a80a026ad357fec,1,1,1,8772061116891597512098326450504850663371859585885077427179882578819842555696,8772061116891597512098326450504850663371859585885077427179882578819842555696,16.398,374.996,sha256:50c5f26d2c05b460aa702d89700b74f817ea4adce9d64a5abacaae7a9bb671c8,9a7829fe2584259f1dd0dc45cf73c5ce904fce7e61e964fb7958826f156b43be,ok,
campaign-20260925T060607Z,S20260925T060607Z,cpu2,100250fd8a30,primary,campaign-20260925T060607Z/cpu2/primary7a1/m1,7,1,1,7,0,,groth16,9,0,2026-09-25T07:08:47.179Z,1.761,23.038,357.528,15.642,12.318,397.969,397.988,1746223,b211630d00c7c2d0e5309876a16c72ad66909d7301385d4da830c4a8d71e391e,1,1,1,20121159957847147921812141654231982941331816397431355682788233457047980505218,20121159957847147921812141654231982941331816397431355682788233457047980505218,16.799,352.977,sha256:50c5f26d2c05b460aa702d89700b74f817ea4adce9d64a5abacaae7a9bb671c8,9a7829fe2584259f1dd0dc45cf73c5ce904fce7e61e964fb7958826f156b43be,ok,
campaign-20260925T060607Z,S20260925T060607Z,cpu2,100250fd8a30,primary,campaign-20260925T060607Z/cpu2/primary7a1/m2,7,1,2,7,0,,groth16,5,0,2026-09-25T07:08:47.617Z,0.606,21.65,269.317,14.091,11.454,305.664,305.698,1133343,41c7636150900ee72cf6323930dd506bd0fc015a94a20905cc61c856b4fe919a,1,1,1,8772061116891597512098326450504850663371859585885077427179882578819842555696,8772061116891597512098326450504850663371859585885077427179882578819842555696,16.278,352.59,sha256:50c5f26d2c05b460aa702d89700b74f817ea4adce9d64a5abacaae7a9bb671c8,9a7829fe2584259f1dd0dc45cf73c5ce904fce7e61e964fb7958826f156b43be,ok,
campaign-20260925T060607Z,S20260925T060607Z,cpu2,100250fd8a30,primary,campaign-20260925T060607Z/cpu2/primary7a1/m3,7,1,3,7,0,,groth16,11,0,2026-09-25T07:08:47.961Z,6.108,26.767,398.752,12.321,10.549,443.949,443.97,1987127,1241508317856e8cb42cf71f43cafeb13e26a2553d595182aefca30b78a5b754,1,1,1,13741875541804146615197212471377989082753334180286662970428373142262333549779,13741875541804146615197212471377989082753334180286662970428373142262333549779,16.455,358.277,sha256:50c5f26d2c05b460aa702d89700b74f817ea4adce9d64a5abacaae7a9bb671c8,9a7829fe2584259f1dd0dc45cf73c5ce904fce7e61e964fb7958826f156b43be,ok,
campaign-20260925T060607Z,S20260925T060607Z,cpu2,100250fd8a30,primary,campaign-20260925T060607Z/cpu2/primary7a1/m4,7,1,4,7,0,,groth16,12,0,2026-09-25T07:08:48.442Z,11.287,31.883,416.829,12.071,10.022,472.07,472.089,2107579,3fdb01845d81a3cdbbba88fcf45b948195abf01ba68c30be8a5f3e3546d4e81e,1,1,1,1305120659341908565283217195273270415919492373288777814091321905738895669205,1305120659341908565283217195273270415919492373288777814091321905738895669205,16.959,354.477,sha256:50c5f26d2c05b460aa702d89700b74f817ea4adce9d64a5abacaae7a9bb671c8,9a7829fe2584259f1dd0dc45cf73c5ce904fce7e61e964fb7958826f156b43be,ok,
campaign-20260925T060607Z,S20260925T060607Z,cpu2,100250fd8a30,primary,campaign-20260925T060607Z/cpu2/primary7a1/m5,7,1,5,7,0,,groth16,13,0,2026-09-25T07:08:48.951Z,32.468,28.08,443.873,11.028,10.884,515.45,515.476,2228031,53cbdd1f02a65121d6c7044031c6cfa4c6ce66c0b9712dd28fe86ef4c6512c1b,1,1,1,2070900789261900884480134887764693608718732168760920549200296856627754794354,2070900789261900884480134887764693608718732168760920549200296856627754794354,17.087,354.391,sha256:50c5f26d2c05b460aa702d89700b74f817ea4adce9d64a5abacaae7a9bb671c8,9a7829fe2584259f1dd0dc45cf73c5ce904fce7e61e964fb7958826f156b43be,ok,
campaign-20260925T060607Z,S20260925T060607Z,cpu2,100250fd8a30,primary,campaign-20260925T060607Z/cpu2/primary7a1/m6,7,1,6,7,0,,groth16,15,0,2026-09-25T07:08:49.506Z,123.653,32.748,483.153,10.761,9.828,650.315,650.342,2468935,d6be53096894f276c29d0702fcead9cafd5a510db26c6b563aa91a72f3a7c974,1,1,1,16175814224772832097117886582757018531876340808696504341109560169071733404932,16175814224772832097117886582757018531876340808696504341109560169071733404932,16.909,356.402,sha256:50c5f26d2c05b460aa702d89700b74f817ea4adce9d64a5abacaae7a9bb671c8,9a7829fe2584259f1dd0dc45cf73c5ce904fce7e61e964fb7958826f156b43be,ok,
campaign-20260925T060607Z,S20260925T060607Z,cpu2,100250fd8a30,primary,campaign-20260925T060607Z/cpu2/primary7a1/m7,7,1,7,7,0,,groth16,10,0,2026-09-25T07:08:50.191Z,2.594,23.714,353.367,11.793,12.08,391.467,391.486,1866675,656d9ee8dd285db6410e0a4b4317201829a1347f7cc3ef6d8de625e8f99f432a,1,1,1,5493694120516454304625833950804950714434791624469988248149691492887491269863,5493694120516454304625833950804950714434791624469988248149691492887491269863,17.098,356.449,sha256:50c5f26d2c05b460aa702d89700b74f817ea4adce9d64a5abacaae7a9bb671c8,9a7829fe2584259f1dd0dc45cf73c5ce904fce7e61e964fb7958826f156b43be,ok,
campaign-20260925T060607Z,S20260925T060607Z,cpu2,100250fd8a30,primary,campaign-20260925T060607Z/cpu2/primary7a1/m8,7,1,8,7,0,,groth16,14,0,2026-09-25T07:08:50.621Z,55.984,27.762,470.475,10.467,10.698,564.688,564.712,2348483,b0be38259edaa109196790233512dc26d29f0e31a9506021bad97c60834e4df2,1,1,1,12582151698735550891927690128793622813383487692593364506314066026947547425304,12582151698735550891927690128793622813383487692593364506314066026947547425304,16.896,356.5,sha256:50c5f26d2c05b460aa702d89700b74f817ea4adce9d64a5abacaae7a9bb671c8,9a7829fe2584259f1dd0dc45cf73c5ce904fce7e61e964fb7958826f156b43be,ok,
campaign-20260925T060607Z,S20260925T060607Z,cpu2,100250fd8a30,primary,campaign-20260925T060607Z/cpu2/primary7a1/m9,7,1,9,7,0,,groth16,6,0,2026-09-25T07:08:51.224Z,0.673,24.154,285.184,12.553,10.57,322.564,322.576,1253795,ea2368c5701f4885dc1bd9120ebd0b3419c495066983d2c215030506b1968bd4,1,1,1,4563221289370828604205089111471170542583263583412968862519466540084840336910,4563221289370828604205089111471170542583263583412968862519466540084840336910,15.901,355.566,sha256:50c5f26d2c05b460aa702d89700b74f817ea4adce9d64a5abacaae7a9bb671c8,9a7829fe2584259f1dd0dc45cf73c5ce904fce7e61e964fb7958826f156b43be,ok,
campaign-20260925T060607Z,S20260925T060607Z,cpu2,100250fd8a30,primary,campaign-20260925T060607Z/cpu2/primary7a1/m10,7,1,10,7,0,,groth16,8,0,2026-09-25T07:08:51.582Z,1.063,23.817,339.364,10.182,11.559,374.426,374.44,1625771,5ed3b83d5f5aad4ca7fa25c79bc0fa86d421d2202a7e7054079f14b9e1c2f4cd,1,1,1,4202603041571593097755192347734702907906852554209131907104891159135181794540,4202603041571593097755192347734702907906852554209131907104891159135181794540,16.895,355.402,sha256:50c5f26d2c05b460aa702d89700b74f817ea4adce9d64a5abacaae7a9bb671c8,9a7829fe2584259f1dd0dc45cf73c5ce904fce7e61e964fb7958826f156b43be,ok,
campaign-20260925T060607Z,S20260925T060607Z,cpu2,100250fd8a30,primary,campaign-20260925T060607Z/cpu2/primary7a1/m11,7,1,11,7,0,,groth16,7,0,2026-09-25T07:08:51.994Z,0.878,21.643,293.886,10.96,10.855,327.366,327.38,1374247,c0f6d8c4ac9fa282780a2c229d7d086f87e26be62a3eefceb9f801e5076843aa,1,1,1,6834760395900399403843817083005722754930321299301222295483199499696193022453,6834760395900399403843817083005722754930321299301222295483199499696193022453,16,354.684,sha256:50c5f26d2c05b460aa702d89700b74f817ea4adce9d64a5abacaae7a9bb671c8,9a7829fe2584259f1dd0dc45cf73c5ce904fce7e61e964fb7958826f156b43be,ok,
campaign-20260925T060607Z,S20260925T060607Z,cpu2,f1510d11b105,primary,campaign-20260925T060607Z/cpu2/primary8a1/in_process1,8,1,1,8,1,in_process,groth16,5,0,2026-09-25T07:09:07.184Z,0.531,30.895,393.378,10.702,11.829,435.507,435.525,1133343,41c7636150900ee72cf6323930dd506bd0fc015a94a20905cc61c856b4fe919a,1,1,1,8772061116891597512098326450504850663371859585885077427179882578819842555696,8772061116891597512098326450504850663371859585885077427179882578819842555696,22.255,213.75,sha256:50c5f26d2c05b460aa702d89700b74f817ea4adce9d64a5abacaae7a9bb671c8,9a7829fe2584259f1dd0dc45cf73c5ce904fce7e61e964fb7958826f156b43be,ok,
campaign-20260925T060607Z,S20260925T060607Z,cpu2,f1510d11b105,primary,campaign-20260925T060607Z/cpu2/primary8a1/in_process2,8,1,2,8,1,in_process,plonk,5,0,2026-09-25T07:09:07.664Z,0.587,21.84,12072.644,9.241,7.363,12104.312,12104.329,50790568,8b7d89ef154d0704a4a5fb8df978ea728f0decad61374b1d3a80a026ad357fec,1,1,1,8772061116891597512098326450504850663371859585885077427179882578819842555696,8772061116891597512098326450504850663371859585885077427179882578819842555696,16.75,375.938,sha256:50c5f26d2c05b460aa702d89700b74f817ea4adce9d64a5abacaae7a9bb671c8,9a7829fe2584259f1dd0dc45cf73c5ce904fce7e61e964fb7958826f156b43be,ok,
campaign-20260925T060607Z,S20260925T060607Z,cpu2,f1510d11b105,primary,campaign-20260925T060607Z/cpu2/primary8a1/m1,8,1,1,8,0,,groth16,13,0,2026-09-25T07:09:19.795Z,24.827,35.069,460.375,21.388,10.41,541.659,541.687,2228031,53cbdd1f02a65121d6c7044031c6cfa4c6ce66c0b9712dd28fe86ef4c6512c1b,1,1,1,2070900789261900884480134887764693608718732168760920549200296856627754794354,2070900789261900884480134887764693608718732168760920549200296856627754794354,17.304,196.801,sha256:50c5f26d2c05b460aa702d89700b74f817ea4adce9d64a5abacaae7a9bb671c8,9a7829fe2584259f1dd0dc45cf73c5ce904fce7e61e964fb7958826f156b43be,ok,
campaign-20260925T060607Z,S20260925T060607Z,cpu2,f1510d11b105,primary,campaign-20260925T060607Z/cpu2/primary8a1/m2,8,1,2,8,0,,groth16,8,0,2026-09-25T07:09:20.372Z,2.069,24.232,348.867,11.462,12.137,386.629,386.653,1625771,5ed3b83d5f5aad4ca7fa25c79bc0fa86d421d2202a7e7054079f14b9e1c2f4cd,1,1,1,4202603041571593097755192347734702907906852554209131907104891159135181794540,4202603041571593097755192347734702907906852554209131907104891159135181794540,16.522,208.816,sha256:50c5f26d2c05b460aa702d89700b74f817ea4adce9d64a5abacaae7a9bb671c8,9a7829fe2584259f1dd0dc45cf73c5ce904fce7e61e964fb7958826f156b43be,ok,
campaign-20260925T060607Z,S20260925T060607Z,cpu2,f1510d11b105,primary,campaign-20260925T060607Z/cpu2/primary8a1/m3,8,1,3,8,0,,groth16,12,0,2026-09-25T07:09:20.799Z,18.532,28.358,398.655,10.758,10.832,456.304,456.328,2107579,3fdb01845d81a3cdbbba88fcf45b948195abf01ba68c30be8a5f3e3546d4e81e,1,1,1,1305120659341908565283217195273270415919492373288777814091321905738895669205,1305120659341908565283217195273270415919492373288777814091321905738895669205,17.299,210.527,sha256:50c5f26d2c05b460aa702d89700b74f817ea4adce9d64a5abacaae7a9bb671c8,9a7829fe2584259f1dd0dc45cf73c5ce904fce7e61e964fb7958826f156b43be,ok,
campaign-20260925T060607Z,S20260925T060607Z,cpu2,f1510d11b105,primary,campaign-20260925T060607Z/cpu2/primary8a1/m4,8,1,4,8,0,,groth16,11,0,2026-09-25T07:09:21.293Z,7.197,28.734,429.876,11.16,12.718,476.966,476.987,1987127,1241508317856e8cb42cf71f43cafeb13e26a2553d595182aefca30b78a5b754,1,1,1,13741875541804146615197212471377989082753334180286662970428373142262333549779,13741875541804146615197212471377989082753334180286662970428373142262333549779,17.248,212.379,sha256:50c5f26d2c05b460aa702d89700b74f817ea4adce9d64a5abacaae7a9bb671c8,9a7829fe2584259f1dd0dc45cf73c5ce904fce7e61e964fb7958826f156b43be,ok,
campaign-20260925T060607Z,S20260925T060607Z,cpu2,f1510d11b105,primary,campaign-20260925T060607Z/cpu2/primary8a1/m5,8,1,5,8,0,,groth16,5,0,2026-09-25T07:09:21.811Z,0.792,27.041,263.482,10.432,11.191,301.746,301.762,1133343,41c7636150900ee72cf6323930dd506bd0fc015a94a20905cc61c856b4fe919a,1,1,1,8772061116891597512098326450504850663371859585885077427179882578819842555696,8772061116891597512098326450504850663371859585885077427179882578819842555696,16.354,211.531,sha256:50c5f26d2c05b460aa702d89700b74f817ea4adce9d64a5abacaae7a9bb671c8,9a7829fe2584259f1dd0dc45cf73c5ce904fce7e61e964fb7958826f156b43be,ok,
campaign-20260925T060607Z,S20260925T060607Z,cpu2,f1510d11b105,primary,campaign-20260925T060607Z/cpu2/primary8a1/m6,8,1,6,8,0,,groth16,7,0,2026-09-25T07:09:22.150Z,0.926,26.439,303.021,9.667,10.222,340.053,340.068,1374247,c0f6d8c4ac9fa282780a2c229d7d086f87e26be62a3eefceb9f801e5076843aa,1,1,1,6834760395900399403843817083005722754930321299301222295483199499696193022453,6834760395900399403843817083005722754930321299301222295483199499696193022453,17.74,213.363,sha256:50c5f26d2c05b460aa702d89700b74f817ea4adce9d64a5abacaae7a9bb671c8,9a7829fe2584259f1dd0dc45cf73c5ce904fce7e61e964fb7958826f156b43be,ok,
campaign-20260925T060607Z,S20260925T060607Z,cpu2,f1510d11b105,primary,campaign-20260925T060607Z/cpu2/primary8a1/m7,8,1,7,8,0,,groth16,15,0,2026-09-25T07:09:22.526Z,126.812,29.455,459.272,11.974,11.035,627.513,627.538,2468935,d6be53096894f276c29d0702fcead9cafd5a510db26c6b563aa91a72f3a7c974,1,1,1,16175814224772832097117886582757018531876340808696504341109560169071733404932,16175814224772832097117886582757018531876340808696504341109560169071733404932,15.476,215.215,sha256:50c5f26d2c05b460aa702d89700b74f817ea4adce9d64a5abacaae7a9bb671c8,9a7829fe2584259f1dd0dc45cf73c5ce904fce7e61e964fb7958826f156b43be,ok,
campaign-20260925T060607Z,S20260925T060607Z,cpu2,f1510d11b105,primary,campaign-20260925T060607Z/cpu2/primary8a1/m8,8,1,8,8,0,,groth16,14,0,2026-09-25T07:09:23.193Z,57.831,32.802,449.032,11.48,10.05,551.144,551.169,2348483,b0be38259edaa109196790233512dc26d29f0e31a9506021bad97c60834e4df2,1,1,1,12582151698735550891927690128793622813383487692593364506314066026947547425304,12582151698735550891927690128793622813383487692593364506314066026947547425304,17.459,224.121,sha256:50c5f26d2c05b460aa702d89700b74f817ea4adce9d64a5abacaae7a9bb671c8,9a7829fe2584259f1dd0dc45cf73c5ce904fce7e61e964fb7958826f156b43be,ok,
campaign-20260925T060607Z,S20260925T060607Z,cpu2,f1510d11b105,primary,campaign-20260925T060607Z/cpu2/primary8a1/m9,8,1,9,8,0,,groth16,9,0,2026-09-25T07:09:23.779Z,1.745,27.598,361.413,10.888,10.064,401.644,401.662,1746223,b211630d00c7c2d0e5309876a16c72ad66909d7301385d4da830c4a8d71e391e,1,1,1,20121159957847147921812141654231982941331816397431355682788233457047980505218,20121159957847147921812141654231982941331816397431355682788233457047980505218,16.494,223.152,sha256:50c5f26d2c05b460aa702d89700b74f817ea4adce9d64a5abacaae7a9bb671c8,9a7829fe2584259f1dd0dc45cf73c5ce904fce7e61e964fb7958826f156b43be,ok,
campaign-20260925T060607Z,S20260925T060607Z,cpu2,f1510d11b105,primary,campaign-20260925T060607Z/cpu2/primary8a1/m10,8,1,10,8,0,,groth16,10,0,2026-09-25T07:09:24.216Z,2.649,25.913,375.492,9.918,10.49,413.972,413.99,1866675,656d9ee8dd285db6410e0a4b4317201829a1347f7cc3ef6d8de625e8f99f432a,1,1,1,5493694120516454304625833950804950714434791624469988248149691492887491269863,5493694120516454304625833950804950714434791624469988248149691492887491269863,16.667,223.18,sha256:50c5f26d2c05b460aa702d89700b74f817ea4adce9d64a5abacaae7a9bb671c8,9a7829fe2584259f1dd0dc45cf73c5ce904fce7e61e964fb7958826f156b43be,ok,
campaign-20260925T060607Z,S20260925T060607Z,cpu2,f1510d11b105,primary,campaign-20260925T060607Z/cpu2/primary8a1/m11,8,1,11,8,0,,groth16,6,0,2026-09-25T07:09:24.667Z,0.765,22.152,281.213,12.425,10.057,316.555,316.57,1253795,ea2368c5701f4885dc1bd9120ebd0b3419c495066983d2c215030506b1968bd4,1,1,1,4563221289370828604205089111471170542583263583412968862519466540084840336910,4563221289370828604205089111471170542583263583412968862519466540084840336910,17.042,222.762,sha256:50c5f26d2c05b460aa702d89700b74f817ea4adce9d64a5abacaae7a9bb671c8,9a7829fe2584259f1dd0dc45cf73c5ce904fce7e61e964fb7958826f156b43be,ok,
campaign-20260925T060607Z,S20260925T060607Z,cpu2,5b1ea642b813,primary,campaign-20260925T060607Z/cpu2/primary9a1/in_process1,9,1,1,9,1,in_process,groth16,5,0,2026-09-25T07:10:19.917Z,1.128,24.407,405.61,13.308,12.248,444.454,444.472,1133343,41c7636150900ee72cf6323930dd506bd0fc015a94a20905cc61c856b4fe919a,1,1,1,8772061116891597512098326450504850663371859585885077427179882578819842555696,8772061116891597512098326450504850663371859585885077427179882578819842555696,23.146,200.844,sha256:50c5f26d2c05b460aa702d89700b74f817ea4adce9d64a5abacaae7a9bb671c8,9a7829fe2584259f1dd0dc45cf73c5ce904fce7e61e964fb7958826f156b43be,ok,
campaign-20260925T060607Z,S20260925T060607Z,cpu2,5b1ea642b813,primary,campaign-20260925T060607Z/cpu2/primary9a1/in_process2,9,1,2,9,1,in_process,plonk,5,0,2026-09-25T07:10:20.407Z,0.532,24.676,12041.887,9.318,8.679,12076.412,12076.43,50790568,8b7d89ef154d0704a4a5fb8df978ea728f0decad61374b1d3a80a026ad357fec,1,1,1,8772061116891597512098326450504850663371859585885077427179882578819842555696,8772061116891597512098326450504850663371859585885077427179882578819842555696,17.737,383.539,sha256:50c5f26d2c05b460aa702d89700b74f817ea4adce9d64a5abacaae7a9bb671c8,9a7829fe2584259f1dd0dc45cf73c5ce904fce7e61e964fb7958826f156b43be,ok,
campaign-20260925T060607Z,S20260925T060607Z,cpu2,5b1ea642b813,primary,campaign-20260925T060607Z/cpu2/primary9a1/m1,9,1,1,9,0,,groth16,10,0,2026-09-25T07:10:32.516Z,2.682,26.598,383.503,21.82,11.999,434.603,434.627,1866675,656d9ee8dd285db6410e0a4b4317201829a1347f7cc3ef6d8de625e8f99f432a,1,1,1,5493694120516454304625833950804950714434791624469988248149691492887491269863,5493694120516454304625833950804950714434791624469988248149691492887491269863,16.168,292.871,sha256:50c5f26d2c05b460aa702d89700b74f817ea4adce9d64a5abacaae7a9bb671c8,9a7829fe2584259f1dd0dc45cf73c5ce904fce7e61e964fb7958826f156b43be,ok,
campaign-20260925T060607Z,S20260925T060607Z,cpu2,5b1ea642b813,primary,campaign-20260925T060607Z/cpu2/primary9a1/m2,9,1,2,9,0,,groth16,11,0,2026-09-25T07:10:32.990Z,5.571,24.89,374.74,11.404,11.533,416.605,416.632,1987127,1241508317856e8cb42cf71f43cafeb13e26a2553d595182aefca30b78a5b754,1,1,1,13741875541804146615197212471377989082753334180286662970428373142262333549779,13741875541804146615197212471377989082753334180286662970428373142262333549779,18.275,294.715,sha256:50c5f26d2c05b460aa702d89700b74f817ea4adce9d64a5abacaae7a9bb671c8,9a7829fe2584259f1dd0dc45cf73c5ce904fce7e61e964fb7958826f156b43be,ok,
campaign-20260925T060607Z,S20260925T060607Z,cpu2,5b1ea642b813,primary,campaign-20260925T060607Z/cpu2/primary9a1/m3,9,1,3,9,0,,groth16,13,0,2026-09-25T07:10:33.445Z,31.607,29.786,407.386,10.688,10.5,479.467,479.495,2228031,53cbdd1f02a65121d6c7044031c6cfa4c6ce66c0b9712dd28fe86ef4c6512c1b,1,1,1,2070900789261900884480134887764693608718732168760920549200296856627754794354,2070900789261900884480134887764693608718732168760920549200296856627754794354,18.055,294.488,sha256:50c5f26d2c05b460aa702d89700b74f817ea4adce9d64a5abacaae7a9bb671c8,9a7829fe2584259f1dd0dc45cf73c5ce904fce7e61e964fb7958826f156b43be,ok,
campaign-20260925T060607Z,S20260925T060607Z,cpu2,5b1ea642b813,primary,campaign-20260925T060607Z/cpu2/primary9a1/m4,9,1,4,9,0,,groth16,12,0,2026-09-25T07:10:33.962Z,18.652,24.829,414.313,11.572,10.618,469.367,469.39,2107579,3fdb01845d81a3cdbbba88fcf45b948195abf01ba68c30be8a5f3e3546d4e81e,1,1,1,1305120659341908565283217195273270415919492373288777814091321905738895669205,1305120659341908565283217195273270415919492373288777814091321905738895669205,18.166,294.418,sha256:50c5f26d2c05b460aa702d89700b74f817ea4adce9d64a5abacaae7a9bb671c8,9a7829fe2584259f1dd0dc45cf73c5ce904fce7e61e964fb7958826f156b43be,ok,
campaign-20260925T060607Z,S20260925T060607Z,cpu2,5b1ea642b813,primary,campaign-20260925T060607Z/cpu2/primary9a1/m5,9,1,5,9,0,,groth16,6,0,2026-09-25T07:10:34.469Z,1.446,22.457,287.029,12.493,9.607,323.425,323.439,1253795,ea2368c5701f4885dc1bd9120ebd0b3419c495066983d2c215030506b1968bd4,1,1,1,4563221289370828604205089111471170542583263583412968862519466540084840336910,4563221289370828604205089111471170542583263583412968862519466540084840336910,17.311,293.746,sha256:50c5f26d2c05b460aa702d89700b74f817ea4adce9d64a5abacaae7a9bb671c8,9a7829fe2584259f1dd0dc45cf73c5ce904fce7e61e964fb7958826f156b43be,ok,
campaign-20260925T060607Z,S20260925T060607Z,cpu2,5b1ea642b813,primary,campaign-20260925T060607Z/cpu2/primary9a1/m6,9,1,6,9,0,,groth16,8,0,2026-09-25T07:10:34.829Z,2.1,23.596,319.017,10.64,10.987,355.353,355.371,1625771,5ed3b83d5f5aad4ca7fa25c79bc0fa86d421d2202a7e7054079f14b9e1c2f4cd,1,1,1,4202603041571593097755192347734702907906852554209131907104891159135181794540,4202603041571593097755192347734702907906852554209131907104891159135181794540,18.216,293.535,sha256:50c5f26d2c05b460aa702d89700b74f817ea4adce9d64a5abacaae7a9bb671c8,9a7829fe2584259f1dd0dc45cf73c5ce904fce7e61e964fb7958826f156b43be,ok,
campaign-20260925T060607Z,S20260925T060607Z,cpu2,5b1ea642b813,primary,campaign-20260925T060607Z/cpu2/primary9a1/m7,9,1,7,9,0,,groth16,14,0,2026-09-25T07:10:35.223Z,58.713,30.166,486.352,12.871,11.096,588.102,588.13,2348483,b0be38259edaa109196790233512dc26d29f0e31a9506021bad97c60834e4df2,1,1,1,12582151698735550891927690128793622813383487692593364506314066026947547425304,12582151698735550891927690128793622813383487692593364506314066026947547425304,16.408,294.777,sha256:50c5f26d2c05b460aa702d89700b74f817ea4adce9d64a5abacaae7a9bb671c8,9a7829fe2584259f1dd0dc45cf73c5ce904fce7e61e964fb7958826f156b43be,ok,
campaign-20260925T060607Z,S20260925T060607Z,cpu2,5b1ea642b813,primary,campaign-20260925T060607Z/cpu2/primary9a1/m8,9,1,8,9,0,,groth16,9,0,2026-09-25T07:10:35.849Z,1.793,28.24,353.334,10.111,11.147,393.478,393.495,1746223,b211630d00c7c2d0e5309876a16c72ad66909d7301385d4da830c4a8d71e391e,1,1,1,20121159957847147921812141654231982941331816397431355682788233457047980505218,20121159957847147921812141654231982941331816397431355682788233457047980505218,17.481,295.691,sha256:50c5f26d2c05b460aa702d89700b74f817ea4adce9d64a5abacaae7a9bb671c8,9a7829fe2584259f1dd0dc45cf73c5ce904fce7e61e964fb7958826f156b43be,ok,
campaign-20260925T060607Z,S20260925T060607Z,cpu2,5b1ea642b813,primary,campaign-20260925T060607Z/cpu2/primary9a1/m9,9,1,9,9,0,,groth16,7,0,2026-09-25T07:10:36.279Z,1.667,22.766,299.192,9.98,10.016,333.605,333.621,1374247,c0f6d8c4ac9fa282780a2c229d7d086f87e26be62a3eefceb9f801e5076843aa,1,1,1,6834760395900399403843817083005722754930321299301222295483199499696193022453,6834760395900399403843817083005722754930321299301222295483199499696193022453,16.655,295.566,sha256:50c5f26d2c05b460aa702d89700b74f817ea4adce9d64a5abacaae7a9bb671c8,9a7829fe2584259f1dd0dc45cf73c5ce904fce7e61e964fb7958826f156b43be,ok,
campaign-20260925T060607Z,S20260925T060607Z,cpu2,5b1ea642b813,primary,campaign-20260925T060607Z/cpu2/primary9a1/m10,9,1,10,9,0,,groth16,5,0,2026-09-25T07:10:36.647Z,0.698,21.557,270.863,11.228,10.1,304.346,304.363,1133343,41c7636150900ee72cf6323930dd506bd0fc015a94a20905cc61c856b4fe919a,1,1,1,8772061116891597512098326450504850663371859585885077427179882578819842555696,8772061116891597512098326450504850663371859585885077427179882578819842555696,17.156,294.922,sha256:50c5f26d2c05b460aa702d89700b74f817ea4adce9d64a5abacaae7a9bb671c8,9a7829fe2584259f1dd0dc45cf73c5ce904fce7e61e964fb7958826f156b43be,ok,
campaign-20260925T060607Z,S20260925T060607Z,cpu2,5b1ea642b813,primary,campaign-20260925T060607Z/cpu2/primary9a1/m11,9,1,11,9,0,,groth16,15,0,2026-09-25T07:10:36.986Z,120.832,28.704,470.207,12.777,12.153,632.519,632.551,2468935,d6be53096894f276c29d0702fcead9cafd5a510db26c6b563aa91a72f3a7c974,1,1,1,16175814224772832097117886582757018531876340808696504341109560169071733404932,16175814224772832097117886582757018531876340808696504341109560169071733404932,16.526,296.855,sha256:50c5f26d2c05b460aa702d89700b74f817ea4adce9d64a5abacaae7a9bb671c8,9a7829fe2584259f1dd0dc45cf73c5ce904fce7e61e964fb7958826f156b43be,ok,
campaign-20260925T060607Z,S20260925T060607Z,cpu2,42b57fc6cd90,primary,campaign-20260925T060607Z/cpu2/primary10a1/in_process1,10,1,1,10,1,in_process,groth16,5,0,2026-09-25T07:10:51.208Z,0.55,29.112,399.794,12.201,13.749,441.658,441.675,1133343,41c7636150900ee72cf6323930dd506bd0fc015a94a20905cc61c856b4fe919a,1,1,1,8772061116891597512098326450504850663371859585885077427179882578819842555696,8772061116891597512098326450504850663371859585885077427179882578819842555696,23.695,208.504,sha256:50c5f26d2c05b460aa702d89700b74f817ea4adce9d64a5abacaae7a9bb671c8,9a7829fe2584259f1dd0dc45cf73c5ce904fce7e61e964fb7958826f156b43be,ok,
campaign-20260925T060607Z,S20260925T060607Z,cpu2,42b57fc6cd90,primary,campaign-20260925T060607Z/cpu2/primary10a1/in_process2,10,1,2,10,1,in_process,plonk,5,0,2026-09-25T07:10:51.697Z,0.583,21.981,11923.272,9.311,7.349,11955.147,11955.164,50790568,8b7d89ef154d0704a4a5fb8df978ea728f0decad61374b1d3a80a026ad357fec,1,1,1,8772061116891597512098326450504850663371859585885077427179882578819842555696,8772061116891597512098326450504850663371859585885077427179882578819842555696,17.864,379.461,sha256:50c5f26d2c05b460aa702d89700b74f817ea4adce9d64a5abacaae7a9bb671c8,9a7829fe2584259f1dd0dc45cf73c5ce904fce7e61e964fb7958826f156b43be,ok,
campaign-20260925T060607Z,S20260925T060607Z,cpu2,42b57fc6cd90,primary,campaign-20260925T060607Z/cpu2/primary10a1/m1,10,1,1,10,0,,groth16,7,0,2026-09-25T07:11:03.680Z,0.862,21.768,343.581,13.024,11.916,379.234,379.254,1374247,c0f6d8c4ac9fa282780a2c229d7d086f87e26be62a3eefceb9f801e5076843aa,1,1,1,6834760395900399403843817083005722754930321299301222295483199499696193022453,6834760395900399403843817083005722754930321299301222295483199499696193022453,20.966,383.145,sha256:50c5f26d2c05b460aa702d89700b74f817ea4adce9d64a5abacaae7a9bb671c8,9a7829fe2584259f1dd0dc45cf73c5ce904fce7e61e964fb7958826f156b43be,ok,
campaign-20260925T060607Z,S20260925T060607Z,cpu2,42b57fc6cd90,primary,campaign-20260925T060607Z/cpu2/primary10a1/m2,10,1,2,10,0,,groth16,15,0,2026-09-25T07:11:04.103Z,100.964,28.687,473.459,13.794,10.984,616.903,616.941,2468935,d6be53096894f276c29d0702fcead9cafd5a510db26c6b563aa91a72f3a7c974,1,1,1,16175814224772832097117886582757018531876340808696504341109560169071733404932,16175814224772832097117886582757018531876340808696504341109560169071733404932,16.608,358.078,sha256:50c5f26d2c05b460aa702d89700b74f817ea4adce9d64a5abacaae7a9bb671c8,9a7829fe2584259f1dd0dc45cf73c5ce904fce7e61e964fb7958826f156b43be,ok,
campaign-20260925T060607Z,S20260925T060607Z,cpu2,42b57fc6cd90,primary,campaign-20260925T060607Z/cpu2/primary10a1/m3,10,1,3,10,0,,groth16,5,0,2026-09-25T07:11:04.758Z,1.465,21.282,281.181,10.245,10.051,314.173,314.194,1133343,41c7636150900ee72cf6323930dd506bd0fc015a94a20905cc61c856b4fe919a,1,1,1,8772061116891597512098326450504850663371859585885077427179882578819842555696,8772061116891597512098326450504850663371859585885077427179882578819842555696,17.498,358.34,sha256:50c5f26d2c05b460aa702d89700b74f817ea4adce9d64a5abacaae7a9bb671c8,9a7829fe2584259f1dd0dc45cf73c5ce904fce7e61e964fb7958826f156b43be,ok,
campaign-20260925T060607Z,S20260925T060607Z,cpu2,42b57fc6cd90,primary,campaign-20260925T060607Z/cpu2/primary10a1/m4,10,1,4,10,0,,groth16,12,0,2026-09-25T07:11:05.109Z,16.874,27.92,429.451,12.811,10.843,487.056,487.083,2107579,3fdb01845d81a3cdbbba88fcf45b948195abf01ba68c30be8a5f3e3546d4e81e,1,1,1,1305120659341908565283217195273270415919492373288777814091321905738895669205,1305120659341908565283217195273270415919492373288777814091321905738895669205,18.371,359.703,sha256:50c5f26d2c05b460aa702d89700b74f817ea4adce9d64a5abacaae7a9bb671c8,9a7829fe2584259f1dd0dc45cf73c5ce904fce7e61e964fb7958826f156b43be,ok,
campaign-20260925T060607Z,S20260925T060607Z,cpu2,42b57fc6cd90,primary,campaign-20260925T060607Z/cpu2/primary10a1/m5,10,1,5,10,0,,groth16,10,0,2026-09-25T07:11:05.634Z,3.055,30.308,396.43,10.793,10.814,440.586,440.603,1866675,656d9ee8dd285db6410e0a4b4317201829a1347f7cc3ef6d8de625e8f99f432a,1,1,1,5493694120516454304625833950804950714434791624469988248149691492887491269863,5493694120516454304625833950804950714434791624469988248149691492887491269863,18.307,361.527,sha256:50c5f26d2c05b460aa702d89700b74f817ea4adce9d64a5abacaae7a9bb671c8,9a7829fe2584259f1dd0dc45cf73c5ce904fce7e61e964fb7958826f156b43be,ok,
campaign-20260925T060607Z,S20260925T060607Z,cpu2,42b57fc6cd90,primary,campaign-20260925T060607Z/cpu2/primary10a1/m6,10,1,6,10,0,,groth16,14,0,2026-09-25T07:11:06.113Z,59.207,26.783,468.961,10.173,9.797,565.124,565.153,2348483,b0be38259edaa109196790233512dc26d29f0e31a9506021bad97c60834e4df2,1,1,1,12582151698735550891927690128793622813383487692593364506314066026947547425304,12582151698735550891927690128793622813383487692593364506314066026947547425304,18.343,361.68,sha256:50c5f26d2c05b460aa702d89700b74f817ea4adce9d64a5abacaae7a9bb671c8,9a7829fe2584259f1dd0dc45cf73c5ce904fce7e61e964fb7958826f156b43be,ok,
campaign-20260925T060607Z,S20260925T060607Z,cpu2,42b57fc6cd90,primary,campaign-20260925T060607Z/cpu2/primary10a1/m7,10,1,7,10,0,,groth16,11,0,2026-09-25T07:11:06.714Z,5.677,24.248,408.246,10.536,11.011,448.707,448.726,1987127,1241508317856e8cb42cf71f43cafeb13e26a2553d595182aefca30b78a5b754,1,1,1,13741875541804146615197212471377989082753334180286662970428373142262333549779,13741875541804146615197212471377989082753334180286662970428373142262333549779,18.345,361.871,sha256:50c5f26d2c05b460aa702d89700b74f817ea4adce9d64a5abacaae7a9bb671c8,9a7829fe2584259f1dd0dc45cf73c5ce904fce7e61e964fb7958826f156b43be,ok,
campaign-20260925T060607Z,S20260925T060607Z,cpu2,42b57fc6cd90,primary,campaign-20260925T060607Z/cpu2/primary10a1/m8,10,1,8,10,0,,groth16,6,0,2026-09-25T07:11:07.200Z,1.845,22.651,297.232,12.754,10.668,334.482,334.5,1253795,ea2368c5701f4885dc1bd9120ebd0b3419c495066983d2c215030506b1968bd4,1,1,1,4563221289370828604205089111471170542583263583412968862519466540084840336910,4563221289370828604205089111471170542583263583412968862519466540084840336910,17.466,360.766,sha256:50c5f26d2c05b460aa702d89700b74f817ea4adce9d64a5abacaae7a9bb671c8,9a7829fe2584259f1dd0dc45cf73c5ce904fce7e61e964fb7958826f156b43be,ok,
campaign-20260925T060607Z,S20260925T060607Z,cpu2,42b57fc6cd90,primary,campaign-20260925T060607Z/cpu2/primary10a1/m9,10,1,9,10,0,,groth16,9,0,2026-09-25T07:11:07.570Z,1.835,23.195,360.597,11.04,9.85,396.667,396.692,1746223,b211630d00c7c2d0e5309876a16c72ad66909d7301385d4da830c4a8d71e391e,1,1,1,20121159957847147921812141654231982941331816397431355682788233457047980505218,20121159957847147921812141654231982941331816397431355682788233457047980505218,16.889,360.738,sha256:50c5f26d2c05b460aa702d89700b74f817ea4adce9d64a5abacaae7a9bb671c8,9a7829fe2584259f1dd0dc45cf73c5ce904fce7e61e964fb7958826f156b43be,ok,
campaign-20260925T060607Z,S20260925T060607Z,cpu2,42b57fc6cd90,primary,campaign-20260925T060607Z/cpu2/primary10a1/m10,10,1,10,10,0,,groth16,8,0,2026-09-25T07:11:08.001Z,2.097,22.905,343.398,9.78,10.478,378.181,378.201,1625771,5ed3b83d5f5aad4ca7fa25c79bc0fa86d421d2202a7e7054079f14b9e1c2f4cd,1,1,1,4202603041571593097755192347734702907906852554209131907104891159135181794540,4202603041571593097755192347734702907906852554209131907104891159135181794540,17.472,359.832,sha256:50c5f26d2c05b460aa702d89700b74f817ea4adce9d64a5abacaae7a9bb671c8,9a7829fe2584259f1dd0dc45cf73c5ce904fce7e61e964fb7958826f156b43be,ok,
campaign-20260925T060607Z,S20260925T060607Z,cpu2,42b57fc6cd90,primary,campaign-20260925T060607Z/cpu2/primary10a1/m11,10,1,11,10,0,,groth16,13,0,2026-09-25T07:11:08.416Z,31.029,31.115,440.027,12.628,11.615,514.798,514.827,2228031,53cbdd1f02a65121d6c7044031c6cfa4c6ce66c0b9712dd28fe86ef4c6512c1b,1,1,1,2070900789261900884480134887764693608718732168760920549200296856627754794354,2070900789261900884480134887764693608718732168760920549200296856627754794354,18.334,362.039,sha256:50c5f26d2c05b460aa702d89700b74f817ea4adce9d64a5abacaae7a9bb671c8,9a7829fe2584259f1dd0dc45cf73c5ce904fce7e61e964fb7958826f156b43be,ok,
campaign-20260925T060607Z,S20260925T060607Z,cpu2,e59d03fb634d,diag,campaign-20260925T060607Z/cpu2/diag1a1/in_process1,1,1,1,101,1,in_process,groth16,5,0,2026-09-25T07:11:24.140Z,1.182,27.202,361.694,10.344,11.17,400.422,400.441,1133343,41c7636150900ee72cf6323930dd506bd0fc015a94a20905cc61c856b4fe919a,1,1,1,8772061116891597512098326450504850663371859585885077427179882578819842555696,8772061116891597512098326450504850663371859585885077427179882578819842555696,23.452,158.398,sha256:50c5f26d2c05b460aa702d89700b74f817ea4adce9d64a5abacaae7a9bb671c8,9a7829fe2584259f1dd0dc45cf73c5ce904fce7e61e964fb7958826f156b43be,ok,
campaign-20260925T060607Z,S20260925T060607Z,cpu2,e59d03fb634d,diag,campaign-20260925T060607Z/cpu2/diag1a1/in_process2,1,1,2,101,1,in_process,plonk,5,0,2026-09-25T07:11:24.584Z,1.425,25.248,12045.322,8.038,7.397,12080.034,12080.052,50790568,8b7d89ef154d0704a4a5fb8df978ea728f0decad61374b1d3a80a026ad357fec,1,1,1,8772061116891597512098326450504850663371859585885077427179882578819842555696,8772061116891597512098326450504850663371859585885077427179882578819842555696,18.144,366.891,sha256:50c5f26d2c05b460aa702d89700b74f817ea4adce9d64a5abacaae7a9bb671c8,9a7829fe2584259f1dd0dc45cf73c5ce904fce7e61e964fb7958826f156b43be,ok,
campaign-20260925T060607Z,S20260925T060607Z,cpu2,240a88eb1b7b,diag,campaign-20260925T060607Z/cpu2/diag2a1/in_process1,2,1,1,102,1,in_process,groth16,5,0,2026-09-25T07:22:39.828Z,0.494,25.183,352.615,10.607,12.414,388.899,388.916,1133343,41c7636150900ee72cf6323930dd506bd0fc015a94a20905cc61c856b4fe919a,1,1,1,8772061116891597512098326450504850663371859585885077427179882578819842555696,8772061116891597512098326450504850663371859585885077427179882578819842555696,23.797,177.176,sha256:50c5f26d2c05b460aa702d89700b74f817ea4adce9d64a5abacaae7a9bb671c8,9a7829fe2584259f1dd0dc45cf73c5ce904fce7e61e964fb7958826f156b43be,ok,
campaign-20260925T060607Z,S20260925T060607Z,cpu2,240a88eb1b7b,diag,campaign-20260925T060607Z/cpu2/diag2a1/in_process2,2,1,2,102,1,in_process,plonk,5,0,2026-09-25T07:22:40.262Z,0.576,24.21,12153.548,9.264,8.7,12187.599,12187.618,50790568,8b7d89ef154d0704a4a5fb8df978ea728f0decad61374b1d3a80a026ad357fec,1,1,1,8772061116891597512098326450504850663371859585885077427179882578819842555696,8772061116891597512098326450504850663371859585885077427179882578819842555696,18.657,379.527,sha256:50c5f26d2c05b460aa702d89700b74f817ea4adce9d64a5abacaae7a9bb671c8,9a7829fe2584259f1dd0dc45cf73c5ce904fce7e61e964fb7958826f156b43be,ok,
campaign-20260925T060607Z,S20260925T060607Z,cpu2,5e77e7b05084,diag,campaign-20260925T060607Z/cpu2/diag3a1/in_process1,3,1,1,103,1,in_process,groth16,5,0,2026-09-25T07:27:21.528Z,1.326,28.09,354.377,10.486,12.351,394.279,394.297,1133343,41c7636150900ee72cf6323930dd506bd0fc015a94a20905cc61c856b4fe919a,1,1,1,8772061116891597512098326450504850663371859585885077427179882578819842555696,8772061116891597512098326450504850663371859585885077427179882578819842555696,24.649,180.805,sha256:50c5f26d2c05b460aa702d89700b74f817ea4adce9d64a5abacaae7a9bb671c8,9a7829fe2584259f1dd0dc45cf73c5ce904fce7e61e964fb7958826f156b43be,ok,
campaign-20260925T060607Z,S20260925T060607Z,cpu2,5e77e7b05084,diag,campaign-20260925T060607Z/cpu2/diag3a1/in_process2,3,1,2,103,1,in_process,plonk,5,0,2026-09-25T07:27:21.964Z,1.656,22.22,12398.484,8.044,7.385,12430.405,12430.425,50790568,8b7d89ef154d0704a4a5fb8df978ea728f0decad61374b1d3a80a026ad357fec,1,1,1,8772061116891597512098326450504850663371859585885077427179882578819842555696,8772061116891597512098326450504850663371859585885077427179882578819842555696,19.059,358.711,sha256:50c5f26d2c05b460aa702d89700b74f817ea4adce9d64a5abacaae7a9bb671c8,9a7829fe2584259f1dd0dc45cf73c5ce904fce7e61e964fb7958826f156b43be,ok,
campaign-20260925T060607Z,S20260925T060607Z,cpu2,d328c6b7679e,diag,campaign-20260925T060607Z/cpu2/diag4a1/in_process1,4,1,1,104,1,in_process,groth16,5,0,2026-09-25T07:36:39.109Z,1.29,30.985,357.434,10.307,13.476,400.016,400.035,1133343,41c7636150900ee72cf6323930dd506bd0fc015a94a20905cc61c856b4fe919a,1,1,1,8772061116891597512098326450504850663371859585885077427179882578819842555696,8772061116891597512098326450504850663371859585885077427179882578819842555696,24.968,177.555,sha256:50c5f26d2c05b460aa702d89700b74f817ea4adce9d64a5abacaae7a9bb671c8,9a7829fe2584259f1dd0dc45cf73c5ce904fce7e61e964fb7958826f156b43be,ok,
campaign-20260925T060607Z,S20260925T060607Z,cpu2,d328c6b7679e,diag,campaign-20260925T060607Z/cpu2/diag4a1/in_process2,4,1,2,104,1,in_process,plonk,5,0,2026-09-25T07:36:39.553Z,0.642,21.229,12081.13,8.065,7.39,12111.066,12111.084,50790568,8b7d89ef154d0704a4a5fb8df978ea728f0decad61374b1d3a80a026ad357fec,1,1,1,8772061116891597512098326450504850663371859585885077427179882578819842555696,8772061116891597512098326450504850663371859585885077427179882578819842555696,19.666,369.836,sha256:50c5f26d2c05b460aa702d89700b74f817ea4adce9d64a5abacaae7a9bb671c8,9a7829fe2584259f1dd0dc45cf73c5ce904fce7e61e964fb7958826f156b43be,ok,
campaign-20260925T060607Z,S20260925T060607Z,cpu2,d05e48836aac,diag,campaign-20260925T060607Z/cpu2/diag5a1/in_process1,5,1,1,105,1,in_process,groth16,5,0,2026-09-25T07:41:28.075Z,1.382,25.14,378.901,10.742,13.879,416.166,416.183,1133343,41c7636150900ee72cf6323930dd506bd0fc015a94a20905cc61c856b4fe919a,1,1,1,8772061116891597512098326450504850663371859585885077427179882578819842555696,8772061116891597512098326450504850663371859585885077427179882578819842555696,23.985,178.832,sha256:50c5f26d2c05b460aa702d89700b74f817ea4adce9d64a5abacaae7a9bb671c8,9a7829fe2584259f1dd0dc45cf73c5ce904fce7e61e964fb7958826f156b43be,ok,
campaign-20260925T060607Z,S20260925T060607Z,cpu2,d05e48836aac,diag,campaign-20260925T060607Z/cpu2/diag5a1/in_process2,5,1,2,105,1,in_process,plonk,5,0,2026-09-25T07:41:28.543Z,0.687,24.157,12111.614,9.393,7.865,12145.851,12145.874,50790568,8b7d89ef154d0704a4a5fb8df978ea728f0decad61374b1d3a80a026ad357fec,1,1,1,8772061116891597512098326450504850663371859585885077427179882578819842555696,8772061116891597512098326450504850663371859585885077427179882578819842555696,19.733,378.215,sha256:50c5f26d2c05b460aa702d89700b74f817ea4adce9d64a5abacaae7a9bb671c8,9a7829fe2584259f1dd0dc45cf73c5ce904fce7e61e964fb7958826f156b43be,ok,
