

                             _   _
                            (_) | |
      __ _   _ __   __   __  _  | |
     / _` | | '_ \  \ \ / / | | | |
    | (_| | | | | |  \ V /  | | | |
     \__,_| |_| |_|   \_/   |_| |_|

    1.5.1-v1.5.1 (b0a9dd9ced 2025-12-19T14:07:55.455914129Z)
    https://github.com/foundry-rs/foundry

Available Accounts
==================

(0) 0xf39Fd6e51aad88F6F4ce6aB8827279cffFb92266 (10000.000000000000000000 ETH)
(1) 0x70997970C51812dc3A010C7d01b50e0d17dc79C8 (10000.000000000000000000 ETH)
(2) 0x3C44CdDdB6a900fa2b585dd299e03d12FA4293BC (10000.000000000000000000 ETH)
(3) 0x90F79bf6EB2c4f870365E785982E1f101E93b906 (10000.000000000000000000 ETH)
(4) 0x15d34AAf54267DB7D7c367839AAf71A00a2C6A65 (10000.000000000000000000 ETH)
(5) 0x9965507D1a55bcC2695C58ba16FB37d819B0A4dc (10000.000000000000000000 ETH)
(6) 0x976EA74026E726554dB657fA54763abd0C3a0aa9 (10000.000000000000000000 ETH)
(7) 0x14dC79964da2C08b23698B3D3cc7Ca32193d9955 (10000.000000000000000000 ETH)
(8) 0x23618e81E3f5cdF7f54C3d65f7FBc0aBf5B21E8f (10000.000000000000000000 ETH)
(9) 0xa0Ee7A142d267C1f36714E4a8F75612F20a79720 (10000.000000000000000000 ETH)

Private Keys
==================

(0) 0xac0974bec39a17e36ba4a6b4d238ff944bacb478cbed5efcae784d7bf4f2ff80
(1) 0x59c6995e998f97a5a0044966f0945389dc9e86dae88c7a8412f4603b6b78690d
(2) 0x5de4111afa1a4b94908f83103eb1f1706367c2e68ca870fc3fb9a804cdab365a
(3) 0x7c852118294e51e653712a81e05800f419141751be58f605c371e15141b007a6
(4) 0x47e179ec197488593b187f80a00eb0da91f1b9d0b13f8733639f19c30a34926a
(5) 0x8b3a350cf5c34c9194ca85829a2df0ec3153be0318b5e2d3348e872092edffba
(6) 0x92db14e403b83dfe3df233f83dfa3a0d7096f21ca9b0d6d6b8d88b2b4ec1564e
(7) 0x4bbbf85ce3377467afe5d46f804f221813b2bb87f24d81f60f1fcdbf7cbf4356
(8) 0xdbda1821b80551c9d65939329250298aa3472ba22feea921c0cf5d620ea67b97
(9) 0x2a871d0798f97d79848a013d4936a73bf4cc922c825d33c1cf7073dff6d409c6

Wallet
==================
Mnemonic:          test test test test test test test test test test test junk
Derivation path:   m/44'/60'/0'/0/


Chain ID
==================

31337

Base Fee
==================

1000000000

Gas Limit
==================

30000000

Genesis Timestamp
==================

1791177992

Genesis Number
==================

0

Listening on 127.0.0.1:8545

    Block Number: 129
    Block Hash: 0x9785a2db4effbda54af6b23ca283ea30b78629ee27c391fe9aba53b08972f773
    Block Time: "Mon, 5 Oct 2026 05:26:32 +0000"


    Block Number: 130
    Block Hash: 0x4bc8c933c68af75b80e198c61f47133f01b0291485e5313e91edf5378fc5b514
    Block Time: "Mon, 5 Oct 2026 05:26:33 +0000"


    Block Number: 131
    Block Hash: 0xf89519b0801fccfff12901b22abd5e1441d4e382fc95bc64a8bbf64dfdaf5f6b
    Block Time: "Mon, 5 Oct 2026 05:26:33 +0000"

eth_blockNumber
eth_getBlockByNumber
eth_getBlockByNumber
eth_config
eth_chainId
eth_getBlockByNumber
eth_getTransactionCount
eth_getTransactionCount
eth_call
eth_getBlockByNumber
eth_blockNumber
eth_getCode
eth_getCode
eth_getCode
eth_getCode
eth_getCode
eth_getCode
eth_getCode
eth_getCode
eth_getLogs
eth_getLogs
eth_getBlockByNumber
eth_chainId
eth_call
eth_call
eth_call
eth_call
eth_call
eth_blockNumber
eth_call
eth_call
eth_call
eth_getBlockByNumber
eth_getCode
eth_call
eth_call
eth_call

RPC request failed:
    Request: EthCall(WithOtherFields { inner: TransactionRequest { from: Some(0x6cc86bca05169cd371bf055ec6f1534f3aab5182), to: Some(Call(0xe05bfdd95a6a04a5e99b9aba0177474a692895eb)), gas_price: None, max_fee_per_gas: None, max_priority_fee_per_gas: None, max_fee_per_blob_gas: None, gas: None, value: None, input: TransactionInput { input: Some(0x4d4b2cab000000000000000000000000d36307ad1049a678adfa86edd1de0e3d14ad8713), data: None }, nonce: None, chain_id: None, access_list: None, transaction_type: None, blob_versioned_hashes: None, sidecar: None, authorization_list: None }, other: OtherFields {} }, Some(latest), None, None)
    Error: Execution error: execution reverted

eth_call
eth_call
eth_call
eth_blockNumber
eth_call
eth_call
eth_call
eth_call
eth_call
eth_call
eth_getBlockByNumber
eth_getCode
eth_call
eth_getBlockByNumber
eth_call

    Block Number: 132
    Block Hash: 0x488179ad9471045d608798bdd8b8fb49bb09b938ffb5d3d54535c763507d67e7
    Block Time: "Mon, 5 Oct 2026 05:26:33 +0000"

eth_blockNumber
eth_blockNumber
eth_blockNumber
eth_call
eth_blockNumber
eth_blockNumber
eth_call
eth_blockNumber
eth_call
eth_feeHistory
eth_call
eth_call
eth_blockNumber
eth_blockNumber
eth_call
eth_call
eth_getLogs
eth_call
eth_call
eth_blockNumber
eth_getBlockByNumber
eth_getLogs
eth_call
eth_call
eth_call
eth_call
eth_getBlockByNumber
eth_call
eth_call
eth_call
eth_call
eth_call
eth_getLogs
eth_call
eth_call
eth_call
eth_getCode
eth_call
eth_blockNumber
eth_call
eth_blockNumber
eth_getLogs
eth_blockNumber
eth_call
eth_call
eth_blockNumber
eth_call
eth_call
eth_call
eth_call
eth_getBalance
eth_getLogs
eth_getBalance
eth_getTransactionCount
eth_call
eth_getLogs
eth_getTransactionCount
eth_call
eth_getBalance
eth_call
eth_getBalance
eth_getTransactionCount
eth_getTransactionCount
eth_call
eth_feeHistory
eth_feeHistory
eth_feeHistory
eth_call
eth_feeHistory
eth_call
eth_feeHistory
eth_feeHistory
eth_call
eth_feeHistory
eth_feeHistory
eth_feeHistory
eth_feeHistory
eth_feeHistory
eth_feeHistory
eth_feeHistory
eth_feeHistory
eth_feeHistory
eth_feeHistory
eth_feeHistory
eth_feeHistory
eth_getBalance
eth_getTransactionCount
eth_getBalance
eth_getTransactionCount
eth_feeHistory
eth_feeHistory
eth_feeHistory
eth_feeHistory
eth_feeHistory
eth_feeHistory
eth_feeHistory
eth_feeHistory
eth_feeHistory
eth_getBlockByNumber
eth_getLogs
eth_getBlockByNumber
eth_getBlockByNumber
eth_getBlockByNumber

    Block Number: 133
    Block Hash: 0xab86f1b12a77609a005ee28e7450c6e7e896dec13336627090e2c0bc4056e8c2
    Block Time: "Mon, 5 Oct 2026 05:26:33 +0000"

eth_getBlockByNumber
eth_getLogs
eth_getBlockByNumber
eth_getLogs
eth_getBlockByNumber
eth_getBlockByNumber
eth_getBlockByNumber

    Block Number: 134
    Block Hash: 0x9406d824a8eb40ff5f99ed277527d1edb760c4f7a13c0221e88aa13aed43377e
    Block Time: "Mon, 5 Oct 2026 05:26:34 +0000"

eth_getBlockByNumber
eth_getLogs
eth_getBlockByNumber
eth_getLogs
eth_getBlockByNumber
eth_getBlockByNumber
eth_getBlockByNumber

    Block Number: 135
    Block Hash: 0x0cc565277a767b1ae22b0038b041d400be9df86950a28f66595f2f2297a31469
    Block Time: "Mon, 5 Oct 2026 05:26:34 +0000"

eth_getBlockByNumber
eth_getLogs
eth_getBlockByNumber
eth_getLogs
eth_getBlockByNumber
eth_getBlockByNumber
eth_getBlockByNumber

    Block Number: 136
    Block Hash: 0x170d7b1a5591e47d08db30dac9a000dba8959992faa9589cf0b1bd24ab4eea5f
    Block Time: "Mon, 5 Oct 2026 05:26:34 +0000"

eth_getBlockByNumber
eth_getLogs
eth_getBlockByNumber
eth_getLogs
eth_getBlockByNumber
eth_getBlockByNumber
eth_getBlockByNumber

    Block Number: 137
    Block Hash: 0x7dd6fb86e11acbf79390a589817c7df5e428c262e7f9efb593a375eb6a88e258
    Block Time: "Mon, 5 Oct 2026 05:26:34 +0000"

eth_getBlockByNumber
eth_getLogs
eth_getBlockByNumber
eth_getLogs
eth_getBlockByNumber
eth_getBlockByNumber
eth_getBlockByNumber

    Block Number: 138
    Block Hash: 0x8c5b00c3523438a26365555ff291841501d6abb8878d0f305d2ab18fe7324d2a
    Block Time: "Mon, 5 Oct 2026 05:26:35 +0000"

eth_getBlockByNumber
eth_getLogs
eth_getBlockByNumber
eth_getLogs
eth_getBlockByNumber
eth_getBlockByNumber
eth_getBlockByNumber

    Block Number: 139
    Block Hash: 0xc63eb515d503f78ed801d9600b5ae44427ae2029d216367d545284fb6b81a60e
    Block Time: "Mon, 5 Oct 2026 05:26:35 +0000"

eth_getBlockByNumber
eth_getLogs
eth_getBlockByNumber
eth_getLogs
eth_getBlockByNumber
eth_getBlockByNumber
eth_getBlockByNumber

    Block Number: 140
    Block Hash: 0x21f260fe82115a38408798a10fbdaf78210ae4ed86a96f8b067f5cdb749b297a
    Block Time: "Mon, 5 Oct 2026 05:26:35 +0000"

eth_getBlockByNumber
eth_getLogs
eth_getBlockByNumber
eth_getLogs
eth_getBlockByNumber
eth_getBlockByNumber
eth_getBlockByNumber

    Block Number: 141
    Block Hash: 0xef279a840283487e6bbebc804008d6f8075f28dd4f5b763a0907fee9018fcdb1
    Block Time: "Mon, 5 Oct 2026 05:26:35 +0000"

eth_getBlockByNumber
eth_getLogs
eth_getBlockByNumber
eth_getLogs
eth_getBlockByNumber
eth_getBlockByNumber
eth_getBlockByNumber

    Block Number: 142
    Block Hash: 0x2c0228559d5ca004f25d8edc4fdee8f1797159a53c1b8728aa9462d7f2c06027
    Block Time: "Mon, 5 Oct 2026 05:26:36 +0000"

eth_getBlockByNumber
eth_getLogs
eth_getBlockByNumber
eth_getLogs
eth_getBlockByNumber
eth_getBlockByNumber
eth_getBlockByNumber

    Block Number: 143
    Block Hash: 0xe7ded9d3cc37e8e9900fef31cce2eec6e8f71311c02c7be10286bd59e7c3e27d
    Block Time: "Mon, 5 Oct 2026 05:26:36 +0000"

eth_getBlockByNumber
eth_getLogs
eth_getBlockByNumber
eth_getLogs
eth_getBlockByNumber
eth_getBlockByNumber
eth_getBlockByNumber

    Block Number: 144
    Block Hash: 0xa150d73d144fc13f1687fb008848448087f6fe6eb1829a212a07d4f08570cd2c
    Block Time: "Mon, 5 Oct 2026 05:26:36 +0000"

eth_getBlockByNumber
eth_getLogs
eth_getBlockByNumber
eth_getLogs
eth_getBlockByNumber
eth_getBlockByNumber
eth_getBlockByNumber

    Block Number: 145
    Block Hash: 0x52f403e319cc5e6ef041b6a62d60ca342185690296f2d66d1e3a23162c81d73e
    Block Time: "Mon, 5 Oct 2026 05:26:36 +0000"

eth_getBlockByNumber
eth_getLogs
eth_getBlockByNumber
eth_getLogs
eth_getBlockByNumber
eth_getBlockByNumber
eth_getBlockByNumber

    Block Number: 146
    Block Hash: 0x1b258fac27d97199fc80cfc2e0c17f6e790885f51bb2b05097911259d85279fe
    Block Time: "Mon, 5 Oct 2026 05:26:37 +0000"

eth_getBlockByNumber
eth_getLogs
eth_getBlockByNumber
eth_getLogs
eth_getBlockByNumber
eth_getBlockByNumber
eth_getBlockByNumber

    Block Number: 147
    Block Hash: 0xb7ecbdc1b576d66e9c6e9f72f1166b12d6c6d7e30b8221a9464ced21badd1c93
    Block Time: "Mon, 5 Oct 2026 05:26:37 +0000"

eth_getBlockByNumber
eth_getLogs
eth_getBlockByNumber
eth_getLogs
eth_getBlockByNumber
eth_getBlockByNumber
eth_getBlockByNumber

    Block Number: 148
    Block Hash: 0xc4df97cfaa0716d14cb6a3959f5a8f9398bc2d19fcdfe65b0f120cc918be4637
    Block Time: "Mon, 5 Oct 2026 05:26:37 +0000"

eth_getBlockByNumber
eth_getLogs
eth_getLogs
eth_getBlockByNumber
eth_getLogs
eth_getBlockByNumber
eth_getBlockByNumber
eth_getBlockByNumber

    Block Number: 149
    Block Hash: 0x8a124091e0ad7c2968c061f8189735761f33d41aaef86de7c37975f09c16c423
    Block Time: "Mon, 5 Oct 2026 05:26:37 +0000"

eth_getBlockByNumber
eth_getLogs
eth_getBlockByNumber
eth_getLogs
eth_getLogs
eth_getBlockByNumber
eth_getBlockByNumber
eth_getBlockByNumber

    Block Number: 150
    Block Hash: 0x2092f47ae01ac622af0a6bc4dbdbea83c09fd86fc3df3148953fc91f3b07f798
    Block Time: "Mon, 5 Oct 2026 05:26:38 +0000"

eth_getBlockByNumber
eth_getLogs
eth_getLogs
eth_getBlockByNumber
eth_getLogs
eth_getBlockByNumber
eth_getBlockByNumber
eth_getBlockByNumber

    Block Number: 151
    Block Hash: 0x76f5ff2376e20fe6a67a8a88d58d52762d525852f58870733d270ae6615c50ca
    Block Time: "Mon, 5 Oct 2026 05:26:38 +0000"

eth_getBlockByNumber
eth_getLogs
eth_getBlockByNumber
eth_getBlockByNumber
eth_getBlockByNumber
eth_getBlockByNumber

    Block Number: 152
    Block Hash: 0xadf5036501dea803845badf98d621a2567ba84ac15bd8293e393a86d1d0f6ad8
    Block Time: "Mon, 5 Oct 2026 05:26:38 +0000"

eth_getBlockByNumber
eth_getBlockByNumber
eth_getLogs
eth_getBlockByNumber
eth_getBlockByNumber
eth_getBlockByNumber

    Block Number: 153
    Block Hash: 0xfa80e1ae1214e428c7553d703cc80e083f27431ec1476883292bcb6ba386e525
    Block Time: "Mon, 5 Oct 2026 05:26:38 +0000"

eth_getBlockByNumber
eth_getLogs
eth_getBlockByNumber
eth_getBlockByNumber
eth_getBlockByNumber
eth_getBlockByNumber

    Block Number: 154
    Block Hash: 0xb30bb9e413490898de72054b002282d3d738da4f2849fb7c03bd43b21617b13d
    Block Time: "Mon, 5 Oct 2026 05:26:39 +0000"

eth_getBlockByNumber
eth_getBlockByNumber
eth_getLogs
eth_getBlockByNumber
eth_getBlockByNumber
eth_getBlockByNumber

    Block Number: 155
    Block Hash: 0x349d32c3386468584ec399fc7dca5a9c896cf5a2494c789f49c0731a0540678c
    Block Time: "Mon, 5 Oct 2026 05:26:39 +0000"

eth_getBlockByNumber
eth_getLogs
eth_getBlockByNumber
eth_getBlockByNumber
eth_getBlockByNumber
eth_getBlockByNumber

    Block Number: 156
    Block Hash: 0x7446a95821284e0b4d566869daadfd765482836f6003f8ed1843a02f5d3e9510
    Block Time: "Mon, 5 Oct 2026 05:26:39 +0000"

eth_getBlockByNumber
eth_getBlockByNumber
eth_getLogs
eth_getBlockByNumber
eth_getBlockByNumber
eth_getBlockByNumber

    Block Number: 157
    Block Hash: 0xaefa5b34c2e283757ecf3e3f72e56fc2de271c024d9615ac6fa277198a66a4d1
    Block Time: "Mon, 5 Oct 2026 05:26:39 +0000"

eth_getBlockByNumber
eth_getLogs
eth_getBlockByNumber
eth_getBlockByNumber
eth_getBlockByNumber
eth_getBlockByNumber

    Block Number: 158
    Block Hash: 0xfbb923ce63653ae197f8a4a67af2dad54350b66a91285f63e95585a2ff283238
    Block Time: "Mon, 5 Oct 2026 05:26:40 +0000"

eth_getBlockByNumber
eth_getBlockByNumber
eth_getLogs
eth_getBlockByNumber
eth_getBlockByNumber
eth_getBlockByNumber

    Block Number: 159
    Block Hash: 0x3cdb2efe3cd5632715665e6cb2e737ead602fbc7f321690810f5717578427400
    Block Time: "Mon, 5 Oct 2026 05:26:40 +0000"

eth_getBlockByNumber
eth_getLogs
eth_getBlockByNumber
eth_getBlockByNumber
eth_getBlockByNumber
eth_getBlockByNumber

    Block Number: 160
    Block Hash: 0xf720e616a7c8f90af7e5b3eb81e142e820157f776245cdfd478f108aeeba580b
    Block Time: "Mon, 5 Oct 2026 05:26:40 +0000"

eth_getBlockByNumber
eth_getBlockByNumber
eth_getLogs
eth_getBlockByNumber
eth_getBlockByNumber
eth_getBlockByNumber

    Block Number: 161
    Block Hash: 0x20e611a8e2637513bb3205b2a22261999cb1cd1c91d6dc89ada1491adb669940
    Block Time: "Mon, 5 Oct 2026 05:26:40 +0000"

eth_getBlockByNumber
eth_getLogs
eth_getBlockByNumber
eth_getBlockByNumber
eth_getBlockByNumber
eth_getBlockByNumber

    Block Number: 162
    Block Hash: 0xe2b71a40e9ba6a2082cb2f252008205aa2fce47765efac5fa607e7709e099fb5
    Block Time: "Mon, 5 Oct 2026 05:26:41 +0000"

eth_getBlockByNumber
eth_getBlockByNumber
eth_getLogs
eth_getBlockByNumber
eth_getBlockByNumber
eth_getBlockByNumber

    Block Number: 163
    Block Hash: 0x0670edbb5c8c69de9ea760f30480f4956b8dca3fbe96041cc4e6b8e06edd3a25
    Block Time: "Mon, 5 Oct 2026 05:26:41 +0000"

eth_getBlockByNumber
eth_getLogs
eth_getBlockByNumber
eth_getBlockByNumber
eth_getBlockByNumber
eth_getBlockByNumber

    Block Number: 164
    Block Hash: 0x4d426141293c3dd5fcb605a3d15c289cb24694925d8d6fa4474befbf91097ef6
    Block Time: "Mon, 5 Oct 2026 05:26:41 +0000"

eth_getBlockByNumber
eth_getBlockByNumber
eth_getLogs
eth_getBlockByNumber
eth_getBlockByNumber
eth_getBlockByNumber

    Block Number: 165
    Block Hash: 0x65a315429677ce36db1e51f997f0f094ece56349cadc441db069649e44096b6a
    Block Time: "Mon, 5 Oct 2026 05:26:41 +0000"

eth_getBlockByNumber
eth_getLogs
eth_call
eth_getTransactionCount
eth_feeHistory
eth_simulateV1
eth_chainId
eth_sendRawTransaction
eth_getBlockByNumber
eth_getBlockByNumber
eth_getBlockByNumber
eth_getBlockByNumber

    Block Number: 166
    Block Hash: 0x10818fc648c8865784760e1e02c8de7f759cbbbdb8fbebf725bcd1a41f3f954c
    Block Time: "Mon, 5 Oct 2026 05:26:42 +0000"

eth_getBlockByNumber
eth_call
eth_getBlockByNumber
eth_getLogs
eth_getBlockByNumber
eth_getBlockByNumber
eth_getBlockByNumber

    Block Number: 167
    Block Hash: 0x7c2cb4365b7c73638236a6e9fad0aa2d0df973e2c153705b8e5ea5f6413fbe90
    Block Time: "Mon, 5 Oct 2026 05:26:42 +0000"

eth_getBlockByNumber
eth_getLogs
eth_getBlockByNumber
eth_getBlockByNumber
eth_getBlockByNumber
eth_getBlockByNumber

    Block Number: 168
    Block Hash: 0xf9941ca1a9663750ece471f5450c048c9e85cd702d30239371a8c39c495b7893
    Block Time: "Mon, 5 Oct 2026 05:26:42 +0000"

eth_getBlockByNumber
eth_getBlockByNumber
eth_getLogs
eth_getBlockByNumber
eth_getBlockByNumber
eth_getBlockByNumber

    Block Number: 169
    Block Hash: 0xb5342f483ee6569d4ec20ffbcdcfb7eea49b5a68b3a47a4be3da4cae8a5dc111
    Block Time: "Mon, 5 Oct 2026 05:26:42 +0000"

eth_getBlockByNumber
eth_getLogs
eth_getBlockByNumber
eth_getBlockByNumber
eth_getBlockByNumber
eth_getBlockByNumber

    Block Number: 170
    Block Hash: 0x5912a67ae703bf9eaf0a51aab0c583c092017433ecbeda49b338633b9452e219
    Block Time: "Mon, 5 Oct 2026 05:26:43 +0000"

eth_getBlockByNumber
eth_getBlockByNumber
eth_getLogs
eth_getBlockByNumber
eth_getBlockByNumber
eth_getBlockByNumber

    Block Number: 171
    Block Hash: 0xdd11d863a625e17b03a6120f7932385bef1638860da294843dac54ea28658a72
    Block Time: "Mon, 5 Oct 2026 05:26:43 +0000"

eth_getBlockByNumber
eth_getLogs
eth_getBlockByNumber
eth_getBlockByNumber
eth_getBlockByNumber
eth_getBlockByNumber

    Block Number: 172
    Block Hash: 0xad840ffbb56c4f620e3e37fb2ec5a4e146d8c587084c966a8f09c3ea45a97e78
    Block Time: "Mon, 5 Oct 2026 05:26:43 +0000"

eth_getBlockByNumber
eth_getBlockByNumber
eth_getLogs
eth_getBlockByNumber
eth_getBlockByNumber
eth_getBlockByNumber

    Block Number: 173
    Block Hash: 0x54ad8f25a3d28b85dc1e12e7b27dee5d67b2960e7fc39aae2e19eef67f1421ed
    Block Time: "Mon, 5 Oct 2026 05:26:43 +0000"

eth_getBlockByNumber
eth_getLogs
eth_getBlockByNumber
eth_getBlockByNumber
eth_getBlockByNumber
eth_getBlockByNumber

    Block Number: 174
    Block Hash: 0x772fe41524407fcd2fa46041d5b1f78900036586f0b2937b87b6ed5372a5eec3
    Block Time: "Mon, 5 Oct 2026 05:26:44 +0000"

eth_getBlockByNumber
eth_getBlockByNumber
eth_getLogs
eth_getBlockByNumber
eth_getBlockByNumber
eth_getBlockByNumber

    Block Number: 175
    Block Hash: 0x30d9a06eb7298a6305facdb4cedbeaf2f0a59cc17fc8c4b91eeb4f67bd913ee9
    Block Time: "Mon, 5 Oct 2026 05:26:44 +0000"

eth_getBlockByNumber
eth_getLogs
eth_getBlockByNumber
eth_getBlockByNumber
eth_getBlockByNumber
eth_getBlockByNumber

    Block Number: 176
    Block Hash: 0x22d8c6b910cff9047a0790f127e37762afb800e66e00083a33ace390df2d5002
    Block Time: "Mon, 5 Oct 2026 05:26:44 +0000"

eth_getBlockByNumber
eth_getBlockByNumber
eth_getLogs
eth_getBlockByNumber
eth_getTransactionReceipt
eth_feeHistory
eth_simulateV1

    Transaction: 0xb3dcfb991019f399ee15fcef8e63d820c7a296816720afa3885ecc9358d96f1a
    Gas used: 197726

    Block Number: 177
    Block Hash: 0x808f875e43ec354674ff34a88608291b9a064cc60d52a0a3fd9d567ac4ed03de
    Block Time: "Mon, 5 Oct 2026 05:26:44 +0000"

eth_sendRawTransaction

    Transaction: 0x23a681e44d5f28087389b67f62916a1502aaaa7c33dfa72b7722646bbfc8f5fa
    Gas used: 144378

    Block Number: 178
    Block Hash: 0xa12b2536b5e4096a488e127b6c22bffd74f36c047812cd6424db1e4800347b67
    Block Time: "Mon, 5 Oct 2026 05:26:44 +0000"

eth_getBlockByNumber
eth_getBlockByNumber
eth_getLogs
eth_getLogs
eth_getTransactionByHash
eth_getTransactionByHash
eth_getBlockByNumber
eth_getTransactionReceipt
eth_blockNumber
eth_getTransactionReceipt
eth_getTransactionReceipt

    Block Number: 179
    Block Hash: 0xe1f3439723d422c937c549fe5ab84d948c5f409e34d2b4c1f49f23ec7076bc4d
    Block Time: "Mon, 5 Oct 2026 05:26:44 +0000"

eth_getBlockByNumber
eth_getLogs
eth_getBlockByNumber
eth_blockNumber
eth_getTransactionReceipt
eth_blockNumber
eth_getTransactionReceipt
eth_getBlockByNumber
eth_getBlockByNumber
eth_blockNumber
eth_getTransactionReceipt
eth_getBlockByNumber

    Block Number: 180
    Block Hash: 0x1c293f0cd6a489f2db0142552aa242b418909af5b8ff579e992f08b5aabd8f87
    Block Time: "Mon, 5 Oct 2026 05:26:45 +0000"

eth_getBlockByNumber
eth_blockNumber
eth_getTransactionReceipt
eth_getBlockByNumber
eth_getLogs
eth_getBlockByNumber
eth_getBlockByNumber
eth_getBlockByNumber

    Block Number: 181
    Block Hash: 0x053e867b33e5893a7e0b23c453fe92862fc2ca98742ec3c642bd7fcb49859eb0
    Block Time: "Mon, 5 Oct 2026 05:26:45 +0000"

eth_getBlockByNumber
eth_getLogs
eth_getBlockByNumber
eth_getBlockByNumber
eth_getBlockByNumber
eth_getBlockByNumber

    Block Number: 182
    Block Hash: 0xc9f60be5f323a2d63b0a0fb5fd9e054134a179a32f34a2ff3a58868b3499262d
    Block Time: "Mon, 5 Oct 2026 05:26:45 +0000"

eth_getBlockByNumber
eth_getTransactionCount
eth_feeHistory
eth_simulateV1
eth_sendRawTransaction
eth_getTransactionReceipt

    Transaction: 0x399d557e3b90a0e11340233bb1854c4087d1e5677a37ba0e450f74425c197204
    Gas used: 121247

    Block Number: 183
    Block Hash: 0xf9d520f8485658bddf1e7087fe57eaf4e9ba52cba6dcc70f075a0468bea1f901
    Block Time: "Mon, 5 Oct 2026 05:26:45 +0000"

eth_getBlockByNumber
eth_getBlockByNumber
eth_getLogs
eth_getLogs
eth_getBlockByNumber
eth_getTransactionReceipt
eth_blockNumber
eth_getTransactionReceipt
eth_getBlockByNumber
eth_getBlockByNumber
eth_blockNumber
eth_getTransactionReceipt

    Block Number: 184
    Block Hash: 0x44cc1f5bd7da60cb10a5a4ee1797a9fe0ab39531d00db4f159f486c7d0dc26f2
    Block Time: "Mon, 5 Oct 2026 05:26:45 +0000"

eth_getBlockByNumber
eth_getLogs
eth_getBlockByNumber
eth_blockNumber
eth_getTransactionReceipt
eth_getBlockByNumber
eth_getBlockByNumber
eth_blockNumber
eth_getTransactionReceipt
eth_getBlockByNumber

    Block Number: 185
    Block Hash: 0x5f0dcc4004bf433024d0092c1c4ac7ed296a245a5ef71e6f96eb04d5a3c46662
    Block Time: "Mon, 5 Oct 2026 05:26:46 +0000"

eth_getBlockByNumber
eth_blockNumber
eth_getTransactionReceipt
eth_getTransactionCount
eth_feeHistory
eth_simulateV1
eth_sendRawTransaction
eth_feeHistory
eth_getTransactionReceipt

    Transaction: 0x29875a425c4fcd55e02e2964cf4a7554632face51c6e73b2056a870763ca7cae
    Gas used: 203896

    Block Number: 186
    Block Hash: 0x26559d018e8ab1d1e6ed29c9dc183dbf68a1a10e9e3b46ac9f22b118a8282f96
    Block Time: "Mon, 5 Oct 2026 05:26:46 +0000"

eth_simulateV1
eth_sendRawTransaction

    Transaction: 0x68623d7d8f750e683f16ba017cdcdd2f8aac0ae4087cf1721ff451b583645dc7
    Gas used: 231619

    Block Number: 187
    Block Hash: 0xe81e63af8669bc68cbdff3134a3770b690e6ffc66f068d165f90eb3b9f9a10e3
    Block Time: "Mon, 5 Oct 2026 05:26:46 +0000"

eth_getBlockByNumber
eth_getBlockByNumber
eth_getLogs
eth_getBlockByNumber
eth_getLogs
eth_getLogs
eth_getBlockByNumber
eth_getTransactionReceipt
eth_blockNumber
eth_getTransactionReceipt
eth_getTransactionReceipt
eth_getBlockByNumber
eth_getBlockByNumber

    Block Number: 188
    Block Hash: 0x8711303e98ede0f295f4b1b0dc3bb03b397c86ab639c55fa1c34e731f0e241f2
    Block Time: "Mon, 5 Oct 2026 05:26:46 +0000"

eth_blockNumber
eth_getTransactionReceipt
eth_blockNumber
eth_getTransactionReceipt
eth_getBlockByNumber
eth_getLogs
eth_getBlockByNumber
eth_call
eth_feeHistory
eth_simulateV1
eth_sendRawTransaction
eth_getTransactionReceipt

    Transaction: 0x5720b47cd7c9568f99f0feae47ce4064ca2d83207d66fc208d57ae7f0321efd5
    Gas used: 142270

    Block Number: 189
    Block Hash: 0xaf78ac19af1e4fe874ad57e4ede544ec9ae0766c225a0751394a516e5c860ca7
    Block Time: "Mon, 5 Oct 2026 05:26:46 +0000"

eth_blockNumber
eth_getTransactionReceipt
eth_getBlockByNumber
eth_getLogs
eth_getTransactionByHash
eth_getBlockByNumber
eth_getTransactionReceipt
eth_blockNumber
eth_getTransactionReceipt
eth_getBlockByNumber

    Block Number: 190
    Block Hash: 0x305c69215fafd9ee314bde34d06781d88cd0874e9a1d29c4c75f5798ab348b05
    Block Time: "Mon, 5 Oct 2026 05:26:46 +0000"

eth_blockNumber
eth_feeHistory
eth_getBlockByNumber
eth_blockNumber
eth_getTransactionReceipt
eth_getBlockByNumber
eth_getLogs
eth_getBlockByNumber
eth_blockNumber
eth_getTransactionReceipt
eth_getBlockByNumber
eth_getBlockByNumber
eth_blockNumber
eth_getTransactionReceipt

    Block Number: 191
    Block Hash: 0x28a92bd85b5ec5679bf9176044bcca940babc767840c9d7b5a91cb9553141679
    Block Time: "Mon, 5 Oct 2026 05:26:46 +0000"

eth_getBlockByNumber
eth_getLogs
eth_getBlockByNumber
eth_blockNumber
eth_getTransactionReceipt
eth_getBlockByNumber
eth_getBlockByNumber
eth_getBlockByNumber

    Block Number: 192
    Block Hash: 0x6501282aa34b05208bd497ec88919223764045c08c0f371612e134b87b33b936
    Block Time: "Mon, 5 Oct 2026 05:26:47 +0000"

eth_getBlockByNumber
eth_getBlockByNumber
eth_getLogs
eth_getBlockByNumber
eth_getBlockByNumber
eth_getBlockByNumber

    Block Number: 193
    Block Hash: 0x9617848962ec4cc85a047bae01013ac8678e77f0e032d0e75aa8d32d233c832d
    Block Time: "Mon, 5 Oct 2026 05:26:47 +0000"

eth_getBlockByNumber
eth_getLogs
eth_getBlockByNumber
eth_getBlockByNumber
eth_getBlockByNumber
eth_getBlockByNumber

    Block Number: 194
    Block Hash: 0xe539877e8506267d9274eb769001d09c5ecf95d4645a491e9cc4b90208c2f638
    Block Time: "Mon, 5 Oct 2026 05:26:47 +0000"

eth_getBlockByNumber
eth_feeHistory
eth_simulateV1
eth_sendRawTransaction
eth_getTransactionReceipt

    Transaction: 0x77ca1149739df73095e9337e35bb9c733e26238535901717cdc6a92b6bedffb9
    Gas used: 97181

    Block Number: 195
    Block Hash: 0xf318717e49254f5b16a768bdafc7d586914da12bfb75a8c8db30cb3206b7cc0f
    Block Time: "Mon, 5 Oct 2026 05:26:47 +0000"

eth_getBlockByNumber
eth_getBlockByNumber
eth_getLogs
eth_getLogs
eth_getBlockByNumber
eth_getTransactionReceipt
eth_blockNumber
eth_getTransactionReceipt
eth_getBlockByNumber
eth_getBlockByNumber

    Block Number: 196
    Block Hash: 0x303013c5d6f306e7872e2f7f3d62af9e12880377cf62811f88f698e00bf7d92c
    Block Time: "Mon, 5 Oct 2026 05:26:47 +0000"

eth_blockNumber
eth_getTransactionReceipt
eth_getBlockByNumber
eth_getLogs
eth_getBlockByNumber
eth_blockNumber
eth_getTransactionReceipt
eth_getBlockByNumber
eth_getBlockByNumber
eth_blockNumber
eth_getTransactionReceipt
eth_getBlockByNumber

    Block Number: 197
    Block Hash: 0x79541e193f1cd933c97e17d718cf6e3ea70b839aff35f9e16c68c1b97e1e2b94
    Block Time: "Mon, 5 Oct 2026 05:26:48 +0000"

eth_getBlockByNumber
eth_getTransactionByHash
eth_blockNumber
eth_getTransactionReceipt
eth_feeHistory
eth_simulateV1
eth_sendRawTransaction

    Transaction: 0xfe124c60f3eacfa11bbdd7f5c8cade0751a3f1d365c7228b43da02e3cc1d3bf4
    Gas used: 171356

    Block Number: 198
    Block Hash: 0x442a66e8b8651cedf36cb4da0d0ed65befa287e062054b769aa9fe61c9020af0
    Block Time: "Mon, 5 Oct 2026 05:26:48 +0000"

eth_getTransactionReceipt
eth_blockNumber
eth_getTransactionReceipt
eth_getBlockByNumber
eth_getBlockByNumber
eth_getLogs
eth_getLogs
eth_getBlockByNumber
eth_getTransactionByHash
eth_blockNumber
eth_getTransactionReceipt
eth_getBlockByNumber
eth_getBlockByNumber

    Block Number: 199
    Block Hash: 0x138e7429b4e3b1d95f5a6925a74c755df63f179e0f572dc9ab2cc9b56d32e815
    Block Time: "Mon, 5 Oct 2026 05:26:48 +0000"

eth_blockNumber
eth_getTransactionReceipt
eth_getBlockByNumber
eth_getLogs
eth_getBlockByNumber
eth_blockNumber
eth_getTransactionReceipt
eth_getBlockByNumber
eth_getBlockByNumber
eth_blockNumber
eth_getTransactionReceipt
eth_getBlockByNumber

    Block Number: 200
    Block Hash: 0x7969b553deca2811195b8e4a7e8fd771a7e5e3fa76d1ccfb6b8096ac128ff809
    Block Time: "Mon, 5 Oct 2026 05:26:48 +0000"

eth_getBlockByNumber
eth_blockNumber
eth_getTransactionReceipt
eth_getBlockByNumber
eth_getLogs
eth_getBlockByNumber
eth_getBlockByNumber
eth_getBlockByNumber

    Block Number: 201
    Block Hash: 0x9c9a59cf0dece0a6d2ded57bcb09d7d6d0279f6e4806890ba15631db94ef5595
    Block Time: "Mon, 5 Oct 2026 05:26:48 +0000"

eth_getBlockByNumber
eth_getLogs
eth_getBlockByNumber
eth_getBlockByNumber
eth_getBlockByNumber
eth_getBlockByNumber

    Block Number: 202
    Block Hash: 0x73a2edd74d0f26ac95baa7d5a05a90188d41398d3ecc8a2087e5fa6c0175cab0
    Block Time: "Mon, 5 Oct 2026 05:26:49 +0000"

eth_getBlockByNumber
eth_getBlockByNumber
eth_getLogs
eth_getBlockByNumber
eth_getBlockByNumber
eth_getBlockByNumber

    Block Number: 203
    Block Hash: 0xb0932dff97abe75c2742bd6b2d731e1451a8890345341406d6b1057ad541cdbb
    Block Time: "Mon, 5 Oct 2026 05:26:49 +0000"

eth_getBlockByNumber
eth_getLogs
eth_getBlockByNumber
eth_getBlockByNumber
eth_getBlockByNumber
eth_getBlockByNumber

    Block Number: 204
    Block Hash: 0xe572c2d0a41da66d7874d43edf107d2885b4ed530ece6426b138824fe3623b78
    Block Time: "Mon, 5 Oct 2026 05:26:49 +0000"

eth_getBlockByNumber
eth_getBlockByNumber
eth_getLogs
eth_getBlockByNumber
eth_getBlockByNumber
eth_getBlockByNumber

    Block Number: 205
    Block Hash: 0x980e980be10b2f2c690f8367cae35aa299b669ab8c18cf4e9f3da9a6c11c3206
    Block Time: "Mon, 5 Oct 2026 05:26:49 +0000"

eth_getBlockByNumber
eth_getLogs
eth_getBlockByNumber
eth_getBlockByNumber
eth_getBlockByNumber
eth_getBlockByNumber

    Block Number: 206
    Block Hash: 0x534ed1d9fb211cc151a25e5c86a8c7a5d5a64a636ed14db2342ca5d2d25a78c0
    Block Time: "Mon, 5 Oct 2026 05:26:50 +0000"

eth_getBlockByNumber
eth_getBlockByNumber
eth_getLogs
eth_getBlockByNumber
eth_getBlockByNumber
eth_getBlockByNumber

    Block Number: 207
    Block Hash: 0x1728d49d914e069a3a2a788d8291970e9b514b82fdf237e9fa8d2482b1bd8764
    Block Time: "Mon, 5 Oct 2026 05:26:50 +0000"

eth_getBlockByNumber
eth_getLogs
eth_getBlockByNumber
eth_call
eth_feeHistory
eth_simulateV1
eth_sendRawTransaction
eth_getTransactionReceipt

    Transaction: 0x98aa3585cf5f6a72ba4e82c408b6fa9996906cfd6319b9911c6d9b770a61424d
    Gas used: 141874

    Block Number: 208
    Block Hash: 0xa458c93d8ba09de8699eeb77dcfbe282923100567c7da5cd9b53ad013aef0fa7
    Block Time: "Mon, 5 Oct 2026 05:26:50 +0000"

eth_getBlockByNumber
eth_getLogs
eth_getTransactionByHash
eth_getBlockByNumber
eth_getTransactionReceipt
eth_blockNumber
eth_getTransactionReceipt
eth_getBlockByNumber

    Block Number: 209
    Block Hash: 0xc6e11c9aa86948569433c1f491c58a2a4bb45498638bc8ba2d2461f1843569f5
    Block Time: "Mon, 5 Oct 2026 05:26:50 +0000"

eth_getBlockByNumber
eth_getTransactionByHash
eth_blockNumber
eth_getTransactionReceipt
eth_getBlockByNumber
eth_getLogs
eth_getBlockByNumber
eth_blockNumber
eth_getTransactionReceipt
eth_getBlockByNumber
eth_getBlockByNumber
eth_blockNumber
eth_getTransactionReceipt

    Block Number: 210
    Block Hash: 0xf40e7a627242d249495c84e938690e2161982637ff3ebb08f533e1693e20db82
    Block Time: "Mon, 5 Oct 2026 05:26:50 +0000"

eth_getBlockByNumber
eth_getLogs
eth_getBlockByNumber
eth_blockNumber
eth_getTransactionReceipt
eth_getBlockByNumber
eth_getBlockByNumber
eth_getBlockByNumber

    Block Number: 211
    Block Hash: 0xad3dd7bb8e3825626e7674bbf175920950591ea3d9da4fce2c6bd83c37b8c386
    Block Time: "Mon, 5 Oct 2026 05:26:51 +0000"

eth_getBlockByNumber
eth_getBlockByNumber
eth_getLogs
eth_getBlockByNumber
eth_getBlockByNumber
eth_getBlockByNumber

    Block Number: 212
    Block Hash: 0xca1236b795070fcbc86cc023c67853645325559dc26ed1ae887cc83a64e52bd1
    Block Time: "Mon, 5 Oct 2026 05:26:51 +0000"

eth_getBlockByNumber
eth_getLogs
eth_getBlockByNumber
eth_getBlockByNumber
eth_getBlockByNumber
eth_getBlockByNumber

    Block Number: 213
    Block Hash: 0xd04aef47c1a738ea8b685f998cfac640b88b9214e829bc4d35015864df0dd264
    Block Time: "Mon, 5 Oct 2026 05:26:51 +0000"

eth_getBlockByNumber
eth_feeHistory
eth_simulateV1
eth_sendRawTransaction
eth_getTransactionReceipt

    Transaction: 0xce4763ba1d2442b1c9ac8b9754de97321052371a8e317e1061d9ec1f63b51b5d
    Gas used: 96797

    Block Number: 214
    Block Hash: 0x5ee2c063e496c991bbbb98d5dd4b34f4e429a475ec1fa6ad61fc2a4c0f765dc2
    Block Time: "Mon, 5 Oct 2026 05:26:51 +0000"

eth_getBlockByNumber
eth_getBlockByNumber
eth_getLogs
eth_getLogs
eth_getBlockByNumber
eth_getTransactionReceipt
eth_blockNumber
eth_getTransactionReceipt
eth_getBlockByNumber
eth_getBlockByNumber

    Block Number: 215
    Block Hash: 0xf983ecf6b3363011f3f58f7edac3ea85b4ccec14dca98196e567f99b14ba2053
    Block Time: "Mon, 5 Oct 2026 05:26:51 +0000"

eth_blockNumber
eth_getTransactionReceipt
eth_getBlockByNumber
eth_getLogs
eth_getBlockByNumber
eth_blockNumber
eth_getTransactionReceipt
eth_getBlockByNumber
eth_getBlockByNumber
eth_blockNumber
eth_getTransactionReceipt
eth_getBlockByNumber

    Block Number: 216
    Block Hash: 0x55db7805d63ffdb0d365dc50e7dbe5b046e72f282c173d1ec123602340326c49
    Block Time: "Mon, 5 Oct 2026 05:26:52 +0000"

eth_getBlockByNumber
eth_blockNumber
eth_getTransactionReceipt
eth_feeHistory
eth_simulateV1
eth_sendRawTransaction
eth_getTransactionReceipt

    Transaction: 0x99c8dd614bcde0eac0b7c8c7d682f709113d0618b55af4dfc9c2d01b8204b735
    Gas used: 171368

    Block Number: 217
    Block Hash: 0x6deb7e0968daeb50461c36cf9b65539c9efa457e059a21750efd6e9ef43ce86a
    Block Time: "Mon, 5 Oct 2026 05:26:52 +0000"

eth_getBlockByNumber
eth_getBlockByNumber
eth_getLogs
eth_getLogs
eth_getBlockByNumber
eth_getTransactionReceipt
eth_blockNumber
eth_getTransactionReceipt
eth_getBlockByNumber
eth_getBlockByNumber

    Block Number: 218
    Block Hash: 0x69ec3864443b4501b339adb0a37dba7e551a0ad68313151b55d115ce3d77f4f6
    Block Time: "Mon, 5 Oct 2026 05:26:52 +0000"

eth_blockNumber
eth_getTransactionReceipt
eth_getBlockByNumber
eth_getLogs
eth_getBlockByNumber
eth_blockNumber
eth_getTransactionReceipt
eth_getBlockByNumber
eth_getBlockByNumber
eth_blockNumber
eth_getTransactionReceipt
eth_getBlockByNumber

    Block Number: 219
    Block Hash: 0xfeea6f29e3cf8b6cdb9e0a2939f9445b2360a8cb37d09627c159a2a27c366731
    Block Time: "Mon, 5 Oct 2026 05:26:52 +0000"

eth_getBlockByNumber
eth_getBlockByNumber
eth_blockNumber
eth_getLogs
eth_getTransactionReceipt
eth_getBlockByNumber
eth_getBlockByNumber
eth_getBlockByNumber

    Block Number: 220
    Block Hash: 0x9b6eb448e9c3d69a18851e71e150f5ea265c232430a62f6438a2f5ff94d0a5aa
    Block Time: "Mon, 5 Oct 2026 05:26:52 +0000"

eth_getBlockByNumber
eth_getLogs
eth_getBlockByNumber
eth_getBlockByNumber
eth_getBlockByNumber
eth_getBlockByNumber

    Block Number: 221
    Block Hash: 0x0e89cda3e0006aaa910ee2b32537d591e1e6f373e6688602c71f7cd685c7f734
    Block Time: "Mon, 5 Oct 2026 05:26:53 +0000"

eth_getBlockByNumber
eth_getBlockByNumber
eth_getLogs
eth_getBlockByNumber
eth_getBlockByNumber
eth_getBlockByNumber

    Block Number: 222
    Block Hash: 0x58aec0c9b9b2f35e19651537af09e6bc95bde75c279d543106d8d6afa3c6f36a
    Block Time: "Mon, 5 Oct 2026 05:26:53 +0000"

eth_getBlockByNumber
eth_getLogs
eth_getBlockByNumber
eth_getBlockByNumber
eth_getBlockByNumber
eth_getBlockByNumber

    Block Number: 223
    Block Hash: 0x3aeaa55303b6f71900e8ee43d5dd78f0ef807d966ce81d7b31f671f0a99ff3ac
    Block Time: "Mon, 5 Oct 2026 05:26:53 +0000"

eth_getBlockByNumber
eth_getBlockByNumber
eth_getLogs
eth_getBlockByNumber
eth_getBlockByNumber
eth_getBlockByNumber

    Block Number: 224
    Block Hash: 0xaeb6a106ca9ca95dfdb45f8240f86725598f05dbf8cbe1167a113420e71e1a15
    Block Time: "Mon, 5 Oct 2026 05:26:53 +0000"

eth_getBlockByNumber
eth_getLogs
eth_getBlockByNumber
eth_getBlockByNumber
eth_getBlockByNumber
eth_getBlockByNumber

    Block Number: 225
    Block Hash: 0xa5ee1d6e453bf96c61397ed6714008a7058e579d76fc564873517cf851731477
    Block Time: "Mon, 5 Oct 2026 05:26:54 +0000"

eth_getBlockByNumber
eth_getBlockByNumber
eth_getLogs
eth_getBlockByNumber
eth_getBlockByNumber
eth_getBlockByNumber

    Block Number: 226
    Block Hash: 0x887be07f703d38529cf6c29258a8b02310e1fcb3157f78ea8c0ac250586eefcd
    Block Time: "Mon, 5 Oct 2026 05:26:54 +0000"

eth_getBlockByNumber
eth_getLogs
eth_getBlockByNumber
eth_call
eth_feeHistory
eth_simulateV1
eth_sendRawTransaction
eth_getTransactionReceipt

    Transaction: 0x990a569bca8e50d19b7fb8075c8dd25b28f87bf688af4b2eef38307bed5fdd14
    Gas used: 141886

    Block Number: 227
    Block Hash: 0x8619d84425411cdcac8ee925403c1a50f0ae380516e688951cf8e9947307b095
    Block Time: "Mon, 5 Oct 2026 05:26:54 +0000"

eth_getBlockByNumber
eth_getLogs
eth_getTransactionByHash
eth_getBlockByNumber
eth_getTransactionReceipt
eth_blockNumber
eth_getTransactionReceipt
eth_getBlockByNumber

    Block Number: 228
    Block Hash: 0x7a902db6b1ef1ec48b1305d5490edcce115b7cb7b4f3ea872bc12bd43ae0f5d2
    Block Time: "Mon, 5 Oct 2026 05:26:54 +0000"

eth_getBlockByNumber
eth_getTransactionByHash
eth_blockNumber
eth_getTransactionReceipt
eth_getBlockByNumber
eth_getLogs
eth_getBlockByNumber
eth_blockNumber
eth_getTransactionReceipt
eth_getBlockByNumber
eth_getBlockByNumber

    Block Number: 229
    Block Hash: 0x3cd88ed5d67e8c5d4f47aca9e1915950165b4824bbd69a5e81a74fd4df6a3176
    Block Time: "Mon, 5 Oct 2026 05:26:54 +0000"

eth_blockNumber
eth_getTransactionReceipt
eth_getBlockByNumber
eth_getLogs
eth_getBlockByNumber
eth_getBlockByNumber
eth_getBlockByNumber
eth_getBlockByNumber

    Block Number: 230
    Block Hash: 0xd296fd8cc2ebaac62ffbff1259e547c7da158ab523a017118605b08a2f633e6e
    Block Time: "Mon, 5 Oct 2026 05:26:55 +0000"

eth_getBlockByNumber
eth_getBlockByNumber
eth_getLogs
eth_getBlockByNumber
eth_getBlockByNumber
eth_getBlockByNumber

    Block Number: 231
    Block Hash: 0xccc6148c88c6f3cc5a216ac0df576d4340a7b6f1a86badd812a7c1297ff83734
    Block Time: "Mon, 5 Oct 2026 05:26:55 +0000"

eth_getBlockByNumber
eth_getLogs
eth_getBlockByNumber
eth_getBlockByNumber
eth_getBlockByNumber
eth_getBlockByNumber

    Block Number: 232
    Block Hash: 0x501dc5ff05fa31a57166fbb343df06297dff6d876e524c656d2be34203e9e6b3
    Block Time: "Mon, 5 Oct 2026 05:26:55 +0000"

eth_getBlockByNumber
eth_feeHistory
eth_simulateV1
eth_sendRawTransaction
eth_getTransactionReceipt

    Transaction: 0x95efca5e465f9def7b2f56be6177b7bbe9569489d837035e2234b6d7b88e5774
    Gas used: 96809

    Block Number: 233
    Block Hash: 0x267a9b876af291301a04b0722a713f029035a1e118c65c3f23a362e6b62b6b14
    Block Time: "Mon, 5 Oct 2026 05:26:55 +0000"

eth_getBlockByNumber
eth_getBlockByNumber
eth_getLogs
eth_getLogs
eth_getBlockByNumber
eth_getTransactionReceipt
eth_blockNumber
eth_getTransactionReceipt
eth_getBlockByNumber
eth_getBlockByNumber

    Block Number: 234
    Block Hash: 0xd64775bcb134f4dbc4de1219115a0755a36b9f282a2df44cd56a01b3b0ec526d
    Block Time: "Mon, 5 Oct 2026 05:26:55 +0000"

eth_blockNumber
eth_getTransactionReceipt
eth_getBlockByNumber
eth_getLogs
eth_getBlockByNumber
eth_blockNumber
eth_getTransactionReceipt
eth_getBlockByNumber
eth_getBlockByNumber
eth_blockNumber
eth_getTransactionReceipt
eth_getBlockByNumber

    Block Number: 235
    Block Hash: 0x5bac30c6ca8eb115ba0b06524567187c71f5b10d5507dc1064eb1a9e8e3f2594
    Block Time: "Mon, 5 Oct 2026 05:26:56 +0000"

eth_getBlockByNumber
eth_blockNumber
eth_getTransactionReceipt
eth_feeHistory
eth_simulateV1
eth_sendRawTransaction
eth_getTransactionReceipt

    Transaction: 0xbc115b7e8db5558336c68d244eacc84ebfb4ba1376f9931bd982fbc50dff06a4
    Gas used: 171368

    Block Number: 236
    Block Hash: 0xa6587307220718837efab78cf1fa3c68177fda425d749acc1d621abcc7afd43d
    Block Time: "Mon, 5 Oct 2026 05:26:56 +0000"

eth_getBlockByNumber
eth_getBlockByNumber
eth_getLogs
eth_getLogs
eth_getBlockByNumber
eth_getTransactionReceipt
eth_blockNumber
eth_getTransactionReceipt
eth_getBlockByNumber
eth_getBlockByNumber

    Block Number: 237
    Block Hash: 0x25a7292c1e38cfa85892cc0267a765ffc84f01eddbba95fd900021cb20da55c8
    Block Time: "Mon, 5 Oct 2026 05:26:56 +0000"

eth_getBlockByNumber
eth_getLogs
eth_blockNumber
eth_getTransactionReceipt
eth_getBlockByNumber
eth_getBlockByNumber
eth_blockNumber
eth_getTransactionReceipt
eth_getBlockByNumber
eth_getBlockByNumber
eth_blockNumber
eth_getTransactionReceipt

    Block Number: 238
    Block Hash: 0xe3ae4fb70be775d17366483b149823105eb7c3ff301fb2617c7b80a5331dfaf1
    Block Time: "Mon, 5 Oct 2026 05:26:56 +0000"

eth_getBlockByNumber
eth_getBlockByNumber
eth_getLogs
eth_blockNumber
eth_getTransactionReceipt
eth_getBlockByNumber
eth_getBlockByNumber
eth_getBlockByNumber

    Block Number: 239
    Block Hash: 0x21f474b5f4c22d156c03d9c2824e89d0e0bf604308f01dd606f66fb494b43444
    Block Time: "Mon, 5 Oct 2026 05:26:56 +0000"

eth_getBlockByNumber
eth_getLogs
eth_getBlockByNumber
eth_getBlockByNumber
eth_getBlockByNumber
eth_getBlockByNumber

    Block Number: 240
    Block Hash: 0x08284561559941dd83aa6e0d6e0158b897cbdd8d76406d6a12f1e70ab8889595
    Block Time: "Mon, 5 Oct 2026 05:26:57 +0000"

eth_getBlockByNumber
eth_getBlockByNumber
eth_getLogs
eth_getBlockByNumber
eth_getBlockByNumber
eth_getBlockByNumber

    Block Number: 241
    Block Hash: 0x5ea928d4ef8ad3410d5721847ab5c5d3790c34ba85527f1cb6586f3eb6b330f6
    Block Time: "Mon, 5 Oct 2026 05:26:57 +0000"

eth_getBlockByNumber
eth_getLogs
eth_getBlockByNumber
eth_getBlockByNumber
eth_getBlockByNumber
eth_getBlockByNumber

    Block Number: 242
    Block Hash: 0x27586451059fb74f37b15e712e7b3fe24cf46543083cef3f9746685420948534
    Block Time: "Mon, 5 Oct 2026 05:26:57 +0000"

eth_getBlockByNumber
eth_getBlockByNumber
eth_getLogs
eth_getBlockByNumber
eth_getBlockByNumber
eth_getBlockByNumber

    Block Number: 243
    Block Hash: 0xf20f8efdd503bbebbbaff78b931cf77681f764f59735baab33acb577d9c8e9cd
    Block Time: "Mon, 5 Oct 2026 05:26:57 +0000"

eth_getBlockByNumber
eth_getLogs
eth_getBlockByNumber
eth_getBlockByNumber
eth_getBlockByNumber
eth_getBlockByNumber

    Block Number: 244
    Block Hash: 0xeb436411759902f89efc005b260f55205d740cf56cf6721d5537f55a823bfff7
    Block Time: "Mon, 5 Oct 2026 05:26:58 +0000"

eth_getBlockByNumber
eth_getBlockByNumber
eth_getLogs
eth_getBlockByNumber
eth_getBlockByNumber
eth_getBlockByNumber

    Block Number: 245
    Block Hash: 0xaed5d0cb52159f489980e15f3ddad9cd53268c6917e3ff3e838595b0904cd0d3
    Block Time: "Mon, 5 Oct 2026 05:26:58 +0000"

eth_getBlockByNumber
eth_getLogs
eth_getBlockByNumber
eth_getBlockByNumber
eth_call
eth_feeHistory
eth_simulateV1
eth_sendRawTransaction
eth_getTransactionReceipt

    Transaction: 0x1ab83d2643d7224d3de570497ae8196b372bbe5710f14b50aa2462b80d168696
    Gas used: 141886

    Block Number: 246
    Block Hash: 0x59a33be4241ea3bab3883e0c1294341c5b24c681b301a4a335b86017b62bc0e4
    Block Time: "Mon, 5 Oct 2026 05:26:58 +0000"

eth_getBlockByNumber
eth_getBlockByNumber
eth_getLogs
eth_getTransactionByHash
eth_getTransactionReceipt
eth_blockNumber
eth_getTransactionReceipt

    Block Number: 247
    Block Hash: 0x6757c43b094b8bed7b5c6f624717a5f562dff892d7cc9ffa3ad33acfe2b0b15c
    Block Time: "Mon, 5 Oct 2026 05:26:58 +0000"

eth_getBlockByNumber
eth_getTransactionByHash
eth_getBlockByNumber
eth_getLogs
eth_blockNumber
eth_getTransactionReceipt
eth_getBlockByNumber
eth_getBlockByNumber
eth_blockNumber
eth_getTransactionReceipt
eth_getBlockByNumber

    Block Number: 248
    Block Hash: 0xf7b130d30b720d9e2d89c7cc47ec62708d1e93e74ad8b836b4e53a75dd6b4c4d
    Block Time: "Mon, 5 Oct 2026 05:26:58 +0000"

eth_getBlockByNumber
eth_getLogs
eth_blockNumber
eth_getTransactionReceipt
eth_getBlockByNumber
eth_getBlockByNumber
eth_getBlockByNumber
eth_getBlockByNumber

    Block Number: 249
    Block Hash: 0xade81e136145a2dad8c050f8ce165881663844e5764d9da9c1e8f71b2489474b
    Block Time: "Mon, 5 Oct 2026 05:26:59 +0000"

eth_getBlockByNumber
eth_getBlockByNumber
eth_getLogs
eth_getBlockByNumber
eth_getBlockByNumber
eth_getBlockByNumber

    Block Number: 250
    Block Hash: 0x6a97ab65d76904a91d9ef6c861c1a9d2ae694aa2cb15c1db77f70ff4b73b6b5c
    Block Time: "Mon, 5 Oct 2026 05:26:59 +0000"

eth_getBlockByNumber
eth_getLogs
eth_getBlockByNumber
eth_getBlockByNumber
eth_getBlockByNumber
eth_getBlockByNumber

    Block Number: 251
    Block Hash: 0x771e14c13bccb0905bab817839b79c98b36eb6db80c09959515918faab2a4f95
    Block Time: "Mon, 5 Oct 2026 05:26:59 +0000"

eth_blockNumber
eth_feeHistory
eth_getBlockByNumber
eth_feeHistory
eth_simulateV1
eth_sendRawTransaction
eth_getTransactionReceipt

    Transaction: 0x402b9591ad69da341f4b824f00b7fef8229462dc01100bf60f4881ee2794f586
    Gas used: 96809

    Block Number: 252
    Block Hash: 0x2226d027e0113799f9bdbfd333241921c6b76a064313767c9d9752afd319dd86
    Block Time: "Mon, 5 Oct 2026 05:26:59 +0000"

eth_getBlockByNumber
eth_getBlockByNumber
eth_getLogs
eth_getLogs
eth_getBlockByNumber
eth_getTransactionReceipt
eth_blockNumber
eth_getTransactionReceipt
eth_getBlockByNumber
eth_getBlockByNumber

    Block Number: 253
    Block Hash: 0xefd89008231e49f21a57ea725b4398512bf639ca5bbab8a37a9bbb89455f61b2
    Block Time: "Mon, 5 Oct 2026 05:26:59 +0000"

eth_blockNumber
eth_getTransactionReceipt
eth_getBlockByNumber
eth_getLogs
eth_getBlockByNumber
eth_blockNumber
eth_getTransactionReceipt
eth_getBlockByNumber
eth_getBlockByNumber
eth_blockNumber
eth_getTransactionReceipt
eth_getBlockByNumber

    Block Number: 254
    Block Hash: 0x57cd12ac64eda5f78f7bbc03087379f70256b5137e52bca8f015e5dff35b7e3d
    Block Time: "Mon, 5 Oct 2026 05:27:00 +0000"

eth_getBlockByNumber
eth_blockNumber
eth_getTransactionReceipt
eth_feeHistory
eth_getBlockByNumber
eth_getLogs
eth_simulateV1
eth_sendRawTransaction
eth_getTransactionReceipt

    Transaction: 0x8bc1a86837397f2bd965ef2b35c5ae18407bdfcc8ef76d52b90550a75e28b240
    Gas used: 171368

    Block Number: 255
    Block Hash: 0x7327c3588cb3f6f435c5bdd38a85c7fd03fe9ee5fb76179ebf3dbabf8b9a4ad8
    Block Time: "Mon, 5 Oct 2026 05:27:00 +0000"

eth_getBlockByNumber
eth_getBlockByNumber
eth_getLogs
eth_getTransactionReceipt
eth_blockNumber
eth_getTransactionReceipt
eth_getBlockByNumber

    Block Number: 256
    Block Hash: 0x5501712c2b7d9c249067ab3575193aac8bad6a2b3eb7c8a34acfc767d3135317
    Block Time: "Mon, 5 Oct 2026 05:27:00 +0000"

eth_getBlockByNumber
eth_getLogs
eth_blockNumber
eth_getTransactionReceipt
eth_getBlockByNumber
eth_getBlockByNumber
eth_blockNumber
eth_getTransactionReceipt
eth_getBlockByNumber
eth_getBlockByNumber
eth_blockNumber
eth_getTransactionReceipt

    Block Number: 257
    Block Hash: 0xe68edbe33dac322716593f09ca7ebd51bbf9c496437439ed78a2f67b8dd95875
    Block Time: "Mon, 5 Oct 2026 05:27:00 +0000"

eth_getBlockByNumber
eth_getBlockByNumber
eth_getLogs
eth_blockNumber
eth_getTransactionReceipt
eth_getBlockByNumber
eth_getBlockByNumber
eth_getBlockByNumber

    Block Number: 258
    Block Hash: 0x5b918b418d8e0f12f48eb2d9b8c51d997e5754ba317f27a6b55e73d64caef12b
    Block Time: "Mon, 5 Oct 2026 05:27:00 +0000"

eth_getBlockByNumber
eth_getLogs
eth_getBlockByNumber
eth_getBlockByNumber
eth_getBlockByNumber
eth_getBlockByNumber

    Block Number: 259
    Block Hash: 0x4e29e6a484f5a0db4838a49c934e3101ce3bcce5e1939a9e8e60ec26b98d08d4
    Block Time: "Mon, 5 Oct 2026 05:27:01 +0000"

eth_getBlockByNumber
eth_getBlockByNumber
eth_getLogs
eth_getBlockByNumber
eth_getBlockByNumber
eth_getBlockByNumber

    Block Number: 260
    Block Hash: 0xc9b309ea538424b408a88713bdcb377385f0413d89f9112394944e3cde215656
    Block Time: "Mon, 5 Oct 2026 05:27:01 +0000"

eth_getBlockByNumber
eth_getLogs
eth_getBlockByNumber
eth_getBlockByNumber
eth_getBlockByNumber
eth_getBlockByNumber

    Block Number: 261
    Block Hash: 0xc2e63fe14173ec2e8ca67d6641bfd4b74641d25d0896a3ebb1df1f5640bb70f8
    Block Time: "Mon, 5 Oct 2026 05:27:01 +0000"

eth_getBlockByNumber
eth_getBlockByNumber
eth_getLogs
eth_getBlockByNumber
eth_getBlockByNumber
eth_getBlockByNumber

    Block Number: 262
    Block Hash: 0x0b9df6f862ec707da8d0916d9aacb2475dc23d9ac9834bca87afa1fdd72d7560
    Block Time: "Mon, 5 Oct 2026 05:27:01 +0000"

eth_getBlockByNumber
eth_getLogs
eth_getBlockByNumber
eth_getBlockByNumber
eth_getBlockByNumber
eth_getBlockByNumber

    Block Number: 263
    Block Hash: 0x5ea598bcdc8cf06284633f1c0afff4eb6864e87e19709416ca5c57057173e0d7
    Block Time: "Mon, 5 Oct 2026 05:27:02 +0000"

eth_getBlockByNumber
eth_getBlockByNumber
eth_getLogs
eth_getBlockByNumber
eth_getBlockByNumber
eth_getBlockByNumber

    Block Number: 264
    Block Hash: 0xa30e6e74f6a2762f3ff10429dd0f9261a943ab8ab17c081593352a8a275b7e4d
    Block Time: "Mon, 5 Oct 2026 05:27:02 +0000"

eth_getBlockByNumber
eth_getLogs
eth_getBlockByNumber
eth_call
eth_feeHistory
eth_simulateV1
eth_getBlockByNumber
eth_sendRawTransaction
eth_getTransactionReceipt

    Transaction: 0x29758ce43b1bc28ac99ebd4d3e530df16253b7c46daba2d9c9c3c73a06b81770
    Gas used: 141886

    Block Number: 265
    Block Hash: 0xa13a7e01c1ffec29fdb2758de2817ddae9a3005df21b45280a7ee8f0c55bd9cf
    Block Time: "Mon, 5 Oct 2026 05:27:02 +0000"

eth_getBlockByNumber
eth_getBlockByNumber
eth_getLogs
eth_getTransactionByHash
eth_getTransactionReceipt
eth_blockNumber
eth_getTransactionReceipt

    Block Number: 266
    Block Hash: 0xae8c84a5717d7835502fed155287c4ff0a3a057997f39bed53f680077952ab86
    Block Time: "Mon, 5 Oct 2026 05:27:02 +0000"

eth_getBlockByNumber
eth_getTransactionByHash
eth_getBlockByNumber
eth_getLogs
eth_blockNumber
eth_getTransactionReceipt
eth_getBlockByNumber
eth_getBlockByNumber
eth_blockNumber
eth_getTransactionReceipt
eth_getBlockByNumber

    Block Number: 267
    Block Hash: 0x27d5dfc6a2a3e41f835f5298a08a15bc6e8e7f461f3a2f79b55a61a2f5330ba4
    Block Time: "Mon, 5 Oct 2026 05:27:02 +0000"

eth_getBlockByNumber
eth_getLogs
eth_blockNumber
eth_getTransactionReceipt
eth_getBlockByNumber
eth_getBlockByNumber
eth_getBlockByNumber
eth_getBlockByNumber

    Block Number: 268
    Block Hash: 0x9e417a03b4cd8bef9f8657cbc8659c3a945a17777580ebd73fe574b80a59268a
    Block Time: "Mon, 5 Oct 2026 05:27:03 +0000"

eth_getBlockByNumber
eth_getBlockByNumber
eth_getLogs
eth_getBlockByNumber
eth_getBlockByNumber
eth_getBlockByNumber

    Block Number: 269
    Block Hash: 0x73f2908a41b291dd8146578a3cd5febf3628a35cd14ae021b3134003139c30c9
    Block Time: "Mon, 5 Oct 2026 05:27:03 +0000"

eth_getBlockByNumber
eth_getLogs
eth_getBlockByNumber
eth_getBlockByNumber
eth_getBlockByNumber
eth_getBlockByNumber

    Block Number: 270
    Block Hash: 0xaec740345a86fb6f40db00d4d0abc3e81411934af6234f459b85abf5d2ba9892
    Block Time: "Mon, 5 Oct 2026 05:27:03 +0000"

eth_getBlockByNumber
eth_feeHistory
eth_simulateV1
eth_sendRawTransaction
eth_getTransactionReceipt

    Transaction: 0x7f05b3f19700c9f636b62cccae660b8afe82f71291e79c39178e2d4f7cd35e11
    Gas used: 96809

    Block Number: 271
    Block Hash: 0x6adeb1adbaec76b4306c610f57fb1aa1ab3751bf1017661d68098e238603f4eb
    Block Time: "Mon, 5 Oct 2026 05:27:03 +0000"

eth_getBlockByNumber
eth_getBlockByNumber
eth_getLogs
eth_getLogs
eth_getBlockByNumber
eth_getTransactionReceipt
eth_blockNumber
eth_getTransactionReceipt
eth_getBlockByNumber
eth_getBlockByNumber

    Block Number: 272
    Block Hash: 0x6c920eb507a9bc325132cafc33cbae69584aaf648e796a7e6ac25fda66dc4112
    Block Time: "Mon, 5 Oct 2026 05:27:03 +0000"

eth_blockNumber
eth_getTransactionReceipt
eth_getBlockByNumber
eth_getLogs
eth_getBlockByNumber
eth_blockNumber
eth_getTransactionReceipt
eth_getBlockByNumber
eth_getBlockByNumber
eth_blockNumber
eth_getTransactionReceipt
eth_getBlockByNumber

    Block Number: 273
    Block Hash: 0x639622d7a853d38928226fc6553afc3247b84425233afb374c25b8870871e832
    Block Time: "Mon, 5 Oct 2026 05:27:04 +0000"

eth_getBlockByNumber
eth_blockNumber
eth_getTransactionReceipt
eth_getBlockByNumber
eth_getLogs
eth_feeHistory
eth_simulateV1
eth_sendRawTransaction
eth_getTransactionReceipt

    Transaction: 0xb06ba522a74fc2fc286da77660a948a4ef70df5e0cd7c06fe69e165cfa520053
    Gas used: 171368

    Block Number: 274
    Block Hash: 0xae74c539d30040e4d475eaeafeaf37cfab6790f044253f288458476960b17e94
    Block Time: "Mon, 5 Oct 2026 05:27:04 +0000"

eth_getBlockByNumber
eth_getBlockByNumber
eth_getLogs
eth_getTransactionReceipt
eth_blockNumber
eth_getTransactionReceipt
eth_getBlockByNumber

    Block Number: 275
    Block Hash: 0x7b61c3a33fb3b09b401d6d7fe6e52b374ee1fbe993f52bf960bab60d63b5c9ac
    Block Time: "Mon, 5 Oct 2026 05:27:04 +0000"

eth_getBlockByNumber
eth_getLogs
eth_blockNumber
eth_getTransactionReceipt
eth_getBlockByNumber
eth_getBlockByNumber
eth_blockNumber
eth_getTransactionReceipt
eth_getBlockByNumber
eth_getBlockByNumber
eth_blockNumber
eth_getTransactionReceipt

    Block Number: 276
    Block Hash: 0x0c428e0bfe584955f5edf65b6524273dc4146ccceab0a7ae37a6ed455e37b021
    Block Time: "Mon, 5 Oct 2026 05:27:04 +0000"

eth_getBlockByNumber
eth_getBlockByNumber
eth_getLogs
eth_blockNumber
eth_getTransactionReceipt
eth_getBlockByNumber
eth_getBlockByNumber
eth_getBlockByNumber

    Block Number: 277
    Block Hash: 0x7ebc4967ecdb0e45a8e3ea11f84e903c567a0db3f9519d3fe0112b986d77c6e4
    Block Time: "Mon, 5 Oct 2026 05:27:04 +0000"

eth_getBlockByNumber
eth_getLogs
eth_getBlockByNumber
eth_getBlockByNumber
eth_getBlockByNumber
eth_getBlockByNumber

    Block Number: 278
    Block Hash: 0x57ed48eea294c02ed147aa05836df5344826c7f2bb51dedfcb9ec6097a8127e6
    Block Time: "Mon, 5 Oct 2026 05:27:05 +0000"

eth_getBlockByNumber
eth_getBlockByNumber
eth_getLogs
eth_getBlockByNumber
eth_getBlockByNumber
eth_getBlockByNumber

    Block Number: 279
    Block Hash: 0xfe97c612e8e29f1eed1490a2295890e3e77580b4e2b697ee43dbde8ab8e25c2b
    Block Time: "Mon, 5 Oct 2026 05:27:05 +0000"

eth_getBlockByNumber
eth_getLogs
eth_getBlockByNumber
eth_getBlockByNumber
eth_getBlockByNumber
eth_getBlockByNumber

    Block Number: 280
    Block Hash: 0x83548122fc9f6074ab0e4e970440fd2b6aa01bc3c0dd565729517f1749e6f623
    Block Time: "Mon, 5 Oct 2026 05:27:05 +0000"

eth_getBlockByNumber
eth_getBlockByNumber
eth_getLogs
eth_getBlockByNumber
eth_getBlockByNumber
eth_getBlockByNumber

    Block Number: 281
    Block Hash: 0xbbc579fd19f2e83940ff2d283a7a05b05575275df109b64cb155ef18cc5dd7b7
    Block Time: "Mon, 5 Oct 2026 05:27:05 +0000"

eth_getBlockByNumber
eth_getLogs
eth_getBlockByNumber
eth_getBlockByNumber
eth_getBlockByNumber
eth_getBlockByNumber

    Block Number: 282
    Block Hash: 0x05603b2a9dffc84c98a3633727089cc72e6e58e29ec370c71a6c5954dc83f643
    Block Time: "Mon, 5 Oct 2026 05:27:06 +0000"

eth_getBlockByNumber
eth_getBlockByNumber
eth_getLogs
eth_getBlockByNumber
eth_getBlockByNumber
eth_getBlockByNumber

    Block Number: 283
    Block Hash: 0x0066286a9e644da412ede8bfa0f2c0543ea3c6813689e33ba08d1dff58700fa0
    Block Time: "Mon, 5 Oct 2026 05:27:06 +0000"

eth_getBlockByNumber
eth_getLogs
eth_getBlockByNumber
eth_getBlockByNumber
eth_call
eth_feeHistory
eth_simulateV1
eth_sendRawTransaction
eth_getTransactionReceipt

    Transaction: 0x614b64108aec30fc574669d62abb05e63fbbdec96184d542f1329d0a29cb2814
    Gas used: 158974

    Block Number: 284
    Block Hash: 0xace24ba497b926fe107c58b341dbf31121ce0d3ec202610a2fa90887c211cc22
    Block Time: "Mon, 5 Oct 2026 05:27:06 +0000"

eth_getBlockByNumber
eth_getBlockByNumber
eth_getLogs
eth_getTransactionByHash
eth_getTransactionReceipt
eth_blockNumber
eth_getTransactionReceipt

    Block Number: 285
    Block Hash: 0xf427ffc182b14ba5543a067644439b9a8302b5f31ac031f3923134a349e203ae
    Block Time: "Mon, 5 Oct 2026 05:27:06 +0000"

eth_getBlockByNumber
eth_getTransactionByHash
eth_getBlockByNumber
eth_getLogs
eth_blockNumber
eth_getTransactionReceipt
eth_getBlockByNumber
eth_getBlockByNumber
eth_blockNumber
eth_getTransactionReceipt
eth_getBlockByNumber

    Block Number: 286
    Block Hash: 0x9c6b097e2419b8162581b6e7863b9f3256c170932cb990d078c5f26b65d9e401
    Block Time: "Mon, 5 Oct 2026 05:27:06 +0000"

eth_getBlockByNumber
eth_getLogs
eth_blockNumber
eth_getTransactionReceipt
eth_getBlockByNumber
eth_getBlockByNumber
eth_getBlockByNumber
eth_getBlockByNumber

    Block Number: 287
    Block Hash: 0x7eb8cfc82e24337af086c7f5a96b1c67f753297195b631dd5e66ba67a5979fc7
    Block Time: "Mon, 5 Oct 2026 05:27:07 +0000"

eth_getBlockByNumber
eth_getBlockByNumber
eth_getLogs
eth_getBlockByNumber
eth_getBlockByNumber
eth_getBlockByNumber

    Block Number: 288
    Block Hash: 0x9261a5ebf5a6f822302cd0caf69f0afdc784e35d7af498a15e552fd533682a15
    Block Time: "Mon, 5 Oct 2026 05:27:07 +0000"

eth_getBlockByNumber
eth_getLogs
eth_getBlockByNumber
eth_getBlockByNumber
eth_getBlockByNumber
eth_getBlockByNumber

    Block Number: 289
    Block Hash: 0x6d0f32125efd0e6db24cf40cd0a07ef4fbedd77586b673cb027981ce76b5e7dd
    Block Time: "Mon, 5 Oct 2026 05:27:07 +0000"

eth_getBlockByNumber
eth_feeHistory
eth_simulateV1
eth_sendRawTransaction
eth_getTransactionReceipt

    Transaction: 0x02864cb1e2380b55bfb70588b9c42ae3b2d20bf02ae68e03e0a5d6b41017cdac
    Gas used: 96797

    Block Number: 290
    Block Hash: 0x131065d172ebfe4ccdb1fef5bf2011c1769d3dada46990996c3b7754cc527914
    Block Time: "Mon, 5 Oct 2026 05:27:07 +0000"

eth_getBlockByNumber
eth_getBlockByNumber
eth_getLogs
eth_getLogs
eth_getBlockByNumber
eth_getTransactionReceipt
eth_blockNumber
eth_getTransactionReceipt
eth_getBlockByNumber
eth_getBlockByNumber

    Block Number: 291
    Block Hash: 0xf19f81e1e90ba2cf5181475f33f1a0e737d7ade6d9165d3031621d0056490b77
    Block Time: "Mon, 5 Oct 2026 05:27:07 +0000"

eth_blockNumber
eth_getBlockByNumber
eth_getTransactionReceipt
eth_getLogs
eth_getBlockByNumber
eth_getBlockByNumber
eth_blockNumber
eth_getTransactionReceipt
eth_getBlockByNumber
eth_getBlockByNumber
eth_blockNumber
eth_getTransactionReceipt

    Block Number: 292
    Block Hash: 0x19883cdfe1b323a58c94678bf502016be171019b780b7f0e8a4b5f948367c5d5
    Block Time: "Mon, 5 Oct 2026 05:27:08 +0000"

eth_getBlockByNumber
eth_getBlockByNumber
eth_getLogs
eth_blockNumber
eth_getTransactionReceipt
eth_feeHistory
eth_simulateV1
eth_sendRawTransaction
eth_getTransactionReceipt

    Transaction: 0x9ea50f9785c179b14be7cd394fe54072cadb09f95d06f856ff7ed4093f2594b7
    Gas used: 171356

    Block Number: 293
    Block Hash: 0x043080ded83b920666cbbe174d30c83587bcb2cebd58b597a3346c39dc6a3c02
    Block Time: "Mon, 5 Oct 2026 05:27:08 +0000"

eth_getBlockByNumber
eth_getBlockByNumber
eth_getLogs
eth_getTransactionReceipt
eth_blockNumber
eth_getTransactionReceipt
eth_getBlockByNumber

    Block Number: 294
    Block Hash: 0xef73c75b20aa633d4384f32e5829099bb66b5ac6ea10c8a0a86769787ce63a46
    Block Time: "Mon, 5 Oct 2026 05:27:08 +0000"

eth_getBlockByNumber
eth_getLogs
eth_blockNumber
eth_getTransactionReceipt
eth_getBlockByNumber
eth_getBlockByNumber
eth_blockNumber
eth_getTransactionReceipt
eth_getBlockByNumber
eth_getBlockByNumber
eth_blockNumber
eth_getTransactionReceipt

    Block Number: 295
    Block Hash: 0x281776d8406951e4e8f7c646a55b34cd95708fe8e3b88739b67538a4dd08a1ef
    Block Time: "Mon, 5 Oct 2026 05:27:08 +0000"

eth_getBlockByNumber
eth_getBlockByNumber
eth_getLogs
eth_blockNumber
eth_getTransactionReceipt
eth_getBlockByNumber
eth_getBlockByNumber
eth_getBlockByNumber

    Block Number: 296
    Block Hash: 0xb9389e2dc77d675f6cd96917a130771326614476c246b9e96b339934b84caf17
    Block Time: "Mon, 5 Oct 2026 05:27:08 +0000"

eth_getBlockByNumber
eth_getLogs
eth_getBlockByNumber
eth_getBlockByNumber
eth_getBlockByNumber
eth_getBlockByNumber

    Block Number: 297
    Block Hash: 0xfb7c91bc62e1425da0be4d44e2b9281da3060b49b32edd88c27a002e490fc79e
    Block Time: "Mon, 5 Oct 2026 05:27:09 +0000"

eth_getBlockByNumber
eth_getBlockByNumber
eth_getLogs
eth_getBlockByNumber
eth_getBlockByNumber
eth_getBlockByNumber

    Block Number: 298
    Block Hash: 0x949b1a8de2e30e16451be0dc11f7dc1c7cdcd3d326f984a3eb42c055d7b42bb7
    Block Time: "Mon, 5 Oct 2026 05:27:09 +0000"

eth_getBlockByNumber
eth_getLogs
eth_getBlockByNumber
eth_getBlockByNumber
eth_getBlockByNumber
eth_getBlockByNumber

    Block Number: 299
    Block Hash: 0x510ff763c7a218fe61f011c4b5126f58294d40ce517a0ab47fa9ced0c0e6c67f
    Block Time: "Mon, 5 Oct 2026 05:27:09 +0000"

eth_getBlockByNumber
eth_getBlockByNumber
eth_getLogs
eth_getBlockByNumber
eth_getBlockByNumber
eth_getBlockByNumber

    Block Number: 300
    Block Hash: 0x88abf185bcea6419624eed3fed70f7c88ff4e003f142c442827eb330afc21503
    Block Time: "Mon, 5 Oct 2026 05:27:09 +0000"

eth_getBlockByNumber
eth_getLogs
eth_getBlockByNumber
eth_getBlockByNumber
eth_getBlockByNumber
eth_getBlockByNumber

    Block Number: 301
    Block Hash: 0x148efd4a1664020ab42a60e2f6cc1b39c300ba1720f83d18adb668f67b84d953
    Block Time: "Mon, 5 Oct 2026 05:27:10 +0000"

eth_getBlockByNumber
eth_getBlockByNumber
eth_getLogs
eth_getBlockByNumber
eth_getBlockByNumber
eth_getBlockByNumber

    Block Number: 302
    Block Hash: 0xa2030bb58f20927d33b47a1cbb2de0b106bc95c1c5936720c5fdb768e36b38cd
    Block Time: "Mon, 5 Oct 2026 05:27:10 +0000"

eth_getBlockByNumber
eth_getLogs
eth_getBlockByNumber
eth_getBlockByNumber
eth_getBlockByNumber
eth_call
eth_feeHistory
eth_simulateV1
eth_sendRawTransaction
eth_getTransactionReceipt

    Transaction: 0x89eb2baf4ed53d2be6184fc16968ce23efacc5435dd7e095c23626b04efda11e
    Gas used: 141862

    Block Number: 303
    Block Hash: 0xd3eed4786bc5b009fd0e02ffdcf08a5c6696555f900b0e5e2313f2dd57845443
    Block Time: "Mon, 5 Oct 2026 05:27:10 +0000"

eth_getBlockByNumber
eth_getLogs
eth_getTransactionByHash

    Block Number: 304
    Block Hash: 0x029958e5d6c6ddea7a202c9bb4a4243e6927e0a01de80cb10e6f2767e9ff3cf6
    Block Time: "Mon, 5 Oct 2026 05:27:10 +0000"

eth_getBlockByNumber
eth_getTransactionByHash
eth_getTransactionReceipt
eth_blockNumber
eth_getTransactionReceipt
eth_getBlockByNumber
eth_getLogs
eth_getBlockByNumber
eth_blockNumber
eth_getTransactionReceipt
eth_getBlockByNumber
eth_getBlockByNumber
eth_blockNumber
eth_getTransactionReceipt

    Block Number: 305
    Block Hash: 0x0201b99b5869c6f16c184079f557ba493a3756f5e015088fa3c85d53e2f2b8fe
    Block Time: "Mon, 5 Oct 2026 05:27:10 +0000"

eth_getBlockByNumber
eth_getLogs
eth_getBlockByNumber
eth_blockNumber
eth_getTransactionReceipt
eth_getBlockByNumber
eth_getBlockByNumber
eth_getBlockByNumber

    Block Number: 306
    Block Hash: 0x7a6d59ea5358cb074849ad1d69aa6f4499ac73d8a3fa4ee449623a377dab8198
    Block Time: "Mon, 5 Oct 2026 05:27:11 +0000"

eth_getBlockByNumber
eth_getBlockByNumber
eth_getLogs
eth_getBlockByNumber
eth_getBlockByNumber
eth_getBlockByNumber

    Block Number: 307
    Block Hash: 0xf43658748c6d7426ee091802864aa6091633159c21a4d80957e6ae0f345c7a6a
    Block Time: "Mon, 5 Oct 2026 05:27:11 +0000"

eth_getBlockByNumber
eth_getLogs
eth_getBlockByNumber
eth_getBlockByNumber
eth_getBlockByNumber
eth_getBlockByNumber

    Block Number: 308
    Block Hash: 0x93704a50063eb0b83c1c1126322660c85b11fcb0919c9add3c516992db896d1e
    Block Time: "Mon, 5 Oct 2026 05:27:11 +0000"

eth_getBlockByNumber
eth_feeHistory
eth_simulateV1
eth_getBlockByNumber
eth_getLogs
eth_sendRawTransaction
eth_getTransactionReceipt

    Transaction: 0xae4891a51a2f9cc1b13b29364378e4e185a2d39b960597ea2895a376fd526dc7
    Gas used: 96797

    Block Number: 309
    Block Hash: 0x574174b868e9c0f4d8bb15ec1eb979d8a9a118cb021987eaaed0c80ba04a99ac
    Block Time: "Mon, 5 Oct 2026 05:27:11 +0000"

eth_getBlockByNumber
eth_getBlockByNumber
eth_getLogs
eth_getTransactionReceipt
eth_blockNumber
eth_getTransactionReceipt
eth_getBlockByNumber

    Block Number: 310
    Block Hash: 0xb219b9cb5335488cd5cc3926f3de4aeeb87494a525fd98c37a808d15cbdff298
    Block Time: "Mon, 5 Oct 2026 05:27:11 +0000"

eth_getBlockByNumber
eth_getLogs
eth_blockNumber
eth_getTransactionReceipt
eth_getBlockByNumber
eth_getBlockByNumber
eth_blockNumber
eth_getTransactionReceipt
eth_getBlockByNumber
eth_getBlockByNumber
eth_blockNumber
eth_getTransactionReceipt

    Block Number: 311
    Block Hash: 0xba1325cd95daaa617957615c57931c5861e2bac0ac16a418056fbc3be405635c
    Block Time: "Mon, 5 Oct 2026 05:27:12 +0000"

eth_getBlockByNumber
eth_getBlockByNumber
eth_getLogs
eth_blockNumber
eth_getTransactionReceipt
eth_feeHistory
eth_simulateV1
eth_sendRawTransaction
eth_getTransactionReceipt

    Transaction: 0xa5cfbf4367d57807ee6666da2ceddc4363695f877d78b4a20622731b8fb81006
    Gas used: 171368

    Block Number: 312
    Block Hash: 0x3765851390b81588e091198f7d03511be010c270028bef7189e18234b7d9d319
    Block Time: "Mon, 5 Oct 2026 05:27:12 +0000"

eth_getBlockByNumber
eth_getBlockByNumber
eth_getLogs
eth_getTransactionReceipt
eth_blockNumber
eth_getTransactionReceipt
eth_getBlockByNumber

    Block Number: 313
    Block Hash: 0x1bbbd676fd09e89dbaecbe280f9b6c2bfc0fbdd12750105688cda666c94626c1
    Block Time: "Mon, 5 Oct 2026 05:27:12 +0000"

eth_getBlockByNumber
eth_getLogs
eth_blockNumber
eth_getTransactionReceipt
eth_getBlockByNumber
eth_getBlockByNumber
eth_blockNumber
eth_getTransactionReceipt
eth_getBlockByNumber
eth_getBlockByNumber
eth_blockNumber
eth_getTransactionReceipt

    Block Number: 314
    Block Hash: 0x9f503cbc682447e323b9b1db54fe5915abec2fc534b0d31fb6642fb88a1e744a
    Block Time: "Mon, 5 Oct 2026 05:27:12 +0000"

eth_getBlockByNumber
eth_blockNumber
eth_feeHistory
eth_getBlockByNumber
eth_getLogs
eth_blockNumber
eth_getTransactionReceipt
eth_getBlockByNumber
eth_getBlockByNumber
eth_getBlockByNumber

    Block Number: 315
    Block Hash: 0xdeec54ecf2b7d41afc9c326217c458adb7c33cc613d02071426ffd5527bda85a
    Block Time: "Mon, 5 Oct 2026 05:27:12 +0000"

eth_getBlockByNumber
eth_getLogs
eth_getBlockByNumber
eth_getBlockByNumber
eth_getBlockByNumber
eth_getBlockByNumber

    Block Number: 316
    Block Hash: 0x42fadf149fac286e8d675822873acaa414651b438f7f3a9eef9c91125dfe2316
    Block Time: "Mon, 5 Oct 2026 05:27:13 +0000"

eth_getBlockByNumber
eth_getBlockByNumber
eth_getLogs
eth_getBlockByNumber
eth_getBlockByNumber
eth_getBlockByNumber

    Block Number: 317
    Block Hash: 0x76f87b72ba6b633ec0962ffccf768a8d445f5df78caee2ed5d2442a061d0ae8a
    Block Time: "Mon, 5 Oct 2026 05:27:13 +0000"

eth_getBlockByNumber
eth_getLogs
eth_getBlockByNumber
eth_getBlockByNumber
eth_getBlockByNumber
eth_getBlockByNumber

    Block Number: 318
    Block Hash: 0x10a4333998901c413bfdc6909f281393831dc65e528d6e2c57f432ee1c974264
    Block Time: "Mon, 5 Oct 2026 05:27:13 +0000"

eth_getBlockByNumber
eth_getBlockByNumber
eth_getLogs
eth_getBlockByNumber
eth_getBlockByNumber
eth_getBlockByNumber

    Block Number: 319
    Block Hash: 0x9e51a517d0b4939e6091f91e5fefe789b54f4a8dbbd58a1ddd37605b36f13986
    Block Time: "Mon, 5 Oct 2026 05:27:13 +0000"

eth_getBlockByNumber
eth_getLogs
eth_getBlockByNumber
eth_getBlockByNumber
eth_getBlockByNumber
eth_getBlockByNumber

    Block Number: 320
    Block Hash: 0x293935e446de2b97fa29a76f85d523682745e3028a61471e07942dd394c98120
    Block Time: "Mon, 5 Oct 2026 05:27:14 +0000"

eth_getBlockByNumber
eth_getBlockByNumber
eth_getLogs
eth_getBlockByNumber
eth_getBlockByNumber
eth_getBlockByNumber

    Block Number: 321
    Block Hash: 0xb9d9ca2af2a0f35802510c4392a43f320c7a5e0b029bfefde700fc662fa0bca2
    Block Time: "Mon, 5 Oct 2026 05:27:14 +0000"

eth_getBlockByNumber
eth_getLogs
eth_getBlockByNumber
eth_getBlockByNumber
eth_call
eth_feeHistory
eth_simulateV1
eth_sendRawTransaction
eth_getTransactionReceipt
eth_getBlockByNumber

    Transaction: 0xcd937027f9a53b3fb2e585c04d594c1effe8609a3e942f8feb2c9108a632a5e7
    Gas used: 141886

    Block Number: 322
    Block Hash: 0x495ce76bd575a547d3edc1b88c4f7530b8ac0f2760b5472382bc30b966283a8f
    Block Time: "Mon, 5 Oct 2026 05:27:14 +0000"

eth_getBlockByNumber
eth_getLogs
eth_getTransactionByHash

    Block Number: 323
    Block Hash: 0x647a395433d7f595da537dba36c9b3592c51210a0ea45ce970f3be1091f5042b
    Block Time: "Mon, 5 Oct 2026 05:27:14 +0000"

eth_getBlockByNumber
eth_getTransactionByHash
eth_getTransactionReceipt
eth_blockNumber
eth_getTransactionReceipt
eth_getBlockByNumber
eth_getLogs
eth_getBlockByNumber
eth_blockNumber
eth_getTransactionReceipt
eth_getBlockByNumber
eth_getBlockByNumber
eth_blockNumber
eth_getTransactionReceipt

    Block Number: 324
    Block Hash: 0x8450928bfb019896002a78a1a5af6887360458e1455dd5b650396bd0083aa9c2
    Block Time: "Mon, 5 Oct 2026 05:27:14 +0000"

eth_getBlockByNumber
eth_getLogs
eth_getBlockByNumber
eth_blockNumber
eth_getTransactionReceipt
eth_getBlockByNumber
eth_getBlockByNumber
eth_getBlockByNumber

    Block Number: 325
    Block Hash: 0x588e8b224c6940994432c48654567948a8b3af77dfbaceaa30ab4114327b15e2
    Block Time: "Mon, 5 Oct 2026 05:27:15 +0000"

eth_getBlockByNumber
eth_getBlockByNumber
eth_getLogs
eth_getBlockByNumber
eth_getBlockByNumber
eth_getBlockByNumber

    Block Number: 326
    Block Hash: 0xbf9e30fb1c878935b7d2e71f927785364fe315e2b08592fe358e3d132d4ca2d6
    Block Time: "Mon, 5 Oct 2026 05:27:15 +0000"

eth_getBlockByNumber
eth_getLogs
eth_getBlockByNumber
eth_getBlockByNumber
eth_getBlockByNumber
eth_getBlockByNumber

    Block Number: 327
    Block Hash: 0xf3a40bf7ac09a984e9fdf72c0273ab12449ebdae9cbf3cfd663603a744faf0c3
    Block Time: "Mon, 5 Oct 2026 05:27:15 +0000"

eth_getBlockByNumber
eth_getBlockByNumber
eth_getLogs
eth_feeHistory
eth_simulateV1
eth_sendRawTransaction
eth_getTransactionReceipt

    Transaction: 0xa4aba847f326f192197935db0ba4c376e40075c4d6bc557c746bf0a6c89ac37f
    Gas used: 96809

    Block Number: 328
    Block Hash: 0xb32682a935a3c7ee44834c28344d1a32ad5d57c6ea7fcfaeccddd37767e307f1
    Block Time: "Mon, 5 Oct 2026 05:27:15 +0000"

eth_getBlockByNumber
eth_getBlockByNumber
eth_getLogs
eth_getTransactionReceipt
eth_blockNumber
eth_getTransactionReceipt
eth_getBlockByNumber

    Block Number: 329
    Block Hash: 0xca69ced04d1a47ad882d836bd54217d21f10983f9b791a8d816cd2fab0dc1ba7
    Block Time: "Mon, 5 Oct 2026 05:27:15 +0000"

eth_getBlockByNumber
eth_getLogs
eth_blockNumber
eth_getTransactionReceipt
eth_getBlockByNumber
eth_getBlockByNumber
eth_blockNumber
eth_getTransactionReceipt
eth_getBlockByNumber
eth_getBlockByNumber
eth_blockNumber
eth_getTransactionReceipt

    Block Number: 330
    Block Hash: 0x56ed4be475bc3f4f3f50034b073045a71cc73c4a50ef2a14ae58f7ca4e082d93
    Block Time: "Mon, 5 Oct 2026 05:27:16 +0000"

eth_getBlockByNumber
eth_getBlockByNumber
eth_getLogs
eth_blockNumber
eth_getTransactionReceipt
eth_feeHistory
eth_simulateV1
eth_sendRawTransaction
eth_getTransactionReceipt

    Transaction: 0x67896e7b2711c8883600e4f313deb8143ba9d9065cf6cb218be344b761b39a5a
    Gas used: 171368

    Block Number: 331
    Block Hash: 0xd50f33c44b5f273ba4a3d41c996089d86b5017905e57e1024f49e585dc5ed2bc
    Block Time: "Mon, 5 Oct 2026 05:27:16 +0000"

eth_getBlockByNumber
eth_getBlockByNumber
eth_getLogs
eth_getTransactionReceipt
eth_blockNumber
eth_getTransactionReceipt
eth_getBlockByNumber

    Block Number: 332
    Block Hash: 0x28c469f6a2fa74b412cd6f43ae73667574967b16a848c52dca3f44c0c20182e7
    Block Time: "Mon, 5 Oct 2026 05:27:16 +0000"

eth_getBlockByNumber
eth_getLogs
eth_blockNumber
eth_getTransactionReceipt
eth_getBlockByNumber
eth_getBlockByNumber
eth_blockNumber
eth_getTransactionReceipt
eth_getBlockByNumber
eth_getBlockByNumber
eth_blockNumber
eth_getTransactionReceipt

    Block Number: 333
    Block Hash: 0x2780f2afe174aaa0f1a3cc6fc6f7cfc26318f0997f89bb35c9edf72acf9bc687
    Block Time: "Mon, 5 Oct 2026 05:27:16 +0000"

eth_getBlockByNumber
eth_getBlockByNumber
eth_getLogs
eth_blockNumber
eth_getTransactionReceipt
eth_getBlockByNumber
eth_getBlockByNumber
eth_getBlockByNumber

    Block Number: 334
    Block Hash: 0x25ab3c7cf65698fb0aeef6e53918e5af1df612b826c6316f989c3b3f215a4326
    Block Time: "Mon, 5 Oct 2026 05:27:16 +0000"

eth_getBlockByNumber
eth_getLogs
eth_getBlockByNumber
eth_getBlockByNumber
eth_getBlockByNumber
eth_getBlockByNumber

    Block Number: 335
    Block Hash: 0x0f495d2a9a30cd1e95ed1f93188a0de1f156974fe50911b326be5715ebafeade
    Block Time: "Mon, 5 Oct 2026 05:27:17 +0000"

eth_getBlockByNumber
eth_getBlockByNumber
eth_getLogs
eth_getBlockByNumber
eth_getBlockByNumber
eth_getBlockByNumber

    Block Number: 336
    Block Hash: 0x9a42b735ca97c21bc9d1efcc1c18c26def21716831e70f5d5433ad688ba5aa77
    Block Time: "Mon, 5 Oct 2026 05:27:17 +0000"

eth_getBlockByNumber
eth_getLogs
eth_getBlockByNumber
eth_getBlockByNumber
eth_getBlockByNumber
eth_getBlockByNumber

    Block Number: 337
    Block Hash: 0xd657c0f837f8c21a3ae0fbe1aaf8a4369fc5333b89b00ce3511062189ab16e7e
    Block Time: "Mon, 5 Oct 2026 05:27:17 +0000"

eth_getBlockByNumber
eth_getBlockByNumber
eth_getLogs
eth_getBlockByNumber
eth_getBlockByNumber
eth_getBlockByNumber

    Block Number: 338
    Block Hash: 0xf19cb2ec2cb475dd9d3d7be77a17b7198e672445a2bdc861828c3ab43fd96561
    Block Time: "Mon, 5 Oct 2026 05:27:17 +0000"

eth_getBlockByNumber
eth_getLogs
eth_getBlockByNumber
eth_getBlockByNumber
eth_getBlockByNumber
eth_getBlockByNumber

    Block Number: 339
    Block Hash: 0x669d0cde136d7c5c16e81a591224807d600f4af527c460b550cfaea95f58960f
    Block Time: "Mon, 5 Oct 2026 05:27:18 +0000"

eth_getBlockByNumber
eth_getBlockByNumber
eth_getLogs
eth_getBlockByNumber
eth_getBlockByNumber
eth_getBlockByNumber

    Block Number: 340
    Block Hash: 0x0181ae518a6c9210ae744e2cf732eed4e9207514d05c430efb22a56af80a8725
    Block Time: "Mon, 5 Oct 2026 05:27:18 +0000"

eth_getBlockByNumber
eth_getLogs
eth_getBlockByNumber
eth_getBlockByNumber
eth_call
eth_getBlockByNumber
eth_feeHistory
eth_simulateV1
eth_sendRawTransaction
eth_getTransactionReceipt

    Transaction: 0x990e9d7877d228779837f77294c48ee0be7b3281cd39e2c32b8e42d6dc265a10
    Gas used: 141874

    Block Number: 341
    Block Hash: 0x70cc9bcb72bdaef63794252c44fe6a151151ecef71a9fd38463854f93846b6f4
    Block Time: "Mon, 5 Oct 2026 05:27:18 +0000"

eth_getBlockByNumber
eth_getLogs
eth_getTransactionByHash

    Block Number: 342
    Block Hash: 0xb8b230b1da3bd0f76c7df53d97be11ca9d867806159c390532747bc88f13afe1
    Block Time: "Mon, 5 Oct 2026 05:27:18 +0000"

eth_getBlockByNumber
eth_getTransactionByHash
eth_getTransactionReceipt
eth_blockNumber
eth_getTransactionReceipt
eth_getBlockByNumber
eth_getLogs
eth_getBlockByNumber
eth_blockNumber
eth_getTransactionReceipt
eth_getBlockByNumber
eth_getBlockByNumber
eth_blockNumber
eth_getTransactionReceipt

    Block Number: 343
    Block Hash: 0x05687c3eabe0282d758bf096cab3f47e1432cfd0b5112bcbb80e65c59c9d87b8
    Block Time: "Mon, 5 Oct 2026 05:27:18 +0000"

eth_getBlockByNumber
eth_getLogs
eth_getBlockByNumber
eth_blockNumber
eth_getTransactionReceipt
eth_getBlockByNumber
eth_getBlockByNumber
eth_getBlockByNumber

    Block Number: 344
    Block Hash: 0xcbdcec11304220d703bd318af09f9dd0f534d91e0e6ad71cc6472f675f5080eb
    Block Time: "Mon, 5 Oct 2026 05:27:19 +0000"

eth_getBlockByNumber
eth_getBlockByNumber
eth_getLogs
eth_getBlockByNumber
eth_getBlockByNumber
eth_getBlockByNumber

    Block Number: 345
    Block Hash: 0xd5d166f4dfcbdacf0443ceb58a2301319e034f7e02eb31333eaead4436f4365a
    Block Time: "Mon, 5 Oct 2026 05:27:19 +0000"

eth_getBlockByNumber
eth_getLogs
eth_getBlockByNumber
eth_getBlockByNumber
eth_getBlockByNumber
eth_getBlockByNumber

    Block Number: 346
    Block Hash: 0x9480f99643c90f7f3ccf11884065e9c0bc6569fe8c7ed61af746dfb3fa6ff40f
    Block Time: "Mon, 5 Oct 2026 05:27:19 +0000"

eth_getBlockByNumber
eth_getBlockByNumber
eth_getLogs
eth_feeHistory
eth_simulateV1
eth_sendRawTransaction
eth_getTransactionReceipt

    Transaction: 0x7b877062eedc203ad49a17278ec5154b0c44f29ac6e627f728acb194a633be38
    Gas used: 96809

    Block Number: 347
    Block Hash: 0xeea89b85ca848f1ab269e5b97c2bcb289ad90e1dbadc1dbd3c6310e5cdb0f9e8
    Block Time: "Mon, 5 Oct 2026 05:27:19 +0000"

eth_getBlockByNumber
eth_getBlockByNumber
eth_getLogs
eth_getTransactionReceipt
eth_blockNumber
eth_getTransactionReceipt
eth_getBlockByNumber

    Block Number: 348
    Block Hash: 0x809e7854624d65fbacb629877fa6e68e900903550440fb906aa47803cd779f0b
    Block Time: "Mon, 5 Oct 2026 05:27:19 +0000"

eth_getBlockByNumber
eth_getLogs
eth_blockNumber
eth_getTransactionReceipt
eth_getBlockByNumber
eth_getBlockByNumber
eth_blockNumber
eth_getTransactionReceipt
eth_getBlockByNumber
eth_getBlockByNumber
eth_blockNumber
eth_getTransactionReceipt

    Block Number: 349
    Block Hash: 0x638ca598a3288da003e0a562bbfb02ba5b56e42d353038dc02d806d2e34ef1c6
    Block Time: "Mon, 5 Oct 2026 05:27:20 +0000"

eth_getBlockByNumber
eth_getBlockByNumber
eth_getLogs
eth_blockNumber
eth_getTransactionReceipt
eth_feeHistory
eth_simulateV1
eth_sendRawTransaction
eth_getTransactionReceipt

    Transaction: 0x2358acd410a8b82454e0ccc7a257016796f5c502bf4c489741500b1cf57ec255
    Gas used: 171368

    Block Number: 350
    Block Hash: 0xdb4908cd7c342eba3392e2259040b40323830d90395fd308b594f73db0ea2ed0
    Block Time: "Mon, 5 Oct 2026 05:27:20 +0000"

eth_getBlockByNumber
eth_getBlockByNumber
eth_getLogs
eth_getTransactionReceipt
eth_blockNumber
eth_getTransactionReceipt
eth_getBlockByNumber

    Block Number: 351
    Block Hash: 0x1c14897f0e7a3d34cf422c4e5c9f86834832a25ea0ba8a8f7a09cb3887dbdea3
    Block Time: "Mon, 5 Oct 2026 05:27:20 +0000"

eth_getBlockByNumber
eth_getLogs
eth_blockNumber
eth_getTransactionReceipt
eth_getBlockByNumber
eth_getBlockByNumber
eth_blockNumber
eth_getTransactionReceipt
eth_getBlockByNumber
eth_getBlockByNumber

    Block Number: 352
    Block Hash: 0x9046e0747eff3a1756cf9f0f5ca5d77406d9ee4103ab7fc7c2f6360d4d234ca1
    Block Time: "Mon, 5 Oct 2026 05:27:20 +0000"

eth_blockNumber
eth_getTransactionReceipt
eth_getBlockByNumber
eth_getBlockByNumber
eth_getLogs
eth_getBlockByNumber
eth_getBlockByNumber
eth_getBlockByNumber

    Block Number: 353
    Block Hash: 0x9f7ff65d41ced22d6dd7f91c7b4ff36693565dd80cbb2702e9b042f443e226b3
    Block Time: "Mon, 5 Oct 2026 05:27:20 +0000"

eth_getBlockByNumber
eth_getLogs
eth_getBlockByNumber
eth_getBlockByNumber
eth_getBlockByNumber
eth_getBlockByNumber

    Block Number: 354
    Block Hash: 0xab3de462afc7491e2f98707d67463c0dec6a5a17c6402ec8b222eccd3c2e4fd8
    Block Time: "Mon, 5 Oct 2026 05:27:21 +0000"

eth_getBlockByNumber
eth_getBlockByNumber
eth_getLogs
eth_getBlockByNumber
eth_getBlockByNumber
eth_getBlockByNumber

    Block Number: 355
    Block Hash: 0x18cfb6318355da43da4ac446b0cadffbe7df35dc5c7091993596dea3c81edcdd
    Block Time: "Mon, 5 Oct 2026 05:27:21 +0000"

eth_getBlockByNumber
eth_getLogs
eth_getBlockByNumber
eth_getBlockByNumber
eth_getBlockByNumber
eth_getBlockByNumber

    Block Number: 356
    Block Hash: 0xc8869bee8b2984937b22de253e0858662b7254a36e3a392a371676e66ad52d01
    Block Time: "Mon, 5 Oct 2026 05:27:21 +0000"

eth_getBlockByNumber
eth_getBlockByNumber
eth_getLogs
eth_getBlockByNumber
eth_getBlockByNumber
eth_getBlockByNumber

    Block Number: 357
    Block Hash: 0x4a42986e90b6cbe44f04b7ddfda58d5df71481109a7cb79629e93a564c9a7f0a
    Block Time: "Mon, 5 Oct 2026 05:27:21 +0000"

eth_getBlockByNumber
eth_getLogs
eth_getBlockByNumber
eth_getBlockByNumber
eth_getBlockByNumber
eth_getBlockByNumber

    Block Number: 358
    Block Hash: 0x60b0aae557ff8f668c3d3ceefc7d674aa2c612595ded7f7e17a8552fa1ffa43a
    Block Time: "Mon, 5 Oct 2026 05:27:22 +0000"

eth_getBlockByNumber
eth_getBlockByNumber
eth_getLogs
eth_getBlockByNumber
eth_getBlockByNumber
eth_getBlockByNumber

    Block Number: 359
    Block Hash: 0x1aabe7570912dc37db0e076781c7e1718e1e8d5eb1ff314bc78449963b4a9257
    Block Time: "Mon, 5 Oct 2026 05:27:22 +0000"

eth_getBlockByNumber
eth_getLogs
eth_getBlockByNumber
eth_getBlockByNumber
eth_getBlockByNumber
eth_call
eth_feeHistory
eth_simulateV1
eth_sendRawTransaction
eth_getTransactionReceipt

    Transaction: 0x76f2082bdce8236960140064d076cbcc3460e4853e1715dbd4636a7a62e9d395
    Gas used: 141886

    Block Number: 360
    Block Hash: 0x517f8a803a090c062ef6ee807305a8439fd124733f90d988d797f7bfc8eddf01
    Block Time: "Mon, 5 Oct 2026 05:27:22 +0000"

eth_getBlockByNumber
eth_getLogs
eth_getTransactionByHash

    Block Number: 361
    Block Hash: 0xe64972dc7518ea236057babe595233715512eb0d78356acc148b08c818327e3f
    Block Time: "Mon, 5 Oct 2026 05:27:22 +0000"

eth_getBlockByNumber
eth_getTransactionByHash
eth_getTransactionReceipt
eth_blockNumber
eth_getTransactionReceipt
eth_getBlockByNumber
eth_getLogs
eth_getBlockByNumber
eth_blockNumber
eth_getTransactionReceipt
eth_getBlockByNumber
eth_getBlockByNumber
eth_blockNumber
eth_getTransactionReceipt

    Block Number: 362
    Block Hash: 0x5076b914c01bb08f9adb6a1b1056645eeaf232e8259d3dedc63e1c2b7e638444
    Block Time: "Mon, 5 Oct 2026 05:27:22 +0000"

eth_getBlockByNumber
eth_getLogs
eth_getBlockByNumber
eth_blockNumber
eth_getTransactionReceipt
eth_getBlockByNumber
eth_getBlockByNumber
eth_getBlockByNumber

    Block Number: 363
    Block Hash: 0xafbe286e55618947a1e7ad4136bb8b4578dfbea8ad12173f111656d1f0f30566
    Block Time: "Mon, 5 Oct 2026 05:27:23 +0000"

eth_getBlockByNumber
eth_getBlockByNumber
eth_getLogs
eth_getBlockByNumber
eth_getBlockByNumber
eth_getBlockByNumber

    Block Number: 364
    Block Hash: 0x0717003625b9a1172e4e26296928ed55bf63a645e0bd6f307165fc9d2ee0bcf8
    Block Time: "Mon, 5 Oct 2026 05:27:23 +0000"

eth_getBlockByNumber
eth_getLogs
eth_getBlockByNumber
eth_getBlockByNumber
eth_getBlockByNumber
eth_getBlockByNumber

    Block Number: 365
    Block Hash: 0x44abece8b07d769c52d516dd554d5477e6d80b0f1dbaf5aa6a7d0b0780b29001
    Block Time: "Mon, 5 Oct 2026 05:27:23 +0000"

eth_getBlockByNumber
eth_getBlockByNumber
eth_getLogs
eth_feeHistory
eth_simulateV1
eth_sendRawTransaction
eth_getTransactionReceipt

    Transaction: 0xdce77c2c0daba882bdaeb285dc30c7bb188d3604f546525c413c904c4385e975
    Gas used: 96809

    Block Number: 366
    Block Hash: 0x12888a9bf6d6a65d5af0a9a4ba4ffbbf21c4a169713c2ba346aac2700b03377a
    Block Time: "Mon, 5 Oct 2026 05:27:23 +0000"

eth_getBlockByNumber
eth_getBlockByNumber
eth_getLogs
eth_getTransactionReceipt
eth_blockNumber
eth_getTransactionReceipt
eth_getBlockByNumber

    Block Number: 367
    Block Hash: 0x2da5a1044b1a1722347a9e8579e461d4c1bbbcd1efdcdf60f28c7243cd2bc850
    Block Time: "Mon, 5 Oct 2026 05:27:23 +0000"

eth_getBlockByNumber
eth_getLogs
eth_blockNumber
eth_getTransactionReceipt
eth_getBlockByNumber
eth_getBlockByNumber
eth_blockNumber
eth_getTransactionReceipt
eth_getBlockByNumber
eth_getBlockByNumber
eth_blockNumber
eth_getTransactionReceipt

    Block Number: 368
    Block Hash: 0x387f2627ddbe0c36e45730947e9beb9837ad2dd749a343f6d3caba33b02e44d1
    Block Time: "Mon, 5 Oct 2026 05:27:24 +0000"

eth_getBlockByNumber
eth_getBlockByNumber
eth_getLogs
eth_blockNumber
eth_getTransactionReceipt
eth_feeHistory
eth_simulateV1
eth_sendRawTransaction
eth_getTransactionReceipt

    Transaction: 0xae596eb645761d7a841f87e3163f829d7c30f8d64cd35d2d30783831c67a1c81
    Gas used: 171368

    Block Number: 369
    Block Hash: 0xa94296227ba93c9d9229a77f4177a244b5ded12d689256ff2ebe4983d0b55a63
    Block Time: "Mon, 5 Oct 2026 05:27:24 +0000"

eth_getBlockByNumber
eth_getBlockByNumber
eth_getLogs
eth_getTransactionReceipt
eth_blockNumber
eth_getTransactionReceipt
eth_getBlockByNumber

    Block Number: 370
    Block Hash: 0xfaeac8da945d0fa22fc4224a8eac8500a80b9f5569dcdea43743ba2a39440781
    Block Time: "Mon, 5 Oct 2026 05:27:24 +0000"

eth_getBlockByNumber
eth_getLogs
eth_blockNumber
eth_getTransactionReceipt
eth_getBlockByNumber
eth_getBlockByNumber
eth_blockNumber
eth_getTransactionReceipt
eth_getBlockByNumber
eth_getBlockByNumber

    Block Number: 371
    Block Hash: 0x98ecd80fac4b32e718b1a0cd418b7cb468640ff83c06bcfe49d7eaa02d6f8e87
    Block Time: "Mon, 5 Oct 2026 05:27:24 +0000"

eth_blockNumber
eth_getTransactionReceipt
eth_getBlockByNumber
eth_getBlockByNumber
eth_getLogs
eth_getBlockByNumber
eth_getBlockByNumber
eth_getBlockByNumber

    Block Number: 372
    Block Hash: 0x1630205804da2ba21a95ad0e433c1fcb487cef22eb51ad852137dc3dd90eea00
    Block Time: "Mon, 5 Oct 2026 05:27:24 +0000"

eth_getBlockByNumber
eth_getLogs
eth_getBlockByNumber
eth_getBlockByNumber
eth_getBlockByNumber
eth_getBlockByNumber

    Block Number: 373
    Block Hash: 0x7ef6f3862c47794fca1c52da6d83276fd5d27824246d33caa5266dfca6809a8d
    Block Time: "Mon, 5 Oct 2026 05:27:25 +0000"

eth_getBlockByNumber
eth_getBlockByNumber
eth_getLogs
eth_getBlockByNumber
eth_getBlockByNumber
eth_getBlockByNumber

    Block Number: 374
    Block Hash: 0x07c65be797231d519105fc4e583a5b96c05643c5e4f6bdc99809704fe3df6e6b
    Block Time: "Mon, 5 Oct 2026 05:27:25 +0000"

eth_getBlockByNumber
eth_getLogs
eth_getBlockByNumber
eth_getBlockByNumber
eth_getBlockByNumber
eth_getBlockByNumber

    Block Number: 375
    Block Hash: 0xa8509de934faaaa67ad960a32fc7d4c21f8d0a2d6117ff5eaa48ea0fc26cbc71
    Block Time: "Mon, 5 Oct 2026 05:27:25 +0000"

eth_blockNumber
eth_feeHistory
eth_getBlockByNumber
eth_getBlockByNumber
eth_getLogs
eth_getBlockByNumber
eth_getBlockByNumber
eth_getBlockByNumber

    Block Number: 376
    Block Hash: 0x6f78bfa416325d33dfb943995caf0d347d4f12210f746d7546f7e154b8336d74
    Block Time: "Mon, 5 Oct 2026 05:27:25 +0000"

eth_getBlockByNumber
eth_getLogs
eth_getBlockByNumber
eth_getBlockByNumber
eth_getBlockByNumber
eth_getBlockByNumber

    Block Number: 377
    Block Hash: 0x2fd463d1e4cea82fe94a5c01c0f6ee344db44814daceca8796daac30a17ab92d
    Block Time: "Mon, 5 Oct 2026 05:27:26 +0000"

eth_getBlockByNumber
eth_getBlockByNumber
eth_getLogs
eth_getBlockByNumber
eth_getBlockByNumber
eth_getBlockByNumber

    Block Number: 378
    Block Hash: 0xb9b27d7ebb8dbf834165b40726ab1cfb3e2e3b76bbf34c17675acd38b128c8ce
    Block Time: "Mon, 5 Oct 2026 05:27:26 +0000"

eth_getBlockByNumber
eth_getLogs
eth_getBlockByNumber
eth_getBlockByNumber
eth_getBlockByNumber
eth_call
eth_feeHistory
eth_simulateV1
eth_sendRawTransaction
eth_getTransactionReceipt

    Transaction: 0x38886561158b3446334d55f95b587883377d27aec6773d92365ef848b907fd3a
    Gas used: 141886

    Block Number: 379
    Block Hash: 0xa698c4e0ce1d29fb028791819ef6d19ac4bf2d52c07b7bfaea9c9f5a2f7ded8a
    Block Time: "Mon, 5 Oct 2026 05:27:26 +0000"

eth_getBlockByNumber
eth_getLogs
eth_getTransactionByHash

    Block Number: 380
    Block Hash: 0xc8a635f304ae490e11e1a3b89b05e4c36c93de6b0cd673c21d9b9478f4f82bc8
    Block Time: "Mon, 5 Oct 2026 05:27:26 +0000"

eth_getBlockByNumber
eth_getTransactionByHash
eth_getTransactionReceipt
eth_blockNumber
eth_getTransactionReceipt
eth_getBlockByNumber
eth_getLogs
eth_getBlockByNumber
eth_blockNumber
eth_getTransactionReceipt
eth_getBlockByNumber
eth_getBlockByNumber
eth_blockNumber
eth_getTransactionReceipt

    Block Number: 381
    Block Hash: 0xfdd21796c48f2146812a97fbcf3cfd5f7a4ef7f3bcbda3b89968eec165ce3561
    Block Time: "Mon, 5 Oct 2026 05:27:26 +0000"

eth_getBlockByNumber
eth_getLogs
eth_getBlockByNumber
eth_blockNumber
eth_getTransactionReceipt
eth_getBlockByNumber
eth_getBlockByNumber
eth_getBlockByNumber

    Block Number: 382
    Block Hash: 0x6c831df42ade8faa3f0b7ae696f528a787ba421c6935a5bc03f695857fb5dc63
    Block Time: "Mon, 5 Oct 2026 05:27:27 +0000"

eth_getBlockByNumber
eth_getBlockByNumber
eth_getLogs
eth_getBlockByNumber
eth_getBlockByNumber
eth_getBlockByNumber

    Block Number: 383
    Block Hash: 0xa7e84c71901c94742ad8415243967825d8cce1abd0321702e095d6ee751b630b
    Block Time: "Mon, 5 Oct 2026 05:27:27 +0000"

eth_getBlockByNumber
eth_getLogs
eth_getBlockByNumber
eth_getBlockByNumber
eth_getBlockByNumber
eth_getBlockByNumber

    Block Number: 384
    Block Hash: 0xa5f0bbecae30356456fa05cf24f7d000f1c6512f7da008179e49b949ca2a392b
    Block Time: "Mon, 5 Oct 2026 05:27:27 +0000"

eth_getBlockByNumber
eth_getBlockByNumber
eth_getLogs
eth_feeHistory
eth_simulateV1
eth_sendRawTransaction
eth_getTransactionReceipt

    Transaction: 0xf6aa8fd85a98b36531a4f8796d26b1746882cb50173930907c52d9aab678cd2c
    Gas used: 96809

    Block Number: 385
    Block Hash: 0x9f66004fd540a30c0be704295846643b59d41f3cf5692e4902d036ec71e23801
    Block Time: "Mon, 5 Oct 2026 05:27:27 +0000"

eth_getBlockByNumber
eth_getBlockByNumber
eth_getLogs
eth_getTransactionReceipt
eth_blockNumber
eth_getTransactionReceipt
eth_getBlockByNumber

    Block Number: 386
    Block Hash: 0x64567ac2dc17176a016f03d781296bfb0c8059d56aa6d0f23239ee82521d482f
    Block Time: "Mon, 5 Oct 2026 05:27:27 +0000"

eth_getBlockByNumber
eth_getLogs
eth_blockNumber
eth_getTransactionReceipt
eth_getBlockByNumber
eth_getBlockByNumber
eth_blockNumber
eth_getTransactionReceipt
eth_getBlockByNumber
eth_getBlockByNumber
eth_blockNumber
eth_getTransactionReceipt

    Block Number: 387
    Block Hash: 0x06f444ed8be01ea1aff3c45eb63867ca5726ccea55292c432356d0ba6e411c26
    Block Time: "Mon, 5 Oct 2026 05:27:28 +0000"

eth_getBlockByNumber
eth_getBlockByNumber
eth_getLogs
eth_blockNumber
eth_getTransactionReceipt
eth_feeHistory
eth_simulateV1
eth_sendRawTransaction
eth_getTransactionReceipt

    Transaction: 0xf917332d8f68510c52dc28371048715da0ff5913f58a48d637ccf1bce613513c
    Gas used: 171368

    Block Number: 388
    Block Hash: 0xd4134492af8a268aea46e4d0a748551b97b70f32b14910c19f42c6ce9f90b1d0
    Block Time: "Mon, 5 Oct 2026 05:27:28 +0000"

eth_getBlockByNumber
eth_getBlockByNumber
eth_getLogs
eth_getTransactionReceipt
eth_blockNumber
eth_getTransactionReceipt
eth_getBlockByNumber

    Block Number: 389
    Block Hash: 0x187a704775563dea0241206c300c36bb3f459e9a5c78ce77c111ff0db44be94d
    Block Time: "Mon, 5 Oct 2026 05:27:28 +0000"

eth_getBlockByNumber
eth_getLogs
eth_blockNumber
eth_getTransactionReceipt
eth_getBlockByNumber
eth_getBlockByNumber
eth_blockNumber
eth_getTransactionReceipt
eth_getBlockByNumber
eth_getBlockByNumber

    Block Number: 390
    Block Hash: 0x063a2fc0b69c30ca127abee0d9234b9422d12bb7f56954a18b74b3f935b3f93f
    Block Time: "Mon, 5 Oct 2026 05:27:28 +0000"

eth_blockNumber
eth_getTransactionReceipt
eth_getBlockByNumber
eth_getBlockByNumber
eth_getLogs
eth_getBlockByNumber
eth_getBlockByNumber
eth_getBlockByNumber

    Block Number: 391
    Block Hash: 0x22b6e00df094b74c91425a2fd970602c9fb9cee576f27a1cf5c3ec9fced46a8f
    Block Time: "Mon, 5 Oct 2026 05:27:28 +0000"

eth_getBlockByNumber
eth_getLogs
eth_getBlockByNumber
eth_getBlockByNumber
eth_getBlockByNumber
eth_getBlockByNumber

    Block Number: 392
    Block Hash: 0xa1cd8f7654b9070dcf98aa69127eb7fbef7c2670f8b3c0499ce8535a5e400cbc
    Block Time: "Mon, 5 Oct 2026 05:27:29 +0000"

eth_getBlockByNumber
eth_getBlockByNumber
eth_getLogs
eth_getBlockByNumber
eth_getBlockByNumber
eth_getBlockByNumber

    Block Number: 393
    Block Hash: 0x566e94ef876fea2763102a8645e359399ca94e725823cae4dd7a4eb7df36fb9a
    Block Time: "Mon, 5 Oct 2026 05:27:29 +0000"

eth_getBlockByNumber
eth_getLogs
eth_getBlockByNumber
eth_getBlockByNumber
eth_getBlockByNumber
eth_getBlockByNumber

    Block Number: 394
    Block Hash: 0x56787a35c4685d052f4d16ca95148750bb8a9d74815c32487562f55bb13fccd4
    Block Time: "Mon, 5 Oct 2026 05:27:29 +0000"

eth_getBlockByNumber
eth_getBlockByNumber
eth_getLogs
eth_getBlockByNumber
eth_getBlockByNumber
eth_getBlockByNumber

    Block Number: 395
    Block Hash: 0x4ed6ddf0ad426e0d6d7e8f89a58d18ad0b05ad7979ce93145976869a353db0ae
    Block Time: "Mon, 5 Oct 2026 05:27:29 +0000"

eth_getBlockByNumber
eth_getLogs
eth_getBlockByNumber
eth_getBlockByNumber
eth_getBlockByNumber
eth_getBlockByNumber

    Block Number: 396
    Block Hash: 0x7550870a6f47503bf369153816654780fbffb0155a1c057b765bf1725a27b21a
    Block Time: "Mon, 5 Oct 2026 05:27:30 +0000"

eth_getBlockByNumber
eth_getBlockByNumber
eth_getLogs
eth_getBlockByNumber
eth_getBlockByNumber
eth_getBlockByNumber

    Block Number: 397
    Block Hash: 0x50090376a0abd1d2c064f7064927eccbaedff57d2a347045f3644b1a291787bf
    Block Time: "Mon, 5 Oct 2026 05:27:30 +0000"

eth_getBlockByNumber
eth_getLogs
eth_getBlockByNumber
eth_getBlockByNumber
eth_getBlockByNumber
eth_getBlockByNumber

    Block Number: 398
    Block Hash: 0x84606369f08363ab14f4fb44b49a285894b3a4c610654629e2fa4a881d3c5d54
    Block Time: "Mon, 5 Oct 2026 05:27:30 +0000"

eth_call
eth_feeHistory
eth_simulateV1
eth_sendRawTransaction
eth_getBlockByNumber
eth_getTransactionReceipt

    Transaction: 0x11406149f63c09891e5617ea55dbdf8a16634dd0931bdb86579f8bbc39902f6c
    Gas used: 141886

    Block Number: 399
    Block Hash: 0x4a0731c88cf110561fec3ae84a73e60758f8c5ac6c982322779f36f68b58a6b2
    Block Time: "Mon, 5 Oct 2026 05:27:30 +0000"

eth_getBlockByNumber
eth_getBlockByNumber
eth_getLogs
eth_getLogs
eth_getTransactionByHash
eth_getBlockByNumber
eth_getTransactionByHash
eth_getTransactionReceipt
eth_blockNumber
eth_getTransactionReceipt
eth_getBlockByNumber
eth_getBlockByNumber
eth_blockNumber
eth_getTransactionReceipt

    Block Number: 400
    Block Hash: 0x8539273de83bde0fd5e3737810612833f3a191e0c8fb0b770e0b5fdf57c8cad2
    Block Time: "Mon, 5 Oct 2026 05:27:30 +0000"

eth_getBlockByNumber
eth_getLogs
eth_getBlockByNumber
eth_blockNumber
eth_getTransactionReceipt
eth_getBlockByNumber
eth_getBlockByNumber
eth_blockNumber
eth_getTransactionReceipt
eth_getBlockByNumber

    Block Number: 401
    Block Hash: 0x6bae285f6dd633fb9cc7c4a82dd653869c9988167aa56d476f7d480a1b79e26d
    Block Time: "Mon, 5 Oct 2026 05:27:31 +0000"

eth_getBlockByNumber
eth_blockNumber
eth_getTransactionReceipt
eth_getBlockByNumber
eth_getLogs
eth_getBlockByNumber
eth_getBlockByNumber
eth_getBlockByNumber

    Block Number: 402
    Block Hash: 0xc0c8404da3c56a618b4652f5b2c15e3054cc6cd51431e574ce89c77523a137ef
    Block Time: "Mon, 5 Oct 2026 05:27:31 +0000"

eth_getBlockByNumber
eth_getLogs
eth_getBlockByNumber
eth_getBlockByNumber
eth_getBlockByNumber
eth_getBlockByNumber

    Block Number: 403
    Block Hash: 0x6095bcd3b2b66f27929eaa8a37089bbddadd0cd5a3b4a135cd6c541d6489384f
    Block Time: "Mon, 5 Oct 2026 05:27:31 +0000"

eth_getBlockByNumber
eth_getBlockByNumber
eth_getLogs
eth_feeHistory
eth_simulateV1
eth_sendRawTransaction
eth_getTransactionReceipt

    Transaction: 0x964dfae5c882173d9b983aef154ed62c41c0e59fee411ce98747fea812aa0f44
    Gas used: 96809

    Block Number: 404
    Block Hash: 0xfba8e7fbb33fbfe89aeed1f07b90489f30feea17858823ca405ceb9652515184
    Block Time: "Mon, 5 Oct 2026 05:27:31 +0000"

eth_getBlockByNumber
eth_getBlockByNumber
eth_getLogs
eth_getTransactionReceipt
eth_blockNumber
eth_getTransactionReceipt
eth_getBlockByNumber

    Block Number: 405
    Block Hash: 0xe084caf3a6df44c273fa7254220616e8e27757429a6a01f06a799e3ff7a53c29
    Block Time: "Mon, 5 Oct 2026 05:27:31 +0000"

eth_getBlockByNumber
eth_getLogs
eth_blockNumber
eth_getTransactionReceipt
eth_getBlockByNumber
eth_getBlockByNumber
eth_blockNumber
eth_getTransactionReceipt
eth_getBlockByNumber
eth_getBlockByNumber

    Block Number: 406
    Block Hash: 0xd2929f5fcf06f37bbd85a76b012ebac44f57635ad1045bdc1f81665cb94df1d2
    Block Time: "Mon, 5 Oct 2026 05:27:32 +0000"

eth_blockNumber
eth_getTransactionReceipt
eth_feeHistory
eth_simulateV1
eth_sendRawTransaction
eth_getTransactionReceipt

    Transaction: 0x59c0fe374983e065cc68b5eb518232934bc6c840173e59ff50124a352a162b8c
    Gas used: 171368

    Block Number: 407
    Block Hash: 0xc7cdc0087c3fe7e16ebcfd254debaa6d434dc837a057e82d486330a49ca78672
    Block Time: "Mon, 5 Oct 2026 05:27:32 +0000"

eth_getBlockByNumber
eth_getBlockByNumber
eth_getBlockByNumber
eth_getLogs
eth_getLogs
eth_getTransactionReceipt
eth_blockNumber
eth_getTransactionReceipt
eth_getBlockByNumber
eth_getBlockByNumber
eth_blockNumber
eth_getTransactionReceipt
eth_getBlockByNumber

    Block Number: 408
    Block Hash: 0xcde7582034cb59d2e914f82478ae88bc27679f470ea8de9208c3821bcce39629
    Block Time: "Mon, 5 Oct 2026 05:27:32 +0000"

eth_getBlockByNumber
eth_getLogs
eth_blockNumber
eth_getTransactionReceipt
eth_getBlockByNumber
eth_getBlockByNumber
eth_blockNumber
eth_getTransactionReceipt
eth_getBlockByNumber
eth_getBlockByNumber

    Block Number: 409
    Block Hash: 0xeb0c979c017538332131b1f2bd9f13957d833f88001e9d47564eb2ebb09dbca3
    Block Time: "Mon, 5 Oct 2026 05:27:32 +0000"

eth_blockNumber
eth_getTransactionReceipt
eth_getBlockByNumber
eth_getBlockByNumber
eth_getLogs
eth_getBlockByNumber
eth_getBlockByNumber
eth_getBlockByNumber

    Block Number: 410
    Block Hash: 0xaa09737984e08d4158ca98729d59b5f917b29bcb3c4473741f1829dce6f20cf5
    Block Time: "Mon, 5 Oct 2026 05:27:32 +0000"

eth_getBlockByNumber
eth_getLogs
eth_getBlockByNumber
eth_getBlockByNumber
eth_getBlockByNumber
eth_getBlockByNumber

    Block Number: 411
    Block Hash: 0xcc4cc4c0e5fc501834a86e2d129b2ace2d9fe9e2f2aff9248a62878225d5dd5a
    Block Time: "Mon, 5 Oct 2026 05:27:33 +0000"

eth_getBlockByNumber
eth_getBlockByNumber
eth_getLogs
eth_getBlockByNumber
eth_getBlockByNumber
eth_getBlockByNumber

    Block Number: 412
    Block Hash: 0x50ab05c66013b411d0b3cd3b0f27d7912ab87248a30d28d07f816ff417320df4
    Block Time: "Mon, 5 Oct 2026 05:27:33 +0000"

eth_getBlockByNumber
eth_getLogs
eth_getBlockByNumber
eth_getBlockByNumber
eth_getBlockByNumber
eth_getBlockByNumber

    Block Number: 413
    Block Hash: 0xf4715e0752209a2c5f9591577f9870cd4832d2c8f496a0ed111d513872fba737
    Block Time: "Mon, 5 Oct 2026 05:27:33 +0000"

eth_getBlockByNumber
eth_getBalance
eth_getBalance
eth_getTransactionCount
eth_getTransactionCount
eth_feeHistory
eth_feeHistory
eth_feeHistory
eth_feeHistory
eth_feeHistory
eth_feeHistory
eth_feeHistory
eth_feeHistory
eth_feeHistory
eth_feeHistory
eth_feeHistory
eth_feeHistory
eth_feeHistory
eth_feeHistory
eth_feeHistory
eth_feeHistory
eth_feeHistory
eth_feeHistory
eth_getBalance
eth_getTransactionCount
eth_feeHistory
eth_feeHistory
eth_feeHistory
eth_feeHistory
eth_feeHistory
eth_feeHistory
eth_feeHistory
eth_feeHistory
eth_feeHistory
eth_getBlockByNumber
eth_getLogs
eth_getBlockByNumber
eth_getBlockByNumber
eth_getBlockByNumber

    Block Number: 414
    Block Hash: 0xcbd83beab9877bda8357f44683d1ddeb4a1673a338a73fffde1ab8c0de9ff49e
    Block Time: "Mon, 5 Oct 2026 05:27:33 +0000"

eth_getBlockByNumber
eth_getLogs
eth_getBlockByNumber
eth_getBlockByNumber
eth_getBlockByNumber
eth_getBlockByNumber

    Block Number: 415
    Block Hash: 0xaa1ee93a9677a52e1fc01c53e7da40003d7fb9e15090e5992fd969dca181bb42
    Block Time: "Mon, 5 Oct 2026 05:27:34 +0000"

eth_getBlockByNumber
eth_getBlockByNumber
eth_getLogs
eth_getBlockByNumber
eth_getBlockByNumber
eth_getBlockByNumber

    Block Number: 416
    Block Hash: 0xf744ad654b8cc8842af4f2dd68213d250ccfdbfe48792e226730a7f579110562
    Block Time: "Mon, 5 Oct 2026 05:27:34 +0000"

eth_getBlockByNumber
eth_getLogs
eth_getBlockByNumber
eth_getBlockByNumber
eth_getBlockByNumber
eth_getBlockByNumber

    Block Number: 417
    Block Hash: 0x1c0154b47db5889be0cbd9259af3cd3b6ea8b719193a043f0c22cd45105c4029
    Block Time: "Mon, 5 Oct 2026 05:27:34 +0000"

eth_getBlockByNumber
eth_call
eth_feeHistory
eth_simulateV1
eth_sendRawTransaction
eth_getTransactionReceipt

    Transaction: 0x22a088b55a50f2972384f09e094ba55bfc30fb2b1736b6caca07f3e4807233b2
    Gas used: 141886

    Block Number: 418
    Block Hash: 0xa13885a758dd6a43a4f000893c46d28e2d6889e88cebdf560176ee79dc7f0a3a
    Block Time: "Mon, 5 Oct 2026 05:27:34 +0000"

eth_getBlockByNumber
eth_getBlockByNumber
eth_getLogs
eth_getLogs
eth_getTransactionByHash
eth_getBlockByNumber
eth_getTransactionReceipt
eth_blockNumber
eth_getTransactionReceipt
eth_getBlockByNumber
eth_getBlockByNumber
eth_blockNumber
eth_getTransactionReceipt

    Block Number: 419
    Block Hash: 0x6668a6aaa4394de607504395b3269787ceea03b627652f07f0527afca0b200a8
    Block Time: "Mon, 5 Oct 2026 05:27:34 +0000"

eth_getBlockByNumber
eth_getLogs
eth_getBlockByNumber
eth_getTransactionByHash
eth_blockNumber
eth_getTransactionReceipt
eth_getBlockByNumber
eth_getBlockByNumber
eth_blockNumber
eth_getTransactionReceipt
eth_getBlockByNumber

    Block Number: 420
    Block Hash: 0xd4d7741457c2be27f4ee5ed43d8c706aabc60131416c1b1b02641df9c4c9da0e
    Block Time: "Mon, 5 Oct 2026 05:27:35 +0000"

eth_getBlockByNumber
eth_blockNumber
eth_getTransactionReceipt
eth_getBlockByNumber
eth_getLogs
eth_getBlockByNumber
eth_getBlockByNumber
eth_getBlockByNumber

    Block Number: 421
    Block Hash: 0x0044604fac575f8e52b9b0c549810bc389b1ee52cfef4be437ad7c77ffe3a6f4
    Block Time: "Mon, 5 Oct 2026 05:27:35 +0000"

eth_getBlockByNumber
eth_getLogs
eth_getBlockByNumber
eth_getBlockByNumber
eth_getBlockByNumber
eth_getBlockByNumber

    Block Number: 422
    Block Hash: 0xe78789f8575bcdcbbe49477b7837744f4203bf7fd2e3fbc8d50c7b5b727758ca
    Block Time: "Mon, 5 Oct 2026 05:27:35 +0000"

eth_getBlockByNumber
eth_getBlockByNumber
eth_getLogs
eth_feeHistory
eth_simulateV1
eth_sendRawTransaction
eth_getTransactionReceipt

    Transaction: 0xff55cace6acbd5636455187fb11dc61a7a7ab320d33da759739d21ee0d48bc79
    Gas used: 96773

    Block Number: 423
    Block Hash: 0xcf489fe8b62653b20b3e6ce63e11316475e904bf6ace26090a2cd6d9fcd5779e
    Block Time: "Mon, 5 Oct 2026 05:27:35 +0000"

eth_getBlockByNumber
eth_getBlockByNumber
eth_getLogs
eth_getTransactionReceipt
eth_blockNumber
eth_getTransactionReceipt
eth_getBlockByNumber

    Block Number: 424
    Block Hash: 0xe38c71afd02052e9e46ae4663df9cbc1a28bf7ffc2e36303440b1a9c9216df2c
    Block Time: "Mon, 5 Oct 2026 05:27:35 +0000"

eth_getBlockByNumber
eth_getLogs
eth_blockNumber
eth_getTransactionReceipt
eth_getBlockByNumber
eth_getBlockByNumber
eth_blockNumber
eth_getTransactionReceipt
eth_getBlockByNumber
eth_getBlockByNumber

    Block Number: 425
    Block Hash: 0x919407aaaab9b34c5a93b436f38706d0948574cf3f3706dd3208924cf9453399
    Block Time: "Mon, 5 Oct 2026 05:27:36 +0000"

eth_blockNumber
eth_getTransactionReceipt
eth_feeHistory
eth_simulateV1
eth_sendRawTransaction
eth_getTransactionReceipt

    Transaction: 0x88f1c5323b0ec9d77488aef119e97cc82353447ef2dbffae04afb6efed215ae2
    Gas used: 171344

    Block Number: 426
    Block Hash: 0xedfd63408d16176f0f69182052a0c645e5df425adcf5924e528548f82e3a21e4
    Block Time: "Mon, 5 Oct 2026 05:27:36 +0000"

eth_getBlockByNumber
eth_getBlockByNumber
eth_getBlockByNumber
eth_getLogs
eth_getLogs
eth_getBlockByNumber
eth_getTransactionReceipt
eth_blockNumber
eth_getTransactionReceipt
eth_getBlockByNumber
eth_getBlockByNumber
eth_blockNumber
eth_getTransactionReceipt

    Block Number: 427
    Block Hash: 0x0c4b15da02245a8bcf300c54e75c1f183cd62f893692396a6193ed5c04061c1c
    Block Time: "Mon, 5 Oct 2026 05:27:36 +0000"

eth_getBlockByNumber
eth_getLogs
eth_getBlockByNumber
eth_blockNumber
eth_getTransactionReceipt
eth_getBlockByNumber
eth_getBlockByNumber
eth_blockNumber
eth_getTransactionReceipt
eth_getBlockByNumber

    Block Number: 428
    Block Hash: 0x45949dbc5e87a07a35e9aea023d8574a6e5cf763314bf398c1319d51134dec9d
    Block Time: "Mon, 5 Oct 2026 05:27:36 +0000"

eth_getBlockByNumber
eth_blockNumber
eth_getTransactionReceipt
eth_getBlockByNumber
eth_getLogs
eth_getBlockByNumber
eth_getBlockByNumber
eth_getBlockByNumber

    Block Number: 429
    Block Hash: 0x6c87309e6649bd6853378bcab5564894e371df42ba308cd09e430eb51cf0412f
    Block Time: "Mon, 5 Oct 2026 05:27:36 +0000"

eth_getBlockByNumber
eth_getLogs
eth_getBlockByNumber
eth_getBlockByNumber
eth_getBlockByNumber
eth_getBlockByNumber

    Block Number: 430
    Block Hash: 0xb9adc85bb55596822f245e2fb5530235bb5ca5de0cebdf3a1dbbe0bd6eb829d7
    Block Time: "Mon, 5 Oct 2026 05:27:37 +0000"

eth_getBlockByNumber
eth_getBlockByNumber
eth_getLogs
eth_getBlockByNumber
eth_getBlockByNumber
eth_getBlockByNumber

    Block Number: 431
    Block Hash: 0xbe4f6a7b880052683bbc1a2e64e649f863cf327b982fff1d0c23b1129c774ba5
    Block Time: "Mon, 5 Oct 2026 05:27:37 +0000"

eth_getBlockByNumber
eth_getLogs
eth_getBlockByNumber
eth_getBlockByNumber
eth_getBlockByNumber
eth_getBlockByNumber

    Block Number: 432
    Block Hash: 0xcb62861aee0fe28873c42fd9cf3f4bb5534e892ca681245260ecb8f39dbc4ce6
    Block Time: "Mon, 5 Oct 2026 05:27:37 +0000"

eth_getBlockByNumber
eth_getBlockByNumber
eth_getLogs
eth_getBlockByNumber
eth_getBlockByNumber
eth_getBlockByNumber

    Block Number: 433
    Block Hash: 0x02bb8712b314781d363fe6f223eaa56b909e6ae877e94f1aaccd2a0e1c825c95
    Block Time: "Mon, 5 Oct 2026 05:27:37 +0000"

eth_getBlockByNumber
eth_getLogs
eth_getBlockByNumber
eth_getBlockByNumber
eth_getBlockByNumber
eth_getBlockByNumber

    Block Number: 434
    Block Hash: 0x1a00a7a43d721382fff4a9e54065b998a1ca1b021ed41b86ed1c2182d950fc21
    Block Time: "Mon, 5 Oct 2026 05:27:38 +0000"

eth_getBlockByNumber
eth_getBlockByNumber
eth_getLogs
eth_getBlockByNumber
eth_getBlockByNumber
eth_getBlockByNumber

    Block Number: 435
    Block Hash: 0x341e731f4a88bff06c8da13828086984270a9f5032efa95509efa09617dd983d
    Block Time: "Mon, 5 Oct 2026 05:27:38 +0000"

eth_getBlockByNumber
eth_getLogs
eth_getBlockByNumber
eth_getBlockByNumber
eth_getBlockByNumber
eth_getBlockByNumber

    Block Number: 436
    Block Hash: 0x8c36004bbeb87468c288c50037d7aea5aad7f37d3b180b86229eed1df2b26519
    Block Time: "Mon, 5 Oct 2026 05:27:38 +0000"

eth_blockNumber
eth_getBlockByNumber
eth_feeHistory
eth_call
eth_feeHistory
eth_simulateV1
eth_sendRawTransaction
eth_getBlockByNumber
eth_getLogs
eth_getTransactionReceipt

    Transaction: 0x163397a30587a1b7e1b24b08b4e3c84f5387af595fded41893d5cce7053d75e7
    Gas used: 158950

    Block Number: 437
    Block Hash: 0xbb358010a8a6d8c9c275a58b9d8f3e9bac12d27633128efd6ae7be123631b69c
    Block Time: "Mon, 5 Oct 2026 05:27:38 +0000"

eth_getBlockByNumber
eth_getBlockByNumber
eth_getLogs
eth_getTransactionByHash
eth_getTransactionReceipt
eth_blockNumber
eth_getTransactionReceipt
eth_getBlockByNumber

    Block Number: 438
    Block Hash: 0x619cc3bf1fc72eb941971eda420bc5750bde3326b76928ab06d98342f875eb03
    Block Time: "Mon, 5 Oct 2026 05:27:38 +0000"

eth_getBlockByNumber
eth_getLogs
eth_blockNumber
eth_getTransactionReceipt
eth_getBlockByNumber
eth_getTransactionByHash
eth_getBlockByNumber
eth_blockNumber
eth_getTransactionReceipt
eth_getBlockByNumber
eth_getBlockByNumber
eth_blockNumber
eth_getTransactionReceipt

    Block Number: 439
    Block Hash: 0xf2eb1eb6e9e499f624d3f5f9bc896562e1b170c75a493ee207c9f39cf0d953de
    Block Time: "Mon, 5 Oct 2026 05:27:39 +0000"

eth_getBlockByNumber
eth_getBlockByNumber
eth_getLogs
eth_blockNumber
eth_getTransactionReceipt
eth_getBlockByNumber
eth_getBlockByNumber
eth_getBlockByNumber

    Block Number: 440
    Block Hash: 0x5662718a29e4f8d134a79e6cb76c9f8a3fd4fd00e10f3ee875f172763d6b4ad1
    Block Time: "Mon, 5 Oct 2026 05:27:39 +0000"

eth_getBlockByNumber
eth_getLogs
eth_getBlockByNumber
eth_getBlockByNumber
eth_getBlockByNumber
eth_getBlockByNumber

    Block Number: 441
    Block Hash: 0xc5465b1de0fdad4293dbf5a64a76ba39613b4ad1561ef9b0547d272136f7c61d
    Block Time: "Mon, 5 Oct 2026 05:27:39 +0000"

eth_getBlockByNumber
eth_getBlockByNumber
eth_getLogs
eth_feeHistory
eth_simulateV1
eth_sendRawTransaction
eth_getTransactionReceipt

    Transaction: 0x105345b0b99e87630db936c43abb90231d40869b0fc224f86f2ec1d5dbb1c824
    Gas used: 96785

    Block Number: 442
    Block Hash: 0x7927c11387e43f495ba049d284016eacb757c0d139f6f25c43712837da452aea
    Block Time: "Mon, 5 Oct 2026 05:27:39 +0000"

eth_getBlockByNumber
eth_getBlockByNumber
eth_getLogs
eth_getTransactionReceipt
eth_blockNumber
eth_getTransactionReceipt
eth_getBlockByNumber

    Block Number: 443
    Block Hash: 0x910dcf90641eefff64123264f3e83c226a3f1b9156a7dc422fff6cf21a5ef68e
    Block Time: "Mon, 5 Oct 2026 05:27:39 +0000"

eth_getBlockByNumber
eth_getLogs
eth_blockNumber
eth_getTransactionReceipt
eth_getBlockByNumber
eth_getBlockByNumber
eth_blockNumber
eth_getTransactionReceipt
eth_getBlockByNumber
eth_getBlockByNumber

    Block Number: 444
    Block Hash: 0xfc4be4e53d87566f139309cac2c757c020279fc1828cb667b7ea56a1ae0ad8ae
    Block Time: "Mon, 5 Oct 2026 05:27:40 +0000"

eth_blockNumber
eth_getTransactionReceipt
eth_feeHistory
eth_simulateV1
eth_sendRawTransaction
eth_getTransactionReceipt
eth_getBlockByNumber

    Transaction: 0x9739fab15feaf8d7a89633614c6646b60faa06033d4eb99479cc3bd8741807de
    Gas used: 171368

    Block Number: 445
    Block Hash: 0xdef3f3d827cb57717de8218ddbd0d6182f47803d93d264d8868cc2a73a5d98a8
    Block Time: "Mon, 5 Oct 2026 05:27:40 +0000"

eth_getBlockByNumber
eth_getBlockByNumber
eth_getLogs
eth_getLogs
eth_getBlockByNumber
eth_getTransactionReceipt
eth_blockNumber
eth_getTransactionReceipt
eth_getBlockByNumber
eth_getBlockByNumber
eth_blockNumber
eth_getTransactionReceipt

    Block Number: 446
    Block Hash: 0x615cd13d4591859ede6c9b6c1990110390d534a1ca1f422b0fecc051a53761b1
    Block Time: "Mon, 5 Oct 2026 05:27:40 +0000"

eth_getBlockByNumber
eth_getLogs
eth_getBlockByNumber
eth_blockNumber
eth_getTransactionReceipt
eth_getBlockByNumber
eth_getBlockByNumber
eth_blockNumber
eth_getTransactionReceipt
eth_getBlockByNumber

    Block Number: 447
    Block Hash: 0x4a3acc96ec0eb819c2bea54ff74eb953fa0ac82a049e9fd58701fe79b9033dad
    Block Time: "Mon, 5 Oct 2026 05:27:40 +0000"

eth_getBlockByNumber
eth_blockNumber
eth_getTransactionReceipt
eth_getBlockByNumber
eth_getLogs
eth_getBlockByNumber
eth_getBlockByNumber
eth_getBlockByNumber

    Block Number: 448
    Block Hash: 0xfc6c5632a4396a857e8073de296dde440687ffe180ebabb9df67be1f725f6e89
    Block Time: "Mon, 5 Oct 2026 05:27:40 +0000"

eth_getBlockByNumber
eth_getLogs
eth_getBlockByNumber
eth_getBlockByNumber
eth_getBlockByNumber
eth_getBlockByNumber

    Block Number: 449
    Block Hash: 0xf02b8f25bdc9e3b802661769cf70178e32442ec8276506e150591e10b69bef11
    Block Time: "Mon, 5 Oct 2026 05:27:41 +0000"

eth_getBlockByNumber
eth_getBlockByNumber
eth_getLogs
eth_getBlockByNumber
eth_getBlockByNumber
eth_getBlockByNumber

    Block Number: 450
    Block Hash: 0x04109ceb52f2e9eea1b1f099b3cd0311aa9ac80aab397ed78180c091d24f3374
    Block Time: "Mon, 5 Oct 2026 05:27:41 +0000"

eth_getBlockByNumber
eth_getLogs
eth_getBlockByNumber
eth_getBlockByNumber
eth_getBlockByNumber
eth_getBlockByNumber

    Block Number: 451
    Block Hash: 0x863642faa417d4666fcf3003d745ebf795c384d38d2c3d3bbaa08bb6a8f65030
    Block Time: "Mon, 5 Oct 2026 05:27:41 +0000"

eth_getBlockByNumber
eth_getBlockByNumber
eth_getLogs
eth_getBlockByNumber
eth_getBlockByNumber
eth_getBlockByNumber

    Block Number: 452
    Block Hash: 0xfa2de00013ca2427c99aa5d78f9d5edca55fe1959acd676b1f0690a8bf5e856a
    Block Time: "Mon, 5 Oct 2026 05:27:41 +0000"

eth_getBlockByNumber
eth_getLogs
eth_getBlockByNumber
eth_getBlockByNumber
eth_getBlockByNumber
eth_getBlockByNumber

    Block Number: 453
    Block Hash: 0x5832519a4b74dea198370c5c0baea5b8f62277a12028af9b1e9b07984ecbea3f
    Block Time: "Mon, 5 Oct 2026 05:27:42 +0000"

eth_getBlockByNumber
eth_getBlockByNumber
eth_getLogs
eth_getBlockByNumber
eth_getBlockByNumber
eth_getBlockByNumber

    Block Number: 454
    Block Hash: 0x88960db869ced750c356abd7861c137e23aca838e20461d4d10d644ef523f51b
    Block Time: "Mon, 5 Oct 2026 05:27:42 +0000"

eth_getBlockByNumber
eth_getLogs
eth_getBlockByNumber
eth_getBlockByNumber
eth_getBlockByNumber
eth_getBlockByNumber

    Block Number: 455
    Block Hash: 0x6eef1acfa6ac3d765717c602ee2016b45ce90af229aa67226a9d95c07d0e9c0e
    Block Time: "Mon, 5 Oct 2026 05:27:42 +0000"

eth_getBlockByNumber
eth_call
eth_feeHistory
eth_simulateV1
eth_sendRawTransaction
eth_getTransactionReceipt

    Transaction: 0x290aed7244987baf835eea19cca123f6c7639ea8852924a0df636b65d9b91029
    Gas used: 141886

    Block Number: 456
    Block Hash: 0xe1af83ed090a8ce77ef87d99c1af6fdbafc2970a66f386d1d8a9423710bf36d7
    Block Time: "Mon, 5 Oct 2026 05:27:42 +0000"

eth_getBlockByNumber
eth_getBlockByNumber
eth_getLogs
eth_getLogs
eth_getTransactionByHash
eth_getBlockByNumber
eth_getTransactionReceipt
eth_blockNumber
eth_getTransactionReceipt
eth_getBlockByNumber
eth_getBlockByNumber

    Block Number: 457
    Block Hash: 0xeb9fdda3a3bda12bb0708e1961f764a80803d8b6ca6e51eb3dac17aa3a6f644a
    Block Time: "Mon, 5 Oct 2026 05:27:42 +0000"

eth_blockNumber
eth_getTransactionReceipt
eth_getBlockByNumber
eth_getLogs
eth_getBlockByNumber
eth_getTransactionByHash
eth_blockNumber
eth_getTransactionReceipt
eth_getBlockByNumber
eth_getBlockByNumber
eth_blockNumber
eth_getTransactionReceipt
eth_getBlockByNumber

    Block Number: 458
    Block Hash: 0x0bcd41e48ec8281e59e00d844ab95e47c8e654dffa625d3a81eb4ed0901a5855
    Block Time: "Mon, 5 Oct 2026 05:27:43 +0000"

eth_getBlockByNumber
eth_blockNumber
eth_getTransactionReceipt
eth_getBlockByNumber
eth_getLogs
eth_getBlockByNumber
eth_getBlockByNumber
eth_getBlockByNumber

    Block Number: 459
    Block Hash: 0xeeac5b326bf94daaa06f0248b015bda8940238e83db3ab1a7128407062da46f9
    Block Time: "Mon, 5 Oct 2026 05:27:43 +0000"

eth_getBlockByNumber
eth_getLogs
eth_getBlockByNumber
eth_getBlockByNumber
eth_getBlockByNumber
eth_getBlockByNumber

    Block Number: 460
    Block Hash: 0x31f45b8fad46c140f0b1a946c0d8766314587c85b52d7ffd2d0930db8b6a5e40
    Block Time: "Mon, 5 Oct 2026 05:27:43 +0000"

eth_getBlockByNumber
eth_getBlockByNumber
eth_getLogs
eth_feeHistory
eth_simulateV1
eth_sendRawTransaction
eth_getTransactionReceipt

    Transaction: 0x15880b3555d4087f742328e81033c60b899f80332459cd6f80ebe5689c3cb312
    Gas used: 96797

    Block Number: 461
    Block Hash: 0x421e76839f0fbcfb50f1b030e5d967c2cb9e2528d59bcc3df21c2bbe2d1c76bf
    Block Time: "Mon, 5 Oct 2026 05:27:43 +0000"

eth_getBlockByNumber
eth_getBlockByNumber
eth_getLogs
eth_getTransactionReceipt
eth_blockNumber
eth_getTransactionReceipt
eth_getBlockByNumber

    Block Number: 462
    Block Hash: 0x5703e869af60845d695eb08999263f1fd4cf7f58591551851376cb8af24147c1
    Block Time: "Mon, 5 Oct 2026 05:27:43 +0000"

eth_getBlockByNumber
eth_getLogs
eth_blockNumber
eth_getBlockByNumber
eth_getTransactionReceipt
eth_getBlockByNumber
eth_getBlockByNumber
eth_blockNumber
eth_getTransactionReceipt
eth_getBlockByNumber

    Block Number: 463
    Block Hash: 0x09738b059b9058a715aac03936d6345defeeab1a9b910966918314b6e595ca8a
    Block Time: "Mon, 5 Oct 2026 05:27:44 +0000"

eth_getBlockByNumber
eth_blockNumber
eth_getTransactionReceipt
eth_feeHistory
eth_simulateV1
eth_sendRawTransaction
eth_getTransactionReceipt

    Transaction: 0xed48f4789cadf7905668f91538e172a406b479f08955262eeac63f3158d61913
    Gas used: 171356

    Block Number: 464
    Block Hash: 0x568105900724cbeb0dc370cd0817a880a3ebdb61a48e638f35fb1c9773a7c9f9
    Block Time: "Mon, 5 Oct 2026 05:27:44 +0000"

eth_getBlockByNumber
eth_getBlockByNumber
eth_getLogs
eth_getLogs
eth_getBlockByNumber
eth_getTransactionReceipt
eth_blockNumber
eth_getTransactionReceipt
eth_getBlockByNumber
eth_getBlockByNumber
eth_blockNumber
eth_getTransactionReceipt

    Block Number: 465
    Block Hash: 0x183f2e82b499f065b093d726febf7060df6336cf998e4195c27aaa885d5eebee
    Block Time: "Mon, 5 Oct 2026 05:27:44 +0000"

eth_getBlockByNumber
eth_getLogs
eth_getBlockByNumber
eth_blockNumber
eth_getTransactionReceipt
eth_getBlockByNumber
eth_getBlockByNumber
eth_blockNumber
eth_getTransactionReceipt
eth_getBlockByNumber

    Block Number: 466
    Block Hash: 0x5f557008f1655ee3fc817c4189c5142925aee22a40c14d188f284b678079cb04
    Block Time: "Mon, 5 Oct 2026 05:27:44 +0000"

eth_getBlockByNumber
eth_blockNumber
eth_getTransactionReceipt
eth_getBlockByNumber
eth_getLogs
eth_getBlockByNumber
eth_getBlockByNumber
eth_getBlockByNumber

    Block Number: 467
    Block Hash: 0xfed5af49ca1275ba788f64dd808d9e6c30b6cc7afa33d8047e651c286bacc23c
    Block Time: "Mon, 5 Oct 2026 05:27:44 +0000"

eth_getBlockByNumber
eth_getLogs
eth_getBlockByNumber
eth_getBlockByNumber
eth_getBlockByNumber
eth_getBlockByNumber

    Block Number: 468
    Block Hash: 0xe1269f5158ee7223f1a87ef625c790993357212e5fa287e2c317e7a96857e78a
    Block Time: "Mon, 5 Oct 2026 05:27:45 +0000"

eth_getBlockByNumber
eth_getBlockByNumber
eth_getLogs
eth_getBlockByNumber
eth_getBlockByNumber
eth_getBlockByNumber

    Block Number: 469
    Block Hash: 0x2094177da1cc069539d02850344f781e41287ac70bdde8ef5f7b8676dd386c94
    Block Time: "Mon, 5 Oct 2026 05:27:45 +0000"

eth_getBlockByNumber
eth_getLogs
eth_getBlockByNumber
eth_getBlockByNumber
eth_getBlockByNumber
eth_getBlockByNumber

    Block Number: 470
    Block Hash: 0xa77fc9fe7693010e332be85b1aefa07429ac05fc43924a8512d57fa78c02a5ea
    Block Time: "Mon, 5 Oct 2026 05:27:45 +0000"

eth_getBlockByNumber
eth_getBlockByNumber
eth_getLogs
eth_getBlockByNumber
eth_getBlockByNumber
eth_getBlockByNumber

    Block Number: 471
    Block Hash: 0x784131719a02e7f507c685f6433d2a43ff08406d854356a3c206108680e39b47
    Block Time: "Mon, 5 Oct 2026 05:27:45 +0000"

eth_getBlockByNumber
eth_getLogs
eth_getBlockByNumber
eth_getBlockByNumber
eth_getBlockByNumber
eth_getBlockByNumber

    Block Number: 472
    Block Hash: 0x54c96de2df9bfda58fbaf0d06c720fd312586127abc6227051a37f3f1e441948
    Block Time: "Mon, 5 Oct 2026 05:27:46 +0000"

eth_getBlockByNumber
eth_getBlockByNumber
eth_getLogs
eth_getBlockByNumber
eth_getBlockByNumber
eth_getBlockByNumber

    Block Number: 473
    Block Hash: 0x195560cbbf111b7f25cf4d3c06cfeed47b3b9fe4eb4ce13be48c987050587f3b
    Block Time: "Mon, 5 Oct 2026 05:27:46 +0000"

eth_getBlockByNumber
eth_getLogs
eth_getBlockByNumber
eth_getBlockByNumber
eth_getBlockByNumber
eth_getBlockByNumber

    Block Number: 474
    Block Hash: 0x9b0bc3e9d5d0cd007d0d8802d1f9b32d3118616020b1f1170910e7d40ca8a846
    Block Time: "Mon, 5 Oct 2026 05:27:46 +0000"

eth_getBlockByNumber
eth_call
eth_feeHistory
eth_simulateV1
eth_sendRawTransaction

    Transaction: 0x29378e8995201893df053178f9df41f9f5debe7fd4b238af7ba6d6fad6c5811b
    Gas used: 141874

    Block Number: 475
    Block Hash: 0xf621806bd9f9c0a3470416587ae370cfe8fafa42caab7d99bba44bfcc8a33316
    Block Time: "Mon, 5 Oct 2026 05:27:46 +0000"

eth_getTransactionReceipt
eth_blockNumber
eth_getTransactionReceipt
eth_getBlockByNumber
eth_getBlockByNumber
eth_getLogs
eth_getLogs
eth_getTransactionByHash
eth_getBlockByNumber
eth_getBlockByNumber
eth_blockNumber
eth_getTransactionReceipt
eth_getBlockByNumber

    Block Number: 476
    Block Hash: 0x5dd0a413feb42807266a9f19a2e78aba5710527eaa7240b10d02df5276b0506d
    Block Time: "Mon, 5 Oct 2026 05:27:46 +0000"

eth_getBlockByNumber
eth_getLogs
eth_blockNumber
eth_getTransactionReceipt
eth_getBlockByNumber
eth_getTransactionByHash
eth_getBlockByNumber
eth_blockNumber
eth_getTransactionReceipt
eth_getBlockByNumber
eth_getBlockByNumber
eth_blockNumber
eth_getTransactionReceipt

    Block Number: 477
    Block Hash: 0xd6d46a28ad72ec08c50b0ff0fc8a4ba0fe4627598ee4bc049e1bff5152e9f45f
    Block Time: "Mon, 5 Oct 2026 05:27:47 +0000"

eth_getBlockByNumber
eth_getBlockByNumber
eth_getLogs
eth_blockNumber
eth_getTransactionReceipt
eth_getBlockByNumber
eth_getBlockByNumber
eth_getBlockByNumber

    Block Number: 478
    Block Hash: 0x25e31c1d1b8982e6bf87f3b5085fdf5a070e2f652a97c9ced577fdb172a76a13
    Block Time: "Mon, 5 Oct 2026 05:27:47 +0000"

eth_getBlockByNumber
eth_getLogs
eth_getBlockByNumber
eth_getBlockByNumber
eth_getBlockByNumber
eth_getBlockByNumber

    Block Number: 479
    Block Hash: 0x2f91b216d4ddef696d04e4510bc8c16cd09a4e2cab341be87acdadbfb73e488f
    Block Time: "Mon, 5 Oct 2026 05:27:47 +0000"

eth_getBlockByNumber
eth_getBlockByNumber
eth_getLogs
eth_feeHistory
eth_simulateV1
eth_sendRawTransaction
eth_getTransactionReceipt
eth_getBlockByNumber

    Transaction: 0x0f26a75cd84265c92b27e96ecc8f914ab1e21c376f2e7b8a6ab4eab463d248f6
    Gas used: 96797

    Block Number: 480
    Block Hash: 0x9b31d592c0f484f56b58286ae774472bc9ba2085ddfcba4cfdba4cc00122458a
    Block Time: "Mon, 5 Oct 2026 05:27:47 +0000"

eth_getBlockByNumber
eth_getLogs
eth_getBlockByNumber
eth_getTransactionReceipt
eth_blockNumber
eth_getTransactionReceipt

    Block Number: 481
    Block Hash: 0x4576d18d2ba649cb9a9f95c6e66decc794d0a453d3ea4f61d5d44091e4fadf9b
    Block Time: "Mon, 5 Oct 2026 05:27:47 +0000"

eth_getBlockByNumber
eth_getLogs
eth_getBlockByNumber
eth_blockNumber
eth_getTransactionReceipt
eth_getBlockByNumber
eth_getBlockByNumber
eth_blockNumber
eth_getTransactionReceipt
eth_getBlockByNumber

    Block Number: 482
    Block Hash: 0xd83027e8021dddf1fa42a8f0db942ac258a8308e9a7cb4886792140cb8e195fe
    Block Time: "Mon, 5 Oct 2026 05:27:48 +0000"

eth_getBlockByNumber
eth_blockNumber
eth_getTransactionReceipt
eth_feeHistory
eth_simulateV1
eth_sendRawTransaction
eth_getTransactionReceipt

    Transaction: 0x815206035296c36a99283fd73295533eff455a666f698e5bddde29acf1e32586
    Gas used: 171368

    Block Number: 483
    Block Hash: 0xa947a905511d282166be5e040b65addfdbbf35ca40e624cd87310d798a3faf41
    Block Time: "Mon, 5 Oct 2026 05:27:48 +0000"

eth_getBlockByNumber
eth_getBlockByNumber
eth_getLogs
eth_getLogs
eth_getBlockByNumber
eth_getTransactionReceipt
eth_blockNumber
eth_getTransactionReceipt
eth_getBlockByNumber
eth_getBlockByNumber
eth_blockNumber
eth_getTransactionReceipt

    Block Number: 484
    Block Hash: 0x0d11fe94d4ae38ad7a39db9cf168eda8126a3720881ea62a7385dc9055fac14f
    Block Time: "Mon, 5 Oct 2026 05:27:48 +0000"

eth_getBlockByNumber
eth_getLogs
eth_getBlockByNumber
eth_blockNumber
eth_getTransactionReceipt
eth_getBlockByNumber
eth_getBlockByNumber
eth_blockNumber
eth_getTransactionReceipt
eth_getBlockByNumber

    Block Number: 485
    Block Hash: 0x0d37a34d4b8204da804f4d39161d9aa258cc47eb81aa68ae561e578ef4079b24
    Block Time: "Mon, 5 Oct 2026 05:27:48 +0000"

eth_getBlockByNumber
eth_blockNumber
eth_getTransactionReceipt
eth_getBlockByNumber
eth_getLogs
eth_getBlockByNumber
eth_getBlockByNumber
eth_getBlockByNumber

    Block Number: 486
    Block Hash: 0x8f5807793e8606ec34460c5c13cfbf2aff07e45b87f3887a28d39245b26abae2
    Block Time: "Mon, 5 Oct 2026 05:27:48 +0000"

eth_getBlockByNumber
eth_getLogs
eth_getBlockByNumber
eth_getBlockByNumber
eth_getBlockByNumber
eth_getBlockByNumber

    Block Number: 487
    Block Hash: 0xa1f679a3b6dd6d0fed15fe03c42141dec5245b6aafa4d207abf8af518d824d7a
    Block Time: "Mon, 5 Oct 2026 05:27:49 +0000"

eth_getBlockByNumber
eth_getBlockByNumber
eth_getLogs
eth_getBlockByNumber
eth_getBlockByNumber
eth_getBlockByNumber

    Block Number: 488
    Block Hash: 0x299b1f339ed8afba69ec48508564de9637036204794154ad4aa31b057107ae4e
    Block Time: "Mon, 5 Oct 2026 05:27:49 +0000"

eth_getBlockByNumber
eth_getLogs
eth_getBlockByNumber
eth_getBlockByNumber
eth_getBlockByNumber
eth_getBlockByNumber

    Block Number: 489
    Block Hash: 0x3b5bbe1627d6f936804952a936030810dbbec32c53fc5dce7f6c1a3e6637023c
    Block Time: "Mon, 5 Oct 2026 05:27:49 +0000"

eth_getBlockByNumber
eth_getBlockByNumber
eth_getLogs
eth_getBlockByNumber
eth_getBlockByNumber
eth_getBlockByNumber

    Block Number: 490
    Block Hash: 0x4a4ff1cded2f5d7517f45359811edb7b12eb14c09c64e4c19f6d7cc59920ded5
    Block Time: "Mon, 5 Oct 2026 05:27:49 +0000"

eth_getBlockByNumber
eth_getLogs
eth_getBlockByNumber
eth_getBlockByNumber
eth_getBlockByNumber
eth_getBlockByNumber

    Block Number: 491
    Block Hash: 0x0ef3f646c33d9d0f0c925142189ef2757798366d94162eda5ce3c357c47c693b
    Block Time: "Mon, 5 Oct 2026 05:27:50 +0000"

eth_getBlockByNumber
eth_getBlockByNumber
eth_getLogs
eth_getBlockByNumber
eth_getBlockByNumber
eth_getBlockByNumber

    Block Number: 492
    Block Hash: 0xb6d041d917db1e27cc66a04070c4938783056402865971699425a43a4340f0ce
    Block Time: "Mon, 5 Oct 2026 05:27:50 +0000"

eth_getBlockByNumber
eth_getLogs
eth_getBlockByNumber
eth_getBlockByNumber
eth_getBlockByNumber
eth_getBlockByNumber

    Block Number: 493
    Block Hash: 0x0c8bb9cba70c347f2058863ad7aaa744df20cec1dfeeb6c226ea1baf2b1ed0a7
    Block Time: "Mon, 5 Oct 2026 05:27:50 +0000"

eth_getBlockByNumber
eth_getBlockByNumber
eth_getLogs
eth_call
eth_feeHistory
eth_simulateV1
eth_getBlockByNumber
eth_sendRawTransaction
eth_getTransactionReceipt

    Transaction: 0x85e49de3390f59f75f9f1d77e5a6d45349c4d042135cfc966fb3737c8a5dd52a
    Gas used: 141886

    Block Number: 494
    Block Hash: 0x926d895478b9da882bb566dc62fd9ecf8bd988c77336bd27a66487ea4e2ef23d
    Block Time: "Mon, 5 Oct 2026 05:27:50 +0000"

eth_getBlockByNumber
eth_getLogs
eth_getTransactionByHash
eth_getBlockByNumber
eth_getTransactionReceipt
eth_blockNumber
eth_getTransactionReceipt

    Block Number: 495
    Block Hash: 0xbad46889b87be8654cd5c51cfad2c233e608cd5335940b9dc4432dfc9c3efbed
    Block Time: "Mon, 5 Oct 2026 05:27:50 +0000"

eth_getBlockByNumber
eth_getLogs
eth_getBlockByNumber
eth_getTransactionByHash
eth_blockNumber
eth_getTransactionReceipt
eth_getBlockByNumber
eth_getBlockByNumber
eth_blockNumber
eth_getTransactionReceipt
eth_getBlockByNumber

    Block Number: 496
    Block Hash: 0xe7fa47c5d25b7b138290c03e58701c73289390f089ddd25f771710033cb99e1d
    Block Time: "Mon, 5 Oct 2026 05:27:51 +0000"

eth_getBlockByNumber
eth_blockNumber
eth_getTransactionReceipt
eth_getBlockByNumber
eth_getLogs
eth_getBlockByNumber
eth_getBlockByNumber
eth_getBlockByNumber

    Block Number: 497
    Block Hash: 0xbd9af91dd1ad3ff4387f6ac129b07c03bb01b7539508601d73206fadaf0115d8
    Block Time: "Mon, 5 Oct 2026 05:27:51 +0000"

eth_getBlockByNumber
eth_getLogs
eth_getBlockByNumber
eth_getBlockByNumber
eth_getBlockByNumber
eth_getBlockByNumber

    Block Number: 498
    Block Hash: 0x0bfcb3e40e47ba032f179baf41371e545e80235a449324b710d4548799dcea48
    Block Time: "Mon, 5 Oct 2026 05:27:51 +0000"

eth_blockNumber
eth_feeHistory
eth_getBlockByNumber
eth_getBlockByNumber
eth_getLogs
eth_getBlockByNumber
eth_feeHistory
eth_simulateV1
eth_sendRawTransaction
eth_getTransactionReceipt

    Transaction: 0x95889d21214e11866cbad755f0094cfd8314a61b7ab80a09fc36f4690d109a5a
    Gas used: 96809

    Block Number: 499
    Block Hash: 0xa4f75e1cd3e243e64facdc5a6df48a9d2b7d4c14c3bdfe0f9bfff52ce62dc334
    Block Time: "Mon, 5 Oct 2026 05:27:51 +0000"

eth_getBlockByNumber
eth_getLogs
eth_getBlockByNumber
eth_getTransactionReceipt
eth_blockNumber
eth_getTransactionReceipt

    Block Number: 500
    Block Hash: 0xca1b05f6cdc3a865428b0b0ef5b209f757e7b7a070e595b075829a13342a2dad
    Block Time: "Mon, 5 Oct 2026 05:27:51 +0000"

eth_getBlockByNumber
eth_getLogs
eth_getBlockByNumber
eth_blockNumber
eth_getTransactionReceipt
eth_getBlockByNumber
eth_getBlockByNumber
eth_blockNumber
eth_getTransactionReceipt
eth_getBlockByNumber

    Block Number: 501
    Block Hash: 0x4c06586c7a2743d952762c6b7526baab2f89effbd4a5ccc0dabe50943a233697
    Block Time: "Mon, 5 Oct 2026 05:27:52 +0000"

eth_getBlockByNumber
eth_blockNumber
eth_getTransactionReceipt
eth_feeHistory
eth_simulateV1
eth_sendRawTransaction
eth_getTransactionReceipt

    Transaction: 0x62b0a833f5494d3724397356aaaaba5fdb6796a31944bc7a0c2690239f74e2e0
    Gas used: 171368

    Block Number: 502
    Block Hash: 0x770b8788c07ce7a7c6b1af652b41edfefbf668e7e7301515718414adaa764265
    Block Time: "Mon, 5 Oct 2026 05:27:52 +0000"

eth_getBlockByNumber
eth_getBlockByNumber
eth_getLogs
eth_getLogs
eth_getBlockByNumber
eth_getTransactionReceipt
eth_blockNumber
eth_getTransactionReceipt
eth_getBlockByNumber
eth_getBlockByNumber
eth_blockNumber
eth_getTransactionReceipt

    Block Number: 503
    Block Hash: 0x69a88219105ebb18c1919c9e26ea738a7fe375257e5897d74db126332b76445f
    Block Time: "Mon, 5 Oct 2026 05:27:52 +0000"

eth_getBlockByNumber
eth_getLogs
eth_getBlockByNumber
eth_blockNumber
eth_getTransactionReceipt
eth_getBlockByNumber
eth_getBlockByNumber
eth_blockNumber
eth_getTransactionReceipt
eth_getBlockByNumber

    Block Number: 504
    Block Hash: 0x1c7aacf7a130351f86bac273bf29e082c00e9c050f51392cd94b22528cb77796
    Block Time: "Mon, 5 Oct 2026 05:27:52 +0000"

eth_getBlockByNumber
eth_blockNumber
eth_getTransactionReceipt
eth_getBlockByNumber
eth_getLogs
eth_getBlockByNumber
eth_getBlockByNumber
eth_getBlockByNumber

    Block Number: 505
    Block Hash: 0xdbe6ee7e6f71ea1605ecdea107c352af925b557ba070654333f44b66aed0db71
    Block Time: "Mon, 5 Oct 2026 05:27:52 +0000"

eth_getBlockByNumber
eth_getLogs
eth_getBlockByNumber
eth_getBlockByNumber
eth_getBlockByNumber
eth_getBlockByNumber

    Block Number: 506
    Block Hash: 0x7c6324f015ec078aabfd2db90c2d9ab4295479f2cace659e84da399ef122fa1d
    Block Time: "Mon, 5 Oct 2026 05:27:53 +0000"

eth_getBlockByNumber
eth_getBlockByNumber
eth_getLogs
eth_getBlockByNumber
eth_getBlockByNumber
eth_getBlockByNumber

    Block Number: 507
    Block Hash: 0xb25eb54c403de4974035fd074c674cd4d70aa5cd7394c63abdd1c4ab229a3ab2
    Block Time: "Mon, 5 Oct 2026 05:27:53 +0000"

eth_getBlockByNumber
eth_getLogs
eth_getBlockByNumber
eth_getBlockByNumber
eth_getBlockByNumber
eth_getBlockByNumber

    Block Number: 508
    Block Hash: 0xea105eed2361dc678f5ad1629bab28bd0e2254d74954dd14f38fa1024dce0689
    Block Time: "Mon, 5 Oct 2026 05:27:53 +0000"

eth_getBlockByNumber
eth_getBlockByNumber
eth_getLogs
eth_getBlockByNumber
eth_getBlockByNumber
eth_getBlockByNumber

    Block Number: 509
    Block Hash: 0xfeda4d9c0d8992d3bf7c8b8994764014dbd4d06352f77e323646b2898061bcb8
    Block Time: "Mon, 5 Oct 2026 05:27:53 +0000"

eth_getBlockByNumber
eth_getLogs
eth_getBlockByNumber
eth_getBlockByNumber
eth_getBlockByNumber
eth_getBlockByNumber

    Block Number: 510
    Block Hash: 0xb8c6f4dd49482ee081e77fd9640ae441e967216cc17f574cc5acd014954556cb
    Block Time: "Mon, 5 Oct 2026 05:27:54 +0000"

eth_getBlockByNumber
eth_getBlockByNumber
eth_getLogs
eth_getBlockByNumber
eth_getBlockByNumber
eth_getBlockByNumber

    Block Number: 511
    Block Hash: 0x3a97ccbee818e35ef017694bbf8cc06ffe24cf0dd65e54e8e7f502374059df5c
    Block Time: "Mon, 5 Oct 2026 05:27:54 +0000"

eth_getBlockByNumber
eth_getLogs
eth_getBlockByNumber
eth_getBlockByNumber
eth_getBlockByNumber
eth_getBlockByNumber

    Block Number: 512
    Block Hash: 0x5c031e0104ddb4406586ee369dffbba4467183d35776ddd512b3914eb0e6b5c6
    Block Time: "Mon, 5 Oct 2026 05:27:54 +0000"

eth_getBlockByNumber
eth_getBlockByNumber
eth_getLogs
eth_getBlockByNumber
eth_call
eth_feeHistory
eth_simulateV1
eth_sendRawTransaction
eth_getTransactionReceipt

    Transaction: 0x774dec8ffcdd1dfdc2d6ceeadba5bb89a776bbd32cde5bb8a0601db6ffca4395
    Gas used: 141886

    Block Number: 513
    Block Hash: 0x1c03214e297dc1aacfff1b3aec7da7b757513a8a780db88676b5284489e28a79
    Block Time: "Mon, 5 Oct 2026 05:27:54 +0000"

eth_getBlockByNumber
eth_getLogs
eth_getTransactionByHash
eth_getBlockByNumber
eth_getTransactionReceipt
eth_blockNumber
eth_getTransactionReceipt

    Block Number: 514
    Block Hash: 0x1c86fdf13b8cc4bdec0fbf8d2aa9af403acb6656db8a447bf139eab7f1d99466
    Block Time: "Mon, 5 Oct 2026 05:27:54 +0000"

eth_getBlockByNumber
eth_getLogs
eth_getBlockByNumber
eth_getTransactionByHash
eth_blockNumber
eth_getTransactionReceipt
eth_getBlockByNumber
eth_getBlockByNumber
eth_blockNumber
eth_getTransactionReceipt
eth_getBlockByNumber

    Block Number: 515
    Block Hash: 0x9c995e8ccb221e32289d05ebfc3827e093e2cb79f07be0a60db1867baadbecf7
    Block Time: "Mon, 5 Oct 2026 05:27:55 +0000"

eth_getBlockByNumber
eth_blockNumber
eth_getTransactionReceipt
eth_getBlockByNumber
eth_getLogs
eth_getBlockByNumber
eth_getBlockByNumber
eth_getBlockByNumber

    Block Number: 516
    Block Hash: 0x2ce91c2c2779f6c4eae7d90a3e4c59f1b120379ac21d66486280fde26f29b5fe
    Block Time: "Mon, 5 Oct 2026 05:27:55 +0000"

eth_getBlockByNumber
eth_getLogs
eth_getBlockByNumber
eth_getBlockByNumber
eth_getBlockByNumber
eth_getBlockByNumber

    Block Number: 517
    Block Hash: 0x5308911c57e67e520c86b9f7e5feb6d5238882490779b854584701c32ab75ca1
    Block Time: "Mon, 5 Oct 2026 05:27:55 +0000"

eth_getBlockByNumber
eth_getBlockByNumber
eth_getLogs
eth_getBlockByNumber
eth_feeHistory
eth_simulateV1
eth_sendRawTransaction
eth_getTransactionReceipt

    Transaction: 0x50235ebfe1cc38947bdec02013f34a4b307ce08167ccb2ef612d02677be3d982
    Gas used: 96809

    Block Number: 518
    Block Hash: 0x0dd84bb6c281c77383b1aa67d9b16c3ee22ae414525b8b82860a41038b3a0b20
    Block Time: "Mon, 5 Oct 2026 05:27:55 +0000"

eth_getBlockByNumber
eth_getLogs
eth_getBlockByNumber
eth_getTransactionReceipt
eth_blockNumber
eth_getTransactionReceipt

    Block Number: 519
    Block Hash: 0x627027476f4bde6b74366320f818dea8c2400ecce7f54b033901af0dd88f1645
    Block Time: "Mon, 5 Oct 2026 05:27:55 +0000"

eth_getBlockByNumber
eth_getLogs
eth_getBlockByNumber
eth_blockNumber
eth_getTransactionReceipt
eth_getBlockByNumber
eth_getBlockByNumber
eth_blockNumber
eth_getTransactionReceipt
eth_getBlockByNumber

    Block Number: 520
    Block Hash: 0x80c684f5d5cf43626a6372bea57bb9e54030e9562ba0945c949acc35854aa1e5
    Block Time: "Mon, 5 Oct 2026 05:27:56 +0000"

eth_getBlockByNumber
eth_blockNumber
eth_getTransactionReceipt
eth_feeHistory
eth_simulateV1
eth_sendRawTransaction
eth_getTransactionReceipt

    Transaction: 0x3fcb60d0f1a1958ff07cd35ef638d49b32e71669406610b70906d3b37eeeb25d
    Gas used: 171368

    Block Number: 521
    Block Hash: 0x56487384d114f48ee1e36fbeb853c1e4cfd3c21f6f7d07257a1e033f0ea0254a
    Block Time: "Mon, 5 Oct 2026 05:27:56 +0000"

eth_getBlockByNumber
eth_getBlockByNumber
eth_getLogs
eth_getLogs
eth_getBlockByNumber
eth_getTransactionReceipt
eth_blockNumber
eth_getTransactionReceipt
eth_getBlockByNumber
eth_getBlockByNumber
eth_blockNumber
eth_getTransactionReceipt

    Block Number: 522
    Block Hash: 0x63fcdf4f1abe13dc59d6a78809dcd89454f1fffde6ab363435a0040aa3172d5d
    Block Time: "Mon, 5 Oct 2026 05:27:56 +0000"

eth_getBlockByNumber
eth_getLogs
eth_getBlockByNumber
eth_blockNumber
eth_getTransactionReceipt
eth_getBlockByNumber
eth_getBlockByNumber
eth_blockNumber
eth_getTransactionReceipt
eth_getBlockByNumber

    Block Number: 523
    Block Hash: 0x69d6fd37255fdc370f17b130aaf3caf1706672de5014f2589808e88ffc316565
    Block Time: "Mon, 5 Oct 2026 05:27:56 +0000"

eth_getBlockByNumber
eth_blockNumber
eth_getTransactionReceipt
eth_getBlockByNumber
eth_getLogs
eth_getBlockByNumber
eth_getBlockByNumber
eth_getBlockByNumber

    Block Number: 524
    Block Hash: 0x17213a6d7b63c1a1c794c5f2ce4e58eb9b3c9ff057ecebf37c10b8ce3ad36921
    Block Time: "Mon, 5 Oct 2026 05:27:56 +0000"

eth_getBlockByNumber
eth_getLogs
eth_getBlockByNumber
eth_getBlockByNumber
eth_getBlockByNumber
eth_getBlockByNumber
eth_getBlockByNumber

    Block Number: 525
    Block Hash: 0x8380eb730567c265f8ae89287a55f8e645e0d02c2b3a4684dc010386914d82eb
    Block Time: "Mon, 5 Oct 2026 05:27:57 +0000"

eth_getBlockByNumber
eth_getLogs
eth_getBlockByNumber
eth_getBlockByNumber
eth_getBlockByNumber

    Block Number: 526
    Block Hash: 0xa9c7b05520575bc360380f8fc9382ba5d527c06cc0ee151580615e16a12ad172
    Block Time: "Mon, 5 Oct 2026 05:27:57 +0000"

eth_getBlockByNumber
eth_getLogs
eth_getBlockByNumber
eth_getBlockByNumber
eth_getBlockByNumber
eth_getBlockByNumber

    Block Number: 527
    Block Hash: 0xca72de16a156ebcfea712616f7774afbc6359b3c71526da71fdf03719c3c7fca
    Block Time: "Mon, 5 Oct 2026 05:27:57 +0000"

eth_getBlockByNumber
eth_getBlockByNumber
eth_getLogs
eth_getBlockByNumber
eth_getBlockByNumber
eth_getBlockByNumber

    Block Number: 528
    Block Hash: 0x7fb1a5d69bcd0cc17ba26abcf4027e65a889e73f76258a84c47ecd6ee9fb393a
    Block Time: "Mon, 5 Oct 2026 05:27:57 +0000"

eth_getBlockByNumber
eth_getLogs
eth_getBlockByNumber
eth_getBlockByNumber
eth_getBlockByNumber
eth_getBlockByNumber

    Block Number: 529
    Block Hash: 0x1dfb72c013c188561c5496bf3ff2dc7190d92ec88b343cd670ef175d363c8007
    Block Time: "Mon, 5 Oct 2026 05:27:58 +0000"

eth_getBlockByNumber
eth_getBlockByNumber
eth_getLogs
eth_getBlockByNumber
eth_getBlockByNumber
eth_getBlockByNumber

    Block Number: 530
    Block Hash: 0x05e6fedd49c6ccc76ce4cf9adf8cc6a2e48135095474aabe2d395aa3a37e956a
    Block Time: "Mon, 5 Oct 2026 05:27:58 +0000"

eth_getBlockByNumber
eth_getLogs
eth_getBlockByNumber
eth_getBlockByNumber
eth_getBlockByNumber
eth_getBlockByNumber

    Block Number: 531
    Block Hash: 0x5fedf435a6d77384d16f7fdc8a05981d7558bbff5727135cd743d054c93cc888
    Block Time: "Mon, 5 Oct 2026 05:27:58 +0000"

eth_getBlockByNumber
eth_getBlockByNumber
eth_getLogs
eth_getBlockByNumber
eth_call
eth_feeHistory
eth_simulateV1
eth_sendRawTransaction

    Transaction: 0xfa54458416b97467c25777e2639ba481f46f4a5bd51ff18c1078e1c20b4ededd
    Gas used: 141886

    Block Number: 532
    Block Hash: 0x8d56a6805193c3ad4c123181b7010a9564298121b0851ff0b5c1128fdfe9e780
    Block Time: "Mon, 5 Oct 2026 05:27:58 +0000"

eth_getTransactionReceipt
eth_blockNumber
eth_getTransactionReceipt
eth_getBlockByNumber
eth_getLogs
eth_getTransactionByHash
eth_getBlockByNumber

    Block Number: 533
    Block Hash: 0xcd7094838b1dabc9e8eb74fb3d67dd6f215bad52102dd1218874829516ed0cd4
    Block Time: "Mon, 5 Oct 2026 05:27:58 +0000"

eth_getBlockByNumber
eth_getLogs
eth_blockNumber
eth_getTransactionReceipt
eth_getBlockByNumber
eth_getTransactionByHash
eth_getBlockByNumber
eth_blockNumber
eth_getTransactionReceipt
eth_getBlockByNumber
eth_getBlockByNumber
eth_blockNumber
eth_getTransactionReceipt

    Block Number: 534
    Block Hash: 0x50c3557825b42839da5be95b5fada73ee482ffc408a1a6485d425104669e0bd6
    Block Time: "Mon, 5 Oct 2026 05:27:59 +0000"

eth_getBlockByNumber
eth_getBlockByNumber
eth_getLogs
eth_blockNumber
eth_getTransactionReceipt
eth_getBlockByNumber
eth_getBlockByNumber
eth_getBlockByNumber

    Block Number: 535
    Block Hash: 0x7db11e9ec2125ec08c1aeafff67266f8f5aeda93c57bf32451b31bea05f23453
    Block Time: "Mon, 5 Oct 2026 05:27:59 +0000"

eth_getBlockByNumber
eth_getLogs
eth_getBlockByNumber
eth_getBlockByNumber
eth_getBlockByNumber
eth_getBlockByNumber

    Block Number: 536
    Block Hash: 0xa5fabf7316b35d2b97a21afd031c5b98aa01dd8b2d22a329dd70f7a2cad339ca
    Block Time: "Mon, 5 Oct 2026 05:27:59 +0000"

eth_getBlockByNumber
eth_getBlockByNumber
eth_getLogs
eth_getBlockByNumber
eth_feeHistory
eth_simulateV1
eth_sendRawTransaction
eth_getTransactionReceipt

    Transaction: 0x1adb044e3a6822adbebc65e9da4be70f2dc8121625ca75e574d19799740dcb7a
    Gas used: 96809

    Block Number: 537
    Block Hash: 0xbd4bee247760770615c1695005859bae0c4687fa5aef9acfc9705ea2afa461d1
    Block Time: "Mon, 5 Oct 2026 05:27:59 +0000"

eth_getBlockByNumber
eth_getLogs
eth_getBlockByNumber
eth_getTransactionReceipt
eth_blockNumber
eth_getTransactionReceipt

    Block Number: 538
    Block Hash: 0xf1c954312ae3300243a054ab3c57c2853c25ea407d293eedded4ba03ea270d03
    Block Time: "Mon, 5 Oct 2026 05:27:59 +0000"

eth_getBlockByNumber
eth_getLogs
eth_getBlockByNumber
eth_blockNumber
eth_getTransactionReceipt
eth_getBlockByNumber
eth_getBlockByNumber
eth_blockNumber
eth_getTransactionReceipt
eth_getBlockByNumber

    Block Number: 539
    Block Hash: 0xdb45b1e3183bbeb961abbb7977e5399547ad721046edaa8e6646b7940d790b71
    Block Time: "Mon, 5 Oct 2026 05:28:00 +0000"

eth_getBlockByNumber
eth_blockNumber
eth_getTransactionReceipt
eth_feeHistory
eth_simulateV1
eth_sendRawTransaction
eth_getTransactionReceipt

    Transaction: 0xbb47159795ab34ee8ea563a5ba618ff470f3eec92b16b974328cbf0751eed4c8
    Gas used: 171368

    Block Number: 540
    Block Hash: 0x8776b92e52e9506b90cab594d663bf11b6357d76fcb985416eeff51e767a5163
    Block Time: "Mon, 5 Oct 2026 05:28:00 +0000"

eth_getBlockByNumber
eth_getBlockByNumber
eth_getLogs
eth_getLogs
eth_getBlockByNumber
eth_getTransactionReceipt
eth_blockNumber
eth_getTransactionReceipt
eth_getBlockByNumber
eth_getBlockByNumber
eth_blockNumber
eth_getTransactionReceipt

    Block Number: 541
    Block Hash: 0x8cb0799a6a06e097d3bd0888213689c126fddb71a4aaf985fcefbfd48feee474
    Block Time: "Mon, 5 Oct 2026 05:28:00 +0000"

eth_getBlockByNumber
eth_getLogs
eth_getBlockByNumber
eth_blockNumber
eth_getTransactionReceipt
eth_getBlockByNumber
eth_getBlockByNumber
eth_blockNumber
eth_getTransactionReceipt
eth_getBlockByNumber

    Block Number: 542
    Block Hash: 0x84bb94fe2c1a7688f8a8f93130f851802ee8bf248a01e3ce70dd1fd85e919451
    Block Time: "Mon, 5 Oct 2026 05:28:00 +0000"

eth_getBlockByNumber
eth_blockNumber
eth_getTransactionReceipt
eth_getBlockByNumber
eth_getLogs
eth_getBlockByNumber
eth_getBlockByNumber
eth_getBlockByNumber

    Block Number: 543
    Block Hash: 0x3faaf165838455320e5f69325a0ea987c9443a43a5bfe5c681359d9f7bcd123a
    Block Time: "Mon, 5 Oct 2026 05:28:00 +0000"

eth_getBlockByNumber
eth_getLogs
eth_getBlockByNumber
eth_getBlockByNumber
eth_getBlockByNumber
eth_getBlockByNumber

    Block Number: 544
    Block Hash: 0x10687404a270981aeded179483900bfe935c45c08e571e6c2f646e1643a2e60d
    Block Time: "Mon, 5 Oct 2026 05:28:01 +0000"

eth_getBlockByNumber
eth_getBlockByNumber
eth_getLogs
eth_getBlockByNumber
eth_getBlockByNumber
eth_getBlockByNumber

    Block Number: 545
    Block Hash: 0xc2eadd01b96ff309cd8343b3f8c1e0ec625cd6345e5d6a96f3afd5dcc64108ba
    Block Time: "Mon, 5 Oct 2026 05:28:01 +0000"

eth_getBlockByNumber
eth_getLogs
eth_getBlockByNumber
eth_getBlockByNumber
eth_getBlockByNumber
eth_getBlockByNumber

    Block Number: 546
    Block Hash: 0x275a2c0b91be5b66f9d69a32e715603a34900b4769b6437cef2530c0ba4b2adb
    Block Time: "Mon, 5 Oct 2026 05:28:01 +0000"

eth_getBlockByNumber
eth_getBlockByNumber
eth_getLogs
eth_getBlockByNumber
eth_getBlockByNumber
eth_getBlockByNumber

    Block Number: 547
    Block Hash: 0xc431d85769194835a9d97637c53867730abd16d0be3cd8fd75e4892aea9a24ff
    Block Time: "Mon, 5 Oct 2026 05:28:01 +0000"

eth_getBlockByNumber
eth_getLogs
eth_getBlockByNumber
eth_getBlockByNumber
eth_getBlockByNumber
eth_getBlockByNumber

    Block Number: 548
    Block Hash: 0xb46265408cc006761a70863add4cb9ae43e3113372c0a2839ad7b7e00443f00d
    Block Time: "Mon, 5 Oct 2026 05:28:02 +0000"

eth_getBlockByNumber
eth_getBlockByNumber
eth_getLogs
eth_getBlockByNumber
eth_getBlockByNumber
eth_getBlockByNumber

    Block Number: 549
    Block Hash: 0xb994086ec42faf796fcce28014199eb2cceb31897f644ec5468f9110cddf4ef3
    Block Time: "Mon, 5 Oct 2026 05:28:02 +0000"

eth_getBlockByNumber
eth_getLogs
eth_getBlockByNumber
eth_getBlockByNumber
eth_getBlockByNumber
eth_getBlockByNumber

    Block Number: 550
    Block Hash: 0x4ce8f32b37199ad479ff90e7c53ab80b54b6808a9112d5668da7bf0863f9953c
    Block Time: "Mon, 5 Oct 2026 05:28:02 +0000"

eth_getBlockByNumber
eth_getBlockByNumber
eth_getLogs
eth_getBlockByNumber
eth_call
eth_feeHistory
eth_simulateV1
eth_getBlockByNumber
eth_sendRawTransaction
eth_getTransactionReceipt

    Transaction: 0xa3a4e8bebdbc38221ca5b4d301a6727cc081cdf10f571f1859aa956aecb85ed6
    Gas used: 141874

    Block Number: 551
    Block Hash: 0x8d676fab32c1e3025ae68c9d58185f220d5d06b97478a7755f1ef4a5bd765848
    Block Time: "Mon, 5 Oct 2026 05:28:02 +0000"

eth_getBlockByNumber

    Block Number: 552
    Block Hash: 0xc904d09aac2a189a7d65428c611382a7e0ae532d3f49f240275dcdc4d600ec31
    Block Time: "Mon, 5 Oct 2026 05:28:02 +0000"

eth_getBlockByNumber
eth_getBlockByNumber
eth_getLogs
eth_getLogs
eth_getTransactionByHash
eth_getTransactionReceipt
eth_blockNumber
eth_getTransactionReceipt
eth_getBlockByNumber
eth_getTransactionByHash
eth_getBlockByNumber
eth_blockNumber
eth_getTransactionReceipt
eth_getBlockByNumber
eth_getBlockByNumber
eth_blockNumber
eth_getTransactionReceipt

    Block Number: 553
    Block Hash: 0xb4143347e90226e5b5f53cf58777580608ea5b1a9ffdd41b7f79a11144c2096e
    Block Time: "Mon, 5 Oct 2026 05:28:03 +0000"

eth_getBlockByNumber
eth_getBlockByNumber
eth_getLogs
eth_blockNumber
eth_getTransactionReceipt
eth_getBlockByNumber
eth_getBlockByNumber
eth_getBlockByNumber

    Block Number: 554
    Block Hash: 0xf028a277105e1d44aa92aed9ec79f127af1782fb0cb60f9222db29b746ba0bb2
    Block Time: "Mon, 5 Oct 2026 05:28:03 +0000"

eth_getBlockByNumber
eth_getLogs
eth_getBlockByNumber
eth_getBlockByNumber
eth_getBlockByNumber
eth_getBlockByNumber

    Block Number: 555
    Block Hash: 0xb6e1006f1c0c34c3f1364d92e1b4989753213edc14edecc3c58807904e721ee2
    Block Time: "Mon, 5 Oct 2026 05:28:03 +0000"

eth_getBlockByNumber
eth_getBlockByNumber
eth_getLogs
eth_getBlockByNumber
eth_feeHistory
eth_simulateV1
eth_sendRawTransaction
eth_getTransactionReceipt

    Transaction: 0xc658f7674f9826afb543b030ebbec958d70213c47a741e06d569cf3ac6250758
    Gas used: 96809

    Block Number: 556
    Block Hash: 0x73878be9587daafec3b39db96b2308bd43e31f1b25263c6d6dda7b8e62ed1e1a
    Block Time: "Mon, 5 Oct 2026 05:28:03 +0000"

eth_getBlockByNumber
eth_getLogs
eth_getBlockByNumber
eth_getTransactionReceipt
eth_blockNumber
eth_getTransactionReceipt

    Block Number: 557
    Block Hash: 0x982f95801106fd221ca76597b09e3e282087792957ca8439f99f4c7ca116b309
    Block Time: "Mon, 5 Oct 2026 05:28:03 +0000"

eth_getBlockByNumber
eth_getLogs
eth_getBlockByNumber
eth_blockNumber
eth_getTransactionReceipt
eth_getBlockByNumber
eth_getBlockByNumber
eth_blockNumber
eth_getTransactionReceipt
eth_getBlockByNumber

    Block Number: 558
    Block Hash: 0xc5ac5188f70d81b05b5f234fb6d961aa5bcaa806a696656349abeb050767bb7f
    Block Time: "Mon, 5 Oct 2026 05:28:04 +0000"

eth_getBlockByNumber
eth_blockNumber
eth_getTransactionReceipt
eth_feeHistory
eth_simulateV1
eth_sendRawTransaction

    Transaction: 0xc4ce10e0a8cdff99cdf7a4c57106651c6d9b262204ad8f8ebc28417b035a52b6
    Gas used: 171368

    Block Number: 559
    Block Hash: 0x86ffb4a7e3f904ffaab108f338d238bc6bacb53df6d14206952144087a9afd4c
    Block Time: "Mon, 5 Oct 2026 05:28:04 +0000"

eth_getTransactionReceipt
eth_blockNumber
eth_getTransactionReceipt
eth_getBlockByNumber
eth_getBlockByNumber
eth_getLogs
eth_getLogs
eth_getBlockByNumber
eth_blockNumber
eth_getTransactionReceipt
eth_getBlockByNumber
eth_getBlockByNumber
eth_blockNumber

    Block Number: 560
    Block Hash: 0x30b1ca54f8827d4af24c32eb9eb842b732ae611931a1ce788bf752c93ceaf74b
    Block Time: "Mon, 5 Oct 2026 05:28:04 +0000"

eth_getTransactionReceipt
eth_getBlockByNumber
eth_getLogs
eth_getBlockByNumber
eth_blockNumber
eth_getTransactionReceipt
eth_getBlockByNumber
eth_getBlockByNumber
eth_blockNumber
eth_getTransactionReceipt
eth_getBlockByNumber

    Block Number: 561
    Block Hash: 0xd5e1f3f3df571d463e13bb50dd78eecd760440b73e81f5b392c5c0298086bedb
    Block Time: "Mon, 5 Oct 2026 05:28:04 +0000"

eth_getBlockByNumber
eth_blockNumber
eth_feeHistory
eth_blockNumber
eth_getTransactionReceipt
eth_getBlockByNumber
eth_getLogs
eth_getBlockByNumber
eth_getBlockByNumber
eth_getBlockByNumber

    Block Number: 562
    Block Hash: 0x0b761bbb9cb0db2d0e1c25ef8b8761a65e41a52c84c9d68eddb6c9e90431b253
    Block Time: "Mon, 5 Oct 2026 05:28:04 +0000"

eth_getBlockByNumber
eth_getLogs
eth_getBlockByNumber
eth_getBlockByNumber
eth_getBlockByNumber
eth_getBlockByNumber

    Block Number: 563
    Block Hash: 0x02154c93b99e4ce5ff84777a15035cf958ed385d97640f4c204bd0dc05ca28e1
    Block Time: "Mon, 5 Oct 2026 05:28:05 +0000"

eth_getBlockByNumber
eth_getBlockByNumber
eth_getLogs
eth_getBlockByNumber
eth_getBlockByNumber
eth_getBlockByNumber

    Block Number: 564
    Block Hash: 0x4ec952d04e5f50a26af7b3f8eadc3320141147be83f0d797f350c98d4c524649
    Block Time: "Mon, 5 Oct 2026 05:28:05 +0000"

eth_getBlockByNumber
eth_getLogs
eth_getBlockByNumber
eth_getBlockByNumber
eth_getBlockByNumber
eth_getBlockByNumber

    Block Number: 565
    Block Hash: 0xe4003f731f964c20b09188c6f148fe5dcb5a5e3dea9d657d8a2a6c2213d51493
    Block Time: "Mon, 5 Oct 2026 05:28:05 +0000"

eth_getBlockByNumber
eth_getBlockByNumber
eth_getLogs
eth_getBlockByNumber
eth_getBlockByNumber
eth_getBlockByNumber

    Block Number: 566
    Block Hash: 0xb10086964f682517bc42024ed305e637cf2ad98450201d2f21d389bc84c9296d
    Block Time: "Mon, 5 Oct 2026 05:28:05 +0000"

eth_getBlockByNumber
eth_getLogs
eth_getBlockByNumber
eth_getBlockByNumber
eth_getBlockByNumber
eth_getBlockByNumber

    Block Number: 567
    Block Hash: 0xc6a950b73dce7ac9cfb18d3a85e169adffaa7f9c6f9d45d5ccd3d06d1467eb68
    Block Time: "Mon, 5 Oct 2026 05:28:06 +0000"

eth_getBlockByNumber
eth_getBlockByNumber
eth_getLogs
eth_getBlockByNumber
eth_getBlockByNumber
eth_getBlockByNumber

    Block Number: 568
    Block Hash: 0xa06bcf1e2de953ec0c7b0f32915b2c0970d554980bdedacf4aa67279a6f30365
    Block Time: "Mon, 5 Oct 2026 05:28:06 +0000"

eth_getBlockByNumber
eth_getLogs
eth_getBlockByNumber
eth_getBlockByNumber
eth_getBlockByNumber
eth_getBlockByNumber

    Block Number: 569
    Block Hash: 0x22dbfdf7d2f48fc93f2c81dfafb46541cd301bcfad873a0d28e90a8be7dffb28
    Block Time: "Mon, 5 Oct 2026 05:28:06 +0000"

eth_getBlockByNumber
eth_getBlockByNumber
eth_getLogs
eth_getBlockByNumber
eth_getBlockByNumber
eth_call
eth_feeHistory
eth_simulateV1
eth_sendRawTransaction
eth_getTransactionReceipt

    Transaction: 0x4dd07687efce34e5142924907d9c5cf32678eb7ff6f9fe982b0bddc95af47cf4
    Gas used: 141886

    Block Number: 570
    Block Hash: 0xbe698833dd3fb814d569e24ff7bf1c6fae497ec586a720e47b7ad9fea3c1565f
    Block Time: "Mon, 5 Oct 2026 05:28:06 +0000"

eth_getBlockByNumber

    Block Number: 571
    Block Hash: 0x67c59725269a75ae88f460dd40fd1e2547e70694504f8c0bee6763683841f3e3
    Block Time: "Mon, 5 Oct 2026 05:28:06 +0000"

eth_getBlockByNumber
eth_getBlockByNumber
eth_getLogs
eth_getLogs
eth_getTransactionByHash
eth_getTransactionReceipt
eth_blockNumber
eth_getTransactionReceipt
eth_getBlockByNumber
eth_getTransactionByHash
eth_getBlockByNumber
eth_blockNumber
eth_getTransactionReceipt
eth_getBlockByNumber
eth_getBlockByNumber

    Block Number: 572
    Block Hash: 0xb5e03d8cdd632831b43dd38fa7dc6a28a56b88d61f9c3e3dc489b79e457c7b13
    Block Time: "Mon, 5 Oct 2026 05:28:07 +0000"

eth_blockNumber
eth_getTransactionReceipt
eth_getBlockByNumber
eth_getBlockByNumber
eth_getLogs
eth_getBlockByNumber
eth_getBlockByNumber
eth_getBlockByNumber

    Block Number: 573
    Block Hash: 0xe3a94bb812a654563a7ab09ce5c9fdaa9861d2b86dcc867cd8ab5f47782f4fa8
    Block Time: "Mon, 5 Oct 2026 05:28:07 +0000"

eth_getBlockByNumber
eth_getLogs
eth_getBlockByNumber
eth_getBlockByNumber
eth_getBlockByNumber
eth_getBlockByNumber

    Block Number: 574
    Block Hash: 0x4e4ac810d41dc319dcf0a4fd53950d555fc054b354b4b78c5c0d814bc3ea4a79
    Block Time: "Mon, 5 Oct 2026 05:28:07 +0000"

eth_getBlockByNumber
eth_getBlockByNumber
eth_getLogs
eth_getBlockByNumber
eth_feeHistory
eth_simulateV1
eth_sendRawTransaction
eth_getTransactionReceipt

    Transaction: 0x6b35d0577c99f3be50f7fcbce15f4903777c277a3bdceb9e1f88df308ec3fc40
    Gas used: 96809

    Block Number: 575
    Block Hash: 0x7c30ed60b00ef8f97748199d950e647ca7c65f9b65d26b1494c09fc84d7e77fb
    Block Time: "Mon, 5 Oct 2026 05:28:07 +0000"

eth_getBlockByNumber
eth_getLogs
eth_getBlockByNumber
eth_getTransactionReceipt
eth_blockNumber
eth_getTransactionReceipt

    Block Number: 576
    Block Hash: 0x19d27d52caf8fa449d8c9ce75cd91f3646ae4d76fa71f0ca41ae37a0b5663987
    Block Time: "Mon, 5 Oct 2026 05:28:07 +0000"

eth_getBlockByNumber
eth_getLogs
eth_getBlockByNumber
eth_blockNumber
eth_getTransactionReceipt
eth_getBlockByNumber
eth_getBlockByNumber
eth_blockNumber
eth_getTransactionReceipt
eth_getBlockByNumber

    Block Number: 577
    Block Hash: 0x3a25577769596998beb4801c7ea3e10656eea576b01a3f5f93e142b31370c63c
    Block Time: "Mon, 5 Oct 2026 05:28:08 +0000"

eth_getBlockByNumber
eth_blockNumber
eth_getTransactionReceipt
eth_feeHistory
eth_simulateV1
eth_sendRawTransaction
eth_getTransactionReceipt

    Transaction: 0xd66d2c951005a6e76fca66973f5686d983c275601501eddd405885136b8f2418
    Gas used: 171368

    Block Number: 578
    Block Hash: 0x8358a08af32ed940afd39fbc5ca98a4d62d441b9f32256db7ab105864931b669
    Block Time: "Mon, 5 Oct 2026 05:28:08 +0000"

eth_getBlockByNumber
eth_getBlockByNumber
eth_getLogs
eth_getLogs
eth_getBlockByNumber
eth_getTransactionReceipt
eth_blockNumber
eth_getTransactionReceipt
eth_getBlockByNumber
eth_getBlockByNumber

    Block Number: 579
    Block Hash: 0xce4cbb78922b5b1822d7a58eb1679ca4f7064ea3b0fae6e72c46199b91449a0d
    Block Time: "Mon, 5 Oct 2026 05:28:08 +0000"

eth_blockNumber
eth_getTransactionReceipt
eth_getBlockByNumber
eth_getLogs
eth_getBlockByNumber
eth_blockNumber
eth_getTransactionReceipt
eth_getBlockByNumber
eth_getBlockByNumber
eth_blockNumber
eth_getTransactionReceipt
eth_getBlockByNumber

    Block Number: 580
    Block Hash: 0x3688a6e57429812a134149647e4c381011e4bec81af5b64bd35ad26666ad4140
    Block Time: "Mon, 5 Oct 2026 05:28:08 +0000"

eth_getBlockByNumber
eth_blockNumber
eth_getTransactionReceipt
eth_getBlockByNumber
eth_getLogs
eth_getBlockByNumber
eth_getBlockByNumber
eth_getBlockByNumber

    Block Number: 581
    Block Hash: 0x91fd9c9897ff14802b6ce434acc72dd811c269beff0592b78fb747debc822ccc
    Block Time: "Mon, 5 Oct 2026 05:28:08 +0000"

eth_getBlockByNumber
eth_getLogs
eth_getBlockByNumber
eth_getBlockByNumber
eth_getBlockByNumber
eth_getBlockByNumber

    Block Number: 582
    Block Hash: 0xaca2f1d26a64052ee34193f10b96aaa41cd0248bce3cdb68922ec9b1e588390e
    Block Time: "Mon, 5 Oct 2026 05:28:09 +0000"

eth_getBlockByNumber
eth_getBlockByNumber
eth_getLogs
eth_getBlockByNumber
eth_getBlockByNumber
eth_getBlockByNumber

    Block Number: 583
    Block Hash: 0x5bb92638d9789d68ae942c37f3445ab9de8046fa89b1d890a271a51abf11c970
    Block Time: "Mon, 5 Oct 2026 05:28:09 +0000"

eth_getBlockByNumber
eth_getLogs
eth_getBlockByNumber
eth_getBlockByNumber
eth_getBlockByNumber
eth_getBlockByNumber

    Block Number: 584
    Block Hash: 0x3c277782481d53934194693dcbd938fd4d0f1a045c8e734a5ea8bb6e2792e579
    Block Time: "Mon, 5 Oct 2026 05:28:09 +0000"

eth_getBlockByNumber
eth_getBlockByNumber
eth_getLogs
eth_getBlockByNumber
eth_getBlockByNumber
eth_getBlockByNumber

    Block Number: 585
    Block Hash: 0x9b6a760fbaaf011dc3984263355c1f9c999915f06db05e1798f31e85a6811ac2
    Block Time: "Mon, 5 Oct 2026 05:28:09 +0000"

eth_getBlockByNumber
eth_getLogs
eth_getBlockByNumber
eth_getBlockByNumber
eth_getBlockByNumber
eth_getBlockByNumber

    Block Number: 586
    Block Hash: 0x9e09b38d98e39d7303c73256f229eb52611212077bc8443920bcb82d56358377
    Block Time: "Mon, 5 Oct 2026 05:28:10 +0000"

eth_getBlockByNumber
eth_getBlockByNumber
eth_getLogs
eth_getBlockByNumber
eth_getBlockByNumber
eth_getBlockByNumber

    Block Number: 587
    Block Hash: 0x566a2aea64e473b496c00829b18049aa74a4489d63f0e20e32d3f161a005cc98
    Block Time: "Mon, 5 Oct 2026 05:28:10 +0000"

eth_getBlockByNumber
eth_getLogs
eth_getBlockByNumber
eth_getBlockByNumber
eth_getBlockByNumber
eth_getBlockByNumber

    Block Number: 588
    Block Hash: 0xe4cb872989a045738390ce2bfd5a11563a6a6dcace435837c51ef7cc4e849600
    Block Time: "Mon, 5 Oct 2026 05:28:10 +0000"

eth_getBlockByNumber
eth_getBlockByNumber
eth_getLogs
eth_getBlockByNumber
eth_getBlockByNumber
eth_call
eth_feeHistory
eth_simulateV1
eth_sendRawTransaction
eth_getTransactionReceipt

    Transaction: 0xc159392308bb6bc3cf5e38e204d58d9835e6debfcb36999ef7795398c1145300
    Gas used: 158986

    Block Number: 589
    Block Hash: 0xd49355145e7c5f37f93368e34100cfe7cc95e2f9e594a6a75d3e4a484bf36ec5
    Block Time: "Mon, 5 Oct 2026 05:28:10 +0000"

eth_getBlockByNumber

    Block Number: 590
    Block Hash: 0x38e537bc4a86c835c3b4ca620003746c331da4b5d8d2ddf93e581e63018cbbec
    Block Time: "Mon, 5 Oct 2026 05:28:10 +0000"

eth_getBlockByNumber
eth_getBlockByNumber
eth_getLogs
eth_getLogs
eth_getTransactionByHash
eth_getTransactionReceipt
eth_blockNumber
eth_getTransactionReceipt
eth_getBlockByNumber
eth_getTransactionByHash
eth_getBlockByNumber
eth_blockNumber
eth_getTransactionReceipt
eth_getBlockByNumber
eth_getBlockByNumber

    Block Number: 591
    Block Hash: 0x736500a4987dc6399146fc2ef1ea83cfb230645862bf86bdd7d65a7c294648d4
    Block Time: "Mon, 5 Oct 2026 05:28:11 +0000"

eth_blockNumber
eth_getTransactionReceipt
eth_getBlockByNumber
eth_getBlockByNumber
eth_getLogs
eth_getBlockByNumber
eth_getBlockByNumber
eth_getBlockByNumber

    Block Number: 592
    Block Hash: 0xebebac554dab85a459c3a66a04ff51942b22e7c998bfbe443a3a7a9f57ddc8be
    Block Time: "Mon, 5 Oct 2026 05:28:11 +0000"

eth_getBlockByNumber
eth_getLogs
eth_getBlockByNumber
eth_getBlockByNumber
eth_getBlockByNumber
eth_getBlockByNumber

    Block Number: 593
    Block Hash: 0xa3a2199dcee41d8798f1fc74139eae9ccf3e5785654987c0488edf5e8430a0d1
    Block Time: "Mon, 5 Oct 2026 05:28:11 +0000"

eth_getBlockByNumber
eth_getBlockByNumber
eth_getLogs
eth_getBlockByNumber
eth_feeHistory
eth_simulateV1
eth_sendRawTransaction
eth_getTransactionReceipt

    Transaction: 0x1b060899708f51346c183ae0d644308e03c147d05bd7eefee377404e2fbe5010
    Gas used: 96809

    Block Number: 594
    Block Hash: 0x25b095ab20cb7160c17fd8114c01028b4f1d33c8396aa8c888cd48b230a6db31
    Block Time: "Mon, 5 Oct 2026 05:28:11 +0000"

eth_getBlockByNumber
eth_getLogs
eth_getBlockByNumber
eth_getTransactionReceipt
eth_blockNumber
eth_getTransactionReceipt

    Block Number: 595
    Block Hash: 0x51d8581a79b5de13e2d9714f784d87bfb617e674d7ab296f5ff90ed8f2033cbb
    Block Time: "Mon, 5 Oct 2026 05:28:11 +0000"

eth_getBlockByNumber
eth_getLogs
eth_getBlockByNumber
eth_blockNumber
eth_getTransactionReceipt
eth_getBlockByNumber
eth_getBlockByNumber
eth_blockNumber
eth_getTransactionReceipt
eth_getBlockByNumber

    Block Number: 596
    Block Hash: 0x61bc9e7c34f2a6dbdc945a6d4ce96f5c61fea37bb9347a358f566c01a1cf197d
    Block Time: "Mon, 5 Oct 2026 05:28:12 +0000"

eth_getBlockByNumber
eth_blockNumber
eth_getTransactionReceipt
eth_feeHistory
eth_simulateV1
eth_sendRawTransaction
eth_getTransactionReceipt

    Transaction: 0xe4bc552fc028e343dcf1af9679516003d4145f0776680efe81f668ad4af982f3
    Gas used: 171368

    Block Number: 597
    Block Hash: 0x149831cc5547f8dc216d304c91b5c7f7b6fe219a99ddb80e6b1d1b9aeed4553b
    Block Time: "Mon, 5 Oct 2026 05:28:12 +0000"

eth_getBlockByNumber
eth_getBlockByNumber
eth_getLogs
eth_getLogs
eth_getBlockByNumber
eth_getTransactionReceipt
eth_blockNumber
eth_getTransactionReceipt
eth_getBlockByNumber
eth_getBlockByNumber

    Block Number: 598
    Block Hash: 0x95f0ca4633b7eca81c5dd3bd5466432ee7c8e7ac8eba72fc6790284524e8ccbc
    Block Time: "Mon, 5 Oct 2026 05:28:12 +0000"

eth_blockNumber
eth_getTransactionReceipt
eth_getBlockByNumber
eth_getLogs
eth_getBlockByNumber
eth_blockNumber
eth_getTransactionReceipt
eth_getBlockByNumber
eth_getBlockByNumber
eth_blockNumber
eth_getTransactionReceipt
eth_getBlockByNumber

    Block Number: 599
    Block Hash: 0xfc144b0660e368fa21906881d4bd87dcd2787cb4ca34711964d36fdb61793017
    Block Time: "Mon, 5 Oct 2026 05:28:12 +0000"

eth_getBlockByNumber
eth_blockNumber
eth_getTransactionReceipt
eth_getBlockByNumber
eth_getLogs
eth_getBlockByNumber
eth_getBlockByNumber
eth_getBlockByNumber

    Block Number: 600
    Block Hash: 0xf6eff9c92e48b042e3c66bc35f4d4acb7202d423feef4ae1dc884247df8ce541
    Block Time: "Mon, 5 Oct 2026 05:28:12 +0000"

eth_getBlockByNumber
eth_getLogs
eth_getBlockByNumber
eth_getBlockByNumber
eth_getBlockByNumber
eth_getBlockByNumber

    Block Number: 601
    Block Hash: 0x720f0c832693f3988104e7835d0d53c3553bfe799a841023d58dfe69f60ba159
    Block Time: "Mon, 5 Oct 2026 05:28:13 +0000"

eth_getBlockByNumber
eth_getBlockByNumber
eth_getLogs
eth_getBlockByNumber
eth_getBlockByNumber
eth_getBlockByNumber

    Block Number: 602
    Block Hash: 0xb951ddb2a72bed3edc3fbfbfd8cafc09a76256d37f624e209d6cdec9f1b4bbe7
    Block Time: "Mon, 5 Oct 2026 05:28:13 +0000"

eth_getBlockByNumber
eth_getLogs
eth_getBlockByNumber
eth_getBlockByNumber
eth_getBlockByNumber
eth_getBlockByNumber

    Block Number: 603
    Block Hash: 0x9db7db55a4c730f5841c06c9bf40ae2ae8162820edfde69ff211740b22048a18
    Block Time: "Mon, 5 Oct 2026 05:28:13 +0000"

eth_getBlockByNumber
eth_getBlockByNumber
eth_getLogs
eth_getBlockByNumber
eth_getBlockByNumber
eth_getBlockByNumber

    Block Number: 604
    Block Hash: 0x0fb50eb39085de71b3b40a98da993d5bde7c162aa3cb9e3b9187983f54f2a2e6
    Block Time: "Mon, 5 Oct 2026 05:28:13 +0000"

eth_getBlockByNumber
eth_getLogs
eth_getBlockByNumber
eth_getBlockByNumber
eth_getBlockByNumber
eth_getBlockByNumber

    Block Number: 605
    Block Hash: 0xa10a7140c383c3a2c0f488e9b11d52472af4051071bcb1916b38b9b98b544ecc
    Block Time: "Mon, 5 Oct 2026 05:28:14 +0000"

eth_getBlockByNumber
eth_getBlockByNumber
eth_getLogs
eth_getBlockByNumber
eth_getBlockByNumber
eth_getBlockByNumber

    Block Number: 606
    Block Hash: 0x02a2084aa0173c27925a438198235f771e249cc5923bcf5f6daa5a1e90768e18
    Block Time: "Mon, 5 Oct 2026 05:28:14 +0000"

eth_getBlockByNumber
eth_getLogs
eth_getBlockByNumber
eth_getBlockByNumber
eth_getBlockByNumber
eth_getBlockByNumber

    Block Number: 607
    Block Hash: 0x1e7aa43d25545a0121066d781d4eb6cc023bc2b65da7404bf21d8c5141aeb096
    Block Time: "Mon, 5 Oct 2026 05:28:14 +0000"

eth_getBlockByNumber
eth_getBlockByNumber
eth_getLogs
eth_getBlockByNumber
eth_getBlockByNumber
eth_getBlockByNumber

    Block Number: 608
    Block Hash: 0x75926131cd42c1e2f5d4dacd0aa34ea3b007660e44484f6b46d5cca66f7ce56c
    Block Time: "Mon, 5 Oct 2026 05:28:14 +0000"

eth_getBlockByNumber
eth_getLogs
eth_getBlockByNumber
eth_getBlockByNumber
eth_call
eth_feeHistory
eth_simulateV1
eth_sendRawTransaction
eth_getTransactionReceipt

    Transaction: 0xd2290400ad06bdc46bf2408f72f9d4b350c6b64998d629f0406715d327f47318
    Gas used: 141886

    Block Number: 609
    Block Hash: 0xb161813ea0b3f798015a4f32b3e9ab03ebc1b002a3de1cbdfba2be602a5538d9
    Block Time: "Mon, 5 Oct 2026 05:28:15 +0000"

eth_getBlockByNumber
eth_getTransactionByHash
eth_getBlockByNumber
eth_getLogs
eth_getTransactionByHash

    Block Number: 610
    Block Hash: 0xfe84937f132a87fbe2e618d849cdfd3aa99680541af4642c46f9ae75de01ecee
    Block Time: "Mon, 5 Oct 2026 05:28:15 +0000"

eth_getTransactionReceipt
eth_blockNumber
eth_getTransactionReceipt
eth_getBlockByNumber
eth_getBlockByNumber
eth_getLogs
eth_blockNumber
eth_getTransactionReceipt
eth_getBlockByNumber
eth_getBlockByNumber
eth_blockNumber
eth_getTransactionReceipt
eth_getBlockByNumber

    Block Number: 611
    Block Hash: 0x7624780b0b6626e41a6902129d5262770fb93b4885072f8ea98634d4484be638
    Block Time: "Mon, 5 Oct 2026 05:28:15 +0000"

eth_getBlockByNumber
eth_getLogs
eth_blockNumber
eth_getTransactionReceipt
eth_getBlockByNumber
eth_getBlockByNumber
eth_getBlockByNumber
eth_getBlockByNumber

    Block Number: 612
    Block Hash: 0x95f9c40e2f2f388f1496f6d31e77365794aec8efc5ff3952ea86ecd9261dd661
    Block Time: "Mon, 5 Oct 2026 05:28:15 +0000"

eth_getBlockByNumber
eth_getBlockByNumber
eth_getLogs
eth_getBlockByNumber
eth_feeHistory
eth_simulateV1
eth_sendRawTransaction
eth_getTransactionReceipt

    Transaction: 0xca2d84de6fb0006a26bf80c24cc7c95a358c2986a7fc493d55dde8747f85b5e2
    Gas used: 96785

    Block Number: 613
    Block Hash: 0x0f90eeb635377dde34f78d245857c0094d9f21a529025e661bdea12ddcd802b7
    Block Time: "Mon, 5 Oct 2026 05:28:15 +0000"

eth_getBlockByNumber
eth_getLogs
eth_getBlockByNumber
eth_getTransactionReceipt
eth_blockNumber
eth_getTransactionReceipt

    Block Number: 614
    Block Hash: 0x1e4a4d69ce08cd4839346515d967e7311266adf319862321df3710e8124ce3bc
    Block Time: "Mon, 5 Oct 2026 05:28:15 +0000"

eth_getBlockByNumber
eth_getLogs
eth_getBlockByNumber
eth_blockNumber
eth_getTransactionReceipt
eth_getBlockByNumber
eth_getBlockByNumber
eth_blockNumber
eth_getTransactionReceipt
eth_getBlockByNumber

    Block Number: 615
    Block Hash: 0xad05332946a4bbfb04a7e8c1a9418a582e8572bbfdc87f2f9c8891ed17cdc045
    Block Time: "Mon, 5 Oct 2026 05:28:16 +0000"

eth_getBlockByNumber
eth_blockNumber
eth_getTransactionReceipt
eth_feeHistory
eth_simulateV1
eth_sendRawTransaction
eth_getTransactionReceipt

    Transaction: 0x5ce5630f5bb58bab6992229a36eddf73da8877b21e0752e478adb7804b6f5e28
    Gas used: 171356

    Block Number: 616
    Block Hash: 0xef926120da88da79d5c7e5e37dff98f7d37d26019e1abea5a307c619692784db
    Block Time: "Mon, 5 Oct 2026 05:28:16 +0000"

eth_getBlockByNumber
eth_getBlockByNumber
eth_getLogs
eth_getLogs
eth_getBlockByNumber
eth_getTransactionReceipt
eth_blockNumber
eth_getTransactionReceipt
eth_getBlockByNumber
eth_getBlockByNumber

    Block Number: 617
    Block Hash: 0x1da31b81bf73c5219a05d4c233bef31aac87deafa3bc1cc981811a096d94184e
    Block Time: "Mon, 5 Oct 2026 05:28:16 +0000"

eth_blockNumber
eth_getTransactionReceipt
eth_getBlockByNumber
eth_getLogs
eth_getBlockByNumber
eth_blockNumber
eth_getTransactionReceipt
eth_getBlockByNumber
eth_getBlockByNumber
eth_blockNumber
eth_getTransactionReceipt
eth_getBlockByNumber

    Block Number: 618
    Block Hash: 0xd7f38a22e7db103e4d05577bb07f2fb099486d1c8fc647a949ba02e14941a031
    Block Time: "Mon, 5 Oct 2026 05:28:16 +0000"

eth_getBlockByNumber
eth_blockNumber
eth_getTransactionReceipt
eth_getBlockByNumber
eth_getLogs
eth_getBlockByNumber
eth_getBlockByNumber
eth_getBlockByNumber

    Block Number: 619
    Block Hash: 0x6599efa4f363a90a4929f573a432e18dd1211117241f68014398af6cb280abfc
    Block Time: "Mon, 5 Oct 2026 05:28:16 +0000"

eth_getBlockByNumber
eth_getLogs
eth_getBlockByNumber
eth_getBlockByNumber
eth_getBlockByNumber
eth_getBlockByNumber

    Block Number: 620
    Block Hash: 0xb883af6baf2ec6e9c74fc9c5dd7951ab4b07d499dc059b2176609537a0f47571
    Block Time: "Mon, 5 Oct 2026 05:28:17 +0000"

eth_getBlockByNumber
eth_getBlockByNumber
eth_getLogs
eth_getBlockByNumber
eth_getBlockByNumber
eth_getBlockByNumber

    Block Number: 621
    Block Hash: 0xaced783d5f92e4923d72db7c14cae60fa8b4faf1b5145adec92e9ceb986b76f0
    Block Time: "Mon, 5 Oct 2026 05:28:17 +0000"

eth_getBlockByNumber
eth_getLogs
eth_getBlockByNumber
eth_getBlockByNumber
eth_getBlockByNumber
eth_getBlockByNumber

    Block Number: 622
    Block Hash: 0x7ecfa1602b1c0d83cb4166552b810b30c79187137fd8a0e6845c74794f970688
    Block Time: "Mon, 5 Oct 2026 05:28:17 +0000"

eth_blockNumber
eth_feeHistory
eth_getBlockByNumber
eth_getBlockByNumber
eth_getLogs
eth_getBlockByNumber
eth_getBlockByNumber
eth_getBlockByNumber

    Block Number: 623
    Block Hash: 0xba02ddadbf7448292c232485d2d749938ea3e8abef7bbf602835791660ab2e91
    Block Time: "Mon, 5 Oct 2026 05:28:17 +0000"

eth_getBlockByNumber
eth_getLogs
eth_getBlockByNumber
eth_getBlockByNumber
eth_getBlockByNumber
eth_getBlockByNumber

    Block Number: 624
    Block Hash: 0x747eb8b705a4f2b3cae461224d204110c8b44163a03174affdb361d05efabe15
    Block Time: "Mon, 5 Oct 2026 05:28:18 +0000"

eth_getBlockByNumber
eth_getBlockByNumber
eth_getLogs
eth_getBlockByNumber
eth_getBlockByNumber
eth_getBlockByNumber

    Block Number: 625
    Block Hash: 0xe878380c66d2b1e972821cec12dc57789925f605d2790588e0c6844fe8cff4b5
    Block Time: "Mon, 5 Oct 2026 05:28:18 +0000"

eth_getBlockByNumber
eth_getLogs
eth_getBlockByNumber
eth_getBlockByNumber
eth_getBlockByNumber
eth_getBlockByNumber

    Block Number: 626
    Block Hash: 0xfea75d3fd26377a601d1ce1d993a3194b54f9ec1928f8b13e831b9f40697c0fa
    Block Time: "Mon, 5 Oct 2026 05:28:18 +0000"

eth_getBlockByNumber
eth_getBlockByNumber
eth_getLogs
eth_getBlockByNumber
eth_getBlockByNumber
eth_getBlockByNumber

    Block Number: 627
    Block Hash: 0x9a4468d55fa08320d8fabcc379e42e84da3376092e37ff97c40b28ef1b9cc4c5
    Block Time: "Mon, 5 Oct 2026 05:28:18 +0000"

eth_getBlockByNumber
eth_getLogs
eth_getBlockByNumber
eth_getBlockByNumber
eth_call
eth_feeHistory
eth_simulateV1
eth_sendRawTransaction
eth_getTransactionReceipt

    Transaction: 0x4b92f46c47d0c165e2fc0e9b9cb5955136736093416d11f650433676ff78a30f
    Gas used: 141874

    Block Number: 628
    Block Hash: 0x0ef0401e7fd2512a8ffb54db2307b5d098c643b75d389458f7bfc2bfe84158e4
    Block Time: "Mon, 5 Oct 2026 05:28:19 +0000"

eth_getBlockByNumber
eth_getBlockByNumber
eth_getLogs
eth_getTransactionByHash

    Block Number: 629
    Block Hash: 0x4f23b4effe44e472da06e0b0213146323284247fbee4565b0db07240b337ab45
    Block Time: "Mon, 5 Oct 2026 05:28:19 +0000"

eth_getTransactionReceipt
eth_blockNumber
eth_getTransactionReceipt
eth_getBlockByNumber
eth_getTransactionByHash
eth_getBlockByNumber
eth_getLogs
eth_blockNumber
eth_getTransactionReceipt
eth_getBlockByNumber
eth_getBlockByNumber
eth_getBlockByNumber
eth_blockNumber
eth_getTransactionReceipt

    Block Number: 630
    Block Hash: 0xc5241bb1fc010b5b92ce38aff0a0e3c173f5f69f930bf11203647b304bf4e492
    Block Time: "Mon, 5 Oct 2026 05:28:19 +0000"

eth_getBlockByNumber
eth_getLogs
eth_getBlockByNumber
eth_blockNumber
eth_getTransactionReceipt
eth_getBlockByNumber
eth_getBlockByNumber
eth_getBlockByNumber

    Block Number: 631
    Block Hash: 0x29a41cac57456435b9163011305de1b4bb7f850a23f27cf708748ac2d6249eaf
    Block Time: "Mon, 5 Oct 2026 05:28:19 +0000"

eth_getBlockByNumber
eth_getBlockByNumber
eth_getLogs
eth_getBlockByNumber
eth_feeHistory
eth_simulateV1
eth_sendRawTransaction
eth_getTransactionReceipt

    Transaction: 0x9e323f65cdb0b799372d95e1b920bf98d8ea972efc5e2663949a6defa33604b8
    Gas used: 96785

    Block Number: 632
    Block Hash: 0x1efb035637b20e16ff5569ea46010092e35fd3b264087f54006d01cd49e2e1ce
    Block Time: "Mon, 5 Oct 2026 05:28:19 +0000"

eth_getBlockByNumber
eth_getLogs
eth_getBlockByNumber

    Block Number: 633
    Block Hash: 0xd9f326ec454e398c6d6b535b8e90b4adec4bf02ff1807f4aab1719ac0a5193e8
    Block Time: "Mon, 5 Oct 2026 05:28:19 +0000"

eth_getTransactionReceipt
eth_blockNumber
eth_getTransactionReceipt
eth_getBlockByNumber
eth_getLogs
eth_getBlockByNumber
eth_blockNumber
eth_getTransactionReceipt
eth_getBlockByNumber
eth_getBlockByNumber
eth_blockNumber
eth_getTransactionReceipt
eth_getBlockByNumber

    Block Number: 634
    Block Hash: 0x434825698a8899ec649b6ec5a56bce04ab500dcc6b9a6a4b63d164449cea12c9
    Block Time: "Mon, 5 Oct 2026 05:28:20 +0000"

eth_getBlockByNumber
eth_blockNumber
eth_getTransactionReceipt
eth_feeHistory
eth_simulateV1
eth_sendRawTransaction
eth_getTransactionReceipt

    Transaction: 0xb59c8d49587163df1b212c24c0bb69990ae6a0dd31e3872c391c51548fd1a901
    Gas used: 171368

    Block Number: 635
    Block Hash: 0xe117a1b641e19f13b15a67e3cf3835f1b9e865fcc70f92fb09e61180f6cb672e
    Block Time: "Mon, 5 Oct 2026 05:28:20 +0000"

eth_getBlockByNumber
eth_getBlockByNumber
eth_getLogs
eth_getLogs
eth_getBlockByNumber
eth_getTransactionReceipt
eth_blockNumber
eth_getTransactionReceipt
eth_getBlockByNumber
eth_getBlockByNumber

    Block Number: 636
    Block Hash: 0xb5e1347a9b6b0e9a88e6bc3f466b59e6112a147fdfd47ceb8fed351f1dd15509
    Block Time: "Mon, 5 Oct 2026 05:28:20 +0000"

eth_blockNumber
eth_getTransactionReceipt
eth_getBlockByNumber
eth_getLogs
eth_getBlockByNumber
eth_blockNumber
eth_getTransactionReceipt
eth_getBlockByNumber
eth_getBlockByNumber
eth_blockNumber
eth_getTransactionReceipt
eth_getBlockByNumber

    Block Number: 637
    Block Hash: 0xf6084df47770a2fcee40ad3e8985d4db705266b3d321607e5f46278305cc94bf
    Block Time: "Mon, 5 Oct 2026 05:28:20 +0000"

eth_getBlockByNumber
eth_blockNumber
eth_getTransactionReceipt
eth_getBlockByNumber
eth_getLogs
eth_getBlockByNumber
eth_getBlockByNumber
eth_getBlockByNumber

    Block Number: 638
    Block Hash: 0xef21934c59505dd2c67318a59d2e8f6ca108f030f1788e55485b238b0025c1a2
    Block Time: "Mon, 5 Oct 2026 05:28:20 +0000"

eth_getBlockByNumber
eth_getLogs
eth_getBlockByNumber
eth_getBlockByNumber
eth_getBlockByNumber
eth_getBlockByNumber

    Block Number: 639
    Block Hash: 0xfb8110bdc8f9c5e746f822a1a13f25c712db42e453b81a1d052bbc22ce504835
    Block Time: "Mon, 5 Oct 2026 05:28:21 +0000"

eth_getBlockByNumber
eth_getBlockByNumber
eth_getLogs
eth_getBlockByNumber
eth_getBlockByNumber
eth_getBlockByNumber

    Block Number: 640
    Block Hash: 0x7bd2672cff10ef9410e545e21cfec5cd723f50dd580d71f20196bf70b76f4e75
    Block Time: "Mon, 5 Oct 2026 05:28:21 +0000"

eth_getBlockByNumber
eth_getLogs
eth_getBlockByNumber
eth_getBlockByNumber
eth_getBlockByNumber
eth_getBlockByNumber

    Block Number: 641
    Block Hash: 0x095262e95adfb3369bf44bccd6ee925c56c45b00fb4b314ebd9b6975f7e53497
    Block Time: "Mon, 5 Oct 2026 05:28:21 +0000"

eth_getBlockByNumber
eth_getBlockByNumber
eth_getLogs
eth_getBlockByNumber
eth_getBlockByNumber
eth_getBlockByNumber

    Block Number: 642
    Block Hash: 0xf7f531ac5374e3d09a5afd40619f7384fef6cbc0be8a085c5e9ec5e3f590459a
    Block Time: "Mon, 5 Oct 2026 05:28:21 +0000"

eth_getBlockByNumber
eth_getLogs
eth_getBlockByNumber
eth_getBlockByNumber
eth_getBlockByNumber
eth_getBlockByNumber

    Block Number: 643
    Block Hash: 0xe3aea4fc089f3b305976ab878d24420e1d9b479869cb2416bb7d0db2324ddeec
    Block Time: "Mon, 5 Oct 2026 05:28:22 +0000"

eth_getBlockByNumber
eth_getBlockByNumber
eth_getLogs
eth_getBlockByNumber
eth_getBlockByNumber
eth_getBlockByNumber

    Block Number: 644
    Block Hash: 0x6512854150761929c337461bbdd23b9bdefde4a14a4a14033cf6b4a61ef3a9c7
    Block Time: "Mon, 5 Oct 2026 05:28:22 +0000"

eth_getBlockByNumber
eth_getLogs
eth_getBlockByNumber
eth_getBlockByNumber
eth_getBlockByNumber
eth_getBlockByNumber

    Block Number: 645
    Block Hash: 0x83ed205bedb1550ce345431ac2a8f86e2355d5ae92ac17badb12fd6806edcf2d
    Block Time: "Mon, 5 Oct 2026 05:28:22 +0000"

eth_getBlockByNumber
eth_getBlockByNumber
eth_getLogs
eth_getBlockByNumber
eth_getBlockByNumber
eth_getBlockByNumber

    Block Number: 646
    Block Hash: 0x8930469f064c7d9d45fbf45c2937f3ffe59b282af2b47aa804cde0596c40500e
    Block Time: "Mon, 5 Oct 2026 05:28:22 +0000"

eth_getBlockByNumber
eth_getLogs
eth_getBlockByNumber
eth_getBlockByNumber
eth_getBlockByNumber
eth_call
eth_feeHistory
eth_simulateV1
eth_sendRawTransaction
eth_getTransactionReceipt

    Transaction: 0x80e2258490e7c642c20b79064263f0732ea6e006c11585780fc55306f5aff84b
    Gas used: 141886

    Block Number: 647
    Block Hash: 0x775c057fee97e96010af1e0d7b9cd0933d4e22e9115d2c3a31d0d48c53c0b802
    Block Time: "Mon, 5 Oct 2026 05:28:23 +0000"

eth_getBlockByNumber
eth_getLogs
eth_getTransactionByHash

    Block Number: 648
    Block Hash: 0x5e71cea74b4e78a1a4fe8a95a31d7787ae497e0a10ae00377ef5371016f453ae
    Block Time: "Mon, 5 Oct 2026 05:28:23 +0000"

eth_getBlockByNumber
eth_getTransactionByHash
eth_getTransactionReceipt
eth_blockNumber
eth_getTransactionReceipt
eth_getBlockByNumber
eth_getLogs
eth_getBlockByNumber
eth_blockNumber
eth_getTransactionReceipt
eth_getBlockByNumber
eth_getBlockByNumber
eth_blockNumber
eth_getTransactionReceipt

    Block Number: 649
    Block Hash: 0xf8396551f7d210813ca61610a16caa4d0cdfade8128a1a6212456c3eba379ca3
    Block Time: "Mon, 5 Oct 2026 05:28:23 +0000"

eth_getBlockByNumber
eth_getLogs
eth_getBlockByNumber
eth_blockNumber
eth_getTransactionReceipt
eth_getBlockByNumber
eth_getBlockByNumber
eth_getBlockByNumber

    Block Number: 650
    Block Hash: 0x5e1cf94b9d5a361ad7c7a3bc5f8d95ed792791973211d6f40b831873f46bacf2
    Block Time: "Mon, 5 Oct 2026 05:28:23 +0000"

eth_getBlockByNumber
eth_getBlockByNumber
eth_getLogs
eth_getBlockByNumber
eth_feeHistory
eth_simulateV1
eth_sendRawTransaction

    Transaction: 0x31c827275a3c957378361f17a4492860236ca186757885df32e25f9a9b8f4bea
    Gas used: 96809

    Block Number: 651
    Block Hash: 0x4967ad15637dc1510e9036cb0b4a4da9d2115f44a80e261b86dd23e5fe305a3a
    Block Time: "Mon, 5 Oct 2026 05:28:23 +0000"

eth_getTransactionReceipt
eth_blockNumber
eth_getTransactionReceipt
eth_getBlockByNumber
eth_getLogs
eth_getBlockByNumber

    Block Number: 652
    Block Hash: 0x1ab121ec78e16498d39ce710f80a62e04b2f03ade76dfa534488cc66565e98cf
    Block Time: "Mon, 5 Oct 2026 05:28:23 +0000"

eth_blockNumber
eth_getTransactionReceipt
eth_getBlockByNumber
eth_getLogs
eth_getBlockByNumber
eth_blockNumber
eth_getTransactionReceipt
eth_getBlockByNumber
eth_getBlockByNumber
eth_blockNumber
eth_getTransactionReceipt
eth_getBlockByNumber

    Block Number: 653
    Block Hash: 0x2361b655cb325a10aca78daba5a57b969b80d8cb3fa42b80e54988209a9b0d51
    Block Time: "Mon, 5 Oct 2026 05:28:24 +0000"

eth_getBlockByNumber
eth_blockNumber
eth_getTransactionReceipt
eth_feeHistory
eth_simulateV1
eth_sendRawTransaction
eth_getTransactionReceipt

    Transaction: 0x45f5bdf0c5f4fb80db3788c26cbf51de36ceefe25e52dbc954eaa0c04ac5648c
    Gas used: 171368

    Block Number: 654
    Block Hash: 0x19483e7e578feb99bdd0ca77aa4071105f734d031323af37514f4d3b014018c3
    Block Time: "Mon, 5 Oct 2026 05:28:24 +0000"

eth_getBlockByNumber
eth_getBlockByNumber
eth_getLogs
eth_getLogs
eth_getBlockByNumber
eth_getTransactionReceipt
eth_blockNumber
eth_getTransactionReceipt
eth_getBlockByNumber
eth_getBlockByNumber

    Block Number: 655
    Block Hash: 0xb16912ab94f7080af26603fcf05c09b9964aa1fdcfe9bef7fb0c17c5815659ad
    Block Time: "Mon, 5 Oct 2026 05:28:24 +0000"

eth_blockNumber
eth_getTransactionReceipt
eth_getBlockByNumber
eth_getLogs
eth_getBlockByNumber
eth_getBlockByNumber
eth_blockNumber
eth_getTransactionReceipt
eth_getBlockByNumber
eth_getBlockByNumber
eth_blockNumber
eth_getTransactionReceipt

    Block Number: 656
    Block Hash: 0x05cc41dfb274de33a082d01a7ae77d7c6141c824fd19d33e2ad7fcbc368c3741
    Block Time: "Mon, 5 Oct 2026 05:28:24 +0000"

eth_getBlockByNumber
eth_getBlockByNumber
eth_getLogs
eth_blockNumber
eth_getTransactionReceipt
eth_getBlockByNumber
eth_getBlockByNumber
eth_getBlockByNumber

    Block Number: 657
    Block Hash: 0xcb7515417d349efe76aba215746d4031b48028a0ed2a550836518248898b7324
    Block Time: "Mon, 5 Oct 2026 05:28:24 +0000"

eth_getBlockByNumber
eth_getLogs
eth_getBlockByNumber
eth_getBlockByNumber
eth_getBlockByNumber
eth_getBlockByNumber

    Block Number: 658
    Block Hash: 0x987031b6779fbe83d5d9bdc1f8167c8646a21f989811e29042b7c1649093c892
    Block Time: "Mon, 5 Oct 2026 05:28:25 +0000"

eth_getBlockByNumber
eth_getBlockByNumber
eth_getLogs
eth_getBlockByNumber
eth_getBlockByNumber
eth_getBlockByNumber

    Block Number: 659
    Block Hash: 0xb6debf9fc672543dec5052563956fe1553140143864136943ada002b0431d7fd
    Block Time: "Mon, 5 Oct 2026 05:28:25 +0000"

eth_getBlockByNumber
eth_getLogs
eth_getBlockByNumber
eth_getBlockByNumber
eth_getBlockByNumber
eth_getBlockByNumber

    Block Number: 660
    Block Hash: 0xce2535ec62524edaaf9f6383114a3c54c51334bfdabeb5894fd86df1cd60e480
    Block Time: "Mon, 5 Oct 2026 05:28:25 +0000"

eth_getBlockByNumber
eth_getBlockByNumber
eth_getLogs
eth_getBlockByNumber
eth_getBlockByNumber
eth_getBlockByNumber

    Block Number: 661
    Block Hash: 0x8e2c2ce8f27776f14eca187f170956ac40023236fef0701cef4ae3421b7ba233
    Block Time: "Mon, 5 Oct 2026 05:28:25 +0000"

eth_getBlockByNumber
eth_getLogs
eth_getBlockByNumber
eth_getBlockByNumber
eth_getBlockByNumber
eth_getBlockByNumber

    Block Number: 662
    Block Hash: 0x41acd52600c969cf00bd8a4de98c9bf8696728d9cf19339d5d2150c031494681
    Block Time: "Mon, 5 Oct 2026 05:28:26 +0000"

eth_getBlockByNumber
eth_getBlockByNumber
eth_getLogs
eth_getBlockByNumber
eth_getBlockByNumber
eth_getBlockByNumber

    Block Number: 663
    Block Hash: 0x29622e05cc185094006727377e627586b6f08aee84fd16dd0e56c4387db356f2
    Block Time: "Mon, 5 Oct 2026 05:28:26 +0000"

eth_getBlockByNumber
eth_getLogs
eth_getBlockByNumber
eth_getBlockByNumber
eth_getBlockByNumber
eth_getBlockByNumber

    Block Number: 664
    Block Hash: 0xb19cebfc6b6f89214d1bac6c96df0a8166c963043b4a95786a80865db5477422
    Block Time: "Mon, 5 Oct 2026 05:28:26 +0000"

eth_getBlockByNumber
eth_getBlockByNumber
eth_getLogs
eth_getBlockByNumber
eth_getBlockByNumber
eth_getBlockByNumber

    Block Number: 665
    Block Hash: 0x64820eecba05de4d290d70839722c3bd43486ea2f1b23bb5002cfe89ba8e608f
    Block Time: "Mon, 5 Oct 2026 05:28:26 +0000"

eth_getBlockByNumber
eth_getLogs
eth_getBlockByNumber
eth_getBlockByNumber
eth_getBlockByNumber
eth_call
eth_feeHistory
eth_simulateV1
eth_sendRawTransaction
eth_getTransactionReceipt

    Transaction: 0x49e25719125b1d07b1531e63571eb17bc4cfead9e7d242a2fdedc732322cae09
    Gas used: 141886

    Block Number: 666
    Block Hash: 0x93efecb156d0758b4e6c5b32e2ded56d5601a832f3d1b896d1b3236484df0690
    Block Time: "Mon, 5 Oct 2026 05:28:27 +0000"

eth_getBlockByNumber
eth_getLogs
eth_getTransactionByHash

    Block Number: 667
    Block Hash: 0x06f2dd19bf3855478bef9741597be7f6098d1ec8498420d74ed30272943f9e95
    Block Time: "Mon, 5 Oct 2026 05:28:27 +0000"

eth_getBlockByNumber
eth_getTransactionByHash
eth_getTransactionReceipt
eth_blockNumber
eth_getTransactionReceipt
eth_getBlockByNumber
eth_getLogs
eth_getBlockByNumber
eth_blockNumber
eth_getTransactionReceipt
eth_getBlockByNumber
eth_getBlockByNumber
eth_blockNumber
eth_getTransactionReceipt

    Block Number: 668
    Block Hash: 0x22b8d2f2568191b8bc25743a9db9ea1f537d697e319e6164a11ae3eebbf6475d
    Block Time: "Mon, 5 Oct 2026 05:28:27 +0000"

eth_getBlockByNumber
eth_getLogs
eth_getBlockByNumber
eth_blockNumber
eth_getTransactionReceipt
eth_getBlockByNumber
eth_getBlockByNumber
eth_getBlockByNumber

    Block Number: 669
    Block Hash: 0x183f6fa655ef89fec6e2e6e9fc18880c78a6ba45bda0741199170734c39e3a43
    Block Time: "Mon, 5 Oct 2026 05:28:27 +0000"

eth_getBlockByNumber
eth_getBlockByNumber
eth_getLogs
eth_getBlockByNumber
eth_feeHistory
eth_simulateV1
eth_sendRawTransaction
eth_getTransactionReceipt

    Transaction: 0x724d557b1af7df6169264d08b7fcdb72c6c0d824e43e5a59b6164d1b5ef12781
    Gas used: 96797

    Block Number: 670
    Block Hash: 0x842fdcd487f0009d04f2abc9f0921308cfb672a3e3560d3b869529d2f2d393cc
    Block Time: "Mon, 5 Oct 2026 05:28:27 +0000"

eth_getBlockByNumber
eth_getLogs
eth_getBlockByNumber

    Block Number: 671
    Block Hash: 0x5b9b694e7ee9bf19b60c5ca6ad1bc9565d0a5f17d61cf6515b5c45e425b66649
    Block Time: "Mon, 5 Oct 2026 05:28:27 +0000"

eth_getTransactionReceipt
eth_blockNumber
eth_getTransactionReceipt
eth_getBlockByNumber
eth_getLogs
eth_getBlockByNumber
eth_blockNumber
eth_getTransactionReceipt
eth_getBlockByNumber
eth_getBlockByNumber
eth_blockNumber
eth_getTransactionReceipt
eth_getBlockByNumber

    Block Number: 672
    Block Hash: 0x1b9d23a6cf8c9ff2550a9fc28c58281dd8a7cb5e48187d3b848b3c1a5a8f790c
    Block Time: "Mon, 5 Oct 2026 05:28:28 +0000"

eth_getBlockByNumber
eth_blockNumber
eth_getTransactionReceipt
eth_getBlockByNumber
eth_getLogs
eth_feeHistory
eth_simulateV1
eth_sendRawTransaction
eth_getTransactionReceipt

    Transaction: 0xf6f0e383aa648f7f38298ae21f48e98d98be7306406d1fd28c42c960892441b5
    Gas used: 171356

    Block Number: 673
    Block Hash: 0x2f2dee4154adedce6b90289d287168c17e0b71ca230a7d98d56b9c6eec4f1aed
    Block Time: "Mon, 5 Oct 2026 05:28:28 +0000"

eth_getBlockByNumber
eth_getBlockByNumber
eth_getLogs
eth_getTransactionReceipt
eth_blockNumber
eth_getTransactionReceipt
eth_getBlockByNumber

    Block Number: 674
    Block Hash: 0xf419519742aec8b29c070e3127de70848043db9c0e56ded798bcd9a241798797
    Block Time: "Mon, 5 Oct 2026 05:28:28 +0000"

eth_getBlockByNumber
eth_getLogs
eth_blockNumber
eth_getTransactionReceipt
eth_getBlockByNumber
eth_getBlockByNumber
eth_blockNumber
eth_getTransactionReceipt
eth_getBlockByNumber
eth_getBlockByNumber
eth_blockNumber
eth_getTransactionReceipt

    Block Number: 675
    Block Hash: 0xd840c4c68672e9c69cd130695a46c5f44c617e9cd6453177c585b161c6b762a1
    Block Time: "Mon, 5 Oct 2026 05:28:28 +0000"

eth_getBlockByNumber
eth_getBlockByNumber
eth_getLogs
eth_blockNumber
eth_getTransactionReceipt
eth_getBlockByNumber
eth_getBlockByNumber
eth_getBlockByNumber

    Block Number: 676
    Block Hash: 0x476f73044921b6dc99abc3d21075b7360a00d11a97dcfc43aeed29f5ac3e67d2
    Block Time: "Mon, 5 Oct 2026 05:28:28 +0000"

eth_getBlockByNumber
eth_getLogs
eth_getBlockByNumber
eth_getBlockByNumber
eth_getBlockByNumber
eth_getBlockByNumber

    Block Number: 677
    Block Hash: 0x2103b977cf50ece992a66cbe1faeaa3ab84c770f621f52f1623aa86c3f6b40be
    Block Time: "Mon, 5 Oct 2026 05:28:29 +0000"

eth_getBlockByNumber
eth_getBlockByNumber
eth_getLogs
eth_getBlockByNumber
eth_getBlockByNumber
eth_getBlockByNumber

    Block Number: 678
    Block Hash: 0xdec8fd45cf17b56efe8f0d3f005cc63ff5da3fda57dd798557944db8fd72e0a7
    Block Time: "Mon, 5 Oct 2026 05:28:29 +0000"

eth_getBlockByNumber
eth_getLogs
eth_getBlockByNumber
eth_getBlockByNumber
eth_getBlockByNumber
eth_getBlockByNumber

    Block Number: 679
    Block Hash: 0x6b0f3b70b5c7343685f74c7ba6fd40f389d984d20cc84ec804b4638cf3209bd2
    Block Time: "Mon, 5 Oct 2026 05:28:29 +0000"

eth_getBlockByNumber
eth_getBlockByNumber
eth_getLogs
eth_getBlockByNumber
eth_getBlockByNumber
eth_getBlockByNumber

    Block Number: 680
    Block Hash: 0x0e84a2f9105a1b0a7e756c5f5b8abc0a65188499427bcea44b8bff859cb392f2
    Block Time: "Mon, 5 Oct 2026 05:28:29 +0000"

eth_getBlockByNumber
eth_getLogs
eth_getBlockByNumber
eth_getBlockByNumber
eth_getBlockByNumber
eth_getBlockByNumber

    Block Number: 681
    Block Hash: 0xc50c89d4814965c27c86d4748089bf6f5c8f670749b5eb71aa44a248108a2c6d
    Block Time: "Mon, 5 Oct 2026 05:28:30 +0000"

eth_getBlockByNumber
eth_getBlockByNumber
eth_getLogs
eth_getBlockByNumber
eth_getBlockByNumber
eth_getBlockByNumber

    Block Number: 682
    Block Hash: 0x5128e4dfffe8db7be3e4bc0257826da47a5ea19bfc5cd02275cf89fbb5f074a4
    Block Time: "Mon, 5 Oct 2026 05:28:30 +0000"

eth_getBlockByNumber
eth_getLogs
eth_getBlockByNumber
eth_getBlockByNumber
eth_getBlockByNumber
eth_getBlockByNumber

    Block Number: 683
    Block Hash: 0x8c3f579e381a54f299fb795b8da88e2d91ad0e4969bb29131d0b82ebaa24a7a3
    Block Time: "Mon, 5 Oct 2026 05:28:30 +0000"

eth_blockNumber
eth_getBlockByNumber
eth_feeHistory
eth_getBlockByNumber
eth_getLogs
eth_getBlockByNumber
eth_getBlockByNumber
eth_getBlockByNumber

    Block Number: 684
    Block Hash: 0x3ce354d3c8bf59adc1e896aaea02b46d1296034ba74346f79296d038237c47e8
    Block Time: "Mon, 5 Oct 2026 05:28:30 +0000"

eth_getBlockByNumber
eth_getLogs
eth_getBlockByNumber
eth_getBlockByNumber
eth_getBlockByNumber
eth_call
eth_feeHistory
eth_simulateV1
eth_sendRawTransaction
eth_getTransactionReceipt

    Transaction: 0xda042425cccf041dc3e55cbf52dacda6be35adf61692e5ab7f204fe18c1d3ee6
    Gas used: 141874

    Block Number: 685
    Block Hash: 0x39e281fd93216795e538e9cd6c739d32abdeac6375a7ecc0ed594c2d896bdb85
    Block Time: "Mon, 5 Oct 2026 05:28:31 +0000"

eth_getBlockByNumber
eth_getLogs
eth_getTransactionByHash

    Block Number: 686
    Block Hash: 0x3412fde72139a3c89a4b97e7de323078350d9c40c58da3ce87e0f5ae232592a7
    Block Time: "Mon, 5 Oct 2026 05:28:31 +0000"

eth_getBlockByNumber
eth_getTransactionByHash
eth_getTransactionReceipt
eth_blockNumber
eth_getTransactionReceipt
eth_getBlockByNumber
eth_getLogs
eth_getBlockByNumber
eth_blockNumber
eth_getTransactionReceipt
eth_getBlockByNumber
eth_getBlockByNumber

    Block Number: 687
    Block Hash: 0xd88ba9d7407d9c8a097232459a1e6dafaad7d95babcfc61dd9a592948f474511
    Block Time: "Mon, 5 Oct 2026 05:28:31 +0000"

eth_blockNumber
eth_getTransactionReceipt
eth_getBlockByNumber
eth_getLogs
eth_getBlockByNumber
eth_getBlockByNumber
eth_getBlockByNumber
eth_getBlockByNumber

    Block Number: 688
    Block Hash: 0x53a25c2d921aba1b2359fb622f4cd67cd469d41eb71e43c1074865b1ac809d24
    Block Time: "Mon, 5 Oct 2026 05:28:31 +0000"

eth_getBlockByNumber
eth_getBlockByNumber
eth_getLogs
eth_getBlockByNumber
eth_feeHistory
eth_simulateV1
eth_sendRawTransaction
eth_getTransactionReceipt

    Transaction: 0x1e209fd8b2d6203fb184922ef3af0438d53893a134d2d0f011279ca218feb198
    Gas used: 96797

    Block Number: 689
    Block Hash: 0x7b2d03349b884d3e5d9a870db892176a9b8392c70335f04f0c4c368d35372928
    Block Time: "Mon, 5 Oct 2026 05:28:31 +0000"

eth_getBlockByNumber
eth_getLogs
eth_getBlockByNumber

    Block Number: 690
    Block Hash: 0x6b00e7a18a84327c420c34a30179cb2b49a8981cf347213923e2b0b35888d18b
    Block Time: "Mon, 5 Oct 2026 05:28:31 +0000"

eth_getTransactionReceipt
eth_blockNumber
eth_getTransactionReceipt
eth_getBlockByNumber
eth_getLogs
eth_getBlockByNumber
eth_blockNumber
eth_getTransactionReceipt
eth_getBlockByNumber
eth_getBlockByNumber
eth_getBlockByNumber
eth_blockNumber
eth_getTransactionReceipt

    Block Number: 691
    Block Hash: 0xfd7cf785d30abd491d04b1b81f22e90d68e4f13bb7c084dd162ab434e2a29ae6
    Block Time: "Mon, 5 Oct 2026 05:28:32 +0000"

eth_getBlockByNumber
eth_getBlockByNumber
eth_getLogs
eth_blockNumber
eth_getTransactionReceipt
eth_feeHistory
eth_simulateV1
eth_sendRawTransaction
eth_getTransactionReceipt

    Transaction: 0xb1ff01d7cb186b9ce554a06d584d60325b558fca42c3e9badd49d41f994453a6
    Gas used: 171368

    Block Number: 692
    Block Hash: 0x00b6207c193aec546bbd1cb390f5f42da19595da383683101939f6d93df794e3
    Block Time: "Mon, 5 Oct 2026 05:28:32 +0000"

eth_getBlockByNumber
eth_getBlockByNumber
eth_getLogs
eth_getTransactionReceipt
eth_blockNumber
eth_getTransactionReceipt
eth_getBlockByNumber

    Block Number: 693
    Block Hash: 0x6df954011aef9fc34d91d0af7539c579349f023ca09e3837b2555d5032f7e8b3
    Block Time: "Mon, 5 Oct 2026 05:28:32 +0000"

eth_getBlockByNumber
eth_getLogs
eth_blockNumber
eth_getTransactionReceipt
eth_getBlockByNumber
eth_getBlockByNumber
eth_blockNumber
eth_getTransactionReceipt
eth_getBlockByNumber
eth_getBlockByNumber
eth_blockNumber
eth_getTransactionReceipt

    Block Number: 694
    Block Hash: 0x3daa25e358ccbf841147ddfd047c8c5bee327f72f4e71822cfeeba6043f62c36
    Block Time: "Mon, 5 Oct 2026 05:28:32 +0000"

eth_getBlockByNumber
eth_getBlockByNumber
eth_getLogs
eth_blockNumber
eth_getTransactionReceipt
eth_getBlockByNumber
eth_getBlockByNumber
eth_getBlockByNumber

    Block Number: 695
    Block Hash: 0xccd21d45de306865f0cc61d9d9f4ca4b55aeb898684a24c42de0b3a872efb5ae
    Block Time: "Mon, 5 Oct 2026 05:28:32 +0000"

eth_getBlockByNumber
eth_getLogs
eth_getBlockByNumber
eth_getBlockByNumber
eth_getBlockByNumber
eth_getBlockByNumber

    Block Number: 696
    Block Hash: 0x356bf97d17e9ab5d90448ee30737f8000f7423effae7558e4525f50a50e8237f
    Block Time: "Mon, 5 Oct 2026 05:28:33 +0000"

eth_getBlockByNumber
eth_getBlockByNumber
eth_getLogs
eth_getBlockByNumber
eth_getBlockByNumber
eth_getBlockByNumber

    Block Number: 697
    Block Hash: 0x8d608968f24ae40a3c5de7b2ae9c0f93903fc68e99282cbe22f77609af999d1f
    Block Time: "Mon, 5 Oct 2026 05:28:33 +0000"

eth_getBlockByNumber
eth_getLogs
eth_getBlockByNumber
eth_getBlockByNumber
eth_getBlockByNumber
eth_getBlockByNumber

    Block Number: 698
    Block Hash: 0x94f8332dbef264f6ee98671a3f13f450c42829b299127d410c2c7b06e149d76e
    Block Time: "Mon, 5 Oct 2026 05:28:33 +0000"

eth_getBlockByNumber
eth_getBalance
eth_getBalance
eth_getTransactionCount
eth_getTransactionCount
eth_feeHistory
eth_feeHistory
eth_feeHistory
eth_feeHistory
eth_feeHistory
eth_feeHistory
eth_feeHistory
eth_feeHistory
eth_feeHistory
eth_feeHistory
eth_feeHistory
eth_feeHistory
eth_feeHistory
eth_feeHistory
eth_feeHistory
eth_feeHistory
eth_feeHistory
eth_feeHistory
eth_getBalance
eth_getTransactionCount
eth_feeHistory
eth_feeHistory
eth_feeHistory
eth_feeHistory
eth_feeHistory
eth_feeHistory
eth_feeHistory
eth_feeHistory
eth_feeHistory
eth_getBlockByNumber
eth_getLogs
eth_getBlockByNumber
eth_getBlockByNumber
eth_getBlockByNumber

    Block Number: 699
    Block Hash: 0x6f6b3fbbea68e0e9b4572837cad7577fa7be02a0725440da63376cd33cf435f2
    Block Time: "Mon, 5 Oct 2026 05:28:33 +0000"

eth_getBlockByNumber
eth_getLogs
eth_getBlockByNumber
eth_getBlockByNumber
eth_getBlockByNumber
eth_getBlockByNumber

    Block Number: 700
    Block Hash: 0x1743d0b8c86280ab8e3baa8c5889dfaff2ca3e5a96fc47811da68f472bb79979
    Block Time: "Mon, 5 Oct 2026 05:28:34 +0000"

eth_getBlockByNumber
eth_getBlockByNumber
eth_getLogs
eth_getBlockByNumber
eth_getBlockByNumber
eth_getBlockByNumber

    Block Number: 701
    Block Hash: 0x922c2aaf80da461bbb250490794af55fd7efb9e00b563cb99d33c61bd6a71e83
    Block Time: "Mon, 5 Oct 2026 05:28:34 +0000"

eth_getBlockByNumber
eth_getLogs
eth_getBlockByNumber
eth_getBlockByNumber
eth_getBlockByNumber
eth_getBlockByNumber

    Block Number: 702
    Block Hash: 0xb2ab38867aadd2c3e7c6ff5f292821ea526e1c419e7731c56ab703b7f0070965
    Block Time: "Mon, 5 Oct 2026 05:28:34 +0000"

eth_getBlockByNumber
eth_getBlockByNumber
eth_getLogs
eth_getBlockByNumber
eth_getBlockByNumber
eth_getBlockByNumber

    Block Number: 703
    Block Hash: 0xb180bd93b39c60e8430d9e65378cceaed4e5f801afb32208066428142a12b395
    Block Time: "Mon, 5 Oct 2026 05:28:34 +0000"

eth_getBlockByNumber
eth_getLogs
eth_getBlockByNumber
eth_getBlockByNumber
eth_getBlockByNumber
eth_call
eth_feeHistory
eth_simulateV1
eth_sendRawTransaction
eth_getTransactionReceipt

    Transaction: 0x1b6dd234cf559c9af5f09fb6e764f3b007159594a873814c59f565813a090448
    Gas used: 141886

    Block Number: 704
    Block Hash: 0x4a0c6b327b7bf73fea4fabaa7347ca2759cb69995cc60ed2bb746085ac241045
    Block Time: "Mon, 5 Oct 2026 05:28:35 +0000"

eth_getBlockByNumber
eth_getLogs
eth_getTransactionByHash

    Block Number: 705
    Block Hash: 0x861f03dee672fe788d1635249862b6ec201d92a4e410d605d5bb1d357f7339db
    Block Time: "Mon, 5 Oct 2026 05:28:35 +0000"

eth_getBlockByNumber
eth_getTransactionByHash
eth_getTransactionReceipt
eth_blockNumber
eth_getTransactionReceipt
eth_getBlockByNumber
eth_getLogs
eth_getBlockByNumber
eth_blockNumber
eth_getTransactionReceipt
eth_getBlockByNumber
eth_getBlockByNumber

    Block Number: 706
    Block Hash: 0x49ca4c931591a19b3cecff031b3684ab04004a892393c46cafbe9e061ea92e39
    Block Time: "Mon, 5 Oct 2026 05:28:35 +0000"

eth_blockNumber
eth_getTransactionReceipt
eth_getBlockByNumber
eth_getLogs
eth_getBlockByNumber
eth_getBlockByNumber
eth_getBlockByNumber
eth_getBlockByNumber

    Block Number: 707
    Block Hash: 0xc523fa1e9534129bc3757117f320054a2765fd1db21796edcbcff42b208c653c
    Block Time: "Mon, 5 Oct 2026 05:28:35 +0000"

eth_getBlockByNumber
eth_getBlockByNumber
eth_getLogs
eth_getBlockByNumber
eth_feeHistory
eth_simulateV1
eth_sendRawTransaction
eth_getTransactionReceipt

    Transaction: 0x611f445612d7aa053a65af51cbc67f38d3fcebee641769448ac257e465e36274
    Gas used: 96809

    Block Number: 708
    Block Hash: 0x5f1cb3c81bca1c8ac06054813124b557fcbbaa42b1eda92ec05d45f4e9d0c269
    Block Time: "Mon, 5 Oct 2026 05:28:35 +0000"

eth_getBlockByNumber
eth_getLogs
eth_getBlockByNumber

    Block Number: 709
    Block Hash: 0xa04d3883746dd22e2aa715804ea51f1a30c4001b4a3303fdb9cbb70f9ea8573b
    Block Time: "Mon, 5 Oct 2026 05:28:35 +0000"

eth_getBlockByNumber
eth_getLogs
eth_getTransactionReceipt
eth_blockNumber
eth_getTransactionReceipt
eth_getBlockByNumber
eth_getBlockByNumber
eth_blockNumber
eth_getTransactionReceipt
eth_getBlockByNumber
eth_getBlockByNumber
eth_blockNumber
eth_getTransactionReceipt

    Block Number: 710
    Block Hash: 0x6d5266c7e3eab119837542884182749bbdfcb71c1fe340d36a54c05defa66e07
    Block Time: "Mon, 5 Oct 2026 05:28:36 +0000"

eth_getBlockByNumber
eth_getBlockByNumber
eth_getLogs
eth_blockNumber
eth_getTransactionReceipt
eth_feeHistory
eth_simulateV1
eth_sendRawTransaction
eth_getTransactionReceipt

    Transaction: 0x9faf03095336946756747eedbcc0c760f6683cae4be40dc1490248981482b508
    Gas used: 171368

    Block Number: 711
    Block Hash: 0x25d281879924a6f87a8ced07e993123385ebb46b7c2ff5b83b32d38ece9a96d5
    Block Time: "Mon, 5 Oct 2026 05:28:36 +0000"

eth_getBlockByNumber
eth_getBlockByNumber
eth_getLogs
eth_getTransactionReceipt
eth_blockNumber
eth_getTransactionReceipt
eth_getBlockByNumber

    Block Number: 712
    Block Hash: 0xc18f2c470ff09104706967d0c48209418f2d9edd124df01f921c3c08424a9259
    Block Time: "Mon, 5 Oct 2026 05:28:36 +0000"

eth_getBlockByNumber
eth_getLogs
eth_blockNumber
eth_getTransactionReceipt
eth_getBlockByNumber
eth_getBlockByNumber
eth_blockNumber
eth_getTransactionReceipt
eth_getBlockByNumber
eth_getBlockByNumber
eth_blockNumber
eth_getTransactionReceipt

    Block Number: 713
    Block Hash: 0x5e5fb9d9736921e84e0124deb0d4c11256dec4b9cc2be1e73c7d302ef9a870f6
    Block Time: "Mon, 5 Oct 2026 05:28:36 +0000"

eth_getBlockByNumber
eth_getBlockByNumber
eth_getLogs
eth_blockNumber
eth_getTransactionReceipt
eth_getBlockByNumber
eth_getBlockByNumber
eth_getBlockByNumber

    Block Number: 714
    Block Hash: 0xa4d8e1241c7d6c5e99c702211005d8836cc89e9e06a5d7e816d0ac0e41294837
    Block Time: "Mon, 5 Oct 2026 05:28:36 +0000"

eth_getBlockByNumber
eth_getLogs
eth_getBlockByNumber
eth_getBlockByNumber
eth_getBlockByNumber
eth_getBlockByNumber

    Block Number: 715
    Block Hash: 0xd295116e46879f81404586054f9b81af2d44673108387c60a307e14f839f7807
    Block Time: "Mon, 5 Oct 2026 05:28:37 +0000"

eth_getBlockByNumber
eth_getBlockByNumber
eth_getLogs
eth_getBlockByNumber
eth_getBlockByNumber
eth_getBlockByNumber

    Block Number: 716
    Block Hash: 0xecc680e8e84c85dce8a049afd31b4b067626c3cc0c60fccdc4661ea0fb5f47e6
    Block Time: "Mon, 5 Oct 2026 05:28:37 +0000"

eth_getBlockByNumber
eth_getLogs
eth_getBlockByNumber
eth_getBlockByNumber
eth_getBlockByNumber
eth_getBlockByNumber

    Block Number: 717
    Block Hash: 0x77dd20b4187253d3f1fb72b8b1a8662ab36e781dc267ff471108b21067151629
    Block Time: "Mon, 5 Oct 2026 05:28:37 +0000"

eth_getBlockByNumber
eth_getBlockByNumber
eth_getLogs
eth_getBlockByNumber
eth_getBlockByNumber
eth_getBlockByNumber

    Block Number: 718
    Block Hash: 0x9e6ef845f09a69a5ec0a14f55c03a8cf0a1039b1910eb3855444c0e65d7cfcdb
    Block Time: "Mon, 5 Oct 2026 05:28:37 +0000"

eth_getBlockByNumber
eth_getLogs
eth_getBlockByNumber
eth_getBlockByNumber
eth_getBlockByNumber
eth_getBlockByNumber

    Block Number: 719
    Block Hash: 0x5a515df6f5efed72de66c7e5074d692000137d775c9fa5dcf9031332535a3115
    Block Time: "Mon, 5 Oct 2026 05:28:38 +0000"

eth_getBlockByNumber
eth_getBlockByNumber
eth_getLogs
eth_getBlockByNumber
eth_getBlockByNumber
eth_getBlockByNumber

    Block Number: 720
    Block Hash: 0x69d61c4d756fa254a06d591ff2104da019e024ad8b4b007967bbebaf3b043e6d
    Block Time: "Mon, 5 Oct 2026 05:28:38 +0000"

eth_getBlockByNumber
eth_getLogs
eth_getBlockByNumber
eth_getBlockByNumber
eth_getBlockByNumber
eth_getBlockByNumber

    Block Number: 721
    Block Hash: 0xa1d0cb4104614276bad0929e186402afb8c7582fb51700d360ab2c9ee9ced0f2
    Block Time: "Mon, 5 Oct 2026 05:28:38 +0000"

eth_getBlockByNumber
