check,proof,env,ok
AC-ERAVM-frame-closure,c1_k01/groth16/j0,eravm-29,True
AC-STRUCT-ERAVM-precompile-counts,c1_k01/groth16/j0,eravm-29,True
AC-ERAVM-frame-closure,c1_k01/groth16/j1,eravm-29,True
AC-STRUCT-ERAVM-precompile-counts,c1_k01/groth16/j1,eravm-29,True
AC-ERAVM-frame-closure,c1_k01/groth16/j2,eravm-29,True
AC-STRUCT-ERAVM-precompile-counts,c1_k01/groth16/j2,eravm-29,True
AC-ERAVM-frame-closure,c1_k01/groth16/j3,eravm-29,True
AC-STRUCT-ERAVM-precompile-counts,c1_k01/groth16/j3,eravm-29,True
AC-ERAVM-frame-closure,c1_k01/groth16/j4,eravm-29,True
AC-STRUCT-ERAVM-precompile-counts,c1_k01/groth16/j4,eravm-29,True
AC-ERAVM-frame-closure,c1_k01/groth16/j5,eravm-29,True
AC-STRUCT-ERAVM-precompile-counts,c1_k01/groth16/j5,eravm-29,True
AC-ERAVM-frame-closure,c1_k01/groth16/j6,eravm-29,True
AC-STRUCT-ERAVM-precompile-counts,c1_k01/groth16/j6,eravm-29,True
AC-ERAVM-frame-closure,c1_k01/groth16/j7,eravm-29,True
AC-STRUCT-ERAVM-precompile-counts,c1_k01/groth16/j7,eravm-29,True
AC-ERAVM-frame-closure,c1_ctx_k04/plonk/j0,eravm-29,True
AC-STRUCT-ERAVM-precompile-counts,c1_ctx_k04/plonk/j0,eravm-29,True
AC-ERAVM-frame-closure,c1_ctx_k04/plonk/j1,eravm-29,True
AC-STRUCT-ERAVM-precompile-counts,c1_ctx_k04/plonk/j1,eravm-29,True
AC-ERAVM-frame-closure,c1_ctx_k04/plonk/j2,eravm-29,True
AC-STRUCT-ERAVM-precompile-counts,c1_ctx_k04/plonk/j2,eravm-29,True
AC-ERAVM-frame-closure,c1_ctx_k04/plonk/j3,eravm-29,True
AC-STRUCT-ERAVM-precompile-counts,c1_ctx_k04/plonk/j3,eravm-29,True
AC-ERAVM-frame-closure,c1_ctx_k04/plonk/j4,eravm-29,True
AC-STRUCT-ERAVM-precompile-counts,c1_ctx_k04/plonk/j4,eravm-29,True
AC-ERAVM-frame-closure,c1_ctx_k04/plonk/j5,eravm-29,True
AC-STRUCT-ERAVM-precompile-counts,c1_ctx_k04/plonk/j5,eravm-29,True
AC-ERAVM-frame-closure,c1_ctx_k04/plonk/j6,eravm-29,True
AC-STRUCT-ERAVM-precompile-counts,c1_ctx_k04/plonk/j6,eravm-29,True
AC-ERAVM-frame-closure,c1_ctx_k04/plonk/j7,eravm-29,True
AC-STRUCT-ERAVM-precompile-counts,c1_ctx_k04/plonk/j7,eravm-29,True
AC-ERAVM-frame-closure,c1_ctx_k02/groth16/j0,eravm-29,True
AC-STRUCT-ERAVM-precompile-counts,c1_ctx_k02/groth16/j0,eravm-29,True
AC-ERAVM-frame-closure,c1_ctx_k02/groth16/j1,eravm-29,True
AC-STRUCT-ERAVM-precompile-counts,c1_ctx_k02/groth16/j1,eravm-29,True
AC-ERAVM-frame-closure,c1_ctx_k02/groth16/j2,eravm-29,True
AC-STRUCT-ERAVM-precompile-counts,c1_ctx_k02/groth16/j2,eravm-29,True
AC-ERAVM-frame-closure,c1_ctx_k02/groth16/j3,eravm-29,True
AC-STRUCT-ERAVM-precompile-counts,c1_ctx_k02/groth16/j3,eravm-29,True
AC-ERAVM-frame-closure,c1_ctx_k02/groth16/j4,eravm-29,True
AC-STRUCT-ERAVM-precompile-counts,c1_ctx_k02/groth16/j4,eravm-29,True
AC-ERAVM-frame-closure,c1_ctx_k02/groth16/j5,eravm-29,True
AC-STRUCT-ERAVM-precompile-counts,c1_ctx_k02/groth16/j5,eravm-29,True
AC-ERAVM-frame-closure,c1_ctx_k02/groth16/j6,eravm-29,True
AC-STRUCT-ERAVM-precompile-counts,c1_ctx_k02/groth16/j6,eravm-29,True
AC-ERAVM-frame-closure,c1_ctx_k02/groth16/j7,eravm-29,True
AC-STRUCT-ERAVM-precompile-counts,c1_ctx_k02/groth16/j7,eravm-29,True
AC-EVM-trace-closure,c1_ctx_k02/plonk/j0,evm-osaka,True
AC-STRUCT-EVM-precompile-counts,c1_ctx_k02/plonk/j0,evm-osaka,True
AC-STRUCT-EVM-transcript-rounds,c1_ctx_k02/plonk/j0,evm-osaka,True
AC-EVM-trace-closure,c1_ctx_k02/plonk/j1,evm-osaka,True
AC-STRUCT-EVM-precompile-counts,c1_ctx_k02/plonk/j1,evm-osaka,True
AC-STRUCT-EVM-transcript-rounds,c1_ctx_k02/plonk/j1,evm-osaka,True
AC-EVM-trace-closure,c1_ctx_k02/plonk/j2,evm-osaka,True
AC-STRUCT-EVM-precompile-counts,c1_ctx_k02/plonk/j2,evm-osaka,True
AC-STRUCT-EVM-transcript-rounds,c1_ctx_k02/plonk/j2,evm-osaka,True
AC-EVM-trace-closure,c1_ctx_k02/plonk/j3,evm-osaka,True
AC-STRUCT-EVM-precompile-counts,c1_ctx_k02/plonk/j3,evm-osaka,True
AC-STRUCT-EVM-transcript-rounds,c1_ctx_k02/plonk/j3,evm-osaka,True
AC-EVM-trace-closure,c1_ctx_k02/plonk/j4,evm-osaka,True
AC-STRUCT-EVM-precompile-counts,c1_ctx_k02/plonk/j4,evm-osaka,True
AC-STRUCT-EVM-transcript-rounds,c1_ctx_k02/plonk/j4,evm-osaka,True
AC-EVM-trace-closure,c1_ctx_k02/plonk/j5,evm-osaka,True
AC-STRUCT-EVM-precompile-counts,c1_ctx_k02/plonk/j5,evm-osaka,True
AC-STRUCT-EVM-transcript-rounds,c1_ctx_k02/plonk/j5,evm-osaka,True
AC-EVM-trace-closure,c1_ctx_k02/plonk/j6,evm-osaka,True
AC-STRUCT-EVM-precompile-counts,c1_ctx_k02/plonk/j6,evm-osaka,True
AC-STRUCT-EVM-transcript-rounds,c1_ctx_k02/plonk/j6,evm-osaka,True
AC-EVM-trace-closure,c1_ctx_k02/plonk/j7,evm-osaka,True
AC-STRUCT-EVM-precompile-counts,c1_ctx_k02/plonk/j7,evm-osaka,True
AC-STRUCT-EVM-transcript-rounds,c1_ctx_k02/plonk/j7,evm-osaka,True
AC-EVM-trace-closure,c1_k01/groth16/j0,evm-osaka,True
AC-STRUCT-EVM-precompile-counts,c1_k01/groth16/j0,evm-osaka,True
AC-STRUCT-EVM-transcript-rounds,c1_k01/groth16/j0,evm-osaka,True
AC-EVM-trace-closure,c1_k01/groth16/j1,evm-osaka,True
AC-STRUCT-EVM-precompile-counts,c1_k01/groth16/j1,evm-osaka,True
AC-STRUCT-EVM-transcript-rounds,c1_k01/groth16/j1,evm-osaka,True
AC-EVM-trace-closure,c1_k01/groth16/j2,evm-osaka,True
AC-STRUCT-EVM-precompile-counts,c1_k01/groth16/j2,evm-osaka,True
AC-STRUCT-EVM-transcript-rounds,c1_k01/groth16/j2,evm-osaka,True
AC-EVM-trace-closure,c1_k01/groth16/j3,evm-osaka,True
AC-STRUCT-EVM-precompile-counts,c1_k01/groth16/j3,evm-osaka,True
AC-STRUCT-EVM-transcript-rounds,c1_k01/groth16/j3,evm-osaka,True
AC-EVM-trace-closure,c1_k01/groth16/j4,evm-osaka,True
AC-STRUCT-EVM-precompile-counts,c1_k01/groth16/j4,evm-osaka,True
AC-STRUCT-EVM-transcript-rounds,c1_k01/groth16/j4,evm-osaka,True
AC-EVM-trace-closure,c1_k01/groth16/j5,evm-osaka,True
AC-STRUCT-EVM-precompile-counts,c1_k01/groth16/j5,evm-osaka,True
AC-STRUCT-EVM-transcript-rounds,c1_k01/groth16/j5,evm-osaka,True
AC-EVM-trace-closure,c1_k01/groth16/j6,evm-osaka,True
AC-STRUCT-EVM-precompile-counts,c1_k01/groth16/j6,evm-osaka,True
AC-STRUCT-EVM-transcript-rounds,c1_k01/groth16/j6,evm-osaka,True
AC-EVM-trace-closure,c1_k01/groth16/j7,evm-osaka,True
AC-STRUCT-EVM-precompile-counts,c1_k01/groth16/j7,evm-osaka,True
AC-STRUCT-EVM-transcript-rounds,c1_k01/groth16/j7,evm-osaka,True
AC-ERAVM-frame-closure,c1_k01/plonk/j0,eravm-29,True
AC-STRUCT-ERAVM-precompile-counts,c1_k01/plonk/j0,eravm-29,True
AC-ERAVM-frame-closure,c1_k01/plonk/j1,eravm-29,True
AC-STRUCT-ERAVM-precompile-counts,c1_k01/plonk/j1,eravm-29,True
AC-ERAVM-frame-closure,c1_k01/plonk/j2,eravm-29,True
AC-STRUCT-ERAVM-precompile-counts,c1_k01/plonk/j2,eravm-29,True
AC-ERAVM-frame-closure,c1_k01/plonk/j3,eravm-29,True
AC-STRUCT-ERAVM-precompile-counts,c1_k01/plonk/j3,eravm-29,True
AC-ERAVM-frame-closure,c1_k01/plonk/j4,eravm-29,True
AC-STRUCT-ERAVM-precompile-counts,c1_k01/plonk/j4,eravm-29,True
AC-ERAVM-frame-closure,c1_k01/plonk/j5,eravm-29,True
AC-STRUCT-ERAVM-precompile-counts,c1_k01/plonk/j5,eravm-29,True
AC-ERAVM-frame-closure,c1_k01/plonk/j6,eravm-29,True
AC-STRUCT-ERAVM-precompile-counts,c1_k01/plonk/j6,eravm-29,True
AC-ERAVM-frame-closure,c1_k01/plonk/j7,eravm-29,True
AC-STRUCT-ERAVM-precompile-counts,c1_k01/plonk/j7,eravm-29,True
AC-ERAVM-frame-closure,c1_ctx_k16/plonk/j0,eravm-29,True
AC-STRUCT-ERAVM-precompile-counts,c1_ctx_k16/plonk/j0,eravm-29,True
AC-ERAVM-frame-closure,c1_ctx_k16/plonk/j1,eravm-29,True
AC-STRUCT-ERAVM-precompile-counts,c1_ctx_k16/plonk/j1,eravm-29,True
AC-ERAVM-frame-closure,c1_ctx_k16/plonk/j2,eravm-29,True
AC-STRUCT-ERAVM-precompile-counts,c1_ctx_k16/plonk/j2,eravm-29,True
AC-ERAVM-frame-closure,c1_ctx_k16/plonk/j3,eravm-29,True
AC-STRUCT-ERAVM-precompile-counts,c1_ctx_k16/plonk/j3,eravm-29,True
AC-ERAVM-frame-closure,c1_ctx_k16/plonk/j4,eravm-29,True
AC-STRUCT-ERAVM-precompile-counts,c1_ctx_k16/plonk/j4,eravm-29,True
AC-ERAVM-frame-closure,c1_ctx_k16/plonk/j5,eravm-29,True
AC-STRUCT-ERAVM-precompile-counts,c1_ctx_k16/plonk/j5,eravm-29,True
AC-ERAVM-frame-closure,c1_ctx_k16/plonk/j6,eravm-29,True
AC-STRUCT-ERAVM-precompile-counts,c1_ctx_k16/plonk/j6,eravm-29,True
AC-ERAVM-frame-closure,c1_ctx_k16/plonk/j7,eravm-29,True
AC-STRUCT-ERAVM-precompile-counts,c1_ctx_k16/plonk/j7,eravm-29,True
AC-ERAVM-frame-closure,c1_ctx_k02/plonk/j0,eravm-29,True
AC-STRUCT-ERAVM-precompile-counts,c1_ctx_k02/plonk/j0,eravm-29,True
AC-ERAVM-frame-closure,c1_ctx_k02/plonk/j1,eravm-29,True
AC-STRUCT-ERAVM-precompile-counts,c1_ctx_k02/plonk/j1,eravm-29,True
AC-ERAVM-frame-closure,c1_ctx_k02/plonk/j2,eravm-29,True
AC-STRUCT-ERAVM-precompile-counts,c1_ctx_k02/plonk/j2,eravm-29,True
AC-ERAVM-frame-closure,c1_ctx_k02/plonk/j3,eravm-29,True
AC-STRUCT-ERAVM-precompile-counts,c1_ctx_k02/plonk/j3,eravm-29,True
AC-ERAVM-frame-closure,c1_ctx_k02/plonk/j4,eravm-29,True
AC-STRUCT-ERAVM-precompile-counts,c1_ctx_k02/plonk/j4,eravm-29,True
AC-ERAVM-frame-closure,c1_ctx_k02/plonk/j5,eravm-29,True
AC-STRUCT-ERAVM-precompile-counts,c1_ctx_k02/plonk/j5,eravm-29,True
AC-ERAVM-frame-closure,c1_ctx_k02/plonk/j6,eravm-29,True
AC-STRUCT-ERAVM-precompile-counts,c1_ctx_k02/plonk/j6,eravm-29,True
AC-ERAVM-frame-closure,c1_ctx_k02/plonk/j7,eravm-29,True
AC-STRUCT-ERAVM-precompile-counts,c1_ctx_k02/plonk/j7,eravm-29,True
AC-EVM-trace-closure,c1_ctx_k16/plonk/j0,evm-osaka,True
AC-STRUCT-EVM-precompile-counts,c1_ctx_k16/plonk/j0,evm-osaka,True
AC-STRUCT-EVM-transcript-rounds,c1_ctx_k16/plonk/j0,evm-osaka,True
AC-EVM-trace-closure,c1_ctx_k16/plonk/j1,evm-osaka,True
AC-STRUCT-EVM-precompile-counts,c1_ctx_k16/plonk/j1,evm-osaka,True
AC-STRUCT-EVM-transcript-rounds,c1_ctx_k16/plonk/j1,evm-osaka,True
AC-EVM-trace-closure,c1_ctx_k16/plonk/j2,evm-osaka,True
AC-STRUCT-EVM-precompile-counts,c1_ctx_k16/plonk/j2,evm-osaka,True
AC-STRUCT-EVM-transcript-rounds,c1_ctx_k16/plonk/j2,evm-osaka,True
AC-EVM-trace-closure,c1_ctx_k16/plonk/j3,evm-osaka,True
AC-STRUCT-EVM-precompile-counts,c1_ctx_k16/plonk/j3,evm-osaka,True
AC-STRUCT-EVM-transcript-rounds,c1_ctx_k16/plonk/j3,evm-osaka,True
AC-EVM-trace-closure,c1_ctx_k16/plonk/j4,evm-osaka,True
AC-STRUCT-EVM-precompile-counts,c1_ctx_k16/plonk/j4,evm-osaka,True
AC-STRUCT-EVM-transcript-rounds,c1_ctx_k16/plonk/j4,evm-osaka,True
AC-EVM-trace-closure,c1_ctx_k16/plonk/j5,evm-osaka,True
AC-STRUCT-EVM-precompile-counts,c1_ctx_k16/plonk/j5,evm-osaka,True
AC-STRUCT-EVM-transcript-rounds,c1_ctx_k16/plonk/j5,evm-osaka,True
AC-EVM-trace-closure,c1_ctx_k16/plonk/j6,evm-osaka,True
AC-STRUCT-EVM-precompile-counts,c1_ctx_k16/plonk/j6,evm-osaka,True
AC-STRUCT-EVM-transcript-rounds,c1_ctx_k16/plonk/j6,evm-osaka,True
AC-EVM-trace-closure,c1_ctx_k16/plonk/j7,evm-osaka,True
AC-STRUCT-EVM-precompile-counts,c1_ctx_k16/plonk/j7,evm-osaka,True
AC-STRUCT-EVM-transcript-rounds,c1_ctx_k16/plonk/j7,evm-osaka,True
AC-EVM-trace-closure,c1_ctx_k02/groth16/j0,evm-osaka,True
AC-STRUCT-EVM-precompile-counts,c1_ctx_k02/groth16/j0,evm-osaka,True
AC-STRUCT-EVM-transcript-rounds,c1_ctx_k02/groth16/j0,evm-osaka,True
AC-EVM-trace-closure,c1_ctx_k02/groth16/j1,evm-osaka,True
AC-STRUCT-EVM-precompile-counts,c1_ctx_k02/groth16/j1,evm-osaka,True
AC-STRUCT-EVM-transcript-rounds,c1_ctx_k02/groth16/j1,evm-osaka,True
AC-EVM-trace-closure,c1_ctx_k02/groth16/j2,evm-osaka,True
AC-STRUCT-EVM-precompile-counts,c1_ctx_k02/groth16/j2,evm-osaka,True
AC-STRUCT-EVM-transcript-rounds,c1_ctx_k02/groth16/j2,evm-osaka,True
AC-EVM-trace-closure,c1_ctx_k02/groth16/j3,evm-osaka,True
AC-STRUCT-EVM-precompile-counts,c1_ctx_k02/groth16/j3,evm-osaka,True
AC-STRUCT-EVM-transcript-rounds,c1_ctx_k02/groth16/j3,evm-osaka,True
AC-EVM-trace-closure,c1_ctx_k02/groth16/j4,evm-osaka,True
AC-STRUCT-EVM-precompile-counts,c1_ctx_k02/groth16/j4,evm-osaka,True
AC-STRUCT-EVM-transcript-rounds,c1_ctx_k02/groth16/j4,evm-osaka,True
AC-EVM-trace-closure,c1_ctx_k02/groth16/j5,evm-osaka,True
AC-STRUCT-EVM-precompile-counts,c1_ctx_k02/groth16/j5,evm-osaka,True
AC-STRUCT-EVM-transcript-rounds,c1_ctx_k02/groth16/j5,evm-osaka,True
AC-EVM-trace-closure,c1_ctx_k02/groth16/j6,evm-osaka,True
AC-STRUCT-EVM-precompile-counts,c1_ctx_k02/groth16/j6,evm-osaka,True
AC-STRUCT-EVM-transcript-rounds,c1_ctx_k02/groth16/j6,evm-osaka,True
AC-EVM-trace-closure,c1_ctx_k02/groth16/j7,evm-osaka,True
AC-STRUCT-EVM-precompile-counts,c1_ctx_k02/groth16/j7,evm-osaka,True
AC-STRUCT-EVM-transcript-rounds,c1_ctx_k02/groth16/j7,evm-osaka,True
AC-EVM-trace-closure,c1_ctx_k04/plonk/j0,evm-osaka,True
AC-STRUCT-EVM-precompile-counts,c1_ctx_k04/plonk/j0,evm-osaka,True
AC-STRUCT-EVM-transcript-rounds,c1_ctx_k04/plonk/j0,evm-osaka,True
AC-EVM-trace-closure,c1_ctx_k04/plonk/j1,evm-osaka,True
AC-STRUCT-EVM-precompile-counts,c1_ctx_k04/plonk/j1,evm-osaka,True
AC-STRUCT-EVM-transcript-rounds,c1_ctx_k04/plonk/j1,evm-osaka,True
AC-EVM-trace-closure,c1_ctx_k04/plonk/j2,evm-osaka,True
AC-STRUCT-EVM-precompile-counts,c1_ctx_k04/plonk/j2,evm-osaka,True
AC-STRUCT-EVM-transcript-rounds,c1_ctx_k04/plonk/j2,evm-osaka,True
AC-EVM-trace-closure,c1_ctx_k04/plonk/j3,evm-osaka,True
AC-STRUCT-EVM-precompile-counts,c1_ctx_k04/plonk/j3,evm-osaka,True
AC-STRUCT-EVM-transcript-rounds,c1_ctx_k04/plonk/j3,evm-osaka,True
AC-EVM-trace-closure,c1_ctx_k04/plonk/j4,evm-osaka,True
AC-STRUCT-EVM-precompile-counts,c1_ctx_k04/plonk/j4,evm-osaka,True
AC-STRUCT-EVM-transcript-rounds,c1_ctx_k04/plonk/j4,evm-osaka,True
AC-EVM-trace-closure,c1_ctx_k04/plonk/j5,evm-osaka,True
AC-STRUCT-EVM-precompile-counts,c1_ctx_k04/plonk/j5,evm-osaka,True
AC-STRUCT-EVM-transcript-rounds,c1_ctx_k04/plonk/j5,evm-osaka,True
AC-EVM-trace-closure,c1_ctx_k04/plonk/j6,evm-osaka,True
AC-STRUCT-EVM-precompile-counts,c1_ctx_k04/plonk/j6,evm-osaka,True
AC-STRUCT-EVM-transcript-rounds,c1_ctx_k04/plonk/j6,evm-osaka,True
AC-EVM-trace-closure,c1_ctx_k04/plonk/j7,evm-osaka,True
AC-STRUCT-EVM-precompile-counts,c1_ctx_k04/plonk/j7,evm-osaka,True
AC-STRUCT-EVM-transcript-rounds,c1_ctx_k04/plonk/j7,evm-osaka,True
AC-EVM-trace-closure,c1_ctx_k16/groth16/j0,evm-osaka,True
AC-STRUCT-EVM-precompile-counts,c1_ctx_k16/groth16/j0,evm-osaka,True
AC-STRUCT-EVM-transcript-rounds,c1_ctx_k16/groth16/j0,evm-osaka,True
AC-EVM-trace-closure,c1_ctx_k16/groth16/j1,evm-osaka,True
AC-STRUCT-EVM-precompile-counts,c1_ctx_k16/groth16/j1,evm-osaka,True
AC-STRUCT-EVM-transcript-rounds,c1_ctx_k16/groth16/j1,evm-osaka,True
AC-EVM-trace-closure,c1_ctx_k16/groth16/j2,evm-osaka,True
AC-STRUCT-EVM-precompile-counts,c1_ctx_k16/groth16/j2,evm-osaka,True
AC-STRUCT-EVM-transcript-rounds,c1_ctx_k16/groth16/j2,evm-osaka,True
AC-EVM-trace-closure,c1_ctx_k16/groth16/j3,evm-osaka,True
AC-STRUCT-EVM-precompile-counts,c1_ctx_k16/groth16/j3,evm-osaka,True
AC-STRUCT-EVM-transcript-rounds,c1_ctx_k16/groth16/j3,evm-osaka,True
AC-EVM-trace-closure,c1_ctx_k16/groth16/j4,evm-osaka,True
AC-STRUCT-EVM-precompile-counts,c1_ctx_k16/groth16/j4,evm-osaka,True
AC-STRUCT-EVM-transcript-rounds,c1_ctx_k16/groth16/j4,evm-osaka,True
AC-EVM-trace-closure,c1_ctx_k16/groth16/j5,evm-osaka,True
AC-STRUCT-EVM-precompile-counts,c1_ctx_k16/groth16/j5,evm-osaka,True
AC-STRUCT-EVM-transcript-rounds,c1_ctx_k16/groth16/j5,evm-osaka,True
AC-EVM-trace-closure,c1_ctx_k16/groth16/j6,evm-osaka,True
AC-STRUCT-EVM-precompile-counts,c1_ctx_k16/groth16/j6,evm-osaka,True
AC-STRUCT-EVM-transcript-rounds,c1_ctx_k16/groth16/j6,evm-osaka,True
AC-EVM-trace-closure,c1_ctx_k16/groth16/j7,evm-osaka,True
AC-STRUCT-EVM-precompile-counts,c1_ctx_k16/groth16/j7,evm-osaka,True
AC-STRUCT-EVM-transcript-rounds,c1_ctx_k16/groth16/j7,evm-osaka,True
AC-ERAVM-frame-closure,c1_ctx_k04/groth16/j0,eravm-29,True
AC-STRUCT-ERAVM-precompile-counts,c1_ctx_k04/groth16/j0,eravm-29,True
AC-ERAVM-frame-closure,c1_ctx_k04/groth16/j1,eravm-29,True
AC-STRUCT-ERAVM-precompile-counts,c1_ctx_k04/groth16/j1,eravm-29,True
AC-ERAVM-frame-closure,c1_ctx_k04/groth16/j2,eravm-29,True
AC-STRUCT-ERAVM-precompile-counts,c1_ctx_k04/groth16/j2,eravm-29,True
AC-ERAVM-frame-closure,c1_ctx_k04/groth16/j3,eravm-29,True
AC-STRUCT-ERAVM-precompile-counts,c1_ctx_k04/groth16/j3,eravm-29,True
AC-ERAVM-frame-closure,c1_ctx_k04/groth16/j4,eravm-29,True
AC-STRUCT-ERAVM-precompile-counts,c1_ctx_k04/groth16/j4,eravm-29,True
AC-ERAVM-frame-closure,c1_ctx_k04/groth16/j5,eravm-29,True
AC-STRUCT-ERAVM-precompile-counts,c1_ctx_k04/groth16/j5,eravm-29,True
AC-ERAVM-frame-closure,c1_ctx_k04/groth16/j6,eravm-29,True
AC-STRUCT-ERAVM-precompile-counts,c1_ctx_k04/groth16/j6,eravm-29,True
AC-ERAVM-frame-closure,c1_ctx_k04/groth16/j7,eravm-29,True
AC-STRUCT-ERAVM-precompile-counts,c1_ctx_k04/groth16/j7,eravm-29,True
AC-EVM-trace-closure,c1_k01/plonk/j0,evm-osaka,True
AC-STRUCT-EVM-precompile-counts,c1_k01/plonk/j0,evm-osaka,True
AC-STRUCT-EVM-transcript-rounds,c1_k01/plonk/j0,evm-osaka,True
AC-EVM-trace-closure,c1_k01/plonk/j1,evm-osaka,True
AC-STRUCT-EVM-precompile-counts,c1_k01/plonk/j1,evm-osaka,True
AC-STRUCT-EVM-transcript-rounds,c1_k01/plonk/j1,evm-osaka,True
AC-EVM-trace-closure,c1_k01/plonk/j2,evm-osaka,True
AC-STRUCT-EVM-precompile-counts,c1_k01/plonk/j2,evm-osaka,True
AC-STRUCT-EVM-transcript-rounds,c1_k01/plonk/j2,evm-osaka,True
AC-EVM-trace-closure,c1_k01/plonk/j3,evm-osaka,True
AC-STRUCT-EVM-precompile-counts,c1_k01/plonk/j3,evm-osaka,True
AC-STRUCT-EVM-transcript-rounds,c1_k01/plonk/j3,evm-osaka,True
AC-EVM-trace-closure,c1_k01/plonk/j4,evm-osaka,True
AC-STRUCT-EVM-precompile-counts,c1_k01/plonk/j4,evm-osaka,True
AC-STRUCT-EVM-transcript-rounds,c1_k01/plonk/j4,evm-osaka,True
AC-EVM-trace-closure,c1_k01/plonk/j5,evm-osaka,True
AC-STRUCT-EVM-precompile-counts,c1_k01/plonk/j5,evm-osaka,True
AC-STRUCT-EVM-transcript-rounds,c1_k01/plonk/j5,evm-osaka,True
AC-EVM-trace-closure,c1_k01/plonk/j6,evm-osaka,True
AC-STRUCT-EVM-precompile-counts,c1_k01/plonk/j6,evm-osaka,True
AC-STRUCT-EVM-transcript-rounds,c1_k01/plonk/j6,evm-osaka,True
AC-EVM-trace-closure,c1_k01/plonk/j7,evm-osaka,True
AC-STRUCT-EVM-precompile-counts,c1_k01/plonk/j7,evm-osaka,True
AC-STRUCT-EVM-transcript-rounds,c1_k01/plonk/j7,evm-osaka,True
AC-ERAVM-frame-closure,c1_ctx_k16/groth16/j0,eravm-29,True
AC-STRUCT-ERAVM-precompile-counts,c1_ctx_k16/groth16/j0,eravm-29,True
AC-ERAVM-frame-closure,c1_ctx_k16/groth16/j1,eravm-29,True
AC-STRUCT-ERAVM-precompile-counts,c1_ctx_k16/groth16/j1,eravm-29,True
AC-ERAVM-frame-closure,c1_ctx_k16/groth16/j2,eravm-29,True
AC-STRUCT-ERAVM-precompile-counts,c1_ctx_k16/groth16/j2,eravm-29,True
AC-ERAVM-frame-closure,c1_ctx_k16/groth16/j3,eravm-29,True
AC-STRUCT-ERAVM-precompile-counts,c1_ctx_k16/groth16/j3,eravm-29,True
AC-ERAVM-frame-closure,c1_ctx_k16/groth16/j4,eravm-29,True
AC-STRUCT-ERAVM-precompile-counts,c1_ctx_k16/groth16/j4,eravm-29,True
AC-ERAVM-frame-closure,c1_ctx_k16/groth16/j5,eravm-29,True
AC-STRUCT-ERAVM-precompile-counts,c1_ctx_k16/groth16/j5,eravm-29,True
AC-ERAVM-frame-closure,c1_ctx_k16/groth16/j6,eravm-29,True
AC-STRUCT-ERAVM-precompile-counts,c1_ctx_k16/groth16/j6,eravm-29,True
AC-ERAVM-frame-closure,c1_ctx_k16/groth16/j7,eravm-29,True
AC-STRUCT-ERAVM-precompile-counts,c1_ctx_k16/groth16/j7,eravm-29,True
AC-EVM-trace-closure,c1_ctx_k04/groth16/j0,evm-osaka,True
AC-STRUCT-EVM-precompile-counts,c1_ctx_k04/groth16/j0,evm-osaka,True
AC-STRUCT-EVM-transcript-rounds,c1_ctx_k04/groth16/j0,evm-osaka,True
AC-EVM-trace-closure,c1_ctx_k04/groth16/j1,evm-osaka,True
AC-STRUCT-EVM-precompile-counts,c1_ctx_k04/groth16/j1,evm-osaka,True
AC-STRUCT-EVM-transcript-rounds,c1_ctx_k04/groth16/j1,evm-osaka,True
AC-EVM-trace-closure,c1_ctx_k04/groth16/j2,evm-osaka,True
AC-STRUCT-EVM-precompile-counts,c1_ctx_k04/groth16/j2,evm-osaka,True
AC-STRUCT-EVM-transcript-rounds,c1_ctx_k04/groth16/j2,evm-osaka,True
AC-EVM-trace-closure,c1_ctx_k04/groth16/j3,evm-osaka,True
AC-STRUCT-EVM-precompile-counts,c1_ctx_k04/groth16/j3,evm-osaka,True
AC-STRUCT-EVM-transcript-rounds,c1_ctx_k04/groth16/j3,evm-osaka,True
AC-EVM-trace-closure,c1_ctx_k04/groth16/j4,evm-osaka,True
AC-STRUCT-EVM-precompile-counts,c1_ctx_k04/groth16/j4,evm-osaka,True
AC-STRUCT-EVM-transcript-rounds,c1_ctx_k04/groth16/j4,evm-osaka,True
AC-EVM-trace-closure,c1_ctx_k04/groth16/j5,evm-osaka,True
AC-STRUCT-EVM-precompile-counts,c1_ctx_k04/groth16/j5,evm-osaka,True
AC-STRUCT-EVM-transcript-rounds,c1_ctx_k04/groth16/j5,evm-osaka,True
AC-EVM-trace-closure,c1_ctx_k04/groth16/j6,evm-osaka,True
AC-STRUCT-EVM-precompile-counts,c1_ctx_k04/groth16/j6,evm-osaka,True
AC-STRUCT-EVM-transcript-rounds,c1_ctx_k04/groth16/j6,evm-osaka,True
AC-EVM-trace-closure,c1_ctx_k04/groth16/j7,evm-osaka,True
AC-STRUCT-EVM-precompile-counts,c1_ctx_k04/groth16/j7,evm-osaka,True
AC-STRUCT-EVM-transcript-rounds,c1_ctx_k04/groth16/j7,evm-osaka,True
AC-ERAVM-frame-closure,c1_a8/groth16/j0,eravm-29,True
AC-STRUCT-ERAVM-precompile-counts,c1_a8/groth16/j0,eravm-29,True
AC-ERAVM-frame-closure,c1_a8/groth16/j1,eravm-29,True
AC-STRUCT-ERAVM-precompile-counts,c1_a8/groth16/j1,eravm-29,True
AC-ERAVM-frame-closure,c1_a8/groth16/j2,eravm-29,True
AC-STRUCT-ERAVM-precompile-counts,c1_a8/groth16/j2,eravm-29,True
AC-ERAVM-frame-closure,c1_a8/groth16/j3,eravm-29,True
AC-STRUCT-ERAVM-precompile-counts,c1_a8/groth16/j3,eravm-29,True
AC-ERAVM-frame-closure,c1_a8/groth16/j4,eravm-29,True
AC-STRUCT-ERAVM-precompile-counts,c1_a8/groth16/j4,eravm-29,True
AC-ERAVM-frame-closure,c1_a8/groth16/j5,eravm-29,True
AC-STRUCT-ERAVM-precompile-counts,c1_a8/groth16/j5,eravm-29,True
AC-ERAVM-frame-closure,c1_a8/groth16/j6,eravm-29,True
AC-STRUCT-ERAVM-precompile-counts,c1_a8/groth16/j6,eravm-29,True
AC-ERAVM-frame-closure,c1_a8/groth16/j7,eravm-29,True
AC-STRUCT-ERAVM-precompile-counts,c1_a8/groth16/j7,eravm-29,True
AC-ERAVM-frame-closure,c1_ctx_k04/groth16/j0,eravm-27,True
AC-STRUCT-ERAVM-precompile-counts,c1_ctx_k04/groth16/j0,eravm-27,True
AC-ERAVM-frame-closure,c1_ctx_k04/groth16/j1,eravm-27,True
AC-STRUCT-ERAVM-precompile-counts,c1_ctx_k04/groth16/j1,eravm-27,True
AC-ERAVM-frame-closure,c1_ctx_k04/groth16/j2,eravm-27,True
AC-STRUCT-ERAVM-precompile-counts,c1_ctx_k04/groth16/j2,eravm-27,True
AC-ERAVM-frame-closure,c1_ctx_k04/groth16/j3,eravm-27,True
AC-STRUCT-ERAVM-precompile-counts,c1_ctx_k04/groth16/j3,eravm-27,True
AC-ERAVM-frame-closure,c1_ctx_k04/groth16/j4,eravm-27,True
AC-STRUCT-ERAVM-precompile-counts,c1_ctx_k04/groth16/j4,eravm-27,True
AC-ERAVM-frame-closure,c1_ctx_k04/groth16/j5,eravm-27,True
AC-STRUCT-ERAVM-precompile-counts,c1_ctx_k04/groth16/j5,eravm-27,True
AC-ERAVM-frame-closure,c1_ctx_k04/groth16/j6,eravm-27,True
AC-STRUCT-ERAVM-precompile-counts,c1_ctx_k04/groth16/j6,eravm-27,True
AC-ERAVM-frame-closure,c1_ctx_k04/groth16/j7,eravm-27,True
AC-STRUCT-ERAVM-precompile-counts,c1_ctx_k04/groth16/j7,eravm-27,True
AC-ERAVM-frame-closure,c1_ctx_k06/groth16/j0,eravm-27,True
AC-STRUCT-ERAVM-precompile-counts,c1_ctx_k06/groth16/j0,eravm-27,True
AC-ERAVM-frame-closure,c1_ctx_k06/groth16/j1,eravm-27,True
AC-STRUCT-ERAVM-precompile-counts,c1_ctx_k06/groth16/j1,eravm-27,True
AC-ERAVM-frame-closure,c1_ctx_k06/groth16/j2,eravm-27,True
AC-STRUCT-ERAVM-precompile-counts,c1_ctx_k06/groth16/j2,eravm-27,True
AC-ERAVM-frame-closure,c1_ctx_k06/groth16/j3,eravm-27,True
AC-STRUCT-ERAVM-precompile-counts,c1_ctx_k06/groth16/j3,eravm-27,True
AC-ERAVM-frame-closure,c1_ctx_k06/groth16/j4,eravm-27,True
AC-STRUCT-ERAVM-precompile-counts,c1_ctx_k06/groth16/j4,eravm-27,True
AC-ERAVM-frame-closure,c1_ctx_k06/groth16/j5,eravm-27,True
AC-STRUCT-ERAVM-precompile-counts,c1_ctx_k06/groth16/j5,eravm-27,True
AC-ERAVM-frame-closure,c1_ctx_k06/groth16/j6,eravm-27,True
AC-STRUCT-ERAVM-precompile-counts,c1_ctx_k06/groth16/j6,eravm-27,True
AC-ERAVM-frame-closure,c1_ctx_k06/groth16/j7,eravm-27,True
AC-STRUCT-ERAVM-precompile-counts,c1_ctx_k06/groth16/j7,eravm-27,True
AC-ERAVM-frame-closure,c1_ctx_k12/plonk/j0,eravm-29,True
AC-STRUCT-ERAVM-precompile-counts,c1_ctx_k12/plonk/j0,eravm-29,True
AC-ERAVM-frame-closure,c1_ctx_k12/plonk/j1,eravm-29,True
AC-STRUCT-ERAVM-precompile-counts,c1_ctx_k12/plonk/j1,eravm-29,True
AC-ERAVM-frame-closure,c1_ctx_k12/plonk/j2,eravm-29,True
AC-STRUCT-ERAVM-precompile-counts,c1_ctx_k12/plonk/j2,eravm-29,True
AC-ERAVM-frame-closure,c1_ctx_k12/plonk/j3,eravm-29,True
AC-STRUCT-ERAVM-precompile-counts,c1_ctx_k12/plonk/j3,eravm-29,True
AC-ERAVM-frame-closure,c1_ctx_k12/plonk/j4,eravm-29,True
AC-STRUCT-ERAVM-precompile-counts,c1_ctx_k12/plonk/j4,eravm-29,True
AC-ERAVM-frame-closure,c1_ctx_k12/plonk/j5,eravm-29,True
AC-STRUCT-ERAVM-precompile-counts,c1_ctx_k12/plonk/j5,eravm-29,True
AC-ERAVM-frame-closure,c1_ctx_k12/plonk/j6,eravm-29,True
AC-STRUCT-ERAVM-precompile-counts,c1_ctx_k12/plonk/j6,eravm-29,True
AC-ERAVM-frame-closure,c1_ctx_k12/plonk/j7,eravm-29,True
AC-STRUCT-ERAVM-precompile-counts,c1_ctx_k12/plonk/j7,eravm-29,True
AC-ERAVM-frame-closure,c1_k01/groth16/j0,eravm-27,True
AC-STRUCT-ERAVM-precompile-counts,c1_k01/groth16/j0,eravm-27,True
AC-ERAVM-frame-closure,c1_k01/groth16/j1,eravm-27,True
AC-STRUCT-ERAVM-precompile-counts,c1_k01/groth16/j1,eravm-27,True
AC-ERAVM-frame-closure,c1_k01/groth16/j2,eravm-27,True
AC-STRUCT-ERAVM-precompile-counts,c1_k01/groth16/j2,eravm-27,True
AC-ERAVM-frame-closure,c1_k01/groth16/j3,eravm-27,True
AC-STRUCT-ERAVM-precompile-counts,c1_k01/groth16/j3,eravm-27,True
AC-ERAVM-frame-closure,c1_k01/groth16/j4,eravm-27,True
AC-STRUCT-ERAVM-precompile-counts,c1_k01/groth16/j4,eravm-27,True
AC-ERAVM-frame-closure,c1_k01/groth16/j5,eravm-27,True
AC-STRUCT-ERAVM-precompile-counts,c1_k01/groth16/j5,eravm-27,True
AC-ERAVM-frame-closure,c1_k01/groth16/j6,eravm-27,True
AC-STRUCT-ERAVM-precompile-counts,c1_k01/groth16/j6,eravm-27,True
AC-ERAVM-frame-closure,c1_k01/groth16/j7,eravm-27,True
AC-STRUCT-ERAVM-precompile-counts,c1_k01/groth16/j7,eravm-27,True
AC-EVM-trace-closure,c1_disc_k04/groth16/j0,evm-osaka,True
AC-STRUCT-EVM-precompile-counts,c1_disc_k04/groth16/j0,evm-osaka,True
AC-STRUCT-EVM-transcript-rounds,c1_disc_k04/groth16/j0,evm-osaka,True
AC-EVM-trace-closure,c1_disc_k04/groth16/j1,evm-osaka,True
AC-STRUCT-EVM-precompile-counts,c1_disc_k04/groth16/j1,evm-osaka,True
AC-STRUCT-EVM-transcript-rounds,c1_disc_k04/groth16/j1,evm-osaka,True
AC-EVM-trace-closure,c1_disc_k04/groth16/j2,evm-osaka,True
AC-STRUCT-EVM-precompile-counts,c1_disc_k04/groth16/j2,evm-osaka,True
AC-STRUCT-EVM-transcript-rounds,c1_disc_k04/groth16/j2,evm-osaka,True
AC-EVM-trace-closure,c1_disc_k04/groth16/j3,evm-osaka,True
AC-STRUCT-EVM-precompile-counts,c1_disc_k04/groth16/j3,evm-osaka,True
AC-STRUCT-EVM-transcript-rounds,c1_disc_k04/groth16/j3,evm-osaka,True
AC-EVM-trace-closure,c1_disc_k04/groth16/j4,evm-osaka,True
AC-STRUCT-EVM-precompile-counts,c1_disc_k04/groth16/j4,evm-osaka,True
AC-STRUCT-EVM-transcript-rounds,c1_disc_k04/groth16/j4,evm-osaka,True
AC-EVM-trace-closure,c1_disc_k04/groth16/j5,evm-osaka,True
AC-STRUCT-EVM-precompile-counts,c1_disc_k04/groth16/j5,evm-osaka,True
AC-STRUCT-EVM-transcript-rounds,c1_disc_k04/groth16/j5,evm-osaka,True
AC-EVM-trace-closure,c1_disc_k04/groth16/j6,evm-osaka,True
AC-STRUCT-EVM-precompile-counts,c1_disc_k04/groth16/j6,evm-osaka,True
AC-STRUCT-EVM-transcript-rounds,c1_disc_k04/groth16/j6,evm-osaka,True
AC-EVM-trace-closure,c1_disc_k04/groth16/j7,evm-osaka,True
AC-STRUCT-EVM-precompile-counts,c1_disc_k04/groth16/j7,evm-osaka,True
AC-STRUCT-EVM-transcript-rounds,c1_disc_k04/groth16/j7,evm-osaka,True
AC-EVM-trace-closure,c1_disc_k04/plonk/j0,evm-osaka,True
AC-STRUCT-EVM-precompile-counts,c1_disc_k04/plonk/j0,evm-osaka,True
AC-STRUCT-EVM-transcript-rounds,c1_disc_k04/plonk/j0,evm-osaka,True
AC-EVM-trace-closure,c1_disc_k04/plonk/j1,evm-osaka,True
AC-STRUCT-EVM-precompile-counts,c1_disc_k04/plonk/j1,evm-osaka,True
AC-STRUCT-EVM-transcript-rounds,c1_disc_k04/plonk/j1,evm-osaka,True
AC-EVM-trace-closure,c1_disc_k04/plonk/j2,evm-osaka,True
AC-STRUCT-EVM-precompile-counts,c1_disc_k04/plonk/j2,evm-osaka,True
AC-STRUCT-EVM-transcript-rounds,c1_disc_k04/plonk/j2,evm-osaka,True
AC-EVM-trace-closure,c1_disc_k04/plonk/j3,evm-osaka,True
AC-STRUCT-EVM-precompile-counts,c1_disc_k04/plonk/j3,evm-osaka,True
AC-STRUCT-EVM-transcript-rounds,c1_disc_k04/plonk/j3,evm-osaka,True
AC-EVM-trace-closure,c1_disc_k04/plonk/j4,evm-osaka,True
AC-STRUCT-EVM-precompile-counts,c1_disc_k04/plonk/j4,evm-osaka,True
AC-STRUCT-EVM-transcript-rounds,c1_disc_k04/plonk/j4,evm-osaka,True
AC-EVM-trace-closure,c1_disc_k04/plonk/j5,evm-osaka,True
AC-STRUCT-EVM-precompile-counts,c1_disc_k04/plonk/j5,evm-osaka,True
AC-STRUCT-EVM-transcript-rounds,c1_disc_k04/plonk/j5,evm-osaka,True
AC-EVM-trace-closure,c1_disc_k04/plonk/j6,evm-osaka,True
AC-STRUCT-EVM-precompile-counts,c1_disc_k04/plonk/j6,evm-osaka,True
AC-STRUCT-EVM-transcript-rounds,c1_disc_k04/plonk/j6,evm-osaka,True
AC-EVM-trace-closure,c1_disc_k04/plonk/j7,evm-osaka,True
AC-STRUCT-EVM-precompile-counts,c1_disc_k04/plonk/j7,evm-osaka,True
AC-STRUCT-EVM-transcript-rounds,c1_disc_k04/plonk/j7,evm-osaka,True
AC-ERAVM-frame-closure,c1_a4/groth16/j0,eravm-29,True
AC-STRUCT-ERAVM-precompile-counts,c1_a4/groth16/j0,eravm-29,True
AC-ERAVM-frame-closure,c1_a4/groth16/j1,eravm-29,True
AC-STRUCT-ERAVM-precompile-counts,c1_a4/groth16/j1,eravm-29,True
AC-ERAVM-frame-closure,c1_a4/groth16/j2,eravm-29,True
AC-STRUCT-ERAVM-precompile-counts,c1_a4/groth16/j2,eravm-29,True
AC-ERAVM-frame-closure,c1_a4/groth16/j3,eravm-29,True
AC-STRUCT-ERAVM-precompile-counts,c1_a4/groth16/j3,eravm-29,True
AC-ERAVM-frame-closure,c1_a4/groth16/j4,eravm-29,True
AC-STRUCT-ERAVM-precompile-counts,c1_a4/groth16/j4,eravm-29,True
AC-ERAVM-frame-closure,c1_a4/groth16/j5,eravm-29,True
AC-STRUCT-ERAVM-precompile-counts,c1_a4/groth16/j5,eravm-29,True
AC-ERAVM-frame-closure,c1_a4/groth16/j6,eravm-29,True
AC-STRUCT-ERAVM-precompile-counts,c1_a4/groth16/j6,eravm-29,True
AC-ERAVM-frame-closure,c1_a4/groth16/j7,eravm-29,True
AC-STRUCT-ERAVM-precompile-counts,c1_a4/groth16/j7,eravm-29,True
AC-ERAVM-frame-closure,c1_ctx_k16/groth16/j0,eravm-27,True
AC-STRUCT-ERAVM-precompile-counts,c1_ctx_k16/groth16/j0,eravm-27,True
AC-ERAVM-frame-closure,c1_ctx_k16/groth16/j1,eravm-27,True
AC-STRUCT-ERAVM-precompile-counts,c1_ctx_k16/groth16/j1,eravm-27,True
AC-ERAVM-frame-closure,c1_ctx_k16/groth16/j2,eravm-27,True
AC-STRUCT-ERAVM-precompile-counts,c1_ctx_k16/groth16/j2,eravm-27,True
AC-ERAVM-frame-closure,c1_ctx_k16/groth16/j3,eravm-27,True
AC-STRUCT-ERAVM-precompile-counts,c1_ctx_k16/groth16/j3,eravm-27,True
AC-ERAVM-frame-closure,c1_ctx_k16/groth16/j4,eravm-27,True
AC-STRUCT-ERAVM-precompile-counts,c1_ctx_k16/groth16/j4,eravm-27,True
AC-ERAVM-frame-closure,c1_ctx_k16/groth16/j5,eravm-27,True
AC-STRUCT-ERAVM-precompile-counts,c1_ctx_k16/groth16/j5,eravm-27,True
AC-ERAVM-frame-closure,c1_ctx_k16/groth16/j6,eravm-27,True
AC-STRUCT-ERAVM-precompile-counts,c1_ctx_k16/groth16/j6,eravm-27,True
AC-ERAVM-frame-closure,c1_ctx_k16/groth16/j7,eravm-27,True
AC-STRUCT-ERAVM-precompile-counts,c1_ctx_k16/groth16/j7,eravm-27,True
AC-EVM-trace-closure,c1_ctx_k12/plonk/j0,evm-osaka,True
AC-STRUCT-EVM-precompile-counts,c1_ctx_k12/plonk/j0,evm-osaka,True
AC-STRUCT-EVM-transcript-rounds,c1_ctx_k12/plonk/j0,evm-osaka,True
AC-EVM-trace-closure,c1_ctx_k12/plonk/j1,evm-osaka,True
AC-STRUCT-EVM-precompile-counts,c1_ctx_k12/plonk/j1,evm-osaka,True
AC-STRUCT-EVM-transcript-rounds,c1_ctx_k12/plonk/j1,evm-osaka,True
AC-EVM-trace-closure,c1_ctx_k12/plonk/j2,evm-osaka,True
AC-STRUCT-EVM-precompile-counts,c1_ctx_k12/plonk/j2,evm-osaka,True
AC-STRUCT-EVM-transcript-rounds,c1_ctx_k12/plonk/j2,evm-osaka,True
AC-EVM-trace-closure,c1_ctx_k12/plonk/j3,evm-osaka,True
AC-STRUCT-EVM-precompile-counts,c1_ctx_k12/plonk/j3,evm-osaka,True
AC-STRUCT-EVM-transcript-rounds,c1_ctx_k12/plonk/j3,evm-osaka,True
AC-EVM-trace-closure,c1_ctx_k12/plonk/j4,evm-osaka,True
AC-STRUCT-EVM-precompile-counts,c1_ctx_k12/plonk/j4,evm-osaka,True
AC-STRUCT-EVM-transcript-rounds,c1_ctx_k12/plonk/j4,evm-osaka,True
AC-EVM-trace-closure,c1_ctx_k12/plonk/j5,evm-osaka,True
AC-STRUCT-EVM-precompile-counts,c1_ctx_k12/plonk/j5,evm-osaka,True
AC-STRUCT-EVM-transcript-rounds,c1_ctx_k12/plonk/j5,evm-osaka,True
AC-EVM-trace-closure,c1_ctx_k12/plonk/j6,evm-osaka,True
AC-STRUCT-EVM-precompile-counts,c1_ctx_k12/plonk/j6,evm-osaka,True
AC-STRUCT-EVM-transcript-rounds,c1_ctx_k12/plonk/j6,evm-osaka,True
AC-EVM-trace-closure,c1_ctx_k12/plonk/j7,evm-osaka,True
AC-STRUCT-EVM-precompile-counts,c1_ctx_k12/plonk/j7,evm-osaka,True
AC-STRUCT-EVM-transcript-rounds,c1_ctx_k12/plonk/j7,evm-osaka,True
AC-EVM-trace-closure,c1_a8/groth16/j0,evm-osaka,True
AC-STRUCT-EVM-precompile-counts,c1_a8/groth16/j0,evm-osaka,True
AC-STRUCT-EVM-transcript-rounds,c1_a8/groth16/j0,evm-osaka,True
AC-EVM-trace-closure,c1_a8/groth16/j1,evm-osaka,True
AC-STRUCT-EVM-precompile-counts,c1_a8/groth16/j1,evm-osaka,True
AC-STRUCT-EVM-transcript-rounds,c1_a8/groth16/j1,evm-osaka,True
AC-EVM-trace-closure,c1_a8/groth16/j2,evm-osaka,True
AC-STRUCT-EVM-precompile-counts,c1_a8/groth16/j2,evm-osaka,True
AC-STRUCT-EVM-transcript-rounds,c1_a8/groth16/j2,evm-osaka,True
AC-EVM-trace-closure,c1_a8/groth16/j3,evm-osaka,True
AC-STRUCT-EVM-precompile-counts,c1_a8/groth16/j3,evm-osaka,True
AC-STRUCT-EVM-transcript-rounds,c1_a8/groth16/j3,evm-osaka,True
AC-EVM-trace-closure,c1_a8/groth16/j4,evm-osaka,True
AC-STRUCT-EVM-precompile-counts,c1_a8/groth16/j4,evm-osaka,True
AC-STRUCT-EVM-transcript-rounds,c1_a8/groth16/j4,evm-osaka,True
AC-EVM-trace-closure,c1_a8/groth16/j5,evm-osaka,True
AC-STRUCT-EVM-precompile-counts,c1_a8/groth16/j5,evm-osaka,True
AC-STRUCT-EVM-transcript-rounds,c1_a8/groth16/j5,evm-osaka,True
AC-EVM-trace-closure,c1_a8/groth16/j6,evm-osaka,True
AC-STRUCT-EVM-precompile-counts,c1_a8/groth16/j6,evm-osaka,True
AC-STRUCT-EVM-transcript-rounds,c1_a8/groth16/j6,evm-osaka,True
AC-EVM-trace-closure,c1_a8/groth16/j7,evm-osaka,True
AC-STRUCT-EVM-precompile-counts,c1_a8/groth16/j7,evm-osaka,True
AC-STRUCT-EVM-transcript-rounds,c1_a8/groth16/j7,evm-osaka,True
AC-ERAVM-frame-closure,c1_ctx_k08/groth16/j0,eravm-27,True
AC-STRUCT-ERAVM-precompile-counts,c1_ctx_k08/groth16/j0,eravm-27,True
AC-ERAVM-frame-closure,c1_ctx_k08/groth16/j1,eravm-27,True
AC-STRUCT-ERAVM-precompile-counts,c1_ctx_k08/groth16/j1,eravm-27,True
AC-ERAVM-frame-closure,c1_ctx_k08/groth16/j2,eravm-27,True
AC-STRUCT-ERAVM-precompile-counts,c1_ctx_k08/groth16/j2,eravm-27,True
AC-ERAVM-frame-closure,c1_ctx_k08/groth16/j3,eravm-27,True
AC-STRUCT-ERAVM-precompile-counts,c1_ctx_k08/groth16/j3,eravm-27,True
AC-ERAVM-frame-closure,c1_ctx_k08/groth16/j4,eravm-27,True
AC-STRUCT-ERAVM-precompile-counts,c1_ctx_k08/groth16/j4,eravm-27,True
AC-ERAVM-frame-closure,c1_ctx_k08/groth16/j5,eravm-27,True
AC-STRUCT-ERAVM-precompile-counts,c1_ctx_k08/groth16/j5,eravm-27,True
AC-ERAVM-frame-closure,c1_ctx_k08/groth16/j6,eravm-27,True
AC-STRUCT-ERAVM-precompile-counts,c1_ctx_k08/groth16/j6,eravm-27,True
AC-ERAVM-frame-closure,c1_ctx_k08/groth16/j7,eravm-27,True
AC-STRUCT-ERAVM-precompile-counts,c1_ctx_k08/groth16/j7,eravm-27,True
AC-ERAVM-frame-closure,c1_ctx_k32/plonk/j0,eravm-29,True
AC-STRUCT-ERAVM-precompile-counts,c1_ctx_k32/plonk/j0,eravm-29,True
AC-ERAVM-frame-closure,c1_ctx_k32/plonk/j1,eravm-29,True
AC-STRUCT-ERAVM-precompile-counts,c1_ctx_k32/plonk/j1,eravm-29,True
AC-ERAVM-frame-closure,c1_ctx_k32/plonk/j2,eravm-29,True
AC-STRUCT-ERAVM-precompile-counts,c1_ctx_k32/plonk/j2,eravm-29,True
AC-ERAVM-frame-closure,c1_ctx_k32/plonk/j3,eravm-29,True
AC-STRUCT-ERAVM-precompile-counts,c1_ctx_k32/plonk/j3,eravm-29,True
AC-ERAVM-frame-closure,c1_ctx_k32/plonk/j4,eravm-29,True
AC-STRUCT-ERAVM-precompile-counts,c1_ctx_k32/plonk/j4,eravm-29,True
AC-ERAVM-frame-closure,c1_ctx_k32/plonk/j5,eravm-29,True
AC-STRUCT-ERAVM-precompile-counts,c1_ctx_k32/plonk/j5,eravm-29,True
AC-ERAVM-frame-closure,c1_ctx_k32/plonk/j6,eravm-29,True
AC-STRUCT-ERAVM-precompile-counts,c1_ctx_k32/plonk/j6,eravm-29,True
AC-ERAVM-frame-closure,c1_ctx_k32/plonk/j7,eravm-29,True
AC-STRUCT-ERAVM-precompile-counts,c1_ctx_k32/plonk/j7,eravm-29,True
AC-ERAVM-frame-closure,c1_ctx_k12/groth16/j0,eravm-29,True
AC-STRUCT-ERAVM-precompile-counts,c1_ctx_k12/groth16/j0,eravm-29,True
AC-ERAVM-frame-closure,c1_ctx_k12/groth16/j1,eravm-29,True
AC-STRUCT-ERAVM-precompile-counts,c1_ctx_k12/groth16/j1,eravm-29,True
AC-ERAVM-frame-closure,c1_ctx_k12/groth16/j2,eravm-29,True
AC-STRUCT-ERAVM-precompile-counts,c1_ctx_k12/groth16/j2,eravm-29,True
AC-ERAVM-frame-closure,c1_ctx_k12/groth16/j3,eravm-29,True
AC-STRUCT-ERAVM-precompile-counts,c1_ctx_k12/groth16/j3,eravm-29,True
AC-ERAVM-frame-closure,c1_ctx_k12/groth16/j4,eravm-29,True
AC-STRUCT-ERAVM-precompile-counts,c1_ctx_k12/groth16/j4,eravm-29,True
AC-ERAVM-frame-closure,c1_ctx_k12/groth16/j5,eravm-29,True
AC-STRUCT-ERAVM-precompile-counts,c1_ctx_k12/groth16/j5,eravm-29,True
AC-ERAVM-frame-closure,c1_ctx_k12/groth16/j6,eravm-29,True
AC-STRUCT-ERAVM-precompile-counts,c1_ctx_k12/groth16/j6,eravm-29,True
AC-ERAVM-frame-closure,c1_ctx_k12/groth16/j7,eravm-29,True
AC-STRUCT-ERAVM-precompile-counts,c1_ctx_k12/groth16/j7,eravm-29,True
AC-EVM-trace-closure,c1_ctx_k06/groth16/j0,evm-osaka,True
AC-STRUCT-EVM-precompile-counts,c1_ctx_k06/groth16/j0,evm-osaka,True
AC-STRUCT-EVM-transcript-rounds,c1_ctx_k06/groth16/j0,evm-osaka,True
AC-EVM-trace-closure,c1_ctx_k06/groth16/j1,evm-osaka,True
AC-STRUCT-EVM-precompile-counts,c1_ctx_k06/groth16/j1,evm-osaka,True
AC-STRUCT-EVM-transcript-rounds,c1_ctx_k06/groth16/j1,evm-osaka,True
AC-EVM-trace-closure,c1_ctx_k06/groth16/j2,evm-osaka,True
AC-STRUCT-EVM-precompile-counts,c1_ctx_k06/groth16/j2,evm-osaka,True
AC-STRUCT-EVM-transcript-rounds,c1_ctx_k06/groth16/j2,evm-osaka,True
AC-EVM-trace-closure,c1_ctx_k06/groth16/j3,evm-osaka,True
AC-STRUCT-EVM-precompile-counts,c1_ctx_k06/groth16/j3,evm-osaka,True
AC-STRUCT-EVM-transcript-rounds,c1_ctx_k06/groth16/j3,evm-osaka,True
AC-EVM-trace-closure,c1_ctx_k06/groth16/j4,evm-osaka,True
AC-STRUCT-EVM-precompile-counts,c1_ctx_k06/groth16/j4,evm-osaka,True
AC-STRUCT-EVM-transcript-rounds,c1_ctx_k06/groth16/j4,evm-osaka,True
AC-EVM-trace-closure,c1_ctx_k06/groth16/j5,evm-osaka,True
AC-STRUCT-EVM-precompile-counts,c1_ctx_k06/groth16/j5,evm-osaka,True
AC-STRUCT-EVM-transcript-rounds,c1_ctx_k06/groth16/j5,evm-osaka,True
AC-EVM-trace-closure,c1_ctx_k06/groth16/j6,evm-osaka,True
AC-STRUCT-EVM-precompile-counts,c1_ctx_k06/groth16/j6,evm-osaka,True
AC-STRUCT-EVM-transcript-rounds,c1_ctx_k06/groth16/j6,evm-osaka,True
AC-EVM-trace-closure,c1_ctx_k06/groth16/j7,evm-osaka,True
AC-STRUCT-EVM-precompile-counts,c1_ctx_k06/groth16/j7,evm-osaka,True
AC-STRUCT-EVM-transcript-rounds,c1_ctx_k06/groth16/j7,evm-osaka,True
AC-ERAVM-frame-closure,c1_a8/plonk/j0,eravm-29,True
AC-STRUCT-ERAVM-precompile-counts,c1_a8/plonk/j0,eravm-29,True
AC-ERAVM-frame-closure,c1_a8/plonk/j1,eravm-29,True
AC-STRUCT-ERAVM-precompile-counts,c1_a8/plonk/j1,eravm-29,True
AC-ERAVM-frame-closure,c1_a8/plonk/j2,eravm-29,True
AC-STRUCT-ERAVM-precompile-counts,c1_a8/plonk/j2,eravm-29,True
AC-ERAVM-frame-closure,c1_a8/plonk/j3,eravm-29,True
AC-STRUCT-ERAVM-precompile-counts,c1_a8/plonk/j3,eravm-29,True
AC-ERAVM-frame-closure,c1_a8/plonk/j4,eravm-29,True
AC-STRUCT-ERAVM-precompile-counts,c1_a8/plonk/j4,eravm-29,True
AC-ERAVM-frame-closure,c1_a8/plonk/j5,eravm-29,True
AC-STRUCT-ERAVM-precompile-counts,c1_a8/plonk/j5,eravm-29,True
AC-ERAVM-frame-closure,c1_a8/plonk/j6,eravm-29,True
AC-STRUCT-ERAVM-precompile-counts,c1_a8/plonk/j6,eravm-29,True
AC-ERAVM-frame-closure,c1_a8/plonk/j7,eravm-29,True
AC-STRUCT-ERAVM-precompile-counts,c1_a8/plonk/j7,eravm-29,True
AC-EVM-trace-closure,c1_a4/groth16/j0,evm-osaka,True
AC-STRUCT-EVM-precompile-counts,c1_a4/groth16/j0,evm-osaka,True
AC-STRUCT-EVM-transcript-rounds,c1_a4/groth16/j0,evm-osaka,True
AC-EVM-trace-closure,c1_a4/groth16/j1,evm-osaka,True
AC-STRUCT-EVM-precompile-counts,c1_a4/groth16/j1,evm-osaka,True
AC-STRUCT-EVM-transcript-rounds,c1_a4/groth16/j1,evm-osaka,True
AC-EVM-trace-closure,c1_a4/groth16/j2,evm-osaka,True
AC-STRUCT-EVM-precompile-counts,c1_a4/groth16/j2,evm-osaka,True
AC-STRUCT-EVM-transcript-rounds,c1_a4/groth16/j2,evm-osaka,True
AC-EVM-trace-closure,c1_a4/groth16/j3,evm-osaka,True
AC-STRUCT-EVM-precompile-counts,c1_a4/groth16/j3,evm-osaka,True
AC-STRUCT-EVM-transcript-rounds,c1_a4/groth16/j3,evm-osaka,True
AC-EVM-trace-closure,c1_a4/groth16/j4,evm-osaka,True
AC-STRUCT-EVM-precompile-counts,c1_a4/groth16/j4,evm-osaka,True
AC-STRUCT-EVM-transcript-rounds,c1_a4/groth16/j4,evm-osaka,True
AC-EVM-trace-closure,c1_a4/groth16/j5,evm-osaka,True
AC-STRUCT-EVM-precompile-counts,c1_a4/groth16/j5,evm-osaka,True
AC-STRUCT-EVM-transcript-rounds,c1_a4/groth16/j5,evm-osaka,True
AC-EVM-trace-closure,c1_a4/groth16/j6,evm-osaka,True
AC-STRUCT-EVM-precompile-counts,c1_a4/groth16/j6,evm-osaka,True
AC-STRUCT-EVM-transcript-rounds,c1_a4/groth16/j6,evm-osaka,True
AC-EVM-trace-closure,c1_a4/groth16/j7,evm-osaka,True
AC-STRUCT-EVM-precompile-counts,c1_a4/groth16/j7,evm-osaka,True
AC-STRUCT-EVM-transcript-rounds,c1_a4/groth16/j7,evm-osaka,True
AC-EVM-trace-closure,c1_a4/plonk/j0,evm-osaka,True
AC-STRUCT-EVM-precompile-counts,c1_a4/plonk/j0,evm-osaka,True
AC-STRUCT-EVM-transcript-rounds,c1_a4/plonk/j0,evm-osaka,True
AC-EVM-trace-closure,c1_a4/plonk/j1,evm-osaka,True
AC-STRUCT-EVM-precompile-counts,c1_a4/plonk/j1,evm-osaka,True
AC-STRUCT-EVM-transcript-rounds,c1_a4/plonk/j1,evm-osaka,True
AC-EVM-trace-closure,c1_a4/plonk/j2,evm-osaka,True
AC-STRUCT-EVM-precompile-counts,c1_a4/plonk/j2,evm-osaka,True
AC-STRUCT-EVM-transcript-rounds,c1_a4/plonk/j2,evm-osaka,True
AC-EVM-trace-closure,c1_a4/plonk/j3,evm-osaka,True
AC-STRUCT-EVM-precompile-counts,c1_a4/plonk/j3,evm-osaka,True
AC-STRUCT-EVM-transcript-rounds,c1_a4/plonk/j3,evm-osaka,True
AC-EVM-trace-closure,c1_a4/plonk/j4,evm-osaka,True
AC-STRUCT-EVM-precompile-counts,c1_a4/plonk/j4,evm-osaka,True
AC-STRUCT-EVM-transcript-rounds,c1_a4/plonk/j4,evm-osaka,True
AC-EVM-trace-closure,c1_a4/plonk/j5,evm-osaka,True
AC-STRUCT-EVM-precompile-counts,c1_a4/plonk/j5,evm-osaka,True
AC-STRUCT-EVM-transcript-rounds,c1_a4/plonk/j5,evm-osaka,True
AC-EVM-trace-closure,c1_a4/plonk/j6,evm-osaka,True
AC-STRUCT-EVM-precompile-counts,c1_a4/plonk/j6,evm-osaka,True
AC-STRUCT-EVM-transcript-rounds,c1_a4/plonk/j6,evm-osaka,True
AC-EVM-trace-closure,c1_a4/plonk/j7,evm-osaka,True
AC-STRUCT-EVM-precompile-counts,c1_a4/plonk/j7,evm-osaka,True
AC-STRUCT-EVM-transcript-rounds,c1_a4/plonk/j7,evm-osaka,True
AC-ERAVM-frame-closure,c1_ctx_k06/plonk/j0,eravm-27,True
AC-STRUCT-ERAVM-precompile-counts,c1_ctx_k06/plonk/j0,eravm-27,True
AC-ERAVM-frame-closure,c1_ctx_k06/plonk/j1,eravm-27,True
AC-STRUCT-ERAVM-precompile-counts,c1_ctx_k06/plonk/j1,eravm-27,True
AC-ERAVM-frame-closure,c1_ctx_k06/plonk/j2,eravm-27,True
AC-STRUCT-ERAVM-precompile-counts,c1_ctx_k06/plonk/j2,eravm-27,True
AC-ERAVM-frame-closure,c1_ctx_k06/plonk/j3,eravm-27,True
AC-STRUCT-ERAVM-precompile-counts,c1_ctx_k06/plonk/j3,eravm-27,True
AC-ERAVM-frame-closure,c1_ctx_k06/plonk/j4,eravm-27,True
AC-STRUCT-ERAVM-precompile-counts,c1_ctx_k06/plonk/j4,eravm-27,True
AC-ERAVM-frame-closure,c1_ctx_k06/plonk/j5,eravm-27,True
AC-STRUCT-ERAVM-precompile-counts,c1_ctx_k06/plonk/j5,eravm-27,True
AC-ERAVM-frame-closure,c1_ctx_k06/plonk/j6,eravm-27,True
AC-STRUCT-ERAVM-precompile-counts,c1_ctx_k06/plonk/j6,eravm-27,True
AC-ERAVM-frame-closure,c1_ctx_k06/plonk/j7,eravm-27,True
AC-STRUCT-ERAVM-precompile-counts,c1_ctx_k06/plonk/j7,eravm-27,True
AC-ERAVM-frame-closure,c1_ctx_k08/plonk/j0,eravm-27,True
AC-STRUCT-ERAVM-precompile-counts,c1_ctx_k08/plonk/j0,eravm-27,True
AC-ERAVM-frame-closure,c1_ctx_k08/plonk/j1,eravm-27,True
AC-STRUCT-ERAVM-precompile-counts,c1_ctx_k08/plonk/j1,eravm-27,True
AC-ERAVM-frame-closure,c1_ctx_k08/plonk/j2,eravm-27,True
AC-STRUCT-ERAVM-precompile-counts,c1_ctx_k08/plonk/j2,eravm-27,True
AC-ERAVM-frame-closure,c1_ctx_k08/plonk/j3,eravm-27,True
AC-STRUCT-ERAVM-precompile-counts,c1_ctx_k08/plonk/j3,eravm-27,True
AC-ERAVM-frame-closure,c1_ctx_k08/plonk/j4,eravm-27,True
AC-STRUCT-ERAVM-precompile-counts,c1_ctx_k08/plonk/j4,eravm-27,True
AC-ERAVM-frame-closure,c1_ctx_k08/plonk/j5,eravm-27,True
AC-STRUCT-ERAVM-precompile-counts,c1_ctx_k08/plonk/j5,eravm-27,True
AC-ERAVM-frame-closure,c1_ctx_k08/plonk/j6,eravm-27,True
AC-STRUCT-ERAVM-precompile-counts,c1_ctx_k08/plonk/j6,eravm-27,True
AC-ERAVM-frame-closure,c1_ctx_k08/plonk/j7,eravm-27,True
AC-STRUCT-ERAVM-precompile-counts,c1_ctx_k08/plonk/j7,eravm-27,True
AC-ERAVM-frame-closure,c1_k01/plonk/j0,eravm-27,True
AC-STRUCT-ERAVM-precompile-counts,c1_k01/plonk/j0,eravm-27,True
AC-ERAVM-frame-closure,c1_k01/plonk/j1,eravm-27,True
AC-STRUCT-ERAVM-precompile-counts,c1_k01/plonk/j1,eravm-27,True
AC-ERAVM-frame-closure,c1_k01/plonk/j2,eravm-27,True
AC-STRUCT-ERAVM-precompile-counts,c1_k01/plonk/j2,eravm-27,True
AC-ERAVM-frame-closure,c1_k01/plonk/j3,eravm-27,True
AC-STRUCT-ERAVM-precompile-counts,c1_k01/plonk/j3,eravm-27,True
AC-ERAVM-frame-closure,c1_k01/plonk/j4,eravm-27,True
AC-STRUCT-ERAVM-precompile-counts,c1_k01/plonk/j4,eravm-27,True
AC-ERAVM-frame-closure,c1_k01/plonk/j5,eravm-27,True
AC-STRUCT-ERAVM-precompile-counts,c1_k01/plonk/j5,eravm-27,True
AC-ERAVM-frame-closure,c1_k01/plonk/j6,eravm-27,True
AC-STRUCT-ERAVM-precompile-counts,c1_k01/plonk/j6,eravm-27,True
AC-ERAVM-frame-closure,c1_k01/plonk/j7,eravm-27,True
AC-STRUCT-ERAVM-precompile-counts,c1_k01/plonk/j7,eravm-27,True
AC-ERAVM-frame-closure,c1_a4/plonk/j0,eravm-29,True
AC-STRUCT-ERAVM-precompile-counts,c1_a4/plonk/j0,eravm-29,True
AC-ERAVM-frame-closure,c1_a4/plonk/j1,eravm-29,True
AC-STRUCT-ERAVM-precompile-counts,c1_a4/plonk/j1,eravm-29,True
AC-ERAVM-frame-closure,c1_a4/plonk/j2,eravm-29,True
AC-STRUCT-ERAVM-precompile-counts,c1_a4/plonk/j2,eravm-29,True
AC-ERAVM-frame-closure,c1_a4/plonk/j3,eravm-29,True
AC-STRUCT-ERAVM-precompile-counts,c1_a4/plonk/j3,eravm-29,True
AC-ERAVM-frame-closure,c1_a4/plonk/j4,eravm-29,True
AC-STRUCT-ERAVM-precompile-counts,c1_a4/plonk/j4,eravm-29,True
AC-ERAVM-frame-closure,c1_a4/plonk/j5,eravm-29,True
AC-STRUCT-ERAVM-precompile-counts,c1_a4/plonk/j5,eravm-29,True
AC-ERAVM-frame-closure,c1_a4/plonk/j6,eravm-29,True
AC-STRUCT-ERAVM-precompile-counts,c1_a4/plonk/j6,eravm-29,True
AC-ERAVM-frame-closure,c1_a4/plonk/j7,eravm-29,True
AC-STRUCT-ERAVM-precompile-counts,c1_a4/plonk/j7,eravm-29,True
AC-EVM-trace-closure,c1_ctx_k08/plonk/j0,evm-osaka,True
AC-STRUCT-EVM-precompile-counts,c1_ctx_k08/plonk/j0,evm-osaka,True
AC-STRUCT-EVM-transcript-rounds,c1_ctx_k08/plonk/j0,evm-osaka,True
AC-EVM-trace-closure,c1_ctx_k08/plonk/j1,evm-osaka,True
AC-STRUCT-EVM-precompile-counts,c1_ctx_k08/plonk/j1,evm-osaka,True
AC-STRUCT-EVM-transcript-rounds,c1_ctx_k08/plonk/j1,evm-osaka,True
AC-EVM-trace-closure,c1_ctx_k08/plonk/j2,evm-osaka,True
AC-STRUCT-EVM-precompile-counts,c1_ctx_k08/plonk/j2,evm-osaka,True
AC-STRUCT-EVM-transcript-rounds,c1_ctx_k08/plonk/j2,evm-osaka,True
AC-EVM-trace-closure,c1_ctx_k08/plonk/j3,evm-osaka,True
AC-STRUCT-EVM-precompile-counts,c1_ctx_k08/plonk/j3,evm-osaka,True
AC-STRUCT-EVM-transcript-rounds,c1_ctx_k08/plonk/j3,evm-osaka,True
AC-EVM-trace-closure,c1_ctx_k08/plonk/j4,evm-osaka,True
AC-STRUCT-EVM-precompile-counts,c1_ctx_k08/plonk/j4,evm-osaka,True
AC-STRUCT-EVM-transcript-rounds,c1_ctx_k08/plonk/j4,evm-osaka,True
AC-EVM-trace-closure,c1_ctx_k08/plonk/j5,evm-osaka,True
AC-STRUCT-EVM-precompile-counts,c1_ctx_k08/plonk/j5,evm-osaka,True
AC-STRUCT-EVM-transcript-rounds,c1_ctx_k08/plonk/j5,evm-osaka,True
AC-EVM-trace-closure,c1_ctx_k08/plonk/j6,evm-osaka,True
AC-STRUCT-EVM-precompile-counts,c1_ctx_k08/plonk/j6,evm-osaka,True
AC-STRUCT-EVM-transcript-rounds,c1_ctx_k08/plonk/j6,evm-osaka,True
AC-EVM-trace-closure,c1_ctx_k08/plonk/j7,evm-osaka,True
AC-STRUCT-EVM-precompile-counts,c1_ctx_k08/plonk/j7,evm-osaka,True
AC-STRUCT-EVM-transcript-rounds,c1_ctx_k08/plonk/j7,evm-osaka,True
AC-EVM-trace-closure,c1_ctx_k64/groth16/j0,evm-osaka,True
AC-STRUCT-EVM-precompile-counts,c1_ctx_k64/groth16/j0,evm-osaka,True
AC-STRUCT-EVM-transcript-rounds,c1_ctx_k64/groth16/j0,evm-osaka,True
AC-EVM-trace-closure,c1_ctx_k64/groth16/j1,evm-osaka,True
AC-STRUCT-EVM-precompile-counts,c1_ctx_k64/groth16/j1,evm-osaka,True
AC-STRUCT-EVM-transcript-rounds,c1_ctx_k64/groth16/j1,evm-osaka,True
AC-EVM-trace-closure,c1_ctx_k64/groth16/j2,evm-osaka,True
AC-STRUCT-EVM-precompile-counts,c1_ctx_k64/groth16/j2,evm-osaka,True
AC-STRUCT-EVM-transcript-rounds,c1_ctx_k64/groth16/j2,evm-osaka,True
AC-EVM-trace-closure,c1_ctx_k64/groth16/j3,evm-osaka,True
AC-STRUCT-EVM-precompile-counts,c1_ctx_k64/groth16/j3,evm-osaka,True
AC-STRUCT-EVM-transcript-rounds,c1_ctx_k64/groth16/j3,evm-osaka,True
AC-EVM-trace-closure,c1_ctx_k64/groth16/j4,evm-osaka,True
AC-STRUCT-EVM-precompile-counts,c1_ctx_k64/groth16/j4,evm-osaka,True
AC-STRUCT-EVM-transcript-rounds,c1_ctx_k64/groth16/j4,evm-osaka,True
AC-EVM-trace-closure,c1_ctx_k64/groth16/j5,evm-osaka,True
AC-STRUCT-EVM-precompile-counts,c1_ctx_k64/groth16/j5,evm-osaka,True
AC-STRUCT-EVM-transcript-rounds,c1_ctx_k64/groth16/j5,evm-osaka,True
AC-EVM-trace-closure,c1_ctx_k64/groth16/j6,evm-osaka,True
AC-STRUCT-EVM-precompile-counts,c1_ctx_k64/groth16/j6,evm-osaka,True
AC-STRUCT-EVM-transcript-rounds,c1_ctx_k64/groth16/j6,evm-osaka,True
AC-EVM-trace-closure,c1_ctx_k64/groth16/j7,evm-osaka,True
AC-STRUCT-EVM-precompile-counts,c1_ctx_k64/groth16/j7,evm-osaka,True
AC-STRUCT-EVM-transcript-rounds,c1_ctx_k64/groth16/j7,evm-osaka,True
AC-ERAVM-frame-closure,c1_ctx_k08/groth16/j0,eravm-29,True
AC-STRUCT-ERAVM-precompile-counts,c1_ctx_k08/groth16/j0,eravm-29,True
AC-ERAVM-frame-closure,c1_ctx_k08/groth16/j1,eravm-29,True
AC-STRUCT-ERAVM-precompile-counts,c1_ctx_k08/groth16/j1,eravm-29,True
AC-ERAVM-frame-closure,c1_ctx_k08/groth16/j2,eravm-29,True
AC-STRUCT-ERAVM-precompile-counts,c1_ctx_k08/groth16/j2,eravm-29,True
AC-ERAVM-frame-closure,c1_ctx_k08/groth16/j3,eravm-29,True
AC-STRUCT-ERAVM-precompile-counts,c1_ctx_k08/groth16/j3,eravm-29,True
AC-ERAVM-frame-closure,c1_ctx_k08/groth16/j4,eravm-29,True
AC-STRUCT-ERAVM-precompile-counts,c1_ctx_k08/groth16/j4,eravm-29,True
AC-ERAVM-frame-closure,c1_ctx_k08/groth16/j5,eravm-29,True
AC-STRUCT-ERAVM-precompile-counts,c1_ctx_k08/groth16/j5,eravm-29,True
AC-ERAVM-frame-closure,c1_ctx_k08/groth16/j6,eravm-29,True
AC-STRUCT-ERAVM-precompile-counts,c1_ctx_k08/groth16/j6,eravm-29,True
AC-ERAVM-frame-closure,c1_ctx_k08/groth16/j7,eravm-29,True
AC-STRUCT-ERAVM-precompile-counts,c1_ctx_k08/groth16/j7,eravm-29,True
AC-ERAVM-frame-closure,c1_ctx_k24/groth16/j0,eravm-29,True
AC-STRUCT-ERAVM-precompile-counts,c1_ctx_k24/groth16/j0,eravm-29,True
AC-ERAVM-frame-closure,c1_ctx_k24/groth16/j1,eravm-29,True
AC-STRUCT-ERAVM-precompile-counts,c1_ctx_k24/groth16/j1,eravm-29,True
AC-ERAVM-frame-closure,c1_ctx_k24/groth16/j2,eravm-29,True
AC-STRUCT-ERAVM-precompile-counts,c1_ctx_k24/groth16/j2,eravm-29,True
AC-ERAVM-frame-closure,c1_ctx_k24/groth16/j3,eravm-29,True
AC-STRUCT-ERAVM-precompile-counts,c1_ctx_k24/groth16/j3,eravm-29,True
AC-ERAVM-frame-closure,c1_ctx_k24/groth16/j4,eravm-29,True
AC-STRUCT-ERAVM-precompile-counts,c1_ctx_k24/groth16/j4,eravm-29,True
AC-ERAVM-frame-closure,c1_ctx_k24/groth16/j5,eravm-29,True
AC-STRUCT-ERAVM-precompile-counts,c1_ctx_k24/groth16/j5,eravm-29,True
AC-ERAVM-frame-closure,c1_ctx_k24/groth16/j6,eravm-29,True
AC-STRUCT-ERAVM-precompile-counts,c1_ctx_k24/groth16/j6,eravm-29,True
AC-ERAVM-frame-closure,c1_ctx_k24/groth16/j7,eravm-29,True
AC-STRUCT-ERAVM-precompile-counts,c1_ctx_k24/groth16/j7,eravm-29,True
AC-ERAVM-frame-closure,c1_ctx_k04/plonk/j0,eravm-27,True
AC-STRUCT-ERAVM-precompile-counts,c1_ctx_k04/plonk/j0,eravm-27,True
AC-ERAVM-frame-closure,c1_ctx_k04/plonk/j1,eravm-27,True
AC-STRUCT-ERAVM-precompile-counts,c1_ctx_k04/plonk/j1,eravm-27,True
AC-ERAVM-frame-closure,c1_ctx_k04/plonk/j2,eravm-27,True
AC-STRUCT-ERAVM-precompile-counts,c1_ctx_k04/plonk/j2,eravm-27,True
AC-ERAVM-frame-closure,c1_ctx_k04/plonk/j3,eravm-27,True
AC-STRUCT-ERAVM-precompile-counts,c1_ctx_k04/plonk/j3,eravm-27,True
AC-ERAVM-frame-closure,c1_ctx_k04/plonk/j4,eravm-27,True
AC-STRUCT-ERAVM-precompile-counts,c1_ctx_k04/plonk/j4,eravm-27,True
AC-ERAVM-frame-closure,c1_ctx_k04/plonk/j5,eravm-27,True
AC-STRUCT-ERAVM-precompile-counts,c1_ctx_k04/plonk/j5,eravm-27,True
AC-ERAVM-frame-closure,c1_ctx_k04/plonk/j6,eravm-27,True
AC-STRUCT-ERAVM-precompile-counts,c1_ctx_k04/plonk/j6,eravm-27,True
AC-ERAVM-frame-closure,c1_ctx_k04/plonk/j7,eravm-27,True
AC-STRUCT-ERAVM-precompile-counts,c1_ctx_k04/plonk/j7,eravm-27,True
AC-EVM-trace-closure,c1_ctx_k24/groth16/j0,evm-osaka,True
AC-STRUCT-EVM-precompile-counts,c1_ctx_k24/groth16/j0,evm-osaka,True
AC-STRUCT-EVM-transcript-rounds,c1_ctx_k24/groth16/j0,evm-osaka,True
AC-EVM-trace-closure,c1_ctx_k24/groth16/j1,evm-osaka,True
AC-STRUCT-EVM-precompile-counts,c1_ctx_k24/groth16/j1,evm-osaka,True
AC-STRUCT-EVM-transcript-rounds,c1_ctx_k24/groth16/j1,evm-osaka,True
AC-EVM-trace-closure,c1_ctx_k24/groth16/j2,evm-osaka,True
AC-STRUCT-EVM-precompile-counts,c1_ctx_k24/groth16/j2,evm-osaka,True
AC-STRUCT-EVM-transcript-rounds,c1_ctx_k24/groth16/j2,evm-osaka,True
AC-EVM-trace-closure,c1_ctx_k24/groth16/j3,evm-osaka,True
AC-STRUCT-EVM-precompile-counts,c1_ctx_k24/groth16/j3,evm-osaka,True
AC-STRUCT-EVM-transcript-rounds,c1_ctx_k24/groth16/j3,evm-osaka,True
AC-EVM-trace-closure,c1_ctx_k24/groth16/j4,evm-osaka,True
AC-STRUCT-EVM-precompile-counts,c1_ctx_k24/groth16/j4,evm-osaka,True
AC-STRUCT-EVM-transcript-rounds,c1_ctx_k24/groth16/j4,evm-osaka,True
AC-EVM-trace-closure,c1_ctx_k24/groth16/j5,evm-osaka,True
AC-STRUCT-EVM-precompile-counts,c1_ctx_k24/groth16/j5,evm-osaka,True
AC-STRUCT-EVM-transcript-rounds,c1_ctx_k24/groth16/j5,evm-osaka,True
AC-EVM-trace-closure,c1_ctx_k24/groth16/j6,evm-osaka,True
AC-STRUCT-EVM-precompile-counts,c1_ctx_k24/groth16/j6,evm-osaka,True
AC-STRUCT-EVM-transcript-rounds,c1_ctx_k24/groth16/j6,evm-osaka,True
AC-EVM-trace-closure,c1_ctx_k24/groth16/j7,evm-osaka,True
AC-STRUCT-EVM-precompile-counts,c1_ctx_k24/groth16/j7,evm-osaka,True
AC-STRUCT-EVM-transcript-rounds,c1_ctx_k24/groth16/j7,evm-osaka,True
AC-EVM-trace-closure,c1_ctx_k64/plonk/j0,evm-osaka,True
AC-STRUCT-EVM-precompile-counts,c1_ctx_k64/plonk/j0,evm-osaka,True
AC-STRUCT-EVM-transcript-rounds,c1_ctx_k64/plonk/j0,evm-osaka,True
AC-EVM-trace-closure,c1_ctx_k64/plonk/j1,evm-osaka,True
AC-STRUCT-EVM-precompile-counts,c1_ctx_k64/plonk/j1,evm-osaka,True
AC-STRUCT-EVM-transcript-rounds,c1_ctx_k64/plonk/j1,evm-osaka,True
AC-EVM-trace-closure,c1_ctx_k64/plonk/j2,evm-osaka,True
AC-STRUCT-EVM-precompile-counts,c1_ctx_k64/plonk/j2,evm-osaka,True
AC-STRUCT-EVM-transcript-rounds,c1_ctx_k64/plonk/j2,evm-osaka,True
AC-EVM-trace-closure,c1_ctx_k64/plonk/j3,evm-osaka,True
AC-STRUCT-EVM-precompile-counts,c1_ctx_k64/plonk/j3,evm-osaka,True
AC-STRUCT-EVM-transcript-rounds,c1_ctx_k64/plonk/j3,evm-osaka,True
AC-EVM-trace-closure,c1_ctx_k64/plonk/j4,evm-osaka,True
AC-STRUCT-EVM-precompile-counts,c1_ctx_k64/plonk/j4,evm-osaka,True
AC-STRUCT-EVM-transcript-rounds,c1_ctx_k64/plonk/j4,evm-osaka,True
AC-EVM-trace-closure,c1_ctx_k64/plonk/j5,evm-osaka,True
AC-STRUCT-EVM-precompile-counts,c1_ctx_k64/plonk/j5,evm-osaka,True
AC-STRUCT-EVM-transcript-rounds,c1_ctx_k64/plonk/j5,evm-osaka,True
AC-EVM-trace-closure,c1_ctx_k64/plonk/j6,evm-osaka,True
AC-STRUCT-EVM-precompile-counts,c1_ctx_k64/plonk/j6,evm-osaka,True
AC-STRUCT-EVM-transcript-rounds,c1_ctx_k64/plonk/j6,evm-osaka,True
AC-EVM-trace-closure,c1_ctx_k64/plonk/j7,evm-osaka,True
AC-STRUCT-EVM-precompile-counts,c1_ctx_k64/plonk/j7,evm-osaka,True
AC-STRUCT-EVM-transcript-rounds,c1_ctx_k64/plonk/j7,evm-osaka,True
AC-EVM-trace-closure,c1_ctx_k08/groth16/j0,evm-osaka,True
AC-STRUCT-EVM-precompile-counts,c1_ctx_k08/groth16/j0,evm-osaka,True
AC-STRUCT-EVM-transcript-rounds,c1_ctx_k08/groth16/j0,evm-osaka,True
AC-EVM-trace-closure,c1_ctx_k08/groth16/j1,evm-osaka,True
AC-STRUCT-EVM-precompile-counts,c1_ctx_k08/groth16/j1,evm-osaka,True
AC-STRUCT-EVM-transcript-rounds,c1_ctx_k08/groth16/j1,evm-osaka,True
AC-EVM-trace-closure,c1_ctx_k08/groth16/j2,evm-osaka,True
AC-STRUCT-EVM-precompile-counts,c1_ctx_k08/groth16/j2,evm-osaka,True
AC-STRUCT-EVM-transcript-rounds,c1_ctx_k08/groth16/j2,evm-osaka,True
AC-EVM-trace-closure,c1_ctx_k08/groth16/j3,evm-osaka,True
AC-STRUCT-EVM-precompile-counts,c1_ctx_k08/groth16/j3,evm-osaka,True
AC-STRUCT-EVM-transcript-rounds,c1_ctx_k08/groth16/j3,evm-osaka,True
AC-EVM-trace-closure,c1_ctx_k08/groth16/j4,evm-osaka,True
AC-STRUCT-EVM-precompile-counts,c1_ctx_k08/groth16/j4,evm-osaka,True
AC-STRUCT-EVM-transcript-rounds,c1_ctx_k08/groth16/j4,evm-osaka,True
AC-EVM-trace-closure,c1_ctx_k08/groth16/j5,evm-osaka,True
AC-STRUCT-EVM-precompile-counts,c1_ctx_k08/groth16/j5,evm-osaka,True
AC-STRUCT-EVM-transcript-rounds,c1_ctx_k08/groth16/j5,evm-osaka,True
AC-EVM-trace-closure,c1_ctx_k08/groth16/j6,evm-osaka,True
AC-STRUCT-EVM-precompile-counts,c1_ctx_k08/groth16/j6,evm-osaka,True
AC-STRUCT-EVM-transcript-rounds,c1_ctx_k08/groth16/j6,evm-osaka,True
AC-EVM-trace-closure,c1_ctx_k08/groth16/j7,evm-osaka,True
AC-STRUCT-EVM-precompile-counts,c1_ctx_k08/groth16/j7,evm-osaka,True
AC-STRUCT-EVM-transcript-rounds,c1_ctx_k08/groth16/j7,evm-osaka,True
AC-ERAVM-frame-closure,c1_ctx_k64/plonk/j0,eravm-29,True
AC-STRUCT-ERAVM-precompile-counts,c1_ctx_k64/plonk/j0,eravm-29,True
AC-ERAVM-frame-closure,c1_ctx_k64/plonk/j1,eravm-29,True
AC-STRUCT-ERAVM-precompile-counts,c1_ctx_k64/plonk/j1,eravm-29,True
AC-ERAVM-frame-closure,c1_ctx_k64/plonk/j2,eravm-29,True
AC-STRUCT-ERAVM-precompile-counts,c1_ctx_k64/plonk/j2,eravm-29,True
AC-ERAVM-frame-closure,c1_ctx_k64/plonk/j3,eravm-29,True
AC-STRUCT-ERAVM-precompile-counts,c1_ctx_k64/plonk/j3,eravm-29,True
AC-ERAVM-frame-closure,c1_ctx_k64/plonk/j4,eravm-29,True
AC-STRUCT-ERAVM-precompile-counts,c1_ctx_k64/plonk/j4,eravm-29,True
AC-ERAVM-frame-closure,c1_ctx_k64/plonk/j5,eravm-29,True
AC-STRUCT-ERAVM-precompile-counts,c1_ctx_k64/plonk/j5,eravm-29,True
AC-ERAVM-frame-closure,c1_ctx_k64/plonk/j6,eravm-29,True
AC-STRUCT-ERAVM-precompile-counts,c1_ctx_k64/plonk/j6,eravm-29,True
AC-ERAVM-frame-closure,c1_ctx_k64/plonk/j7,eravm-29,True
AC-STRUCT-ERAVM-precompile-counts,c1_ctx_k64/plonk/j7,eravm-29,True
AC-EVM-trace-closure,c1_ctx_k24/plonk/j0,evm-osaka,True
AC-STRUCT-EVM-precompile-counts,c1_ctx_k24/plonk/j0,evm-osaka,True
AC-STRUCT-EVM-transcript-rounds,c1_ctx_k24/plonk/j0,evm-osaka,True
AC-EVM-trace-closure,c1_ctx_k24/plonk/j1,evm-osaka,True
AC-STRUCT-EVM-precompile-counts,c1_ctx_k24/plonk/j1,evm-osaka,True
AC-STRUCT-EVM-transcript-rounds,c1_ctx_k24/plonk/j1,evm-osaka,True
AC-EVM-trace-closure,c1_ctx_k24/plonk/j2,evm-osaka,True
AC-STRUCT-EVM-precompile-counts,c1_ctx_k24/plonk/j2,evm-osaka,True
AC-STRUCT-EVM-transcript-rounds,c1_ctx_k24/plonk/j2,evm-osaka,True
AC-EVM-trace-closure,c1_ctx_k24/plonk/j3,evm-osaka,True
AC-STRUCT-EVM-precompile-counts,c1_ctx_k24/plonk/j3,evm-osaka,True
AC-STRUCT-EVM-transcript-rounds,c1_ctx_k24/plonk/j3,evm-osaka,True
AC-EVM-trace-closure,c1_ctx_k24/plonk/j4,evm-osaka,True
AC-STRUCT-EVM-precompile-counts,c1_ctx_k24/plonk/j4,evm-osaka,True
AC-STRUCT-EVM-transcript-rounds,c1_ctx_k24/plonk/j4,evm-osaka,True
AC-EVM-trace-closure,c1_ctx_k24/plonk/j5,evm-osaka,True
AC-STRUCT-EVM-precompile-counts,c1_ctx_k24/plonk/j5,evm-osaka,True
AC-STRUCT-EVM-transcript-rounds,c1_ctx_k24/plonk/j5,evm-osaka,True
AC-EVM-trace-closure,c1_ctx_k24/plonk/j6,evm-osaka,True
AC-STRUCT-EVM-precompile-counts,c1_ctx_k24/plonk/j6,evm-osaka,True
AC-STRUCT-EVM-transcript-rounds,c1_ctx_k24/plonk/j6,evm-osaka,True
AC-EVM-trace-closure,c1_ctx_k24/plonk/j7,evm-osaka,True
AC-STRUCT-EVM-precompile-counts,c1_ctx_k24/plonk/j7,evm-osaka,True
AC-STRUCT-EVM-transcript-rounds,c1_ctx_k24/plonk/j7,evm-osaka,True
AC-ERAVM-frame-closure,c1_ctx_k24/plonk/j0,eravm-29,True
AC-STRUCT-ERAVM-precompile-counts,c1_ctx_k24/plonk/j0,eravm-29,True
AC-ERAVM-frame-closure,c1_ctx_k24/plonk/j1,eravm-29,True
AC-STRUCT-ERAVM-precompile-counts,c1_ctx_k24/plonk/j1,eravm-29,True
AC-ERAVM-frame-closure,c1_ctx_k24/plonk/j2,eravm-29,True
AC-STRUCT-ERAVM-precompile-counts,c1_ctx_k24/plonk/j2,eravm-29,True
AC-ERAVM-frame-closure,c1_ctx_k24/plonk/j3,eravm-29,True
AC-STRUCT-ERAVM-precompile-counts,c1_ctx_k24/plonk/j3,eravm-29,True
AC-ERAVM-frame-closure,c1_ctx_k24/plonk/j4,eravm-29,True
AC-STRUCT-ERAVM-precompile-counts,c1_ctx_k24/plonk/j4,eravm-29,True
AC-ERAVM-frame-closure,c1_ctx_k24/plonk/j5,eravm-29,True
AC-STRUCT-ERAVM-precompile-counts,c1_ctx_k24/plonk/j5,eravm-29,True
AC-ERAVM-frame-closure,c1_ctx_k24/plonk/j6,eravm-29,True
AC-STRUCT-ERAVM-precompile-counts,c1_ctx_k24/plonk/j6,eravm-29,True
AC-ERAVM-frame-closure,c1_ctx_k24/plonk/j7,eravm-29,True
AC-STRUCT-ERAVM-precompile-counts,c1_ctx_k24/plonk/j7,eravm-29,True
AC-EVM-trace-closure,c1_ctx_k12/groth16/j0,evm-osaka,True
AC-STRUCT-EVM-precompile-counts,c1_ctx_k12/groth16/j0,evm-osaka,True
AC-STRUCT-EVM-transcript-rounds,c1_ctx_k12/groth16/j0,evm-osaka,True
AC-EVM-trace-closure,c1_ctx_k12/groth16/j1,evm-osaka,True
AC-STRUCT-EVM-precompile-counts,c1_ctx_k12/groth16/j1,evm-osaka,True
AC-STRUCT-EVM-transcript-rounds,c1_ctx_k12/groth16/j1,evm-osaka,True
AC-EVM-trace-closure,c1_ctx_k12/groth16/j2,evm-osaka,True
AC-STRUCT-EVM-precompile-counts,c1_ctx_k12/groth16/j2,evm-osaka,True
AC-STRUCT-EVM-transcript-rounds,c1_ctx_k12/groth16/j2,evm-osaka,True
AC-EVM-trace-closure,c1_ctx_k12/groth16/j3,evm-osaka,True
AC-STRUCT-EVM-precompile-counts,c1_ctx_k12/groth16/j3,evm-osaka,True
AC-STRUCT-EVM-transcript-rounds,c1_ctx_k12/groth16/j3,evm-osaka,True
AC-EVM-trace-closure,c1_ctx_k12/groth16/j4,evm-osaka,True
AC-STRUCT-EVM-precompile-counts,c1_ctx_k12/groth16/j4,evm-osaka,True
AC-STRUCT-EVM-transcript-rounds,c1_ctx_k12/groth16/j4,evm-osaka,True
AC-EVM-trace-closure,c1_ctx_k12/groth16/j5,evm-osaka,True
AC-STRUCT-EVM-precompile-counts,c1_ctx_k12/groth16/j5,evm-osaka,True
AC-STRUCT-EVM-transcript-rounds,c1_ctx_k12/groth16/j5,evm-osaka,True
AC-EVM-trace-closure,c1_ctx_k12/groth16/j6,evm-osaka,True
AC-STRUCT-EVM-precompile-counts,c1_ctx_k12/groth16/j6,evm-osaka,True
AC-STRUCT-EVM-transcript-rounds,c1_ctx_k12/groth16/j6,evm-osaka,True
AC-EVM-trace-closure,c1_ctx_k12/groth16/j7,evm-osaka,True
AC-STRUCT-EVM-precompile-counts,c1_ctx_k12/groth16/j7,evm-osaka,True
AC-STRUCT-EVM-transcript-rounds,c1_ctx_k12/groth16/j7,evm-osaka,True
AC-ERAVM-frame-closure,c1_ctx_k06/groth16/j0,eravm-29,True
AC-STRUCT-ERAVM-precompile-counts,c1_ctx_k06/groth16/j0,eravm-29,True
AC-ERAVM-frame-closure,c1_ctx_k06/groth16/j1,eravm-29,True
AC-STRUCT-ERAVM-precompile-counts,c1_ctx_k06/groth16/j1,eravm-29,True
AC-ERAVM-frame-closure,c1_ctx_k06/groth16/j2,eravm-29,True
AC-STRUCT-ERAVM-precompile-counts,c1_ctx_k06/groth16/j2,eravm-29,True
AC-ERAVM-frame-closure,c1_ctx_k06/groth16/j3,eravm-29,True
AC-STRUCT-ERAVM-precompile-counts,c1_ctx_k06/groth16/j3,eravm-29,True
AC-ERAVM-frame-closure,c1_ctx_k06/groth16/j4,eravm-29,True
AC-STRUCT-ERAVM-precompile-counts,c1_ctx_k06/groth16/j4,eravm-29,True
AC-ERAVM-frame-closure,c1_ctx_k06/groth16/j5,eravm-29,True
AC-STRUCT-ERAVM-precompile-counts,c1_ctx_k06/groth16/j5,eravm-29,True
AC-ERAVM-frame-closure,c1_ctx_k06/groth16/j6,eravm-29,True
AC-STRUCT-ERAVM-precompile-counts,c1_ctx_k06/groth16/j6,eravm-29,True
AC-ERAVM-frame-closure,c1_ctx_k06/groth16/j7,eravm-29,True
AC-STRUCT-ERAVM-precompile-counts,c1_ctx_k06/groth16/j7,eravm-29,True
AC-ERAVM-frame-closure,c1_disc_k04/groth16/j0,eravm-29,True
AC-STRUCT-ERAVM-precompile-counts,c1_disc_k04/groth16/j0,eravm-29,True
AC-ERAVM-frame-closure,c1_disc_k04/groth16/j1,eravm-29,True
AC-STRUCT-ERAVM-precompile-counts,c1_disc_k04/groth16/j1,eravm-29,True
AC-ERAVM-frame-closure,c1_disc_k04/groth16/j2,eravm-29,True
AC-STRUCT-ERAVM-precompile-counts,c1_disc_k04/groth16/j2,eravm-29,True
AC-ERAVM-frame-closure,c1_disc_k04/groth16/j3,eravm-29,True
AC-STRUCT-ERAVM-precompile-counts,c1_disc_k04/groth16/j3,eravm-29,True
AC-ERAVM-frame-closure,c1_disc_k04/groth16/j4,eravm-29,True
AC-STRUCT-ERAVM-precompile-counts,c1_disc_k04/groth16/j4,eravm-29,True
AC-ERAVM-frame-closure,c1_disc_k04/groth16/j5,eravm-29,True
AC-STRUCT-ERAVM-precompile-counts,c1_disc_k04/groth16/j5,eravm-29,True
AC-ERAVM-frame-closure,c1_disc_k04/groth16/j6,eravm-29,True
AC-STRUCT-ERAVM-precompile-counts,c1_disc_k04/groth16/j6,eravm-29,True
AC-ERAVM-frame-closure,c1_disc_k04/groth16/j7,eravm-29,True
AC-STRUCT-ERAVM-precompile-counts,c1_disc_k04/groth16/j7,eravm-29,True
AC-ERAVM-frame-closure,c1_ctx_k32/groth16/j0,eravm-29,True
AC-STRUCT-ERAVM-precompile-counts,c1_ctx_k32/groth16/j0,eravm-29,True
AC-ERAVM-frame-closure,c1_ctx_k32/groth16/j1,eravm-29,True
AC-STRUCT-ERAVM-precompile-counts,c1_ctx_k32/groth16/j1,eravm-29,True
AC-ERAVM-frame-closure,c1_ctx_k32/groth16/j2,eravm-29,True
AC-STRUCT-ERAVM-precompile-counts,c1_ctx_k32/groth16/j2,eravm-29,True
AC-ERAVM-frame-closure,c1_ctx_k32/groth16/j3,eravm-29,True
AC-STRUCT-ERAVM-precompile-counts,c1_ctx_k32/groth16/j3,eravm-29,True
AC-ERAVM-frame-closure,c1_ctx_k32/groth16/j4,eravm-29,True
AC-STRUCT-ERAVM-precompile-counts,c1_ctx_k32/groth16/j4,eravm-29,True
AC-ERAVM-frame-closure,c1_ctx_k32/groth16/j5,eravm-29,True
AC-STRUCT-ERAVM-precompile-counts,c1_ctx_k32/groth16/j5,eravm-29,True
AC-ERAVM-frame-closure,c1_ctx_k32/groth16/j6,eravm-29,True
AC-STRUCT-ERAVM-precompile-counts,c1_ctx_k32/groth16/j6,eravm-29,True
AC-ERAVM-frame-closure,c1_ctx_k32/groth16/j7,eravm-29,True
AC-STRUCT-ERAVM-precompile-counts,c1_ctx_k32/groth16/j7,eravm-29,True
AC-EVM-trace-closure,c1_ctx_k32/plonk/j0,evm-osaka,True
AC-STRUCT-EVM-precompile-counts,c1_ctx_k32/plonk/j0,evm-osaka,True
AC-STRUCT-EVM-transcript-rounds,c1_ctx_k32/plonk/j0,evm-osaka,True
AC-EVM-trace-closure,c1_ctx_k32/plonk/j1,evm-osaka,True
AC-STRUCT-EVM-precompile-counts,c1_ctx_k32/plonk/j1,evm-osaka,True
AC-STRUCT-EVM-transcript-rounds,c1_ctx_k32/plonk/j1,evm-osaka,True
AC-EVM-trace-closure,c1_ctx_k32/plonk/j2,evm-osaka,True
AC-STRUCT-EVM-precompile-counts,c1_ctx_k32/plonk/j2,evm-osaka,True
AC-STRUCT-EVM-transcript-rounds,c1_ctx_k32/plonk/j2,evm-osaka,True
AC-EVM-trace-closure,c1_ctx_k32/plonk/j3,evm-osaka,True
AC-STRUCT-EVM-precompile-counts,c1_ctx_k32/plonk/j3,evm-osaka,True
AC-STRUCT-EVM-transcript-rounds,c1_ctx_k32/plonk/j3,evm-osaka,True
AC-EVM-trace-closure,c1_ctx_k32/plonk/j4,evm-osaka,True
AC-STRUCT-EVM-precompile-counts,c1_ctx_k32/plonk/j4,evm-osaka,True
AC-STRUCT-EVM-transcript-rounds,c1_ctx_k32/plonk/j4,evm-osaka,True
AC-EVM-trace-closure,c1_ctx_k32/plonk/j5,evm-osaka,True
AC-STRUCT-EVM-precompile-counts,c1_ctx_k32/plonk/j5,evm-osaka,True
AC-STRUCT-EVM-transcript-rounds,c1_ctx_k32/plonk/j5,evm-osaka,True
AC-EVM-trace-closure,c1_ctx_k32/plonk/j6,evm-osaka,True
AC-STRUCT-EVM-precompile-counts,c1_ctx_k32/plonk/j6,evm-osaka,True
AC-STRUCT-EVM-transcript-rounds,c1_ctx_k32/plonk/j6,evm-osaka,True
AC-EVM-trace-closure,c1_ctx_k32/plonk/j7,evm-osaka,True
AC-STRUCT-EVM-precompile-counts,c1_ctx_k32/plonk/j7,evm-osaka,True
AC-STRUCT-EVM-transcript-rounds,c1_ctx_k32/plonk/j7,evm-osaka,True
AC-ERAVM-frame-closure,c1_disc_k04/plonk/j0,eravm-29,True
AC-STRUCT-ERAVM-precompile-counts,c1_disc_k04/plonk/j0,eravm-29,True
AC-ERAVM-frame-closure,c1_disc_k04/plonk/j1,eravm-29,True
AC-STRUCT-ERAVM-precompile-counts,c1_disc_k04/plonk/j1,eravm-29,True
AC-ERAVM-frame-closure,c1_disc_k04/plonk/j2,eravm-29,True
AC-STRUCT-ERAVM-precompile-counts,c1_disc_k04/plonk/j2,eravm-29,True
AC-ERAVM-frame-closure,c1_disc_k04/plonk/j3,eravm-29,True
AC-STRUCT-ERAVM-precompile-counts,c1_disc_k04/plonk/j3,eravm-29,True
AC-ERAVM-frame-closure,c1_disc_k04/plonk/j4,eravm-29,True
AC-STRUCT-ERAVM-precompile-counts,c1_disc_k04/plonk/j4,eravm-29,True
AC-ERAVM-frame-closure,c1_disc_k04/plonk/j5,eravm-29,True
AC-STRUCT-ERAVM-precompile-counts,c1_disc_k04/plonk/j5,eravm-29,True
AC-ERAVM-frame-closure,c1_disc_k04/plonk/j6,eravm-29,True
AC-STRUCT-ERAVM-precompile-counts,c1_disc_k04/plonk/j6,eravm-29,True
AC-ERAVM-frame-closure,c1_disc_k04/plonk/j7,eravm-29,True
AC-STRUCT-ERAVM-precompile-counts,c1_disc_k04/plonk/j7,eravm-29,True
AC-EVM-trace-closure,c1_ctx_k32/groth16/j0,evm-osaka,True
AC-STRUCT-EVM-precompile-counts,c1_ctx_k32/groth16/j0,evm-osaka,True
AC-STRUCT-EVM-transcript-rounds,c1_ctx_k32/groth16/j0,evm-osaka,True
AC-EVM-trace-closure,c1_ctx_k32/groth16/j1,evm-osaka,True
AC-STRUCT-EVM-precompile-counts,c1_ctx_k32/groth16/j1,evm-osaka,True
AC-STRUCT-EVM-transcript-rounds,c1_ctx_k32/groth16/j1,evm-osaka,True
AC-EVM-trace-closure,c1_ctx_k32/groth16/j2,evm-osaka,True
AC-STRUCT-EVM-precompile-counts,c1_ctx_k32/groth16/j2,evm-osaka,True
AC-STRUCT-EVM-transcript-rounds,c1_ctx_k32/groth16/j2,evm-osaka,True
AC-EVM-trace-closure,c1_ctx_k32/groth16/j3,evm-osaka,True
AC-STRUCT-EVM-precompile-counts,c1_ctx_k32/groth16/j3,evm-osaka,True
AC-STRUCT-EVM-transcript-rounds,c1_ctx_k32/groth16/j3,evm-osaka,True
AC-EVM-trace-closure,c1_ctx_k32/groth16/j4,evm-osaka,True
AC-STRUCT-EVM-precompile-counts,c1_ctx_k32/groth16/j4,evm-osaka,True
AC-STRUCT-EVM-transcript-rounds,c1_ctx_k32/groth16/j4,evm-osaka,True
AC-EVM-trace-closure,c1_ctx_k32/groth16/j5,evm-osaka,True
AC-STRUCT-EVM-precompile-counts,c1_ctx_k32/groth16/j5,evm-osaka,True
AC-STRUCT-EVM-transcript-rounds,c1_ctx_k32/groth16/j5,evm-osaka,True
AC-EVM-trace-closure,c1_ctx_k32/groth16/j6,evm-osaka,True
AC-STRUCT-EVM-precompile-counts,c1_ctx_k32/groth16/j6,evm-osaka,True
AC-STRUCT-EVM-transcript-rounds,c1_ctx_k32/groth16/j6,evm-osaka,True
AC-EVM-trace-closure,c1_ctx_k32/groth16/j7,evm-osaka,True
AC-STRUCT-EVM-precompile-counts,c1_ctx_k32/groth16/j7,evm-osaka,True
AC-STRUCT-EVM-transcript-rounds,c1_ctx_k32/groth16/j7,evm-osaka,True
AC-ERAVM-frame-closure,c1_ctx_k16/plonk/j0,eravm-27,True
AC-STRUCT-ERAVM-precompile-counts,c1_ctx_k16/plonk/j0,eravm-27,True
AC-ERAVM-frame-closure,c1_ctx_k16/plonk/j1,eravm-27,True
AC-STRUCT-ERAVM-precompile-counts,c1_ctx_k16/plonk/j1,eravm-27,True
AC-ERAVM-frame-closure,c1_ctx_k16/plonk/j2,eravm-27,True
AC-STRUCT-ERAVM-precompile-counts,c1_ctx_k16/plonk/j2,eravm-27,True
AC-ERAVM-frame-closure,c1_ctx_k16/plonk/j3,eravm-27,True
AC-STRUCT-ERAVM-precompile-counts,c1_ctx_k16/plonk/j3,eravm-27,True
AC-ERAVM-frame-closure,c1_ctx_k16/plonk/j4,eravm-27,True
AC-STRUCT-ERAVM-precompile-counts,c1_ctx_k16/plonk/j4,eravm-27,True
AC-ERAVM-frame-closure,c1_ctx_k16/plonk/j5,eravm-27,True
AC-STRUCT-ERAVM-precompile-counts,c1_ctx_k16/plonk/j5,eravm-27,True
AC-ERAVM-frame-closure,c1_ctx_k16/plonk/j6,eravm-27,True
AC-STRUCT-ERAVM-precompile-counts,c1_ctx_k16/plonk/j6,eravm-27,True
AC-ERAVM-frame-closure,c1_ctx_k16/plonk/j7,eravm-27,True
AC-STRUCT-ERAVM-precompile-counts,c1_ctx_k16/plonk/j7,eravm-27,True
AC-ERAVM-frame-closure,c1_ctx_k08/plonk/j0,eravm-29,True
AC-STRUCT-ERAVM-precompile-counts,c1_ctx_k08/plonk/j0,eravm-29,True
AC-ERAVM-frame-closure,c1_ctx_k08/plonk/j1,eravm-29,True
AC-STRUCT-ERAVM-precompile-counts,c1_ctx_k08/plonk/j1,eravm-29,True
AC-ERAVM-frame-closure,c1_ctx_k08/plonk/j2,eravm-29,True
AC-STRUCT-ERAVM-precompile-counts,c1_ctx_k08/plonk/j2,eravm-29,True
AC-ERAVM-frame-closure,c1_ctx_k08/plonk/j3,eravm-29,True
AC-STRUCT-ERAVM-precompile-counts,c1_ctx_k08/plonk/j3,eravm-29,True
AC-ERAVM-frame-closure,c1_ctx_k08/plonk/j4,eravm-29,True
AC-STRUCT-ERAVM-precompile-counts,c1_ctx_k08/plonk/j4,eravm-29,True
AC-ERAVM-frame-closure,c1_ctx_k08/plonk/j5,eravm-29,True
AC-STRUCT-ERAVM-precompile-counts,c1_ctx_k08/plonk/j5,eravm-29,True
AC-ERAVM-frame-closure,c1_ctx_k08/plonk/j6,eravm-29,True
AC-STRUCT-ERAVM-precompile-counts,c1_ctx_k08/plonk/j6,eravm-29,True
AC-ERAVM-frame-closure,c1_ctx_k08/plonk/j7,eravm-29,True
AC-STRUCT-ERAVM-precompile-counts,c1_ctx_k08/plonk/j7,eravm-29,True
AC-ERAVM-frame-closure,c1_ctx_k06/plonk/j0,eravm-29,True
AC-STRUCT-ERAVM-precompile-counts,c1_ctx_k06/plonk/j0,eravm-29,True
AC-ERAVM-frame-closure,c1_ctx_k06/plonk/j1,eravm-29,True
AC-STRUCT-ERAVM-precompile-counts,c1_ctx_k06/plonk/j1,eravm-29,True
AC-ERAVM-frame-closure,c1_ctx_k06/plonk/j2,eravm-29,True
AC-STRUCT-ERAVM-precompile-counts,c1_ctx_k06/plonk/j2,eravm-29,True
AC-ERAVM-frame-closure,c1_ctx_k06/plonk/j3,eravm-29,True
AC-STRUCT-ERAVM-precompile-counts,c1_ctx_k06/plonk/j3,eravm-29,True
AC-ERAVM-frame-closure,c1_ctx_k06/plonk/j4,eravm-29,True
AC-STRUCT-ERAVM-precompile-counts,c1_ctx_k06/plonk/j4,eravm-29,True
AC-ERAVM-frame-closure,c1_ctx_k06/plonk/j5,eravm-29,True
AC-STRUCT-ERAVM-precompile-counts,c1_ctx_k06/plonk/j5,eravm-29,True
AC-ERAVM-frame-closure,c1_ctx_k06/plonk/j6,eravm-29,True
AC-STRUCT-ERAVM-precompile-counts,c1_ctx_k06/plonk/j6,eravm-29,True
AC-ERAVM-frame-closure,c1_ctx_k06/plonk/j7,eravm-29,True
AC-STRUCT-ERAVM-precompile-counts,c1_ctx_k06/plonk/j7,eravm-29,True
AC-EVM-trace-closure,c1_a8/plonk/j0,evm-osaka,True
AC-STRUCT-EVM-precompile-counts,c1_a8/plonk/j0,evm-osaka,True
AC-STRUCT-EVM-transcript-rounds,c1_a8/plonk/j0,evm-osaka,True
AC-EVM-trace-closure,c1_a8/plonk/j1,evm-osaka,True
AC-STRUCT-EVM-precompile-counts,c1_a8/plonk/j1,evm-osaka,True
AC-STRUCT-EVM-transcript-rounds,c1_a8/plonk/j1,evm-osaka,True
AC-EVM-trace-closure,c1_a8/plonk/j2,evm-osaka,True
AC-STRUCT-EVM-precompile-counts,c1_a8/plonk/j2,evm-osaka,True
AC-STRUCT-EVM-transcript-rounds,c1_a8/plonk/j2,evm-osaka,True
AC-EVM-trace-closure,c1_a8/plonk/j3,evm-osaka,True
AC-STRUCT-EVM-precompile-counts,c1_a8/plonk/j3,evm-osaka,True
AC-STRUCT-EVM-transcript-rounds,c1_a8/plonk/j3,evm-osaka,True
AC-EVM-trace-closure,c1_a8/plonk/j4,evm-osaka,True
AC-STRUCT-EVM-precompile-counts,c1_a8/plonk/j4,evm-osaka,True
AC-STRUCT-EVM-transcript-rounds,c1_a8/plonk/j4,evm-osaka,True
AC-EVM-trace-closure,c1_a8/plonk/j5,evm-osaka,True
AC-STRUCT-EVM-precompile-counts,c1_a8/plonk/j5,evm-osaka,True
AC-STRUCT-EVM-transcript-rounds,c1_a8/plonk/j5,evm-osaka,True
AC-EVM-trace-closure,c1_a8/plonk/j6,evm-osaka,True
AC-STRUCT-EVM-precompile-counts,c1_a8/plonk/j6,evm-osaka,True
AC-STRUCT-EVM-transcript-rounds,c1_a8/plonk/j6,evm-osaka,True
AC-EVM-trace-closure,c1_a8/plonk/j7,evm-osaka,True
AC-STRUCT-EVM-precompile-counts,c1_a8/plonk/j7,evm-osaka,True
AC-STRUCT-EVM-transcript-rounds,c1_a8/plonk/j7,evm-osaka,True
AC-ERAVM-frame-closure,c1_ctx_k64/groth16/j0,eravm-29,True
AC-STRUCT-ERAVM-precompile-counts,c1_ctx_k64/groth16/j0,eravm-29,True
AC-ERAVM-frame-closure,c1_ctx_k64/groth16/j1,eravm-29,True
AC-STRUCT-ERAVM-precompile-counts,c1_ctx_k64/groth16/j1,eravm-29,True
AC-ERAVM-frame-closure,c1_ctx_k64/groth16/j2,eravm-29,True
AC-STRUCT-ERAVM-precompile-counts,c1_ctx_k64/groth16/j2,eravm-29,True
AC-ERAVM-frame-closure,c1_ctx_k64/groth16/j3,eravm-29,True
AC-STRUCT-ERAVM-precompile-counts,c1_ctx_k64/groth16/j3,eravm-29,True
AC-ERAVM-frame-closure,c1_ctx_k64/groth16/j4,eravm-29,True
AC-STRUCT-ERAVM-precompile-counts,c1_ctx_k64/groth16/j4,eravm-29,True
AC-ERAVM-frame-closure,c1_ctx_k64/groth16/j5,eravm-29,True
AC-STRUCT-ERAVM-precompile-counts,c1_ctx_k64/groth16/j5,eravm-29,True
AC-ERAVM-frame-closure,c1_ctx_k64/groth16/j6,eravm-29,True
AC-STRUCT-ERAVM-precompile-counts,c1_ctx_k64/groth16/j6,eravm-29,True
AC-ERAVM-frame-closure,c1_ctx_k64/groth16/j7,eravm-29,True
AC-STRUCT-ERAVM-precompile-counts,c1_ctx_k64/groth16/j7,eravm-29,True
AC-EVM-trace-closure,c1_ctx_k06/plonk/j0,evm-osaka,True
AC-STRUCT-EVM-precompile-counts,c1_ctx_k06/plonk/j0,evm-osaka,True
AC-STRUCT-EVM-transcript-rounds,c1_ctx_k06/plonk/j0,evm-osaka,True
AC-EVM-trace-closure,c1_ctx_k06/plonk/j1,evm-osaka,True
AC-STRUCT-EVM-precompile-counts,c1_ctx_k06/plonk/j1,evm-osaka,True
AC-STRUCT-EVM-transcript-rounds,c1_ctx_k06/plonk/j1,evm-osaka,True
AC-EVM-trace-closure,c1_ctx_k06/plonk/j2,evm-osaka,True
AC-STRUCT-EVM-precompile-counts,c1_ctx_k06/plonk/j2,evm-osaka,True
AC-STRUCT-EVM-transcript-rounds,c1_ctx_k06/plonk/j2,evm-osaka,True
AC-EVM-trace-closure,c1_ctx_k06/plonk/j3,evm-osaka,True
AC-STRUCT-EVM-precompile-counts,c1_ctx_k06/plonk/j3,evm-osaka,True
AC-STRUCT-EVM-transcript-rounds,c1_ctx_k06/plonk/j3,evm-osaka,True
AC-EVM-trace-closure,c1_ctx_k06/plonk/j4,evm-osaka,True
AC-STRUCT-EVM-precompile-counts,c1_ctx_k06/plonk/j4,evm-osaka,True
AC-STRUCT-EVM-transcript-rounds,c1_ctx_k06/plonk/j4,evm-osaka,True
AC-EVM-trace-closure,c1_ctx_k06/plonk/j5,evm-osaka,True
AC-STRUCT-EVM-precompile-counts,c1_ctx_k06/plonk/j5,evm-osaka,True
AC-STRUCT-EVM-transcript-rounds,c1_ctx_k06/plonk/j5,evm-osaka,True
AC-EVM-trace-closure,c1_ctx_k06/plonk/j6,evm-osaka,True
AC-STRUCT-EVM-precompile-counts,c1_ctx_k06/plonk/j6,evm-osaka,True
AC-STRUCT-EVM-transcript-rounds,c1_ctx_k06/plonk/j6,evm-osaka,True
AC-EVM-trace-closure,c1_ctx_k06/plonk/j7,evm-osaka,True
AC-STRUCT-EVM-precompile-counts,c1_ctx_k06/plonk/j7,evm-osaka,True
AC-STRUCT-EVM-transcript-rounds,c1_ctx_k06/plonk/j7,evm-osaka,True
AC-ZK-gas-rule,c1_k01/plonk/j0,zkos-v32@npg100,True
AC-ZK-gas-rule,c1_k01/plonk/j1,zkos-v32@npg100,True
AC-ZK-gas-rule,c1_k01/plonk/j2,zkos-v32@npg100,True
AC-ZK-gas-rule,c1_k01/plonk/j3,zkos-v32@npg100,True
AC-ZK-gas-rule,c1_k01/plonk/j4,zkos-v32@npg100,True
AC-ZK-gas-rule,c1_k01/plonk/j5,zkos-v32@npg100,True
AC-ZK-gas-rule,c1_k01/plonk/j6,zkos-v32@npg100,True
AC-ZK-gas-rule,c1_k01/plonk/j7,zkos-v32@npg100,True
AC-ZK-gas-rule,c1_k01/plonk/j0,zkos-v32@npg100,True
AC-ZK-gas-rule,c1_k01/plonk/j1,zkos-v32@npg100,True
AC-ZK-gas-rule,c1_k01/plonk/j2,zkos-v32@npg100,True
AC-ZK-gas-rule,c1_k01/plonk/j3,zkos-v32@npg100,True
AC-ZK-gas-rule,c1_k01/plonk/j4,zkos-v32@npg100,True
AC-ZK-gas-rule,c1_k01/plonk/j5,zkos-v32@npg100,True
AC-ZK-gas-rule,c1_k01/plonk/j6,zkos-v32@npg100,True
AC-ZK-gas-rule,c1_k01/plonk/j7,zkos-v32@npg100,True
AC-ZK-gas-rule,c1_ctx_k02/plonk/j0,zkos-v32@npg100,True
AC-ZK-gas-rule,c1_ctx_k02/plonk/j1,zkos-v32@npg100,True
AC-ZK-gas-rule,c1_ctx_k02/plonk/j2,zkos-v32@npg100,True
AC-ZK-gas-rule,c1_ctx_k02/plonk/j3,zkos-v32@npg100,True
AC-ZK-gas-rule,c1_ctx_k02/plonk/j4,zkos-v32@npg100,True
AC-ZK-gas-rule,c1_ctx_k02/plonk/j5,zkos-v32@npg100,True
AC-ZK-gas-rule,c1_ctx_k02/plonk/j6,zkos-v32@npg100,True
AC-ZK-gas-rule,c1_ctx_k02/plonk/j7,zkos-v32@npg100,True
AC-ZK-gas-rule,c1_ctx_k02/plonk/j0,zkos-v32@npg100,True
AC-ZK-gas-rule,c1_ctx_k02/plonk/j1,zkos-v32@npg100,True
AC-ZK-gas-rule,c1_ctx_k02/plonk/j2,zkos-v32@npg100,True
AC-ZK-gas-rule,c1_ctx_k02/plonk/j3,zkos-v32@npg100,True
AC-ZK-gas-rule,c1_ctx_k02/plonk/j4,zkos-v32@npg100,True
AC-ZK-gas-rule,c1_ctx_k02/plonk/j5,zkos-v32@npg100,True
AC-ZK-gas-rule,c1_ctx_k02/plonk/j6,zkos-v32@npg100,True
AC-ZK-gas-rule,c1_ctx_k02/plonk/j7,zkos-v32@npg100,True
AC-ZK-gas-rule,c1_k01/plonk/j0,zkos-v32@npg139,True
AC-ZK-gas-rule,c1_k01/plonk/j1,zkos-v32@npg139,True
AC-ZK-gas-rule,c1_k01/plonk/j2,zkos-v32@npg139,True
AC-ZK-gas-rule,c1_k01/plonk/j3,zkos-v32@npg139,True
AC-ZK-gas-rule,c1_k01/plonk/j4,zkos-v32@npg139,True
AC-ZK-gas-rule,c1_k01/plonk/j5,zkos-v32@npg139,True
AC-ZK-gas-rule,c1_k01/plonk/j6,zkos-v32@npg139,True
AC-ZK-gas-rule,c1_k01/plonk/j7,zkos-v32@npg139,True
AC-ZK-gas-rule,c1_k01/plonk/j0,zkos-v32@npg139,True
AC-ZK-gas-rule,c1_k01/plonk/j1,zkos-v32@npg139,True
AC-ZK-gas-rule,c1_k01/plonk/j2,zkos-v32@npg139,True
AC-ZK-gas-rule,c1_k01/plonk/j3,zkos-v32@npg139,True
AC-ZK-gas-rule,c1_k01/plonk/j4,zkos-v32@npg139,True
AC-ZK-gas-rule,c1_k01/plonk/j5,zkos-v32@npg139,True
AC-ZK-gas-rule,c1_k01/plonk/j6,zkos-v32@npg139,True
AC-ZK-gas-rule,c1_k01/plonk/j7,zkos-v32@npg139,True
AC-ZK-gas-rule,c1_ctx_k02/groth16/j0,zkos-v32@npg100,True
AC-ZK-gas-rule,c1_ctx_k02/groth16/j1,zkos-v32@npg100,True
AC-ZK-gas-rule,c1_ctx_k02/groth16/j2,zkos-v32@npg100,True
AC-ZK-gas-rule,c1_ctx_k02/groth16/j3,zkos-v32@npg100,True
AC-ZK-gas-rule,c1_ctx_k02/groth16/j4,zkos-v32@npg100,True
AC-ZK-gas-rule,c1_ctx_k02/groth16/j5,zkos-v32@npg100,True
AC-ZK-gas-rule,c1_ctx_k02/groth16/j6,zkos-v32@npg100,True
AC-ZK-gas-rule,c1_ctx_k02/groth16/j7,zkos-v32@npg100,True
AC-ZK-gas-rule,c1_ctx_k02/groth16/j0,zkos-v32@npg100,True
AC-ZK-gas-rule,c1_ctx_k02/groth16/j1,zkos-v32@npg100,True
AC-ZK-gas-rule,c1_ctx_k02/groth16/j2,zkos-v32@npg100,True
AC-ZK-gas-rule,c1_ctx_k02/groth16/j3,zkos-v32@npg100,True
AC-ZK-gas-rule,c1_ctx_k02/groth16/j4,zkos-v32@npg100,True
AC-ZK-gas-rule,c1_ctx_k02/groth16/j5,zkos-v32@npg100,True
AC-ZK-gas-rule,c1_ctx_k02/groth16/j6,zkos-v32@npg100,True
AC-ZK-gas-rule,c1_ctx_k02/groth16/j7,zkos-v32@npg100,True
AC-ZK-gas-rule,c1_k01/groth16/j0,zkos-v32@npg100,True
AC-ZK-gas-rule,c1_k01/groth16/j1,zkos-v32@npg100,True
AC-ZK-gas-rule,c1_k01/groth16/j2,zkos-v32@npg100,True
AC-ZK-gas-rule,c1_k01/groth16/j3,zkos-v32@npg100,True
AC-ZK-gas-rule,c1_k01/groth16/j4,zkos-v32@npg100,True
AC-ZK-gas-rule,c1_k01/groth16/j5,zkos-v32@npg100,True
AC-ZK-gas-rule,c1_k01/groth16/j6,zkos-v32@npg100,True
AC-ZK-gas-rule,c1_k01/groth16/j7,zkos-v32@npg100,True
AC-ZK-gas-rule,c1_k01/groth16/j0,zkos-v32@npg100,True
AC-ZK-gas-rule,c1_k01/groth16/j1,zkos-v32@npg100,True
AC-ZK-gas-rule,c1_k01/groth16/j2,zkos-v32@npg100,True
AC-ZK-gas-rule,c1_k01/groth16/j3,zkos-v32@npg100,True
AC-ZK-gas-rule,c1_k01/groth16/j4,zkos-v32@npg100,True
AC-ZK-gas-rule,c1_k01/groth16/j5,zkos-v32@npg100,True
AC-ZK-gas-rule,c1_k01/groth16/j6,zkos-v32@npg100,True
AC-ZK-gas-rule,c1_k01/groth16/j7,zkos-v32@npg100,True
AC-ZK-gas-rule,c1_ctx_k04/plonk/j0,zkos-v32@npg100,True
AC-ZK-gas-rule,c1_ctx_k04/plonk/j1,zkos-v32@npg100,True
AC-ZK-gas-rule,c1_ctx_k04/plonk/j2,zkos-v32@npg100,True
AC-ZK-gas-rule,c1_ctx_k04/plonk/j3,zkos-v32@npg100,True
AC-ZK-gas-rule,c1_ctx_k04/plonk/j4,zkos-v32@npg100,True
AC-ZK-gas-rule,c1_ctx_k04/plonk/j5,zkos-v32@npg100,True
AC-ZK-gas-rule,c1_ctx_k04/plonk/j6,zkos-v32@npg100,True
AC-ZK-gas-rule,c1_ctx_k04/plonk/j7,zkos-v32@npg100,True
AC-ZK-gas-rule,c1_ctx_k04/plonk/j0,zkos-v32@npg100,True
AC-ZK-gas-rule,c1_ctx_k04/plonk/j1,zkos-v32@npg100,True
AC-ZK-gas-rule,c1_ctx_k04/plonk/j2,zkos-v32@npg100,True
AC-ZK-gas-rule,c1_ctx_k04/plonk/j3,zkos-v32@npg100,True
AC-ZK-gas-rule,c1_ctx_k04/plonk/j4,zkos-v32@npg100,True
AC-ZK-gas-rule,c1_ctx_k04/plonk/j5,zkos-v32@npg100,True
AC-ZK-gas-rule,c1_ctx_k04/plonk/j6,zkos-v32@npg100,True
AC-ZK-gas-rule,c1_ctx_k04/plonk/j7,zkos-v32@npg100,True
AC-ZK-gas-rule,c1_k01/plonk/j0,zkos-v32@npg171,True
AC-ZK-gas-rule,c1_k01/plonk/j1,zkos-v32@npg171,True
AC-ZK-gas-rule,c1_k01/plonk/j2,zkos-v32@npg171,True
AC-ZK-gas-rule,c1_k01/plonk/j3,zkos-v32@npg171,True
AC-ZK-gas-rule,c1_k01/plonk/j4,zkos-v32@npg171,True
AC-ZK-gas-rule,c1_k01/plonk/j5,zkos-v32@npg171,True
AC-ZK-gas-rule,c1_k01/plonk/j6,zkos-v32@npg171,True
AC-ZK-gas-rule,c1_k01/plonk/j7,zkos-v32@npg171,True
AC-ZK-gas-rule,c1_k01/plonk/j0,zkos-v32@npg171,True
AC-ZK-gas-rule,c1_k01/plonk/j1,zkos-v32@npg171,True
AC-ZK-gas-rule,c1_k01/plonk/j2,zkos-v32@npg171,True
AC-ZK-gas-rule,c1_k01/plonk/j3,zkos-v32@npg171,True
AC-ZK-gas-rule,c1_k01/plonk/j4,zkos-v32@npg171,True
AC-ZK-gas-rule,c1_k01/plonk/j5,zkos-v32@npg171,True
AC-ZK-gas-rule,c1_k01/plonk/j6,zkos-v32@npg171,True
AC-ZK-gas-rule,c1_k01/plonk/j7,zkos-v32@npg171,True
AC-ZK-gas-rule,c1_k01/plonk/j0,zkos-v32@npg300,True
AC-ZK-gas-rule,c1_k01/plonk/j1,zkos-v32@npg300,True
AC-ZK-gas-rule,c1_k01/plonk/j2,zkos-v32@npg300,True
AC-ZK-gas-rule,c1_k01/plonk/j3,zkos-v32@npg300,True
AC-ZK-gas-rule,c1_k01/plonk/j4,zkos-v32@npg300,True
AC-ZK-gas-rule,c1_k01/plonk/j5,zkos-v32@npg300,True
AC-ZK-gas-rule,c1_k01/plonk/j6,zkos-v32@npg300,True
AC-ZK-gas-rule,c1_k01/plonk/j7,zkos-v32@npg300,True
AC-ZK-gas-rule,c1_k01/plonk/j0,zkos-v32@npg300,True
AC-ZK-gas-rule,c1_k01/plonk/j1,zkos-v32@npg300,True
AC-ZK-gas-rule,c1_k01/plonk/j2,zkos-v32@npg300,True
AC-ZK-gas-rule,c1_k01/plonk/j3,zkos-v32@npg300,True
AC-ZK-gas-rule,c1_k01/plonk/j4,zkos-v32@npg300,True
AC-ZK-gas-rule,c1_k01/plonk/j5,zkos-v32@npg300,True
AC-ZK-gas-rule,c1_k01/plonk/j6,zkos-v32@npg300,True
AC-ZK-gas-rule,c1_k01/plonk/j7,zkos-v32@npg300,True
AC-ZK-gas-rule,c1_ctx_k16/groth16/j0,zkos-v32@npg100,True
AC-ZK-gas-rule,c1_ctx_k16/groth16/j1,zkos-v32@npg100,True
AC-ZK-gas-rule,c1_ctx_k16/groth16/j2,zkos-v32@npg100,True
AC-ZK-gas-rule,c1_ctx_k16/groth16/j3,zkos-v32@npg100,True
AC-ZK-gas-rule,c1_ctx_k16/groth16/j4,zkos-v32@npg100,True
AC-ZK-gas-rule,c1_ctx_k16/groth16/j5,zkos-v32@npg100,True
AC-ZK-gas-rule,c1_ctx_k16/groth16/j6,zkos-v32@npg100,True
AC-ZK-gas-rule,c1_ctx_k16/groth16/j7,zkos-v32@npg100,True
AC-ZK-gas-rule,c1_ctx_k16/groth16/j0,zkos-v32@npg100,True
AC-ZK-gas-rule,c1_ctx_k16/groth16/j1,zkos-v32@npg100,True
AC-ZK-gas-rule,c1_ctx_k16/groth16/j2,zkos-v32@npg100,True
AC-ZK-gas-rule,c1_ctx_k16/groth16/j3,zkos-v32@npg100,True
AC-ZK-gas-rule,c1_ctx_k16/groth16/j4,zkos-v32@npg100,True
AC-ZK-gas-rule,c1_ctx_k16/groth16/j5,zkos-v32@npg100,True
AC-ZK-gas-rule,c1_ctx_k16/groth16/j6,zkos-v32@npg100,True
AC-ZK-gas-rule,c1_ctx_k16/groth16/j7,zkos-v32@npg100,True
AC-ZK-gas-rule,c1_ctx_k04/groth16/j0,zkos-v32@npg100,True
AC-ZK-gas-rule,c1_ctx_k04/groth16/j1,zkos-v32@npg100,True
AC-ZK-gas-rule,c1_ctx_k04/groth16/j2,zkos-v32@npg100,True
AC-ZK-gas-rule,c1_ctx_k04/groth16/j3,zkos-v32@npg100,True
AC-ZK-gas-rule,c1_ctx_k04/groth16/j4,zkos-v32@npg100,True
AC-ZK-gas-rule,c1_ctx_k04/groth16/j5,zkos-v32@npg100,True
AC-ZK-gas-rule,c1_ctx_k04/groth16/j6,zkos-v32@npg100,True
AC-ZK-gas-rule,c1_ctx_k04/groth16/j7,zkos-v32@npg100,True
AC-ZK-gas-rule,c1_ctx_k04/groth16/j0,zkos-v32@npg100,True
AC-ZK-gas-rule,c1_ctx_k04/groth16/j1,zkos-v32@npg100,True
AC-ZK-gas-rule,c1_ctx_k04/groth16/j2,zkos-v32@npg100,True
AC-ZK-gas-rule,c1_ctx_k04/groth16/j3,zkos-v32@npg100,True
AC-ZK-gas-rule,c1_ctx_k04/groth16/j4,zkos-v32@npg100,True
AC-ZK-gas-rule,c1_ctx_k04/groth16/j5,zkos-v32@npg100,True
AC-ZK-gas-rule,c1_ctx_k04/groth16/j6,zkos-v32@npg100,True
AC-ZK-gas-rule,c1_ctx_k04/groth16/j7,zkos-v32@npg100,True
AC-ZK-gas-rule,c1_k01/plonk/j0,zkos-v32@npg169,True
AC-ZK-gas-rule,c1_k01/plonk/j1,zkos-v32@npg169,True
AC-ZK-gas-rule,c1_k01/plonk/j2,zkos-v32@npg169,True
AC-ZK-gas-rule,c1_k01/plonk/j3,zkos-v32@npg169,True
AC-ZK-gas-rule,c1_k01/plonk/j4,zkos-v32@npg169,True
AC-ZK-gas-rule,c1_k01/plonk/j5,zkos-v32@npg169,True
AC-ZK-gas-rule,c1_k01/plonk/j6,zkos-v32@npg169,True
AC-ZK-gas-rule,c1_k01/plonk/j7,zkos-v32@npg169,True
AC-ZK-gas-rule,c1_k01/plonk/j0,zkos-v32@npg169,True
AC-ZK-gas-rule,c1_k01/plonk/j1,zkos-v32@npg169,True
AC-ZK-gas-rule,c1_k01/plonk/j2,zkos-v32@npg169,True
AC-ZK-gas-rule,c1_k01/plonk/j3,zkos-v32@npg169,True
AC-ZK-gas-rule,c1_k01/plonk/j4,zkos-v32@npg169,True
AC-ZK-gas-rule,c1_k01/plonk/j5,zkos-v32@npg169,True
AC-ZK-gas-rule,c1_k01/plonk/j6,zkos-v32@npg169,True
AC-ZK-gas-rule,c1_k01/plonk/j7,zkos-v32@npg169,True
AC-ZK-gas-rule,c1_ctx_k16/plonk/j0,zkos-v32@npg100,True
AC-ZK-gas-rule,c1_ctx_k16/plonk/j1,zkos-v32@npg100,True
AC-ZK-gas-rule,c1_ctx_k16/plonk/j2,zkos-v32@npg100,True
AC-ZK-gas-rule,c1_ctx_k16/plonk/j3,zkos-v32@npg100,True
AC-ZK-gas-rule,c1_ctx_k16/plonk/j4,zkos-v32@npg100,True
AC-ZK-gas-rule,c1_ctx_k16/plonk/j5,zkos-v32@npg100,True
AC-ZK-gas-rule,c1_ctx_k16/plonk/j6,zkos-v32@npg100,True
AC-ZK-gas-rule,c1_ctx_k16/plonk/j7,zkos-v32@npg100,True
AC-ZK-gas-rule,c1_ctx_k16/plonk/j0,zkos-v32@npg100,True
AC-ZK-gas-rule,c1_ctx_k16/plonk/j1,zkos-v32@npg100,True
AC-ZK-gas-rule,c1_ctx_k16/plonk/j2,zkos-v32@npg100,True
AC-ZK-gas-rule,c1_ctx_k16/plonk/j3,zkos-v32@npg100,True
AC-ZK-gas-rule,c1_ctx_k16/plonk/j4,zkos-v32@npg100,True
AC-ZK-gas-rule,c1_ctx_k16/plonk/j5,zkos-v32@npg100,True
AC-ZK-gas-rule,c1_ctx_k16/plonk/j6,zkos-v32@npg100,True
AC-ZK-gas-rule,c1_ctx_k16/plonk/j7,zkos-v32@npg100,True
AC-ZK-gas-rule,c1_k01/groth16/j0,zkos-v32@npg300,True
AC-ZK-gas-rule,c1_k01/groth16/j1,zkos-v32@npg300,True
AC-ZK-gas-rule,c1_k01/groth16/j2,zkos-v32@npg300,True
AC-ZK-gas-rule,c1_k01/groth16/j3,zkos-v32@npg300,True
AC-ZK-gas-rule,c1_k01/groth16/j4,zkos-v32@npg300,True
AC-ZK-gas-rule,c1_k01/groth16/j5,zkos-v32@npg300,True
AC-ZK-gas-rule,c1_k01/groth16/j6,zkos-v32@npg300,True
AC-ZK-gas-rule,c1_k01/groth16/j7,zkos-v32@npg300,True
AC-ZK-gas-rule,c1_k01/groth16/j0,zkos-v32@npg300,True
AC-ZK-gas-rule,c1_k01/groth16/j1,zkos-v32@npg300,True
AC-ZK-gas-rule,c1_k01/groth16/j2,zkos-v32@npg300,True
AC-ZK-gas-rule,c1_k01/groth16/j3,zkos-v32@npg300,True
AC-ZK-gas-rule,c1_k01/groth16/j4,zkos-v32@npg300,True
AC-ZK-gas-rule,c1_k01/groth16/j5,zkos-v32@npg300,True
AC-ZK-gas-rule,c1_k01/groth16/j6,zkos-v32@npg300,True
AC-ZK-gas-rule,c1_k01/groth16/j7,zkos-v32@npg300,True
AC-ZK-gas-rule,c1_k01/plonk/j0,zkos-v32@npg151,True
AC-ZK-gas-rule,c1_k01/plonk/j1,zkos-v32@npg151,True
AC-ZK-gas-rule,c1_k01/plonk/j2,zkos-v32@npg151,True
AC-ZK-gas-rule,c1_k01/plonk/j3,zkos-v32@npg151,True
AC-ZK-gas-rule,c1_k01/plonk/j4,zkos-v32@npg151,True
AC-ZK-gas-rule,c1_k01/plonk/j5,zkos-v32@npg151,True
AC-ZK-gas-rule,c1_k01/plonk/j6,zkos-v32@npg151,True
AC-ZK-gas-rule,c1_k01/plonk/j7,zkos-v32@npg151,True
AC-ZK-gas-rule,c1_k01/plonk/j0,zkos-v32@npg151,True
AC-ZK-gas-rule,c1_k01/plonk/j1,zkos-v32@npg151,True
AC-ZK-gas-rule,c1_k01/plonk/j2,zkos-v32@npg151,True
AC-ZK-gas-rule,c1_k01/plonk/j3,zkos-v32@npg151,True
AC-ZK-gas-rule,c1_k01/plonk/j4,zkos-v32@npg151,True
AC-ZK-gas-rule,c1_k01/plonk/j5,zkos-v32@npg151,True
AC-ZK-gas-rule,c1_k01/plonk/j6,zkos-v32@npg151,True
AC-ZK-gas-rule,c1_k01/plonk/j7,zkos-v32@npg151,True
AC-ZK-gas-rule,c1_k01/groth16/j0,zkos-v32@npg139,True
AC-ZK-gas-rule,c1_k01/groth16/j1,zkos-v32@npg139,True
AC-ZK-gas-rule,c1_k01/groth16/j2,zkos-v32@npg139,True
AC-ZK-gas-rule,c1_k01/groth16/j3,zkos-v32@npg139,True
AC-ZK-gas-rule,c1_k01/groth16/j4,zkos-v32@npg139,True
AC-ZK-gas-rule,c1_k01/groth16/j5,zkos-v32@npg139,True
AC-ZK-gas-rule,c1_k01/groth16/j6,zkos-v32@npg139,True
AC-ZK-gas-rule,c1_k01/groth16/j7,zkos-v32@npg139,True
AC-ZK-gas-rule,c1_k01/groth16/j0,zkos-v32@npg139,True
AC-ZK-gas-rule,c1_k01/groth16/j1,zkos-v32@npg139,True
AC-ZK-gas-rule,c1_k01/groth16/j2,zkos-v32@npg139,True
AC-ZK-gas-rule,c1_k01/groth16/j3,zkos-v32@npg139,True
AC-ZK-gas-rule,c1_k01/groth16/j4,zkos-v32@npg139,True
AC-ZK-gas-rule,c1_k01/groth16/j5,zkos-v32@npg139,True
AC-ZK-gas-rule,c1_k01/groth16/j6,zkos-v32@npg139,True
AC-ZK-gas-rule,c1_k01/groth16/j7,zkos-v32@npg139,True
AC-ZK-gas-rule,c1_k01/groth16/j0,zkos-v32@npg151,True
AC-ZK-gas-rule,c1_k01/groth16/j1,zkos-v32@npg151,True
AC-ZK-gas-rule,c1_k01/groth16/j2,zkos-v32@npg151,True
AC-ZK-gas-rule,c1_k01/groth16/j3,zkos-v32@npg151,True
AC-ZK-gas-rule,c1_k01/groth16/j4,zkos-v32@npg151,True
AC-ZK-gas-rule,c1_k01/groth16/j5,zkos-v32@npg151,True
AC-ZK-gas-rule,c1_k01/groth16/j6,zkos-v32@npg151,True
AC-ZK-gas-rule,c1_k01/groth16/j7,zkos-v32@npg151,True
AC-ZK-gas-rule,c1_k01/groth16/j0,zkos-v32@npg151,True
AC-ZK-gas-rule,c1_k01/groth16/j1,zkos-v32@npg151,True
AC-ZK-gas-rule,c1_k01/groth16/j2,zkos-v32@npg151,True
AC-ZK-gas-rule,c1_k01/groth16/j3,zkos-v32@npg151,True
AC-ZK-gas-rule,c1_k01/groth16/j4,zkos-v32@npg151,True
AC-ZK-gas-rule,c1_k01/groth16/j5,zkos-v32@npg151,True
AC-ZK-gas-rule,c1_k01/groth16/j6,zkos-v32@npg151,True
AC-ZK-gas-rule,c1_k01/groth16/j7,zkos-v32@npg151,True
AC-ZK-gas-rule,c1_k01/groth16/j0,zkos-v32@npg126,True
AC-ZK-gas-rule,c1_k01/groth16/j1,zkos-v32@npg126,True
AC-ZK-gas-rule,c1_k01/groth16/j2,zkos-v32@npg126,True
AC-ZK-gas-rule,c1_k01/groth16/j3,zkos-v32@npg126,True
AC-ZK-gas-rule,c1_k01/groth16/j4,zkos-v32@npg126,True
AC-ZK-gas-rule,c1_k01/groth16/j5,zkos-v32@npg126,True
AC-ZK-gas-rule,c1_k01/groth16/j6,zkos-v32@npg126,True
AC-ZK-gas-rule,c1_k01/groth16/j7,zkos-v32@npg126,True
AC-ZK-gas-rule,c1_k01/groth16/j0,zkos-v32@npg126,True
AC-ZK-gas-rule,c1_k01/groth16/j1,zkos-v32@npg126,True
AC-ZK-gas-rule,c1_k01/groth16/j2,zkos-v32@npg126,True
AC-ZK-gas-rule,c1_k01/groth16/j3,zkos-v32@npg126,True
AC-ZK-gas-rule,c1_k01/groth16/j4,zkos-v32@npg126,True
AC-ZK-gas-rule,c1_k01/groth16/j5,zkos-v32@npg126,True
AC-ZK-gas-rule,c1_k01/groth16/j6,zkos-v32@npg126,True
AC-ZK-gas-rule,c1_k01/groth16/j7,zkos-v32@npg126,True
AC-ZK-gas-rule,c1_k01/groth16/j0,zkos-v32@npg171,True
AC-ZK-gas-rule,c1_k01/groth16/j1,zkos-v32@npg171,True
AC-ZK-gas-rule,c1_k01/groth16/j2,zkos-v32@npg171,True
AC-ZK-gas-rule,c1_k01/groth16/j3,zkos-v32@npg171,True
AC-ZK-gas-rule,c1_k01/groth16/j4,zkos-v32@npg171,True
AC-ZK-gas-rule,c1_k01/groth16/j5,zkos-v32@npg171,True
AC-ZK-gas-rule,c1_k01/groth16/j6,zkos-v32@npg171,True
AC-ZK-gas-rule,c1_k01/groth16/j7,zkos-v32@npg171,True
AC-ZK-gas-rule,c1_k01/groth16/j0,zkos-v32@npg171,True
AC-ZK-gas-rule,c1_k01/groth16/j1,zkos-v32@npg171,True
AC-ZK-gas-rule,c1_k01/groth16/j2,zkos-v32@npg171,True
AC-ZK-gas-rule,c1_k01/groth16/j3,zkos-v32@npg171,True
AC-ZK-gas-rule,c1_k01/groth16/j4,zkos-v32@npg171,True
AC-ZK-gas-rule,c1_k01/groth16/j5,zkos-v32@npg171,True
AC-ZK-gas-rule,c1_k01/groth16/j6,zkos-v32@npg171,True
AC-ZK-gas-rule,c1_k01/groth16/j7,zkos-v32@npg171,True
AC-ZK-gas-rule,c1_k01/groth16/j0,zkos-v32@npg169,True
AC-ZK-gas-rule,c1_k01/groth16/j1,zkos-v32@npg169,True
AC-ZK-gas-rule,c1_k01/groth16/j2,zkos-v32@npg169,True
AC-ZK-gas-rule,c1_k01/groth16/j3,zkos-v32@npg169,True
AC-ZK-gas-rule,c1_k01/groth16/j4,zkos-v32@npg169,True
AC-ZK-gas-rule,c1_k01/groth16/j5,zkos-v32@npg169,True
AC-ZK-gas-rule,c1_k01/groth16/j6,zkos-v32@npg169,True
AC-ZK-gas-rule,c1_k01/groth16/j7,zkos-v32@npg169,True
AC-ZK-gas-rule,c1_k01/groth16/j0,zkos-v32@npg169,True
AC-ZK-gas-rule,c1_k01/groth16/j1,zkos-v32@npg169,True
AC-ZK-gas-rule,c1_k01/groth16/j2,zkos-v32@npg169,True
AC-ZK-gas-rule,c1_k01/groth16/j3,zkos-v32@npg169,True
AC-ZK-gas-rule,c1_k01/groth16/j4,zkos-v32@npg169,True
AC-ZK-gas-rule,c1_k01/groth16/j5,zkos-v32@npg169,True
AC-ZK-gas-rule,c1_k01/groth16/j6,zkos-v32@npg169,True
AC-ZK-gas-rule,c1_k01/groth16/j7,zkos-v32@npg169,True
AC-ZK-gas-rule,c1_k01/plonk/j0,zkos-v32@npg126,True
AC-ZK-gas-rule,c1_k01/plonk/j1,zkos-v32@npg126,True
AC-ZK-gas-rule,c1_k01/plonk/j2,zkos-v32@npg126,True
AC-ZK-gas-rule,c1_k01/plonk/j3,zkos-v32@npg126,True
AC-ZK-gas-rule,c1_k01/plonk/j4,zkos-v32@npg126,True
AC-ZK-gas-rule,c1_k01/plonk/j5,zkos-v32@npg126,True
AC-ZK-gas-rule,c1_k01/plonk/j6,zkos-v32@npg126,True
AC-ZK-gas-rule,c1_k01/plonk/j7,zkos-v32@npg126,True
AC-ZK-gas-rule,c1_k01/plonk/j0,zkos-v32@npg126,True
AC-ZK-gas-rule,c1_k01/plonk/j1,zkos-v32@npg126,True
AC-ZK-gas-rule,c1_k01/plonk/j2,zkos-v32@npg126,True
AC-ZK-gas-rule,c1_k01/plonk/j3,zkos-v32@npg126,True
AC-ZK-gas-rule,c1_k01/plonk/j4,zkos-v32@npg126,True
AC-ZK-gas-rule,c1_k01/plonk/j5,zkos-v32@npg126,True
AC-ZK-gas-rule,c1_k01/plonk/j6,zkos-v32@npg126,True
AC-ZK-gas-rule,c1_k01/plonk/j7,zkos-v32@npg126,True
AC-ZK-gas-rule,c1_ctx_k04/groth16/j0,zkos-v32@npg167,True
AC-ZK-gas-rule,c1_ctx_k04/groth16/j1,zkos-v32@npg167,True
AC-ZK-gas-rule,c1_ctx_k04/groth16/j2,zkos-v32@npg167,True
AC-ZK-gas-rule,c1_ctx_k04/groth16/j3,zkos-v32@npg167,True
AC-ZK-gas-rule,c1_ctx_k04/groth16/j4,zkos-v32@npg167,True
AC-ZK-gas-rule,c1_ctx_k04/groth16/j5,zkos-v32@npg167,True
AC-ZK-gas-rule,c1_ctx_k04/groth16/j6,zkos-v32@npg167,True
AC-ZK-gas-rule,c1_ctx_k04/groth16/j7,zkos-v32@npg167,True
AC-ZK-gas-rule,c1_ctx_k04/groth16/j0,zkos-v32@npg167,True
AC-ZK-gas-rule,c1_ctx_k04/groth16/j1,zkos-v32@npg167,True
AC-ZK-gas-rule,c1_ctx_k04/groth16/j2,zkos-v32@npg167,True
AC-ZK-gas-rule,c1_ctx_k04/groth16/j3,zkos-v32@npg167,True
AC-ZK-gas-rule,c1_ctx_k04/groth16/j4,zkos-v32@npg167,True
AC-ZK-gas-rule,c1_ctx_k04/groth16/j5,zkos-v32@npg167,True
AC-ZK-gas-rule,c1_ctx_k04/groth16/j6,zkos-v32@npg167,True
AC-ZK-gas-rule,c1_ctx_k04/groth16/j7,zkos-v32@npg167,True
AC-ZK-gas-rule,c1_ctx_k06/groth16/j0,zkos-v32@npg100,True
AC-ZK-gas-rule,c1_ctx_k06/groth16/j1,zkos-v32@npg100,True
AC-ZK-gas-rule,c1_ctx_k06/groth16/j2,zkos-v32@npg100,True
AC-ZK-gas-rule,c1_ctx_k06/groth16/j3,zkos-v32@npg100,True
AC-ZK-gas-rule,c1_ctx_k06/groth16/j4,zkos-v32@npg100,True
AC-ZK-gas-rule,c1_ctx_k06/groth16/j5,zkos-v32@npg100,True
AC-ZK-gas-rule,c1_ctx_k06/groth16/j6,zkos-v32@npg100,True
AC-ZK-gas-rule,c1_ctx_k06/groth16/j7,zkos-v32@npg100,True
AC-ZK-gas-rule,c1_ctx_k06/groth16/j0,zkos-v32@npg100,True
AC-ZK-gas-rule,c1_ctx_k06/groth16/j1,zkos-v32@npg100,True
AC-ZK-gas-rule,c1_ctx_k06/groth16/j2,zkos-v32@npg100,True
AC-ZK-gas-rule,c1_ctx_k06/groth16/j3,zkos-v32@npg100,True
AC-ZK-gas-rule,c1_ctx_k06/groth16/j4,zkos-v32@npg100,True
AC-ZK-gas-rule,c1_ctx_k06/groth16/j5,zkos-v32@npg100,True
AC-ZK-gas-rule,c1_ctx_k06/groth16/j6,zkos-v32@npg100,True
AC-ZK-gas-rule,c1_ctx_k06/groth16/j7,zkos-v32@npg100,True
AC-ZK-gas-rule,c1_ctx_k16/groth16/j0,zkos-v32@npg156,True
AC-ZK-gas-rule,c1_ctx_k16/groth16/j1,zkos-v32@npg156,True
AC-ZK-gas-rule,c1_ctx_k16/groth16/j2,zkos-v32@npg156,True
AC-ZK-gas-rule,c1_ctx_k16/groth16/j3,zkos-v32@npg156,True
AC-ZK-gas-rule,c1_ctx_k16/groth16/j4,zkos-v32@npg156,True
AC-ZK-gas-rule,c1_ctx_k16/groth16/j5,zkos-v32@npg156,True
AC-ZK-gas-rule,c1_ctx_k16/groth16/j6,zkos-v32@npg156,True
AC-ZK-gas-rule,c1_ctx_k16/groth16/j7,zkos-v32@npg156,True
AC-ZK-gas-rule,c1_ctx_k16/groth16/j0,zkos-v32@npg156,True
AC-ZK-gas-rule,c1_ctx_k16/groth16/j1,zkos-v32@npg156,True
AC-ZK-gas-rule,c1_ctx_k16/groth16/j2,zkos-v32@npg156,True
AC-ZK-gas-rule,c1_ctx_k16/groth16/j3,zkos-v32@npg156,True
AC-ZK-gas-rule,c1_ctx_k16/groth16/j4,zkos-v32@npg156,True
AC-ZK-gas-rule,c1_ctx_k16/groth16/j5,zkos-v32@npg156,True
AC-ZK-gas-rule,c1_ctx_k16/groth16/j6,zkos-v32@npg156,True
AC-ZK-gas-rule,c1_ctx_k16/groth16/j7,zkos-v32@npg156,True
AC-ZK-gas-rule,c1_ctx_k08/plonk/j0,zkos-v32@npg100,True
AC-ZK-gas-rule,c1_ctx_k08/plonk/j1,zkos-v32@npg100,True
AC-ZK-gas-rule,c1_ctx_k08/plonk/j2,zkos-v32@npg100,True
AC-ZK-gas-rule,c1_ctx_k08/plonk/j3,zkos-v32@npg100,True
AC-ZK-gas-rule,c1_ctx_k08/plonk/j4,zkos-v32@npg100,True
AC-ZK-gas-rule,c1_ctx_k08/plonk/j5,zkos-v32@npg100,True
AC-ZK-gas-rule,c1_ctx_k08/plonk/j6,zkos-v32@npg100,True
AC-ZK-gas-rule,c1_ctx_k08/plonk/j7,zkos-v32@npg100,True
AC-ZK-gas-rule,c1_ctx_k08/plonk/j0,zkos-v32@npg100,True
AC-ZK-gas-rule,c1_ctx_k08/plonk/j1,zkos-v32@npg100,True
AC-ZK-gas-rule,c1_ctx_k08/plonk/j2,zkos-v32@npg100,True
AC-ZK-gas-rule,c1_ctx_k08/plonk/j3,zkos-v32@npg100,True
AC-ZK-gas-rule,c1_ctx_k08/plonk/j4,zkos-v32@npg100,True
AC-ZK-gas-rule,c1_ctx_k08/plonk/j5,zkos-v32@npg100,True
AC-ZK-gas-rule,c1_ctx_k08/plonk/j6,zkos-v32@npg100,True
AC-ZK-gas-rule,c1_ctx_k08/plonk/j7,zkos-v32@npg100,True
AC-ZK-gas-rule,c1_ctx_k16/plonk/j0,zkos-v32@npg300,True
AC-ZK-gas-rule,c1_ctx_k16/plonk/j1,zkos-v32@npg300,True
AC-ZK-gas-rule,c1_ctx_k16/plonk/j2,zkos-v32@npg300,True
AC-ZK-gas-rule,c1_ctx_k16/plonk/j3,zkos-v32@npg300,True
AC-ZK-gas-rule,c1_ctx_k16/plonk/j4,zkos-v32@npg300,True
AC-ZK-gas-rule,c1_ctx_k16/plonk/j5,zkos-v32@npg300,True
AC-ZK-gas-rule,c1_ctx_k16/plonk/j6,zkos-v32@npg300,True
AC-ZK-gas-rule,c1_ctx_k16/plonk/j7,zkos-v32@npg300,True
AC-ZK-gas-rule,c1_ctx_k16/plonk/j0,zkos-v32@npg300,True
AC-ZK-gas-rule,c1_ctx_k16/plonk/j1,zkos-v32@npg300,True
AC-ZK-gas-rule,c1_ctx_k16/plonk/j2,zkos-v32@npg300,True
AC-ZK-gas-rule,c1_ctx_k16/plonk/j3,zkos-v32@npg300,True
AC-ZK-gas-rule,c1_ctx_k16/plonk/j4,zkos-v32@npg300,True
AC-ZK-gas-rule,c1_ctx_k16/plonk/j5,zkos-v32@npg300,True
AC-ZK-gas-rule,c1_ctx_k16/plonk/j6,zkos-v32@npg300,True
AC-ZK-gas-rule,c1_ctx_k16/plonk/j7,zkos-v32@npg300,True
AC-ZK-gas-rule,c1_ctx_k16/plonk/j0,zkos-v32@npg132,True
AC-ZK-gas-rule,c1_ctx_k16/plonk/j1,zkos-v32@npg132,True
AC-ZK-gas-rule,c1_ctx_k16/plonk/j2,zkos-v32@npg132,True
AC-ZK-gas-rule,c1_ctx_k16/plonk/j3,zkos-v32@npg132,True
AC-ZK-gas-rule,c1_ctx_k16/plonk/j4,zkos-v32@npg132,True
AC-ZK-gas-rule,c1_ctx_k16/plonk/j5,zkos-v32@npg132,True
AC-ZK-gas-rule,c1_ctx_k16/plonk/j6,zkos-v32@npg132,True
AC-ZK-gas-rule,c1_ctx_k16/plonk/j7,zkos-v32@npg132,True
AC-ZK-gas-rule,c1_ctx_k16/plonk/j0,zkos-v32@npg132,True
AC-ZK-gas-rule,c1_ctx_k16/plonk/j1,zkos-v32@npg132,True
AC-ZK-gas-rule,c1_ctx_k16/plonk/j2,zkos-v32@npg132,True
AC-ZK-gas-rule,c1_ctx_k16/plonk/j3,zkos-v32@npg132,True
AC-ZK-gas-rule,c1_ctx_k16/plonk/j4,zkos-v32@npg132,True
AC-ZK-gas-rule,c1_ctx_k16/plonk/j5,zkos-v32@npg132,True
AC-ZK-gas-rule,c1_ctx_k16/plonk/j6,zkos-v32@npg132,True
AC-ZK-gas-rule,c1_ctx_k16/plonk/j7,zkos-v32@npg132,True
AC-ZK-gas-rule,c1_a4/plonk/j0,zkos-v32@npg100,True
AC-ZK-gas-rule,c1_a4/plonk/j1,zkos-v32@npg100,True
AC-ZK-gas-rule,c1_a4/plonk/j2,zkos-v32@npg100,True
AC-ZK-gas-rule,c1_a4/plonk/j3,zkos-v32@npg100,True
AC-ZK-gas-rule,c1_a4/plonk/j4,zkos-v32@npg100,True
AC-ZK-gas-rule,c1_a4/plonk/j5,zkos-v32@npg100,True
AC-ZK-gas-rule,c1_a4/plonk/j6,zkos-v32@npg100,True
AC-ZK-gas-rule,c1_a4/plonk/j7,zkos-v32@npg100,True
AC-ZK-gas-rule,c1_a4/plonk/j0,zkos-v32@npg100,True
AC-ZK-gas-rule,c1_a4/plonk/j1,zkos-v32@npg100,True
AC-ZK-gas-rule,c1_a4/plonk/j2,zkos-v32@npg100,True
AC-ZK-gas-rule,c1_a4/plonk/j3,zkos-v32@npg100,True
AC-ZK-gas-rule,c1_a4/plonk/j4,zkos-v32@npg100,True
AC-ZK-gas-rule,c1_a4/plonk/j5,zkos-v32@npg100,True
AC-ZK-gas-rule,c1_a4/plonk/j6,zkos-v32@npg100,True
AC-ZK-gas-rule,c1_a4/plonk/j7,zkos-v32@npg100,True
AC-ZK-gas-rule,c1_ctx_k04/groth16/j0,zkos-v32@npg300,True
AC-ZK-gas-rule,c1_ctx_k04/groth16/j1,zkos-v32@npg300,True
AC-ZK-gas-rule,c1_ctx_k04/groth16/j2,zkos-v32@npg300,True
AC-ZK-gas-rule,c1_ctx_k04/groth16/j3,zkos-v32@npg300,True
AC-ZK-gas-rule,c1_ctx_k04/groth16/j4,zkos-v32@npg300,True
AC-ZK-gas-rule,c1_ctx_k04/groth16/j5,zkos-v32@npg300,True
AC-ZK-gas-rule,c1_ctx_k04/groth16/j6,zkos-v32@npg300,True
AC-ZK-gas-rule,c1_ctx_k04/groth16/j7,zkos-v32@npg300,True
AC-ZK-gas-rule,c1_ctx_k04/groth16/j0,zkos-v32@npg300,True
AC-ZK-gas-rule,c1_ctx_k04/groth16/j1,zkos-v32@npg300,True
AC-ZK-gas-rule,c1_ctx_k04/groth16/j2,zkos-v32@npg300,True
AC-ZK-gas-rule,c1_ctx_k04/groth16/j3,zkos-v32@npg300,True
AC-ZK-gas-rule,c1_ctx_k04/groth16/j4,zkos-v32@npg300,True
AC-ZK-gas-rule,c1_ctx_k04/groth16/j5,zkos-v32@npg300,True
AC-ZK-gas-rule,c1_ctx_k04/groth16/j6,zkos-v32@npg300,True
AC-ZK-gas-rule,c1_ctx_k04/groth16/j7,zkos-v32@npg300,True
AC-ZK-gas-rule,c1_ctx_k12/plonk/j0,zkos-v32@npg100,True
AC-ZK-gas-rule,c1_ctx_k12/plonk/j1,zkos-v32@npg100,True
AC-ZK-gas-rule,c1_ctx_k12/plonk/j2,zkos-v32@npg100,True
AC-ZK-gas-rule,c1_ctx_k12/plonk/j3,zkos-v32@npg100,True
AC-ZK-gas-rule,c1_ctx_k12/plonk/j4,zkos-v32@npg100,True
AC-ZK-gas-rule,c1_ctx_k12/plonk/j5,zkos-v32@npg100,True
AC-ZK-gas-rule,c1_ctx_k12/plonk/j6,zkos-v32@npg100,True
AC-ZK-gas-rule,c1_ctx_k12/plonk/j7,zkos-v32@npg100,True
AC-ZK-gas-rule,c1_ctx_k12/plonk/j0,zkos-v32@npg100,True
AC-ZK-gas-rule,c1_ctx_k12/plonk/j1,zkos-v32@npg100,True
AC-ZK-gas-rule,c1_ctx_k12/plonk/j2,zkos-v32@npg100,True
AC-ZK-gas-rule,c1_ctx_k12/plonk/j3,zkos-v32@npg100,True
AC-ZK-gas-rule,c1_ctx_k12/plonk/j4,zkos-v32@npg100,True
AC-ZK-gas-rule,c1_ctx_k12/plonk/j5,zkos-v32@npg100,True
AC-ZK-gas-rule,c1_ctx_k12/plonk/j6,zkos-v32@npg100,True
AC-ZK-gas-rule,c1_ctx_k12/plonk/j7,zkos-v32@npg100,True
AC-ZK-gas-rule,c1_ctx_k32/plonk/j0,zkos-v32@npg100,True
AC-ZK-gas-rule,c1_ctx_k32/plonk/j1,zkos-v32@npg100,True
AC-ZK-gas-rule,c1_ctx_k32/plonk/j2,zkos-v32@npg100,True
AC-ZK-gas-rule,c1_ctx_k32/plonk/j3,zkos-v32@npg100,True
AC-ZK-gas-rule,c1_ctx_k32/plonk/j4,zkos-v32@npg100,True
AC-ZK-gas-rule,c1_ctx_k32/plonk/j5,zkos-v32@npg100,True
AC-ZK-gas-rule,c1_ctx_k32/plonk/j6,zkos-v32@npg100,True
AC-ZK-gas-rule,c1_ctx_k32/plonk/j7,zkos-v32@npg100,True
AC-ZK-gas-rule,c1_ctx_k32/plonk/j0,zkos-v32@npg100,True
AC-ZK-gas-rule,c1_ctx_k32/plonk/j1,zkos-v32@npg100,True
AC-ZK-gas-rule,c1_ctx_k32/plonk/j2,zkos-v32@npg100,True
AC-ZK-gas-rule,c1_ctx_k32/plonk/j3,zkos-v32@npg100,True
AC-ZK-gas-rule,c1_ctx_k32/plonk/j4,zkos-v32@npg100,True
AC-ZK-gas-rule,c1_ctx_k32/plonk/j5,zkos-v32@npg100,True
AC-ZK-gas-rule,c1_ctx_k32/plonk/j6,zkos-v32@npg100,True
AC-ZK-gas-rule,c1_ctx_k32/plonk/j7,zkos-v32@npg100,True
AC-ZK-gas-rule,c1_ctx_k08/groth16/j0,zkos-v32@npg100,True
AC-ZK-gas-rule,c1_ctx_k08/groth16/j1,zkos-v32@npg100,True
AC-ZK-gas-rule,c1_ctx_k08/groth16/j2,zkos-v32@npg100,True
AC-ZK-gas-rule,c1_ctx_k08/groth16/j3,zkos-v32@npg100,True
AC-ZK-gas-rule,c1_ctx_k08/groth16/j4,zkos-v32@npg100,True
AC-ZK-gas-rule,c1_ctx_k08/groth16/j5,zkos-v32@npg100,True
AC-ZK-gas-rule,c1_ctx_k08/groth16/j6,zkos-v32@npg100,True
AC-ZK-gas-rule,c1_ctx_k08/groth16/j7,zkos-v32@npg100,True
AC-ZK-gas-rule,c1_ctx_k08/groth16/j0,zkos-v32@npg100,True
AC-ZK-gas-rule,c1_ctx_k08/groth16/j1,zkos-v32@npg100,True
AC-ZK-gas-rule,c1_ctx_k08/groth16/j2,zkos-v32@npg100,True
AC-ZK-gas-rule,c1_ctx_k08/groth16/j3,zkos-v32@npg100,True
AC-ZK-gas-rule,c1_ctx_k08/groth16/j4,zkos-v32@npg100,True
AC-ZK-gas-rule,c1_ctx_k08/groth16/j5,zkos-v32@npg100,True
AC-ZK-gas-rule,c1_ctx_k08/groth16/j6,zkos-v32@npg100,True
AC-ZK-gas-rule,c1_ctx_k08/groth16/j7,zkos-v32@npg100,True
AC-ZK-gas-rule,c1_ctx_k24/groth16/j0,zkos-v32@npg100,True
AC-ZK-gas-rule,c1_ctx_k24/groth16/j1,zkos-v32@npg100,True
AC-ZK-gas-rule,c1_ctx_k24/groth16/j2,zkos-v32@npg100,True
AC-ZK-gas-rule,c1_ctx_k24/groth16/j3,zkos-v32@npg100,True
AC-ZK-gas-rule,c1_ctx_k24/groth16/j4,zkos-v32@npg100,True
AC-ZK-gas-rule,c1_ctx_k24/groth16/j5,zkos-v32@npg100,True
AC-ZK-gas-rule,c1_ctx_k24/groth16/j6,zkos-v32@npg100,True
AC-ZK-gas-rule,c1_ctx_k24/groth16/j7,zkos-v32@npg100,True
AC-ZK-gas-rule,c1_ctx_k24/groth16/j0,zkos-v32@npg100,True
AC-ZK-gas-rule,c1_ctx_k24/groth16/j1,zkos-v32@npg100,True
AC-ZK-gas-rule,c1_ctx_k24/groth16/j2,zkos-v32@npg100,True
AC-ZK-gas-rule,c1_ctx_k24/groth16/j3,zkos-v32@npg100,True
AC-ZK-gas-rule,c1_ctx_k24/groth16/j4,zkos-v32@npg100,True
AC-ZK-gas-rule,c1_ctx_k24/groth16/j5,zkos-v32@npg100,True
AC-ZK-gas-rule,c1_ctx_k24/groth16/j6,zkos-v32@npg100,True
AC-ZK-gas-rule,c1_ctx_k24/groth16/j7,zkos-v32@npg100,True
AC-ZK-gas-rule,c1_ctx_k16/groth16/j0,zkos-v32@npg141,True
AC-ZK-gas-rule,c1_ctx_k16/groth16/j1,zkos-v32@npg141,True
AC-ZK-gas-rule,c1_ctx_k16/groth16/j2,zkos-v32@npg141,True
AC-ZK-gas-rule,c1_ctx_k16/groth16/j3,zkos-v32@npg141,True
AC-ZK-gas-rule,c1_ctx_k16/groth16/j4,zkos-v32@npg141,True
AC-ZK-gas-rule,c1_ctx_k16/groth16/j5,zkos-v32@npg141,True
AC-ZK-gas-rule,c1_ctx_k16/groth16/j6,zkos-v32@npg141,True
AC-ZK-gas-rule,c1_ctx_k16/groth16/j7,zkos-v32@npg141,True
AC-ZK-gas-rule,c1_ctx_k16/groth16/j0,zkos-v32@npg141,True
AC-ZK-gas-rule,c1_ctx_k16/groth16/j1,zkos-v32@npg141,True
AC-ZK-gas-rule,c1_ctx_k16/groth16/j2,zkos-v32@npg141,True
AC-ZK-gas-rule,c1_ctx_k16/groth16/j3,zkos-v32@npg141,True
AC-ZK-gas-rule,c1_ctx_k16/groth16/j4,zkos-v32@npg141,True
AC-ZK-gas-rule,c1_ctx_k16/groth16/j5,zkos-v32@npg141,True
AC-ZK-gas-rule,c1_ctx_k16/groth16/j6,zkos-v32@npg141,True
AC-ZK-gas-rule,c1_ctx_k16/groth16/j7,zkos-v32@npg141,True
AC-ZK-gas-rule,c1_ctx_k04/groth16/j0,zkos-v32@npg138,True
AC-ZK-gas-rule,c1_ctx_k04/groth16/j1,zkos-v32@npg138,True
AC-ZK-gas-rule,c1_ctx_k04/groth16/j2,zkos-v32@npg138,True
AC-ZK-gas-rule,c1_ctx_k04/groth16/j3,zkos-v32@npg138,True
AC-ZK-gas-rule,c1_ctx_k04/groth16/j4,zkos-v32@npg138,True
AC-ZK-gas-rule,c1_ctx_k04/groth16/j5,zkos-v32@npg138,True
AC-ZK-gas-rule,c1_ctx_k04/groth16/j6,zkos-v32@npg138,True
AC-ZK-gas-rule,c1_ctx_k04/groth16/j7,zkos-v32@npg138,True
AC-ZK-gas-rule,c1_ctx_k04/groth16/j0,zkos-v32@npg138,True
AC-ZK-gas-rule,c1_ctx_k04/groth16/j1,zkos-v32@npg138,True
AC-ZK-gas-rule,c1_ctx_k04/groth16/j2,zkos-v32@npg138,True
AC-ZK-gas-rule,c1_ctx_k04/groth16/j3,zkos-v32@npg138,True
AC-ZK-gas-rule,c1_ctx_k04/groth16/j4,zkos-v32@npg138,True
AC-ZK-gas-rule,c1_ctx_k04/groth16/j5,zkos-v32@npg138,True
AC-ZK-gas-rule,c1_ctx_k04/groth16/j6,zkos-v32@npg138,True
AC-ZK-gas-rule,c1_ctx_k04/groth16/j7,zkos-v32@npg138,True
AC-ZK-gas-rule,c1_ctx_k16/plonk/j0,zkos-v32@npg154,True
AC-ZK-gas-rule,c1_ctx_k16/plonk/j1,zkos-v32@npg154,True
AC-ZK-gas-rule,c1_ctx_k16/plonk/j2,zkos-v32@npg154,True
AC-ZK-gas-rule,c1_ctx_k16/plonk/j3,zkos-v32@npg154,True
AC-ZK-gas-rule,c1_ctx_k16/plonk/j4,zkos-v32@npg154,True
AC-ZK-gas-rule,c1_ctx_k16/plonk/j5,zkos-v32@npg154,True
AC-ZK-gas-rule,c1_ctx_k16/plonk/j6,zkos-v32@npg154,True
AC-ZK-gas-rule,c1_ctx_k16/plonk/j7,zkos-v32@npg154,True
AC-ZK-gas-rule,c1_ctx_k16/plonk/j0,zkos-v32@npg154,True
AC-ZK-gas-rule,c1_ctx_k16/plonk/j1,zkos-v32@npg154,True
AC-ZK-gas-rule,c1_ctx_k16/plonk/j2,zkos-v32@npg154,True
AC-ZK-gas-rule,c1_ctx_k16/plonk/j3,zkos-v32@npg154,True
AC-ZK-gas-rule,c1_ctx_k16/plonk/j4,zkos-v32@npg154,True
AC-ZK-gas-rule,c1_ctx_k16/plonk/j5,zkos-v32@npg154,True
AC-ZK-gas-rule,c1_ctx_k16/plonk/j6,zkos-v32@npg154,True
AC-ZK-gas-rule,c1_ctx_k16/plonk/j7,zkos-v32@npg154,True
AC-ZK-gas-rule,c1_ctx_k04/plonk/j0,zkos-v32@npg165,True
AC-ZK-gas-rule,c1_ctx_k04/plonk/j1,zkos-v32@npg165,True
AC-ZK-gas-rule,c1_ctx_k04/plonk/j2,zkos-v32@npg165,True
AC-ZK-gas-rule,c1_ctx_k04/plonk/j3,zkos-v32@npg165,True
AC-ZK-gas-rule,c1_ctx_k04/plonk/j4,zkos-v32@npg165,True
AC-ZK-gas-rule,c1_ctx_k04/plonk/j5,zkos-v32@npg165,True
AC-ZK-gas-rule,c1_ctx_k04/plonk/j6,zkos-v32@npg165,True
AC-ZK-gas-rule,c1_ctx_k04/plonk/j7,zkos-v32@npg165,True
AC-ZK-gas-rule,c1_ctx_k04/plonk/j0,zkos-v32@npg165,True
AC-ZK-gas-rule,c1_ctx_k04/plonk/j1,zkos-v32@npg165,True
AC-ZK-gas-rule,c1_ctx_k04/plonk/j2,zkos-v32@npg165,True
AC-ZK-gas-rule,c1_ctx_k04/plonk/j3,zkos-v32@npg165,True
AC-ZK-gas-rule,c1_ctx_k04/plonk/j4,zkos-v32@npg165,True
AC-ZK-gas-rule,c1_ctx_k04/plonk/j5,zkos-v32@npg165,True
AC-ZK-gas-rule,c1_ctx_k04/plonk/j6,zkos-v32@npg165,True
AC-ZK-gas-rule,c1_ctx_k04/plonk/j7,zkos-v32@npg165,True
AC-ZK-gas-rule,c1_ctx_k32/groth16/j0,zkos-v32@npg100,True
AC-ZK-gas-rule,c1_ctx_k32/groth16/j1,zkos-v32@npg100,True
AC-ZK-gas-rule,c1_ctx_k32/groth16/j2,zkos-v32@npg100,True
AC-ZK-gas-rule,c1_ctx_k32/groth16/j3,zkos-v32@npg100,True
AC-ZK-gas-rule,c1_ctx_k32/groth16/j4,zkos-v32@npg100,True
AC-ZK-gas-rule,c1_ctx_k32/groth16/j5,zkos-v32@npg100,True
AC-ZK-gas-rule,c1_ctx_k32/groth16/j6,zkos-v32@npg100,True
AC-ZK-gas-rule,c1_ctx_k32/groth16/j7,zkos-v32@npg100,True
AC-ZK-gas-rule,c1_ctx_k32/groth16/j0,zkos-v32@npg100,True
AC-ZK-gas-rule,c1_ctx_k32/groth16/j1,zkos-v32@npg100,True
AC-ZK-gas-rule,c1_ctx_k32/groth16/j2,zkos-v32@npg100,True
AC-ZK-gas-rule,c1_ctx_k32/groth16/j3,zkos-v32@npg100,True
AC-ZK-gas-rule,c1_ctx_k32/groth16/j4,zkos-v32@npg100,True
AC-ZK-gas-rule,c1_ctx_k32/groth16/j5,zkos-v32@npg100,True
AC-ZK-gas-rule,c1_ctx_k32/groth16/j6,zkos-v32@npg100,True
AC-ZK-gas-rule,c1_ctx_k32/groth16/j7,zkos-v32@npg100,True
AC-ZK-gas-rule,c1_ctx_k24/plonk/j0,zkos-v32@npg100,True
AC-ZK-gas-rule,c1_ctx_k24/plonk/j1,zkos-v32@npg100,True
AC-ZK-gas-rule,c1_ctx_k24/plonk/j2,zkos-v32@npg100,True
AC-ZK-gas-rule,c1_ctx_k24/plonk/j3,zkos-v32@npg100,True
AC-ZK-gas-rule,c1_ctx_k24/plonk/j4,zkos-v32@npg100,True
AC-ZK-gas-rule,c1_ctx_k24/plonk/j5,zkos-v32@npg100,True
AC-ZK-gas-rule,c1_ctx_k24/plonk/j6,zkos-v32@npg100,True
AC-ZK-gas-rule,c1_ctx_k24/plonk/j7,zkos-v32@npg100,True
AC-ZK-gas-rule,c1_ctx_k24/plonk/j0,zkos-v32@npg100,True
AC-ZK-gas-rule,c1_ctx_k24/plonk/j1,zkos-v32@npg100,True
AC-ZK-gas-rule,c1_ctx_k24/plonk/j2,zkos-v32@npg100,True
AC-ZK-gas-rule,c1_ctx_k24/plonk/j3,zkos-v32@npg100,True
AC-ZK-gas-rule,c1_ctx_k24/plonk/j4,zkos-v32@npg100,True
AC-ZK-gas-rule,c1_ctx_k24/plonk/j5,zkos-v32@npg100,True
AC-ZK-gas-rule,c1_ctx_k24/plonk/j6,zkos-v32@npg100,True
AC-ZK-gas-rule,c1_ctx_k24/plonk/j7,zkos-v32@npg100,True
AC-ZK-gas-rule,c1_ctx_k04/plonk/j0,zkos-v32@npg167,True
AC-ZK-gas-rule,c1_ctx_k04/plonk/j1,zkos-v32@npg167,True
AC-ZK-gas-rule,c1_ctx_k04/plonk/j2,zkos-v32@npg167,True
AC-ZK-gas-rule,c1_ctx_k04/plonk/j3,zkos-v32@npg167,True
AC-ZK-gas-rule,c1_ctx_k04/plonk/j4,zkos-v32@npg167,True
AC-ZK-gas-rule,c1_ctx_k04/plonk/j5,zkos-v32@npg167,True
AC-ZK-gas-rule,c1_ctx_k04/plonk/j6,zkos-v32@npg167,True
AC-ZK-gas-rule,c1_ctx_k04/plonk/j7,zkos-v32@npg167,True
AC-ZK-gas-rule,c1_ctx_k04/plonk/j0,zkos-v32@npg167,True
AC-ZK-gas-rule,c1_ctx_k04/plonk/j1,zkos-v32@npg167,True
AC-ZK-gas-rule,c1_ctx_k04/plonk/j2,zkos-v32@npg167,True
AC-ZK-gas-rule,c1_ctx_k04/plonk/j3,zkos-v32@npg167,True
AC-ZK-gas-rule,c1_ctx_k04/plonk/j4,zkos-v32@npg167,True
AC-ZK-gas-rule,c1_ctx_k04/plonk/j5,zkos-v32@npg167,True
AC-ZK-gas-rule,c1_ctx_k04/plonk/j6,zkos-v32@npg167,True
AC-ZK-gas-rule,c1_ctx_k04/plonk/j7,zkos-v32@npg167,True
AC-ZK-gas-rule,c1_ctx_k16/plonk/j0,zkos-v32@npg156,True
AC-ZK-gas-rule,c1_ctx_k16/plonk/j1,zkos-v32@npg156,True
AC-ZK-gas-rule,c1_ctx_k16/plonk/j2,zkos-v32@npg156,True
AC-ZK-gas-rule,c1_ctx_k16/plonk/j3,zkos-v32@npg156,True
AC-ZK-gas-rule,c1_ctx_k16/plonk/j4,zkos-v32@npg156,True
AC-ZK-gas-rule,c1_ctx_k16/plonk/j5,zkos-v32@npg156,True
AC-ZK-gas-rule,c1_ctx_k16/plonk/j6,zkos-v32@npg156,True
AC-ZK-gas-rule,c1_ctx_k16/plonk/j7,zkos-v32@npg156,True
AC-ZK-gas-rule,c1_ctx_k16/plonk/j0,zkos-v32@npg156,True
AC-ZK-gas-rule,c1_ctx_k16/plonk/j1,zkos-v32@npg156,True
AC-ZK-gas-rule,c1_ctx_k16/plonk/j2,zkos-v32@npg156,True
AC-ZK-gas-rule,c1_ctx_k16/plonk/j3,zkos-v32@npg156,True
AC-ZK-gas-rule,c1_ctx_k16/plonk/j4,zkos-v32@npg156,True
AC-ZK-gas-rule,c1_ctx_k16/plonk/j5,zkos-v32@npg156,True
AC-ZK-gas-rule,c1_ctx_k16/plonk/j6,zkos-v32@npg156,True
AC-ZK-gas-rule,c1_ctx_k16/plonk/j7,zkos-v32@npg156,True
AC-ZK-gas-rule,c1_disc_k04/plonk/j0,zkos-v32@npg100,True
AC-ZK-gas-rule,c1_disc_k04/plonk/j1,zkos-v32@npg100,True
AC-ZK-gas-rule,c1_disc_k04/plonk/j2,zkos-v32@npg100,True
AC-ZK-gas-rule,c1_disc_k04/plonk/j3,zkos-v32@npg100,True
AC-ZK-gas-rule,c1_disc_k04/plonk/j4,zkos-v32@npg100,True
AC-ZK-gas-rule,c1_disc_k04/plonk/j5,zkos-v32@npg100,True
AC-ZK-gas-rule,c1_disc_k04/plonk/j6,zkos-v32@npg100,True
AC-ZK-gas-rule,c1_disc_k04/plonk/j7,zkos-v32@npg100,True
AC-ZK-gas-rule,c1_disc_k04/plonk/j0,zkos-v32@npg100,True
AC-ZK-gas-rule,c1_disc_k04/plonk/j1,zkos-v32@npg100,True
AC-ZK-gas-rule,c1_disc_k04/plonk/j2,zkos-v32@npg100,True
AC-ZK-gas-rule,c1_disc_k04/plonk/j3,zkos-v32@npg100,True
AC-ZK-gas-rule,c1_disc_k04/plonk/j4,zkos-v32@npg100,True
AC-ZK-gas-rule,c1_disc_k04/plonk/j5,zkos-v32@npg100,True
AC-ZK-gas-rule,c1_disc_k04/plonk/j6,zkos-v32@npg100,True
AC-ZK-gas-rule,c1_disc_k04/plonk/j7,zkos-v32@npg100,True
AC-ZK-gas-rule,c1_ctx_k16/groth16/j0,zkos-v32@npg300,True
AC-ZK-gas-rule,c1_ctx_k16/groth16/j1,zkos-v32@npg300,True
AC-ZK-gas-rule,c1_ctx_k16/groth16/j2,zkos-v32@npg300,True
AC-ZK-gas-rule,c1_ctx_k16/groth16/j3,zkos-v32@npg300,True
AC-ZK-gas-rule,c1_ctx_k16/groth16/j4,zkos-v32@npg300,True
AC-ZK-gas-rule,c1_ctx_k16/groth16/j5,zkos-v32@npg300,True
AC-ZK-gas-rule,c1_ctx_k16/groth16/j6,zkos-v32@npg300,True
AC-ZK-gas-rule,c1_ctx_k16/groth16/j7,zkos-v32@npg300,True
AC-ZK-gas-rule,c1_ctx_k16/groth16/j0,zkos-v32@npg300,True
AC-ZK-gas-rule,c1_ctx_k16/groth16/j1,zkos-v32@npg300,True
AC-ZK-gas-rule,c1_ctx_k16/groth16/j2,zkos-v32@npg300,True
AC-ZK-gas-rule,c1_ctx_k16/groth16/j3,zkos-v32@npg300,True
AC-ZK-gas-rule,c1_ctx_k16/groth16/j4,zkos-v32@npg300,True
AC-ZK-gas-rule,c1_ctx_k16/groth16/j5,zkos-v32@npg300,True
AC-ZK-gas-rule,c1_ctx_k16/groth16/j6,zkos-v32@npg300,True
AC-ZK-gas-rule,c1_ctx_k16/groth16/j7,zkos-v32@npg300,True
AC-ZK-gas-rule,c1_ctx_k04/groth16/j0,zkos-v32@npg125,True
AC-ZK-gas-rule,c1_ctx_k04/groth16/j1,zkos-v32@npg125,True
AC-ZK-gas-rule,c1_ctx_k04/groth16/j2,zkos-v32@npg125,True
AC-ZK-gas-rule,c1_ctx_k04/groth16/j3,zkos-v32@npg125,True
AC-ZK-gas-rule,c1_ctx_k04/groth16/j4,zkos-v32@npg125,True
AC-ZK-gas-rule,c1_ctx_k04/groth16/j5,zkos-v32@npg125,True
AC-ZK-gas-rule,c1_ctx_k04/groth16/j6,zkos-v32@npg125,True
AC-ZK-gas-rule,c1_ctx_k04/groth16/j7,zkos-v32@npg125,True
AC-ZK-gas-rule,c1_ctx_k04/groth16/j0,zkos-v32@npg125,True
AC-ZK-gas-rule,c1_ctx_k04/groth16/j1,zkos-v32@npg125,True
AC-ZK-gas-rule,c1_ctx_k04/groth16/j2,zkos-v32@npg125,True
AC-ZK-gas-rule,c1_ctx_k04/groth16/j3,zkos-v32@npg125,True
AC-ZK-gas-rule,c1_ctx_k04/groth16/j4,zkos-v32@npg125,True
AC-ZK-gas-rule,c1_ctx_k04/groth16/j5,zkos-v32@npg125,True
AC-ZK-gas-rule,c1_ctx_k04/groth16/j6,zkos-v32@npg125,True
AC-ZK-gas-rule,c1_ctx_k04/groth16/j7,zkos-v32@npg125,True
AC-ZK-gas-rule,c1_ctx_k04/plonk/j0,zkos-v32@npg125,True
AC-ZK-gas-rule,c1_ctx_k04/plonk/j1,zkos-v32@npg125,True
AC-ZK-gas-rule,c1_ctx_k04/plonk/j2,zkos-v32@npg125,True
AC-ZK-gas-rule,c1_ctx_k04/plonk/j3,zkos-v32@npg125,True
AC-ZK-gas-rule,c1_ctx_k04/plonk/j4,zkos-v32@npg125,True
AC-ZK-gas-rule,c1_ctx_k04/plonk/j5,zkos-v32@npg125,True
AC-ZK-gas-rule,c1_ctx_k04/plonk/j6,zkos-v32@npg125,True
AC-ZK-gas-rule,c1_ctx_k04/plonk/j7,zkos-v32@npg125,True
AC-ZK-gas-rule,c1_ctx_k04/plonk/j0,zkos-v32@npg125,True
AC-ZK-gas-rule,c1_ctx_k04/plonk/j1,zkos-v32@npg125,True
AC-ZK-gas-rule,c1_ctx_k04/plonk/j2,zkos-v32@npg125,True
AC-ZK-gas-rule,c1_ctx_k04/plonk/j3,zkos-v32@npg125,True
AC-ZK-gas-rule,c1_ctx_k04/plonk/j4,zkos-v32@npg125,True
AC-ZK-gas-rule,c1_ctx_k04/plonk/j5,zkos-v32@npg125,True
AC-ZK-gas-rule,c1_ctx_k04/plonk/j6,zkos-v32@npg125,True
AC-ZK-gas-rule,c1_ctx_k04/plonk/j7,zkos-v32@npg125,True
AC-ZK-gas-rule,c1_a4/groth16/j0,zkos-v32@npg100,True
AC-ZK-gas-rule,c1_a4/groth16/j1,zkos-v32@npg100,True
AC-ZK-gas-rule,c1_a4/groth16/j2,zkos-v32@npg100,True
AC-ZK-gas-rule,c1_a4/groth16/j3,zkos-v32@npg100,True
AC-ZK-gas-rule,c1_a4/groth16/j4,zkos-v32@npg100,True
AC-ZK-gas-rule,c1_a4/groth16/j5,zkos-v32@npg100,True
AC-ZK-gas-rule,c1_a4/groth16/j6,zkos-v32@npg100,True
AC-ZK-gas-rule,c1_a4/groth16/j7,zkos-v32@npg100,True
AC-ZK-gas-rule,c1_a4/groth16/j0,zkos-v32@npg100,True
AC-ZK-gas-rule,c1_a4/groth16/j1,zkos-v32@npg100,True
AC-ZK-gas-rule,c1_a4/groth16/j2,zkos-v32@npg100,True
AC-ZK-gas-rule,c1_a4/groth16/j3,zkos-v32@npg100,True
AC-ZK-gas-rule,c1_a4/groth16/j4,zkos-v32@npg100,True
AC-ZK-gas-rule,c1_a4/groth16/j5,zkos-v32@npg100,True
AC-ZK-gas-rule,c1_a4/groth16/j6,zkos-v32@npg100,True
AC-ZK-gas-rule,c1_a4/groth16/j7,zkos-v32@npg100,True
AC-ZK-gas-rule,c1_k01/groth16/j0,zkos-v32@npg100+prio100000000,True
AC-ZK-gas-rule,c1_k01/groth16/j1,zkos-v32@npg100+prio100000000,True
AC-ZK-gas-rule,c1_k01/groth16/j2,zkos-v32@npg100+prio100000000,True
AC-ZK-gas-rule,c1_k01/groth16/j3,zkos-v32@npg100+prio100000000,True
AC-ZK-gas-rule,c1_k01/groth16/j4,zkos-v32@npg100+prio100000000,True
AC-ZK-gas-rule,c1_k01/groth16/j5,zkos-v32@npg100+prio100000000,True
AC-ZK-gas-rule,c1_k01/groth16/j6,zkos-v32@npg100+prio100000000,True
AC-ZK-gas-rule,c1_k01/groth16/j7,zkos-v32@npg100+prio100000000,True
AC-ZK-gas-rule,c1_k01/groth16/j0,zkos-v32@npg100+prio100000000,True
AC-ZK-gas-rule,c1_k01/groth16/j1,zkos-v32@npg100+prio100000000,True
AC-ZK-gas-rule,c1_k01/groth16/j2,zkos-v32@npg100+prio100000000,True
AC-ZK-gas-rule,c1_k01/groth16/j3,zkos-v32@npg100+prio100000000,True
AC-ZK-gas-rule,c1_k01/groth16/j4,zkos-v32@npg100+prio100000000,True
AC-ZK-gas-rule,c1_k01/groth16/j5,zkos-v32@npg100+prio100000000,True
AC-ZK-gas-rule,c1_k01/groth16/j6,zkos-v32@npg100+prio100000000,True
AC-ZK-gas-rule,c1_k01/groth16/j7,zkos-v32@npg100+prio100000000,True
AC-ZK-gas-rule,c1_a8/plonk/j0,zkos-v32@npg100,True
AC-ZK-gas-rule,c1_a8/plonk/j1,zkos-v32@npg100,True
AC-ZK-gas-rule,c1_a8/plonk/j2,zkos-v32@npg100,True
AC-ZK-gas-rule,c1_a8/plonk/j3,zkos-v32@npg100,True
AC-ZK-gas-rule,c1_a8/plonk/j4,zkos-v32@npg100,True
AC-ZK-gas-rule,c1_a8/plonk/j5,zkos-v32@npg100,True
AC-ZK-gas-rule,c1_a8/plonk/j6,zkos-v32@npg100,True
AC-ZK-gas-rule,c1_a8/plonk/j7,zkos-v32@npg100,True
AC-ZK-gas-rule,c1_a8/plonk/j0,zkos-v32@npg100,True
AC-ZK-gas-rule,c1_a8/plonk/j1,zkos-v32@npg100,True
AC-ZK-gas-rule,c1_a8/plonk/j2,zkos-v32@npg100,True
AC-ZK-gas-rule,c1_a8/plonk/j3,zkos-v32@npg100,True
AC-ZK-gas-rule,c1_a8/plonk/j4,zkos-v32@npg100,True
AC-ZK-gas-rule,c1_a8/plonk/j5,zkos-v32@npg100,True
AC-ZK-gas-rule,c1_a8/plonk/j6,zkos-v32@npg100,True
AC-ZK-gas-rule,c1_a8/plonk/j7,zkos-v32@npg100,True
AC-ZK-gas-rule,c1_k01/plonk/j0,zkos-v32@npg100+prio100000000,True
AC-ZK-gas-rule,c1_k01/plonk/j1,zkos-v32@npg100+prio100000000,True
AC-ZK-gas-rule,c1_k01/plonk/j2,zkos-v32@npg100+prio100000000,True
AC-ZK-gas-rule,c1_k01/plonk/j3,zkos-v32@npg100+prio100000000,True
AC-ZK-gas-rule,c1_k01/plonk/j4,zkos-v32@npg100+prio100000000,True
AC-ZK-gas-rule,c1_k01/plonk/j5,zkos-v32@npg100+prio100000000,True
AC-ZK-gas-rule,c1_k01/plonk/j6,zkos-v32@npg100+prio100000000,True
AC-ZK-gas-rule,c1_k01/plonk/j7,zkos-v32@npg100+prio100000000,True
AC-ZK-gas-rule,c1_k01/plonk/j0,zkos-v32@npg100+prio100000000,True
AC-ZK-gas-rule,c1_k01/plonk/j1,zkos-v32@npg100+prio100000000,True
AC-ZK-gas-rule,c1_k01/plonk/j2,zkos-v32@npg100+prio100000000,True
AC-ZK-gas-rule,c1_k01/plonk/j3,zkos-v32@npg100+prio100000000,True
AC-ZK-gas-rule,c1_k01/plonk/j4,zkos-v32@npg100+prio100000000,True
AC-ZK-gas-rule,c1_k01/plonk/j5,zkos-v32@npg100+prio100000000,True
AC-ZK-gas-rule,c1_k01/plonk/j6,zkos-v32@npg100+prio100000000,True
AC-ZK-gas-rule,c1_k01/plonk/j7,zkos-v32@npg100+prio100000000,True
AC-ZK-gas-rule,c1_ctx_k16/plonk/j0,zkos-v32@npg120,True
AC-ZK-gas-rule,c1_ctx_k16/plonk/j1,zkos-v32@npg120,True
AC-ZK-gas-rule,c1_ctx_k16/plonk/j2,zkos-v32@npg120,True
AC-ZK-gas-rule,c1_ctx_k16/plonk/j3,zkos-v32@npg120,True
AC-ZK-gas-rule,c1_ctx_k16/plonk/j4,zkos-v32@npg120,True
AC-ZK-gas-rule,c1_ctx_k16/plonk/j5,zkos-v32@npg120,True
AC-ZK-gas-rule,c1_ctx_k16/plonk/j6,zkos-v32@npg120,True
AC-ZK-gas-rule,c1_ctx_k16/plonk/j7,zkos-v32@npg120,True
AC-ZK-gas-rule,c1_ctx_k16/plonk/j0,zkos-v32@npg120,True
AC-ZK-gas-rule,c1_ctx_k16/plonk/j1,zkos-v32@npg120,True
AC-ZK-gas-rule,c1_ctx_k16/plonk/j2,zkos-v32@npg120,True
AC-ZK-gas-rule,c1_ctx_k16/plonk/j3,zkos-v32@npg120,True
AC-ZK-gas-rule,c1_ctx_k16/plonk/j4,zkos-v32@npg120,True
AC-ZK-gas-rule,c1_ctx_k16/plonk/j5,zkos-v32@npg120,True
AC-ZK-gas-rule,c1_ctx_k16/plonk/j6,zkos-v32@npg120,True
AC-ZK-gas-rule,c1_ctx_k16/plonk/j7,zkos-v32@npg120,True
AC-ZK-gas-rule,c1_ctx_k16/plonk/j0,zkos-v32@npg141,True
AC-ZK-gas-rule,c1_ctx_k16/plonk/j1,zkos-v32@npg141,True
AC-ZK-gas-rule,c1_ctx_k16/plonk/j2,zkos-v32@npg141,True
AC-ZK-gas-rule,c1_ctx_k16/plonk/j3,zkos-v32@npg141,True
AC-ZK-gas-rule,c1_ctx_k16/plonk/j4,zkos-v32@npg141,True
AC-ZK-gas-rule,c1_ctx_k16/plonk/j5,zkos-v32@npg141,True
AC-ZK-gas-rule,c1_ctx_k16/plonk/j6,zkos-v32@npg141,True
AC-ZK-gas-rule,c1_ctx_k16/plonk/j7,zkos-v32@npg141,True
AC-ZK-gas-rule,c1_ctx_k16/plonk/j0,zkos-v32@npg141,True
AC-ZK-gas-rule,c1_ctx_k16/plonk/j1,zkos-v32@npg141,True
AC-ZK-gas-rule,c1_ctx_k16/plonk/j2,zkos-v32@npg141,True
AC-ZK-gas-rule,c1_ctx_k16/plonk/j3,zkos-v32@npg141,True
AC-ZK-gas-rule,c1_ctx_k16/plonk/j4,zkos-v32@npg141,True
AC-ZK-gas-rule,c1_ctx_k16/plonk/j5,zkos-v32@npg141,True
AC-ZK-gas-rule,c1_ctx_k16/plonk/j6,zkos-v32@npg141,True
AC-ZK-gas-rule,c1_ctx_k16/plonk/j7,zkos-v32@npg141,True
AC-ZK-gas-rule,c1_ctx_k12/groth16/j0,zkos-v32@npg100,True
AC-ZK-gas-rule,c1_ctx_k12/groth16/j1,zkos-v32@npg100,True
AC-ZK-gas-rule,c1_ctx_k12/groth16/j2,zkos-v32@npg100,True
AC-ZK-gas-rule,c1_ctx_k12/groth16/j3,zkos-v32@npg100,True
AC-ZK-gas-rule,c1_ctx_k12/groth16/j4,zkos-v32@npg100,True
AC-ZK-gas-rule,c1_ctx_k12/groth16/j5,zkos-v32@npg100,True
AC-ZK-gas-rule,c1_ctx_k12/groth16/j6,zkos-v32@npg100,True
AC-ZK-gas-rule,c1_ctx_k12/groth16/j7,zkos-v32@npg100,True
AC-ZK-gas-rule,c1_ctx_k12/groth16/j0,zkos-v32@npg100,True
AC-ZK-gas-rule,c1_ctx_k12/groth16/j1,zkos-v32@npg100,True
AC-ZK-gas-rule,c1_ctx_k12/groth16/j2,zkos-v32@npg100,True
AC-ZK-gas-rule,c1_ctx_k12/groth16/j3,zkos-v32@npg100,True
AC-ZK-gas-rule,c1_ctx_k12/groth16/j4,zkos-v32@npg100,True
AC-ZK-gas-rule,c1_ctx_k12/groth16/j5,zkos-v32@npg100,True
AC-ZK-gas-rule,c1_ctx_k12/groth16/j6,zkos-v32@npg100,True
AC-ZK-gas-rule,c1_ctx_k12/groth16/j7,zkos-v32@npg100,True
AC-ZK-gas-rule,c1_ctx_k04/groth16/j0,zkos-v32@npg149,True
AC-ZK-gas-rule,c1_ctx_k04/groth16/j1,zkos-v32@npg149,True
AC-ZK-gas-rule,c1_ctx_k04/groth16/j2,zkos-v32@npg149,True
AC-ZK-gas-rule,c1_ctx_k04/groth16/j3,zkos-v32@npg149,True
AC-ZK-gas-rule,c1_ctx_k04/groth16/j4,zkos-v32@npg149,True
AC-ZK-gas-rule,c1_ctx_k04/groth16/j5,zkos-v32@npg149,True
AC-ZK-gas-rule,c1_ctx_k04/groth16/j6,zkos-v32@npg149,True
AC-ZK-gas-rule,c1_ctx_k04/groth16/j7,zkos-v32@npg149,True
AC-ZK-gas-rule,c1_ctx_k04/groth16/j0,zkos-v32@npg149,True
AC-ZK-gas-rule,c1_ctx_k04/groth16/j1,zkos-v32@npg149,True
AC-ZK-gas-rule,c1_ctx_k04/groth16/j2,zkos-v32@npg149,True
AC-ZK-gas-rule,c1_ctx_k04/groth16/j3,zkos-v32@npg149,True
AC-ZK-gas-rule,c1_ctx_k04/groth16/j4,zkos-v32@npg149,True
AC-ZK-gas-rule,c1_ctx_k04/groth16/j5,zkos-v32@npg149,True
AC-ZK-gas-rule,c1_ctx_k04/groth16/j6,zkos-v32@npg149,True
AC-ZK-gas-rule,c1_ctx_k04/groth16/j7,zkos-v32@npg149,True
AC-ZK-gas-rule,c1_ctx_k04/plonk/j0,zkos-v32@npg300,True
AC-ZK-gas-rule,c1_ctx_k04/plonk/j1,zkos-v32@npg300,True
AC-ZK-gas-rule,c1_ctx_k04/plonk/j2,zkos-v32@npg300,True
AC-ZK-gas-rule,c1_ctx_k04/plonk/j3,zkos-v32@npg300,True
AC-ZK-gas-rule,c1_ctx_k04/plonk/j4,zkos-v32@npg300,True
AC-ZK-gas-rule,c1_ctx_k04/plonk/j5,zkos-v32@npg300,True
AC-ZK-gas-rule,c1_ctx_k04/plonk/j6,zkos-v32@npg300,True
AC-ZK-gas-rule,c1_ctx_k04/plonk/j7,zkos-v32@npg300,True
AC-ZK-gas-rule,c1_ctx_k04/plonk/j0,zkos-v32@npg300,True
AC-ZK-gas-rule,c1_ctx_k04/plonk/j1,zkos-v32@npg300,True
AC-ZK-gas-rule,c1_ctx_k04/plonk/j2,zkos-v32@npg300,True
AC-ZK-gas-rule,c1_ctx_k04/plonk/j3,zkos-v32@npg300,True
AC-ZK-gas-rule,c1_ctx_k04/plonk/j4,zkos-v32@npg300,True
AC-ZK-gas-rule,c1_ctx_k04/plonk/j5,zkos-v32@npg300,True
AC-ZK-gas-rule,c1_ctx_k04/plonk/j6,zkos-v32@npg300,True
AC-ZK-gas-rule,c1_ctx_k04/plonk/j7,zkos-v32@npg300,True
AC-ZK-gas-rule,c1_ctx_k04/plonk/j0,zkos-v32@npg149,True
AC-ZK-gas-rule,c1_ctx_k04/plonk/j1,zkos-v32@npg149,True
AC-ZK-gas-rule,c1_ctx_k04/plonk/j2,zkos-v32@npg149,True
AC-ZK-gas-rule,c1_ctx_k04/plonk/j3,zkos-v32@npg149,True
AC-ZK-gas-rule,c1_ctx_k04/plonk/j4,zkos-v32@npg149,True
AC-ZK-gas-rule,c1_ctx_k04/plonk/j5,zkos-v32@npg149,True
AC-ZK-gas-rule,c1_ctx_k04/plonk/j6,zkos-v32@npg149,True
AC-ZK-gas-rule,c1_ctx_k04/plonk/j7,zkos-v32@npg149,True
AC-ZK-gas-rule,c1_ctx_k04/plonk/j0,zkos-v32@npg149,True
AC-ZK-gas-rule,c1_ctx_k04/plonk/j1,zkos-v32@npg149,True
AC-ZK-gas-rule,c1_ctx_k04/plonk/j2,zkos-v32@npg149,True
AC-ZK-gas-rule,c1_ctx_k04/plonk/j3,zkos-v32@npg149,True
AC-ZK-gas-rule,c1_ctx_k04/plonk/j4,zkos-v32@npg149,True
AC-ZK-gas-rule,c1_ctx_k04/plonk/j5,zkos-v32@npg149,True
AC-ZK-gas-rule,c1_ctx_k04/plonk/j6,zkos-v32@npg149,True
AC-ZK-gas-rule,c1_ctx_k04/plonk/j7,zkos-v32@npg149,True
AC-ZK-gas-rule,c1_ctx_k04/plonk/j0,zkos-v32@npg138,True
AC-ZK-gas-rule,c1_ctx_k04/plonk/j1,zkos-v32@npg138,True
AC-ZK-gas-rule,c1_ctx_k04/plonk/j2,zkos-v32@npg138,True
AC-ZK-gas-rule,c1_ctx_k04/plonk/j3,zkos-v32@npg138,True
AC-ZK-gas-rule,c1_ctx_k04/plonk/j4,zkos-v32@npg138,True
AC-ZK-gas-rule,c1_ctx_k04/plonk/j5,zkos-v32@npg138,True
AC-ZK-gas-rule,c1_ctx_k04/plonk/j6,zkos-v32@npg138,True
AC-ZK-gas-rule,c1_ctx_k04/plonk/j7,zkos-v32@npg138,True
AC-ZK-gas-rule,c1_ctx_k04/plonk/j0,zkos-v32@npg138,True
AC-ZK-gas-rule,c1_ctx_k04/plonk/j1,zkos-v32@npg138,True
AC-ZK-gas-rule,c1_ctx_k04/plonk/j2,zkos-v32@npg138,True
AC-ZK-gas-rule,c1_ctx_k04/plonk/j3,zkos-v32@npg138,True
AC-ZK-gas-rule,c1_ctx_k04/plonk/j4,zkos-v32@npg138,True
AC-ZK-gas-rule,c1_ctx_k04/plonk/j5,zkos-v32@npg138,True
AC-ZK-gas-rule,c1_ctx_k04/plonk/j6,zkos-v32@npg138,True
AC-ZK-gas-rule,c1_ctx_k04/plonk/j7,zkos-v32@npg138,True
AC-ZK-gas-rule,c1_ctx_k16/groth16/j0,zkos-v32@npg132,True
AC-ZK-gas-rule,c1_ctx_k16/groth16/j1,zkos-v32@npg132,True
AC-ZK-gas-rule,c1_ctx_k16/groth16/j2,zkos-v32@npg132,True
AC-ZK-gas-rule,c1_ctx_k16/groth16/j3,zkos-v32@npg132,True
AC-ZK-gas-rule,c1_ctx_k16/groth16/j4,zkos-v32@npg132,True
AC-ZK-gas-rule,c1_ctx_k16/groth16/j5,zkos-v32@npg132,True
AC-ZK-gas-rule,c1_ctx_k16/groth16/j6,zkos-v32@npg132,True
AC-ZK-gas-rule,c1_ctx_k16/groth16/j7,zkos-v32@npg132,True
AC-ZK-gas-rule,c1_ctx_k16/groth16/j0,zkos-v32@npg132,True
AC-ZK-gas-rule,c1_ctx_k16/groth16/j1,zkos-v32@npg132,True
AC-ZK-gas-rule,c1_ctx_k16/groth16/j2,zkos-v32@npg132,True
AC-ZK-gas-rule,c1_ctx_k16/groth16/j3,zkos-v32@npg132,True
AC-ZK-gas-rule,c1_ctx_k16/groth16/j4,zkos-v32@npg132,True
AC-ZK-gas-rule,c1_ctx_k16/groth16/j5,zkos-v32@npg132,True
AC-ZK-gas-rule,c1_ctx_k16/groth16/j6,zkos-v32@npg132,True
AC-ZK-gas-rule,c1_ctx_k16/groth16/j7,zkos-v32@npg132,True
AC-ZK-gas-rule,c1_a8/groth16/j0,zkos-v32@npg100,True
AC-ZK-gas-rule,c1_a8/groth16/j1,zkos-v32@npg100,True
AC-ZK-gas-rule,c1_a8/groth16/j2,zkos-v32@npg100,True
AC-ZK-gas-rule,c1_a8/groth16/j3,zkos-v32@npg100,True
AC-ZK-gas-rule,c1_a8/groth16/j4,zkos-v32@npg100,True
AC-ZK-gas-rule,c1_a8/groth16/j5,zkos-v32@npg100,True
AC-ZK-gas-rule,c1_a8/groth16/j6,zkos-v32@npg100,True
AC-ZK-gas-rule,c1_a8/groth16/j7,zkos-v32@npg100,True
AC-ZK-gas-rule,c1_a8/groth16/j0,zkos-v32@npg100,True
AC-ZK-gas-rule,c1_a8/groth16/j1,zkos-v32@npg100,True
AC-ZK-gas-rule,c1_a8/groth16/j2,zkos-v32@npg100,True
AC-ZK-gas-rule,c1_a8/groth16/j3,zkos-v32@npg100,True
AC-ZK-gas-rule,c1_a8/groth16/j4,zkos-v32@npg100,True
AC-ZK-gas-rule,c1_a8/groth16/j5,zkos-v32@npg100,True
AC-ZK-gas-rule,c1_a8/groth16/j6,zkos-v32@npg100,True
AC-ZK-gas-rule,c1_a8/groth16/j7,zkos-v32@npg100,True
AC-ZK-gas-rule,c1_ctx_k64/groth16/j0,zkos-v32@npg100,True
AC-ZK-gas-rule,c1_ctx_k64/groth16/j1,zkos-v32@npg100,True
AC-ZK-gas-rule,c1_ctx_k64/groth16/j2,zkos-v32@npg100,True
AC-ZK-gas-rule,c1_ctx_k64/groth16/j3,zkos-v32@npg100,True
AC-ZK-gas-rule,c1_ctx_k64/groth16/j4,zkos-v32@npg100,True
AC-ZK-gas-rule,c1_ctx_k64/groth16/j5,zkos-v32@npg100,True
AC-ZK-gas-rule,c1_ctx_k64/groth16/j6,zkos-v32@npg100,True
AC-ZK-gas-rule,c1_ctx_k64/groth16/j7,zkos-v32@npg100,True
AC-ZK-gas-rule,c1_ctx_k64/groth16/j0,zkos-v32@npg100,True
AC-ZK-gas-rule,c1_ctx_k64/groth16/j1,zkos-v32@npg100,True
AC-ZK-gas-rule,c1_ctx_k64/groth16/j2,zkos-v32@npg100,True
AC-ZK-gas-rule,c1_ctx_k64/groth16/j3,zkos-v32@npg100,True
AC-ZK-gas-rule,c1_ctx_k64/groth16/j4,zkos-v32@npg100,True
AC-ZK-gas-rule,c1_ctx_k64/groth16/j5,zkos-v32@npg100,True
AC-ZK-gas-rule,c1_ctx_k64/groth16/j6,zkos-v32@npg100,True
AC-ZK-gas-rule,c1_ctx_k64/groth16/j7,zkos-v32@npg100,True
AC-ZK-gas-rule,c1_ctx_k06/plonk/j0,zkos-v32@npg100,True
AC-ZK-gas-rule,c1_ctx_k06/plonk/j1,zkos-v32@npg100,True
AC-ZK-gas-rule,c1_ctx_k06/plonk/j2,zkos-v32@npg100,True
AC-ZK-gas-rule,c1_ctx_k06/plonk/j3,zkos-v32@npg100,True
AC-ZK-gas-rule,c1_ctx_k06/plonk/j4,zkos-v32@npg100,True
AC-ZK-gas-rule,c1_ctx_k06/plonk/j5,zkos-v32@npg100,True
AC-ZK-gas-rule,c1_ctx_k06/plonk/j6,zkos-v32@npg100,True
AC-ZK-gas-rule,c1_ctx_k06/plonk/j7,zkos-v32@npg100,True
AC-ZK-gas-rule,c1_ctx_k06/plonk/j0,zkos-v32@npg100,True
AC-ZK-gas-rule,c1_ctx_k06/plonk/j1,zkos-v32@npg100,True
AC-ZK-gas-rule,c1_ctx_k06/plonk/j2,zkos-v32@npg100,True
AC-ZK-gas-rule,c1_ctx_k06/plonk/j3,zkos-v32@npg100,True
AC-ZK-gas-rule,c1_ctx_k06/plonk/j4,zkos-v32@npg100,True
AC-ZK-gas-rule,c1_ctx_k06/plonk/j5,zkos-v32@npg100,True
AC-ZK-gas-rule,c1_ctx_k06/plonk/j6,zkos-v32@npg100,True
AC-ZK-gas-rule,c1_ctx_k06/plonk/j7,zkos-v32@npg100,True
AC-ZK-gas-rule,c1_ctx_k64/plonk/j0,zkos-v32@npg100,True
AC-ZK-gas-rule,c1_ctx_k64/plonk/j1,zkos-v32@npg100,True
AC-ZK-gas-rule,c1_ctx_k64/plonk/j2,zkos-v32@npg100,True
AC-ZK-gas-rule,c1_ctx_k64/plonk/j3,zkos-v32@npg100,True
AC-ZK-gas-rule,c1_ctx_k64/plonk/j4,zkos-v32@npg100,True
AC-ZK-gas-rule,c1_ctx_k64/plonk/j5,zkos-v32@npg100,True
AC-ZK-gas-rule,c1_ctx_k64/plonk/j6,zkos-v32@npg100,True
AC-ZK-gas-rule,c1_ctx_k64/plonk/j7,zkos-v32@npg100,True
AC-ZK-gas-rule,c1_ctx_k64/plonk/j0,zkos-v32@npg100,True
AC-ZK-gas-rule,c1_ctx_k64/plonk/j1,zkos-v32@npg100,True
AC-ZK-gas-rule,c1_ctx_k64/plonk/j2,zkos-v32@npg100,True
AC-ZK-gas-rule,c1_ctx_k64/plonk/j3,zkos-v32@npg100,True
AC-ZK-gas-rule,c1_ctx_k64/plonk/j4,zkos-v32@npg100,True
AC-ZK-gas-rule,c1_ctx_k64/plonk/j5,zkos-v32@npg100,True
AC-ZK-gas-rule,c1_ctx_k64/plonk/j6,zkos-v32@npg100,True
AC-ZK-gas-rule,c1_ctx_k64/plonk/j7,zkos-v32@npg100,True
AC-ZK-gas-rule,c1_ctx_k16/groth16/j0,zkos-v32@npg154,True
AC-ZK-gas-rule,c1_ctx_k16/groth16/j1,zkos-v32@npg154,True
AC-ZK-gas-rule,c1_ctx_k16/groth16/j2,zkos-v32@npg154,True
AC-ZK-gas-rule,c1_ctx_k16/groth16/j3,zkos-v32@npg154,True
AC-ZK-gas-rule,c1_ctx_k16/groth16/j4,zkos-v32@npg154,True
AC-ZK-gas-rule,c1_ctx_k16/groth16/j5,zkos-v32@npg154,True
AC-ZK-gas-rule,c1_ctx_k16/groth16/j6,zkos-v32@npg154,True
AC-ZK-gas-rule,c1_ctx_k16/groth16/j7,zkos-v32@npg154,True
AC-ZK-gas-rule,c1_ctx_k16/groth16/j0,zkos-v32@npg154,True
AC-ZK-gas-rule,c1_ctx_k16/groth16/j1,zkos-v32@npg154,True
AC-ZK-gas-rule,c1_ctx_k16/groth16/j2,zkos-v32@npg154,True
AC-ZK-gas-rule,c1_ctx_k16/groth16/j3,zkos-v32@npg154,True
AC-ZK-gas-rule,c1_ctx_k16/groth16/j4,zkos-v32@npg154,True
AC-ZK-gas-rule,c1_ctx_k16/groth16/j5,zkos-v32@npg154,True
AC-ZK-gas-rule,c1_ctx_k16/groth16/j6,zkos-v32@npg154,True
AC-ZK-gas-rule,c1_ctx_k16/groth16/j7,zkos-v32@npg154,True
AC-ZK-gas-rule,c1_ctx_k04/groth16/j0,zkos-v32@npg165,True
AC-ZK-gas-rule,c1_ctx_k04/groth16/j1,zkos-v32@npg165,True
AC-ZK-gas-rule,c1_ctx_k04/groth16/j2,zkos-v32@npg165,True
AC-ZK-gas-rule,c1_ctx_k04/groth16/j3,zkos-v32@npg165,True
AC-ZK-gas-rule,c1_ctx_k04/groth16/j4,zkos-v32@npg165,True
AC-ZK-gas-rule,c1_ctx_k04/groth16/j5,zkos-v32@npg165,True
AC-ZK-gas-rule,c1_ctx_k04/groth16/j6,zkos-v32@npg165,True
AC-ZK-gas-rule,c1_ctx_k04/groth16/j7,zkos-v32@npg165,True
AC-ZK-gas-rule,c1_ctx_k04/groth16/j0,zkos-v32@npg165,True
AC-ZK-gas-rule,c1_ctx_k04/groth16/j1,zkos-v32@npg165,True
AC-ZK-gas-rule,c1_ctx_k04/groth16/j2,zkos-v32@npg165,True
AC-ZK-gas-rule,c1_ctx_k04/groth16/j3,zkos-v32@npg165,True
AC-ZK-gas-rule,c1_ctx_k04/groth16/j4,zkos-v32@npg165,True
AC-ZK-gas-rule,c1_ctx_k04/groth16/j5,zkos-v32@npg165,True
AC-ZK-gas-rule,c1_ctx_k04/groth16/j6,zkos-v32@npg165,True
AC-ZK-gas-rule,c1_ctx_k04/groth16/j7,zkos-v32@npg165,True
AC-ZK-gas-rule,c1_disc_k04/groth16/j0,zkos-v32@npg100,True
AC-ZK-gas-rule,c1_disc_k04/groth16/j1,zkos-v32@npg100,True
AC-ZK-gas-rule,c1_disc_k04/groth16/j2,zkos-v32@npg100,True
AC-ZK-gas-rule,c1_disc_k04/groth16/j3,zkos-v32@npg100,True
AC-ZK-gas-rule,c1_disc_k04/groth16/j4,zkos-v32@npg100,True
AC-ZK-gas-rule,c1_disc_k04/groth16/j5,zkos-v32@npg100,True
AC-ZK-gas-rule,c1_disc_k04/groth16/j6,zkos-v32@npg100,True
AC-ZK-gas-rule,c1_disc_k04/groth16/j7,zkos-v32@npg100,True
AC-ZK-gas-rule,c1_disc_k04/groth16/j0,zkos-v32@npg100,True
AC-ZK-gas-rule,c1_disc_k04/groth16/j1,zkos-v32@npg100,True
AC-ZK-gas-rule,c1_disc_k04/groth16/j2,zkos-v32@npg100,True
AC-ZK-gas-rule,c1_disc_k04/groth16/j3,zkos-v32@npg100,True
AC-ZK-gas-rule,c1_disc_k04/groth16/j4,zkos-v32@npg100,True
AC-ZK-gas-rule,c1_disc_k04/groth16/j5,zkos-v32@npg100,True
AC-ZK-gas-rule,c1_disc_k04/groth16/j6,zkos-v32@npg100,True
AC-ZK-gas-rule,c1_disc_k04/groth16/j7,zkos-v32@npg100,True
AC-ZK-gas-rule,c1_ctx_k16/groth16/j0,zkos-v32@npg120,True
AC-ZK-gas-rule,c1_ctx_k16/groth16/j1,zkos-v32@npg120,True
AC-ZK-gas-rule,c1_ctx_k16/groth16/j2,zkos-v32@npg120,True
AC-ZK-gas-rule,c1_ctx_k16/groth16/j3,zkos-v32@npg120,True
AC-ZK-gas-rule,c1_ctx_k16/groth16/j4,zkos-v32@npg120,True
AC-ZK-gas-rule,c1_ctx_k16/groth16/j5,zkos-v32@npg120,True
AC-ZK-gas-rule,c1_ctx_k16/groth16/j6,zkos-v32@npg120,True
AC-ZK-gas-rule,c1_ctx_k16/groth16/j7,zkos-v32@npg120,True
AC-ZK-gas-rule,c1_ctx_k16/groth16/j0,zkos-v32@npg120,True
AC-ZK-gas-rule,c1_ctx_k16/groth16/j1,zkos-v32@npg120,True
AC-ZK-gas-rule,c1_ctx_k16/groth16/j2,zkos-v32@npg120,True
AC-ZK-gas-rule,c1_ctx_k16/groth16/j3,zkos-v32@npg120,True
AC-ZK-gas-rule,c1_ctx_k16/groth16/j4,zkos-v32@npg120,True
AC-ZK-gas-rule,c1_ctx_k16/groth16/j5,zkos-v32@npg120,True
AC-ZK-gas-rule,c1_ctx_k16/groth16/j6,zkos-v32@npg120,True
AC-ZK-gas-rule,c1_ctx_k16/groth16/j7,zkos-v32@npg120,True
AC-CTRL-replay,c1_k01/groth16/j0,eravm-29,True
AC-CTRL-unknown_root_tx,c1_k01/groth16/j0,eravm-29,True
AC-CTRL-valid,c1_k01/groth16/j0,eravm-29,True
AC-CTRL-tampered_proof,c1_k01/groth16/j0,eravm-29,True
AC-CTRL-perturb_pub,c1_k01/groth16/j0,eravm-29,True
AC-CTRL-out_of_field_pub,c1_k01/groth16/j0,eravm-29,True
AC-CTRL-cross_regime_identity,c1_k01/groth16/j0,eravm-29,True
AC-CTRL-cross_regime_identity,c1_k01/groth16/j1,eravm-29,True
AC-CTRL-cross_regime_identity,c1_k01/groth16/j2,eravm-29,True
AC-CTRL-cross_regime_identity,c1_k01/groth16/j3,eravm-29,True
AC-CTRL-cross_regime_identity,c1_k01/groth16/j4,eravm-29,True
AC-CTRL-cross_regime_identity,c1_k01/groth16/j5,eravm-29,True
AC-CTRL-cross_regime_identity,c1_k01/groth16/j6,eravm-29,True
AC-CTRL-cross_regime_identity,c1_k01/groth16/j7,eravm-29,True
AC-CTRL-replay,c1_ctx_k04/plonk/j0,eravm-29,True
AC-CTRL-unknown_root_tx,c1_ctx_k04/plonk/j0,eravm-29,True
AC-CTRL-valid,c1_ctx_k04/plonk/j0,eravm-29,True
AC-CTRL-tampered_proof,c1_ctx_k04/plonk/j0,eravm-29,True
AC-CTRL-perturb_pub,c1_ctx_k04/plonk/j0,eravm-29,True
AC-CTRL-perturb_pub,c1_ctx_k04/plonk/j0,eravm-29,True
AC-CTRL-perturb_pub,c1_ctx_k04/plonk/j0,eravm-29,True
AC-CTRL-perturb_pub,c1_ctx_k04/plonk/j0,eravm-29,True
AC-CTRL-out_of_field_pub,c1_ctx_k04/plonk/j0,eravm-29,True
AC-CTRL-foreign_vk_proof,c1_a4/plonk/j0,eravm-29,True
AC-CTRL-cross_regime_identity,c1_ctx_k04/plonk/j0,eravm-29,True
AC-CTRL-cross_regime_identity,c1_ctx_k04/plonk/j1,eravm-29,True
AC-CTRL-cross_regime_identity,c1_ctx_k04/plonk/j2,eravm-29,True
AC-CTRL-cross_regime_identity,c1_ctx_k04/plonk/j3,eravm-29,True
AC-CTRL-cross_regime_identity,c1_ctx_k04/plonk/j4,eravm-29,True
AC-CTRL-cross_regime_identity,c1_ctx_k04/plonk/j5,eravm-29,True
AC-CTRL-cross_regime_identity,c1_ctx_k04/plonk/j6,eravm-29,True
AC-CTRL-cross_regime_identity,c1_ctx_k04/plonk/j7,eravm-29,True
AC-CTRL-replay,c1_k01/plonk/j0,zkos-v32@npg100,True
AC-CTRL-unknown_root_tx,c1_k01/plonk/j0,zkos-v32@npg100,True
AC-CTRL-valid,c1_k01/plonk/j0,zkos-v32@npg100,True
AC-CTRL-tampered_proof,c1_k01/plonk/j0,zkos-v32@npg100,True
AC-CTRL-perturb_pub,c1_k01/plonk/j0,zkos-v32@npg100,True
AC-CTRL-out_of_field_pub,c1_k01/plonk/j0,zkos-v32@npg100,True
AC-CTRL-cross_regime_identity,c1_k01/plonk/j0,zkos-v32@npg100,True
AC-CTRL-cross_regime_identity,c1_k01/plonk/j1,zkos-v32@npg100,True
AC-CTRL-cross_regime_identity,c1_k01/plonk/j2,zkos-v32@npg100,True
AC-CTRL-cross_regime_identity,c1_k01/plonk/j3,zkos-v32@npg100,True
AC-CTRL-cross_regime_identity,c1_k01/plonk/j4,zkos-v32@npg100,True
AC-CTRL-cross_regime_identity,c1_k01/plonk/j5,zkos-v32@npg100,True
AC-CTRL-cross_regime_identity,c1_k01/plonk/j6,zkos-v32@npg100,True
AC-CTRL-cross_regime_identity,c1_k01/plonk/j7,zkos-v32@npg100,True
AC-CTRL-replay,c1_ctx_k02/plonk/j0,zkos-v32@npg100,True
AC-CTRL-unknown_root_tx,c1_ctx_k02/plonk/j0,zkos-v32@npg100,True
AC-CTRL-valid,c1_ctx_k02/plonk/j0,zkos-v32@npg100,True
AC-CTRL-tampered_proof,c1_ctx_k02/plonk/j0,zkos-v32@npg100,True
AC-CTRL-perturb_pub,c1_ctx_k02/plonk/j0,zkos-v32@npg100,True
AC-CTRL-perturb_pub,c1_ctx_k02/plonk/j0,zkos-v32@npg100,True
AC-CTRL-out_of_field_pub,c1_ctx_k02/plonk/j0,zkos-v32@npg100,True
AC-CTRL-cross_regime_identity,c1_ctx_k02/plonk/j0,zkos-v32@npg100,True
AC-CTRL-cross_regime_identity,c1_ctx_k02/plonk/j1,zkos-v32@npg100,True
AC-CTRL-cross_regime_identity,c1_ctx_k02/plonk/j2,zkos-v32@npg100,True
AC-CTRL-cross_regime_identity,c1_ctx_k02/plonk/j3,zkos-v32@npg100,True
AC-CTRL-cross_regime_identity,c1_ctx_k02/plonk/j4,zkos-v32@npg100,True
AC-CTRL-cross_regime_identity,c1_ctx_k02/plonk/j5,zkos-v32@npg100,True
AC-CTRL-cross_regime_identity,c1_ctx_k02/plonk/j6,zkos-v32@npg100,True
AC-CTRL-cross_regime_identity,c1_ctx_k02/plonk/j7,zkos-v32@npg100,True
AC-CTRL-replay,c1_ctx_k02/groth16/j0,eravm-29,True
AC-CTRL-unknown_root_tx,c1_ctx_k02/groth16/j0,eravm-29,True
AC-CTRL-valid,c1_ctx_k02/groth16/j0,eravm-29,True
AC-CTRL-tampered_proof,c1_ctx_k02/groth16/j0,eravm-29,True
AC-CTRL-perturb_pub,c1_ctx_k02/groth16/j0,eravm-29,True
AC-CTRL-perturb_pub,c1_ctx_k02/groth16/j0,eravm-29,True
AC-CTRL-out_of_field_pub,c1_ctx_k02/groth16/j0,eravm-29,True
AC-CTRL-cross_regime_identity,c1_ctx_k02/groth16/j0,eravm-29,True
AC-CTRL-cross_regime_identity,c1_ctx_k02/groth16/j1,eravm-29,True
AC-CTRL-cross_regime_identity,c1_ctx_k02/groth16/j2,eravm-29,True
AC-CTRL-cross_regime_identity,c1_ctx_k02/groth16/j3,eravm-29,True
AC-CTRL-cross_regime_identity,c1_ctx_k02/groth16/j4,eravm-29,True
AC-CTRL-cross_regime_identity,c1_ctx_k02/groth16/j5,eravm-29,True
AC-CTRL-cross_regime_identity,c1_ctx_k02/groth16/j6,eravm-29,True
AC-CTRL-cross_regime_identity,c1_ctx_k02/groth16/j7,eravm-29,True
AC-CTRL-replay,c1_ctx_k02/plonk/j0,evm-osaka,True
AC-CTRL-unknown_root_tx,c1_ctx_k02/plonk/j0,evm-osaka,True
AC-CTRL-valid,c1_ctx_k02/plonk/j0,evm-osaka,True
AC-CTRL-tampered_proof,c1_ctx_k02/plonk/j0,evm-osaka,True
AC-CTRL-perturb_pub,c1_ctx_k02/plonk/j0,evm-osaka,True
AC-CTRL-perturb_pub,c1_ctx_k02/plonk/j0,evm-osaka,True
AC-CTRL-out_of_field_pub,c1_ctx_k02/plonk/j0,evm-osaka,True
AC-CTRL-cross_regime_identity,c1_ctx_k02/plonk/j0,evm-osaka,True
AC-CTRL-cross_regime_identity,c1_ctx_k02/plonk/j1,evm-osaka,True
AC-CTRL-cross_regime_identity,c1_ctx_k02/plonk/j2,evm-osaka,True
AC-CTRL-cross_regime_identity,c1_ctx_k02/plonk/j3,evm-osaka,True
AC-CTRL-cross_regime_identity,c1_ctx_k02/plonk/j4,evm-osaka,True
AC-CTRL-cross_regime_identity,c1_ctx_k02/plonk/j5,evm-osaka,True
AC-CTRL-cross_regime_identity,c1_ctx_k02/plonk/j6,evm-osaka,True
AC-CTRL-cross_regime_identity,c1_ctx_k02/plonk/j7,evm-osaka,True
AC-CTRL-replay,c1_k01/plonk/j0,zkos-v32@npg139,True
AC-CTRL-unknown_root_tx,c1_k01/plonk/j0,zkos-v32@npg139,True
AC-CTRL-valid,c1_k01/plonk/j0,zkos-v32@npg139,True
AC-CTRL-tampered_proof,c1_k01/plonk/j0,zkos-v32@npg139,True
AC-CTRL-perturb_pub,c1_k01/plonk/j0,zkos-v32@npg139,True
AC-CTRL-out_of_field_pub,c1_k01/plonk/j0,zkos-v32@npg139,True
AC-CTRL-cross_regime_identity,c1_k01/plonk/j0,zkos-v32@npg139,True
AC-CTRL-cross_regime_identity,c1_k01/plonk/j1,zkos-v32@npg139,True
AC-CTRL-cross_regime_identity,c1_k01/plonk/j2,zkos-v32@npg139,True
AC-CTRL-cross_regime_identity,c1_k01/plonk/j3,zkos-v32@npg139,True
AC-CTRL-cross_regime_identity,c1_k01/plonk/j4,zkos-v32@npg139,True
AC-CTRL-cross_regime_identity,c1_k01/plonk/j5,zkos-v32@npg139,True
AC-CTRL-cross_regime_identity,c1_k01/plonk/j6,zkos-v32@npg139,True
AC-CTRL-cross_regime_identity,c1_k01/plonk/j7,zkos-v32@npg139,True
AC-CTRL-replay,c1_ctx_k02/groth16/j0,zkos-v32@npg100,True
AC-CTRL-unknown_root_tx,c1_ctx_k02/groth16/j0,zkos-v32@npg100,True
AC-CTRL-valid,c1_ctx_k02/groth16/j0,zkos-v32@npg100,True
AC-CTRL-tampered_proof,c1_ctx_k02/groth16/j0,zkos-v32@npg100,True
AC-CTRL-perturb_pub,c1_ctx_k02/groth16/j0,zkos-v32@npg100,True
AC-CTRL-perturb_pub,c1_ctx_k02/groth16/j0,zkos-v32@npg100,True
AC-CTRL-out_of_field_pub,c1_ctx_k02/groth16/j0,zkos-v32@npg100,True
AC-CTRL-cross_regime_identity,c1_ctx_k02/groth16/j0,zkos-v32@npg100,True
AC-CTRL-cross_regime_identity,c1_ctx_k02/groth16/j1,zkos-v32@npg100,True
AC-CTRL-cross_regime_identity,c1_ctx_k02/groth16/j2,zkos-v32@npg100,True
AC-CTRL-cross_regime_identity,c1_ctx_k02/groth16/j3,zkos-v32@npg100,True
AC-CTRL-cross_regime_identity,c1_ctx_k02/groth16/j4,zkos-v32@npg100,True
AC-CTRL-cross_regime_identity,c1_ctx_k02/groth16/j5,zkos-v32@npg100,True
AC-CTRL-cross_regime_identity,c1_ctx_k02/groth16/j6,zkos-v32@npg100,True
AC-CTRL-cross_regime_identity,c1_ctx_k02/groth16/j7,zkos-v32@npg100,True
AC-CTRL-replay,c1_k01/groth16/j0,evm-osaka,True
AC-CTRL-unknown_root_tx,c1_k01/groth16/j0,evm-osaka,True
AC-CTRL-valid,c1_k01/groth16/j0,evm-osaka,True
AC-CTRL-tampered_proof,c1_k01/groth16/j0,evm-osaka,True
AC-CTRL-perturb_pub,c1_k01/groth16/j0,evm-osaka,True
AC-CTRL-out_of_field_pub,c1_k01/groth16/j0,evm-osaka,True
AC-CTRL-cross_regime_identity,c1_k01/groth16/j0,evm-osaka,True
AC-CTRL-cross_regime_identity,c1_k01/groth16/j1,evm-osaka,True
AC-CTRL-cross_regime_identity,c1_k01/groth16/j2,evm-osaka,True
AC-CTRL-cross_regime_identity,c1_k01/groth16/j3,evm-osaka,True
AC-CTRL-cross_regime_identity,c1_k01/groth16/j4,evm-osaka,True
AC-CTRL-cross_regime_identity,c1_k01/groth16/j5,evm-osaka,True
AC-CTRL-cross_regime_identity,c1_k01/groth16/j6,evm-osaka,True
AC-CTRL-cross_regime_identity,c1_k01/groth16/j7,evm-osaka,True
AC-CTRL-replay,c1_k01/groth16/j0,zkos-v32@npg100,True
AC-CTRL-unknown_root_tx,c1_k01/groth16/j0,zkos-v32@npg100,True
AC-CTRL-valid,c1_k01/groth16/j0,zkos-v32@npg100,True
AC-CTRL-tampered_proof,c1_k01/groth16/j0,zkos-v32@npg100,True
AC-CTRL-perturb_pub,c1_k01/groth16/j0,zkos-v32@npg100,True
AC-CTRL-out_of_field_pub,c1_k01/groth16/j0,zkos-v32@npg100,True
AC-CTRL-cross_regime_identity,c1_k01/groth16/j0,zkos-v32@npg100,True
AC-CTRL-cross_regime_identity,c1_k01/groth16/j1,zkos-v32@npg100,True
AC-CTRL-cross_regime_identity,c1_k01/groth16/j2,zkos-v32@npg100,True
AC-CTRL-cross_regime_identity,c1_k01/groth16/j3,zkos-v32@npg100,True
AC-CTRL-cross_regime_identity,c1_k01/groth16/j4,zkos-v32@npg100,True
AC-CTRL-cross_regime_identity,c1_k01/groth16/j5,zkos-v32@npg100,True
AC-CTRL-cross_regime_identity,c1_k01/groth16/j6,zkos-v32@npg100,True
AC-CTRL-cross_regime_identity,c1_k01/groth16/j7,zkos-v32@npg100,True
AC-CTRL-replay,c1_k01/plonk/j0,eravm-29,True
AC-CTRL-unknown_root_tx,c1_k01/plonk/j0,eravm-29,True
AC-CTRL-valid,c1_k01/plonk/j0,eravm-29,True
AC-CTRL-tampered_proof,c1_k01/plonk/j0,eravm-29,True
AC-CTRL-perturb_pub,c1_k01/plonk/j0,eravm-29,True
AC-CTRL-out_of_field_pub,c1_k01/plonk/j0,eravm-29,True
AC-CTRL-cross_regime_identity,c1_k01/plonk/j0,eravm-29,True
AC-CTRL-cross_regime_identity,c1_k01/plonk/j1,eravm-29,True
AC-CTRL-cross_regime_identity,c1_k01/plonk/j2,eravm-29,True
AC-CTRL-cross_regime_identity,c1_k01/plonk/j3,eravm-29,True
AC-CTRL-cross_regime_identity,c1_k01/plonk/j4,eravm-29,True
AC-CTRL-cross_regime_identity,c1_k01/plonk/j5,eravm-29,True
AC-CTRL-cross_regime_identity,c1_k01/plonk/j6,eravm-29,True
AC-CTRL-cross_regime_identity,c1_k01/plonk/j7,eravm-29,True
AC-CTRL-replay,c1_ctx_k04/plonk/j0,zkos-v32@npg100,True
AC-CTRL-unknown_root_tx,c1_ctx_k04/plonk/j0,zkos-v32@npg100,True
AC-CTRL-valid,c1_ctx_k04/plonk/j0,zkos-v32@npg100,True
AC-CTRL-tampered_proof,c1_ctx_k04/plonk/j0,zkos-v32@npg100,True
AC-CTRL-perturb_pub,c1_ctx_k04/plonk/j0,zkos-v32@npg100,True
AC-CTRL-perturb_pub,c1_ctx_k04/plonk/j0,zkos-v32@npg100,True
AC-CTRL-perturb_pub,c1_ctx_k04/plonk/j0,zkos-v32@npg100,True
AC-CTRL-perturb_pub,c1_ctx_k04/plonk/j0,zkos-v32@npg100,True
AC-CTRL-out_of_field_pub,c1_ctx_k04/plonk/j0,zkos-v32@npg100,True
AC-CTRL-foreign_vk_proof,c1_a4/plonk/j0,zkos-v32@npg100,True
AC-CTRL-cross_regime_identity,c1_ctx_k04/plonk/j0,zkos-v32@npg100,True
AC-CTRL-cross_regime_identity,c1_ctx_k04/plonk/j1,zkos-v32@npg100,True
AC-CTRL-cross_regime_identity,c1_ctx_k04/plonk/j2,zkos-v32@npg100,True
AC-CTRL-cross_regime_identity,c1_ctx_k04/plonk/j3,zkos-v32@npg100,True
AC-CTRL-cross_regime_identity,c1_ctx_k04/plonk/j4,zkos-v32@npg100,True
AC-CTRL-cross_regime_identity,c1_ctx_k04/plonk/j5,zkos-v32@npg100,True
AC-CTRL-cross_regime_identity,c1_ctx_k04/plonk/j6,zkos-v32@npg100,True
AC-CTRL-cross_regime_identity,c1_ctx_k04/plonk/j7,zkos-v32@npg100,True
AC-CTRL-replay,c1_k01/plonk/j0,zkos-v32@npg171,True
AC-CTRL-unknown_root_tx,c1_k01/plonk/j0,zkos-v32@npg171,True
AC-CTRL-valid,c1_k01/plonk/j0,zkos-v32@npg171,True
AC-CTRL-tampered_proof,c1_k01/plonk/j0,zkos-v32@npg171,True
AC-CTRL-perturb_pub,c1_k01/plonk/j0,zkos-v32@npg171,True
AC-CTRL-out_of_field_pub,c1_k01/plonk/j0,zkos-v32@npg171,True
AC-CTRL-cross_regime_identity,c1_k01/plonk/j0,zkos-v32@npg171,True
AC-CTRL-cross_regime_identity,c1_k01/plonk/j1,zkos-v32@npg171,True
AC-CTRL-cross_regime_identity,c1_k01/plonk/j2,zkos-v32@npg171,True
AC-CTRL-cross_regime_identity,c1_k01/plonk/j3,zkos-v32@npg171,True
AC-CTRL-cross_regime_identity,c1_k01/plonk/j4,zkos-v32@npg171,True
AC-CTRL-cross_regime_identity,c1_k01/plonk/j5,zkos-v32@npg171,True
AC-CTRL-cross_regime_identity,c1_k01/plonk/j6,zkos-v32@npg171,True
AC-CTRL-cross_regime_identity,c1_k01/plonk/j7,zkos-v32@npg171,True
AC-CTRL-replay,c1_ctx_k16/plonk/j0,eravm-29,True
AC-CTRL-unknown_root_tx,c1_ctx_k16/plonk/j0,eravm-29,True
AC-CTRL-valid,c1_ctx_k16/plonk/j0,eravm-29,True
AC-CTRL-tampered_proof,c1_ctx_k16/plonk/j0,eravm-29,True
AC-CTRL-perturb_pub,c1_ctx_k16/plonk/j0,eravm-29,True
AC-CTRL-perturb_pub,c1_ctx_k16/plonk/j0,eravm-29,True
AC-CTRL-perturb_pub,c1_ctx_k16/plonk/j0,eravm-29,True
AC-CTRL-perturb_pub,c1_ctx_k16/plonk/j0,eravm-29,True
AC-CTRL-perturb_pub,c1_ctx_k16/plonk/j0,eravm-29,True
AC-CTRL-perturb_pub,c1_ctx_k16/plonk/j0,eravm-29,True
AC-CTRL-perturb_pub,c1_ctx_k16/plonk/j0,eravm-29,True
AC-CTRL-perturb_pub,c1_ctx_k16/plonk/j0,eravm-29,True
AC-CTRL-perturb_pub,c1_ctx_k16/plonk/j0,eravm-29,True
AC-CTRL-perturb_pub,c1_ctx_k16/plonk/j0,eravm-29,True
AC-CTRL-perturb_pub,c1_ctx_k16/plonk/j0,eravm-29,True
AC-CTRL-perturb_pub,c1_ctx_k16/plonk/j0,eravm-29,True
AC-CTRL-perturb_pub,c1_ctx_k16/plonk/j0,eravm-29,True
AC-CTRL-perturb_pub,c1_ctx_k16/plonk/j0,eravm-29,True
AC-CTRL-perturb_pub,c1_ctx_k16/plonk/j0,eravm-29,True
AC-CTRL-perturb_pub,c1_ctx_k16/plonk/j0,eravm-29,True
AC-CTRL-out_of_field_pub,c1_ctx_k16/plonk/j0,eravm-29,True
AC-CTRL-cross_regime_identity,c1_ctx_k16/plonk/j0,eravm-29,True
AC-CTRL-cross_regime_identity,c1_ctx_k16/plonk/j1,eravm-29,True
AC-CTRL-cross_regime_identity,c1_ctx_k16/plonk/j2,eravm-29,True
AC-CTRL-cross_regime_identity,c1_ctx_k16/plonk/j3,eravm-29,True
AC-CTRL-cross_regime_identity,c1_ctx_k16/plonk/j4,eravm-29,True
AC-CTRL-cross_regime_identity,c1_ctx_k16/plonk/j5,eravm-29,True
AC-CTRL-cross_regime_identity,c1_ctx_k16/plonk/j6,eravm-29,True
AC-CTRL-cross_regime_identity,c1_ctx_k16/plonk/j7,eravm-29,True
AC-CTRL-replay,c1_ctx_k02/plonk/j0,eravm-29,True
AC-CTRL-unknown_root_tx,c1_ctx_k02/plonk/j0,eravm-29,True
AC-CTRL-valid,c1_ctx_k02/plonk/j0,eravm-29,True
AC-CTRL-tampered_proof,c1_ctx_k02/plonk/j0,eravm-29,True
AC-CTRL-perturb_pub,c1_ctx_k02/plonk/j0,eravm-29,True
AC-CTRL-perturb_pub,c1_ctx_k02/plonk/j0,eravm-29,True
AC-CTRL-out_of_field_pub,c1_ctx_k02/plonk/j0,eravm-29,True
AC-CTRL-cross_regime_identity,c1_ctx_k02/plonk/j0,eravm-29,True
AC-CTRL-cross_regime_identity,c1_ctx_k02/plonk/j1,eravm-29,True
AC-CTRL-cross_regime_identity,c1_ctx_k02/plonk/j2,eravm-29,True
AC-CTRL-cross_regime_identity,c1_ctx_k02/plonk/j3,eravm-29,True
AC-CTRL-cross_regime_identity,c1_ctx_k02/plonk/j4,eravm-29,True
AC-CTRL-cross_regime_identity,c1_ctx_k02/plonk/j5,eravm-29,True
AC-CTRL-cross_regime_identity,c1_ctx_k02/plonk/j6,eravm-29,True
AC-CTRL-cross_regime_identity,c1_ctx_k02/plonk/j7,eravm-29,True
AC-CTRL-replay,c1_k01/plonk/j0,zkos-v32@npg300,True
AC-CTRL-unknown_root_tx,c1_k01/plonk/j0,zkos-v32@npg300,True
AC-CTRL-valid,c1_k01/plonk/j0,zkos-v32@npg300,True
AC-CTRL-tampered_proof,c1_k01/plonk/j0,zkos-v32@npg300,True
AC-CTRL-perturb_pub,c1_k01/plonk/j0,zkos-v32@npg300,True
AC-CTRL-out_of_field_pub,c1_k01/plonk/j0,zkos-v32@npg300,True
AC-CTRL-cross_regime_identity,c1_k01/plonk/j0,zkos-v32@npg300,True
AC-CTRL-cross_regime_identity,c1_k01/plonk/j1,zkos-v32@npg300,True
AC-CTRL-cross_regime_identity,c1_k01/plonk/j2,zkos-v32@npg300,True
AC-CTRL-cross_regime_identity,c1_k01/plonk/j3,zkos-v32@npg300,True
AC-CTRL-cross_regime_identity,c1_k01/plonk/j4,zkos-v32@npg300,True
AC-CTRL-cross_regime_identity,c1_k01/plonk/j5,zkos-v32@npg300,True
AC-CTRL-cross_regime_identity,c1_k01/plonk/j6,zkos-v32@npg300,True
AC-CTRL-cross_regime_identity,c1_k01/plonk/j7,zkos-v32@npg300,True
AC-CTRL-replay,c1_ctx_k16/plonk/j0,evm-osaka,True
AC-CTRL-unknown_root_tx,c1_ctx_k16/plonk/j0,evm-osaka,True
AC-CTRL-valid,c1_ctx_k16/plonk/j0,evm-osaka,True
AC-CTRL-tampered_proof,c1_ctx_k16/plonk/j0,evm-osaka,True
AC-CTRL-perturb_pub,c1_ctx_k16/plonk/j0,evm-osaka,True
AC-CTRL-perturb_pub,c1_ctx_k16/plonk/j0,evm-osaka,True
AC-CTRL-perturb_pub,c1_ctx_k16/plonk/j0,evm-osaka,True
AC-CTRL-perturb_pub,c1_ctx_k16/plonk/j0,evm-osaka,True
AC-CTRL-perturb_pub,c1_ctx_k16/plonk/j0,evm-osaka,True
AC-CTRL-perturb_pub,c1_ctx_k16/plonk/j0,evm-osaka,True
AC-CTRL-perturb_pub,c1_ctx_k16/plonk/j0,evm-osaka,True
AC-CTRL-perturb_pub,c1_ctx_k16/plonk/j0,evm-osaka,True
AC-CTRL-perturb_pub,c1_ctx_k16/plonk/j0,evm-osaka,True
AC-CTRL-perturb_pub,c1_ctx_k16/plonk/j0,evm-osaka,True
AC-CTRL-perturb_pub,c1_ctx_k16/plonk/j0,evm-osaka,True
AC-CTRL-perturb_pub,c1_ctx_k16/plonk/j0,evm-osaka,True
AC-CTRL-perturb_pub,c1_ctx_k16/plonk/j0,evm-osaka,True
AC-CTRL-perturb_pub,c1_ctx_k16/plonk/j0,evm-osaka,True
AC-CTRL-perturb_pub,c1_ctx_k16/plonk/j0,evm-osaka,True
AC-CTRL-perturb_pub,c1_ctx_k16/plonk/j0,evm-osaka,True
AC-CTRL-out_of_field_pub,c1_ctx_k16/plonk/j0,evm-osaka,True
AC-CTRL-cross_regime_identity,c1_ctx_k16/plonk/j0,evm-osaka,True
AC-CTRL-cross_regime_identity,c1_ctx_k16/plonk/j1,evm-osaka,True
AC-CTRL-cross_regime_identity,c1_ctx_k16/plonk/j2,evm-osaka,True
AC-CTRL-cross_regime_identity,c1_ctx_k16/plonk/j3,evm-osaka,True
AC-CTRL-cross_regime_identity,c1_ctx_k16/plonk/j4,evm-osaka,True
AC-CTRL-cross_regime_identity,c1_ctx_k16/plonk/j5,evm-osaka,True
AC-CTRL-cross_regime_identity,c1_ctx_k16/plonk/j6,evm-osaka,True
AC-CTRL-cross_regime_identity,c1_ctx_k16/plonk/j7,evm-osaka,True
AC-CTRL-replay,c1_ctx_k02/groth16/j0,evm-osaka,True
AC-CTRL-unknown_root_tx,c1_ctx_k02/groth16/j0,evm-osaka,True
AC-CTRL-valid,c1_ctx_k02/groth16/j0,evm-osaka,True
AC-CTRL-tampered_proof,c1_ctx_k02/groth16/j0,evm-osaka,True
AC-CTRL-perturb_pub,c1_ctx_k02/groth16/j0,evm-osaka,True
AC-CTRL-perturb_pub,c1_ctx_k02/groth16/j0,evm-osaka,True
AC-CTRL-out_of_field_pub,c1_ctx_k02/groth16/j0,evm-osaka,True
AC-CTRL-cross_regime_identity,c1_ctx_k02/groth16/j0,evm-osaka,True
AC-CTRL-cross_regime_identity,c1_ctx_k02/groth16/j1,evm-osaka,True
AC-CTRL-cross_regime_identity,c1_ctx_k02/groth16/j2,evm-osaka,True
AC-CTRL-cross_regime_identity,c1_ctx_k02/groth16/j3,evm-osaka,True
AC-CTRL-cross_regime_identity,c1_ctx_k02/groth16/j4,evm-osaka,True
AC-CTRL-cross_regime_identity,c1_ctx_k02/groth16/j5,evm-osaka,True
AC-CTRL-cross_regime_identity,c1_ctx_k02/groth16/j6,evm-osaka,True
AC-CTRL-cross_regime_identity,c1_ctx_k02/groth16/j7,evm-osaka,True
AC-CTRL-replay,c1_ctx_k16/groth16/j0,zkos-v32@npg100,True
AC-CTRL-unknown_root_tx,c1_ctx_k16/groth16/j0,zkos-v32@npg100,True
AC-CTRL-valid,c1_ctx_k16/groth16/j0,zkos-v32@npg100,True
AC-CTRL-tampered_proof,c1_ctx_k16/groth16/j0,zkos-v32@npg100,True
AC-CTRL-perturb_pub,c1_ctx_k16/groth16/j0,zkos-v32@npg100,True
AC-CTRL-perturb_pub,c1_ctx_k16/groth16/j0,zkos-v32@npg100,True
AC-CTRL-perturb_pub,c1_ctx_k16/groth16/j0,zkos-v32@npg100,True
AC-CTRL-perturb_pub,c1_ctx_k16/groth16/j0,zkos-v32@npg100,True
AC-CTRL-perturb_pub,c1_ctx_k16/groth16/j0,zkos-v32@npg100,True
AC-CTRL-perturb_pub,c1_ctx_k16/groth16/j0,zkos-v32@npg100,True
AC-CTRL-perturb_pub,c1_ctx_k16/groth16/j0,zkos-v32@npg100,True
AC-CTRL-perturb_pub,c1_ctx_k16/groth16/j0,zkos-v32@npg100,True
AC-CTRL-perturb_pub,c1_ctx_k16/groth16/j0,zkos-v32@npg100,True
AC-CTRL-perturb_pub,c1_ctx_k16/groth16/j0,zkos-v32@npg100,True
AC-CTRL-perturb_pub,c1_ctx_k16/groth16/j0,zkos-v32@npg100,True
AC-CTRL-perturb_pub,c1_ctx_k16/groth16/j0,zkos-v32@npg100,True
AC-CTRL-perturb_pub,c1_ctx_k16/groth16/j0,zkos-v32@npg100,True
AC-CTRL-perturb_pub,c1_ctx_k16/groth16/j0,zkos-v32@npg100,True
AC-CTRL-perturb_pub,c1_ctx_k16/groth16/j0,zkos-v32@npg100,True
AC-CTRL-perturb_pub,c1_ctx_k16/groth16/j0,zkos-v32@npg100,True
AC-CTRL-out_of_field_pub,c1_ctx_k16/groth16/j0,zkos-v32@npg100,True
AC-CTRL-cross_regime_identity,c1_ctx_k16/groth16/j0,zkos-v32@npg100,True
AC-CTRL-cross_regime_identity,c1_ctx_k16/groth16/j1,zkos-v32@npg100,True
AC-CTRL-cross_regime_identity,c1_ctx_k16/groth16/j2,zkos-v32@npg100,True
AC-CTRL-cross_regime_identity,c1_ctx_k16/groth16/j3,zkos-v32@npg100,True
AC-CTRL-cross_regime_identity,c1_ctx_k16/groth16/j4,zkos-v32@npg100,True
AC-CTRL-cross_regime_identity,c1_ctx_k16/groth16/j5,zkos-v32@npg100,True
AC-CTRL-cross_regime_identity,c1_ctx_k16/groth16/j6,zkos-v32@npg100,True
AC-CTRL-cross_regime_identity,c1_ctx_k16/groth16/j7,zkos-v32@npg100,True
AC-CTRL-replay,c1_ctx_k04/groth16/j0,zkos-v32@npg100,True
AC-CTRL-unknown_root_tx,c1_ctx_k04/groth16/j0,zkos-v32@npg100,True
AC-CTRL-valid,c1_ctx_k04/groth16/j0,zkos-v32@npg100,True
AC-CTRL-tampered_proof,c1_ctx_k04/groth16/j0,zkos-v32@npg100,True
AC-CTRL-perturb_pub,c1_ctx_k04/groth16/j0,zkos-v32@npg100,True
AC-CTRL-perturb_pub,c1_ctx_k04/groth16/j0,zkos-v32@npg100,True
AC-CTRL-perturb_pub,c1_ctx_k04/groth16/j0,zkos-v32@npg100,True
AC-CTRL-perturb_pub,c1_ctx_k04/groth16/j0,zkos-v32@npg100,True
AC-CTRL-out_of_field_pub,c1_ctx_k04/groth16/j0,zkos-v32@npg100,True
AC-CTRL-foreign_vk_proof,c1_a4/groth16/j0,zkos-v32@npg100,True
AC-CTRL-cross_regime_identity,c1_ctx_k04/groth16/j0,zkos-v32@npg100,True
AC-CTRL-cross_regime_identity,c1_ctx_k04/groth16/j1,zkos-v32@npg100,True
AC-CTRL-cross_regime_identity,c1_ctx_k04/groth16/j2,zkos-v32@npg100,True
AC-CTRL-cross_regime_identity,c1_ctx_k04/groth16/j3,zkos-v32@npg100,True
AC-CTRL-cross_regime_identity,c1_ctx_k04/groth16/j4,zkos-v32@npg100,True
AC-CTRL-cross_regime_identity,c1_ctx_k04/groth16/j5,zkos-v32@npg100,True
AC-CTRL-cross_regime_identity,c1_ctx_k04/groth16/j6,zkos-v32@npg100,True
AC-CTRL-cross_regime_identity,c1_ctx_k04/groth16/j7,zkos-v32@npg100,True
AC-CTRL-replay,c1_ctx_k04/plonk/j0,evm-osaka,True
AC-CTRL-unknown_root_tx,c1_ctx_k04/plonk/j0,evm-osaka,True
AC-CTRL-valid,c1_ctx_k04/plonk/j0,evm-osaka,True
AC-CTRL-tampered_proof,c1_ctx_k04/plonk/j0,evm-osaka,True
AC-CTRL-perturb_pub,c1_ctx_k04/plonk/j0,evm-osaka,True
AC-CTRL-perturb_pub,c1_ctx_k04/plonk/j0,evm-osaka,True
AC-CTRL-perturb_pub,c1_ctx_k04/plonk/j0,evm-osaka,True
AC-CTRL-perturb_pub,c1_ctx_k04/plonk/j0,evm-osaka,True
AC-CTRL-out_of_field_pub,c1_ctx_k04/plonk/j0,evm-osaka,True
AC-CTRL-foreign_vk_proof,c1_a4/plonk/j0,evm-osaka,True
AC-CTRL-cross_regime_identity,c1_ctx_k04/plonk/j0,evm-osaka,True
AC-CTRL-cross_regime_identity,c1_ctx_k04/plonk/j1,evm-osaka,True
AC-CTRL-cross_regime_identity,c1_ctx_k04/plonk/j2,evm-osaka,True
AC-CTRL-cross_regime_identity,c1_ctx_k04/plonk/j3,evm-osaka,True
AC-CTRL-cross_regime_identity,c1_ctx_k04/plonk/j4,evm-osaka,True
AC-CTRL-cross_regime_identity,c1_ctx_k04/plonk/j5,evm-osaka,True
AC-CTRL-cross_regime_identity,c1_ctx_k04/plonk/j6,evm-osaka,True
AC-CTRL-cross_regime_identity,c1_ctx_k04/plonk/j7,evm-osaka,True
AC-CTRL-replay,c1_k01/plonk/j0,zkos-v32@npg169,True
AC-CTRL-unknown_root_tx,c1_k01/plonk/j0,zkos-v32@npg169,True
AC-CTRL-valid,c1_k01/plonk/j0,zkos-v32@npg169,True
AC-CTRL-tampered_proof,c1_k01/plonk/j0,zkos-v32@npg169,True
AC-CTRL-perturb_pub,c1_k01/plonk/j0,zkos-v32@npg169,True
AC-CTRL-out_of_field_pub,c1_k01/plonk/j0,zkos-v32@npg169,True
AC-CTRL-cross_regime_identity,c1_k01/plonk/j0,zkos-v32@npg169,True
AC-CTRL-cross_regime_identity,c1_k01/plonk/j1,zkos-v32@npg169,True
AC-CTRL-cross_regime_identity,c1_k01/plonk/j2,zkos-v32@npg169,True
AC-CTRL-cross_regime_identity,c1_k01/plonk/j3,zkos-v32@npg169,True
AC-CTRL-cross_regime_identity,c1_k01/plonk/j4,zkos-v32@npg169,True
AC-CTRL-cross_regime_identity,c1_k01/plonk/j5,zkos-v32@npg169,True
AC-CTRL-cross_regime_identity,c1_k01/plonk/j6,zkos-v32@npg169,True
AC-CTRL-cross_regime_identity,c1_k01/plonk/j7,zkos-v32@npg169,True
AC-CTRL-replay,c1_ctx_k16/plonk/j0,zkos-v32@npg100,True
AC-CTRL-unknown_root_tx,c1_ctx_k16/plonk/j0,zkos-v32@npg100,True
AC-CTRL-valid,c1_ctx_k16/plonk/j0,zkos-v32@npg100,True
AC-CTRL-tampered_proof,c1_ctx_k16/plonk/j0,zkos-v32@npg100,True
AC-CTRL-perturb_pub,c1_ctx_k16/plonk/j0,zkos-v32@npg100,True
AC-CTRL-perturb_pub,c1_ctx_k16/plonk/j0,zkos-v32@npg100,True
AC-CTRL-perturb_pub,c1_ctx_k16/plonk/j0,zkos-v32@npg100,True
AC-CTRL-perturb_pub,c1_ctx_k16/plonk/j0,zkos-v32@npg100,True
AC-CTRL-perturb_pub,c1_ctx_k16/plonk/j0,zkos-v32@npg100,True
AC-CTRL-perturb_pub,c1_ctx_k16/plonk/j0,zkos-v32@npg100,True
AC-CTRL-perturb_pub,c1_ctx_k16/plonk/j0,zkos-v32@npg100,True
AC-CTRL-perturb_pub,c1_ctx_k16/plonk/j0,zkos-v32@npg100,True
AC-CTRL-perturb_pub,c1_ctx_k16/plonk/j0,zkos-v32@npg100,True
AC-CTRL-perturb_pub,c1_ctx_k16/plonk/j0,zkos-v32@npg100,True
AC-CTRL-perturb_pub,c1_ctx_k16/plonk/j0,zkos-v32@npg100,True
AC-CTRL-perturb_pub,c1_ctx_k16/plonk/j0,zkos-v32@npg100,True
AC-CTRL-perturb_pub,c1_ctx_k16/plonk/j0,zkos-v32@npg100,True
AC-CTRL-perturb_pub,c1_ctx_k16/plonk/j0,zkos-v32@npg100,True
AC-CTRL-perturb_pub,c1_ctx_k16/plonk/j0,zkos-v32@npg100,True
AC-CTRL-perturb_pub,c1_ctx_k16/plonk/j0,zkos-v32@npg100,True
AC-CTRL-out_of_field_pub,c1_ctx_k16/plonk/j0,zkos-v32@npg100,True
AC-CTRL-cross_regime_identity,c1_ctx_k16/plonk/j0,zkos-v32@npg100,True
AC-CTRL-cross_regime_identity,c1_ctx_k16/plonk/j1,zkos-v32@npg100,True
AC-CTRL-cross_regime_identity,c1_ctx_k16/plonk/j2,zkos-v32@npg100,True
AC-CTRL-cross_regime_identity,c1_ctx_k16/plonk/j3,zkos-v32@npg100,True
AC-CTRL-cross_regime_identity,c1_ctx_k16/plonk/j4,zkos-v32@npg100,True
AC-CTRL-cross_regime_identity,c1_ctx_k16/plonk/j5,zkos-v32@npg100,True
AC-CTRL-cross_regime_identity,c1_ctx_k16/plonk/j6,zkos-v32@npg100,True
AC-CTRL-cross_regime_identity,c1_ctx_k16/plonk/j7,zkos-v32@npg100,True
AC-CTRL-replay,c1_ctx_k16/groth16/j0,evm-osaka,True
AC-CTRL-unknown_root_tx,c1_ctx_k16/groth16/j0,evm-osaka,True
AC-CTRL-valid,c1_ctx_k16/groth16/j0,evm-osaka,True
AC-CTRL-tampered_proof,c1_ctx_k16/groth16/j0,evm-osaka,True
AC-CTRL-perturb_pub,c1_ctx_k16/groth16/j0,evm-osaka,True
AC-CTRL-perturb_pub,c1_ctx_k16/groth16/j0,evm-osaka,True
AC-CTRL-perturb_pub,c1_ctx_k16/groth16/j0,evm-osaka,True
AC-CTRL-perturb_pub,c1_ctx_k16/groth16/j0,evm-osaka,True
AC-CTRL-perturb_pub,c1_ctx_k16/groth16/j0,evm-osaka,True
AC-CTRL-perturb_pub,c1_ctx_k16/groth16/j0,evm-osaka,True
AC-CTRL-perturb_pub,c1_ctx_k16/groth16/j0,evm-osaka,True
AC-CTRL-perturb_pub,c1_ctx_k16/groth16/j0,evm-osaka,True
AC-CTRL-perturb_pub,c1_ctx_k16/groth16/j0,evm-osaka,True
AC-CTRL-perturb_pub,c1_ctx_k16/groth16/j0,evm-osaka,True
AC-CTRL-perturb_pub,c1_ctx_k16/groth16/j0,evm-osaka,True
AC-CTRL-perturb_pub,c1_ctx_k16/groth16/j0,evm-osaka,True
AC-CTRL-perturb_pub,c1_ctx_k16/groth16/j0,evm-osaka,True
AC-CTRL-perturb_pub,c1_ctx_k16/groth16/j0,evm-osaka,True
AC-CTRL-perturb_pub,c1_ctx_k16/groth16/j0,evm-osaka,True
AC-CTRL-perturb_pub,c1_ctx_k16/groth16/j0,evm-osaka,True
AC-CTRL-out_of_field_pub,c1_ctx_k16/groth16/j0,evm-osaka,True
AC-CTRL-cross_regime_identity,c1_ctx_k16/groth16/j0,evm-osaka,True
AC-CTRL-cross_regime_identity,c1_ctx_k16/groth16/j1,evm-osaka,True
AC-CTRL-cross_regime_identity,c1_ctx_k16/groth16/j2,evm-osaka,True
AC-CTRL-cross_regime_identity,c1_ctx_k16/groth16/j3,evm-osaka,True
AC-CTRL-cross_regime_identity,c1_ctx_k16/groth16/j4,evm-osaka,True
AC-CTRL-cross_regime_identity,c1_ctx_k16/groth16/j5,evm-osaka,True
AC-CTRL-cross_regime_identity,c1_ctx_k16/groth16/j6,evm-osaka,True
AC-CTRL-cross_regime_identity,c1_ctx_k16/groth16/j7,evm-osaka,True
AC-CTRL-replay,c1_k01/groth16/j0,zkos-v32@npg300,True
AC-CTRL-unknown_root_tx,c1_k01/groth16/j0,zkos-v32@npg300,True
AC-CTRL-valid,c1_k01/groth16/j0,zkos-v32@npg300,True
AC-CTRL-tampered_proof,c1_k01/groth16/j0,zkos-v32@npg300,True
AC-CTRL-perturb_pub,c1_k01/groth16/j0,zkos-v32@npg300,True
AC-CTRL-out_of_field_pub,c1_k01/groth16/j0,zkos-v32@npg300,True
AC-CTRL-cross_regime_identity,c1_k01/groth16/j0,zkos-v32@npg300,True
AC-CTRL-cross_regime_identity,c1_k01/groth16/j1,zkos-v32@npg300,True
AC-CTRL-cross_regime_identity,c1_k01/groth16/j2,zkos-v32@npg300,True
AC-CTRL-cross_regime_identity,c1_k01/groth16/j3,zkos-v32@npg300,True
AC-CTRL-cross_regime_identity,c1_k01/groth16/j4,zkos-v32@npg300,True
AC-CTRL-cross_regime_identity,c1_k01/groth16/j5,zkos-v32@npg300,True
AC-CTRL-cross_regime_identity,c1_k01/groth16/j6,zkos-v32@npg300,True
AC-CTRL-cross_regime_identity,c1_k01/groth16/j7,zkos-v32@npg300,True
AC-CTRL-replay,c1_k01/plonk/j0,zkos-v32@npg151,True
AC-CTRL-unknown_root_tx,c1_k01/plonk/j0,zkos-v32@npg151,True
AC-CTRL-valid,c1_k01/plonk/j0,zkos-v32@npg151,True
AC-CTRL-tampered_proof,c1_k01/plonk/j0,zkos-v32@npg151,True
AC-CTRL-perturb_pub,c1_k01/plonk/j0,zkos-v32@npg151,True
AC-CTRL-out_of_field_pub,c1_k01/plonk/j0,zkos-v32@npg151,True
AC-CTRL-cross_regime_identity,c1_k01/plonk/j0,zkos-v32@npg151,True
AC-CTRL-cross_regime_identity,c1_k01/plonk/j1,zkos-v32@npg151,True
AC-CTRL-cross_regime_identity,c1_k01/plonk/j2,zkos-v32@npg151,True
AC-CTRL-cross_regime_identity,c1_k01/plonk/j3,zkos-v32@npg151,True
AC-CTRL-cross_regime_identity,c1_k01/plonk/j4,zkos-v32@npg151,True
AC-CTRL-cross_regime_identity,c1_k01/plonk/j5,zkos-v32@npg151,True
AC-CTRL-cross_regime_identity,c1_k01/plonk/j6,zkos-v32@npg151,True
AC-CTRL-cross_regime_identity,c1_k01/plonk/j7,zkos-v32@npg151,True
AC-CTRL-replay,c1_k01/groth16/j0,zkos-v32@npg139,True
AC-CTRL-unknown_root_tx,c1_k01/groth16/j0,zkos-v32@npg139,True
AC-CTRL-valid,c1_k01/groth16/j0,zkos-v32@npg139,True
AC-CTRL-tampered_proof,c1_k01/groth16/j0,zkos-v32@npg139,True
AC-CTRL-perturb_pub,c1_k01/groth16/j0,zkos-v32@npg139,True
AC-CTRL-out_of_field_pub,c1_k01/groth16/j0,zkos-v32@npg139,True
AC-CTRL-cross_regime_identity,c1_k01/groth16/j0,zkos-v32@npg139,True
AC-CTRL-cross_regime_identity,c1_k01/groth16/j1,zkos-v32@npg139,True
AC-CTRL-cross_regime_identity,c1_k01/groth16/j2,zkos-v32@npg139,True
AC-CTRL-cross_regime_identity,c1_k01/groth16/j3,zkos-v32@npg139,True
AC-CTRL-cross_regime_identity,c1_k01/groth16/j4,zkos-v32@npg139,True
AC-CTRL-cross_regime_identity,c1_k01/groth16/j5,zkos-v32@npg139,True
AC-CTRL-cross_regime_identity,c1_k01/groth16/j6,zkos-v32@npg139,True
AC-CTRL-cross_regime_identity,c1_k01/groth16/j7,zkos-v32@npg139,True
AC-CTRL-replay,c1_k01/groth16/j0,zkos-v32@npg151,True
AC-CTRL-unknown_root_tx,c1_k01/groth16/j0,zkos-v32@npg151,True
AC-CTRL-valid,c1_k01/groth16/j0,zkos-v32@npg151,True
AC-CTRL-tampered_proof,c1_k01/groth16/j0,zkos-v32@npg151,True
AC-CTRL-perturb_pub,c1_k01/groth16/j0,zkos-v32@npg151,True
AC-CTRL-out_of_field_pub,c1_k01/groth16/j0,zkos-v32@npg151,True
AC-CTRL-cross_regime_identity,c1_k01/groth16/j0,zkos-v32@npg151,True
AC-CTRL-cross_regime_identity,c1_k01/groth16/j1,zkos-v32@npg151,True
AC-CTRL-cross_regime_identity,c1_k01/groth16/j2,zkos-v32@npg151,True
AC-CTRL-cross_regime_identity,c1_k01/groth16/j3,zkos-v32@npg151,True
AC-CTRL-cross_regime_identity,c1_k01/groth16/j4,zkos-v32@npg151,True
AC-CTRL-cross_regime_identity,c1_k01/groth16/j5,zkos-v32@npg151,True
AC-CTRL-cross_regime_identity,c1_k01/groth16/j6,zkos-v32@npg151,True
AC-CTRL-cross_regime_identity,c1_k01/groth16/j7,zkos-v32@npg151,True
AC-CTRL-replay,c1_ctx_k04/groth16/j0,eravm-29,True
AC-CTRL-unknown_root_tx,c1_ctx_k04/groth16/j0,eravm-29,True
AC-CTRL-valid,c1_ctx_k04/groth16/j0,eravm-29,True
AC-CTRL-tampered_proof,c1_ctx_k04/groth16/j0,eravm-29,True
AC-CTRL-perturb_pub,c1_ctx_k04/groth16/j0,eravm-29,True
AC-CTRL-perturb_pub,c1_ctx_k04/groth16/j0,eravm-29,True
AC-CTRL-perturb_pub,c1_ctx_k04/groth16/j0,eravm-29,True
AC-CTRL-perturb_pub,c1_ctx_k04/groth16/j0,eravm-29,True
AC-CTRL-out_of_field_pub,c1_ctx_k04/groth16/j0,eravm-29,True
AC-CTRL-foreign_vk_proof,c1_a4/groth16/j0,eravm-29,True
AC-CTRL-cross_regime_identity,c1_ctx_k04/groth16/j0,eravm-29,True
AC-CTRL-cross_regime_identity,c1_ctx_k04/groth16/j1,eravm-29,True
AC-CTRL-cross_regime_identity,c1_ctx_k04/groth16/j2,eravm-29,True
AC-CTRL-cross_regime_identity,c1_ctx_k04/groth16/j3,eravm-29,True
AC-CTRL-cross_regime_identity,c1_ctx_k04/groth16/j4,eravm-29,True
AC-CTRL-cross_regime_identity,c1_ctx_k04/groth16/j5,eravm-29,True
AC-CTRL-cross_regime_identity,c1_ctx_k04/groth16/j6,eravm-29,True
AC-CTRL-cross_regime_identity,c1_ctx_k04/groth16/j7,eravm-29,True
AC-CTRL-replay,c1_k01/groth16/j0,zkos-v32@npg126,True
AC-CTRL-unknown_root_tx,c1_k01/groth16/j0,zkos-v32@npg126,True
AC-CTRL-valid,c1_k01/groth16/j0,zkos-v32@npg126,True
AC-CTRL-tampered_proof,c1_k01/groth16/j0,zkos-v32@npg126,True
AC-CTRL-perturb_pub,c1_k01/groth16/j0,zkos-v32@npg126,True
AC-CTRL-out_of_field_pub,c1_k01/groth16/j0,zkos-v32@npg126,True
AC-CTRL-cross_regime_identity,c1_k01/groth16/j0,zkos-v32@npg126,True
AC-CTRL-cross_regime_identity,c1_k01/groth16/j1,zkos-v32@npg126,True
AC-CTRL-cross_regime_identity,c1_k01/groth16/j2,zkos-v32@npg126,True
AC-CTRL-cross_regime_identity,c1_k01/groth16/j3,zkos-v32@npg126,True
AC-CTRL-cross_regime_identity,c1_k01/groth16/j4,zkos-v32@npg126,True
AC-CTRL-cross_regime_identity,c1_k01/groth16/j5,zkos-v32@npg126,True
AC-CTRL-cross_regime_identity,c1_k01/groth16/j6,zkos-v32@npg126,True
AC-CTRL-cross_regime_identity,c1_k01/groth16/j7,zkos-v32@npg126,True
AC-CTRL-replay,c1_k01/groth16/j0,zkos-v32@npg171,True
AC-CTRL-unknown_root_tx,c1_k01/groth16/j0,zkos-v32@npg171,True
AC-CTRL-valid,c1_k01/groth16/j0,zkos-v32@npg171,True
AC-CTRL-tampered_proof,c1_k01/groth16/j0,zkos-v32@npg171,True
AC-CTRL-perturb_pub,c1_k01/groth16/j0,zkos-v32@npg171,True
AC-CTRL-out_of_field_pub,c1_k01/groth16/j0,zkos-v32@npg171,True
AC-CTRL-cross_regime_identity,c1_k01/groth16/j0,zkos-v32@npg171,True
AC-CTRL-cross_regime_identity,c1_k01/groth16/j1,zkos-v32@npg171,True
AC-CTRL-cross_regime_identity,c1_k01/groth16/j2,zkos-v32@npg171,True
AC-CTRL-cross_regime_identity,c1_k01/groth16/j3,zkos-v32@npg171,True
AC-CTRL-cross_regime_identity,c1_k01/groth16/j4,zkos-v32@npg171,True
AC-CTRL-cross_regime_identity,c1_k01/groth16/j5,zkos-v32@npg171,True
AC-CTRL-cross_regime_identity,c1_k01/groth16/j6,zkos-v32@npg171,True
AC-CTRL-cross_regime_identity,c1_k01/groth16/j7,zkos-v32@npg171,True
AC-CTRL-replay,c1_k01/plonk/j0,evm-osaka,True
AC-CTRL-unknown_root_tx,c1_k01/plonk/j0,evm-osaka,True
AC-CTRL-valid,c1_k01/plonk/j0,evm-osaka,True
AC-CTRL-tampered_proof,c1_k01/plonk/j0,evm-osaka,True
AC-CTRL-perturb_pub,c1_k01/plonk/j0,evm-osaka,True
AC-CTRL-out_of_field_pub,c1_k01/plonk/j0,evm-osaka,True
AC-CTRL-cross_regime_identity,c1_k01/plonk/j0,evm-osaka,True
AC-CTRL-cross_regime_identity,c1_k01/plonk/j1,evm-osaka,True
AC-CTRL-cross_regime_identity,c1_k01/plonk/j2,evm-osaka,True
AC-CTRL-cross_regime_identity,c1_k01/plonk/j3,evm-osaka,True
AC-CTRL-cross_regime_identity,c1_k01/plonk/j4,evm-osaka,True
AC-CTRL-cross_regime_identity,c1_k01/plonk/j5,evm-osaka,True
AC-CTRL-cross_regime_identity,c1_k01/plonk/j6,evm-osaka,True
AC-CTRL-cross_regime_identity,c1_k01/plonk/j7,evm-osaka,True
AC-CTRL-replay,c1_k01/groth16/j0,zkos-v32@npg169,True
AC-CTRL-unknown_root_tx,c1_k01/groth16/j0,zkos-v32@npg169,True
AC-CTRL-valid,c1_k01/groth16/j0,zkos-v32@npg169,True
AC-CTRL-tampered_proof,c1_k01/groth16/j0,zkos-v32@npg169,True
AC-CTRL-perturb_pub,c1_k01/groth16/j0,zkos-v32@npg169,True
AC-CTRL-out_of_field_pub,c1_k01/groth16/j0,zkos-v32@npg169,True
AC-CTRL-cross_regime_identity,c1_k01/groth16/j0,zkos-v32@npg169,True
AC-CTRL-cross_regime_identity,c1_k01/groth16/j1,zkos-v32@npg169,True
AC-CTRL-cross_regime_identity,c1_k01/groth16/j2,zkos-v32@npg169,True
AC-CTRL-cross_regime_identity,c1_k01/groth16/j3,zkos-v32@npg169,True
AC-CTRL-cross_regime_identity,c1_k01/groth16/j4,zkos-v32@npg169,True
AC-CTRL-cross_regime_identity,c1_k01/groth16/j5,zkos-v32@npg169,True
AC-CTRL-cross_regime_identity,c1_k01/groth16/j6,zkos-v32@npg169,True
AC-CTRL-cross_regime_identity,c1_k01/groth16/j7,zkos-v32@npg169,True
AC-CTRL-replay,c1_ctx_k16/groth16/j0,eravm-29,True
AC-CTRL-unknown_root_tx,c1_ctx_k16/groth16/j0,eravm-29,True
AC-CTRL-valid,c1_ctx_k16/groth16/j0,eravm-29,True
AC-CTRL-tampered_proof,c1_ctx_k16/groth16/j0,eravm-29,True
AC-CTRL-perturb_pub,c1_ctx_k16/groth16/j0,eravm-29,True
AC-CTRL-perturb_pub,c1_ctx_k16/groth16/j0,eravm-29,True
AC-CTRL-perturb_pub,c1_ctx_k16/groth16/j0,eravm-29,True
AC-CTRL-perturb_pub,c1_ctx_k16/groth16/j0,eravm-29,True
AC-CTRL-perturb_pub,c1_ctx_k16/groth16/j0,eravm-29,True
AC-CTRL-perturb_pub,c1_ctx_k16/groth16/j0,eravm-29,True
AC-CTRL-perturb_pub,c1_ctx_k16/groth16/j0,eravm-29,True
AC-CTRL-perturb_pub,c1_ctx_k16/groth16/j0,eravm-29,True
AC-CTRL-perturb_pub,c1_ctx_k16/groth16/j0,eravm-29,True
AC-CTRL-perturb_pub,c1_ctx_k16/groth16/j0,eravm-29,True
AC-CTRL-perturb_pub,c1_ctx_k16/groth16/j0,eravm-29,True
AC-CTRL-perturb_pub,c1_ctx_k16/groth16/j0,eravm-29,True
AC-CTRL-perturb_pub,c1_ctx_k16/groth16/j0,eravm-29,True
AC-CTRL-perturb_pub,c1_ctx_k16/groth16/j0,eravm-29,True
AC-CTRL-perturb_pub,c1_ctx_k16/groth16/j0,eravm-29,True
AC-CTRL-perturb_pub,c1_ctx_k16/groth16/j0,eravm-29,True
AC-CTRL-out_of_field_pub,c1_ctx_k16/groth16/j0,eravm-29,True
AC-CTRL-cross_regime_identity,c1_ctx_k16/groth16/j0,eravm-29,True
AC-CTRL-cross_regime_identity,c1_ctx_k16/groth16/j1,eravm-29,True
AC-CTRL-cross_regime_identity,c1_ctx_k16/groth16/j2,eravm-29,True
AC-CTRL-cross_regime_identity,c1_ctx_k16/groth16/j3,eravm-29,True
AC-CTRL-cross_regime_identity,c1_ctx_k16/groth16/j4,eravm-29,True
AC-CTRL-cross_regime_identity,c1_ctx_k16/groth16/j5,eravm-29,True
AC-CTRL-cross_regime_identity,c1_ctx_k16/groth16/j6,eravm-29,True
AC-CTRL-cross_regime_identity,c1_ctx_k16/groth16/j7,eravm-29,True
AC-CTRL-replay,c1_k01/plonk/j0,zkos-v32@npg126,True
AC-CTRL-unknown_root_tx,c1_k01/plonk/j0,zkos-v32@npg126,True
AC-CTRL-valid,c1_k01/plonk/j0,zkos-v32@npg126,True
AC-CTRL-tampered_proof,c1_k01/plonk/j0,zkos-v32@npg126,True
AC-CTRL-perturb_pub,c1_k01/plonk/j0,zkos-v32@npg126,True
AC-CTRL-out_of_field_pub,c1_k01/plonk/j0,zkos-v32@npg126,True
AC-CTRL-cross_regime_identity,c1_k01/plonk/j0,zkos-v32@npg126,True
AC-CTRL-cross_regime_identity,c1_k01/plonk/j1,zkos-v32@npg126,True
AC-CTRL-cross_regime_identity,c1_k01/plonk/j2,zkos-v32@npg126,True
AC-CTRL-cross_regime_identity,c1_k01/plonk/j3,zkos-v32@npg126,True
AC-CTRL-cross_regime_identity,c1_k01/plonk/j4,zkos-v32@npg126,True
AC-CTRL-cross_regime_identity,c1_k01/plonk/j5,zkos-v32@npg126,True
AC-CTRL-cross_regime_identity,c1_k01/plonk/j6,zkos-v32@npg126,True
AC-CTRL-cross_regime_identity,c1_k01/plonk/j7,zkos-v32@npg126,True
AC-CTRL-replay,c1_ctx_k04/groth16/j0,evm-osaka,True
AC-CTRL-unknown_root_tx,c1_ctx_k04/groth16/j0,evm-osaka,True
AC-CTRL-valid,c1_ctx_k04/groth16/j0,evm-osaka,True
AC-CTRL-tampered_proof,c1_ctx_k04/groth16/j0,evm-osaka,True
AC-CTRL-perturb_pub,c1_ctx_k04/groth16/j0,evm-osaka,True
AC-CTRL-perturb_pub,c1_ctx_k04/groth16/j0,evm-osaka,True
AC-CTRL-perturb_pub,c1_ctx_k04/groth16/j0,evm-osaka,True
AC-CTRL-perturb_pub,c1_ctx_k04/groth16/j0,evm-osaka,True
AC-CTRL-out_of_field_pub,c1_ctx_k04/groth16/j0,evm-osaka,True
AC-CTRL-foreign_vk_proof,c1_a4/groth16/j0,evm-osaka,True
AC-CTRL-cross_regime_identity,c1_ctx_k04/groth16/j0,evm-osaka,True
AC-CTRL-cross_regime_identity,c1_ctx_k04/groth16/j1,evm-osaka,True
AC-CTRL-cross_regime_identity,c1_ctx_k04/groth16/j2,evm-osaka,True
AC-CTRL-cross_regime_identity,c1_ctx_k04/groth16/j3,evm-osaka,True
AC-CTRL-cross_regime_identity,c1_ctx_k04/groth16/j4,evm-osaka,True
AC-CTRL-cross_regime_identity,c1_ctx_k04/groth16/j5,evm-osaka,True
AC-CTRL-cross_regime_identity,c1_ctx_k04/groth16/j6,evm-osaka,True
AC-CTRL-cross_regime_identity,c1_ctx_k04/groth16/j7,evm-osaka,True
AC-CTRL-replay,c1_a8/groth16/j0,eravm-29,True
AC-CTRL-unknown_root_tx,c1_a8/groth16/j0,eravm-29,True
AC-CTRL-valid,c1_a8/groth16/j0,eravm-29,True
AC-CTRL-tampered_proof,c1_a8/groth16/j0,eravm-29,True
AC-CTRL-perturb_pub,c1_a8/groth16/j0,eravm-29,True
AC-CTRL-perturb_pub,c1_a8/groth16/j0,eravm-29,True
AC-CTRL-perturb_pub,c1_a8/groth16/j0,eravm-29,True
AC-CTRL-perturb_pub,c1_a8/groth16/j0,eravm-29,True
AC-CTRL-perturb_pub,c1_a8/groth16/j0,eravm-29,True
AC-CTRL-perturb_pub,c1_a8/groth16/j0,eravm-29,True
AC-CTRL-perturb_pub,c1_a8/groth16/j0,eravm-29,True
AC-CTRL-perturb_pub,c1_a8/groth16/j0,eravm-29,True
AC-CTRL-out_of_field_pub,c1_a8/groth16/j0,eravm-29,True
AC-CTRL-foreign_vk_proof,c1_ctx_k08/groth16/j0,eravm-29,True
AC-CTRL-cross_regime_identity,c1_a8/groth16/j0,eravm-29,True
AC-CTRL-cross_regime_identity,c1_a8/groth16/j1,eravm-29,True
AC-CTRL-cross_regime_identity,c1_a8/groth16/j2,eravm-29,True
AC-CTRL-cross_regime_identity,c1_a8/groth16/j3,eravm-29,True
AC-CTRL-cross_regime_identity,c1_a8/groth16/j4,eravm-29,True
AC-CTRL-cross_regime_identity,c1_a8/groth16/j5,eravm-29,True
AC-CTRL-cross_regime_identity,c1_a8/groth16/j6,eravm-29,True
AC-CTRL-cross_regime_identity,c1_a8/groth16/j7,eravm-29,True
AC-CTRL-replay,c1_ctx_k04/groth16/j0,zkos-v32@npg167,True
AC-CTRL-unknown_root_tx,c1_ctx_k04/groth16/j0,zkos-v32@npg167,True
AC-CTRL-valid,c1_ctx_k04/groth16/j0,zkos-v32@npg167,True
AC-CTRL-tampered_proof,c1_ctx_k04/groth16/j0,zkos-v32@npg167,True
AC-CTRL-perturb_pub,c1_ctx_k04/groth16/j0,zkos-v32@npg167,True
AC-CTRL-perturb_pub,c1_ctx_k04/groth16/j0,zkos-v32@npg167,True
AC-CTRL-perturb_pub,c1_ctx_k04/groth16/j0,zkos-v32@npg167,True
AC-CTRL-perturb_pub,c1_ctx_k04/groth16/j0,zkos-v32@npg167,True
AC-CTRL-out_of_field_pub,c1_ctx_k04/groth16/j0,zkos-v32@npg167,True
AC-CTRL-foreign_vk_proof,c1_a4/groth16/j0,zkos-v32@npg167,True
AC-CTRL-cross_regime_identity,c1_ctx_k04/groth16/j0,zkos-v32@npg167,True
AC-CTRL-cross_regime_identity,c1_ctx_k04/groth16/j1,zkos-v32@npg167,True
AC-CTRL-cross_regime_identity,c1_ctx_k04/groth16/j2,zkos-v32@npg167,True
AC-CTRL-cross_regime_identity,c1_ctx_k04/groth16/j3,zkos-v32@npg167,True
AC-CTRL-cross_regime_identity,c1_ctx_k04/groth16/j4,zkos-v32@npg167,True
AC-CTRL-cross_regime_identity,c1_ctx_k04/groth16/j5,zkos-v32@npg167,True
AC-CTRL-cross_regime_identity,c1_ctx_k04/groth16/j6,zkos-v32@npg167,True
AC-CTRL-cross_regime_identity,c1_ctx_k04/groth16/j7,zkos-v32@npg167,True
AC-CTRL-replay,c1_ctx_k06/groth16/j0,zkos-v32@npg100,True
AC-CTRL-unknown_root_tx,c1_ctx_k06/groth16/j0,zkos-v32@npg100,True
AC-CTRL-valid,c1_ctx_k06/groth16/j0,zkos-v32@npg100,True
AC-CTRL-tampered_proof,c1_ctx_k06/groth16/j0,zkos-v32@npg100,True
AC-CTRL-perturb_pub,c1_ctx_k06/groth16/j0,zkos-v32@npg100,True
AC-CTRL-perturb_pub,c1_ctx_k06/groth16/j0,zkos-v32@npg100,True
AC-CTRL-perturb_pub,c1_ctx_k06/groth16/j0,zkos-v32@npg100,True
AC-CTRL-perturb_pub,c1_ctx_k06/groth16/j0,zkos-v32@npg100,True
AC-CTRL-perturb_pub,c1_ctx_k06/groth16/j0,zkos-v32@npg100,True
AC-CTRL-perturb_pub,c1_ctx_k06/groth16/j0,zkos-v32@npg100,True
AC-CTRL-out_of_field_pub,c1_ctx_k06/groth16/j0,zkos-v32@npg100,True
AC-CTRL-cross_regime_identity,c1_ctx_k06/groth16/j0,zkos-v32@npg100,True
AC-CTRL-cross_regime_identity,c1_ctx_k06/groth16/j1,zkos-v32@npg100,True
AC-CTRL-cross_regime_identity,c1_ctx_k06/groth16/j2,zkos-v32@npg100,True
AC-CTRL-cross_regime_identity,c1_ctx_k06/groth16/j3,zkos-v32@npg100,True
AC-CTRL-cross_regime_identity,c1_ctx_k06/groth16/j4,zkos-v32@npg100,True
AC-CTRL-cross_regime_identity,c1_ctx_k06/groth16/j5,zkos-v32@npg100,True
AC-CTRL-cross_regime_identity,c1_ctx_k06/groth16/j6,zkos-v32@npg100,True
AC-CTRL-cross_regime_identity,c1_ctx_k06/groth16/j7,zkos-v32@npg100,True
AC-CTRL-replay,c1_ctx_k16/groth16/j0,zkos-v32@npg156,True
AC-CTRL-unknown_root_tx,c1_ctx_k16/groth16/j0,zkos-v32@npg156,True
AC-CTRL-valid,c1_ctx_k16/groth16/j0,zkos-v32@npg156,True
AC-CTRL-tampered_proof,c1_ctx_k16/groth16/j0,zkos-v32@npg156,True
AC-CTRL-perturb_pub,c1_ctx_k16/groth16/j0,zkos-v32@npg156,True
AC-CTRL-perturb_pub,c1_ctx_k16/groth16/j0,zkos-v32@npg156,True
AC-CTRL-perturb_pub,c1_ctx_k16/groth16/j0,zkos-v32@npg156,True
AC-CTRL-perturb_pub,c1_ctx_k16/groth16/j0,zkos-v32@npg156,True
AC-CTRL-perturb_pub,c1_ctx_k16/groth16/j0,zkos-v32@npg156,True
AC-CTRL-perturb_pub,c1_ctx_k16/groth16/j0,zkos-v32@npg156,True
AC-CTRL-perturb_pub,c1_ctx_k16/groth16/j0,zkos-v32@npg156,True
AC-CTRL-perturb_pub,c1_ctx_k16/groth16/j0,zkos-v32@npg156,True
AC-CTRL-perturb_pub,c1_ctx_k16/groth16/j0,zkos-v32@npg156,True
AC-CTRL-perturb_pub,c1_ctx_k16/groth16/j0,zkos-v32@npg156,True
AC-CTRL-perturb_pub,c1_ctx_k16/groth16/j0,zkos-v32@npg156,True
AC-CTRL-perturb_pub,c1_ctx_k16/groth16/j0,zkos-v32@npg156,True
AC-CTRL-perturb_pub,c1_ctx_k16/groth16/j0,zkos-v32@npg156,True
AC-CTRL-perturb_pub,c1_ctx_k16/groth16/j0,zkos-v32@npg156,True
AC-CTRL-perturb_pub,c1_ctx_k16/groth16/j0,zkos-v32@npg156,True
AC-CTRL-perturb_pub,c1_ctx_k16/groth16/j0,zkos-v32@npg156,True
AC-CTRL-out_of_field_pub,c1_ctx_k16/groth16/j0,zkos-v32@npg156,True
AC-CTRL-cross_regime_identity,c1_ctx_k16/groth16/j0,zkos-v32@npg156,True
AC-CTRL-cross_regime_identity,c1_ctx_k16/groth16/j1,zkos-v32@npg156,True
AC-CTRL-cross_regime_identity,c1_ctx_k16/groth16/j2,zkos-v32@npg156,True
AC-CTRL-cross_regime_identity,c1_ctx_k16/groth16/j3,zkos-v32@npg156,True
AC-CTRL-cross_regime_identity,c1_ctx_k16/groth16/j4,zkos-v32@npg156,True
AC-CTRL-cross_regime_identity,c1_ctx_k16/groth16/j5,zkos-v32@npg156,True
AC-CTRL-cross_regime_identity,c1_ctx_k16/groth16/j6,zkos-v32@npg156,True
AC-CTRL-cross_regime_identity,c1_ctx_k16/groth16/j7,zkos-v32@npg156,True
AC-CTRL-replay,c1_ctx_k04/groth16/j0,eravm-27,True
AC-CTRL-unknown_root_tx,c1_ctx_k04/groth16/j0,eravm-27,True
AC-CTRL-valid,c1_ctx_k04/groth16/j0,eravm-27,True
AC-CTRL-tampered_proof,c1_ctx_k04/groth16/j0,eravm-27,True
AC-CTRL-perturb_pub,c1_ctx_k04/groth16/j0,eravm-27,True
AC-CTRL-perturb_pub,c1_ctx_k04/groth16/j0,eravm-27,True
AC-CTRL-perturb_pub,c1_ctx_k04/groth16/j0,eravm-27,True
AC-CTRL-perturb_pub,c1_ctx_k04/groth16/j0,eravm-27,True
AC-CTRL-out_of_field_pub,c1_ctx_k04/groth16/j0,eravm-27,True
AC-CTRL-foreign_vk_proof,c1_a4/groth16/j0,eravm-27,True
AC-CTRL-cross_regime_identity,c1_ctx_k04/groth16/j0,eravm-27,True
AC-CTRL-cross_regime_identity,c1_ctx_k04/groth16/j1,eravm-27,True
AC-CTRL-cross_regime_identity,c1_ctx_k04/groth16/j2,eravm-27,True
AC-CTRL-cross_regime_identity,c1_ctx_k04/groth16/j3,eravm-27,True
AC-CTRL-cross_regime_identity,c1_ctx_k04/groth16/j4,eravm-27,True
AC-CTRL-cross_regime_identity,c1_ctx_k04/groth16/j5,eravm-27,True
AC-CTRL-cross_regime_identity,c1_ctx_k04/groth16/j6,eravm-27,True
AC-CTRL-cross_regime_identity,c1_ctx_k04/groth16/j7,eravm-27,True
AC-CTRL-replay,c1_ctx_k08/plonk/j0,zkos-v32@npg100,True
AC-CTRL-unknown_root_tx,c1_ctx_k08/plonk/j0,zkos-v32@npg100,True
AC-CTRL-valid,c1_ctx_k08/plonk/j0,zkos-v32@npg100,True
AC-CTRL-tampered_proof,c1_ctx_k08/plonk/j0,zkos-v32@npg100,True
AC-CTRL-perturb_pub,c1_ctx_k08/plonk/j0,zkos-v32@npg100,True
AC-CTRL-perturb_pub,c1_ctx_k08/plonk/j0,zkos-v32@npg100,True
AC-CTRL-perturb_pub,c1_ctx_k08/plonk/j0,zkos-v32@npg100,True
AC-CTRL-perturb_pub,c1_ctx_k08/plonk/j0,zkos-v32@npg100,True
AC-CTRL-perturb_pub,c1_ctx_k08/plonk/j0,zkos-v32@npg100,True
AC-CTRL-perturb_pub,c1_ctx_k08/plonk/j0,zkos-v32@npg100,True
AC-CTRL-perturb_pub,c1_ctx_k08/plonk/j0,zkos-v32@npg100,True
AC-CTRL-perturb_pub,c1_ctx_k08/plonk/j0,zkos-v32@npg100,True
AC-CTRL-out_of_field_pub,c1_ctx_k08/plonk/j0,zkos-v32@npg100,True
AC-CTRL-foreign_vk_proof,c1_a8/plonk/j0,zkos-v32@npg100,True
AC-CTRL-cross_regime_identity,c1_ctx_k08/plonk/j0,zkos-v32@npg100,True
AC-CTRL-cross_regime_identity,c1_ctx_k08/plonk/j1,zkos-v32@npg100,True
AC-CTRL-cross_regime_identity,c1_ctx_k08/plonk/j2,zkos-v32@npg100,True
AC-CTRL-cross_regime_identity,c1_ctx_k08/plonk/j3,zkos-v32@npg100,True
AC-CTRL-cross_regime_identity,c1_ctx_k08/plonk/j4,zkos-v32@npg100,True
AC-CTRL-cross_regime_identity,c1_ctx_k08/plonk/j5,zkos-v32@npg100,True
AC-CTRL-cross_regime_identity,c1_ctx_k08/plonk/j6,zkos-v32@npg100,True
AC-CTRL-cross_regime_identity,c1_ctx_k08/plonk/j7,zkos-v32@npg100,True
AC-CTRL-replay,c1_ctx_k06/groth16/j0,eravm-27,True
AC-CTRL-unknown_root_tx,c1_ctx_k06/groth16/j0,eravm-27,True
AC-CTRL-valid,c1_ctx_k06/groth16/j0,eravm-27,True
AC-CTRL-tampered_proof,c1_ctx_k06/groth16/j0,eravm-27,True
AC-CTRL-perturb_pub,c1_ctx_k06/groth16/j0,eravm-27,True
AC-CTRL-perturb_pub,c1_ctx_k06/groth16/j0,eravm-27,True
AC-CTRL-perturb_pub,c1_ctx_k06/groth16/j0,eravm-27,True
AC-CTRL-perturb_pub,c1_ctx_k06/groth16/j0,eravm-27,True
AC-CTRL-perturb_pub,c1_ctx_k06/groth16/j0,eravm-27,True
AC-CTRL-perturb_pub,c1_ctx_k06/groth16/j0,eravm-27,True
AC-CTRL-out_of_field_pub,c1_ctx_k06/groth16/j0,eravm-27,True
AC-CTRL-cross_regime_identity,c1_ctx_k06/groth16/j0,eravm-27,True
AC-CTRL-cross_regime_identity,c1_ctx_k06/groth16/j1,eravm-27,True
AC-CTRL-cross_regime_identity,c1_ctx_k06/groth16/j2,eravm-27,True
AC-CTRL-cross_regime_identity,c1_ctx_k06/groth16/j3,eravm-27,True
AC-CTRL-cross_regime_identity,c1_ctx_k06/groth16/j4,eravm-27,True
AC-CTRL-cross_regime_identity,c1_ctx_k06/groth16/j5,eravm-27,True
AC-CTRL-cross_regime_identity,c1_ctx_k06/groth16/j6,eravm-27,True
AC-CTRL-cross_regime_identity,c1_ctx_k06/groth16/j7,eravm-27,True
AC-CTRL-replay,c1_ctx_k12/plonk/j0,eravm-29,True
AC-CTRL-unknown_root_tx,c1_ctx_k12/plonk/j0,eravm-29,True
AC-CTRL-valid,c1_ctx_k12/plonk/j0,eravm-29,True
AC-CTRL-tampered_proof,c1_ctx_k12/plonk/j0,eravm-29,True
AC-CTRL-perturb_pub,c1_ctx_k12/plonk/j0,eravm-29,True
AC-CTRL-perturb_pub,c1_ctx_k12/plonk/j0,eravm-29,True
AC-CTRL-perturb_pub,c1_ctx_k12/plonk/j0,eravm-29,True
AC-CTRL-perturb_pub,c1_ctx_k12/plonk/j0,eravm-29,True
AC-CTRL-perturb_pub,c1_ctx_k12/plonk/j0,eravm-29,True
AC-CTRL-perturb_pub,c1_ctx_k12/plonk/j0,eravm-29,True
AC-CTRL-perturb_pub,c1_ctx_k12/plonk/j0,eravm-29,True
AC-CTRL-perturb_pub,c1_ctx_k12/plonk/j0,eravm-29,True
AC-CTRL-perturb_pub,c1_ctx_k12/plonk/j0,eravm-29,True
AC-CTRL-perturb_pub,c1_ctx_k12/plonk/j0,eravm-29,True
AC-CTRL-perturb_pub,c1_ctx_k12/plonk/j0,eravm-29,True
AC-CTRL-perturb_pub,c1_ctx_k12/plonk/j0,eravm-29,True
AC-CTRL-out_of_field_pub,c1_ctx_k12/plonk/j0,eravm-29,True
AC-CTRL-cross_regime_identity,c1_ctx_k12/plonk/j0,eravm-29,True
AC-CTRL-cross_regime_identity,c1_ctx_k12/plonk/j1,eravm-29,True
AC-CTRL-cross_regime_identity,c1_ctx_k12/plonk/j2,eravm-29,True
AC-CTRL-cross_regime_identity,c1_ctx_k12/plonk/j3,eravm-29,True
AC-CTRL-cross_regime_identity,c1_ctx_k12/plonk/j4,eravm-29,True
AC-CTRL-cross_regime_identity,c1_ctx_k12/plonk/j5,eravm-29,True
AC-CTRL-cross_regime_identity,c1_ctx_k12/plonk/j6,eravm-29,True
AC-CTRL-cross_regime_identity,c1_ctx_k12/plonk/j7,eravm-29,True
AC-CTRL-replay,c1_k01/groth16/j0,eravm-27,True
AC-CTRL-unknown_root_tx,c1_k01/groth16/j0,eravm-27,True
AC-CTRL-valid,c1_k01/groth16/j0,eravm-27,True
AC-CTRL-tampered_proof,c1_k01/groth16/j0,eravm-27,True
AC-CTRL-perturb_pub,c1_k01/groth16/j0,eravm-27,True
AC-CTRL-out_of_field_pub,c1_k01/groth16/j0,eravm-27,True
AC-CTRL-cross_regime_identity,c1_k01/groth16/j0,eravm-27,True
AC-CTRL-cross_regime_identity,c1_k01/groth16/j1,eravm-27,True
AC-CTRL-cross_regime_identity,c1_k01/groth16/j2,eravm-27,True
AC-CTRL-cross_regime_identity,c1_k01/groth16/j3,eravm-27,True
AC-CTRL-cross_regime_identity,c1_k01/groth16/j4,eravm-27,True
AC-CTRL-cross_regime_identity,c1_k01/groth16/j5,eravm-27,True
AC-CTRL-cross_regime_identity,c1_k01/groth16/j6,eravm-27,True
AC-CTRL-cross_regime_identity,c1_k01/groth16/j7,eravm-27,True
AC-CTRL-replay,c1_ctx_k16/plonk/j0,zkos-v32@npg300,True
AC-CTRL-unknown_root_tx,c1_ctx_k16/plonk/j0,zkos-v32@npg300,True
AC-CTRL-valid,c1_ctx_k16/plonk/j0,zkos-v32@npg300,True
AC-CTRL-tampered_proof,c1_ctx_k16/plonk/j0,zkos-v32@npg300,True
AC-CTRL-perturb_pub,c1_ctx_k16/plonk/j0,zkos-v32@npg300,True
AC-CTRL-perturb_pub,c1_ctx_k16/plonk/j0,zkos-v32@npg300,True
AC-CTRL-perturb_pub,c1_ctx_k16/plonk/j0,zkos-v32@npg300,True
AC-CTRL-perturb_pub,c1_ctx_k16/plonk/j0,zkos-v32@npg300,True
AC-CTRL-perturb_pub,c1_ctx_k16/plonk/j0,zkos-v32@npg300,True
AC-CTRL-perturb_pub,c1_ctx_k16/plonk/j0,zkos-v32@npg300,True
AC-CTRL-perturb_pub,c1_ctx_k16/plonk/j0,zkos-v32@npg300,True
AC-CTRL-perturb_pub,c1_ctx_k16/plonk/j0,zkos-v32@npg300,True
AC-CTRL-perturb_pub,c1_ctx_k16/plonk/j0,zkos-v32@npg300,True
AC-CTRL-perturb_pub,c1_ctx_k16/plonk/j0,zkos-v32@npg300,True
AC-CTRL-perturb_pub,c1_ctx_k16/plonk/j0,zkos-v32@npg300,True
AC-CTRL-perturb_pub,c1_ctx_k16/plonk/j0,zkos-v32@npg300,True
AC-CTRL-perturb_pub,c1_ctx_k16/plonk/j0,zkos-v32@npg300,True
AC-CTRL-perturb_pub,c1_ctx_k16/plonk/j0,zkos-v32@npg300,True
AC-CTRL-perturb_pub,c1_ctx_k16/plonk/j0,zkos-v32@npg300,True
AC-CTRL-perturb_pub,c1_ctx_k16/plonk/j0,zkos-v32@npg300,True
AC-CTRL-out_of_field_pub,c1_ctx_k16/plonk/j0,zkos-v32@npg300,True
AC-CTRL-cross_regime_identity,c1_ctx_k16/plonk/j0,zkos-v32@npg300,True
AC-CTRL-cross_regime_identity,c1_ctx_k16/plonk/j1,zkos-v32@npg300,True
AC-CTRL-cross_regime_identity,c1_ctx_k16/plonk/j2,zkos-v32@npg300,True
AC-CTRL-cross_regime_identity,c1_ctx_k16/plonk/j3,zkos-v32@npg300,True
AC-CTRL-cross_regime_identity,c1_ctx_k16/plonk/j4,zkos-v32@npg300,True
AC-CTRL-cross_regime_identity,c1_ctx_k16/plonk/j5,zkos-v32@npg300,True
AC-CTRL-cross_regime_identity,c1_ctx_k16/plonk/j6,zkos-v32@npg300,True
AC-CTRL-cross_regime_identity,c1_ctx_k16/plonk/j7,zkos-v32@npg300,True
AC-CTRL-replay,c1_disc_k04/groth16/j0,evm-osaka,True
AC-CTRL-unknown_root_tx,c1_disc_k04/groth16/j0,evm-osaka,True
AC-CTRL-valid,c1_disc_k04/groth16/j0,evm-osaka,True
AC-CTRL-tampered_proof,c1_disc_k04/groth16/j0,evm-osaka,True
AC-CTRL-perturb_pub,c1_disc_k04/groth16/j0,evm-osaka,True
AC-CTRL-perturb_pub,c1_disc_k04/groth16/j0,evm-osaka,True
AC-CTRL-perturb_pub,c1_disc_k04/groth16/j0,evm-osaka,True
AC-CTRL-perturb_pub,c1_disc_k04/groth16/j0,evm-osaka,True
AC-CTRL-out_of_field_pub,c1_disc_k04/groth16/j0,evm-osaka,True
AC-CTRL-foreign_vk_proof,c1_ctx_k04/groth16/j0,evm-osaka,True
AC-CTRL-cross_regime_identity,c1_disc_k04/groth16/j0,evm-osaka,True
AC-CTRL-cross_regime_identity,c1_disc_k04/groth16/j1,evm-osaka,True
AC-CTRL-cross_regime_identity,c1_disc_k04/groth16/j2,evm-osaka,True
AC-CTRL-cross_regime_identity,c1_disc_k04/groth16/j3,evm-osaka,True
AC-CTRL-cross_regime_identity,c1_disc_k04/groth16/j4,evm-osaka,True
AC-CTRL-cross_regime_identity,c1_disc_k04/groth16/j5,evm-osaka,True
AC-CTRL-cross_regime_identity,c1_disc_k04/groth16/j6,evm-osaka,True
AC-CTRL-cross_regime_identity,c1_disc_k04/groth16/j7,evm-osaka,True
AC-CTRL-replay,c1_ctx_k16/plonk/j0,zkos-v32@npg132,True
AC-CTRL-unknown_root_tx,c1_ctx_k16/plonk/j0,zkos-v32@npg132,True
AC-CTRL-valid,c1_ctx_k16/plonk/j0,zkos-v32@npg132,True
AC-CTRL-tampered_proof,c1_ctx_k16/plonk/j0,zkos-v32@npg132,True
AC-CTRL-perturb_pub,c1_ctx_k16/plonk/j0,zkos-v32@npg132,True
AC-CTRL-perturb_pub,c1_ctx_k16/plonk/j0,zkos-v32@npg132,True
AC-CTRL-perturb_pub,c1_ctx_k16/plonk/j0,zkos-v32@npg132,True
AC-CTRL-perturb_pub,c1_ctx_k16/plonk/j0,zkos-v32@npg132,True
AC-CTRL-perturb_pub,c1_ctx_k16/plonk/j0,zkos-v32@npg132,True
AC-CTRL-perturb_pub,c1_ctx_k16/plonk/j0,zkos-v32@npg132,True
AC-CTRL-perturb_pub,c1_ctx_k16/plonk/j0,zkos-v32@npg132,True
AC-CTRL-perturb_pub,c1_ctx_k16/plonk/j0,zkos-v32@npg132,True
AC-CTRL-perturb_pub,c1_ctx_k16/plonk/j0,zkos-v32@npg132,True
AC-CTRL-perturb_pub,c1_ctx_k16/plonk/j0,zkos-v32@npg132,True
AC-CTRL-perturb_pub,c1_ctx_k16/plonk/j0,zkos-v32@npg132,True
AC-CTRL-perturb_pub,c1_ctx_k16/plonk/j0,zkos-v32@npg132,True
AC-CTRL-perturb_pub,c1_ctx_k16/plonk/j0,zkos-v32@npg132,True
AC-CTRL-perturb_pub,c1_ctx_k16/plonk/j0,zkos-v32@npg132,True
AC-CTRL-perturb_pub,c1_ctx_k16/plonk/j0,zkos-v32@npg132,True
AC-CTRL-perturb_pub,c1_ctx_k16/plonk/j0,zkos-v32@npg132,True
AC-CTRL-out_of_field_pub,c1_ctx_k16/plonk/j0,zkos-v32@npg132,True
AC-CTRL-cross_regime_identity,c1_ctx_k16/plonk/j0,zkos-v32@npg132,True
AC-CTRL-cross_regime_identity,c1_ctx_k16/plonk/j1,zkos-v32@npg132,True
AC-CTRL-cross_regime_identity,c1_ctx_k16/plonk/j2,zkos-v32@npg132,True
AC-CTRL-cross_regime_identity,c1_ctx_k16/plonk/j3,zkos-v32@npg132,True
AC-CTRL-cross_regime_identity,c1_ctx_k16/plonk/j4,zkos-v32@npg132,True
AC-CTRL-cross_regime_identity,c1_ctx_k16/plonk/j5,zkos-v32@npg132,True
AC-CTRL-cross_regime_identity,c1_ctx_k16/plonk/j6,zkos-v32@npg132,True
AC-CTRL-cross_regime_identity,c1_ctx_k16/plonk/j7,zkos-v32@npg132,True
AC-CTRL-replay,c1_a4/plonk/j0,zkos-v32@npg100,True
AC-CTRL-unknown_root_tx,c1_a4/plonk/j0,zkos-v32@npg100,True
AC-CTRL-valid,c1_a4/plonk/j0,zkos-v32@npg100,True
AC-CTRL-tampered_proof,c1_a4/plonk/j0,zkos-v32@npg100,True
AC-CTRL-perturb_pub,c1_a4/plonk/j0,zkos-v32@npg100,True
AC-CTRL-perturb_pub,c1_a4/plonk/j0,zkos-v32@npg100,True
AC-CTRL-perturb_pub,c1_a4/plonk/j0,zkos-v32@npg100,True
AC-CTRL-perturb_pub,c1_a4/plonk/j0,zkos-v32@npg100,True
AC-CTRL-out_of_field_pub,c1_a4/plonk/j0,zkos-v32@npg100,True
AC-CTRL-foreign_vk_proof,c1_ctx_k04/plonk/j0,zkos-v32@npg100,True
AC-CTRL-cross_regime_identity,c1_a4/plonk/j0,zkos-v32@npg100,True
AC-CTRL-cross_regime_identity,c1_a4/plonk/j1,zkos-v32@npg100,True
AC-CTRL-cross_regime_identity,c1_a4/plonk/j2,zkos-v32@npg100,True
AC-CTRL-cross_regime_identity,c1_a4/plonk/j3,zkos-v32@npg100,True
AC-CTRL-cross_regime_identity,c1_a4/plonk/j4,zkos-v32@npg100,True
AC-CTRL-cross_regime_identity,c1_a4/plonk/j5,zkos-v32@npg100,True
AC-CTRL-cross_regime_identity,c1_a4/plonk/j6,zkos-v32@npg100,True
AC-CTRL-cross_regime_identity,c1_a4/plonk/j7,zkos-v32@npg100,True
AC-CTRL-replay,c1_ctx_k04/groth16/j0,zkos-v32@npg300,True
AC-CTRL-unknown_root_tx,c1_ctx_k04/groth16/j0,zkos-v32@npg300,True
AC-CTRL-valid,c1_ctx_k04/groth16/j0,zkos-v32@npg300,True
AC-CTRL-tampered_proof,c1_ctx_k04/groth16/j0,zkos-v32@npg300,True
AC-CTRL-perturb_pub,c1_ctx_k04/groth16/j0,zkos-v32@npg300,True
AC-CTRL-perturb_pub,c1_ctx_k04/groth16/j0,zkos-v32@npg300,True
AC-CTRL-perturb_pub,c1_ctx_k04/groth16/j0,zkos-v32@npg300,True
AC-CTRL-perturb_pub,c1_ctx_k04/groth16/j0,zkos-v32@npg300,True
AC-CTRL-out_of_field_pub,c1_ctx_k04/groth16/j0,zkos-v32@npg300,True
AC-CTRL-foreign_vk_proof,c1_a4/groth16/j0,zkos-v32@npg300,True
AC-CTRL-cross_regime_identity,c1_ctx_k04/groth16/j0,zkos-v32@npg300,True
AC-CTRL-cross_regime_identity,c1_ctx_k04/groth16/j1,zkos-v32@npg300,True
AC-CTRL-cross_regime_identity,c1_ctx_k04/groth16/j2,zkos-v32@npg300,True
AC-CTRL-cross_regime_identity,c1_ctx_k04/groth16/j3,zkos-v32@npg300,True
AC-CTRL-cross_regime_identity,c1_ctx_k04/groth16/j4,zkos-v32@npg300,True
AC-CTRL-cross_regime_identity,c1_ctx_k04/groth16/j5,zkos-v32@npg300,True
AC-CTRL-cross_regime_identity,c1_ctx_k04/groth16/j6,zkos-v32@npg300,True
AC-CTRL-cross_regime_identity,c1_ctx_k04/groth16/j7,zkos-v32@npg300,True
AC-CTRL-replay,c1_ctx_k12/plonk/j0,zkos-v32@npg100,True
AC-CTRL-unknown_root_tx,c1_ctx_k12/plonk/j0,zkos-v32@npg100,True
AC-CTRL-valid,c1_ctx_k12/plonk/j0,zkos-v32@npg100,True
AC-CTRL-tampered_proof,c1_ctx_k12/plonk/j0,zkos-v32@npg100,True
AC-CTRL-perturb_pub,c1_ctx_k12/plonk/j0,zkos-v32@npg100,True
AC-CTRL-perturb_pub,c1_ctx_k12/plonk/j0,zkos-v32@npg100,True
AC-CTRL-perturb_pub,c1_ctx_k12/plonk/j0,zkos-v32@npg100,True
AC-CTRL-perturb_pub,c1_ctx_k12/plonk/j0,zkos-v32@npg100,True
AC-CTRL-perturb_pub,c1_ctx_k12/plonk/j0,zkos-v32@npg100,True
AC-CTRL-perturb_pub,c1_ctx_k12/plonk/j0,zkos-v32@npg100,True
AC-CTRL-perturb_pub,c1_ctx_k12/plonk/j0,zkos-v32@npg100,True
AC-CTRL-perturb_pub,c1_ctx_k12/plonk/j0,zkos-v32@npg100,True
AC-CTRL-perturb_pub,c1_ctx_k12/plonk/j0,zkos-v32@npg100,True
AC-CTRL-perturb_pub,c1_ctx_k12/plonk/j0,zkos-v32@npg100,True
AC-CTRL-perturb_pub,c1_ctx_k12/plonk/j0,zkos-v32@npg100,True
AC-CTRL-perturb_pub,c1_ctx_k12/plonk/j0,zkos-v32@npg100,True
AC-CTRL-out_of_field_pub,c1_ctx_k12/plonk/j0,zkos-v32@npg100,True
AC-CTRL-cross_regime_identity,c1_ctx_k12/plonk/j0,zkos-v32@npg100,True
AC-CTRL-cross_regime_identity,c1_ctx_k12/plonk/j1,zkos-v32@npg100,True
AC-CTRL-cross_regime_identity,c1_ctx_k12/plonk/j2,zkos-v32@npg100,True
AC-CTRL-cross_regime_identity,c1_ctx_k12/plonk/j3,zkos-v32@npg100,True
AC-CTRL-cross_regime_identity,c1_ctx_k12/plonk/j4,zkos-v32@npg100,True
AC-CTRL-cross_regime_identity,c1_ctx_k12/plonk/j5,zkos-v32@npg100,True
AC-CTRL-cross_regime_identity,c1_ctx_k12/plonk/j6,zkos-v32@npg100,True
AC-CTRL-cross_regime_identity,c1_ctx_k12/plonk/j7,zkos-v32@npg100,True
AC-CTRL-replay,c1_ctx_k32/plonk/j0,zkos-v32@npg100,True
AC-CTRL-unknown_root_tx,c1_ctx_k32/plonk/j0,zkos-v32@npg100,True
AC-CTRL-valid,c1_ctx_k32/plonk/j0,zkos-v32@npg100,True
AC-CTRL-tampered_proof,c1_ctx_k32/plonk/j0,zkos-v32@npg100,True
AC-CTRL-perturb_pub,c1_ctx_k32/plonk/j0,zkos-v32@npg100,True
AC-CTRL-perturb_pub,c1_ctx_k32/plonk/j0,zkos-v32@npg100,True
AC-CTRL-perturb_pub,c1_ctx_k32/plonk/j0,zkos-v32@npg100,True
AC-CTRL-perturb_pub,c1_ctx_k32/plonk/j0,zkos-v32@npg100,True
AC-CTRL-perturb_pub,c1_ctx_k32/plonk/j0,zkos-v32@npg100,True
AC-CTRL-perturb_pub,c1_ctx_k32/plonk/j0,zkos-v32@npg100,True
AC-CTRL-perturb_pub,c1_ctx_k32/plonk/j0,zkos-v32@npg100,True
AC-CTRL-perturb_pub,c1_ctx_k32/plonk/j0,zkos-v32@npg100,True
AC-CTRL-perturb_pub,c1_ctx_k32/plonk/j0,zkos-v32@npg100,True
AC-CTRL-perturb_pub,c1_ctx_k32/plonk/j0,zkos-v32@npg100,True
AC-CTRL-perturb_pub,c1_ctx_k32/plonk/j0,zkos-v32@npg100,True
AC-CTRL-perturb_pub,c1_ctx_k32/plonk/j0,zkos-v32@npg100,True
AC-CTRL-perturb_pub,c1_ctx_k32/plonk/j0,zkos-v32@npg100,True
AC-CTRL-perturb_pub,c1_ctx_k32/plonk/j0,zkos-v32@npg100,True
AC-CTRL-perturb_pub,c1_ctx_k32/plonk/j0,zkos-v32@npg100,True
AC-CTRL-perturb_pub,c1_ctx_k32/plonk/j0,zkos-v32@npg100,True
AC-CTRL-perturb_pub,c1_ctx_k32/plonk/j0,zkos-v32@npg100,True
AC-CTRL-perturb_pub,c1_ctx_k32/plonk/j0,zkos-v32@npg100,True
AC-CTRL-perturb_pub,c1_ctx_k32/plonk/j0,zkos-v32@npg100,True
AC-CTRL-perturb_pub,c1_ctx_k32/plonk/j0,zkos-v32@npg100,True
AC-CTRL-perturb_pub,c1_ctx_k32/plonk/j0,zkos-v32@npg100,True
AC-CTRL-perturb_pub,c1_ctx_k32/plonk/j0,zkos-v32@npg100,True
AC-CTRL-perturb_pub,c1_ctx_k32/plonk/j0,zkos-v32@npg100,True
AC-CTRL-perturb_pub,c1_ctx_k32/plonk/j0,zkos-v32@npg100,True
AC-CTRL-perturb_pub,c1_ctx_k32/plonk/j0,zkos-v32@npg100,True
AC-CTRL-perturb_pub,c1_ctx_k32/plonk/j0,zkos-v32@npg100,True
AC-CTRL-perturb_pub,c1_ctx_k32/plonk/j0,zkos-v32@npg100,True
AC-CTRL-perturb_pub,c1_ctx_k32/plonk/j0,zkos-v32@npg100,True
AC-CTRL-perturb_pub,c1_ctx_k32/plonk/j0,zkos-v32@npg100,True
AC-CTRL-perturb_pub,c1_ctx_k32/plonk/j0,zkos-v32@npg100,True
AC-CTRL-perturb_pub,c1_ctx_k32/plonk/j0,zkos-v32@npg100,True
AC-CTRL-perturb_pub,c1_ctx_k32/plonk/j0,zkos-v32@npg100,True
AC-CTRL-out_of_field_pub,c1_ctx_k32/plonk/j0,zkos-v32@npg100,True
AC-CTRL-cross_regime_identity,c1_ctx_k32/plonk/j0,zkos-v32@npg100,True
AC-CTRL-cross_regime_identity,c1_ctx_k32/plonk/j1,zkos-v32@npg100,True
AC-CTRL-cross_regime_identity,c1_ctx_k32/plonk/j2,zkos-v32@npg100,True
AC-CTRL-cross_regime_identity,c1_ctx_k32/plonk/j3,zkos-v32@npg100,True
AC-CTRL-cross_regime_identity,c1_ctx_k32/plonk/j4,zkos-v32@npg100,True
AC-CTRL-cross_regime_identity,c1_ctx_k32/plonk/j5,zkos-v32@npg100,True
AC-CTRL-cross_regime_identity,c1_ctx_k32/plonk/j6,zkos-v32@npg100,True
AC-CTRL-cross_regime_identity,c1_ctx_k32/plonk/j7,zkos-v32@npg100,True
AC-CTRL-replay,c1_ctx_k08/groth16/j0,zkos-v32@npg100,True
AC-CTRL-unknown_root_tx,c1_ctx_k08/groth16/j0,zkos-v32@npg100,True
AC-CTRL-valid,c1_ctx_k08/groth16/j0,zkos-v32@npg100,True
AC-CTRL-tampered_proof,c1_ctx_k08/groth16/j0,zkos-v32@npg100,True
AC-CTRL-perturb_pub,c1_ctx_k08/groth16/j0,zkos-v32@npg100,True
AC-CTRL-perturb_pub,c1_ctx_k08/groth16/j0,zkos-v32@npg100,True
AC-CTRL-perturb_pub,c1_ctx_k08/groth16/j0,zkos-v32@npg100,True
AC-CTRL-perturb_pub,c1_ctx_k08/groth16/j0,zkos-v32@npg100,True
AC-CTRL-perturb_pub,c1_ctx_k08/groth16/j0,zkos-v32@npg100,True
AC-CTRL-perturb_pub,c1_ctx_k08/groth16/j0,zkos-v32@npg100,True
AC-CTRL-perturb_pub,c1_ctx_k08/groth16/j0,zkos-v32@npg100,True
AC-CTRL-perturb_pub,c1_ctx_k08/groth16/j0,zkos-v32@npg100,True
AC-CTRL-out_of_field_pub,c1_ctx_k08/groth16/j0,zkos-v32@npg100,True
AC-CTRL-foreign_vk_proof,c1_a8/groth16/j0,zkos-v32@npg100,True
AC-CTRL-cross_regime_identity,c1_ctx_k08/groth16/j0,zkos-v32@npg100,True
AC-CTRL-cross_regime_identity,c1_ctx_k08/groth16/j1,zkos-v32@npg100,True
AC-CTRL-cross_regime_identity,c1_ctx_k08/groth16/j2,zkos-v32@npg100,True
AC-CTRL-cross_regime_identity,c1_ctx_k08/groth16/j3,zkos-v32@npg100,True
AC-CTRL-cross_regime_identity,c1_ctx_k08/groth16/j4,zkos-v32@npg100,True
AC-CTRL-cross_regime_identity,c1_ctx_k08/groth16/j5,zkos-v32@npg100,True
AC-CTRL-cross_regime_identity,c1_ctx_k08/groth16/j6,zkos-v32@npg100,True
AC-CTRL-cross_regime_identity,c1_ctx_k08/groth16/j7,zkos-v32@npg100,True
AC-CTRL-replay,c1_disc_k04/plonk/j0,evm-osaka,True
AC-CTRL-unknown_root_tx,c1_disc_k04/plonk/j0,evm-osaka,True
AC-CTRL-valid,c1_disc_k04/plonk/j0,evm-osaka,True
AC-CTRL-tampered_proof,c1_disc_k04/plonk/j0,evm-osaka,True
AC-CTRL-perturb_pub,c1_disc_k04/plonk/j0,evm-osaka,True
AC-CTRL-perturb_pub,c1_disc_k04/plonk/j0,evm-osaka,True
AC-CTRL-perturb_pub,c1_disc_k04/plonk/j0,evm-osaka,True
AC-CTRL-perturb_pub,c1_disc_k04/plonk/j0,evm-osaka,True
AC-CTRL-out_of_field_pub,c1_disc_k04/plonk/j0,evm-osaka,True
AC-CTRL-foreign_vk_proof,c1_ctx_k04/plonk/j0,evm-osaka,True
AC-CTRL-cross_regime_identity,c1_disc_k04/plonk/j0,evm-osaka,True
AC-CTRL-cross_regime_identity,c1_disc_k04/plonk/j1,evm-osaka,True
AC-CTRL-cross_regime_identity,c1_disc_k04/plonk/j2,evm-osaka,True
AC-CTRL-cross_regime_identity,c1_disc_k04/plonk/j3,evm-osaka,True
AC-CTRL-cross_regime_identity,c1_disc_k04/plonk/j4,evm-osaka,True
AC-CTRL-cross_regime_identity,c1_disc_k04/plonk/j5,evm-osaka,True
AC-CTRL-cross_regime_identity,c1_disc_k04/plonk/j6,evm-osaka,True
AC-CTRL-cross_regime_identity,c1_disc_k04/plonk/j7,evm-osaka,True
AC-CTRL-replay,c1_a4/groth16/j0,eravm-29,True
AC-CTRL-unknown_root_tx,c1_a4/groth16/j0,eravm-29,True
AC-CTRL-valid,c1_a4/groth16/j0,eravm-29,True
AC-CTRL-tampered_proof,c1_a4/groth16/j0,eravm-29,True
AC-CTRL-perturb_pub,c1_a4/groth16/j0,eravm-29,True
AC-CTRL-perturb_pub,c1_a4/groth16/j0,eravm-29,True
AC-CTRL-perturb_pub,c1_a4/groth16/j0,eravm-29,True
AC-CTRL-perturb_pub,c1_a4/groth16/j0,eravm-29,True
AC-CTRL-out_of_field_pub,c1_a4/groth16/j0,eravm-29,True
AC-CTRL-foreign_vk_proof,c1_ctx_k04/groth16/j0,eravm-29,True
AC-CTRL-cross_regime_identity,c1_a4/groth16/j0,eravm-29,True
AC-CTRL-cross_regime_identity,c1_a4/groth16/j1,eravm-29,True
AC-CTRL-cross_regime_identity,c1_a4/groth16/j2,eravm-29,True
AC-CTRL-cross_regime_identity,c1_a4/groth16/j3,eravm-29,True
AC-CTRL-cross_regime_identity,c1_a4/groth16/j4,eravm-29,True
AC-CTRL-cross_regime_identity,c1_a4/groth16/j5,eravm-29,True
AC-CTRL-cross_regime_identity,c1_a4/groth16/j6,eravm-29,True
AC-CTRL-cross_regime_identity,c1_a4/groth16/j7,eravm-29,True
AC-CTRL-replay,c1_ctx_k16/groth16/j0,eravm-27,True
AC-CTRL-unknown_root_tx,c1_ctx_k16/groth16/j0,eravm-27,True
AC-CTRL-valid,c1_ctx_k16/groth16/j0,eravm-27,True
AC-CTRL-tampered_proof,c1_ctx_k16/groth16/j0,eravm-27,True
AC-CTRL-perturb_pub,c1_ctx_k16/groth16/j0,eravm-27,True
AC-CTRL-perturb_pub,c1_ctx_k16/groth16/j0,eravm-27,True
AC-CTRL-perturb_pub,c1_ctx_k16/groth16/j0,eravm-27,True
AC-CTRL-perturb_pub,c1_ctx_k16/groth16/j0,eravm-27,True
AC-CTRL-perturb_pub,c1_ctx_k16/groth16/j0,eravm-27,True
AC-CTRL-perturb_pub,c1_ctx_k16/groth16/j0,eravm-27,True
AC-CTRL-perturb_pub,c1_ctx_k16/groth16/j0,eravm-27,True
AC-CTRL-perturb_pub,c1_ctx_k16/groth16/j0,eravm-27,True
AC-CTRL-perturb_pub,c1_ctx_k16/groth16/j0,eravm-27,True
AC-CTRL-perturb_pub,c1_ctx_k16/groth16/j0,eravm-27,True
AC-CTRL-perturb_pub,c1_ctx_k16/groth16/j0,eravm-27,True
AC-CTRL-perturb_pub,c1_ctx_k16/groth16/j0,eravm-27,True
AC-CTRL-perturb_pub,c1_ctx_k16/groth16/j0,eravm-27,True
AC-CTRL-perturb_pub,c1_ctx_k16/groth16/j0,eravm-27,True
AC-CTRL-perturb_pub,c1_ctx_k16/groth16/j0,eravm-27,True
AC-CTRL-perturb_pub,c1_ctx_k16/groth16/j0,eravm-27,True
AC-CTRL-out_of_field_pub,c1_ctx_k16/groth16/j0,eravm-27,True
AC-CTRL-cross_regime_identity,c1_ctx_k16/groth16/j0,eravm-27,True
AC-CTRL-cross_regime_identity,c1_ctx_k16/groth16/j1,eravm-27,True
AC-CTRL-cross_regime_identity,c1_ctx_k16/groth16/j2,eravm-27,True
AC-CTRL-cross_regime_identity,c1_ctx_k16/groth16/j3,eravm-27,True
AC-CTRL-cross_regime_identity,c1_ctx_k16/groth16/j4,eravm-27,True
AC-CTRL-cross_regime_identity,c1_ctx_k16/groth16/j5,eravm-27,True
AC-CTRL-cross_regime_identity,c1_ctx_k16/groth16/j6,eravm-27,True
AC-CTRL-cross_regime_identity,c1_ctx_k16/groth16/j7,eravm-27,True
AC-CTRL-replay,c1_ctx_k24/groth16/j0,zkos-v32@npg100,True
AC-CTRL-unknown_root_tx,c1_ctx_k24/groth16/j0,zkos-v32@npg100,True
AC-CTRL-valid,c1_ctx_k24/groth16/j0,zkos-v32@npg100,True
AC-CTRL-tampered_proof,c1_ctx_k24/groth16/j0,zkos-v32@npg100,True
AC-CTRL-perturb_pub,c1_ctx_k24/groth16/j0,zkos-v32@npg100,True
AC-CTRL-perturb_pub,c1_ctx_k24/groth16/j0,zkos-v32@npg100,True
AC-CTRL-perturb_pub,c1_ctx_k24/groth16/j0,zkos-v32@npg100,True
AC-CTRL-perturb_pub,c1_ctx_k24/groth16/j0,zkos-v32@npg100,True
AC-CTRL-perturb_pub,c1_ctx_k24/groth16/j0,zkos-v32@npg100,True
AC-CTRL-perturb_pub,c1_ctx_k24/groth16/j0,zkos-v32@npg100,True
AC-CTRL-perturb_pub,c1_ctx_k24/groth16/j0,zkos-v32@npg100,True
AC-CTRL-perturb_pub,c1_ctx_k24/groth16/j0,zkos-v32@npg100,True
AC-CTRL-perturb_pub,c1_ctx_k24/groth16/j0,zkos-v32@npg100,True
AC-CTRL-perturb_pub,c1_ctx_k24/groth16/j0,zkos-v32@npg100,True
AC-CTRL-perturb_pub,c1_ctx_k24/groth16/j0,zkos-v32@npg100,True
AC-CTRL-perturb_pub,c1_ctx_k24/groth16/j0,zkos-v32@npg100,True
AC-CTRL-perturb_pub,c1_ctx_k24/groth16/j0,zkos-v32@npg100,True
AC-CTRL-perturb_pub,c1_ctx_k24/groth16/j0,zkos-v32@npg100,True
AC-CTRL-perturb_pub,c1_ctx_k24/groth16/j0,zkos-v32@npg100,True
AC-CTRL-perturb_pub,c1_ctx_k24/groth16/j0,zkos-v32@npg100,True
AC-CTRL-perturb_pub,c1_ctx_k24/groth16/j0,zkos-v32@npg100,True
AC-CTRL-perturb_pub,c1_ctx_k24/groth16/j0,zkos-v32@npg100,True
AC-CTRL-perturb_pub,c1_ctx_k24/groth16/j0,zkos-v32@npg100,True
AC-CTRL-perturb_pub,c1_ctx_k24/groth16/j0,zkos-v32@npg100,True
AC-CTRL-perturb_pub,c1_ctx_k24/groth16/j0,zkos-v32@npg100,True
AC-CTRL-perturb_pub,c1_ctx_k24/groth16/j0,zkos-v32@npg100,True
AC-CTRL-perturb_pub,c1_ctx_k24/groth16/j0,zkos-v32@npg100,True
AC-CTRL-perturb_pub,c1_ctx_k24/groth16/j0,zkos-v32@npg100,True
AC-CTRL-out_of_field_pub,c1_ctx_k24/groth16/j0,zkos-v32@npg100,True
AC-CTRL-cross_regime_identity,c1_ctx_k24/groth16/j0,zkos-v32@npg100,True
AC-CTRL-cross_regime_identity,c1_ctx_k24/groth16/j1,zkos-v32@npg100,True
AC-CTRL-cross_regime_identity,c1_ctx_k24/groth16/j2,zkos-v32@npg100,True
AC-CTRL-cross_regime_identity,c1_ctx_k24/groth16/j3,zkos-v32@npg100,True
AC-CTRL-cross_regime_identity,c1_ctx_k24/groth16/j4,zkos-v32@npg100,True
AC-CTRL-cross_regime_identity,c1_ctx_k24/groth16/j5,zkos-v32@npg100,True
AC-CTRL-cross_regime_identity,c1_ctx_k24/groth16/j6,zkos-v32@npg100,True
AC-CTRL-cross_regime_identity,c1_ctx_k24/groth16/j7,zkos-v32@npg100,True
AC-CTRL-replay,c1_ctx_k12/plonk/j0,evm-osaka,True
AC-CTRL-unknown_root_tx,c1_ctx_k12/plonk/j0,evm-osaka,True
AC-CTRL-valid,c1_ctx_k12/plonk/j0,evm-osaka,True
AC-CTRL-tampered_proof,c1_ctx_k12/plonk/j0,evm-osaka,True
AC-CTRL-perturb_pub,c1_ctx_k12/plonk/j0,evm-osaka,True
AC-CTRL-perturb_pub,c1_ctx_k12/plonk/j0,evm-osaka,True
AC-CTRL-perturb_pub,c1_ctx_k12/plonk/j0,evm-osaka,True
AC-CTRL-perturb_pub,c1_ctx_k12/plonk/j0,evm-osaka,True
AC-CTRL-perturb_pub,c1_ctx_k12/plonk/j0,evm-osaka,True
AC-CTRL-perturb_pub,c1_ctx_k12/plonk/j0,evm-osaka,True
AC-CTRL-perturb_pub,c1_ctx_k12/plonk/j0,evm-osaka,True
AC-CTRL-perturb_pub,c1_ctx_k12/plonk/j0,evm-osaka,True
AC-CTRL-perturb_pub,c1_ctx_k12/plonk/j0,evm-osaka,True
AC-CTRL-perturb_pub,c1_ctx_k12/plonk/j0,evm-osaka,True
AC-CTRL-perturb_pub,c1_ctx_k12/plonk/j0,evm-osaka,True
AC-CTRL-perturb_pub,c1_ctx_k12/plonk/j0,evm-osaka,True
AC-CTRL-out_of_field_pub,c1_ctx_k12/plonk/j0,evm-osaka,True
AC-CTRL-cross_regime_identity,c1_ctx_k12/plonk/j0,evm-osaka,True
AC-CTRL-cross_regime_identity,c1_ctx_k12/plonk/j1,evm-osaka,True
AC-CTRL-cross_regime_identity,c1_ctx_k12/plonk/j2,evm-osaka,True
AC-CTRL-cross_regime_identity,c1_ctx_k12/plonk/j3,evm-osaka,True
AC-CTRL-cross_regime_identity,c1_ctx_k12/plonk/j4,evm-osaka,True
AC-CTRL-cross_regime_identity,c1_ctx_k12/plonk/j5,evm-osaka,True
AC-CTRL-cross_regime_identity,c1_ctx_k12/plonk/j6,evm-osaka,True
AC-CTRL-cross_regime_identity,c1_ctx_k12/plonk/j7,evm-osaka,True
AC-CTRL-replay,c1_ctx_k16/groth16/j0,zkos-v32@npg141,True
AC-CTRL-unknown_root_tx,c1_ctx_k16/groth16/j0,zkos-v32@npg141,True
AC-CTRL-valid,c1_ctx_k16/groth16/j0,zkos-v32@npg141,True
AC-CTRL-tampered_proof,c1_ctx_k16/groth16/j0,zkos-v32@npg141,True
AC-CTRL-perturb_pub,c1_ctx_k16/groth16/j0,zkos-v32@npg141,True
AC-CTRL-perturb_pub,c1_ctx_k16/groth16/j0,zkos-v32@npg141,True
AC-CTRL-perturb_pub,c1_ctx_k16/groth16/j0,zkos-v32@npg141,True
AC-CTRL-perturb_pub,c1_ctx_k16/groth16/j0,zkos-v32@npg141,True
AC-CTRL-perturb_pub,c1_ctx_k16/groth16/j0,zkos-v32@npg141,True
AC-CTRL-perturb_pub,c1_ctx_k16/groth16/j0,zkos-v32@npg141,True
AC-CTRL-perturb_pub,c1_ctx_k16/groth16/j0,zkos-v32@npg141,True
AC-CTRL-perturb_pub,c1_ctx_k16/groth16/j0,zkos-v32@npg141,True
AC-CTRL-perturb_pub,c1_ctx_k16/groth16/j0,zkos-v32@npg141,True
AC-CTRL-perturb_pub,c1_ctx_k16/groth16/j0,zkos-v32@npg141,True
AC-CTRL-perturb_pub,c1_ctx_k16/groth16/j0,zkos-v32@npg141,True
AC-CTRL-perturb_pub,c1_ctx_k16/groth16/j0,zkos-v32@npg141,True
AC-CTRL-perturb_pub,c1_ctx_k16/groth16/j0,zkos-v32@npg141,True
AC-CTRL-perturb_pub,c1_ctx_k16/groth16/j0,zkos-v32@npg141,True
AC-CTRL-perturb_pub,c1_ctx_k16/groth16/j0,zkos-v32@npg141,True
AC-CTRL-perturb_pub,c1_ctx_k16/groth16/j0,zkos-v32@npg141,True
AC-CTRL-out_of_field_pub,c1_ctx_k16/groth16/j0,zkos-v32@npg141,True
AC-CTRL-cross_regime_identity,c1_ctx_k16/groth16/j0,zkos-v32@npg141,True
AC-CTRL-cross_regime_identity,c1_ctx_k16/groth16/j1,zkos-v32@npg141,True
AC-CTRL-cross_regime_identity,c1_ctx_k16/groth16/j2,zkos-v32@npg141,True
AC-CTRL-cross_regime_identity,c1_ctx_k16/groth16/j3,zkos-v32@npg141,True
AC-CTRL-cross_regime_identity,c1_ctx_k16/groth16/j4,zkos-v32@npg141,True
AC-CTRL-cross_regime_identity,c1_ctx_k16/groth16/j5,zkos-v32@npg141,True
AC-CTRL-cross_regime_identity,c1_ctx_k16/groth16/j6,zkos-v32@npg141,True
AC-CTRL-cross_regime_identity,c1_ctx_k16/groth16/j7,zkos-v32@npg141,True
AC-CTRL-replay,c1_ctx_k04/groth16/j0,zkos-v32@npg138,True
AC-CTRL-unknown_root_tx,c1_ctx_k04/groth16/j0,zkos-v32@npg138,True
AC-CTRL-valid,c1_ctx_k04/groth16/j0,zkos-v32@npg138,True
AC-CTRL-tampered_proof,c1_ctx_k04/groth16/j0,zkos-v32@npg138,True
AC-CTRL-perturb_pub,c1_ctx_k04/groth16/j0,zkos-v32@npg138,True
AC-CTRL-perturb_pub,c1_ctx_k04/groth16/j0,zkos-v32@npg138,True
AC-CTRL-perturb_pub,c1_ctx_k04/groth16/j0,zkos-v32@npg138,True
AC-CTRL-perturb_pub,c1_ctx_k04/groth16/j0,zkos-v32@npg138,True
AC-CTRL-out_of_field_pub,c1_ctx_k04/groth16/j0,zkos-v32@npg138,True
AC-CTRL-foreign_vk_proof,c1_a4/groth16/j0,zkos-v32@npg138,True
AC-CTRL-cross_regime_identity,c1_ctx_k04/groth16/j0,zkos-v32@npg138,True
AC-CTRL-cross_regime_identity,c1_ctx_k04/groth16/j1,zkos-v32@npg138,True
AC-CTRL-cross_regime_identity,c1_ctx_k04/groth16/j2,zkos-v32@npg138,True
AC-CTRL-cross_regime_identity,c1_ctx_k04/groth16/j3,zkos-v32@npg138,True
AC-CTRL-cross_regime_identity,c1_ctx_k04/groth16/j4,zkos-v32@npg138,True
AC-CTRL-cross_regime_identity,c1_ctx_k04/groth16/j5,zkos-v32@npg138,True
AC-CTRL-cross_regime_identity,c1_ctx_k04/groth16/j6,zkos-v32@npg138,True
AC-CTRL-cross_regime_identity,c1_ctx_k04/groth16/j7,zkos-v32@npg138,True
AC-CTRL-replay,c1_a8/groth16/j0,evm-osaka,True
AC-CTRL-unknown_root_tx,c1_a8/groth16/j0,evm-osaka,True
AC-CTRL-valid,c1_a8/groth16/j0,evm-osaka,True
AC-CTRL-tampered_proof,c1_a8/groth16/j0,evm-osaka,True
AC-CTRL-perturb_pub,c1_a8/groth16/j0,evm-osaka,True
AC-CTRL-perturb_pub,c1_a8/groth16/j0,evm-osaka,True
AC-CTRL-perturb_pub,c1_a8/groth16/j0,evm-osaka,True
AC-CTRL-perturb_pub,c1_a8/groth16/j0,evm-osaka,True
AC-CTRL-perturb_pub,c1_a8/groth16/j0,evm-osaka,True
AC-CTRL-perturb_pub,c1_a8/groth16/j0,evm-osaka,True
AC-CTRL-perturb_pub,c1_a8/groth16/j0,evm-osaka,True
AC-CTRL-perturb_pub,c1_a8/groth16/j0,evm-osaka,True
AC-CTRL-out_of_field_pub,c1_a8/groth16/j0,evm-osaka,True
AC-CTRL-foreign_vk_proof,c1_ctx_k08/groth16/j0,evm-osaka,True
AC-CTRL-cross_regime_identity,c1_a8/groth16/j0,evm-osaka,True
AC-CTRL-cross_regime_identity,c1_a8/groth16/j1,evm-osaka,True
AC-CTRL-cross_regime_identity,c1_a8/groth16/j2,evm-osaka,True
AC-CTRL-cross_regime_identity,c1_a8/groth16/j3,evm-osaka,True
AC-CTRL-cross_regime_identity,c1_a8/groth16/j4,evm-osaka,True
AC-CTRL-cross_regime_identity,c1_a8/groth16/j5,evm-osaka,True
AC-CTRL-cross_regime_identity,c1_a8/groth16/j6,evm-osaka,True
AC-CTRL-cross_regime_identity,c1_a8/groth16/j7,evm-osaka,True
AC-CTRL-replay,c1_ctx_k08/groth16/j0,eravm-27,True
AC-CTRL-unknown_root_tx,c1_ctx_k08/groth16/j0,eravm-27,True
AC-CTRL-valid,c1_ctx_k08/groth16/j0,eravm-27,True
AC-CTRL-tampered_proof,c1_ctx_k08/groth16/j0,eravm-27,True
AC-CTRL-perturb_pub,c1_ctx_k08/groth16/j0,eravm-27,True
AC-CTRL-perturb_pub,c1_ctx_k08/groth16/j0,eravm-27,True
AC-CTRL-perturb_pub,c1_ctx_k08/groth16/j0,eravm-27,True
AC-CTRL-perturb_pub,c1_ctx_k08/groth16/j0,eravm-27,True
AC-CTRL-perturb_pub,c1_ctx_k08/groth16/j0,eravm-27,True
AC-CTRL-perturb_pub,c1_ctx_k08/groth16/j0,eravm-27,True
AC-CTRL-perturb_pub,c1_ctx_k08/groth16/j0,eravm-27,True
AC-CTRL-perturb_pub,c1_ctx_k08/groth16/j0,eravm-27,True
AC-CTRL-out_of_field_pub,c1_ctx_k08/groth16/j0,eravm-27,True
AC-CTRL-foreign_vk_proof,c1_a8/groth16/j0,eravm-27,True
AC-CTRL-cross_regime_identity,c1_ctx_k08/groth16/j0,eravm-27,True
AC-CTRL-cross_regime_identity,c1_ctx_k08/groth16/j1,eravm-27,True
AC-CTRL-cross_regime_identity,c1_ctx_k08/groth16/j2,eravm-27,True
AC-CTRL-cross_regime_identity,c1_ctx_k08/groth16/j3,eravm-27,True
AC-CTRL-cross_regime_identity,c1_ctx_k08/groth16/j4,eravm-27,True
AC-CTRL-cross_regime_identity,c1_ctx_k08/groth16/j5,eravm-27,True
AC-CTRL-cross_regime_identity,c1_ctx_k08/groth16/j6,eravm-27,True
AC-CTRL-cross_regime_identity,c1_ctx_k08/groth16/j7,eravm-27,True
AC-CTRL-replay,c1_ctx_k16/plonk/j0,zkos-v32@npg154,True
AC-CTRL-unknown_root_tx,c1_ctx_k16/plonk/j0,zkos-v32@npg154,True
AC-CTRL-valid,c1_ctx_k16/plonk/j0,zkos-v32@npg154,True
AC-CTRL-tampered_proof,c1_ctx_k16/plonk/j0,zkos-v32@npg154,True
AC-CTRL-perturb_pub,c1_ctx_k16/plonk/j0,zkos-v32@npg154,True
AC-CTRL-perturb_pub,c1_ctx_k16/plonk/j0,zkos-v32@npg154,True
AC-CTRL-perturb_pub,c1_ctx_k16/plonk/j0,zkos-v32@npg154,True
AC-CTRL-perturb_pub,c1_ctx_k16/plonk/j0,zkos-v32@npg154,True
AC-CTRL-perturb_pub,c1_ctx_k16/plonk/j0,zkos-v32@npg154,True
AC-CTRL-perturb_pub,c1_ctx_k16/plonk/j0,zkos-v32@npg154,True
AC-CTRL-perturb_pub,c1_ctx_k16/plonk/j0,zkos-v32@npg154,True
AC-CTRL-perturb_pub,c1_ctx_k16/plonk/j0,zkos-v32@npg154,True
AC-CTRL-perturb_pub,c1_ctx_k16/plonk/j0,zkos-v32@npg154,True
AC-CTRL-perturb_pub,c1_ctx_k16/plonk/j0,zkos-v32@npg154,True
AC-CTRL-perturb_pub,c1_ctx_k16/plonk/j0,zkos-v32@npg154,True
AC-CTRL-perturb_pub,c1_ctx_k16/plonk/j0,zkos-v32@npg154,True
AC-CTRL-perturb_pub,c1_ctx_k16/plonk/j0,zkos-v32@npg154,True
AC-CTRL-perturb_pub,c1_ctx_k16/plonk/j0,zkos-v32@npg154,True
AC-CTRL-perturb_pub,c1_ctx_k16/plonk/j0,zkos-v32@npg154,True
AC-CTRL-perturb_pub,c1_ctx_k16/plonk/j0,zkos-v32@npg154,True
AC-CTRL-out_of_field_pub,c1_ctx_k16/plonk/j0,zkos-v32@npg154,True
AC-CTRL-cross_regime_identity,c1_ctx_k16/plonk/j0,zkos-v32@npg154,True
AC-CTRL-cross_regime_identity,c1_ctx_k16/plonk/j1,zkos-v32@npg154,True
AC-CTRL-cross_regime_identity,c1_ctx_k16/plonk/j2,zkos-v32@npg154,True
AC-CTRL-cross_regime_identity,c1_ctx_k16/plonk/j3,zkos-v32@npg154,True
AC-CTRL-cross_regime_identity,c1_ctx_k16/plonk/j4,zkos-v32@npg154,True
AC-CTRL-cross_regime_identity,c1_ctx_k16/plonk/j5,zkos-v32@npg154,True
AC-CTRL-cross_regime_identity,c1_ctx_k16/plonk/j6,zkos-v32@npg154,True
AC-CTRL-cross_regime_identity,c1_ctx_k16/plonk/j7,zkos-v32@npg154,True
AC-CTRL-replay,c1_ctx_k32/plonk/j0,eravm-29,True
AC-CTRL-unknown_root_tx,c1_ctx_k32/plonk/j0,eravm-29,True
AC-CTRL-valid,c1_ctx_k32/plonk/j0,eravm-29,True
AC-CTRL-tampered_proof,c1_ctx_k32/plonk/j0,eravm-29,True
AC-CTRL-perturb_pub,c1_ctx_k32/plonk/j0,eravm-29,True
AC-CTRL-perturb_pub,c1_ctx_k32/plonk/j0,eravm-29,True
AC-CTRL-perturb_pub,c1_ctx_k32/plonk/j0,eravm-29,True
AC-CTRL-perturb_pub,c1_ctx_k32/plonk/j0,eravm-29,True
AC-CTRL-perturb_pub,c1_ctx_k32/plonk/j0,eravm-29,True
AC-CTRL-perturb_pub,c1_ctx_k32/plonk/j0,eravm-29,True
AC-CTRL-perturb_pub,c1_ctx_k32/plonk/j0,eravm-29,True
AC-CTRL-perturb_pub,c1_ctx_k32/plonk/j0,eravm-29,True
AC-CTRL-perturb_pub,c1_ctx_k32/plonk/j0,eravm-29,True
AC-CTRL-perturb_pub,c1_ctx_k32/plonk/j0,eravm-29,True
AC-CTRL-perturb_pub,c1_ctx_k32/plonk/j0,eravm-29,True
AC-CTRL-perturb_pub,c1_ctx_k32/plonk/j0,eravm-29,True
AC-CTRL-perturb_pub,c1_ctx_k32/plonk/j0,eravm-29,True
AC-CTRL-perturb_pub,c1_ctx_k32/plonk/j0,eravm-29,True
AC-CTRL-perturb_pub,c1_ctx_k32/plonk/j0,eravm-29,True
AC-CTRL-perturb_pub,c1_ctx_k32/plonk/j0,eravm-29,True
AC-CTRL-perturb_pub,c1_ctx_k32/plonk/j0,eravm-29,True
AC-CTRL-perturb_pub,c1_ctx_k32/plonk/j0,eravm-29,True
AC-CTRL-perturb_pub,c1_ctx_k32/plonk/j0,eravm-29,True
AC-CTRL-perturb_pub,c1_ctx_k32/plonk/j0,eravm-29,True
AC-CTRL-perturb_pub,c1_ctx_k32/plonk/j0,eravm-29,True
AC-CTRL-perturb_pub,c1_ctx_k32/plonk/j0,eravm-29,True
AC-CTRL-perturb_pub,c1_ctx_k32/plonk/j0,eravm-29,True
AC-CTRL-perturb_pub,c1_ctx_k32/plonk/j0,eravm-29,True
AC-CTRL-perturb_pub,c1_ctx_k32/plonk/j0,eravm-29,True
AC-CTRL-perturb_pub,c1_ctx_k32/plonk/j0,eravm-29,True
AC-CTRL-perturb_pub,c1_ctx_k32/plonk/j0,eravm-29,True
AC-CTRL-perturb_pub,c1_ctx_k32/plonk/j0,eravm-29,True
AC-CTRL-perturb_pub,c1_ctx_k32/plonk/j0,eravm-29,True
AC-CTRL-perturb_pub,c1_ctx_k32/plonk/j0,eravm-29,True
AC-CTRL-perturb_pub,c1_ctx_k32/plonk/j0,eravm-29,True
AC-CTRL-perturb_pub,c1_ctx_k32/plonk/j0,eravm-29,True
AC-CTRL-out_of_field_pub,c1_ctx_k32/plonk/j0,eravm-29,True
AC-CTRL-cross_regime_identity,c1_ctx_k32/plonk/j0,eravm-29,True
AC-CTRL-cross_regime_identity,c1_ctx_k32/plonk/j1,eravm-29,True
AC-CTRL-cross_regime_identity,c1_ctx_k32/plonk/j2,eravm-29,True
AC-CTRL-cross_regime_identity,c1_ctx_k32/plonk/j3,eravm-29,True
AC-CTRL-cross_regime_identity,c1_ctx_k32/plonk/j4,eravm-29,True
AC-CTRL-cross_regime_identity,c1_ctx_k32/plonk/j5,eravm-29,True
AC-CTRL-cross_regime_identity,c1_ctx_k32/plonk/j6,eravm-29,True
AC-CTRL-cross_regime_identity,c1_ctx_k32/plonk/j7,eravm-29,True
AC-CTRL-replay,c1_ctx_k12/groth16/j0,eravm-29,True
AC-CTRL-unknown_root_tx,c1_ctx_k12/groth16/j0,eravm-29,True
AC-CTRL-valid,c1_ctx_k12/groth16/j0,eravm-29,True
AC-CTRL-tampered_proof,c1_ctx_k12/groth16/j0,eravm-29,True
AC-CTRL-perturb_pub,c1_ctx_k12/groth16/j0,eravm-29,True
AC-CTRL-perturb_pub,c1_ctx_k12/groth16/j0,eravm-29,True
AC-CTRL-perturb_pub,c1_ctx_k12/groth16/j0,eravm-29,True
AC-CTRL-perturb_pub,c1_ctx_k12/groth16/j0,eravm-29,True
AC-CTRL-perturb_pub,c1_ctx_k12/groth16/j0,eravm-29,True
AC-CTRL-perturb_pub,c1_ctx_k12/groth16/j0,eravm-29,True
AC-CTRL-perturb_pub,c1_ctx_k12/groth16/j0,eravm-29,True
AC-CTRL-perturb_pub,c1_ctx_k12/groth16/j0,eravm-29,True
AC-CTRL-perturb_pub,c1_ctx_k12/groth16/j0,eravm-29,True
AC-CTRL-perturb_pub,c1_ctx_k12/groth16/j0,eravm-29,True
AC-CTRL-perturb_pub,c1_ctx_k12/groth16/j0,eravm-29,True
AC-CTRL-perturb_pub,c1_ctx_k12/groth16/j0,eravm-29,True
AC-CTRL-out_of_field_pub,c1_ctx_k12/groth16/j0,eravm-29,True
AC-CTRL-cross_regime_identity,c1_ctx_k12/groth16/j0,eravm-29,True
AC-CTRL-cross_regime_identity,c1_ctx_k12/groth16/j1,eravm-29,True
AC-CTRL-cross_regime_identity,c1_ctx_k12/groth16/j2,eravm-29,True
AC-CTRL-cross_regime_identity,c1_ctx_k12/groth16/j3,eravm-29,True
AC-CTRL-cross_regime_identity,c1_ctx_k12/groth16/j4,eravm-29,True
AC-CTRL-cross_regime_identity,c1_ctx_k12/groth16/j5,eravm-29,True
AC-CTRL-cross_regime_identity,c1_ctx_k12/groth16/j6,eravm-29,True
AC-CTRL-cross_regime_identity,c1_ctx_k12/groth16/j7,eravm-29,True
AC-CTRL-replay,c1_ctx_k04/plonk/j0,zkos-v32@npg165,True
AC-CTRL-unknown_root_tx,c1_ctx_k04/plonk/j0,zkos-v32@npg165,True
AC-CTRL-valid,c1_ctx_k04/plonk/j0,zkos-v32@npg165,True
AC-CTRL-tampered_proof,c1_ctx_k04/plonk/j0,zkos-v32@npg165,True
AC-CTRL-perturb_pub,c1_ctx_k04/plonk/j0,zkos-v32@npg165,True
AC-CTRL-perturb_pub,c1_ctx_k04/plonk/j0,zkos-v32@npg165,True
AC-CTRL-perturb_pub,c1_ctx_k04/plonk/j0,zkos-v32@npg165,True
AC-CTRL-perturb_pub,c1_ctx_k04/plonk/j0,zkos-v32@npg165,True
AC-CTRL-out_of_field_pub,c1_ctx_k04/plonk/j0,zkos-v32@npg165,True
AC-CTRL-foreign_vk_proof,c1_a4/plonk/j0,zkos-v32@npg165,True
AC-CTRL-cross_regime_identity,c1_ctx_k04/plonk/j0,zkos-v32@npg165,True
AC-CTRL-cross_regime_identity,c1_ctx_k04/plonk/j1,zkos-v32@npg165,True
AC-CTRL-cross_regime_identity,c1_ctx_k04/plonk/j2,zkos-v32@npg165,True
AC-CTRL-cross_regime_identity,c1_ctx_k04/plonk/j3,zkos-v32@npg165,True
AC-CTRL-cross_regime_identity,c1_ctx_k04/plonk/j4,zkos-v32@npg165,True
AC-CTRL-cross_regime_identity,c1_ctx_k04/plonk/j5,zkos-v32@npg165,True
AC-CTRL-cross_regime_identity,c1_ctx_k04/plonk/j6,zkos-v32@npg165,True
AC-CTRL-cross_regime_identity,c1_ctx_k04/plonk/j7,zkos-v32@npg165,True
AC-CTRL-replay,c1_ctx_k06/groth16/j0,evm-osaka,True
AC-CTRL-unknown_root_tx,c1_ctx_k06/groth16/j0,evm-osaka,True
AC-CTRL-valid,c1_ctx_k06/groth16/j0,evm-osaka,True
AC-CTRL-tampered_proof,c1_ctx_k06/groth16/j0,evm-osaka,True
AC-CTRL-perturb_pub,c1_ctx_k06/groth16/j0,evm-osaka,True
AC-CTRL-perturb_pub,c1_ctx_k06/groth16/j0,evm-osaka,True
AC-CTRL-perturb_pub,c1_ctx_k06/groth16/j0,evm-osaka,True
AC-CTRL-perturb_pub,c1_ctx_k06/groth16/j0,evm-osaka,True
AC-CTRL-perturb_pub,c1_ctx_k06/groth16/j0,evm-osaka,True
AC-CTRL-perturb_pub,c1_ctx_k06/groth16/j0,evm-osaka,True
AC-CTRL-out_of_field_pub,c1_ctx_k06/groth16/j0,evm-osaka,True
AC-CTRL-cross_regime_identity,c1_ctx_k06/groth16/j0,evm-osaka,True
AC-CTRL-cross_regime_identity,c1_ctx_k06/groth16/j1,evm-osaka,True
AC-CTRL-cross_regime_identity,c1_ctx_k06/groth16/j2,evm-osaka,True
AC-CTRL-cross_regime_identity,c1_ctx_k06/groth16/j3,evm-osaka,True
AC-CTRL-cross_regime_identity,c1_ctx_k06/groth16/j4,evm-osaka,True
AC-CTRL-cross_regime_identity,c1_ctx_k06/groth16/j5,evm-osaka,True
AC-CTRL-cross_regime_identity,c1_ctx_k06/groth16/j6,evm-osaka,True
AC-CTRL-cross_regime_identity,c1_ctx_k06/groth16/j7,evm-osaka,True
AC-CTRL-replay,c1_a8/plonk/j0,eravm-29,True
AC-CTRL-unknown_root_tx,c1_a8/plonk/j0,eravm-29,True
AC-CTRL-valid,c1_a8/plonk/j0,eravm-29,True
AC-CTRL-tampered_proof,c1_a8/plonk/j0,eravm-29,True
AC-CTRL-perturb_pub,c1_a8/plonk/j0,eravm-29,True
AC-CTRL-perturb_pub,c1_a8/plonk/j0,eravm-29,True
AC-CTRL-perturb_pub,c1_a8/plonk/j0,eravm-29,True
AC-CTRL-perturb_pub,c1_a8/plonk/j0,eravm-29,True
AC-CTRL-perturb_pub,c1_a8/plonk/j0,eravm-29,True
AC-CTRL-perturb_pub,c1_a8/plonk/j0,eravm-29,True
AC-CTRL-perturb_pub,c1_a8/plonk/j0,eravm-29,True
AC-CTRL-perturb_pub,c1_a8/plonk/j0,eravm-29,True
AC-CTRL-out_of_field_pub,c1_a8/plonk/j0,eravm-29,True
AC-CTRL-foreign_vk_proof,c1_ctx_k08/plonk/j0,eravm-29,True
AC-CTRL-cross_regime_identity,c1_a8/plonk/j0,eravm-29,True
AC-CTRL-cross_regime_identity,c1_a8/plonk/j1,eravm-29,True
AC-CTRL-cross_regime_identity,c1_a8/plonk/j2,eravm-29,True
AC-CTRL-cross_regime_identity,c1_a8/plonk/j3,eravm-29,True
AC-CTRL-cross_regime_identity,c1_a8/plonk/j4,eravm-29,True
AC-CTRL-cross_regime_identity,c1_a8/plonk/j5,eravm-29,True
AC-CTRL-cross_regime_identity,c1_a8/plonk/j6,eravm-29,True
AC-CTRL-cross_regime_identity,c1_a8/plonk/j7,eravm-29,True
AC-CTRL-replay,c1_a4/groth16/j0,evm-osaka,True
AC-CTRL-unknown_root_tx,c1_a4/groth16/j0,evm-osaka,True
AC-CTRL-valid,c1_a4/groth16/j0,evm-osaka,True
AC-CTRL-tampered_proof,c1_a4/groth16/j0,evm-osaka,True
AC-CTRL-perturb_pub,c1_a4/groth16/j0,evm-osaka,True
AC-CTRL-perturb_pub,c1_a4/groth16/j0,evm-osaka,True
AC-CTRL-perturb_pub,c1_a4/groth16/j0,evm-osaka,True
AC-CTRL-perturb_pub,c1_a4/groth16/j0,evm-osaka,True
AC-CTRL-out_of_field_pub,c1_a4/groth16/j0,evm-osaka,True
AC-CTRL-foreign_vk_proof,c1_ctx_k04/groth16/j0,evm-osaka,True
AC-CTRL-cross_regime_identity,c1_a4/groth16/j0,evm-osaka,True
AC-CTRL-cross_regime_identity,c1_a4/groth16/j1,evm-osaka,True
AC-CTRL-cross_regime_identity,c1_a4/groth16/j2,evm-osaka,True
AC-CTRL-cross_regime_identity,c1_a4/groth16/j3,evm-osaka,True
AC-CTRL-cross_regime_identity,c1_a4/groth16/j4,evm-osaka,True
AC-CTRL-cross_regime_identity,c1_a4/groth16/j5,evm-osaka,True
AC-CTRL-cross_regime_identity,c1_a4/groth16/j6,evm-osaka,True
AC-CTRL-cross_regime_identity,c1_a4/groth16/j7,evm-osaka,True
AC-CTRL-replay,c1_a4/plonk/j0,evm-osaka,True
AC-CTRL-unknown_root_tx,c1_a4/plonk/j0,evm-osaka,True
AC-CTRL-valid,c1_a4/plonk/j0,evm-osaka,True
AC-CTRL-tampered_proof,c1_a4/plonk/j0,evm-osaka,True
AC-CTRL-perturb_pub,c1_a4/plonk/j0,evm-osaka,True
AC-CTRL-perturb_pub,c1_a4/plonk/j0,evm-osaka,True
AC-CTRL-perturb_pub,c1_a4/plonk/j0,evm-osaka,True
AC-CTRL-perturb_pub,c1_a4/plonk/j0,evm-osaka,True
AC-CTRL-out_of_field_pub,c1_a4/plonk/j0,evm-osaka,True
AC-CTRL-foreign_vk_proof,c1_ctx_k04/plonk/j0,evm-osaka,True
AC-CTRL-cross_regime_identity,c1_a4/plonk/j0,evm-osaka,True
AC-CTRL-cross_regime_identity,c1_a4/plonk/j1,evm-osaka,True
AC-CTRL-cross_regime_identity,c1_a4/plonk/j2,evm-osaka,True
AC-CTRL-cross_regime_identity,c1_a4/plonk/j3,evm-osaka,True
AC-CTRL-cross_regime_identity,c1_a4/plonk/j4,evm-osaka,True
AC-CTRL-cross_regime_identity,c1_a4/plonk/j5,evm-osaka,True
AC-CTRL-cross_regime_identity,c1_a4/plonk/j6,evm-osaka,True
AC-CTRL-cross_regime_identity,c1_a4/plonk/j7,evm-osaka,True
AC-CTRL-replay,c1_ctx_k06/plonk/j0,eravm-27,True
AC-CTRL-unknown_root_tx,c1_ctx_k06/plonk/j0,eravm-27,True
AC-CTRL-valid,c1_ctx_k06/plonk/j0,eravm-27,True
AC-CTRL-tampered_proof,c1_ctx_k06/plonk/j0,eravm-27,True
AC-CTRL-perturb_pub,c1_ctx_k06/plonk/j0,eravm-27,True
AC-CTRL-perturb_pub,c1_ctx_k06/plonk/j0,eravm-27,True
AC-CTRL-perturb_pub,c1_ctx_k06/plonk/j0,eravm-27,True
AC-CTRL-perturb_pub,c1_ctx_k06/plonk/j0,eravm-27,True
AC-CTRL-perturb_pub,c1_ctx_k06/plonk/j0,eravm-27,True
AC-CTRL-perturb_pub,c1_ctx_k06/plonk/j0,eravm-27,True
AC-CTRL-out_of_field_pub,c1_ctx_k06/plonk/j0,eravm-27,True
AC-CTRL-cross_regime_identity,c1_ctx_k06/plonk/j0,eravm-27,True
AC-CTRL-cross_regime_identity,c1_ctx_k06/plonk/j1,eravm-27,True
AC-CTRL-cross_regime_identity,c1_ctx_k06/plonk/j2,eravm-27,True
AC-CTRL-cross_regime_identity,c1_ctx_k06/plonk/j3,eravm-27,True
AC-CTRL-cross_regime_identity,c1_ctx_k06/plonk/j4,eravm-27,True
AC-CTRL-cross_regime_identity,c1_ctx_k06/plonk/j5,eravm-27,True
AC-CTRL-cross_regime_identity,c1_ctx_k06/plonk/j6,eravm-27,True
AC-CTRL-cross_regime_identity,c1_ctx_k06/plonk/j7,eravm-27,True
AC-CTRL-replay,c1_ctx_k08/plonk/j0,eravm-27,True
AC-CTRL-unknown_root_tx,c1_ctx_k08/plonk/j0,eravm-27,True
AC-CTRL-valid,c1_ctx_k08/plonk/j0,eravm-27,True
AC-CTRL-tampered_proof,c1_ctx_k08/plonk/j0,eravm-27,True
AC-CTRL-perturb_pub,c1_ctx_k08/plonk/j0,eravm-27,True
AC-CTRL-perturb_pub,c1_ctx_k08/plonk/j0,eravm-27,True
AC-CTRL-perturb_pub,c1_ctx_k08/plonk/j0,eravm-27,True
AC-CTRL-perturb_pub,c1_ctx_k08/plonk/j0,eravm-27,True
AC-CTRL-perturb_pub,c1_ctx_k08/plonk/j0,eravm-27,True
AC-CTRL-perturb_pub,c1_ctx_k08/plonk/j0,eravm-27,True
AC-CTRL-perturb_pub,c1_ctx_k08/plonk/j0,eravm-27,True
AC-CTRL-perturb_pub,c1_ctx_k08/plonk/j0,eravm-27,True
AC-CTRL-out_of_field_pub,c1_ctx_k08/plonk/j0,eravm-27,True
AC-CTRL-foreign_vk_proof,c1_a8/plonk/j0,eravm-27,True
AC-CTRL-cross_regime_identity,c1_ctx_k08/plonk/j0,eravm-27,True
AC-CTRL-cross_regime_identity,c1_ctx_k08/plonk/j1,eravm-27,True
AC-CTRL-cross_regime_identity,c1_ctx_k08/plonk/j2,eravm-27,True
AC-CTRL-cross_regime_identity,c1_ctx_k08/plonk/j3,eravm-27,True
AC-CTRL-cross_regime_identity,c1_ctx_k08/plonk/j4,eravm-27,True
AC-CTRL-cross_regime_identity,c1_ctx_k08/plonk/j5,eravm-27,True
AC-CTRL-cross_regime_identity,c1_ctx_k08/plonk/j6,eravm-27,True
AC-CTRL-cross_regime_identity,c1_ctx_k08/plonk/j7,eravm-27,True
AC-CTRL-replay,c1_k01/plonk/j0,eravm-27,True
AC-CTRL-unknown_root_tx,c1_k01/plonk/j0,eravm-27,True
AC-CTRL-valid,c1_k01/plonk/j0,eravm-27,True
AC-CTRL-tampered_proof,c1_k01/plonk/j0,eravm-27,True
AC-CTRL-perturb_pub,c1_k01/plonk/j0,eravm-27,True
AC-CTRL-out_of_field_pub,c1_k01/plonk/j0,eravm-27,True
AC-CTRL-cross_regime_identity,c1_k01/plonk/j0,eravm-27,True
AC-CTRL-cross_regime_identity,c1_k01/plonk/j1,eravm-27,True
AC-CTRL-cross_regime_identity,c1_k01/plonk/j2,eravm-27,True
AC-CTRL-cross_regime_identity,c1_k01/plonk/j3,eravm-27,True
AC-CTRL-cross_regime_identity,c1_k01/plonk/j4,eravm-27,True
AC-CTRL-cross_regime_identity,c1_k01/plonk/j5,eravm-27,True
AC-CTRL-cross_regime_identity,c1_k01/plonk/j6,eravm-27,True
AC-CTRL-cross_regime_identity,c1_k01/plonk/j7,eravm-27,True
AC-CTRL-replay,c1_ctx_k32/groth16/j0,zkos-v32@npg100,True
AC-CTRL-unknown_root_tx,c1_ctx_k32/groth16/j0,zkos-v32@npg100,True
AC-CTRL-valid,c1_ctx_k32/groth16/j0,zkos-v32@npg100,True
AC-CTRL-tampered_proof,c1_ctx_k32/groth16/j0,zkos-v32@npg100,True
AC-CTRL-perturb_pub,c1_ctx_k32/groth16/j0,zkos-v32@npg100,True
AC-CTRL-perturb_pub,c1_ctx_k32/groth16/j0,zkos-v32@npg100,True
AC-CTRL-perturb_pub,c1_ctx_k32/groth16/j0,zkos-v32@npg100,True
AC-CTRL-perturb_pub,c1_ctx_k32/groth16/j0,zkos-v32@npg100,True
AC-CTRL-perturb_pub,c1_ctx_k32/groth16/j0,zkos-v32@npg100,True
AC-CTRL-perturb_pub,c1_ctx_k32/groth16/j0,zkos-v32@npg100,True
AC-CTRL-perturb_pub,c1_ctx_k32/groth16/j0,zkos-v32@npg100,True
AC-CTRL-perturb_pub,c1_ctx_k32/groth16/j0,zkos-v32@npg100,True
AC-CTRL-perturb_pub,c1_ctx_k32/groth16/j0,zkos-v32@npg100,True
AC-CTRL-perturb_pub,c1_ctx_k32/groth16/j0,zkos-v32@npg100,True
AC-CTRL-perturb_pub,c1_ctx_k32/groth16/j0,zkos-v32@npg100,True
AC-CTRL-perturb_pub,c1_ctx_k32/groth16/j0,zkos-v32@npg100,True
AC-CTRL-perturb_pub,c1_ctx_k32/groth16/j0,zkos-v32@npg100,True
AC-CTRL-perturb_pub,c1_ctx_k32/groth16/j0,zkos-v32@npg100,True
AC-CTRL-perturb_pub,c1_ctx_k32/groth16/j0,zkos-v32@npg100,True
AC-CTRL-perturb_pub,c1_ctx_k32/groth16/j0,zkos-v32@npg100,True
AC-CTRL-perturb_pub,c1_ctx_k32/groth16/j0,zkos-v32@npg100,True
AC-CTRL-perturb_pub,c1_ctx_k32/groth16/j0,zkos-v32@npg100,True
AC-CTRL-perturb_pub,c1_ctx_k32/groth16/j0,zkos-v32@npg100,True
AC-CTRL-perturb_pub,c1_ctx_k32/groth16/j0,zkos-v32@npg100,True
AC-CTRL-perturb_pub,c1_ctx_k32/groth16/j0,zkos-v32@npg100,True
AC-CTRL-perturb_pub,c1_ctx_k32/groth16/j0,zkos-v32@npg100,True
AC-CTRL-perturb_pub,c1_ctx_k32/groth16/j0,zkos-v32@npg100,True
AC-CTRL-perturb_pub,c1_ctx_k32/groth16/j0,zkos-v32@npg100,True
AC-CTRL-perturb_pub,c1_ctx_k32/groth16/j0,zkos-v32@npg100,True
AC-CTRL-perturb_pub,c1_ctx_k32/groth16/j0,zkos-v32@npg100,True
AC-CTRL-perturb_pub,c1_ctx_k32/groth16/j0,zkos-v32@npg100,True
AC-CTRL-perturb_pub,c1_ctx_k32/groth16/j0,zkos-v32@npg100,True
AC-CTRL-perturb_pub,c1_ctx_k32/groth16/j0,zkos-v32@npg100,True
AC-CTRL-perturb_pub,c1_ctx_k32/groth16/j0,zkos-v32@npg100,True
AC-CTRL-perturb_pub,c1_ctx_k32/groth16/j0,zkos-v32@npg100,True
AC-CTRL-perturb_pub,c1_ctx_k32/groth16/j0,zkos-v32@npg100,True
AC-CTRL-out_of_field_pub,c1_ctx_k32/groth16/j0,zkos-v32@npg100,True
AC-CTRL-cross_regime_identity,c1_ctx_k32/groth16/j0,zkos-v32@npg100,True
AC-CTRL-cross_regime_identity,c1_ctx_k32/groth16/j1,zkos-v32@npg100,True
AC-CTRL-cross_regime_identity,c1_ctx_k32/groth16/j2,zkos-v32@npg100,True
AC-CTRL-cross_regime_identity,c1_ctx_k32/groth16/j3,zkos-v32@npg100,True
AC-CTRL-cross_regime_identity,c1_ctx_k32/groth16/j4,zkos-v32@npg100,True
AC-CTRL-cross_regime_identity,c1_ctx_k32/groth16/j5,zkos-v32@npg100,True
AC-CTRL-cross_regime_identity,c1_ctx_k32/groth16/j6,zkos-v32@npg100,True
AC-CTRL-cross_regime_identity,c1_ctx_k32/groth16/j7,zkos-v32@npg100,True
AC-CTRL-replay,c1_a4/plonk/j0,eravm-29,True
AC-CTRL-unknown_root_tx,c1_a4/plonk/j0,eravm-29,True
AC-CTRL-valid,c1_a4/plonk/j0,eravm-29,True
AC-CTRL-tampered_proof,c1_a4/plonk/j0,eravm-29,True
AC-CTRL-perturb_pub,c1_a4/plonk/j0,eravm-29,True
AC-CTRL-perturb_pub,c1_a4/plonk/j0,eravm-29,True
AC-CTRL-perturb_pub,c1_a4/plonk/j0,eravm-29,True
AC-CTRL-perturb_pub,c1_a4/plonk/j0,eravm-29,True
AC-CTRL-out_of_field_pub,c1_a4/plonk/j0,eravm-29,True
AC-CTRL-foreign_vk_proof,c1_ctx_k04/plonk/j0,eravm-29,True
AC-CTRL-cross_regime_identity,c1_a4/plonk/j0,eravm-29,True
AC-CTRL-cross_regime_identity,c1_a4/plonk/j1,eravm-29,True
AC-CTRL-cross_regime_identity,c1_a4/plonk/j2,eravm-29,True
AC-CTRL-cross_regime_identity,c1_a4/plonk/j3,eravm-29,True
AC-CTRL-cross_regime_identity,c1_a4/plonk/j4,eravm-29,True
AC-CTRL-cross_regime_identity,c1_a4/plonk/j5,eravm-29,True
AC-CTRL-cross_regime_identity,c1_a4/plonk/j6,eravm-29,True
AC-CTRL-cross_regime_identity,c1_a4/plonk/j7,eravm-29,True
AC-CTRL-replay,c1_ctx_k24/plonk/j0,zkos-v32@npg100,True
AC-CTRL-unknown_root_tx,c1_ctx_k24/plonk/j0,zkos-v32@npg100,True
AC-CTRL-valid,c1_ctx_k24/plonk/j0,zkos-v32@npg100,True
AC-CTRL-tampered_proof,c1_ctx_k24/plonk/j0,zkos-v32@npg100,True
AC-CTRL-perturb_pub,c1_ctx_k24/plonk/j0,zkos-v32@npg100,True
AC-CTRL-perturb_pub,c1_ctx_k24/plonk/j0,zkos-v32@npg100,True
AC-CTRL-perturb_pub,c1_ctx_k24/plonk/j0,zkos-v32@npg100,True
AC-CTRL-perturb_pub,c1_ctx_k24/plonk/j0,zkos-v32@npg100,True
AC-CTRL-perturb_pub,c1_ctx_k24/plonk/j0,zkos-v32@npg100,True
AC-CTRL-perturb_pub,c1_ctx_k24/plonk/j0,zkos-v32@npg100,True
AC-CTRL-perturb_pub,c1_ctx_k24/plonk/j0,zkos-v32@npg100,True
AC-CTRL-perturb_pub,c1_ctx_k24/plonk/j0,zkos-v32@npg100,True
AC-CTRL-perturb_pub,c1_ctx_k24/plonk/j0,zkos-v32@npg100,True
AC-CTRL-perturb_pub,c1_ctx_k24/plonk/j0,zkos-v32@npg100,True
AC-CTRL-perturb_pub,c1_ctx_k24/plonk/j0,zkos-v32@npg100,True
AC-CTRL-perturb_pub,c1_ctx_k24/plonk/j0,zkos-v32@npg100,True
AC-CTRL-perturb_pub,c1_ctx_k24/plonk/j0,zkos-v32@npg100,True
AC-CTRL-perturb_pub,c1_ctx_k24/plonk/j0,zkos-v32@npg100,True
AC-CTRL-perturb_pub,c1_ctx_k24/plonk/j0,zkos-v32@npg100,True
AC-CTRL-perturb_pub,c1_ctx_k24/plonk/j0,zkos-v32@npg100,True
AC-CTRL-perturb_pub,c1_ctx_k24/plonk/j0,zkos-v32@npg100,True
AC-CTRL-perturb_pub,c1_ctx_k24/plonk/j0,zkos-v32@npg100,True
AC-CTRL-perturb_pub,c1_ctx_k24/plonk/j0,zkos-v32@npg100,True
AC-CTRL-perturb_pub,c1_ctx_k24/plonk/j0,zkos-v32@npg100,True
AC-CTRL-perturb_pub,c1_ctx_k24/plonk/j0,zkos-v32@npg100,True
AC-CTRL-perturb_pub,c1_ctx_k24/plonk/j0,zkos-v32@npg100,True
AC-CTRL-perturb_pub,c1_ctx_k24/plonk/j0,zkos-v32@npg100,True
AC-CTRL-perturb_pub,c1_ctx_k24/plonk/j0,zkos-v32@npg100,True
AC-CTRL-out_of_field_pub,c1_ctx_k24/plonk/j0,zkos-v32@npg100,True
AC-CTRL-cross_regime_identity,c1_ctx_k24/plonk/j0,zkos-v32@npg100,True
AC-CTRL-cross_regime_identity,c1_ctx_k24/plonk/j1,zkos-v32@npg100,True
AC-CTRL-cross_regime_identity,c1_ctx_k24/plonk/j2,zkos-v32@npg100,True
AC-CTRL-cross_regime_identity,c1_ctx_k24/plonk/j3,zkos-v32@npg100,True
AC-CTRL-cross_regime_identity,c1_ctx_k24/plonk/j4,zkos-v32@npg100,True
AC-CTRL-cross_regime_identity,c1_ctx_k24/plonk/j5,zkos-v32@npg100,True
AC-CTRL-cross_regime_identity,c1_ctx_k24/plonk/j6,zkos-v32@npg100,True
AC-CTRL-cross_regime_identity,c1_ctx_k24/plonk/j7,zkos-v32@npg100,True
AC-CTRL-replay,c1_ctx_k08/plonk/j0,evm-osaka,True
AC-CTRL-unknown_root_tx,c1_ctx_k08/plonk/j0,evm-osaka,True
AC-CTRL-valid,c1_ctx_k08/plonk/j0,evm-osaka,True
AC-CTRL-tampered_proof,c1_ctx_k08/plonk/j0,evm-osaka,True
AC-CTRL-perturb_pub,c1_ctx_k08/plonk/j0,evm-osaka,True
AC-CTRL-perturb_pub,c1_ctx_k08/plonk/j0,evm-osaka,True
AC-CTRL-perturb_pub,c1_ctx_k08/plonk/j0,evm-osaka,True
AC-CTRL-perturb_pub,c1_ctx_k08/plonk/j0,evm-osaka,True
AC-CTRL-perturb_pub,c1_ctx_k08/plonk/j0,evm-osaka,True
AC-CTRL-perturb_pub,c1_ctx_k08/plonk/j0,evm-osaka,True
AC-CTRL-perturb_pub,c1_ctx_k08/plonk/j0,evm-osaka,True
AC-CTRL-perturb_pub,c1_ctx_k08/plonk/j0,evm-osaka,True
AC-CTRL-out_of_field_pub,c1_ctx_k08/plonk/j0,evm-osaka,True
AC-CTRL-foreign_vk_proof,c1_a8/plonk/j0,evm-osaka,True
AC-CTRL-cross_regime_identity,c1_ctx_k08/plonk/j0,evm-osaka,True
AC-CTRL-cross_regime_identity,c1_ctx_k08/plonk/j1,evm-osaka,True
AC-CTRL-cross_regime_identity,c1_ctx_k08/plonk/j2,evm-osaka,True
AC-CTRL-cross_regime_identity,c1_ctx_k08/plonk/j3,evm-osaka,True
AC-CTRL-cross_regime_identity,c1_ctx_k08/plonk/j4,evm-osaka,True
AC-CTRL-cross_regime_identity,c1_ctx_k08/plonk/j5,evm-osaka,True
AC-CTRL-cross_regime_identity,c1_ctx_k08/plonk/j6,evm-osaka,True
AC-CTRL-cross_regime_identity,c1_ctx_k08/plonk/j7,evm-osaka,True
AC-CTRL-replay,c1_ctx_k04/plonk/j0,zkos-v32@npg167,True
AC-CTRL-unknown_root_tx,c1_ctx_k04/plonk/j0,zkos-v32@npg167,True
AC-CTRL-valid,c1_ctx_k04/plonk/j0,zkos-v32@npg167,True
AC-CTRL-tampered_proof,c1_ctx_k04/plonk/j0,zkos-v32@npg167,True
AC-CTRL-perturb_pub,c1_ctx_k04/plonk/j0,zkos-v32@npg167,True
AC-CTRL-perturb_pub,c1_ctx_k04/plonk/j0,zkos-v32@npg167,True
AC-CTRL-perturb_pub,c1_ctx_k04/plonk/j0,zkos-v32@npg167,True
AC-CTRL-perturb_pub,c1_ctx_k04/plonk/j0,zkos-v32@npg167,True
AC-CTRL-out_of_field_pub,c1_ctx_k04/plonk/j0,zkos-v32@npg167,True
AC-CTRL-foreign_vk_proof,c1_a4/plonk/j0,zkos-v32@npg167,True
AC-CTRL-cross_regime_identity,c1_ctx_k04/plonk/j0,zkos-v32@npg167,True
AC-CTRL-cross_regime_identity,c1_ctx_k04/plonk/j1,zkos-v32@npg167,True
AC-CTRL-cross_regime_identity,c1_ctx_k04/plonk/j2,zkos-v32@npg167,True
AC-CTRL-cross_regime_identity,c1_ctx_k04/plonk/j3,zkos-v32@npg167,True
AC-CTRL-cross_regime_identity,c1_ctx_k04/plonk/j4,zkos-v32@npg167,True
AC-CTRL-cross_regime_identity,c1_ctx_k04/plonk/j5,zkos-v32@npg167,True
AC-CTRL-cross_regime_identity,c1_ctx_k04/plonk/j6,zkos-v32@npg167,True
AC-CTRL-cross_regime_identity,c1_ctx_k04/plonk/j7,zkos-v32@npg167,True
AC-CTRL-replay,c1_ctx_k64/groth16/j0,evm-osaka,True
AC-CTRL-unknown_root_tx,c1_ctx_k64/groth16/j0,evm-osaka,True
AC-CTRL-valid,c1_ctx_k64/groth16/j0,evm-osaka,True
AC-CTRL-tampered_proof,c1_ctx_k64/groth16/j0,evm-osaka,True
AC-CTRL-perturb_pub,c1_ctx_k64/groth16/j0,evm-osaka,True
AC-CTRL-perturb_pub,c1_ctx_k64/groth16/j0,evm-osaka,True
AC-CTRL-perturb_pub,c1_ctx_k64/groth16/j0,evm-osaka,True
AC-CTRL-perturb_pub,c1_ctx_k64/groth16/j0,evm-osaka,True
AC-CTRL-perturb_pub,c1_ctx_k64/groth16/j0,evm-osaka,True
AC-CTRL-perturb_pub,c1_ctx_k64/groth16/j0,evm-osaka,True
AC-CTRL-perturb_pub,c1_ctx_k64/groth16/j0,evm-osaka,True
AC-CTRL-perturb_pub,c1_ctx_k64/groth16/j0,evm-osaka,True
AC-CTRL-perturb_pub,c1_ctx_k64/groth16/j0,evm-osaka,True
AC-CTRL-perturb_pub,c1_ctx_k64/groth16/j0,evm-osaka,True
AC-CTRL-perturb_pub,c1_ctx_k64/groth16/j0,evm-osaka,True
AC-CTRL-perturb_pub,c1_ctx_k64/groth16/j0,evm-osaka,True
AC-CTRL-perturb_pub,c1_ctx_k64/groth16/j0,evm-osaka,True
AC-CTRL-perturb_pub,c1_ctx_k64/groth16/j0,evm-osaka,True
AC-CTRL-perturb_pub,c1_ctx_k64/groth16/j0,evm-osaka,True
AC-CTRL-perturb_pub,c1_ctx_k64/groth16/j0,evm-osaka,True
AC-CTRL-perturb_pub,c1_ctx_k64/groth16/j0,evm-osaka,True
AC-CTRL-perturb_pub,c1_ctx_k64/groth16/j0,evm-osaka,True
AC-CTRL-perturb_pub,c1_ctx_k64/groth16/j0,evm-osaka,True
AC-CTRL-perturb_pub,c1_ctx_k64/groth16/j0,evm-osaka,True
AC-CTRL-perturb_pub,c1_ctx_k64/groth16/j0,evm-osaka,True
AC-CTRL-perturb_pub,c1_ctx_k64/groth16/j0,evm-osaka,True
AC-CTRL-perturb_pub,c1_ctx_k64/groth16/j0,evm-osaka,True
AC-CTRL-perturb_pub,c1_ctx_k64/groth16/j0,evm-osaka,True
AC-CTRL-perturb_pub,c1_ctx_k64/groth16/j0,evm-osaka,True
AC-CTRL-perturb_pub,c1_ctx_k64/groth16/j0,evm-osaka,True
AC-CTRL-perturb_pub,c1_ctx_k64/groth16/j0,evm-osaka,True
AC-CTRL-perturb_pub,c1_ctx_k64/groth16/j0,evm-osaka,True
AC-CTRL-perturb_pub,c1_ctx_k64/groth16/j0,evm-osaka,True
AC-CTRL-perturb_pub,c1_ctx_k64/groth16/j0,evm-osaka,True
AC-CTRL-perturb_pub,c1_ctx_k64/groth16/j0,evm-osaka,True
AC-CTRL-perturb_pub,c1_ctx_k64/groth16/j0,evm-osaka,True
AC-CTRL-perturb_pub,c1_ctx_k64/groth16/j0,evm-osaka,True
AC-CTRL-perturb_pub,c1_ctx_k64/groth16/j0,evm-osaka,True
AC-CTRL-perturb_pub,c1_ctx_k64/groth16/j0,evm-osaka,True
AC-CTRL-perturb_pub,c1_ctx_k64/groth16/j0,evm-osaka,True
AC-CTRL-perturb_pub,c1_ctx_k64/groth16/j0,evm-osaka,True
AC-CTRL-perturb_pub,c1_ctx_k64/groth16/j0,evm-osaka,True
AC-CTRL-perturb_pub,c1_ctx_k64/groth16/j0,evm-osaka,True
AC-CTRL-perturb_pub,c1_ctx_k64/groth16/j0,evm-osaka,True
AC-CTRL-perturb_pub,c1_ctx_k64/groth16/j0,evm-osaka,True
AC-CTRL-perturb_pub,c1_ctx_k64/groth16/j0,evm-osaka,True
AC-CTRL-perturb_pub,c1_ctx_k64/groth16/j0,evm-osaka,True
AC-CTRL-perturb_pub,c1_ctx_k64/groth16/j0,evm-osaka,True
AC-CTRL-perturb_pub,c1_ctx_k64/groth16/j0,evm-osaka,True
AC-CTRL-perturb_pub,c1_ctx_k64/groth16/j0,evm-osaka,True
AC-CTRL-perturb_pub,c1_ctx_k64/groth16/j0,evm-osaka,True
AC-CTRL-perturb_pub,c1_ctx_k64/groth16/j0,evm-osaka,True
AC-CTRL-perturb_pub,c1_ctx_k64/groth16/j0,evm-osaka,True
AC-CTRL-perturb_pub,c1_ctx_k64/groth16/j0,evm-osaka,True
AC-CTRL-perturb_pub,c1_ctx_k64/groth16/j0,evm-osaka,True
AC-CTRL-perturb_pub,c1_ctx_k64/groth16/j0,evm-osaka,True
AC-CTRL-perturb_pub,c1_ctx_k64/groth16/j0,evm-osaka,True
AC-CTRL-perturb_pub,c1_ctx_k64/groth16/j0,evm-osaka,True
AC-CTRL-perturb_pub,c1_ctx_k64/groth16/j0,evm-osaka,True
AC-CTRL-perturb_pub,c1_ctx_k64/groth16/j0,evm-osaka,True
AC-CTRL-perturb_pub,c1_ctx_k64/groth16/j0,evm-osaka,True
AC-CTRL-perturb_pub,c1_ctx_k64/groth16/j0,evm-osaka,True
AC-CTRL-perturb_pub,c1_ctx_k64/groth16/j0,evm-osaka,True
AC-CTRL-perturb_pub,c1_ctx_k64/groth16/j0,evm-osaka,True
AC-CTRL-perturb_pub,c1_ctx_k64/groth16/j0,evm-osaka,True
AC-CTRL-perturb_pub,c1_ctx_k64/groth16/j0,evm-osaka,True
AC-CTRL-perturb_pub,c1_ctx_k64/groth16/j0,evm-osaka,True
AC-CTRL-perturb_pub,c1_ctx_k64/groth16/j0,evm-osaka,True
AC-CTRL-out_of_field_pub,c1_ctx_k64/groth16/j0,evm-osaka,True
AC-CTRL-cross_regime_identity,c1_ctx_k64/groth16/j0,evm-osaka,True
AC-CTRL-cross_regime_identity,c1_ctx_k64/groth16/j1,evm-osaka,True
AC-CTRL-cross_regime_identity,c1_ctx_k64/groth16/j2,evm-osaka,True
AC-CTRL-cross_regime_identity,c1_ctx_k64/groth16/j3,evm-osaka,True
AC-CTRL-cross_regime_identity,c1_ctx_k64/groth16/j4,evm-osaka,True
AC-CTRL-cross_regime_identity,c1_ctx_k64/groth16/j5,evm-osaka,True
AC-CTRL-cross_regime_identity,c1_ctx_k64/groth16/j6,evm-osaka,True
AC-CTRL-cross_regime_identity,c1_ctx_k64/groth16/j7,evm-osaka,True
AC-CTRL-replay,c1_ctx_k16/plonk/j0,zkos-v32@npg156,True
AC-CTRL-unknown_root_tx,c1_ctx_k16/plonk/j0,zkos-v32@npg156,True
AC-CTRL-valid,c1_ctx_k16/plonk/j0,zkos-v32@npg156,True
AC-CTRL-tampered_proof,c1_ctx_k16/plonk/j0,zkos-v32@npg156,True
AC-CTRL-perturb_pub,c1_ctx_k16/plonk/j0,zkos-v32@npg156,True
AC-CTRL-perturb_pub,c1_ctx_k16/plonk/j0,zkos-v32@npg156,True
AC-CTRL-perturb_pub,c1_ctx_k16/plonk/j0,zkos-v32@npg156,True
AC-CTRL-perturb_pub,c1_ctx_k16/plonk/j0,zkos-v32@npg156,True
AC-CTRL-perturb_pub,c1_ctx_k16/plonk/j0,zkos-v32@npg156,True
AC-CTRL-perturb_pub,c1_ctx_k16/plonk/j0,zkos-v32@npg156,True
AC-CTRL-perturb_pub,c1_ctx_k16/plonk/j0,zkos-v32@npg156,True
AC-CTRL-perturb_pub,c1_ctx_k16/plonk/j0,zkos-v32@npg156,True
AC-CTRL-perturb_pub,c1_ctx_k16/plonk/j0,zkos-v32@npg156,True
AC-CTRL-perturb_pub,c1_ctx_k16/plonk/j0,zkos-v32@npg156,True
AC-CTRL-perturb_pub,c1_ctx_k16/plonk/j0,zkos-v32@npg156,True
AC-CTRL-perturb_pub,c1_ctx_k16/plonk/j0,zkos-v32@npg156,True
AC-CTRL-perturb_pub,c1_ctx_k16/plonk/j0,zkos-v32@npg156,True
AC-CTRL-perturb_pub,c1_ctx_k16/plonk/j0,zkos-v32@npg156,True
AC-CTRL-perturb_pub,c1_ctx_k16/plonk/j0,zkos-v32@npg156,True
AC-CTRL-perturb_pub,c1_ctx_k16/plonk/j0,zkos-v32@npg156,True
AC-CTRL-out_of_field_pub,c1_ctx_k16/plonk/j0,zkos-v32@npg156,True
AC-CTRL-cross_regime_identity,c1_ctx_k16/plonk/j0,zkos-v32@npg156,True
AC-CTRL-cross_regime_identity,c1_ctx_k16/plonk/j1,zkos-v32@npg156,True
AC-CTRL-cross_regime_identity,c1_ctx_k16/plonk/j2,zkos-v32@npg156,True
AC-CTRL-cross_regime_identity,c1_ctx_k16/plonk/j3,zkos-v32@npg156,True
AC-CTRL-cross_regime_identity,c1_ctx_k16/plonk/j4,zkos-v32@npg156,True
AC-CTRL-cross_regime_identity,c1_ctx_k16/plonk/j5,zkos-v32@npg156,True
AC-CTRL-cross_regime_identity,c1_ctx_k16/plonk/j6,zkos-v32@npg156,True
AC-CTRL-cross_regime_identity,c1_ctx_k16/plonk/j7,zkos-v32@npg156,True
AC-CTRL-replay,c1_ctx_k08/groth16/j0,eravm-29,True
AC-CTRL-unknown_root_tx,c1_ctx_k08/groth16/j0,eravm-29,True
AC-CTRL-valid,c1_ctx_k08/groth16/j0,eravm-29,True
AC-CTRL-tampered_proof,c1_ctx_k08/groth16/j0,eravm-29,True
AC-CTRL-perturb_pub,c1_ctx_k08/groth16/j0,eravm-29,True
AC-CTRL-perturb_pub,c1_ctx_k08/groth16/j0,eravm-29,True
AC-CTRL-perturb_pub,c1_ctx_k08/groth16/j0,eravm-29,True
AC-CTRL-perturb_pub,c1_ctx_k08/groth16/j0,eravm-29,True
AC-CTRL-perturb_pub,c1_ctx_k08/groth16/j0,eravm-29,True
AC-CTRL-perturb_pub,c1_ctx_k08/groth16/j0,eravm-29,True
AC-CTRL-perturb_pub,c1_ctx_k08/groth16/j0,eravm-29,True
AC-CTRL-perturb_pub,c1_ctx_k08/groth16/j0,eravm-29,True
AC-CTRL-out_of_field_pub,c1_ctx_k08/groth16/j0,eravm-29,True
AC-CTRL-foreign_vk_proof,c1_a8/groth16/j0,eravm-29,True
AC-CTRL-cross_regime_identity,c1_ctx_k08/groth16/j0,eravm-29,True
AC-CTRL-cross_regime_identity,c1_ctx_k08/groth16/j1,eravm-29,True
AC-CTRL-cross_regime_identity,c1_ctx_k08/groth16/j2,eravm-29,True
AC-CTRL-cross_regime_identity,c1_ctx_k08/groth16/j3,eravm-29,True
AC-CTRL-cross_regime_identity,c1_ctx_k08/groth16/j4,eravm-29,True
AC-CTRL-cross_regime_identity,c1_ctx_k08/groth16/j5,eravm-29,True
AC-CTRL-cross_regime_identity,c1_ctx_k08/groth16/j6,eravm-29,True
AC-CTRL-cross_regime_identity,c1_ctx_k08/groth16/j7,eravm-29,True
AC-CTRL-replay,c1_ctx_k24/groth16/j0,eravm-29,True
AC-CTRL-unknown_root_tx,c1_ctx_k24/groth16/j0,eravm-29,True
AC-CTRL-valid,c1_ctx_k24/groth16/j0,eravm-29,True
AC-CTRL-tampered_proof,c1_ctx_k24/groth16/j0,eravm-29,True
AC-CTRL-perturb_pub,c1_ctx_k24/groth16/j0,eravm-29,True
AC-CTRL-perturb_pub,c1_ctx_k24/groth16/j0,eravm-29,True
AC-CTRL-perturb_pub,c1_ctx_k24/groth16/j0,eravm-29,True
AC-CTRL-perturb_pub,c1_ctx_k24/groth16/j0,eravm-29,True
AC-CTRL-perturb_pub,c1_ctx_k24/groth16/j0,eravm-29,True
AC-CTRL-perturb_pub,c1_ctx_k24/groth16/j0,eravm-29,True
AC-CTRL-perturb_pub,c1_ctx_k24/groth16/j0,eravm-29,True
AC-CTRL-perturb_pub,c1_ctx_k24/groth16/j0,eravm-29,True
AC-CTRL-perturb_pub,c1_ctx_k24/groth16/j0,eravm-29,True
AC-CTRL-perturb_pub,c1_ctx_k24/groth16/j0,eravm-29,True
AC-CTRL-perturb_pub,c1_ctx_k24/groth16/j0,eravm-29,True
AC-CTRL-perturb_pub,c1_ctx_k24/groth16/j0,eravm-29,True
AC-CTRL-perturb_pub,c1_ctx_k24/groth16/j0,eravm-29,True
AC-CTRL-perturb_pub,c1_ctx_k24/groth16/j0,eravm-29,True
AC-CTRL-perturb_pub,c1_ctx_k24/groth16/j0,eravm-29,True
AC-CTRL-perturb_pub,c1_ctx_k24/groth16/j0,eravm-29,True
AC-CTRL-perturb_pub,c1_ctx_k24/groth16/j0,eravm-29,True
AC-CTRL-perturb_pub,c1_ctx_k24/groth16/j0,eravm-29,True
AC-CTRL-perturb_pub,c1_ctx_k24/groth16/j0,eravm-29,True
AC-CTRL-perturb_pub,c1_ctx_k24/groth16/j0,eravm-29,True
AC-CTRL-perturb_pub,c1_ctx_k24/groth16/j0,eravm-29,True
AC-CTRL-perturb_pub,c1_ctx_k24/groth16/j0,eravm-29,True
AC-CTRL-perturb_pub,c1_ctx_k24/groth16/j0,eravm-29,True
AC-CTRL-perturb_pub,c1_ctx_k24/groth16/j0,eravm-29,True
AC-CTRL-out_of_field_pub,c1_ctx_k24/groth16/j0,eravm-29,True
AC-CTRL-cross_regime_identity,c1_ctx_k24/groth16/j0,eravm-29,True
AC-CTRL-cross_regime_identity,c1_ctx_k24/groth16/j1,eravm-29,True
AC-CTRL-cross_regime_identity,c1_ctx_k24/groth16/j2,eravm-29,True
AC-CTRL-cross_regime_identity,c1_ctx_k24/groth16/j3,eravm-29,True
AC-CTRL-cross_regime_identity,c1_ctx_k24/groth16/j4,eravm-29,True
AC-CTRL-cross_regime_identity,c1_ctx_k24/groth16/j5,eravm-29,True
AC-CTRL-cross_regime_identity,c1_ctx_k24/groth16/j6,eravm-29,True
AC-CTRL-cross_regime_identity,c1_ctx_k24/groth16/j7,eravm-29,True
AC-CTRL-replay,c1_disc_k04/plonk/j0,zkos-v32@npg100,True
AC-CTRL-unknown_root_tx,c1_disc_k04/plonk/j0,zkos-v32@npg100,True
AC-CTRL-valid,c1_disc_k04/plonk/j0,zkos-v32@npg100,True
AC-CTRL-tampered_proof,c1_disc_k04/plonk/j0,zkos-v32@npg100,True
AC-CTRL-perturb_pub,c1_disc_k04/plonk/j0,zkos-v32@npg100,True
AC-CTRL-perturb_pub,c1_disc_k04/plonk/j0,zkos-v32@npg100,True
AC-CTRL-perturb_pub,c1_disc_k04/plonk/j0,zkos-v32@npg100,True
AC-CTRL-perturb_pub,c1_disc_k04/plonk/j0,zkos-v32@npg100,True
AC-CTRL-out_of_field_pub,c1_disc_k04/plonk/j0,zkos-v32@npg100,True
AC-CTRL-foreign_vk_proof,c1_ctx_k04/plonk/j0,zkos-v32@npg100,True
AC-CTRL-cross_regime_identity,c1_disc_k04/plonk/j0,zkos-v32@npg100,True
AC-CTRL-cross_regime_identity,c1_disc_k04/plonk/j1,zkos-v32@npg100,True
AC-CTRL-cross_regime_identity,c1_disc_k04/plonk/j2,zkos-v32@npg100,True
AC-CTRL-cross_regime_identity,c1_disc_k04/plonk/j3,zkos-v32@npg100,True
AC-CTRL-cross_regime_identity,c1_disc_k04/plonk/j4,zkos-v32@npg100,True
AC-CTRL-cross_regime_identity,c1_disc_k04/plonk/j5,zkos-v32@npg100,True
AC-CTRL-cross_regime_identity,c1_disc_k04/plonk/j6,zkos-v32@npg100,True
AC-CTRL-cross_regime_identity,c1_disc_k04/plonk/j7,zkos-v32@npg100,True
AC-CTRL-replay,c1_ctx_k16/groth16/j0,zkos-v32@npg300,True
AC-CTRL-unknown_root_tx,c1_ctx_k16/groth16/j0,zkos-v32@npg300,True
AC-CTRL-valid,c1_ctx_k16/groth16/j0,zkos-v32@npg300,True
AC-CTRL-tampered_proof,c1_ctx_k16/groth16/j0,zkos-v32@npg300,True
AC-CTRL-perturb_pub,c1_ctx_k16/groth16/j0,zkos-v32@npg300,True
AC-CTRL-perturb_pub,c1_ctx_k16/groth16/j0,zkos-v32@npg300,True
AC-CTRL-perturb_pub,c1_ctx_k16/groth16/j0,zkos-v32@npg300,True
AC-CTRL-perturb_pub,c1_ctx_k16/groth16/j0,zkos-v32@npg300,True
AC-CTRL-perturb_pub,c1_ctx_k16/groth16/j0,zkos-v32@npg300,True
AC-CTRL-perturb_pub,c1_ctx_k16/groth16/j0,zkos-v32@npg300,True
AC-CTRL-perturb_pub,c1_ctx_k16/groth16/j0,zkos-v32@npg300,True
AC-CTRL-perturb_pub,c1_ctx_k16/groth16/j0,zkos-v32@npg300,True
AC-CTRL-perturb_pub,c1_ctx_k16/groth16/j0,zkos-v32@npg300,True
AC-CTRL-perturb_pub,c1_ctx_k16/groth16/j0,zkos-v32@npg300,True
AC-CTRL-perturb_pub,c1_ctx_k16/groth16/j0,zkos-v32@npg300,True
AC-CTRL-perturb_pub,c1_ctx_k16/groth16/j0,zkos-v32@npg300,True
AC-CTRL-perturb_pub,c1_ctx_k16/groth16/j0,zkos-v32@npg300,True
AC-CTRL-perturb_pub,c1_ctx_k16/groth16/j0,zkos-v32@npg300,True
AC-CTRL-perturb_pub,c1_ctx_k16/groth16/j0,zkos-v32@npg300,True
AC-CTRL-perturb_pub,c1_ctx_k16/groth16/j0,zkos-v32@npg300,True
AC-CTRL-out_of_field_pub,c1_ctx_k16/groth16/j0,zkos-v32@npg300,True
AC-CTRL-cross_regime_identity,c1_ctx_k16/groth16/j0,zkos-v32@npg300,True
AC-CTRL-cross_regime_identity,c1_ctx_k16/groth16/j1,zkos-v32@npg300,True
AC-CTRL-cross_regime_identity,c1_ctx_k16/groth16/j2,zkos-v32@npg300,True
AC-CTRL-cross_regime_identity,c1_ctx_k16/groth16/j3,zkos-v32@npg300,True
AC-CTRL-cross_regime_identity,c1_ctx_k16/groth16/j4,zkos-v32@npg300,True
AC-CTRL-cross_regime_identity,c1_ctx_k16/groth16/j5,zkos-v32@npg300,True
AC-CTRL-cross_regime_identity,c1_ctx_k16/groth16/j6,zkos-v32@npg300,True
AC-CTRL-cross_regime_identity,c1_ctx_k16/groth16/j7,zkos-v32@npg300,True
AC-CTRL-replay,c1_ctx_k04/groth16/j0,zkos-v32@npg125,True
AC-CTRL-unknown_root_tx,c1_ctx_k04/groth16/j0,zkos-v32@npg125,True
AC-CTRL-valid,c1_ctx_k04/groth16/j0,zkos-v32@npg125,True
AC-CTRL-tampered_proof,c1_ctx_k04/groth16/j0,zkos-v32@npg125,True
AC-CTRL-perturb_pub,c1_ctx_k04/groth16/j0,zkos-v32@npg125,True
AC-CTRL-perturb_pub,c1_ctx_k04/groth16/j0,zkos-v32@npg125,True
AC-CTRL-perturb_pub,c1_ctx_k04/groth16/j0,zkos-v32@npg125,True
AC-CTRL-perturb_pub,c1_ctx_k04/groth16/j0,zkos-v32@npg125,True
AC-CTRL-out_of_field_pub,c1_ctx_k04/groth16/j0,zkos-v32@npg125,True
AC-CTRL-foreign_vk_proof,c1_a4/groth16/j0,zkos-v32@npg125,True
AC-CTRL-cross_regime_identity,c1_ctx_k04/groth16/j0,zkos-v32@npg125,True
AC-CTRL-cross_regime_identity,c1_ctx_k04/groth16/j1,zkos-v32@npg125,True
AC-CTRL-cross_regime_identity,c1_ctx_k04/groth16/j2,zkos-v32@npg125,True
AC-CTRL-cross_regime_identity,c1_ctx_k04/groth16/j3,zkos-v32@npg125,True
AC-CTRL-cross_regime_identity,c1_ctx_k04/groth16/j4,zkos-v32@npg125,True
AC-CTRL-cross_regime_identity,c1_ctx_k04/groth16/j5,zkos-v32@npg125,True
AC-CTRL-cross_regime_identity,c1_ctx_k04/groth16/j6,zkos-v32@npg125,True
AC-CTRL-cross_regime_identity,c1_ctx_k04/groth16/j7,zkos-v32@npg125,True
AC-CTRL-replay,c1_ctx_k04/plonk/j0,zkos-v32@npg125,True
AC-CTRL-unknown_root_tx,c1_ctx_k04/plonk/j0,zkos-v32@npg125,True
AC-CTRL-valid,c1_ctx_k04/plonk/j0,zkos-v32@npg125,True
AC-CTRL-tampered_proof,c1_ctx_k04/plonk/j0,zkos-v32@npg125,True
AC-CTRL-perturb_pub,c1_ctx_k04/plonk/j0,zkos-v32@npg125,True
AC-CTRL-perturb_pub,c1_ctx_k04/plonk/j0,zkos-v32@npg125,True
AC-CTRL-perturb_pub,c1_ctx_k04/plonk/j0,zkos-v32@npg125,True
AC-CTRL-perturb_pub,c1_ctx_k04/plonk/j0,zkos-v32@npg125,True
AC-CTRL-out_of_field_pub,c1_ctx_k04/plonk/j0,zkos-v32@npg125,True
AC-CTRL-foreign_vk_proof,c1_a4/plonk/j0,zkos-v32@npg125,True
AC-CTRL-cross_regime_identity,c1_ctx_k04/plonk/j0,zkos-v32@npg125,True
AC-CTRL-cross_regime_identity,c1_ctx_k04/plonk/j1,zkos-v32@npg125,True
AC-CTRL-cross_regime_identity,c1_ctx_k04/plonk/j2,zkos-v32@npg125,True
AC-CTRL-cross_regime_identity,c1_ctx_k04/plonk/j3,zkos-v32@npg125,True
AC-CTRL-cross_regime_identity,c1_ctx_k04/plonk/j4,zkos-v32@npg125,True
AC-CTRL-cross_regime_identity,c1_ctx_k04/plonk/j5,zkos-v32@npg125,True
AC-CTRL-cross_regime_identity,c1_ctx_k04/plonk/j6,zkos-v32@npg125,True
AC-CTRL-cross_regime_identity,c1_ctx_k04/plonk/j7,zkos-v32@npg125,True
AC-CTRL-replay,c1_ctx_k04/plonk/j0,eravm-27,True
AC-CTRL-unknown_root_tx,c1_ctx_k04/plonk/j0,eravm-27,True
AC-CTRL-valid,c1_ctx_k04/plonk/j0,eravm-27,True
AC-CTRL-tampered_proof,c1_ctx_k04/plonk/j0,eravm-27,True
AC-CTRL-perturb_pub,c1_ctx_k04/plonk/j0,eravm-27,True
AC-CTRL-perturb_pub,c1_ctx_k04/plonk/j0,eravm-27,True
AC-CTRL-perturb_pub,c1_ctx_k04/plonk/j0,eravm-27,True
AC-CTRL-perturb_pub,c1_ctx_k04/plonk/j0,eravm-27,True
AC-CTRL-out_of_field_pub,c1_ctx_k04/plonk/j0,eravm-27,True
AC-CTRL-foreign_vk_proof,c1_a4/plonk/j0,eravm-27,True
AC-CTRL-cross_regime_identity,c1_ctx_k04/plonk/j0,eravm-27,True
AC-CTRL-cross_regime_identity,c1_ctx_k04/plonk/j1,eravm-27,True
AC-CTRL-cross_regime_identity,c1_ctx_k04/plonk/j2,eravm-27,True
AC-CTRL-cross_regime_identity,c1_ctx_k04/plonk/j3,eravm-27,True
AC-CTRL-cross_regime_identity,c1_ctx_k04/plonk/j4,eravm-27,True
AC-CTRL-cross_regime_identity,c1_ctx_k04/plonk/j5,eravm-27,True
AC-CTRL-cross_regime_identity,c1_ctx_k04/plonk/j6,eravm-27,True
AC-CTRL-cross_regime_identity,c1_ctx_k04/plonk/j7,eravm-27,True
AC-CTRL-replay,c1_ctx_k24/groth16/j0,evm-osaka,True
AC-CTRL-unknown_root_tx,c1_ctx_k24/groth16/j0,evm-osaka,True
AC-CTRL-valid,c1_ctx_k24/groth16/j0,evm-osaka,True
AC-CTRL-tampered_proof,c1_ctx_k24/groth16/j0,evm-osaka,True
AC-CTRL-perturb_pub,c1_ctx_k24/groth16/j0,evm-osaka,True
AC-CTRL-perturb_pub,c1_ctx_k24/groth16/j0,evm-osaka,True
AC-CTRL-perturb_pub,c1_ctx_k24/groth16/j0,evm-osaka,True
AC-CTRL-perturb_pub,c1_ctx_k24/groth16/j0,evm-osaka,True
AC-CTRL-perturb_pub,c1_ctx_k24/groth16/j0,evm-osaka,True
AC-CTRL-perturb_pub,c1_ctx_k24/groth16/j0,evm-osaka,True
AC-CTRL-perturb_pub,c1_ctx_k24/groth16/j0,evm-osaka,True
AC-CTRL-perturb_pub,c1_ctx_k24/groth16/j0,evm-osaka,True
AC-CTRL-perturb_pub,c1_ctx_k24/groth16/j0,evm-osaka,True
AC-CTRL-perturb_pub,c1_ctx_k24/groth16/j0,evm-osaka,True
AC-CTRL-perturb_pub,c1_ctx_k24/groth16/j0,evm-osaka,True
AC-CTRL-perturb_pub,c1_ctx_k24/groth16/j0,evm-osaka,True
AC-CTRL-perturb_pub,c1_ctx_k24/groth16/j0,evm-osaka,True
AC-CTRL-perturb_pub,c1_ctx_k24/groth16/j0,evm-osaka,True
AC-CTRL-perturb_pub,c1_ctx_k24/groth16/j0,evm-osaka,True
AC-CTRL-perturb_pub,c1_ctx_k24/groth16/j0,evm-osaka,True
AC-CTRL-perturb_pub,c1_ctx_k24/groth16/j0,evm-osaka,True
AC-CTRL-perturb_pub,c1_ctx_k24/groth16/j0,evm-osaka,True
AC-CTRL-perturb_pub,c1_ctx_k24/groth16/j0,evm-osaka,True
AC-CTRL-perturb_pub,c1_ctx_k24/groth16/j0,evm-osaka,True
AC-CTRL-perturb_pub,c1_ctx_k24/groth16/j0,evm-osaka,True
AC-CTRL-perturb_pub,c1_ctx_k24/groth16/j0,evm-osaka,True
AC-CTRL-perturb_pub,c1_ctx_k24/groth16/j0,evm-osaka,True
AC-CTRL-perturb_pub,c1_ctx_k24/groth16/j0,evm-osaka,True
AC-CTRL-out_of_field_pub,c1_ctx_k24/groth16/j0,evm-osaka,True
AC-CTRL-cross_regime_identity,c1_ctx_k24/groth16/j0,evm-osaka,True
AC-CTRL-cross_regime_identity,c1_ctx_k24/groth16/j1,evm-osaka,True
AC-CTRL-cross_regime_identity,c1_ctx_k24/groth16/j2,evm-osaka,True
AC-CTRL-cross_regime_identity,c1_ctx_k24/groth16/j3,evm-osaka,True
AC-CTRL-cross_regime_identity,c1_ctx_k24/groth16/j4,evm-osaka,True
AC-CTRL-cross_regime_identity,c1_ctx_k24/groth16/j5,evm-osaka,True
AC-CTRL-cross_regime_identity,c1_ctx_k24/groth16/j6,evm-osaka,True
AC-CTRL-cross_regime_identity,c1_ctx_k24/groth16/j7,evm-osaka,True
AC-CTRL-replay,c1_ctx_k64/plonk/j0,evm-osaka,True
AC-CTRL-unknown_root_tx,c1_ctx_k64/plonk/j0,evm-osaka,True
AC-CTRL-valid,c1_ctx_k64/plonk/j0,evm-osaka,True
AC-CTRL-tampered_proof,c1_ctx_k64/plonk/j0,evm-osaka,True
AC-CTRL-perturb_pub,c1_ctx_k64/plonk/j0,evm-osaka,True
AC-CTRL-perturb_pub,c1_ctx_k64/plonk/j0,evm-osaka,True
AC-CTRL-perturb_pub,c1_ctx_k64/plonk/j0,evm-osaka,True
AC-CTRL-perturb_pub,c1_ctx_k64/plonk/j0,evm-osaka,True
AC-CTRL-perturb_pub,c1_ctx_k64/plonk/j0,evm-osaka,True
AC-CTRL-perturb_pub,c1_ctx_k64/plonk/j0,evm-osaka,True
AC-CTRL-perturb_pub,c1_ctx_k64/plonk/j0,evm-osaka,True
AC-CTRL-perturb_pub,c1_ctx_k64/plonk/j0,evm-osaka,True
AC-CTRL-perturb_pub,c1_ctx_k64/plonk/j0,evm-osaka,True
AC-CTRL-perturb_pub,c1_ctx_k64/plonk/j0,evm-osaka,True
AC-CTRL-perturb_pub,c1_ctx_k64/plonk/j0,evm-osaka,True
AC-CTRL-perturb_pub,c1_ctx_k64/plonk/j0,evm-osaka,True
AC-CTRL-perturb_pub,c1_ctx_k64/plonk/j0,evm-osaka,True
AC-CTRL-perturb_pub,c1_ctx_k64/plonk/j0,evm-osaka,True
AC-CTRL-perturb_pub,c1_ctx_k64/plonk/j0,evm-osaka,True
AC-CTRL-perturb_pub,c1_ctx_k64/plonk/j0,evm-osaka,True
AC-CTRL-perturb_pub,c1_ctx_k64/plonk/j0,evm-osaka,True
AC-CTRL-perturb_pub,c1_ctx_k64/plonk/j0,evm-osaka,True
AC-CTRL-perturb_pub,c1_ctx_k64/plonk/j0,evm-osaka,True
AC-CTRL-perturb_pub,c1_ctx_k64/plonk/j0,evm-osaka,True
AC-CTRL-perturb_pub,c1_ctx_k64/plonk/j0,evm-osaka,True
AC-CTRL-perturb_pub,c1_ctx_k64/plonk/j0,evm-osaka,True
AC-CTRL-perturb_pub,c1_ctx_k64/plonk/j0,evm-osaka,True
AC-CTRL-perturb_pub,c1_ctx_k64/plonk/j0,evm-osaka,True
AC-CTRL-perturb_pub,c1_ctx_k64/plonk/j0,evm-osaka,True
AC-CTRL-perturb_pub,c1_ctx_k64/plonk/j0,evm-osaka,True
AC-CTRL-perturb_pub,c1_ctx_k64/plonk/j0,evm-osaka,True
AC-CTRL-perturb_pub,c1_ctx_k64/plonk/j0,evm-osaka,True
AC-CTRL-perturb_pub,c1_ctx_k64/plonk/j0,evm-osaka,True
AC-CTRL-perturb_pub,c1_ctx_k64/plonk/j0,evm-osaka,True
AC-CTRL-perturb_pub,c1_ctx_k64/plonk/j0,evm-osaka,True
AC-CTRL-perturb_pub,c1_ctx_k64/plonk/j0,evm-osaka,True
AC-CTRL-perturb_pub,c1_ctx_k64/plonk/j0,evm-osaka,True
AC-CTRL-perturb_pub,c1_ctx_k64/plonk/j0,evm-osaka,True
AC-CTRL-perturb_pub,c1_ctx_k64/plonk/j0,evm-osaka,True
AC-CTRL-perturb_pub,c1_ctx_k64/plonk/j0,evm-osaka,True
AC-CTRL-perturb_pub,c1_ctx_k64/plonk/j0,evm-osaka,True
AC-CTRL-perturb_pub,c1_ctx_k64/plonk/j0,evm-osaka,True
AC-CTRL-perturb_pub,c1_ctx_k64/plonk/j0,evm-osaka,True
AC-CTRL-perturb_pub,c1_ctx_k64/plonk/j0,evm-osaka,True
AC-CTRL-perturb_pub,c1_ctx_k64/plonk/j0,evm-osaka,True
AC-CTRL-perturb_pub,c1_ctx_k64/plonk/j0,evm-osaka,True
AC-CTRL-perturb_pub,c1_ctx_k64/plonk/j0,evm-osaka,True
AC-CTRL-perturb_pub,c1_ctx_k64/plonk/j0,evm-osaka,True
AC-CTRL-perturb_pub,c1_ctx_k64/plonk/j0,evm-osaka,True
AC-CTRL-perturb_pub,c1_ctx_k64/plonk/j0,evm-osaka,True
AC-CTRL-perturb_pub,c1_ctx_k64/plonk/j0,evm-osaka,True
AC-CTRL-perturb_pub,c1_ctx_k64/plonk/j0,evm-osaka,True
AC-CTRL-perturb_pub,c1_ctx_k64/plonk/j0,evm-osaka,True
AC-CTRL-perturb_pub,c1_ctx_k64/plonk/j0,evm-osaka,True
AC-CTRL-perturb_pub,c1_ctx_k64/plonk/j0,evm-osaka,True
AC-CTRL-perturb_pub,c1_ctx_k64/plonk/j0,evm-osaka,True
AC-CTRL-perturb_pub,c1_ctx_k64/plonk/j0,evm-osaka,True
AC-CTRL-perturb_pub,c1_ctx_k64/plonk/j0,evm-osaka,True
AC-CTRL-perturb_pub,c1_ctx_k64/plonk/j0,evm-osaka,True
AC-CTRL-perturb_pub,c1_ctx_k64/plonk/j0,evm-osaka,True
AC-CTRL-perturb_pub,c1_ctx_k64/plonk/j0,evm-osaka,True
AC-CTRL-perturb_pub,c1_ctx_k64/plonk/j0,evm-osaka,True
AC-CTRL-perturb_pub,c1_ctx_k64/plonk/j0,evm-osaka,True
AC-CTRL-perturb_pub,c1_ctx_k64/plonk/j0,evm-osaka,True
AC-CTRL-perturb_pub,c1_ctx_k64/plonk/j0,evm-osaka,True
AC-CTRL-perturb_pub,c1_ctx_k64/plonk/j0,evm-osaka,True
AC-CTRL-perturb_pub,c1_ctx_k64/plonk/j0,evm-osaka,True
AC-CTRL-perturb_pub,c1_ctx_k64/plonk/j0,evm-osaka,True
AC-CTRL-out_of_field_pub,c1_ctx_k64/plonk/j0,evm-osaka,True
AC-CTRL-cross_regime_identity,c1_ctx_k64/plonk/j0,evm-osaka,True
AC-CTRL-cross_regime_identity,c1_ctx_k64/plonk/j1,evm-osaka,True
AC-CTRL-cross_regime_identity,c1_ctx_k64/plonk/j2,evm-osaka,True
AC-CTRL-cross_regime_identity,c1_ctx_k64/plonk/j3,evm-osaka,True
AC-CTRL-cross_regime_identity,c1_ctx_k64/plonk/j4,evm-osaka,True
AC-CTRL-cross_regime_identity,c1_ctx_k64/plonk/j5,evm-osaka,True
AC-CTRL-cross_regime_identity,c1_ctx_k64/plonk/j6,evm-osaka,True
AC-CTRL-cross_regime_identity,c1_ctx_k64/plonk/j7,evm-osaka,True
AC-CTRL-replay,c1_a4/groth16/j0,zkos-v32@npg100,True
AC-CTRL-unknown_root_tx,c1_a4/groth16/j0,zkos-v32@npg100,True
AC-CTRL-valid,c1_a4/groth16/j0,zkos-v32@npg100,True
AC-CTRL-tampered_proof,c1_a4/groth16/j0,zkos-v32@npg100,True
AC-CTRL-perturb_pub,c1_a4/groth16/j0,zkos-v32@npg100,True
AC-CTRL-perturb_pub,c1_a4/groth16/j0,zkos-v32@npg100,True
AC-CTRL-perturb_pub,c1_a4/groth16/j0,zkos-v32@npg100,True
AC-CTRL-perturb_pub,c1_a4/groth16/j0,zkos-v32@npg100,True
AC-CTRL-out_of_field_pub,c1_a4/groth16/j0,zkos-v32@npg100,True
AC-CTRL-foreign_vk_proof,c1_ctx_k04/groth16/j0,zkos-v32@npg100,True
AC-CTRL-cross_regime_identity,c1_a4/groth16/j0,zkos-v32@npg100,True
AC-CTRL-cross_regime_identity,c1_a4/groth16/j1,zkos-v32@npg100,True
AC-CTRL-cross_regime_identity,c1_a4/groth16/j2,zkos-v32@npg100,True
AC-CTRL-cross_regime_identity,c1_a4/groth16/j3,zkos-v32@npg100,True
AC-CTRL-cross_regime_identity,c1_a4/groth16/j4,zkos-v32@npg100,True
AC-CTRL-cross_regime_identity,c1_a4/groth16/j5,zkos-v32@npg100,True
AC-CTRL-cross_regime_identity,c1_a4/groth16/j6,zkos-v32@npg100,True
AC-CTRL-cross_regime_identity,c1_a4/groth16/j7,zkos-v32@npg100,True
AC-CTRL-replay,c1_k01/groth16/j0,zkos-v32@npg100+prio100000000,True
AC-CTRL-unknown_root_tx,c1_k01/groth16/j0,zkos-v32@npg100+prio100000000,True
AC-CTRL-valid,c1_k01/groth16/j0,zkos-v32@npg100+prio100000000,True
AC-CTRL-tampered_proof,c1_k01/groth16/j0,zkos-v32@npg100+prio100000000,True
AC-CTRL-perturb_pub,c1_k01/groth16/j0,zkos-v32@npg100+prio100000000,True
AC-CTRL-out_of_field_pub,c1_k01/groth16/j0,zkos-v32@npg100+prio100000000,True
AC-CTRL-cross_regime_identity,c1_k01/groth16/j0,zkos-v32@npg100+prio100000000,True
AC-CTRL-cross_regime_identity,c1_k01/groth16/j1,zkos-v32@npg100+prio100000000,True
AC-CTRL-cross_regime_identity,c1_k01/groth16/j2,zkos-v32@npg100+prio100000000,True
AC-CTRL-cross_regime_identity,c1_k01/groth16/j3,zkos-v32@npg100+prio100000000,True
AC-CTRL-cross_regime_identity,c1_k01/groth16/j4,zkos-v32@npg100+prio100000000,True
AC-CTRL-cross_regime_identity,c1_k01/groth16/j5,zkos-v32@npg100+prio100000000,True
AC-CTRL-cross_regime_identity,c1_k01/groth16/j6,zkos-v32@npg100+prio100000000,True
AC-CTRL-cross_regime_identity,c1_k01/groth16/j7,zkos-v32@npg100+prio100000000,True
AC-CTRL-replay,c1_a8/plonk/j0,zkos-v32@npg100,True
AC-CTRL-unknown_root_tx,c1_a8/plonk/j0,zkos-v32@npg100,True
AC-CTRL-valid,c1_a8/plonk/j0,zkos-v32@npg100,True
AC-CTRL-tampered_proof,c1_a8/plonk/j0,zkos-v32@npg100,True
AC-CTRL-perturb_pub,c1_a8/plonk/j0,zkos-v32@npg100,True
AC-CTRL-perturb_pub,c1_a8/plonk/j0,zkos-v32@npg100,True
AC-CTRL-perturb_pub,c1_a8/plonk/j0,zkos-v32@npg100,True
AC-CTRL-perturb_pub,c1_a8/plonk/j0,zkos-v32@npg100,True
AC-CTRL-perturb_pub,c1_a8/plonk/j0,zkos-v32@npg100,True
AC-CTRL-perturb_pub,c1_a8/plonk/j0,zkos-v32@npg100,True
AC-CTRL-perturb_pub,c1_a8/plonk/j0,zkos-v32@npg100,True
AC-CTRL-perturb_pub,c1_a8/plonk/j0,zkos-v32@npg100,True
AC-CTRL-out_of_field_pub,c1_a8/plonk/j0,zkos-v32@npg100,True
AC-CTRL-foreign_vk_proof,c1_ctx_k08/plonk/j0,zkos-v32@npg100,True
AC-CTRL-cross_regime_identity,c1_a8/plonk/j0,zkos-v32@npg100,True
AC-CTRL-cross_regime_identity,c1_a8/plonk/j1,zkos-v32@npg100,True
AC-CTRL-cross_regime_identity,c1_a8/plonk/j2,zkos-v32@npg100,True
AC-CTRL-cross_regime_identity,c1_a8/plonk/j3,zkos-v32@npg100,True
AC-CTRL-cross_regime_identity,c1_a8/plonk/j4,zkos-v32@npg100,True
AC-CTRL-cross_regime_identity,c1_a8/plonk/j5,zkos-v32@npg100,True
AC-CTRL-cross_regime_identity,c1_a8/plonk/j6,zkos-v32@npg100,True
AC-CTRL-cross_regime_identity,c1_a8/plonk/j7,zkos-v32@npg100,True
AC-CTRL-replay,c1_ctx_k08/groth16/j0,evm-osaka,True
AC-CTRL-unknown_root_tx,c1_ctx_k08/groth16/j0,evm-osaka,True
AC-CTRL-valid,c1_ctx_k08/groth16/j0,evm-osaka,True
AC-CTRL-tampered_proof,c1_ctx_k08/groth16/j0,evm-osaka,True
AC-CTRL-perturb_pub,c1_ctx_k08/groth16/j0,evm-osaka,True
AC-CTRL-perturb_pub,c1_ctx_k08/groth16/j0,evm-osaka,True
AC-CTRL-perturb_pub,c1_ctx_k08/groth16/j0,evm-osaka,True
AC-CTRL-perturb_pub,c1_ctx_k08/groth16/j0,evm-osaka,True
AC-CTRL-perturb_pub,c1_ctx_k08/groth16/j0,evm-osaka,True
AC-CTRL-perturb_pub,c1_ctx_k08/groth16/j0,evm-osaka,True
AC-CTRL-perturb_pub,c1_ctx_k08/groth16/j0,evm-osaka,True
AC-CTRL-perturb_pub,c1_ctx_k08/groth16/j0,evm-osaka,True
AC-CTRL-out_of_field_pub,c1_ctx_k08/groth16/j0,evm-osaka,True
AC-CTRL-foreign_vk_proof,c1_a8/groth16/j0,evm-osaka,True
AC-CTRL-cross_regime_identity,c1_ctx_k08/groth16/j0,evm-osaka,True
AC-CTRL-cross_regime_identity,c1_ctx_k08/groth16/j1,evm-osaka,True
AC-CTRL-cross_regime_identity,c1_ctx_k08/groth16/j2,evm-osaka,True
AC-CTRL-cross_regime_identity,c1_ctx_k08/groth16/j3,evm-osaka,True
AC-CTRL-cross_regime_identity,c1_ctx_k08/groth16/j4,evm-osaka,True
AC-CTRL-cross_regime_identity,c1_ctx_k08/groth16/j5,evm-osaka,True
AC-CTRL-cross_regime_identity,c1_ctx_k08/groth16/j6,evm-osaka,True
AC-CTRL-cross_regime_identity,c1_ctx_k08/groth16/j7,evm-osaka,True
AC-CTRL-replay,c1_k01/plonk/j0,zkos-v32@npg100+prio100000000,True
AC-CTRL-unknown_root_tx,c1_k01/plonk/j0,zkos-v32@npg100+prio100000000,True
AC-CTRL-valid,c1_k01/plonk/j0,zkos-v32@npg100+prio100000000,True
AC-CTRL-tampered_proof,c1_k01/plonk/j0,zkos-v32@npg100+prio100000000,True
AC-CTRL-perturb_pub,c1_k01/plonk/j0,zkos-v32@npg100+prio100000000,True
AC-CTRL-out_of_field_pub,c1_k01/plonk/j0,zkos-v32@npg100+prio100000000,True
AC-CTRL-cross_regime_identity,c1_k01/plonk/j0,zkos-v32@npg100+prio100000000,True
AC-CTRL-cross_regime_identity,c1_k01/plonk/j1,zkos-v32@npg100+prio100000000,True
AC-CTRL-cross_regime_identity,c1_k01/plonk/j2,zkos-v32@npg100+prio100000000,True
AC-CTRL-cross_regime_identity,c1_k01/plonk/j3,zkos-v32@npg100+prio100000000,True
AC-CTRL-cross_regime_identity,c1_k01/plonk/j4,zkos-v32@npg100+prio100000000,True
AC-CTRL-cross_regime_identity,c1_k01/plonk/j5,zkos-v32@npg100+prio100000000,True
AC-CTRL-cross_regime_identity,c1_k01/plonk/j6,zkos-v32@npg100+prio100000000,True
AC-CTRL-cross_regime_identity,c1_k01/plonk/j7,zkos-v32@npg100+prio100000000,True
AC-CTRL-replay,c1_ctx_k16/plonk/j0,zkos-v32@npg120,True
AC-CTRL-unknown_root_tx,c1_ctx_k16/plonk/j0,zkos-v32@npg120,True
AC-CTRL-valid,c1_ctx_k16/plonk/j0,zkos-v32@npg120,True
AC-CTRL-tampered_proof,c1_ctx_k16/plonk/j0,zkos-v32@npg120,True
AC-CTRL-perturb_pub,c1_ctx_k16/plonk/j0,zkos-v32@npg120,True
AC-CTRL-perturb_pub,c1_ctx_k16/plonk/j0,zkos-v32@npg120,True
AC-CTRL-perturb_pub,c1_ctx_k16/plonk/j0,zkos-v32@npg120,True
AC-CTRL-perturb_pub,c1_ctx_k16/plonk/j0,zkos-v32@npg120,True
AC-CTRL-perturb_pub,c1_ctx_k16/plonk/j0,zkos-v32@npg120,True
AC-CTRL-perturb_pub,c1_ctx_k16/plonk/j0,zkos-v32@npg120,True
AC-CTRL-perturb_pub,c1_ctx_k16/plonk/j0,zkos-v32@npg120,True
AC-CTRL-perturb_pub,c1_ctx_k16/plonk/j0,zkos-v32@npg120,True
AC-CTRL-perturb_pub,c1_ctx_k16/plonk/j0,zkos-v32@npg120,True
AC-CTRL-perturb_pub,c1_ctx_k16/plonk/j0,zkos-v32@npg120,True
AC-CTRL-perturb_pub,c1_ctx_k16/plonk/j0,zkos-v32@npg120,True
AC-CTRL-perturb_pub,c1_ctx_k16/plonk/j0,zkos-v32@npg120,True
AC-CTRL-perturb_pub,c1_ctx_k16/plonk/j0,zkos-v32@npg120,True
AC-CTRL-perturb_pub,c1_ctx_k16/plonk/j0,zkos-v32@npg120,True
AC-CTRL-perturb_pub,c1_ctx_k16/plonk/j0,zkos-v32@npg120,True
AC-CTRL-perturb_pub,c1_ctx_k16/plonk/j0,zkos-v32@npg120,True
AC-CTRL-out_of_field_pub,c1_ctx_k16/plonk/j0,zkos-v32@npg120,True
AC-CTRL-cross_regime_identity,c1_ctx_k16/plonk/j0,zkos-v32@npg120,True
AC-CTRL-cross_regime_identity,c1_ctx_k16/plonk/j1,zkos-v32@npg120,True
AC-CTRL-cross_regime_identity,c1_ctx_k16/plonk/j2,zkos-v32@npg120,True
AC-CTRL-cross_regime_identity,c1_ctx_k16/plonk/j3,zkos-v32@npg120,True
AC-CTRL-cross_regime_identity,c1_ctx_k16/plonk/j4,zkos-v32@npg120,True
AC-CTRL-cross_regime_identity,c1_ctx_k16/plonk/j5,zkos-v32@npg120,True
AC-CTRL-cross_regime_identity,c1_ctx_k16/plonk/j6,zkos-v32@npg120,True
AC-CTRL-cross_regime_identity,c1_ctx_k16/plonk/j7,zkos-v32@npg120,True
AC-CTRL-replay,c1_ctx_k64/plonk/j0,eravm-29,True
AC-CTRL-unknown_root_tx,c1_ctx_k64/plonk/j0,eravm-29,True
AC-CTRL-valid,c1_ctx_k64/plonk/j0,eravm-29,True
AC-CTRL-tampered_proof,c1_ctx_k64/plonk/j0,eravm-29,True
AC-CTRL-perturb_pub,c1_ctx_k64/plonk/j0,eravm-29,True
AC-CTRL-perturb_pub,c1_ctx_k64/plonk/j0,eravm-29,True
AC-CTRL-perturb_pub,c1_ctx_k64/plonk/j0,eravm-29,True
AC-CTRL-perturb_pub,c1_ctx_k64/plonk/j0,eravm-29,True
AC-CTRL-perturb_pub,c1_ctx_k64/plonk/j0,eravm-29,True
AC-CTRL-perturb_pub,c1_ctx_k64/plonk/j0,eravm-29,True
AC-CTRL-perturb_pub,c1_ctx_k64/plonk/j0,eravm-29,True
AC-CTRL-perturb_pub,c1_ctx_k64/plonk/j0,eravm-29,True
AC-CTRL-perturb_pub,c1_ctx_k64/plonk/j0,eravm-29,True
AC-CTRL-perturb_pub,c1_ctx_k64/plonk/j0,eravm-29,True
AC-CTRL-perturb_pub,c1_ctx_k64/plonk/j0,eravm-29,True
AC-CTRL-perturb_pub,c1_ctx_k64/plonk/j0,eravm-29,True
AC-CTRL-perturb_pub,c1_ctx_k64/plonk/j0,eravm-29,True
AC-CTRL-perturb_pub,c1_ctx_k64/plonk/j0,eravm-29,True
AC-CTRL-perturb_pub,c1_ctx_k64/plonk/j0,eravm-29,True
AC-CTRL-perturb_pub,c1_ctx_k64/plonk/j0,eravm-29,True
AC-CTRL-perturb_pub,c1_ctx_k64/plonk/j0,eravm-29,True
AC-CTRL-perturb_pub,c1_ctx_k64/plonk/j0,eravm-29,True
AC-CTRL-perturb_pub,c1_ctx_k64/plonk/j0,eravm-29,True
AC-CTRL-perturb_pub,c1_ctx_k64/plonk/j0,eravm-29,True
AC-CTRL-perturb_pub,c1_ctx_k64/plonk/j0,eravm-29,True
AC-CTRL-perturb_pub,c1_ctx_k64/plonk/j0,eravm-29,True
AC-CTRL-perturb_pub,c1_ctx_k64/plonk/j0,eravm-29,True
AC-CTRL-perturb_pub,c1_ctx_k64/plonk/j0,eravm-29,True
AC-CTRL-perturb_pub,c1_ctx_k64/plonk/j0,eravm-29,True
AC-CTRL-perturb_pub,c1_ctx_k64/plonk/j0,eravm-29,True
AC-CTRL-perturb_pub,c1_ctx_k64/plonk/j0,eravm-29,True
AC-CTRL-perturb_pub,c1_ctx_k64/plonk/j0,eravm-29,True
AC-CTRL-perturb_pub,c1_ctx_k64/plonk/j0,eravm-29,True
AC-CTRL-perturb_pub,c1_ctx_k64/plonk/j0,eravm-29,True
AC-CTRL-perturb_pub,c1_ctx_k64/plonk/j0,eravm-29,True
AC-CTRL-perturb_pub,c1_ctx_k64/plonk/j0,eravm-29,True
AC-CTRL-perturb_pub,c1_ctx_k64/plonk/j0,eravm-29,True
AC-CTRL-perturb_pub,c1_ctx_k64/plonk/j0,eravm-29,True
AC-CTRL-perturb_pub,c1_ctx_k64/plonk/j0,eravm-29,True
AC-CTRL-perturb_pub,c1_ctx_k64/plonk/j0,eravm-29,True
AC-CTRL-perturb_pub,c1_ctx_k64/plonk/j0,eravm-29,True
AC-CTRL-perturb_pub,c1_ctx_k64/plonk/j0,eravm-29,True
AC-CTRL-perturb_pub,c1_ctx_k64/plonk/j0,eravm-29,True
AC-CTRL-perturb_pub,c1_ctx_k64/plonk/j0,eravm-29,True
AC-CTRL-perturb_pub,c1_ctx_k64/plonk/j0,eravm-29,True
AC-CTRL-perturb_pub,c1_ctx_k64/plonk/j0,eravm-29,True
AC-CTRL-perturb_pub,c1_ctx_k64/plonk/j0,eravm-29,True
AC-CTRL-perturb_pub,c1_ctx_k64/plonk/j0,eravm-29,True
AC-CTRL-perturb_pub,c1_ctx_k64/plonk/j0,eravm-29,True
AC-CTRL-perturb_pub,c1_ctx_k64/plonk/j0,eravm-29,True
AC-CTRL-perturb_pub,c1_ctx_k64/plonk/j0,eravm-29,True
AC-CTRL-perturb_pub,c1_ctx_k64/plonk/j0,eravm-29,True
AC-CTRL-perturb_pub,c1_ctx_k64/plonk/j0,eravm-29,True
AC-CTRL-perturb_pub,c1_ctx_k64/plonk/j0,eravm-29,True
AC-CTRL-perturb_pub,c1_ctx_k64/plonk/j0,eravm-29,True
AC-CTRL-perturb_pub,c1_ctx_k64/plonk/j0,eravm-29,True
AC-CTRL-perturb_pub,c1_ctx_k64/plonk/j0,eravm-29,True
AC-CTRL-perturb_pub,c1_ctx_k64/plonk/j0,eravm-29,True
AC-CTRL-perturb_pub,c1_ctx_k64/plonk/j0,eravm-29,True
AC-CTRL-perturb_pub,c1_ctx_k64/plonk/j0,eravm-29,True
AC-CTRL-perturb_pub,c1_ctx_k64/plonk/j0,eravm-29,True
AC-CTRL-perturb_pub,c1_ctx_k64/plonk/j0,eravm-29,True
AC-CTRL-perturb_pub,c1_ctx_k64/plonk/j0,eravm-29,True
AC-CTRL-perturb_pub,c1_ctx_k64/plonk/j0,eravm-29,True
AC-CTRL-perturb_pub,c1_ctx_k64/plonk/j0,eravm-29,True
AC-CTRL-perturb_pub,c1_ctx_k64/plonk/j0,eravm-29,True
AC-CTRL-perturb_pub,c1_ctx_k64/plonk/j0,eravm-29,True
AC-CTRL-perturb_pub,c1_ctx_k64/plonk/j0,eravm-29,True
AC-CTRL-out_of_field_pub,c1_ctx_k64/plonk/j0,eravm-29,True
AC-CTRL-cross_regime_identity,c1_ctx_k64/plonk/j0,eravm-29,True
AC-CTRL-cross_regime_identity,c1_ctx_k64/plonk/j1,eravm-29,True
AC-CTRL-cross_regime_identity,c1_ctx_k64/plonk/j2,eravm-29,True
AC-CTRL-cross_regime_identity,c1_ctx_k64/plonk/j3,eravm-29,True
AC-CTRL-cross_regime_identity,c1_ctx_k64/plonk/j4,eravm-29,True
AC-CTRL-cross_regime_identity,c1_ctx_k64/plonk/j5,eravm-29,True
AC-CTRL-cross_regime_identity,c1_ctx_k64/plonk/j6,eravm-29,True
AC-CTRL-cross_regime_identity,c1_ctx_k64/plonk/j7,eravm-29,True
AC-CTRL-replay,c1_ctx_k16/plonk/j0,zkos-v32@npg141,True
AC-CTRL-unknown_root_tx,c1_ctx_k16/plonk/j0,zkos-v32@npg141,True
AC-CTRL-valid,c1_ctx_k16/plonk/j0,zkos-v32@npg141,True
AC-CTRL-tampered_proof,c1_ctx_k16/plonk/j0,zkos-v32@npg141,True
AC-CTRL-perturb_pub,c1_ctx_k16/plonk/j0,zkos-v32@npg141,True
AC-CTRL-perturb_pub,c1_ctx_k16/plonk/j0,zkos-v32@npg141,True
AC-CTRL-perturb_pub,c1_ctx_k16/plonk/j0,zkos-v32@npg141,True
AC-CTRL-perturb_pub,c1_ctx_k16/plonk/j0,zkos-v32@npg141,True
AC-CTRL-perturb_pub,c1_ctx_k16/plonk/j0,zkos-v32@npg141,True
AC-CTRL-perturb_pub,c1_ctx_k16/plonk/j0,zkos-v32@npg141,True
AC-CTRL-perturb_pub,c1_ctx_k16/plonk/j0,zkos-v32@npg141,True
AC-CTRL-perturb_pub,c1_ctx_k16/plonk/j0,zkos-v32@npg141,True
AC-CTRL-perturb_pub,c1_ctx_k16/plonk/j0,zkos-v32@npg141,True
AC-CTRL-perturb_pub,c1_ctx_k16/plonk/j0,zkos-v32@npg141,True
AC-CTRL-perturb_pub,c1_ctx_k16/plonk/j0,zkos-v32@npg141,True
AC-CTRL-perturb_pub,c1_ctx_k16/plonk/j0,zkos-v32@npg141,True
AC-CTRL-perturb_pub,c1_ctx_k16/plonk/j0,zkos-v32@npg141,True
AC-CTRL-perturb_pub,c1_ctx_k16/plonk/j0,zkos-v32@npg141,True
AC-CTRL-perturb_pub,c1_ctx_k16/plonk/j0,zkos-v32@npg141,True
AC-CTRL-perturb_pub,c1_ctx_k16/plonk/j0,zkos-v32@npg141,True
AC-CTRL-out_of_field_pub,c1_ctx_k16/plonk/j0,zkos-v32@npg141,True
AC-CTRL-cross_regime_identity,c1_ctx_k16/plonk/j0,zkos-v32@npg141,True
AC-CTRL-cross_regime_identity,c1_ctx_k16/plonk/j1,zkos-v32@npg141,True
AC-CTRL-cross_regime_identity,c1_ctx_k16/plonk/j2,zkos-v32@npg141,True
AC-CTRL-cross_regime_identity,c1_ctx_k16/plonk/j3,zkos-v32@npg141,True
AC-CTRL-cross_regime_identity,c1_ctx_k16/plonk/j4,zkos-v32@npg141,True
AC-CTRL-cross_regime_identity,c1_ctx_k16/plonk/j5,zkos-v32@npg141,True
AC-CTRL-cross_regime_identity,c1_ctx_k16/plonk/j6,zkos-v32@npg141,True
AC-CTRL-cross_regime_identity,c1_ctx_k16/plonk/j7,zkos-v32@npg141,True
AC-CTRL-replay,c1_ctx_k24/plonk/j0,evm-osaka,True
AC-CTRL-unknown_root_tx,c1_ctx_k24/plonk/j0,evm-osaka,True
AC-CTRL-valid,c1_ctx_k24/plonk/j0,evm-osaka,True
AC-CTRL-tampered_proof,c1_ctx_k24/plonk/j0,evm-osaka,True
AC-CTRL-perturb_pub,c1_ctx_k24/plonk/j0,evm-osaka,True
AC-CTRL-perturb_pub,c1_ctx_k24/plonk/j0,evm-osaka,True
AC-CTRL-perturb_pub,c1_ctx_k24/plonk/j0,evm-osaka,True
AC-CTRL-perturb_pub,c1_ctx_k24/plonk/j0,evm-osaka,True
AC-CTRL-perturb_pub,c1_ctx_k24/plonk/j0,evm-osaka,True
AC-CTRL-perturb_pub,c1_ctx_k24/plonk/j0,evm-osaka,True
AC-CTRL-perturb_pub,c1_ctx_k24/plonk/j0,evm-osaka,True
AC-CTRL-perturb_pub,c1_ctx_k24/plonk/j0,evm-osaka,True
AC-CTRL-perturb_pub,c1_ctx_k24/plonk/j0,evm-osaka,True
AC-CTRL-perturb_pub,c1_ctx_k24/plonk/j0,evm-osaka,True
AC-CTRL-perturb_pub,c1_ctx_k24/plonk/j0,evm-osaka,True
AC-CTRL-perturb_pub,c1_ctx_k24/plonk/j0,evm-osaka,True
AC-CTRL-perturb_pub,c1_ctx_k24/plonk/j0,evm-osaka,True
AC-CTRL-perturb_pub,c1_ctx_k24/plonk/j0,evm-osaka,True
AC-CTRL-perturb_pub,c1_ctx_k24/plonk/j0,evm-osaka,True
AC-CTRL-perturb_pub,c1_ctx_k24/plonk/j0,evm-osaka,True
AC-CTRL-perturb_pub,c1_ctx_k24/plonk/j0,evm-osaka,True
AC-CTRL-perturb_pub,c1_ctx_k24/plonk/j0,evm-osaka,True
AC-CTRL-perturb_pub,c1_ctx_k24/plonk/j0,evm-osaka,True
AC-CTRL-perturb_pub,c1_ctx_k24/plonk/j0,evm-osaka,True
AC-CTRL-perturb_pub,c1_ctx_k24/plonk/j0,evm-osaka,True
AC-CTRL-perturb_pub,c1_ctx_k24/plonk/j0,evm-osaka,True
AC-CTRL-perturb_pub,c1_ctx_k24/plonk/j0,evm-osaka,True
AC-CTRL-perturb_pub,c1_ctx_k24/plonk/j0,evm-osaka,True
AC-CTRL-out_of_field_pub,c1_ctx_k24/plonk/j0,evm-osaka,True
AC-CTRL-cross_regime_identity,c1_ctx_k24/plonk/j0,evm-osaka,True
AC-CTRL-cross_regime_identity,c1_ctx_k24/plonk/j1,evm-osaka,True
AC-CTRL-cross_regime_identity,c1_ctx_k24/plonk/j2,evm-osaka,True
AC-CTRL-cross_regime_identity,c1_ctx_k24/plonk/j3,evm-osaka,True
AC-CTRL-cross_regime_identity,c1_ctx_k24/plonk/j4,evm-osaka,True
AC-CTRL-cross_regime_identity,c1_ctx_k24/plonk/j5,evm-osaka,True
AC-CTRL-cross_regime_identity,c1_ctx_k24/plonk/j6,evm-osaka,True
AC-CTRL-cross_regime_identity,c1_ctx_k24/plonk/j7,evm-osaka,True
AC-CTRL-replay,c1_ctx_k24/plonk/j0,eravm-29,True
AC-CTRL-unknown_root_tx,c1_ctx_k24/plonk/j0,eravm-29,True
AC-CTRL-valid,c1_ctx_k24/plonk/j0,eravm-29,True
AC-CTRL-tampered_proof,c1_ctx_k24/plonk/j0,eravm-29,True
AC-CTRL-perturb_pub,c1_ctx_k24/plonk/j0,eravm-29,True
AC-CTRL-perturb_pub,c1_ctx_k24/plonk/j0,eravm-29,True
AC-CTRL-perturb_pub,c1_ctx_k24/plonk/j0,eravm-29,True
AC-CTRL-perturb_pub,c1_ctx_k24/plonk/j0,eravm-29,True
AC-CTRL-perturb_pub,c1_ctx_k24/plonk/j0,eravm-29,True
AC-CTRL-perturb_pub,c1_ctx_k24/plonk/j0,eravm-29,True
AC-CTRL-perturb_pub,c1_ctx_k24/plonk/j0,eravm-29,True
AC-CTRL-perturb_pub,c1_ctx_k24/plonk/j0,eravm-29,True
AC-CTRL-perturb_pub,c1_ctx_k24/plonk/j0,eravm-29,True
AC-CTRL-perturb_pub,c1_ctx_k24/plonk/j0,eravm-29,True
AC-CTRL-perturb_pub,c1_ctx_k24/plonk/j0,eravm-29,True
AC-CTRL-perturb_pub,c1_ctx_k24/plonk/j0,eravm-29,True
AC-CTRL-perturb_pub,c1_ctx_k24/plonk/j0,eravm-29,True
AC-CTRL-perturb_pub,c1_ctx_k24/plonk/j0,eravm-29,True
AC-CTRL-perturb_pub,c1_ctx_k24/plonk/j0,eravm-29,True
AC-CTRL-perturb_pub,c1_ctx_k24/plonk/j0,eravm-29,True
AC-CTRL-perturb_pub,c1_ctx_k24/plonk/j0,eravm-29,True
AC-CTRL-perturb_pub,c1_ctx_k24/plonk/j0,eravm-29,True
AC-CTRL-perturb_pub,c1_ctx_k24/plonk/j0,eravm-29,True
AC-CTRL-perturb_pub,c1_ctx_k24/plonk/j0,eravm-29,True
AC-CTRL-perturb_pub,c1_ctx_k24/plonk/j0,eravm-29,True
AC-CTRL-perturb_pub,c1_ctx_k24/plonk/j0,eravm-29,True
AC-CTRL-perturb_pub,c1_ctx_k24/plonk/j0,eravm-29,True
AC-CTRL-perturb_pub,c1_ctx_k24/plonk/j0,eravm-29,True
AC-CTRL-out_of_field_pub,c1_ctx_k24/plonk/j0,eravm-29,True
AC-CTRL-cross_regime_identity,c1_ctx_k24/plonk/j0,eravm-29,True
AC-CTRL-cross_regime_identity,c1_ctx_k24/plonk/j1,eravm-29,True
AC-CTRL-cross_regime_identity,c1_ctx_k24/plonk/j2,eravm-29,True
AC-CTRL-cross_regime_identity,c1_ctx_k24/plonk/j3,eravm-29,True
AC-CTRL-cross_regime_identity,c1_ctx_k24/plonk/j4,eravm-29,True
AC-CTRL-cross_regime_identity,c1_ctx_k24/plonk/j5,eravm-29,True
AC-CTRL-cross_regime_identity,c1_ctx_k24/plonk/j6,eravm-29,True
AC-CTRL-cross_regime_identity,c1_ctx_k24/plonk/j7,eravm-29,True
AC-CTRL-replay,c1_ctx_k12/groth16/j0,zkos-v32@npg100,True
AC-CTRL-unknown_root_tx,c1_ctx_k12/groth16/j0,zkos-v32@npg100,True
AC-CTRL-valid,c1_ctx_k12/groth16/j0,zkos-v32@npg100,True
AC-CTRL-tampered_proof,c1_ctx_k12/groth16/j0,zkos-v32@npg100,True
AC-CTRL-perturb_pub,c1_ctx_k12/groth16/j0,zkos-v32@npg100,True
AC-CTRL-perturb_pub,c1_ctx_k12/groth16/j0,zkos-v32@npg100,True
AC-CTRL-perturb_pub,c1_ctx_k12/groth16/j0,zkos-v32@npg100,True
AC-CTRL-perturb_pub,c1_ctx_k12/groth16/j0,zkos-v32@npg100,True
AC-CTRL-perturb_pub,c1_ctx_k12/groth16/j0,zkos-v32@npg100,True
AC-CTRL-perturb_pub,c1_ctx_k12/groth16/j0,zkos-v32@npg100,True
AC-CTRL-perturb_pub,c1_ctx_k12/groth16/j0,zkos-v32@npg100,True
AC-CTRL-perturb_pub,c1_ctx_k12/groth16/j0,zkos-v32@npg100,True
AC-CTRL-perturb_pub,c1_ctx_k12/groth16/j0,zkos-v32@npg100,True
AC-CTRL-perturb_pub,c1_ctx_k12/groth16/j0,zkos-v32@npg100,True
AC-CTRL-perturb_pub,c1_ctx_k12/groth16/j0,zkos-v32@npg100,True
AC-CTRL-perturb_pub,c1_ctx_k12/groth16/j0,zkos-v32@npg100,True
AC-CTRL-out_of_field_pub,c1_ctx_k12/groth16/j0,zkos-v32@npg100,True
AC-CTRL-cross_regime_identity,c1_ctx_k12/groth16/j0,zkos-v32@npg100,True
AC-CTRL-cross_regime_identity,c1_ctx_k12/groth16/j1,zkos-v32@npg100,True
AC-CTRL-cross_regime_identity,c1_ctx_k12/groth16/j2,zkos-v32@npg100,True
AC-CTRL-cross_regime_identity,c1_ctx_k12/groth16/j3,zkos-v32@npg100,True
AC-CTRL-cross_regime_identity,c1_ctx_k12/groth16/j4,zkos-v32@npg100,True
AC-CTRL-cross_regime_identity,c1_ctx_k12/groth16/j5,zkos-v32@npg100,True
AC-CTRL-cross_regime_identity,c1_ctx_k12/groth16/j6,zkos-v32@npg100,True
AC-CTRL-cross_regime_identity,c1_ctx_k12/groth16/j7,zkos-v32@npg100,True
AC-CTRL-replay,c1_ctx_k12/groth16/j0,evm-osaka,True
AC-CTRL-unknown_root_tx,c1_ctx_k12/groth16/j0,evm-osaka,True
AC-CTRL-valid,c1_ctx_k12/groth16/j0,evm-osaka,True
AC-CTRL-tampered_proof,c1_ctx_k12/groth16/j0,evm-osaka,True
AC-CTRL-perturb_pub,c1_ctx_k12/groth16/j0,evm-osaka,True
AC-CTRL-perturb_pub,c1_ctx_k12/groth16/j0,evm-osaka,True
AC-CTRL-perturb_pub,c1_ctx_k12/groth16/j0,evm-osaka,True
AC-CTRL-perturb_pub,c1_ctx_k12/groth16/j0,evm-osaka,True
AC-CTRL-perturb_pub,c1_ctx_k12/groth16/j0,evm-osaka,True
AC-CTRL-perturb_pub,c1_ctx_k12/groth16/j0,evm-osaka,True
AC-CTRL-perturb_pub,c1_ctx_k12/groth16/j0,evm-osaka,True
AC-CTRL-perturb_pub,c1_ctx_k12/groth16/j0,evm-osaka,True
AC-CTRL-perturb_pub,c1_ctx_k12/groth16/j0,evm-osaka,True
AC-CTRL-perturb_pub,c1_ctx_k12/groth16/j0,evm-osaka,True
AC-CTRL-perturb_pub,c1_ctx_k12/groth16/j0,evm-osaka,True
AC-CTRL-perturb_pub,c1_ctx_k12/groth16/j0,evm-osaka,True
AC-CTRL-out_of_field_pub,c1_ctx_k12/groth16/j0,evm-osaka,True
AC-CTRL-cross_regime_identity,c1_ctx_k12/groth16/j0,evm-osaka,True
AC-CTRL-cross_regime_identity,c1_ctx_k12/groth16/j1,evm-osaka,True
AC-CTRL-cross_regime_identity,c1_ctx_k12/groth16/j2,evm-osaka,True
AC-CTRL-cross_regime_identity,c1_ctx_k12/groth16/j3,evm-osaka,True
AC-CTRL-cross_regime_identity,c1_ctx_k12/groth16/j4,evm-osaka,True
AC-CTRL-cross_regime_identity,c1_ctx_k12/groth16/j5,evm-osaka,True
AC-CTRL-cross_regime_identity,c1_ctx_k12/groth16/j6,evm-osaka,True
AC-CTRL-cross_regime_identity,c1_ctx_k12/groth16/j7,evm-osaka,True
AC-CTRL-replay,c1_ctx_k04/groth16/j0,zkos-v32@npg149,True
AC-CTRL-unknown_root_tx,c1_ctx_k04/groth16/j0,zkos-v32@npg149,True
AC-CTRL-valid,c1_ctx_k04/groth16/j0,zkos-v32@npg149,True
AC-CTRL-tampered_proof,c1_ctx_k04/groth16/j0,zkos-v32@npg149,True
AC-CTRL-perturb_pub,c1_ctx_k04/groth16/j0,zkos-v32@npg149,True
AC-CTRL-perturb_pub,c1_ctx_k04/groth16/j0,zkos-v32@npg149,True
AC-CTRL-perturb_pub,c1_ctx_k04/groth16/j0,zkos-v32@npg149,True
AC-CTRL-perturb_pub,c1_ctx_k04/groth16/j0,zkos-v32@npg149,True
AC-CTRL-out_of_field_pub,c1_ctx_k04/groth16/j0,zkos-v32@npg149,True
AC-CTRL-foreign_vk_proof,c1_a4/groth16/j0,zkos-v32@npg149,True
AC-CTRL-cross_regime_identity,c1_ctx_k04/groth16/j0,zkos-v32@npg149,True
AC-CTRL-cross_regime_identity,c1_ctx_k04/groth16/j1,zkos-v32@npg149,True
AC-CTRL-cross_regime_identity,c1_ctx_k04/groth16/j2,zkos-v32@npg149,True
AC-CTRL-cross_regime_identity,c1_ctx_k04/groth16/j3,zkos-v32@npg149,True
AC-CTRL-cross_regime_identity,c1_ctx_k04/groth16/j4,zkos-v32@npg149,True
AC-CTRL-cross_regime_identity,c1_ctx_k04/groth16/j5,zkos-v32@npg149,True
AC-CTRL-cross_regime_identity,c1_ctx_k04/groth16/j6,zkos-v32@npg149,True
AC-CTRL-cross_regime_identity,c1_ctx_k04/groth16/j7,zkos-v32@npg149,True
AC-CTRL-replay,c1_ctx_k06/groth16/j0,eravm-29,True
AC-CTRL-unknown_root_tx,c1_ctx_k06/groth16/j0,eravm-29,True
AC-CTRL-valid,c1_ctx_k06/groth16/j0,eravm-29,True
AC-CTRL-tampered_proof,c1_ctx_k06/groth16/j0,eravm-29,True
AC-CTRL-perturb_pub,c1_ctx_k06/groth16/j0,eravm-29,True
AC-CTRL-perturb_pub,c1_ctx_k06/groth16/j0,eravm-29,True
AC-CTRL-perturb_pub,c1_ctx_k06/groth16/j0,eravm-29,True
AC-CTRL-perturb_pub,c1_ctx_k06/groth16/j0,eravm-29,True
AC-CTRL-perturb_pub,c1_ctx_k06/groth16/j0,eravm-29,True
AC-CTRL-perturb_pub,c1_ctx_k06/groth16/j0,eravm-29,True
AC-CTRL-out_of_field_pub,c1_ctx_k06/groth16/j0,eravm-29,True
AC-CTRL-cross_regime_identity,c1_ctx_k06/groth16/j0,eravm-29,True
AC-CTRL-cross_regime_identity,c1_ctx_k06/groth16/j1,eravm-29,True
AC-CTRL-cross_regime_identity,c1_ctx_k06/groth16/j2,eravm-29,True
AC-CTRL-cross_regime_identity,c1_ctx_k06/groth16/j3,eravm-29,True
AC-CTRL-cross_regime_identity,c1_ctx_k06/groth16/j4,eravm-29,True
AC-CTRL-cross_regime_identity,c1_ctx_k06/groth16/j5,eravm-29,True
AC-CTRL-cross_regime_identity,c1_ctx_k06/groth16/j6,eravm-29,True
AC-CTRL-cross_regime_identity,c1_ctx_k06/groth16/j7,eravm-29,True
AC-CTRL-replay,c1_ctx_k04/plonk/j0,zkos-v32@npg300,True
AC-CTRL-unknown_root_tx,c1_ctx_k04/plonk/j0,zkos-v32@npg300,True
AC-CTRL-valid,c1_ctx_k04/plonk/j0,zkos-v32@npg300,True
AC-CTRL-tampered_proof,c1_ctx_k04/plonk/j0,zkos-v32@npg300,True
AC-CTRL-perturb_pub,c1_ctx_k04/plonk/j0,zkos-v32@npg300,True
AC-CTRL-perturb_pub,c1_ctx_k04/plonk/j0,zkos-v32@npg300,True
AC-CTRL-perturb_pub,c1_ctx_k04/plonk/j0,zkos-v32@npg300,True
AC-CTRL-perturb_pub,c1_ctx_k04/plonk/j0,zkos-v32@npg300,True
AC-CTRL-out_of_field_pub,c1_ctx_k04/plonk/j0,zkos-v32@npg300,True
AC-CTRL-foreign_vk_proof,c1_a4/plonk/j0,zkos-v32@npg300,True
AC-CTRL-cross_regime_identity,c1_ctx_k04/plonk/j0,zkos-v32@npg300,True
AC-CTRL-cross_regime_identity,c1_ctx_k04/plonk/j1,zkos-v32@npg300,True
AC-CTRL-cross_regime_identity,c1_ctx_k04/plonk/j2,zkos-v32@npg300,True
AC-CTRL-cross_regime_identity,c1_ctx_k04/plonk/j3,zkos-v32@npg300,True
AC-CTRL-cross_regime_identity,c1_ctx_k04/plonk/j4,zkos-v32@npg300,True
AC-CTRL-cross_regime_identity,c1_ctx_k04/plonk/j5,zkos-v32@npg300,True
AC-CTRL-cross_regime_identity,c1_ctx_k04/plonk/j6,zkos-v32@npg300,True
AC-CTRL-cross_regime_identity,c1_ctx_k04/plonk/j7,zkos-v32@npg300,True
AC-CTRL-replay,c1_disc_k04/groth16/j0,eravm-29,True
AC-CTRL-unknown_root_tx,c1_disc_k04/groth16/j0,eravm-29,True
AC-CTRL-valid,c1_disc_k04/groth16/j0,eravm-29,True
AC-CTRL-tampered_proof,c1_disc_k04/groth16/j0,eravm-29,True
AC-CTRL-perturb_pub,c1_disc_k04/groth16/j0,eravm-29,True
AC-CTRL-perturb_pub,c1_disc_k04/groth16/j0,eravm-29,True
AC-CTRL-perturb_pub,c1_disc_k04/groth16/j0,eravm-29,True
AC-CTRL-perturb_pub,c1_disc_k04/groth16/j0,eravm-29,True
AC-CTRL-out_of_field_pub,c1_disc_k04/groth16/j0,eravm-29,True
AC-CTRL-foreign_vk_proof,c1_ctx_k04/groth16/j0,eravm-29,True
AC-CTRL-cross_regime_identity,c1_disc_k04/groth16/j0,eravm-29,True
AC-CTRL-cross_regime_identity,c1_disc_k04/groth16/j1,eravm-29,True
AC-CTRL-cross_regime_identity,c1_disc_k04/groth16/j2,eravm-29,True
AC-CTRL-cross_regime_identity,c1_disc_k04/groth16/j3,eravm-29,True
AC-CTRL-cross_regime_identity,c1_disc_k04/groth16/j4,eravm-29,True
AC-CTRL-cross_regime_identity,c1_disc_k04/groth16/j5,eravm-29,True
AC-CTRL-cross_regime_identity,c1_disc_k04/groth16/j6,eravm-29,True
AC-CTRL-cross_regime_identity,c1_disc_k04/groth16/j7,eravm-29,True
AC-CTRL-replay,c1_ctx_k04/plonk/j0,zkos-v32@npg149,True
AC-CTRL-unknown_root_tx,c1_ctx_k04/plonk/j0,zkos-v32@npg149,True
AC-CTRL-valid,c1_ctx_k04/plonk/j0,zkos-v32@npg149,True
AC-CTRL-tampered_proof,c1_ctx_k04/plonk/j0,zkos-v32@npg149,True
AC-CTRL-perturb_pub,c1_ctx_k04/plonk/j0,zkos-v32@npg149,True
AC-CTRL-perturb_pub,c1_ctx_k04/plonk/j0,zkos-v32@npg149,True
AC-CTRL-perturb_pub,c1_ctx_k04/plonk/j0,zkos-v32@npg149,True
AC-CTRL-perturb_pub,c1_ctx_k04/plonk/j0,zkos-v32@npg149,True
AC-CTRL-out_of_field_pub,c1_ctx_k04/plonk/j0,zkos-v32@npg149,True
AC-CTRL-foreign_vk_proof,c1_a4/plonk/j0,zkos-v32@npg149,True
AC-CTRL-cross_regime_identity,c1_ctx_k04/plonk/j0,zkos-v32@npg149,True
AC-CTRL-cross_regime_identity,c1_ctx_k04/plonk/j1,zkos-v32@npg149,True
AC-CTRL-cross_regime_identity,c1_ctx_k04/plonk/j2,zkos-v32@npg149,True
AC-CTRL-cross_regime_identity,c1_ctx_k04/plonk/j3,zkos-v32@npg149,True
AC-CTRL-cross_regime_identity,c1_ctx_k04/plonk/j4,zkos-v32@npg149,True
AC-CTRL-cross_regime_identity,c1_ctx_k04/plonk/j5,zkos-v32@npg149,True
AC-CTRL-cross_regime_identity,c1_ctx_k04/plonk/j6,zkos-v32@npg149,True
AC-CTRL-cross_regime_identity,c1_ctx_k04/plonk/j7,zkos-v32@npg149,True
AC-CTRL-replay,c1_ctx_k32/groth16/j0,eravm-29,True
AC-CTRL-unknown_root_tx,c1_ctx_k32/groth16/j0,eravm-29,True
AC-CTRL-valid,c1_ctx_k32/groth16/j0,eravm-29,True
AC-CTRL-tampered_proof,c1_ctx_k32/groth16/j0,eravm-29,True
AC-CTRL-perturb_pub,c1_ctx_k32/groth16/j0,eravm-29,True
AC-CTRL-perturb_pub,c1_ctx_k32/groth16/j0,eravm-29,True
AC-CTRL-perturb_pub,c1_ctx_k32/groth16/j0,eravm-29,True
AC-CTRL-perturb_pub,c1_ctx_k32/groth16/j0,eravm-29,True
AC-CTRL-perturb_pub,c1_ctx_k32/groth16/j0,eravm-29,True
AC-CTRL-perturb_pub,c1_ctx_k32/groth16/j0,eravm-29,True
AC-CTRL-perturb_pub,c1_ctx_k32/groth16/j0,eravm-29,True
AC-CTRL-perturb_pub,c1_ctx_k32/groth16/j0,eravm-29,True
AC-CTRL-perturb_pub,c1_ctx_k32/groth16/j0,eravm-29,True
AC-CTRL-perturb_pub,c1_ctx_k32/groth16/j0,eravm-29,True
AC-CTRL-perturb_pub,c1_ctx_k32/groth16/j0,eravm-29,True
AC-CTRL-perturb_pub,c1_ctx_k32/groth16/j0,eravm-29,True
AC-CTRL-perturb_pub,c1_ctx_k32/groth16/j0,eravm-29,True
AC-CTRL-perturb_pub,c1_ctx_k32/groth16/j0,eravm-29,True
AC-CTRL-perturb_pub,c1_ctx_k32/groth16/j0,eravm-29,True
AC-CTRL-perturb_pub,c1_ctx_k32/groth16/j0,eravm-29,True
AC-CTRL-perturb_pub,c1_ctx_k32/groth16/j0,eravm-29,True
AC-CTRL-perturb_pub,c1_ctx_k32/groth16/j0,eravm-29,True
AC-CTRL-perturb_pub,c1_ctx_k32/groth16/j0,eravm-29,True
AC-CTRL-perturb_pub,c1_ctx_k32/groth16/j0,eravm-29,True
AC-CTRL-perturb_pub,c1_ctx_k32/groth16/j0,eravm-29,True
AC-CTRL-perturb_pub,c1_ctx_k32/groth16/j0,eravm-29,True
AC-CTRL-perturb_pub,c1_ctx_k32/groth16/j0,eravm-29,True
AC-CTRL-perturb_pub,c1_ctx_k32/groth16/j0,eravm-29,True
AC-CTRL-perturb_pub,c1_ctx_k32/groth16/j0,eravm-29,True
AC-CTRL-perturb_pub,c1_ctx_k32/groth16/j0,eravm-29,True
AC-CTRL-perturb_pub,c1_ctx_k32/groth16/j0,eravm-29,True
AC-CTRL-perturb_pub,c1_ctx_k32/groth16/j0,eravm-29,True
AC-CTRL-perturb_pub,c1_ctx_k32/groth16/j0,eravm-29,True
AC-CTRL-perturb_pub,c1_ctx_k32/groth16/j0,eravm-29,True
AC-CTRL-perturb_pub,c1_ctx_k32/groth16/j0,eravm-29,True
AC-CTRL-perturb_pub,c1_ctx_k32/groth16/j0,eravm-29,True
AC-CTRL-out_of_field_pub,c1_ctx_k32/groth16/j0,eravm-29,True
AC-CTRL-cross_regime_identity,c1_ctx_k32/groth16/j0,eravm-29,True
AC-CTRL-cross_regime_identity,c1_ctx_k32/groth16/j1,eravm-29,True
AC-CTRL-cross_regime_identity,c1_ctx_k32/groth16/j2,eravm-29,True
AC-CTRL-cross_regime_identity,c1_ctx_k32/groth16/j3,eravm-29,True
AC-CTRL-cross_regime_identity,c1_ctx_k32/groth16/j4,eravm-29,True
AC-CTRL-cross_regime_identity,c1_ctx_k32/groth16/j5,eravm-29,True
AC-CTRL-cross_regime_identity,c1_ctx_k32/groth16/j6,eravm-29,True
AC-CTRL-cross_regime_identity,c1_ctx_k32/groth16/j7,eravm-29,True
AC-CTRL-replay,c1_ctx_k32/plonk/j0,evm-osaka,True
AC-CTRL-unknown_root_tx,c1_ctx_k32/plonk/j0,evm-osaka,True
AC-CTRL-valid,c1_ctx_k32/plonk/j0,evm-osaka,True
AC-CTRL-tampered_proof,c1_ctx_k32/plonk/j0,evm-osaka,True
AC-CTRL-perturb_pub,c1_ctx_k32/plonk/j0,evm-osaka,True
AC-CTRL-perturb_pub,c1_ctx_k32/plonk/j0,evm-osaka,True
AC-CTRL-perturb_pub,c1_ctx_k32/plonk/j0,evm-osaka,True
AC-CTRL-perturb_pub,c1_ctx_k32/plonk/j0,evm-osaka,True
AC-CTRL-perturb_pub,c1_ctx_k32/plonk/j0,evm-osaka,True
AC-CTRL-perturb_pub,c1_ctx_k32/plonk/j0,evm-osaka,True
AC-CTRL-perturb_pub,c1_ctx_k32/plonk/j0,evm-osaka,True
AC-CTRL-perturb_pub,c1_ctx_k32/plonk/j0,evm-osaka,True
AC-CTRL-perturb_pub,c1_ctx_k32/plonk/j0,evm-osaka,True
AC-CTRL-perturb_pub,c1_ctx_k32/plonk/j0,evm-osaka,True
AC-CTRL-perturb_pub,c1_ctx_k32/plonk/j0,evm-osaka,True
AC-CTRL-perturb_pub,c1_ctx_k32/plonk/j0,evm-osaka,True
AC-CTRL-perturb_pub,c1_ctx_k32/plonk/j0,evm-osaka,True
AC-CTRL-perturb_pub,c1_ctx_k32/plonk/j0,evm-osaka,True
AC-CTRL-perturb_pub,c1_ctx_k32/plonk/j0,evm-osaka,True
AC-CTRL-perturb_pub,c1_ctx_k32/plonk/j0,evm-osaka,True
AC-CTRL-perturb_pub,c1_ctx_k32/plonk/j0,evm-osaka,True
AC-CTRL-perturb_pub,c1_ctx_k32/plonk/j0,evm-osaka,True
AC-CTRL-perturb_pub,c1_ctx_k32/plonk/j0,evm-osaka,True
AC-CTRL-perturb_pub,c1_ctx_k32/plonk/j0,evm-osaka,True
AC-CTRL-perturb_pub,c1_ctx_k32/plonk/j0,evm-osaka,True
AC-CTRL-perturb_pub,c1_ctx_k32/plonk/j0,evm-osaka,True
AC-CTRL-perturb_pub,c1_ctx_k32/plonk/j0,evm-osaka,True
AC-CTRL-perturb_pub,c1_ctx_k32/plonk/j0,evm-osaka,True
AC-CTRL-perturb_pub,c1_ctx_k32/plonk/j0,evm-osaka,True
AC-CTRL-perturb_pub,c1_ctx_k32/plonk/j0,evm-osaka,True
AC-CTRL-perturb_pub,c1_ctx_k32/plonk/j0,evm-osaka,True
AC-CTRL-perturb_pub,c1_ctx_k32/plonk/j0,evm-osaka,True
AC-CTRL-perturb_pub,c1_ctx_k32/plonk/j0,evm-osaka,True
AC-CTRL-perturb_pub,c1_ctx_k32/plonk/j0,evm-osaka,True
AC-CTRL-perturb_pub,c1_ctx_k32/plonk/j0,evm-osaka,True
AC-CTRL-perturb_pub,c1_ctx_k32/plonk/j0,evm-osaka,True
AC-CTRL-out_of_field_pub,c1_ctx_k32/plonk/j0,evm-osaka,True
AC-CTRL-cross_regime_identity,c1_ctx_k32/plonk/j0,evm-osaka,True
AC-CTRL-cross_regime_identity,c1_ctx_k32/plonk/j1,evm-osaka,True
AC-CTRL-cross_regime_identity,c1_ctx_k32/plonk/j2,evm-osaka,True
AC-CTRL-cross_regime_identity,c1_ctx_k32/plonk/j3,evm-osaka,True
AC-CTRL-cross_regime_identity,c1_ctx_k32/plonk/j4,evm-osaka,True
AC-CTRL-cross_regime_identity,c1_ctx_k32/plonk/j5,evm-osaka,True
AC-CTRL-cross_regime_identity,c1_ctx_k32/plonk/j6,evm-osaka,True
AC-CTRL-cross_regime_identity,c1_ctx_k32/plonk/j7,evm-osaka,True
AC-CTRL-replay,c1_disc_k04/plonk/j0,eravm-29,True
AC-CTRL-unknown_root_tx,c1_disc_k04/plonk/j0,eravm-29,True
AC-CTRL-valid,c1_disc_k04/plonk/j0,eravm-29,True
AC-CTRL-tampered_proof,c1_disc_k04/plonk/j0,eravm-29,True
AC-CTRL-perturb_pub,c1_disc_k04/plonk/j0,eravm-29,True
AC-CTRL-perturb_pub,c1_disc_k04/plonk/j0,eravm-29,True
AC-CTRL-perturb_pub,c1_disc_k04/plonk/j0,eravm-29,True
AC-CTRL-perturb_pub,c1_disc_k04/plonk/j0,eravm-29,True
AC-CTRL-out_of_field_pub,c1_disc_k04/plonk/j0,eravm-29,True
AC-CTRL-foreign_vk_proof,c1_ctx_k04/plonk/j0,eravm-29,True
AC-CTRL-cross_regime_identity,c1_disc_k04/plonk/j0,eravm-29,True
AC-CTRL-cross_regime_identity,c1_disc_k04/plonk/j1,eravm-29,True
AC-CTRL-cross_regime_identity,c1_disc_k04/plonk/j2,eravm-29,True
AC-CTRL-cross_regime_identity,c1_disc_k04/plonk/j3,eravm-29,True
AC-CTRL-cross_regime_identity,c1_disc_k04/plonk/j4,eravm-29,True
AC-CTRL-cross_regime_identity,c1_disc_k04/plonk/j5,eravm-29,True
AC-CTRL-cross_regime_identity,c1_disc_k04/plonk/j6,eravm-29,True
AC-CTRL-cross_regime_identity,c1_disc_k04/plonk/j7,eravm-29,True
AC-CTRL-replay,c1_ctx_k32/groth16/j0,evm-osaka,True
AC-CTRL-unknown_root_tx,c1_ctx_k32/groth16/j0,evm-osaka,True
AC-CTRL-valid,c1_ctx_k32/groth16/j0,evm-osaka,True
AC-CTRL-tampered_proof,c1_ctx_k32/groth16/j0,evm-osaka,True
AC-CTRL-perturb_pub,c1_ctx_k32/groth16/j0,evm-osaka,True
AC-CTRL-perturb_pub,c1_ctx_k32/groth16/j0,evm-osaka,True
AC-CTRL-perturb_pub,c1_ctx_k32/groth16/j0,evm-osaka,True
AC-CTRL-perturb_pub,c1_ctx_k32/groth16/j0,evm-osaka,True
AC-CTRL-perturb_pub,c1_ctx_k32/groth16/j0,evm-osaka,True
AC-CTRL-perturb_pub,c1_ctx_k32/groth16/j0,evm-osaka,True
AC-CTRL-perturb_pub,c1_ctx_k32/groth16/j0,evm-osaka,True
AC-CTRL-perturb_pub,c1_ctx_k32/groth16/j0,evm-osaka,True
AC-CTRL-perturb_pub,c1_ctx_k32/groth16/j0,evm-osaka,True
AC-CTRL-perturb_pub,c1_ctx_k32/groth16/j0,evm-osaka,True
AC-CTRL-perturb_pub,c1_ctx_k32/groth16/j0,evm-osaka,True
AC-CTRL-perturb_pub,c1_ctx_k32/groth16/j0,evm-osaka,True
AC-CTRL-perturb_pub,c1_ctx_k32/groth16/j0,evm-osaka,True
AC-CTRL-perturb_pub,c1_ctx_k32/groth16/j0,evm-osaka,True
AC-CTRL-perturb_pub,c1_ctx_k32/groth16/j0,evm-osaka,True
AC-CTRL-perturb_pub,c1_ctx_k32/groth16/j0,evm-osaka,True
AC-CTRL-perturb_pub,c1_ctx_k32/groth16/j0,evm-osaka,True
AC-CTRL-perturb_pub,c1_ctx_k32/groth16/j0,evm-osaka,True
AC-CTRL-perturb_pub,c1_ctx_k32/groth16/j0,evm-osaka,True
AC-CTRL-perturb_pub,c1_ctx_k32/groth16/j0,evm-osaka,True
AC-CTRL-perturb_pub,c1_ctx_k32/groth16/j0,evm-osaka,True
AC-CTRL-perturb_pub,c1_ctx_k32/groth16/j0,evm-osaka,True
AC-CTRL-perturb_pub,c1_ctx_k32/groth16/j0,evm-osaka,True
AC-CTRL-perturb_pub,c1_ctx_k32/groth16/j0,evm-osaka,True
AC-CTRL-perturb_pub,c1_ctx_k32/groth16/j0,evm-osaka,True
AC-CTRL-perturb_pub,c1_ctx_k32/groth16/j0,evm-osaka,True
AC-CTRL-perturb_pub,c1_ctx_k32/groth16/j0,evm-osaka,True
AC-CTRL-perturb_pub,c1_ctx_k32/groth16/j0,evm-osaka,True
AC-CTRL-perturb_pub,c1_ctx_k32/groth16/j0,evm-osaka,True
AC-CTRL-perturb_pub,c1_ctx_k32/groth16/j0,evm-osaka,True
AC-CTRL-perturb_pub,c1_ctx_k32/groth16/j0,evm-osaka,True
AC-CTRL-perturb_pub,c1_ctx_k32/groth16/j0,evm-osaka,True
AC-CTRL-out_of_field_pub,c1_ctx_k32/groth16/j0,evm-osaka,True
AC-CTRL-cross_regime_identity,c1_ctx_k32/groth16/j0,evm-osaka,True
AC-CTRL-cross_regime_identity,c1_ctx_k32/groth16/j1,evm-osaka,True
AC-CTRL-cross_regime_identity,c1_ctx_k32/groth16/j2,evm-osaka,True
AC-CTRL-cross_regime_identity,c1_ctx_k32/groth16/j3,evm-osaka,True
AC-CTRL-cross_regime_identity,c1_ctx_k32/groth16/j4,evm-osaka,True
AC-CTRL-cross_regime_identity,c1_ctx_k32/groth16/j5,evm-osaka,True
AC-CTRL-cross_regime_identity,c1_ctx_k32/groth16/j6,evm-osaka,True
AC-CTRL-cross_regime_identity,c1_ctx_k32/groth16/j7,evm-osaka,True
AC-CTRL-replay,c1_ctx_k16/plonk/j0,eravm-27,True
AC-CTRL-unknown_root_tx,c1_ctx_k16/plonk/j0,eravm-27,True
AC-CTRL-valid,c1_ctx_k16/plonk/j0,eravm-27,True
AC-CTRL-tampered_proof,c1_ctx_k16/plonk/j0,eravm-27,True
AC-CTRL-perturb_pub,c1_ctx_k16/plonk/j0,eravm-27,True
AC-CTRL-perturb_pub,c1_ctx_k16/plonk/j0,eravm-27,True
AC-CTRL-perturb_pub,c1_ctx_k16/plonk/j0,eravm-27,True
AC-CTRL-perturb_pub,c1_ctx_k16/plonk/j0,eravm-27,True
AC-CTRL-perturb_pub,c1_ctx_k16/plonk/j0,eravm-27,True
AC-CTRL-perturb_pub,c1_ctx_k16/plonk/j0,eravm-27,True
AC-CTRL-perturb_pub,c1_ctx_k16/plonk/j0,eravm-27,True
AC-CTRL-perturb_pub,c1_ctx_k16/plonk/j0,eravm-27,True
AC-CTRL-perturb_pub,c1_ctx_k16/plonk/j0,eravm-27,True
AC-CTRL-perturb_pub,c1_ctx_k16/plonk/j0,eravm-27,True
AC-CTRL-perturb_pub,c1_ctx_k16/plonk/j0,eravm-27,True
AC-CTRL-perturb_pub,c1_ctx_k16/plonk/j0,eravm-27,True
AC-CTRL-perturb_pub,c1_ctx_k16/plonk/j0,eravm-27,True
AC-CTRL-perturb_pub,c1_ctx_k16/plonk/j0,eravm-27,True
AC-CTRL-perturb_pub,c1_ctx_k16/plonk/j0,eravm-27,True
AC-CTRL-perturb_pub,c1_ctx_k16/plonk/j0,eravm-27,True
AC-CTRL-out_of_field_pub,c1_ctx_k16/plonk/j0,eravm-27,True
AC-CTRL-cross_regime_identity,c1_ctx_k16/plonk/j0,eravm-27,True
AC-CTRL-cross_regime_identity,c1_ctx_k16/plonk/j1,eravm-27,True
AC-CTRL-cross_regime_identity,c1_ctx_k16/plonk/j2,eravm-27,True
AC-CTRL-cross_regime_identity,c1_ctx_k16/plonk/j3,eravm-27,True
AC-CTRL-cross_regime_identity,c1_ctx_k16/plonk/j4,eravm-27,True
AC-CTRL-cross_regime_identity,c1_ctx_k16/plonk/j5,eravm-27,True
AC-CTRL-cross_regime_identity,c1_ctx_k16/plonk/j6,eravm-27,True
AC-CTRL-cross_regime_identity,c1_ctx_k16/plonk/j7,eravm-27,True
AC-CTRL-replay,c1_ctx_k08/plonk/j0,eravm-29,True
AC-CTRL-unknown_root_tx,c1_ctx_k08/plonk/j0,eravm-29,True
AC-CTRL-valid,c1_ctx_k08/plonk/j0,eravm-29,True
AC-CTRL-tampered_proof,c1_ctx_k08/plonk/j0,eravm-29,True
AC-CTRL-perturb_pub,c1_ctx_k08/plonk/j0,eravm-29,True
AC-CTRL-perturb_pub,c1_ctx_k08/plonk/j0,eravm-29,True
AC-CTRL-perturb_pub,c1_ctx_k08/plonk/j0,eravm-29,True
AC-CTRL-perturb_pub,c1_ctx_k08/plonk/j0,eravm-29,True
AC-CTRL-perturb_pub,c1_ctx_k08/plonk/j0,eravm-29,True
AC-CTRL-perturb_pub,c1_ctx_k08/plonk/j0,eravm-29,True
AC-CTRL-perturb_pub,c1_ctx_k08/plonk/j0,eravm-29,True
AC-CTRL-perturb_pub,c1_ctx_k08/plonk/j0,eravm-29,True
AC-CTRL-out_of_field_pub,c1_ctx_k08/plonk/j0,eravm-29,True
AC-CTRL-foreign_vk_proof,c1_a8/plonk/j0,eravm-29,True
AC-CTRL-cross_regime_identity,c1_ctx_k08/plonk/j0,eravm-29,True
AC-CTRL-cross_regime_identity,c1_ctx_k08/plonk/j1,eravm-29,True
AC-CTRL-cross_regime_identity,c1_ctx_k08/plonk/j2,eravm-29,True
AC-CTRL-cross_regime_identity,c1_ctx_k08/plonk/j3,eravm-29,True
AC-CTRL-cross_regime_identity,c1_ctx_k08/plonk/j4,eravm-29,True
AC-CTRL-cross_regime_identity,c1_ctx_k08/plonk/j5,eravm-29,True
AC-CTRL-cross_regime_identity,c1_ctx_k08/plonk/j6,eravm-29,True
AC-CTRL-cross_regime_identity,c1_ctx_k08/plonk/j7,eravm-29,True
AC-CTRL-replay,c1_ctx_k06/plonk/j0,eravm-29,True
AC-CTRL-unknown_root_tx,c1_ctx_k06/plonk/j0,eravm-29,True
AC-CTRL-valid,c1_ctx_k06/plonk/j0,eravm-29,True
AC-CTRL-tampered_proof,c1_ctx_k06/plonk/j0,eravm-29,True
AC-CTRL-perturb_pub,c1_ctx_k06/plonk/j0,eravm-29,True
AC-CTRL-perturb_pub,c1_ctx_k06/plonk/j0,eravm-29,True
AC-CTRL-perturb_pub,c1_ctx_k06/plonk/j0,eravm-29,True
AC-CTRL-perturb_pub,c1_ctx_k06/plonk/j0,eravm-29,True
AC-CTRL-perturb_pub,c1_ctx_k06/plonk/j0,eravm-29,True
AC-CTRL-perturb_pub,c1_ctx_k06/plonk/j0,eravm-29,True
AC-CTRL-out_of_field_pub,c1_ctx_k06/plonk/j0,eravm-29,True
AC-CTRL-cross_regime_identity,c1_ctx_k06/plonk/j0,eravm-29,True
AC-CTRL-cross_regime_identity,c1_ctx_k06/plonk/j1,eravm-29,True
AC-CTRL-cross_regime_identity,c1_ctx_k06/plonk/j2,eravm-29,True
AC-CTRL-cross_regime_identity,c1_ctx_k06/plonk/j3,eravm-29,True
AC-CTRL-cross_regime_identity,c1_ctx_k06/plonk/j4,eravm-29,True
AC-CTRL-cross_regime_identity,c1_ctx_k06/plonk/j5,eravm-29,True
AC-CTRL-cross_regime_identity,c1_ctx_k06/plonk/j6,eravm-29,True
AC-CTRL-cross_regime_identity,c1_ctx_k06/plonk/j7,eravm-29,True
AC-CTRL-replay,c1_ctx_k04/plonk/j0,zkos-v32@npg138,True
AC-CTRL-unknown_root_tx,c1_ctx_k04/plonk/j0,zkos-v32@npg138,True
AC-CTRL-valid,c1_ctx_k04/plonk/j0,zkos-v32@npg138,True
AC-CTRL-tampered_proof,c1_ctx_k04/plonk/j0,zkos-v32@npg138,True
AC-CTRL-perturb_pub,c1_ctx_k04/plonk/j0,zkos-v32@npg138,True
AC-CTRL-perturb_pub,c1_ctx_k04/plonk/j0,zkos-v32@npg138,True
AC-CTRL-perturb_pub,c1_ctx_k04/plonk/j0,zkos-v32@npg138,True
AC-CTRL-perturb_pub,c1_ctx_k04/plonk/j0,zkos-v32@npg138,True
AC-CTRL-out_of_field_pub,c1_ctx_k04/plonk/j0,zkos-v32@npg138,True
AC-CTRL-foreign_vk_proof,c1_a4/plonk/j0,zkos-v32@npg138,True
AC-CTRL-cross_regime_identity,c1_ctx_k04/plonk/j0,zkos-v32@npg138,True
AC-CTRL-cross_regime_identity,c1_ctx_k04/plonk/j1,zkos-v32@npg138,True
AC-CTRL-cross_regime_identity,c1_ctx_k04/plonk/j2,zkos-v32@npg138,True
AC-CTRL-cross_regime_identity,c1_ctx_k04/plonk/j3,zkos-v32@npg138,True
AC-CTRL-cross_regime_identity,c1_ctx_k04/plonk/j4,zkos-v32@npg138,True
AC-CTRL-cross_regime_identity,c1_ctx_k04/plonk/j5,zkos-v32@npg138,True
AC-CTRL-cross_regime_identity,c1_ctx_k04/plonk/j6,zkos-v32@npg138,True
AC-CTRL-cross_regime_identity,c1_ctx_k04/plonk/j7,zkos-v32@npg138,True
AC-CTRL-replay,c1_ctx_k16/groth16/j0,zkos-v32@npg132,True
AC-CTRL-unknown_root_tx,c1_ctx_k16/groth16/j0,zkos-v32@npg132,True
AC-CTRL-valid,c1_ctx_k16/groth16/j0,zkos-v32@npg132,True
AC-CTRL-tampered_proof,c1_ctx_k16/groth16/j0,zkos-v32@npg132,True
AC-CTRL-perturb_pub,c1_ctx_k16/groth16/j0,zkos-v32@npg132,True
AC-CTRL-perturb_pub,c1_ctx_k16/groth16/j0,zkos-v32@npg132,True
AC-CTRL-perturb_pub,c1_ctx_k16/groth16/j0,zkos-v32@npg132,True
AC-CTRL-perturb_pub,c1_ctx_k16/groth16/j0,zkos-v32@npg132,True
AC-CTRL-perturb_pub,c1_ctx_k16/groth16/j0,zkos-v32@npg132,True
AC-CTRL-perturb_pub,c1_ctx_k16/groth16/j0,zkos-v32@npg132,True
AC-CTRL-perturb_pub,c1_ctx_k16/groth16/j0,zkos-v32@npg132,True
AC-CTRL-perturb_pub,c1_ctx_k16/groth16/j0,zkos-v32@npg132,True
AC-CTRL-perturb_pub,c1_ctx_k16/groth16/j0,zkos-v32@npg132,True
AC-CTRL-perturb_pub,c1_ctx_k16/groth16/j0,zkos-v32@npg132,True
AC-CTRL-perturb_pub,c1_ctx_k16/groth16/j0,zkos-v32@npg132,True
AC-CTRL-perturb_pub,c1_ctx_k16/groth16/j0,zkos-v32@npg132,True
AC-CTRL-perturb_pub,c1_ctx_k16/groth16/j0,zkos-v32@npg132,True
AC-CTRL-perturb_pub,c1_ctx_k16/groth16/j0,zkos-v32@npg132,True
AC-CTRL-perturb_pub,c1_ctx_k16/groth16/j0,zkos-v32@npg132,True
AC-CTRL-perturb_pub,c1_ctx_k16/groth16/j0,zkos-v32@npg132,True
AC-CTRL-out_of_field_pub,c1_ctx_k16/groth16/j0,zkos-v32@npg132,True
AC-CTRL-cross_regime_identity,c1_ctx_k16/groth16/j0,zkos-v32@npg132,True
AC-CTRL-cross_regime_identity,c1_ctx_k16/groth16/j1,zkos-v32@npg132,True
AC-CTRL-cross_regime_identity,c1_ctx_k16/groth16/j2,zkos-v32@npg132,True
AC-CTRL-cross_regime_identity,c1_ctx_k16/groth16/j3,zkos-v32@npg132,True
AC-CTRL-cross_regime_identity,c1_ctx_k16/groth16/j4,zkos-v32@npg132,True
AC-CTRL-cross_regime_identity,c1_ctx_k16/groth16/j5,zkos-v32@npg132,True
AC-CTRL-cross_regime_identity,c1_ctx_k16/groth16/j6,zkos-v32@npg132,True
AC-CTRL-cross_regime_identity,c1_ctx_k16/groth16/j7,zkos-v32@npg132,True
AC-CTRL-replay,c1_a8/groth16/j0,zkos-v32@npg100,True
AC-CTRL-unknown_root_tx,c1_a8/groth16/j0,zkos-v32@npg100,True
AC-CTRL-valid,c1_a8/groth16/j0,zkos-v32@npg100,True
AC-CTRL-tampered_proof,c1_a8/groth16/j0,zkos-v32@npg100,True
AC-CTRL-perturb_pub,c1_a8/groth16/j0,zkos-v32@npg100,True
AC-CTRL-perturb_pub,c1_a8/groth16/j0,zkos-v32@npg100,True
AC-CTRL-perturb_pub,c1_a8/groth16/j0,zkos-v32@npg100,True
AC-CTRL-perturb_pub,c1_a8/groth16/j0,zkos-v32@npg100,True
AC-CTRL-perturb_pub,c1_a8/groth16/j0,zkos-v32@npg100,True
AC-CTRL-perturb_pub,c1_a8/groth16/j0,zkos-v32@npg100,True
AC-CTRL-perturb_pub,c1_a8/groth16/j0,zkos-v32@npg100,True
AC-CTRL-perturb_pub,c1_a8/groth16/j0,zkos-v32@npg100,True
AC-CTRL-out_of_field_pub,c1_a8/groth16/j0,zkos-v32@npg100,True
AC-CTRL-foreign_vk_proof,c1_ctx_k08/groth16/j0,zkos-v32@npg100,True
AC-CTRL-cross_regime_identity,c1_a8/groth16/j0,zkos-v32@npg100,True
AC-CTRL-cross_regime_identity,c1_a8/groth16/j1,zkos-v32@npg100,True
AC-CTRL-cross_regime_identity,c1_a8/groth16/j2,zkos-v32@npg100,True
AC-CTRL-cross_regime_identity,c1_a8/groth16/j3,zkos-v32@npg100,True
AC-CTRL-cross_regime_identity,c1_a8/groth16/j4,zkos-v32@npg100,True
AC-CTRL-cross_regime_identity,c1_a8/groth16/j5,zkos-v32@npg100,True
AC-CTRL-cross_regime_identity,c1_a8/groth16/j6,zkos-v32@npg100,True
AC-CTRL-cross_regime_identity,c1_a8/groth16/j7,zkos-v32@npg100,True
AC-CTRL-replay,c1_ctx_k64/groth16/j0,zkos-v32@npg100,True
AC-CTRL-unknown_root_tx,c1_ctx_k64/groth16/j0,zkos-v32@npg100,True
AC-CTRL-valid,c1_ctx_k64/groth16/j0,zkos-v32@npg100,True
AC-CTRL-tampered_proof,c1_ctx_k64/groth16/j0,zkos-v32@npg100,True
AC-CTRL-perturb_pub,c1_ctx_k64/groth16/j0,zkos-v32@npg100,True
AC-CTRL-perturb_pub,c1_ctx_k64/groth16/j0,zkos-v32@npg100,True
AC-CTRL-perturb_pub,c1_ctx_k64/groth16/j0,zkos-v32@npg100,True
AC-CTRL-perturb_pub,c1_ctx_k64/groth16/j0,zkos-v32@npg100,True
AC-CTRL-perturb_pub,c1_ctx_k64/groth16/j0,zkos-v32@npg100,True
AC-CTRL-perturb_pub,c1_ctx_k64/groth16/j0,zkos-v32@npg100,True
AC-CTRL-perturb_pub,c1_ctx_k64/groth16/j0,zkos-v32@npg100,True
AC-CTRL-perturb_pub,c1_ctx_k64/groth16/j0,zkos-v32@npg100,True
AC-CTRL-perturb_pub,c1_ctx_k64/groth16/j0,zkos-v32@npg100,True
AC-CTRL-perturb_pub,c1_ctx_k64/groth16/j0,zkos-v32@npg100,True
AC-CTRL-perturb_pub,c1_ctx_k64/groth16/j0,zkos-v32@npg100,True
AC-CTRL-perturb_pub,c1_ctx_k64/groth16/j0,zkos-v32@npg100,True
AC-CTRL-perturb_pub,c1_ctx_k64/groth16/j0,zkos-v32@npg100,True
AC-CTRL-perturb_pub,c1_ctx_k64/groth16/j0,zkos-v32@npg100,True
AC-CTRL-perturb_pub,c1_ctx_k64/groth16/j0,zkos-v32@npg100,True
AC-CTRL-perturb_pub,c1_ctx_k64/groth16/j0,zkos-v32@npg100,True
AC-CTRL-perturb_pub,c1_ctx_k64/groth16/j0,zkos-v32@npg100,True
AC-CTRL-perturb_pub,c1_ctx_k64/groth16/j0,zkos-v32@npg100,True
AC-CTRL-perturb_pub,c1_ctx_k64/groth16/j0,zkos-v32@npg100,True
AC-CTRL-perturb_pub,c1_ctx_k64/groth16/j0,zkos-v32@npg100,True
AC-CTRL-perturb_pub,c1_ctx_k64/groth16/j0,zkos-v32@npg100,True
AC-CTRL-perturb_pub,c1_ctx_k64/groth16/j0,zkos-v32@npg100,True
AC-CTRL-perturb_pub,c1_ctx_k64/groth16/j0,zkos-v32@npg100,True
AC-CTRL-perturb_pub,c1_ctx_k64/groth16/j0,zkos-v32@npg100,True
AC-CTRL-perturb_pub,c1_ctx_k64/groth16/j0,zkos-v32@npg100,True
AC-CTRL-perturb_pub,c1_ctx_k64/groth16/j0,zkos-v32@npg100,True
AC-CTRL-perturb_pub,c1_ctx_k64/groth16/j0,zkos-v32@npg100,True
AC-CTRL-perturb_pub,c1_ctx_k64/groth16/j0,zkos-v32@npg100,True
AC-CTRL-perturb_pub,c1_ctx_k64/groth16/j0,zkos-v32@npg100,True
AC-CTRL-perturb_pub,c1_ctx_k64/groth16/j0,zkos-v32@npg100,True
AC-CTRL-perturb_pub,c1_ctx_k64/groth16/j0,zkos-v32@npg100,True
AC-CTRL-perturb_pub,c1_ctx_k64/groth16/j0,zkos-v32@npg100,True
AC-CTRL-perturb_pub,c1_ctx_k64/groth16/j0,zkos-v32@npg100,True
AC-CTRL-perturb_pub,c1_ctx_k64/groth16/j0,zkos-v32@npg100,True
AC-CTRL-perturb_pub,c1_ctx_k64/groth16/j0,zkos-v32@npg100,True
AC-CTRL-perturb_pub,c1_ctx_k64/groth16/j0,zkos-v32@npg100,True
AC-CTRL-perturb_pub,c1_ctx_k64/groth16/j0,zkos-v32@npg100,True
AC-CTRL-perturb_pub,c1_ctx_k64/groth16/j0,zkos-v32@npg100,True
AC-CTRL-perturb_pub,c1_ctx_k64/groth16/j0,zkos-v32@npg100,True
AC-CTRL-perturb_pub,c1_ctx_k64/groth16/j0,zkos-v32@npg100,True
AC-CTRL-perturb_pub,c1_ctx_k64/groth16/j0,zkos-v32@npg100,True
AC-CTRL-perturb_pub,c1_ctx_k64/groth16/j0,zkos-v32@npg100,True
AC-CTRL-perturb_pub,c1_ctx_k64/groth16/j0,zkos-v32@npg100,True
AC-CTRL-perturb_pub,c1_ctx_k64/groth16/j0,zkos-v32@npg100,True
AC-CTRL-perturb_pub,c1_ctx_k64/groth16/j0,zkos-v32@npg100,True
AC-CTRL-perturb_pub,c1_ctx_k64/groth16/j0,zkos-v32@npg100,True
AC-CTRL-perturb_pub,c1_ctx_k64/groth16/j0,zkos-v32@npg100,True
AC-CTRL-perturb_pub,c1_ctx_k64/groth16/j0,zkos-v32@npg100,True
AC-CTRL-perturb_pub,c1_ctx_k64/groth16/j0,zkos-v32@npg100,True
AC-CTRL-perturb_pub,c1_ctx_k64/groth16/j0,zkos-v32@npg100,True
AC-CTRL-perturb_pub,c1_ctx_k64/groth16/j0,zkos-v32@npg100,True
AC-CTRL-perturb_pub,c1_ctx_k64/groth16/j0,zkos-v32@npg100,True
AC-CTRL-perturb_pub,c1_ctx_k64/groth16/j0,zkos-v32@npg100,True
AC-CTRL-perturb_pub,c1_ctx_k64/groth16/j0,zkos-v32@npg100,True
AC-CTRL-perturb_pub,c1_ctx_k64/groth16/j0,zkos-v32@npg100,True
AC-CTRL-perturb_pub,c1_ctx_k64/groth16/j0,zkos-v32@npg100,True
AC-CTRL-perturb_pub,c1_ctx_k64/groth16/j0,zkos-v32@npg100,True
AC-CTRL-perturb_pub,c1_ctx_k64/groth16/j0,zkos-v32@npg100,True
AC-CTRL-perturb_pub,c1_ctx_k64/groth16/j0,zkos-v32@npg100,True
AC-CTRL-perturb_pub,c1_ctx_k64/groth16/j0,zkos-v32@npg100,True
AC-CTRL-perturb_pub,c1_ctx_k64/groth16/j0,zkos-v32@npg100,True
AC-CTRL-perturb_pub,c1_ctx_k64/groth16/j0,zkos-v32@npg100,True
AC-CTRL-perturb_pub,c1_ctx_k64/groth16/j0,zkos-v32@npg100,True
AC-CTRL-perturb_pub,c1_ctx_k64/groth16/j0,zkos-v32@npg100,True
AC-CTRL-out_of_field_pub,c1_ctx_k64/groth16/j0,zkos-v32@npg100,True
AC-CTRL-cross_regime_identity,c1_ctx_k64/groth16/j0,zkos-v32@npg100,True
AC-CTRL-cross_regime_identity,c1_ctx_k64/groth16/j1,zkos-v32@npg100,True
AC-CTRL-cross_regime_identity,c1_ctx_k64/groth16/j2,zkos-v32@npg100,True
AC-CTRL-cross_regime_identity,c1_ctx_k64/groth16/j3,zkos-v32@npg100,True
AC-CTRL-cross_regime_identity,c1_ctx_k64/groth16/j4,zkos-v32@npg100,True
AC-CTRL-cross_regime_identity,c1_ctx_k64/groth16/j5,zkos-v32@npg100,True
AC-CTRL-cross_regime_identity,c1_ctx_k64/groth16/j6,zkos-v32@npg100,True
AC-CTRL-cross_regime_identity,c1_ctx_k64/groth16/j7,zkos-v32@npg100,True
AC-CTRL-replay,c1_ctx_k06/plonk/j0,zkos-v32@npg100,True
AC-CTRL-unknown_root_tx,c1_ctx_k06/plonk/j0,zkos-v32@npg100,True
AC-CTRL-valid,c1_ctx_k06/plonk/j0,zkos-v32@npg100,True
AC-CTRL-tampered_proof,c1_ctx_k06/plonk/j0,zkos-v32@npg100,True
AC-CTRL-perturb_pub,c1_ctx_k06/plonk/j0,zkos-v32@npg100,True
AC-CTRL-perturb_pub,c1_ctx_k06/plonk/j0,zkos-v32@npg100,True
AC-CTRL-perturb_pub,c1_ctx_k06/plonk/j0,zkos-v32@npg100,True
AC-CTRL-perturb_pub,c1_ctx_k06/plonk/j0,zkos-v32@npg100,True
AC-CTRL-perturb_pub,c1_ctx_k06/plonk/j0,zkos-v32@npg100,True
AC-CTRL-perturb_pub,c1_ctx_k06/plonk/j0,zkos-v32@npg100,True
AC-CTRL-out_of_field_pub,c1_ctx_k06/plonk/j0,zkos-v32@npg100,True
AC-CTRL-cross_regime_identity,c1_ctx_k06/plonk/j0,zkos-v32@npg100,True
AC-CTRL-cross_regime_identity,c1_ctx_k06/plonk/j1,zkos-v32@npg100,True
AC-CTRL-cross_regime_identity,c1_ctx_k06/plonk/j2,zkos-v32@npg100,True
AC-CTRL-cross_regime_identity,c1_ctx_k06/plonk/j3,zkos-v32@npg100,True
AC-CTRL-cross_regime_identity,c1_ctx_k06/plonk/j4,zkos-v32@npg100,True
AC-CTRL-cross_regime_identity,c1_ctx_k06/plonk/j5,zkos-v32@npg100,True
AC-CTRL-cross_regime_identity,c1_ctx_k06/plonk/j6,zkos-v32@npg100,True
AC-CTRL-cross_regime_identity,c1_ctx_k06/plonk/j7,zkos-v32@npg100,True
AC-CTRL-replay,c1_ctx_k64/plonk/j0,zkos-v32@npg100,True
AC-CTRL-unknown_root_tx,c1_ctx_k64/plonk/j0,zkos-v32@npg100,True
AC-CTRL-valid,c1_ctx_k64/plonk/j0,zkos-v32@npg100,True
AC-CTRL-tampered_proof,c1_ctx_k64/plonk/j0,zkos-v32@npg100,True
AC-CTRL-perturb_pub,c1_ctx_k64/plonk/j0,zkos-v32@npg100,True
AC-CTRL-perturb_pub,c1_ctx_k64/plonk/j0,zkos-v32@npg100,True
AC-CTRL-perturb_pub,c1_ctx_k64/plonk/j0,zkos-v32@npg100,True
AC-CTRL-perturb_pub,c1_ctx_k64/plonk/j0,zkos-v32@npg100,True
AC-CTRL-perturb_pub,c1_ctx_k64/plonk/j0,zkos-v32@npg100,True
AC-CTRL-perturb_pub,c1_ctx_k64/plonk/j0,zkos-v32@npg100,True
AC-CTRL-perturb_pub,c1_ctx_k64/plonk/j0,zkos-v32@npg100,True
AC-CTRL-perturb_pub,c1_ctx_k64/plonk/j0,zkos-v32@npg100,True
AC-CTRL-perturb_pub,c1_ctx_k64/plonk/j0,zkos-v32@npg100,True
AC-CTRL-perturb_pub,c1_ctx_k64/plonk/j0,zkos-v32@npg100,True
AC-CTRL-perturb_pub,c1_ctx_k64/plonk/j0,zkos-v32@npg100,True
AC-CTRL-perturb_pub,c1_ctx_k64/plonk/j0,zkos-v32@npg100,True
AC-CTRL-perturb_pub,c1_ctx_k64/plonk/j0,zkos-v32@npg100,True
AC-CTRL-perturb_pub,c1_ctx_k64/plonk/j0,zkos-v32@npg100,True
AC-CTRL-perturb_pub,c1_ctx_k64/plonk/j0,zkos-v32@npg100,True
AC-CTRL-perturb_pub,c1_ctx_k64/plonk/j0,zkos-v32@npg100,True
AC-CTRL-perturb_pub,c1_ctx_k64/plonk/j0,zkos-v32@npg100,True
AC-CTRL-perturb_pub,c1_ctx_k64/plonk/j0,zkos-v32@npg100,True
AC-CTRL-perturb_pub,c1_ctx_k64/plonk/j0,zkos-v32@npg100,True
AC-CTRL-perturb_pub,c1_ctx_k64/plonk/j0,zkos-v32@npg100,True
AC-CTRL-perturb_pub,c1_ctx_k64/plonk/j0,zkos-v32@npg100,True
AC-CTRL-perturb_pub,c1_ctx_k64/plonk/j0,zkos-v32@npg100,True
AC-CTRL-perturb_pub,c1_ctx_k64/plonk/j0,zkos-v32@npg100,True
AC-CTRL-perturb_pub,c1_ctx_k64/plonk/j0,zkos-v32@npg100,True
AC-CTRL-perturb_pub,c1_ctx_k64/plonk/j0,zkos-v32@npg100,True
AC-CTRL-perturb_pub,c1_ctx_k64/plonk/j0,zkos-v32@npg100,True
AC-CTRL-perturb_pub,c1_ctx_k64/plonk/j0,zkos-v32@npg100,True
AC-CTRL-perturb_pub,c1_ctx_k64/plonk/j0,zkos-v32@npg100,True
AC-CTRL-perturb_pub,c1_ctx_k64/plonk/j0,zkos-v32@npg100,True
AC-CTRL-perturb_pub,c1_ctx_k64/plonk/j0,zkos-v32@npg100,True
AC-CTRL-perturb_pub,c1_ctx_k64/plonk/j0,zkos-v32@npg100,True
AC-CTRL-perturb_pub,c1_ctx_k64/plonk/j0,zkos-v32@npg100,True
AC-CTRL-perturb_pub,c1_ctx_k64/plonk/j0,zkos-v32@npg100,True
AC-CTRL-perturb_pub,c1_ctx_k64/plonk/j0,zkos-v32@npg100,True
AC-CTRL-perturb_pub,c1_ctx_k64/plonk/j0,zkos-v32@npg100,True
AC-CTRL-perturb_pub,c1_ctx_k64/plonk/j0,zkos-v32@npg100,True
AC-CTRL-perturb_pub,c1_ctx_k64/plonk/j0,zkos-v32@npg100,True
AC-CTRL-perturb_pub,c1_ctx_k64/plonk/j0,zkos-v32@npg100,True
AC-CTRL-perturb_pub,c1_ctx_k64/plonk/j0,zkos-v32@npg100,True
AC-CTRL-perturb_pub,c1_ctx_k64/plonk/j0,zkos-v32@npg100,True
AC-CTRL-perturb_pub,c1_ctx_k64/plonk/j0,zkos-v32@npg100,True
AC-CTRL-perturb_pub,c1_ctx_k64/plonk/j0,zkos-v32@npg100,True
AC-CTRL-perturb_pub,c1_ctx_k64/plonk/j0,zkos-v32@npg100,True
AC-CTRL-perturb_pub,c1_ctx_k64/plonk/j0,zkos-v32@npg100,True
AC-CTRL-perturb_pub,c1_ctx_k64/plonk/j0,zkos-v32@npg100,True
AC-CTRL-perturb_pub,c1_ctx_k64/plonk/j0,zkos-v32@npg100,True
AC-CTRL-perturb_pub,c1_ctx_k64/plonk/j0,zkos-v32@npg100,True
AC-CTRL-perturb_pub,c1_ctx_k64/plonk/j0,zkos-v32@npg100,True
AC-CTRL-perturb_pub,c1_ctx_k64/plonk/j0,zkos-v32@npg100,True
AC-CTRL-perturb_pub,c1_ctx_k64/plonk/j0,zkos-v32@npg100,True
AC-CTRL-perturb_pub,c1_ctx_k64/plonk/j0,zkos-v32@npg100,True
AC-CTRL-perturb_pub,c1_ctx_k64/plonk/j0,zkos-v32@npg100,True
AC-CTRL-perturb_pub,c1_ctx_k64/plonk/j0,zkos-v32@npg100,True
AC-CTRL-perturb_pub,c1_ctx_k64/plonk/j0,zkos-v32@npg100,True
AC-CTRL-perturb_pub,c1_ctx_k64/plonk/j0,zkos-v32@npg100,True
AC-CTRL-perturb_pub,c1_ctx_k64/plonk/j0,zkos-v32@npg100,True
AC-CTRL-perturb_pub,c1_ctx_k64/plonk/j0,zkos-v32@npg100,True
AC-CTRL-perturb_pub,c1_ctx_k64/plonk/j0,zkos-v32@npg100,True
AC-CTRL-perturb_pub,c1_ctx_k64/plonk/j0,zkos-v32@npg100,True
AC-CTRL-perturb_pub,c1_ctx_k64/plonk/j0,zkos-v32@npg100,True
AC-CTRL-perturb_pub,c1_ctx_k64/plonk/j0,zkos-v32@npg100,True
AC-CTRL-perturb_pub,c1_ctx_k64/plonk/j0,zkos-v32@npg100,True
AC-CTRL-perturb_pub,c1_ctx_k64/plonk/j0,zkos-v32@npg100,True
AC-CTRL-perturb_pub,c1_ctx_k64/plonk/j0,zkos-v32@npg100,True
AC-CTRL-out_of_field_pub,c1_ctx_k64/plonk/j0,zkos-v32@npg100,True
AC-CTRL-cross_regime_identity,c1_ctx_k64/plonk/j0,zkos-v32@npg100,True
AC-CTRL-cross_regime_identity,c1_ctx_k64/plonk/j1,zkos-v32@npg100,True
AC-CTRL-cross_regime_identity,c1_ctx_k64/plonk/j2,zkos-v32@npg100,True
AC-CTRL-cross_regime_identity,c1_ctx_k64/plonk/j3,zkos-v32@npg100,True
AC-CTRL-cross_regime_identity,c1_ctx_k64/plonk/j4,zkos-v32@npg100,True
AC-CTRL-cross_regime_identity,c1_ctx_k64/plonk/j5,zkos-v32@npg100,True
AC-CTRL-cross_regime_identity,c1_ctx_k64/plonk/j6,zkos-v32@npg100,True
AC-CTRL-cross_regime_identity,c1_ctx_k64/plonk/j7,zkos-v32@npg100,True
AC-CTRL-replay,c1_ctx_k16/groth16/j0,zkos-v32@npg154,True
AC-CTRL-unknown_root_tx,c1_ctx_k16/groth16/j0,zkos-v32@npg154,True
AC-CTRL-valid,c1_ctx_k16/groth16/j0,zkos-v32@npg154,True
AC-CTRL-tampered_proof,c1_ctx_k16/groth16/j0,zkos-v32@npg154,True
AC-CTRL-perturb_pub,c1_ctx_k16/groth16/j0,zkos-v32@npg154,True
AC-CTRL-perturb_pub,c1_ctx_k16/groth16/j0,zkos-v32@npg154,True
AC-CTRL-perturb_pub,c1_ctx_k16/groth16/j0,zkos-v32@npg154,True
AC-CTRL-perturb_pub,c1_ctx_k16/groth16/j0,zkos-v32@npg154,True
AC-CTRL-perturb_pub,c1_ctx_k16/groth16/j0,zkos-v32@npg154,True
AC-CTRL-perturb_pub,c1_ctx_k16/groth16/j0,zkos-v32@npg154,True
AC-CTRL-perturb_pub,c1_ctx_k16/groth16/j0,zkos-v32@npg154,True
AC-CTRL-perturb_pub,c1_ctx_k16/groth16/j0,zkos-v32@npg154,True
AC-CTRL-perturb_pub,c1_ctx_k16/groth16/j0,zkos-v32@npg154,True
AC-CTRL-perturb_pub,c1_ctx_k16/groth16/j0,zkos-v32@npg154,True
AC-CTRL-perturb_pub,c1_ctx_k16/groth16/j0,zkos-v32@npg154,True
AC-CTRL-perturb_pub,c1_ctx_k16/groth16/j0,zkos-v32@npg154,True
AC-CTRL-perturb_pub,c1_ctx_k16/groth16/j0,zkos-v32@npg154,True
AC-CTRL-perturb_pub,c1_ctx_k16/groth16/j0,zkos-v32@npg154,True
AC-CTRL-perturb_pub,c1_ctx_k16/groth16/j0,zkos-v32@npg154,True
AC-CTRL-perturb_pub,c1_ctx_k16/groth16/j0,zkos-v32@npg154,True
AC-CTRL-out_of_field_pub,c1_ctx_k16/groth16/j0,zkos-v32@npg154,True
AC-CTRL-cross_regime_identity,c1_ctx_k16/groth16/j0,zkos-v32@npg154,True
AC-CTRL-cross_regime_identity,c1_ctx_k16/groth16/j1,zkos-v32@npg154,True
AC-CTRL-cross_regime_identity,c1_ctx_k16/groth16/j2,zkos-v32@npg154,True
AC-CTRL-cross_regime_identity,c1_ctx_k16/groth16/j3,zkos-v32@npg154,True
AC-CTRL-cross_regime_identity,c1_ctx_k16/groth16/j4,zkos-v32@npg154,True
AC-CTRL-cross_regime_identity,c1_ctx_k16/groth16/j5,zkos-v32@npg154,True
AC-CTRL-cross_regime_identity,c1_ctx_k16/groth16/j6,zkos-v32@npg154,True
AC-CTRL-cross_regime_identity,c1_ctx_k16/groth16/j7,zkos-v32@npg154,True
AC-CTRL-replay,c1_a8/plonk/j0,evm-osaka,True
AC-CTRL-unknown_root_tx,c1_a8/plonk/j0,evm-osaka,True
AC-CTRL-valid,c1_a8/plonk/j0,evm-osaka,True
AC-CTRL-tampered_proof,c1_a8/plonk/j0,evm-osaka,True
AC-CTRL-perturb_pub,c1_a8/plonk/j0,evm-osaka,True
AC-CTRL-perturb_pub,c1_a8/plonk/j0,evm-osaka,True
AC-CTRL-perturb_pub,c1_a8/plonk/j0,evm-osaka,True
AC-CTRL-perturb_pub,c1_a8/plonk/j0,evm-osaka,True
AC-CTRL-perturb_pub,c1_a8/plonk/j0,evm-osaka,True
AC-CTRL-perturb_pub,c1_a8/plonk/j0,evm-osaka,True
AC-CTRL-perturb_pub,c1_a8/plonk/j0,evm-osaka,True
AC-CTRL-perturb_pub,c1_a8/plonk/j0,evm-osaka,True
AC-CTRL-out_of_field_pub,c1_a8/plonk/j0,evm-osaka,True
AC-CTRL-foreign_vk_proof,c1_ctx_k08/plonk/j0,evm-osaka,True
AC-CTRL-cross_regime_identity,c1_a8/plonk/j0,evm-osaka,True
AC-CTRL-cross_regime_identity,c1_a8/plonk/j1,evm-osaka,True
AC-CTRL-cross_regime_identity,c1_a8/plonk/j2,evm-osaka,True
AC-CTRL-cross_regime_identity,c1_a8/plonk/j3,evm-osaka,True
AC-CTRL-cross_regime_identity,c1_a8/plonk/j4,evm-osaka,True
AC-CTRL-cross_regime_identity,c1_a8/plonk/j5,evm-osaka,True
AC-CTRL-cross_regime_identity,c1_a8/plonk/j6,evm-osaka,True
AC-CTRL-cross_regime_identity,c1_a8/plonk/j7,evm-osaka,True
AC-CTRL-replay,c1_ctx_k04/groth16/j0,zkos-v32@npg165,True
AC-CTRL-unknown_root_tx,c1_ctx_k04/groth16/j0,zkos-v32@npg165,True
AC-CTRL-valid,c1_ctx_k04/groth16/j0,zkos-v32@npg165,True
AC-CTRL-tampered_proof,c1_ctx_k04/groth16/j0,zkos-v32@npg165,True
AC-CTRL-perturb_pub,c1_ctx_k04/groth16/j0,zkos-v32@npg165,True
AC-CTRL-perturb_pub,c1_ctx_k04/groth16/j0,zkos-v32@npg165,True
AC-CTRL-perturb_pub,c1_ctx_k04/groth16/j0,zkos-v32@npg165,True
AC-CTRL-perturb_pub,c1_ctx_k04/groth16/j0,zkos-v32@npg165,True
AC-CTRL-out_of_field_pub,c1_ctx_k04/groth16/j0,zkos-v32@npg165,True
AC-CTRL-foreign_vk_proof,c1_a4/groth16/j0,zkos-v32@npg165,True
AC-CTRL-cross_regime_identity,c1_ctx_k04/groth16/j0,zkos-v32@npg165,True
AC-CTRL-cross_regime_identity,c1_ctx_k04/groth16/j1,zkos-v32@npg165,True
AC-CTRL-cross_regime_identity,c1_ctx_k04/groth16/j2,zkos-v32@npg165,True
AC-CTRL-cross_regime_identity,c1_ctx_k04/groth16/j3,zkos-v32@npg165,True
AC-CTRL-cross_regime_identity,c1_ctx_k04/groth16/j4,zkos-v32@npg165,True
AC-CTRL-cross_regime_identity,c1_ctx_k04/groth16/j5,zkos-v32@npg165,True
AC-CTRL-cross_regime_identity,c1_ctx_k04/groth16/j6,zkos-v32@npg165,True
AC-CTRL-cross_regime_identity,c1_ctx_k04/groth16/j7,zkos-v32@npg165,True
AC-CTRL-replay,c1_disc_k04/groth16/j0,zkos-v32@npg100,True
AC-CTRL-unknown_root_tx,c1_disc_k04/groth16/j0,zkos-v32@npg100,True
AC-CTRL-valid,c1_disc_k04/groth16/j0,zkos-v32@npg100,True
AC-CTRL-tampered_proof,c1_disc_k04/groth16/j0,zkos-v32@npg100,True
AC-CTRL-perturb_pub,c1_disc_k04/groth16/j0,zkos-v32@npg100,True
AC-CTRL-perturb_pub,c1_disc_k04/groth16/j0,zkos-v32@npg100,True
AC-CTRL-perturb_pub,c1_disc_k04/groth16/j0,zkos-v32@npg100,True
AC-CTRL-perturb_pub,c1_disc_k04/groth16/j0,zkos-v32@npg100,True
AC-CTRL-out_of_field_pub,c1_disc_k04/groth16/j0,zkos-v32@npg100,True
AC-CTRL-foreign_vk_proof,c1_ctx_k04/groth16/j0,zkos-v32@npg100,True
AC-CTRL-cross_regime_identity,c1_disc_k04/groth16/j0,zkos-v32@npg100,True
AC-CTRL-cross_regime_identity,c1_disc_k04/groth16/j1,zkos-v32@npg100,True
AC-CTRL-cross_regime_identity,c1_disc_k04/groth16/j2,zkos-v32@npg100,True
AC-CTRL-cross_regime_identity,c1_disc_k04/groth16/j3,zkos-v32@npg100,True
AC-CTRL-cross_regime_identity,c1_disc_k04/groth16/j4,zkos-v32@npg100,True
AC-CTRL-cross_regime_identity,c1_disc_k04/groth16/j5,zkos-v32@npg100,True
AC-CTRL-cross_regime_identity,c1_disc_k04/groth16/j6,zkos-v32@npg100,True
AC-CTRL-cross_regime_identity,c1_disc_k04/groth16/j7,zkos-v32@npg100,True
AC-CTRL-replay,c1_ctx_k16/groth16/j0,zkos-v32@npg120,True
AC-CTRL-unknown_root_tx,c1_ctx_k16/groth16/j0,zkos-v32@npg120,True
AC-CTRL-valid,c1_ctx_k16/groth16/j0,zkos-v32@npg120,True
AC-CTRL-tampered_proof,c1_ctx_k16/groth16/j0,zkos-v32@npg120,True
AC-CTRL-perturb_pub,c1_ctx_k16/groth16/j0,zkos-v32@npg120,True
AC-CTRL-perturb_pub,c1_ctx_k16/groth16/j0,zkos-v32@npg120,True
AC-CTRL-perturb_pub,c1_ctx_k16/groth16/j0,zkos-v32@npg120,True
AC-CTRL-perturb_pub,c1_ctx_k16/groth16/j0,zkos-v32@npg120,True
AC-CTRL-perturb_pub,c1_ctx_k16/groth16/j0,zkos-v32@npg120,True
AC-CTRL-perturb_pub,c1_ctx_k16/groth16/j0,zkos-v32@npg120,True
AC-CTRL-perturb_pub,c1_ctx_k16/groth16/j0,zkos-v32@npg120,True
AC-CTRL-perturb_pub,c1_ctx_k16/groth16/j0,zkos-v32@npg120,True
AC-CTRL-perturb_pub,c1_ctx_k16/groth16/j0,zkos-v32@npg120,True
AC-CTRL-perturb_pub,c1_ctx_k16/groth16/j0,zkos-v32@npg120,True
AC-CTRL-perturb_pub,c1_ctx_k16/groth16/j0,zkos-v32@npg120,True
AC-CTRL-perturb_pub,c1_ctx_k16/groth16/j0,zkos-v32@npg120,True
AC-CTRL-perturb_pub,c1_ctx_k16/groth16/j0,zkos-v32@npg120,True
AC-CTRL-perturb_pub,c1_ctx_k16/groth16/j0,zkos-v32@npg120,True
AC-CTRL-perturb_pub,c1_ctx_k16/groth16/j0,zkos-v32@npg120,True
AC-CTRL-perturb_pub,c1_ctx_k16/groth16/j0,zkos-v32@npg120,True
AC-CTRL-out_of_field_pub,c1_ctx_k16/groth16/j0,zkos-v32@npg120,True
AC-CTRL-cross_regime_identity,c1_ctx_k16/groth16/j0,zkos-v32@npg120,True
AC-CTRL-cross_regime_identity,c1_ctx_k16/groth16/j1,zkos-v32@npg120,True
AC-CTRL-cross_regime_identity,c1_ctx_k16/groth16/j2,zkos-v32@npg120,True
AC-CTRL-cross_regime_identity,c1_ctx_k16/groth16/j3,zkos-v32@npg120,True
AC-CTRL-cross_regime_identity,c1_ctx_k16/groth16/j4,zkos-v32@npg120,True
AC-CTRL-cross_regime_identity,c1_ctx_k16/groth16/j5,zkos-v32@npg120,True
AC-CTRL-cross_regime_identity,c1_ctx_k16/groth16/j6,zkos-v32@npg120,True
AC-CTRL-cross_regime_identity,c1_ctx_k16/groth16/j7,zkos-v32@npg120,True
AC-CTRL-replay,c1_ctx_k64/groth16/j0,eravm-29,True
AC-CTRL-unknown_root_tx,c1_ctx_k64/groth16/j0,eravm-29,True
AC-CTRL-valid,c1_ctx_k64/groth16/j0,eravm-29,True
AC-CTRL-tampered_proof,c1_ctx_k64/groth16/j0,eravm-29,True
AC-CTRL-perturb_pub,c1_ctx_k64/groth16/j0,eravm-29,True
AC-CTRL-perturb_pub,c1_ctx_k64/groth16/j0,eravm-29,True
AC-CTRL-perturb_pub,c1_ctx_k64/groth16/j0,eravm-29,True
AC-CTRL-perturb_pub,c1_ctx_k64/groth16/j0,eravm-29,True
AC-CTRL-perturb_pub,c1_ctx_k64/groth16/j0,eravm-29,True
AC-CTRL-perturb_pub,c1_ctx_k64/groth16/j0,eravm-29,True
AC-CTRL-perturb_pub,c1_ctx_k64/groth16/j0,eravm-29,True
AC-CTRL-perturb_pub,c1_ctx_k64/groth16/j0,eravm-29,True
AC-CTRL-perturb_pub,c1_ctx_k64/groth16/j0,eravm-29,True
AC-CTRL-perturb_pub,c1_ctx_k64/groth16/j0,eravm-29,True
AC-CTRL-perturb_pub,c1_ctx_k64/groth16/j0,eravm-29,True
AC-CTRL-perturb_pub,c1_ctx_k64/groth16/j0,eravm-29,True
AC-CTRL-perturb_pub,c1_ctx_k64/groth16/j0,eravm-29,True
AC-CTRL-perturb_pub,c1_ctx_k64/groth16/j0,eravm-29,True
AC-CTRL-perturb_pub,c1_ctx_k64/groth16/j0,eravm-29,True
AC-CTRL-perturb_pub,c1_ctx_k64/groth16/j0,eravm-29,True
AC-CTRL-perturb_pub,c1_ctx_k64/groth16/j0,eravm-29,True
AC-CTRL-perturb_pub,c1_ctx_k64/groth16/j0,eravm-29,True
AC-CTRL-perturb_pub,c1_ctx_k64/groth16/j0,eravm-29,True
AC-CTRL-perturb_pub,c1_ctx_k64/groth16/j0,eravm-29,True
AC-CTRL-perturb_pub,c1_ctx_k64/groth16/j0,eravm-29,True
AC-CTRL-perturb_pub,c1_ctx_k64/groth16/j0,eravm-29,True
AC-CTRL-perturb_pub,c1_ctx_k64/groth16/j0,eravm-29,True
AC-CTRL-perturb_pub,c1_ctx_k64/groth16/j0,eravm-29,True
AC-CTRL-perturb_pub,c1_ctx_k64/groth16/j0,eravm-29,True
AC-CTRL-perturb_pub,c1_ctx_k64/groth16/j0,eravm-29,True
AC-CTRL-perturb_pub,c1_ctx_k64/groth16/j0,eravm-29,True
AC-CTRL-perturb_pub,c1_ctx_k64/groth16/j0,eravm-29,True
AC-CTRL-perturb_pub,c1_ctx_k64/groth16/j0,eravm-29,True
AC-CTRL-perturb_pub,c1_ctx_k64/groth16/j0,eravm-29,True
AC-CTRL-perturb_pub,c1_ctx_k64/groth16/j0,eravm-29,True
AC-CTRL-perturb_pub,c1_ctx_k64/groth16/j0,eravm-29,True
AC-CTRL-perturb_pub,c1_ctx_k64/groth16/j0,eravm-29,True
AC-CTRL-perturb_pub,c1_ctx_k64/groth16/j0,eravm-29,True
AC-CTRL-perturb_pub,c1_ctx_k64/groth16/j0,eravm-29,True
AC-CTRL-perturb_pub,c1_ctx_k64/groth16/j0,eravm-29,True
AC-CTRL-perturb_pub,c1_ctx_k64/groth16/j0,eravm-29,True
AC-CTRL-perturb_pub,c1_ctx_k64/groth16/j0,eravm-29,True
AC-CTRL-perturb_pub,c1_ctx_k64/groth16/j0,eravm-29,True
AC-CTRL-perturb_pub,c1_ctx_k64/groth16/j0,eravm-29,True
AC-CTRL-perturb_pub,c1_ctx_k64/groth16/j0,eravm-29,True
AC-CTRL-perturb_pub,c1_ctx_k64/groth16/j0,eravm-29,True
AC-CTRL-perturb_pub,c1_ctx_k64/groth16/j0,eravm-29,True
AC-CTRL-perturb_pub,c1_ctx_k64/groth16/j0,eravm-29,True
AC-CTRL-perturb_pub,c1_ctx_k64/groth16/j0,eravm-29,True
AC-CTRL-perturb_pub,c1_ctx_k64/groth16/j0,eravm-29,True
AC-CTRL-perturb_pub,c1_ctx_k64/groth16/j0,eravm-29,True
AC-CTRL-perturb_pub,c1_ctx_k64/groth16/j0,eravm-29,True
AC-CTRL-perturb_pub,c1_ctx_k64/groth16/j0,eravm-29,True
AC-CTRL-perturb_pub,c1_ctx_k64/groth16/j0,eravm-29,True
AC-CTRL-perturb_pub,c1_ctx_k64/groth16/j0,eravm-29,True
AC-CTRL-perturb_pub,c1_ctx_k64/groth16/j0,eravm-29,True
AC-CTRL-perturb_pub,c1_ctx_k64/groth16/j0,eravm-29,True
AC-CTRL-perturb_pub,c1_ctx_k64/groth16/j0,eravm-29,True
AC-CTRL-perturb_pub,c1_ctx_k64/groth16/j0,eravm-29,True
AC-CTRL-perturb_pub,c1_ctx_k64/groth16/j0,eravm-29,True
AC-CTRL-perturb_pub,c1_ctx_k64/groth16/j0,eravm-29,True
AC-CTRL-perturb_pub,c1_ctx_k64/groth16/j0,eravm-29,True
AC-CTRL-perturb_pub,c1_ctx_k64/groth16/j0,eravm-29,True
AC-CTRL-perturb_pub,c1_ctx_k64/groth16/j0,eravm-29,True
AC-CTRL-perturb_pub,c1_ctx_k64/groth16/j0,eravm-29,True
AC-CTRL-perturb_pub,c1_ctx_k64/groth16/j0,eravm-29,True
AC-CTRL-perturb_pub,c1_ctx_k64/groth16/j0,eravm-29,True
AC-CTRL-perturb_pub,c1_ctx_k64/groth16/j0,eravm-29,True
AC-CTRL-out_of_field_pub,c1_ctx_k64/groth16/j0,eravm-29,True
AC-CTRL-cross_regime_identity,c1_ctx_k64/groth16/j0,eravm-29,True
AC-CTRL-cross_regime_identity,c1_ctx_k64/groth16/j1,eravm-29,True
AC-CTRL-cross_regime_identity,c1_ctx_k64/groth16/j2,eravm-29,True
AC-CTRL-cross_regime_identity,c1_ctx_k64/groth16/j3,eravm-29,True
AC-CTRL-cross_regime_identity,c1_ctx_k64/groth16/j4,eravm-29,True
AC-CTRL-cross_regime_identity,c1_ctx_k64/groth16/j5,eravm-29,True
AC-CTRL-cross_regime_identity,c1_ctx_k64/groth16/j6,eravm-29,True
AC-CTRL-cross_regime_identity,c1_ctx_k64/groth16/j7,eravm-29,True
AC-CTRL-replay,c1_ctx_k06/plonk/j0,evm-osaka,True
AC-CTRL-unknown_root_tx,c1_ctx_k06/plonk/j0,evm-osaka,True
AC-CTRL-valid,c1_ctx_k06/plonk/j0,evm-osaka,True
AC-CTRL-tampered_proof,c1_ctx_k06/plonk/j0,evm-osaka,True
AC-CTRL-perturb_pub,c1_ctx_k06/plonk/j0,evm-osaka,True
AC-CTRL-perturb_pub,c1_ctx_k06/plonk/j0,evm-osaka,True
AC-CTRL-perturb_pub,c1_ctx_k06/plonk/j0,evm-osaka,True
AC-CTRL-perturb_pub,c1_ctx_k06/plonk/j0,evm-osaka,True
AC-CTRL-perturb_pub,c1_ctx_k06/plonk/j0,evm-osaka,True
AC-CTRL-perturb_pub,c1_ctx_k06/plonk/j0,evm-osaka,True
AC-CTRL-out_of_field_pub,c1_ctx_k06/plonk/j0,evm-osaka,True
AC-CTRL-cross_regime_identity,c1_ctx_k06/plonk/j0,evm-osaka,True
AC-CTRL-cross_regime_identity,c1_ctx_k06/plonk/j1,evm-osaka,True
AC-CTRL-cross_regime_identity,c1_ctx_k06/plonk/j2,evm-osaka,True
AC-CTRL-cross_regime_identity,c1_ctx_k06/plonk/j3,evm-osaka,True
AC-CTRL-cross_regime_identity,c1_ctx_k06/plonk/j4,evm-osaka,True
AC-CTRL-cross_regime_identity,c1_ctx_k06/plonk/j5,evm-osaka,True
AC-CTRL-cross_regime_identity,c1_ctx_k06/plonk/j6,evm-osaka,True
AC-CTRL-cross_regime_identity,c1_ctx_k06/plonk/j7,evm-osaka,True
