backend,stage,depth,allocation_from,allocation_to,quantity,r1,r2,r3,r4,r5,median,min,max,boot_median_lo95,boot_median_hi95,bootstrap_seed,precision
groth16,input_ms,5,cpu2,cpu4,within-round time ratio (from / to),1.0690954773869346,0.7326642335766423,1.0737913486005088,0.9334140435835352,1.8964646464646464,1.0690954773869346,0.7326642335766423,1.8964646464646464,0.7326642335766423,1.8964646464646464,11999406920054768042,COARSE (n = 5)
groth16,input_ms,5,cpu4,cpu8,within-round time ratio (from / to),1.0025188916876575,0.1672771672771673,1.0621621621621622,0.9516129032258064,1.0245795601552394,1.0025188916876575,0.1672771672771673,1.0621621621621622,0.1672771672771673,1.0621621621621622,4175333641256686499,COARSE (n = 5)
groth16,input_ms,5,cpu2,cpu8,within-round time ratio (from / to),1.0717884130982367,0.12255799755799757,1.1405405405405404,0.8882488479262673,1.9430789133247088,1.0717884130982367,0.12255799755799757,1.9430789133247088,0.12255799755799757,1.9430789133247088,14806524066099152973,COARSE (n = 5)
groth16,input_ms,6,cpu2,cpu4,within-round time ratio (from / to),1.0186104218362282,1.0391414141414141,0.8837209302325582,0.9605633802816903,1.6055488540410132,1.0186104218362282,0.8837209302325582,1.6055488540410132,0.8837209302325582,1.6055488540410132,2644737122178273443,COARSE (n = 5)
groth16,input_ms,6,cpu4,cpu8,within-round time ratio (from / to),0.9595238095238097,0.8898876404494382,1.0573770491803278,1.1041990668740278,1.0159313725490196,1.0159313725490196,0.8898876404494382,1.1041990668740278,0.8898876404494382,1.1041990668740278,15906398985917065788,COARSE (n = 5)
groth16,input_ms,6,cpu2,cpu8,within-round time ratio (from / to),0.9773809523809524,0.9247191011235955,0.9344262295081968,1.0606531881804044,1.6311274509803921,0.9773809523809524,0.9247191011235955,1.6311274509803921,0.9247191011235955,1.6311274509803921,11686938206456563871,COARSE (n = 5)
groth16,input_ms,7,cpu2,cpu4,within-round time ratio (from / to),0.29313290058079944,0.8526434195725534,0.7930153321976151,1.0447570332480818,0.9817142857142857,0.8526434195725534,0.29313290058079944,1.0447570332480818,0.29313290058079944,1.0447570332480818,13866040308844108278,COARSE (n = 5)
groth16,input_ms,7,cpu4,cpu8,within-round time ratio (from / to),0.7638308977035491,1.1728232189973615,0.8379728765167737,0.8301486199575372,0.9562841530054644,0.8379728765167737,0.7638308977035491,1.1728232189973615,0.7638308977035491,1.1728232189973615,9757534336463462983,COARSE (n = 5)
groth16,input_ms,7,cpu2,cpu8,within-round time ratio (from / to),0.22390396659707726,1.0,0.6645253390435404,0.8673036093418259,0.9387978142076502,0.8673036093418259,0.22390396659707726,1.0,0.22390396659707726,1.0,8853423338534892730,COARSE (n = 5)
groth16,input_ms,8,cpu2,cpu4,within-round time ratio (from / to),0.9481132075471697,0.9799163179916318,0.9576271186440678,0.9689045936395759,0.9808652246256241,0.9689045936395759,0.9481132075471697,0.9808652246256241,0.9481132075471697,0.9808652246256241,18299466168304443626,COARSE (n = 5)
groth16,input_ms,8,cpu4,cpu8,within-round time ratio (from / to),0.9489704565801254,0.22585522585522586,1.1259541984732824,1.007834757834758,0.9860541427399506,0.9860541427399506,0.22585522585522586,1.1259541984732824,0.22585522585522586,1.1259541984732824,16888375877137518948,COARSE (n = 5)
groth16,input_ms,8,cpu2,cpu8,within-round time ratio (from / to),0.8997314234556848,0.2213192213192213,1.07824427480916,0.9764957264957266,0.9671862182116489,0.9671862182116489,0.2213192213192213,1.07824427480916,0.2213192213192213,1.07824427480916,5784525667247437328,COARSE (n = 5)
groth16,input_ms,9,cpu2,cpu4,within-round time ratio (from / to),2.4739130434782615,0.972718253968254,0.8021108179419525,0.9796323894684551,0.9448017148981778,0.972718253968254,0.8021108179419525,2.4739130434782615,0.8021108179419525,2.4739130434782615,635939544579065502,COARSE (n = 5)
groth16,input_ms,9,cpu4,cpu8,within-round time ratio (from / to),0.9875954198473281,1.0125565042692115,1.2199570815450642,0.8186254575030499,0.8378985181859004,0.9875954198473281,0.8186254575030499,1.2199570815450642,0.8186254575030499,1.2199570815450642,7119876802772182776,COARSE (n = 5)
groth16,input_ms,9,cpu2,cpu8,within-round time ratio (from / to),2.4432251908396947,0.9849321948769463,0.9785407725321889,0.80195201301342,0.7916479568926807,0.9785407725321889,0.7916479568926807,2.4432251908396947,0.7916479568926807,2.4432251908396947,8474055537362027927,COARSE (n = 5)
groth16,input_ms,10,cpu2,cpu4,within-round time ratio (from / to),1.0407960199004975,1.0064296520423601,1.0269561961812055,1.0203063769148557,0.9577879581151832,1.0203063769148557,0.9577879581151832,1.0407960199004975,0.9577879581151832,1.0407960199004975,7874091262843578904,COARSE (n = 5)
groth16,input_ms,10,cpu4,cpu8,within-round time ratio (from / to),1.011744966442953,0.9924924924924925,0.9848820058997049,0.9547619047619048,1.0760563380281691,0.9924924924924925,0.9547619047619048,1.0760563380281691,0.9547619047619048,1.0760563380281691,8039858613473273307,COARSE (n = 5)
groth16,input_ms,10,cpu2,cpu8,within-round time ratio (from / to),1.053020134228188,0.9988738738738738,1.0114306784660765,0.9741496598639455,1.0306338028169015,1.0114306784660765,0.9741496598639455,1.053020134228188,0.9741496598639455,1.053020134228188,15803962926240086034,COARSE (n = 5)
groth16,input_ms,11,cpu2,cpu4,within-round time ratio (from / to),1.1409685086155674,0.9556962025316456,0.985197598100824,0.9085100598151169,1.0144794721407624,0.985197598100824,0.9085100598151169,1.1409685086155674,0.9085100598151169,1.1409685086155674,9762863473821050085,COARSE (n = 5)
groth16,input_ms,11,cpu4,cpu8,within-round time ratio (from / to),0.9542168674698795,0.9684556734937957,1.0077399380804952,0.9864556792275714,0.8910664706843051,0.9684556734937957,0.8910664706843051,1.0077399380804952,0.8910664706843051,1.0077399380804952,3621299652747306693,COARSE (n = 5)
groth16,input_ms,11,cpu2,cpu8,within-round time ratio (from / to),1.088731396172927,0.9255494094782478,0.992822966507177,0.8962049081400026,0.903968642822146,0.9255494094782478,0.8962049081400026,1.088731396172927,0.8962049081400026,1.088731396172927,12428643053176768545,COARSE (n = 5)
groth16,input_ms,12,cpu2,cpu4,within-round time ratio (from / to),1.1256634728062314,1.0214449541284403,1.0398749022673965,1.0506721138639958,1.095243412237606,1.0506721138639958,1.0214449541284403,1.1256634728062314,1.0214449541284403,1.1256634728062314,6509927322728672773,COARSE (n = 5)
groth16,input_ms,12,cpu4,cpu8,within-round time ratio (from / to),0.9540313034328555,0.9745194456861869,1.0169241253975465,0.9529670329670329,1.0040358744394617,0.9745194456861869,0.9529670329670329,1.0169241253975465,0.9529670329670329,1.0169241253975465,12166712416839561046,COARSE (n = 5)
groth16,input_ms,12,cpu2,cpu8,within-round time ratio (from / to),1.0739181901880837,0.9954179704962002,1.0574738755111313,1.0012558869701726,1.0996636771300448,1.0574738755111313,0.9954179704962002,1.0996636771300448,0.9954179704962002,1.0996636771300448,8910001302219224067,COARSE (n = 5)
groth16,input_ms,13,cpu2,cpu4,within-round time ratio (from / to),1.0931217620800886,1.0649648838465695,1.072514619883041,1.0975961538461538,1.1721589943944286,1.0931217620800886,1.0649648838465695,1.1721589943944286,1.0649648838465695,1.1721589943944286,15634942171762907653,COARSE (n = 5)
groth16,input_ms,13,cpu4,cpu8,within-round time ratio (from / to),0.9509806959377807,0.9597511180244993,1.0347331477671546,1.0280835767243317,0.7361970862252235,0.9597511180244993,0.7361970862252235,1.0347331477671546,0.7361970862252235,1.0347331477671546,14511378664444666661,COARSE (n = 5)
groth16,input_ms,13,cpu2,cpu8,within-round time ratio (from / to),1.0395376940476557,1.022101237928576,1.1097664286578723,1.1284205796450235,0.8629400362658664,1.0395376940476557,0.8629400362658664,1.1284205796450235,0.8629400362658664,1.1284205796450235,7420828630536734858,COARSE (n = 5)
groth16,input_ms,14,cpu2,cpu4,within-round time ratio (from / to),1.1100383325347387,1.028333112670462,1.0434638741824978,1.0854054054054052,1.0819328648129558,1.0819328648129558,1.028333112670462,1.1100383325347387,1.028333112670462,1.1100383325347387,17059107868804670033,COARSE (n = 5)
groth16,input_ms,14,cpu4,cpu8,within-round time ratio (from / to),0.9918023048592135,0.9910772864453483,0.9672961421874117,0.9984266661788113,0.9807144844709861,0.9910772864453483,0.9672961421874117,0.9984266661788113,0.9672961421874117,0.9984266661788113,540832568775415538,COARSE (n = 5)
groth16,input_ms,14,cpu2,cpu8,within-round time ratio (from / to),1.100938576690032,1.0191575908673403,1.0093385800086607,1.08369770037138,1.061067231747255,1.061067231747255,1.0093385800086607,1.100938576690032,1.0093385800086607,1.100938576690032,2443137389415588629,COARSE (n = 5)
groth16,input_ms,15,cpu2,cpu4,within-round time ratio (from / to),1.147582206892565,1.0807277881183723,1.0615432891730487,1.0454904000346725,1.0986595922926556,1.0807277881183723,1.0454904000346725,1.147582206892565,1.0454904000346725,1.147582206892565,11050048798847564320,COARSE (n = 5)
groth16,input_ms,15,cpu4,cpu8,within-round time ratio (from / to),1.0105442508032325,0.990084111754512,1.0149388908794141,0.9568697383154315,1.0656469467920486,1.0105442508032325,0.9568697383154315,1.0656469467920486,0.9568697383154315,1.0656469467920486,12839353854780208740,COARSE (n = 5)
groth16,input_ms,15,cpu2,cpu8,within-round time ratio (from / to),1.1596826014993673,1.070011412147597,1.0774015685337792,1.000398125492473,1.1707832400904654,1.0774015685337792,1.000398125492473,1.1707832400904654,1.000398125492473,1.1707832400904654,13063355912883277247,COARSE (n = 5)
groth16,witness_ms,5,cpu2,cpu4,within-round time ratio (from / to),1.7077236385578518,1.5225940777297966,1.7474164711849365,1.571216717222784,1.4042125117887456,1.571216717222784,1.4042125117887456,1.7474164711849365,1.4042125117887456,1.7474164711849365,4916456006397406811,COARSE (n = 5)
groth16,witness_ms,5,cpu4,cpu8,within-round time ratio (from / to),1.0508044701593087,0.9424418604651162,1.2443199747554434,0.9221158627548484,1.188359234907352,1.0508044701593087,0.9221158627548484,1.2443199747554434,0.9221158627548484,1.2443199747554434,6562991017734462586,COARSE (n = 5)
groth16,witness_ms,5,cpu2,cpu8,within-round time ratio (from / to),1.7944836331933103,1.4349563953488373,2.174345219312086,1.448843858776728,1.6687089061566047,1.6687089061566047,1.4349563953488373,2.174345219312086,1.4349563953488373,2.174345219312086,17763491159023026117,COARSE (n = 5)
groth16,witness_ms,6,cpu2,cpu4,within-round time ratio (from / to),1.6192566371681416,1.776370997423629,1.3668485866218865,1.5769256688456095,1.707056730579166,1.6192566371681416,1.3668485866218865,1.776370997423629,1.3668485866218865,1.776370997423629,11437793936765767474,COARSE (n = 5)
groth16,witness_ms,6,cpu4,cpu8,within-round time ratio (from / to),0.9520760312752763,1.0292446397454353,1.0754759575588833,1.1149598016379894,1.1028994985829519,1.0754759575588833,0.9520760312752763,1.1149598016379894,0.9520760312752763,1.1149598016379894,10442185909574532154,COARSE (n = 5)
groth16,witness_ms,6,cpu2,cpu8,within-round time ratio (from / to),1.5416554327311944,1.8283203272975226,1.4700127925351796,1.7582087309339545,1.8827120122084153,1.7582087309339545,1.4700127925351796,1.8827120122084153,1.4700127925351796,1.8827120122084153,14890886543340672448,COARSE (n = 5)
groth16,witness_ms,7,cpu2,cpu4,within-round time ratio (from / to),1.3003179837474974,1.9549451298479996,1.6241324079017618,1.4381510822780863,1.7807005204670137,1.6241324079017618,1.3003179837474974,1.9549451298479996,1.3003179837474974,1.9549451298479996,8139067500557092773,COARSE (n = 5)
groth16,witness_ms,7,cpu4,cpu8,within-round time ratio (from / to),1.3054039511107693,1.1933463478119406,1.0733524355300859,1.105281301709873,1.0045216899816307,1.105281301709873,1.0045216899816307,1.3054039511107693,1.0045216899816307,1.3054039511107693,14726969116388018932,COARSE (n = 5)
groth16,witness_ms,7,cpu2,cpu8,within-round time ratio (from / to),1.6974402336843724,2.3329266308768504,1.743266475644699,1.589561500275786,1.7887522961706939,1.743266475644699,1.589561500275786,2.3329266308768504,1.589561500275786,2.3329266308768504,16561117639488512532,COARSE (n = 5)
groth16,witness_ms,8,cpu2,cpu4,within-round time ratio (from / to),1.5116347787545246,1.5066014381704584,1.8750638919313616,1.3686327870792168,1.3896344009065427,1.5066014381704584,1.3686327870792168,1.8750638919313616,1.3686327870792168,1.8750638919313616,12691888578414602766,COARSE (n = 5)
groth16,witness_ms,8,cpu4,cpu8,within-round time ratio (from / to),1.070118577075099,1.2384845609168553,1.0730235837969129,1.2416807463454052,1.2001288383079236,1.2001288383079236,1.070118577075099,1.2416807463454052,1.070118577075099,1.2416807463454052,11076513669921083320,COARSE (n = 5)
groth16,witness_ms,8,cpu2,cpu8,within-round time ratio (from / to),1.6176284584980238,1.865902620629243,2.011987777168377,1.6994049805333138,1.6677403192326963,1.6994049805333138,1.6176284584980238,2.011987777168377,1.6176284584980238,2.011987777168377,16531085666266860580,COARSE (n = 5)
groth16,witness_ms,9,cpu2,cpu4,within-round time ratio (from / to),1.6304682789575937,1.3799511920405483,1.6163186636684872,2.002147706803381,1.5811613774476705,1.6163186636684872,1.3799511920405483,2.002147706803381,1.3799511920405483,2.002147706803381,6668928846454556931,COARSE (n = 5)
groth16,witness_ms,9,cpu4,cpu8,within-round time ratio (from / to),1.1431306478786951,1.1382478632478632,1.2475953831356204,1.0348437051907082,1.054392709668233,1.1382478632478632,1.0348437051907082,1.2475953831356204,1.0348437051907082,1.2475953831356204,532050617981976392,COARSE (n = 5)
groth16,witness_ms,9,cpu2,cpu8,within-round time ratio (from / to),1.863838260070455,1.570726495726496,2.01651170246874,2.0719099512474908,1.667165029189805,1.863838260070455,1.570726495726496,2.0719099512474908,1.570726495726496,2.0719099512474908,16501702474573022187,COARSE (n = 5)
groth16,witness_ms,10,cpu2,cpu4,within-round time ratio (from / to),1.7805339641770868,1.3950296011970595,1.4591532498509243,1.4773733739274841,1.5927421749717883,1.4773733739274841,1.3950296011970595,1.7805339641770868,1.3950296011970595,1.7805339641770868,1999327308909483993,COARSE (n = 5)
groth16,witness_ms,10,cpu4,cpu8,within-round time ratio (from / to),1.0805579900671924,1.1269887821687807,1.1002332701559994,0.9908131084601672,1.1084265964450297,1.1002332701559994,0.9908131084601672,1.1269887821687807,0.9908131084601672,1.1269887821687807,6314126727880904641,COARSE (n = 5)
groth16,witness_ms,10,cpu2,cpu8,within-round time ratio (from / to),1.9239702015775635,1.572182711342474,1.6054089517422365,1.4638009049773755,1.7654377880184333,1.6054089517422365,1.4638009049773755,1.9239702015775635,1.4638009049773755,1.9239702015775635,10715661218625920180,COARSE (n = 5)
groth16,witness_ms,11,cpu2,cpu4,within-round time ratio (from / to),1.7769956356469099,1.9050887409872435,1.8158272442588725,1.9173810884612943,1.5176470588235293,1.8158272442588725,1.5176470588235293,1.9173810884612943,1.5176470588235293,1.9173810884612943,12536718250068146819,COARSE (n = 5)
groth16,witness_ms,11,cpu4,cpu8,within-round time ratio (from / to),1.0150042869391254,1.0751341681574238,0.9601002192295647,1.1468210618308936,1.155672253794691,1.0751341681574238,0.9601002192295647,1.155672253794691,0.9601002192295647,1.155672253794691,1884300418761495024,COARSE (n = 5)
groth16,witness_ms,11,cpu2,cpu8,within-round time ratio (from / to),1.8036581880537295,2.048225998807394,1.7433761352959598,2.198893015803656,1.7539025969354722,1.8036581880537295,1.7433761352959598,2.198893015803656,1.7433761352959598,2.198893015803656,11934811220832260620,COARSE (n = 5)
groth16,witness_ms,12,cpu2,cpu4,within-round time ratio (from / to),1.8944867538892145,1.5439091707439467,1.2879215067102738,1.5612580834803054,1.589648472001413,1.5612580834803054,1.2879215067102738,1.8944867538892145,1.2879215067102738,1.8944867538892145,17959097211781463416,COARSE (n = 5)
groth16,witness_ms,12,cpu4,cpu8,within-round time ratio (from / to),1.0076741440377803,1.1105538140020899,1.2507229000634743,1.0229732980514796,1.1502201151371487,1.1105538140020899,1.0076741440377803,1.2507229000634743,1.0076741440377803,1.2507229000634743,17401480549884704562,COARSE (n = 5)
groth16,witness_ms,12,cpu2,cpu8,within-round time ratio (from / to),1.909025318116227,1.7145942180424938,1.6108329219267932,1.5971253307673803,1.8284456484930578,1.7145942180424938,1.5971253307673803,1.909025318116227,1.5971253307673803,1.909025318116227,4851092551065994782,COARSE (n = 5)
groth16,witness_ms,13,cpu2,cpu4,within-round time ratio (from / to),1.7558337741726913,1.7308630195080579,1.546252788456975,1.4530914299355453,1.8503473562331145,1.7308630195080579,1.4530914299355453,1.8503473562331145,1.4530914299355453,1.8503473562331145,4864711369864944740,COARSE (n = 5)
groth16,witness_ms,13,cpu4,cpu8,within-round time ratio (from / to),1.0395967002749773,1.1045143158264537,1.0501943973681587,1.067696385787837,1.151107902482368,1.067696385787837,1.0395967002749773,1.151107902482368,1.0395967002749773,1.151107902482368,13231958057418780172,COARSE (n = 5)
groth16,witness_ms,13,cpu2,cpu8,within-round time ratio (from / to),1.8253589978612894,1.911762983781252,1.6238660153524076,1.5514604679614619,2.129949464097295,1.8253589978612894,1.5514604679614619,2.129949464097295,1.5514604679614619,2.129949464097295,7522444578789402638,COARSE (n = 5)
groth16,witness_ms,14,cpu2,cpu4,within-round time ratio (from / to),1.4860617586707372,1.5465767634854772,1.6655668866226754,1.5801353208584419,1.7009205020920501,1.5801353208584419,1.4860617586707372,1.7009205020920501,1.4860617586707372,1.7009205020920501,6322766970125755564,COARSE (n = 5)
groth16,witness_ms,14,cpu4,cpu8,within-round time ratio (from / to),1.1822377374119877,1.1359217580863725,1.11489036449625,1.0698410903127298,1.0706606140246087,1.11489036449625,1.0698410903127298,1.1822377374119877,1.0698410903127298,1.1822377374119877,11244657084199051408,COARSE (n = 5)
groth16,witness_ms,14,cpu2,cpu8,within-round time ratio (from / to),1.7568782912253713,1.7567901961939554,1.856924473319639,1.6904936945088505,1.8211085891769203,1.7568782912253713,1.6904936945088505,1.856924473319639,1.6904936945088505,1.856924473319639,13962160484035413313,COARSE (n = 5)
groth16,witness_ms,15,cpu2,cpu4,within-round time ratio (from / to),1.4457695155695858,1.5089290155698154,1.376047499154485,1.1499390833088265,1.4048487914152545,1.4048487914152545,1.1499390833088265,1.5089290155698154,1.1499390833088265,1.5089290155698154,8117963963907876602,COARSE (n = 5)
groth16,witness_ms,15,cpu4,cpu8,within-round time ratio (from / to),1.0544505629982739,1.0173582995951418,0.98841139546113,1.1333142884349856,1.1252642706131077,1.0544505629982739,0.98841139546113,1.1333142884349856,0.98841139546113,1.1333142884349856,6880380585842907461,COARSE (n = 5)
groth16,witness_ms,15,cpu2,cpu8,within-round time ratio (from / to),1.5244924796580916,1.5351214574898784,1.3601010288600826,1.3032423939437223,1.5808261505935923,1.5244924796580916,1.3032423939437223,1.5808261505935923,1.3032423939437223,1.5808261505935923,7853028066051097712,COARSE (n = 5)
groth16,prove_ms,5,cpu2,cpu4,within-round time ratio (from / to),2.050239938764095,1.6819403037424152,1.8038721189173241,1.731479032998845,1.6396912625648954,1.731479032998845,1.6396912625648954,2.050239938764095,1.6396912625648954,2.050239938764095,8532967685934515939,COARSE (n = 5)
groth16,prove_ms,5,cpu4,cpu8,within-round time ratio (from / to),1.3076552905622605,1.3952043063371666,1.3997423744813076,1.355257325549593,1.3113519288048745,1.355257325549593,1.3076552905622605,1.3997423744813076,1.3076552905622605,1.3997423744813076,18143887758376852753,COARSE (n = 5)
groth16,prove_ms,5,cpu2,cpu8,within-round time ratio (from / to),2.6810071028469133,2.34665035478346,2.5249562429939627,2.34659964350721,2.1502122998089757,2.34665035478346,2.1502122998089757,2.6810071028469133,2.1502122998089757,2.6810071028469133,3329928296489038651,COARSE (n = 5)
groth16,prove_ms,6,cpu2,cpu4,within-round time ratio (from / to),1.5469605116440024,1.826260993019679,1.8791857178091025,1.845135170110367,1.837277581199508,1.837277581199508,1.5469605116440024,1.8791857178091025,1.5469605116440024,1.8791857178091025,1736640105456521131,COARSE (n = 5)
groth16,prove_ms,6,cpu4,cpu8,within-round time ratio (from / to),1.422959430254507,1.3816269819648015,1.446010205388006,1.4533266463070598,1.4253124971755498,1.4253124971755498,1.3816269819648015,1.4533266463070598,1.3816269819648015,1.4533266463070598,14415915895377937533,COARSE (n = 5)
groth16,prove_ms,6,cpu2,cpu8,within-round time ratio (from / to),2.2012620482751704,2.5232114640658203,2.717321725771348,2.6815841087597057,2.6186946972641243,2.6186946972641243,2.2012620482751704,2.717321725771348,2.2012620482751704,2.717321725771348,3889351950919218151,COARSE (n = 5)
groth16,prove_ms,7,cpu2,cpu4,within-round time ratio (from / to),1.636299717544944,1.695616742379582,1.633977712345891,1.7520705443849696,1.8104293341867241,1.695616742379582,1.633977712345891,1.8104293341867241,1.633977712345891,1.8104293341867241,6277067697892980824,COARSE (n = 5)
groth16,prove_ms,7,cpu4,cpu8,within-round time ratio (from / to),1.413897125619183,1.435331204114646,1.4139135533590217,1.3633603649676513,1.5124442746146987,1.4139135533590217,1.3633603649676513,1.5124442746146987,1.3633603649676513,1.5124442746146987,9239853546947546726,COARSE (n = 5)
groth16,prove_ms,7,cpu2,cpu8,within-round time ratio (from / to),2.3135594672882775,2.4337716205566386,2.3103032333724243,2.3887035368417635,2.7381734810852123,2.3887035368417635,2.3103032333724243,2.7381734810852123,2.3103032333724243,2.7381734810852123,16456705990395831516,COARSE (n = 5)
groth16,prove_ms,8,cpu2,cpu4,within-round time ratio (from / to),1.7501100020270035,1.8561991113756668,1.6900806266755697,1.6070048839238782,1.6544626269310054,1.6900806266755697,1.6070048839238782,1.8561991113756668,1.6070048839238782,1.8561991113756668,6192894594711721328,COARSE (n = 5)
groth16,prove_ms,8,cpu4,cpu8,within-round time ratio (from / to),1.4059150622089387,1.3311637318089524,1.4166772558487584,1.4158983178218396,1.4171385292314351,1.4158983178218396,1.3311637318089524,1.4171385292314351,1.3311637318089524,1.4171385292314351,7352194093343928127,COARSE (n = 5)
groth16,prove_ms,8,cpu2,cpu8,within-round time ratio (from / to),2.4605060123722806,2.470904936079294,2.394298784361896,2.2753555118792996,2.3446027337973816,2.394298784361896,2.2753555118792996,2.470904936079294,2.2753555118792996,2.470904936079294,10451737678588051246,COARSE (n = 5)
groth16,prove_ms,9,cpu2,cpu4,within-round time ratio (from / to),1.8140237797843226,1.631378125029922,1.664789141322494,1.819938543570844,1.681616334550902,1.681616334550902,1.631378125029922,1.819938543570844,1.631378125029922,1.819938543570844,6179964244175488184,COARSE (n = 5)
groth16,prove_ms,9,cpu4,cpu8,within-round time ratio (from / to),1.4288886769574518,1.4254673008810304,1.3764061781924992,1.3779324968598479,1.4055881428004977,1.4055881428004977,1.3764061781924992,1.4288886769574518,1.3764061781924992,1.4288886769574518,5572326102814551173,COARSE (n = 5)
groth16,prove_ms,9,cpu2,cpu8,within-round time ratio (from / to),2.5920380386653767,2.325476172602759,2.291426059504066,2.5077524614740483,2.3636599805843828,2.3636599805843828,2.291426059504066,2.5920380386653767,2.291426059504066,2.5920380386653767,6165876081353531710,COARSE (n = 5)
groth16,prove_ms,10,cpu2,cpu4,within-round time ratio (from / to),1.7590625973941398,1.8277216350651635,1.6686925466116487,1.6856576825616216,1.798102193071427,1.7590625973941398,1.6686925466116487,1.8277216350651635,1.6686925466116487,1.8277216350651635,890984551856590567,COARSE (n = 5)
groth16,prove_ms,10,cpu4,cpu8,within-round time ratio (from / to),1.3888210554877223,1.3884509034788761,1.41502276656513,1.407240757789909,1.4133758935739134,1.407240757789909,1.3884509034788761,1.41502276656513,1.3884509034788761,1.41502276656513,11672390322675543218,COARSE (n = 5)
groth16,prove_ms,10,cpu2,cpu8,within-round time ratio (from / to),2.4430231731819037,2.537701755514115,2.3612379438530273,2.372126194582399,2.5413942938695415,2.4430231731819037,2.3612379438530273,2.5413942938695415,2.3612379438530273,2.5413942938695415,7203940830689693377,COARSE (n = 5)
groth16,prove_ms,11,cpu2,cpu4,within-round time ratio (from / to),1.6200652542518026,1.6560861586857742,1.6465214275599573,1.5515054101687906,1.629271416334711,1.629271416334711,1.5515054101687906,1.6560861586857742,1.5515054101687906,1.6560861586857742,17760437370800500021,COARSE (n = 5)
groth16,prove_ms,11,cpu4,cpu8,within-round time ratio (from / to),1.425159420289855,1.4254574442908212,1.445305135202183,1.4180359423407127,1.4803001298757257,1.4254574442908212,1.4180359423407127,1.4803001298757257,1.4180359423407127,1.4803001298757257,704730058750771842,COARSE (n = 5)
groth16,prove_ms,11,cpu2,cpu8,within-round time ratio (from / to),2.3088512585812357,2.3606803432856274,2.3797258744728356,2.200090436355415,2.41181068920308,2.3606803432856274,2.200090436355415,2.41181068920308,2.200090436355415,2.41181068920308,15689253245937909242,COARSE (n = 5)
groth16,prove_ms,12,cpu2,cpu4,within-round time ratio (from / to),1.7130688204830553,1.6668321964746122,1.6581165970970106,1.7925636007827788,1.6870159341935325,1.6870159341935325,1.6581165970970106,1.7925636007827788,1.6581165970970106,1.7925636007827788,5578796258481448194,COARSE (n = 5)
groth16,prove_ms,12,cpu4,cpu8,within-round time ratio (from / to),1.4308582189938124,1.4666429720092296,1.4209454953848313,1.3601404087894975,1.4398927620232076,1.4308582189938124,1.3601404087894975,1.4666429720092296,1.3601404087894975,1.4666429720092296,940284527468925385,COARSE (n = 5)
groth16,prove_ms,12,cpu2,cpu8,within-round time ratio (from / to),2.4511586014902154,2.4446477264781974,2.3560933094678225,2.4381381887498623,2.4291220330630874,2.4381381887498623,2.3560933094678225,2.4511586014902154,2.3560933094678225,2.4511586014902154,15007990123982374623,COARSE (n = 5)
groth16,prove_ms,13,cpu2,cpu4,within-round time ratio (from / to),1.9812128358672436,1.7330578785302106,1.6389460699429141,1.7704523580365734,1.763087994869704,1.763087994869704,1.6389460699429141,1.9812128358672436,1.6389460699429141,1.9812128358672436,2926467544813432789,COARSE (n = 5)
groth16,prove_ms,13,cpu4,cpu8,within-round time ratio (from / to),1.3322431682991187,1.3515989377608175,1.448269837691614,1.3855506746156259,1.3958591194412517,1.3855506746156259,1.3322431682991187,1.448269837691614,1.3322431682991187,1.448269837691614,9292143304646667958,COARSE (n = 5)
groth16,prove_ms,13,cpu2,cpu8,within-round time ratio (from / to),2.6394572655306585,2.3423991876994488,2.373636158701533,2.4530514590524004,2.4610224560162677,2.4530514590524004,2.3423991876994488,2.6394572655306585,2.3423991876994488,2.6394572655306585,4059210382223374769,COARSE (n = 5)
groth16,prove_ms,14,cpu2,cpu4,within-round time ratio (from / to),1.810603676987558,1.8276538932244066,1.683564727517311,1.68239159907167,1.673384446878423,1.683564727517311,1.673384446878423,1.8276538932244066,1.673384446878423,1.8276538932244066,5791515992449948245,COARSE (n = 5)
groth16,prove_ms,14,cpu4,cpu8,within-round time ratio (from / to),1.3930380294798814,1.3374857173225627,1.3707578341505011,1.404261498085445,1.376622208584413,1.376622208584413,1.3374857173225627,1.404261498085445,1.3374857173225627,1.404261498085445,2490581170035100223,COARSE (n = 5)
groth16,prove_ms,14,cpu2,cpu8,within-round time ratio (from / to),2.5222397783597756,2.44446097839662,2.3077595395438077,2.362517747278751,2.3036181930725808,2.362517747278751,2.3036181930725808,2.5222397783597756,2.3036181930725808,2.5222397783597756,13786438760618006301,COARSE (n = 5)
groth16,prove_ms,15,cpu2,cpu4,within-round time ratio (from / to),1.84421643861973,1.7900865253102989,1.8605089717703531,1.9037393376203116,1.8206595610353922,1.84421643861973,1.7900865253102989,1.9037393376203116,1.7900865253102989,1.9037393376203116,12275509956141769829,COARSE (n = 5)
groth16,prove_ms,15,cpu4,cpu8,within-round time ratio (from / to),1.392090407120488,1.4194589936721675,1.3732578579500272,1.340926582278481,1.4318454944751087,1.392090407120488,1.340926582278481,1.4318454944751087,1.340926582278481,1.4318454944751087,6488593231598750341,COARSE (n = 5)
groth16,prove_ms,15,cpu2,cpu8,within-round time ratio (from / to),2.5673160128564363,2.540954417803064,2.5549585652701627,2.5527746835443037,2.6069031894415553,2.5549585652701627,2.540954417803064,2.6069031894415553,2.540954417803064,2.6069031894415553,2560022662393621848,COARSE (n = 5)
groth16,verify_first_ms,5,cpu2,cpu4,within-round time ratio (from / to),1.6541305456399795,2.2440089865202193,1.2932992980216973,2.202741892960717,1.383862733976177,1.6541305456399795,1.2932992980216973,2.2440089865202193,1.2932992980216973,2.2440089865202193,12938752864216600427,COARSE (n = 5)
groth16,verify_first_ms,5,cpu4,cpu8,within-round time ratio (from / to),1.2237129485179408,1.266318950529477,1.251397540329021,1.1860537836147593,1.0590178705511337,1.2237129485179408,1.0590178705511337,1.266318950529477,1.0590178705511337,1.266318950529477,10102374378250590574,COARSE (n = 5)
groth16,verify_first_ms,5,cpu2,cpu8,within-round time ratio (from / to),2.0241809672386895,2.8416311047889993,1.6184315604536015,2.6125703564727956,1.4655353656705212,2.0241809672386895,1.4655353656705212,2.8416311047889993,1.4655353656705212,2.8416311047889993,12786671531066977851,COARSE (n = 5)
groth16,verify_first_ms,6,cpu2,cpu4,within-round time ratio (from / to),2.1178286596346796,1.2944241792600313,1.7653822249844624,1.740353697749196,1.6953304414391426,1.740353697749196,1.2944241792600313,2.1178286596346796,1.2944241792600313,2.1178286596346796,4777550079120422752,COARSE (n = 5)
groth16,verify_first_ms,6,cpu4,cpu8,within-round time ratio (from / to),1.2306474592369796,1.126669602231029,1.0256573705179282,0.9964754886254406,1.1374256276302424,1.126669602231029,0.9964754886254406,1.2306474592369796,0.9964754886254406,1.2306474592369796,15754172796402837022,COARSE (n = 5)
groth16,verify_first_ms,6,cpu2,cpu8,within-round time ratio (from / to),2.6063004590786765,1.4583883751651256,1.8106772908366533,1.7342198013457224,1.9283122913945727,1.8106772908366533,1.4583883751651256,2.6063004590786765,1.4583883751651256,2.6063004590786765,251283377894002443,COARSE (n = 5)
groth16,verify_first_ms,7,cpu2,cpu4,within-round time ratio (from / to),2.225531914893617,1.3417044051049813,1.2987345008308833,1.707031787532682,1.7021444546770164,1.7021444546770164,1.2987345008308833,2.225531914893617,1.2987345008308833,2.225531914893617,9592899319619655027,COARSE (n = 5)
groth16,verify_first_ms,7,cpu4,cpu8,within-round time ratio (from / to),1.1738994692475804,1.2018802572983671,1.2468919349697163,0.9832228385874713,1.1677677062528806,1.1738994692475804,0.9832228385874713,1.2468919349697163,0.9832228385874713,1.2468919349697163,2526004979766150266,COARSE (n = 5)
groth16,verify_first_ms,7,cpu2,cpu8,within-round time ratio (from / to),2.6125507336871685,1.6125680356259278,1.6193815747529487,1.6783926396969286,1.9877093255492395,1.6783926396969286,1.6125680356259278,2.6125507336871685,1.6125680356259278,2.6125507336871685,3698643528577523328,COARSE (n = 5)
groth16,verify_first_ms,8,cpu2,cpu4,within-round time ratio (from / to),1.544329123421283,1.877454045266975,1.5729327170005136,1.9025365103766334,1.5017368347922746,1.5729327170005136,1.5017368347922746,1.9025365103766334,1.5017368347922746,1.9025365103766334,7813141748678477518,COARSE (n = 5)
groth16,verify_first_ms,8,cpu4,cpu8,within-round time ratio (from / to),0.6496872207327972,1.311413578222368,1.2686105228864635,1.1108265027322404,1.2163258407977016,1.2163258407977016,0.6496872207327972,1.311413578222368,0.6496872207327972,1.311413578222368,1205032212364471449,COARSE (n = 5)
groth16,verify_first_ms,8,cpu2,cpu8,within-round time ratio (from / to),1.0033308960922902,2.4621187274516236,1.9954389965792474,2.1133879781420766,1.8266013182355925,1.9954389965792474,1.0033308960922902,2.4621187274516236,1.0033308960922902,2.4621187274516236,17180867207386986933,COARSE (n = 5)
groth16,verify_first_ms,9,cpu2,cpu4,within-round time ratio (from / to),1.6721971649484535,1.6240428790199082,2.1791044776119404,1.6069400630914825,1.3009384239619488,1.6240428790199082,1.3009384239619488,2.1791044776119404,1.3009384239619488,2.1791044776119404,3422562567601470540,COARSE (n = 5)
groth16,verify_first_ms,9,cpu4,cpu8,within-round time ratio (from / to),1.0590242238143979,1.3447743264115326,1.3137254901960784,1.3053862625597101,1.3333904696606103,1.3137254901960784,1.0590242238143979,1.3447743264115326,1.0590242238143979,1.3447743264115326,3336370753731317782,COARSE (n = 5)
groth16,verify_first_ms,9,cpu2,cpu8,within-round time ratio (from / to),1.7708973046741727,2.1839711686974432,2.8627450980392153,2.0976774831164553,1.734658896126157,2.0976774831164553,1.734658896126157,2.8627450980392153,1.734658896126157,2.8627450980392153,15250094067309191807,COARSE (n = 5)
groth16,verify_first_ms,10,cpu2,cpu4,within-round time ratio (from / to),1.5695232690124856,1.3746147380218547,1.4500321543408359,1.6431924882629108,1.6853856562922869,1.5695232690124856,1.3746147380218547,1.6853856562922869,1.3746147380218547,1.6853856562922869,17643952509176196591,COARSE (n = 5)
groth16,verify_first_ms,10,cpu4,cpu8,within-round time ratio (from / to),1.2261656228253306,1.173627096349885,1.2226765214656392,1.255765562684238,1.254243041412084,1.2261656228253306,1.173627096349885,1.255765562684238,1.173627096349885,1.255765562684238,15197802158201375414,COARSE (n = 5)
groth16,verify_first_ms,10,cpu2,cpu8,within-round time ratio (from / to),1.9244954766875433,1.6132851035843472,1.7729202704827802,2.0634645396219873,2.1138832315003393,1.9244954766875433,1.6132851035843472,2.1138832315003393,1.6132851035843472,2.1138832315003393,13513925994651602219,COARSE (n = 5)
groth16,verify_first_ms,11,cpu2,cpu4,within-round time ratio (from / to),1.3931015971010605,1.3291170945522854,1.425700365408039,1.7032932729826753,1.1541681834728796,1.3931015971010605,1.1541681834728796,1.7032932729826753,1.1541681834728796,1.7032932729826753,12281301193521486664,COARSE (n = 5)
groth16,verify_first_ms,11,cpu4,cpu8,within-round time ratio (from / to),1.292006242413733,1.395003494060098,1.4285714285714288,1.0811677354033074,1.7963053784534901,1.395003494060098,1.0811677354033074,1.7963053784534901,1.0811677354033074,1.7963053784534901,15027040989164022471,COARSE (n = 5)
groth16,verify_first_ms,11,cpu2,cpu8,within-round time ratio (from / to),1.7998959597711115,1.8541229909154435,2.03671480772577,1.8415457306783665,2.0732385156122284,1.8541229909154435,1.7998959597711115,2.0732385156122284,1.7998959597711115,2.0732385156122284,11717717480547290545,COARSE (n = 5)
groth16,verify_first_ms,12,cpu2,cpu4,within-round time ratio (from / to),1.3802947815695126,1.559233694886604,1.4310728182323513,1.5053584905660378,1.5773779567186714,1.5053584905660378,1.3802947815695126,1.5773779567186714,1.3802947815695126,1.5773779567186714,4868170916128348477,COARSE (n = 5)
groth16,verify_first_ms,12,cpu4,cpu8,within-round time ratio (from / to),1.2117457763475463,1.2384856943475226,1.2202814990673223,1.1225008471704507,1.3209240485291673,1.2202814990673223,1.1225008471704507,1.3209240485291673,1.1225008471704507,1.3209240485291673,7902028322269711830,COARSE (n = 5)
groth16,verify_first_ms,12,cpu2,cpu8,within-round time ratio (from / to),1.6725663716814159,1.9310886252616888,1.7463116839070714,1.6897661809556084,2.083596476649493,1.7463116839070714,1.6725663716814159,2.083596476649493,1.6725663716814159,2.083596476649493,10183845073717106180,COARSE (n = 5)
groth16,verify_first_ms,13,cpu2,cpu4,within-round time ratio (from / to),1.355575749707906,1.3150076180802437,1.2644453259288644,1.6293510136427387,1.6025433237750901,1.355575749707906,1.2644453259288644,1.6293510136427387,1.2644453259288644,1.6293510136427387,10351229654192701751,COARSE (n = 5)
groth16,verify_first_ms,13,cpu4,cpu8,within-round time ratio (from / to),1.3320076085076948,1.2672566371681417,1.2860057813297057,1.3459756306847435,1.356273249915455,1.3320076085076948,1.2672566371681417,1.356273249915455,1.2672566371681417,1.356273249915455,7110992439556835355,COARSE (n = 5)
groth16,verify_first_ms,13,cpu2,cpu8,within-round time ratio (from / to),1.8056372125194535,1.6664521319388574,1.6260839993198437,2.1930667581946115,2.1734866418667567,1.8056372125194535,1.6260839993198437,2.1930667581946115,1.6260839993198437,2.1930667581946115,16592583989779438725,COARSE (n = 5)
groth16,verify_first_ms,14,cpu2,cpu4,within-round time ratio (from / to),1.5379972140535518,1.6099256385386356,1.776911655530809,1.5543406665788433,2.012281240405281,1.6099256385386356,1.5379972140535518,2.012281240405281,1.5379972140535518,2.012281240405281,3662572794069291156,COARSE (n = 5)
groth16,verify_first_ms,14,cpu4,cpu8,within-round time ratio (from / to),1.1213120444290179,1.0094647519582245,1.1429783623249896,1.2615921555592489,1.1190517093282941,1.1213120444290179,1.0094647519582245,1.2615921555592489,1.0094647519582245,1.2615921555592489,6565847833405567723,COARSE (n = 5)
groth16,verify_first_ms,14,cpu2,cpu8,within-round time ratio (from / to),1.724574800416522,1.62516318537859,2.03097157403479,1.9609439920226024,2.25184676172479,1.9609439920226024,1.62516318537859,2.25184676172479,1.62516318537859,2.25184676172479,7880262882127188266,COARSE (n = 5)
groth16,verify_first_ms,15,cpu2,cpu4,within-round time ratio (from / to),2.062321144674086,1.7688951442646021,2.6903496503496505,2.2437677500788893,1.470263196161117,2.062321144674086,1.470263196161117,2.6903496503496505,1.470263196161117,2.6903496503496505,4596845867324120211,COARSE (n = 5)
groth16,verify_first_ms,15,cpu4,cpu8,within-round time ratio (from / to),1.0861681920221031,1.1537836960051966,1.1713630406290958,0.6389112903225806,0.9818675042832667,1.0861681920221031,0.6389112903225806,1.1713630406290958,0.6389112903225806,1.1713630406290958,10345895078350820219,COARSE (n = 5)
groth16,verify_first_ms,15,cpu2,cpu8,within-round time ratio (from / to),2.240027629079606,2.040922377395258,3.1513761467889907,1.4335685483870968,1.4436036550542548,2.040922377395258,1.4335685483870968,3.1513761467889907,1.4335685483870968,3.1513761467889907,3522550907259908198,COARSE (n = 5)
groth16,verify_steady_ms,5,cpu2,cpu4,within-round time ratio (from / to),1.9106187929717342,1.6446230850902472,1.6252315984503956,1.5654166666666667,1.41427196480132,1.6252315984503956,1.41427196480132,1.9106187929717342,1.41427196480132,1.9106187929717342,16044391154921090937,COARSE (n = 5)
groth16,verify_steady_ms,5,cpu4,cpu8,within-round time ratio (from / to),1.127670572019297,1.14382373351839,0.9774448468883767,1.1372610961933343,1.2009577278731836,1.1372610961933343,0.9774448468883767,1.2009577278731836,0.9774448468883767,1.2009577278731836,4655412511399048474,COARSE (n = 5)
groth16,verify_steady_ms,5,cpu2,cpu8,within-round time ratio (from / to),2.1545485871812544,1.8811589174184593,1.5885742509054988,1.780287474332649,1.6984808454425362,1.780287474332649,1.5885742509054988,2.1545485871812544,1.5885742509054988,2.1545485871812544,9156177076183641982,COARSE (n = 5)
groth16,verify_steady_ms,6,cpu2,cpu4,within-round time ratio (from / to),1.8700557103064066,1.5488879563575326,1.5043026908892227,1.5284342125323982,1.5914542728635683,1.5488879563575326,1.5043026908892227,1.8700557103064066,1.5043026908892227,1.8700557103064066,6683048711330912072,COARSE (n = 5)
groth16,verify_steady_ms,6,cpu4,cpu8,within-round time ratio (from / to),1.2441517934500086,1.2387801074337204,1.2397967823878069,1.0663306779385466,1.145260989010989,1.2387801074337204,1.0663306779385466,1.2441517934500086,1.0663306779385466,1.2441517934500086,16629005552843796706,COARSE (n = 5)
groth16,verify_steady_ms,6,cpu2,cpu8,within-round time ratio (from / to),2.3266331658291457,1.9187315889793797,1.865029635901778,1.6298162900341409,1.8226304945054945,1.865029635901778,1.6298162900341409,2.3266331658291457,1.6298162900341409,2.3266331658291457,12190956578625350538,COARSE (n = 5)
groth16,verify_steady_ms,7,cpu2,cpu4,within-round time ratio (from / to),0.9923935091277891,1.7909571344685846,1.7119473978735311,1.4777096684313178,1.3625949114160116,1.4777096684313178,0.9923935091277891,1.7909571344685846,0.9923935091277891,1.7909571344685846,7385441559161985689,COARSE (n = 5)
groth16,verify_steady_ms,7,cpu4,cpu8,within-round time ratio (from / to),1.7061775393666723,1.1360907271514342,1.2546954537475863,1.1408137317228226,0.9702727155228124,1.1408137317228226,0.9702727155228124,1.7061775393666723,0.9702727155228124,1.7061775393666723,5776384564789076506,COARSE (n = 5)
groth16,verify_steady_ms,7,cpu2,cpu8,within-round time ratio (from / to),1.6931995154871085,2.0346897931954633,2.1479726171669298,1.6857914812460266,1.3220886648571797,1.6931995154871085,1.3220886648571797,2.1479726171669298,1.3220886648571797,2.1479726171669298,4767210392873827844,COARSE (n = 5)
groth16,verify_steady_ms,8,cpu2,cpu4,within-round time ratio (from / to),1.8658042394014962,1.2221180880974696,1.5280837753297976,1.6590580757006645,1.4875688751511895,1.5280837753297976,1.2221180880974696,1.8658042394014962,1.2221180880974696,1.8658042394014962,17612414861966649389,COARSE (n = 5)
groth16,verify_steady_ms,8,cpu4,cpu8,within-round time ratio (from / to),1.0358411365837907,1.2966732492784443,1.2214285714285715,1.1399868247694334,1.2489090298757972,1.2214285714285715,1.0358411365837907,1.2966732492784443,1.0358411365837907,1.2966732492784443,1428206289953733567,COARSE (n = 5)
groth16,verify_steady_ms,8,cpu2,cpu8,within-round time ratio (from / to),1.9326767839845012,1.5846878322953062,1.8664451827242527,1.891304347826087,1.857838200738503,1.8664451827242527,1.5846878322953062,1.9326767839845012,1.5846878322953062,1.9326767839845012,15230643846673595000,COARSE (n = 5)
groth16,verify_steady_ms,9,cpu2,cpu4,within-round time ratio (from / to),1.4133142448103078,1.7299803315538071,1.4127683776482296,1.3549985839705467,1.491715810165684,1.4133142448103078,1.3549985839705467,1.7299803315538071,1.3549985839705467,1.7299803315538071,5234509703250713678,COARSE (n = 5)
groth16,verify_steady_ms,9,cpu4,cpu8,within-round time ratio (from / to),1.2282398452611218,1.1887107548430194,1.197310180456248,1.165538867799967,1.157672301690507,1.1887107548430194,1.157672301690507,1.2282398452611218,1.157672301690507,1.2282398452611218,15111977514195128754,COARSE (n = 5)
groth16,verify_steady_ms,9,cpu2,cpu8,within-round time ratio (from / to),1.7358888693511516,2.056446225784903,1.6915219611848826,1.5793035154315895,1.7269180754226268,1.7269180754226268,1.5793035154315895,2.056446225784903,1.5793035154315895,2.056446225784903,3925901157286163782,COARSE (n = 5)
groth16,verify_steady_ms,10,cpu2,cpu4,within-round time ratio (from / to),1.4209927464087613,1.3658005713508365,1.536060433295325,1.7265978050355069,1.719313063063063,1.536060433295325,1.3658005713508365,1.7265978050355069,1.3658005713508365,1.7265978050355069,17379074295222049526,COARSE (n = 5)
groth16,verify_steady_ms,10,cpu4,cpu8,within-round time ratio (from / to),1.2279077890324834,1.2072589916242404,1.1829371100994772,1.0704906703524533,1.2254614455752977,1.2072589916242404,1.0704906703524533,1.2279077890324834,1.0704906703524533,1.2279077890324834,776995662886425560,COARSE (n = 5)
groth16,verify_steady_ms,10,cpu2,cpu8,within-round time ratio (from / to),1.7448480614739783,1.6488750205288223,1.8170628899005226,1.8483068417415343,2.106951871657754,1.8170628899005226,1.6488750205288223,2.106951871657754,1.6488750205288223,2.106951871657754,1202546652290228857,COARSE (n = 5)
groth16,verify_steady_ms,11,cpu2,cpu4,within-round time ratio (from / to),1.3782246879334257,1.5350890782339273,1.2801741733569192,1.4451967837494708,1.417863919761453,1.417863919761453,1.2801741733569192,1.5350890782339273,1.2801741733569192,1.5350890782339273,13410735740196323849,COARSE (n = 5)
groth16,verify_steady_ms,11,cpu4,cpu8,within-round time ratio (from / to),1.204879679144385,1.0406255037884895,1.2560246111775766,1.1902283411685695,1.2174917491749175,1.204879679144385,1.0406255037884895,1.2560246111775766,1.0406255037884895,1.2560246111775766,15306241367695400933,COARSE (n = 5)
groth16,verify_steady_ms,11,cpu2,cpu8,within-round time ratio (from / to),1.660594919786096,1.5974528453973884,1.6079302683302,1.7201141705842844,1.7262376237623764,1.660594919786096,1.5974528453973884,1.7262376237623764,1.5974528453973884,1.7262376237623764,12908190391857250360,COARSE (n = 5)
groth16,verify_steady_ms,12,cpu2,cpu4,within-round time ratio (from / to),1.6282127031019202,1.6049081748740452,1.7104593998982878,1.6093533166805438,1.9657204901504575,1.6282127031019202,1.6049081748740452,1.9657204901504575,1.6049081748740452,1.9657204901504575,9448608050396162248,COARSE (n = 5)
groth16,verify_steady_ms,12,cpu4,cpu8,within-round time ratio (from / to),1.1156888595912986,1.05576527110501,1.003743406499915,1.1968111609367216,1.0640369697969962,1.0640369697969962,1.003743406499915,1.1968111609367216,1.003743406499915,1.1968111609367216,16549860578319833212,COARSE (n = 5)
groth16,verify_steady_ms,12,cpu2,cpu8,within-round time ratio (from / to),1.8165787738958472,1.6944063143445436,1.7168623447337077,1.926092011293805,2.091599273807559,1.8165787738958472,1.6944063143445436,2.091599273807559,1.6944063143445436,2.091599273807559,5395589308962131430,COARSE (n = 5)
groth16,verify_steady_ms,13,cpu2,cpu4,within-round time ratio (from / to),1.4741140440425842,1.4674201199944188,1.845587003851951,1.4446141032759579,1.4685089072801234,1.4685089072801234,1.4446141032759579,1.845587003851951,1.4446141032759579,1.845587003851951,9214321521986975823,COARSE (n = 5)
groth16,verify_steady_ms,13,cpu4,cpu8,within-round time ratio (from / to),1.1405522288755823,1.2536295259751618,1.033939393939394,1.2517810599478714,1.2327511672142486,1.2327511672142486,1.033939393939394,1.2536295259751618,1.033939393939394,1.2536295259751618,10405605633282015407,COARSE (n = 5)
groth16,verify_steady_ms,13,cpu2,cpu8,within-round time ratio (from / to),1.6813040585495678,1.8396011894350184,1.908225108225108,1.8083405734144222,1.810306069514093,1.810306069514093,1.6813040585495678,1.908225108225108,1.6813040585495678,1.908225108225108,16805296485379510541,COARSE (n = 5)
groth16,verify_steady_ms,14,cpu2,cpu4,within-round time ratio (from / to),1.6592445983836386,1.588182897862233,1.591692683588978,1.4175242995997712,1.7013640792465086,1.591692683588978,1.4175242995997712,1.7013640792465086,1.4175242995997712,1.7013640792465086,9041713729911625931,COARSE (n = 5)
groth16,verify_steady_ms,14,cpu4,cpu8,within-round time ratio (from / to),1.028673227010519,1.16157958268667,1.1963299772653457,1.1563636363636365,1.0497783839072623,1.1563636363636365,1.028673227010519,1.1963299772653457,1.028673227010519,1.1963299772653457,16251106898974963813,COARSE (n = 5)
groth16,verify_steady_ms,14,cpu2,cpu8,within-round time ratio (from / to),1.7068204954190702,1.8448008277289187,1.9041896719714193,1.6391735537190082,1.7860552335492672,1.7860552335492672,1.6391735537190082,1.9041896719714193,1.6391735537190082,1.9041896719714193,15525950680442548430,COARSE (n = 5)
groth16,verify_steady_ms,15,cpu2,cpu4,within-round time ratio (from / to),1.7585424641996314,1.5015281618396157,1.079333216966312,1.4263640092985095,1.9741915422885572,1.5015281618396157,1.079333216966312,1.9741915422885572,1.079333216966312,1.9741915422885572,12544121256856884028,COARSE (n = 5)
groth16,verify_steady_ms,15,cpu4,cpu8,within-round time ratio (from / to),1.224691786768536,1.1685374149659864,1.9141329769462079,1.1315178709577596,1.1250655938429248,1.1685374149659864,1.1250655938429248,1.9141329769462079,1.1250655938429248,1.9141329769462079,3837970895328348411,COARSE (n = 5)
groth16,verify_steady_ms,15,cpu2,cpu8,within-round time ratio (from / to),2.153672512588991,1.754591836734694,2.0659873037086536,1.6139563670122232,2.221094979884555,2.0659873037086536,1.6139563670122232,2.221094979884555,1.6139563670122232,2.221094979884555,9676710459081749387,COARSE (n = 5)
groth16,wall_ms,5,cpu2,cpu4,within-round time ratio (from / to),1.9967170100707936,1.690281556700029,1.7710823144222638,1.73467969910402,1.6079102344366227,1.73467969910402,1.6079102344366227,1.9967170100707936,1.6079102344366227,1.9967170100707936,6394090540722184098,COARSE (n = 5)
groth16,wall_ms,5,cpu4,cpu8,within-round time ratio (from / to),1.2750862675060406,1.2780179606789976,1.3737447793530104,1.2902348368351506,1.2842801977256975,1.2842801977256975,1.2750862675060406,1.3737447793530104,1.2750862675060406,1.3737447793530104,16120199888012341182,COARSE (n = 5)
groth16,wall_ms,5,cpu2,cpu8,within-round time ratio (from / to),2.5459864396369896,2.1602101880670928,2.433015083242032,2.2381441785347236,2.065007273807438,2.2381441785347236,2.065007273807438,2.5459864396369896,2.065007273807438,2.5459864396369896,15415951521070801949,COARSE (n = 5)
groth16,wall_ms,6,cpu2,cpu4,within-round time ratio (from / to),1.575095796156966,1.7952769916939801,1.8293274445563115,1.8164704476184788,1.8191011235955057,1.8164704476184788,1.575095796156966,1.8293274445563115,1.575095796156966,1.8293274445563115,11236998096303880553,COARSE (n = 5)
groth16,wall_ms,6,cpu4,cpu8,within-round time ratio (from / to),1.3576641781409726,1.3294794599998474,1.385190892630119,1.3958442346339057,1.3741844658724511,1.3741844658724511,1.3294794599998474,1.3958442346339057,1.3294794599998474,1.3958442346339057,4328706851047782688,COARSE (n = 5)
groth16,wall_ms,6,cpu2,cpu8,within-round time ratio (from / to),2.138451139582748,2.3867838854674632,2.5339677158377314,2.5355098016911235,2.4997805058960654,2.4997805058960654,2.138451139582748,2.5355098016911235,2.138451139582748,2.5355098016911235,6723051869055026689,COARSE (n = 5)
groth16,wall_ms,7,cpu2,cpu4,within-round time ratio (from / to),1.6092004199016765,1.6979462859068144,1.614484078613628,1.7212372100288997,1.8005656722586556,1.6979462859068144,1.6092004199016765,1.8005656722586556,1.6092004199016765,1.8005656722586556,18053012993038366074,COARSE (n = 5)
groth16,wall_ms,7,cpu4,cpu8,within-round time ratio (from / to),1.3748838937395504,1.402472901184186,1.3670018151908785,1.314980416860672,1.441078963230862,1.3748838937395504,1.314980416860672,1.441078963230862,1.314980416860672,1.441078963230862,13721142064541387501,COARSE (n = 5)
groth16,wall_ms,7,cpu2,cpu8,within-round time ratio (from / to),2.2124637391217363,2.3813236536506435,2.207002666061603,2.2633932239599024,2.5947573122075838,2.2633932239599024,2.207002666061603,2.5947573122075838,2.207002666061603,2.5947573122075838,6826349939015670883,COARSE (n = 5)
groth16,wall_ms,8,cpu2,cpu4,within-round time ratio (from / to),1.7246373589235053,1.8243752682753858,1.6934235327301137,1.5933103854341228,1.6257506237339217,1.6934235327301137,1.5933103854341228,1.8243752682753858,1.5933103854341228,1.8243752682753858,14641132464003183353,COARSE (n = 5)
groth16,wall_ms,8,cpu4,cpu8,within-round time ratio (from / to),1.3230997334714025,1.2876582297492956,1.381997166174769,1.3861752887995982,1.3874046996081573,1.381997166174769,1.2876582297492956,1.3874046996081573,1.2876582297492956,1.3874046996081573,177177419532818288,COARSE (n = 5)
groth16,wall_ms,8,cpu2,cpu8,within-round time ratio (from / to),2.2818672299265135,2.3491718283458796,2.3403065233666833,2.2086074836765444,2.255574055759336,2.2818672299265135,2.2086074836765444,2.3491718283458796,2.2086074836765444,2.3491718283458796,6523898840499130103,COARSE (n = 5)
groth16,wall_ms,9,cpu2,cpu4,within-round time ratio (from / to),1.8042638487093423,1.6083305641471333,1.670268641294989,1.8166122381081626,1.6562497283482704,1.670268641294989,1.6083305641471333,1.8166122381081626,1.6083305641471333,1.8166122381081626,2359768866409137505,COARSE (n = 5)
groth16,wall_ms,9,cpu4,cpu8,within-round time ratio (from / to),1.3882023476136565,1.3937770916216377,1.3630495505011384,1.339191914454554,1.3662351543942992,1.3662351543942992,1.339191914454554,1.3937770916216377,1.339191914454554,1.3937770916216377,6200958294370388159,COARSE (n = 5)
groth16,wall_ms,9,cpu2,cpu8,within-round time ratio (from / to),2.5046833104927604,2.2416542960631793,2.276658920733282,2.4327924209736422,2.2628266033254154,2.276658920733282,2.2416542960631793,2.5046833104927604,2.2416542960631793,2.5046833104927604,1733871643195270436,COARSE (n = 5)
groth16,wall_ms,10,cpu2,cpu4,within-round time ratio (from / to),1.745726531361006,1.7776975850941157,1.6422223203922877,1.664153895829711,1.7705068717487638,1.745726531361006,1.6422223203922877,1.7776975850941157,1.6422223203922877,1.7776975850941157,16411474747406775428,COARSE (n = 5)
groth16,wall_ms,10,cpu4,cpu8,within-round time ratio (from / to),1.3533527433588373,1.3550704272850929,1.3778657001355725,1.3605672832135536,1.3772713954812568,1.3605672832135536,1.3533527433588373,1.3778657001355725,1.3533527433588373,1.3778657001355725,11769634482497286535,COARSE (n = 5)
groth16,wall_ms,10,cpu2,cpu8,within-round time ratio (from / to),2.3625837903717244,2.408905426217161,2.262761807265584,2.2641933448982807,2.438468469962574,2.3625837903717244,2.262761807265584,2.438468469962574,2.262761807265584,2.438468469962574,16215413875860475215,COARSE (n = 5)
groth16,wall_ms,11,cpu2,cpu4,within-round time ratio (from / to),1.6097635462714828,1.6422356441558341,1.6314793751895664,1.5591281112262179,1.5912483884200657,1.6097635462714828,1.5591281112262179,1.6422356441558341,1.5591281112262179,1.6422356441558341,16362104377752755201,COARSE (n = 5)
groth16,wall_ms,11,cpu4,cpu8,within-round time ratio (from / to),1.3735220247801716,1.3828736039138692,1.387640863224571,1.3711331020095816,1.4474586874347244,1.3828736039138692,1.3711331020095816,1.4474586874347244,1.3711331020095816,1.4474586874347244,8031812745515202307,COARSE (n = 5)
groth16,wall_ms,11,cpu2,cpu8,within-round time ratio (from / to),2.2110456854921168,2.2710043237095925,2.2639074485211337,2.137772163575944,2.303266303685129,2.2639074485211337,2.137772163575944,2.303266303685129,2.137772163575944,2.303266303685129,109861749073948637,COARSE (n = 5)
groth16,wall_ms,12,cpu2,cpu4,within-round time ratio (from / to),1.6838147706968434,1.6373192239858907,1.6084963424546195,1.7298440294350463,1.6589572407868123,1.6589572407868123,1.6084963424546195,1.7298440294350463,1.6084963424546195,1.7298440294350463,5625545461453921500,COARSE (n = 5)
groth16,wall_ms,12,cpu4,cpu8,within-round time ratio (from / to),1.3582114705868191,1.412633477669429,1.3851014965550712,1.2960023557461684,1.395484177136149,1.3851014965550712,1.2960023557461684,1.412633477669429,1.2960023557461684,1.412633477669429,1608211763271089865,COARSE (n = 5)
groth16,wall_ms,12,cpu2,cpu8,within-round time ratio (from / to),2.286976535903967,2.312931949434199,2.2279306911372516,2.2418819372212644,2.3150485800634413,2.286976535903967,2.2279306911372516,2.3150485800634413,2.2279306911372516,2.3150485800634413,11649644727375347683,COARSE (n = 5)
groth16,wall_ms,13,cpu2,cpu4,within-round time ratio (from / to),1.8588844895499623,1.655578957237426,1.5768249746218985,1.6929923437902419,1.7191035554768512,1.6929923437902419,1.5768249746218985,1.8588844895499623,1.5768249746218985,1.8588844895499623,6906496889090853050,COARSE (n = 5)
groth16,wall_ms,13,cpu4,cpu8,within-round time ratio (from / to),1.2589352683259256,1.279421655778087,1.3641490830211003,1.321748933442384,1.2871524509410786,1.2871524509410786,1.2589352683259256,1.3641490830211003,1.2589352683259256,1.3641490830211003,46534665212328687,COARSE (n = 5)
groth16,wall_ms,13,cpu2,cpu8,within-round time ratio (from / to),2.340215243638483,2.1181835707400665,2.1510243432152327,2.2377108247308737,2.2127483548535514,2.2127483548535514,2.1181835707400665,2.340215243638483,2.1181835707400665,2.340215243638483,18245468712706578485,COARSE (n = 5)
groth16,wall_ms,14,cpu2,cpu4,within-round time ratio (from / to),1.695417723540286,1.6942749227849516,1.5878040172925918,1.5786343992075342,1.5994983176393698,1.5994983176393698,1.5786343992075342,1.695417723540286,1.5786343992075342,1.695417723540286,7623319359362439893,COARSE (n = 5)
groth16,wall_ms,14,cpu4,cpu8,within-round time ratio (from / to),1.304781251627741,1.2546923148753384,1.2650819812412335,1.2946808913101049,1.2793397515551994,1.2793397515551994,1.2546923148753384,1.304781251627741,1.2546923148753384,1.304781251627741,8669233301793804824,COARSE (n = 5)
groth16,wall_ms,14,cpu2,cpu8,within-round time ratio (from / to),2.21214925935275,2.125793724904286,2.008702252019302,2.0438277910188023,2.0463017803017105,2.0463017803017105,2.008702252019302,2.21214925935275,2.008702252019302,2.21214925935275,11132055943444574317,COARSE (n = 5)
groth16,wall_ms,15,cpu2,cpu4,within-round time ratio (from / to),1.644289996133319,1.5773087058609525,1.6383986300372368,1.6239615951652797,1.5981686531382362,1.6239615951652797,1.5773087058609525,1.644289996133319,1.5773087058609525,1.644289996133319,14120580959885405261,COARSE (n = 5)
groth16,wall_ms,15,cpu4,cpu8,within-round time ratio (from / to),1.241672145685846,1.2402049400526598,1.2265973894778341,1.1757837794472428,1.2832751939193867,1.2402049400526598,1.1757837794472428,1.2832751939193867,1.1757837794472428,1.2832751939193867,565488309924964540,COARSE (n = 5)
groth16,wall_ms,15,cpu2,cpu8,within-round time ratio (from / to),2.0416690876286294,1.9561860489968208,2.0096554825277346,1.9094277020406059,2.0508901882718553,2.0096554825277346,1.9094277020406059,2.0508901882718553,1.9094277020406059,2.0508901882718553,14218358797224150515,COARSE (n = 5)
groth16,stage_sum_ms,5,cpu2,cpu4,within-round time ratio (from / to),1.996818072334977,1.6904167501867815,1.7710935860145733,1.7347034124193617,1.6079823484403637,1.7347034124193617,1.6079823484403637,1.996818072334977,1.6079823484403637,1.996818072334977,7401185033126585555,COARSE (n = 5)
groth16,stage_sum_ms,5,cpu4,cpu8,within-round time ratio (from / to),1.275144676861401,1.278042153475915,1.3738115247087515,1.2903173449986862,1.2843235090231808,1.2843235090231808,1.275144676861401,1.3738115247087515,1.275144676861401,1.3738115247087515,18224717253774769953,COARSE (n = 5)
groth16,stage_sum_ms,5,cpu2,cpu8,within-round time ratio (from / to),2.5462319355985903,2.1604238636804722,2.4331487798045712,2.2383179014731116,2.0651695321962626,2.2383179014731116,2.0651695321962626,2.5462319355985903,2.0651695321962626,2.5462319355985903,3391034184187001257,COARSE (n = 5)
groth16,stage_sum_ms,6,cpu2,cpu4,within-round time ratio (from / to),1.5751216783216784,1.795355779442579,1.829360421453168,1.8165522937075858,1.819198863073008,1.8165522937075858,1.5751216783216784,1.829360421453168,1.5751216783216784,1.829360421453168,11180639849942927047,COARSE (n = 5)
groth16,stage_sum_ms,6,cpu4,cpu8,within-round time ratio (from / to),1.3577049279941666,1.329539990383074,1.3852016243999046,1.3958605102690895,1.3741834394325896,1.3741834394325896,1.329539990383074,1.3958605102690895,1.329539990383074,1.3958605102690895,9757263005018882954,COARSE (n = 5)
groth16,stage_sum_ms,6,cpu2,cpu8,within-round time ratio (from / to),2.138550464847785,2.386997305734283,2.534033027409822,2.5356536116251553,2.499912950669523,2.499912950669523,2.138550464847785,2.5356536116251553,2.138550464847785,2.5356536116251553,15134831915501978000,COARSE (n = 5)
groth16,stage_sum_ms,7,cpu2,cpu4,within-round time ratio (from / to),1.6092427148136021,1.6980481852666836,1.6144812059717597,1.7212756207298783,1.8006145204101454,1.6980481852666836,1.6092427148136021,1.8006145204101454,1.6092427148136021,1.8006145204101454,13700929360138314168,COARSE (n = 5)
groth16,stage_sum_ms,7,cpu4,cpu8,within-round time ratio (from / to),1.3750321584769747,1.4024702849778032,1.3670363646678392,1.3150534836262036,1.4410985840695263,1.3750321584769747,1.3150534836262036,1.4410985840695263,1.3150534836262036,1.4410985840695263,12561028797724677029,COARSE (n = 5)
groth16,stage_sum_ms,7,cpu2,cpu8,within-round time ratio (from / to),2.212760483663494,2.381462122297007,2.207054518636183,2.2635695013216823,2.5948630358180895,2.2635695013216823,2.207054518636183,2.5948630358180895,2.207054518636183,2.5948630358180895,6121955071825425126,COARSE (n = 5)
groth16,stage_sum_ms,8,cpu2,cpu4,within-round time ratio (from / to),1.7246622372833116,1.8244305085062105,1.6934611492688343,1.5933606011604682,1.6258076451054,1.6934611492688343,1.5933606011604682,1.8244305085062105,1.5933606011604682,1.8244305085062105,8166136580401260809,COARSE (n = 5)
groth16,stage_sum_ms,8,cpu4,cpu8,within-round time ratio (from / to),1.3231379379332258,1.2876738666746776,1.3820411749781873,1.386207805907173,1.3874372425536179,1.3820411749781873,1.2876738666746776,1.3874372425536179,1.2876738666746776,1.3874372425536179,17315314628157672902,COARSE (n = 5)
groth16,stage_sum_ms,8,cpu2,cpu8,within-round time ratio (from / to),2.2819660362703447,2.3492714873674405,2.340433036515411,2.2087289029535864,2.255706076047627,2.2819660362703447,2.2087289029535864,2.3492714873674405,2.2087289029535864,2.3492714873674405,16879068203012674036,COARSE (n = 5)
groth16,stage_sum_ms,9,cpu2,cpu4,within-round time ratio (from / to),1.8043466129814607,1.6083635124195816,1.6703047368103812,1.8166571082090368,1.656301074520986,1.6703047368103812,1.6083635124195816,1.8166571082090368,1.6083635124195816,1.8166571082090368,7094420605014509166,COARSE (n = 5)
groth16,stage_sum_ms,9,cpu4,cpu8,within-round time ratio (from / to),1.3882132109763727,1.3938393382069114,1.3630873782989137,1.3392295966228893,1.3662743048544381,1.3662743048544381,1.3392295966228893,1.3938393382069114,1.3392295966228893,1.3938393382069114,9888145580055733127,COARSE (n = 5)
groth16,stage_sum_ms,9,cpu2,cpu8,within-round time ratio (from / to),2.504817805321336,2.241800333747053,2.27677130465912,2.432920966228893,2.262961599220819,2.27677130465912,2.241800333747053,2.504817805321336,2.241800333747053,2.504817805321336,10203870338059643213,COARSE (n = 5)
groth16,stage_sum_ms,10,cpu2,cpu4,within-round time ratio (from / to),1.7457835595305105,1.777712790007923,1.6422779248215729,1.664193748706272,1.7705705729814787,1.7457835595305105,1.6422779248215729,1.777712790007923,1.6422779248215729,1.777712790007923,14299571337370086132,COARSE (n = 5)
groth16,stage_sum_ms,10,cpu4,cpu8,within-round time ratio (from / to),1.35338664078415,1.3551232180599901,1.3778998981715145,1.3606074432071018,1.3772860965523341,1.3606074432071018,1.35338664078415,1.3778998981715145,1.35338664078415,1.3778998981715145,11906879578516398307,COARSE (n = 5)
groth16,stage_sum_ms,10,cpu2,cpu8,within-round time ratio (from / to),2.3627201471691937,2.40901987678194,2.2628945853809714,2.2643144014284826,2.4385822331320903,2.3627201471691937,2.2628945853809714,2.4385822331320903,2.2628945853809714,2.4385822331320903,9281491306963507474,COARSE (n = 5)
groth16,stage_sum_ms,11,cpu2,cpu4,within-round time ratio (from / to),1.6098031205977008,1.6422829831476367,1.631521075600684,1.5591730001682138,1.59130702339177,1.6098031205977008,1.5591730001682138,1.6422829831476367,1.5591730001682138,1.6422829831476367,17056427122885329015,COARSE (n = 5)
groth16,stage_sum_ms,11,cpu4,cpu8,within-round time ratio (from / to),1.373605743262731,1.3829126317766032,1.3876796152773612,1.3711739574869606,1.4474878581578332,1.3829126317766032,1.3711739574869606,1.4474878581578332,1.3711739574869606,1.4474878581578332,6355658293493104943,COARSE (n = 5)
groth16,stage_sum_ms,11,cpu2,cpu8,within-round time ratio (from / to),2.211234811975269,2.2711338823466294,2.2640285385064636,2.137897413047467,2.3033975949608703,2.2640285385064636,2.137897413047467,2.3033975949608703,2.137897413047467,2.3033975949608703,18014253590494864179,COARSE (n = 5)
groth16,stage_sum_ms,12,cpu2,cpu4,within-round time ratio (from / to),1.6838490774750754,1.6373664363145066,1.6085063799656076,1.7299055521552213,1.6590032004696886,1.6590032004696886,1.6085063799656076,1.7299055521552213,1.6085063799656076,1.7299055521552213,15057144966527503037,COARSE (n = 5)
groth16,stage_sum_ms,12,cpu4,cpu8,within-round time ratio (from / to),1.3583113812250482,1.4127118601834916,1.3851488963505256,1.2960470065170717,1.3955326408976683,1.3851488963505256,1.2960470065170717,1.4127118601834916,1.2960470065170717,1.4127118601834916,3401612188896680790,COARSE (n = 5)
groth16,stage_sum_ms,12,cpu2,cpu8,within-round time ratio (from / to),2.2871913661996928,2.313126984047881,2.2280208369821404,2.2420389124280367,2.3151931176091485,2.2871913661996928,2.2280208369821404,2.3151931176091485,2.2280208369821404,2.3151931176091485,8434012653027470129,COARSE (n = 5)
groth16,stage_sum_ms,13,cpu2,cpu4,within-round time ratio (from / to),1.858951747994607,1.6556382316105311,1.576894780298333,1.6930188994815187,1.7191657948332804,1.6930188994815187,1.576894780298333,1.858951747994607,1.576894780298333,1.858951747994607,1474155386358855425,COARSE (n = 5)
groth16,stage_sum_ms,13,cpu4,cpu8,within-round time ratio (from / to),1.2589661927276001,1.2794649437008347,1.3641654723869379,1.3217874970708003,1.287188189950313,1.287188189950313,1.2589661927276001,1.3641654723869379,1.2589661927276001,1.3641654723869379,1677792822444554645,COARSE (n = 5)
groth16,stage_sum_ms,13,cpu2,cpu8,within-round time ratio (from / to),2.3403574046370874,2.1183310767965176,2.151145412870172,2.2378112136392376,2.212889907675941,2.212889907675941,2.1183310767965176,2.3403574046370874,2.1183310767965176,2.3403574046370874,5899315334833296192,COARSE (n = 5)
groth16,stage_sum_ms,14,cpu2,cpu4,within-round time ratio (from / to),1.695472050414284,1.6943349532176981,1.5878266496080942,1.5786883617087186,1.5995575890722684,1.5995575890722684,1.5786883617087186,1.695472050414284,1.5786883617087186,1.695472050414284,11069925502243065094,COARSE (n = 5)
groth16,stage_sum_ms,14,cpu4,cpu8,within-round time ratio (from / to),1.304821019983731,1.2547122089403562,1.2651066394796768,1.2947087644955637,1.2793728222996514,1.2793728222996514,1.2547122089403562,1.304821019983731,1.2547122089403562,1.304821019983731,9868811673302999168,COARSE (n = 5)
groth16,stage_sum_ms,14,cpu2,cpu8,within-round time ratio (from / to),2.212287570175474,2.125902751836633,2.00877003676197,2.0439416583114207,2.0464305071622144,2.0464305071622144,2.00877003676197,2.212287570175474,2.00877003676197,2.212287570175474,2529650668558826096,COARSE (n = 5)
groth16,stage_sum_ms,15,cpu2,cpu4,within-round time ratio (from / to),1.6443287923607228,1.5773309141741028,1.6384407927117128,1.623975844303964,1.5982118107057923,1.623975844303964,1.5773309141741028,1.6443287923607228,1.5773309141741028,1.6443287923607228,9611910006616142408,COARSE (n = 5)
groth16,stage_sum_ms,15,cpu4,cpu8,within-round time ratio (from / to),1.2416913624422363,1.2402323862337576,1.2266492528808213,1.1757940101092301,1.2832879311259435,1.2402323862337576,1.1757940101092301,1.2832879311259435,1.1757940101092301,1.2832879311259435,17479957447109746398,COARSE (n = 5)
groth16,stage_sum_ms,15,cpu2,cpu8,within-round time ratio (from / to),2.0417488584893833,1.956256883566422,2.009792174269283,1.9094610702946806,2.0509659280616845,2.009792174269283,1.9094610702946806,2.0509659280616845,1.9094610702946806,2.0509659280616845,17896045687598768301,COARSE (n = 5)
plonk,input_ms,5,cpu2,cpu4,within-round time ratio (from / to),0.9974968710888611,0.9382871536523929,1.8049155145929339,0.900355871886121,2.14,0.9974968710888611,0.900355871886121,2.14,0.900355871886121,2.14,16610413294754919525,COARSE (n = 5)
plonk,input_ms,5,cpu4,cpu8,within-round time ratio (from / to),1.0243589743589743,1.028497409326425,1.0187793427230047,0.9284140969162995,1.0558069381598791,1.0243589743589743,0.9284140969162995,1.0558069381598791,0.9284140969162995,1.0558069381598791,7135276162517199386,COARSE (n = 5)
plonk,input_ms,5,cpu2,cpu8,within-round time ratio (from / to),1.0217948717948717,0.9650259067357513,1.8388106416275432,0.8359030837004405,2.2594268476621417,1.0217948717948717,0.8359030837004405,2.2594268476621417,0.8359030837004405,2.2594268476621417,12191480927910570225,COARSE (n = 5)
plonk,input_ms,6,cpu2,cpu4,within-round time ratio (from / to),1.0393184796854522,1.0091533180778032,1.6360544217687076,1.5897435897435896,1.6609756097560977,1.5897435897435896,1.0091533180778032,1.6609756097560977,1.0091533180778032,1.6609756097560977,15668908708455120400,COARSE (n = 5)
plonk,input_ms,6,cpu4,cpu8,within-round time ratio (from / to),0.9293544457978076,1.0671550671550671,0.9988674971687429,0.9676375404530744,0.9796893667861409,0.9796893667861409,0.9293544457978076,1.0671550671550671,0.9293544457978076,1.0671550671550671,15228676206540518117,COARSE (n = 5)
plonk,input_ms,6,cpu2,cpu8,within-round time ratio (from / to),0.9658952496954935,1.076923076923077,1.6342015855039638,1.5382955771305284,1.6272401433691759,1.5382955771305284,0.9658952496954935,1.6342015855039638,0.9658952496954935,1.6342015855039638,11976662956277858682,COARSE (n = 5)
plonk,input_ms,7,cpu2,cpu4,within-round time ratio (from / to),0.3683820807108478,0.9293023255813954,1.0941860465116278,0.1529259618493372,0.8872180451127819,0.8872180451127819,0.1529259618493372,1.0941860465116278,0.1529259618493372,1.0941860465116278,1327000142141945641,COARSE (n = 5)
plonk,input_ms,7,cpu4,cpu8,within-round time ratio (from / to),2.894962486602358,1.084762865792129,0.9267241379310345,7.346793349168646,0.9311551925320888,1.084762865792129,0.9267241379310345,7.346793349168646,0.9267241379310345,7.346793349168646,7040874766918552128,COARSE (n = 5)
plonk,input_ms,7,cpu2,cpu8,within-round time ratio (from / to),1.0664523043944265,1.0080726538849647,1.014008620689655,1.1235154394299287,0.8261376896149358,1.014008620689655,0.8261376896149358,1.1235154394299287,0.8261376896149358,1.1235154394299287,2770117910912532065,COARSE (n = 5)
plonk,input_ms,8,cpu2,cpu4,within-round time ratio (from / to),1.0606319385140905,0.9287072243346007,1.4503753127606338,1.0452961672473868,0.9371563236449334,1.0452961672473868,0.9287072243346007,1.4503753127606338,0.9287072243346007,1.4503753127606338,6972513241601058204,COARSE (n = 5)
plonk,input_ms,8,cpu4,cpu8,within-round time ratio (from / to),1.0182608695652176,1.119148936170213,1.024786324786325,0.9243156199677938,0.4713069233617178,1.0182608695652176,0.4713069233617178,1.119148936170213,0.4713069233617178,1.119148936170213,17776528106990661107,COARSE (n = 5)
plonk,input_ms,8,cpu2,cpu8,within-round time ratio (from / to),1.08,1.0393617021276595,1.4863247863247866,0.966183574879227,0.44168826360607183,1.0393617021276595,0.44168826360607183,1.4863247863247866,0.44168826360607183,1.4863247863247866,5421290283375017827,COARSE (n = 5)
plonk,input_ms,9,cpu2,cpu4,within-round time ratio (from / to),1.010126582278481,1.072701688555347,1.28,0.9394107837687604,1.0213698630136987,1.0213698630136987,0.9394107837687604,1.28,0.9394107837687604,1.28,5661664125402366318,COARSE (n = 5)
plonk,input_ms,9,cpu4,cpu8,within-round time ratio (from / to),0.9578079534432591,1.214814814814815,1.0761072988147224,1.0514319111630626,0.9661196400211752,1.0514319111630626,0.9578079534432591,1.214814814814815,0.9578079534432591,1.214814814814815,1833923824021177096,COARSE (n = 5)
plonk,input_ms,9,cpu2,cpu8,within-round time ratio (from / to),0.9675072744907858,1.303133903133903,1.3774173424828449,0.9877264757451781,0.9867654843832716,0.9877264757451781,0.9675072744907858,1.3774173424828449,0.9675072744907858,1.3774173424828449,8455015267088179939,COARSE (n = 5)
plonk,input_ms,10,cpu2,cpu4,within-round time ratio (from / to),0.9980237154150199,1.0050053628888094,1.1102941176470589,1.0243478260869565,1.0140117994100295,1.0140117994100295,0.9980237154150199,1.1102941176470589,0.9980237154150199,1.1102941176470589,13137844615495531548,COARSE (n = 5)
plonk,input_ms,10,cpu4,cpu8,within-round time ratio (from / to),1.0332555425904317,1.0679648720885835,1.04739336492891,0.979557069846678,0.9977924944812363,1.0332555425904317,0.979557069846678,1.0679648720885835,0.979557069846678,1.0679648720885835,776486541952796364,COARSE (n = 5)
plonk,input_ms,10,cpu2,cpu8,within-round time ratio (from / to),1.0312135355892649,1.0733104238258877,1.1629146919431281,1.0034071550255537,1.0117733627667402,1.0312135355892649,1.0034071550255537,1.1629146919431281,1.0034071550255537,1.1629146919431281,2994458491757444459,COARSE (n = 5)
plonk,input_ms,11,cpu2,cpu4,within-round time ratio (from / to),1.0094850948509486,0.9268464657147893,1.0455284552845527,1.090277777777778,1.2510618932038835,1.0455284552845527,0.9268464657147893,1.2510618932038835,0.9268464657147893,1.2510618932038835,3816886202426834387,COARSE (n = 5)
plonk,input_ms,11,cpu4,cpu8,within-round time ratio (from / to),1.045881310894597,1.0060294378435892,0.9249511204692435,1.0017391304347825,0.9448186899813673,1.0017391304347825,0.9249511204692435,1.045881310894597,0.9249511204692435,1.045881310894597,12102976642011789391,COARSE (n = 5)
plonk,input_ms,11,cpu2,cpu8,within-round time ratio (from / to),1.0558015943312666,0.932434828870367,0.9670627161979245,1.0921739130434782,1.1820266590225024,1.0558015943312666,0.932434828870367,1.1820266590225024,0.932434828870367,1.1820266590225024,9223735920119088091,COARSE (n = 5)
plonk,input_ms,12,cpu2,cpu4,within-round time ratio (from / to),1.0762213066509714,1.1334066085044994,1.0046158023350529,1.0388924362918672,1.8511612326931668,1.0762213066509714,1.0046158023350529,1.8511612326931668,1.0046158023350529,1.8511612326931668,10272328024369470110,COARSE (n = 5)
plonk,input_ms,12,cpu4,cpu8,within-round time ratio (from / to),0.9885953683230536,0.9661511913453242,1.0115352925020598,1.002210716155681,1.0140398550724636,1.002210716155681,0.9661511913453242,1.0140398550724636,0.9661511913453242,1.0140398550724636,7571397402688831528,COARSE (n = 5)
plonk,input_ms,12,cpu2,cpu8,within-round time ratio (from / to),1.0639473990457349,1.0950421450852856,1.0162043394671794,1.0411891325847924,1.877151268115942,1.0639473990457349,1.0162043394671794,1.877151268115942,1.0162043394671794,1.877151268115942,11720669347237802319,COARSE (n = 5)
plonk,input_ms,13,cpu2,cpu4,within-round time ratio (from / to),1.1666515918958034,1.123039549948858,1.101040184921764,1.0293652774311621,1.143830918288605,1.123039549948858,1.0293652774311621,1.1666515918958034,1.0293652774311621,1.1666515918958034,3727955230242259426,COARSE (n = 5)
plonk,input_ms,13,cpu4,cpu8,within-round time ratio (from / to),1.0078395624430263,1.0128199594250442,1.0102389078498293,1.0026691133539078,1.0012447954672274,1.0078395624430263,1.0012447954672274,1.0128199594250442,1.0012447954672274,1.0128199594250442,9792083305598738201,COARSE (n = 5)
plonk,input_ms,13,cpu2,cpu8,within-round time ratio (from / to),1.1757976298997266,1.137436871411922,1.1123136339141368,1.0321127700392025,1.1452547538309654,1.137436871411922,1.0321127700392025,1.1757976298997266,1.0321127700392025,1.1757976298997266,5184209973964006422,COARSE (n = 5)
plonk,input_ms,14,cpu2,cpu4,within-round time ratio (from / to),1.1267578746420617,1.0742991570280338,1.0941549795845908,1.0281025545663744,1.0479686562422788,1.0742991570280338,1.0281025545663744,1.1267578746420617,1.0281025545663744,1.1267578746420617,7702217316134381632,COARSE (n = 5)
plonk,input_ms,14,cpu4,cpu8,within-round time ratio (from / to),0.9937606711494277,0.9723830628827412,1.001133006020483,0.9735240207282025,1.0171067511533145,0.9937606711494277,0.9723830628827412,1.0171067511533145,0.9723830628827412,1.0171067511533145,11391184600915336063,COARSE (n = 5)
plonk,input_ms,14,cpu2,cpu8,within-round time ratio (from / to),1.119727661727198,1.0446303047632666,1.0953946637638017,1.0008825326423931,1.065895995261089,1.065895995261089,1.0008825326423931,1.119727661727198,1.0008825326423931,1.119727661727198,17659367898744868371,COARSE (n = 5)
plonk,input_ms,15,cpu2,cpu4,within-round time ratio (from / to),1.1025248863977932,1.078807779742359,1.122435150029398,1.054070684915192,1.1084489167709244,1.1025248863977932,1.054070684915192,1.122435150029398,1.054070684915192,1.122435150029398,16465601958395930782,COARSE (n = 5)
plonk,input_ms,15,cpu4,cpu8,within-round time ratio (from / to),0.9687071800493287,0.9740890001272643,1.0137903861308115,0.9976632043805017,0.9546571575872143,0.9740890001272643,0.9546571575872143,1.0137903861308115,0.9546571575872143,1.0137903861308115,9043524206497956982,COARSE (n = 5)
plonk,input_ms,15,cpu2,cpu8,within-round time ratio (from / to),1.0680237736366127,1.0508547914987485,1.1379139641550988,1.0516075371560405,1.0581886922151573,1.0581886922151573,1.0508547914987485,1.1379139641550988,1.0508547914987485,1.1379139641550988,15512211550109342002,COARSE (n = 5)
plonk,witness_ms,5,cpu2,cpu4,within-round time ratio (from / to),1.6452651921838093,1.3248594329465249,1.905871253356557,1.9570968405181277,1.1687915915168854,1.6452651921838093,1.1687915915168854,1.9570968405181277,1.1687915915168854,1.9570968405181277,9150692798545750292,COARSE (n = 5)
plonk,witness_ms,5,cpu4,cpu8,within-round time ratio (from / to),1.1888189244383933,1.3447554697554698,1.1756825938566553,1.1092443363235518,1.301732512953368,1.1888189244383933,1.1092443363235518,1.3447554697554698,1.1092443363235518,1.3447554697554698,7766953327140887843,COARSE (n = 5)
plonk,witness_ms,5,cpu2,cpu8,within-round time ratio (from / to),1.9559223961878829,1.7816119691119692,2.2406996587030714,2.1708985859814507,1.5214540155440412,1.9559223961878829,1.5214540155440412,2.2406996587030714,1.5214540155440412,2.2406996587030714,7915403329337911049,COARSE (n = 5)
plonk,witness_ms,6,cpu2,cpu4,within-round time ratio (from / to),1.4241672572643516,1.7161225849433712,1.6811318277310925,1.5781671159029649,1.8767203323811996,1.6811318277310925,1.4241672572643516,1.8767203323811996,1.4241672572643516,1.8767203323811996,15877572888463277744,COARSE (n = 5)
plonk,witness_ms,6,cpu4,cpu8,within-round time ratio (from / to),1.0932899426623275,1.1588943792464483,1.1511487303506651,1.1144664031620555,1.129242724140459,1.129242724140459,1.0932899426623275,1.1588943792464483,1.0932899426623275,1.1588943792464483,4234220677575424232,COARSE (n = 5)
plonk,witness_ms,6,cpu2,cpu8,within-round time ratio (from / to),1.5570277390361071,1.9888048177887585,1.9352327690447402,1.7588142292490117,2.1192727805879334,1.9352327690447402,1.5570277390361071,2.1192727805879334,1.5570277390361071,2.1192727805879334,9503397658161086592,COARSE (n = 5)
plonk,witness_ms,7,cpu2,cpu4,within-round time ratio (from / to),1.766759477404155,1.5709217438766458,1.770883755042171,1.5131867401846806,1.8319213313161875,1.766759477404155,1.5131867401846806,1.8319213313161875,1.5131867401846806,1.8319213313161875,11069694532454984038,COARSE (n = 5)
plonk,witness_ms,7,cpu4,cpu8,within-round time ratio (from / to),1.0835460663727083,1.1201375620940006,1.0559944237918215,1.0834952853955229,0.998564846287484,1.0834952853955229,0.998564846287484,1.1201375620940006,0.998564846287484,1.1201375620940006,15265847430330255181,COARSE (n = 5)
plonk,witness_ms,7,cpu2,cpu8,within-round time ratio (from / to),1.914365281967974,1.7596484524264422,1.8700433705080544,1.6395306989131215,1.8292922426165117,1.8292922426165117,1.6395306989131215,1.914365281967974,1.6395306989131215,1.914365281967974,7135237648287757198,COARSE (n = 5)
plonk,witness_ms,8,cpu2,cpu4,within-round time ratio (from / to),1.4042409050877314,1.75798552737373,1.7347724547118601,1.5710384333577565,1.7865351965521745,1.7347724547118601,1.4042409050877314,1.7865351965521745,1.4042409050877314,1.7865351965521745,15577076099815887781,COARSE (n = 5)
plonk,witness_ms,8,cpu4,cpu8,within-round time ratio (from / to),1.1345015755898855,1.0936925413702134,1.167415813130941,1.083110886660414,1.0891117274731528,1.0936925413702134,1.083110886660414,1.167415813130941,1.083110886660414,1.167415813130941,4887587528033872634,COARSE (n = 5)
plonk,witness_ms,8,cpu2,cpu8,within-round time ratio (from / to),1.593113519329798,1.9226956591254296,2.0252007958146048,1.7016088305317074,1.9457364341085273,1.9226956591254296,1.593113519329798,2.0252007958146048,1.593113519329798,2.0252007958146048,645607678867516616,COARSE (n = 5)
plonk,witness_ms,9,cpu2,cpu4,within-round time ratio (from / to),1.9124078311721333,1.6477443855169254,1.260693464252838,1.3683275075537649,1.545354483651667,1.545354483651667,1.260693464252838,1.9124078311721333,1.260693464252838,1.9124078311721333,721660679947326276,COARSE (n = 5)
plonk,witness_ms,9,cpu4,cpu8,within-round time ratio (from / to),1.1357204735778226,1.1277412685520196,1.1878553725032805,1.1229459117823166,1.0801454647178126,1.1277412685520196,1.0801454647178126,1.1878553725032805,1.0801454647178126,1.1878553725032805,14839899266103304843,COARSE (n = 5)
plonk,witness_ms,9,cpu2,cpu8,within-round time ratio (from / to),2.1719607276927517,1.8582293435723254,1.497521504592506,1.5365577805867872,1.6692076368976851,1.6692076368976851,1.497521504592506,2.1719607276927517,1.497521504592506,2.1719607276927517,9066684066237354738,COARSE (n = 5)
plonk,witness_ms,10,cpu2,cpu4,within-round time ratio (from / to),1.7678123517049693,1.9264893889030938,1.6385686122229524,1.6688320209973753,1.6516575381954455,1.6688320209973753,1.6385686122229524,1.9264893889030938,1.6385686122229524,1.9264893889030938,12029180496390540514,COARSE (n = 5)
plonk,witness_ms,10,cpu4,cpu8,within-round time ratio (from / to),1.0758515060900007,1.1942896404305672,1.21959927140255,1.054452362831246,1.128423654934617,1.128423654934617,1.054452362831246,1.21959927140255,1.054452362831246,1.21959927140255,15313674946657741770,COARSE (n = 5)
plonk,witness_ms,10,cpu2,cpu8,within-round time ratio (from / to),1.9019035810662972,2.300786319566379,1.9983970856102005,1.7597038677091261,1.8637694359508163,1.9019035810662972,1.7597038677091261,2.300786319566379,1.7597038677091261,2.300786319566379,14990753359623103163,COARSE (n = 5)
plonk,witness_ms,11,cpu2,cpu4,within-round time ratio (from / to),1.4827810650887576,1.829796753163748,1.5382051114451927,1.3010514995817901,1.557766787821009,1.5382051114451927,1.3010514995817901,1.829796753163748,1.3010514995817901,1.829796753163748,6810814661512809941,COARSE (n = 5)
plonk,witness_ms,11,cpu4,cpu8,within-round time ratio (from / to),1.142509464575446,1.1049435028248589,1.0042008532983262,1.2083453652902107,1.1804881479918408,1.142509464575446,1.0042008532983262,1.2083453652902107,1.0042008532983262,1.2083453652902107,804320530862216864,COARSE (n = 5)
plonk,witness_ms,11,cpu2,cpu8,within-round time ratio (from / to),1.6940914007571661,2.0218220338983053,1.5446668854611094,1.5721195495235345,1.838925230358022,1.6940914007571661,1.5446668854611094,2.0218220338983053,1.5446668854611094,2.0218220338983053,11922033755139362861,COARSE (n = 5)
plonk,witness_ms,12,cpu2,cpu4,within-round time ratio (from / to),1.657802111849824,1.4418712635672413,1.3744901333921289,1.7574658703071675,1.911079471913021,1.657802111849824,1.3744901333921289,1.911079471913021,1.3744901333921289,1.911079471913021,101398794591052539,COARSE (n = 5)
plonk,witness_ms,12,cpu4,cpu8,within-round time ratio (from / to),1.044597262885545,1.0436125749591132,1.2634584581098962,0.5882980392156862,1.065508205764722,1.044597262885545,0.5882980392156862,1.2634584581098962,0.5882980392156862,1.2634584581098962,17794297554182192437,COARSE (n = 5)
plonk,witness_ms,12,cpu2,cpu8,within-round time ratio (from / to),1.7317355484442025,1.5047549821309587,1.7366111846228847,1.0339137254901962,2.0362708591918355,1.7317355484442025,1.0339137254901962,2.0362708591918355,1.0339137254901962,2.0362708591918355,4248222567834815251,COARSE (n = 5)
plonk,witness_ms,13,cpu2,cpu4,within-round time ratio (from / to),1.6851298190401258,1.437636193836256,1.4434045313441135,1.8612220662852208,1.6712336069943492,1.6712336069943492,1.437636193836256,1.8612220662852208,1.437636193836256,1.8612220662852208,9910684364674807078,COARSE (n = 5)
plonk,witness_ms,13,cpu4,cpu8,within-round time ratio (from / to),1.1190350413805248,0.9275264677574591,1.2475722543352599,1.03433644129306,1.0244675040961224,1.03433644129306,0.9275264677574591,1.2475722543352599,0.9275264677574591,1.2475722543352599,12309167749458725768,COARSE (n = 5)
plonk,witness_ms,13,cpu2,cpu8,within-round time ratio (from / to),1.8857193167811237,1.3334456207892202,1.800751445086705,1.9251298084975712,1.7121245221190609,1.800751445086705,1.3334456207892202,1.9251298084975712,1.3334456207892202,1.9251298084975712,13348173433398630284,COARSE (n = 5)
plonk,witness_ms,14,cpu2,cpu4,within-round time ratio (from / to),1.2021221164321918,1.3110973533508745,1.629844731539647,1.327094331573615,1.552174382216467,1.327094331573615,1.2021221164321918,1.629844731539647,1.2021221164321918,1.629844731539647,16114800569266230685,COARSE (n = 5)
plonk,witness_ms,14,cpu4,cpu8,within-round time ratio (from / to),1.2348502573701452,1.1661753203778353,0.997989117577478,1.0722740008005032,1.0140613886305192,1.0722740008005032,0.997989117577478,1.2348502573701452,0.997989117577478,1.2348502573701452,14310836996075281567,COARSE (n = 5)
plonk,witness_ms,14,cpu2,cpu8,within-round time ratio (from / to),1.4844408048666355,1.528969376090488,1.6265673054175536,1.4230087483561096,1.5740001094271487,1.528969376090488,1.4230087483561096,1.6265673054175536,1.4230087483561096,1.6265673054175536,16145524195370065378,COARSE (n = 5)
plonk,witness_ms,15,cpu2,cpu4,within-round time ratio (from / to),1.479515461886941,1.172091470539142,1.1947606589832427,1.3967196105036317,1.5547312497008565,1.3967196105036317,1.172091470539142,1.5547312497008565,1.172091470539142,1.5547312497008565,9357311272750094170,COARSE (n = 5)
plonk,witness_ms,15,cpu4,cpu8,within-round time ratio (from / to),1.0786636213948053,1.2212199969423634,1.1327539946337752,1.004529965925035,1.0367705438666137,1.0786636213948053,1.004529965925035,1.2212199969423634,1.004529965925035,1.2212199969423634,3038374873080490886,COARSE (n = 5)
plonk,witness_ms,15,cpu2,cpu8,within-round time ratio (from / to),1.5958995060285759,1.4313815420679814,1.3533699090945497,1.4030467027460414,1.6118995633187772,1.4313815420679814,1.3533699090945497,1.6118995633187772,1.3533699090945497,1.6118995633187772,5586224974323149297,COARSE (n = 5)
plonk,prove_ms,5,cpu2,cpu4,within-round time ratio (from / to),1.3158424605793873,1.1915240256110429,1.2363464298845228,1.165063630873133,1.070447733972672,1.1915240256110429,1.070447733972672,1.3158424605793873,1.070447733972672,1.3158424605793873,380984216181092102,COARSE (n = 5)
plonk,prove_ms,5,cpu4,cpu8,within-round time ratio (from / to),1.0600077861654331,1.0537193748041065,1.1065722420588213,1.0773007367956386,1.1755538295717491,1.0773007367956386,1.0537193748041065,1.1755538295717491,1.0537193748041065,1.1755538295717491,2996819682395592243,COARSE (n = 5)
plonk,prove_ms,5,cpu2,cpu8,within-round time ratio (from / to),1.3948032535812325,1.2555319513309402,1.3681066408787357,1.2551239079534282,1.2583689330279755,1.2583689330279755,1.2551239079534282,1.3948032535812325,1.2551239079534282,1.3948032535812325,15182534012675122940,COARSE (n = 5)
plonk,prove_ms,6,cpu2,cpu4,within-round time ratio (from / to),1.3102089815754279,1.1849047421311822,1.1887324592436976,1.1783961078568836,1.0567035136322718,1.1849047421311822,1.0567035136322718,1.3102089815754279,1.0567035136322718,1.3102089815754279,10228576713513426746,COARSE (n = 5)
plonk,prove_ms,6,cpu4,cpu8,within-round time ratio (from / to),1.0584491155988343,1.0491933130231674,1.0820170075498565,1.07404166740394,1.1753299644108113,1.07404166740394,1.0491933130231674,1.1753299644108113,1.0491933130231674,1.1753299644108113,14036499949107131268,COARSE (n = 5)
plonk,prove_ms,6,cpu2,cpu8,within-round time ratio (from / to),1.386789537798161,1.2431941320134772,1.2862287383282474,1.2656465205449203,1.2419753030701972,1.2656465205449203,1.2419753030701972,1.386789537798161,1.2419753030701972,1.386789537798161,6619189980032342043,COARSE (n = 5)
plonk,prove_ms,7,cpu2,cpu4,within-round time ratio (from / to),1.30765848784977,1.1845487830915427,1.1218457004110172,1.1678898352072509,1.0261523090824627,1.1678898352072509,1.0261523090824627,1.30765848784977,1.0261523090824627,1.30765848784977,2587877552752504689,COARSE (n = 5)
plonk,prove_ms,7,cpu4,cpu8,within-round time ratio (from / to),1.0579189204751795,1.0560350772158185,1.1563130186377397,1.0818451347648768,1.2224086422290965,1.0818451347648768,1.0560350772158185,1.2224086422290965,1.0560350772158185,1.2224086422290965,5895495236582081779,COARSE (n = 5)
plonk,prove_ms,7,cpu2,cpu8,within-round time ratio (from / to),1.3833966558162343,1.250925065617981,1.2972047882880327,1.263475936160318,1.2543774508657453,1.263475936160318,1.250925065617981,1.3833966558162343,1.250925065617981,1.3833966558162343,2009015455312134939,COARSE (n = 5)
plonk,prove_ms,8,cpu2,cpu4,within-round time ratio (from / to),1.3031053436169824,1.1915779857973905,1.1935105190060336,1.185600659402161,1.1983746166985456,1.1935105190060336,1.185600659402161,1.3031053436169824,1.185600659402161,1.3031053436169824,499426421607827882,COARSE (n = 5)
plonk,prove_ms,8,cpu4,cpu8,within-round time ratio (from / to),1.0556263827185661,1.0599920580182665,1.0866506631874102,1.0734702277025583,1.0662875767353208,1.0662875767353208,1.0556263827185661,1.0866506631874102,1.0556263827185661,1.0866506631874102,18149974516425480704,COARSE (n = 5)
plonk,prove_ms,8,cpu2,cpu8,within-round time ratio (from / to),1.3755923801836292,1.2630632014546366,1.2969289969990565,1.272707009812741,1.277811966060611,1.277811966060611,1.2630632014546366,1.3755923801836292,1.2630632014546366,1.3755923801836292,4980871473673401439,COARSE (n = 5)
plonk,prove_ms,9,cpu2,cpu4,within-round time ratio (from / to),1.3042481877532257,1.1838797461289836,1.1902235323449097,1.1775891981054805,1.081875122981026,1.1838797461289836,1.081875122981026,1.3042481877532257,1.081875122981026,1.3042481877532257,17907570906419026663,COARSE (n = 5)
plonk,prove_ms,9,cpu4,cpu8,within-round time ratio (from / to),1.0637864259587655,1.058952187082329,1.0625738973773111,1.0700340398302728,1.169524475881617,1.0637864259587655,1.058952187082329,1.169524475881617,1.058952187082329,1.169524475881617,6731874545715723810,COARSE (n = 5)
plonk,prove_ms,9,cpu2,cpu8,within-round time ratio (from / to),1.387441518213201,1.2536720464057598,1.264700457513921,1.2600605269092986,1.2652794361737443,1.264700457513921,1.2536720464057598,1.387441518213201,1.2536720464057598,1.387441518213201,13096884164383993416,COARSE (n = 5)
plonk,prove_ms,10,cpu2,cpu4,within-round time ratio (from / to),1.3085217194911818,1.1991787825702036,1.1806233997669398,1.1797459702571143,1.0672627279289097,1.1806233997669398,1.0672627279289097,1.3085217194911818,1.0672627279289097,1.3085217194911818,1872432009856235244,COARSE (n = 5)
plonk,prove_ms,10,cpu4,cpu8,within-round time ratio (from / to),1.0588056601646416,1.0362865789479354,1.0913296790917637,1.0769558824351362,1.172530172187421,1.0769558824351362,1.0362865789479354,1.172530172187421,1.0362865789479354,1.172530172187421,1659249740009779099,COARSE (n = 5)
plonk,prove_ms,10,cpu2,cpu8,within-round time ratio (from / to),1.3854702030456327,1.2426928781366262,1.2884493559958814,1.2705343624475465,1.2513977501477014,1.2705343624475465,1.2426928781366262,1.3854702030456327,1.2426928781366262,1.3854702030456327,8068475363409741207,COARSE (n = 5)
plonk,prove_ms,11,cpu2,cpu4,within-round time ratio (from / to),1.3367622330565307,1.1849170283681365,1.1805273622936527,1.1717805456254737,1.0710910752626104,1.1805273622936527,1.0710910752626104,1.3367622330565307,1.0710910752626104,1.3367622330565307,12982495664866332014,COARSE (n = 5)
plonk,prove_ms,11,cpu4,cpu8,within-round time ratio (from / to),1.036999153429514,1.0333936591417512,1.074652222964565,1.0381892861412487,1.155482041859421,1.0381892861412487,1.0333936591417512,1.155482041859421,1.0333936591417512,1.155482041859421,14897488150748930366,COARSE (n = 5)
plonk,prove_ms,11,cpu2,cpu8,within-round time ratio (from / to),1.3862213040161688,1.2244857437247187,1.2686563541593683,1.2165300081771133,1.2376265026618438,1.2376265026618438,1.2165300081771133,1.3862213040161688,1.2165300081771133,1.3862213040161688,9952799902870806616,COARSE (n = 5)
plonk,prove_ms,12,cpu2,cpu4,within-round time ratio (from / to),1.3145560794853575,1.1872547649538874,1.188942695742862,1.178391036947893,1.063964880100456,1.1872547649538874,1.063964880100456,1.3145560794853575,1.063964880100456,1.3145560794853575,16945683821067012139,COARSE (n = 5)
plonk,prove_ms,12,cpu4,cpu8,within-round time ratio (from / to),1.0480567243523857,1.030464988982743,1.0590008514312013,1.0541400187000884,1.16617516294392,1.0541400187000884,1.030464988982743,1.16617516294392,1.030464988982743,1.16617516294392,1161662883691151734,COARSE (n = 5)
plonk,prove_ms,12,cpu2,cpu8,within-round time ratio (from / to),1.3777293386429381,1.223424468287917,1.2590913270945985,1.2421891497242685,1.2407694174177575,1.2421891497242685,1.223424468287917,1.3777293386429381,1.223424468287917,1.3777293386429381,17393515328571509679,COARSE (n = 5)
plonk,prove_ms,13,cpu2,cpu4,within-round time ratio (from / to),1.3001971405982937,1.190923775623079,1.175968625772537,1.1816002643286896,1.0579864675868502,1.1816002643286896,1.0579864675868502,1.3001971405982937,1.0579864675868502,1.3001971405982937,7036621626204261323,COARSE (n = 5)
plonk,prove_ms,13,cpu4,cpu8,within-round time ratio (from / to),1.0621899910765282,1.0430865014310542,1.0699543928633524,1.0547107620733227,1.1778487853214425,1.0621899910765282,1.0430865014310542,1.1778487853214425,1.0430865014310542,1.1778487853214425,5021947441809975281,COARSE (n = 5)
plonk,prove_ms,13,cpu2,cpu8,within-round time ratio (from / to),1.381056389169829,1.2422365145857392,1.2582327970148057,1.2462465152561515,1.2461480757336951,1.2462465152561515,1.2422365145857392,1.381056389169829,1.2422365145857392,1.381056389169829,14728709337301992089,COARSE (n = 5)
plonk,prove_ms,14,cpu2,cpu4,within-round time ratio (from / to),1.2940395270689278,1.197997219691214,1.1788140458462575,1.1885793753824325,1.0707343108198486,1.1885793753824325,1.0707343108198486,1.2940395270689278,1.0707343108198486,1.2940395270689278,16963793912401379180,COARSE (n = 5)
plonk,prove_ms,14,cpu4,cpu8,within-round time ratio (from / to),1.0452584092732706,1.0108923068322737,1.0792102010607698,1.0547800078908152,1.1460016414386336,1.0547800078908152,1.0108923068322737,1.1460016414386336,1.0108923068322737,1.1460016414386336,16493988095121031902,COARSE (n = 5)
plonk,prove_ms,14,cpu2,cpu8,within-round time ratio (from / to),1.3526056976008027,1.2110461729923014,1.2721881434309992,1.2536897629447425,1.2270632777442108,1.2536897629447425,1.2110461729923014,1.3526056976008027,1.2110461729923014,1.3526056976008027,1984212150326327529,COARSE (n = 5)
plonk,prove_ms,15,cpu2,cpu4,within-round time ratio (from / to),1.316343516505748,1.1917129931769772,1.1739942233351646,1.1718700808897133,1.0854324088704648,1.1739942233351646,1.0854324088704648,1.316343516505748,1.0854324088704648,1.316343516505748,11752331856151301656,COARSE (n = 5)
plonk,prove_ms,15,cpu4,cpu8,within-round time ratio (from / to),1.022127133480294,1.0276246573417926,1.0752308056438316,1.068881448473953,1.1739415204406431,1.068881448473953,1.022127133480294,1.1739415204406431,1.022127133480294,1.1739415204406431,6624897184440941690,COARSE (n = 5)
plonk,prove_ms,15,cpu2,cpu8,within-round time ratio (from / to),1.34547042520139,1.2246336562632534,1.2623147545778735,1.2525901894846854,1.274234172404943,1.2623147545778735,1.2246336562632534,1.34547042520139,1.2246336562632534,1.34547042520139,6974380368017143826,COARSE (n = 5)
plonk,verify_first_ms,5,cpu2,cpu4,within-round time ratio (from / to),1.2474035608308607,1.3298064516129031,1.2275329516708828,1.4100359342915811,1.2029534762153684,1.2474035608308607,1.2029534762153684,1.4100359342915811,1.2029534762153684,1.4100359342915811,8248472089182699101,COARSE (n = 5)
plonk,verify_first_ms,5,cpu4,cpu8,within-round time ratio (from / to),0.7724190621717123,0.9930804715530497,0.9645563118017209,0.9960373258340789,0.9628790738643513,0.9645563118017209,0.7724190621717123,0.9960373258340789,0.7724190621717123,0.9960373258340789,12495831671102948176,COARSE (n = 5)
plonk,verify_first_ms,5,cpu2,cpu8,within-round time ratio (from / to),0.9635182886066279,1.3206048180420296,1.1840246564787467,1.4044484213217434,1.158298729080156,1.1840246564787467,0.9635182886066279,1.4044484213217434,0.9635182886066279,1.4044484213217434,3624932956571267014,COARSE (n = 5)
plonk,verify_first_ms,6,cpu2,cpu4,within-round time ratio (from / to),1.4598540145985401,1.3419155509783727,1.2866558741905645,0.8023629391646804,1.4482408230661754,1.3419155509783727,0.8023629391646804,1.4598540145985401,0.8023629391646804,1.4598540145985401,8820532850679036796,COARSE (n = 5)
plonk,verify_first_ms,6,cpu4,cpu8,within-round time ratio (from / to),1.0002607561929595,1.1333160420178965,1.0971834559756406,1.2681035615718228,1.026734480959833,1.0971834559756406,1.0002607561929595,1.2681035615718228,1.0002607561929595,1.2681035615718228,1528117288326150070,COARSE (n = 5)
plonk,verify_first_ms,6,cpu2,cpu8,within-round time ratio (from / to),1.4602346805736635,1.5208144209570742,1.4116975386957626,1.0174793008279668,1.486958789775691,1.4602346805736635,1.0174793008279668,1.5208144209570742,1.0174793008279668,1.5208144209570742,13305134488163142537,COARSE (n = 5)
plonk,verify_first_ms,7,cpu2,cpu4,within-round time ratio (from / to),1.148348999758978,1.2320084510761917,1.293621372874856,1.029549509366637,1.5873596239226953,1.2320084510761917,1.029549509366637,1.5873596239226953,1.029549509366637,1.5873596239226953,8150972209406323814,COARSE (n = 5)
plonk,verify_first_ms,7,cpu4,cpu8,within-round time ratio (from / to),1.0924170616113744,0.982613208771247,0.9949128831234898,1.1721343615213697,0.9966163456533056,0.9966163456533056,0.982613208771247,1.1721343615213697,0.982613208771247,1.1721343615213697,9790356761639394274,COARSE (n = 5)
plonk,verify_first_ms,7,cpu2,cpu8,within-round time ratio (from / to),1.2544760400210637,1.2105877773452707,1.28704056975709,1.2067703568161026,1.581988547631442,1.2544760400210637,1.2067703568161026,1.581988547631442,1.2067703568161026,1.581988547631442,4602057937402161391,COARSE (n = 5)
plonk,verify_first_ms,8,cpu2,cpu4,within-round time ratio (from / to),1.2666892962208647,1.3513093077521388,1.3860665844636253,1.1196562116307625,1.397520340953119,1.3513093077521388,1.1196562116307625,1.397520340953119,1.1196562116307625,1.397520340953119,5669992713031278667,COARSE (n = 5)
plonk,verify_first_ms,8,cpu4,cpu8,within-round time ratio (from / to),1.1458576429404899,1.0056055273106506,1.0655630009197214,1.1594409214442862,0.9672704559650218,1.0655630009197214,0.9672704559650218,1.1594409214442862,0.9672704559650218,1.1594409214442862,6700953305965034367,COARSE (n = 5)
plonk,verify_first_ms,8,cpu2,cpu8,within-round time ratio (from / to),1.451445611305588,1.3588841089818797,1.476941269215609,1.29817522971399,1.351780137414116,1.3588841089818797,1.29817522971399,1.476941269215609,1.29817522971399,1.476941269215609,1675542097678841883,COARSE (n = 5)
plonk,verify_first_ms,9,cpu2,cpu4,within-round time ratio (from / to),1.1665690523603138,1.5090309822017138,1.013993399339934,1.1841530054644809,1.112774966436022,1.1665690523603138,1.013993399339934,1.5090309822017138,1.013993399339934,1.5090309822017138,374025060590312271,COARSE (n = 5)
plonk,verify_first_ms,9,cpu4,cpu8,within-round time ratio (from / to),1.1221083070452158,1.0005276348766652,0.9630053394355454,1.1583744777819978,1.2490970072239422,1.1221083070452158,0.9630053394355454,1.2490970072239422,0.9630053394355454,1.2490970072239422,12242773795321207372,COARSE (n = 5)
plonk,verify_first_ms,9,cpu2,cpu8,within-round time ratio (from / to),1.3090168243953733,1.509827199577892,0.9764810577167558,1.3716926193189012,1.3899638802889578,1.3716926193189012,0.9764810577167558,1.509827199577892,0.9764810577167558,1.509827199577892,14247216941621356339,COARSE (n = 5)
plonk,verify_first_ms,10,cpu2,cpu4,within-round time ratio (from / to),1.1923706408158128,0.8930098209127673,1.0867965367965366,1.5600948866631523,1.320384514090071,1.1923706408158128,0.8930098209127673,1.5600948866631523,0.8930098209127673,1.5600948866631523,6126777694719320039,COARSE (n = 5)
plonk,verify_first_ms,10,cpu4,cpu8,within-round time ratio (from / to),1.0362687540769733,1.1290112183668144,1.2173913043478262,0.9926739926739927,0.958959464578861,1.0362687540769733,0.958959464578861,1.2173913043478262,0.958959464578861,1.2173913043478262,10748097732912374119,COARSE (n = 5)
plonk,verify_first_ms,10,cpu2,cpu8,within-round time ratio (from / to),1.2356164383561643,1.0082181059222541,1.323056653491436,1.5486656200941913,1.266195226670034,1.266195226670034,1.0082181059222541,1.5486656200941913,1.0082181059222541,1.5486656200941913,7191891718341112237,COARSE (n = 5)
plonk,verify_first_ms,11,cpu2,cpu4,within-round time ratio (from / to),1.306695464362851,1.099559686888454,1.163828689370485,0.7643570302529841,1.6411027568922305,1.163828689370485,0.7643570302529841,1.6411027568922305,0.7643570302529841,1.6411027568922305,3735240360699069596,COARSE (n = 5)
plonk,verify_first_ms,11,cpu4,cpu8,within-round time ratio (from / to),1.003954081632653,1.037037037037037,1.0059693745133662,1.3771322237154968,1.030608291359938,1.030608291359938,1.003954081632653,1.3771322237154968,1.003954081632653,1.3771322237154968,15367890654094315736,COARSE (n = 5)
plonk,verify_first_ms,11,cpu2,cpu8,within-round time ratio (from / to),1.3118622448979593,1.1402841197361746,1.1707760186867375,1.052620696784865,1.6913341082267854,1.1707760186867375,1.052620696784865,1.6913341082267854,1.052620696784865,1.6913341082267854,10861285380126431734,COARSE (n = 5)
plonk,verify_first_ms,12,cpu2,cpu4,within-round time ratio (from / to),0.9084549878345498,1.0161691542288558,1.0602254428341384,0.8230657873572463,1.7178323881537494,1.0161691542288558,0.8230657873572463,1.7178323881537494,0.8230657873572463,1.7178323881537494,1225703314472193474,COARSE (n = 5)
plonk,verify_first_ms,12,cpu4,cpu8,within-round time ratio (from / to),1.2977239836863572,1.1267677411135175,1.1824067022086824,1.624297844546048,1.031591263650546,1.1824067022086824,1.031591263650546,1.624297844546048,1.031591263650546,1.624297844546048,12155698971276035039,COARSE (n = 5)
plonk,verify_first_ms,12,cpu2,cpu8,within-round time ratio (from / to),1.178923825812393,1.1449866224996814,1.2536176694592536,1.3369039843239712,1.7721008840353614,1.2536176694592536,1.1449866224996814,1.7721008840353614,1.1449866224996814,1.7721008840353614,4824555731323557656,COARSE (n = 5)
plonk,verify_first_ms,13,cpu2,cpu4,within-round time ratio (from / to),1.6551323434473855,1.0317394027980789,1.374200025097252,1.1629791613069205,1.1426448736998513,1.1629791613069205,1.0317394027980789,1.6551323434473855,1.0317394027980789,1.6551323434473855,6203060481179437741,COARSE (n = 5)
plonk,verify_first_ms,13,cpu4,cpu8,within-round time ratio (from / to),1.0162708305996588,1.2344374275035441,1.0499341238471673,0.9741854636591478,1.0496490772030154,1.0496490772030154,0.9741854636591478,1.2344374275035441,0.9741854636591478,1.2344374275035441,6902455134319423644,COARSE (n = 5)
plonk,verify_first_ms,13,cpu2,cpu8,within-round time ratio (from / to),1.6820627214276342,1.2736177342441035,1.4428194993412387,1.1329573934837092,1.199376137249805,1.2736177342441035,1.1329573934837092,1.6820627214276342,1.1329573934837092,1.6820627214276342,6523918948717082566,COARSE (n = 5)
plonk,verify_first_ms,14,cpu2,cpu4,within-round time ratio (from / to),1.4609790936242046,1.289189443035597,1.2882917466410748,1.2801391035548686,1.62688482515239,1.289189443035597,1.2801391035548686,1.62688482515239,1.2801391035548686,1.62688482515239,16092558718244838114,COARSE (n = 5)
plonk,verify_first_ms,14,cpu4,cpu8,within-round time ratio (from / to),1.0095700052438383,1.2930531940733545,1.0269382391590014,1.0194327731092439,1.225396409382781,1.0269382391590014,1.0095700052438383,1.2930531940733545,1.0095700052438383,1.2930531940733545,2585757137071567874,COARSE (n = 5)
plonk,verify_first_ms,14,cpu2,cpu8,within-round time ratio (from / to),1.4749606712113266,1.6669905270828274,1.3229960578186595,1.305015756302521,1.9935788232210718,1.4749606712113266,1.305015756302521,1.9935788232210718,1.305015756302521,1.9935788232210718,3181268480470430048,COARSE (n = 5)
plonk,verify_first_ms,15,cpu2,cpu4,within-round time ratio (from / to),1.1698866563626997,1.570746807687347,1.3169462869033683,1.217213607404736,1.0411730989682841,1.217213607404736,1.0411730989682841,1.570746807687347,1.0411730989682841,1.570746807687347,1788413434562120917,COARSE (n = 5)
plonk,verify_first_ms,15,cpu4,cpu8,within-round time ratio (from / to),1.0171623214987555,1.0264795445518338,0.9937960449786739,1.099669530733642,1.347406358604711,1.0264795445518338,0.9937960449786739,1.347406358604711,0.9937960449786739,1.347406358604711,3813483733410864160,COARSE (n = 5)
plonk,verify_first_ms,15,cpu2,cpu8,within-round time ratio (from / to),1.1899646272763003,1.6123394677611547,1.3087760113739175,1.3385327164573693,1.4028832539580383,1.3385327164573693,1.1899646272763003,1.6123394677611547,1.1899646272763003,1.6123394677611547,5574842249395362333,COARSE (n = 5)
plonk,verify_steady_ms,5,cpu2,cpu4,within-round time ratio (from / to),1.000274763016898,1.0171294377676476,1.0086729074889866,1.0634964266080265,1.0819283823324508,1.0171294377676476,1.000274763016898,1.0819283823324508,1.000274763016898,1.0819283823324508,12642362853470453196,COARSE (n = 5)
plonk,verify_steady_ms,5,cpu4,cpu8,within-round time ratio (from / to),1.0143534002229655,0.9939585335713305,0.9928922908693275,0.9971221049746471,0.9801966675771646,0.9939585335713305,0.9801966675771646,1.0143534002229655,0.9801966675771646,1.0143534002229655,1873622203098337877,COARSE (n = 5)
plonk,verify_steady_ms,5,cpu2,cpu8,within-round time ratio (from / to),1.0146321070234112,1.0109844844157627,1.0015035538545654,1.0604357955324106,1.060502594919421,1.0146321070234112,1.0015035538545654,1.060502594919421,1.0015035538545654,1.060502594919421,16674181126563776983,COARSE (n = 5)
plonk,verify_steady_ms,6,cpu2,cpu4,within-round time ratio (from / to),1.1911968897528464,1.03445840982912,1.0008254230293026,1.1673725918841373,1.0338866785567293,1.03445840982912,1.0008254230293026,1.1911968897528464,1.0008254230293026,1.1911968897528464,8993985550551668846,COARSE (n = 5)
plonk,verify_steady_ms,6,cpu4,cpu8,within-round time ratio (from / to),0.9950262503453993,0.967746344130108,0.9780678148546824,0.981230727979622,1.0038562181517696,0.981230727979622,0.967746344130108,1.0038562181517696,0.967746344130108,1.0038562181517696,9568330838192812142,COARSE (n = 5)
plonk,verify_steady_ms,6,cpu2,cpu8,within-round time ratio (from / to),1.1852721746338768,1.001093344266776,0.9788751345532831,1.1454618581579301,1.0378735711334526,1.0378735711334526,0.9788751345532831,1.1852721746338768,0.9788751345532831,1.1852721746338768,7659650657431495847,COARSE (n = 5)
plonk,verify_steady_ms,7,cpu2,cpu4,within-round time ratio (from / to),1.1894986733696413,1.0066344160331722,1.0678364189002487,1.0017808219178082,0.9964028776978417,1.0066344160331722,0.9964028776978417,1.1894986733696413,0.9964028776978417,1.1894986733696413,5383110509205219834,COARSE (n = 5)
plonk,verify_steady_ms,7,cpu4,cpu8,within-round time ratio (from / to),0.983924154987634,0.9871742393232366,1.0026319434824769,1.0157228328927228,0.996141124586549,0.996141124586549,0.983924154987634,1.0157228328927228,0.983924154987634,1.0157228328927228,11948267988673195724,COARSE (n = 5)
plonk,verify_steady_ms,7,cpu2,cpu8,within-round time ratio (from / to),1.1703764770541358,0.9937235639241371,1.0706469040033246,1.0175316543759565,0.9925578831312017,1.0175316543759565,0.9925578831312017,1.1703764770541358,0.9925578831312017,1.1703764770541358,1298395795920700635,COARSE (n = 5)
plonk,verify_steady_ms,8,cpu2,cpu4,within-round time ratio (from / to),1.0715754833401891,1.1943904470980284,1.0026451343449811,1.0028814489571898,1.0779665661825157,1.0715754833401891,1.0026451343449811,1.1943904470980284,1.0026451343449811,1.1943904470980284,685501229377121154,COARSE (n = 5)
plonk,verify_steady_ms,8,cpu4,cpu8,within-round time ratio (from / to),0.9957673402512289,0.9849562363238512,0.9975003471740036,1.008859357696567,1.0015095375325922,0.9975003471740036,0.9849562363238512,1.008859357696567,0.9849562363238512,1.008859357696567,7889102803633220,COARSE (n = 5)
plonk,verify_steady_ms,8,cpu2,cpu8,within-round time ratio (from / to),1.0670398689240852,1.1764223194748358,1.0001388696014444,1.011766334440753,1.0795937971730478,1.0670398689240852,1.0001388696014444,1.1764223194748358,1.0001388696014444,1.1764223194748358,8458584262007271888,COARSE (n = 5)
plonk,verify_steady_ms,9,cpu2,cpu4,within-round time ratio (from / to),1.0172894590072505,0.9803541781959049,0.9989075515499113,0.9976609796367639,1.185682636388812,0.9989075515499113,0.9803541781959049,1.185682636388812,0.9803541781959049,1.185682636388812,6727875635801479605,COARSE (n = 5)
plonk,verify_steady_ms,9,cpu4,cpu8,within-round time ratio (from / to),0.999581881533101,1.0137447405329594,0.9629191321499013,0.9841570751523359,0.9910800054892275,0.9910800054892275,0.9629191321499013,1.0137447405329594,0.9629191321499013,1.0137447405329594,11576638622112625825,COARSE (n = 5)
plonk,verify_steady_ms,9,cpu2,cpu8,within-round time ratio (from / to),1.016864111498258,0.9938288920056102,0.9618671926364234,0.9818551117129317,1.1751063537807054,0.9938288920056102,0.9618671926364234,1.1751063537807054,0.9618671926364234,1.1751063537807054,4092144257092196141,COARSE (n = 5)
plonk,verify_steady_ms,10,cpu2,cpu4,within-round time ratio (from / to),1.0173226164079823,1.0093055555555557,1.1971295905445334,0.9964028776978417,0.9969978165938864,1.0093055555555557,0.9964028776978417,1.1971295905445334,0.9964028776978417,1.1971295905445334,15553960046131184156,COARSE (n = 5)
plonk,verify_steady_ms,10,cpu4,cpu8,within-round time ratio (from / to),1.0085255066387142,0.9940632334667955,0.9802758620689656,1.0052851182197495,1.0061787724838664,1.0052851182197495,0.9802758620689656,1.0085255066387142,0.9802758620689656,1.0085255066387142,8909019471867711197,COARSE (n = 5)
plonk,verify_steady_ms,10,cpu2,cpu8,within-round time ratio (from / to),1.0259958071278825,1.003313544111556,1.1735172413793102,1.0016689847009734,1.0031580392695318,1.003313544111556,1.0016689847009734,1.1735172413793102,1.0016689847009734,1.1735172413793102,13330844855070595566,COARSE (n = 5)
plonk,verify_steady_ms,11,cpu2,cpu4,within-round time ratio (from / to),0.993565169769989,1.0060664552598924,1.146912899669239,1.1729811946902655,0.9751094091903719,1.0060664552598924,0.9751094091903719,1.1729811946902655,0.9751094091903719,1.1729811946902655,15586062410253913234,COARSE (n = 5)
plonk,verify_steady_ms,11,cpu4,cpu8,within-round time ratio (from / to),0.9942826027770215,0.9784162956967489,0.9810708491076258,0.9685281907057721,1.0030178326474624,0.9810708491076258,0.9685281907057721,1.0030178326474624,0.9685281907057721,1.0030178326474624,12443801038273716180,COARSE (n = 5)
plonk,verify_steady_ms,11,cpu2,cpu8,within-round time ratio (from / to),0.9878845630274979,0.984351814380143,1.1252028123309896,1.136065354225258,0.9780521262002744,0.9878845630274979,0.9780521262002744,1.136065354225258,0.9780521262002744,1.136065354225258,60817915175116427,COARSE (n = 5)
plonk,verify_steady_ms,12,cpu2,cpu4,within-round time ratio (from / to),1.0241032184885863,1.0786123933417262,0.9783256570035221,1.1871110496473516,0.9961357990615511,1.0241032184885863,0.9783256570035221,1.1871110496473516,0.9783256570035221,1.1871110496473516,9762537398338605432,COARSE (n = 5)
plonk,verify_steady_ms,12,cpu4,cpu8,within-round time ratio (from / to),0.9802640722724113,0.975440032746623,1.0054481067828929,1.005702364394993,1.001520387007602,1.001520387007602,0.975440032746623,1.005702364394993,0.975440032746623,1.005702364394993,1802072728033036741,COARSE (n = 5)
plonk,verify_steady_ms,12,cpu2,cpu8,within-round time ratio (from / to),1.0038915913829047,1.0521217082821668,0.9836556796513213,1.1938803894297634,0.9976503109882515,1.0038915913829047,0.9836556796513213,1.1938803894297634,0.9836556796513213,1.1938803894297634,119004776685922147,COARSE (n = 5)
plonk,verify_steady_ms,13,cpu2,cpu4,within-round time ratio (from / to),0.9922992299229922,1.222725984698215,0.9863834422657951,1.175774260151411,1.0208100558659219,1.0208100558659219,0.9863834422657951,1.222725984698215,0.9863834422657951,1.222725984698215,13716058684968194869,COARSE (n = 5)
plonk,verify_steady_ms,13,cpu4,cpu8,within-round time ratio (from / to),1.004142502071251,0.9758053366514586,1.0090684253915911,0.9626341592685835,0.9719017239038957,0.9758053366514586,0.9626341592685835,1.0090684253915911,0.9626341592685835,1.0090684253915911,8864922682124429952,COARSE (n = 5)
plonk,verify_steady_ms,13,cpu2,cpu8,within-round time ratio (from / to),0.9964098315382491,1.1931425411309278,0.9953283869194834,1.1318404664104942,0.9921270530745215,0.9964098315382491,0.9921270530745215,1.1931425411309278,0.9921270530745215,1.1931425411309278,9961188939569694114,COARSE (n = 5)
plonk,verify_steady_ms,14,cpu2,cpu4,within-round time ratio (from / to),0.9969838223197149,1.100014046916702,1.1328327645051195,1.0049826989619377,0.9972348956173096,1.0049826989619377,0.9969838223197149,1.1328327645051195,0.9969838223197149,1.1328327645051195,7979808807832215651,COARSE (n = 5)
plonk,verify_steady_ms,14,cpu4,cpu8,within-round time ratio (from / to),0.974873028601978,0.9650264335095567,1.012719480160376,0.9785994853040769,0.9795503791982664,0.9785994853040769,0.9650264335095567,1.012719480160376,0.9650264335095567,1.012719480160376,5648362666340584098,COARSE (n = 5)
plonk,verify_steady_ms,14,cpu2,cpu8,within-round time ratio (from / to),0.9719326383319968,1.061542632506439,1.1472418083782663,0.9834755519436543,0.9768418201516793,0.9834755519436543,0.9719326383319968,1.1472418083782663,0.9719326383319968,1.1472418083782663,10700423414861184134,COARSE (n = 5)
plonk,verify_steady_ms,15,cpu2,cpu4,within-round time ratio (from / to),1.0453599667082814,0.9898225828634301,1.0118627312526478,1.1682319314005716,1.0184718723761546,1.0184718723761546,0.9898225828634301,1.1682319314005716,0.9898225828634301,1.1682319314005716,18325433486622215573,COARSE (n = 5)
plonk,verify_steady_ms,15,cpu4,cpu8,within-round time ratio (from / to),0.9794836956521739,1.00567081604426,0.9757475540857105,1.0014994547437295,0.9692119896921199,0.9794836956521739,0.9692119896921199,1.00567081604426,0.9692119896921199,1.00567081604426,1620164137141367547,COARSE (n = 5)
plonk,verify_steady_ms,15,cpu2,cpu8,within-round time ratio (from / to),1.0239130434782608,0.9954356846473028,0.9873225850902577,1.1699836423118866,0.9871151498711515,0.9954356846473028,0.9871151498711515,1.1699836423118866,0.9871151498711515,1.1699836423118866,2970941531612039809,COARSE (n = 5)
plonk,wall_ms,5,cpu2,cpu4,within-round time ratio (from / to),1.3162156320718315,1.1918290917888927,1.2372547149567248,1.1663576360413357,1.0707378690767226,1.1918290917888927,1.0707378690767226,1.3162156320718315,1.0707378690767226,1.3162156320718315,16746696095787537343,COARSE (n = 5)
plonk,wall_ms,5,cpu4,cpu8,within-round time ratio (from / to),1.0598485364341075,1.0540444321486944,1.1065348692114356,1.0772637437153993,1.1755322802881318,1.0772637437153993,1.0540444321486944,1.1755322802881318,1.0540444321486944,1.1755322802881318,16359671474021130357,COARSE (n = 5)
plonk,wall_ms,5,cpu2,cpu8,within-round time ratio (from / to),1.3949892112830244,1.2562408182729174,1.3690654841958716,1.2564747935129326,1.258686928826615,1.258686928826615,1.2562408182729174,1.3949892112830244,1.2562408182729174,1.3949892112830244,5040347514466800447,COARSE (n = 5)
plonk,wall_ms,6,cpu2,cpu4,within-round time ratio (from / to),1.3104589334536823,1.1858017867262673,1.1895795328504715,1.1786286690079455,1.0581150867208227,1.1858017867262673,1.0581150867208227,1.3104589334536823,1.0581150867208227,1.3104589334536823,13001339224361445629,COARSE (n = 5)
plonk,wall_ms,6,cpu4,cpu8,within-round time ratio (from / to),1.0584382555351923,1.0494067251473969,1.0821177855112833,1.0742421186214548,1.175131871137928,1.0742421186214548,1.0494067251473969,1.175131871137928,1.0494067251473969,1.175131871137928,16411381016685334955,COARSE (n = 5)
plonk,wall_ms,6,cpu2,cpu8,within-round time ratio (from / to),1.3870398674752242,1.244388369682344,1.2872651697776991,1.266132558463081,1.2434247617375112,1.266132558463081,1.2434247617375112,1.3870398674752242,1.2434247617375112,1.3870398674752242,859293623558616547,COARSE (n = 5)
plonk,wall_ms,7,cpu2,cpu4,within-round time ratio (from / to),1.3079007889675094,1.185111434142202,1.1227748942346045,1.1676646063063254,1.0273951627588755,1.1676646063063254,1.0273951627588755,1.3079007889675094,1.0273951627588755,1.3079007889675094,8856265121900603953,COARSE (n = 5)
plonk,wall_ms,7,cpu4,cpu8,within-round time ratio (from / to),1.0581657859042686,1.0560657178970423,1.1560198596962827,1.082473090174248,1.2219015140946736,1.082473090174248,1.0560657178970423,1.2219015140946736,1.0560657178970423,1.2219015140946736,14983670845364010553,COARSE (n = 5)
plonk,wall_ms,7,cpu2,cpu8,within-round time ratio (from / to),1.3839758662426174,1.251555557485378,1.2979500757035962,1.2639655146755047,1.2553757049486136,1.2639655146755047,1.251555557485378,1.3839758662426174,1.251555557485378,1.3839758662426174,12100404306678349225,COARSE (n = 5)
plonk,wall_ms,8,cpu2,cpu4,within-round time ratio (from / to),1.3031915914206653,1.192435021573486,1.1945240255226568,1.1860944565798734,1.1993682412678723,1.1945240255226568,1.1860944565798734,1.3031915914206653,1.1860944565798734,1.3031915914206653,3264716072820923536,COARSE (n = 5)
plonk,wall_ms,8,cpu4,cpu8,within-round time ratio (from / to),1.0557986479374475,1.059998210736084,1.086742024097352,1.0735344119319978,1.0660717191093094,1.0660717191093094,1.0557986479374475,1.086742024097352,1.0557986479374475,1.086742024097352,9265029126918104628,COARSE (n = 5)
plonk,wall_ms,8,cpu2,cpu8,within-round time ratio (from / to),1.375907920225389,1.2639789892869389,1.298139457329409,1.2733132149402768,1.2786125628135496,1.2786125628135496,1.2639789892869389,1.375907920225389,1.2639789892869389,1.375907920225389,7925075493669247628,COARSE (n = 5)
plonk,wall_ms,9,cpu2,cpu4,within-round time ratio (from / to),1.3050116572792174,1.1847851963420692,1.1902203666247395,1.1778671973965895,1.0825152630408175,1.1847851963420692,1.0825152630408175,1.3050116572792174,1.0825152630408175,1.3050116572792174,1029683874482834326,COARSE (n = 5)
plonk,wall_ms,9,cpu4,cpu8,within-round time ratio (from / to),1.0639129578686901,1.0590306943626828,1.0626730775793103,1.070186674244571,1.1694176615594107,1.0639129578686901,1.0590306943626828,1.1694176615594107,1.0590306943626828,1.1694176615594107,17113221649676980593,COARSE (n = 5)
plonk,wall_ms,9,cpu2,cpu8,within-round time ratio (from / to),1.3884188123490535,1.254723889152769,1.2648151399986869,1.2605377786836294,1.2659124675075633,1.2648151399986869,1.254723889152769,1.3884188123490535,1.254723889152769,1.3884188123490535,13195159689328517533,COARSE (n = 5)
plonk,wall_ms,10,cpu2,cpu4,within-round time ratio (from / to),1.3089846109415009,1.1999868505172326,1.1812548759554993,1.1807122919338313,1.0683005997403703,1.1812548759554993,1.0683005997403703,1.3089846109415009,1.0683005997403703,1.3089846109415009,14431295955511506242,COARSE (n = 5)
plonk,wall_ms,10,cpu4,cpu8,within-round time ratio (from / to),1.0588022711012324,1.0365795342365132,1.091600161119199,1.0768233743640554,1.1722397816468868,1.0768233743640554,1.0365795342365132,1.1722397816468868,1.0365795342365132,1.1722397816468868,12805973676407635127,COARSE (n = 5)
plonk,wall_ms,10,cpu2,cpu8,within-round time ratio (from / to),1.3859558789014241,1.2438818105990934,1.2894580129158626,1.2714185943533058,1.2523044617728898,1.2714185943533058,1.2438818105990934,1.3859558789014241,1.2438818105990934,1.3859558789014241,3636734299922115402,COARSE (n = 5)
plonk,wall_ms,11,cpu2,cpu4,within-round time ratio (from / to),1.3367771616595505,1.18531962125996,1.1807540365569273,1.1715917221481291,1.071718755522382,1.1807540365569273,1.071718755522382,1.3367771616595505,1.071718755522382,1.3367771616595505,11103911799027402779,COARSE (n = 5)
plonk,wall_ms,11,cpu4,cpu8,within-round time ratio (from / to),1.0370708464109542,1.0334400475845182,1.0745118985909219,1.0384741182688677,1.155373246594232,1.0384741182688677,1.0334400475845182,1.155373246594232,1.0334400475845182,1.155373246594232,9484489466158265776,COARSE (n = 5)
plonk,wall_ms,11,cpu2,cpu8,within-round time ratio (from / to),1.386332622505103,1.224956765797756,1.268734261589679,1.2166676806288828,1.2382351780038243,1.2382351780038243,1.2166676806288828,1.386332622505103,1.2166676806288828,1.386332622505103,4197328356122213890,COARSE (n = 5)
plonk,wall_ms,12,cpu2,cpu4,within-round time ratio (from / to),1.3144144765047683,1.1873608718218216,1.188949188866274,1.1785961243634457,1.065110870983436,1.1873608718218216,1.065110870983436,1.3144144765047683,1.065110870983436,1.3144144765047683,14709884457991272704,COARSE (n = 5)
plonk,wall_ms,12,cpu4,cpu8,within-round time ratio (from / to),1.048100318372129,1.0304649416172644,1.0591830107066675,1.0535304213079628,1.1659725314916753,1.0535304213079628,1.0304649416172644,1.1659725314916753,1.0304649416172644,1.1659725314916753,8443863100025639954,COARSE (n = 5)
plonk,wall_ms,12,cpu2,cpu8,within-round time ratio (from / to),1.3776382312975828,1.2235337514604976,1.2593147814406302,1.241686871452553,1.24189001855986,1.24189001855986,1.2235337514604976,1.3776382312975828,1.2235337514604976,1.3776382312975828,3220698392701225685,COARSE (n = 5)
plonk,wall_ms,13,cpu2,cpu4,within-round time ratio (from / to),1.3005569935838088,1.191006234073729,1.1762506152774321,1.1820489716565263,1.0586259741518105,1.1820489716565263,1.0586259741518105,1.3005569935838088,1.0586259741518105,1.3005569935838088,5733753489654078983,COARSE (n = 5)
plonk,wall_ms,13,cpu4,cpu8,within-round time ratio (from / to),1.0621589629927501,1.0430010807373804,1.0700393122886909,1.0545896481420545,1.1774287692785261,1.0621589629927501,1.0430010807373804,1.1774287692785261,1.0430010807373804,1.1774287692785261,14849661090904916890,COARSE (n = 5)
plonk,wall_ms,13,cpu2,cpu8,within-round time ratio (from / to),1.3813982676179473,1.2422207893038568,1.258634399450613,1.2465766091059334,1.246456677871847,1.2465766091059334,1.2422207893038568,1.3813982676179473,1.2422207893038568,1.3813982676179473,10533957052475383062,COARSE (n = 5)
plonk,wall_ms,14,cpu2,cpu4,within-round time ratio (from / to),1.2936043751103419,1.1979003416303884,1.1790449835674706,1.1883965863291575,1.071312057864827,1.1883965863291575,1.071312057864827,1.2936043751103419,1.071312057864827,1.2936043751103419,9658379619558372490,COARSE (n = 5)
plonk,wall_ms,14,cpu4,cpu8,within-round time ratio (from / to),1.0452864173339287,1.0110625327955405,1.0789265943681816,1.0545894773982083,1.1455378599097177,1.0545894773982083,1.0110625327955405,1.1455378599097177,1.0110625327955405,1.1455378599097177,6448024711226506703,COARSE (n = 5)
plonk,wall_ms,14,cpu2,cpu8,within-round time ratio (from / to),1.3521870827065847,1.2111521534454637,1.2721029887273396,1.2532705349186808,1.2272285220619497,1.2532705349186808,1.2111521534454637,1.3521870827065847,1.2111521534454637,1.3521870827065847,10738601409972737759,COARSE (n = 5)
plonk,wall_ms,15,cpu2,cpu4,within-round time ratio (from / to),1.3152307980874776,1.1911789335782907,1.1738199504775733,1.1715750447114872,1.0859648054111009,1.1738199504775733,1.0859648054111009,1.3152307980874776,1.0859648054111009,1.3152307980874776,9013179101171846523,COARSE (n = 5)
plonk,wall_ms,15,cpu4,cpu8,within-round time ratio (from / to),1.0218579528495564,1.0274929416772935,1.0749472984808999,1.0684207345212242,1.1725284845337085,1.0684207345212242,1.0218579528495564,1.1725284845337085,1.0218579528495564,1.1725284845337085,5647645833247462924,COARSE (n = 5)
plonk,wall_ms,15,cpu2,cpu8,within-round time ratio (from / to),1.343979050858358,1.2239279465263793,1.261794584668851,1.2517350698173833,1.2733246675456218,1.261794584668851,1.2239279465263793,1.343979050858358,1.2239279465263793,1.343979050858358,5951349136467313913,COARSE (n = 5)
plonk,stage_sum_ms,5,cpu2,cpu4,within-round time ratio (from / to),1.3162168120981292,1.1918298839754717,1.2372552628793074,1.1663582708378832,1.0707380787506866,1.1918298839754717,1.0707380787506866,1.3162168120981292,1.0707380787506866,1.3162168120981292,17464128362089181783,COARSE (n = 5)
plonk,stage_sum_ms,5,cpu4,cpu8,within-round time ratio (from / to),1.0598483415812172,1.054044440561568,1.1065350940697773,1.077263914587899,1.1755322786599611,1.077263914587899,1.054044440561568,1.1755322786599611,1.054044440561568,1.1755322786599611,6175873149251168604,COARSE (n = 5)
plonk,stage_sum_ms,5,cpu2,cpu8,within-round time ratio (from / to),1.3949902054635188,1.2562416632994846,1.3690663686984816,1.256475676654791,1.2586871735617835,1.2586871735617835,1.2562416632994846,1.3949902054635188,1.2562416632994846,1.3949902054635188,14998217759735994293,COARSE (n = 5)
plonk,stage_sum_ms,6,cpu2,cpu4,within-round time ratio (from / to),1.3104593601624357,1.1858018454104657,1.1895797115892837,1.1786299941946823,1.0581151626369707,1.1858018454104657,1.0581151626369707,1.3104593601624357,1.0581151626369707,1.3104593601624357,15914480996129122319,COARSE (n = 5)
plonk,stage_sum_ms,6,cpu4,cpu8,within-round time ratio (from / to),1.0584384505334001,1.0494067959977655,1.0821179147323547,1.074241406304924,1.1751322602416938,1.074241406304924,1.0494067959977655,1.1751322602416938,1.0494067959977655,1.1751322602416938,4621003949583091859,COARSE (n = 5)
plonk,stage_sum_ms,6,cpu2,cpu8,within-round time ratio (from / to),1.3870405746573196,1.2443885152804344,1.2872655169129115,1.2661331424768596,1.2434252626655908,1.2661331424768596,1.2434252626655908,1.3870405746573196,1.2434252626655908,1.3870405746573196,11277425528101192885,COARSE (n = 5)
plonk,stage_sum_ms,7,cpu2,cpu4,within-round time ratio (from / to),1.3079104029706252,1.1851116080693629,1.1227735913332295,1.16766509213837,1.0273951948846936,1.16766509213837,1.0273951948846936,1.3079104029706252,1.0273951948846936,1.3079104029706252,12831169219330393882,COARSE (n = 5)
plonk,stage_sum_ms,7,cpu4,cpu8,within-round time ratio (from / to),1.0581583057974746,1.0560661323805507,1.1560200900639992,1.082472678521965,1.2219020821816804,1.082472678521965,1.0560661323805507,1.2219020821816804,1.0560661323805507,1.2219020821816804,16563298068590591223,COARSE (n = 5)
plonk,stage_sum_ms,7,cpu2,cpu8,within-round time ratio (from / to),1.383976256142289,1.251556232373107,1.2979488281745197,1.2639655599036186,1.2553763278530603,1.2639655599036186,1.251556232373107,1.383976256142289,1.251556232373107,1.383976256142289,4143838134507443744,COARSE (n = 5)
plonk,stage_sum_ms,8,cpu2,cpu4,within-round time ratio (from / to),1.3031918691045277,1.1924341251017123,1.194524907762963,1.1860947487246005,1.1993678708919946,1.194524907762963,1.1860947487246005,1.3031918691045277,1.1860947487246005,1.3031918691045277,13357187650967170300,COARSE (n = 5)
plonk,stage_sum_ms,8,cpu4,cpu8,within-round time ratio (from / to),1.0557989568808435,1.0599985256272366,1.0867416428988887,1.0735347620158122,1.066072049620439,1.066072049620439,1.0557989568808435,1.0867416428988887,1.0557989568808435,1.0867416428988887,4915799674235753795,COARSE (n = 5)
plonk,stage_sum_ms,8,cpu2,cpu8,within-round time ratio (from / to),1.3759086160161569,1.263978414515419,1.298139960745966,1.2733139438002685,1.2786125643707307,1.2786125643707307,1.263978414515419,1.3759086160161569,1.263978414515419,1.3759086160161569,9267347915724042146,COARSE (n = 5)
plonk,stage_sum_ms,9,cpu2,cpu4,within-round time ratio (from / to),1.3050118792271566,1.1847854045845772,1.1902204313443663,1.1778678384878822,1.0825152981339021,1.1847854045845772,1.0825152981339021,1.3050118792271566,1.0825152981339021,1.3050118792271566,14058754382187710558,COARSE (n = 5)
plonk,stage_sum_ms,9,cpu4,cpu8,within-round time ratio (from / to),1.063913382932341,1.0590306886458807,1.0626732788079227,1.0701869330880553,1.1694179550222688,1.063913382932341,1.0590306886458807,1.1694179550222688,1.0590306886458807,1.1694179550222688,4405882989162933469,COARSE (n = 5)
plonk,stage_sum_ms,9,cpu2,cpu8,within-round time ratio (from / to),1.3884196031954559,1.254724102914793,1.2648154482808978,1.2605387696544035,1.2659128262240693,1.2648154482808978,1.254724102914793,1.3884196031954559,1.254724102914793,1.3884196031954559,4378494505010709553,COARSE (n = 5)
plonk,stage_sum_ms,10,cpu2,cpu4,within-round time ratio (from / to),1.3089848977716674,1.1999869097258764,1.1812552696823237,1.1807123966535298,1.068300364368834,1.1812552696823237,1.068300364368834,1.3089848977716674,1.068300364368834,1.3089848977716674,503685329803973997,COARSE (n = 5)
plonk,stage_sum_ms,10,cpu4,cpu8,within-round time ratio (from / to),1.0588028050953902,1.0365794955402041,1.091600210150337,1.0768237382501862,1.1722399960955792,1.0768237382501862,1.0365794955402041,1.1722399960955792,1.0365794955402041,1.1722399960955792,7179785418273326742,COARSE (n = 5)
plonk,stage_sum_ms,10,cpu2,cpu8,within-round time ratio (from / to),1.385956881588144,1.2438818255384971,1.2894585006264179,1.2714191367627905,1.2523044149566278,1.2714191367627905,1.2438818255384971,1.385956881588144,1.2438818255384971,1.385956881588144,11859604114518382813,COARSE (n = 5)
plonk,stage_sum_ms,11,cpu2,cpu4,within-round time ratio (from / to),1.3367774723791646,1.185319679680977,1.1807535662216913,1.1715919129635217,1.071718630002709,1.1807535662216913,1.071718630002709,1.3367774723791646,1.071718630002709,1.3367774723791646,9084946545110842128,COARSE (n = 5)
plonk,stage_sum_ms,11,cpu4,cpu8,within-round time ratio (from / to),1.0370708877227648,1.033440131653144,1.074512268154817,1.0384741081881905,1.155373565108136,1.0384741081881905,1.033440131653144,1.155373565108136,1.033440131653144,1.155373565108136,10252028875808010405,COARSE (n = 5)
plonk,stage_sum_ms,11,cpu2,cpu8,within-round time ratio (from / to),1.386332999968054,1.2249569258205715,1.268734192572758,1.2166678669752895,1.2382353743390373,1.2382353743390373,1.2166678669752895,1.386332999968054,1.2166678669752895,1.386332999968054,9265777964097912218,COARSE (n = 5)
plonk,stage_sum_ms,12,cpu2,cpu4,within-round time ratio (from / to),1.314414675011572,1.1873608875356807,1.188949377706149,1.1785963841380231,1.0651108905489517,1.1873608875356807,1.0651108905489517,1.314414675011572,1.0651108905489517,1.314414675011572,2351401043236649649,COARSE (n = 5)
plonk,stage_sum_ms,12,cpu4,cpu8,within-round time ratio (from / to),1.048100541585486,1.030465194089273,1.059182919501909,1.0535304872778812,1.165972601097851,1.0535304872778812,1.030465194089273,1.165972601097851,1.030465194089273,1.165972601097851,2438635019901347601,COARSE (n = 5)
plonk,stage_sum_ms,12,cpu2,cpu8,within-round time ratio (from / to),1.3776387327475392,1.2235340674284667,1.2593148730187769,1.2416872228848805,1.2418901155110098,1.2418901155110098,1.2235340674284667,1.3776387327475392,1.2235340674284667,1.3776387327475392,16783412965062245898,COARSE (n = 5)
plonk,stage_sum_ms,13,cpu2,cpu4,within-round time ratio (from / to),1.3005573931223897,1.1910069714023048,1.1762510931630235,1.182049176424567,1.0586259421438935,1.182049176424567,1.0586259421438935,1.3005573931223897,1.0586259421438935,1.3005573931223897,12196099218086669929,COARSE (n = 5)
plonk,stage_sum_ms,13,cpu4,cpu8,within-round time ratio (from / to),1.0621592105615287,1.0430007709331155,1.0700394094647712,1.054589290608103,1.1774291013639064,1.0621592105615287,1.0430007709331155,1.1774291013639064,1.0430007709331155,1.1774291013639064,7684803219443143292,COARSE (n = 5)
plonk,stage_sum_ms,13,cpu2,cpu8,within-round time ratio (from / to),1.3813990139688372,1.242221189359319,1.2586350251104532,1.2465764024294765,1.2464569917390034,1.2465764024294765,1.242221189359319,1.3813990139688372,1.242221189359319,1.3813990139688372,9572397639498627356,COARSE (n = 5)
plonk,stage_sum_ms,14,cpu2,cpu4,within-round time ratio (from / to),1.2936050177053326,1.197900768870426,1.179045255854231,1.1883966827919834,1.0713122024277604,1.1883966827919834,1.0713122024277604,1.2936050177053326,1.0713122024277604,1.2936050177053326,12552421567826235910,COARSE (n = 5)
plonk,stage_sum_ms,14,cpu4,cpu8,within-round time ratio (from / to),1.0452864243604933,1.0110625482598294,1.0789267002224847,1.0545894969441116,1.1455380335305825,1.0545894969441116,1.0110625482598294,1.1455380335305825,1.0110625482598294,1.1455380335305825,15726160369643332375,COARSE (n = 5)
plonk,stage_sum_ms,14,cpu2,cpu8,within-round time ratio (from / to),1.3521877634919999,1.2111526039365421,1.2721034073117807,1.253270659875649,1.2272288736664136,1.253270659875649,1.2111526039365421,1.3521877634919999,1.2111526039365421,1.3521877634919999,16669617769652059559,COARSE (n = 5)
plonk,stage_sum_ms,15,cpu2,cpu4,within-round time ratio (from / to),1.3152310793921598,1.1911792469719704,1.1738200589749441,1.1715752692293115,1.085964592299248,1.1738200589749441,1.085964592299248,1.3152310793921598,1.085964592299248,1.3152310793921598,13352067504815957611,COARSE (n = 5)
plonk,stage_sum_ms,15,cpu4,cpu8,within-round time ratio (from / to),1.0218579799440468,1.0274929267739505,1.0749474528106422,1.068420887632819,1.1725289042409948,1.068420887632819,1.0218579799440468,1.1725289042409948,1.0218579799440468,1.1725289042409948,7830317097853808327,COARSE (n = 5)
plonk,stage_sum_ms,15,cpu2,cpu8,within-round time ratio (from / to),1.3439793739473007,1.2239282507836202,1.261794882453154,1.2517354890786399,1.273324873453156,1.261794882453154,1.2239282507836202,1.3439793739473007,1.2239282507836202,1.3439793739473007,3145902275058591803,COARSE (n = 5)
