allocation_profile,backend,depth,rounds,stage,n,mean,sd,cv,median,q1,q3,iqr,min,max,boot_median_lo95,boot_median_hi95,bootstrap_seed,precision
cpu2,groth16,5,1-10,input_ms,10,0.9115,0.3099258871981422,0.3400174297291741,0.7975000000000001,0.774,0.84925,0.07524999999999993,0.606,1.502,0.745,1.1545,10150503911246220872,n = 10
cpu2,groth16,5,1-10,witness_ms,10,23.2609,2.5985080527102475,0.11171141498008451,22.487499999999997,21.58025,24.94325,3.3629999999999995,19.745,27.562,21.466,25.488,13342199278401942525,n = 10
cpu2,groth16,5,1-10,prove_ms,10,261.8157,15.523801174325827,0.05929285819882393,266.3995,250.8085,271.62350000000004,20.815000000000026,237.506,281.181,248.276,274.7125,10528215073093071556,n = 10
cpu2,groth16,5,1-10,verify_first_ms,10,12.610299999999999,2.8766645442247865,0.22812023062296588,11.8895,10.29175,13.812,3.520249999999999,9.759,17.979,10.245,14.842500000000001,9135479162680903367,n = 10
cpu2,groth16,5,1-10,verify_steady_ms,10,10.9742,0.9765197614203438,0.08898322988649231,11.017,10.1465,11.40825,1.261750000000001,9.649,12.505,10.1,11.7915,11898312643014983980,n = 10
cpu2,groth16,5,1-10,wall_ms,10,298.6206,14.950396503103192,0.05006485320538232,303.0625,291.06475,309.463,18.39825000000002,271.121,315.048,286.83299999999997,310.718,17454554827228342747,n = 10
cpu2,groth16,5,1-10,stage_sum_ms,10,298.5981,14.95085519999143,0.050070161866372996,303.046,291.0355,309.43949999999995,18.40399999999994,271.101,315.03,286.808,310.698,3148983734605251752,n = 10
cpu2,groth16,5,1-5,input_ms,5,0.9541999999999999,0.30793781839845524,0.3227183173322734,0.844,0.803,0.851,0.04799999999999993,0.771,1.502,0.771,1.502,2446025964493489085,COARSE (n = 5)
cpu2,groth16,5,1-5,witness_ms,5,23.1182,2.828645028984726,0.12235576424569065,22.641,22.334,23.309,0.9750000000000014,19.745,27.562,19.745,27.562,16793010678015471067,COARSE (n = 5)
cpu2,groth16,5,1-5,prove_ms,5,252.28740000000002,16.566599116897834,0.06566558265255353,248.817,239.769,256.783,17.01400000000001,237.506,278.562,237.506,278.562,8096530414864296665,COARSE (n = 5)
cpu2,groth16,5,1-5,verify_first_ms,5,13.511199999999999,3.7407321743209576,0.2768615796021788,12.975,10.133,16.71,6.577000000000002,9.759,17.979,9.759,17.979,16934437207726459081,COARSE (n = 5)
cpu2,groth16,5,1-5,verify_steady_ms,5,10.9108,1.0791580977780788,0.09890733014793404,10.843,10.286,11.271,0.9850000000000012,9.649,12.505,9.649,12.505,702331058620732128,COARSE (n = 5)
cpu2,groth16,5,1-5,wall_ms,5,289.8942,16.948952023650317,0.058465992157312276,289.636,278.315,295.351,17.036,271.121,315.048,271.121,315.048,14413396865789277518,COARSE (n = 5)
cpu2,groth16,5,1-5,stage_sum_ms,5,289.87080000000003,16.94892439655094,0.0584706165524466,289.607,278.295,295.321,17.02600000000001,271.101,315.03,271.101,315.03,3300338974045330450,COARSE (n = 5)
cpu2,groth16,6,1-10,input_ms,10,1.0599,0.41181156694132165,0.3885381327873588,0.822,0.77325,1.3940000000000001,0.6207500000000001,0.673,1.845,0.74,1.415,7514488120861720984,n = 10
cpu2,groth16,6,1-10,witness_ms,10,23.0185,1.6462185793846187,0.07151719614156521,22.898,22.5055,23.949,1.4435000000000002,19.535,25.908,22.4015,24.132,16750304405936802983,n = 10
cpu2,groth16,6,1-10,prove_ms,10,283.3371,16.77421844147209,0.059202336868246656,286.1065,278.6915,295.29625,16.604749999999967,241.397,299.423,277.851,297.15,18241086994536603410,n = 10
cpu2,groth16,6,1-10,verify_first_ms,10,12.258199999999999,1.842994411277473,0.15034788233814697,12.459,10.959249999999999,12.70375,1.7445000000000004,9.936,16.464,10.825,12.9205,5118675753325673164,n = 10
cpu2,groth16,6,1-10,verify_steady_ms,10,10.8054,1.0403422727374123,0.09627984829228092,10.6415,10.18525,11.0095,0.8242499999999993,9.607,13.427,10.057,11.036000000000001,14940785330753539462,n = 10
cpu2,groth16,6,1-10,wall_ms,10,319.69,15.715719335182282,0.049159245941950896,323.00750000000005,313.71025,329.92475,16.214500000000044,281.572,334.5,312.757,331.608,7551596777008592242,n = 10
cpu2,groth16,6,1-10,stage_sum_ms,10,319.6735,15.715950575768561,0.04916250666936284,322.9945,313.69525,329.90675,16.2115,281.553,334.482,312.742,331.5875,7593553762414496798,n = 10
cpu2,groth16,6,1-5,input_ms,5,0.891,0.25271228699847575,0.28362770706899637,0.821,0.798,0.823,0.02499999999999991,0.682,1.331,0.682,1.331,1257491314960928319,COARSE (n = 5)
cpu2,groth16,6,1-5,witness_ms,5,23.169400000000003,2.33329248059475,0.10070577919992532,23.4,22.872,24.132,1.2600000000000016,19.535,25.908,19.535,25.908,8454647072447115638,COARSE (n = 5)
cpu2,groth16,6,1-5,prove_ms,5,281.1112,23.742270514843355,0.084458643109358,289.735,277.851,297.15,19.298999999999978,241.397,299.423,241.397,299.423,15327614206362056350,COARSE (n = 5)
cpu2,groth16,6,1-5,verify_first_ms,5,12.375,2.594748542730104,0.20967664991758417,11.362,10.825,13.288,2.463000000000001,9.936,16.464,9.936,16.464,3591566622462210441,COARSE (n = 5)
cpu2,groth16,6,1-5,verify_steady_ms,5,11.230599999999999,1.296996067842921,0.11548769147177544,11.013,10.615,11.073,0.4580000000000002,10.025,13.427,10.025,13.427,10818697090797467093,COARSE (n = 5)
cpu2,groth16,6,1-5,wall_ms,5,317.56419999999997,21.73462943553444,0.06844168654884411,328.871,312.757,330.276,17.519000000000005,281.572,334.345,281.572,334.345,116085494020697035,COARSE (n = 5)
cpu2,groth16,6,1-5,stage_sum_ms,5,317.5462,21.734918442451086,0.06844647626849601,328.844,312.742,330.261,17.519000000000005,281.553,334.331,281.553,334.331,4598198551414604260,COARSE (n = 5)
cpu2,groth16,7,1-10,input_ms,10,0.9547000000000001,0.2583520638370998,0.27061072990164425,0.87,0.85825,0.9297500000000001,0.07150000000000012,0.758,1.667,0.838,0.9585,12465647657859277736,n = 10
cpu2,groth16,7,1-10,witness_ms,10,24.1957,2.34408134339328,0.09688007965850462,23.6955,22.253,25.73125,3.478249999999999,21.643,28.681,22.082,25.878500000000003,14417530790975350426,n = 10
cpu2,groth16,7,1-10,prove_ms,10,299.0924,21.1573370263,0.07073846418799007,294.82,293.50575000000003,302.06375,8.557999999999993,269.96,343.581,284.845,308.91949999999997,11282213283081906183,n = 10
cpu2,groth16,7,1-10,verify_first_ms,10,11.9338,2.267402223789252,0.1899983428404408,11.682500000000001,10.025,13.0025,2.977499999999999,9.667,16.736,9.968499999999999,13.3145,11383149475797894766,n = 10
cpu2,groth16,7,1-10,verify_steady_ms,10,10.8961,0.9148277858579602,0.08395919511182534,10.731,10.223749999999999,11.6605,1.4367500000000017,9.785,12.237,10.122499999999999,11.916,4378585964844903403,n = 10
cpu2,groth16,7,1-10,wall_ms,10,336.1937,21.001808409171723,0.06246936932242253,333.115,328.17375,339.03725,10.863499999999988,309.652,379.254,320.9065,348.77,11981210488544158224,n = 10
cpu2,groth16,7,1-10,stage_sum_ms,10,336.1764,21.00193698580098,0.06247296653126448,333.1,328.1595,339.022,10.862500000000011,309.636,379.234,320.885,347.5905,17055033316905387502,n = 10
cpu2,groth16,7,1-5,input_ms,5,0.8446,0.06346889001707846,0.07514668484143791,0.858,0.817,0.859,0.04200000000000004,0.758,0.931,0.758,0.931,8359401169505353960,COARSE (n = 5)
cpu2,groth16,7,1-5,witness_ms,5,24.6944,2.5457107651891646,0.10308858547643046,24.336,23.055,25.318,2.2630000000000017,22.082,28.681,22.082,28.681,17189234481977554337,COARSE (n = 5)
cpu2,groth16,7,1-5,prove_ms,5,291.1732,20.491125096001944,0.07037435140322648,293.379,275.804,294.262,18.458000000000027,269.96,322.461,269.96,322.461,7881771374169169026,COARSE (n = 5)
cpu2,groth16,7,1-5,verify_first_ms,5,12.4032,2.783345235503494,0.22440541436915426,12.405,10.16,12.938,2.7780000000000005,9.777,16.736,9.777,16.736,12289593375181961519,COARSE (n = 5)
cpu2,groth16,7,1-5,verify_steady_ms,5,11.0116,1.139584485678881,0.10348945527251999,10.607,10.229,12.2,1.971,9.785,12.237,9.785,12.237,1091945098457141720,COARSE (n = 5)
cpu2,groth16,7,1-5,wall_ms,5,329.13379999999995,21.017320754558625,0.06385646431499478,330.555,311.258,332.609,21.351,309.652,361.595,309.652,361.595,1115652430707141462,COARSE (n = 5)
cpu2,groth16,7,1-5,stage_sum_ms,5,329.1154,21.01881425770731,0.0638645722980672,330.54,311.23,332.595,21.36500000000001,309.636,361.576,309.636,361.576,17798559249828032193,COARSE (n = 5)
cpu2,groth16,8,1-10,input_ms,10,1.4519,0.45281918147436195,0.31188041977709346,1.2565,1.14025,1.8944999999999999,0.7542499999999999,1.005,2.1,1.117,2.069,13285877484154595468,n = 10
cpu2,groth16,8,1-10,witness_ms,10,23.7381,1.500050402856887,0.06319167931961223,23.7065,23.1755,24.5785,1.4029999999999987,20.463,25.679,23.1025,24.694,6632395218667458426,n = 10
cpu2,groth16,8,1-10,prove_ms,10,336.832,13.285840474396458,0.039443522214030906,339.263,327.61525,347.49975,19.884500000000003,314.891,353.993,325.044,348.867,10105177891032017010,n = 10
cpu2,groth16,8,1-10,verify_first_ms,10,11.5778,1.5127800603891863,0.13066213446329927,11.189,10.682,12.325,1.642999999999999,9.78,15.014,10.495000000000001,12.35,2396278819225965613,n = 10
cpu2,groth16,8,1-10,verify_steady_ms,10,11.2029,0.5898561877459811,0.052652097916252145,11.1525,10.75375,11.54025,0.7865000000000002,10.432,12.137,10.676,11.7275,1475819568835922146,n = 10
cpu2,groth16,8,1-10,wall_ms,10,373.6178,13.76535003227711,0.03684339994581926,376.32050000000004,363.33125,384.54925000000003,21.218000000000018,351.787,391.022,360.346,386.653,352478259117469602,n = 10
cpu2,groth16,8,1-10,stage_sum_ms,10,373.5996,13.76312236215152,0.0368392320606112,376.3035,363.31625,384.52700000000004,21.21075000000002,351.771,391.001,360.331,386.629,1977824568619676482,n = 10
cpu2,groth16,8,1-5,input_ms,5,1.1712,0.13162522554586567,0.11238492618328694,1.171,1.13,1.179,0.049000000000000155,1.005,1.371,1.005,1.371,2169092114833635134,COARSE (n = 5)
cpu2,groth16,8,1-5,witness_ms,5,23.6274,2.139622233012173,0.09055682102187175,23.3,23.134,25.561,2.4269999999999996,20.463,25.679,20.463,25.679,7225472830908963473,COARSE (n = 5)
cpu2,groth16,8,1-5,prove_ms,5,336.469,16.385705126725544,0.04869900385095074,339.162,325.044,349.255,24.211000000000013,314.891,353.993,314.891,353.993,9715307774315024672,COARSE (n = 5)
cpu2,groth16,8,1-5,verify_first_ms,5,12.5596,1.5219785806639985,0.12118049783942152,12.35,12.25,12.376,0.12599999999999945,10.808,15.014,10.808,15.014,4185928806666325037,COARSE (n = 5)
cpu2,groth16,8,1-5,verify_steady_ms,5,11.2384,0.5648020007046716,0.0502564422608798,11.236,11.069,11.484,0.41499999999999915,10.432,11.971,10.432,11.971,3223555095003331903,COARSE (n = 5)
cpu2,groth16,8,1-5,wall_ms,5,373.84520000000003,17.1667577515383,0.04591942801870479,378.238,360.346,387.833,27.487000000000023,351.787,391.022,351.787,391.022,13657781671476063476,COARSE (n = 5)
cpu2,groth16,8,1-5,stage_sum_ms,5,373.827,17.16402429501891,0.045914351545016566,378.221,360.331,387.811,27.47999999999996,351.771,391.001,351.771,391.001,7780311122306212300,COARSE (n = 5)
cpu2,groth16,9,1-10,input_ms,10,2.2309,1.0421302381820294,0.46713444716573105,1.8295,1.7705,1.96925,0.19874999999999998,1.745,5.121,1.763,2.2475,4688662692479561192,n = 10
cpu2,groth16,9,1-10,witness_ms,10,25.0496,2.3893229724477734,0.09538367768139105,24.448999999999998,23.250500000000002,26.988,3.737499999999997,22.053,28.899,23.195,27.598,5569051966559802168,n = 10
cpu2,groth16,9,1-10,prove_ms,10,359.4635,14.153027200724381,0.03937264061782178,359.0625,347.64,368.868,21.22800000000001,340.759,380.506,345.742,371.353,15557583764097352875,n = 10
cpu2,groth16,9,1-10,verify_first_ms,10,12.1655,2.384148124126892,0.1959761723009241,11.058,10.50775,12.73275,2.2249999999999996,10.111,16.936,10.381,14.184000000000001,14718023722230358887,n = 10
cpu2,groth16,9,1-10,verify_steady_ms,10,10.7096,1.0325709230416624,0.09641545184149385,10.344000000000001,9.888,11.338249999999999,1.4502499999999987,9.569,12.318,9.872,11.7305,7412609617408324059,n = 10
cpu2,groth16,9,1-10,wall_ms,10,398.9271,14.923286497208906,0.03740855534058455,397.34000000000003,389.35125000000005,411.6475,22.29624999999993,377.517,420.361,387.27750000000003,414.976,16154874578161005935,n = 10
cpu2,groth16,9,1-10,stage_sum_ms,10,398.9094,14.924139276874755,0.037412352972566586,397.318,389.33574999999996,411.63025,22.294500000000028,377.499,420.346,387.26,414.959,17951048889300829929,n = 10
cpu2,groth16,9,1-5,input_ms,5,2.5282,1.4521634549870757,0.5743863044802926,1.961,1.824,1.972,0.1479999999999999,1.763,5.121,1.763,5.121,1884161494801654141,COARSE (n = 5)
cpu2,groth16,9,1-5,witness_ms,5,24.773000000000003,2.5786848392155255,0.10409255395856477,24.338,23.417,25.158,1.7409999999999997,22.053,28.899,22.053,28.899,18186127569507829084,COARSE (n = 5)
cpu2,groth16,9,1-5,prove_ms,5,356.4794,18.136548301702824,0.05087684814803555,345.742,344.037,371.353,27.31600000000003,340.759,380.506,340.759,380.506,5391157306358744275,COARSE (n = 5)
cpu2,groth16,9,1-5,verify_first_ms,5,12.5796,2.734377314856163,0.2173659985099815,12.726,10.381,12.735,2.353999999999999,10.12,16.936,10.12,16.936,10255261826671731618,COARSE (n = 5)
cpu2,groth16,9,1-5,verify_steady_ms,5,10.463,1.1043513933526774,0.10554825512306963,9.936,9.872,10.624,0.7520000000000007,9.569,12.314,9.569,12.314,10388197490503095006,COARSE (n = 5)
cpu2,groth16,9,1-5,wall_ms,5,396.3768,19.888079311487065,0.05017468053500373,387.97,381.06,414.976,33.916,377.517,420.361,377.517,420.361,15255198005351362524,COARSE (n = 5)
cpu2,groth16,9,1-5,stage_sum_ms,5,396.36019999999996,19.88890059053039,0.05017885395791604,387.955,381.042,414.959,33.91700000000003,377.499,420.346,377.499,420.346,6495839959752404520,COARSE (n = 5)
cpu2,groth16,10,1-10,input_ms,10,2.8771999999999998,0.27404533282733434,0.09524723092844932,2.8034999999999997,2.66625,3.023,0.35675000000000034,2.594,3.459,2.661,3.055,12585191627361904572,n = 10
cpu2,groth16,10,1-10,witness_ms,10,24.7882,2.893531897948326,0.11673021429342696,24.813499999999998,22.36025,26.53425,4.1739999999999995,21.351,30.308,22.023,26.598,3212348354682106015,n = 10
cpu2,groth16,10,1-10,prove_ms,10,380.25460000000004,14.32653562217095,0.03767616650047349,380.75300000000004,373.515,391.85425,18.339249999999993,353.367,398.882,370.682,394.638,4196477495113664906,n = 10
cpu2,groth16,10,1-10,verify_first_ms,10,12.1756,3.488342465348773,0.2865027157059014,11.168,10.827,11.87325,1.0462500000000006,9.812,21.82,10.489999999999998,11.9,1094009071858744739,n = 10
cpu2,groth16,10,1-10,verify_steady_ms,10,10.9144,0.8730479431916163,0.07999046609906328,10.7375,10.15325,11.70275,1.5495,9.991,12.214,10.041,11.999,6090600398548082766,n = 10
cpu2,groth16,10,1-10,wall_ms,10,420.1139,16.518737041109812,0.039319663170177925,419.92,410.18375000000003,433.11475,22.930999999999983,391.486,441.097,407.99649999999997,434.627,2211897946630914990,n = 10
cpu2,groth16,10,1-10,stage_sum_ms,10,420.0955,16.518434666557653,0.03932066557855928,419.9045,410.165,433.091,22.925999999999988,391.467,441.081,408.896,434.603,5782734561959781783,n = 10
cpu2,groth16,10,1-5,input_ms,5,2.8666,0.1836172649834432,0.06405402392501332,2.864,2.743,2.927,0.18400000000000016,2.661,3.138,2.661,3.138,5972999673787063223,COARSE (n = 5)
cpu2,groth16,10,1-5,witness_ms,5,23.5954,2.7418338388749963,0.11620204950435238,22.023,21.443,26.343,4.899999999999999,21.351,26.817,21.351,26.817,5275611549892106340,COARSE (n = 5)
cpu2,groth16,10,1-5,prove_ms,5,382.08119999999997,14.170163061870523,0.03708678433241553,378.158,372.856,394.638,21.781999999999982,365.872,398.882,365.872,398.882,15545489302136202671,COARSE (n = 5)
cpu2,groth16,10,1-5,verify_first_ms,5,11.3006,0.9956765539069405,0.08810829105595637,11.274,11.062,11.9,0.838000000000001,9.812,12.455,9.812,12.455,14904877070117978049,COARSE (n = 5)
cpu2,groth16,10,1-5,verify_steady_ms,5,10.744,0.8981550534289726,0.08359596550902575,10.698,10.04,10.777,0.7370000000000001,9.991,12.214,9.991,12.214,13849462459747188082,COARSE (n = 5)
cpu2,groth16,10,1-5,wall_ms,5,419.8618,15.548214421598374,0.03703174335364249,418.716,408.915,428.578,19.662999999999954,402.003,441.097,402.003,441.097,3796271725117636643,COARSE (n = 5)
cpu2,groth16,10,1-5,stage_sum_ms,5,419.8436,15.548048858297308,0.037032954315124274,418.7,408.896,428.555,19.658999999999992,401.986,441.081,401.986,441.081,12751665192666887868,COARSE (n = 5)
cpu2,groth16,11,1-10,input_ms,10,6.536199999999999,0.8356378535120476,0.1278476566677959,6.436999999999999,5.78475,7.1615,1.3767500000000004,5.535,7.681,5.677,7.3595,11762362474954350747,n = 10
cpu2,groth16,11,1-10,witness_ms,10,27.0499,2.357869209924739,0.08716739100420848,27.122999999999998,24.9785,28.50875,3.5302499999999988,24.248,30.73,24.8125,28.836,8082608303830338388,n = 10
cpu2,groth16,11,1-10,prove_ms,10,392.67240000000004,22.081139398943048,0.05623298046652386,387.7685,378.5335,405.8725,27.339,360.047,429.876,376.89250000000004,410.435,8790069291777154395,n = 10
cpu2,groth16,11,1-10,verify_first_ms,10,11.2728,0.7654365203376873,0.06790118873196431,11.087,10.687999999999999,11.62975,0.9417500000000008,10.38,12.682,10.613,11.8625,5953858493923334204,n = 10
cpu2,groth16,11,1-10,verify_steady_ms,10,10.5765,0.9645326156572761,0.09119582240412955,10.353,9.95125,10.895499999999998,0.9442499999999985,9.408,12.718,9.937,11.041,8417635271525940676,n = 10
cpu2,groth16,11,1-10,wall_ms,10,437.5517,22.88065663417707,0.052292464260056744,432.384,422.09975000000003,447.53700000000003,25.437250000000006,407.857,476.987,419.9895,452.9975,15564048565724214849,n = 10
cpu2,groth16,11,1-10,stage_sum_ms,10,437.5313,22.881028483343048,0.05229575228867751,432.3645,422.08225,447.5175,25.435249999999996,407.836,476.966,421.667,457.7375,7908411438246957624,n = 10
cpu2,groth16,11,1-5,input_ms,5,6.629,0.8185010690280129,0.12347278157007285,6.683,6.191,7.055,0.8639999999999999,5.535,7.681,5.535,7.681,13904390918455561156,COARSE (n = 5)
cpu2,groth16,11,1-5,witness_ms,5,27.026,2.2944441592682097,0.08489766000400391,27.479,25.244,27.833,2.5889999999999986,24.381,30.193,24.381,30.193,14032363626769443217,COARSE (n = 5)
cpu2,groth16,11,1-5,prove_ms,5,378.59839999999997,11.678852032627164,0.030847600076036152,379.045,378.363,383.707,5.343999999999994,360.047,391.83,360.047,391.83,8650806775568907165,COARSE (n = 5)
cpu2,groth16,11,1-5,verify_first_ms,5,11.2586,0.939882599051605,0.08348130309733048,10.913,10.613,11.705,1.0920000000000005,10.38,12.682,10.38,12.682,2254320869916344775,COARSE (n = 5)
cpu2,groth16,11,1-5,verify_steady_ms,5,9.992,0.398415612143902,0.0398734599823761,9.937,9.909,10.245,0.3359999999999985,9.408,10.461,9.408,10.461,9425574257821760559,COARSE (n = 5)
cpu2,groth16,11,1-5,wall_ms,5,423.5312,10.178398803348191,0.024032229038493953,423.347,421.684,430.319,8.634999999999991,407.857,434.449,407.857,434.449,6117360209224086266,COARSE (n = 5)
cpu2,groth16,11,1-5,stage_sum_ms,5,423.512,10.178911410362106,0.024034528916210416,423.328,421.667,430.299,8.632000000000005,407.836,434.43,407.836,434.43,12043373450355376418,COARSE (n = 5)
cpu2,groth16,12,1-10,input_ms,10,14.2352,3.9339091894845652,0.2763508197626001,16.1375,10.1785,16.832,6.653500000000001,8.907,18.652,9.809,17.619,16289326207103545767,n = 10
cpu2,groth16,12,1-10,witness_ms,10,26.973300000000002,2.5605376627228553,0.09492860208883803,26.814,25.261,28.2485,2.9875000000000007,22.84,31.883,24.829,28.358,8932959655433393006,n = 10
cpu2,groth16,12,1-10,prove_ms,10,415.2759,8.812877918768152,0.021221741783638667,417.63599999999997,414.133,419.422,5.289000000000044,398.655,429.451,408.553,419.528,8917335937693198702,n = 10
cpu2,groth16,12,1-10,verify_first_ms,10,11.1577,1.036401579183153,0.09288666832619204,10.913499999999999,10.32225,11.94625,1.6239999999999988,9.973,12.811,10.244,12.071,7474641752524095169,n = 10
cpu2,groth16,12,1-10,verify_steady_ms,10,10.7584,0.8691815051465884,0.08079096381865225,10.725000000000001,10.039,10.978,0.9390000000000001,9.875,12.673,10.022,11.219999999999999,13060686315638952295,n = 10
cpu2,groth16,12,1-10,wall_ms,10,467.6656,11.302214445752565,0.024167299125170988,470.64149999999995,463.6235,472.07325000000003,8.449750000000051,445.272,487.083,460.254,473.4266624999999,9519569799520728531,n = 10
cpu2,groth16,12,1-10,stage_sum_ms,10,467.6421,11.303399276815412,0.024171047210709666,470.6195,463.60175,472.05325,8.45150000000001,445.241,487.056,460.2315,473.40250000000003,14618266760855239935,n = 10
cpu2,groth16,12,1-5,input_ms,5,12.0602,3.7382159782441673,0.3099630170514724,9.809,9.31,15.945,6.635,8.907,16.33,8.907,16.33,15600081983993977644,COARSE (n = 5)
cpu2,groth16,12,1-5,witness_ms,5,26.022399999999998,2.3901957660409328,0.0918514728096153,26.557,24.613,26.997,2.3840000000000003,22.84,29.105,22.84,29.105,3133856007032271967,COARSE (n = 5)
cpu2,groth16,12,1-5,prove_ms,5,415.01360000000005,7.2128315036468145,0.017379747323092096,419.104,414.073,419.528,5.455000000000041,402.793,419.57,402.793,419.57,2538963343621394847,COARSE (n = 5)
cpu2,groth16,12,1-5,verify_first_ms,5,10.854400000000002,1.021603054028325,0.09411879551410716,10.395,10.298,11.069,0.7710000000000008,9.973,12.537,9.973,12.537,13294402131171138047,COARSE (n = 5)
cpu2,groth16,12,1-5,verify_steady_ms,5,11.051599999999999,1.1441458823069723,0.10352762335833476,11.023,10.09,11.597,1.5069999999999997,9.875,12.673,9.875,12.673,13106919630393243574,COARSE (n = 5)
cpu2,groth16,12,1-5,wall_ms,5,463.9746,11.571036332152799,0.024938943494218862,464.18,463.438,472.026,8.588000000000022,445.272,474.957,445.272,474.957,3597401567257493635,COARSE (n = 5)
cpu2,groth16,12,1-5,stage_sum_ms,5,463.9504,11.574029281110363,0.02494669533879131,464.159,463.416,472.003,8.586999999999989,445.241,474.933,445.241,474.933,4722149916674412849,COARSE (n = 5)
cpu2,groth16,13,1-10,input_ms,10,29.639300000000002,3.1146495451156118,0.10508512498998328,31.0885,27.533,31.590249999999997,4.057249999999996,24.827,33.549,26.3575,31.812899999999928,5630941178110999455,n = 10
cpu2,groth16,13,1-10,witness_ms,10,31.606299999999997,3.1982655733659424,0.10119076175844507,30.775,29.8075,32.63275,2.8252500000000005,28.08,38.354,29.279,33.8235,10798486962727727779,n = 10
cpu2,groth16,13,1-10,prove_ms,10,440.5206,20.03453989267313,0.04547923500665606,441.95,425.33375,454.242,28.90825000000001,407.386,472.125,421.178,457.194,8882395861947817247,n = 10
cpu2,groth16,13,1-10,verify_first_ms,10,12.4057,3.3674911548180466,0.27144708922656896,11.679,10.5035,12.74125,2.23775,9.563,21.388,10.442,12.779,5940914845516288445,n = 10
cpu2,groth16,13,1-10,verify_steady_ms,10,10.661100000000001,0.42242328692122705,0.03962286132962143,10.5085,10.42475,10.83325,0.4085000000000001,10.108,11.615,10.41,10.884,14178858885003058896,n = 10
cpu2,groth16,13,1-10,wall_ms,10,514.2,21.829815131298435,0.04245393841170446,515.1514999999999,497.3675,527.6804999999999,30.31299999999993,479.495,546.012,494.437,532.9535000000001,6167620308388547570,n = 10
cpu2,groth16,13,1-10,stage_sum_ms,10,514.1722,21.829640969206178,0.04245589506629526,515.124,497.33950000000004,527.6460000000001,30.306500000000028,479.467,545.989,494.41,532.9275,15277083038237725261,n = 10
cpu2,groth16,13,1-5,input_ms,5,29.0628,3.4061912306856756,0.11720106908782621,27.602,27.51,31.54,4.029999999999998,25.113,33.549,25.113,33.549,2629402753194247048,COARSE (n = 5)
cpu2,groth16,13,1-5,witness_ms,5,32.778000000000006,3.3571710561125716,0.10242147343073314,32.578,30.435,32.651,2.2160000000000046,29.872,38.354,29.872,38.354,12392076988678977048,COARSE (n = 5)
cpu2,groth16,13,1-5,prove_ms,5,439.27020000000005,21.34856076413584,0.04860006611906712,437.801,421.178,445.386,24.208000000000027,419.861,472.125,419.861,472.125,13663713414921504676,COARSE (n = 5)
cpu2,groth16,13,1-5,verify_first_ms,5,11.199,1.5160750311247788,0.13537592920124822,10.442,10.357,12.779,2.4220000000000006,9.563,12.854,9.563,12.854,15107479995007049192,COARSE (n = 5)
cpu2,groth16,13,1-5,verify_steady_ms,5,10.5042,0.3293458668330298,0.03135373153910148,10.469,10.407,10.517,0.10999999999999943,10.108,11.02,10.108,11.02,13835633355969450094,COARSE (n = 5)
cpu2,groth16,13,1-5,wall_ms,5,512.3362,22.887503417804204,0.04467282112371565,506.159,494.437,524.22,29.783000000000015,490.853,546.012,490.853,546.012,8700531448042590024,COARSE (n = 5)
cpu2,groth16,13,1-5,stage_sum_ms,5,512.3104000000001,22.888930300474954,0.04467785604288914,506.128,494.41,524.196,29.786,490.829,545.989,490.829,545.989,6104184518918484918,COARSE (n = 5)
cpu2,groth16,14,1-10,input_ms,10,54.305600000000005,5.07247623509027,0.09340613555674313,55.9765,50.581250000000004,58.4925,7.9112499999999955,46.333,59.236,49.572,58.713,18228568984775943436,n = 10
cpu2,groth16,14,1-10,witness_ms,10,30.2267,3.6190122670265836,0.11972899016520439,29.8555,28.24475,30.408250000000002,2.1635000000000026,25.99,38.871,27.762,31.484,6996702247720851222,n = 10
cpu2,groth16,14,1-10,prove_ms,10,455.9767,17.38262140472489,0.03812173166901925,455.53999999999996,441.73,468.25075000000004,26.52075000000002,433.028,486.352,439.296,468.961,15902316115904865856,n = 10
cpu2,groth16,14,1-10,verify_first_ms,10,11.396899999999999,1.6028583807962853,0.14063985652206173,10.973500000000001,10.0125,12.603,2.5905000000000005,9.814,14.361,9.959,12.871,7564676950448163163,n = 10
cpu2,groth16,14,1-10,verify_steady_ms,10,10.715,0.8973007671158354,0.08374248876489364,10.5875,10.0525,10.996500000000001,0.9440000000000008,9.797,12.631,10.05,11.212,13644185900871425575,n = 10
cpu2,groth16,14,1-10,wall_ms,10,551.9307,16.952221795059458,0.030714402723130745,548.7660000000001,540.912,561.5605,20.648500000000013,528.615,588.13,540.245,564.712,14080493486213725892,n = 10
cpu2,groth16,14,1-10,stage_sum_ms,10,551.9057,16.95084563639492,0.03071330054463094,548.742,540.8905,561.53675,20.64625000000001,528.593,588.102,540.224,564.688,15346129746342634996,n = 10
cpu2,groth16,14,1-5,input_ms,5,51.0704,5.426238872368226,0.1062501737281914,49.572,46.602,53.609,7.007000000000005,46.333,59.236,46.333,59.236,1585611989733803529,COARSE (n = 5)
cpu2,groth16,14,1-5,witness_ms,5,31.7528,3.9909599346523144,0.12568844116589134,29.893,29.818,30.489,0.6709999999999994,29.693,38.871,29.693,38.871,3698336147962184036,COARSE (n = 5)
cpu2,groth16,14,1-5,prove_ms,5,446.7658,15.18147658167676,0.03398083868925679,439.296,435.423,459.962,24.538999999999987,433.028,466.12,433.028,466.12,6219440451104010412,COARSE (n = 5)
cpu2,groth16,14,1-5,verify_first_ms,5,11.8328,1.9444958729706787,0.1643310013665978,11.799,9.959,13.108,3.149000000000001,9.937,14.361,9.937,14.361,10533648677055602800,COARSE (n = 5)
cpu2,groth16,14,1-5,verify_steady_ms,5,10.5756,0.71549304678662,0.0676550783678108,10.477,10.06,10.698,0.6379999999999999,9.917,11.726,9.917,11.726,13726749709450794171,COARSE (n = 5)
cpu2,groth16,14,1-5,wall_ms,5,541.446,8.75037822039711,0.016161128201883677,540.245,539.901,546.363,6.462000000000103,528.615,552.106,528.615,552.106,7877829454249550153,COARSE (n = 5)
cpu2,groth16,14,1-5,stage_sum_ms,5,541.4218,8.750341404768166,0.016161782559860293,540.224,539.869,546.34,6.471000000000004,528.593,552.083,528.593,552.083,7506046305203271786,COARSE (n = 5)
cpu2,groth16,15,1-10,input_ms,10,118.9039,8.264333104101961,0.06950430645337925,120.7225,118.2995,124.0595,5.760000000000005,100.964,126.812,113.682,125.11500000000001,16936376785599563680,n = 10
cpu2,groth16,15,1-10,witness_ms,10,31.704500000000003,4.351321797901057,0.13724618896059096,29.8945,28.69125,35.6505,6.959250000000001,27.148,38.882,28.038,36.618,15319227240112263097,n = 10
cpu2,groth16,15,1-10,prove_ms,10,480.11019999999996,18.38329118036872,0.03828973260799025,485.759,471.02,490.05975,19.039750000000026,444.303,504.173,466.3655,493.9605,10536744568866769709,n = 10
cpu2,groth16,15,1-10,verify_first_ms,10,12.8458,2.6699643693003345,0.20784726286415284,12.6725,11.06425,13.5885,2.5242500000000003,10.044,19.236,10.761,13.794,1986594992178649575,n = 10
cpu2,groth16,15,1-10,verify_steady_ms,10,11.2372,1.0731430266071509,0.09549914806243111,11.0095,10.3455,12.313500000000001,1.9680000000000017,9.828,12.698,10.2935,12.367,14027993395170205635,n = 10
cpu2,groth16,15,1-10,wall_ms,10,643.5948000000001,21.534293739160425,0.03345939671849497,651.4245,628.79125,658.5730000000001,29.781750000000102,605.72,667.636,624.7460000000001,661.8575000000001,8526645868778492999,n = 10
cpu2,groth16,15,1-10,stage_sum_ms,10,643.5643,21.534895330602364,0.03346191721728872,651.394,628.7645,658.546,29.78150000000005,605.69,667.609,624.711,659.4259999999999,452491479959512365,n = 10
cpu2,groth16,15,1-5,input_ms,5,118.5166,6.619997945619016,0.05585713685356326,119.111,118.029,120.613,2.584000000000003,108.253,126.577,108.253,126.577,7627881161793002604,COARSE (n = 5)
cpu2,groth16,15,1-5,witness_ms,5,34.0606,4.940415852941936,0.1450478222034238,36.618,30.334,37.097,6.763000000000002,27.372,38.882,27.372,38.882,4346703934632249393,COARSE (n = 5)
cpu2,groth16,15,1-5,prove_ms,5,494.14160000000004,6.8766090335280685,0.013916272245704608,490.249,489.492,498.429,8.936999999999955,488.365,504.173,488.365,504.173,12528741768670965610,COARSE (n = 5)
cpu2,groth16,15,1-5,verify_first_ms,5,13.8216,3.3740603580848996,0.24411503430029083,12.972,12.568,14.221,1.6530000000000005,10.111,19.236,10.111,19.236,1439247823269110670,COARSE (n = 5)
cpu2,groth16,15,1-5,verify_steady_ms,5,11.6432,1.1664069615704464,0.10017924295472434,12.367,10.431,12.403,1.9720000000000013,10.317,12.698,10.317,12.698,11982978590983245175,COARSE (n = 5)
cpu2,groth16,15,1-5,wall_ms,5,660.5712,6.369946915006446,0.00964308906444369,658.998,657.298,666.417,9.119000000000028,652.507,667.636,652.507,667.636,16608119921750489201,COARSE (n = 5)
cpu2,groth16,15,1-5,stage_sum_ms,5,660.5406,6.369640712002556,0.009643072222967907,658.971,657.271,666.379,9.108000000000061,652.473,667.609,652.473,667.609,6232986524202472544,COARSE (n = 5)
cpu2,plonk,5,1-5,input_ms,5,0.9948,0.3327194012978504,0.33445858594476313,0.797,0.759,1.175,0.41600000000000004,0.745,1.498,0.745,1.498,11075618468073436934,COARSE (n = 5)
cpu2,plonk,5,1-5,witness_ms,5,23.749000000000002,3.7789382768179745,0.1591198903877205,22.986,22.149,26.261,4.111999999999998,18.793,28.556,18.793,28.556,3128783858793518738,COARSE (n = 5)
cpu2,plonk,5,1-5,prove_ms,5,12495.416000000001,602.4768371535122,0.048215828680974855,12301.899,12045.394,12936.25,890.8559999999998,11890.7,13302.837,11890.7,13302.837,17969053074722739135,COARSE (n = 5)
cpu2,plonk,5,1-5,verify_first_ms,5,9.961400000000001,0.7597205407253378,0.07626644254074103,10.089,9.22,10.306,1.0859999999999985,9.205,10.987,9.205,10.987,6187523068359106722,COARSE (n = 5)
cpu2,plonk,5,1-5,verify_steady_ms,5,7.494800000000001,0.23632223763327906,0.031531493519944366,7.363,7.327,7.738,0.4110000000000005,7.281,7.765,7.281,7.765,10071901561155532153,COARSE (n = 5)
cpu2,plonk,5,1-5,wall_ms,5,12530.1396,601.8623537087194,0.048033172248832676,12331.415,12078.611,12972.925,894.3139999999985,11931.021,13336.726,11931.021,13336.726,697546351083958898,COARSE (n = 5)
cpu2,plonk,5,1-5,stage_sum_ms,5,12530.1216,601.8623998151907,0.048033244929976626,12331.396,12078.594,12972.906,894.3120000000017,11931.003,13336.709,11931.003,13336.709,3425920462079345689,COARSE (n = 5)
cpu2,plonk,6,1-5,input_ms,5,1.1812,0.31677073728486976,0.2681770549313154,1.362,0.882,1.426,0.5439999999999999,0.793,1.443,0.793,1.443,11432233551218143212,COARSE (n = 5)
cpu2,plonk,6,1-5,witness_ms,5,24.5238,3.4175285221926095,0.13935558609157672,25.607,22.249,25.759,3.5100000000000016,20.095,28.909,20.095,28.909,14619379355433421543,COARSE (n = 5)
cpu2,plonk,6,1-5,prove_ms,5,12342.4548,553.8071364493234,0.04487009638061007,12110.281,12108.401,12232.353,123.95199999999932,11945.082,13316.157,11945.082,13316.157,2548945028597956238,COARSE (n = 5)
cpu2,plonk,6,1-5,verify_first_ms,5,10.6396,1.6364126313372185,0.15380396174078148,11.2,11.127,11.402,0.2749999999999986,7.742,11.727,7.742,11.727,4111224466993824642,COARSE (n = 5)
cpu2,plonk,6,1-5,verify_steady_ms,5,7.8518,0.6553447184497639,0.08346426532129753,7.536,7.325,8.544,1.2190000000000003,7.275,8.579,7.275,8.579,12153363842740478116,COARSE (n = 5)
cpu2,plonk,6,1-5,wall_ms,5,12378.8148,551.9682727523386,0.04458975125408118,12150.089,12148.665,12270.545,121.8799999999992,11976.515,13348.26,11976.515,13348.26,16821298732074799279,COARSE (n = 5)
cpu2,plonk,6,1-5,stage_sum_ms,5,12378.7994,551.9690473281084,0.0445898692992883,12150.074,12148.649,12270.529,121.88000000000102,11976.499,13348.246,11976.499,13348.246,10929293782052396663,COARSE (n = 5)
cpu2,plonk,7,1-5,input_ms,5,0.9178,0.12031500322071227,0.13109065506723935,0.946,0.941,0.995,0.05400000000000005,0.708,0.999,0.708,0.999,10689288659455435992,COARSE (n = 5)
cpu2,plonk,7,1-5,witness_ms,5,23.7828,0.8418549162415109,0.03539763678967619,24.146,23.025,24.218,1.1930000000000014,22.778,24.747,22.778,24.747,16111075612950957044,COARSE (n = 5)
cpu2,plonk,7,1-5,prove_ms,5,12381.9574,528.7084655633005,0.04269990991596373,12228.419,12072.599,12271.556,198.95700000000033,12027.385,13309.828,12027.385,13309.828,11556204674279540613,COARSE (n = 5)
cpu2,plonk,7,1-5,verify_first_ms,5,10.0736,1.213948227891124,0.12050788475729868,9.529,9.33,10.12,0.7899999999999991,9.233,12.156,9.233,12.156,9304457630508169666,COARSE (n = 5)
cpu2,plonk,7,1-5,verify_steady_ms,5,7.609,0.5477732194987268,0.07199017209866301,7.313,7.283,7.729,0.44599999999999973,7.202,8.518,7.202,8.518,7381902986279583736,COARSE (n = 5)
cpu2,plonk,7,1-5,wall_ms,5,12416.75,529.2510935269763,0.042623963076245906,12265.514,12105.969,12306.794,200.82500000000073,12060.357,13345.116,12060.357,13345.116,12767632931614185936,COARSE (n = 5)
cpu2,plonk,7,1-5,stage_sum_ms,5,12416.7314,529.2512393129563,0.04262403866712912,12265.5,12105.953,12306.764,200.8109999999997,12060.341,13345.099,12060.341,13345.099,10180367620496199019,COARSE (n = 5)
cpu2,plonk,8,1-5,input_ms,5,1.2702,0.2817014376960118,0.22177723011810094,1.2,1.193,1.242,0.04899999999999993,0.977,1.739,0.977,1.739,352370671665130615,COARSE (n = 5)
cpu2,plonk,8,1-5,witness_ms,5,24.6416,2.839140063469924,0.11521735859156564,24.051,23.586,27.359,3.7730000000000032,20.728,27.484,20.728,27.484,10668401974532876295,COARSE (n = 5)
cpu2,plonk,8,1-5,prove_ms,5,12409.3278,534.8728916188406,0.04310248711609026,12260.338,12086.757,12298.691,211.9340000000011,12053.747,13347.106,12053.747,13347.106,17522446750329466766,COARSE (n = 5)
cpu2,plonk,8,1-5,verify_first_ms,5,10.7424,0.5165015004818474,0.04808064310413385,10.821,10.424,11.195,0.7710000000000008,10.031,11.241,10.031,11.241,15113548676309687345,COARSE (n = 5)
cpu2,plonk,8,1-5,verify_steady_ms,5,7.759,0.5563717282536921,0.07170662820643021,7.815,7.309,7.867,0.5579999999999998,7.202,8.602,7.202,8.602,10418650248983542520,COARSE (n = 5)
cpu2,plonk,8,1-5,wall_ms,5,12446.002400000001,533.429972695386,0.04285954281154453,12300.819,12122.236,12338.087,215.85099999999875,12088.581,13380.289,12088.581,13380.289,15827628597869963537,COARSE (n = 5)
cpu2,plonk,8,1-5,stage_sum_ms,5,12445.9824,533.4311201324873,0.0428597038778142,12300.803,12122.209,12338.064,215.85499999999956,12088.565,13380.271,12088.565,13380.271,14040442240234976798,COARSE (n = 5)
cpu2,plonk,9,1-5,input_ms,5,2.0088,0.24488099150403653,0.1219041176344268,1.995,1.864,2.208,0.3440000000000001,1.69,2.287,1.69,2.287,17557091810990446677,COARSE (n = 5)
cpu2,plonk,9,1-5,witness_ms,5,24.5518,3.523564416893779,0.14351552297158574,23.868,23.096,25.166,2.0700000000000003,20.543,30.086,20.543,30.086,3250165707299157131,COARSE (n = 5)
cpu2,plonk,9,1-5,prove_ms,5,12402.7516,522.6695852690303,0.042141421688154296,12163.975,12144.197,12387.402,243.20499999999993,12012.094,13306.09,12012.094,13306.09,6297146033254871524,COARSE (n = 5)
cpu2,plonk,9,1-5,verify_first_ms,5,10.139199999999999,1.4723556635541564,0.14521418490158558,10.775,9.959,10.835,0.8760000000000012,7.681,11.446,7.681,11.446,136780532975719728,COARSE (n = 5)
cpu2,plonk,9,1-5,verify_steady_ms,5,7.5022,0.5998297258389252,0.07995384365105239,7.296,7.251,7.315,0.06400000000000006,7.086,8.563,7.086,8.563,7509894970868060003,COARSE (n = 5)
cpu2,plonk,9,1-5,wall_ms,5,12439.467999999999,525.63296262316,0.042255260644841086,12194.423,12183.113,12423.927,240.8140000000003,12047.731,13348.146,12047.731,13348.146,11164811201537042591,COARSE (n = 5)
cpu2,plonk,9,1-5,stage_sum_ms,5,12439.451,525.6334075774673,0.042255354161326523,12194.407,12183.095,12423.909,240.8140000000003,12047.714,13348.13,12047.714,13348.13,1964667802503579476,COARSE (n = 5)
cpu2,plonk,10,1-5,input_ms,5,3.1934,0.5142784265356657,0.16104416187626533,2.945,2.811,3.535,0.7240000000000002,2.75,3.926,2.75,3.926,13847572496603253439,COARSE (n = 5)
cpu2,plonk,10,1-5,witness_ms,5,27.5448,1.9085016898080025,0.06928718632220973,27.428,26.077,28.648,2.570999999999998,25.433,30.138,25.433,30.138,4465848408074265619,COARSE (n = 5)
cpu2,plonk,10,1-5,prove_ms,5,12396.944599999999,562.4346222564894,0.045368809848233854,12203.378,12114.778,12223.677,108.89899999999943,12047.79,13395.1,12047.79,13395.1,8925549241240696017,COARSE (n = 5)
cpu2,plonk,10,1-5,verify_first_ms,5,9.8214,1.4712689421040597,0.1498023644392917,10.027,9.471,10.042,0.5709999999999997,7.729,11.838,7.729,11.838,3012066583225277879,COARSE (n = 5)
cpu2,plonk,10,1-5,verify_steady_ms,5,7.524800000000001,0.5520413933755326,0.07336293235375459,7.306,7.267,7.341,0.07399999999999984,7.202,8.508,7.202,8.508,6922309120760546752,COARSE (n = 5)
cpu2,plonk,10,1-5,wall_ms,5,12437.524,561.6792551710449,0.045160053976261265,12244.79,12155.478,12265.125,109.64700000000084,12088.025,13434.202,12088.025,13434.202,9172799663705706627,COARSE (n = 5)
cpu2,plonk,10,1-5,stage_sum_ms,5,12437.5046,561.6799994470158,0.045160184258103975,12244.774,12155.457,12265.102,109.64500000000044,12088.006,13434.184,12088.006,13434.184,13709535450139366593,COARSE (n = 5)
cpu2,plonk,11,1-5,input_ms,5,6.435,1.1088674402289933,0.1723181725297581,6.28,5.96,6.43,0.46999999999999975,5.258,8.247,5.258,8.247,3203829728823767976,COARSE (n = 5)
cpu2,plonk,11,1-5,witness_ms,5,25.028399999999998,2.5989249315822875,0.10383903611826116,25.059,23.533,26.144,2.610999999999997,21.777,28.629,21.777,28.629,4206914217919384413,COARSE (n = 5)
cpu2,plonk,11,1-5,prove_ms,5,23947.720800000003,1212.2858312162612,0.050622179928549234,23521.395,23298.578,23695.524,396.9459999999999,23140.082,26083.025,23140.082,26083.025,1359550583286327697,COARSE (n = 5)
cpu2,plonk,11,1-5,verify_first_ms,5,10.315000000000001,1.6718271441748993,0.16207728009451275,10.182,9.022,10.285,1.263,8.99,13.096,8.99,13.096,10164758243521118771,COARSE (n = 5)
cpu2,plonk,11,1-5,verify_steady_ms,5,7.697799999999999,0.6487501059730165,0.08427733975590644,7.297,7.257,8.322,1.0649999999999995,7.13,8.483,7.13,8.483,17414385864187291986,COARSE (n = 5)
cpu2,plonk,11,1-5,wall_ms,5,23989.522399999998,1212.472682569508,0.05054175995473374,23560.413,23341.474,23743.032,401.5580000000009,23178.343,26124.35,23178.343,26124.35,6945258132629058846,COARSE (n = 5)
cpu2,plonk,11,1-5,stage_sum_ms,5,23989.499,1212.4732041540137,0.050541830996721264,23560.38,23341.455,23743.011,401.55599999999686,23178.321,26124.328,23178.321,26124.328,6493328875701739605,COARSE (n = 5)
cpu2,plonk,12,1-5,input_ms,5,16.072,2.8891242617789907,0.17976134032970326,16.579,16.499,17.897,1.3979999999999997,11.1,18.285,11.1,18.285,2908226851818341914,COARSE (n = 5)
cpu2,plonk,12,1-5,witness_ms,5,27.5396,3.5982082763508854,0.13065579297995925,25.434,24.936,29.53,4.594000000000001,24.842,32.956,24.842,32.956,844485872820226391,COARSE (n = 5)
cpu2,plonk,12,1-5,prove_ms,5,23839.672599999998,1151.3015283514133,0.048293512569103546,23398.957,23320.812,23481.457,160.6449999999968,23112.58,25884.557,23112.58,25884.557,2496531462154733347,COARSE (n = 5)
cpu2,plonk,12,1-5,verify_first_ms,5,10.3378,1.9228519703814957,0.18600204786139177,9.876,8.987,10.234,1.2469999999999999,8.961,13.631,8.961,13.631,16342462606058266990,COARSE (n = 5)
cpu2,plonk,12,1-5,verify_steady_ms,5,7.5916,0.5939615307408382,0.07823930801686578,7.223,7.222,7.711,0.4889999999999999,7.218,8.584,7.218,8.584,14473515734442718010,COARSE (n = 5)
cpu2,plonk,12,1-5,wall_ms,5,23893.6464,1150.355524738026,0.04814482919350584,23444.895,23371.166,23541.22,170.0540000000001,23173.689,25937.262,23173.689,25937.262,8780153189289545858,COARSE (n = 5)
cpu2,plonk,12,1-5,stage_sum_ms,5,23893.6218,1150.3552267857094,0.04814486629171093,23444.869,23371.139,23541.197,170.0580000000009,23173.667,25937.237,23173.667,25937.237,2195493845964168392,COARSE (n = 5)
cpu2,plonk,13,1-5,input_ms,5,25.6692,0.8893667410017088,0.034647232519973696,25.797,24.769,26.351,1.5820000000000007,24.748,26.681,24.748,26.681,12577455755025826094,COARSE (n = 5)
cpu2,plonk,13,1-5,witness_ms,5,31.363800000000005,2.434215931260003,0.07761227693264217,31.349,31.153,32.127,0.9740000000000038,27.709,34.481,27.709,34.481,7753654218174515193,COARSE (n = 5)
cpu2,plonk,13,1-5,prove_ms,5,23808.6692,1063.2998918586893,0.04466019847336487,23422.755,23348.562,23519.202,170.63999999999942,23066.196,25686.631,23066.196,25686.631,6157900782418952245,COARSE (n = 5)
cpu2,plonk,13,1-5,verify_first_ms,5,10.3842,1.5526350826900701,0.14951898872229638,9.882,9.228,10.951,1.7230000000000008,9.041,12.819,9.041,12.819,4643119567303384996,COARSE (n = 5)
cpu2,plonk,13,1-5,verify_steady_ms,5,7.788200000000001,0.7297329648576939,0.09369725544512132,7.309,7.244,8.542,1.298,7.216,8.63,7.216,8.63,11539389701587343359,COARSE (n = 5)
cpu2,plonk,13,1-5,wall_ms,5,23876.1116,1065.0456947684454,0.044607166887611856,23490.037,23412.529,23586.095,173.56600000000253,23134.501,25757.396,23134.501,25757.396,1051449879407637330,COARSE (n = 5)
cpu2,plonk,13,1-5,stage_sum_ms,5,23876.086,1065.0485062552314,0.044607332468782,23490.013,23412.503,23586.074,173.5709999999999,23134.466,25757.374,23134.466,25757.374,14004357568836719144,COARSE (n = 5)
cpu2,plonk,14,1-5,input_ms,5,49.9756,6.508471656233898,0.1302329868222472,49.307,44.23,53.121,8.891000000000005,43.84,59.38,43.84,59.38,15246723000432875847,COARSE (n = 5)
cpu2,plonk,14,1-5,witness_ms,5,26.3896,1.6680159771417058,0.06320732323118598,25.413,25.378,27.502,2.1239999999999988,24.887,28.768,24.887,28.768,17979166941715086128,COARSE (n = 5)
cpu2,plonk,14,1-5,prove_ms,5,23855.289,850.1294284292829,0.03563693688344262,23625.619,23310.092,23689.972,379.880000000001,23307.641,25343.121,23307.641,25343.121,2540634326770857871,COARSE (n = 5)
cpu2,plonk,14,1-5,verify_first_ms,5,12.0394,2.336451861263142,0.19406713467973005,11.251,10.068,13.726,3.6580000000000013,9.939,15.213,9.939,15.213,9555634461415843510,COARSE (n = 5)
cpu2,plonk,14,1-5,verify_steady_ms,5,7.575,0.47689464245260715,0.0629563884425884,7.272,7.261,7.831,0.5700000000000003,7.213,8.298,7.213,8.298,8989683281272556144,COARSE (n = 5)
cpu2,plonk,14,1-5,wall_ms,5,23943.719,852.5146968935491,0.03560494077355105,23712.52,23393.095,23793.363,400.26800000000003,23386.725,25432.892,23386.725,25432.892,6946954618927230177,COARSE (n = 5)
cpu2,plonk,14,1-5,stage_sum_ms,5,23943.6934,852.5170882429862,0.03560507871534081,23712.496,23393.071,23793.333,400.2619999999988,23386.696,25432.871,23386.696,25432.871,3267146649222418537,COARSE (n = 5)
cpu2,plonk,15,1-5,input_ms,5,118.112,8.273036020712107,0.07004399231841055,123.152,112.633,123.859,11.225999999999999,106.205,124.711,106.205,124.711,2626549017526333572,COARSE (n = 5)
cpu2,plonk,15,1-5,witness_ms,5,31.8822,2.806322807518765,0.08802161731369745,32.483,30.046,33.795,3.7490000000000023,28.088,34.999,28.088,34.999,3667887805026081470,COARSE (n = 5)
cpu2,plonk,15,1-5,prove_ms,5,23938.731,1139.978521716089,0.04762067470143213,23338.579,23256.403,24114.279,857.8760000000002,23126.733,25857.661,23126.733,25857.661,11418330244679133971,COARSE (n = 5)
cpu2,plonk,15,1-5,verify_first_ms,5,10.4824,1.1468410090330745,0.10940633910488767,10.126,10.126,10.899,0.7729999999999997,9.083,12.178,9.083,12.178,6533934434681944236,COARSE (n = 5)
cpu2,plonk,15,1-5,verify_steady_ms,5,7.5518,0.5945769083978961,0.07873313758281418,7.278,7.197,7.536,0.3389999999999995,7.165,8.583,7.165,8.583,16506793708001187557,COARSE (n = 5)
cpu2,plonk,15,1-5,wall_ms,5,24099.235,1143.2394276176353,0.04743882648630279,23495.159,23420.554,24280.846,860.2920000000013,23278.089,26021.527,23278.089,26021.527,800344139904923275,COARSE (n = 5)
cpu2,plonk,15,1-5,stage_sum_ms,5,24099.2076,1143.2391496230352,0.047438868887250685,23495.133,23420.528,24280.813,860.2849999999999,23278.063,26021.501,23278.063,26021.501,3050513470011621208,COARSE (n = 5)
cpu4,groth16,5,1-10,input_ms,10,0.8007,0.1239812261773711,0.15484104680575886,0.791,0.78625,0.8185,0.03225,0.603,1.096,0.744,0.826,7071109489944820334,n = 10
cpu4,groth16,5,1-10,witness_ms,10,15.112100000000002,1.2581833862093925,0.08325668743651725,15.481,14.442,15.97475,1.53275,12.968,16.666,14.0465,15.998,1940060140948800685,n = 10
cpu4,groth16,5,1-10,prove_ms,10,144.2509,4.158175493330381,0.0288259934137699,143.88299999999998,142.72725,145.676,2.9487499999999898,135.868,152.085,142.555,146.344,5348134949903851856,n = 10
cpu4,groth16,5,1-10,verify_first_ms,10,7.4596,0.4910585391670621,0.06582907115221488,7.619,7.0489999999999995,7.84175,0.7927500000000007,6.725,8.012,6.9525,7.912,2091924010442627008,n = 10
cpu4,groth16,5,1-10,verify_steady_ms,10,6.968000000000001,0.6734783672183621,0.09665303777531027,6.915,6.557,7.271,0.7139999999999995,5.937,8.292,6.5095,7.3919999999999995,17025823646366938607,n = 10
cpu4,groth16,5,1-10,wall_ms,10,167.6423,4.7678198849742195,0.02844043469323804,167.7925,166.31300000000002,168.73624999999998,2.4232499999999675,157.783,176.323,165.7095,170.204,11021836981369599623,n = 10
cpu4,groth16,5,1-10,stage_sum_ms,10,167.6233,4.768102745211026,0.028445345875012757,167.77300000000002,166.29575,168.71775,2.421999999999997,157.766,176.305,165.688,170.1845,9523291300404762923,n = 10
cpu4,groth16,5,1-5,input_ms,5,0.8592000000000001,0.13327115216730143,0.15511074507367484,0.796,0.792,0.826,0.03399999999999992,0.786,1.096,0.786,1.096,14291847209779501432,COARSE (n = 5)
cpu4,groth16,5,1-5,witness_ms,5,14.5478,1.3770387431005708,0.09465615028393096,14.835,13.258,15.773,2.5150000000000006,12.968,15.905,12.968,15.905,1898246743965183424,COARSE (n = 5)
cpu4,groth16,5,1-5,prove_ms,5,141.8648,3.4981839145476665,0.024658575732300517,142.555,142.351,143.702,1.350999999999999,135.868,144.848,135.868,144.848,3342622642309243330,COARSE (n = 5)
cpu4,groth16,5,1-5,verify_first_ms,5,7.6658,0.3752854913262705,0.04895581561301762,7.835,7.586,7.844,0.258,7.052,8.012,7.052,8.012,8461494098607078156,COARSE (n = 5)
cpu4,groth16,5,1-5,verify_steady_ms,5,6.7096,0.5466971739455033,0.08147984588433041,6.593,6.545,7.2,0.6550000000000002,5.937,7.273,5.937,7.273,13398968990077415826,COARSE (n = 5)
cpu4,groth16,5,1-5,wall_ms,5,164.9574,4.250242146042979,0.025765695543473518,166.763,164.656,166.968,2.3119999999999834,157.783,168.617,157.783,168.617,6228158318493438665,COARSE (n = 5)
cpu4,groth16,5,1-5,stage_sum_ms,5,164.9376,4.249396521860494,0.025763661662716653,166.745,164.631,166.949,2.318000000000012,157.766,168.597,157.766,168.597,12175133390221480601,COARSE (n = 5)
cpu4,groth16,6,1-10,input_ms,10,0.8240000000000001,0.06152867443540271,0.07467072140218775,0.8095,0.7945,0.88,0.08550000000000002,0.71,0.903,0.792,0.897,13613888214270062262,n = 10
cpu4,groth16,6,1-10,witness_ms,10,15.062899999999999,1.2867083283410512,0.08542235083158298,15.008,14.16675,15.743,1.57625,13.305,17.1,13.938500000000001,16.005499999999998,7863478692647982369,n = 10
cpu4,groth16,6,1-10,prove_ms,10,161.6739,8.463174430042983,0.05234719042494171,158.756,156.459,164.67475,8.215749999999986,152.142,178.109,155.99650000000003,167.946,15085583519246978760,n = 10
cpu4,groth16,6,1-10,verify_first_ms,10,7.5834,1.1770722813640444,0.1552169582725485,7.6645,6.71675,7.822,1.1052499999999998,6.22,10.358,6.436,7.8415,11927299070151304182,n = 10
cpu4,groth16,6,1-10,verify_steady_ms,10,7.023000000000001,0.4622007740750285,0.06581244113271087,7.1645,6.718999999999999,7.39825,0.6792500000000006,6.101,7.49,6.67,7.424,2313671294964562367,n = 10
cpu4,groth16,6,1-10,wall_ms,10,185.1607,9.832320140457412,0.05310154984539059,182.5515,179.01799999999997,186.4405,7.422500000000014,174.211,205.184,178.765,191.49900000000002,7781951265829995232,n = 10
cpu4,groth16,6,1-10,stage_sum_ms,10,185.1444,9.83237762813361,0.053106535375272546,182.53449999999998,179.00225,186.42525,7.423000000000002,174.195,205.169,178.75,191.74200000000002,4232165371645350741,n = 10
cpu4,groth16,6,1-5,input_ms,5,0.808,0.06951618516575836,0.08603488263088906,0.806,0.792,0.829,0.03699999999999992,0.71,0.903,0.71,0.903,6782524727897371750,COARSE (n = 5)
cpu4,groth16,6,1-5,witness_ms,5,14.4036,0.6220729860715699,0.04318871574270112,14.292,14.125,14.839,0.7140000000000004,13.585,15.177,13.585,15.177,13213240881416184119,COARSE (n = 5)
cpu4,groth16,6,1-5,prove_ms,5,157.25799999999998,3.666794308384367,0.023317060552622868,157.698,156.046,158.127,2.0810000000000173,152.142,162.277,152.142,162.277,15549712322455027256,COARSE (n = 5)
cpu4,groth16,6,1-5,verify_first_ms,5,7.1888000000000005,0.7916067205374144,0.11011667045089783,7.676,6.436,7.774,1.338,6.22,7.838,6.22,7.838,17769429636444926779,COARSE (n = 5)
cpu4,groth16,6,1-5,verify_steady_ms,5,6.9758,0.3384135044586724,0.048512500997544714,7.149,6.67,7.18,0.5099999999999998,6.559,7.321,6.559,7.321,1211822334281933777,COARSE (n = 5)
cpu4,groth16,6,1-5,wall_ms,5,179.6752,3.6572383296689797,0.020354719681230243,179.777,178.765,181.56,2.795000000000016,174.211,184.063,174.211,184.063,12407482249122485020,COARSE (n = 5)
cpu4,groth16,6,1-5,stage_sum_ms,5,179.6586,3.656904743085334,0.020354743625327895,179.759,178.75,181.542,2.7920000000000016,174.195,184.047,174.195,184.047,9364320147075323581,COARSE (n = 5)
cpu4,groth16,7,1-10,input_ms,10,1.5049,1.3111649146210913,0.8712638146196368,0.9,0.87775,1.1275,0.24974999999999992,0.782,4.763,0.8714999999999999,1.919,11543932828595492347,n = 10
cpu4,groth16,7,1-10,witness_ms,10,15.3358,1.040976229849227,0.06787883448201118,14.856,14.593,15.937249999999999,1.3442499999999988,14.218,17.049,14.567,16.319,3244999489313657148,n = 10
cpu4,groth16,7,1-10,prove_ms,10,170.8006,4.576407572175653,0.026793861216972616,170.1885,167.44925,173.8845,6.435249999999996,164.982,178.113,166.773,174.767,15212045091539573121,n = 10
cpu4,groth16,7,1-10,verify_first_ms,10,7.545,0.2045939067193026,0.027116488630788946,7.5805,7.346,7.661250000000001,0.3152500000000007,7.267,7.823,7.288,7.719,8185319320110884227,n = 10
cpu4,groth16,7,1-10,verify_steady_ms,10,7.5268,0.9377477509674146,0.12458783958221484,7.1935,7.14725,7.56325,0.41600000000000037,6.57,9.86,6.98,7.881,1846180910904851377,n = 10
cpu4,groth16,7,1-10,wall_ms,10,195.20229999999998,4.147837483423007,0.021248917064107378,195.13400000000001,192.51725,196.6675,4.15025,188.496,202.358,192.418,198.356,12648161902020966191,n = 10
cpu4,groth16,7,1-10,stage_sum_ms,10,195.1864,4.14702169434081,0.021246468474959375,195.11849999999998,192.50175000000002,196.65200000000002,4.15025,188.481,202.34,192.40300000000002,198.087,13729038276863790305,n = 10
cpu4,groth16,7,1-5,input_ms,5,1.3294000000000001,0.905062594520401,0.6808053215889882,0.889,0.875,1.174,0.29899999999999993,0.782,2.927,0.782,2.927,7116343041171496270,COARSE (n = 5)
cpu4,groth16,7,1-5,witness_ms,5,15.377199999999998,1.1180235686245614,0.0727065765304842,14.984,14.671,16.031,1.3599999999999994,14.218,16.982,14.218,16.982,4312659672916659687,COARSE (n = 5)
cpu4,groth16,7,1-5,prove_ms,5,170.5722,5.10273854905383,0.02991541733678659,168.793,167.951,173.022,5.070999999999998,164.982,178.113,164.982,178.113,3439359335027694357,COARSE (n = 5)
cpu4,groth16,7,1-5,verify_first_ms,5,7.499599999999999,0.23161778860873367,0.030884018962175807,7.52,7.287,7.601,0.31400000000000006,7.267,7.823,7.267,7.823,10942983136733416473,COARSE (n = 5)
cpu4,groth16,7,1-5,verify_steady_ms,5,7.700999999999999,1.231723995057334,0.1599433833342857,7.178,7.148,7.507,0.359,6.812,9.86,6.812,9.86,9666231477121068662,COARSE (n = 5)
cpu4,groth16,7,1-5,wall_ms,5,194.79479999999998,3.6987936141396243,0.018988153760468064,192.791,192.426,195.889,3.4630000000000223,192.045,200.823,192.045,200.823,9206758932635106489,COARSE (n = 5)
cpu4,groth16,7,1-5,stage_sum_ms,5,194.7786,3.6979163457276782,0.01898522910487948,192.774,192.411,195.869,3.4579999999999984,192.032,200.807,192.032,200.807,12086470934598430119,COARSE (n = 5)
cpu4,groth16,8,1-10,input_ms,10,1.2211,0.12117063267236919,0.09923072039339054,1.202,1.1837499999999999,1.3127499999999999,0.129,1.027,1.415,1.1275,1.331,11076848731938472786,n = 10
cpu4,groth16,8,1-10,witness_ms,10,15.4239,1.5072575132043993,0.09772220470856265,15.7045,14.00975,16.767,2.757249999999999,13.241,16.966,13.695,16.835,18081194992576237978,n = 10
cpu4,groth16,8,1-10,prove_ms,10,197.2416,4.363256943563551,0.022121382829806444,197.54899999999998,196.078,200.23149999999998,4.15349999999998,188.156,202.269,194.558,200.678,9774605932717492784,n = 10
cpu4,groth16,8,1-10,verify_first_ms,10,7.4026,0.5646519478601152,0.07627751706969378,7.5815,7.24625,7.74375,0.4975000000000005,6.374,7.997,7.0329999999999995,7.7995,1619260854073667265,n = 10
cpu4,groth16,8,1-10,verify_steady_ms,10,7.1637,0.6037096524360401,0.08427344143892683,7.089499999999999,6.7444999999999995,7.419,0.6745000000000001,6.416,8.536,6.712,7.441,8858145236691040116,n = 10
cpu4,groth16,8,1-10,wall_ms,10,221.30569999999997,3.871975695802966,0.017496050466856327,222.328,221.00475,223.80475,2.8000000000000114,214.332,224.944,218.073,224.1175,16005566768776376162,n = 10
cpu4,groth16,8,1-10,stage_sum_ms,10,221.28939999999997,3.8723464663632003,0.01749901471269388,222.3125,220.98775,223.78975,2.8019999999999925,214.314,224.926,218.0565,224.102,9889129084928441827,n = 10
cpu4,groth16,8,1-5,input_ms,5,1.2104,0.1281729300593538,0.10589303540924802,1.195,1.18,1.202,0.02200000000000002,1.06,1.415,1.06,1.415,11224447818065014295,COARSE (n = 5)
cpu4,groth16,8,1-5,witness_ms,5,15.573599999999999,1.7893548558069745,0.11489667487330961,16.767,13.695,16.903,3.2079999999999984,13.537,16.966,13.537,16.966,8670624473873506540,COARSE (n = 5)
cpu4,groth16,8,1-5,prove_ms,5,196.70340000000002,5.487653168705178,0.027898110397202983,196.465,195.949,200.678,4.728999999999985,188.156,202.269,188.156,202.269,8588543365851039055,COARSE (n = 5)
cpu4,groth16,8,1-5,verify_first_ms,5,7.4968,0.6439613342429807,0.08589816111447293,7.788,7.197,7.997,0.7999999999999998,6.505,7.997,6.505,7.997,7276743312454016396,COARSE (n = 5)
cpu4,groth16,8,1-5,verify_steady_ms,5,7.3336,0.7856655140707142,0.10713231074379762,7.353,6.922,7.441,0.5190000000000001,6.416,8.536,6.416,8.536,6236980072114422657,COARSE (n = 5)
cpu4,groth16,8,1-5,wall_ms,5,221.00119999999998,4.047278431242407,0.018313377625290755,221.649,220.79,223.357,2.5670000000000073,214.332,224.878,214.332,224.878,957871870038963643,COARSE (n = 5)
cpu4,groth16,8,1-5,stage_sum_ms,5,220.9846,4.048220942587006,0.018319018350541196,221.632,220.773,223.342,2.569000000000017,214.314,224.862,214.314,224.862,5188838378597765354,COARSE (n = 5)
cpu4,groth16,9,1-10,input_ms,10,1.9357,0.16357468562640665,0.08450415127675086,1.8925,1.866,2.01525,0.14924999999999988,1.733,2.274,1.804,2.0415,12479841875764368566,n = 10
cpu4,groth16,9,1-10,witness_ms,10,15.437100000000001,1.033116154596805,0.06692423801081841,15.343,14.83925,15.682749999999999,0.8434999999999988,14.309,17.937,14.680499999999999,15.773,7620978192406242026,n = 10
cpu4,groth16,9,1-10,prove_ms,10,209.746,4.481213650092771,0.021364954040090256,209.21949999999998,206.933,211.05849999999998,4.125499999999988,204.047,219.382,206.655,211.94,11213672159157814654,n = 10
cpu4,groth16,9,1-10,verify_first_ms,10,7.5881,0.495494466837589,0.06529888467964168,7.7285,7.63375,7.79625,0.16249999999999964,6.208,7.925,7.6205,7.8075,11184405105092089953,n = 10
cpu4,groth16,9,1-10,verify_steady_ms,10,7.430200000000001,1.5575250167421961,0.20962087383141717,7.0605,7.03,7.121,0.09100000000000019,5.993,11.755,7.009,7.132,13112012076019853957,n = 10
cpu4,groth16,9,1-10,wall_ms,10,234.72269999999997,4.7384229690196875,0.020187323037012133,233.7585,232.34125,237.3615,5.020250000000004,228.434,244.621,231.29950000000002,238.24,4550181869961491035,n = 10
cpu4,groth16,9,1-10,stage_sum_ms,10,234.7067,4.73864026558955,0.020189625032389573,233.742,232.3265,237.3455,5.018999999999977,228.419,244.605,231.5095,238.224,4512645920936584011,n = 10
cpu4,groth16,9,1-5,input_ms,5,2.0478,0.14742184370031464,0.07199035242714846,2.016,2.013,2.07,0.05699999999999994,1.866,2.274,1.866,2.274,16910604387226884727,COARSE (n = 5)
cpu4,groth16,9,1-5,witness_ms,5,15.1434,0.6205951176088965,0.040981227307533084,14.927,14.81,15.565,0.754999999999999,14.434,15.981,14.434,15.981,11372911670590531763,COARSE (n = 5)
cpu4,groth16,9,1-5,prove_ms,5,206.98780000000002,2.3414279190271916,0.011311912678076637,206.655,205.601,208.878,3.276999999999987,204.047,209.758,204.047,209.758,11066774051760156164,COARSE (n = 5)
cpu4,groth16,9,1-5,verify_first_ms,5,7.5040000000000004,0.7270711794590677,0.09689114864859644,7.779,7.772,7.836,0.06400000000000006,6.208,7.925,6.208,7.925,2752103627062067578,COARSE (n = 5)
cpu4,groth16,9,1-5,verify_steady_ms,5,7.064,0.05806461917553569,0.008219793201519774,7.062,7.033,7.118,0.08499999999999996,6.985,7.122,6.985,7.122,12556922224181439995,COARSE (n = 5)
cpu4,groth16,9,1-5,wall_ms,5,231.69920000000002,2.47220694926618,0.01066989851180401,232.28,230.074,232.982,2.907999999999987,228.434,234.726,228.434,234.726,2081620357662095043,COARSE (n = 5)
cpu4,groth16,9,1-5,stage_sum_ms,5,231.6828,2.4719346067402306,0.010669478298519488,232.266,230.056,232.963,2.9069999999999823,228.419,234.71,228.419,234.71,826778805839968024,COARSE (n = 5)
cpu4,groth16,10,1-10,input_ms,10,3.0751,0.5404575119491098,0.17575282493223304,2.9154999999999998,2.7455,3.10925,0.36375,2.644,4.444,2.725,3.2510000000000003,8091243670922870948,n = 10
cpu4,groth16,10,1-10,witness_ms,10,16.591,1.793184442394157,0.10808175772371507,16.365000000000002,15.1625,17.929,2.766499999999999,14.452,19.881,15.083,18.293,5926391938747541848,n = 10
cpu4,groth16,10,1-10,prove_ms,10,219.70700000000002,3.0745278589655936,0.013993763780696989,219.4845,217.52300000000002,222.19725,4.674249999999972,214.977,223.619,217.05,222.63850000000002,13031152718590665808,n = 10
cpu4,groth16,10,1-10,verify_first_ms,10,7.5331,0.34139434676045843,0.04531923733396058,7.506,7.279,7.79825,0.5192500000000004,7.048,8.076,7.242,7.8095,1588489648920432139,n = 10
cpu4,groth16,10,1-10,verify_steady_ms,10,7.2296,0.7104673266394608,0.09827201043480426,7.0675,6.9245,7.344,0.4195000000000002,6.196,8.968,6.894,7.4285,6273223890448599195,n = 10
cpu4,groth16,10,1-10,wall_ms,10,246.9228,4.340191670114729,0.017577119934306305,248.73149999999998,243.16975,249.72924999999998,6.559499999999986,239.852,251.154,241.566,250.09949999999998,18370344846318352811,n = 10
cpu4,groth16,10,1-10,stage_sum_ms,10,246.9058,4.3396954271008426,0.017576320309611367,248.713,243.15325,249.71275,6.559499999999986,239.835,251.137,241.55,250.08249999999998,16441236628890661283,n = 10
cpu4,groth16,10,1-5,input_ms,5,2.8386,0.19061558173454765,0.06715126531901207,2.807,2.671,3.015,0.3440000000000003,2.644,3.056,2.644,3.056,15348970026923927264,COARSE (n = 5)
cpu4,groth16,10,1-5,witness_ms,5,15.3096,0.919772689309701,0.060078165942265054,15.093,14.795,15.371,0.5760000000000005,14.452,16.837,14.452,16.837,4008434004598209891,COARSE (n = 5)
cpu4,groth16,10,1-5,prove_ms,5,218.6444,3.7623823968331562,0.017207769313246333,217.05,215.918,221.835,5.917000000000002,214.977,223.442,214.977,223.442,1369108544282364537,COARSE (n = 5)
cpu4,groth16,10,1-5,verify_first_ms,5,7.318600000000001,0.2850908627087162,0.038954289441794354,7.242,7.138,7.39,0.2519999999999998,7.048,7.775,7.048,7.775,12495782499802265713,COARSE (n = 5)
cpu4,groth16,10,1-5,verify_steady_ms,5,6.9396,0.4368664555673737,0.06295268539503339,7.031,7.016,7.104,0.08800000000000008,6.196,7.351,6.196,7.351,7038729171955267863,COARSE (n = 5)
cpu4,groth16,10,1-5,wall_ms,5,244.12820000000002,4.553239967319971,0.018651020108778792,241.566,241.086,249.001,7.914999999999992,239.852,249.136,239.852,249.136,10963254782293454772,COARSE (n = 5)
cpu4,groth16,10,1-5,stage_sum_ms,5,244.11100000000002,4.551687763895932,0.018645975658188003,241.55,241.071,248.981,7.909999999999997,239.835,249.118,239.835,249.118,10627901878736009751,COARSE (n = 5)
cpu4,groth16,11,1-10,input_ms,10,6.4676,0.7402153140209348,0.11444976715024657,6.587,5.8895,7.05375,1.16425,5.456,7.461,5.7330000000000005,7.161,17544294181199894681,n = 10
cpu4,groth16,11,1-10,witness_ms,10,16.5382,1.8998260622137666,0.11487502038999206,16.001,15.432749999999999,17.609499999999997,2.1767499999999984,14.206,20.436,15.0855,17.7755,18245365812755030924,n = 10
cpu4,groth16,11,1-10,prove_ms,10,231.8282,6.1592111652205785,0.026567998048643685,231.8655,228.742,233.42125,4.679249999999996,220.027,241.443,228.651,236.76749999999998,11419438868729565514,n = 10
cpu4,groth16,11,1-10,verify_first_ms,10,7.7539,1.3019821171326944,0.16791319428064516,7.644,7.26875,7.93025,0.6615000000000002,6.236,10.988,6.929,7.988,12183116519182487761,n = 10
cpu4,groth16,11,1-10,verify_steady_ms,10,7.0524000000000004,0.29859604819890034,0.042339635896843676,7.115,6.888999999999999,7.308999999999999,0.41999999999999993,6.455,7.378,6.8415,7.342,13911638634289694321,n = 10
cpu4,groth16,11,1-10,wall_ms,10,262.6085,6.294214932071442,0.023968054849981785,261.7735,259.81225,263.555,3.742750000000001,252.115,273.024,259.349,267.4954624999999,16164319251212093407,n = 10
cpu4,groth16,11,1-10,stage_sum_ms,10,262.5877,6.293392867832815,0.023966822771336264,261.7545,259.78875,263.53625,3.7475000000000023,252.095,273.002,259.423,267.7265,2877586267064766304,n = 10
cpu4,groth16,11,1-5,input_ms,5,6.6366,0.7450844247466186,0.1122689968879575,6.732,6.478,7.161,0.6829999999999998,5.456,7.356,5.456,7.356,14964022262730903166,COARSE (n = 5)
cpu4,groth16,11,1-5,witness_ms,5,15.154,0.8129344992064249,0.0536448791874373,15.328,14.424,15.747,1.3230000000000004,14.206,16.065,14.206,16.065,7115042618716084393,COARSE (n = 5)
cpu4,groth16,11,1-5,prove_ms,5,233.60520000000002,4.256849034203588,0.018222407010646972,233.041,232.063,233.548,1.4850000000000136,228.88,240.494,228.88,240.494,17605752194026040413,COARSE (n = 5)
cpu4,groth16,11,1-5,verify_first_ms,5,8.2082,1.7025556378573945,0.20742131500906344,7.985,7.451,8.21,0.7590000000000012,6.407,10.988,6.407,10.988,14516219994927910017,COARSE (n = 5)
cpu4,groth16,11,1-5,verify_steady_ms,5,7.0962000000000005,0.37664930638459965,0.053077605815027705,7.21,7.089,7.349,0.2599999999999998,6.455,7.378,6.455,7.378,899117642415438599,COARSE (n = 5)
cpu4,groth16,11,1-5,wall_ms,5,263.6236,5.686891180601229,0.0215720109299821,261.954,261.593,263.76,2.166999999999973,257.787,273.024,257.787,273.024,7071243409940983935,COARSE (n = 5)
cpu4,groth16,11,1-5,stage_sum_ms,5,263.604,5.685683380210342,0.02156903302002376,261.937,261.572,263.741,2.1689999999999827,257.768,273.002,257.768,273.002,16896455048058435096,COARSE (n = 5)
cpu4,groth16,12,1-10,input_ms,10,13.4357,3.283075524565343,0.24435463165784757,14.573,10.34375,15.09125,4.7475000000000005,8.72,17.148,8.956,15.8755,776034813212376432,n = 10
cpu4,groth16,12,1-10,witness_ms,10,18.322499999999998,2.1108072310532444,0.11520301438413123,18.098,16.98975,19.78875,2.7989999999999995,15.363,21.694,16.5466875,20.04,10683653624403049140,n = 10
cpu4,groth16,12,1-10,prove_ms,10,241.99169999999998,5.795093040188784,0.023947486794748684,243.7865,236.40925,245.6975,9.288250000000005,234.038,251.717,235.709,245.781,2508152346184625779,n = 10
cpu4,groth16,12,1-10,verify_first_ms,10,7.4592,0.38877637102409746,0.05212038436080243,7.547499999999999,7.278499999999999,7.6355,0.3570000000000011,6.625,7.948,7.196,7.731,3260101263263843933,n = 10
cpu4,groth16,12,1-10,verify_steady_ms,10,6.7938,0.49312693880762365,0.07258484777409162,6.8625,6.52775,7.167,0.6392499999999997,5.899,7.35,6.447,7.206,3839028718857861211,n = 10
cpu4,groth16,12,1-10,wall_ms,10,281.23159999999996,5.283262821821795,0.01878616351015247,281.7615,277.4575,283.22625,5.768750000000011,272.872,290.534,276.825,284.8615,16482069094724928823,n = 10
cpu4,groth16,12,1-10,stage_sum_ms,10,281.2091,5.281788742672527,0.018782424689217123,281.74,277.43649999999997,283.20425,5.767750000000035,272.849,290.506,276.804,284.8375,432006778617923541,n = 10
cpu4,groth16,12,1-5,input_ms,5,11.2624,3.2772054101017227,0.29098641587066015,8.956,8.953,14.507,5.554,8.72,15.176,8.72,15.176,7453945189432574573,COARSE (n = 5)
cpu4,groth16,12,1-5,witness_ms,5,16.6064,0.9438846857535096,0.05683860955737002,16.983,15.942,17.01,1.0680000000000014,15.363,17.734,15.363,17.734,7184225122074030243,COARSE (n = 5)
cpu4,groth16,12,1-5,prove_ms,5,243.75500000000002,6.3673601672906806,0.026121967415194274,244.651,242.922,245.447,2.5250000000000057,234.038,251.717,234.038,251.717,287282108464425043,COARSE (n = 5)
cpu4,groth16,12,1-5,verify_first_ms,5,7.2798,0.49448629910241204,0.06792580827803127,7.196,7.099,7.531,0.4319999999999995,6.625,7.948,6.625,7.948,7320497660013419595,COARSE (n = 5)
cpu4,groth16,12,1-5,verify_steady_ms,5,6.495,0.5137192813200612,0.07909457757044822,6.447,6.153,6.77,0.617,5.899,7.206,5.899,7.206,6399107732269586912,COARSE (n = 5)
cpu4,groth16,12,1-5,wall_ms,5,278.9248,4.244641999038315,0.015217872340639179,279.355,276.825,282.072,5.247000000000014,272.872,283.5,272.872,283.5,3374774588764862350,COARSE (n = 5)
cpu4,groth16,12,1-5,stage_sum_ms,5,278.9036,4.2455404014094675,0.015222250273605173,279.334,276.804,282.052,5.248000000000047,272.849,283.479,272.849,283.479,16238255305877142272,COARSE (n = 5)
cpu4,groth16,13,1-10,input_ms,10,27.1866,3.024136027216883,0.11123627181099818,28.2955,24.0735,29.667,5.593500000000002,22.88,30.691,23.548,29.684,6779722819118547306,n = 10
cpu4,groth16,13,1-10,witness_ms,10,21.1162,1.945493699124552,0.09213275585212075,21.2275,20.78225,22.587000000000003,1.804750000000002,17.013,23.325,19.9045,22.728,17535178426021220533,n = 10
cpu4,groth16,13,1-10,prove_ms,10,249.4592,5.454052556483931,0.021863505360732057,251.5245,248.12775,251.75275,3.625,238.301,256.981,246.4655,252.129,7941614451360823845,n = 10
cpu4,groth16,13,1-10,verify_first_ms,10,7.9026,0.4384789872071662,0.055485408246294415,7.9135,7.738,8.1995,0.4615,6.976,8.558,7.702999999999999,8.259,11081469275690520067,n = 10
cpu4,groth16,13,1-10,verify_steady_ms,10,7.0435,0.7030241421490763,0.09981176150338274,7.096,6.68075,7.19475,0.5140000000000002,5.971,8.63,6.622,7.2755,15850316422822535268,n = 10
cpu4,groth16,13,1-10,wall_ms,10,305.6891,6.594155888192046,0.02157144591741101,306.922,300.46425,311.64750000000004,11.183250000000044,293.731,311.898,298.973,311.766,9786150238261969816,n = 10
cpu4,groth16,13,1-10,stage_sum_ms,10,305.6643,6.5935822340953365,0.021571319366034358,306.8985,300.44075,311.62149999999997,11.180749999999989,293.708,311.874,298.95,311.741,6709140013170306235,n = 10
cpu4,groth16,13,1-5,input_ms,5,26.476999999999997,3.5288984116860043,0.13328165621807625,25.65,23.548,29.616,6.068000000000001,22.88,30.691,22.88,30.691,17904424965372067138,COARSE (n = 5)
cpu4,groth16,13,1-5,witness_ms,5,19.7238,1.760468886404982,0.08925607065600857,20.728,18.864,20.945,2.0809999999999995,17.013,21.069,17.013,21.069,10533940203785520197,COARSE (n = 5)
cpu4,groth16,13,1-5,prove_ms,5,247.4894,7.552091915489378,0.030514809585741366,247.282,242.266,252.617,10.350999999999999,238.301,256.981,238.301,256.981,1252249232015783451,COARSE (n = 5)
cpu4,groth16,13,1-5,verify_first_ms,5,7.8012,0.17466882950314896,0.02238999506526547,7.843,7.703,7.876,0.17300000000000004,7.563,8.021,7.563,8.021,9718542356939856090,COARSE (n = 5)
cpu4,groth16,13,1-5,verify_steady_ms,5,6.865600000000001,0.5184397747086925,0.0755126681875863,7.129,6.857,7.167,0.3099999999999996,5.971,7.204,5.971,7.204,5572706934202389797,COARSE (n = 5)
cpu4,groth16,13,1-5,wall_ms,5,301.51660000000004,6.755979225841347,0.02240665762960098,298.973,298.649,304.938,6.288999999999987,293.731,311.292,293.731,311.292,12648265297965528694,COARSE (n = 5)
cpu4,groth16,13,1-5,stage_sum_ms,5,301.49120000000005,6.753980285727802,0.022401915166107005,298.95,298.622,304.913,6.290999999999997,293.708,311.263,293.708,311.263,7666235336814346000,COARSE (n = 5)
cpu4,groth16,14,1-10,input_ms,10,49.6485,4.261476380838506,0.08583293313672126,50.667500000000004,46.75375,51.3195,4.565750000000001,41.74,55.612,45.818,52.8625,257534022044574595,n = 10
cpu4,groth16,14,1-10,witness_ms,10,19.7509,1.7038349196249425,0.08626619139507274,19.099,18.88175,20.3485,1.466750000000001,17.925,23.338,18.4755,20.8745,501228663665328665,n = 10
cpu4,groth16,14,1-10,prove_ms,10,258.53249999999997,5.239013143925317,0.02026442765967651,258.2935,255.739,260.88675,5.147750000000002,251.347,268.617,254.55062500000003,261.767,11773254160941147067,n = 10
cpu4,groth16,14,1-10,verify_first_ms,10,7.299000000000001,0.6586361328955128,0.09023648895677665,7.6385000000000005,6.724,7.7065,0.9824999999999999,6.186,8.082,6.514,7.713,9414807706211192228,n = 10
cpu4,groth16,14,1-10,verify_steady_ms,10,6.9141,0.4812544833845994,0.06960479070082866,6.995,6.79075,7.25425,0.4634999999999998,6.063,7.507,6.5565,7.326,17136665159576863443,n = 10
cpu4,groth16,14,1-10,wall_ms,10,335.2556,8.551027686125733,0.02550599508591574,336.356,328.841,340.147,11.305999999999983,322.476,350.503,328.067,341.12649999999996,10271917469083668788,n = 10
cpu4,groth16,14,1-10,stage_sum_ms,10,335.2309,8.55163306626284,0.02550968024207446,336.3315,328.81425,340.12350000000004,11.30925000000002,322.451,350.48,328.265,340.163,3385076642907314404,n = 10
cpu4,groth16,14,1-5,input_ms,5,47.7654,5.135529748721159,0.10751568601374968,45.818,45.318,51.376,6.058,41.74,54.575,41.74,54.575,17351022256686765574,COARSE (n = 5)
cpu4,groth16,14,1-5,witness_ms,5,19.8884,2.0661002637819883,0.10388468975794876,19.28,18.918,19.981,1.0630000000000024,17.925,23.338,17.925,23.338,5882440751731020554,COARSE (n = 5)
cpu4,groth16,14,1-5,prove_ms,5,257.527,3.6903591288653623,0.014329989200609499,257.439,257.209,260.205,2.995999999999981,251.668,261.114,251.668,261.114,10906117473701839362,COARSE (n = 5)
cpu4,groth16,14,1-5,verify_first_ms,5,6.966800000000001,0.8221628184246721,0.11801154309362577,6.514,6.461,7.591,1.13,6.186,8.082,6.186,8.082,770551753782378564,COARSE (n = 5)
cpu4,groth16,14,1-5,verify_steady_ms,5,6.664,0.553817208111124,0.08310582354608705,6.736,6.158,6.996,0.8380000000000001,6.063,7.367,6.063,7.367,4131526326270989215,COARSE (n = 5)
cpu4,groth16,14,1-5,wall_ms,5,332.1726,8.692061193986149,0.026167303365738623,330.488,325.646,340.03,14.383999999999958,322.476,342.223,322.476,342.223,256507852864772998,COARSE (n = 5)
cpu4,groth16,14,1-5,stage_sum_ms,5,332.1476,8.691921956621547,0.02616885371630428,330.462,325.622,340.005,14.382999999999981,322.451,342.198,322.451,342.198,4773820788993214186,COARSE (n = 5)
cpu4,groth16,15,1-10,input_ms,10,112.3801,5.805736080234212,0.05166160272356237,115.6815,108.721,116.0525,7.331499999999991,101.977,117.424,107.43,116.582,15173077811479625180,n = 10
cpu4,groth16,15,1-10,witness_ms,10,24.523400000000002,2.3412341095147986,0.09546939288658172,24.7895,23.54575,26.265749999999997,2.7199999999999953,20.103,27.677,22.8315,26.461,13050686011144690412,n = 10
cpu4,groth16,15,1-10,prove_ms,10,271.2002,7.3733494092651695,0.027187846503303352,269.76800000000003,265.63375,273.986,8.35224999999997,262.49,287.616,264.833,275.251,17623508835271343594,n = 10
cpu4,groth16,15,1-10,verify_first_ms,10,6.891299999999999,0.5396568971732564,0.078309883066077,6.991,6.3795,7.231,0.8514999999999997,6.172,7.669,6.338,7.35,14787302122333323640,n = 10
cpu4,groth16,15,1-10,verify_steady_ms,10,7.504600000000001,1.4187156319870604,0.1890461359682142,7.0555,7.0395,7.2989999999999995,0.2594999999999992,6.432,11.458,6.956,7.390499999999999,7348733412088379228,n = 10
cpu4,groth16,15,1-10,wall_ms,10,415.02209999999997,9.962860549170719,0.024005614518288833,413.806,410.59425,419.4625,8.868249999999989,398.259,434.182,408.6575,421.2355,13112718732112702334,n = 10
cpu4,groth16,15,1-10,stage_sum_ms,10,414.9947,9.963945905669647,0.0240098148378031,413.777,410.567,419.4365,8.869500000000016,398.228,434.157,408.6305,421.2095,8176015585560809179,n = 10
cpu4,groth16,15,1-5,input_ms,5,109.1374,6.805989883918426,0.06236166414005122,107.43,103.793,115.365,11.571999999999989,101.977,117.122,101.977,117.122,11456790861581760582,COARSE (n = 5)
cpu4,groth16,15,1-5,witness_ms,5,24.7706,2.9726346563276147,0.12000656650737626,25.659,23.803,26.611,2.808,20.103,27.677,20.103,27.677,4935311760905711726,COARSE (n = 5)
cpu4,groth16,15,1-5,prove_ms,5,268.06100000000004,4.381151560948332,0.016343860393523608,269.27,264.833,270.266,5.432999999999993,262.49,273.446,262.49,273.446,2172994564409766431,COARSE (n = 5)
cpu4,groth16,15,1-5,verify_first_ms,5,6.752,0.41336364136193704,0.06122091844815419,6.877,6.338,7.105,0.7670000000000003,6.29,7.15,6.29,7.15,5997129303912655377,COARSE (n = 5)
cpu4,groth16,15,1-5,verify_steady_ms,5,7.8254,2.055929303259234,0.2627251390675536,7.053,6.871,7.313,0.4419999999999993,6.432,11.458,6.432,11.458,1054818136684593610,COARSE (n = 5)
cpu4,groth16,15,1-5,wall_ms,5,408.74760000000003,7.217111458194323,0.01765664546579435,410.365,406.033,411.282,5.248999999999967,398.259,417.799,398.259,417.799,9793366409107164799,COARSE (n = 5)
cpu4,groth16,15,1-5,stage_sum_ms,5,408.7206,7.219637234653833,0.017663991574326895,410.338,406.007,411.254,5.247000000000014,398.228,417.776,398.228,417.776,7036689905106133560,COARSE (n = 5)
cpu4,plonk,5,1-5,input_ms,5,0.7574,0.07907780978251737,0.1044069313209894,0.794,0.7,0.799,0.09900000000000009,0.651,0.843,0.651,0.843,12950691363205685700,COARSE (n = 5)
cpu4,plonk,5,1-5,witness_ms,5,15.027600000000001,1.3066100412900554,0.08694735295656361,14.591,13.971,16.079,2.1080000000000005,13.779,16.718,13.779,16.718,15479840688042251190,COARSE (n = 5)
cpu4,plonk,5,1-5,prove_ms,5,10476.1232,586.2044663495834,0.0559562402196247,10206.052,10109.749,10463.289,353.5400000000009,10109.233,11492.293,10109.233,11492.293,10378250047158308636,COARSE (n = 5)
cpu4,plonk,5,1-5,verify_first_ms,5,7.7585999999999995,0.21352002248032817,0.02752043184083832,7.75,7.652,7.792,0.13999999999999968,7.511,8.088,7.511,8.088,7924322763732678405,COARSE (n = 5)
cpu4,plonk,5,1-5,verify_steady_ms,5,7.247,0.04218412023498905,0.005820907994340975,7.264,7.239,7.276,0.03699999999999992,7.177,7.279,7.177,7.279,11885337008521817257,COARSE (n = 5)
cpu4,plonk,5,1-5,wall_ms,5,10499.688,586.4737362751213,0.05585630128010673,10229.299,10134.516,10485.25,350.7340000000004,10132.63,11516.745,10132.63,11516.745,9358183733529109773,COARSE (n = 5)
cpu4,plonk,5,1-5,stage_sum_ms,5,10499.6672,586.4743201366109,0.055856467539905544,10229.278,10134.495,10485.23,350.73499999999876,10132.608,11516.725,10132.608,11516.725,12309992561399054536,COARSE (n = 5)
cpu4,plonk,6,1-5,input_ms,5,0.8472,0.055314555046569805,0.0652910234260739,0.874,0.82,0.882,0.062000000000000055,0.763,0.897,0.763,0.897,9557210589726819392,COARSE (n = 5)
cpu4,plonk,6,1-5,witness_ms,5,14.7708,0.6245359877541083,0.042281798396438135,15.01,14.11,15.232,1.1219999999999999,14.098,15.404,14.098,15.404,13782970838778181116,COARSE (n = 5)
cpu4,plonk,6,1-5,prove_ms,5,10453.897,564.7569716041586,0.05402358293793774,10220.468,10163.384,10290.249,126.86499999999978,10136.729,11458.655,10136.729,11458.655,3749703734833201343,COARSE (n = 5)
cpu4,plonk,6,1-5,verify_first_ms,5,8.516200000000001,0.7868651091514985,0.09239626936327217,8.648,7.873,8.739,0.8660000000000005,7.672,9.649,7.672,9.649,14369194118511472335,COARSE (n = 5)
cpu4,plonk,6,1-5,verify_steady_ms,5,7.231999999999999,0.09472064188971674,0.013097433889617913,7.269,7.202,7.289,0.08699999999999974,7.081,7.319,7.081,7.319,1891862442217974230,COARSE (n = 5)
cpu4,plonk,6,1-5,wall_ms,5,10478.0482,564.7766470674051,0.053900939973477606,10245.106,10185.943,10315.027,129.08400000000074,10161.398,11482.767,10161.398,11482.767,10447562676607449676,COARSE (n = 5)
cpu4,plonk,6,1-5,stage_sum_ms,5,10478.0316,564.7778163333792,0.05390113695910014,10245.092,10185.929,10315.012,129.08300000000054,10161.373,11482.752,10161.373,11482.752,17266012764004408150,COARSE (n = 5)
cpu4,plonk,7,1-5,input_ms,5,2.324,2.29614601016573,0.9880146343226033,1.075,0.86,2.701,1.8410000000000002,0.798,6.186,0.798,6.186,897662468421367004,COARSE (n = 5)
cpu4,plonk,7,1-5,witness_ms,5,14.1144,0.7444285056336842,0.05274248325353428,14.007,13.635,14.657,1.0220000000000002,13.22,15.053,13.22,15.053,2989211566423490379,COARSE (n = 5)
cpu4,plonk,7,1-5,prove_ms,5,10704.7946,746.5133401438987,0.06973635347883263,10298.39,10191.728,10938.72,746.9920000000002,10178.367,11916.768,10178.367,11916.768,10765125081511848431,COARSE (n = 5)
cpu4,plonk,7,1-5,verify_first_ms,5,8.064,0.5779208423305044,0.07166677112233438,7.823,7.658,8.298,0.6399999999999997,7.573,8.968,7.573,8.968,17704793180952923009,COARSE (n = 5)
cpu4,plonk,7,1-5,verify_steady_ms,5,7.2324,0.049308214325809965,0.006817683524944688,7.235,7.228,7.238,0.010000000000000675,7.161,7.3,7.161,7.3,15162780095782417714,COARSE (n = 5)
cpu4,plonk,7,1-5,wall_ms,5,10729.3266,744.5272116885993,0.06939179311482599,10328.614,10215.047,10961.052,746.0049999999992,10203.462,11938.458,10203.462,11938.458,2420298730901618072,COARSE (n = 5)
cpu4,plonk,7,1-5,stage_sum_ms,5,10729.2968,744.5409898462274,0.0693932700087323,10328.596,10215.032,10961.038,746.0060000000012,10203.374,11938.444,10203.374,11938.444,5450163887654451349,COARSE (n = 5)
cpu4,plonk,8,1-5,input_ms,5,1.1686,0.080388432003616,0.06879037481055622,1.171,1.148,1.199,0.051000000000000156,1.052,1.273,1.052,1.273,13312955270577432690,COARSE (n = 5)
cpu4,plonk,8,1-5,witness_ms,5,14.9224,0.8025252643998197,0.05377990567199779,15.013,14.761,15.314,0.5530000000000008,13.681,15.843,13.681,15.843,6556782533625344020,COARSE (n = 5)
cpu4,plonk,8,1-5,prove_ms,5,10217.6244,58.64025395835208,0.005739127967783987,10242.538,10166.785,10262.81,96.02499999999964,10143.488,10272.501,10143.488,10272.501,9437596840632291667,COARSE (n = 5)
cpu4,plonk,8,1-5,verify_first_ms,5,8.2728,0.5936688470856455,0.07176153745837509,8.11,7.743,8.838,1.0949999999999989,7.714,8.959,7.714,8.959,2928423500440471311,COARSE (n = 5)
cpu4,plonk,8,1-5,verify_steady_ms,5,7.252800000000001,0.05556707658317123,0.0076614654455067314,7.288,7.202,7.293,0.09100000000000019,7.183,7.298,7.183,7.298,10345256299949249241,COARSE (n = 5)
cpu4,plonk,8,1-5,wall_ms,5,10242.0048,59.311000574936095,0.005790956139264463,10267.323,10191.921,10287.155,95.23400000000038,10165.951,10297.674,10165.951,10297.674,3519361883365253341,COARSE (n = 5)
cpu4,plonk,8,1-5,stage_sum_ms,5,10241.988000000001,59.30950678432585,0.005790819788533812,10267.307,10191.905,10287.139,95.23399999999856,10165.936,10297.653,10165.936,10297.653,8153857642020040130,COARSE (n = 5)
cpu4,plonk,9,1-5,input_ms,5,1.8912,0.16241366937545626,0.08587863228397645,1.825,1.799,1.975,0.17600000000000016,1.725,2.132,1.725,2.132,1507673937367614123,COARSE (n = 5)
cpu4,plonk,9,1-5,witness_ms,5,15.9248,0.6595014783910655,0.04141348578261991,15.732,15.445,16.295,0.8500000000000014,15.273,16.879,15.273,16.879,3801228451972017897,COARSE (n = 5)
cpu4,plonk,9,1-5,prove_ms,5,10466.101200000001,550.4666977294812,0.05259520113654941,10219.908,10202.115,10257.965,55.850000000000364,10200.581,11449.937,10200.581,11449.937,8568215658769115663,COARSE (n = 5)
cpu4,plonk,9,1-5,verify_first_ms,5,8.506,0.9375537317935436,0.1102226348217192,8.537,7.585,9.15,1.5650000000000004,7.575,9.683,7.575,9.683,13465207904736086783,COARSE (n = 5)
cpu4,plonk,9,1-5,verify_steady_ms,5,7.2426,0.0564163096985262,0.007789510631337668,7.228,7.222,7.268,0.045999999999999375,7.172,7.323,7.172,7.323,9142399290723681930,COARSE (n = 5)
cpu4,plonk,9,1-5,wall_ms,5,10492.4396,550.7849565963106,0.05249350747716581,10245.517,10228.429,10282.972,54.542999999999665,10228.373,11476.907,10228.373,11476.907,12984659290650244331,COARSE (n = 5)
cpu4,plonk,9,1-5,stage_sum_ms,5,10492.423200000001,550.7846202929051,0.0524935574742072,10245.503,10228.409,10282.955,54.54600000000028,10228.359,11476.89,10228.359,11476.89,7035046627771979324,COARSE (n = 5)
cpu4,plonk,10,1-5,input_ms,5,3.0924,0.4117490740730329,0.1331487110571184,2.875,2.797,3.536,0.7389999999999999,2.712,3.542,2.712,3.542,7786563495877265398,COARSE (n = 5)
cpu4,plonk,10,1-5,witness_ms,5,15.9438,1.0728106543095104,0.06728701152231654,15.644,15.24,16.739,1.4990000000000006,14.751,17.345,14.751,17.345,11556012422117730063,COARSE (n = 5)
cpu4,plonk,10,1-5,prove_ms,5,10468.2506,556.9023063197891,0.053199176022762494,10236.819,10212.19,10336.385,124.19499999999971,10102.562,11453.297,10102.562,11453.297,965917270965155262,COARSE (n = 5)
cpu4,plonk,10,1-5,verify_first_ms,5,8.203999999999999,0.7239430226198743,0.08824268925156928,7.943,7.594,8.655,1.060999999999999,7.588,9.24,7.588,9.24,11061048497753374733,COARSE (n = 5)
cpu4,plonk,10,1-5,verify_steady_ms,5,7.2158,0.07877943894189653,0.010917630608095641,7.216,7.2,7.228,0.02799999999999958,7.107,7.328,7.107,7.328,14129384585399598739,COARSE (n = 5)
cpu4,plonk,10,1-5,wall_ms,5,10495.5082,557.2572329891291,0.05309483089052601,10263.071,10237.909,10365.917,128.0079999999998,10129.676,11480.968,10129.676,11480.968,9663812683062920335,COARSE (n = 5)
cpu4,plonk,10,1-5,stage_sum_ms,5,10495.4908,557.2564086286495,0.05309484036979476,10263.055,10237.892,10365.9,128.0079999999998,10129.658,11480.949,10129.658,11480.949,11462994828878203605,COARSE (n = 5)
cpu4,plonk,11,1-5,input_ms,5,6.0158000000000005,0.3692765901055738,0.06138445262568133,5.904,5.76,6.15,0.39000000000000057,5.673,6.592,5.673,6.592,14341499430267530952,COARSE (n = 5)
cpu4,plonk,11,1-5,witness_ms,5,16.2732,0.7435150973584865,0.04568954461067808,16.738,15.646,16.783,1.1370000000000005,15.299,16.9,15.299,16.9,8472527695855085313,COARSE (n = 5)
cpu4,plonk,11,1-5,prove_ms,5,20193.9562,1088.5007816890632,0.05390230477419096,19747.795,19662.624,19924.481,261.85699999999997,19512.09,22122.791,19512.09,22122.791,13249144841014273150,COARSE (n = 5)
cpu4,plonk,11,1-5,verify_first_ms,5,9.02,2.4093859176146935,0.2671159553896556,7.98,7.871,8.176,0.3049999999999997,7.752,13.321,7.752,13.321,12656073038109100995,COARSE (n = 5)
cpu4,plonk,11,1-5,verify_steady_ms,5,7.2714,0.03478217934517622,0.004783422634592543,7.256,7.253,7.304,0.051000000000000156,7.232,7.312,7.232,7.312,10490545620487581158,COARSE (n = 5)
cpu4,plonk,11,1-5,wall_ms,5,20225.284,1088.5123722236697,0.053819386280245546,19783.635,19692.135,19953.701,261.56600000000253,19542.786,22154.163,19542.786,22154.163,5422763042303287408,COARSE (n = 5)
cpu4,plonk,11,1-5,stage_sum_ms,5,20225.264600000002,1088.5136935208031,0.05381950323264512,19783.613,19692.118,19953.681,261.5630000000019,19542.765,22154.146,19542.765,22154.146,7809710565607687723,COARSE (n = 5)
cpu4,plonk,12,1-5,input_ms,5,13.755799999999999,3.6577331367938806,0.2659047919273238,14.557,11.049,16.99,5.940999999999999,8.956,17.227,8.956,17.227,18363444702795591103,COARSE (n = 5)
cpu4,plonk,12,1-5,witness_ms,5,16.9834,1.5467707651749816,0.09107544809490335,17.229,15.452,18.142,2.6899999999999995,15.342,18.752,15.342,18.752,16014200571845584443,COARSE (n = 5)
cpu4,plonk,12,1-5,prove_ms,5,20139.4548,1079.5141186826602,0.05360195344923936,19680.475,19642.635,19690.721,48.08600000000297,19613.676,22069.767,19613.676,22069.767,5001878837010719932,COARSE (n = 5)
cpu4,plonk,12,1-5,verify_first_ms,5,9.6784,1.6952511023444283,0.17515819787820594,9.315,8.844,9.864,1.0200000000000014,7.935,12.434,7.935,12.434,3540933172451292543,COARSE (n = 5)
cpu4,plonk,12,1-5,verify_steady_ms,5,7.2122,0.12213394286601896,0.016934353299411963,7.231,7.149,7.246,0.09700000000000042,7.053,7.382,7.053,7.382,15380111313997794144,COARSE (n = 5)
cpu4,plonk,12,1-5,wall_ms,5,20179.8952,1074.9299222924724,0.053267368915398156,19719.005,19683.288,19732.94,49.651999999998225,19662.112,22102.131,19662.112,22102.131,16531185941544271366,COARSE (n = 5)
cpu4,plonk,12,1-5,stage_sum_ms,5,20179.8722,1074.930479785414,0.05326745725304514,19718.98,19683.265,19732.918,49.653000000002066,19662.089,22102.109,19662.089,22102.109,14549357269798999117,COARSE (n = 5)
cpu4,plonk,13,1-5,input_ms,5,23.088,0.776398093763761,0.03362777606391896,23.326,22.496,23.464,0.968,22.112,24.042,22.112,24.042,18438239103153963932,COARSE (n = 5)
cpu4,plonk,13,1-5,witness_ms,5,19.441200000000002,1.2309694147297074,0.06331756345954505,19.065,18.758,19.274,0.5160000000000018,18.526,21.583,18.526,21.583,16291669200809542093,COARSE (n = 5)
cpu4,plonk,13,1-5,prove_ms,5,20204.273999999998,1096.722567908128,0.05428171128089671,19755.951,19605.421,19999.855,394.4340000000011,19521.15,22138.993,19521.15,22138.993,16612837274305572061,COARSE (n = 5)
cpu4,plonk,13,1-5,verify_first_ms,5,8.2284,0.7668261210991704,0.09319261595196761,7.969,7.774,8.076,0.3020000000000005,7.745,9.578,7.745,9.578,13694648952576062988,COARSE (n = 5)
cpu4,plonk,13,1-5,verify_steady_ms,5,7.219800000000001,0.11174614087296271,0.015477733576132675,7.265,7.16,7.272,0.1120000000000001,7.058,7.344,7.058,7.344,403691098814934632,COARSE (n = 5)
cpu4,plonk,13,1-5,wall_ms,5,20255.0596,1096.4355097529897,0.05413143833716439,19804.896,19657.772,20051.93,394.15799999999945,19571.525,22189.175,19571.525,22189.175,4125431424472722582,COARSE (n = 5)
cpu4,plonk,13,1-5,stage_sum_ms,5,20255.032,1096.4391463211714,0.05413169163698045,19804.873,19657.738,20051.904,394.16599999999744,19571.492,22189.153,19571.492,22189.153,9322857528921995234,COARSE (n = 5)
cpu4,plonk,14,1-5,input_ms,5,46.54,6.128594251539255,0.13168444889426847,45.064,43.021,47.145,4.124000000000002,40.808,56.662,40.808,56.662,4643149519005567175,COARSE (n = 5)
cpu4,plonk,14,1-5,witness_ms,5,18.931,1.531114463389332,0.08087868910196672,18.753,18.534,19.383,0.8490000000000002,16.874,21.111,16.874,21.111,18278282454746153507,COARSE (n = 5)
cpu4,plonk,14,1-5,prove_ms,5,20163.7096,1118.3164232858244,0.05546183938722389,19609.663,19584.503,20041.854,457.35099999999875,19457.551,22124.977,19457.551,22124.977,7340319572770001430,COARSE (n = 5)
cpu4,plonk,14,1-5,verify_first_ms,5,8.6556,1.3097781491535123,0.15132147386125888,7.815,7.764,9.351,1.5870000000000006,7.701,10.647,7.701,10.647,3081594426278603059,COARSE (n = 5)
cpu4,plonk,14,1-5,verify_steady_ms,5,7.239199999999999,0.07914038160130399,0.01093219991177257,7.233,7.225,7.294,0.06899999999999995,7.119,7.325,7.119,7.325,16579493632690296187,COARSE (n = 5)
cpu4,plonk,14,1-5,wall_ms,5,20237.863,1123.8610034419291,0.05553259271702398,19679.226,19660.487,20111.633,451.14600000000064,19528.415,22209.554,19528.415,22209.554,2460959508272723614,COARSE (n = 5)
cpu4,plonk,14,1-5,stage_sum_ms,5,20237.836,1123.8589401897825,0.05553256485474942,19679.2,19660.461,20111.608,451.14700000000084,19528.388,22209.523,19528.388,22209.523,8103624659803884550,COARSE (n = 5)
cpu4,plonk,15,1-5,input_ms,5,108.02640000000001,6.949771564591172,0.06433401061769319,111.103,100.757,113.114,12.357,100.347,114.811,100.347,114.811,9445363086970604922,COARSE (n = 5)
cpu4,plonk,15,1-5,witness_ms,5,23.7018,3.253081339284341,0.13725039192315946,23.964,20.893,25.058,4.164999999999999,20.308,28.286,20.308,28.286,12175504510242775275,COARSE (n = 5)
cpu4,plonk,15,1-5,prove_ms,5,20197.895,1136.119302387518,0.056249391453293426,19734.895,19643.551,19879.637,236.08599999999933,19515.104,22216.288,19515.104,22216.288,1283421480425850280,COARSE (n = 5)
cpu4,plonk,15,1-5,verify_first_ms,5,8.3986,1.1844620297839858,0.14103088964636795,7.764,7.753,8.319,0.5660000000000007,7.689,10.468,7.689,10.468,14867808092398792028,COARSE (n = 5)
cpu4,plonk,15,1-5,verify_steady_ms,5,7.210800000000001,0.10395287393814566,0.01441627474595685,7.209,7.146,7.271,0.125,7.081,7.347,7.081,7.347,1312451049535656542,COARSE (n = 5)
cpu4,plonk,15,1-5,wall_ms,5,20338.047,1136.9541832226569,0.05590282012932003,19869.055,19784.761,20015.982,231.22100000000137,19661.659,22358.778,19661.659,22358.778,7878396945781437050,COARSE (n = 5)
cpu4,plonk,15,1-5,stage_sum_ms,5,20338.0216,1136.9539469971069,0.05590287833095363,19869.029,19784.737,20015.958,231.22099999999773,19661.632,22358.752,19661.632,22358.752,9747953947943706285,COARSE (n = 5)
cpu8,groth16,5,1-10,input_ms,10,1.5176,1.8765984120210695,1.2365566763449325,0.7665,0.74325,0.8495,0.10625000000000007,0.537,6.552,0.7190000000000001,1.754,15266221404903180407,n = 10
cpu8,groth16,5,1-10,witness_ms,10,13.6273,1.2414002891000862,0.0910965700542357,13.2025,12.716000000000001,13.78325,1.0672499999999996,12.561,16.088,12.676,14.6495,4219578814996117560,n = 10
cpu8,groth16,5,1-10,prove_ms,10,104.8047,2.776838252001325,0.026495359960014436,104.11,102.99225,105.65950000000001,2.66725000000001,101.698,110.457,102.721,106.4685,12606756761677148119,n = 10
cpu8,groth16,5,1-10,verify_first_ms,10,6.5379000000000005,0.813804023637687,0.12447483498335657,6.3614999999999995,6.23175,6.46325,0.23150000000000048,5.802,8.756,6.196,6.5344999999999995,11114642588104937306,n = 10
cpu8,groth16,5,1-10,verify_steady_ms,10,6.1339,0.42802685533607465,0.06978054016793145,6.031499999999999,5.84,6.26675,0.4267500000000002,5.76,7.174,5.804,6.331,2302538486719668232,n = 10
cpu8,groth16,5,1-10,wall_ms,10,126.5068,3.326801393397435,0.02629741162844555,126.211,123.842,129.266,5.423999999999992,121.393,131.293,123.743,129.5525,14555426091941117787,n = 10
cpu8,groth16,5,1-10,stage_sum_ms,10,126.4876,3.3258601961664658,0.026293962381818185,126.1905,123.8235,129.24325,5.419749999999993,121.374,131.273,123.724,129.5335,14559822030115455815,n = 10
cpu8,groth16,5,1-5,input_ms,5,1.9454,2.5755963969535287,1.3239418098866704,0.794,0.773,0.868,0.09499999999999997,0.74,6.552,0.74,6.552,6172593051201544754,COARSE (n = 5)
cpu8,groth16,5,1-5,witness_ms,5,13.705000000000002,1.4166280386890557,0.10336578173579392,13.384,12.676,13.76,1.0839999999999996,12.617,16.088,12.617,16.088,6572533679481665856,COARSE (n = 5)
cpu8,groth16,5,1-5,prove_ms,5,104.853,3.564664289943724,0.03399677920463625,103.902,102.175,106.033,3.858000000000004,101.698,110.457,101.698,110.457,15362487294474832517,COARSE (n = 5)
cpu8,groth16,5,1-5,verify_first_ms,5,6.4106,0.1510672035883367,0.02356522066395294,6.396,6.327,6.41,0.08300000000000018,6.261,6.659,6.261,6.659,15744353155212357041,COARSE (n = 5)
cpu8,groth16,5,1-5,verify_steady_ms,5,6.0058,0.23028069827929568,0.03834305143016679,6.056,5.804,6.074,0.2699999999999996,5.764,6.331,5.764,6.331,1102672156439913387,COARSE (n = 5)
cpu8,groth16,5,1-5,wall_ms,5,126.93499999999999,4.172321655864994,0.032869749524284037,128.837,123.743,129.409,5.665999999999997,121.393,131.293,121.393,131.293,16905287817524604904,COARSE (n = 5)
cpu8,groth16,5,1-5,stage_sum_ms,5,126.9144,4.171125903158521,0.03286566302293925,128.815,123.724,129.386,5.661999999999992,121.374,131.273,121.374,131.273,9018224805758647476,COARSE (n = 5)
cpu8,groth16,6,1-10,input_ms,10,0.7787,0.08060886358762842,0.10351722561657689,0.791,0.7495,0.834,0.08449999999999991,0.643,0.89,0.7075,0.84,5764294472103497275,n = 10
cpu8,groth16,6,1-10,witness_ms,10,13.5692,0.5884198803197896,0.043364375226232175,13.401,13.221499999999999,13.756,0.5345000000000013,12.83,14.836,13.178,13.954,2747774247648452595,n = 10
cpu8,groth16,6,1-10,prove_ms,10,111.554,1.6360476086525657,0.014665969921764936,111.91900000000001,110.24875,112.38550000000001,2.1367500000000064,109.354,114.761,110.118,112.4,12957738625804768683,n = 10
cpu8,groth16,6,1-10,verify_first_ms,10,6.4213,0.2629119201895908,0.04094372170582138,6.3045,6.26975,6.56375,0.2939999999999996,6.1,6.891,6.2585,6.62,11112445654526393649,n = 10
cpu8,groth16,6,1-10,verify_steady_ms,10,5.9374,0.18158022408229868,0.030582447549819564,5.910500000000001,5.78425,6.09975,0.3155000000000001,5.709,6.213,5.771,6.151,14139944605113733533,n = 10
cpu8,groth16,6,1-10,wall_ms,10,132.33800000000002,1.4416292480693103,0.01089353963388679,132.3265,131.71949999999998,133.02225,1.3027500000000316,129.785,135.118,131.45100000000002,133.15,4021561311707059295,n = 10
cpu8,groth16,6,1-10,stage_sum_ms,10,132.323,1.4411923304449468,0.010891472612054946,132.31150000000002,131.705,133.0085,1.3034999999999854,129.771,135.101,131.4355,133.136,13486633545748998854,n = 10
cpu8,groth16,6,1-5,input_ms,5,0.8086,0.09637323279832424,0.11918529903329736,0.84,0.816,0.854,0.038000000000000034,0.643,0.89,0.643,0.89,4685756861326673633,COARSE (n = 5)
cpu8,groth16,6,1-5,witness_ms,5,13.6788,0.6827834210055194,0.04991544733496501,13.309,13.289,13.761,0.47199999999999953,13.199,14.836,13.199,14.836,2901693067473874445,COARSE (n = 5)
cpu8,groth16,6,1-5,prove_ms,5,110.28699999999999,0.9077618079650669,0.008230904893279054,110.118,109.663,110.641,0.9780000000000086,109.354,111.659,109.354,111.659,14339015121047166961,COARSE (n = 5)
cpu8,groth16,6,1-5,verify_first_ms,5,6.507599999999999,0.31671722403431096,0.048668821690686426,6.317,6.275,6.813,0.5379999999999994,6.242,6.891,6.242,6.891,7167790048659118111,COARSE (n = 5)
cpu8,groth16,6,1-5,verify_steady_ms,5,5.8844,0.15879798487386415,0.02698626620791655,5.824,5.771,5.905,0.13400000000000034,5.771,6.151,5.771,6.151,93775276295314566,COARSE (n = 5)
cpu8,groth16,6,1-5,wall_ms,5,131.296,0.9349951871533932,0.0071212770164619885,131.671,131.037,131.865,0.828000000000003,129.785,132.122,129.785,132.122,1453787491447892878,COARSE (n = 5)
cpu8,groth16,6,1-5,stage_sum_ms,5,131.28140000000002,0.9355470592118899,0.007126272718084129,131.656,131.019,131.852,0.8329999999999984,129.771,132.109,129.771,132.109,11209282466402925723,COARSE (n = 5)
cpu8,groth16,7,1-10,input_ms,10,1.5339,1.2516219210821347,0.8159736104583967,0.9285,0.81725,1.34,0.52275,0.739,3.924,0.799,2.4945,11741680955777290051,n = 10
cpu8,groth16,7,1-10,witness_ms,10,13.9227,0.9612259590982987,0.06904019759804482,14.057,13.30775,14.42175,1.113999999999999,12.294,15.75,13.239,14.442,11705538668701023470,n = 10
cpu8,groth16,7,1-10,prove_ms,10,121.80789999999999,4.578244871126928,0.03758577950302836,121.194,119.67125,122.47825,2.807000000000002,116.686,133.431,119.155,122.63749999999999,4544461585313074018,n = 10
cpu8,groth16,7,1-10,verify_first_ms,10,6.6837,0.8418339833693786,0.1259532868574859,6.34,6.2275,6.635,0.40749999999999975,6.063,8.828,6.22,6.95,15136001450985965215,n = 10
cpu8,groth16,7,1-10,verify_steady_ms,10,6.1454,0.5834548825744797,0.09494172593720177,6.024,5.873,6.03875,0.16575000000000006,5.697,7.737,5.832,6.162,16880447913279455199,n = 10
cpu8,groth16,7,1-10,wall_ms,10,143.965,5.614684952079778,0.03900034697377681,141.7985,140.2265,145.44150000000002,5.215000000000032,139.356,157.375,139.958,146.307,2178115963087683234,n = 10
cpu8,groth16,7,1-10,stage_sum_ms,10,143.9478,5.614207172680557,0.03900168792215343,141.78250000000003,140.20299999999997,145.42425,5.221250000000026,139.343,157.358,139.932,146.289,14799921288039639078,n = 10
cpu8,groth16,7,1-5,input_ms,5,1.5695999999999999,1.2872409642331928,0.8201076479569271,0.942,0.915,1.401,0.486,0.758,3.832,0.758,3.832,3636672954041268045,COARSE (n = 5)
cpu8,groth16,7,1-5,witness_ms,5,13.584200000000001,0.9093130374079103,0.06693902014162853,13.96,13.009,14.154,1.1449999999999996,12.294,14.504,12.294,14.504,2723553817431189221,COARSE (n = 5)
cpu8,groth16,7,1-5,prove_ms,5,119.513,2.5319519150252394,0.021185577426934638,119.38,117.765,120.545,2.780000000000001,116.686,123.189,116.686,123.189,10071371496889804002,COARSE (n = 5)
cpu8,groth16,7,1-5,verify_first_ms,5,6.5286,0.5100865612815143,0.07813107883489788,6.406,6.274,6.509,0.23500000000000032,6.063,7.391,6.063,7.391,1576289259378126219,COARSE (n = 5)
cpu8,groth16,7,1-5,verify_steady_ms,5,6.3002,0.8355385688285132,0.13262095946613014,5.996,5.779,6.292,0.5129999999999999,5.697,7.737,5.697,7.737,17065594613716822233,COARSE (n = 5)
cpu8,groth16,7,1-5,wall_ms,5,141.21280000000002,2.773234429326166,0.019638690184786124,139.958,139.674,141.032,1.358000000000004,139.356,146.044,139.356,146.044,7809366527220200997,COARSE (n = 5)
cpu8,groth16,7,1-5,stage_sum_ms,5,141.1954,2.7727197478288437,0.019637465157001172,139.932,139.66,141.016,1.3559999999999945,139.343,146.026,139.343,146.026,8215588239944888370,COARSE (n = 5)
cpu8,groth16,8,1-10,input_ms,10,1.6644999999999999,1.294750362038953,0.777861437091591,1.1945000000000001,1.12775,1.42575,0.29800000000000004,1.015,5.291,1.104,1.596,9306873131743209224,n = 10
cpu8,groth16,8,1-10,witness_ms,10,13.6407,0.5609628726078442,0.0411241998290296,13.751999999999999,13.48475,14.00475,0.5199999999999996,12.65,14.423,13.187999999999999,14.016,14353337206251515444,n = 10
cpu8,groth16,8,1-10,prove_ms,10,142.2049,2.340577110695379,0.01645918748717786,142.1515,141.42375,144.215,2.791249999999991,138.392,145.044,140.1445,144.33,7848420195687318190,n = 10
cpu8,groth16,8,1-10,verify_first_ms,10,6.854299999999999,1.965444481818581,0.28674620046081745,6.092499999999999,6.04175,6.61525,0.5734999999999992,5.856,12.309,5.9925,6.774,6821601354868728601,n = 10
cpu8,groth16,8,1-10,verify_steady_ms,10,6.1793,0.21737221022425515,0.03517748130439616,6.1545000000000005,6.0329999999999995,6.23675,0.20375000000000032,5.905,6.583,6.015000000000001,6.3375,3314725253661159546,n = 10
cpu8,groth16,8,1-10,wall_ms,10,164.381,3.4661158216206327,0.021085866502945187,165.78750000000002,161.76975,166.37125,4.601500000000016,159.28,169.963,160.99,166.471,6676813924041063924,n = 10
cpu8,groth16,8,1-10,stage_sum_ms,10,164.36430000000001,3.465614521424896,0.021084958968735277,165.76999999999998,161.75375,166.3545,4.600750000000005,159.264,169.946,160.974,166.45350000000002,707580241385150403,n = 10
cpu8,groth16,8,1-5,input_ms,5,2.0158,1.8357970203701717,0.9107039489880799,1.219,1.117,1.404,0.2869999999999999,1.048,5.291,1.048,5.291,7004542147051115800,COARSE (n = 5)
cpu8,groth16,8,1-5,witness_ms,5,13.3392,0.5938427401257002,0.04451861731780768,13.613,12.763,13.699,0.9359999999999999,12.65,13.971,12.65,13.971,8559476733157900841,COARSE (n = 5)
cpu8,groth16,8,1-5,prove_ms,5,140.77960000000002,2.287850148064777,0.016251290301043452,141.347,138.635,141.654,3.0190000000000055,138.392,143.87,138.392,143.87,5611994341258256630,COARSE (n = 5)
cpu8,groth16,8,1-5,verify_first_ms,5,7.263800000000001,2.822856655942699,0.3886198210224261,6.098,5.917,6.139,0.22200000000000042,5.856,12.309,5.856,12.309,18138672602939102292,COARSE (n = 5)
cpu8,groth16,8,1-5,verify_steady_ms,5,6.1654,0.2490417635658727,0.04039344788105763,6.072,6.02,6.194,0.17400000000000038,5.958,6.583,5.958,6.583,17730680213979013023,COARSE (n = 5)
cpu8,groth16,8,1-5,wall_ms,5,163.4142,4.631173900859257,0.02834009468491268,161.619,159.758,166.451,6.692999999999984,159.28,169.963,159.28,169.963,8250309400375196311,COARSE (n = 5)
cpu8,groth16,8,1-5,stage_sum_ms,5,163.398,4.630820391680073,0.028340740961823728,161.603,159.742,166.435,6.693000000000012,159.264,169.946,159.264,169.946,2385996262976231774,COARSE (n = 5)
cpu8,groth16,9,1-10,input_ms,10,2.0286999999999997,0.2731833124885599,0.1346592953559225,1.9705,1.87025,2.19425,0.32399999999999984,1.685,2.459,1.7930000000000001,2.2625,7380224032010060257,n = 10
cpu8,groth16,9,1-10,witness_ms,10,13.918899999999999,0.6568854880756951,0.047193778824166796,14.056000000000001,13.971,14.2915,0.3204999999999991,12.476,14.678,13.549,14.321,533888379524869028,n = 10
cpu8,groth16,9,1-10,prove_ms,10,149.17739999999998,2.4941609232587885,0.016719428836129258,148.50799999999998,147.074,151.3965,4.322499999999991,146.274,152.804,146.798,151.815,5885581767319891502,n = 10
cpu8,groth16,9,1-10,verify_first_ms,10,5.9860999999999995,0.16444617491582006,0.027471337751761592,5.971500000000001,5.859,6.0615000000000006,0.20250000000000057,5.827,6.36,5.848,6.07,5600470951581355232,n = 10
cpu8,groth16,9,1-10,verify_steady_ms,10,6.0332,0.26490954431025443,0.04390862963439873,6.0235,5.8805,6.1565,0.2760000000000007,5.687,6.53,5.7935,6.2245,12370324522755035162,n = 10
cpu8,groth16,9,1-10,wall_ms,10,171.12910000000002,2.6447172270606014,0.015454514907520703,170.7115,168.9105,173.27375,4.363249999999994,167.83,174.919,168.41,174.011,5078826767810416528,n = 10
cpu8,groth16,9,1-10,stage_sum_ms,10,171.1114,2.6434048414035214,0.015448443770570058,170.6945,168.89249999999998,173.2575,4.365000000000009,167.815,174.894,168.391,173.995,75607477499161409,n = 10
cpu8,groth16,9,1-5,input_ms,5,2.1274,0.22850010940916415,0.10740815521724364,2.096,1.991,2.227,0.23599999999999977,1.864,2.459,1.864,2.459,15209841683653966971,COARSE (n = 5)
cpu8,groth16,9,1-5,witness_ms,5,13.5136,0.7129928470889447,0.05276113301333062,13.948,13.058,14.04,0.9819999999999993,12.476,14.046,12.476,14.046,8918523945284979272,COARSE (n = 5)
cpu8,groth16,9,1-5,prove_ms,5,147.5656,1.5986757957759892,0.01083366174620636,146.798,146.533,148.082,1.5490000000000066,146.274,150.141,146.274,150.141,16334420796737728057,COARSE (n = 5)
cpu8,groth16,9,1-5,verify_first_ms,5,5.901999999999999,0.100754652498036,0.017071272873269403,5.862,5.834,5.916,0.08200000000000074,5.827,6.071,5.827,6.071,7282410686141327780,COARSE (n = 5)
cpu8,groth16,9,1-5,verify_steady_ms,5,5.952,0.17962043313609954,0.030178164169371562,5.988,5.874,6.059,0.1850000000000005,5.687,6.152,5.687,6.152,13255721128806825403,COARSE (n = 5)
cpu8,groth16,9,1-5,wall_ms,5,169.12560000000002,1.2723642560210462,0.007523191379785473,168.41,168.4,170.412,2.0120000000000005,167.83,170.576,167.83,170.576,9557447433328407535,COARSE (n = 5)
cpu8,groth16,9,1-5,stage_sum_ms,5,169.10899999999998,1.2730705007971863,0.0075281061374449995,168.391,168.382,170.397,2.0149999999999864,167.815,170.56,167.815,170.56,13362952850533453,COARSE (n = 5)
cpu8,groth16,10,1-10,input_ms,10,3.0793,0.6357927772124777,0.20647315208407033,2.8899999999999997,2.7215000000000003,3.0774999999999997,0.35599999999999943,2.633,4.762,2.707,3.1710000000000003,15337635122231478144,n = 10
cpu8,groth16,10,1-10,witness_ms,10,14.778199999999998,1.0291182633691813,0.06963759208626094,14.8055,13.8065,15.38875,1.5822500000000002,13.639,16.772,13.718,15.455,17213671423419962722,n = 10
cpu8,groth16,10,1-10,prove_ms,10,156.89780000000002,1.8199871061814383,0.011599825530896151,156.8845,155.81975,157.7735,1.9537500000000136,154.238,160.616,155.51,157.907,13148851238880275112,n = 10
cpu8,groth16,10,1-10,verify_first_ms,10,5.9670000000000005,0.19350796710557758,0.032429691152267064,5.9435,5.80125,6.06825,0.26700000000000035,5.748,6.359,5.771,6.082,9327871596077405616,n = 10
cpu8,groth16,10,1-10,verify_steady_ms,10,5.9687,0.23638295200796536,0.03960375827365513,5.9205000000000005,5.8175,6.00725,0.18975000000000009,5.726,6.562,5.797,6.041,1985056630866522144,n = 10
cpu8,groth16,10,1-10,wall_ms,10,180.74,2.756834900146666,0.015253042492788901,180.803,178.5215,182.20325000000003,3.6817500000000223,177.228,186.145,177.914,182.586,9322590108889431349,n = 10
cpu8,groth16,10,1-10,stage_sum_ms,10,180.7225,2.7567480137130933,0.015254038726296357,180.786,178.50375,182.182,3.6782499999999914,177.211,186.129,177.896,182.563,11909715690885420288,n = 10
cpu8,groth16,10,1-5,input_ms,5,2.8272,0.1379681122578691,0.048800266078759584,2.84,2.712,2.94,0.22799999999999976,2.664,2.98,2.664,2.98,18048473775594269605,COARSE (n = 5)
cpu8,groth16,10,1-5,witness_ms,5,14.165000000000001,0.6942766019390254,0.04901352643409992,13.718,13.692,14.586,0.8940000000000001,13.639,15.19,13.639,15.19,5909515372666231964,COARSE (n = 5)
cpu8,groth16,10,1-5,prove_ms,5,155.88,1.5232522772016521,0.00977195456249456,155.51,154.791,156.954,2.163000000000011,154.238,157.907,154.238,157.907,10760751685915697110,COARSE (n = 5)
cpu8,groth16,10,1-5,verify_first_ms,5,5.9696,0.2551672000865313,0.04274443850283626,5.892,5.767,6.082,0.3149999999999995,5.748,6.359,5.748,6.359,7412739311914529376,COARSE (n = 5)
cpu8,groth16,10,1-5,verify_steady_ms,5,5.8662,0.14525735781708288,0.024761746585026573,5.797,5.788,5.931,0.1429999999999998,5.726,6.089,5.726,6.089,4822115507838821031,COARSE (n = 5)
cpu8,groth16,10,1-5,wall_ms,5,178.85920000000002,1.7920426055203018,0.010019292300984806,177.914,177.548,180.715,3.1670000000000016,177.228,180.891,177.228,180.891,13139919277273363207,COARSE (n = 5)
cpu8,groth16,10,1-5,stage_sum_ms,5,178.842,1.792224176826101,0.010021271160164283,177.896,177.531,180.696,3.164999999999992,177.211,180.876,177.211,180.876,10084462292160442290,COARSE (n = 5)
cpu8,groth16,11,1-10,input_ms,10,6.581799999999999,0.7002032720733474,0.1063847689193454,6.809,5.90325,7.093249999999999,1.1899999999999995,5.627,7.457,5.83,7.1835,944124064392222782,n = 10
cpu8,groth16,11,1-10,witness_ms,10,14.6861,1.2720583014242008,0.08661648098706946,14.09,13.92475,15.55875,1.6340000000000003,13.416,17.321,13.8635,15.942,12545302311508663540,n = 10
cpu8,groth16,11,1-10,prove_ms,10,164.4392,2.50108944262295,0.015209812761330328,164.539,162.76,166.46825,3.708250000000021,160.566,168.123,162.4455,166.619,15339259304794214607,n = 10
cpu8,groth16,11,1-10,verify_first_ms,10,6.3864,1.04838353880841,0.16415876531510865,6.03,5.80675,6.111,0.3042499999999997,5.724,9.034,5.767,6.7425,7097652139837020693,n = 10
cpu8,groth16,11,1-10,verify_steady_ms,10,6.2001,0.5149810028858669,0.08306011239913338,6.042999999999999,5.994,6.165,0.17100000000000026,5.851,7.635,5.984,6.199,5059432000851044445,n = 10
cpu8,groth16,11,1-10,wall_ms,10,192.1145,3.536154950413423,0.018406496908944525,191.7355,190.23775,194.41125,4.17349999999999,186.414,198.363,189.67000000000002,194.885,12768560352105503111,n = 10
cpu8,groth16,11,1-10,stage_sum_ms,10,192.09359999999998,3.535737050303494,0.018406324054021032,191.7135,190.2175,194.38925,4.171750000000003,186.395,198.343,189.6485,194.863,1899662238668613193,n = 10
cpu8,groth16,11,1-5,input_ms,5,6.886,0.50595948454397,0.07347654437176444,7.055,6.689,7.106,0.4169999999999998,6.123,7.457,6.123,7.457,1542639843600188281,COARSE (n = 5)
cpu8,groth16,11,1-5,witness_ms,5,14.2018,1.0100548004935177,0.07112160433843018,13.901,13.731,13.996,0.26500000000000057,13.416,15.965,13.416,15.965,2188989701762665060,COARSE (n = 5)
cpu8,groth16,11,1-5,prove_ms,5,162.359,1.4530438740795129,0.008949573932332132,162.463,161.24,163.651,2.4110000000000014,160.566,163.875,160.566,163.875,7980828916522412881,COARSE (n = 5)
cpu8,groth16,11,1-5,verify_first_ms,5,5.856199999999999,0.166017167786949,0.02834895799100936,5.767,5.747,5.926,0.17900000000000027,5.724,6.117,5.724,6.117,8217128237037752783,COARSE (n = 5)
cpu8,groth16,11,1-5,verify_steady_ms,5,6.010800000000001,0.13097595199119574,0.02179010314620279,5.984,5.956,6.06,0.1039999999999992,5.851,6.203,5.851,6.203,2782407248866789255,COARSE (n = 5)
cpu8,groth16,11,1-5,wall_ms,5,189.3236,1.844309437160704,0.009741571770031333,190.078,188.623,190.717,2.0940000000000225,186.414,190.786,186.414,190.786,17498011836411452965,COARSE (n = 5)
cpu8,groth16,11,1-5,stage_sum_ms,5,189.3032,1.8429693974670274,0.009735542756102524,190.059,188.604,190.693,2.0889999999999986,186.395,190.765,186.395,190.765,4059466942769840083,COARSE (n = 5)
cpu8,groth16,12,1-10,input_ms,10,13.7708,3.4871462002936187,0.25322756849955114,15.0395,10.3885,15.862,5.4735,8.804,17.718,8.948,16.302,3896441263305453851,n = 10
cpu8,groth16,12,1-10,witness_ms,10,17.0078,2.34035945957026,0.1376050670615988,16.7885,14.885250000000001,19.1055,4.220249999999998,14.179,20.291,14.765,19.234,8035394256162536339,n = 10
cpu8,groth16,12,1-10,prove_ms,10,172.7842,2.2487260492208625,0.013014650930009008,172.32150000000001,171.1435,173.71675,2.5732500000000016,170.462,178.151,170.982,173.918,12968889691780362119,n = 10
cpu8,groth16,12,1-10,verify_first_ms,10,6.0121,0.17107467505286808,0.028455061468183843,5.984,5.91175,6.0705,0.1587500000000004,5.732,6.334,5.902,6.136,12029436543752015385,n = 10
cpu8,groth16,12,1-10,verify_steady_ms,10,5.9997,0.12371656675194674,0.02062045881493187,6.04,5.8835,6.066,0.1825000000000001,5.828,6.174,5.877,6.103012499999999,10897612014378527918,n = 10
cpu8,groth16,12,1-10,wall_ms,10,209.6005,7.350360403106471,0.03506842971799433,211.45499999999998,202.4365,213.79525,11.358750000000015,199.859,220.767,200.689,214.868,296739928167045368,n = 10
cpu8,groth16,12,1-10,stage_sum_ms,10,209.57469999999998,7.349077478764859,0.03506662530718097,211.43099999999998,202.4095,213.767,11.357499999999987,199.837,220.744,200.663,214.839,1213452511447877272,n = 10
cpu8,groth16,12,1-5,input_ms,5,11.560599999999999,3.665181414336813,0.31704076037029333,8.948,8.92,15.206,6.286,8.804,15.925,8.804,15.925,17821466738896465582,COARSE (n = 5)
cpu8,groth16,12,1-5,witness_ms,5,15.034600000000001,0.9810969880699868,0.06525594216473912,14.765,14.355,15.246,0.891,14.179,16.628,14.179,16.628,7942675501645824076,COARSE (n = 5)
cpu8,groth16,12,1-5,prove_ms,5,171.2198,0.6299041196880654,0.003678921010818056,170.982,170.958,171.628,0.6699999999999875,170.462,172.069,170.462,172.069,1518474316993937206,COARSE (n = 5)
cpu8,groth16,12,1-5,verify_first_ms,5,5.9526,0.1784076792069219,0.029971387159715403,5.902,5.897,6.017,0.1200000000000001,5.732,6.215,5.732,6.215,4431507966046442047,COARSE (n = 5)
cpu8,groth16,12,1-5,verify_steady_ms,5,5.9706,0.11060876999587319,0.01852557029375158,6.021,5.877,6.059,0.18200000000000038,5.828,6.068,5.828,6.068,8125229550379934478,COARSE (n = 5)
cpu8,groth16,12,1-5,wall_ms,5,203.7922,4.971754338259284,0.024396195429752878,200.689,200.185,207.679,7.494,199.859,210.549,199.859,210.549,3236120118097580795,COARSE (n = 5)
cpu8,groth16,12,1-5,stage_sum_ms,5,203.7672,4.969796394219786,0.02438957984513595,200.663,200.163,207.649,7.48599999999999,199.837,210.524,199.837,210.524,5151999446660559670,COARSE (n = 5)
cpu8,groth16,13,1-10,input_ms,10,29.1573,3.580575157087973,0.12280201380402071,30.864,26.6355,31.666,5.0305,22.255,32.273,25.546,31.786,9956774708132395040,n = 10
cpu8,groth16,13,1-10,witness_ms,10,18.6755,1.181880634130763,0.06328508656425601,18.988,18.206500000000002,19.497500000000002,1.2910000000000004,16.365,20.062,17.942,19.573,4168025927014548059,n = 10
cpu8,groth16,13,1-10,prove_ms,10,184.0781,14.283360929183765,0.07759402628114787,179.058,178.476,180.96925,2.493249999999989,177.44,224.393,178.36450000000002,182.3275,14701130428613052685,n = 10
cpu8,groth16,13,1-10,verify_first_ms,10,6.1721,0.6155497001325996,0.0997309991951847,5.9239999999999995,5.88225,6.1925,0.3102499999999999,5.783,7.854,5.8705,6.215,16587069606327951394,n = 10
cpu8,groth16,13,1-10,verify_steady_ms,10,5.9143,0.1846540609415948,0.03122162571083557,5.8629999999999995,5.777,6.0055,0.22849999999999948,5.717,6.303,5.769,6.012,12270331294046282691,n = 10
cpu8,groth16,13,1-10,wall_ms,10,238.1096,15.384238956369165,0.06460990634719962,234.23000000000002,230.07175,237.6665,7.594750000000005,226.195,279.832,228.99,239.094,17460535022102161042,n = 10
cpu8,groth16,13,1-10,stage_sum_ms,10,238.08289999999997,15.383329811845021,0.06461333347268965,234.201,230.04625,237.63975,7.593500000000006,226.171,279.804,228.964,239.066,13787548835067434850,n = 10
cpu8,groth16,13,1-5,input_ms,5,28.4322,4.601533733441493,0.16184233838540432,30.858,24.789,31.986,7.196999999999999,22.255,32.273,22.255,32.273,1590150763873690360,COARSE (n = 5)
cpu8,groth16,13,1-5,witness_ms,5,18.226,1.5915925986256667,0.08732539222131389,18.007,17.079,19.617,2.5380000000000003,16.365,20.062,16.365,20.062,1850646839011454053,COARSE (n = 5)
cpu8,groth16,13,1-5,prove_ms,5,179.0008,1.2935297445362428,0.0072263908571148444,178.872,178.472,179.244,0.7719999999999914,177.44,180.976,177.44,180.976,16816961999076705772,COARSE (n = 5)
cpu8,groth16,13,1-5,verify_first_ms,5,5.924,0.17023513150933314,0.028736517810488374,5.881,5.827,5.914,0.08699999999999974,5.783,6.215,5.783,6.215,6508181140865976324,COARSE (n = 5)
cpu8,groth16,13,1-5,verify_steady_ms,5,5.808400000000001,0.11663961591157597,0.02008119549472763,5.775,5.755,5.783,0.02800000000000047,5.717,6.012,5.717,6.012,7545652234503601697,COARSE (n = 5)
cpu8,groth16,13,1-5,wall_ms,5,231.60819999999998,4.3379692483926195,0.018729774025240124,233.317,228.195,233.425,5.230000000000018,226.195,236.909,226.195,236.909,17610894243105217391,COARSE (n = 5)
cpu8,groth16,13,1-5,stage_sum_ms,5,231.5828,4.336835159422139,0.018726931185831328,233.293,228.171,233.396,5.224999999999994,226.171,236.883,226.171,236.883,16018225382130502649,COARSE (n = 5)
cpu8,groth16,14,1-10,input_ms,10,50.4832,4.437723635679296,0.08790495918799315,52.604,47.16075,53.419,6.258249999999997,42.085,55.313,46.719,53.887,3299288829944292059,n = 10
cpu8,groth16,14,1-10,witness_ms,10,18.0277,1.2463893675555626,0.06913745888580144,17.8935,17.1505,18.059749999999998,0.9092499999999966,16.742,20.933,16.973,18.5875,15232364751016530046,n = 10
cpu8,groth16,14,1-10,prove_ms,10,187.4503,1.631290290264464,0.008702521629810483,187.90249999999997,186.27325,188.69975,2.4265000000000043,184.804,189.366,185.944,188.82,14326220459900393953,n = 10
cpu8,groth16,14,1-10,verify_first_ms,10,6.0588999999999995,0.3813564823975943,0.06294153763844829,5.955,5.830500000000001,6.115,0.28449999999999953,5.762,7.071,5.823,6.128,6292917094478514312,n = 10
cpu8,groth16,14,1-10,verify_steady_ms,10,5.9426000000000005,0.12934725011035642,0.02176610408076539,5.8945,5.85325,6.0355,0.1822499999999998,5.799,6.158,5.849,6.0555,7310119099668845295,n = 10
cpu8,groth16,14,1-10,wall_ms,10,262.0475,5.934359672468647,0.022646122067444437,264.8685,258.43,265.96799999999996,7.537999999999954,249.579,268.781,257.8775,266.125,15119484366705159036,n = 10
cpu8,groth16,14,1-10,stage_sum_ms,10,262.0204,5.933583687602101,0.022645502745595767,264.8425,258.40275,265.94325000000003,7.540500000000009,249.553,268.756,257.8515,266.092,12276397777604401501,n = 10
cpu8,groth16,14,1-5,input_ms,5,48.4608,5.273738446301636,0.10882483257192693,46.719,45.726,53.113,7.3870000000000005,42.085,54.661,42.085,54.661,6270232350675732479,COARSE (n = 5)
cpu8,groth16,14,1-5,witness_ms,5,17.8464,1.7628178578628024,0.09877722441852713,16.973,16.901,17.683,0.782,16.742,20.933,16.742,20.933,132656151116666720,COARSE (n = 5)
cpu8,groth16,14,1-5,prove_ms,5,187.11399999999998,1.710824801082797,0.00914322178502302,187.64,185.944,188.165,2.2210000000000036,184.804,189.017,184.804,189.017,1927731724639682145,COARSE (n = 5)
cpu8,groth16,14,1-5,verify_first_ms,5,6.1598,0.530263802272039,0.08608458103705298,6.017,5.821,6.128,0.3070000000000004,5.762,7.071,5.762,7.071,17057418627668498451,COARSE (n = 5)
cpu8,groth16,14,1-5,verify_steady_ms,5,5.9534,0.1467985013547482,0.024657926790531158,5.894,5.866,6.05,0.18400000000000016,5.799,6.158,5.799,6.158,9830451974754673722,COARSE (n = 5)
cpu8,groth16,14,1-5,wall_ms,5,259.60659999999996,7.337940262771286,0.02826561521460274,258.327,257.016,264.33,7.3139999999999645,249.579,268.781,249.579,268.781,404536837653673496,COARSE (n = 5)
cpu8,groth16,14,1-5,stage_sum_ms,5,259.58119999999997,7.33828090904129,0.028269693294588713,258.3,256.992,264.305,7.312999999999988,249.553,268.756,249.553,268.756,4955476944920152904,COARSE (n = 5)
cpu8,groth16,15,1-10,input_ms,10,113.09670000000001,8.32378661227369,0.0735988460518626,117.31700000000001,105.58949999999999,119.015,13.425500000000014,100.476,120.565,102.71,119.255,13383269160852857414,n = 10
cpu8,groth16,15,1-10,witness_ms,10,22.2833,2.2368780352188273,0.10038360724034713,21.421,20.99025,23.6615,2.6712500000000006,19.76,26.923,20.986,24.334,2443584725300894455,n = 10
cpu8,groth16,15,1-10,prove_ms,10,195.0719,3.7859041324365297,0.019407737005875933,195.33249999999998,192.9895,197.47899999999998,4.4894999999999925,188.058,200.492,192.5895,198.09199999999998,11666045112494510115,n = 10
cpu8,groth16,15,1-10,verify_first_ms,10,6.9138,1.5873564887013318,0.22959248006904043,6.131,5.964,6.898999999999999,0.9349999999999987,5.791,9.92,5.9245,7.964,4004639521288900449,n = 10
cpu8,groth16,15,1-10,verify_steady_ms,10,6.0055,0.2327355437687449,0.038753733039504606,5.994999999999999,5.80575,6.156000000000001,0.35025000000000084,5.717,6.463,5.781,6.163,3804830320883071091,n = 10
cpu8,groth16,15,1-10,wall_ms,10,337.3935,9.863865359651529,0.02923549315458516,341.3945,329.4735,343.8935,14.420000000000016,320.494,349.014,327.005,344.379,16323095387098813209,n = 10
cpu8,groth16,15,1-10,stage_sum_ms,10,337.3655,9.865160191862634,0.029241757654124782,341.36400000000003,329.4475,343.86625,14.418749999999989,320.469,348.988,326.979,344.351,18023976908424021627,n = 10
cpu8,groth16,15,1-5,input_ms,5,108.57159999999999,9.981165227567372,0.09193163983553132,102.71,100.812,118.295,17.483000000000004,100.476,120.565,100.476,120.565,14773913670344687716,COARSE (n = 5)
cpu8,groth16,15,1-5,witness_ms,5,23.3232,2.90172443557275,0.124413649738147,24.334,21.003,24.596,3.593,19.76,26.923,19.76,26.923,9972975931817632628,COARSE (n = 5)
cpu8,groth16,15,1-5,prove_ms,5,192.6974,3.50349408448195,0.018181325147521195,192.641,191.144,194.144,3.0,188.058,197.5,188.058,197.5,3690040854338982805,COARSE (n = 5)
cpu8,groth16,15,1-5,verify_first_ms,5,6.995400000000001,1.6955656283376352,0.2423829414097314,6.158,6.104,7.004,0.8999999999999995,5.791,9.92,5.791,9.92,5101942993138409671,COARSE (n = 5)
cpu8,groth16,15,1-5,verify_steady_ms,5,5.961,0.2998041027070844,0.05029426316173199,5.88,5.759,5.986,0.22699999999999942,5.717,6.463,5.717,6.463,9032973843287317349,COARSE (n = 5)
cpu8,groth16,15,1-5,wall_ms,5,331.6156,11.4386917652326,0.03449382889475827,327.005,324.686,336.879,12.19300000000004,320.494,349.014,320.494,349.014,17564405293354637468,COARSE (n = 5)
cpu8,groth16,15,1-5,stage_sum_ms,5,331.5872,11.440418969600726,0.034501992144451675,326.979,324.647,336.853,12.206000000000017,320.469,348.988,320.469,348.988,11503868382021344572,COARSE (n = 5)
cpu8,plonk,5,1-5,input_ms,5,0.7524,0.10748162633678372,0.1428517096448481,0.772,0.663,0.78,0.11699999999999999,0.639,0.908,0.639,0.908,3951623936823828070,COARSE (n = 5)
cpu8,plonk,5,1-5,witness_ms,5,12.282,0.5883298394608246,0.047901794452110784,12.352,11.752,12.432,0.6799999999999997,11.72,13.154,11.72,13.154,15547226299900085618,COARSE (n = 5)
cpu8,plonk,5,1-5,prove_ms,5,9567.333,128.85778692613,0.013468516976061143,9537.429,9473.726,9593.857,120.1309999999994,9455.586,9776.067,9455.586,9776.067,9056533580692619376,COARSE (n = 5)
cpu8,plonk,5,1-5,verify_first_ms,5,8.3664,1.1781892038208464,0.14082391516313425,7.823,7.804,7.947,0.1429999999999998,7.787,10.471,7.787,10.471,4132986255745862559,COARSE (n = 5)
cpu8,plonk,5,1-5,verify_steady_ms,5,7.2787999999999995,0.05951218362654817,0.008176098206647824,7.297,7.283,7.316,0.032999999999999474,7.176,7.322,7.176,7.322,15754853020794868220,COARSE (n = 5)
cpu8,plonk,5,1-5,wall_ms,5,9588.753200000001,128.75481345254659,0.013427690833939345,9560.451,9495.631,9614.885,119.25400000000081,9475.752,9797.047,9475.752,9797.047,5411960476148753279,COARSE (n = 5)
cpu8,plonk,5,1-5,stage_sum_ms,5,9588.7338,128.75615263046666,0.013427857662548382,9560.432,9495.61,9614.865,119.2549999999992,9475.732,9797.03,9475.732,9797.03,17273161481392872223,COARSE (n = 5)
cpu8,plonk,6,1-5,input_ms,5,0.8573999999999999,0.046677617762692254,0.054440888456603984,0.837,0.821,0.883,0.062000000000000055,0.819,0.927,0.819,0.927,320854900960475262,COARSE (n = 5)
cpu8,plonk,6,1-5,witness_ms,5,13.0762,0.3772640984774457,0.028851202832431876,12.952,12.906,13.232,0.32599999999999874,12.65,13.641,12.65,13.641,14590877205385332241,COARSE (n = 5)
cpu8,plonk,6,1-5,prove_ms,5,9608.179,138.0590019737939,0.014368904032053723,9602.147,9510.247,9741.263,231.01600000000144,9437.929,9749.309,9437.929,9749.309,12040192148726793744,COARSE (n = 5)
cpu8,plonk,6,1-5,verify_first_ms,5,7.708,0.10383881740466795,0.013471564271492988,7.67,7.668,7.711,0.04300000000000015,7.609,7.882,7.609,7.882,10864980624296030405,COARSE (n = 5)
cpu8,plonk,6,1-5,verify_steady_ms,5,7.3414,0.09973615192095575,0.013585440368452304,7.317,7.261,7.432,0.17100000000000026,7.238,7.459,7.238,7.459,18328439519477714911,COARSE (n = 5)
cpu8,plonk,6,1-5,wall_ms,5,9629.8362,138.2296913427069,0.014354313871165005,9623.559,9532.259,9762.76,230.5010000000002,9459.132,9771.471,9459.132,9771.471,4965253963633235959,COARSE (n = 5)
cpu8,plonk,6,1-5,stage_sum_ms,5,9629.8208,138.23029305727428,0.014354399311072776,9623.544,9532.244,9762.746,230.5019999999986,9459.115,9771.455,9459.115,9771.455,14116184056738419322,COARSE (n = 5)
cpu8,plonk,7,1-5,input_ms,5,0.9102,0.06092372280154917,0.06693443507091756,0.928,0.857,0.933,0.07600000000000007,0.842,0.991,0.842,0.991,5508703571516755158,COARSE (n = 5)
cpu8,plonk,7,1-5,witness_ms,5,13.2112,0.4036832917027904,0.030556141130464332,13.085,12.927,13.239,0.31200000000000117,12.912,13.893,12.912,13.893,12446292684011538126,COARSE (n = 5)
cpu8,plonk,7,1-5,prove_ms,5,9599.9874,113.17795872562817,0.011789386174155621,9621.122,9519.283,9650.937,131.65400000000045,9459.999,9748.596,9459.999,9748.596,16122782667182104898,COARSE (n = 5)
cpu8,plonk,7,1-5,verify_first_ms,5,7.7002,0.10011343566175337,0.013001407192248692,7.684,7.651,7.707,0.05600000000000005,7.596,7.863,7.596,7.863,1223409413298211231,COARSE (n = 5)
cpu8,plonk,7,1-5,verify_steady_ms,5,7.2538,0.054586628399269824,0.007525245857243076,7.256,7.219,7.278,0.058999999999999275,7.187,7.329,7.187,7.329,12771940418785972245,COARSE (n = 5)
cpu8,plonk,7,1-5,wall_ms,5,9621.824400000001,113.08108412241167,0.011752561616320045,9642.593,9541.682,9672.738,131.05599999999868,9481.716,9770.393,9481.716,9770.393,6285866771347653787,COARSE (n = 5)
cpu8,plonk,7,1-5,stage_sum_ms,5,9621.8092,113.07975388503488,0.011752441930051458,9642.578,9541.669,9672.72,131.05099999999948,9481.702,9770.377,9481.702,9770.377,16297562423079611778,COARSE (n = 5)
cpu8,plonk,8,1-5,input_ms,5,1.4405999999999999,0.713498983881547,0.4952790392069603,1.17,1.15,1.242,0.09200000000000008,0.94,2.701,0.94,2.701,9258826085417952963,COARSE (n = 5)
cpu8,plonk,8,1-5,witness_ms,5,13.402600000000001,0.6371521011501101,0.0475394401944481,13.571,13.011,13.861,0.8500000000000014,12.509,14.061,12.509,14.061,17625780035756229763,COARSE (n = 5)
cpu8,plonk,8,1-5,prove_ms,5,9564.2648,104.75218576573965,0.010952455620607622,9569.4,9470.952,9624.805,153.85300000000097,9453.361,9702.806,9453.361,9702.806,17247871293146319110,COARSE (n = 5)
cpu8,plonk,8,1-5,verify_first_ms,5,7.745400000000001,0.15196973382881246,0.01962064371482589,7.713,7.671,7.727,0.05600000000000005,7.611,8.005,7.611,8.005,6356073265942569290,COARSE (n = 5)
cpu8,plonk,8,1-5,verify_steady_ms,5,7.2696,0.05441782796106446,0.007485670182824978,7.287,7.224,7.312,0.08800000000000008,7.201,7.324,7.201,7.324,14815439431869669871,COARSE (n = 5)
cpu8,plonk,8,1-5,wall_ms,5,9586.8708,104.83072073204535,0.010934821478145439,9590.536,9493.8,9649.59,155.79000000000087,9475.73,9724.698,9475.73,9724.698,13841352666586476314,COARSE (n = 5)
cpu8,plonk,8,1-5,stage_sum_ms,5,9586.8534,104.83019937880526,0.010934786942585902,9590.519,9493.782,9649.572,155.79000000000087,9475.714,9724.68,9475.714,9724.68,5006294752763267449,COARSE (n = 5)
cpu8,plonk,9,1-5,input_ms,5,1.8039999999999998,0.17694631954352702,0.09808554298421676,1.755,1.711,1.889,0.17799999999999994,1.603,2.062,1.603,2.062,6164083478731529534,COARSE (n = 5)
cpu8,plonk,9,1-5,witness_ms,5,14.0886,0.5965293789915131,0.04234128153198424,13.852,13.718,14.299,0.5809999999999995,13.543,15.031,13.543,15.031,13895437394500902534,COARSE (n = 5)
cpu8,plonk,9,1-5,prove_ms,5,9643.7096,98.87987586612326,0.010253302926720569,9618.068,9590.379,9686.901,96.52199999999903,9532.95,9790.25,9532.95,9790.25,1599606377905710369,COARSE (n = 5)
cpu8,plonk,9,1-5,verify_first_ms,5,7.741200000000001,0.14491273235985846,0.01871967296541343,7.752,7.608,7.866,0.258,7.581,7.899,7.581,7.899,7251334568032403516,COARSE (n = 5)
cpu8,plonk,9,1-5,verify_steady_ms,5,7.3164,0.18947242543441534,0.025896947328524322,7.287,7.175,7.385,0.20999999999999996,7.13,7.605,7.13,7.605,16030865663835173874,COARSE (n = 5)
cpu8,plonk,9,1-5,wall_ms,5,9667.3606,98.6739070995979,0.010206912846469997,9641.269,9613.919,9709.796,95.87700000000041,9557.612,9814.207,9557.612,9814.207,13720667108830478235,COARSE (n = 5)
cpu8,plonk,9,1-5,stage_sum_ms,5,9667.343400000002,98.6749946582214,0.010207043504653138,9641.254,9613.902,9709.78,95.87800000000061,9557.591,9814.19,9557.591,9814.19,11296215691309970973,COARSE (n = 5)
cpu8,plonk,10,1-5,input_ms,5,3.0152,0.3715894239614469,0.12323873174630104,2.935,2.718,3.376,0.6579999999999999,2.619,3.428,2.619,3.428,3507230722819209805,COARSE (n = 5)
cpu8,plonk,10,1-5,witness_ms,5,14.0718,0.8703477465932798,0.06185049152157363,13.725,13.711,14.453,0.7419999999999991,13.099,15.371,13.099,15.371,13738072491207863697,COARSE (n = 5)
cpu8,plonk,10,1-5,prove_ms,5,9627.7854,142.77414578732356,0.014829385975649556,9668.27,9482.459,9748.811,266.35199999999895,9471.368,9768.019,9471.368,9768.019,3436034746893209260,COARSE (n = 5)
cpu8,plonk,10,1-5,verify_first_ms,5,7.6968000000000005,0.1279910153096691,0.016629120583836022,7.665,7.644,7.666,0.02200000000000024,7.59,7.919,7.59,7.919,12925436872772330677,COARSE (n = 5)
cpu8,plonk,10,1-5,verify_steady_ms,5,7.224200000000001,0.0510754344083337,0.007070047120557805,7.243,7.19,7.25,0.05999999999999961,7.155,7.283,7.155,7.283,8124603198568897666,COARSE (n = 5)
cpu8,plonk,10,1-5,wall_ms,5,9652.5874,142.7451425278629,0.014788277651633892,9693.095,9507.51,9772.213,264.7029999999995,9496.075,9794.044,9496.075,9794.044,357825539874571774,COARSE (n = 5)
cpu8,plonk,10,1-5,stage_sum_ms,5,9652.5694,142.74491601910051,0.014788281762480829,9693.075,9507.491,9772.196,264.7049999999999,9496.059,9794.026,9496.059,9794.026,8771429335702638899,COARSE (n = 5)
cpu8,plonk,11,1-5,input_ms,5,6.132,0.6339274406428548,0.10338020884586674,5.75,5.645,6.649,1.0040000000000004,5.639,6.977,5.639,6.977,9279492524229258526,COARSE (n = 5)
cpu8,plonk,11,1-5,witness_ms,5,14.4512,0.5543407796653603,0.038359498150005555,14.217,14.16,14.792,0.6319999999999997,13.852,15.235,13.852,15.235,16825904819223466336,COARSE (n = 5)
cpu8,plonk,11,1-5,prove_ms,5,18910.1748,238.36658110188117,0.012605202417371687,19021.382,18815.917,19027.235,211.3179999999993,18540.399,19145.941,18540.399,19145.941,2440872972414552914,COARSE (n = 5)
cpu8,plonk,11,1-5,verify_first_ms,5,8.1692,0.8437011911808586,0.10327831258640487,7.84,7.743,7.884,0.14100000000000001,7.706,9.673,7.706,9.673,5985412973230650439,COARSE (n = 5)
cpu8,plonk,11,1-5,verify_steady_ms,5,7.3824,0.06734463601505308,0.009122322823885604,7.396,7.346,7.413,0.06700000000000017,7.29,7.467,7.29,7.467,4834631035415713208,COARSE (n = 5)
cpu8,plonk,11,1-5,wall_ms,5,18938.948,238.06269437272258,0.01257000623121847,19050.677,18844.215,19054.937,210.72200000000157,18570.014,19174.897,18570.014,19174.897,10015406596881859575,COARSE (n = 5)
cpu8,plonk,11,1-5,stage_sum_ms,5,18938.927000000003,238.0648573067849,0.012570134374919172,19050.656,18844.194,19054.919,210.72500000000218,18569.989,19174.877,18569.989,19174.877,15760538794043290878,COARSE (n = 5)
cpu8,plonk,12,1-5,input_ms,5,13.839400000000001,3.7916354386992426,0.27397397565640436,15.067,10.923,17.186,6.263,8.832,17.189,8.832,17.189,18109915516219481326,COARSE (n = 5)
cpu8,plonk,12,1-5,witness_ms,5,18.386400000000002,7.59047157955288,0.4128307651064308,14.687,14.502,16.509,2.0069999999999997,14.359,31.875,14.359,31.875,14527235570319282753,COARSE (n = 5)
cpu8,plonk,12,1-5,prove_ms,5,18793.000200000002,205.10303180523675,0.010913799266880055,18787.839,18606.329,18924.916,318.58699999999953,18584.003,19061.914,18584.003,19061.914,2211378773054626345,COARSE (n = 5)
cpu8,plonk,12,1-5,verify_first_ms,5,7.734999999999999,0.12211674741819817,0.015787556227304225,7.692,7.655,7.849,0.19399999999999995,7.601,7.878,7.601,7.878,15923937952680741094,COARSE (n = 5)
cpu8,plonk,12,1-5,verify_steady_ms,5,7.2581999999999995,0.07283337147214833,0.010034632756351207,7.235,7.195,7.329,0.13399999999999945,7.19,7.342,7.19,7.342,12475415011208086702,COARSE (n = 5)
cpu8,plonk,12,1-5,wall_ms,5,18832.9842,201.6338016236368,0.010706418031383301,18827.339,18663.07,18955.962,292.8919999999998,18617.184,19101.366,18617.184,19101.366,17822368752919508392,COARSE (n = 5)
cpu8,plonk,12,1-5,stage_sum_ms,5,18832.9608,201.63267446696238,0.010706371483923142,18827.314,18663.047,18955.942,292.89500000000044,18617.162,19101.339,18617.162,19101.339,17790524776173981497,COARSE (n = 5)
cpu8,plonk,13,1-5,input_ms,5,22.93,0.8227250452004,0.0358798536938683,23.167,22.268,23.297,1.029,21.94,23.978,21.94,23.978,9888933702818958245,COARSE (n = 5)
cpu8,plonk,13,1-5,witness_ms,5,18.267599999999998,1.4909511393737895,0.08161724251537092,17.911,17.3,18.31,1.009999999999998,17.037,20.78,17.037,20.78,1627581124938026850,COARSE (n = 5)
cpu8,plonk,13,1-5,prove_ms,5,18678.3514,125.3997939244719,0.00671364357801256,18692.25,18599.263,18795.585,196.32200000000012,18508.534,18796.125,18508.534,18796.125,7540791160081337531,COARSE (n = 5)
cpu8,plonk,13,1-5,verify_first_ms,5,7.7288,0.15500870943272846,0.02005598662570237,7.694,7.621,7.759,0.1379999999999999,7.59,7.98,7.59,7.98,7509389129859169567,COARSE (n = 5)
cpu8,plonk,13,1-5,verify_steady_ms,5,7.3334,0.13063039462544696,0.017813073693709186,7.278,7.242,7.367,0.125,7.233,7.547,7.233,7.547,13231830391783550580,COARSE (n = 5)
cpu8,plonk,13,1-5,wall_ms,5,18727.302799999998,126.15157464019254,0.006736238314050892,18739.433,18645.887,18845.45,199.56300000000192,18558.427,18847.317,18558.427,18847.317,4301657786384452174,COARSE (n = 5)
cpu8,plonk,13,1-5,stage_sum_ms,5,18727.2772,126.15147041434014,0.006736241956964258,18739.407,18645.861,18845.426,199.5649999999987,18558.402,18847.29,18558.402,18847.29,6641111561667929727,COARSE (n = 5)
cpu8,plonk,14,1-5,input_ms,5,46.8642,5.317863593587186,0.11347390104999522,45.013,44.191,47.441,3.25,41.967,55.709,41.967,55.709,5362423265192853176,COARSE (n = 5)
cpu8,plonk,14,1-5,witness_ms,5,17.278200000000002,0.641130797887608,0.037106341973562516,17.096,16.908,17.489,0.5809999999999995,16.621,18.277,16.621,18.277,15208195918972455837,COARSE (n = 5)
cpu8,plonk,14,1-5,prove_ms,5,18890.547599999998,359.17001394297984,0.019013213462535088,18736.518,18591.235,19247.897,656.6620000000003,18570.853,19306.235,18570.853,19306.235,4196792163121669578,COARSE (n = 5)
cpu8,plonk,14,1-5,verify_first_ms,5,7.7438,0.274164549130627,0.03540439437106162,7.628,7.616,7.631,0.015000000000000568,7.61,8.234,7.61,8.234,5452713449096893850,COARSE (n = 5)
cpu8,plonk,14,1-5,verify_steady_ms,5,7.3718,0.0890376324932331,0.012078140005593355,7.383,7.377,7.384,0.007000000000000561,7.233,7.482,7.233,7.482,698433890923679642,COARSE (n = 5)
cpu8,plonk,14,1-5,wall_ms,5,18962.4602,361.7982861605348,0.019079712355073778,18808.708,18660.556,19314.745,654.1889999999985,18640.409,19387.883,18640.409,19387.883,13787116002776014701,COARSE (n = 5)
cpu8,plonk,14,1-5,stage_sum_ms,5,18962.4338,361.7963294889824,0.019079635731621244,18808.683,18660.531,19314.718,654.1870000000017,18640.384,19387.853,18640.384,19387.853,7613172270703030591,COARSE (n = 5)
cpu8,plonk,15,1-5,input_ms,5,110.1976,9.36343410827459,0.08496949215114115,116.38,100.993,116.768,15.775000000000006,98.982,117.865,98.982,117.865,4172547461108393137,COARSE (n = 5)
cpu8,plonk,15,1-5,witness_ms,5,21.7036,3.00806263232666,0.13859740468524392,20.152,19.623,24.945,5.321999999999999,18.827,24.971,18.827,24.971,2869574014459701360,COARSE (n = 5)
cpu8,plonk,15,1-5,prove_ms,5,18817.0348,330.03980280520676,0.01753941608298491,18924.527,18488.716,18990.498,501.78199999999924,18463.128,19218.305,18463.128,19218.305,12283392868948702372,COARSE (n = 5)
cpu8,plonk,15,1-5,verify_first_ms,5,7.6514,0.09828936870282562,0.012845932600939126,7.633,7.565,7.737,0.1719999999999997,7.553,7.769,7.553,7.769,7350977451161460994,COARSE (n = 5)
cpu8,plonk,15,1-5,verify_steady_ms,5,7.3111999999999995,0.06392730246146798,0.008743749652788596,7.336,7.257,7.36,0.10300000000000065,7.23,7.373,7.23,7.373,15257275976860596044,COARSE (n = 5)
cpu8,plonk,15,1-5,wall_ms,5,18956.6138,335.85282268681334,0.017716920660525,19068.857,18620.431,19135.566,515.1349999999984,18596.658,19361.557,18596.658,19361.557,12515299227838519528,COARSE (n = 5)
cpu8,plonk,15,1-5,stage_sum_ms,5,18956.5876,335.8531925935795,0.017716964660537297,19068.828,18620.406,19135.54,515.1340000000018,18596.631,19361.533,18596.631,19361.533,4931053244845012561,COARSE (n = 5)
