path	licence	rule	note
.gitattributes	CC-BY-4.0	7	
CITATION.cff	CC-BY-4.0	7	
LICENSE.md	CC-BY-4.0	7	
LICENSES/Apache-2.0.txt	licence text	0	
LICENSES/CC-BY-4.0.txt	licence text	0	
LICENSES/GPL-3.0.txt	licence text	0	
LICENSES/MIT.txt	licence text	0	
NOTICE	CC-BY-4.0	7	
README.md	CC-BY-4.0	7	
analysis/README.md	CC-BY-4.0	7	
analysis/derive_values.py	MIT	6	
analysis/figures/src/build_figures.py	MIT	6	
analysis/figures/src/fig2_design_map.py	MIT	6	
analysis/figures/src/fig3_crossovers.py	MIT	6	
analysis/figures/src/fig4_prediction.py	MIT	6	
analysis/figures/src/fig5_prover.py	MIT	6	
analysis/figures/src/figstyle.py	MIT	6	
analysis/supplement/src/make_supplement_tables.py	MIT	6	
analysis/tables/src/make_tables.py	MIT	6	
data/README.md	CC-BY-4.0	7	
data/c1/fflonk/evidence/HARNESS-SHA256SUMS	CC-BY-4.0	7	
data/c1/fflonk/evidence/PRE-RUN-FFLONK-INPUTS.sha256	CC-BY-4.0	7	
data/c1/fflonk/evidence/RUN-MANIFEST-FULL-IF-FFLONK-GATE-PASSES.json	CC-BY-4.0	7	
data/c1/fflonk/evidence/RUNNER-START-UTC.txt	CC-BY-4.0	7	
data/c1/fflonk/evidence/RUNNER-STATUS	CC-BY-4.0	7	
data/c1/fflonk/evidence/SHA256SUMS	CC-BY-4.0	7	
data/c1/fflonk/evidence/compiled-fflonk/c1_ff_k01-fflonk.json	GPL-3.0-or-later	2	
data/c1/fflonk/evidence/compiled-fflonk/c1_ff_k04-fflonk.json	GPL-3.0-or-later	2	
data/c1/fflonk/evidence/compiled-fflonk/c1_ff_k16-fflonk.json	GPL-3.0-or-later	2	
data/c1/fflonk/evidence/compiled-fflonk/c1_ff_k32-fflonk.json	GPL-3.0-or-later	2	
data/c1/fflonk/evidence/deviations/DEVIATIONS-FFLONK.md	CC-BY-4.0	7	
data/c1/fflonk/evidence/fflonk-orchestrator.stdout	CC-BY-4.0	7	
data/c1/fflonk/evidence/fflonk/COLLECTION-COMPLETE	CC-BY-4.0	7	
data/c1/fflonk/evidence/fflonk/V2-MPI-FULL-01-FFLONK-records.jsonl	CC-BY-4.0	7	
data/c1/fflonk/evidence/fflonk/cell-order.json	CC-BY-4.0	7	
data/c1/fflonk/evidence/fflonk/cells/00-eravm-29__fflonk__c1_ff_k32.jsonl	CC-BY-4.0	7	
data/c1/fflonk/evidence/fflonk/cells/01-eravm-29__fflonk__c1_ff_k01.jsonl	CC-BY-4.0	7	
data/c1/fflonk/evidence/fflonk/cells/02-zkos-v32_at_npg100__fflonk__c1_ff_k04.jsonl	CC-BY-4.0	7	
data/c1/fflonk/evidence/fflonk/cells/03-eravm-29__fflonk__c1_ff_k16.jsonl	CC-BY-4.0	7	
data/c1/fflonk/evidence/fflonk/cells/04-evm-osaka__fflonk__c1_ff_k01.jsonl	CC-BY-4.0	7	
data/c1/fflonk/evidence/fflonk/cells/05-zkos-v32_at_npg100__fflonk__c1_ff_k01.jsonl	CC-BY-4.0	7	
data/c1/fflonk/evidence/fflonk/cells/06-evm-osaka__fflonk__c1_ff_k04.jsonl	CC-BY-4.0	7	
data/c1/fflonk/evidence/fflonk/cells/07-evm-osaka__fflonk__c1_ff_k32.jsonl	CC-BY-4.0	7	
data/c1/fflonk/evidence/fflonk/cells/08-evm-osaka__fflonk__c1_ff_k16.jsonl	CC-BY-4.0	7	
data/c1/fflonk/evidence/fflonk/cells/09-zkos-v32_at_npg100__fflonk__c1_ff_k16.jsonl	CC-BY-4.0	7	
data/c1/fflonk/evidence/fflonk/cells/10-eravm-29__fflonk__c1_ff_k04.jsonl	CC-BY-4.0	7	
data/c1/fflonk/evidence/fflonk/cells/11-zkos-v32_at_npg100__fflonk__c1_ff_k32.jsonl	CC-BY-4.0	7	
data/c1/fflonk/evidence/fflonk/orchestrator.log	CC-BY-4.0	7	
data/c1/fflonk/evidence/fflonk/raw/00-eravm-29__fflonk__c1_ff_k32/attempt-1/anvil-zksync.log	CC-BY-4.0	7	
data/c1/fflonk/evidence/fflonk/raw/00-eravm-29__fflonk__c1_ff_k32/attempt-1/anvil-zksync.log.stdout	CC-BY-4.0	7	
data/c1/fflonk/evidence/fflonk/raw/00-eravm-29__fflonk__c1_ff_k32/attempt-1/cell-meta.json	CC-BY-4.0	7	
data/c1/fflonk/evidence/fflonk/raw/00-eravm-29__fflonk__c1_ff_k32/attempt-1/eravm-calltraces.json	CC-BY-4.0	7	
data/c1/fflonk/evidence/fflonk/raw/00-eravm-29__fflonk__c1_ff_k32/attempt-1/records.jsonl	CC-BY-4.0	7	
data/c1/fflonk/evidence/fflonk/raw/00-eravm-29__fflonk__c1_ff_k32/attempt-1/spec.json	CC-BY-4.0	7	
data/c1/fflonk/evidence/fflonk/raw/00-eravm-29__fflonk__c1_ff_k32/attempt-1/stderr.txt	CC-BY-4.0	7	
data/c1/fflonk/evidence/fflonk/raw/00-eravm-29__fflonk__c1_ff_k32/attempt-1/stdout.txt	CC-BY-4.0	7	
data/c1/fflonk/evidence/fflonk/raw/01-eravm-29__fflonk__c1_ff_k01/attempt-1/anvil-zksync.log	CC-BY-4.0	7	
data/c1/fflonk/evidence/fflonk/raw/01-eravm-29__fflonk__c1_ff_k01/attempt-1/anvil-zksync.log.stdout	CC-BY-4.0	7	
data/c1/fflonk/evidence/fflonk/raw/01-eravm-29__fflonk__c1_ff_k01/attempt-1/cell-meta.json	CC-BY-4.0	7	
data/c1/fflonk/evidence/fflonk/raw/01-eravm-29__fflonk__c1_ff_k01/attempt-1/eravm-calltraces.json	CC-BY-4.0	7	
data/c1/fflonk/evidence/fflonk/raw/01-eravm-29__fflonk__c1_ff_k01/attempt-1/records.jsonl	CC-BY-4.0	7	
data/c1/fflonk/evidence/fflonk/raw/01-eravm-29__fflonk__c1_ff_k01/attempt-1/spec.json	CC-BY-4.0	7	
data/c1/fflonk/evidence/fflonk/raw/01-eravm-29__fflonk__c1_ff_k01/attempt-1/stderr.txt	CC-BY-4.0	7	
data/c1/fflonk/evidence/fflonk/raw/01-eravm-29__fflonk__c1_ff_k01/attempt-1/stdout.txt	CC-BY-4.0	7	
data/c1/fflonk/evidence/fflonk/raw/02-zkos-v32_at_npg100__fflonk__c1_ff_k04/attempt-1/cell-meta.json	CC-BY-4.0	7	
data/c1/fflonk/evidence/fflonk/raw/02-zkos-v32_at_npg100__fflonk__c1_ff_k04/attempt-1/node/anvil.log	CC-BY-4.0	7	
data/c1/fflonk/evidence/fflonk/raw/02-zkos-v32_at_npg100__fflonk__c1_ff_k04/attempt-1/node/server.log	CC-BY-4.0	7	
data/c1/fflonk/evidence/fflonk/raw/02-zkos-v32_at_npg100__fflonk__c1_ff_k04/attempt-1/records.jsonl	CC-BY-4.0	7	
data/c1/fflonk/evidence/fflonk/raw/02-zkos-v32_at_npg100__fflonk__c1_ff_k04/attempt-1/spec.json	CC-BY-4.0	7	
data/c1/fflonk/evidence/fflonk/raw/02-zkos-v32_at_npg100__fflonk__c1_ff_k04/attempt-1/stderr.txt	CC-BY-4.0	7	
data/c1/fflonk/evidence/fflonk/raw/02-zkos-v32_at_npg100__fflonk__c1_ff_k04/attempt-1/stdout.txt	CC-BY-4.0	7	
data/c1/fflonk/evidence/fflonk/raw/03-eravm-29__fflonk__c1_ff_k16/attempt-1/anvil-zksync.log	CC-BY-4.0	7	
data/c1/fflonk/evidence/fflonk/raw/03-eravm-29__fflonk__c1_ff_k16/attempt-1/anvil-zksync.log.stdout	CC-BY-4.0	7	
data/c1/fflonk/evidence/fflonk/raw/03-eravm-29__fflonk__c1_ff_k16/attempt-1/cell-meta.json	CC-BY-4.0	7	
data/c1/fflonk/evidence/fflonk/raw/03-eravm-29__fflonk__c1_ff_k16/attempt-1/eravm-calltraces.json	CC-BY-4.0	7	
data/c1/fflonk/evidence/fflonk/raw/03-eravm-29__fflonk__c1_ff_k16/attempt-1/records.jsonl	CC-BY-4.0	7	
data/c1/fflonk/evidence/fflonk/raw/03-eravm-29__fflonk__c1_ff_k16/attempt-1/spec.json	CC-BY-4.0	7	
data/c1/fflonk/evidence/fflonk/raw/03-eravm-29__fflonk__c1_ff_k16/attempt-1/stderr.txt	CC-BY-4.0	7	
data/c1/fflonk/evidence/fflonk/raw/03-eravm-29__fflonk__c1_ff_k16/attempt-1/stdout.txt	CC-BY-4.0	7	
data/c1/fflonk/evidence/fflonk/raw/04-evm-osaka__fflonk__c1_ff_k01/attempt-1/cell-meta.json	CC-BY-4.0	7	
data/c1/fflonk/evidence/fflonk/raw/04-evm-osaka__fflonk__c1_ff_k01/attempt-1/edr-job.json	CC-BY-4.0	7	
data/c1/fflonk/evidence/fflonk/raw/04-evm-osaka__fflonk__c1_ff_k01/attempt-1/edr-out.json	CC-BY-4.0	7	
data/c1/fflonk/evidence/fflonk/raw/04-evm-osaka__fflonk__c1_ff_k01/attempt-1/records.jsonl	CC-BY-4.0	7	
data/c1/fflonk/evidence/fflonk/raw/04-evm-osaka__fflonk__c1_ff_k01/attempt-1/spec.json	CC-BY-4.0	7	
data/c1/fflonk/evidence/fflonk/raw/04-evm-osaka__fflonk__c1_ff_k01/attempt-1/stderr.txt	CC-BY-4.0	7	
data/c1/fflonk/evidence/fflonk/raw/04-evm-osaka__fflonk__c1_ff_k01/attempt-1/stdout.txt	CC-BY-4.0	7	
data/c1/fflonk/evidence/fflonk/raw/05-zkos-v32_at_npg100__fflonk__c1_ff_k01/attempt-1/cell-meta.json	CC-BY-4.0	7	
data/c1/fflonk/evidence/fflonk/raw/05-zkos-v32_at_npg100__fflonk__c1_ff_k01/attempt-1/node/anvil.log	CC-BY-4.0	7	
data/c1/fflonk/evidence/fflonk/raw/05-zkos-v32_at_npg100__fflonk__c1_ff_k01/attempt-1/node/server.log	CC-BY-4.0	7	
data/c1/fflonk/evidence/fflonk/raw/05-zkos-v32_at_npg100__fflonk__c1_ff_k01/attempt-1/records.jsonl	CC-BY-4.0	7	
data/c1/fflonk/evidence/fflonk/raw/05-zkos-v32_at_npg100__fflonk__c1_ff_k01/attempt-1/spec.json	CC-BY-4.0	7	
data/c1/fflonk/evidence/fflonk/raw/05-zkos-v32_at_npg100__fflonk__c1_ff_k01/attempt-1/stderr.txt	CC-BY-4.0	7	
data/c1/fflonk/evidence/fflonk/raw/05-zkos-v32_at_npg100__fflonk__c1_ff_k01/attempt-1/stdout.txt	CC-BY-4.0	7	
data/c1/fflonk/evidence/fflonk/raw/06-evm-osaka__fflonk__c1_ff_k04/attempt-1/cell-meta.json	CC-BY-4.0	7	
data/c1/fflonk/evidence/fflonk/raw/06-evm-osaka__fflonk__c1_ff_k04/attempt-1/edr-job.json	CC-BY-4.0	7	
data/c1/fflonk/evidence/fflonk/raw/06-evm-osaka__fflonk__c1_ff_k04/attempt-1/edr-out.json	CC-BY-4.0	7	
data/c1/fflonk/evidence/fflonk/raw/06-evm-osaka__fflonk__c1_ff_k04/attempt-1/records.jsonl	CC-BY-4.0	7	
data/c1/fflonk/evidence/fflonk/raw/06-evm-osaka__fflonk__c1_ff_k04/attempt-1/spec.json	CC-BY-4.0	7	
data/c1/fflonk/evidence/fflonk/raw/06-evm-osaka__fflonk__c1_ff_k04/attempt-1/stderr.txt	CC-BY-4.0	7	
data/c1/fflonk/evidence/fflonk/raw/06-evm-osaka__fflonk__c1_ff_k04/attempt-1/stdout.txt	CC-BY-4.0	7	
data/c1/fflonk/evidence/fflonk/raw/07-evm-osaka__fflonk__c1_ff_k32/attempt-1/cell-meta.json	CC-BY-4.0	7	
data/c1/fflonk/evidence/fflonk/raw/07-evm-osaka__fflonk__c1_ff_k32/attempt-1/edr-job.json	CC-BY-4.0	7	
data/c1/fflonk/evidence/fflonk/raw/07-evm-osaka__fflonk__c1_ff_k32/attempt-1/edr-out.json	CC-BY-4.0	7	
data/c1/fflonk/evidence/fflonk/raw/07-evm-osaka__fflonk__c1_ff_k32/attempt-1/records.jsonl	CC-BY-4.0	7	
data/c1/fflonk/evidence/fflonk/raw/07-evm-osaka__fflonk__c1_ff_k32/attempt-1/spec.json	CC-BY-4.0	7	
data/c1/fflonk/evidence/fflonk/raw/07-evm-osaka__fflonk__c1_ff_k32/attempt-1/stderr.txt	CC-BY-4.0	7	
data/c1/fflonk/evidence/fflonk/raw/07-evm-osaka__fflonk__c1_ff_k32/attempt-1/stdout.txt	CC-BY-4.0	7	
data/c1/fflonk/evidence/fflonk/raw/08-evm-osaka__fflonk__c1_ff_k16/attempt-1/cell-meta.json	CC-BY-4.0	7	
data/c1/fflonk/evidence/fflonk/raw/08-evm-osaka__fflonk__c1_ff_k16/attempt-1/edr-job.json	CC-BY-4.0	7	
data/c1/fflonk/evidence/fflonk/raw/08-evm-osaka__fflonk__c1_ff_k16/attempt-1/edr-out.json	CC-BY-4.0	7	
data/c1/fflonk/evidence/fflonk/raw/08-evm-osaka__fflonk__c1_ff_k16/attempt-1/records.jsonl	CC-BY-4.0	7	
data/c1/fflonk/evidence/fflonk/raw/08-evm-osaka__fflonk__c1_ff_k16/attempt-1/spec.json	CC-BY-4.0	7	
data/c1/fflonk/evidence/fflonk/raw/08-evm-osaka__fflonk__c1_ff_k16/attempt-1/stderr.txt	CC-BY-4.0	7	
data/c1/fflonk/evidence/fflonk/raw/08-evm-osaka__fflonk__c1_ff_k16/attempt-1/stdout.txt	CC-BY-4.0	7	
data/c1/fflonk/evidence/fflonk/raw/09-zkos-v32_at_npg100__fflonk__c1_ff_k16/attempt-1/cell-meta.json	CC-BY-4.0	7	
data/c1/fflonk/evidence/fflonk/raw/09-zkos-v32_at_npg100__fflonk__c1_ff_k16/attempt-1/node/anvil.log	CC-BY-4.0	7	
data/c1/fflonk/evidence/fflonk/raw/09-zkos-v32_at_npg100__fflonk__c1_ff_k16/attempt-1/node/server.log	CC-BY-4.0	7	
data/c1/fflonk/evidence/fflonk/raw/09-zkos-v32_at_npg100__fflonk__c1_ff_k16/attempt-1/records.jsonl	CC-BY-4.0	7	
data/c1/fflonk/evidence/fflonk/raw/09-zkos-v32_at_npg100__fflonk__c1_ff_k16/attempt-1/spec.json	CC-BY-4.0	7	
data/c1/fflonk/evidence/fflonk/raw/09-zkos-v32_at_npg100__fflonk__c1_ff_k16/attempt-1/stderr.txt	CC-BY-4.0	7	
data/c1/fflonk/evidence/fflonk/raw/09-zkos-v32_at_npg100__fflonk__c1_ff_k16/attempt-1/stdout.txt	CC-BY-4.0	7	
data/c1/fflonk/evidence/fflonk/raw/10-eravm-29__fflonk__c1_ff_k04/attempt-1/anvil-zksync.log	CC-BY-4.0	7	
data/c1/fflonk/evidence/fflonk/raw/10-eravm-29__fflonk__c1_ff_k04/attempt-1/anvil-zksync.log.stdout	CC-BY-4.0	7	
data/c1/fflonk/evidence/fflonk/raw/10-eravm-29__fflonk__c1_ff_k04/attempt-1/cell-meta.json	CC-BY-4.0	7	
data/c1/fflonk/evidence/fflonk/raw/10-eravm-29__fflonk__c1_ff_k04/attempt-1/eravm-calltraces.json	CC-BY-4.0	7	
data/c1/fflonk/evidence/fflonk/raw/10-eravm-29__fflonk__c1_ff_k04/attempt-1/records.jsonl	CC-BY-4.0	7	
data/c1/fflonk/evidence/fflonk/raw/10-eravm-29__fflonk__c1_ff_k04/attempt-1/spec.json	CC-BY-4.0	7	
data/c1/fflonk/evidence/fflonk/raw/10-eravm-29__fflonk__c1_ff_k04/attempt-1/stderr.txt	CC-BY-4.0	7	
data/c1/fflonk/evidence/fflonk/raw/10-eravm-29__fflonk__c1_ff_k04/attempt-1/stdout.txt	CC-BY-4.0	7	
data/c1/fflonk/evidence/fflonk/raw/11-zkos-v32_at_npg100__fflonk__c1_ff_k32/attempt-1/cell-meta.json	CC-BY-4.0	7	
data/c1/fflonk/evidence/fflonk/raw/11-zkos-v32_at_npg100__fflonk__c1_ff_k32/attempt-1/node/anvil.log	CC-BY-4.0	7	
data/c1/fflonk/evidence/fflonk/raw/11-zkos-v32_at_npg100__fflonk__c1_ff_k32/attempt-1/node/server.log	CC-BY-4.0	7	
data/c1/fflonk/evidence/fflonk/raw/11-zkos-v32_at_npg100__fflonk__c1_ff_k32/attempt-1/records.jsonl	CC-BY-4.0	7	
data/c1/fflonk/evidence/fflonk/raw/11-zkos-v32_at_npg100__fflonk__c1_ff_k32/attempt-1/spec.json	CC-BY-4.0	7	
data/c1/fflonk/evidence/fflonk/raw/11-zkos-v32_at_npg100__fflonk__c1_ff_k32/attempt-1/stderr.txt	CC-BY-4.0	7	
data/c1/fflonk/evidence/fflonk/raw/11-zkos-v32_at_npg100__fflonk__c1_ff_k32/attempt-1/stdout.txt	CC-BY-4.0	7	
data/c1/fflonk/evidence/fflonk/raw/l1-state-inputs-removed.tsv	CC-BY-4.0	7	
data/c1/fflonk/evidence/h-freeze/janitor.sh	MIT	6	
data/c1/fflonk/evidence/h-freeze/manifest-fflonk.out	CC-BY-4.0	7	
data/c1/fflonk/evidence/h-freeze/run_fflonk.sh	MIT	6	
data/c1/fflonk/evidence/harness/cell.js	MIT	6	
data/c1/fflonk/evidence/harness/compile_all.js	MIT	6	
data/c1/fflonk/evidence/harness/contracts.js	MIT	1	
data/c1/fflonk/evidence/harness/evidence-schema.json	CC-BY-4.0	7	
data/c1/fflonk/evidence/harness/freeze_evidence.sh	MIT	6	
data/c1/fflonk/evidence/harness/hh/evm_run.js	MIT	6	
data/c1/fflonk/evidence/harness/hh/hardhat.config.js	MIT	6	
data/c1/fflonk/evidence/harness/lib/eravm.js	MIT	6	
data/c1/fflonk/evidence/harness/lib/proofs.js	MIT	6	
data/c1/fflonk/evidence/harness/lib/solc.js	MIT	6	
data/c1/fflonk/evidence/harness/make_manifest.py	MIT	6	
data/c1/fflonk/evidence/harness/run_campaign.py	MIT	6	
data/c1/fflonk/evidence/harness/validate_evidence.py	MIT	6	
data/c1/fflonk/evidence/harness/zkos_node.sh	MIT	6	
data/c1/fflonk/evidence/harness/zkos_stop.sh	MIT	6	
data/c1/fflonk/evidence/proofs-fflonk/c1_ff_k01/fflonk-j0.json	CC-BY-4.0	7	
data/c1/fflonk/evidence/proofs-fflonk/c1_ff_k01/fflonk-j1.json	CC-BY-4.0	7	
data/c1/fflonk/evidence/proofs-fflonk/c1_ff_k01/fflonk-j2.json	CC-BY-4.0	7	
data/c1/fflonk/evidence/proofs-fflonk/c1_ff_k01/fflonk-j3.json	CC-BY-4.0	7	
data/c1/fflonk/evidence/proofs-fflonk/c1_ff_k01/fflonk-j4.json	CC-BY-4.0	7	
data/c1/fflonk/evidence/proofs-fflonk/c1_ff_k01/fflonk-j5.json	CC-BY-4.0	7	
data/c1/fflonk/evidence/proofs-fflonk/c1_ff_k01/fflonk-j6.json	CC-BY-4.0	7	
data/c1/fflonk/evidence/proofs-fflonk/c1_ff_k01/fflonk-j7.json	CC-BY-4.0	7	
data/c1/fflonk/evidence/proofs-fflonk/c1_ff_k04/fflonk-j0.json	CC-BY-4.0	7	
data/c1/fflonk/evidence/proofs-fflonk/c1_ff_k04/fflonk-j1.json	CC-BY-4.0	7	
data/c1/fflonk/evidence/proofs-fflonk/c1_ff_k04/fflonk-j2.json	CC-BY-4.0	7	
data/c1/fflonk/evidence/proofs-fflonk/c1_ff_k04/fflonk-j3.json	CC-BY-4.0	7	
data/c1/fflonk/evidence/proofs-fflonk/c1_ff_k04/fflonk-j4.json	CC-BY-4.0	7	
data/c1/fflonk/evidence/proofs-fflonk/c1_ff_k04/fflonk-j5.json	CC-BY-4.0	7	
data/c1/fflonk/evidence/proofs-fflonk/c1_ff_k04/fflonk-j6.json	CC-BY-4.0	7	
data/c1/fflonk/evidence/proofs-fflonk/c1_ff_k04/fflonk-j7.json	CC-BY-4.0	7	
data/c1/fflonk/evidence/proofs-fflonk/c1_ff_k16/fflonk-j0.json	CC-BY-4.0	7	
data/c1/fflonk/evidence/proofs-fflonk/c1_ff_k16/fflonk-j1.json	CC-BY-4.0	7	
data/c1/fflonk/evidence/proofs-fflonk/c1_ff_k16/fflonk-j2.json	CC-BY-4.0	7	
data/c1/fflonk/evidence/proofs-fflonk/c1_ff_k16/fflonk-j3.json	CC-BY-4.0	7	
data/c1/fflonk/evidence/proofs-fflonk/c1_ff_k16/fflonk-j4.json	CC-BY-4.0	7	
data/c1/fflonk/evidence/proofs-fflonk/c1_ff_k16/fflonk-j5.json	CC-BY-4.0	7	
data/c1/fflonk/evidence/proofs-fflonk/c1_ff_k16/fflonk-j6.json	CC-BY-4.0	7	
data/c1/fflonk/evidence/proofs-fflonk/c1_ff_k16/fflonk-j7.json	CC-BY-4.0	7	
data/c1/fflonk/evidence/proofs-fflonk/c1_ff_k32/fflonk-j0.json	CC-BY-4.0	7	
data/c1/fflonk/evidence/proofs-fflonk/c1_ff_k32/fflonk-j1.json	CC-BY-4.0	7	
data/c1/fflonk/evidence/proofs-fflonk/c1_ff_k32/fflonk-j2.json	CC-BY-4.0	7	
data/c1/fflonk/evidence/proofs-fflonk/c1_ff_k32/fflonk-j3.json	CC-BY-4.0	7	
data/c1/fflonk/evidence/proofs-fflonk/c1_ff_k32/fflonk-j4.json	CC-BY-4.0	7	
data/c1/fflonk/evidence/proofs-fflonk/c1_ff_k32/fflonk-j5.json	CC-BY-4.0	7	
data/c1/fflonk/evidence/proofs-fflonk/c1_ff_k32/fflonk-j6.json	CC-BY-4.0	7	
data/c1/fflonk/evidence/proofs-fflonk/c1_ff_k32/fflonk-j7.json	CC-BY-4.0	7	
data/c1/fflonk/record/FFLONK-RESIDUALS-C1-H8-and-C2.csv	CC-BY-4.0	7	
data/c1/fflonk/record/SHA256SUMS	CC-BY-4.0	7	
data/c1/fflonk/record/campaign.json	CC-BY-4.0	7	
data/c1/fflonk/record/scoring-c1/AC_checks.csv	CC-BY-4.0	7	
data/c1/fflonk/record/scoring-c1/CELL_summary.csv	CC-BY-4.0	7	
data/c1/fflonk/record/scoring-c1/NPG_ranking.csv	CC-BY-4.0	7	
data/c1/fflonk/record/scoring-c1/NPG_scoring.csv	CC-BY-4.0	7	
data/c1/fflonk/record/scoring-c1/P_scoring.csv	CC-BY-4.0	7	
data/c1/fflonk/record/scoring-c1/R_scoring.csv	CC-BY-4.0	7	
data/c1/fflonk/record/scoring-c1/SCORING-INVOCATION.txt	CC-BY-4.0	7	
data/c1/fflonk/record/scoring-c1/SCORING-START-UTC.txt	CC-BY-4.0	7	
data/c1/fflonk/record/scoring-c1/SEM_scoring.csv	CC-BY-4.0	7	
data/c1/fflonk/record/scoring-c1/SG_monotonicity.csv	CC-BY-4.0	7	
data/c1/fflonk/record/scoring-c1/SG_signs.csv	CC-BY-4.0	7	
data/c1/fflonk/record/scoring-c1/XO_crossovers.csv	CC-BY-4.0	7	
data/c1/fflonk/record/scoring-c1/ZC_scoring.csv	CC-BY-4.0	7	
data/c1/fflonk/record/scoring-c1/scoring-stderr.txt	CC-BY-4.0	7	
data/c1/fflonk/record/scoring-c1/scoring-stdout.json	CC-BY-4.0	7	
data/c1/fflonk/record/scoring-c1/summary.json	CC-BY-4.0	7	
data/c1/fflonk/record/scoring-c2/C2-SCORES.json	CC-BY-4.0	7	
data/c1/fflonk/record/scoring-c2/SCORING-INVOCATION.txt	CC-BY-4.0	7	
data/c1/fflonk/record/scoring-c2/SCORING-START-UTC.txt	CC-BY-4.0	7	
data/c1/fflonk/record/scoring-c2/scoring-stderr.txt	CC-BY-4.0	7	
data/c1/fflonk/record/scoring-c2/scoring-stdout.json	CC-BY-4.0	7	
data/c1/fflonk/record/validation/FFLONK-VALIDATION.json	CC-BY-4.0	7	
data/c1/fflonk/record/validation/validate-stdout.txt	CC-BY-4.0	7	
data/c1/full/evidence/HARNESS-SHA256SUMS	CC-BY-4.0	7	
data/c1/full/evidence/RUN-MANIFEST-BRIDGE.json	CC-BY-4.0	7	
data/c1/full/evidence/RUN-MANIFEST-FULL.json	CC-BY-4.0	7	
data/c1/full/evidence/RUNNER-STATUS	CC-BY-4.0	7	
data/c1/full/evidence/SHA256SUMS	CC-BY-4.0	7	
data/c1/full/evidence/bridge-orchestrator.stdout	CC-BY-4.0	7	
data/c1/full/evidence/bridge/COLLECTION-COMPLETE	CC-BY-4.0	7	
data/c1/full/evidence/bridge/V2-MPI-FULL-01-BRIDGE-records.jsonl	CC-BY-4.0	7	
data/c1/full/evidence/bridge/cell-order.json	CC-BY-4.0	7	
data/c1/full/evidence/bridge/cells/00-evm-osaka__groth16__c1_ctx_k04.jsonl	CC-BY-4.0	7	
data/c1/full/evidence/bridge/cells/01-zkos-v32_at_npg100__plonk__c1_ctx_k04.jsonl	CC-BY-4.0	7	
data/c1/full/evidence/bridge/cells/02-eravm-29__groth16__c1_ctx_k04.jsonl	CC-BY-4.0	7	
data/c1/full/evidence/bridge/cells/03-eravm-29__plonk__c1_ctx_k04.jsonl	CC-BY-4.0	7	
data/c1/full/evidence/bridge/cells/04-zkos-v32_at_npg100__groth16__c1_k01.jsonl	CC-BY-4.0	7	
data/c1/full/evidence/bridge/cells/05-evm-osaka__groth16__c1_k01.jsonl	CC-BY-4.0	7	
data/c1/full/evidence/bridge/cells/06-eravm-29__groth16__c1_k01.jsonl	CC-BY-4.0	7	
data/c1/full/evidence/bridge/cells/07-evm-osaka__plonk__c1_ctx_k04.jsonl	CC-BY-4.0	7	
data/c1/full/evidence/bridge/cells/08-zkos-v32_at_npg100__groth16__c1_ctx_k04.jsonl	CC-BY-4.0	7	
data/c1/full/evidence/bridge/cells/09-zkos-v32_at_npg100__plonk__c1_k01.jsonl	CC-BY-4.0	7	
data/c1/full/evidence/bridge/cells/10-evm-osaka__plonk__c1_k01.jsonl	CC-BY-4.0	7	
data/c1/full/evidence/bridge/cells/11-eravm-29__plonk__c1_k01.jsonl	CC-BY-4.0	7	
data/c1/full/evidence/bridge/orchestrator.log	CC-BY-4.0	7	
data/c1/full/evidence/bridge/raw/00-evm-osaka__groth16__c1_ctx_k04/attempt-1/cell-meta.json	CC-BY-4.0	7	
data/c1/full/evidence/bridge/raw/00-evm-osaka__groth16__c1_ctx_k04/attempt-1/edr-job.json	CC-BY-4.0	7	
data/c1/full/evidence/bridge/raw/00-evm-osaka__groth16__c1_ctx_k04/attempt-1/edr-out.json	CC-BY-4.0	7	
data/c1/full/evidence/bridge/raw/00-evm-osaka__groth16__c1_ctx_k04/attempt-1/records.jsonl	CC-BY-4.0	7	
data/c1/full/evidence/bridge/raw/00-evm-osaka__groth16__c1_ctx_k04/attempt-1/spec.json	CC-BY-4.0	7	
data/c1/full/evidence/bridge/raw/00-evm-osaka__groth16__c1_ctx_k04/attempt-1/stderr.txt	CC-BY-4.0	7	
data/c1/full/evidence/bridge/raw/00-evm-osaka__groth16__c1_ctx_k04/attempt-1/stdout.txt	CC-BY-4.0	7	
data/c1/full/evidence/bridge/raw/01-zkos-v32_at_npg100__plonk__c1_ctx_k04/attempt-1/cell-meta.json	CC-BY-4.0	7	
data/c1/full/evidence/bridge/raw/01-zkos-v32_at_npg100__plonk__c1_ctx_k04/attempt-1/node/anvil.log	CC-BY-4.0	7	
data/c1/full/evidence/bridge/raw/01-zkos-v32_at_npg100__plonk__c1_ctx_k04/attempt-1/node/server.log	CC-BY-4.0	7	
data/c1/full/evidence/bridge/raw/01-zkos-v32_at_npg100__plonk__c1_ctx_k04/attempt-1/records.jsonl	CC-BY-4.0	7	
data/c1/full/evidence/bridge/raw/01-zkos-v32_at_npg100__plonk__c1_ctx_k04/attempt-1/spec.json	CC-BY-4.0	7	
data/c1/full/evidence/bridge/raw/01-zkos-v32_at_npg100__plonk__c1_ctx_k04/attempt-1/stderr.txt	CC-BY-4.0	7	
data/c1/full/evidence/bridge/raw/01-zkos-v32_at_npg100__plonk__c1_ctx_k04/attempt-1/stdout.txt	CC-BY-4.0	7	
data/c1/full/evidence/bridge/raw/02-eravm-29__groth16__c1_ctx_k04/attempt-1/anvil-zksync.log	CC-BY-4.0	7	
data/c1/full/evidence/bridge/raw/02-eravm-29__groth16__c1_ctx_k04/attempt-1/anvil-zksync.log.stdout	CC-BY-4.0	7	
data/c1/full/evidence/bridge/raw/02-eravm-29__groth16__c1_ctx_k04/attempt-1/cell-meta.json	CC-BY-4.0	7	
data/c1/full/evidence/bridge/raw/02-eravm-29__groth16__c1_ctx_k04/attempt-1/eravm-calltraces.json	CC-BY-4.0	7	
data/c1/full/evidence/bridge/raw/02-eravm-29__groth16__c1_ctx_k04/attempt-1/records.jsonl	CC-BY-4.0	7	
data/c1/full/evidence/bridge/raw/02-eravm-29__groth16__c1_ctx_k04/attempt-1/spec.json	CC-BY-4.0	7	
data/c1/full/evidence/bridge/raw/02-eravm-29__groth16__c1_ctx_k04/attempt-1/stderr.txt	CC-BY-4.0	7	
data/c1/full/evidence/bridge/raw/02-eravm-29__groth16__c1_ctx_k04/attempt-1/stdout.txt	CC-BY-4.0	7	
data/c1/full/evidence/bridge/raw/03-eravm-29__plonk__c1_ctx_k04/attempt-1/anvil-zksync.log	CC-BY-4.0	7	
data/c1/full/evidence/bridge/raw/03-eravm-29__plonk__c1_ctx_k04/attempt-1/anvil-zksync.log.stdout	CC-BY-4.0	7	
data/c1/full/evidence/bridge/raw/03-eravm-29__plonk__c1_ctx_k04/attempt-1/cell-meta.json	CC-BY-4.0	7	
data/c1/full/evidence/bridge/raw/03-eravm-29__plonk__c1_ctx_k04/attempt-1/eravm-calltraces.json	CC-BY-4.0	7	
data/c1/full/evidence/bridge/raw/03-eravm-29__plonk__c1_ctx_k04/attempt-1/records.jsonl	CC-BY-4.0	7	
data/c1/full/evidence/bridge/raw/03-eravm-29__plonk__c1_ctx_k04/attempt-1/spec.json	CC-BY-4.0	7	
data/c1/full/evidence/bridge/raw/03-eravm-29__plonk__c1_ctx_k04/attempt-1/stderr.txt	CC-BY-4.0	7	
data/c1/full/evidence/bridge/raw/03-eravm-29__plonk__c1_ctx_k04/attempt-1/stdout.txt	CC-BY-4.0	7	
data/c1/full/evidence/bridge/raw/04-zkos-v32_at_npg100__groth16__c1_k01/attempt-1/cell-meta.json	CC-BY-4.0	7	
data/c1/full/evidence/bridge/raw/04-zkos-v32_at_npg100__groth16__c1_k01/attempt-1/node/anvil.log	CC-BY-4.0	7	
data/c1/full/evidence/bridge/raw/04-zkos-v32_at_npg100__groth16__c1_k01/attempt-1/node/server.log	CC-BY-4.0	7	
data/c1/full/evidence/bridge/raw/04-zkos-v32_at_npg100__groth16__c1_k01/attempt-1/records.jsonl	CC-BY-4.0	7	
data/c1/full/evidence/bridge/raw/04-zkos-v32_at_npg100__groth16__c1_k01/attempt-1/spec.json	CC-BY-4.0	7	
data/c1/full/evidence/bridge/raw/04-zkos-v32_at_npg100__groth16__c1_k01/attempt-1/stderr.txt	CC-BY-4.0	7	
data/c1/full/evidence/bridge/raw/04-zkos-v32_at_npg100__groth16__c1_k01/attempt-1/stdout.txt	CC-BY-4.0	7	
data/c1/full/evidence/bridge/raw/05-evm-osaka__groth16__c1_k01/attempt-1/cell-meta.json	CC-BY-4.0	7	
data/c1/full/evidence/bridge/raw/05-evm-osaka__groth16__c1_k01/attempt-1/edr-job.json	CC-BY-4.0	7	
data/c1/full/evidence/bridge/raw/05-evm-osaka__groth16__c1_k01/attempt-1/edr-out.json	CC-BY-4.0	7	
data/c1/full/evidence/bridge/raw/05-evm-osaka__groth16__c1_k01/attempt-1/records.jsonl	CC-BY-4.0	7	
data/c1/full/evidence/bridge/raw/05-evm-osaka__groth16__c1_k01/attempt-1/spec.json	CC-BY-4.0	7	
data/c1/full/evidence/bridge/raw/05-evm-osaka__groth16__c1_k01/attempt-1/stderr.txt	CC-BY-4.0	7	
data/c1/full/evidence/bridge/raw/05-evm-osaka__groth16__c1_k01/attempt-1/stdout.txt	CC-BY-4.0	7	
data/c1/full/evidence/bridge/raw/06-eravm-29__groth16__c1_k01/attempt-1/anvil-zksync.log	CC-BY-4.0	7	
data/c1/full/evidence/bridge/raw/06-eravm-29__groth16__c1_k01/attempt-1/anvil-zksync.log.stdout	CC-BY-4.0	7	
data/c1/full/evidence/bridge/raw/06-eravm-29__groth16__c1_k01/attempt-1/cell-meta.json	CC-BY-4.0	7	
data/c1/full/evidence/bridge/raw/06-eravm-29__groth16__c1_k01/attempt-1/eravm-calltraces.json	CC-BY-4.0	7	
data/c1/full/evidence/bridge/raw/06-eravm-29__groth16__c1_k01/attempt-1/records.jsonl	CC-BY-4.0	7	
data/c1/full/evidence/bridge/raw/06-eravm-29__groth16__c1_k01/attempt-1/spec.json	CC-BY-4.0	7	
data/c1/full/evidence/bridge/raw/06-eravm-29__groth16__c1_k01/attempt-1/stderr.txt	CC-BY-4.0	7	
data/c1/full/evidence/bridge/raw/06-eravm-29__groth16__c1_k01/attempt-1/stdout.txt	CC-BY-4.0	7	
data/c1/full/evidence/bridge/raw/07-evm-osaka__plonk__c1_ctx_k04/attempt-1/cell-meta.json	CC-BY-4.0	7	
data/c1/full/evidence/bridge/raw/07-evm-osaka__plonk__c1_ctx_k04/attempt-1/edr-job.json	CC-BY-4.0	7	
data/c1/full/evidence/bridge/raw/07-evm-osaka__plonk__c1_ctx_k04/attempt-1/edr-out.json	CC-BY-4.0	7	
data/c1/full/evidence/bridge/raw/07-evm-osaka__plonk__c1_ctx_k04/attempt-1/records.jsonl	CC-BY-4.0	7	
data/c1/full/evidence/bridge/raw/07-evm-osaka__plonk__c1_ctx_k04/attempt-1/spec.json	CC-BY-4.0	7	
data/c1/full/evidence/bridge/raw/07-evm-osaka__plonk__c1_ctx_k04/attempt-1/stderr.txt	CC-BY-4.0	7	
data/c1/full/evidence/bridge/raw/07-evm-osaka__plonk__c1_ctx_k04/attempt-1/stdout.txt	CC-BY-4.0	7	
data/c1/full/evidence/bridge/raw/08-zkos-v32_at_npg100__groth16__c1_ctx_k04/attempt-1/cell-meta.json	CC-BY-4.0	7	
data/c1/full/evidence/bridge/raw/08-zkos-v32_at_npg100__groth16__c1_ctx_k04/attempt-1/node/anvil.log	CC-BY-4.0	7	
data/c1/full/evidence/bridge/raw/08-zkos-v32_at_npg100__groth16__c1_ctx_k04/attempt-1/node/server.log	CC-BY-4.0	7	
data/c1/full/evidence/bridge/raw/08-zkos-v32_at_npg100__groth16__c1_ctx_k04/attempt-1/records.jsonl	CC-BY-4.0	7	
data/c1/full/evidence/bridge/raw/08-zkos-v32_at_npg100__groth16__c1_ctx_k04/attempt-1/spec.json	CC-BY-4.0	7	
data/c1/full/evidence/bridge/raw/08-zkos-v32_at_npg100__groth16__c1_ctx_k04/attempt-1/stderr.txt	CC-BY-4.0	7	
data/c1/full/evidence/bridge/raw/08-zkos-v32_at_npg100__groth16__c1_ctx_k04/attempt-1/stdout.txt	CC-BY-4.0	7	
data/c1/full/evidence/bridge/raw/09-zkos-v32_at_npg100__plonk__c1_k01/attempt-1/cell-meta.json	CC-BY-4.0	7	
data/c1/full/evidence/bridge/raw/09-zkos-v32_at_npg100__plonk__c1_k01/attempt-1/node/anvil.log	CC-BY-4.0	7	
data/c1/full/evidence/bridge/raw/09-zkos-v32_at_npg100__plonk__c1_k01/attempt-1/node/server.log	CC-BY-4.0	7	
data/c1/full/evidence/bridge/raw/09-zkos-v32_at_npg100__plonk__c1_k01/attempt-1/records.jsonl	CC-BY-4.0	7	
data/c1/full/evidence/bridge/raw/09-zkos-v32_at_npg100__plonk__c1_k01/attempt-1/spec.json	CC-BY-4.0	7	
data/c1/full/evidence/bridge/raw/09-zkos-v32_at_npg100__plonk__c1_k01/attempt-1/stderr.txt	CC-BY-4.0	7	
data/c1/full/evidence/bridge/raw/09-zkos-v32_at_npg100__plonk__c1_k01/attempt-1/stdout.txt	CC-BY-4.0	7	
data/c1/full/evidence/bridge/raw/10-evm-osaka__plonk__c1_k01/attempt-1/cell-meta.json	CC-BY-4.0	7	
data/c1/full/evidence/bridge/raw/10-evm-osaka__plonk__c1_k01/attempt-1/edr-job.json	CC-BY-4.0	7	
data/c1/full/evidence/bridge/raw/10-evm-osaka__plonk__c1_k01/attempt-1/edr-out.json	CC-BY-4.0	7	
data/c1/full/evidence/bridge/raw/10-evm-osaka__plonk__c1_k01/attempt-1/records.jsonl	CC-BY-4.0	7	
data/c1/full/evidence/bridge/raw/10-evm-osaka__plonk__c1_k01/attempt-1/spec.json	CC-BY-4.0	7	
data/c1/full/evidence/bridge/raw/10-evm-osaka__plonk__c1_k01/attempt-1/stderr.txt	CC-BY-4.0	7	
data/c1/full/evidence/bridge/raw/10-evm-osaka__plonk__c1_k01/attempt-1/stdout.txt	CC-BY-4.0	7	
data/c1/full/evidence/bridge/raw/11-eravm-29__plonk__c1_k01/attempt-1/anvil-zksync.log	CC-BY-4.0	7	
data/c1/full/evidence/bridge/raw/11-eravm-29__plonk__c1_k01/attempt-1/anvil-zksync.log.stdout	CC-BY-4.0	7	
data/c1/full/evidence/bridge/raw/11-eravm-29__plonk__c1_k01/attempt-1/cell-meta.json	CC-BY-4.0	7	
data/c1/full/evidence/bridge/raw/11-eravm-29__plonk__c1_k01/attempt-1/eravm-calltraces.json	CC-BY-4.0	7	
data/c1/full/evidence/bridge/raw/11-eravm-29__plonk__c1_k01/attempt-1/records.jsonl	CC-BY-4.0	7	
data/c1/full/evidence/bridge/raw/11-eravm-29__plonk__c1_k01/attempt-1/spec.json	CC-BY-4.0	7	
data/c1/full/evidence/bridge/raw/11-eravm-29__plonk__c1_k01/attempt-1/stderr.txt	CC-BY-4.0	7	
data/c1/full/evidence/bridge/raw/11-eravm-29__plonk__c1_k01/attempt-1/stdout.txt	CC-BY-4.0	7	
data/c1/full/evidence/bridge/raw/l1-state-inputs-removed.tsv	CC-BY-4.0	7	
data/c1/full/evidence/compiled/c1_a4-groth16.json	GPL-3.0-or-later	2	
data/c1/full/evidence/compiled/c1_a4-plonk.json	GPL-3.0-or-later	2	
data/c1/full/evidence/compiled/c1_a8-groth16.json	GPL-3.0-or-later	2	
data/c1/full/evidence/compiled/c1_a8-plonk.json	GPL-3.0-or-later	2	
data/c1/full/evidence/compiled/c1_ctx_k04-groth16.json	GPL-3.0-or-later	2	
data/c1/full/evidence/compiled/c1_ctx_k04-plonk.json	GPL-3.0-or-later	2	
data/c1/full/evidence/compiled/c1_ctx_k06-groth16.json	GPL-3.0-or-later	2	
data/c1/full/evidence/compiled/c1_ctx_k06-plonk.json	GPL-3.0-or-later	2	
data/c1/full/evidence/compiled/c1_ctx_k08-groth16.json	GPL-3.0-or-later	2	
data/c1/full/evidence/compiled/c1_ctx_k08-plonk.json	GPL-3.0-or-later	2	
data/c1/full/evidence/compiled/c1_ctx_k12-groth16.json	GPL-3.0-or-later	2	
data/c1/full/evidence/compiled/c1_ctx_k12-plonk.json	GPL-3.0-or-later	2	
data/c1/full/evidence/compiled/c1_ctx_k16-groth16.json	GPL-3.0-or-later	2	
data/c1/full/evidence/compiled/c1_ctx_k16-plonk.json	GPL-3.0-or-later	2	
data/c1/full/evidence/compiled/c1_ctx_k24-groth16.json	GPL-3.0-or-later	2	
data/c1/full/evidence/compiled/c1_ctx_k24-plonk.json	GPL-3.0-or-later	2	
data/c1/full/evidence/compiled/c1_ctx_k32-groth16.json	GPL-3.0-or-later	2	
data/c1/full/evidence/compiled/c1_ctx_k32-plonk.json	GPL-3.0-or-later	2	
data/c1/full/evidence/compiled/c1_ctx_k64-groth16.json	GPL-3.0-or-later	2	
data/c1/full/evidence/compiled/c1_ctx_k64-plonk.json	GPL-3.0-or-later	2	
data/c1/full/evidence/compiled/c1_disc_k04-groth16.json	GPL-3.0-or-later	2	
data/c1/full/evidence/compiled/c1_disc_k04-plonk.json	GPL-3.0-or-later	2	
data/c1/full/evidence/compiled/c1_k01-groth16.json	GPL-3.0-or-later	2	
data/c1/full/evidence/compiled/c1_k01-plonk.json	GPL-3.0-or-later	2	
data/c1/full/evidence/deviations/DEVIATIONS-FULL.md	CC-BY-4.0	7	
data/c1/full/evidence/full-orchestrator.stdout	CC-BY-4.0	7	
data/c1/full/evidence/full/COLLECTION-COMPLETE	CC-BY-4.0	7	
data/c1/full/evidence/full/V2-MPI-FULL-01-records.jsonl	CC-BY-4.0	7	
data/c1/full/evidence/full/cell-order.json	CC-BY-4.0	7	
data/c1/full/evidence/full/cells/00-eravm-29__groth16__c1_a8.jsonl	CC-BY-4.0	7	
data/c1/full/evidence/full/cells/01-zkos-v32_at_npg167__groth16__c1_ctx_k04.jsonl	CC-BY-4.0	7	
data/c1/full/evidence/full/cells/02-zkos-v32_at_npg100__groth16__c1_ctx_k06.jsonl	CC-BY-4.0	7	
data/c1/full/evidence/full/cells/03-zkos-v32_at_npg156__groth16__c1_ctx_k16.jsonl	CC-BY-4.0	7	
data/c1/full/evidence/full/cells/04-eravm-27__groth16__c1_ctx_k04.jsonl	CC-BY-4.0	7	
data/c1/full/evidence/full/cells/05-zkos-v32_at_npg100__plonk__c1_ctx_k08.jsonl	CC-BY-4.0	7	
data/c1/full/evidence/full/cells/06-eravm-27__groth16__c1_ctx_k06.jsonl	CC-BY-4.0	7	
data/c1/full/evidence/full/cells/07-eravm-29__plonk__c1_ctx_k12.jsonl	CC-BY-4.0	7	
data/c1/full/evidence/full/cells/08-eravm-27__groth16__c1_k01.jsonl	CC-BY-4.0	7	
data/c1/full/evidence/full/cells/09-zkos-v32_at_npg300__plonk__c1_ctx_k16.jsonl	CC-BY-4.0	7	
data/c1/full/evidence/full/cells/10-evm-osaka__groth16__c1_disc_k04.jsonl	CC-BY-4.0	7	
data/c1/full/evidence/full/cells/11-zkos-v32_at_npg132__plonk__c1_ctx_k16.jsonl	CC-BY-4.0	7	
data/c1/full/evidence/full/cells/12-zkos-v32_at_npg100__plonk__c1_a4.jsonl	CC-BY-4.0	7	
data/c1/full/evidence/full/cells/13-zkos-v32_at_npg300__groth16__c1_ctx_k04.jsonl	CC-BY-4.0	7	
data/c1/full/evidence/full/cells/14-zkos-v32_at_npg100__plonk__c1_ctx_k12.jsonl	CC-BY-4.0	7	
data/c1/full/evidence/full/cells/15-zkos-v32_at_npg100__plonk__c1_ctx_k32.jsonl	CC-BY-4.0	7	
data/c1/full/evidence/full/cells/16-zkos-v32_at_npg100__groth16__c1_ctx_k08.jsonl	CC-BY-4.0	7	
data/c1/full/evidence/full/cells/17-evm-osaka__plonk__c1_disc_k04.jsonl	CC-BY-4.0	7	
data/c1/full/evidence/full/cells/18-eravm-29__groth16__c1_a4.jsonl	CC-BY-4.0	7	
data/c1/full/evidence/full/cells/19-eravm-27__groth16__c1_ctx_k16.jsonl	CC-BY-4.0	7	
data/c1/full/evidence/full/cells/20-zkos-v32_at_npg100__groth16__c1_ctx_k24.jsonl	CC-BY-4.0	7	
data/c1/full/evidence/full/cells/21-evm-osaka__plonk__c1_ctx_k12.jsonl	CC-BY-4.0	7	
data/c1/full/evidence/full/cells/22-zkos-v32_at_npg141__groth16__c1_ctx_k16.jsonl	CC-BY-4.0	7	
data/c1/full/evidence/full/cells/23-zkos-v32_at_npg138__groth16__c1_ctx_k04.jsonl	CC-BY-4.0	7	
data/c1/full/evidence/full/cells/24-evm-osaka__groth16__c1_a8.jsonl	CC-BY-4.0	7	
data/c1/full/evidence/full/cells/25-eravm-27__groth16__c1_ctx_k08.jsonl	CC-BY-4.0	7	
data/c1/full/evidence/full/cells/26-zkos-v32_at_npg154__plonk__c1_ctx_k16.jsonl	CC-BY-4.0	7	
data/c1/full/evidence/full/cells/27-eravm-29__plonk__c1_ctx_k32.jsonl	CC-BY-4.0	7	
data/c1/full/evidence/full/cells/28-eravm-29__groth16__c1_ctx_k12.jsonl	CC-BY-4.0	7	
data/c1/full/evidence/full/cells/29-zkos-v32_at_npg165__plonk__c1_ctx_k04.jsonl	CC-BY-4.0	7	
data/c1/full/evidence/full/cells/30-evm-osaka__groth16__c1_ctx_k06.jsonl	CC-BY-4.0	7	
data/c1/full/evidence/full/cells/31-eravm-29__plonk__c1_a8.jsonl	CC-BY-4.0	7	
data/c1/full/evidence/full/cells/32-evm-osaka__groth16__c1_a4.jsonl	CC-BY-4.0	7	
data/c1/full/evidence/full/cells/33-evm-osaka__plonk__c1_a4.jsonl	CC-BY-4.0	7	
data/c1/full/evidence/full/cells/34-eravm-27__plonk__c1_ctx_k06.jsonl	CC-BY-4.0	7	
data/c1/full/evidence/full/cells/35-eravm-27__plonk__c1_ctx_k08.jsonl	CC-BY-4.0	7	
data/c1/full/evidence/full/cells/36-eravm-27__plonk__c1_k01.jsonl	CC-BY-4.0	7	
data/c1/full/evidence/full/cells/37-zkos-v32_at_npg100__groth16__c1_ctx_k32.jsonl	CC-BY-4.0	7	
data/c1/full/evidence/full/cells/38-eravm-29__plonk__c1_a4.jsonl	CC-BY-4.0	7	
data/c1/full/evidence/full/cells/39-zkos-v32_at_npg100__plonk__c1_ctx_k24.jsonl	CC-BY-4.0	7	
data/c1/full/evidence/full/cells/40-evm-osaka__plonk__c1_ctx_k08.jsonl	CC-BY-4.0	7	
data/c1/full/evidence/full/cells/41-zkos-v32_at_npg167__plonk__c1_ctx_k04.jsonl	CC-BY-4.0	7	
data/c1/full/evidence/full/cells/42-evm-osaka__groth16__c1_ctx_k64.jsonl	CC-BY-4.0	7	
data/c1/full/evidence/full/cells/43-zkos-v32_at_npg156__plonk__c1_ctx_k16.jsonl	CC-BY-4.0	7	
data/c1/full/evidence/full/cells/44-eravm-29__groth16__c1_ctx_k08.jsonl	CC-BY-4.0	7	
data/c1/full/evidence/full/cells/45-eravm-29__groth16__c1_ctx_k24.jsonl	CC-BY-4.0	7	
data/c1/full/evidence/full/cells/46-zkos-v32_at_npg100__plonk__c1_disc_k04.jsonl	CC-BY-4.0	7	
data/c1/full/evidence/full/cells/47-zkos-v32_at_npg300__groth16__c1_ctx_k16.jsonl	CC-BY-4.0	7	
data/c1/full/evidence/full/cells/48-zkos-v32_at_npg125__groth16__c1_ctx_k04.jsonl	CC-BY-4.0	7	
data/c1/full/evidence/full/cells/49-zkos-v32_at_npg125__plonk__c1_ctx_k04.jsonl	CC-BY-4.0	7	
data/c1/full/evidence/full/cells/50-eravm-27__plonk__c1_ctx_k04.jsonl	CC-BY-4.0	7	
data/c1/full/evidence/full/cells/51-evm-osaka__groth16__c1_ctx_k24.jsonl	CC-BY-4.0	7	
data/c1/full/evidence/full/cells/52-evm-osaka__plonk__c1_ctx_k64.jsonl	CC-BY-4.0	7	
data/c1/full/evidence/full/cells/53-zkos-v32_at_npg100__groth16__c1_a4.jsonl	CC-BY-4.0	7	
data/c1/full/evidence/full/cells/54-zkos-v32_at_npg100+priority_fee=1e8wei__groth16__c1_k01.jsonl	CC-BY-4.0	7	
data/c1/full/evidence/full/cells/55-zkos-v32_at_npg100__plonk__c1_a8.jsonl	CC-BY-4.0	7	
data/c1/full/evidence/full/cells/56-evm-osaka__groth16__c1_ctx_k08.jsonl	CC-BY-4.0	7	
data/c1/full/evidence/full/cells/57-zkos-v32_at_npg100+priority_fee=1e8wei__plonk__c1_k01.jsonl	CC-BY-4.0	7	
data/c1/full/evidence/full/cells/58-zkos-v32_at_npg120__plonk__c1_ctx_k16.jsonl	CC-BY-4.0	7	
data/c1/full/evidence/full/cells/59-eravm-29__plonk__c1_ctx_k64.jsonl	CC-BY-4.0	7	
data/c1/full/evidence/full/cells/60-zkos-v32_at_npg141__plonk__c1_ctx_k16.jsonl	CC-BY-4.0	7	
data/c1/full/evidence/full/cells/61-evm-osaka__plonk__c1_ctx_k24.jsonl	CC-BY-4.0	7	
data/c1/full/evidence/full/cells/62-eravm-29__plonk__c1_ctx_k24.jsonl	CC-BY-4.0	7	
data/c1/full/evidence/full/cells/63-zkos-v32_at_npg100__groth16__c1_ctx_k12.jsonl	CC-BY-4.0	7	
data/c1/full/evidence/full/cells/64-evm-osaka__groth16__c1_ctx_k12.jsonl	CC-BY-4.0	7	
data/c1/full/evidence/full/cells/65-zkos-v32_at_npg149__groth16__c1_ctx_k04.jsonl	CC-BY-4.0	7	
data/c1/full/evidence/full/cells/66-eravm-29__groth16__c1_ctx_k06.jsonl	CC-BY-4.0	7	
data/c1/full/evidence/full/cells/67-zkos-v32_at_npg300__plonk__c1_ctx_k04.jsonl	CC-BY-4.0	7	
data/c1/full/evidence/full/cells/68-eravm-29__groth16__c1_disc_k04.jsonl	CC-BY-4.0	7	
data/c1/full/evidence/full/cells/69-zkos-v32_at_npg149__plonk__c1_ctx_k04.jsonl	CC-BY-4.0	7	
data/c1/full/evidence/full/cells/70-eravm-29__groth16__c1_ctx_k32.jsonl	CC-BY-4.0	7	
data/c1/full/evidence/full/cells/71-evm-osaka__plonk__c1_ctx_k32.jsonl	CC-BY-4.0	7	
data/c1/full/evidence/full/cells/72-eravm-29__plonk__c1_disc_k04.jsonl	CC-BY-4.0	7	
data/c1/full/evidence/full/cells/73-evm-osaka__groth16__c1_ctx_k32.jsonl	CC-BY-4.0	7	
data/c1/full/evidence/full/cells/74-eravm-27__plonk__c1_ctx_k16.jsonl	CC-BY-4.0	7	
data/c1/full/evidence/full/cells/75-eravm-29__plonk__c1_ctx_k08.jsonl	CC-BY-4.0	7	
data/c1/full/evidence/full/cells/76-eravm-29__plonk__c1_ctx_k06.jsonl	CC-BY-4.0	7	
data/c1/full/evidence/full/cells/77-zkos-v32_at_npg138__plonk__c1_ctx_k04.jsonl	CC-BY-4.0	7	
data/c1/full/evidence/full/cells/78-zkos-v32_at_npg132__groth16__c1_ctx_k16.jsonl	CC-BY-4.0	7	
data/c1/full/evidence/full/cells/79-zkos-v32_at_npg100__groth16__c1_a8.jsonl	CC-BY-4.0	7	
data/c1/full/evidence/full/cells/80-zkos-v32_at_npg100__groth16__c1_ctx_k64.jsonl	CC-BY-4.0	7	
data/c1/full/evidence/full/cells/81-zkos-v32_at_npg100__plonk__c1_ctx_k06.jsonl	CC-BY-4.0	7	
data/c1/full/evidence/full/cells/82-zkos-v32_at_npg100__plonk__c1_ctx_k64.jsonl	CC-BY-4.0	7	
data/c1/full/evidence/full/cells/83-zkos-v32_at_npg154__groth16__c1_ctx_k16.jsonl	CC-BY-4.0	7	
data/c1/full/evidence/full/cells/84-evm-osaka__plonk__c1_a8.jsonl	CC-BY-4.0	7	
data/c1/full/evidence/full/cells/85-zkos-v32_at_npg165__groth16__c1_ctx_k04.jsonl	CC-BY-4.0	7	
data/c1/full/evidence/full/cells/86-zkos-v32_at_npg100__groth16__c1_disc_k04.jsonl	CC-BY-4.0	7	
data/c1/full/evidence/full/cells/87-zkos-v32_at_npg120__groth16__c1_ctx_k16.jsonl	CC-BY-4.0	7	
data/c1/full/evidence/full/cells/88-eravm-29__groth16__c1_ctx_k64.jsonl	CC-BY-4.0	7	
data/c1/full/evidence/full/cells/89-evm-osaka__plonk__c1_ctx_k06.jsonl	CC-BY-4.0	7	
data/c1/full/evidence/full/orchestrator.log	CC-BY-4.0	7	
data/c1/full/evidence/full/raw/00-eravm-29__groth16__c1_a8/attempt-1/anvil-zksync.log	CC-BY-4.0	7	
data/c1/full/evidence/full/raw/00-eravm-29__groth16__c1_a8/attempt-1/anvil-zksync.log.stdout	CC-BY-4.0	7	
data/c1/full/evidence/full/raw/00-eravm-29__groth16__c1_a8/attempt-1/cell-meta.json	CC-BY-4.0	7	
data/c1/full/evidence/full/raw/00-eravm-29__groth16__c1_a8/attempt-1/eravm-calltraces.json	CC-BY-4.0	7	
data/c1/full/evidence/full/raw/00-eravm-29__groth16__c1_a8/attempt-1/records.jsonl	CC-BY-4.0	7	
data/c1/full/evidence/full/raw/00-eravm-29__groth16__c1_a8/attempt-1/spec.json	CC-BY-4.0	7	
data/c1/full/evidence/full/raw/00-eravm-29__groth16__c1_a8/attempt-1/stderr.txt	CC-BY-4.0	7	
data/c1/full/evidence/full/raw/00-eravm-29__groth16__c1_a8/attempt-1/stdout.txt	CC-BY-4.0	7	
data/c1/full/evidence/full/raw/01-zkos-v32_at_npg167__groth16__c1_ctx_k04/attempt-1/cell-meta.json	CC-BY-4.0	7	
data/c1/full/evidence/full/raw/01-zkos-v32_at_npg167__groth16__c1_ctx_k04/attempt-1/node/anvil.log	CC-BY-4.0	7	
data/c1/full/evidence/full/raw/01-zkos-v32_at_npg167__groth16__c1_ctx_k04/attempt-1/node/server.log	CC-BY-4.0	7	
data/c1/full/evidence/full/raw/01-zkos-v32_at_npg167__groth16__c1_ctx_k04/attempt-1/records.jsonl	CC-BY-4.0	7	
data/c1/full/evidence/full/raw/01-zkos-v32_at_npg167__groth16__c1_ctx_k04/attempt-1/spec.json	CC-BY-4.0	7	
data/c1/full/evidence/full/raw/01-zkos-v32_at_npg167__groth16__c1_ctx_k04/attempt-1/stderr.txt	CC-BY-4.0	7	
data/c1/full/evidence/full/raw/01-zkos-v32_at_npg167__groth16__c1_ctx_k04/attempt-1/stdout.txt	CC-BY-4.0	7	
data/c1/full/evidence/full/raw/02-zkos-v32_at_npg100__groth16__c1_ctx_k06/attempt-1/cell-meta.json	CC-BY-4.0	7	
data/c1/full/evidence/full/raw/02-zkos-v32_at_npg100__groth16__c1_ctx_k06/attempt-1/node/anvil.log	CC-BY-4.0	7	
data/c1/full/evidence/full/raw/02-zkos-v32_at_npg100__groth16__c1_ctx_k06/attempt-1/node/server.log	CC-BY-4.0	7	
data/c1/full/evidence/full/raw/02-zkos-v32_at_npg100__groth16__c1_ctx_k06/attempt-1/records.jsonl	CC-BY-4.0	7	
data/c1/full/evidence/full/raw/02-zkos-v32_at_npg100__groth16__c1_ctx_k06/attempt-1/spec.json	CC-BY-4.0	7	
data/c1/full/evidence/full/raw/02-zkos-v32_at_npg100__groth16__c1_ctx_k06/attempt-1/stderr.txt	CC-BY-4.0	7	
data/c1/full/evidence/full/raw/02-zkos-v32_at_npg100__groth16__c1_ctx_k06/attempt-1/stdout.txt	CC-BY-4.0	7	
data/c1/full/evidence/full/raw/03-zkos-v32_at_npg156__groth16__c1_ctx_k16/attempt-1/cell-meta.json	CC-BY-4.0	7	
data/c1/full/evidence/full/raw/03-zkos-v32_at_npg156__groth16__c1_ctx_k16/attempt-1/node/anvil.log	CC-BY-4.0	7	
data/c1/full/evidence/full/raw/03-zkos-v32_at_npg156__groth16__c1_ctx_k16/attempt-1/node/server.log	CC-BY-4.0	7	
data/c1/full/evidence/full/raw/03-zkos-v32_at_npg156__groth16__c1_ctx_k16/attempt-1/records.jsonl	CC-BY-4.0	7	
data/c1/full/evidence/full/raw/03-zkos-v32_at_npg156__groth16__c1_ctx_k16/attempt-1/spec.json	CC-BY-4.0	7	
data/c1/full/evidence/full/raw/03-zkos-v32_at_npg156__groth16__c1_ctx_k16/attempt-1/stderr.txt	CC-BY-4.0	7	
data/c1/full/evidence/full/raw/03-zkos-v32_at_npg156__groth16__c1_ctx_k16/attempt-1/stdout.txt	CC-BY-4.0	7	
data/c1/full/evidence/full/raw/04-eravm-27__groth16__c1_ctx_k04/attempt-1/anvil-zksync.log	CC-BY-4.0	7	
data/c1/full/evidence/full/raw/04-eravm-27__groth16__c1_ctx_k04/attempt-1/anvil-zksync.log.stdout	CC-BY-4.0	7	
data/c1/full/evidence/full/raw/04-eravm-27__groth16__c1_ctx_k04/attempt-1/cell-meta.json	CC-BY-4.0	7	
data/c1/full/evidence/full/raw/04-eravm-27__groth16__c1_ctx_k04/attempt-1/eravm-calltraces.json	CC-BY-4.0	7	
data/c1/full/evidence/full/raw/04-eravm-27__groth16__c1_ctx_k04/attempt-1/records.jsonl	CC-BY-4.0	7	
data/c1/full/evidence/full/raw/04-eravm-27__groth16__c1_ctx_k04/attempt-1/spec.json	CC-BY-4.0	7	
data/c1/full/evidence/full/raw/04-eravm-27__groth16__c1_ctx_k04/attempt-1/stderr.txt	CC-BY-4.0	7	
data/c1/full/evidence/full/raw/04-eravm-27__groth16__c1_ctx_k04/attempt-1/stdout.txt	CC-BY-4.0	7	
data/c1/full/evidence/full/raw/05-zkos-v32_at_npg100__plonk__c1_ctx_k08/attempt-1/cell-meta.json	CC-BY-4.0	7	
data/c1/full/evidence/full/raw/05-zkos-v32_at_npg100__plonk__c1_ctx_k08/attempt-1/node/anvil.log	CC-BY-4.0	7	
data/c1/full/evidence/full/raw/05-zkos-v32_at_npg100__plonk__c1_ctx_k08/attempt-1/node/server.log	CC-BY-4.0	7	
data/c1/full/evidence/full/raw/05-zkos-v32_at_npg100__plonk__c1_ctx_k08/attempt-1/records.jsonl	CC-BY-4.0	7	
data/c1/full/evidence/full/raw/05-zkos-v32_at_npg100__plonk__c1_ctx_k08/attempt-1/spec.json	CC-BY-4.0	7	
data/c1/full/evidence/full/raw/05-zkos-v32_at_npg100__plonk__c1_ctx_k08/attempt-1/stderr.txt	CC-BY-4.0	7	
data/c1/full/evidence/full/raw/05-zkos-v32_at_npg100__plonk__c1_ctx_k08/attempt-1/stdout.txt	CC-BY-4.0	7	
data/c1/full/evidence/full/raw/06-eravm-27__groth16__c1_ctx_k06/attempt-1/anvil-zksync.log	CC-BY-4.0	7	
data/c1/full/evidence/full/raw/06-eravm-27__groth16__c1_ctx_k06/attempt-1/anvil-zksync.log.stdout	CC-BY-4.0	7	
data/c1/full/evidence/full/raw/06-eravm-27__groth16__c1_ctx_k06/attempt-1/cell-meta.json	CC-BY-4.0	7	
data/c1/full/evidence/full/raw/06-eravm-27__groth16__c1_ctx_k06/attempt-1/eravm-calltraces.json	CC-BY-4.0	7	
data/c1/full/evidence/full/raw/06-eravm-27__groth16__c1_ctx_k06/attempt-1/records.jsonl	CC-BY-4.0	7	
data/c1/full/evidence/full/raw/06-eravm-27__groth16__c1_ctx_k06/attempt-1/spec.json	CC-BY-4.0	7	
data/c1/full/evidence/full/raw/06-eravm-27__groth16__c1_ctx_k06/attempt-1/stderr.txt	CC-BY-4.0	7	
data/c1/full/evidence/full/raw/06-eravm-27__groth16__c1_ctx_k06/attempt-1/stdout.txt	CC-BY-4.0	7	
data/c1/full/evidence/full/raw/07-eravm-29__plonk__c1_ctx_k12/attempt-1/anvil-zksync.log	CC-BY-4.0	7	
data/c1/full/evidence/full/raw/07-eravm-29__plonk__c1_ctx_k12/attempt-1/anvil-zksync.log.stdout	CC-BY-4.0	7	
data/c1/full/evidence/full/raw/07-eravm-29__plonk__c1_ctx_k12/attempt-1/cell-meta.json	CC-BY-4.0	7	
data/c1/full/evidence/full/raw/07-eravm-29__plonk__c1_ctx_k12/attempt-1/eravm-calltraces.json	CC-BY-4.0	7	
data/c1/full/evidence/full/raw/07-eravm-29__plonk__c1_ctx_k12/attempt-1/records.jsonl	CC-BY-4.0	7	
data/c1/full/evidence/full/raw/07-eravm-29__plonk__c1_ctx_k12/attempt-1/spec.json	CC-BY-4.0	7	
data/c1/full/evidence/full/raw/07-eravm-29__plonk__c1_ctx_k12/attempt-1/stderr.txt	CC-BY-4.0	7	
data/c1/full/evidence/full/raw/07-eravm-29__plonk__c1_ctx_k12/attempt-1/stdout.txt	CC-BY-4.0	7	
data/c1/full/evidence/full/raw/08-eravm-27__groth16__c1_k01/attempt-1/anvil-zksync.log	CC-BY-4.0	7	
data/c1/full/evidence/full/raw/08-eravm-27__groth16__c1_k01/attempt-1/anvil-zksync.log.stdout	CC-BY-4.0	7	
data/c1/full/evidence/full/raw/08-eravm-27__groth16__c1_k01/attempt-1/cell-meta.json	CC-BY-4.0	7	
data/c1/full/evidence/full/raw/08-eravm-27__groth16__c1_k01/attempt-1/eravm-calltraces.json	CC-BY-4.0	7	
data/c1/full/evidence/full/raw/08-eravm-27__groth16__c1_k01/attempt-1/records.jsonl	CC-BY-4.0	7	
data/c1/full/evidence/full/raw/08-eravm-27__groth16__c1_k01/attempt-1/spec.json	CC-BY-4.0	7	
data/c1/full/evidence/full/raw/08-eravm-27__groth16__c1_k01/attempt-1/stderr.txt	CC-BY-4.0	7	
data/c1/full/evidence/full/raw/08-eravm-27__groth16__c1_k01/attempt-1/stdout.txt	CC-BY-4.0	7	
data/c1/full/evidence/full/raw/09-zkos-v32_at_npg300__plonk__c1_ctx_k16/attempt-1/cell-meta.json	CC-BY-4.0	7	
data/c1/full/evidence/full/raw/09-zkos-v32_at_npg300__plonk__c1_ctx_k16/attempt-1/node/anvil.log	CC-BY-4.0	7	
data/c1/full/evidence/full/raw/09-zkos-v32_at_npg300__plonk__c1_ctx_k16/attempt-1/node/server.log	CC-BY-4.0	7	
data/c1/full/evidence/full/raw/09-zkos-v32_at_npg300__plonk__c1_ctx_k16/attempt-1/records.jsonl	CC-BY-4.0	7	
data/c1/full/evidence/full/raw/09-zkos-v32_at_npg300__plonk__c1_ctx_k16/attempt-1/spec.json	CC-BY-4.0	7	
data/c1/full/evidence/full/raw/09-zkos-v32_at_npg300__plonk__c1_ctx_k16/attempt-1/stderr.txt	CC-BY-4.0	7	
data/c1/full/evidence/full/raw/09-zkos-v32_at_npg300__plonk__c1_ctx_k16/attempt-1/stdout.txt	CC-BY-4.0	7	
data/c1/full/evidence/full/raw/10-evm-osaka__groth16__c1_disc_k04/attempt-1/cell-meta.json	CC-BY-4.0	7	
data/c1/full/evidence/full/raw/10-evm-osaka__groth16__c1_disc_k04/attempt-1/edr-job.json	CC-BY-4.0	7	
data/c1/full/evidence/full/raw/10-evm-osaka__groth16__c1_disc_k04/attempt-1/edr-out.json	CC-BY-4.0	7	
data/c1/full/evidence/full/raw/10-evm-osaka__groth16__c1_disc_k04/attempt-1/records.jsonl	CC-BY-4.0	7	
data/c1/full/evidence/full/raw/10-evm-osaka__groth16__c1_disc_k04/attempt-1/spec.json	CC-BY-4.0	7	
data/c1/full/evidence/full/raw/10-evm-osaka__groth16__c1_disc_k04/attempt-1/stderr.txt	CC-BY-4.0	7	
data/c1/full/evidence/full/raw/10-evm-osaka__groth16__c1_disc_k04/attempt-1/stdout.txt	CC-BY-4.0	7	
data/c1/full/evidence/full/raw/11-zkos-v32_at_npg132__plonk__c1_ctx_k16/attempt-1/cell-meta.json	CC-BY-4.0	7	
data/c1/full/evidence/full/raw/11-zkos-v32_at_npg132__plonk__c1_ctx_k16/attempt-1/node/anvil.log	CC-BY-4.0	7	
data/c1/full/evidence/full/raw/11-zkos-v32_at_npg132__plonk__c1_ctx_k16/attempt-1/node/server.log	CC-BY-4.0	7	
data/c1/full/evidence/full/raw/11-zkos-v32_at_npg132__plonk__c1_ctx_k16/attempt-1/records.jsonl	CC-BY-4.0	7	
data/c1/full/evidence/full/raw/11-zkos-v32_at_npg132__plonk__c1_ctx_k16/attempt-1/spec.json	CC-BY-4.0	7	
data/c1/full/evidence/full/raw/11-zkos-v32_at_npg132__plonk__c1_ctx_k16/attempt-1/stderr.txt	CC-BY-4.0	7	
data/c1/full/evidence/full/raw/11-zkos-v32_at_npg132__plonk__c1_ctx_k16/attempt-1/stdout.txt	CC-BY-4.0	7	
data/c1/full/evidence/full/raw/12-zkos-v32_at_npg100__plonk__c1_a4/attempt-1/cell-meta.json	CC-BY-4.0	7	
data/c1/full/evidence/full/raw/12-zkos-v32_at_npg100__plonk__c1_a4/attempt-1/node/anvil.log	CC-BY-4.0	7	
data/c1/full/evidence/full/raw/12-zkos-v32_at_npg100__plonk__c1_a4/attempt-1/node/server.log	CC-BY-4.0	7	
data/c1/full/evidence/full/raw/12-zkos-v32_at_npg100__plonk__c1_a4/attempt-1/records.jsonl	CC-BY-4.0	7	
data/c1/full/evidence/full/raw/12-zkos-v32_at_npg100__plonk__c1_a4/attempt-1/spec.json	CC-BY-4.0	7	
data/c1/full/evidence/full/raw/12-zkos-v32_at_npg100__plonk__c1_a4/attempt-1/stderr.txt	CC-BY-4.0	7	
data/c1/full/evidence/full/raw/12-zkos-v32_at_npg100__plonk__c1_a4/attempt-1/stdout.txt	CC-BY-4.0	7	
data/c1/full/evidence/full/raw/13-zkos-v32_at_npg300__groth16__c1_ctx_k04/attempt-1/cell-meta.json	CC-BY-4.0	7	
data/c1/full/evidence/full/raw/13-zkos-v32_at_npg300__groth16__c1_ctx_k04/attempt-1/node/anvil.log	CC-BY-4.0	7	
data/c1/full/evidence/full/raw/13-zkos-v32_at_npg300__groth16__c1_ctx_k04/attempt-1/node/server.log	CC-BY-4.0	7	
data/c1/full/evidence/full/raw/13-zkos-v32_at_npg300__groth16__c1_ctx_k04/attempt-1/records.jsonl	CC-BY-4.0	7	
data/c1/full/evidence/full/raw/13-zkos-v32_at_npg300__groth16__c1_ctx_k04/attempt-1/spec.json	CC-BY-4.0	7	
data/c1/full/evidence/full/raw/13-zkos-v32_at_npg300__groth16__c1_ctx_k04/attempt-1/stderr.txt	CC-BY-4.0	7	
data/c1/full/evidence/full/raw/13-zkos-v32_at_npg300__groth16__c1_ctx_k04/attempt-1/stdout.txt	CC-BY-4.0	7	
data/c1/full/evidence/full/raw/14-zkos-v32_at_npg100__plonk__c1_ctx_k12/attempt-1/cell-meta.json	CC-BY-4.0	7	
data/c1/full/evidence/full/raw/14-zkos-v32_at_npg100__plonk__c1_ctx_k12/attempt-1/node/anvil.log	CC-BY-4.0	7	
data/c1/full/evidence/full/raw/14-zkos-v32_at_npg100__plonk__c1_ctx_k12/attempt-1/node/server.log	CC-BY-4.0	7	
data/c1/full/evidence/full/raw/14-zkos-v32_at_npg100__plonk__c1_ctx_k12/attempt-1/records.jsonl	CC-BY-4.0	7	
data/c1/full/evidence/full/raw/14-zkos-v32_at_npg100__plonk__c1_ctx_k12/attempt-1/spec.json	CC-BY-4.0	7	
data/c1/full/evidence/full/raw/14-zkos-v32_at_npg100__plonk__c1_ctx_k12/attempt-1/stderr.txt	CC-BY-4.0	7	
data/c1/full/evidence/full/raw/14-zkos-v32_at_npg100__plonk__c1_ctx_k12/attempt-1/stdout.txt	CC-BY-4.0	7	
data/c1/full/evidence/full/raw/15-zkos-v32_at_npg100__plonk__c1_ctx_k32/attempt-1/cell-meta.json	CC-BY-4.0	7	
data/c1/full/evidence/full/raw/15-zkos-v32_at_npg100__plonk__c1_ctx_k32/attempt-1/node/anvil.log	CC-BY-4.0	7	
data/c1/full/evidence/full/raw/15-zkos-v32_at_npg100__plonk__c1_ctx_k32/attempt-1/node/server.log	CC-BY-4.0	7	
data/c1/full/evidence/full/raw/15-zkos-v32_at_npg100__plonk__c1_ctx_k32/attempt-1/records.jsonl	CC-BY-4.0	7	
data/c1/full/evidence/full/raw/15-zkos-v32_at_npg100__plonk__c1_ctx_k32/attempt-1/spec.json	CC-BY-4.0	7	
data/c1/full/evidence/full/raw/15-zkos-v32_at_npg100__plonk__c1_ctx_k32/attempt-1/stderr.txt	CC-BY-4.0	7	
data/c1/full/evidence/full/raw/15-zkos-v32_at_npg100__plonk__c1_ctx_k32/attempt-1/stdout.txt	CC-BY-4.0	7	
data/c1/full/evidence/full/raw/16-zkos-v32_at_npg100__groth16__c1_ctx_k08/attempt-1/cell-meta.json	CC-BY-4.0	7	
data/c1/full/evidence/full/raw/16-zkos-v32_at_npg100__groth16__c1_ctx_k08/attempt-1/node/anvil.log	CC-BY-4.0	7	
data/c1/full/evidence/full/raw/16-zkos-v32_at_npg100__groth16__c1_ctx_k08/attempt-1/node/server.log	CC-BY-4.0	7	
data/c1/full/evidence/full/raw/16-zkos-v32_at_npg100__groth16__c1_ctx_k08/attempt-1/records.jsonl	CC-BY-4.0	7	
data/c1/full/evidence/full/raw/16-zkos-v32_at_npg100__groth16__c1_ctx_k08/attempt-1/spec.json	CC-BY-4.0	7	
data/c1/full/evidence/full/raw/16-zkos-v32_at_npg100__groth16__c1_ctx_k08/attempt-1/stderr.txt	CC-BY-4.0	7	
data/c1/full/evidence/full/raw/16-zkos-v32_at_npg100__groth16__c1_ctx_k08/attempt-1/stdout.txt	CC-BY-4.0	7	
data/c1/full/evidence/full/raw/17-evm-osaka__plonk__c1_disc_k04/attempt-1/cell-meta.json	CC-BY-4.0	7	
data/c1/full/evidence/full/raw/17-evm-osaka__plonk__c1_disc_k04/attempt-1/edr-job.json	CC-BY-4.0	7	
data/c1/full/evidence/full/raw/17-evm-osaka__plonk__c1_disc_k04/attempt-1/edr-out.json	CC-BY-4.0	7	
data/c1/full/evidence/full/raw/17-evm-osaka__plonk__c1_disc_k04/attempt-1/records.jsonl	CC-BY-4.0	7	
data/c1/full/evidence/full/raw/17-evm-osaka__plonk__c1_disc_k04/attempt-1/spec.json	CC-BY-4.0	7	
data/c1/full/evidence/full/raw/17-evm-osaka__plonk__c1_disc_k04/attempt-1/stderr.txt	CC-BY-4.0	7	
data/c1/full/evidence/full/raw/17-evm-osaka__plonk__c1_disc_k04/attempt-1/stdout.txt	CC-BY-4.0	7	
data/c1/full/evidence/full/raw/18-eravm-29__groth16__c1_a4/attempt-1/anvil-zksync.log	CC-BY-4.0	7	
data/c1/full/evidence/full/raw/18-eravm-29__groth16__c1_a4/attempt-1/anvil-zksync.log.stdout	CC-BY-4.0	7	
data/c1/full/evidence/full/raw/18-eravm-29__groth16__c1_a4/attempt-1/cell-meta.json	CC-BY-4.0	7	
data/c1/full/evidence/full/raw/18-eravm-29__groth16__c1_a4/attempt-1/eravm-calltraces.json	CC-BY-4.0	7	
data/c1/full/evidence/full/raw/18-eravm-29__groth16__c1_a4/attempt-1/records.jsonl	CC-BY-4.0	7	
data/c1/full/evidence/full/raw/18-eravm-29__groth16__c1_a4/attempt-1/spec.json	CC-BY-4.0	7	
data/c1/full/evidence/full/raw/18-eravm-29__groth16__c1_a4/attempt-1/stderr.txt	CC-BY-4.0	7	
data/c1/full/evidence/full/raw/18-eravm-29__groth16__c1_a4/attempt-1/stdout.txt	CC-BY-4.0	7	
data/c1/full/evidence/full/raw/19-eravm-27__groth16__c1_ctx_k16/attempt-1/anvil-zksync.log	CC-BY-4.0	7	
data/c1/full/evidence/full/raw/19-eravm-27__groth16__c1_ctx_k16/attempt-1/anvil-zksync.log.stdout	CC-BY-4.0	7	
data/c1/full/evidence/full/raw/19-eravm-27__groth16__c1_ctx_k16/attempt-1/cell-meta.json	CC-BY-4.0	7	
data/c1/full/evidence/full/raw/19-eravm-27__groth16__c1_ctx_k16/attempt-1/eravm-calltraces.json	CC-BY-4.0	7	
data/c1/full/evidence/full/raw/19-eravm-27__groth16__c1_ctx_k16/attempt-1/records.jsonl	CC-BY-4.0	7	
data/c1/full/evidence/full/raw/19-eravm-27__groth16__c1_ctx_k16/attempt-1/spec.json	CC-BY-4.0	7	
data/c1/full/evidence/full/raw/19-eravm-27__groth16__c1_ctx_k16/attempt-1/stderr.txt	CC-BY-4.0	7	
data/c1/full/evidence/full/raw/19-eravm-27__groth16__c1_ctx_k16/attempt-1/stdout.txt	CC-BY-4.0	7	
data/c1/full/evidence/full/raw/20-zkos-v32_at_npg100__groth16__c1_ctx_k24/attempt-1/cell-meta.json	CC-BY-4.0	7	
data/c1/full/evidence/full/raw/20-zkos-v32_at_npg100__groth16__c1_ctx_k24/attempt-1/node/anvil.log	CC-BY-4.0	7	
data/c1/full/evidence/full/raw/20-zkos-v32_at_npg100__groth16__c1_ctx_k24/attempt-1/node/server.log	CC-BY-4.0	7	
data/c1/full/evidence/full/raw/20-zkos-v32_at_npg100__groth16__c1_ctx_k24/attempt-1/records.jsonl	CC-BY-4.0	7	
data/c1/full/evidence/full/raw/20-zkos-v32_at_npg100__groth16__c1_ctx_k24/attempt-1/spec.json	CC-BY-4.0	7	
data/c1/full/evidence/full/raw/20-zkos-v32_at_npg100__groth16__c1_ctx_k24/attempt-1/stderr.txt	CC-BY-4.0	7	
data/c1/full/evidence/full/raw/20-zkos-v32_at_npg100__groth16__c1_ctx_k24/attempt-1/stdout.txt	CC-BY-4.0	7	
data/c1/full/evidence/full/raw/21-evm-osaka__plonk__c1_ctx_k12/attempt-1/cell-meta.json	CC-BY-4.0	7	
data/c1/full/evidence/full/raw/21-evm-osaka__plonk__c1_ctx_k12/attempt-1/edr-job.json	CC-BY-4.0	7	
data/c1/full/evidence/full/raw/21-evm-osaka__plonk__c1_ctx_k12/attempt-1/edr-out.json	CC-BY-4.0	7	
data/c1/full/evidence/full/raw/21-evm-osaka__plonk__c1_ctx_k12/attempt-1/records.jsonl	CC-BY-4.0	7	
data/c1/full/evidence/full/raw/21-evm-osaka__plonk__c1_ctx_k12/attempt-1/spec.json	CC-BY-4.0	7	
data/c1/full/evidence/full/raw/21-evm-osaka__plonk__c1_ctx_k12/attempt-1/stderr.txt	CC-BY-4.0	7	
data/c1/full/evidence/full/raw/21-evm-osaka__plonk__c1_ctx_k12/attempt-1/stdout.txt	CC-BY-4.0	7	
data/c1/full/evidence/full/raw/22-zkos-v32_at_npg141__groth16__c1_ctx_k16/attempt-1/cell-meta.json	CC-BY-4.0	7	
data/c1/full/evidence/full/raw/22-zkos-v32_at_npg141__groth16__c1_ctx_k16/attempt-1/node/anvil.log	CC-BY-4.0	7	
data/c1/full/evidence/full/raw/22-zkos-v32_at_npg141__groth16__c1_ctx_k16/attempt-1/node/server.log	CC-BY-4.0	7	
data/c1/full/evidence/full/raw/22-zkos-v32_at_npg141__groth16__c1_ctx_k16/attempt-1/records.jsonl	CC-BY-4.0	7	
data/c1/full/evidence/full/raw/22-zkos-v32_at_npg141__groth16__c1_ctx_k16/attempt-1/spec.json	CC-BY-4.0	7	
data/c1/full/evidence/full/raw/22-zkos-v32_at_npg141__groth16__c1_ctx_k16/attempt-1/stderr.txt	CC-BY-4.0	7	
data/c1/full/evidence/full/raw/22-zkos-v32_at_npg141__groth16__c1_ctx_k16/attempt-1/stdout.txt	CC-BY-4.0	7	
data/c1/full/evidence/full/raw/23-zkos-v32_at_npg138__groth16__c1_ctx_k04/attempt-1/cell-meta.json	CC-BY-4.0	7	
data/c1/full/evidence/full/raw/23-zkos-v32_at_npg138__groth16__c1_ctx_k04/attempt-1/node/anvil.log	CC-BY-4.0	7	
data/c1/full/evidence/full/raw/23-zkos-v32_at_npg138__groth16__c1_ctx_k04/attempt-1/node/server.log	CC-BY-4.0	7	
data/c1/full/evidence/full/raw/23-zkos-v32_at_npg138__groth16__c1_ctx_k04/attempt-1/records.jsonl	CC-BY-4.0	7	
data/c1/full/evidence/full/raw/23-zkos-v32_at_npg138__groth16__c1_ctx_k04/attempt-1/spec.json	CC-BY-4.0	7	
data/c1/full/evidence/full/raw/23-zkos-v32_at_npg138__groth16__c1_ctx_k04/attempt-1/stderr.txt	CC-BY-4.0	7	
data/c1/full/evidence/full/raw/23-zkos-v32_at_npg138__groth16__c1_ctx_k04/attempt-1/stdout.txt	CC-BY-4.0	7	
data/c1/full/evidence/full/raw/24-evm-osaka__groth16__c1_a8/attempt-1/cell-meta.json	CC-BY-4.0	7	
data/c1/full/evidence/full/raw/24-evm-osaka__groth16__c1_a8/attempt-1/edr-job.json	CC-BY-4.0	7	
data/c1/full/evidence/full/raw/24-evm-osaka__groth16__c1_a8/attempt-1/edr-out.json	CC-BY-4.0	7	
data/c1/full/evidence/full/raw/24-evm-osaka__groth16__c1_a8/attempt-1/records.jsonl	CC-BY-4.0	7	
data/c1/full/evidence/full/raw/24-evm-osaka__groth16__c1_a8/attempt-1/spec.json	CC-BY-4.0	7	
data/c1/full/evidence/full/raw/24-evm-osaka__groth16__c1_a8/attempt-1/stderr.txt	CC-BY-4.0	7	
data/c1/full/evidence/full/raw/24-evm-osaka__groth16__c1_a8/attempt-1/stdout.txt	CC-BY-4.0	7	
data/c1/full/evidence/full/raw/25-eravm-27__groth16__c1_ctx_k08/attempt-1/anvil-zksync.log	CC-BY-4.0	7	
data/c1/full/evidence/full/raw/25-eravm-27__groth16__c1_ctx_k08/attempt-1/anvil-zksync.log.stdout	CC-BY-4.0	7	
data/c1/full/evidence/full/raw/25-eravm-27__groth16__c1_ctx_k08/attempt-1/cell-meta.json	CC-BY-4.0	7	
data/c1/full/evidence/full/raw/25-eravm-27__groth16__c1_ctx_k08/attempt-1/eravm-calltraces.json	CC-BY-4.0	7	
data/c1/full/evidence/full/raw/25-eravm-27__groth16__c1_ctx_k08/attempt-1/records.jsonl	CC-BY-4.0	7	
data/c1/full/evidence/full/raw/25-eravm-27__groth16__c1_ctx_k08/attempt-1/spec.json	CC-BY-4.0	7	
data/c1/full/evidence/full/raw/25-eravm-27__groth16__c1_ctx_k08/attempt-1/stderr.txt	CC-BY-4.0	7	
data/c1/full/evidence/full/raw/25-eravm-27__groth16__c1_ctx_k08/attempt-1/stdout.txt	CC-BY-4.0	7	
data/c1/full/evidence/full/raw/26-zkos-v32_at_npg154__plonk__c1_ctx_k16/attempt-1/cell-meta.json	CC-BY-4.0	7	
data/c1/full/evidence/full/raw/26-zkos-v32_at_npg154__plonk__c1_ctx_k16/attempt-1/node/anvil.log	CC-BY-4.0	7	
data/c1/full/evidence/full/raw/26-zkos-v32_at_npg154__plonk__c1_ctx_k16/attempt-1/node/server.log	CC-BY-4.0	7	
data/c1/full/evidence/full/raw/26-zkos-v32_at_npg154__plonk__c1_ctx_k16/attempt-1/records.jsonl	CC-BY-4.0	7	
data/c1/full/evidence/full/raw/26-zkos-v32_at_npg154__plonk__c1_ctx_k16/attempt-1/spec.json	CC-BY-4.0	7	
data/c1/full/evidence/full/raw/26-zkos-v32_at_npg154__plonk__c1_ctx_k16/attempt-1/stderr.txt	CC-BY-4.0	7	
data/c1/full/evidence/full/raw/26-zkos-v32_at_npg154__plonk__c1_ctx_k16/attempt-1/stdout.txt	CC-BY-4.0	7	
data/c1/full/evidence/full/raw/27-eravm-29__plonk__c1_ctx_k32/attempt-1/anvil-zksync.log	CC-BY-4.0	7	
data/c1/full/evidence/full/raw/27-eravm-29__plonk__c1_ctx_k32/attempt-1/anvil-zksync.log.stdout	CC-BY-4.0	7	
data/c1/full/evidence/full/raw/27-eravm-29__plonk__c1_ctx_k32/attempt-1/cell-meta.json	CC-BY-4.0	7	
data/c1/full/evidence/full/raw/27-eravm-29__plonk__c1_ctx_k32/attempt-1/eravm-calltraces.json	CC-BY-4.0	7	
data/c1/full/evidence/full/raw/27-eravm-29__plonk__c1_ctx_k32/attempt-1/records.jsonl	CC-BY-4.0	7	
data/c1/full/evidence/full/raw/27-eravm-29__plonk__c1_ctx_k32/attempt-1/spec.json	CC-BY-4.0	7	
data/c1/full/evidence/full/raw/27-eravm-29__plonk__c1_ctx_k32/attempt-1/stderr.txt	CC-BY-4.0	7	
data/c1/full/evidence/full/raw/27-eravm-29__plonk__c1_ctx_k32/attempt-1/stdout.txt	CC-BY-4.0	7	
data/c1/full/evidence/full/raw/28-eravm-29__groth16__c1_ctx_k12/attempt-1/anvil-zksync.log	CC-BY-4.0	7	
data/c1/full/evidence/full/raw/28-eravm-29__groth16__c1_ctx_k12/attempt-1/anvil-zksync.log.stdout	CC-BY-4.0	7	
data/c1/full/evidence/full/raw/28-eravm-29__groth16__c1_ctx_k12/attempt-1/cell-meta.json	CC-BY-4.0	7	
data/c1/full/evidence/full/raw/28-eravm-29__groth16__c1_ctx_k12/attempt-1/eravm-calltraces.json	CC-BY-4.0	7	
data/c1/full/evidence/full/raw/28-eravm-29__groth16__c1_ctx_k12/attempt-1/records.jsonl	CC-BY-4.0	7	
data/c1/full/evidence/full/raw/28-eravm-29__groth16__c1_ctx_k12/attempt-1/spec.json	CC-BY-4.0	7	
data/c1/full/evidence/full/raw/28-eravm-29__groth16__c1_ctx_k12/attempt-1/stderr.txt	CC-BY-4.0	7	
data/c1/full/evidence/full/raw/28-eravm-29__groth16__c1_ctx_k12/attempt-1/stdout.txt	CC-BY-4.0	7	
data/c1/full/evidence/full/raw/29-zkos-v32_at_npg165__plonk__c1_ctx_k04/attempt-1/cell-meta.json	CC-BY-4.0	7	
data/c1/full/evidence/full/raw/29-zkos-v32_at_npg165__plonk__c1_ctx_k04/attempt-1/node/anvil.log	CC-BY-4.0	7	
data/c1/full/evidence/full/raw/29-zkos-v32_at_npg165__plonk__c1_ctx_k04/attempt-1/node/server.log	CC-BY-4.0	7	
data/c1/full/evidence/full/raw/29-zkos-v32_at_npg165__plonk__c1_ctx_k04/attempt-1/records.jsonl	CC-BY-4.0	7	
data/c1/full/evidence/full/raw/29-zkos-v32_at_npg165__plonk__c1_ctx_k04/attempt-1/spec.json	CC-BY-4.0	7	
data/c1/full/evidence/full/raw/29-zkos-v32_at_npg165__plonk__c1_ctx_k04/attempt-1/stderr.txt	CC-BY-4.0	7	
data/c1/full/evidence/full/raw/29-zkos-v32_at_npg165__plonk__c1_ctx_k04/attempt-1/stdout.txt	CC-BY-4.0	7	
data/c1/full/evidence/full/raw/30-evm-osaka__groth16__c1_ctx_k06/attempt-1/cell-meta.json	CC-BY-4.0	7	
data/c1/full/evidence/full/raw/30-evm-osaka__groth16__c1_ctx_k06/attempt-1/edr-job.json	CC-BY-4.0	7	
data/c1/full/evidence/full/raw/30-evm-osaka__groth16__c1_ctx_k06/attempt-1/edr-out.json	CC-BY-4.0	7	
data/c1/full/evidence/full/raw/30-evm-osaka__groth16__c1_ctx_k06/attempt-1/records.jsonl	CC-BY-4.0	7	
data/c1/full/evidence/full/raw/30-evm-osaka__groth16__c1_ctx_k06/attempt-1/spec.json	CC-BY-4.0	7	
data/c1/full/evidence/full/raw/30-evm-osaka__groth16__c1_ctx_k06/attempt-1/stderr.txt	CC-BY-4.0	7	
data/c1/full/evidence/full/raw/30-evm-osaka__groth16__c1_ctx_k06/attempt-1/stdout.txt	CC-BY-4.0	7	
data/c1/full/evidence/full/raw/31-eravm-29__plonk__c1_a8/attempt-1/anvil-zksync.log	CC-BY-4.0	7	
data/c1/full/evidence/full/raw/31-eravm-29__plonk__c1_a8/attempt-1/anvil-zksync.log.stdout	CC-BY-4.0	7	
data/c1/full/evidence/full/raw/31-eravm-29__plonk__c1_a8/attempt-1/cell-meta.json	CC-BY-4.0	7	
data/c1/full/evidence/full/raw/31-eravm-29__plonk__c1_a8/attempt-1/eravm-calltraces.json	CC-BY-4.0	7	
data/c1/full/evidence/full/raw/31-eravm-29__plonk__c1_a8/attempt-1/records.jsonl	CC-BY-4.0	7	
data/c1/full/evidence/full/raw/31-eravm-29__plonk__c1_a8/attempt-1/spec.json	CC-BY-4.0	7	
data/c1/full/evidence/full/raw/31-eravm-29__plonk__c1_a8/attempt-1/stderr.txt	CC-BY-4.0	7	
data/c1/full/evidence/full/raw/31-eravm-29__plonk__c1_a8/attempt-1/stdout.txt	CC-BY-4.0	7	
data/c1/full/evidence/full/raw/32-evm-osaka__groth16__c1_a4/attempt-1/cell-meta.json	CC-BY-4.0	7	
data/c1/full/evidence/full/raw/32-evm-osaka__groth16__c1_a4/attempt-1/edr-job.json	CC-BY-4.0	7	
data/c1/full/evidence/full/raw/32-evm-osaka__groth16__c1_a4/attempt-1/edr-out.json	CC-BY-4.0	7	
data/c1/full/evidence/full/raw/32-evm-osaka__groth16__c1_a4/attempt-1/records.jsonl	CC-BY-4.0	7	
data/c1/full/evidence/full/raw/32-evm-osaka__groth16__c1_a4/attempt-1/spec.json	CC-BY-4.0	7	
data/c1/full/evidence/full/raw/32-evm-osaka__groth16__c1_a4/attempt-1/stderr.txt	CC-BY-4.0	7	
data/c1/full/evidence/full/raw/32-evm-osaka__groth16__c1_a4/attempt-1/stdout.txt	CC-BY-4.0	7	
data/c1/full/evidence/full/raw/33-evm-osaka__plonk__c1_a4/attempt-1/cell-meta.json	CC-BY-4.0	7	
data/c1/full/evidence/full/raw/33-evm-osaka__plonk__c1_a4/attempt-1/edr-job.json	CC-BY-4.0	7	
data/c1/full/evidence/full/raw/33-evm-osaka__plonk__c1_a4/attempt-1/edr-out.json	CC-BY-4.0	7	
data/c1/full/evidence/full/raw/33-evm-osaka__plonk__c1_a4/attempt-1/records.jsonl	CC-BY-4.0	7	
data/c1/full/evidence/full/raw/33-evm-osaka__plonk__c1_a4/attempt-1/spec.json	CC-BY-4.0	7	
data/c1/full/evidence/full/raw/33-evm-osaka__plonk__c1_a4/attempt-1/stderr.txt	CC-BY-4.0	7	
data/c1/full/evidence/full/raw/33-evm-osaka__plonk__c1_a4/attempt-1/stdout.txt	CC-BY-4.0	7	
data/c1/full/evidence/full/raw/34-eravm-27__plonk__c1_ctx_k06/attempt-1/anvil-zksync.log	CC-BY-4.0	7	
data/c1/full/evidence/full/raw/34-eravm-27__plonk__c1_ctx_k06/attempt-1/anvil-zksync.log.stdout	CC-BY-4.0	7	
data/c1/full/evidence/full/raw/34-eravm-27__plonk__c1_ctx_k06/attempt-1/cell-meta.json	CC-BY-4.0	7	
data/c1/full/evidence/full/raw/34-eravm-27__plonk__c1_ctx_k06/attempt-1/eravm-calltraces.json	CC-BY-4.0	7	
data/c1/full/evidence/full/raw/34-eravm-27__plonk__c1_ctx_k06/attempt-1/records.jsonl	CC-BY-4.0	7	
data/c1/full/evidence/full/raw/34-eravm-27__plonk__c1_ctx_k06/attempt-1/spec.json	CC-BY-4.0	7	
data/c1/full/evidence/full/raw/34-eravm-27__plonk__c1_ctx_k06/attempt-1/stderr.txt	CC-BY-4.0	7	
data/c1/full/evidence/full/raw/34-eravm-27__plonk__c1_ctx_k06/attempt-1/stdout.txt	CC-BY-4.0	7	
data/c1/full/evidence/full/raw/35-eravm-27__plonk__c1_ctx_k08/attempt-1/anvil-zksync.log	CC-BY-4.0	7	
data/c1/full/evidence/full/raw/35-eravm-27__plonk__c1_ctx_k08/attempt-1/anvil-zksync.log.stdout	CC-BY-4.0	7	
data/c1/full/evidence/full/raw/35-eravm-27__plonk__c1_ctx_k08/attempt-1/cell-meta.json	CC-BY-4.0	7	
data/c1/full/evidence/full/raw/35-eravm-27__plonk__c1_ctx_k08/attempt-1/eravm-calltraces.json	CC-BY-4.0	7	
data/c1/full/evidence/full/raw/35-eravm-27__plonk__c1_ctx_k08/attempt-1/records.jsonl	CC-BY-4.0	7	
data/c1/full/evidence/full/raw/35-eravm-27__plonk__c1_ctx_k08/attempt-1/spec.json	CC-BY-4.0	7	
data/c1/full/evidence/full/raw/35-eravm-27__plonk__c1_ctx_k08/attempt-1/stderr.txt	CC-BY-4.0	7	
data/c1/full/evidence/full/raw/35-eravm-27__plonk__c1_ctx_k08/attempt-1/stdout.txt	CC-BY-4.0	7	
data/c1/full/evidence/full/raw/36-eravm-27__plonk__c1_k01/attempt-1/anvil-zksync.log	CC-BY-4.0	7	
data/c1/full/evidence/full/raw/36-eravm-27__plonk__c1_k01/attempt-1/anvil-zksync.log.stdout	CC-BY-4.0	7	
data/c1/full/evidence/full/raw/36-eravm-27__plonk__c1_k01/attempt-1/cell-meta.json	CC-BY-4.0	7	
data/c1/full/evidence/full/raw/36-eravm-27__plonk__c1_k01/attempt-1/eravm-calltraces.json	CC-BY-4.0	7	
data/c1/full/evidence/full/raw/36-eravm-27__plonk__c1_k01/attempt-1/records.jsonl	CC-BY-4.0	7	
data/c1/full/evidence/full/raw/36-eravm-27__plonk__c1_k01/attempt-1/spec.json	CC-BY-4.0	7	
data/c1/full/evidence/full/raw/36-eravm-27__plonk__c1_k01/attempt-1/stderr.txt	CC-BY-4.0	7	
data/c1/full/evidence/full/raw/36-eravm-27__plonk__c1_k01/attempt-1/stdout.txt	CC-BY-4.0	7	
data/c1/full/evidence/full/raw/37-zkos-v32_at_npg100__groth16__c1_ctx_k32/attempt-1/cell-meta.json	CC-BY-4.0	7	
data/c1/full/evidence/full/raw/37-zkos-v32_at_npg100__groth16__c1_ctx_k32/attempt-1/node/anvil.log	CC-BY-4.0	7	
data/c1/full/evidence/full/raw/37-zkos-v32_at_npg100__groth16__c1_ctx_k32/attempt-1/node/server.log	CC-BY-4.0	7	
data/c1/full/evidence/full/raw/37-zkos-v32_at_npg100__groth16__c1_ctx_k32/attempt-1/records.jsonl	CC-BY-4.0	7	
data/c1/full/evidence/full/raw/37-zkos-v32_at_npg100__groth16__c1_ctx_k32/attempt-1/spec.json	CC-BY-4.0	7	
data/c1/full/evidence/full/raw/37-zkos-v32_at_npg100__groth16__c1_ctx_k32/attempt-1/stderr.txt	CC-BY-4.0	7	
data/c1/full/evidence/full/raw/37-zkos-v32_at_npg100__groth16__c1_ctx_k32/attempt-1/stdout.txt	CC-BY-4.0	7	
data/c1/full/evidence/full/raw/38-eravm-29__plonk__c1_a4/attempt-1/anvil-zksync.log	CC-BY-4.0	7	
data/c1/full/evidence/full/raw/38-eravm-29__plonk__c1_a4/attempt-1/anvil-zksync.log.stdout	CC-BY-4.0	7	
data/c1/full/evidence/full/raw/38-eravm-29__plonk__c1_a4/attempt-1/cell-meta.json	CC-BY-4.0	7	
data/c1/full/evidence/full/raw/38-eravm-29__plonk__c1_a4/attempt-1/eravm-calltraces.json	CC-BY-4.0	7	
data/c1/full/evidence/full/raw/38-eravm-29__plonk__c1_a4/attempt-1/records.jsonl	CC-BY-4.0	7	
data/c1/full/evidence/full/raw/38-eravm-29__plonk__c1_a4/attempt-1/spec.json	CC-BY-4.0	7	
data/c1/full/evidence/full/raw/38-eravm-29__plonk__c1_a4/attempt-1/stderr.txt	CC-BY-4.0	7	
data/c1/full/evidence/full/raw/38-eravm-29__plonk__c1_a4/attempt-1/stdout.txt	CC-BY-4.0	7	
data/c1/full/evidence/full/raw/39-zkos-v32_at_npg100__plonk__c1_ctx_k24/attempt-1/cell-meta.json	CC-BY-4.0	7	
data/c1/full/evidence/full/raw/39-zkos-v32_at_npg100__plonk__c1_ctx_k24/attempt-1/node/anvil.log	CC-BY-4.0	7	
data/c1/full/evidence/full/raw/39-zkos-v32_at_npg100__plonk__c1_ctx_k24/attempt-1/node/server.log	CC-BY-4.0	7	
data/c1/full/evidence/full/raw/39-zkos-v32_at_npg100__plonk__c1_ctx_k24/attempt-1/records.jsonl	CC-BY-4.0	7	
data/c1/full/evidence/full/raw/39-zkos-v32_at_npg100__plonk__c1_ctx_k24/attempt-1/spec.json	CC-BY-4.0	7	
data/c1/full/evidence/full/raw/39-zkos-v32_at_npg100__plonk__c1_ctx_k24/attempt-1/stderr.txt	CC-BY-4.0	7	
data/c1/full/evidence/full/raw/39-zkos-v32_at_npg100__plonk__c1_ctx_k24/attempt-1/stdout.txt	CC-BY-4.0	7	
data/c1/full/evidence/full/raw/40-evm-osaka__plonk__c1_ctx_k08/attempt-1/cell-meta.json	CC-BY-4.0	7	
data/c1/full/evidence/full/raw/40-evm-osaka__plonk__c1_ctx_k08/attempt-1/edr-job.json	CC-BY-4.0	7	
data/c1/full/evidence/full/raw/40-evm-osaka__plonk__c1_ctx_k08/attempt-1/edr-out.json	CC-BY-4.0	7	
data/c1/full/evidence/full/raw/40-evm-osaka__plonk__c1_ctx_k08/attempt-1/records.jsonl	CC-BY-4.0	7	
data/c1/full/evidence/full/raw/40-evm-osaka__plonk__c1_ctx_k08/attempt-1/spec.json	CC-BY-4.0	7	
data/c1/full/evidence/full/raw/40-evm-osaka__plonk__c1_ctx_k08/attempt-1/stderr.txt	CC-BY-4.0	7	
data/c1/full/evidence/full/raw/40-evm-osaka__plonk__c1_ctx_k08/attempt-1/stdout.txt	CC-BY-4.0	7	
data/c1/full/evidence/full/raw/41-zkos-v32_at_npg167__plonk__c1_ctx_k04/attempt-1/cell-meta.json	CC-BY-4.0	7	
data/c1/full/evidence/full/raw/41-zkos-v32_at_npg167__plonk__c1_ctx_k04/attempt-1/node/anvil.log	CC-BY-4.0	7	
data/c1/full/evidence/full/raw/41-zkos-v32_at_npg167__plonk__c1_ctx_k04/attempt-1/node/server.log	CC-BY-4.0	7	
data/c1/full/evidence/full/raw/41-zkos-v32_at_npg167__plonk__c1_ctx_k04/attempt-1/records.jsonl	CC-BY-4.0	7	
data/c1/full/evidence/full/raw/41-zkos-v32_at_npg167__plonk__c1_ctx_k04/attempt-1/spec.json	CC-BY-4.0	7	
data/c1/full/evidence/full/raw/41-zkos-v32_at_npg167__plonk__c1_ctx_k04/attempt-1/stderr.txt	CC-BY-4.0	7	
data/c1/full/evidence/full/raw/41-zkos-v32_at_npg167__plonk__c1_ctx_k04/attempt-1/stdout.txt	CC-BY-4.0	7	
data/c1/full/evidence/full/raw/42-evm-osaka__groth16__c1_ctx_k64/attempt-1/cell-meta.json	CC-BY-4.0	7	
data/c1/full/evidence/full/raw/42-evm-osaka__groth16__c1_ctx_k64/attempt-1/edr-job.json	CC-BY-4.0	7	
data/c1/full/evidence/full/raw/42-evm-osaka__groth16__c1_ctx_k64/attempt-1/edr-out.json	CC-BY-4.0	7	
data/c1/full/evidence/full/raw/42-evm-osaka__groth16__c1_ctx_k64/attempt-1/records.jsonl	CC-BY-4.0	7	
data/c1/full/evidence/full/raw/42-evm-osaka__groth16__c1_ctx_k64/attempt-1/spec.json	CC-BY-4.0	7	
data/c1/full/evidence/full/raw/42-evm-osaka__groth16__c1_ctx_k64/attempt-1/stderr.txt	CC-BY-4.0	7	
data/c1/full/evidence/full/raw/42-evm-osaka__groth16__c1_ctx_k64/attempt-1/stdout.txt	CC-BY-4.0	7	
data/c1/full/evidence/full/raw/43-zkos-v32_at_npg156__plonk__c1_ctx_k16/attempt-1/cell-meta.json	CC-BY-4.0	7	
data/c1/full/evidence/full/raw/43-zkos-v32_at_npg156__plonk__c1_ctx_k16/attempt-1/node/anvil.log	CC-BY-4.0	7	
data/c1/full/evidence/full/raw/43-zkos-v32_at_npg156__plonk__c1_ctx_k16/attempt-1/node/server.log	CC-BY-4.0	7	
data/c1/full/evidence/full/raw/43-zkos-v32_at_npg156__plonk__c1_ctx_k16/attempt-1/records.jsonl	CC-BY-4.0	7	
data/c1/full/evidence/full/raw/43-zkos-v32_at_npg156__plonk__c1_ctx_k16/attempt-1/spec.json	CC-BY-4.0	7	
data/c1/full/evidence/full/raw/43-zkos-v32_at_npg156__plonk__c1_ctx_k16/attempt-1/stderr.txt	CC-BY-4.0	7	
data/c1/full/evidence/full/raw/43-zkos-v32_at_npg156__plonk__c1_ctx_k16/attempt-1/stdout.txt	CC-BY-4.0	7	
data/c1/full/evidence/full/raw/44-eravm-29__groth16__c1_ctx_k08/attempt-1/anvil-zksync.log	CC-BY-4.0	7	
data/c1/full/evidence/full/raw/44-eravm-29__groth16__c1_ctx_k08/attempt-1/anvil-zksync.log.stdout	CC-BY-4.0	7	
data/c1/full/evidence/full/raw/44-eravm-29__groth16__c1_ctx_k08/attempt-1/cell-meta.json	CC-BY-4.0	7	
data/c1/full/evidence/full/raw/44-eravm-29__groth16__c1_ctx_k08/attempt-1/eravm-calltraces.json	CC-BY-4.0	7	
data/c1/full/evidence/full/raw/44-eravm-29__groth16__c1_ctx_k08/attempt-1/records.jsonl	CC-BY-4.0	7	
data/c1/full/evidence/full/raw/44-eravm-29__groth16__c1_ctx_k08/attempt-1/spec.json	CC-BY-4.0	7	
data/c1/full/evidence/full/raw/44-eravm-29__groth16__c1_ctx_k08/attempt-1/stderr.txt	CC-BY-4.0	7	
data/c1/full/evidence/full/raw/44-eravm-29__groth16__c1_ctx_k08/attempt-1/stdout.txt	CC-BY-4.0	7	
data/c1/full/evidence/full/raw/45-eravm-29__groth16__c1_ctx_k24/attempt-1/anvil-zksync.log	CC-BY-4.0	7	
data/c1/full/evidence/full/raw/45-eravm-29__groth16__c1_ctx_k24/attempt-1/anvil-zksync.log.stdout	CC-BY-4.0	7	
data/c1/full/evidence/full/raw/45-eravm-29__groth16__c1_ctx_k24/attempt-1/cell-meta.json	CC-BY-4.0	7	
data/c1/full/evidence/full/raw/45-eravm-29__groth16__c1_ctx_k24/attempt-1/eravm-calltraces.json	CC-BY-4.0	7	
data/c1/full/evidence/full/raw/45-eravm-29__groth16__c1_ctx_k24/attempt-1/records.jsonl	CC-BY-4.0	7	
data/c1/full/evidence/full/raw/45-eravm-29__groth16__c1_ctx_k24/attempt-1/spec.json	CC-BY-4.0	7	
data/c1/full/evidence/full/raw/45-eravm-29__groth16__c1_ctx_k24/attempt-1/stderr.txt	CC-BY-4.0	7	
data/c1/full/evidence/full/raw/45-eravm-29__groth16__c1_ctx_k24/attempt-1/stdout.txt	CC-BY-4.0	7	
data/c1/full/evidence/full/raw/46-zkos-v32_at_npg100__plonk__c1_disc_k04/attempt-1/cell-meta.json	CC-BY-4.0	7	
data/c1/full/evidence/full/raw/46-zkos-v32_at_npg100__plonk__c1_disc_k04/attempt-1/node/anvil.log	CC-BY-4.0	7	
data/c1/full/evidence/full/raw/46-zkos-v32_at_npg100__plonk__c1_disc_k04/attempt-1/node/server.log	CC-BY-4.0	7	
data/c1/full/evidence/full/raw/46-zkos-v32_at_npg100__plonk__c1_disc_k04/attempt-1/records.jsonl	CC-BY-4.0	7	
data/c1/full/evidence/full/raw/46-zkos-v32_at_npg100__plonk__c1_disc_k04/attempt-1/spec.json	CC-BY-4.0	7	
data/c1/full/evidence/full/raw/46-zkos-v32_at_npg100__plonk__c1_disc_k04/attempt-1/stderr.txt	CC-BY-4.0	7	
data/c1/full/evidence/full/raw/46-zkos-v32_at_npg100__plonk__c1_disc_k04/attempt-1/stdout.txt	CC-BY-4.0	7	
data/c1/full/evidence/full/raw/47-zkos-v32_at_npg300__groth16__c1_ctx_k16/attempt-1/cell-meta.json	CC-BY-4.0	7	
data/c1/full/evidence/full/raw/47-zkos-v32_at_npg300__groth16__c1_ctx_k16/attempt-1/node/anvil.log	CC-BY-4.0	7	
data/c1/full/evidence/full/raw/47-zkos-v32_at_npg300__groth16__c1_ctx_k16/attempt-1/node/server.log	CC-BY-4.0	7	
data/c1/full/evidence/full/raw/47-zkos-v32_at_npg300__groth16__c1_ctx_k16/attempt-1/records.jsonl	CC-BY-4.0	7	
data/c1/full/evidence/full/raw/47-zkos-v32_at_npg300__groth16__c1_ctx_k16/attempt-1/spec.json	CC-BY-4.0	7	
data/c1/full/evidence/full/raw/47-zkos-v32_at_npg300__groth16__c1_ctx_k16/attempt-1/stderr.txt	CC-BY-4.0	7	
data/c1/full/evidence/full/raw/47-zkos-v32_at_npg300__groth16__c1_ctx_k16/attempt-1/stdout.txt	CC-BY-4.0	7	
data/c1/full/evidence/full/raw/48-zkos-v32_at_npg125__groth16__c1_ctx_k04/attempt-1/cell-meta.json	CC-BY-4.0	7	
data/c1/full/evidence/full/raw/48-zkos-v32_at_npg125__groth16__c1_ctx_k04/attempt-1/node/anvil.log	CC-BY-4.0	7	
data/c1/full/evidence/full/raw/48-zkos-v32_at_npg125__groth16__c1_ctx_k04/attempt-1/node/server.log	CC-BY-4.0	7	
data/c1/full/evidence/full/raw/48-zkos-v32_at_npg125__groth16__c1_ctx_k04/attempt-1/records.jsonl	CC-BY-4.0	7	
data/c1/full/evidence/full/raw/48-zkos-v32_at_npg125__groth16__c1_ctx_k04/attempt-1/spec.json	CC-BY-4.0	7	
data/c1/full/evidence/full/raw/48-zkos-v32_at_npg125__groth16__c1_ctx_k04/attempt-1/stderr.txt	CC-BY-4.0	7	
data/c1/full/evidence/full/raw/48-zkos-v32_at_npg125__groth16__c1_ctx_k04/attempt-1/stdout.txt	CC-BY-4.0	7	
data/c1/full/evidence/full/raw/49-zkos-v32_at_npg125__plonk__c1_ctx_k04/attempt-1/cell-meta.json	CC-BY-4.0	7	
data/c1/full/evidence/full/raw/49-zkos-v32_at_npg125__plonk__c1_ctx_k04/attempt-1/node/anvil.log	CC-BY-4.0	7	
data/c1/full/evidence/full/raw/49-zkos-v32_at_npg125__plonk__c1_ctx_k04/attempt-1/node/server.log	CC-BY-4.0	7	
data/c1/full/evidence/full/raw/49-zkos-v32_at_npg125__plonk__c1_ctx_k04/attempt-1/records.jsonl	CC-BY-4.0	7	
data/c1/full/evidence/full/raw/49-zkos-v32_at_npg125__plonk__c1_ctx_k04/attempt-1/spec.json	CC-BY-4.0	7	
data/c1/full/evidence/full/raw/49-zkos-v32_at_npg125__plonk__c1_ctx_k04/attempt-1/stderr.txt	CC-BY-4.0	7	
data/c1/full/evidence/full/raw/49-zkos-v32_at_npg125__plonk__c1_ctx_k04/attempt-1/stdout.txt	CC-BY-4.0	7	
data/c1/full/evidence/full/raw/50-eravm-27__plonk__c1_ctx_k04/attempt-1/anvil-zksync.log	CC-BY-4.0	7	
data/c1/full/evidence/full/raw/50-eravm-27__plonk__c1_ctx_k04/attempt-1/anvil-zksync.log.stdout	CC-BY-4.0	7	
data/c1/full/evidence/full/raw/50-eravm-27__plonk__c1_ctx_k04/attempt-1/cell-meta.json	CC-BY-4.0	7	
data/c1/full/evidence/full/raw/50-eravm-27__plonk__c1_ctx_k04/attempt-1/eravm-calltraces.json	CC-BY-4.0	7	
data/c1/full/evidence/full/raw/50-eravm-27__plonk__c1_ctx_k04/attempt-1/records.jsonl	CC-BY-4.0	7	
data/c1/full/evidence/full/raw/50-eravm-27__plonk__c1_ctx_k04/attempt-1/spec.json	CC-BY-4.0	7	
data/c1/full/evidence/full/raw/50-eravm-27__plonk__c1_ctx_k04/attempt-1/stderr.txt	CC-BY-4.0	7	
data/c1/full/evidence/full/raw/50-eravm-27__plonk__c1_ctx_k04/attempt-1/stdout.txt	CC-BY-4.0	7	
data/c1/full/evidence/full/raw/51-evm-osaka__groth16__c1_ctx_k24/attempt-1/cell-meta.json	CC-BY-4.0	7	
data/c1/full/evidence/full/raw/51-evm-osaka__groth16__c1_ctx_k24/attempt-1/edr-job.json	CC-BY-4.0	7	
data/c1/full/evidence/full/raw/51-evm-osaka__groth16__c1_ctx_k24/attempt-1/edr-out.json	CC-BY-4.0	7	
data/c1/full/evidence/full/raw/51-evm-osaka__groth16__c1_ctx_k24/attempt-1/records.jsonl	CC-BY-4.0	7	
data/c1/full/evidence/full/raw/51-evm-osaka__groth16__c1_ctx_k24/attempt-1/spec.json	CC-BY-4.0	7	
data/c1/full/evidence/full/raw/51-evm-osaka__groth16__c1_ctx_k24/attempt-1/stderr.txt	CC-BY-4.0	7	
data/c1/full/evidence/full/raw/51-evm-osaka__groth16__c1_ctx_k24/attempt-1/stdout.txt	CC-BY-4.0	7	
data/c1/full/evidence/full/raw/52-evm-osaka__plonk__c1_ctx_k64/attempt-1/cell-meta.json	CC-BY-4.0	7	
data/c1/full/evidence/full/raw/52-evm-osaka__plonk__c1_ctx_k64/attempt-1/edr-job.json	CC-BY-4.0	7	
data/c1/full/evidence/full/raw/52-evm-osaka__plonk__c1_ctx_k64/attempt-1/edr-out.json	CC-BY-4.0	7	
data/c1/full/evidence/full/raw/52-evm-osaka__plonk__c1_ctx_k64/attempt-1/records.jsonl	CC-BY-4.0	7	
data/c1/full/evidence/full/raw/52-evm-osaka__plonk__c1_ctx_k64/attempt-1/spec.json	CC-BY-4.0	7	
data/c1/full/evidence/full/raw/52-evm-osaka__plonk__c1_ctx_k64/attempt-1/stderr.txt	CC-BY-4.0	7	
data/c1/full/evidence/full/raw/52-evm-osaka__plonk__c1_ctx_k64/attempt-1/stdout.txt	CC-BY-4.0	7	
data/c1/full/evidence/full/raw/53-zkos-v32_at_npg100__groth16__c1_a4/attempt-1/cell-meta.json	CC-BY-4.0	7	
data/c1/full/evidence/full/raw/53-zkos-v32_at_npg100__groth16__c1_a4/attempt-1/node/anvil.log	CC-BY-4.0	7	
data/c1/full/evidence/full/raw/53-zkos-v32_at_npg100__groth16__c1_a4/attempt-1/node/server.log	CC-BY-4.0	7	
data/c1/full/evidence/full/raw/53-zkos-v32_at_npg100__groth16__c1_a4/attempt-1/records.jsonl	CC-BY-4.0	7	
data/c1/full/evidence/full/raw/53-zkos-v32_at_npg100__groth16__c1_a4/attempt-1/spec.json	CC-BY-4.0	7	
data/c1/full/evidence/full/raw/53-zkos-v32_at_npg100__groth16__c1_a4/attempt-1/stderr.txt	CC-BY-4.0	7	
data/c1/full/evidence/full/raw/53-zkos-v32_at_npg100__groth16__c1_a4/attempt-1/stdout.txt	CC-BY-4.0	7	
data/c1/full/evidence/full/raw/54-zkos-v32_at_npg100+priority_fee=1e8wei__groth16__c1_k01/attempt-1/cell-meta.json	CC-BY-4.0	7	
data/c1/full/evidence/full/raw/54-zkos-v32_at_npg100+priority_fee=1e8wei__groth16__c1_k01/attempt-1/node/anvil.log	CC-BY-4.0	7	
data/c1/full/evidence/full/raw/54-zkos-v32_at_npg100+priority_fee=1e8wei__groth16__c1_k01/attempt-1/node/server.log	CC-BY-4.0	7	
data/c1/full/evidence/full/raw/54-zkos-v32_at_npg100+priority_fee=1e8wei__groth16__c1_k01/attempt-1/records.jsonl	CC-BY-4.0	7	
data/c1/full/evidence/full/raw/54-zkos-v32_at_npg100+priority_fee=1e8wei__groth16__c1_k01/attempt-1/spec.json	CC-BY-4.0	7	
data/c1/full/evidence/full/raw/54-zkos-v32_at_npg100+priority_fee=1e8wei__groth16__c1_k01/attempt-1/stderr.txt	CC-BY-4.0	7	
data/c1/full/evidence/full/raw/54-zkos-v32_at_npg100+priority_fee=1e8wei__groth16__c1_k01/attempt-1/stdout.txt	CC-BY-4.0	7	
data/c1/full/evidence/full/raw/55-zkos-v32_at_npg100__plonk__c1_a8/attempt-1/cell-meta.json	CC-BY-4.0	7	
data/c1/full/evidence/full/raw/55-zkos-v32_at_npg100__plonk__c1_a8/attempt-1/node/anvil.log	CC-BY-4.0	7	
data/c1/full/evidence/full/raw/55-zkos-v32_at_npg100__plonk__c1_a8/attempt-1/node/server.log	CC-BY-4.0	7	
data/c1/full/evidence/full/raw/55-zkos-v32_at_npg100__plonk__c1_a8/attempt-1/records.jsonl	CC-BY-4.0	7	
data/c1/full/evidence/full/raw/55-zkos-v32_at_npg100__plonk__c1_a8/attempt-1/spec.json	CC-BY-4.0	7	
data/c1/full/evidence/full/raw/55-zkos-v32_at_npg100__plonk__c1_a8/attempt-1/stderr.txt	CC-BY-4.0	7	
data/c1/full/evidence/full/raw/55-zkos-v32_at_npg100__plonk__c1_a8/attempt-1/stdout.txt	CC-BY-4.0	7	
data/c1/full/evidence/full/raw/56-evm-osaka__groth16__c1_ctx_k08/attempt-1/cell-meta.json	CC-BY-4.0	7	
data/c1/full/evidence/full/raw/56-evm-osaka__groth16__c1_ctx_k08/attempt-1/edr-job.json	CC-BY-4.0	7	
data/c1/full/evidence/full/raw/56-evm-osaka__groth16__c1_ctx_k08/attempt-1/edr-out.json	CC-BY-4.0	7	
data/c1/full/evidence/full/raw/56-evm-osaka__groth16__c1_ctx_k08/attempt-1/records.jsonl	CC-BY-4.0	7	
data/c1/full/evidence/full/raw/56-evm-osaka__groth16__c1_ctx_k08/attempt-1/spec.json	CC-BY-4.0	7	
data/c1/full/evidence/full/raw/56-evm-osaka__groth16__c1_ctx_k08/attempt-1/stderr.txt	CC-BY-4.0	7	
data/c1/full/evidence/full/raw/56-evm-osaka__groth16__c1_ctx_k08/attempt-1/stdout.txt	CC-BY-4.0	7	
data/c1/full/evidence/full/raw/57-zkos-v32_at_npg100+priority_fee=1e8wei__plonk__c1_k01/attempt-1/cell-meta.json	CC-BY-4.0	7	
data/c1/full/evidence/full/raw/57-zkos-v32_at_npg100+priority_fee=1e8wei__plonk__c1_k01/attempt-1/node/anvil.log	CC-BY-4.0	7	
data/c1/full/evidence/full/raw/57-zkos-v32_at_npg100+priority_fee=1e8wei__plonk__c1_k01/attempt-1/node/server.log	CC-BY-4.0	7	
data/c1/full/evidence/full/raw/57-zkos-v32_at_npg100+priority_fee=1e8wei__plonk__c1_k01/attempt-1/records.jsonl	CC-BY-4.0	7	
data/c1/full/evidence/full/raw/57-zkos-v32_at_npg100+priority_fee=1e8wei__plonk__c1_k01/attempt-1/spec.json	CC-BY-4.0	7	
data/c1/full/evidence/full/raw/57-zkos-v32_at_npg100+priority_fee=1e8wei__plonk__c1_k01/attempt-1/stderr.txt	CC-BY-4.0	7	
data/c1/full/evidence/full/raw/57-zkos-v32_at_npg100+priority_fee=1e8wei__plonk__c1_k01/attempt-1/stdout.txt	CC-BY-4.0	7	
data/c1/full/evidence/full/raw/58-zkos-v32_at_npg120__plonk__c1_ctx_k16/attempt-1/cell-meta.json	CC-BY-4.0	7	
data/c1/full/evidence/full/raw/58-zkos-v32_at_npg120__plonk__c1_ctx_k16/attempt-1/node/anvil.log	CC-BY-4.0	7	
data/c1/full/evidence/full/raw/58-zkos-v32_at_npg120__plonk__c1_ctx_k16/attempt-1/node/server.log	CC-BY-4.0	7	
data/c1/full/evidence/full/raw/58-zkos-v32_at_npg120__plonk__c1_ctx_k16/attempt-1/records.jsonl	CC-BY-4.0	7	
data/c1/full/evidence/full/raw/58-zkos-v32_at_npg120__plonk__c1_ctx_k16/attempt-1/spec.json	CC-BY-4.0	7	
data/c1/full/evidence/full/raw/58-zkos-v32_at_npg120__plonk__c1_ctx_k16/attempt-1/stderr.txt	CC-BY-4.0	7	
data/c1/full/evidence/full/raw/58-zkos-v32_at_npg120__plonk__c1_ctx_k16/attempt-1/stdout.txt	CC-BY-4.0	7	
data/c1/full/evidence/full/raw/59-eravm-29__plonk__c1_ctx_k64/attempt-1/anvil-zksync.log	CC-BY-4.0	7	
data/c1/full/evidence/full/raw/59-eravm-29__plonk__c1_ctx_k64/attempt-1/anvil-zksync.log.stdout	CC-BY-4.0	7	
data/c1/full/evidence/full/raw/59-eravm-29__plonk__c1_ctx_k64/attempt-1/cell-meta.json	CC-BY-4.0	7	
data/c1/full/evidence/full/raw/59-eravm-29__plonk__c1_ctx_k64/attempt-1/eravm-calltraces.json	CC-BY-4.0	7	
data/c1/full/evidence/full/raw/59-eravm-29__plonk__c1_ctx_k64/attempt-1/records.jsonl	CC-BY-4.0	7	
data/c1/full/evidence/full/raw/59-eravm-29__plonk__c1_ctx_k64/attempt-1/spec.json	CC-BY-4.0	7	
data/c1/full/evidence/full/raw/59-eravm-29__plonk__c1_ctx_k64/attempt-1/stderr.txt	CC-BY-4.0	7	
data/c1/full/evidence/full/raw/59-eravm-29__plonk__c1_ctx_k64/attempt-1/stdout.txt	CC-BY-4.0	7	
data/c1/full/evidence/full/raw/60-zkos-v32_at_npg141__plonk__c1_ctx_k16/attempt-1/cell-meta.json	CC-BY-4.0	7	
data/c1/full/evidence/full/raw/60-zkos-v32_at_npg141__plonk__c1_ctx_k16/attempt-1/node/anvil.log	CC-BY-4.0	7	
data/c1/full/evidence/full/raw/60-zkos-v32_at_npg141__plonk__c1_ctx_k16/attempt-1/node/server.log	CC-BY-4.0	7	
data/c1/full/evidence/full/raw/60-zkos-v32_at_npg141__plonk__c1_ctx_k16/attempt-1/records.jsonl	CC-BY-4.0	7	
data/c1/full/evidence/full/raw/60-zkos-v32_at_npg141__plonk__c1_ctx_k16/attempt-1/spec.json	CC-BY-4.0	7	
data/c1/full/evidence/full/raw/60-zkos-v32_at_npg141__plonk__c1_ctx_k16/attempt-1/stderr.txt	CC-BY-4.0	7	
data/c1/full/evidence/full/raw/60-zkos-v32_at_npg141__plonk__c1_ctx_k16/attempt-1/stdout.txt	CC-BY-4.0	7	
data/c1/full/evidence/full/raw/61-evm-osaka__plonk__c1_ctx_k24/attempt-1/cell-meta.json	CC-BY-4.0	7	
data/c1/full/evidence/full/raw/61-evm-osaka__plonk__c1_ctx_k24/attempt-1/edr-job.json	CC-BY-4.0	7	
data/c1/full/evidence/full/raw/61-evm-osaka__plonk__c1_ctx_k24/attempt-1/edr-out.json	CC-BY-4.0	7	
data/c1/full/evidence/full/raw/61-evm-osaka__plonk__c1_ctx_k24/attempt-1/records.jsonl	CC-BY-4.0	7	
data/c1/full/evidence/full/raw/61-evm-osaka__plonk__c1_ctx_k24/attempt-1/spec.json	CC-BY-4.0	7	
data/c1/full/evidence/full/raw/61-evm-osaka__plonk__c1_ctx_k24/attempt-1/stderr.txt	CC-BY-4.0	7	
data/c1/full/evidence/full/raw/61-evm-osaka__plonk__c1_ctx_k24/attempt-1/stdout.txt	CC-BY-4.0	7	
data/c1/full/evidence/full/raw/62-eravm-29__plonk__c1_ctx_k24/attempt-1/anvil-zksync.log	CC-BY-4.0	7	
data/c1/full/evidence/full/raw/62-eravm-29__plonk__c1_ctx_k24/attempt-1/anvil-zksync.log.stdout	CC-BY-4.0	7	
data/c1/full/evidence/full/raw/62-eravm-29__plonk__c1_ctx_k24/attempt-1/cell-meta.json	CC-BY-4.0	7	
data/c1/full/evidence/full/raw/62-eravm-29__plonk__c1_ctx_k24/attempt-1/eravm-calltraces.json	CC-BY-4.0	7	
data/c1/full/evidence/full/raw/62-eravm-29__plonk__c1_ctx_k24/attempt-1/records.jsonl	CC-BY-4.0	7	
data/c1/full/evidence/full/raw/62-eravm-29__plonk__c1_ctx_k24/attempt-1/spec.json	CC-BY-4.0	7	
data/c1/full/evidence/full/raw/62-eravm-29__plonk__c1_ctx_k24/attempt-1/stderr.txt	CC-BY-4.0	7	
data/c1/full/evidence/full/raw/62-eravm-29__plonk__c1_ctx_k24/attempt-1/stdout.txt	CC-BY-4.0	7	
data/c1/full/evidence/full/raw/63-zkos-v32_at_npg100__groth16__c1_ctx_k12/attempt-1/cell-meta.json	CC-BY-4.0	7	
data/c1/full/evidence/full/raw/63-zkos-v32_at_npg100__groth16__c1_ctx_k12/attempt-1/node/anvil.log	CC-BY-4.0	7	
data/c1/full/evidence/full/raw/63-zkos-v32_at_npg100__groth16__c1_ctx_k12/attempt-1/node/server.log	CC-BY-4.0	7	
data/c1/full/evidence/full/raw/63-zkos-v32_at_npg100__groth16__c1_ctx_k12/attempt-1/records.jsonl	CC-BY-4.0	7	
data/c1/full/evidence/full/raw/63-zkos-v32_at_npg100__groth16__c1_ctx_k12/attempt-1/spec.json	CC-BY-4.0	7	
data/c1/full/evidence/full/raw/63-zkos-v32_at_npg100__groth16__c1_ctx_k12/attempt-1/stderr.txt	CC-BY-4.0	7	
data/c1/full/evidence/full/raw/63-zkos-v32_at_npg100__groth16__c1_ctx_k12/attempt-1/stdout.txt	CC-BY-4.0	7	
data/c1/full/evidence/full/raw/64-evm-osaka__groth16__c1_ctx_k12/attempt-1/cell-meta.json	CC-BY-4.0	7	
data/c1/full/evidence/full/raw/64-evm-osaka__groth16__c1_ctx_k12/attempt-1/edr-job.json	CC-BY-4.0	7	
data/c1/full/evidence/full/raw/64-evm-osaka__groth16__c1_ctx_k12/attempt-1/edr-out.json	CC-BY-4.0	7	
data/c1/full/evidence/full/raw/64-evm-osaka__groth16__c1_ctx_k12/attempt-1/records.jsonl	CC-BY-4.0	7	
data/c1/full/evidence/full/raw/64-evm-osaka__groth16__c1_ctx_k12/attempt-1/spec.json	CC-BY-4.0	7	
data/c1/full/evidence/full/raw/64-evm-osaka__groth16__c1_ctx_k12/attempt-1/stderr.txt	CC-BY-4.0	7	
data/c1/full/evidence/full/raw/64-evm-osaka__groth16__c1_ctx_k12/attempt-1/stdout.txt	CC-BY-4.0	7	
data/c1/full/evidence/full/raw/65-zkos-v32_at_npg149__groth16__c1_ctx_k04/attempt-1/cell-meta.json	CC-BY-4.0	7	
data/c1/full/evidence/full/raw/65-zkos-v32_at_npg149__groth16__c1_ctx_k04/attempt-1/node/anvil.log	CC-BY-4.0	7	
data/c1/full/evidence/full/raw/65-zkos-v32_at_npg149__groth16__c1_ctx_k04/attempt-1/node/server.log	CC-BY-4.0	7	
data/c1/full/evidence/full/raw/65-zkos-v32_at_npg149__groth16__c1_ctx_k04/attempt-1/records.jsonl	CC-BY-4.0	7	
data/c1/full/evidence/full/raw/65-zkos-v32_at_npg149__groth16__c1_ctx_k04/attempt-1/spec.json	CC-BY-4.0	7	
data/c1/full/evidence/full/raw/65-zkos-v32_at_npg149__groth16__c1_ctx_k04/attempt-1/stderr.txt	CC-BY-4.0	7	
data/c1/full/evidence/full/raw/65-zkos-v32_at_npg149__groth16__c1_ctx_k04/attempt-1/stdout.txt	CC-BY-4.0	7	
data/c1/full/evidence/full/raw/66-eravm-29__groth16__c1_ctx_k06/attempt-1/anvil-zksync.log	CC-BY-4.0	7	
data/c1/full/evidence/full/raw/66-eravm-29__groth16__c1_ctx_k06/attempt-1/anvil-zksync.log.stdout	CC-BY-4.0	7	
data/c1/full/evidence/full/raw/66-eravm-29__groth16__c1_ctx_k06/attempt-1/cell-meta.json	CC-BY-4.0	7	
data/c1/full/evidence/full/raw/66-eravm-29__groth16__c1_ctx_k06/attempt-1/eravm-calltraces.json	CC-BY-4.0	7	
data/c1/full/evidence/full/raw/66-eravm-29__groth16__c1_ctx_k06/attempt-1/records.jsonl	CC-BY-4.0	7	
data/c1/full/evidence/full/raw/66-eravm-29__groth16__c1_ctx_k06/attempt-1/spec.json	CC-BY-4.0	7	
data/c1/full/evidence/full/raw/66-eravm-29__groth16__c1_ctx_k06/attempt-1/stderr.txt	CC-BY-4.0	7	
data/c1/full/evidence/full/raw/66-eravm-29__groth16__c1_ctx_k06/attempt-1/stdout.txt	CC-BY-4.0	7	
data/c1/full/evidence/full/raw/67-zkos-v32_at_npg300__plonk__c1_ctx_k04/attempt-1/cell-meta.json	CC-BY-4.0	7	
data/c1/full/evidence/full/raw/67-zkos-v32_at_npg300__plonk__c1_ctx_k04/attempt-1/node/anvil.log	CC-BY-4.0	7	
data/c1/full/evidence/full/raw/67-zkos-v32_at_npg300__plonk__c1_ctx_k04/attempt-1/node/server.log	CC-BY-4.0	7	
data/c1/full/evidence/full/raw/67-zkos-v32_at_npg300__plonk__c1_ctx_k04/attempt-1/records.jsonl	CC-BY-4.0	7	
data/c1/full/evidence/full/raw/67-zkos-v32_at_npg300__plonk__c1_ctx_k04/attempt-1/spec.json	CC-BY-4.0	7	
data/c1/full/evidence/full/raw/67-zkos-v32_at_npg300__plonk__c1_ctx_k04/attempt-1/stderr.txt	CC-BY-4.0	7	
data/c1/full/evidence/full/raw/67-zkos-v32_at_npg300__plonk__c1_ctx_k04/attempt-1/stdout.txt	CC-BY-4.0	7	
data/c1/full/evidence/full/raw/68-eravm-29__groth16__c1_disc_k04/attempt-1/anvil-zksync.log	CC-BY-4.0	7	
data/c1/full/evidence/full/raw/68-eravm-29__groth16__c1_disc_k04/attempt-1/anvil-zksync.log.stdout	CC-BY-4.0	7	
data/c1/full/evidence/full/raw/68-eravm-29__groth16__c1_disc_k04/attempt-1/cell-meta.json	CC-BY-4.0	7	
data/c1/full/evidence/full/raw/68-eravm-29__groth16__c1_disc_k04/attempt-1/eravm-calltraces.json	CC-BY-4.0	7	
data/c1/full/evidence/full/raw/68-eravm-29__groth16__c1_disc_k04/attempt-1/records.jsonl	CC-BY-4.0	7	
data/c1/full/evidence/full/raw/68-eravm-29__groth16__c1_disc_k04/attempt-1/spec.json	CC-BY-4.0	7	
data/c1/full/evidence/full/raw/68-eravm-29__groth16__c1_disc_k04/attempt-1/stderr.txt	CC-BY-4.0	7	
data/c1/full/evidence/full/raw/68-eravm-29__groth16__c1_disc_k04/attempt-1/stdout.txt	CC-BY-4.0	7	
data/c1/full/evidence/full/raw/69-zkos-v32_at_npg149__plonk__c1_ctx_k04/attempt-1/cell-meta.json	CC-BY-4.0	7	
data/c1/full/evidence/full/raw/69-zkos-v32_at_npg149__plonk__c1_ctx_k04/attempt-1/node/anvil.log	CC-BY-4.0	7	
data/c1/full/evidence/full/raw/69-zkos-v32_at_npg149__plonk__c1_ctx_k04/attempt-1/node/server.log	CC-BY-4.0	7	
data/c1/full/evidence/full/raw/69-zkos-v32_at_npg149__plonk__c1_ctx_k04/attempt-1/records.jsonl	CC-BY-4.0	7	
data/c1/full/evidence/full/raw/69-zkos-v32_at_npg149__plonk__c1_ctx_k04/attempt-1/spec.json	CC-BY-4.0	7	
data/c1/full/evidence/full/raw/69-zkos-v32_at_npg149__plonk__c1_ctx_k04/attempt-1/stderr.txt	CC-BY-4.0	7	
data/c1/full/evidence/full/raw/69-zkos-v32_at_npg149__plonk__c1_ctx_k04/attempt-1/stdout.txt	CC-BY-4.0	7	
data/c1/full/evidence/full/raw/70-eravm-29__groth16__c1_ctx_k32/attempt-1/anvil-zksync.log	CC-BY-4.0	7	
data/c1/full/evidence/full/raw/70-eravm-29__groth16__c1_ctx_k32/attempt-1/anvil-zksync.log.stdout	CC-BY-4.0	7	
data/c1/full/evidence/full/raw/70-eravm-29__groth16__c1_ctx_k32/attempt-1/cell-meta.json	CC-BY-4.0	7	
data/c1/full/evidence/full/raw/70-eravm-29__groth16__c1_ctx_k32/attempt-1/eravm-calltraces.json	CC-BY-4.0	7	
data/c1/full/evidence/full/raw/70-eravm-29__groth16__c1_ctx_k32/attempt-1/records.jsonl	CC-BY-4.0	7	
data/c1/full/evidence/full/raw/70-eravm-29__groth16__c1_ctx_k32/attempt-1/spec.json	CC-BY-4.0	7	
data/c1/full/evidence/full/raw/70-eravm-29__groth16__c1_ctx_k32/attempt-1/stderr.txt	CC-BY-4.0	7	
data/c1/full/evidence/full/raw/70-eravm-29__groth16__c1_ctx_k32/attempt-1/stdout.txt	CC-BY-4.0	7	
data/c1/full/evidence/full/raw/71-evm-osaka__plonk__c1_ctx_k32/attempt-1/cell-meta.json	CC-BY-4.0	7	
data/c1/full/evidence/full/raw/71-evm-osaka__plonk__c1_ctx_k32/attempt-1/edr-job.json	CC-BY-4.0	7	
data/c1/full/evidence/full/raw/71-evm-osaka__plonk__c1_ctx_k32/attempt-1/edr-out.json	CC-BY-4.0	7	
data/c1/full/evidence/full/raw/71-evm-osaka__plonk__c1_ctx_k32/attempt-1/records.jsonl	CC-BY-4.0	7	
data/c1/full/evidence/full/raw/71-evm-osaka__plonk__c1_ctx_k32/attempt-1/spec.json	CC-BY-4.0	7	
data/c1/full/evidence/full/raw/71-evm-osaka__plonk__c1_ctx_k32/attempt-1/stderr.txt	CC-BY-4.0	7	
data/c1/full/evidence/full/raw/71-evm-osaka__plonk__c1_ctx_k32/attempt-1/stdout.txt	CC-BY-4.0	7	
data/c1/full/evidence/full/raw/72-eravm-29__plonk__c1_disc_k04/attempt-1/anvil-zksync.log	CC-BY-4.0	7	
data/c1/full/evidence/full/raw/72-eravm-29__plonk__c1_disc_k04/attempt-1/anvil-zksync.log.stdout	CC-BY-4.0	7	
data/c1/full/evidence/full/raw/72-eravm-29__plonk__c1_disc_k04/attempt-1/cell-meta.json	CC-BY-4.0	7	
data/c1/full/evidence/full/raw/72-eravm-29__plonk__c1_disc_k04/attempt-1/eravm-calltraces.json	CC-BY-4.0	7	
data/c1/full/evidence/full/raw/72-eravm-29__plonk__c1_disc_k04/attempt-1/records.jsonl	CC-BY-4.0	7	
data/c1/full/evidence/full/raw/72-eravm-29__plonk__c1_disc_k04/attempt-1/spec.json	CC-BY-4.0	7	
data/c1/full/evidence/full/raw/72-eravm-29__plonk__c1_disc_k04/attempt-1/stderr.txt	CC-BY-4.0	7	
data/c1/full/evidence/full/raw/72-eravm-29__plonk__c1_disc_k04/attempt-1/stdout.txt	CC-BY-4.0	7	
data/c1/full/evidence/full/raw/73-evm-osaka__groth16__c1_ctx_k32/attempt-1/cell-meta.json	CC-BY-4.0	7	
data/c1/full/evidence/full/raw/73-evm-osaka__groth16__c1_ctx_k32/attempt-1/edr-job.json	CC-BY-4.0	7	
data/c1/full/evidence/full/raw/73-evm-osaka__groth16__c1_ctx_k32/attempt-1/edr-out.json	CC-BY-4.0	7	
data/c1/full/evidence/full/raw/73-evm-osaka__groth16__c1_ctx_k32/attempt-1/records.jsonl	CC-BY-4.0	7	
data/c1/full/evidence/full/raw/73-evm-osaka__groth16__c1_ctx_k32/attempt-1/spec.json	CC-BY-4.0	7	
data/c1/full/evidence/full/raw/73-evm-osaka__groth16__c1_ctx_k32/attempt-1/stderr.txt	CC-BY-4.0	7	
data/c1/full/evidence/full/raw/73-evm-osaka__groth16__c1_ctx_k32/attempt-1/stdout.txt	CC-BY-4.0	7	
data/c1/full/evidence/full/raw/74-eravm-27__plonk__c1_ctx_k16/attempt-1/anvil-zksync.log	CC-BY-4.0	7	
data/c1/full/evidence/full/raw/74-eravm-27__plonk__c1_ctx_k16/attempt-1/anvil-zksync.log.stdout	CC-BY-4.0	7	
data/c1/full/evidence/full/raw/74-eravm-27__plonk__c1_ctx_k16/attempt-1/cell-meta.json	CC-BY-4.0	7	
data/c1/full/evidence/full/raw/74-eravm-27__plonk__c1_ctx_k16/attempt-1/eravm-calltraces.json	CC-BY-4.0	7	
data/c1/full/evidence/full/raw/74-eravm-27__plonk__c1_ctx_k16/attempt-1/records.jsonl	CC-BY-4.0	7	
data/c1/full/evidence/full/raw/74-eravm-27__plonk__c1_ctx_k16/attempt-1/spec.json	CC-BY-4.0	7	
data/c1/full/evidence/full/raw/74-eravm-27__plonk__c1_ctx_k16/attempt-1/stderr.txt	CC-BY-4.0	7	
data/c1/full/evidence/full/raw/74-eravm-27__plonk__c1_ctx_k16/attempt-1/stdout.txt	CC-BY-4.0	7	
data/c1/full/evidence/full/raw/75-eravm-29__plonk__c1_ctx_k08/attempt-1/anvil-zksync.log	CC-BY-4.0	7	
data/c1/full/evidence/full/raw/75-eravm-29__plonk__c1_ctx_k08/attempt-1/anvil-zksync.log.stdout	CC-BY-4.0	7	
data/c1/full/evidence/full/raw/75-eravm-29__plonk__c1_ctx_k08/attempt-1/cell-meta.json	CC-BY-4.0	7	
data/c1/full/evidence/full/raw/75-eravm-29__plonk__c1_ctx_k08/attempt-1/eravm-calltraces.json	CC-BY-4.0	7	
data/c1/full/evidence/full/raw/75-eravm-29__plonk__c1_ctx_k08/attempt-1/records.jsonl	CC-BY-4.0	7	
data/c1/full/evidence/full/raw/75-eravm-29__plonk__c1_ctx_k08/attempt-1/spec.json	CC-BY-4.0	7	
data/c1/full/evidence/full/raw/75-eravm-29__plonk__c1_ctx_k08/attempt-1/stderr.txt	CC-BY-4.0	7	
data/c1/full/evidence/full/raw/75-eravm-29__plonk__c1_ctx_k08/attempt-1/stdout.txt	CC-BY-4.0	7	
data/c1/full/evidence/full/raw/76-eravm-29__plonk__c1_ctx_k06/attempt-1/anvil-zksync.log	CC-BY-4.0	7	
data/c1/full/evidence/full/raw/76-eravm-29__plonk__c1_ctx_k06/attempt-1/anvil-zksync.log.stdout	CC-BY-4.0	7	
data/c1/full/evidence/full/raw/76-eravm-29__plonk__c1_ctx_k06/attempt-1/cell-meta.json	CC-BY-4.0	7	
data/c1/full/evidence/full/raw/76-eravm-29__plonk__c1_ctx_k06/attempt-1/eravm-calltraces.json	CC-BY-4.0	7	
data/c1/full/evidence/full/raw/76-eravm-29__plonk__c1_ctx_k06/attempt-1/records.jsonl	CC-BY-4.0	7	
data/c1/full/evidence/full/raw/76-eravm-29__plonk__c1_ctx_k06/attempt-1/spec.json	CC-BY-4.0	7	
data/c1/full/evidence/full/raw/76-eravm-29__plonk__c1_ctx_k06/attempt-1/stderr.txt	CC-BY-4.0	7	
data/c1/full/evidence/full/raw/76-eravm-29__plonk__c1_ctx_k06/attempt-1/stdout.txt	CC-BY-4.0	7	
data/c1/full/evidence/full/raw/77-zkos-v32_at_npg138__plonk__c1_ctx_k04/attempt-1/cell-meta.json	CC-BY-4.0	7	
data/c1/full/evidence/full/raw/77-zkos-v32_at_npg138__plonk__c1_ctx_k04/attempt-1/node/anvil.log	CC-BY-4.0	7	
data/c1/full/evidence/full/raw/77-zkos-v32_at_npg138__plonk__c1_ctx_k04/attempt-1/node/server.log	CC-BY-4.0	7	
data/c1/full/evidence/full/raw/77-zkos-v32_at_npg138__plonk__c1_ctx_k04/attempt-1/records.jsonl	CC-BY-4.0	7	
data/c1/full/evidence/full/raw/77-zkos-v32_at_npg138__plonk__c1_ctx_k04/attempt-1/spec.json	CC-BY-4.0	7	
data/c1/full/evidence/full/raw/77-zkos-v32_at_npg138__plonk__c1_ctx_k04/attempt-1/stderr.txt	CC-BY-4.0	7	
data/c1/full/evidence/full/raw/77-zkos-v32_at_npg138__plonk__c1_ctx_k04/attempt-1/stdout.txt	CC-BY-4.0	7	
data/c1/full/evidence/full/raw/78-zkos-v32_at_npg132__groth16__c1_ctx_k16/attempt-1/cell-meta.json	CC-BY-4.0	7	
data/c1/full/evidence/full/raw/78-zkos-v32_at_npg132__groth16__c1_ctx_k16/attempt-1/node/anvil.log	CC-BY-4.0	7	
data/c1/full/evidence/full/raw/78-zkos-v32_at_npg132__groth16__c1_ctx_k16/attempt-1/node/server.log	CC-BY-4.0	7	
data/c1/full/evidence/full/raw/78-zkos-v32_at_npg132__groth16__c1_ctx_k16/attempt-1/records.jsonl	CC-BY-4.0	7	
data/c1/full/evidence/full/raw/78-zkos-v32_at_npg132__groth16__c1_ctx_k16/attempt-1/spec.json	CC-BY-4.0	7	
data/c1/full/evidence/full/raw/78-zkos-v32_at_npg132__groth16__c1_ctx_k16/attempt-1/stderr.txt	CC-BY-4.0	7	
data/c1/full/evidence/full/raw/78-zkos-v32_at_npg132__groth16__c1_ctx_k16/attempt-1/stdout.txt	CC-BY-4.0	7	
data/c1/full/evidence/full/raw/79-zkos-v32_at_npg100__groth16__c1_a8/attempt-1/cell-meta.json	CC-BY-4.0	7	
data/c1/full/evidence/full/raw/79-zkos-v32_at_npg100__groth16__c1_a8/attempt-1/node/anvil.log	CC-BY-4.0	7	
data/c1/full/evidence/full/raw/79-zkos-v32_at_npg100__groth16__c1_a8/attempt-1/node/server.log	CC-BY-4.0	7	
data/c1/full/evidence/full/raw/79-zkos-v32_at_npg100__groth16__c1_a8/attempt-1/records.jsonl	CC-BY-4.0	7	
data/c1/full/evidence/full/raw/79-zkos-v32_at_npg100__groth16__c1_a8/attempt-1/spec.json	CC-BY-4.0	7	
data/c1/full/evidence/full/raw/79-zkos-v32_at_npg100__groth16__c1_a8/attempt-1/stderr.txt	CC-BY-4.0	7	
data/c1/full/evidence/full/raw/79-zkos-v32_at_npg100__groth16__c1_a8/attempt-1/stdout.txt	CC-BY-4.0	7	
data/c1/full/evidence/full/raw/80-zkos-v32_at_npg100__groth16__c1_ctx_k64/attempt-1/cell-meta.json	CC-BY-4.0	7	
data/c1/full/evidence/full/raw/80-zkos-v32_at_npg100__groth16__c1_ctx_k64/attempt-1/node/anvil.log	CC-BY-4.0	7	
data/c1/full/evidence/full/raw/80-zkos-v32_at_npg100__groth16__c1_ctx_k64/attempt-1/node/server.log	CC-BY-4.0	7	
data/c1/full/evidence/full/raw/80-zkos-v32_at_npg100__groth16__c1_ctx_k64/attempt-1/records.jsonl	CC-BY-4.0	7	
data/c1/full/evidence/full/raw/80-zkos-v32_at_npg100__groth16__c1_ctx_k64/attempt-1/spec.json	CC-BY-4.0	7	
data/c1/full/evidence/full/raw/80-zkos-v32_at_npg100__groth16__c1_ctx_k64/attempt-1/stderr.txt	CC-BY-4.0	7	
data/c1/full/evidence/full/raw/80-zkos-v32_at_npg100__groth16__c1_ctx_k64/attempt-1/stdout.txt	CC-BY-4.0	7	
data/c1/full/evidence/full/raw/81-zkos-v32_at_npg100__plonk__c1_ctx_k06/attempt-1/cell-meta.json	CC-BY-4.0	7	
data/c1/full/evidence/full/raw/81-zkos-v32_at_npg100__plonk__c1_ctx_k06/attempt-1/node/anvil.log	CC-BY-4.0	7	
data/c1/full/evidence/full/raw/81-zkos-v32_at_npg100__plonk__c1_ctx_k06/attempt-1/node/server.log	CC-BY-4.0	7	
data/c1/full/evidence/full/raw/81-zkos-v32_at_npg100__plonk__c1_ctx_k06/attempt-1/records.jsonl	CC-BY-4.0	7	
data/c1/full/evidence/full/raw/81-zkos-v32_at_npg100__plonk__c1_ctx_k06/attempt-1/spec.json	CC-BY-4.0	7	
data/c1/full/evidence/full/raw/81-zkos-v32_at_npg100__plonk__c1_ctx_k06/attempt-1/stderr.txt	CC-BY-4.0	7	
data/c1/full/evidence/full/raw/81-zkos-v32_at_npg100__plonk__c1_ctx_k06/attempt-1/stdout.txt	CC-BY-4.0	7	
data/c1/full/evidence/full/raw/82-zkos-v32_at_npg100__plonk__c1_ctx_k64/attempt-1/cell-meta.json	CC-BY-4.0	7	
data/c1/full/evidence/full/raw/82-zkos-v32_at_npg100__plonk__c1_ctx_k64/attempt-1/node/anvil.log	CC-BY-4.0	7	
data/c1/full/evidence/full/raw/82-zkos-v32_at_npg100__plonk__c1_ctx_k64/attempt-1/node/server.log	CC-BY-4.0	7	
data/c1/full/evidence/full/raw/82-zkos-v32_at_npg100__plonk__c1_ctx_k64/attempt-1/records.jsonl	CC-BY-4.0	7	
data/c1/full/evidence/full/raw/82-zkos-v32_at_npg100__plonk__c1_ctx_k64/attempt-1/spec.json	CC-BY-4.0	7	
data/c1/full/evidence/full/raw/82-zkos-v32_at_npg100__plonk__c1_ctx_k64/attempt-1/stderr.txt	CC-BY-4.0	7	
data/c1/full/evidence/full/raw/82-zkos-v32_at_npg100__plonk__c1_ctx_k64/attempt-1/stdout.txt	CC-BY-4.0	7	
data/c1/full/evidence/full/raw/83-zkos-v32_at_npg154__groth16__c1_ctx_k16/attempt-1/cell-meta.json	CC-BY-4.0	7	
data/c1/full/evidence/full/raw/83-zkos-v32_at_npg154__groth16__c1_ctx_k16/attempt-1/node/anvil.log	CC-BY-4.0	7	
data/c1/full/evidence/full/raw/83-zkos-v32_at_npg154__groth16__c1_ctx_k16/attempt-1/node/server.log	CC-BY-4.0	7	
data/c1/full/evidence/full/raw/83-zkos-v32_at_npg154__groth16__c1_ctx_k16/attempt-1/records.jsonl	CC-BY-4.0	7	
data/c1/full/evidence/full/raw/83-zkos-v32_at_npg154__groth16__c1_ctx_k16/attempt-1/spec.json	CC-BY-4.0	7	
data/c1/full/evidence/full/raw/83-zkos-v32_at_npg154__groth16__c1_ctx_k16/attempt-1/stderr.txt	CC-BY-4.0	7	
data/c1/full/evidence/full/raw/83-zkos-v32_at_npg154__groth16__c1_ctx_k16/attempt-1/stdout.txt	CC-BY-4.0	7	
data/c1/full/evidence/full/raw/84-evm-osaka__plonk__c1_a8/attempt-1/cell-meta.json	CC-BY-4.0	7	
data/c1/full/evidence/full/raw/84-evm-osaka__plonk__c1_a8/attempt-1/edr-job.json	CC-BY-4.0	7	
data/c1/full/evidence/full/raw/84-evm-osaka__plonk__c1_a8/attempt-1/edr-out.json	CC-BY-4.0	7	
data/c1/full/evidence/full/raw/84-evm-osaka__plonk__c1_a8/attempt-1/records.jsonl	CC-BY-4.0	7	
data/c1/full/evidence/full/raw/84-evm-osaka__plonk__c1_a8/attempt-1/spec.json	CC-BY-4.0	7	
data/c1/full/evidence/full/raw/84-evm-osaka__plonk__c1_a8/attempt-1/stderr.txt	CC-BY-4.0	7	
data/c1/full/evidence/full/raw/84-evm-osaka__plonk__c1_a8/attempt-1/stdout.txt	CC-BY-4.0	7	
data/c1/full/evidence/full/raw/85-zkos-v32_at_npg165__groth16__c1_ctx_k04/attempt-1/cell-meta.json	CC-BY-4.0	7	
data/c1/full/evidence/full/raw/85-zkos-v32_at_npg165__groth16__c1_ctx_k04/attempt-1/node/anvil.log	CC-BY-4.0	7	
data/c1/full/evidence/full/raw/85-zkos-v32_at_npg165__groth16__c1_ctx_k04/attempt-1/node/server.log	CC-BY-4.0	7	
data/c1/full/evidence/full/raw/85-zkos-v32_at_npg165__groth16__c1_ctx_k04/attempt-1/records.jsonl	CC-BY-4.0	7	
data/c1/full/evidence/full/raw/85-zkos-v32_at_npg165__groth16__c1_ctx_k04/attempt-1/spec.json	CC-BY-4.0	7	
data/c1/full/evidence/full/raw/85-zkos-v32_at_npg165__groth16__c1_ctx_k04/attempt-1/stderr.txt	CC-BY-4.0	7	
data/c1/full/evidence/full/raw/85-zkos-v32_at_npg165__groth16__c1_ctx_k04/attempt-1/stdout.txt	CC-BY-4.0	7	
data/c1/full/evidence/full/raw/86-zkos-v32_at_npg100__groth16__c1_disc_k04/attempt-1/cell-meta.json	CC-BY-4.0	7	
data/c1/full/evidence/full/raw/86-zkos-v32_at_npg100__groth16__c1_disc_k04/attempt-1/node/anvil.log	CC-BY-4.0	7	
data/c1/full/evidence/full/raw/86-zkos-v32_at_npg100__groth16__c1_disc_k04/attempt-1/node/server.log	CC-BY-4.0	7	
data/c1/full/evidence/full/raw/86-zkos-v32_at_npg100__groth16__c1_disc_k04/attempt-1/records.jsonl	CC-BY-4.0	7	
data/c1/full/evidence/full/raw/86-zkos-v32_at_npg100__groth16__c1_disc_k04/attempt-1/spec.json	CC-BY-4.0	7	
data/c1/full/evidence/full/raw/86-zkos-v32_at_npg100__groth16__c1_disc_k04/attempt-1/stderr.txt	CC-BY-4.0	7	
data/c1/full/evidence/full/raw/86-zkos-v32_at_npg100__groth16__c1_disc_k04/attempt-1/stdout.txt	CC-BY-4.0	7	
data/c1/full/evidence/full/raw/87-zkos-v32_at_npg120__groth16__c1_ctx_k16/attempt-1/cell-meta.json	CC-BY-4.0	7	
data/c1/full/evidence/full/raw/87-zkos-v32_at_npg120__groth16__c1_ctx_k16/attempt-1/node/anvil.log	CC-BY-4.0	7	
data/c1/full/evidence/full/raw/87-zkos-v32_at_npg120__groth16__c1_ctx_k16/attempt-1/node/server.log	CC-BY-4.0	7	
data/c1/full/evidence/full/raw/87-zkos-v32_at_npg120__groth16__c1_ctx_k16/attempt-1/records.jsonl	CC-BY-4.0	7	
data/c1/full/evidence/full/raw/87-zkos-v32_at_npg120__groth16__c1_ctx_k16/attempt-1/spec.json	CC-BY-4.0	7	
data/c1/full/evidence/full/raw/87-zkos-v32_at_npg120__groth16__c1_ctx_k16/attempt-1/stderr.txt	CC-BY-4.0	7	
data/c1/full/evidence/full/raw/87-zkos-v32_at_npg120__groth16__c1_ctx_k16/attempt-1/stdout.txt	CC-BY-4.0	7	
data/c1/full/evidence/full/raw/88-eravm-29__groth16__c1_ctx_k64/attempt-1/anvil-zksync.log	CC-BY-4.0	7	
data/c1/full/evidence/full/raw/88-eravm-29__groth16__c1_ctx_k64/attempt-1/anvil-zksync.log.stdout	CC-BY-4.0	7	
data/c1/full/evidence/full/raw/88-eravm-29__groth16__c1_ctx_k64/attempt-1/cell-meta.json	CC-BY-4.0	7	
data/c1/full/evidence/full/raw/88-eravm-29__groth16__c1_ctx_k64/attempt-1/eravm-calltraces.json	CC-BY-4.0	7	
data/c1/full/evidence/full/raw/88-eravm-29__groth16__c1_ctx_k64/attempt-1/records.jsonl	CC-BY-4.0	7	
data/c1/full/evidence/full/raw/88-eravm-29__groth16__c1_ctx_k64/attempt-1/spec.json	CC-BY-4.0	7	
data/c1/full/evidence/full/raw/88-eravm-29__groth16__c1_ctx_k64/attempt-1/stderr.txt	CC-BY-4.0	7	
data/c1/full/evidence/full/raw/88-eravm-29__groth16__c1_ctx_k64/attempt-1/stdout.txt	CC-BY-4.0	7	
data/c1/full/evidence/full/raw/89-evm-osaka__plonk__c1_ctx_k06/attempt-1/cell-meta.json	CC-BY-4.0	7	
data/c1/full/evidence/full/raw/89-evm-osaka__plonk__c1_ctx_k06/attempt-1/edr-job.json	CC-BY-4.0	7	
data/c1/full/evidence/full/raw/89-evm-osaka__plonk__c1_ctx_k06/attempt-1/edr-out.json	CC-BY-4.0	7	
data/c1/full/evidence/full/raw/89-evm-osaka__plonk__c1_ctx_k06/attempt-1/records.jsonl	CC-BY-4.0	7	
data/c1/full/evidence/full/raw/89-evm-osaka__plonk__c1_ctx_k06/attempt-1/spec.json	CC-BY-4.0	7	
data/c1/full/evidence/full/raw/89-evm-osaka__plonk__c1_ctx_k06/attempt-1/stderr.txt	CC-BY-4.0	7	
data/c1/full/evidence/full/raw/89-evm-osaka__plonk__c1_ctx_k06/attempt-1/stdout.txt	CC-BY-4.0	7	
data/c1/full/evidence/full/raw/l1-state-inputs-removed.tsv	CC-BY-4.0	7	
data/c1/full/evidence/h-freeze/bridge-cells.csv	CC-BY-4.0	7	
data/c1/full/evidence/h-freeze/manifest-bridge.out	CC-BY-4.0	7	
data/c1/full/evidence/h-freeze/manifest-full.out	CC-BY-4.0	7	
data/c1/full/evidence/h-freeze/plonk-key-regeneration.tsv	CC-BY-4.0	7	
data/c1/full/evidence/h-freeze/regen_plonk.sh	MIT	6	
data/c1/full/evidence/harness/cell.js	MIT	6	
data/c1/full/evidence/harness/compile_all.js	MIT	6	
data/c1/full/evidence/harness/contracts.js	MIT	1	
data/c1/full/evidence/harness/evidence-schema.json	CC-BY-4.0	7	
data/c1/full/evidence/harness/freeze_evidence.sh	MIT	6	
data/c1/full/evidence/harness/hh/evm_run.js	MIT	6	
data/c1/full/evidence/harness/hh/hardhat.config.js	MIT	6	
data/c1/full/evidence/harness/lib/eravm.js	MIT	6	
data/c1/full/evidence/harness/lib/proofs.js	MIT	6	
data/c1/full/evidence/harness/lib/solc.js	MIT	6	
data/c1/full/evidence/harness/make_manifest.py	MIT	6	
data/c1/full/evidence/harness/run_campaign.py	MIT	6	
data/c1/full/evidence/harness/validate_evidence.py	MIT	6	
data/c1/full/evidence/harness/zkos_node.sh	MIT	6	
data/c1/full/evidence/harness/zkos_stop.sh	MIT	6	
data/c1/full/evidence/selftest/README.md	CC-BY-4.0	7	
data/c1/full/evidence/selftest/run1/AC_checks.csv	CC-BY-4.0	7	
data/c1/full/evidence/selftest/run1/VALIDATION.json	CC-BY-4.0	7	
data/c1/full/evidence/selftest/run1/orchestrator.log	CC-BY-4.0	7	
data/c1/full/evidence/selftest/run1/summary.json	CC-BY-4.0	7	
data/c1/full/evidence/selftest/selftest-cells.csv	CC-BY-4.0	7	
data/c1/full/record/SHA256SUMS	CC-BY-4.0	7	
data/c1/full/record/bridge-check/BRIDGE-CHECK.csv	CC-BY-4.0	7	
data/c1/full/record/bridge-check/BRIDGE-CHECK.json	CC-BY-4.0	7	
data/c1/full/record/campaign.json	CC-BY-4.0	7	
data/c1/full/record/post-registered/README.md	CC-BY-4.0	7	
data/c1/full/record/post-registered/ZKOS-residual-vs-k.csv	CC-BY-4.0	7	
data/c1/full/record/post-registered/ZKOS-residual-vs-k.json	CC-BY-4.0	7	
data/c1/full/record/post-registered/npg-per-proof.csv	CC-BY-4.0	7	
data/c1/full/record/report-tables/full-tables.md	CC-BY-4.0	7	
data/c1/full/record/report-tables/tables-csv/strict-unseen-EVM-EraVM.csv	CC-BY-4.0	7	
data/c1/full/record/report-tables/tables-csv/strict-unseen-ZKsyncOS.csv	CC-BY-4.0	7	
data/c1/full/record/scoring/AC_checks.csv	CC-BY-4.0	7	
data/c1/full/record/scoring/CELL_summary.csv	CC-BY-4.0	7	
data/c1/full/record/scoring/NPG_ranking.csv	CC-BY-4.0	7	
data/c1/full/record/scoring/NPG_scoring.csv	CC-BY-4.0	7	
data/c1/full/record/scoring/P_scoring.csv	CC-BY-4.0	7	
data/c1/full/record/scoring/R_scoring.csv	CC-BY-4.0	7	
data/c1/full/record/scoring/SCORING-INVOCATION.txt	CC-BY-4.0	7	
data/c1/full/record/scoring/SEM_scoring.csv	CC-BY-4.0	7	
data/c1/full/record/scoring/SG_monotonicity.csv	CC-BY-4.0	7	
data/c1/full/record/scoring/SG_signs.csv	CC-BY-4.0	7	
data/c1/full/record/scoring/SHA256SUMS	CC-BY-4.0	7	
data/c1/full/record/scoring/XO_crossovers.csv	CC-BY-4.0	7	
data/c1/full/record/scoring/ZC_scoring.csv	CC-BY-4.0	7	
data/c1/full/record/scoring/scoring-stderr.txt	CC-BY-4.0	7	
data/c1/full/record/scoring/scoring-stdout.json	CC-BY-4.0	7	
data/c1/full/record/scoring/summary.json	CC-BY-4.0	7	
data/c1/full/record/tools/bridge_check.py	MIT	6	
data/c1/full/record/tools/full_tables.py	MIT	6	
data/c1/full/record/tools/npg_per_proof.py	MIT	6	
data/c1/full/record/tools/post_collection.sh	MIT	6	
data/c1/full/record/tools/zkos_residual_vs_k.py	MIT	6	
data/c1/full/record/validation/BRIDGE-VALIDATION.json	CC-BY-4.0	7	
data/c1/full/record/validation/FULL-VALIDATION.json	CC-BY-4.0	7	
data/c1/pilot/evidence/COLLECTION-COMPLETE	CC-BY-4.0	7	
data/c1/pilot/evidence/HARNESS-SHA256SUMS	CC-BY-4.0	7	
data/c1/pilot/evidence/RUN-MANIFEST-PILOT.json	CC-BY-4.0	7	
data/c1/pilot/evidence/SHA256SUMS	CC-BY-4.0	7	
data/c1/pilot/evidence/V2-MPI-PILOT-01-records.jsonl	CC-BY-4.0	7	
data/c1/pilot/evidence/cell-order.json	CC-BY-4.0	7	
data/c1/pilot/evidence/cells/00-eravm-29__groth16__c1_k01.jsonl	CC-BY-4.0	7	
data/c1/pilot/evidence/cells/01-eravm-29__plonk__c1_ctx_k04.jsonl	CC-BY-4.0	7	
data/c1/pilot/evidence/cells/02-zkos-v32_at_npg100__plonk__c1_k01.jsonl	CC-BY-4.0	7	
data/c1/pilot/evidence/cells/03-zkos-v32_at_npg100__plonk__c1_ctx_k02.jsonl	CC-BY-4.0	7	
data/c1/pilot/evidence/cells/04-eravm-29__groth16__c1_ctx_k02.jsonl	CC-BY-4.0	7	
data/c1/pilot/evidence/cells/05-evm-osaka__plonk__c1_ctx_k02.jsonl	CC-BY-4.0	7	
data/c1/pilot/evidence/cells/06-zkos-v32_at_npg139__plonk__c1_k01.jsonl	CC-BY-4.0	7	
data/c1/pilot/evidence/cells/07-zkos-v32_at_npg100__groth16__c1_ctx_k02.jsonl	CC-BY-4.0	7	
data/c1/pilot/evidence/cells/08-evm-osaka__groth16__c1_k01.jsonl	CC-BY-4.0	7	
data/c1/pilot/evidence/cells/09-zkos-v32_at_npg100__groth16__c1_k01.jsonl	CC-BY-4.0	7	
data/c1/pilot/evidence/cells/10-eravm-29__plonk__c1_k01.jsonl	CC-BY-4.0	7	
data/c1/pilot/evidence/cells/11-zkos-v32_at_npg100__plonk__c1_ctx_k04.jsonl	CC-BY-4.0	7	
data/c1/pilot/evidence/cells/12-zkos-v32_at_npg171__plonk__c1_k01.jsonl	CC-BY-4.0	7	
data/c1/pilot/evidence/cells/13-eravm-29__plonk__c1_ctx_k16.jsonl	CC-BY-4.0	7	
data/c1/pilot/evidence/cells/14-eravm-29__plonk__c1_ctx_k02.jsonl	CC-BY-4.0	7	
data/c1/pilot/evidence/cells/15-zkos-v32_at_npg300__plonk__c1_k01.jsonl	CC-BY-4.0	7	
data/c1/pilot/evidence/cells/16-evm-osaka__plonk__c1_ctx_k16.jsonl	CC-BY-4.0	7	
data/c1/pilot/evidence/cells/17-evm-osaka__groth16__c1_ctx_k02.jsonl	CC-BY-4.0	7	
data/c1/pilot/evidence/cells/18-zkos-v32_at_npg100__groth16__c1_ctx_k16.jsonl	CC-BY-4.0	7	
data/c1/pilot/evidence/cells/19-zkos-v32_at_npg100__groth16__c1_ctx_k04.jsonl	CC-BY-4.0	7	
data/c1/pilot/evidence/cells/20-evm-osaka__plonk__c1_ctx_k04.jsonl	CC-BY-4.0	7	
data/c1/pilot/evidence/cells/21-zkos-v32_at_npg169__plonk__c1_k01.jsonl	CC-BY-4.0	7	
data/c1/pilot/evidence/cells/22-zkos-v32_at_npg100__plonk__c1_ctx_k16.jsonl	CC-BY-4.0	7	
data/c1/pilot/evidence/cells/23-evm-osaka__groth16__c1_ctx_k16.jsonl	CC-BY-4.0	7	
data/c1/pilot/evidence/cells/24-zkos-v32_at_npg300__groth16__c1_k01.jsonl	CC-BY-4.0	7	
data/c1/pilot/evidence/cells/25-zkos-v32_at_npg151__plonk__c1_k01.jsonl	CC-BY-4.0	7	
data/c1/pilot/evidence/cells/26-zkos-v32_at_npg139__groth16__c1_k01.jsonl	CC-BY-4.0	7	
data/c1/pilot/evidence/cells/27-zkos-v32_at_npg151__groth16__c1_k01.jsonl	CC-BY-4.0	7	
data/c1/pilot/evidence/cells/28-eravm-29__groth16__c1_ctx_k04.jsonl	CC-BY-4.0	7	
data/c1/pilot/evidence/cells/29-zkos-v32_at_npg126__groth16__c1_k01.jsonl	CC-BY-4.0	7	
data/c1/pilot/evidence/cells/30-zkos-v32_at_npg171__groth16__c1_k01.jsonl	CC-BY-4.0	7	
data/c1/pilot/evidence/cells/31-evm-osaka__plonk__c1_k01.jsonl	CC-BY-4.0	7	
data/c1/pilot/evidence/cells/32-zkos-v32_at_npg169__groth16__c1_k01.jsonl	CC-BY-4.0	7	
data/c1/pilot/evidence/cells/33-eravm-29__groth16__c1_ctx_k16.jsonl	CC-BY-4.0	7	
data/c1/pilot/evidence/cells/34-zkos-v32_at_npg126__plonk__c1_k01.jsonl	CC-BY-4.0	7	
data/c1/pilot/evidence/cells/35-evm-osaka__groth16__c1_ctx_k04.jsonl	CC-BY-4.0	7	
data/c1/pilot/evidence/compiled/c1_ctx_k02-groth16.json	GPL-3.0-or-later	2	
data/c1/pilot/evidence/compiled/c1_ctx_k02-plonk.json	GPL-3.0-or-later	2	
data/c1/pilot/evidence/compiled/c1_ctx_k04-groth16.json	GPL-3.0-or-later	2	
data/c1/pilot/evidence/compiled/c1_ctx_k04-plonk.json	GPL-3.0-or-later	2	
data/c1/pilot/evidence/compiled/c1_ctx_k16-groth16.json	GPL-3.0-or-later	2	
data/c1/pilot/evidence/compiled/c1_ctx_k16-plonk.json	GPL-3.0-or-later	2	
data/c1/pilot/evidence/compiled/c1_k01-groth16.json	GPL-3.0-or-later	2	
data/c1/pilot/evidence/compiled/c1_k01-plonk.json	GPL-3.0-or-later	2	
data/c1/pilot/evidence/deviations/DEVIATIONS-PILOT.md	CC-BY-4.0	7	
data/c1/pilot/evidence/h-freeze/plonk-key-regeneration.tsv	CC-BY-4.0	7	
data/c1/pilot/evidence/h-freeze/regen_plonk.sh	MIT	6	
data/c1/pilot/evidence/harness/cell.js	MIT	6	
data/c1/pilot/evidence/harness/compile_all.js	MIT	6	
data/c1/pilot/evidence/harness/contracts.js	MIT	1	
data/c1/pilot/evidence/harness/evidence-schema.json	CC-BY-4.0	7	
data/c1/pilot/evidence/harness/freeze_evidence.sh	MIT	6	
data/c1/pilot/evidence/harness/hh/evm_run.js	MIT	6	
data/c1/pilot/evidence/harness/hh/hardhat.config.js	MIT	6	
data/c1/pilot/evidence/harness/lib/eravm.js	MIT	6	
data/c1/pilot/evidence/harness/lib/proofs.js	MIT	6	
data/c1/pilot/evidence/harness/lib/solc.js	MIT	6	
data/c1/pilot/evidence/harness/make_manifest.py	MIT	6	
data/c1/pilot/evidence/harness/run_campaign.py	MIT	6	
data/c1/pilot/evidence/harness/validate_evidence.py	MIT	6	
data/c1/pilot/evidence/harness/zkos_node.sh	MIT	6	
data/c1/pilot/evidence/harness/zkos_stop.sh	MIT	6	
data/c1/pilot/evidence/orchestrator.log	CC-BY-4.0	7	
data/c1/pilot/evidence/orchestrator.stdout	CC-BY-4.0	7	
data/c1/pilot/evidence/raw/00-eravm-29__groth16__c1_k01/attempt-1/anvil-zksync.log	CC-BY-4.0	7	
data/c1/pilot/evidence/raw/00-eravm-29__groth16__c1_k01/attempt-1/anvil-zksync.log.stdout	CC-BY-4.0	7	
data/c1/pilot/evidence/raw/00-eravm-29__groth16__c1_k01/attempt-1/cell-meta.json	CC-BY-4.0	7	
data/c1/pilot/evidence/raw/00-eravm-29__groth16__c1_k01/attempt-1/eravm-calltraces.json	CC-BY-4.0	7	
data/c1/pilot/evidence/raw/00-eravm-29__groth16__c1_k01/attempt-1/records.jsonl	CC-BY-4.0	7	
data/c1/pilot/evidence/raw/00-eravm-29__groth16__c1_k01/attempt-1/spec.json	CC-BY-4.0	7	
data/c1/pilot/evidence/raw/00-eravm-29__groth16__c1_k01/attempt-1/stderr.txt	CC-BY-4.0	7	
data/c1/pilot/evidence/raw/00-eravm-29__groth16__c1_k01/attempt-1/stdout.txt	CC-BY-4.0	7	
data/c1/pilot/evidence/raw/01-eravm-29__plonk__c1_ctx_k04/attempt-1/anvil-zksync.log	CC-BY-4.0	7	
data/c1/pilot/evidence/raw/01-eravm-29__plonk__c1_ctx_k04/attempt-1/anvil-zksync.log.stdout	CC-BY-4.0	7	
data/c1/pilot/evidence/raw/01-eravm-29__plonk__c1_ctx_k04/attempt-1/cell-meta.json	CC-BY-4.0	7	
data/c1/pilot/evidence/raw/01-eravm-29__plonk__c1_ctx_k04/attempt-1/eravm-calltraces.json	CC-BY-4.0	7	
data/c1/pilot/evidence/raw/01-eravm-29__plonk__c1_ctx_k04/attempt-1/records.jsonl	CC-BY-4.0	7	
data/c1/pilot/evidence/raw/01-eravm-29__plonk__c1_ctx_k04/attempt-1/spec.json	CC-BY-4.0	7	
data/c1/pilot/evidence/raw/01-eravm-29__plonk__c1_ctx_k04/attempt-1/stderr.txt	CC-BY-4.0	7	
data/c1/pilot/evidence/raw/01-eravm-29__plonk__c1_ctx_k04/attempt-1/stdout.txt	CC-BY-4.0	7	
data/c1/pilot/evidence/raw/02-zkos-v32_at_npg100__plonk__c1_k01/attempt-1/cell-meta.json	CC-BY-4.0	7	
data/c1/pilot/evidence/raw/02-zkos-v32_at_npg100__plonk__c1_k01/attempt-1/node/anvil.log	CC-BY-4.0	7	
data/c1/pilot/evidence/raw/02-zkos-v32_at_npg100__plonk__c1_k01/attempt-1/node/server.log	CC-BY-4.0	7	
data/c1/pilot/evidence/raw/02-zkos-v32_at_npg100__plonk__c1_k01/attempt-1/records.jsonl	CC-BY-4.0	7	
data/c1/pilot/evidence/raw/02-zkos-v32_at_npg100__plonk__c1_k01/attempt-1/spec.json	CC-BY-4.0	7	
data/c1/pilot/evidence/raw/02-zkos-v32_at_npg100__plonk__c1_k01/attempt-1/stderr.txt	CC-BY-4.0	7	
data/c1/pilot/evidence/raw/02-zkos-v32_at_npg100__plonk__c1_k01/attempt-1/stdout.txt	CC-BY-4.0	7	
data/c1/pilot/evidence/raw/03-zkos-v32_at_npg100__plonk__c1_ctx_k02/attempt-1/cell-meta.json	CC-BY-4.0	7	
data/c1/pilot/evidence/raw/03-zkos-v32_at_npg100__plonk__c1_ctx_k02/attempt-1/node/anvil.log	CC-BY-4.0	7	
data/c1/pilot/evidence/raw/03-zkos-v32_at_npg100__plonk__c1_ctx_k02/attempt-1/node/server.log	CC-BY-4.0	7	
data/c1/pilot/evidence/raw/03-zkos-v32_at_npg100__plonk__c1_ctx_k02/attempt-1/records.jsonl	CC-BY-4.0	7	
data/c1/pilot/evidence/raw/03-zkos-v32_at_npg100__plonk__c1_ctx_k02/attempt-1/spec.json	CC-BY-4.0	7	
data/c1/pilot/evidence/raw/03-zkos-v32_at_npg100__plonk__c1_ctx_k02/attempt-1/stderr.txt	CC-BY-4.0	7	
data/c1/pilot/evidence/raw/03-zkos-v32_at_npg100__plonk__c1_ctx_k02/attempt-1/stdout.txt	CC-BY-4.0	7	
data/c1/pilot/evidence/raw/04-eravm-29__groth16__c1_ctx_k02/attempt-1/anvil-zksync.log	CC-BY-4.0	7	
data/c1/pilot/evidence/raw/04-eravm-29__groth16__c1_ctx_k02/attempt-1/anvil-zksync.log.stdout	CC-BY-4.0	7	
data/c1/pilot/evidence/raw/04-eravm-29__groth16__c1_ctx_k02/attempt-1/cell-meta.json	CC-BY-4.0	7	
data/c1/pilot/evidence/raw/04-eravm-29__groth16__c1_ctx_k02/attempt-1/eravm-calltraces.json	CC-BY-4.0	7	
data/c1/pilot/evidence/raw/04-eravm-29__groth16__c1_ctx_k02/attempt-1/records.jsonl	CC-BY-4.0	7	
data/c1/pilot/evidence/raw/04-eravm-29__groth16__c1_ctx_k02/attempt-1/spec.json	CC-BY-4.0	7	
data/c1/pilot/evidence/raw/04-eravm-29__groth16__c1_ctx_k02/attempt-1/stderr.txt	CC-BY-4.0	7	
data/c1/pilot/evidence/raw/04-eravm-29__groth16__c1_ctx_k02/attempt-1/stdout.txt	CC-BY-4.0	7	
data/c1/pilot/evidence/raw/05-evm-osaka__plonk__c1_ctx_k02/attempt-1/cell-meta.json	CC-BY-4.0	7	
data/c1/pilot/evidence/raw/05-evm-osaka__plonk__c1_ctx_k02/attempt-1/edr-job.json	CC-BY-4.0	7	
data/c1/pilot/evidence/raw/05-evm-osaka__plonk__c1_ctx_k02/attempt-1/edr-out.json	CC-BY-4.0	7	
data/c1/pilot/evidence/raw/05-evm-osaka__plonk__c1_ctx_k02/attempt-1/records.jsonl	CC-BY-4.0	7	
data/c1/pilot/evidence/raw/05-evm-osaka__plonk__c1_ctx_k02/attempt-1/spec.json	CC-BY-4.0	7	
data/c1/pilot/evidence/raw/05-evm-osaka__plonk__c1_ctx_k02/attempt-1/stderr.txt	CC-BY-4.0	7	
data/c1/pilot/evidence/raw/05-evm-osaka__plonk__c1_ctx_k02/attempt-1/stdout.txt	CC-BY-4.0	7	
data/c1/pilot/evidence/raw/06-zkos-v32_at_npg139__plonk__c1_k01/attempt-1/cell-meta.json	CC-BY-4.0	7	
data/c1/pilot/evidence/raw/06-zkos-v32_at_npg139__plonk__c1_k01/attempt-1/node/anvil.log	CC-BY-4.0	7	
data/c1/pilot/evidence/raw/06-zkos-v32_at_npg139__plonk__c1_k01/attempt-1/node/server.log	CC-BY-4.0	7	
data/c1/pilot/evidence/raw/06-zkos-v32_at_npg139__plonk__c1_k01/attempt-1/records.jsonl	CC-BY-4.0	7	
data/c1/pilot/evidence/raw/06-zkos-v32_at_npg139__plonk__c1_k01/attempt-1/spec.json	CC-BY-4.0	7	
data/c1/pilot/evidence/raw/06-zkos-v32_at_npg139__plonk__c1_k01/attempt-1/stderr.txt	CC-BY-4.0	7	
data/c1/pilot/evidence/raw/06-zkos-v32_at_npg139__plonk__c1_k01/attempt-1/stdout.txt	CC-BY-4.0	7	
data/c1/pilot/evidence/raw/07-zkos-v32_at_npg100__groth16__c1_ctx_k02/attempt-1/cell-meta.json	CC-BY-4.0	7	
data/c1/pilot/evidence/raw/07-zkos-v32_at_npg100__groth16__c1_ctx_k02/attempt-1/node/anvil.log	CC-BY-4.0	7	
data/c1/pilot/evidence/raw/07-zkos-v32_at_npg100__groth16__c1_ctx_k02/attempt-1/node/server.log	CC-BY-4.0	7	
data/c1/pilot/evidence/raw/07-zkos-v32_at_npg100__groth16__c1_ctx_k02/attempt-1/records.jsonl	CC-BY-4.0	7	
data/c1/pilot/evidence/raw/07-zkos-v32_at_npg100__groth16__c1_ctx_k02/attempt-1/spec.json	CC-BY-4.0	7	
data/c1/pilot/evidence/raw/07-zkos-v32_at_npg100__groth16__c1_ctx_k02/attempt-1/stderr.txt	CC-BY-4.0	7	
data/c1/pilot/evidence/raw/07-zkos-v32_at_npg100__groth16__c1_ctx_k02/attempt-1/stdout.txt	CC-BY-4.0	7	
data/c1/pilot/evidence/raw/08-evm-osaka__groth16__c1_k01/attempt-1/cell-meta.json	CC-BY-4.0	7	
data/c1/pilot/evidence/raw/08-evm-osaka__groth16__c1_k01/attempt-1/edr-job.json	CC-BY-4.0	7	
data/c1/pilot/evidence/raw/08-evm-osaka__groth16__c1_k01/attempt-1/edr-out.json	CC-BY-4.0	7	
data/c1/pilot/evidence/raw/08-evm-osaka__groth16__c1_k01/attempt-1/records.jsonl	CC-BY-4.0	7	
data/c1/pilot/evidence/raw/08-evm-osaka__groth16__c1_k01/attempt-1/spec.json	CC-BY-4.0	7	
data/c1/pilot/evidence/raw/08-evm-osaka__groth16__c1_k01/attempt-1/stderr.txt	CC-BY-4.0	7	
data/c1/pilot/evidence/raw/08-evm-osaka__groth16__c1_k01/attempt-1/stdout.txt	CC-BY-4.0	7	
data/c1/pilot/evidence/raw/09-zkos-v32_at_npg100__groth16__c1_k01/attempt-1/cell-meta.json	CC-BY-4.0	7	
data/c1/pilot/evidence/raw/09-zkos-v32_at_npg100__groth16__c1_k01/attempt-1/node/anvil.log	CC-BY-4.0	7	
data/c1/pilot/evidence/raw/09-zkos-v32_at_npg100__groth16__c1_k01/attempt-1/node/server.log	CC-BY-4.0	7	
data/c1/pilot/evidence/raw/09-zkos-v32_at_npg100__groth16__c1_k01/attempt-1/records.jsonl	CC-BY-4.0	7	
data/c1/pilot/evidence/raw/09-zkos-v32_at_npg100__groth16__c1_k01/attempt-1/spec.json	CC-BY-4.0	7	
data/c1/pilot/evidence/raw/09-zkos-v32_at_npg100__groth16__c1_k01/attempt-1/stderr.txt	CC-BY-4.0	7	
data/c1/pilot/evidence/raw/09-zkos-v32_at_npg100__groth16__c1_k01/attempt-1/stdout.txt	CC-BY-4.0	7	
data/c1/pilot/evidence/raw/10-eravm-29__plonk__c1_k01/attempt-1/anvil-zksync.log	CC-BY-4.0	7	
data/c1/pilot/evidence/raw/10-eravm-29__plonk__c1_k01/attempt-1/anvil-zksync.log.stdout	CC-BY-4.0	7	
data/c1/pilot/evidence/raw/10-eravm-29__plonk__c1_k01/attempt-1/cell-meta.json	CC-BY-4.0	7	
data/c1/pilot/evidence/raw/10-eravm-29__plonk__c1_k01/attempt-1/eravm-calltraces.json	CC-BY-4.0	7	
data/c1/pilot/evidence/raw/10-eravm-29__plonk__c1_k01/attempt-1/records.jsonl	CC-BY-4.0	7	
data/c1/pilot/evidence/raw/10-eravm-29__plonk__c1_k01/attempt-1/spec.json	CC-BY-4.0	7	
data/c1/pilot/evidence/raw/10-eravm-29__plonk__c1_k01/attempt-1/stderr.txt	CC-BY-4.0	7	
data/c1/pilot/evidence/raw/10-eravm-29__plonk__c1_k01/attempt-1/stdout.txt	CC-BY-4.0	7	
data/c1/pilot/evidence/raw/11-zkos-v32_at_npg100__plonk__c1_ctx_k04/attempt-1/cell-meta.json	CC-BY-4.0	7	
data/c1/pilot/evidence/raw/11-zkos-v32_at_npg100__plonk__c1_ctx_k04/attempt-1/node/anvil.log	CC-BY-4.0	7	
data/c1/pilot/evidence/raw/11-zkos-v32_at_npg100__plonk__c1_ctx_k04/attempt-1/node/server.log	CC-BY-4.0	7	
data/c1/pilot/evidence/raw/11-zkos-v32_at_npg100__plonk__c1_ctx_k04/attempt-1/records.jsonl	CC-BY-4.0	7	
data/c1/pilot/evidence/raw/11-zkos-v32_at_npg100__plonk__c1_ctx_k04/attempt-1/spec.json	CC-BY-4.0	7	
data/c1/pilot/evidence/raw/11-zkos-v32_at_npg100__plonk__c1_ctx_k04/attempt-1/stderr.txt	CC-BY-4.0	7	
data/c1/pilot/evidence/raw/11-zkos-v32_at_npg100__plonk__c1_ctx_k04/attempt-1/stdout.txt	CC-BY-4.0	7	
data/c1/pilot/evidence/raw/12-zkos-v32_at_npg171__plonk__c1_k01/attempt-1/cell-meta.json	CC-BY-4.0	7	
data/c1/pilot/evidence/raw/12-zkos-v32_at_npg171__plonk__c1_k01/attempt-1/node/anvil.log	CC-BY-4.0	7	
data/c1/pilot/evidence/raw/12-zkos-v32_at_npg171__plonk__c1_k01/attempt-1/node/server.log	CC-BY-4.0	7	
data/c1/pilot/evidence/raw/12-zkos-v32_at_npg171__plonk__c1_k01/attempt-1/records.jsonl	CC-BY-4.0	7	
data/c1/pilot/evidence/raw/12-zkos-v32_at_npg171__plonk__c1_k01/attempt-1/spec.json	CC-BY-4.0	7	
data/c1/pilot/evidence/raw/12-zkos-v32_at_npg171__plonk__c1_k01/attempt-1/stderr.txt	CC-BY-4.0	7	
data/c1/pilot/evidence/raw/12-zkos-v32_at_npg171__plonk__c1_k01/attempt-1/stdout.txt	CC-BY-4.0	7	
data/c1/pilot/evidence/raw/13-eravm-29__plonk__c1_ctx_k16/attempt-1/anvil-zksync.log	CC-BY-4.0	7	
data/c1/pilot/evidence/raw/13-eravm-29__plonk__c1_ctx_k16/attempt-1/anvil-zksync.log.stdout	CC-BY-4.0	7	
data/c1/pilot/evidence/raw/13-eravm-29__plonk__c1_ctx_k16/attempt-1/cell-meta.json	CC-BY-4.0	7	
data/c1/pilot/evidence/raw/13-eravm-29__plonk__c1_ctx_k16/attempt-1/eravm-calltraces.json	CC-BY-4.0	7	
data/c1/pilot/evidence/raw/13-eravm-29__plonk__c1_ctx_k16/attempt-1/records.jsonl	CC-BY-4.0	7	
data/c1/pilot/evidence/raw/13-eravm-29__plonk__c1_ctx_k16/attempt-1/spec.json	CC-BY-4.0	7	
data/c1/pilot/evidence/raw/13-eravm-29__plonk__c1_ctx_k16/attempt-1/stderr.txt	CC-BY-4.0	7	
data/c1/pilot/evidence/raw/13-eravm-29__plonk__c1_ctx_k16/attempt-1/stdout.txt	CC-BY-4.0	7	
data/c1/pilot/evidence/raw/14-eravm-29__plonk__c1_ctx_k02/attempt-1/anvil-zksync.log	CC-BY-4.0	7	
data/c1/pilot/evidence/raw/14-eravm-29__plonk__c1_ctx_k02/attempt-1/anvil-zksync.log.stdout	CC-BY-4.0	7	
data/c1/pilot/evidence/raw/14-eravm-29__plonk__c1_ctx_k02/attempt-1/cell-meta.json	CC-BY-4.0	7	
data/c1/pilot/evidence/raw/14-eravm-29__plonk__c1_ctx_k02/attempt-1/eravm-calltraces.json	CC-BY-4.0	7	
data/c1/pilot/evidence/raw/14-eravm-29__plonk__c1_ctx_k02/attempt-1/records.jsonl	CC-BY-4.0	7	
data/c1/pilot/evidence/raw/14-eravm-29__plonk__c1_ctx_k02/attempt-1/spec.json	CC-BY-4.0	7	
data/c1/pilot/evidence/raw/14-eravm-29__plonk__c1_ctx_k02/attempt-1/stderr.txt	CC-BY-4.0	7	
data/c1/pilot/evidence/raw/14-eravm-29__plonk__c1_ctx_k02/attempt-1/stdout.txt	CC-BY-4.0	7	
data/c1/pilot/evidence/raw/15-zkos-v32_at_npg300__plonk__c1_k01/attempt-1/cell-meta.json	CC-BY-4.0	7	
data/c1/pilot/evidence/raw/15-zkos-v32_at_npg300__plonk__c1_k01/attempt-1/node/anvil.log	CC-BY-4.0	7	
data/c1/pilot/evidence/raw/15-zkos-v32_at_npg300__plonk__c1_k01/attempt-1/node/server.log	CC-BY-4.0	7	
data/c1/pilot/evidence/raw/15-zkos-v32_at_npg300__plonk__c1_k01/attempt-1/records.jsonl	CC-BY-4.0	7	
data/c1/pilot/evidence/raw/15-zkos-v32_at_npg300__plonk__c1_k01/attempt-1/spec.json	CC-BY-4.0	7	
data/c1/pilot/evidence/raw/15-zkos-v32_at_npg300__plonk__c1_k01/attempt-1/stderr.txt	CC-BY-4.0	7	
data/c1/pilot/evidence/raw/15-zkos-v32_at_npg300__plonk__c1_k01/attempt-1/stdout.txt	CC-BY-4.0	7	
data/c1/pilot/evidence/raw/16-evm-osaka__plonk__c1_ctx_k16/attempt-1/cell-meta.json	CC-BY-4.0	7	
data/c1/pilot/evidence/raw/16-evm-osaka__plonk__c1_ctx_k16/attempt-1/edr-job.json	CC-BY-4.0	7	
data/c1/pilot/evidence/raw/16-evm-osaka__plonk__c1_ctx_k16/attempt-1/edr-out.json	CC-BY-4.0	7	
data/c1/pilot/evidence/raw/16-evm-osaka__plonk__c1_ctx_k16/attempt-1/records.jsonl	CC-BY-4.0	7	
data/c1/pilot/evidence/raw/16-evm-osaka__plonk__c1_ctx_k16/attempt-1/spec.json	CC-BY-4.0	7	
data/c1/pilot/evidence/raw/16-evm-osaka__plonk__c1_ctx_k16/attempt-1/stderr.txt	CC-BY-4.0	7	
data/c1/pilot/evidence/raw/16-evm-osaka__plonk__c1_ctx_k16/attempt-1/stdout.txt	CC-BY-4.0	7	
data/c1/pilot/evidence/raw/17-evm-osaka__groth16__c1_ctx_k02/attempt-1/cell-meta.json	CC-BY-4.0	7	
data/c1/pilot/evidence/raw/17-evm-osaka__groth16__c1_ctx_k02/attempt-1/edr-job.json	CC-BY-4.0	7	
data/c1/pilot/evidence/raw/17-evm-osaka__groth16__c1_ctx_k02/attempt-1/edr-out.json	CC-BY-4.0	7	
data/c1/pilot/evidence/raw/17-evm-osaka__groth16__c1_ctx_k02/attempt-1/records.jsonl	CC-BY-4.0	7	
data/c1/pilot/evidence/raw/17-evm-osaka__groth16__c1_ctx_k02/attempt-1/spec.json	CC-BY-4.0	7	
data/c1/pilot/evidence/raw/17-evm-osaka__groth16__c1_ctx_k02/attempt-1/stderr.txt	CC-BY-4.0	7	
data/c1/pilot/evidence/raw/17-evm-osaka__groth16__c1_ctx_k02/attempt-1/stdout.txt	CC-BY-4.0	7	
data/c1/pilot/evidence/raw/18-zkos-v32_at_npg100__groth16__c1_ctx_k16/attempt-1/cell-meta.json	CC-BY-4.0	7	
data/c1/pilot/evidence/raw/18-zkos-v32_at_npg100__groth16__c1_ctx_k16/attempt-1/node/anvil.log	CC-BY-4.0	7	
data/c1/pilot/evidence/raw/18-zkos-v32_at_npg100__groth16__c1_ctx_k16/attempt-1/node/server.log	CC-BY-4.0	7	
data/c1/pilot/evidence/raw/18-zkos-v32_at_npg100__groth16__c1_ctx_k16/attempt-1/records.jsonl	CC-BY-4.0	7	
data/c1/pilot/evidence/raw/18-zkos-v32_at_npg100__groth16__c1_ctx_k16/attempt-1/spec.json	CC-BY-4.0	7	
data/c1/pilot/evidence/raw/18-zkos-v32_at_npg100__groth16__c1_ctx_k16/attempt-1/stderr.txt	CC-BY-4.0	7	
data/c1/pilot/evidence/raw/18-zkos-v32_at_npg100__groth16__c1_ctx_k16/attempt-1/stdout.txt	CC-BY-4.0	7	
data/c1/pilot/evidence/raw/19-zkos-v32_at_npg100__groth16__c1_ctx_k04/attempt-1/cell-meta.json	CC-BY-4.0	7	
data/c1/pilot/evidence/raw/19-zkos-v32_at_npg100__groth16__c1_ctx_k04/attempt-1/node/anvil.log	CC-BY-4.0	7	
data/c1/pilot/evidence/raw/19-zkos-v32_at_npg100__groth16__c1_ctx_k04/attempt-1/node/server.log	CC-BY-4.0	7	
data/c1/pilot/evidence/raw/19-zkos-v32_at_npg100__groth16__c1_ctx_k04/attempt-1/records.jsonl	CC-BY-4.0	7	
data/c1/pilot/evidence/raw/19-zkos-v32_at_npg100__groth16__c1_ctx_k04/attempt-1/spec.json	CC-BY-4.0	7	
data/c1/pilot/evidence/raw/19-zkos-v32_at_npg100__groth16__c1_ctx_k04/attempt-1/stderr.txt	CC-BY-4.0	7	
data/c1/pilot/evidence/raw/19-zkos-v32_at_npg100__groth16__c1_ctx_k04/attempt-1/stdout.txt	CC-BY-4.0	7	
data/c1/pilot/evidence/raw/20-evm-osaka__plonk__c1_ctx_k04/attempt-1/cell-meta.json	CC-BY-4.0	7	
data/c1/pilot/evidence/raw/20-evm-osaka__plonk__c1_ctx_k04/attempt-1/edr-job.json	CC-BY-4.0	7	
data/c1/pilot/evidence/raw/20-evm-osaka__plonk__c1_ctx_k04/attempt-1/edr-out.json	CC-BY-4.0	7	
data/c1/pilot/evidence/raw/20-evm-osaka__plonk__c1_ctx_k04/attempt-1/records.jsonl	CC-BY-4.0	7	
data/c1/pilot/evidence/raw/20-evm-osaka__plonk__c1_ctx_k04/attempt-1/spec.json	CC-BY-4.0	7	
data/c1/pilot/evidence/raw/20-evm-osaka__plonk__c1_ctx_k04/attempt-1/stderr.txt	CC-BY-4.0	7	
data/c1/pilot/evidence/raw/20-evm-osaka__plonk__c1_ctx_k04/attempt-1/stdout.txt	CC-BY-4.0	7	
data/c1/pilot/evidence/raw/21-zkos-v32_at_npg169__plonk__c1_k01/attempt-1/cell-meta.json	CC-BY-4.0	7	
data/c1/pilot/evidence/raw/21-zkos-v32_at_npg169__plonk__c1_k01/attempt-1/node/anvil.log	CC-BY-4.0	7	
data/c1/pilot/evidence/raw/21-zkos-v32_at_npg169__plonk__c1_k01/attempt-1/node/server.log	CC-BY-4.0	7	
data/c1/pilot/evidence/raw/21-zkos-v32_at_npg169__plonk__c1_k01/attempt-1/records.jsonl	CC-BY-4.0	7	
data/c1/pilot/evidence/raw/21-zkos-v32_at_npg169__plonk__c1_k01/attempt-1/spec.json	CC-BY-4.0	7	
data/c1/pilot/evidence/raw/21-zkos-v32_at_npg169__plonk__c1_k01/attempt-1/stderr.txt	CC-BY-4.0	7	
data/c1/pilot/evidence/raw/21-zkos-v32_at_npg169__plonk__c1_k01/attempt-1/stdout.txt	CC-BY-4.0	7	
data/c1/pilot/evidence/raw/22-zkos-v32_at_npg100__plonk__c1_ctx_k16/attempt-1/cell-meta.json	CC-BY-4.0	7	
data/c1/pilot/evidence/raw/22-zkos-v32_at_npg100__plonk__c1_ctx_k16/attempt-1/node/anvil.log	CC-BY-4.0	7	
data/c1/pilot/evidence/raw/22-zkos-v32_at_npg100__plonk__c1_ctx_k16/attempt-1/node/server.log	CC-BY-4.0	7	
data/c1/pilot/evidence/raw/22-zkos-v32_at_npg100__plonk__c1_ctx_k16/attempt-1/records.jsonl	CC-BY-4.0	7	
data/c1/pilot/evidence/raw/22-zkos-v32_at_npg100__plonk__c1_ctx_k16/attempt-1/spec.json	CC-BY-4.0	7	
data/c1/pilot/evidence/raw/22-zkos-v32_at_npg100__plonk__c1_ctx_k16/attempt-1/stderr.txt	CC-BY-4.0	7	
data/c1/pilot/evidence/raw/22-zkos-v32_at_npg100__plonk__c1_ctx_k16/attempt-1/stdout.txt	CC-BY-4.0	7	
data/c1/pilot/evidence/raw/23-evm-osaka__groth16__c1_ctx_k16/attempt-1/cell-meta.json	CC-BY-4.0	7	
data/c1/pilot/evidence/raw/23-evm-osaka__groth16__c1_ctx_k16/attempt-1/edr-job.json	CC-BY-4.0	7	
data/c1/pilot/evidence/raw/23-evm-osaka__groth16__c1_ctx_k16/attempt-1/edr-out.json	CC-BY-4.0	7	
data/c1/pilot/evidence/raw/23-evm-osaka__groth16__c1_ctx_k16/attempt-1/records.jsonl	CC-BY-4.0	7	
data/c1/pilot/evidence/raw/23-evm-osaka__groth16__c1_ctx_k16/attempt-1/spec.json	CC-BY-4.0	7	
data/c1/pilot/evidence/raw/23-evm-osaka__groth16__c1_ctx_k16/attempt-1/stderr.txt	CC-BY-4.0	7	
data/c1/pilot/evidence/raw/23-evm-osaka__groth16__c1_ctx_k16/attempt-1/stdout.txt	CC-BY-4.0	7	
data/c1/pilot/evidence/raw/24-zkos-v32_at_npg300__groth16__c1_k01/attempt-1/cell-meta.json	CC-BY-4.0	7	
data/c1/pilot/evidence/raw/24-zkos-v32_at_npg300__groth16__c1_k01/attempt-1/node/anvil.log	CC-BY-4.0	7	
data/c1/pilot/evidence/raw/24-zkos-v32_at_npg300__groth16__c1_k01/attempt-1/node/server.log	CC-BY-4.0	7	
data/c1/pilot/evidence/raw/24-zkos-v32_at_npg300__groth16__c1_k01/attempt-1/records.jsonl	CC-BY-4.0	7	
data/c1/pilot/evidence/raw/24-zkos-v32_at_npg300__groth16__c1_k01/attempt-1/spec.json	CC-BY-4.0	7	
data/c1/pilot/evidence/raw/24-zkos-v32_at_npg300__groth16__c1_k01/attempt-1/stderr.txt	CC-BY-4.0	7	
data/c1/pilot/evidence/raw/24-zkos-v32_at_npg300__groth16__c1_k01/attempt-1/stdout.txt	CC-BY-4.0	7	
data/c1/pilot/evidence/raw/25-zkos-v32_at_npg151__plonk__c1_k01/attempt-1/cell-meta.json	CC-BY-4.0	7	
data/c1/pilot/evidence/raw/25-zkos-v32_at_npg151__plonk__c1_k01/attempt-1/node/anvil.log	CC-BY-4.0	7	
data/c1/pilot/evidence/raw/25-zkos-v32_at_npg151__plonk__c1_k01/attempt-1/node/server.log	CC-BY-4.0	7	
data/c1/pilot/evidence/raw/25-zkos-v32_at_npg151__plonk__c1_k01/attempt-1/records.jsonl	CC-BY-4.0	7	
data/c1/pilot/evidence/raw/25-zkos-v32_at_npg151__plonk__c1_k01/attempt-1/spec.json	CC-BY-4.0	7	
data/c1/pilot/evidence/raw/25-zkos-v32_at_npg151__plonk__c1_k01/attempt-1/stderr.txt	CC-BY-4.0	7	
data/c1/pilot/evidence/raw/25-zkos-v32_at_npg151__plonk__c1_k01/attempt-1/stdout.txt	CC-BY-4.0	7	
data/c1/pilot/evidence/raw/26-zkos-v32_at_npg139__groth16__c1_k01/attempt-1/cell-meta.json	CC-BY-4.0	7	
data/c1/pilot/evidence/raw/26-zkos-v32_at_npg139__groth16__c1_k01/attempt-1/node/anvil.log	CC-BY-4.0	7	
data/c1/pilot/evidence/raw/26-zkos-v32_at_npg139__groth16__c1_k01/attempt-1/node/server.log	CC-BY-4.0	7	
data/c1/pilot/evidence/raw/26-zkos-v32_at_npg139__groth16__c1_k01/attempt-1/records.jsonl	CC-BY-4.0	7	
data/c1/pilot/evidence/raw/26-zkos-v32_at_npg139__groth16__c1_k01/attempt-1/spec.json	CC-BY-4.0	7	
data/c1/pilot/evidence/raw/26-zkos-v32_at_npg139__groth16__c1_k01/attempt-1/stderr.txt	CC-BY-4.0	7	
data/c1/pilot/evidence/raw/26-zkos-v32_at_npg139__groth16__c1_k01/attempt-1/stdout.txt	CC-BY-4.0	7	
data/c1/pilot/evidence/raw/27-zkos-v32_at_npg151__groth16__c1_k01/attempt-1/cell-meta.json	CC-BY-4.0	7	
data/c1/pilot/evidence/raw/27-zkos-v32_at_npg151__groth16__c1_k01/attempt-1/node/anvil.log	CC-BY-4.0	7	
data/c1/pilot/evidence/raw/27-zkos-v32_at_npg151__groth16__c1_k01/attempt-1/node/server.log	CC-BY-4.0	7	
data/c1/pilot/evidence/raw/27-zkos-v32_at_npg151__groth16__c1_k01/attempt-1/records.jsonl	CC-BY-4.0	7	
data/c1/pilot/evidence/raw/27-zkos-v32_at_npg151__groth16__c1_k01/attempt-1/spec.json	CC-BY-4.0	7	
data/c1/pilot/evidence/raw/27-zkos-v32_at_npg151__groth16__c1_k01/attempt-1/stderr.txt	CC-BY-4.0	7	
data/c1/pilot/evidence/raw/27-zkos-v32_at_npg151__groth16__c1_k01/attempt-1/stdout.txt	CC-BY-4.0	7	
data/c1/pilot/evidence/raw/28-eravm-29__groth16__c1_ctx_k04/attempt-1/anvil-zksync.log	CC-BY-4.0	7	
data/c1/pilot/evidence/raw/28-eravm-29__groth16__c1_ctx_k04/attempt-1/anvil-zksync.log.stdout	CC-BY-4.0	7	
data/c1/pilot/evidence/raw/28-eravm-29__groth16__c1_ctx_k04/attempt-1/cell-meta.json	CC-BY-4.0	7	
data/c1/pilot/evidence/raw/28-eravm-29__groth16__c1_ctx_k04/attempt-1/eravm-calltraces.json	CC-BY-4.0	7	
data/c1/pilot/evidence/raw/28-eravm-29__groth16__c1_ctx_k04/attempt-1/records.jsonl	CC-BY-4.0	7	
data/c1/pilot/evidence/raw/28-eravm-29__groth16__c1_ctx_k04/attempt-1/spec.json	CC-BY-4.0	7	
data/c1/pilot/evidence/raw/28-eravm-29__groth16__c1_ctx_k04/attempt-1/stderr.txt	CC-BY-4.0	7	
data/c1/pilot/evidence/raw/28-eravm-29__groth16__c1_ctx_k04/attempt-1/stdout.txt	CC-BY-4.0	7	
data/c1/pilot/evidence/raw/29-zkos-v32_at_npg126__groth16__c1_k01/attempt-1/cell-meta.json	CC-BY-4.0	7	
data/c1/pilot/evidence/raw/29-zkos-v32_at_npg126__groth16__c1_k01/attempt-1/node/anvil.log	CC-BY-4.0	7	
data/c1/pilot/evidence/raw/29-zkos-v32_at_npg126__groth16__c1_k01/attempt-1/node/server.log	CC-BY-4.0	7	
data/c1/pilot/evidence/raw/29-zkos-v32_at_npg126__groth16__c1_k01/attempt-1/records.jsonl	CC-BY-4.0	7	
data/c1/pilot/evidence/raw/29-zkos-v32_at_npg126__groth16__c1_k01/attempt-1/spec.json	CC-BY-4.0	7	
data/c1/pilot/evidence/raw/29-zkos-v32_at_npg126__groth16__c1_k01/attempt-1/stderr.txt	CC-BY-4.0	7	
data/c1/pilot/evidence/raw/29-zkos-v32_at_npg126__groth16__c1_k01/attempt-1/stdout.txt	CC-BY-4.0	7	
data/c1/pilot/evidence/raw/30-zkos-v32_at_npg171__groth16__c1_k01/attempt-1/cell-meta.json	CC-BY-4.0	7	
data/c1/pilot/evidence/raw/30-zkos-v32_at_npg171__groth16__c1_k01/attempt-1/node/anvil.log	CC-BY-4.0	7	
data/c1/pilot/evidence/raw/30-zkos-v32_at_npg171__groth16__c1_k01/attempt-1/node/server.log	CC-BY-4.0	7	
data/c1/pilot/evidence/raw/30-zkos-v32_at_npg171__groth16__c1_k01/attempt-1/records.jsonl	CC-BY-4.0	7	
data/c1/pilot/evidence/raw/30-zkos-v32_at_npg171__groth16__c1_k01/attempt-1/spec.json	CC-BY-4.0	7	
data/c1/pilot/evidence/raw/30-zkos-v32_at_npg171__groth16__c1_k01/attempt-1/stderr.txt	CC-BY-4.0	7	
data/c1/pilot/evidence/raw/30-zkos-v32_at_npg171__groth16__c1_k01/attempt-1/stdout.txt	CC-BY-4.0	7	
data/c1/pilot/evidence/raw/31-evm-osaka__plonk__c1_k01/attempt-1/cell-meta.json	CC-BY-4.0	7	
data/c1/pilot/evidence/raw/31-evm-osaka__plonk__c1_k01/attempt-1/edr-job.json	CC-BY-4.0	7	
data/c1/pilot/evidence/raw/31-evm-osaka__plonk__c1_k01/attempt-1/edr-out.json	CC-BY-4.0	7	
data/c1/pilot/evidence/raw/31-evm-osaka__plonk__c1_k01/attempt-1/records.jsonl	CC-BY-4.0	7	
data/c1/pilot/evidence/raw/31-evm-osaka__plonk__c1_k01/attempt-1/spec.json	CC-BY-4.0	7	
data/c1/pilot/evidence/raw/31-evm-osaka__plonk__c1_k01/attempt-1/stderr.txt	CC-BY-4.0	7	
data/c1/pilot/evidence/raw/31-evm-osaka__plonk__c1_k01/attempt-1/stdout.txt	CC-BY-4.0	7	
data/c1/pilot/evidence/raw/32-zkos-v32_at_npg169__groth16__c1_k01/attempt-1/cell-meta.json	CC-BY-4.0	7	
data/c1/pilot/evidence/raw/32-zkos-v32_at_npg169__groth16__c1_k01/attempt-1/node/anvil.log	CC-BY-4.0	7	
data/c1/pilot/evidence/raw/32-zkos-v32_at_npg169__groth16__c1_k01/attempt-1/node/server.log	CC-BY-4.0	7	
data/c1/pilot/evidence/raw/32-zkos-v32_at_npg169__groth16__c1_k01/attempt-1/records.jsonl	CC-BY-4.0	7	
data/c1/pilot/evidence/raw/32-zkos-v32_at_npg169__groth16__c1_k01/attempt-1/spec.json	CC-BY-4.0	7	
data/c1/pilot/evidence/raw/32-zkos-v32_at_npg169__groth16__c1_k01/attempt-1/stderr.txt	CC-BY-4.0	7	
data/c1/pilot/evidence/raw/32-zkos-v32_at_npg169__groth16__c1_k01/attempt-1/stdout.txt	CC-BY-4.0	7	
data/c1/pilot/evidence/raw/33-eravm-29__groth16__c1_ctx_k16/attempt-1/anvil-zksync.log	CC-BY-4.0	7	
data/c1/pilot/evidence/raw/33-eravm-29__groth16__c1_ctx_k16/attempt-1/anvil-zksync.log.stdout	CC-BY-4.0	7	
data/c1/pilot/evidence/raw/33-eravm-29__groth16__c1_ctx_k16/attempt-1/cell-meta.json	CC-BY-4.0	7	
data/c1/pilot/evidence/raw/33-eravm-29__groth16__c1_ctx_k16/attempt-1/eravm-calltraces.json	CC-BY-4.0	7	
data/c1/pilot/evidence/raw/33-eravm-29__groth16__c1_ctx_k16/attempt-1/records.jsonl	CC-BY-4.0	7	
data/c1/pilot/evidence/raw/33-eravm-29__groth16__c1_ctx_k16/attempt-1/spec.json	CC-BY-4.0	7	
data/c1/pilot/evidence/raw/33-eravm-29__groth16__c1_ctx_k16/attempt-1/stderr.txt	CC-BY-4.0	7	
data/c1/pilot/evidence/raw/33-eravm-29__groth16__c1_ctx_k16/attempt-1/stdout.txt	CC-BY-4.0	7	
data/c1/pilot/evidence/raw/34-zkos-v32_at_npg126__plonk__c1_k01/attempt-1/cell-meta.json	CC-BY-4.0	7	
data/c1/pilot/evidence/raw/34-zkos-v32_at_npg126__plonk__c1_k01/attempt-1/node/anvil.log	CC-BY-4.0	7	
data/c1/pilot/evidence/raw/34-zkos-v32_at_npg126__plonk__c1_k01/attempt-1/node/server.log	CC-BY-4.0	7	
data/c1/pilot/evidence/raw/34-zkos-v32_at_npg126__plonk__c1_k01/attempt-1/records.jsonl	CC-BY-4.0	7	
data/c1/pilot/evidence/raw/34-zkos-v32_at_npg126__plonk__c1_k01/attempt-1/spec.json	CC-BY-4.0	7	
data/c1/pilot/evidence/raw/34-zkos-v32_at_npg126__plonk__c1_k01/attempt-1/stderr.txt	CC-BY-4.0	7	
data/c1/pilot/evidence/raw/34-zkos-v32_at_npg126__plonk__c1_k01/attempt-1/stdout.txt	CC-BY-4.0	7	
data/c1/pilot/evidence/raw/35-evm-osaka__groth16__c1_ctx_k04/attempt-1/cell-meta.json	CC-BY-4.0	7	
data/c1/pilot/evidence/raw/35-evm-osaka__groth16__c1_ctx_k04/attempt-1/edr-job.json	CC-BY-4.0	7	
data/c1/pilot/evidence/raw/35-evm-osaka__groth16__c1_ctx_k04/attempt-1/edr-out.json	CC-BY-4.0	7	
data/c1/pilot/evidence/raw/35-evm-osaka__groth16__c1_ctx_k04/attempt-1/records.jsonl	CC-BY-4.0	7	
data/c1/pilot/evidence/raw/35-evm-osaka__groth16__c1_ctx_k04/attempt-1/spec.json	CC-BY-4.0	7	
data/c1/pilot/evidence/raw/35-evm-osaka__groth16__c1_ctx_k04/attempt-1/stderr.txt	CC-BY-4.0	7	
data/c1/pilot/evidence/raw/35-evm-osaka__groth16__c1_ctx_k04/attempt-1/stdout.txt	CC-BY-4.0	7	
data/c1/pilot/evidence/raw/l1-state-inputs-removed.json	CC-BY-4.0	7	
data/c1/pilot/evidence/selftest/README.md	CC-BY-4.0	7	
data/c1/pilot/evidence/selftest/run1/AC_checks.csv	CC-BY-4.0	7	
data/c1/pilot/evidence/selftest/run1/VALIDATION.json	CC-BY-4.0	7	
data/c1/pilot/evidence/selftest/run1/orchestrator.log	CC-BY-4.0	7	
data/c1/pilot/evidence/selftest/run1/summary.json	CC-BY-4.0	7	
data/c1/pilot/evidence/selftest/run2/AC_checks.csv	CC-BY-4.0	7	
data/c1/pilot/evidence/selftest/run2/VALIDATION.json	CC-BY-4.0	7	
data/c1/pilot/evidence/selftest/run2/orchestrator.log	CC-BY-4.0	7	
data/c1/pilot/evidence/selftest/run2/summary.json	CC-BY-4.0	7	
data/c1/pilot/evidence/selftest/selftest-cells.csv	CC-BY-4.0	7	
data/c1/pilot/record/SHA256SUMS	CC-BY-4.0	7	
data/c1/pilot/record/campaign.json	CC-BY-4.0	7	
data/c1/pilot/record/gate-p-tables.md	CC-BY-4.0	7	
data/c1/pilot/record/gatep_tables.py	MIT	6	
data/c1/pilot/record/scoring/AC_checks.csv	CC-BY-4.0	7	
data/c1/pilot/record/scoring/CELL_summary.csv	CC-BY-4.0	7	
data/c1/pilot/record/scoring/NPG_ranking.csv	CC-BY-4.0	7	
data/c1/pilot/record/scoring/NPG_scoring.csv	CC-BY-4.0	7	
data/c1/pilot/record/scoring/P_scoring.csv	CC-BY-4.0	7	
data/c1/pilot/record/scoring/R_scoring.csv	CC-BY-4.0	7	
data/c1/pilot/record/scoring/SG_monotonicity.csv	CC-BY-4.0	7	
data/c1/pilot/record/scoring/SG_signs.csv	CC-BY-4.0	7	
data/c1/pilot/record/scoring/SHA256SUMS	CC-BY-4.0	7	
data/c1/pilot/record/scoring/XO_crossovers.csv	CC-BY-4.0	7	
data/c1/pilot/record/scoring/ZC_scoring.csv	CC-BY-4.0	7	
data/c1/pilot/record/scoring/summary.json	CC-BY-4.0	7	
data/c1/pilot/record/validation/VALIDATION.json	CC-BY-4.0	7	
data/p0-feasibility/README.md	CC-BY-4.0	7	
data/p0-feasibility/SHA256SUMS	CC-BY-4.0	7	
data/p0-feasibility/circuits/plonk-gate-counts.txt	CC-BY-4.0	7	
data/p0-feasibility/circuits/setup-times.txt	CC-BY-4.0	7	
data/p0-feasibility/circuits/src/a4_d11.circom	MIT	6	
data/p0-feasibility/circuits/src/a8_d11.circom	MIT	6	
data/p0-feasibility/circuits/src/ctx_d11_k16.circom	MIT	6	
data/p0-feasibility/circuits/src/ctx_d11_k2.circom	MIT	6	
data/p0-feasibility/circuits/src/ctx_d11_k32.circom	MIT	6	
data/p0-feasibility/circuits/src/ctx_d11_k4.circom	MIT	6	
data/p0-feasibility/circuits/src/ctx_d11_k64.circom	MIT	6	
data/p0-feasibility/circuits/src/ctx_d5_k16.circom	MIT	6	
data/p0-feasibility/circuits/src/ctx_d5_k4.circom	MIT	6	
data/p0-feasibility/circuits/src/disc_chain2_d11_k1.circom	MIT	6	
data/p0-feasibility/circuits/src/disc_chain2_d11_k32.circom	MIT	6	
data/p0-feasibility/circuits/src/disc_chain2_d11_k4.circom	MIT	6	
data/p0-feasibility/circuits/src/disc_p16x2_d11_k1.circom	MIT	6	
data/p0-feasibility/circuits/src/disc_p16x2_d11_k32.circom	MIT	6	
data/p0-feasibility/circuits/src/disc_p16x2_d11_k4.circom	MIT	6	
data/p0-feasibility/circuits/src/mini_d0_k1.circom	MIT	6	
data/p0-feasibility/circuits/src/mini_d0_k16.circom	MIT	6	
data/p0-feasibility/circuits/src/mini_d0_k2.circom	MIT	6	
data/p0-feasibility/circuits/src/mini_d0_k4.circom	MIT	6	
data/p0-feasibility/circuits/src/pad_d10_p1150.circom	MIT	6	
data/p0-feasibility/circuits/src/pad_d10_p1180.circom	MIT	6	
data/p0-feasibility/circuits/src/v1_d11.circom	MIT	6	
data/p0-feasibility/circuits/src/v1_d5.circom	MIT	6	
data/p0-feasibility/proofs/a4_d11/groth16-p0.json	CC-BY-4.0	7	
data/p0-feasibility/proofs/a4_d11/groth16-p1.json	CC-BY-4.0	7	
data/p0-feasibility/proofs/a4_d11/plonk-p0.json	CC-BY-4.0	7	
data/p0-feasibility/proofs/a4_d11/plonk-p1.json	CC-BY-4.0	7	
data/p0-feasibility/proofs/a8_d11/groth16-p0.json	CC-BY-4.0	7	
data/p0-feasibility/proofs/a8_d11/groth16-p1.json	CC-BY-4.0	7	
data/p0-feasibility/proofs/a8_d11/plonk-p0.json	CC-BY-4.0	7	
data/p0-feasibility/proofs/a8_d11/plonk-p1.json	CC-BY-4.0	7	
data/p0-feasibility/proofs/ctx_d11_k16/groth16-p0.json	CC-BY-4.0	7	
data/p0-feasibility/proofs/ctx_d11_k16/groth16-p1.json	CC-BY-4.0	7	
data/p0-feasibility/proofs/ctx_d11_k16/groth16-p2.json	CC-BY-4.0	7	
data/p0-feasibility/proofs/ctx_d11_k16/plonk-p0.json	CC-BY-4.0	7	
data/p0-feasibility/proofs/ctx_d11_k16/plonk-p1.json	CC-BY-4.0	7	
data/p0-feasibility/proofs/ctx_d11_k16/plonk-p2.json	CC-BY-4.0	7	
data/p0-feasibility/proofs/ctx_d11_k2/groth16-p0.json	CC-BY-4.0	7	
data/p0-feasibility/proofs/ctx_d11_k2/groth16-p1.json	CC-BY-4.0	7	
data/p0-feasibility/proofs/ctx_d11_k2/plonk-p0.json	CC-BY-4.0	7	
data/p0-feasibility/proofs/ctx_d11_k2/plonk-p1.json	CC-BY-4.0	7	
data/p0-feasibility/proofs/ctx_d11_k32/groth16-p0.json	CC-BY-4.0	7	
data/p0-feasibility/proofs/ctx_d11_k32/groth16-p1.json	CC-BY-4.0	7	
data/p0-feasibility/proofs/ctx_d11_k32/groth16-p2.json	CC-BY-4.0	7	
data/p0-feasibility/proofs/ctx_d11_k32/plonk-p0.json	CC-BY-4.0	7	
data/p0-feasibility/proofs/ctx_d11_k32/plonk-p1.json	CC-BY-4.0	7	
data/p0-feasibility/proofs/ctx_d11_k32/plonk-p2.json	CC-BY-4.0	7	
data/p0-feasibility/proofs/ctx_d11_k4/groth16-p0.json	CC-BY-4.0	7	
data/p0-feasibility/proofs/ctx_d11_k4/groth16-p1.json	CC-BY-4.0	7	
data/p0-feasibility/proofs/ctx_d11_k4/groth16-p2.json	CC-BY-4.0	7	
data/p0-feasibility/proofs/ctx_d11_k4/plonk-p0.json	CC-BY-4.0	7	
data/p0-feasibility/proofs/ctx_d11_k4/plonk-p1.json	CC-BY-4.0	7	
data/p0-feasibility/proofs/ctx_d11_k4/plonk-p2.json	CC-BY-4.0	7	
data/p0-feasibility/proofs/ctx_d11_k64/groth16-p0.json	CC-BY-4.0	7	
data/p0-feasibility/proofs/ctx_d11_k64/groth16-p1.json	CC-BY-4.0	7	
data/p0-feasibility/proofs/ctx_d11_k64/plonk-p0.json	CC-BY-4.0	7	
data/p0-feasibility/proofs/ctx_d11_k64/plonk-p1.json	CC-BY-4.0	7	
data/p0-feasibility/proofs/disc_p16x2_d11_k4/groth16-p0.json	CC-BY-4.0	7	
data/p0-feasibility/proofs/disc_p16x2_d11_k4/groth16-p1.json	CC-BY-4.0	7	
data/p0-feasibility/proofs/disc_p16x2_d11_k4/plonk-p0.json	CC-BY-4.0	7	
data/p0-feasibility/proofs/disc_p16x2_d11_k4/plonk-p1.json	CC-BY-4.0	7	
data/p0-feasibility/proofs/mini_d0_k1/fflonk-p0.json	CC-BY-4.0	7	
data/p0-feasibility/proofs/mini_d0_k1/fflonk-p1.json	CC-BY-4.0	7	
data/p0-feasibility/proofs/mini_d0_k1/groth16-p0.json	CC-BY-4.0	7	
data/p0-feasibility/proofs/mini_d0_k1/groth16-p1.json	CC-BY-4.0	7	
data/p0-feasibility/proofs/mini_d0_k1/plonk-p0.json	CC-BY-4.0	7	
data/p0-feasibility/proofs/mini_d0_k1/plonk-p1.json	CC-BY-4.0	7	
data/p0-feasibility/proofs/mini_d0_k16/fflonk-p0.json	CC-BY-4.0	7	
data/p0-feasibility/proofs/mini_d0_k16/fflonk-p1.json	CC-BY-4.0	7	
data/p0-feasibility/proofs/mini_d0_k16/groth16-p0.json	CC-BY-4.0	7	
data/p0-feasibility/proofs/mini_d0_k16/groth16-p1.json	CC-BY-4.0	7	
data/p0-feasibility/proofs/mini_d0_k16/plonk-p0.json	CC-BY-4.0	7	
data/p0-feasibility/proofs/mini_d0_k16/plonk-p1.json	CC-BY-4.0	7	
data/p0-feasibility/proofs/mini_d0_k2/fflonk-p0.json	CC-BY-4.0	7	
data/p0-feasibility/proofs/mini_d0_k2/fflonk-p1.json	CC-BY-4.0	7	
data/p0-feasibility/proofs/mini_d0_k2/groth16-p0.json	CC-BY-4.0	7	
data/p0-feasibility/proofs/mini_d0_k2/groth16-p1.json	CC-BY-4.0	7	
data/p0-feasibility/proofs/mini_d0_k2/plonk-p0.json	CC-BY-4.0	7	
data/p0-feasibility/proofs/mini_d0_k2/plonk-p1.json	CC-BY-4.0	7	
data/p0-feasibility/proofs/mini_d0_k4/fflonk-p0.json	CC-BY-4.0	7	
data/p0-feasibility/proofs/mini_d0_k4/fflonk-p1.json	CC-BY-4.0	7	
data/p0-feasibility/proofs/mini_d0_k4/groth16-p0.json	CC-BY-4.0	7	
data/p0-feasibility/proofs/mini_d0_k4/groth16-p1.json	CC-BY-4.0	7	
data/p0-feasibility/proofs/mini_d0_k4/plonk-p0.json	CC-BY-4.0	7	
data/p0-feasibility/proofs/mini_d0_k4/plonk-p1.json	CC-BY-4.0	7	
data/p0-feasibility/proofs/v1_d11/groth16-p0.json	CC-BY-4.0	7	
data/p0-feasibility/proofs/v1_d11/groth16-p1.json	CC-BY-4.0	7	
data/p0-feasibility/proofs/v1_d11/plonk-p0.json	CC-BY-4.0	7	
data/p0-feasibility/proofs/v1_d11/plonk-p1.json	CC-BY-4.0	7	
data/p0-feasibility/results/derived/batch-eravm-27.log	CC-BY-4.0	7	
data/p0-feasibility/results/derived/batch-eravm-29.log	CC-BY-4.0	7	
data/p0-feasibility/results/derived/batch-evm-osaka.log	CC-BY-4.0	7	
data/p0-feasibility/results/derived/eravm-frames.txt	CC-BY-4.0	7	
data/p0-feasibility/results/derived/eravm-model.txt	CC-BY-4.0	7	
data/p0-feasibility/results/derived/summary-rows.json	CC-BY-4.0	7	
data/p0-feasibility/results/derived/summary.txt	CC-BY-4.0	7	
data/p0-feasibility/results/derived/zkos-batch-t1.log	CC-BY-4.0	7	
data/p0-feasibility/results/derived/zkos-batch-t3.log	CC-BY-4.0	7	
data/p0-feasibility/results/derived/zkos-native-model.txt	CC-BY-4.0	7	
data/p0-feasibility/results/raw/eravm-frames.json	CC-BY-4.0	7	
data/p0-feasibility/results/raw/micro-eravm-29.json	CC-BY-4.0	7	
data/p0-feasibility/results/raw/summary-rows.json	CC-BY-4.0	7	
data/p0-feasibility/results/raw/sweep-eravm-27-ctx_d11_k16-groth16.json	CC-BY-4.0	7	
data/p0-feasibility/results/raw/sweep-eravm-27-ctx_d11_k16-plonk.json	CC-BY-4.0	7	
data/p0-feasibility/results/raw/sweep-eravm-27-ctx_d11_k4-groth16.json	CC-BY-4.0	7	
data/p0-feasibility/results/raw/sweep-eravm-27-ctx_d11_k4-plonk.json	CC-BY-4.0	7	
data/p0-feasibility/results/raw/sweep-eravm-27-v1_d11-groth16.json	CC-BY-4.0	7	
data/p0-feasibility/results/raw/sweep-eravm-27-v1_d11-plonk.json	CC-BY-4.0	7	
data/p0-feasibility/results/raw/sweep-eravm-29-a4_d11-groth16.json	CC-BY-4.0	7	
data/p0-feasibility/results/raw/sweep-eravm-29-a4_d11-plonk.json	CC-BY-4.0	7	
data/p0-feasibility/results/raw/sweep-eravm-29-a8_d11-groth16.json	CC-BY-4.0	7	
data/p0-feasibility/results/raw/sweep-eravm-29-a8_d11-plonk.json	CC-BY-4.0	7	
data/p0-feasibility/results/raw/sweep-eravm-29-ctx_d11_k16-groth16.json	CC-BY-4.0	7	
data/p0-feasibility/results/raw/sweep-eravm-29-ctx_d11_k16-plonk.json	CC-BY-4.0	7	
data/p0-feasibility/results/raw/sweep-eravm-29-ctx_d11_k2-groth16.json	CC-BY-4.0	7	
data/p0-feasibility/results/raw/sweep-eravm-29-ctx_d11_k2-plonk.json	CC-BY-4.0	7	
data/p0-feasibility/results/raw/sweep-eravm-29-ctx_d11_k32-groth16.json	CC-BY-4.0	7	
data/p0-feasibility/results/raw/sweep-eravm-29-ctx_d11_k32-plonk.json	CC-BY-4.0	7	
data/p0-feasibility/results/raw/sweep-eravm-29-ctx_d11_k4-groth16.json	CC-BY-4.0	7	
data/p0-feasibility/results/raw/sweep-eravm-29-ctx_d11_k4-plonk.json	CC-BY-4.0	7	
data/p0-feasibility/results/raw/sweep-eravm-29-ctx_d11_k64-groth16.json	CC-BY-4.0	7	
data/p0-feasibility/results/raw/sweep-eravm-29-ctx_d11_k64-plonk.json	CC-BY-4.0	7	
data/p0-feasibility/results/raw/sweep-eravm-29-disc_p16x2_d11_k4-groth16.json	CC-BY-4.0	7	
data/p0-feasibility/results/raw/sweep-eravm-29-disc_p16x2_d11_k4-plonk.json	CC-BY-4.0	7	
data/p0-feasibility/results/raw/sweep-eravm-29-mini_d0_k1-fflonk.json	CC-BY-4.0	7	
data/p0-feasibility/results/raw/sweep-eravm-29-mini_d0_k1-groth16.json	CC-BY-4.0	7	
data/p0-feasibility/results/raw/sweep-eravm-29-mini_d0_k1-plonk.json	CC-BY-4.0	7	
data/p0-feasibility/results/raw/sweep-eravm-29-mini_d0_k16-fflonk.json	CC-BY-4.0	7	
data/p0-feasibility/results/raw/sweep-eravm-29-mini_d0_k16-groth16.json	CC-BY-4.0	7	
data/p0-feasibility/results/raw/sweep-eravm-29-mini_d0_k16-plonk.json	CC-BY-4.0	7	
data/p0-feasibility/results/raw/sweep-eravm-29-mini_d0_k2-fflonk.json	CC-BY-4.0	7	
data/p0-feasibility/results/raw/sweep-eravm-29-mini_d0_k2-groth16.json	CC-BY-4.0	7	
data/p0-feasibility/results/raw/sweep-eravm-29-mini_d0_k2-plonk.json	CC-BY-4.0	7	
data/p0-feasibility/results/raw/sweep-eravm-29-mini_d0_k4-fflonk.json	CC-BY-4.0	7	
data/p0-feasibility/results/raw/sweep-eravm-29-mini_d0_k4-groth16.json	CC-BY-4.0	7	
data/p0-feasibility/results/raw/sweep-eravm-29-mini_d0_k4-plonk.json	CC-BY-4.0	7	
data/p0-feasibility/results/raw/sweep-eravm-29-v1_d11-groth16.json	CC-BY-4.0	7	
data/p0-feasibility/results/raw/sweep-eravm-29-v1_d11-plonk.json	CC-BY-4.0	7	
data/p0-feasibility/results/raw/sweep-evm-osaka-a4_d11-groth16.json	CC-BY-4.0	7	
data/p0-feasibility/results/raw/sweep-evm-osaka-a4_d11-plonk.json	CC-BY-4.0	7	
data/p0-feasibility/results/raw/sweep-evm-osaka-a8_d11-groth16.json	CC-BY-4.0	7	
data/p0-feasibility/results/raw/sweep-evm-osaka-a8_d11-plonk.json	CC-BY-4.0	7	
data/p0-feasibility/results/raw/sweep-evm-osaka-ctx_d11_k16-groth16.json	CC-BY-4.0	7	
data/p0-feasibility/results/raw/sweep-evm-osaka-ctx_d11_k16-plonk.json	CC-BY-4.0	7	
data/p0-feasibility/results/raw/sweep-evm-osaka-ctx_d11_k2-groth16.json	CC-BY-4.0	7	
data/p0-feasibility/results/raw/sweep-evm-osaka-ctx_d11_k2-plonk.json	CC-BY-4.0	7	
data/p0-feasibility/results/raw/sweep-evm-osaka-ctx_d11_k32-groth16.json	CC-BY-4.0	7	
data/p0-feasibility/results/raw/sweep-evm-osaka-ctx_d11_k32-plonk.json	CC-BY-4.0	7	
data/p0-feasibility/results/raw/sweep-evm-osaka-ctx_d11_k4-groth16.json	CC-BY-4.0	7	
data/p0-feasibility/results/raw/sweep-evm-osaka-ctx_d11_k4-plonk.json	CC-BY-4.0	7	
data/p0-feasibility/results/raw/sweep-evm-osaka-ctx_d11_k64-groth16.json	CC-BY-4.0	7	
data/p0-feasibility/results/raw/sweep-evm-osaka-ctx_d11_k64-plonk.json	CC-BY-4.0	7	
data/p0-feasibility/results/raw/sweep-evm-osaka-disc_p16x2_d11_k4-groth16.json	CC-BY-4.0	7	
data/p0-feasibility/results/raw/sweep-evm-osaka-disc_p16x2_d11_k4-plonk.json	CC-BY-4.0	7	
data/p0-feasibility/results/raw/sweep-evm-osaka-mini_d0_k1-fflonk.json	CC-BY-4.0	7	
data/p0-feasibility/results/raw/sweep-evm-osaka-mini_d0_k1-groth16.json	CC-BY-4.0	7	
data/p0-feasibility/results/raw/sweep-evm-osaka-mini_d0_k1-plonk.json	CC-BY-4.0	7	
data/p0-feasibility/results/raw/sweep-evm-osaka-mini_d0_k16-fflonk.json	CC-BY-4.0	7	
data/p0-feasibility/results/raw/sweep-evm-osaka-mini_d0_k16-groth16.json	CC-BY-4.0	7	
data/p0-feasibility/results/raw/sweep-evm-osaka-mini_d0_k16-plonk.json	CC-BY-4.0	7	
data/p0-feasibility/results/raw/sweep-evm-osaka-mini_d0_k2-fflonk.json	CC-BY-4.0	7	
data/p0-feasibility/results/raw/sweep-evm-osaka-mini_d0_k2-groth16.json	CC-BY-4.0	7	
data/p0-feasibility/results/raw/sweep-evm-osaka-mini_d0_k2-plonk.json	CC-BY-4.0	7	
data/p0-feasibility/results/raw/sweep-evm-osaka-mini_d0_k4-fflonk.json	CC-BY-4.0	7	
data/p0-feasibility/results/raw/sweep-evm-osaka-mini_d0_k4-groth16.json	CC-BY-4.0	7	
data/p0-feasibility/results/raw/sweep-evm-osaka-mini_d0_k4-plonk.json	CC-BY-4.0	7	
data/p0-feasibility/results/raw/sweep-evm-osaka-v1_d11-groth16.json	CC-BY-4.0	7	
data/p0-feasibility/results/raw/sweep-evm-osaka-v1_d11-plonk.json	CC-BY-4.0	7	
data/p0-feasibility/results/raw/sweep-evm-petersburg-ctx_d11_k16-groth16.json	CC-BY-4.0	7	
data/p0-feasibility/results/raw/sweep-evm-petersburg-ctx_d11_k16-plonk.json	CC-BY-4.0	7	
data/p0-feasibility/results/raw/sweep-evm-petersburg-ctx_d11_k4-groth16.json	CC-BY-4.0	7	
data/p0-feasibility/results/raw/sweep-evm-petersburg-ctx_d11_k4-plonk.json	CC-BY-4.0	7	
data/p0-feasibility/results/raw/sweep-evm-petersburg-v1_d11-groth16-paris-bytecode.json	CC-BY-4.0	7	
data/p0-feasibility/results/raw/sweep-evm-petersburg-v1_d11-groth16-petersburg-bytecode.json	CC-BY-4.0	7	
data/p0-feasibility/results/raw/sweep-evm-petersburg-v1_d11-plonk-paris-bytecode.json	CC-BY-4.0	7	
data/p0-feasibility/results/raw/sweep-evm-petersburg-v1_d11-plonk-petersburg-bytecode.json	CC-BY-4.0	7	
data/p0-feasibility/results/raw/v1repro-eravm-v29-d11.json	CC-BY-4.0	7	
data/p0-feasibility/results/raw/v1repro-evm-osaka-d11-paris.json	CC-BY-4.0	7	
data/p0-feasibility/results/raw/zkos-t1-a4_d11-groth16-p0.json	CC-BY-4.0	7	
data/p0-feasibility/results/raw/zkos-t1-a4_d11-plonk-p0.json	CC-BY-4.0	7	
data/p0-feasibility/results/raw/zkos-t1-a8_d11-groth16-p0.json	CC-BY-4.0	7	
data/p0-feasibility/results/raw/zkos-t1-a8_d11-plonk-p0.json	CC-BY-4.0	7	
data/p0-feasibility/results/raw/zkos-t1-ctx_d11_k16-groth16-p0.json	CC-BY-4.0	7	
data/p0-feasibility/results/raw/zkos-t1-ctx_d11_k16-plonk-p0.json	CC-BY-4.0	7	
data/p0-feasibility/results/raw/zkos-t1-ctx_d11_k2-groth16-p0.json	CC-BY-4.0	7	
data/p0-feasibility/results/raw/zkos-t1-ctx_d11_k2-plonk-p0.json	CC-BY-4.0	7	
data/p0-feasibility/results/raw/zkos-t1-ctx_d11_k32-groth16-p0.json	CC-BY-4.0	7	
data/p0-feasibility/results/raw/zkos-t1-ctx_d11_k32-plonk-p0.json	CC-BY-4.0	7	
data/p0-feasibility/results/raw/zkos-t1-ctx_d11_k4-groth16-p0.json	CC-BY-4.0	7	
data/p0-feasibility/results/raw/zkos-t1-ctx_d11_k4-plonk-p0.json	CC-BY-4.0	7	
data/p0-feasibility/results/raw/zkos-t1-disc_p16x2_d11_k4-groth16-p0.json	CC-BY-4.0	7	
data/p0-feasibility/results/raw/zkos-t1-disc_p16x2_d11_k4-plonk-p0.json	CC-BY-4.0	7	
data/p0-feasibility/results/raw/zkos-t1-v1_d11-groth16-p0.json	CC-BY-4.0	7	
data/p0-feasibility/results/raw/zkos-t1-v1_d11-groth16-p100000000.json	CC-BY-4.0	7	
data/p0-feasibility/results/raw/zkos-t1-v1_d11-groth16-p200000000.json	CC-BY-4.0	7	
data/p0-feasibility/results/raw/zkos-t1-v1_d11-groth16-p400000000.json	CC-BY-4.0	7	
data/p0-feasibility/results/raw/zkos-t1-v1_d11-plonk-p0.json	CC-BY-4.0	7	
data/p0-feasibility/results/raw/zkos-t1-v1_d11-plonk-p100000000.json	CC-BY-4.0	7	
data/p0-feasibility/results/raw/zkos-t1-v1_d11-plonk-p200000000.json	CC-BY-4.0	7	
data/p0-feasibility/results/raw/zkos-t1-v1_d11-plonk-p400000000.json	CC-BY-4.0	7	
data/p0-feasibility/results/raw/zkos-t2-v1_d11-groth16-p0.json	CC-BY-4.0	7	
data/p0-feasibility/results/raw/zkos-t2-v1_d11-plonk-p0.json	CC-BY-4.0	7	
data/p0-feasibility/results/raw/zkos-t3-mini_d0_k1-fflonk-p0.json	CC-BY-4.0	7	
data/p0-feasibility/results/raw/zkos-t3-mini_d0_k1-groth16-p0.json	CC-BY-4.0	7	
data/p0-feasibility/results/raw/zkos-t3-mini_d0_k1-plonk-p0.json	CC-BY-4.0	7	
data/p0-feasibility/results/raw/zkos-t3-mini_d0_k16-fflonk-p0.json	CC-BY-4.0	7	
data/p0-feasibility/results/raw/zkos-t3-mini_d0_k16-groth16-p0.json	CC-BY-4.0	7	
data/p0-feasibility/results/raw/zkos-t3-mini_d0_k16-plonk-p0.json	CC-BY-4.0	7	
data/p0-feasibility/results/raw/zkos-t3-mini_d0_k2-fflonk-p0.json	CC-BY-4.0	7	
data/p0-feasibility/results/raw/zkos-t3-mini_d0_k2-groth16-p0.json	CC-BY-4.0	7	
data/p0-feasibility/results/raw/zkos-t3-mini_d0_k2-plonk-p0.json	CC-BY-4.0	7	
data/p0-feasibility/results/raw/zkos-t3-mini_d0_k4-fflonk-p0.json	CC-BY-4.0	7	
data/p0-feasibility/results/raw/zkos-t3-mini_d0_k4-groth16-p0.json	CC-BY-4.0	7	
data/p0-feasibility/results/raw/zkos-t3-mini_d0_k4-plonk-p0.json	CC-BY-4.0	7	
data/p0-feasibility/results/raw/zkos-t3-v1_d11-groth16-p0.json	CC-BY-4.0	7	
data/p0-feasibility/results/raw/zkos-t3-v1_d11-plonk-p0.json	CC-BY-4.0	7	
data/p0-feasibility/toolchain/PINS.txt	CC-BY-4.0	7	
data/p0-feasibility/toolchain/zksync-os-v0.3.2-cost_constants.rs	MIT OR Apache-2.0	5	
data/p0-feasibility/toolchain/zksync-os-v0.3.2-native_resource_constants.rs	MIT OR Apache-2.0	5	
data/p0-feasibility/tools/circ/gen.py	MIT	6	
data/p0-feasibility/tools/circ/prove.js	MIT	6	
data/p0-feasibility/tools/circ/setup.sh	MIT	6	
data/p0-feasibility/tools/hh/evm_run.js	MIT	6	
data/p0-feasibility/tools/hh/hardhat.config.js	MIT	6	
data/p0-feasibility/tools/lib/eravm.js	MIT	6	
data/p0-feasibility/tools/lib/proofs.js	MIT	6	
data/p0-feasibility/tools/lib/solc.js	MIT	6	
data/p0-feasibility/tools/micro/Micro.sol	MIT	1	
data/p0-feasibility/tools/micro/gen.py	MIT	1	
data/p0-feasibility/tools/micro/run_eravm.js	MIT	6	
data/p0-feasibility/tools/ptau/mk.sh	MIT	6	
data/p0-feasibility/tools/sweep/batch.sh	MIT	6	
data/p0-feasibility/tools/sweep/contracts.js	MIT	1	
data/p0-feasibility/tools/sweep/eravm_frames.py	MIT	6	
data/p0-feasibility/tools/sweep/eravm_model.py	MIT	6	
data/p0-feasibility/tools/sweep/run.js	MIT	6	
data/p0-feasibility/tools/sweep/summarize.py	MIT	6	
data/p0-feasibility/tools/sweep/zkos_batch.sh	MIT	6	
data/p0-feasibility/tools/sweep/zkos_native_model.py	MIT	6	
data/p0-feasibility/tools/sweep/zkos_run.js	MIT	6	
data/p0-feasibility/tools/v1repro/v1repro_eravm.js	MIT	6	
data/p0-feasibility/tools/v1repro/v1repro_evm.js	MIT	6	
data/p0-feasibility/tools/zkos/start.sh	MIT	6	
data/p0-feasibility/verifiers/a4_d11/groth16.vkey.json	GPL-3.0	4	
data/p0-feasibility/verifiers/a4_d11/groth16Verifier.sol	GPL-3.0	1	embedded notice decides (path rule would give MIT)
data/p0-feasibility/verifiers/a4_d11/plonk.vkey.json	GPL-3.0	4	
data/p0-feasibility/verifiers/a4_d11/plonkVerifier.sol	GPL-3.0	1	embedded notice decides (path rule would give MIT)
data/p0-feasibility/verifiers/a8_d11/groth16.vkey.json	GPL-3.0	4	
data/p0-feasibility/verifiers/a8_d11/groth16Verifier.sol	GPL-3.0	1	embedded notice decides (path rule would give MIT)
data/p0-feasibility/verifiers/a8_d11/plonk.vkey.json	GPL-3.0	4	
data/p0-feasibility/verifiers/a8_d11/plonkVerifier.sol	GPL-3.0	1	embedded notice decides (path rule would give MIT)
data/p0-feasibility/verifiers/ctx_d11_k16/groth16.vkey.json	GPL-3.0	4	
data/p0-feasibility/verifiers/ctx_d11_k16/groth16Verifier.sol	GPL-3.0	1	embedded notice decides (path rule would give MIT)
data/p0-feasibility/verifiers/ctx_d11_k16/plonk.vkey.json	GPL-3.0	4	
data/p0-feasibility/verifiers/ctx_d11_k16/plonkVerifier.sol	GPL-3.0	1	embedded notice decides (path rule would give MIT)
data/p0-feasibility/verifiers/ctx_d11_k2/groth16.vkey.json	GPL-3.0	4	
data/p0-feasibility/verifiers/ctx_d11_k2/groth16Verifier.sol	GPL-3.0	1	embedded notice decides (path rule would give MIT)
data/p0-feasibility/verifiers/ctx_d11_k2/plonk.vkey.json	GPL-3.0	4	
data/p0-feasibility/verifiers/ctx_d11_k2/plonkVerifier.sol	GPL-3.0	1	embedded notice decides (path rule would give MIT)
data/p0-feasibility/verifiers/ctx_d11_k32/groth16.vkey.json	GPL-3.0	4	
data/p0-feasibility/verifiers/ctx_d11_k32/groth16Verifier.sol	GPL-3.0	1	embedded notice decides (path rule would give MIT)
data/p0-feasibility/verifiers/ctx_d11_k32/plonk.vkey.json	GPL-3.0	4	
data/p0-feasibility/verifiers/ctx_d11_k32/plonkVerifier.sol	GPL-3.0	1	embedded notice decides (path rule would give MIT)
data/p0-feasibility/verifiers/ctx_d11_k4/groth16.vkey.json	GPL-3.0	4	
data/p0-feasibility/verifiers/ctx_d11_k4/groth16Verifier.sol	GPL-3.0	1	embedded notice decides (path rule would give MIT)
data/p0-feasibility/verifiers/ctx_d11_k4/plonk.vkey.json	GPL-3.0	4	
data/p0-feasibility/verifiers/ctx_d11_k4/plonkVerifier.sol	GPL-3.0	1	embedded notice decides (path rule would give MIT)
data/p0-feasibility/verifiers/ctx_d11_k64/groth16.vkey.json	GPL-3.0	4	
data/p0-feasibility/verifiers/ctx_d11_k64/groth16Verifier.sol	GPL-3.0	1	embedded notice decides (path rule would give MIT)
data/p0-feasibility/verifiers/ctx_d11_k64/plonk.vkey.json	GPL-3.0	4	
data/p0-feasibility/verifiers/ctx_d11_k64/plonkVerifier.sol	GPL-3.0	1	embedded notice decides (path rule would give MIT)
data/p0-feasibility/verifiers/disc_p16x2_d11_k4/groth16.vkey.json	GPL-3.0	4	
data/p0-feasibility/verifiers/disc_p16x2_d11_k4/groth16Verifier.sol	GPL-3.0	1	embedded notice decides (path rule would give MIT)
data/p0-feasibility/verifiers/disc_p16x2_d11_k4/plonk.vkey.json	GPL-3.0	4	
data/p0-feasibility/verifiers/disc_p16x2_d11_k4/plonkVerifier.sol	GPL-3.0	1	embedded notice decides (path rule would give MIT)
data/p0-feasibility/verifiers/mini_d0_k1/fflonk.vkey.json	GPL-3.0	4	
data/p0-feasibility/verifiers/mini_d0_k1/fflonkVerifier.sol	GPL-3.0	1	embedded notice decides (path rule would give MIT)
data/p0-feasibility/verifiers/mini_d0_k1/groth16.vkey.json	GPL-3.0	4	
data/p0-feasibility/verifiers/mini_d0_k1/groth16Verifier.sol	GPL-3.0	1	embedded notice decides (path rule would give MIT)
data/p0-feasibility/verifiers/mini_d0_k1/plonk.vkey.json	GPL-3.0	4	
data/p0-feasibility/verifiers/mini_d0_k1/plonkVerifier.sol	GPL-3.0	1	embedded notice decides (path rule would give MIT)
data/p0-feasibility/verifiers/mini_d0_k16/fflonk.vkey.json	GPL-3.0	4	
data/p0-feasibility/verifiers/mini_d0_k16/fflonkVerifier.sol	GPL-3.0	1	embedded notice decides (path rule would give MIT)
data/p0-feasibility/verifiers/mini_d0_k16/groth16.vkey.json	GPL-3.0	4	
data/p0-feasibility/verifiers/mini_d0_k16/groth16Verifier.sol	GPL-3.0	1	embedded notice decides (path rule would give MIT)
data/p0-feasibility/verifiers/mini_d0_k16/plonk.vkey.json	GPL-3.0	4	
data/p0-feasibility/verifiers/mini_d0_k16/plonkVerifier.sol	GPL-3.0	1	embedded notice decides (path rule would give MIT)
data/p0-feasibility/verifiers/mini_d0_k2/fflonk.vkey.json	GPL-3.0	4	
data/p0-feasibility/verifiers/mini_d0_k2/fflonkVerifier.sol	GPL-3.0	1	embedded notice decides (path rule would give MIT)
data/p0-feasibility/verifiers/mini_d0_k2/groth16.vkey.json	GPL-3.0	4	
data/p0-feasibility/verifiers/mini_d0_k2/groth16Verifier.sol	GPL-3.0	1	embedded notice decides (path rule would give MIT)
data/p0-feasibility/verifiers/mini_d0_k2/plonk.vkey.json	GPL-3.0	4	
data/p0-feasibility/verifiers/mini_d0_k2/plonkVerifier.sol	GPL-3.0	1	embedded notice decides (path rule would give MIT)
data/p0-feasibility/verifiers/mini_d0_k4/fflonk.vkey.json	GPL-3.0	4	
data/p0-feasibility/verifiers/mini_d0_k4/fflonkVerifier.sol	GPL-3.0	1	embedded notice decides (path rule would give MIT)
data/p0-feasibility/verifiers/mini_d0_k4/groth16.vkey.json	GPL-3.0	4	
data/p0-feasibility/verifiers/mini_d0_k4/groth16Verifier.sol	GPL-3.0	1	embedded notice decides (path rule would give MIT)
data/p0-feasibility/verifiers/mini_d0_k4/plonk.vkey.json	GPL-3.0	4	
data/p0-feasibility/verifiers/mini_d0_k4/plonkVerifier.sol	GPL-3.0	1	embedded notice decides (path rule would give MIT)
data/p0-feasibility/verifiers/pad_d10_p1150/groth16.vkey.json	GPL-3.0	4	
data/p0-feasibility/verifiers/pad_d10_p1150/groth16Verifier.sol	GPL-3.0	1	embedded notice decides (path rule would give MIT)
data/p0-feasibility/verifiers/pad_d10_p1150/plonk.vkey.json	GPL-3.0	4	
data/p0-feasibility/verifiers/pad_d10_p1150/plonkVerifier.sol	GPL-3.0	1	embedded notice decides (path rule would give MIT)
data/p0-feasibility/verifiers/pad_d10_p1180/groth16.vkey.json	GPL-3.0	4	
data/p0-feasibility/verifiers/pad_d10_p1180/groth16Verifier.sol	GPL-3.0	1	embedded notice decides (path rule would give MIT)
data/p0-feasibility/verifiers/pad_d10_p1180/plonk.vkey.json	GPL-3.0	4	
data/p0-feasibility/verifiers/pad_d10_p1180/plonkVerifier.sol	GPL-3.0	1	embedded notice decides (path rule would give MIT)
data/p0-feasibility/verifiers/v1_d11/groth16.vkey.json	GPL-3.0	4	
data/p0-feasibility/verifiers/v1_d11/groth16Verifier.sol	GPL-3.0	1	embedded notice decides (path rule would give MIT)
data/p0-feasibility/verifiers/v1_d11/plonk.vkey.json	GPL-3.0	4	
data/p0-feasibility/verifiers/v1_d11/plonkVerifier.sol	GPL-3.0	1	embedded notice decides (path rule would give MIT)
data/posthoc/heap-retrace/DEVIATIONS.md	CC-BY-4.0	7	
data/posthoc/heap-retrace/INPUT-HASHES.txt	CC-BY-4.0	7	
data/posthoc/heap-retrace/README.md	CC-BY-4.0	7	
data/posthoc/heap-retrace/SHA256SUMS	CC-BY-4.0	7	
data/posthoc/heap-retrace/out/M7B-A-events.csv	CC-BY-4.0	7	
data/posthoc/heap-retrace/out/M7B-A-per-k.csv	CC-BY-4.0	7	
data/posthoc/heap-retrace/out/M7B-A-per-proof.csv	CC-BY-4.0	7	
data/posthoc/heap-retrace/out/M7B-A-summary.json	CC-BY-4.0	7	
data/posthoc/heap-retrace/raw/c1_ctx_k02-groth16-j0.memsize.json.gz	CC-BY-4.0	7	
data/posthoc/heap-retrace/raw/c1_ctx_k02-groth16-j0.structlogs.json.gz	CC-BY-4.0	7	
data/posthoc/heap-retrace/raw/c1_ctx_k02-plonk-j0.memsize.json.gz	CC-BY-4.0	7	
data/posthoc/heap-retrace/raw/c1_ctx_k02-plonk-j0.structlogs.json.gz	CC-BY-4.0	7	
data/posthoc/heap-retrace/raw/c1_ctx_k04-groth16-j0.memsize.json.gz	CC-BY-4.0	7	
data/posthoc/heap-retrace/raw/c1_ctx_k04-groth16-j0.structlogs.json.gz	CC-BY-4.0	7	
data/posthoc/heap-retrace/raw/c1_ctx_k04-plonk-j0.memsize.json.gz	CC-BY-4.0	7	
data/posthoc/heap-retrace/raw/c1_ctx_k04-plonk-j0.structlogs.json.gz	CC-BY-4.0	7	
data/posthoc/heap-retrace/raw/c1_ctx_k08-groth16-j0.memsize.json.gz	CC-BY-4.0	7	
data/posthoc/heap-retrace/raw/c1_ctx_k08-groth16-j0.structlogs.json.gz	CC-BY-4.0	7	
data/posthoc/heap-retrace/raw/c1_ctx_k08-plonk-j0.memsize.json.gz	CC-BY-4.0	7	
data/posthoc/heap-retrace/raw/c1_ctx_k08-plonk-j0.structlogs.json.gz	CC-BY-4.0	7	
data/posthoc/heap-retrace/raw/c1_ctx_k12-groth16-j0.memsize.json.gz	CC-BY-4.0	7	
data/posthoc/heap-retrace/raw/c1_ctx_k12-groth16-j0.structlogs.json.gz	CC-BY-4.0	7	
data/posthoc/heap-retrace/raw/c1_ctx_k12-plonk-j0.memsize.json.gz	CC-BY-4.0	7	
data/posthoc/heap-retrace/raw/c1_ctx_k12-plonk-j0.structlogs.json.gz	CC-BY-4.0	7	
data/posthoc/heap-retrace/raw/c1_ctx_k16-groth16-j0.memsize.json.gz	CC-BY-4.0	7	
data/posthoc/heap-retrace/raw/c1_ctx_k16-groth16-j0.structlogs.json.gz	CC-BY-4.0	7	
data/posthoc/heap-retrace/raw/c1_ctx_k16-plonk-j0.memsize.json.gz	CC-BY-4.0	7	
data/posthoc/heap-retrace/raw/c1_ctx_k16-plonk-j0.structlogs.json.gz	CC-BY-4.0	7	
data/posthoc/heap-retrace/raw/c1_ctx_k24-groth16-j0.memsize.json.gz	CC-BY-4.0	7	
data/posthoc/heap-retrace/raw/c1_ctx_k24-groth16-j0.structlogs.json.gz	CC-BY-4.0	7	
data/posthoc/heap-retrace/raw/c1_ctx_k24-plonk-j0.memsize.json.gz	CC-BY-4.0	7	
data/posthoc/heap-retrace/raw/c1_ctx_k24-plonk-j0.structlogs.json.gz	CC-BY-4.0	7	
data/posthoc/heap-retrace/raw/c1_ctx_k32-groth16-j0.memsize.json.gz	CC-BY-4.0	7	
data/posthoc/heap-retrace/raw/c1_ctx_k32-groth16-j0.structlogs.json.gz	CC-BY-4.0	7	
data/posthoc/heap-retrace/raw/c1_ctx_k32-plonk-j0.memsize.json.gz	CC-BY-4.0	7	
data/posthoc/heap-retrace/raw/c1_ctx_k32-plonk-j0.structlogs.json.gz	CC-BY-4.0	7	
data/posthoc/heap-retrace/raw/c1_ctx_k64-groth16-j0.memsize.json.gz	CC-BY-4.0	7	
data/posthoc/heap-retrace/raw/c1_ctx_k64-groth16-j0.structlogs.json.gz	CC-BY-4.0	7	
data/posthoc/heap-retrace/raw/c1_ctx_k64-plonk-j0.memsize.json.gz	CC-BY-4.0	7	
data/posthoc/heap-retrace/raw/c1_ctx_k64-plonk-j0.structlogs.json.gz	CC-BY-4.0	7	
data/posthoc/heap-retrace/raw/c1_k01-groth16-j0.memsize.json.gz	CC-BY-4.0	7	
data/posthoc/heap-retrace/raw/c1_k01-groth16-j0.structlogs.json.gz	CC-BY-4.0	7	
data/posthoc/heap-retrace/raw/c1_k01-plonk-j0.memsize.json.gz	CC-BY-4.0	7	
data/posthoc/heap-retrace/raw/c1_k01-plonk-j0.structlogs.json.gz	CC-BY-4.0	7	
data/posthoc/heap-retrace/retrace-mem-summary.json	CC-BY-4.0	7	
data/posthoc/heap-retrace/retrace-summary.json	CC-BY-4.0	7	
data/posthoc/heap-retrace/scripts/hardhat.config.js	MIT	6	
data/posthoc/heap-retrace/scripts/m7b_a_count.py	MIT	6	
data/posthoc/heap-retrace/scripts/retrace.js	MIT	6	
data/posthoc/heap-retrace/scripts/retrace_mem.js	MIT	6	
data/posthoc/native-cost-audit/INPUT-HASHES.txt	CC-BY-4.0	7	
data/posthoc/native-cost-audit/README.md	CC-BY-4.0	7	
data/posthoc/native-cost-audit/SHA256SUMS	CC-BY-4.0	7	
data/posthoc/native-cost-audit/SOURCE-FILES-SHA256.txt	CC-BY-4.0	7	
data/posthoc/native-cost-audit/m7a_f4_audit.py	MIT	6	
data/posthoc/native-cost-audit/out/M7A-cells.csv	CC-BY-4.0	7	
data/posthoc/native-cost-audit/out/M7A-per-proof.csv	CC-BY-4.0	7	
data/posthoc/native-cost-audit/out/M7A-summary.json	CC-BY-4.0	7	
data/prover/d1/analysis/D1-cells.csv	CC-BY-4.0	7	
data/prover/d1/analysis/D1-ratios.csv	CC-BY-4.0	7	
data/prover/d1/analysis/D1-summary.json	CC-BY-4.0	7	
data/prover/d1/analysis/SHA256SUMS	CC-BY-4.0	7	
data/prover/d1/analysis/run-stdout.txt	CC-BY-4.0	7	
data/prover/d1/evidence/FROZEN-UTC.txt	CC-BY-4.0	7	
data/prover/d1/evidence/SHA256SUMS	CC-BY-4.0	7	
data/prover/d1/evidence/ledger.csv	CC-BY-4.0	7	
data/prover/d1/evidence/raw/dryrun-r00-a1.csv	CC-BY-4.0	7	
data/prover/d1/evidence/raw/dryrun-r00-a1.meta.json	CC-BY-4.0	7	
data/prover/d1/evidence/raw/preflight-r00-a1.meta.json	CC-BY-4.0	7	
data/prover/d1/evidence/raw/primary-r00-a1.csv	CC-BY-4.0	7	
data/prover/d1/evidence/raw/primary-r00-a1.meta.json	CC-BY-4.0	7	
data/prover/d1/evidence/raw/primary-r01-a1.csv	CC-BY-4.0	7	
data/prover/d1/evidence/raw/primary-r01-a1.meta.json	CC-BY-4.0	7	
data/prover/d1/evidence/raw/primary-r02-a1.csv	CC-BY-4.0	7	
data/prover/d1/evidence/raw/primary-r02-a1.meta.json	CC-BY-4.0	7	
data/prover/d1/evidence/raw/primary-r03-a1.csv	CC-BY-4.0	7	
data/prover/d1/evidence/raw/primary-r03-a1.meta.json	CC-BY-4.0	7	
data/prover/d1/evidence/raw/primary-r04-a1.csv	CC-BY-4.0	7	
data/prover/d1/evidence/raw/primary-r04-a1.meta.json	CC-BY-4.0	7	
data/prover/d1/evidence/raw/primary-r05-a1.csv	CC-BY-4.0	7	
data/prover/d1/evidence/raw/primary-r05-a1.meta.json	CC-BY-4.0	7	
data/prover/d1/evidence/raw/primary-r06-a1.csv	CC-BY-4.0	7	
data/prover/d1/evidence/raw/primary-r06-a1.meta.json	CC-BY-4.0	7	
data/prover/d1/evidence/raw/primary-r07-a1.csv	CC-BY-4.0	7	
data/prover/d1/evidence/raw/primary-r07-a1.meta.json	CC-BY-4.0	7	
data/prover/d1/evidence/raw/primary-r08-a1.csv	CC-BY-4.0	7	
data/prover/d1/evidence/raw/primary-r08-a1.meta.json	CC-BY-4.0	7	
data/prover/d1/evidence/raw/primary-r09-a1.csv	CC-BY-4.0	7	
data/prover/d1/evidence/raw/primary-r09-a1.meta.json	CC-BY-4.0	7	
data/prover/d1/evidence/raw/primary-r10-a1.csv	CC-BY-4.0	7	
data/prover/d1/evidence/raw/primary-r10-a1.meta.json	CC-BY-4.0	7	
data/prover/d1/evidence/raw/primary-r11-a1.csv	CC-BY-4.0	7	
data/prover/d1/evidence/raw/primary-r11-a1.meta.json	CC-BY-4.0	7	
data/prover/d1/evidence/raw/primary-r12-a1.csv	CC-BY-4.0	7	
data/prover/d1/evidence/raw/primary-r12-a1.meta.json	CC-BY-4.0	7	
data/prover/d1/evidence/raw/primary-r13-a1.csv	CC-BY-4.0	7	
data/prover/d1/evidence/raw/primary-r13-a1.meta.json	CC-BY-4.0	7	
data/prover/d1/evidence/raw/primary-r14-a1.csv	CC-BY-4.0	7	
data/prover/d1/evidence/raw/primary-r14-a1.meta.json	CC-BY-4.0	7	
data/prover/d1/evidence/raw/primary-r15-a1.csv	CC-BY-4.0	7	
data/prover/d1/evidence/raw/primary-r15-a1.meta.json	CC-BY-4.0	7	
data/prover/d1/evidence/raw/primary-r16-a1.csv	CC-BY-4.0	7	
data/prover/d1/evidence/raw/primary-r16-a1.meta.json	CC-BY-4.0	7	
data/prover/d1/evidence/raw/primary-r17-a1.csv	CC-BY-4.0	7	
data/prover/d1/evidence/raw/primary-r17-a1.meta.json	CC-BY-4.0	7	
data/prover/d1/evidence/raw/primary-r18-a1.csv	CC-BY-4.0	7	
data/prover/d1/evidence/raw/primary-r18-a1.meta.json	CC-BY-4.0	7	
data/prover/d1/evidence/raw/primary-r19-a1.csv	CC-BY-4.0	7	
data/prover/d1/evidence/raw/primary-r19-a1.meta.json	CC-BY-4.0	7	
data/prover/d1/evidence/raw/primary-r20-a1.csv	CC-BY-4.0	7	
data/prover/d1/evidence/raw/primary-r20-a1.meta.json	CC-BY-4.0	7	
data/prover/d1/evidence/sessions.csv	CC-BY-4.0	7	
data/prover/d1/evidence/sessions/S20261005T235515Z/docker-build.log	CC-BY-4.0	7	
data/prover/d1/evidence/sessions/S20261005T235515Z/host-samples.csv	CC-BY-4.0	7	
data/prover/d1/evidence/sessions/S20261005T235515Z/host.txt	CC-BY-4.0	7	
data/prover/d1/evidence/sessions/S20261005T235515Z/keys-check.txt	CC-BY-4.0	7	
data/prover/d1/evidence/sessions/S20261005T235515Z/protocol-check.txt	CC-BY-4.0	7	
data/prover/d1/evidence/sessions/S20261005T235515Z/runner.log	CC-BY-4.0	7	
data/prover/d1/evidence/sessions/S20261005T235719Z/docker-build.log	CC-BY-4.0	7	
data/prover/d1/evidence/sessions/S20261005T235719Z/host-samples.csv	CC-BY-4.0	7	
data/prover/d1/evidence/sessions/S20261005T235719Z/host.txt	CC-BY-4.0	7	
data/prover/d1/evidence/sessions/S20261005T235719Z/keys-check.txt	CC-BY-4.0	7	
data/prover/d1/evidence/sessions/S20261005T235719Z/protocol-check.txt	CC-BY-4.0	7	
data/prover/d1/evidence/sessions/S20261005T235719Z/runner.log	CC-BY-4.0	7	
data/prover/d2/analysis/SHA256SUMS	CC-BY-4.0	7	
data/prover/d2/analysis/SHA256SUMS.check-run-20261005T2319Z	CC-BY-4.0	7	
data/prover/d2/analysis/check/D2-CHECK-RECORD.json	CC-BY-4.0	7	
data/prover/d2/analysis/check/D2-reconciliation.json	CC-BY-4.0	7	
data/prover/d2/analysis/check/console.txt	CC-BY-4.0	7	
data/prover/d2/analysis/run/D2-RUN-RECORD.json	CC-BY-4.0	7	
data/prover/d2/analysis/run/D2-allocation-speedups.csv	CC-BY-4.0	7	
data/prover/d2/analysis/run/D2-backend-ratios.csv	CC-BY-4.0	7	
data/prover/d2/analysis/run/D2-cell-stats.csv	CC-BY-4.0	7	
data/prover/d2/analysis/run/D2-reconciliation.json	CC-BY-4.0	7	
data/prover/d2/analysis/run/D2-zkey-diagnostic.csv	CC-BY-4.0	7	
data/prover/d2/analysis/run/console.txt	CC-BY-4.0	7	
data/prover/d2/analysis/side-by-side/d2_side_by_side.py	MIT	6	
data/prover/d2/analysis/side-by-side/side-by-side-allocation-speedups.csv	CC-BY-4.0	7	
data/prover/d2/analysis/side-by-side/side-by-side-backend-ratios.csv	CC-BY-4.0	7	
data/prover/d2/analysis/side-by-side/side-by-side-cell-stats.csv	CC-BY-4.0	7	
data/prover/d2/analysis/side-by-side/side-by-side-zkey-diagnostic.csv	CC-BY-4.0	7	
data/prover/d2/host-b-records/RECORDS-SHA256SUMS	CC-BY-4.0	7	
data/prover/d2/host-b-records/fflonk/FFLONK-STOP.txt	CC-BY-4.0	7	
data/prover/d2/host-b-records/inputs/INPUTS-RECEIPT.txt	CC-BY-4.0	7	
data/prover/d2/host-b-records/inputs/fflonk-inputs-verify.txt	CC-BY-4.0	7	
data/prover/d2/host-b-records/logs/ptau-download.log	CC-BY-4.0	7	
data/prover/d2/host-b-records/logs/ptau-source-attempts.tsv	CC-BY-4.0	7	
data/prover/d2/host-b-records/machine/b2sum.txt	CC-BY-4.0	7	
data/prover/d2/host-b-records/machine/clang.txt	CC-BY-4.0	7	
data/prover/d2/host-b-records/machine/cmdline.txt	CC-BY-4.0	7	
data/prover/d2/host-b-records/machine/cpu-flags-selected.txt	CC-BY-4.0	7	
data/prover/d2/host-b-records/machine/cpuinfo-head.txt	CC-BY-4.0	7	
data/prover/d2/host-b-records/machine/curl.txt	CC-BY-4.0	7	
data/prover/d2/host-b-records/machine/df.txt	CC-BY-4.0	7	
data/prover/d2/host-b-records/machine/dmi.txt	CC-BY-4.0	7	
data/prover/d2/host-b-records/machine/docker-info.txt	CC-BY-4.0	7	
data/prover/d2/host-b-records/machine/docker-version.txt	CC-BY-4.0	7	
data/prover/d2/host-b-records/machine/findmnt-workspace.txt	CC-BY-4.0	7	
data/prover/d2/host-b-records/machine/fingerprint-SHA256SUMS	CC-BY-4.0	7	
data/prover/d2/host-b-records/machine/free.txt	CC-BY-4.0	7	
data/prover/d2/host-b-records/machine/frequency-governor.txt	CC-BY-4.0	7	
data/prover/d2/host-b-records/machine/gcc.txt	CC-BY-4.0	7	
data/prover/d2/host-b-records/machine/git.txt	CC-BY-4.0	7	
data/prover/d2/host-b-records/machine/go.txt	CC-BY-4.0	7	
data/prover/d2/host-b-records/machine/hostname.txt	CC-BY-4.0	7	
data/prover/d2/host-b-records/machine/hostnamectl.txt	CC-BY-4.0	7	
data/prover/d2/host-b-records/machine/hypervisor-dmesg-cpuinfo.txt	CC-BY-4.0	7	
data/prover/d2/host-b-records/machine/loadavg.txt	CC-BY-4.0	7	
data/prover/d2/host-b-records/machine/lsb_release.txt	CC-BY-4.0	7	
data/prover/d2/host-b-records/machine/lsblk.txt	CC-BY-4.0	7	
data/prover/d2/host-b-records/machine/lscpu-extended.txt	CC-BY-4.0	7	
data/prover/d2/host-b-records/machine/lscpu.txt	CC-BY-4.0	7	
data/prover/d2/host-b-records/machine/meminfo.txt	CC-BY-4.0	7	
data/prover/d2/host-b-records/machine/node.txt	CC-BY-4.0	7	
data/prover/d2/host-b-records/machine/nodes.txt	CC-BY-4.0	7	
data/prover/d2/host-b-records/machine/npm.txt	CC-BY-4.0	7	
data/prover/d2/host-b-records/machine/nproc.txt	CC-BY-4.0	7	
data/prover/d2/host-b-records/machine/numa-nodes.txt	CC-BY-4.0	7	
data/prover/d2/host-b-records/machine/numactl.txt	CC-BY-4.0	7	
data/prover/d2/host-b-records/machine/os-release.txt	CC-BY-4.0	7	
data/prover/d2/host-b-records/machine/python3.txt	CC-BY-4.0	7	
data/prover/d2/host-b-records/machine/rustc.txt	CC-BY-4.0	7	
data/prover/d2/host-b-records/machine/smt.txt	CC-BY-4.0	7	
data/prover/d2/host-b-records/machine/ulimit.txt	CC-BY-4.0	7	
data/prover/d2/host-b-records/machine/uname.txt	CC-BY-4.0	7	
data/prover/d2/host-b-records/machine/uptime.txt	CC-BY-4.0	7	
data/prover/d2/host-b-records/machine/utc.txt	CC-BY-4.0	7	
data/prover/d2/host-b-records/machine/virt-container.txt	CC-BY-4.0	7	
data/prover/d2/host-b-records/machine/virt.txt	CC-BY-4.0	7	
data/prover/d2/host-b-records/machine/wget.txt	CC-BY-4.0	7	
data/prover/d2/host-b-records/manifests/workspace-init.txt	CC-BY-4.0	7	
data/prover/d2/host-b-records/manifests/workspace-inventory.txt	CC-BY-4.0	7	
data/prover/d2/host-b-records/prover-d2/REDACTION-NOTE.txt	CC-BY-4.0	7	
data/prover/d2/host-b-records/prover-d2/tooling-check.redacted.txt	CC-BY-4.0	7	
data/prover/d2/host-b-records/ptau/PTAU-RECORD.json	CC-BY-4.0	7	
data/prover/d2/host-b-records/toolchain/PACKAGE-VERSIONS.txt	CC-BY-4.0	7	
data/prover/d2/host-b-records/toolchain/SHASUMS256.txt	CC-BY-4.0	7	
data/prover/d2/host-b-records/toolchain/TOOLCHAIN-PIN-CHECK.txt	CC-BY-4.0	7	
data/prover/d2/host-b-records/toolchain/TOOLCHAIN.txt	CC-BY-4.0	7	
data/prover/d2/host-b-records/toolchain/node-bin-dir.txt	CC-BY-4.0	7	
data/prover/d2/host-b-records/toolchain/npm-ci.log	CC-BY-4.0	7	
data/prover/d2/host-b-records/toolchain/package-lock.json	MIT	6	
data/prover/d2/host-b-records/toolchain/package.json	MIT	6	
data/prover/d2/timed/SHA256SUMS	CC-BY-4.0	7	
data/prover/d2/timed/TRANSFER-TGZ.sha256	CC-BY-4.0	7	
data/prover/d2/timed/logs/campaign-20261005T152152Z.log	CC-BY-4.0	7	
data/prover/d2/timed/logs/local-session-summary-20261005T145940Z.txt	CC-BY-4.0	7	
data/prover/d2/timed/logs/resumetest-20261005T141557Z.log	CC-BY-4.0	7	
data/prover/d2/timed/logs/setup-20261005T140456Z.log	CC-BY-4.0	7	
data/prover/d2/timed/logs/timed-window-summary-20261005T231131Z.txt	CC-BY-4.0	7	
data/prover/d2/timed/records/imagediff-20261005T140748Z.json	CC-BY-4.0	7	
data/prover/d2/timed/records/imagediff-20261005T140748Z.txt	CC-BY-4.0	7	
data/prover/d2/timed/records/unpack-20261005T140443Z.txt	CC-BY-4.0	7	
data/prover/d2/timed/relay-1700-freeze.out	CC-BY-4.0	7	
data/prover/d2/timed/relay-1720-status.out	CC-BY-4.0	7	
data/prover/d2/timed/repo/build/campaigns/dryrun-resumetest-20261005T141557Z-othercommit/CAMPAIGN.json	CC-BY-4.0	7	
data/prover/d2/timed/repo/build/campaigns/dryrun-resumetest-20261005T141557Z-othercommit/derived/prover_diag.csv	CC-BY-4.0	7	
data/prover/d2/timed/repo/build/campaigns/dryrun-resumetest-20261005T141557Z-othercommit/derived/prover_summary.csv	CC-BY-4.0	7	
data/prover/d2/timed/repo/build/campaigns/dryrun-resumetest-20261005T141557Z-othercommit/derived/validation.json	CC-BY-4.0	7	
data/prover/d2/timed/repo/build/campaigns/dryrun-resumetest-20261005T141557Z-othercommit/environment/RESULT-S20261005T141557Z.txt	CC-BY-4.0	7	
data/prover/d2/timed/repo/build/campaigns/dryrun-resumetest-20261005T141557Z-othercommit/environment/RESULT-S20261005T142620Z.txt	CC-BY-4.0	7	
data/prover/d2/timed/repo/build/campaigns/dryrun-resumetest-20261005T141557Z-othercommit/environment/RESULT-S20261005T143431Z.txt	CC-BY-4.0	7	
data/prover/d2/timed/repo/build/campaigns/dryrun-resumetest-20261005T141557Z-othercommit/environment/RESULT-S20261005T145746Z.txt	CC-BY-4.0	7	
data/prover/d2/timed/repo/build/campaigns/dryrun-resumetest-20261005T141557Z-othercommit/environment/RESULT.txt	CC-BY-4.0	7	
data/prover/d2/timed/repo/build/campaigns/dryrun-resumetest-20261005T141557Z-othercommit/environment/base-image-index.json	CC-BY-4.0	7	
data/prover/d2/timed/repo/build/campaigns/dryrun-resumetest-20261005T141557Z-othercommit/environment/corpus-after-S20261005T141557Z.txt	CC-BY-4.0	7	
data/prover/d2/timed/repo/build/campaigns/dryrun-resumetest-20261005T141557Z-othercommit/environment/corpus-after-S20261005T143431Z.txt	CC-BY-4.0	7	
data/prover/d2/timed/repo/build/campaigns/dryrun-resumetest-20261005T141557Z-othercommit/environment/corpus-before-S20261005T141557Z.txt	CC-BY-4.0	7	
data/prover/d2/timed/repo/build/campaigns/dryrun-resumetest-20261005T141557Z-othercommit/environment/corpus-before-S20261005T142620Z.txt	CC-BY-4.0	7	
data/prover/d2/timed/repo/build/campaigns/dryrun-resumetest-20261005T141557Z-othercommit/environment/corpus-before-S20261005T143431Z.txt	CC-BY-4.0	7	
data/prover/d2/timed/repo/build/campaigns/dryrun-resumetest-20261005T141557Z-othercommit/environment/corpus-before-S20261005T145746Z.txt	CC-BY-4.0	7	
data/prover/d2/timed/repo/build/campaigns/dryrun-resumetest-20261005T141557Z-othercommit/environment/docker-build-S20261005T141557Z.log	CC-BY-4.0	7	
data/prover/d2/timed/repo/build/campaigns/dryrun-resumetest-20261005T141557Z-othercommit/environment/docker-info-S20261005T141557Z.json	CC-BY-4.0	7	
data/prover/d2/timed/repo/build/campaigns/dryrun-resumetest-20261005T141557Z-othercommit/environment/docker-info-S20261005T142620Z.json	CC-BY-4.0	7	
data/prover/d2/timed/repo/build/campaigns/dryrun-resumetest-20261005T141557Z-othercommit/environment/docker-info-S20261005T143431Z.json	CC-BY-4.0	7	
data/prover/d2/timed/repo/build/campaigns/dryrun-resumetest-20261005T141557Z-othercommit/environment/docker-info-S20261005T145746Z.json	CC-BY-4.0	7	
data/prover/d2/timed/repo/build/campaigns/dryrun-resumetest-20261005T141557Z-othercommit/environment/docker-version-S20261005T141557Z.json	CC-BY-4.0	7	
data/prover/d2/timed/repo/build/campaigns/dryrun-resumetest-20261005T141557Z-othercommit/environment/docker-version-S20261005T142620Z.json	CC-BY-4.0	7	
data/prover/d2/timed/repo/build/campaigns/dryrun-resumetest-20261005T141557Z-othercommit/environment/docker-version-S20261005T143431Z.json	CC-BY-4.0	7	
data/prover/d2/timed/repo/build/campaigns/dryrun-resumetest-20261005T141557Z-othercommit/environment/docker-version-S20261005T145746Z.json	CC-BY-4.0	7	
data/prover/d2/timed/repo/build/campaigns/dryrun-resumetest-20261005T141557Z-othercommit/environment/host-S20261005T141557Z.txt	CC-BY-4.0	7	
data/prover/d2/timed/repo/build/campaigns/dryrun-resumetest-20261005T141557Z-othercommit/environment/host-S20261005T142620Z.txt	CC-BY-4.0	7	
data/prover/d2/timed/repo/build/campaigns/dryrun-resumetest-20261005T141557Z-othercommit/environment/host-S20261005T143431Z.txt	CC-BY-4.0	7	
data/prover/d2/timed/repo/build/campaigns/dryrun-resumetest-20261005T141557Z-othercommit/environment/host-S20261005T145746Z.txt	CC-BY-4.0	7	
data/prover/d2/timed/repo/build/campaigns/dryrun-resumetest-20261005T141557Z-othercommit/environment/host-detail-S20261005T141557Z.txt	CC-BY-4.0	7	
data/prover/d2/timed/repo/build/campaigns/dryrun-resumetest-20261005T141557Z-othercommit/environment/host-detail-S20261005T142620Z.txt	CC-BY-4.0	7	
data/prover/d2/timed/repo/build/campaigns/dryrun-resumetest-20261005T141557Z-othercommit/environment/host-detail-S20261005T143431Z.txt	CC-BY-4.0	7	
data/prover/d2/timed/repo/build/campaigns/dryrun-resumetest-20261005T141557Z-othercommit/environment/host-detail-S20261005T145746Z.txt	CC-BY-4.0	7	
data/prover/d2/timed/repo/build/campaigns/dryrun-resumetest-20261005T141557Z-othercommit/environment/host.txt	CC-BY-4.0	7	
data/prover/d2/timed/repo/build/campaigns/dryrun-resumetest-20261005T141557Z-othercommit/environment/integrity-S20261005T141557Z.json	CC-BY-4.0	7	
data/prover/d2/timed/repo/build/campaigns/dryrun-resumetest-20261005T141557Z-othercommit/environment/integrity-S20261005T143431Z.json	CC-BY-4.0	7	
data/prover/d2/timed/repo/build/campaigns/dryrun-resumetest-20261005T141557Z-othercommit/environment/integrity.json	CC-BY-4.0	7	
data/prover/d2/timed/repo/build/campaigns/dryrun-resumetest-20261005T141557Z-othercommit/environment/manifest-after-S20261005T141557Z.txt	CC-BY-4.0	7	
data/prover/d2/timed/repo/build/campaigns/dryrun-resumetest-20261005T141557Z-othercommit/environment/manifest-after-S20261005T143431Z.txt	CC-BY-4.0	7	
data/prover/d2/timed/repo/build/campaigns/dryrun-resumetest-20261005T141557Z-othercommit/environment/manifest-before-S20261005T141557Z.txt	CC-BY-4.0	7	
data/prover/d2/timed/repo/build/campaigns/dryrun-resumetest-20261005T141557Z-othercommit/environment/manifest-before-S20261005T142620Z.txt	CC-BY-4.0	7	
data/prover/d2/timed/repo/build/campaigns/dryrun-resumetest-20261005T141557Z-othercommit/environment/manifest-before-S20261005T143431Z.txt	CC-BY-4.0	7	
data/prover/d2/timed/repo/build/campaigns/dryrun-resumetest-20261005T141557Z-othercommit/environment/manifest-before-S20261005T145746Z.txt	CC-BY-4.0	7	
data/prover/d2/timed/repo/build/campaigns/dryrun-resumetest-20261005T141557Z-othercommit/environment/preflight/S20261005T141557Z/control-mismatch.err	CC-BY-4.0	7	
data/prover/d2/timed/repo/build/campaigns/dryrun-resumetest-20261005T141557Z-othercommit/environment/preflight/S20261005T141557Z/control-mismatch.out	CC-BY-4.0	7	
data/prover/d2/timed/repo/build/campaigns/dryrun-resumetest-20261005T141557Z-othercommit/environment/preflight/S20261005T141557Z/control-no-adapter.err	CC-BY-4.0	7	
data/prover/d2/timed/repo/build/campaigns/dryrun-resumetest-20261005T141557Z-othercommit/environment/preflight/S20261005T141557Z/control-no-adapter.out	CC-BY-4.0	7	
data/prover/d2/timed/repo/build/campaigns/dryrun-resumetest-20261005T141557Z-othercommit/environment/preflight/S20261005T141557Z/control-quota-only.err	CC-BY-4.0	7	
data/prover/d2/timed/repo/build/campaigns/dryrun-resumetest-20261005T141557Z-othercommit/environment/preflight/S20261005T141557Z/control-quota-only.out	CC-BY-4.0	7	
data/prover/d2/timed/repo/build/campaigns/dryrun-resumetest-20261005T141557Z-othercommit/environment/preflight/S20261005T141557Z/controls-exit.txt	CC-BY-4.0	7	
data/prover/d2/timed/repo/build/campaigns/dryrun-resumetest-20261005T141557Z-othercommit/environment/preflight/S20261005T141557Z/controls.json	CC-BY-4.0	7	
data/prover/d2/timed/repo/build/campaigns/dryrun-resumetest-20261005T141557Z-othercommit/environment/preflight/S20261005T141557Z/profile-cpu2.json	CC-BY-4.0	7	
data/prover/d2/timed/repo/build/campaigns/dryrun-resumetest-20261005T141557Z-othercommit/environment/preflight/S20261005T141557Z/profile-cpu4.json	CC-BY-4.0	7	
data/prover/d2/timed/repo/build/campaigns/dryrun-resumetest-20261005T141557Z-othercommit/environment/preflight/S20261005T141557Z/profile-cpu8.json	CC-BY-4.0	7	
data/prover/d2/timed/repo/build/campaigns/dryrun-resumetest-20261005T141557Z-othercommit/environment/preflight/S20261005T142620Z/control-mismatch.err	CC-BY-4.0	7	
data/prover/d2/timed/repo/build/campaigns/dryrun-resumetest-20261005T141557Z-othercommit/environment/preflight/S20261005T142620Z/control-mismatch.out	CC-BY-4.0	7	
data/prover/d2/timed/repo/build/campaigns/dryrun-resumetest-20261005T141557Z-othercommit/environment/preflight/S20261005T142620Z/control-no-adapter.err	CC-BY-4.0	7	
data/prover/d2/timed/repo/build/campaigns/dryrun-resumetest-20261005T141557Z-othercommit/environment/preflight/S20261005T142620Z/control-no-adapter.out	CC-BY-4.0	7	
data/prover/d2/timed/repo/build/campaigns/dryrun-resumetest-20261005T141557Z-othercommit/environment/preflight/S20261005T142620Z/control-quota-only.err	CC-BY-4.0	7	
data/prover/d2/timed/repo/build/campaigns/dryrun-resumetest-20261005T141557Z-othercommit/environment/preflight/S20261005T142620Z/control-quota-only.out	CC-BY-4.0	7	
data/prover/d2/timed/repo/build/campaigns/dryrun-resumetest-20261005T141557Z-othercommit/environment/preflight/S20261005T142620Z/controls-exit.txt	CC-BY-4.0	7	
data/prover/d2/timed/repo/build/campaigns/dryrun-resumetest-20261005T141557Z-othercommit/environment/preflight/S20261005T142620Z/controls.json	CC-BY-4.0	7	
data/prover/d2/timed/repo/build/campaigns/dryrun-resumetest-20261005T141557Z-othercommit/environment/preflight/S20261005T142620Z/profile-cpu2.json	CC-BY-4.0	7	
data/prover/d2/timed/repo/build/campaigns/dryrun-resumetest-20261005T141557Z-othercommit/environment/preflight/S20261005T142620Z/profile-cpu4.json	CC-BY-4.0	7	
data/prover/d2/timed/repo/build/campaigns/dryrun-resumetest-20261005T141557Z-othercommit/environment/preflight/S20261005T142620Z/profile-cpu8.json	CC-BY-4.0	7	
data/prover/d2/timed/repo/build/campaigns/dryrun-resumetest-20261005T141557Z-othercommit/environment/preflight/S20261005T143431Z/control-mismatch.err	CC-BY-4.0	7	
data/prover/d2/timed/repo/build/campaigns/dryrun-resumetest-20261005T141557Z-othercommit/environment/preflight/S20261005T143431Z/control-mismatch.out	CC-BY-4.0	7	
data/prover/d2/timed/repo/build/campaigns/dryrun-resumetest-20261005T141557Z-othercommit/environment/preflight/S20261005T143431Z/control-no-adapter.err	CC-BY-4.0	7	
data/prover/d2/timed/repo/build/campaigns/dryrun-resumetest-20261005T141557Z-othercommit/environment/preflight/S20261005T143431Z/control-no-adapter.out	CC-BY-4.0	7	
data/prover/d2/timed/repo/build/campaigns/dryrun-resumetest-20261005T141557Z-othercommit/environment/preflight/S20261005T143431Z/control-quota-only.err	CC-BY-4.0	7	
data/prover/d2/timed/repo/build/campaigns/dryrun-resumetest-20261005T141557Z-othercommit/environment/preflight/S20261005T143431Z/control-quota-only.out	CC-BY-4.0	7	
data/prover/d2/timed/repo/build/campaigns/dryrun-resumetest-20261005T141557Z-othercommit/environment/preflight/S20261005T143431Z/controls-exit.txt	CC-BY-4.0	7	
data/prover/d2/timed/repo/build/campaigns/dryrun-resumetest-20261005T141557Z-othercommit/environment/preflight/S20261005T143431Z/controls.json	CC-BY-4.0	7	
data/prover/d2/timed/repo/build/campaigns/dryrun-resumetest-20261005T141557Z-othercommit/environment/preflight/S20261005T143431Z/profile-cpu2.json	CC-BY-4.0	7	
data/prover/d2/timed/repo/build/campaigns/dryrun-resumetest-20261005T141557Z-othercommit/environment/preflight/S20261005T143431Z/profile-cpu4.json	CC-BY-4.0	7	
data/prover/d2/timed/repo/build/campaigns/dryrun-resumetest-20261005T141557Z-othercommit/environment/preflight/S20261005T143431Z/profile-cpu8.json	CC-BY-4.0	7	
data/prover/d2/timed/repo/build/campaigns/dryrun-resumetest-20261005T141557Z-othercommit/environment/quiet-selftest-S20261005T141557Z.txt	CC-BY-4.0	7	
data/prover/d2/timed/repo/build/campaigns/dryrun-resumetest-20261005T141557Z-othercommit/environment/quiet-selftest-S20261005T142620Z.txt	CC-BY-4.0	7	
data/prover/d2/timed/repo/build/campaigns/dryrun-resumetest-20261005T141557Z-othercommit/environment/quiet-selftest-S20261005T143431Z.txt	CC-BY-4.0	7	
data/prover/d2/timed/repo/build/campaigns/dryrun-resumetest-20261005T141557Z-othercommit/environment/quiet-selftest-S20261005T145746Z.txt	CC-BY-4.0	7	
data/prover/d2/timed/repo/build/campaigns/dryrun-resumetest-20261005T141557Z-othercommit/environment/quiet/S20261005T141557Z/c0001-during.json	CC-BY-4.0	7	
data/prover/d2/timed/repo/build/campaigns/dryrun-resumetest-20261005T141557Z-othercommit/environment/quiet/S20261005T141557Z/c0001-pre-a.json	CC-BY-4.0	7	
data/prover/d2/timed/repo/build/campaigns/dryrun-resumetest-20261005T141557Z-othercommit/environment/quiet/S20261005T141557Z/c0001-pre-b.json	CC-BY-4.0	7	
data/prover/d2/timed/repo/build/campaigns/dryrun-resumetest-20261005T141557Z-othercommit/environment/quiet/S20261005T141557Z/c0001-pre.json	CC-BY-4.0	7	
data/prover/d2/timed/repo/build/campaigns/dryrun-resumetest-20261005T141557Z-othercommit/environment/quiet/S20261005T141557Z/c0001-run-a.json	CC-BY-4.0	7	
data/prover/d2/timed/repo/build/campaigns/dryrun-resumetest-20261005T141557Z-othercommit/environment/quiet/S20261005T141557Z/c0001-run-b.json	CC-BY-4.0	7	
data/prover/d2/timed/repo/build/campaigns/dryrun-resumetest-20261005T141557Z-othercommit/environment/quiet/S20261005T141557Z/c0002-during.json	CC-BY-4.0	7	
data/prover/d2/timed/repo/build/campaigns/dryrun-resumetest-20261005T141557Z-othercommit/environment/quiet/S20261005T141557Z/c0002-pre-a.json	CC-BY-4.0	7	
data/prover/d2/timed/repo/build/campaigns/dryrun-resumetest-20261005T141557Z-othercommit/environment/quiet/S20261005T141557Z/c0002-pre-b.json	CC-BY-4.0	7	
data/prover/d2/timed/repo/build/campaigns/dryrun-resumetest-20261005T141557Z-othercommit/environment/quiet/S20261005T141557Z/c0002-pre.json	CC-BY-4.0	7	
data/prover/d2/timed/repo/build/campaigns/dryrun-resumetest-20261005T141557Z-othercommit/environment/quiet/S20261005T141557Z/c0002-run-a.json	CC-BY-4.0	7	
data/prover/d2/timed/repo/build/campaigns/dryrun-resumetest-20261005T141557Z-othercommit/environment/quiet/S20261005T141557Z/c0002-run-b.json	CC-BY-4.0	7	
data/prover/d2/timed/repo/build/campaigns/dryrun-resumetest-20261005T141557Z-othercommit/environment/quiet/S20261005T141557Z/c0003-during.json	CC-BY-4.0	7	
data/prover/d2/timed/repo/build/campaigns/dryrun-resumetest-20261005T141557Z-othercommit/environment/quiet/S20261005T141557Z/c0003-pre-a.json	CC-BY-4.0	7	
data/prover/d2/timed/repo/build/campaigns/dryrun-resumetest-20261005T141557Z-othercommit/environment/quiet/S20261005T141557Z/c0003-pre-b.json	CC-BY-4.0	7	
data/prover/d2/timed/repo/build/campaigns/dryrun-resumetest-20261005T141557Z-othercommit/environment/quiet/S20261005T141557Z/c0003-pre.json	CC-BY-4.0	7	
data/prover/d2/timed/repo/build/campaigns/dryrun-resumetest-20261005T141557Z-othercommit/environment/quiet/S20261005T141557Z/c0003-run-a.json	CC-BY-4.0	7	
data/prover/d2/timed/repo/build/campaigns/dryrun-resumetest-20261005T141557Z-othercommit/environment/quiet/S20261005T141557Z/c0003-run-b.json	CC-BY-4.0	7	
data/prover/d2/timed/repo/build/campaigns/dryrun-resumetest-20261005T141557Z-othercommit/environment/quiet/S20261005T141557Z/session-a.json	CC-BY-4.0	7	
data/prover/d2/timed/repo/build/campaigns/dryrun-resumetest-20261005T141557Z-othercommit/environment/quiet/S20261005T141557Z/session-b.json	CC-BY-4.0	7	
data/prover/d2/timed/repo/build/campaigns/dryrun-resumetest-20261005T141557Z-othercommit/environment/quiet/S20261005T141557Z/session-check.json	CC-BY-4.0	7	
data/prover/d2/timed/repo/build/campaigns/dryrun-resumetest-20261005T141557Z-othercommit/environment/quiet/S20261005T142620Z/c0001-during.json	CC-BY-4.0	7	
data/prover/d2/timed/repo/build/campaigns/dryrun-resumetest-20261005T141557Z-othercommit/environment/quiet/S20261005T142620Z/c0001-pre-a.json	CC-BY-4.0	7	
data/prover/d2/timed/repo/build/campaigns/dryrun-resumetest-20261005T141557Z-othercommit/environment/quiet/S20261005T142620Z/c0001-pre-b.json	CC-BY-4.0	7	
data/prover/d2/timed/repo/build/campaigns/dryrun-resumetest-20261005T141557Z-othercommit/environment/quiet/S20261005T142620Z/c0001-pre.json	CC-BY-4.0	7	
data/prover/d2/timed/repo/build/campaigns/dryrun-resumetest-20261005T141557Z-othercommit/environment/quiet/S20261005T142620Z/c0001-run-a.json	CC-BY-4.0	7	
data/prover/d2/timed/repo/build/campaigns/dryrun-resumetest-20261005T141557Z-othercommit/environment/quiet/S20261005T142620Z/c0001-run-b.json	CC-BY-4.0	7	
data/prover/d2/timed/repo/build/campaigns/dryrun-resumetest-20261005T141557Z-othercommit/environment/quiet/S20261005T142620Z/session-a.json	CC-BY-4.0	7	
data/prover/d2/timed/repo/build/campaigns/dryrun-resumetest-20261005T141557Z-othercommit/environment/quiet/S20261005T142620Z/session-b.json	CC-BY-4.0	7	
data/prover/d2/timed/repo/build/campaigns/dryrun-resumetest-20261005T141557Z-othercommit/environment/quiet/S20261005T142620Z/session-check.json	CC-BY-4.0	7	
data/prover/d2/timed/repo/build/campaigns/dryrun-resumetest-20261005T141557Z-othercommit/environment/quiet/S20261005T143431Z/c0001-during.json	CC-BY-4.0	7	
data/prover/d2/timed/repo/build/campaigns/dryrun-resumetest-20261005T141557Z-othercommit/environment/quiet/S20261005T143431Z/c0001-pre-a.json	CC-BY-4.0	7	
data/prover/d2/timed/repo/build/campaigns/dryrun-resumetest-20261005T141557Z-othercommit/environment/quiet/S20261005T143431Z/c0001-pre-b.json	CC-BY-4.0	7	
data/prover/d2/timed/repo/build/campaigns/dryrun-resumetest-20261005T141557Z-othercommit/environment/quiet/S20261005T143431Z/c0001-pre.json	CC-BY-4.0	7	
data/prover/d2/timed/repo/build/campaigns/dryrun-resumetest-20261005T141557Z-othercommit/environment/quiet/S20261005T143431Z/c0001-run-a.json	CC-BY-4.0	7	
data/prover/d2/timed/repo/build/campaigns/dryrun-resumetest-20261005T141557Z-othercommit/environment/quiet/S20261005T143431Z/c0001-run-b.json	CC-BY-4.0	7	
data/prover/d2/timed/repo/build/campaigns/dryrun-resumetest-20261005T141557Z-othercommit/environment/quiet/S20261005T143431Z/c0002-during.json	CC-BY-4.0	7	
data/prover/d2/timed/repo/build/campaigns/dryrun-resumetest-20261005T141557Z-othercommit/environment/quiet/S20261005T143431Z/c0002-pre-a.json	CC-BY-4.0	7	
data/prover/d2/timed/repo/build/campaigns/dryrun-resumetest-20261005T141557Z-othercommit/environment/quiet/S20261005T143431Z/c0002-pre-b.json	CC-BY-4.0	7	
data/prover/d2/timed/repo/build/campaigns/dryrun-resumetest-20261005T141557Z-othercommit/environment/quiet/S20261005T143431Z/c0002-pre.json	CC-BY-4.0	7	
data/prover/d2/timed/repo/build/campaigns/dryrun-resumetest-20261005T141557Z-othercommit/environment/quiet/S20261005T143431Z/c0002-run-a.json	CC-BY-4.0	7	
data/prover/d2/timed/repo/build/campaigns/dryrun-resumetest-20261005T141557Z-othercommit/environment/quiet/S20261005T143431Z/c0002-run-b.json	CC-BY-4.0	7	
data/prover/d2/timed/repo/build/campaigns/dryrun-resumetest-20261005T141557Z-othercommit/environment/quiet/S20261005T143431Z/c0003-during.json	CC-BY-4.0	7	
data/prover/d2/timed/repo/build/campaigns/dryrun-resumetest-20261005T141557Z-othercommit/environment/quiet/S20261005T143431Z/c0003-pre-a.json	CC-BY-4.0	7	
data/prover/d2/timed/repo/build/campaigns/dryrun-resumetest-20261005T141557Z-othercommit/environment/quiet/S20261005T143431Z/c0003-pre-b.json	CC-BY-4.0	7	
data/prover/d2/timed/repo/build/campaigns/dryrun-resumetest-20261005T141557Z-othercommit/environment/quiet/S20261005T143431Z/c0003-pre.json	CC-BY-4.0	7	
data/prover/d2/timed/repo/build/campaigns/dryrun-resumetest-20261005T141557Z-othercommit/environment/quiet/S20261005T143431Z/c0003-run-a.json	CC-BY-4.0	7	
data/prover/d2/timed/repo/build/campaigns/dryrun-resumetest-20261005T141557Z-othercommit/environment/quiet/S20261005T143431Z/c0003-run-b.json	CC-BY-4.0	7	
data/prover/d2/timed/repo/build/campaigns/dryrun-resumetest-20261005T141557Z-othercommit/environment/quiet/S20261005T143431Z/c0004-during.json	CC-BY-4.0	7	
data/prover/d2/timed/repo/build/campaigns/dryrun-resumetest-20261005T141557Z-othercommit/environment/quiet/S20261005T143431Z/c0004-pre-a.json	CC-BY-4.0	7	
data/prover/d2/timed/repo/build/campaigns/dryrun-resumetest-20261005T141557Z-othercommit/environment/quiet/S20261005T143431Z/c0004-pre-b.json	CC-BY-4.0	7	
data/prover/d2/timed/repo/build/campaigns/dryrun-resumetest-20261005T141557Z-othercommit/environment/quiet/S20261005T143431Z/c0004-pre.json	CC-BY-4.0	7	
data/prover/d2/timed/repo/build/campaigns/dryrun-resumetest-20261005T141557Z-othercommit/environment/quiet/S20261005T143431Z/c0004-run-a.json	CC-BY-4.0	7	
data/prover/d2/timed/repo/build/campaigns/dryrun-resumetest-20261005T141557Z-othercommit/environment/quiet/S20261005T143431Z/c0004-run-b.json	CC-BY-4.0	7	
data/prover/d2/timed/repo/build/campaigns/dryrun-resumetest-20261005T141557Z-othercommit/environment/quiet/S20261005T143431Z/c0005-during.json	CC-BY-4.0	7	
data/prover/d2/timed/repo/build/campaigns/dryrun-resumetest-20261005T141557Z-othercommit/environment/quiet/S20261005T143431Z/c0005-pre-a.json	CC-BY-4.0	7	
data/prover/d2/timed/repo/build/campaigns/dryrun-resumetest-20261005T141557Z-othercommit/environment/quiet/S20261005T143431Z/c0005-pre-b.json	CC-BY-4.0	7	
data/prover/d2/timed/repo/build/campaigns/dryrun-resumetest-20261005T141557Z-othercommit/environment/quiet/S20261005T143431Z/c0005-pre.json	CC-BY-4.0	7	
data/prover/d2/timed/repo/build/campaigns/dryrun-resumetest-20261005T141557Z-othercommit/environment/quiet/S20261005T143431Z/c0005-run-a.json	CC-BY-4.0	7	
data/prover/d2/timed/repo/build/campaigns/dryrun-resumetest-20261005T141557Z-othercommit/environment/quiet/S20261005T143431Z/c0005-run-b.json	CC-BY-4.0	7	
data/prover/d2/timed/repo/build/campaigns/dryrun-resumetest-20261005T141557Z-othercommit/environment/quiet/S20261005T143431Z/c0006-during.json	CC-BY-4.0	7	
data/prover/d2/timed/repo/build/campaigns/dryrun-resumetest-20261005T141557Z-othercommit/environment/quiet/S20261005T143431Z/c0006-pre-a.json	CC-BY-4.0	7	
data/prover/d2/timed/repo/build/campaigns/dryrun-resumetest-20261005T141557Z-othercommit/environment/quiet/S20261005T143431Z/c0006-pre-b.json	CC-BY-4.0	7	
data/prover/d2/timed/repo/build/campaigns/dryrun-resumetest-20261005T141557Z-othercommit/environment/quiet/S20261005T143431Z/c0006-pre.json	CC-BY-4.0	7	
data/prover/d2/timed/repo/build/campaigns/dryrun-resumetest-20261005T141557Z-othercommit/environment/quiet/S20261005T143431Z/c0006-run-a.json	CC-BY-4.0	7	
data/prover/d2/timed/repo/build/campaigns/dryrun-resumetest-20261005T141557Z-othercommit/environment/quiet/S20261005T143431Z/c0006-run-b.json	CC-BY-4.0	7	
data/prover/d2/timed/repo/build/campaigns/dryrun-resumetest-20261005T141557Z-othercommit/environment/quiet/S20261005T143431Z/c0007-during.json	CC-BY-4.0	7	
data/prover/d2/timed/repo/build/campaigns/dryrun-resumetest-20261005T141557Z-othercommit/environment/quiet/S20261005T143431Z/c0007-pre-a.json	CC-BY-4.0	7	
data/prover/d2/timed/repo/build/campaigns/dryrun-resumetest-20261005T141557Z-othercommit/environment/quiet/S20261005T143431Z/c0007-pre-b.json	CC-BY-4.0	7	
data/prover/d2/timed/repo/build/campaigns/dryrun-resumetest-20261005T141557Z-othercommit/environment/quiet/S20261005T143431Z/c0007-pre.json	CC-BY-4.0	7	
data/prover/d2/timed/repo/build/campaigns/dryrun-resumetest-20261005T141557Z-othercommit/environment/quiet/S20261005T143431Z/c0007-run-a.json	CC-BY-4.0	7	
data/prover/d2/timed/repo/build/campaigns/dryrun-resumetest-20261005T141557Z-othercommit/environment/quiet/S20261005T143431Z/c0007-run-b.json	CC-BY-4.0	7	
data/prover/d2/timed/repo/build/campaigns/dryrun-resumetest-20261005T141557Z-othercommit/environment/quiet/S20261005T143431Z/c0008-during.json	CC-BY-4.0	7	
data/prover/d2/timed/repo/build/campaigns/dryrun-resumetest-20261005T141557Z-othercommit/environment/quiet/S20261005T143431Z/c0008-pre-a.json	CC-BY-4.0	7	
data/prover/d2/timed/repo/build/campaigns/dryrun-resumetest-20261005T141557Z-othercommit/environment/quiet/S20261005T143431Z/c0008-pre-b.json	CC-BY-4.0	7	
data/prover/d2/timed/repo/build/campaigns/dryrun-resumetest-20261005T141557Z-othercommit/environment/quiet/S20261005T143431Z/c0008-pre.json	CC-BY-4.0	7	
data/prover/d2/timed/repo/build/campaigns/dryrun-resumetest-20261005T141557Z-othercommit/environment/quiet/S20261005T143431Z/c0008-run-a.json	CC-BY-4.0	7	
data/prover/d2/timed/repo/build/campaigns/dryrun-resumetest-20261005T141557Z-othercommit/environment/quiet/S20261005T143431Z/c0008-run-b.json	CC-BY-4.0	7	
data/prover/d2/timed/repo/build/campaigns/dryrun-resumetest-20261005T141557Z-othercommit/environment/quiet/S20261005T143431Z/c0009-during.json	CC-BY-4.0	7	
data/prover/d2/timed/repo/build/campaigns/dryrun-resumetest-20261005T141557Z-othercommit/environment/quiet/S20261005T143431Z/c0009-pre-a.json	CC-BY-4.0	7	
data/prover/d2/timed/repo/build/campaigns/dryrun-resumetest-20261005T141557Z-othercommit/environment/quiet/S20261005T143431Z/c0009-pre-b.json	CC-BY-4.0	7	
data/prover/d2/timed/repo/build/campaigns/dryrun-resumetest-20261005T141557Z-othercommit/environment/quiet/S20261005T143431Z/c0009-pre.json	CC-BY-4.0	7	
data/prover/d2/timed/repo/build/campaigns/dryrun-resumetest-20261005T141557Z-othercommit/environment/quiet/S20261005T143431Z/c0009-run-a.json	CC-BY-4.0	7	
data/prover/d2/timed/repo/build/campaigns/dryrun-resumetest-20261005T141557Z-othercommit/environment/quiet/S20261005T143431Z/c0009-run-b.json	CC-BY-4.0	7	
data/prover/d2/timed/repo/build/campaigns/dryrun-resumetest-20261005T141557Z-othercommit/environment/quiet/S20261005T143431Z/session-a.json	CC-BY-4.0	7	
data/prover/d2/timed/repo/build/campaigns/dryrun-resumetest-20261005T141557Z-othercommit/environment/quiet/S20261005T143431Z/session-b.json	CC-BY-4.0	7	
data/prover/d2/timed/repo/build/campaigns/dryrun-resumetest-20261005T141557Z-othercommit/environment/quiet/S20261005T143431Z/session-check.json	CC-BY-4.0	7	
data/prover/d2/timed/repo/build/campaigns/dryrun-resumetest-20261005T141557Z-othercommit/environment/quiet/S20261005T145746Z/session-a.json	CC-BY-4.0	7	
data/prover/d2/timed/repo/build/campaigns/dryrun-resumetest-20261005T141557Z-othercommit/environment/quiet/S20261005T145746Z/session-b.json	CC-BY-4.0	7	
data/prover/d2/timed/repo/build/campaigns/dryrun-resumetest-20261005T141557Z-othercommit/environment/quiet/S20261005T145746Z/session-check.json	CC-BY-4.0	7	
data/prover/d2/timed/repo/build/campaigns/dryrun-resumetest-20261005T141557Z-othercommit/environment/resume-test/harness-refusal.err	CC-BY-4.0	7	
data/prover/d2/timed/repo/build/campaigns/dryrun-resumetest-20261005T141557Z-othercommit/environment/resume-test/refusal.txt	CC-BY-4.0	7	
data/prover/d2/timed/repo/build/campaigns/dryrun-resumetest-20261005T141557Z-othercommit/environment/resume-test/tamper.log	CC-BY-4.0	7	
data/prover/d2/timed/repo/build/campaigns/dryrun-resumetest-20261005T141557Z-othercommit/environment/run-campaign.log	CC-BY-4.0	7	
data/prover/d2/timed/repo/build/campaigns/dryrun-resumetest-20261005T141557Z-othercommit/environment/sessions.csv	CC-BY-4.0	7	
data/prover/d2/timed/repo/build/campaigns/dryrun-resumetest-20261005T141557Z-othercommit/provenance/p7.json	CC-BY-4.0	7	
data/prover/d2/timed/repo/build/campaigns/dryrun-resumetest-20261005T141557Z-othercommit/prover/cpu2/diag.csv	CC-BY-4.0	7	
data/prover/d2/timed/repo/build/campaigns/dryrun-resumetest-20261005T141557Z-othercommit/prover/cpu2/rounds.csv	CC-BY-4.0	7	
data/prover/d2/timed/repo/build/campaigns/dryrun-resumetest-20261005T141557Z-othercommit/prover/cpu2/runs.csv	CC-BY-4.0	7	
data/prover/d2/timed/repo/build/campaigns/dryrun-resumetest-20261005T141557Z-othercommit/prover/cpu4/diag.csv	CC-BY-4.0	7	
data/prover/d2/timed/repo/build/campaigns/dryrun-resumetest-20261005T141557Z-othercommit/prover/cpu4/rounds.csv	CC-BY-4.0	7	
data/prover/d2/timed/repo/build/campaigns/dryrun-resumetest-20261005T141557Z-othercommit/prover/cpu4/runs.csv	CC-BY-4.0	7	
data/prover/d2/timed/repo/build/campaigns/dryrun-resumetest-20261005T141557Z-othercommit/prover/cpu8/diag.csv	CC-BY-4.0	7	
data/prover/d2/timed/repo/build/campaigns/dryrun-resumetest-20261005T141557Z-othercommit/prover/cpu8/rounds.csv	CC-BY-4.0	7	
data/prover/d2/timed/repo/build/campaigns/dryrun-resumetest-20261005T141557Z-othercommit/prover/cpu8/runs.csv	CC-BY-4.0	7	
data/prover/d2/timed/repo/build/campaigns/dryrun-resumetest-20261005T141557Z-othercommit/prover/execution_plan.csv	CC-BY-4.0	7	
data/prover/d2/timed/repo/build/campaigns/dryrun-resumetest-20261005T141557Z-othercommit/prover/host_samples.csv	CC-BY-4.0	7	
data/prover/d2/timed/repo/build/campaigns/dryrun-resumetest-20261005T141557Z-othercommit/prover/round_ledger.csv	CC-BY-4.0	7	
data/prover/d2/timed/repo/build/campaigns/dryrun-resumetest-20261005T141557Z-othercommit/prover/schedule.csv	CC-BY-4.0	7	
data/prover/d2/timed/repo/build/campaigns/dryrun-resumetest-20261005T141557Z-othercommit/prover/sessions/S20261005T141557Z/units.csv	CC-BY-4.0	7	
data/prover/d2/timed/repo/build/campaigns/dryrun-resumetest-20261005T141557Z-othercommit/prover/sessions/S20261005T142620Z/units.csv	CC-BY-4.0	7	
data/prover/d2/timed/repo/build/campaigns/dryrun-resumetest-20261005T141557Z-othercommit/prover/sessions/S20261005T143431Z/units.csv	CC-BY-4.0	7	
data/prover/d2/timed/repo/build/campaigns/dryrun-resumetest-20261005T141557Z-tampered/CAMPAIGN.json	CC-BY-4.0	7	
data/prover/d2/timed/repo/build/campaigns/dryrun-resumetest-20261005T141557Z-tampered/derived/prover_diag.csv	CC-BY-4.0	7	
data/prover/d2/timed/repo/build/campaigns/dryrun-resumetest-20261005T141557Z-tampered/derived/prover_summary.csv	CC-BY-4.0	7	
data/prover/d2/timed/repo/build/campaigns/dryrun-resumetest-20261005T141557Z-tampered/derived/validation.json	CC-BY-4.0	7	
data/prover/d2/timed/repo/build/campaigns/dryrun-resumetest-20261005T141557Z-tampered/environment/RESULT-S20261005T141557Z.txt	CC-BY-4.0	7	
data/prover/d2/timed/repo/build/campaigns/dryrun-resumetest-20261005T141557Z-tampered/environment/RESULT-S20261005T142620Z.txt	CC-BY-4.0	7	
data/prover/d2/timed/repo/build/campaigns/dryrun-resumetest-20261005T141557Z-tampered/environment/RESULT-S20261005T143431Z.txt	CC-BY-4.0	7	
data/prover/d2/timed/repo/build/campaigns/dryrun-resumetest-20261005T141557Z-tampered/environment/RESULT-S20261005T145037Z.txt	CC-BY-4.0	7	
data/prover/d2/timed/repo/build/campaigns/dryrun-resumetest-20261005T141557Z-tampered/environment/RESULT.txt	CC-BY-4.0	7	
data/prover/d2/timed/repo/build/campaigns/dryrun-resumetest-20261005T141557Z-tampered/environment/base-image-index.json	CC-BY-4.0	7	
data/prover/d2/timed/repo/build/campaigns/dryrun-resumetest-20261005T141557Z-tampered/environment/corpus-after-S20261005T141557Z.txt	CC-BY-4.0	7	
data/prover/d2/timed/repo/build/campaigns/dryrun-resumetest-20261005T141557Z-tampered/environment/corpus-after-S20261005T143431Z.txt	CC-BY-4.0	7	
data/prover/d2/timed/repo/build/campaigns/dryrun-resumetest-20261005T141557Z-tampered/environment/corpus-before-S20261005T141557Z.txt	CC-BY-4.0	7	
data/prover/d2/timed/repo/build/campaigns/dryrun-resumetest-20261005T141557Z-tampered/environment/corpus-before-S20261005T142620Z.txt	CC-BY-4.0	7	
data/prover/d2/timed/repo/build/campaigns/dryrun-resumetest-20261005T141557Z-tampered/environment/corpus-before-S20261005T143431Z.txt	CC-BY-4.0	7	
data/prover/d2/timed/repo/build/campaigns/dryrun-resumetest-20261005T141557Z-tampered/environment/corpus-before-S20261005T145037Z.txt	CC-BY-4.0	7	
data/prover/d2/timed/repo/build/campaigns/dryrun-resumetest-20261005T141557Z-tampered/environment/docker-build-S20261005T141557Z.log	CC-BY-4.0	7	
data/prover/d2/timed/repo/build/campaigns/dryrun-resumetest-20261005T141557Z-tampered/environment/docker-info-S20261005T141557Z.json	CC-BY-4.0	7	
data/prover/d2/timed/repo/build/campaigns/dryrun-resumetest-20261005T141557Z-tampered/environment/docker-info-S20261005T142620Z.json	CC-BY-4.0	7	
data/prover/d2/timed/repo/build/campaigns/dryrun-resumetest-20261005T141557Z-tampered/environment/docker-info-S20261005T143431Z.json	CC-BY-4.0	7	
data/prover/d2/timed/repo/build/campaigns/dryrun-resumetest-20261005T141557Z-tampered/environment/docker-info-S20261005T145037Z.json	CC-BY-4.0	7	
data/prover/d2/timed/repo/build/campaigns/dryrun-resumetest-20261005T141557Z-tampered/environment/docker-version-S20261005T141557Z.json	CC-BY-4.0	7	
data/prover/d2/timed/repo/build/campaigns/dryrun-resumetest-20261005T141557Z-tampered/environment/docker-version-S20261005T142620Z.json	CC-BY-4.0	7	
data/prover/d2/timed/repo/build/campaigns/dryrun-resumetest-20261005T141557Z-tampered/environment/docker-version-S20261005T143431Z.json	CC-BY-4.0	7	
data/prover/d2/timed/repo/build/campaigns/dryrun-resumetest-20261005T141557Z-tampered/environment/docker-version-S20261005T145037Z.json	CC-BY-4.0	7	
data/prover/d2/timed/repo/build/campaigns/dryrun-resumetest-20261005T141557Z-tampered/environment/host-S20261005T141557Z.txt	CC-BY-4.0	7	
data/prover/d2/timed/repo/build/campaigns/dryrun-resumetest-20261005T141557Z-tampered/environment/host-S20261005T142620Z.txt	CC-BY-4.0	7	
data/prover/d2/timed/repo/build/campaigns/dryrun-resumetest-20261005T141557Z-tampered/environment/host-S20261005T143431Z.txt	CC-BY-4.0	7	
data/prover/d2/timed/repo/build/campaigns/dryrun-resumetest-20261005T141557Z-tampered/environment/host-S20261005T145037Z.txt	CC-BY-4.0	7	
data/prover/d2/timed/repo/build/campaigns/dryrun-resumetest-20261005T141557Z-tampered/environment/host-detail-S20261005T141557Z.txt	CC-BY-4.0	7	
data/prover/d2/timed/repo/build/campaigns/dryrun-resumetest-20261005T141557Z-tampered/environment/host-detail-S20261005T142620Z.txt	CC-BY-4.0	7	
data/prover/d2/timed/repo/build/campaigns/dryrun-resumetest-20261005T141557Z-tampered/environment/host-detail-S20261005T143431Z.txt	CC-BY-4.0	7	
data/prover/d2/timed/repo/build/campaigns/dryrun-resumetest-20261005T141557Z-tampered/environment/host-detail-S20261005T145037Z.txt	CC-BY-4.0	7	
data/prover/d2/timed/repo/build/campaigns/dryrun-resumetest-20261005T141557Z-tampered/environment/host.txt	CC-BY-4.0	7	
data/prover/d2/timed/repo/build/campaigns/dryrun-resumetest-20261005T141557Z-tampered/environment/integrity-S20261005T141557Z.json	CC-BY-4.0	7	
data/prover/d2/timed/repo/build/campaigns/dryrun-resumetest-20261005T141557Z-tampered/environment/integrity-S20261005T143431Z.json	CC-BY-4.0	7	
data/prover/d2/timed/repo/build/campaigns/dryrun-resumetest-20261005T141557Z-tampered/environment/integrity.json	CC-BY-4.0	7	
data/prover/d2/timed/repo/build/campaigns/dryrun-resumetest-20261005T141557Z-tampered/environment/manifest-after-S20261005T141557Z.txt	CC-BY-4.0	7	
data/prover/d2/timed/repo/build/campaigns/dryrun-resumetest-20261005T141557Z-tampered/environment/manifest-after-S20261005T143431Z.txt	CC-BY-4.0	7	
data/prover/d2/timed/repo/build/campaigns/dryrun-resumetest-20261005T141557Z-tampered/environment/manifest-before-S20261005T141557Z.txt	CC-BY-4.0	7	
data/prover/d2/timed/repo/build/campaigns/dryrun-resumetest-20261005T141557Z-tampered/environment/manifest-before-S20261005T142620Z.txt	CC-BY-4.0	7	
data/prover/d2/timed/repo/build/campaigns/dryrun-resumetest-20261005T141557Z-tampered/environment/manifest-before-S20261005T143431Z.txt	CC-BY-4.0	7	
data/prover/d2/timed/repo/build/campaigns/dryrun-resumetest-20261005T141557Z-tampered/environment/manifest-before-S20261005T145037Z.txt	CC-BY-4.0	7	
data/prover/d2/timed/repo/build/campaigns/dryrun-resumetest-20261005T141557Z-tampered/environment/preflight/S20261005T141557Z/control-mismatch.err	CC-BY-4.0	7	
data/prover/d2/timed/repo/build/campaigns/dryrun-resumetest-20261005T141557Z-tampered/environment/preflight/S20261005T141557Z/control-mismatch.out	CC-BY-4.0	7	
data/prover/d2/timed/repo/build/campaigns/dryrun-resumetest-20261005T141557Z-tampered/environment/preflight/S20261005T141557Z/control-no-adapter.err	CC-BY-4.0	7	
data/prover/d2/timed/repo/build/campaigns/dryrun-resumetest-20261005T141557Z-tampered/environment/preflight/S20261005T141557Z/control-no-adapter.out	CC-BY-4.0	7	
data/prover/d2/timed/repo/build/campaigns/dryrun-resumetest-20261005T141557Z-tampered/environment/preflight/S20261005T141557Z/control-quota-only.err	CC-BY-4.0	7	
data/prover/d2/timed/repo/build/campaigns/dryrun-resumetest-20261005T141557Z-tampered/environment/preflight/S20261005T141557Z/control-quota-only.out	CC-BY-4.0	7	
data/prover/d2/timed/repo/build/campaigns/dryrun-resumetest-20261005T141557Z-tampered/environment/preflight/S20261005T141557Z/controls-exit.txt	CC-BY-4.0	7	
data/prover/d2/timed/repo/build/campaigns/dryrun-resumetest-20261005T141557Z-tampered/environment/preflight/S20261005T141557Z/controls.json	CC-BY-4.0	7	
data/prover/d2/timed/repo/build/campaigns/dryrun-resumetest-20261005T141557Z-tampered/environment/preflight/S20261005T141557Z/profile-cpu2.json	CC-BY-4.0	7	
data/prover/d2/timed/repo/build/campaigns/dryrun-resumetest-20261005T141557Z-tampered/environment/preflight/S20261005T141557Z/profile-cpu4.json	CC-BY-4.0	7	
data/prover/d2/timed/repo/build/campaigns/dryrun-resumetest-20261005T141557Z-tampered/environment/preflight/S20261005T141557Z/profile-cpu8.json	CC-BY-4.0	7	
data/prover/d2/timed/repo/build/campaigns/dryrun-resumetest-20261005T141557Z-tampered/environment/preflight/S20261005T142620Z/control-mismatch.err	CC-BY-4.0	7	
data/prover/d2/timed/repo/build/campaigns/dryrun-resumetest-20261005T141557Z-tampered/environment/preflight/S20261005T142620Z/control-mismatch.out	CC-BY-4.0	7	
data/prover/d2/timed/repo/build/campaigns/dryrun-resumetest-20261005T141557Z-tampered/environment/preflight/S20261005T142620Z/control-no-adapter.err	CC-BY-4.0	7	
data/prover/d2/timed/repo/build/campaigns/dryrun-resumetest-20261005T141557Z-tampered/environment/preflight/S20261005T142620Z/control-no-adapter.out	CC-BY-4.0	7	
data/prover/d2/timed/repo/build/campaigns/dryrun-resumetest-20261005T141557Z-tampered/environment/preflight/S20261005T142620Z/control-quota-only.err	CC-BY-4.0	7	
data/prover/d2/timed/repo/build/campaigns/dryrun-resumetest-20261005T141557Z-tampered/environment/preflight/S20261005T142620Z/control-quota-only.out	CC-BY-4.0	7	
data/prover/d2/timed/repo/build/campaigns/dryrun-resumetest-20261005T141557Z-tampered/environment/preflight/S20261005T142620Z/controls-exit.txt	CC-BY-4.0	7	
data/prover/d2/timed/repo/build/campaigns/dryrun-resumetest-20261005T141557Z-tampered/environment/preflight/S20261005T142620Z/controls.json	CC-BY-4.0	7	
data/prover/d2/timed/repo/build/campaigns/dryrun-resumetest-20261005T141557Z-tampered/environment/preflight/S20261005T142620Z/profile-cpu2.json	CC-BY-4.0	7	
data/prover/d2/timed/repo/build/campaigns/dryrun-resumetest-20261005T141557Z-tampered/environment/preflight/S20261005T142620Z/profile-cpu4.json	CC-BY-4.0	7	
data/prover/d2/timed/repo/build/campaigns/dryrun-resumetest-20261005T141557Z-tampered/environment/preflight/S20261005T142620Z/profile-cpu8.json	CC-BY-4.0	7	
data/prover/d2/timed/repo/build/campaigns/dryrun-resumetest-20261005T141557Z-tampered/environment/preflight/S20261005T143431Z/control-mismatch.err	CC-BY-4.0	7	
data/prover/d2/timed/repo/build/campaigns/dryrun-resumetest-20261005T141557Z-tampered/environment/preflight/S20261005T143431Z/control-mismatch.out	CC-BY-4.0	7	
data/prover/d2/timed/repo/build/campaigns/dryrun-resumetest-20261005T141557Z-tampered/environment/preflight/S20261005T143431Z/control-no-adapter.err	CC-BY-4.0	7	
data/prover/d2/timed/repo/build/campaigns/dryrun-resumetest-20261005T141557Z-tampered/environment/preflight/S20261005T143431Z/control-no-adapter.out	CC-BY-4.0	7	
data/prover/d2/timed/repo/build/campaigns/dryrun-resumetest-20261005T141557Z-tampered/environment/preflight/S20261005T143431Z/control-quota-only.err	CC-BY-4.0	7	
data/prover/d2/timed/repo/build/campaigns/dryrun-resumetest-20261005T141557Z-tampered/environment/preflight/S20261005T143431Z/control-quota-only.out	CC-BY-4.0	7	
data/prover/d2/timed/repo/build/campaigns/dryrun-resumetest-20261005T141557Z-tampered/environment/preflight/S20261005T143431Z/controls-exit.txt	CC-BY-4.0	7	
data/prover/d2/timed/repo/build/campaigns/dryrun-resumetest-20261005T141557Z-tampered/environment/preflight/S20261005T143431Z/controls.json	CC-BY-4.0	7	
data/prover/d2/timed/repo/build/campaigns/dryrun-resumetest-20261005T141557Z-tampered/environment/preflight/S20261005T143431Z/profile-cpu2.json	CC-BY-4.0	7	
data/prover/d2/timed/repo/build/campaigns/dryrun-resumetest-20261005T141557Z-tampered/environment/preflight/S20261005T143431Z/profile-cpu4.json	CC-BY-4.0	7	
data/prover/d2/timed/repo/build/campaigns/dryrun-resumetest-20261005T141557Z-tampered/environment/preflight/S20261005T143431Z/profile-cpu8.json	CC-BY-4.0	7	
data/prover/d2/timed/repo/build/campaigns/dryrun-resumetest-20261005T141557Z-tampered/environment/preflight/S20261005T145037Z/control-mismatch.err	CC-BY-4.0	7	
data/prover/d2/timed/repo/build/campaigns/dryrun-resumetest-20261005T141557Z-tampered/environment/preflight/S20261005T145037Z/control-mismatch.out	CC-BY-4.0	7	
data/prover/d2/timed/repo/build/campaigns/dryrun-resumetest-20261005T141557Z-tampered/environment/preflight/S20261005T145037Z/control-no-adapter.err	CC-BY-4.0	7	
data/prover/d2/timed/repo/build/campaigns/dryrun-resumetest-20261005T141557Z-tampered/environment/preflight/S20261005T145037Z/control-no-adapter.out	CC-BY-4.0	7	
data/prover/d2/timed/repo/build/campaigns/dryrun-resumetest-20261005T141557Z-tampered/environment/preflight/S20261005T145037Z/control-quota-only.err	CC-BY-4.0	7	
data/prover/d2/timed/repo/build/campaigns/dryrun-resumetest-20261005T141557Z-tampered/environment/preflight/S20261005T145037Z/control-quota-only.out	CC-BY-4.0	7	
data/prover/d2/timed/repo/build/campaigns/dryrun-resumetest-20261005T141557Z-tampered/environment/preflight/S20261005T145037Z/controls-exit.txt	CC-BY-4.0	7	
data/prover/d2/timed/repo/build/campaigns/dryrun-resumetest-20261005T141557Z-tampered/environment/preflight/S20261005T145037Z/controls.json	CC-BY-4.0	7	
data/prover/d2/timed/repo/build/campaigns/dryrun-resumetest-20261005T141557Z-tampered/environment/preflight/S20261005T145037Z/profile-cpu2.json	CC-BY-4.0	7	
data/prover/d2/timed/repo/build/campaigns/dryrun-resumetest-20261005T141557Z-tampered/environment/preflight/S20261005T145037Z/profile-cpu4.json	CC-BY-4.0	7	
data/prover/d2/timed/repo/build/campaigns/dryrun-resumetest-20261005T141557Z-tampered/environment/preflight/S20261005T145037Z/profile-cpu8.json	CC-BY-4.0	7	
data/prover/d2/timed/repo/build/campaigns/dryrun-resumetest-20261005T141557Z-tampered/environment/quiet-selftest-S20261005T141557Z.txt	CC-BY-4.0	7	
data/prover/d2/timed/repo/build/campaigns/dryrun-resumetest-20261005T141557Z-tampered/environment/quiet-selftest-S20261005T142620Z.txt	CC-BY-4.0	7	
data/prover/d2/timed/repo/build/campaigns/dryrun-resumetest-20261005T141557Z-tampered/environment/quiet-selftest-S20261005T143431Z.txt	CC-BY-4.0	7	
data/prover/d2/timed/repo/build/campaigns/dryrun-resumetest-20261005T141557Z-tampered/environment/quiet-selftest-S20261005T145037Z.txt	CC-BY-4.0	7	
data/prover/d2/timed/repo/build/campaigns/dryrun-resumetest-20261005T141557Z-tampered/environment/quiet/S20261005T141557Z/c0001-during.json	CC-BY-4.0	7	
data/prover/d2/timed/repo/build/campaigns/dryrun-resumetest-20261005T141557Z-tampered/environment/quiet/S20261005T141557Z/c0001-pre-a.json	CC-BY-4.0	7	
data/prover/d2/timed/repo/build/campaigns/dryrun-resumetest-20261005T141557Z-tampered/environment/quiet/S20261005T141557Z/c0001-pre-b.json	CC-BY-4.0	7	
data/prover/d2/timed/repo/build/campaigns/dryrun-resumetest-20261005T141557Z-tampered/environment/quiet/S20261005T141557Z/c0001-pre.json	CC-BY-4.0	7	
data/prover/d2/timed/repo/build/campaigns/dryrun-resumetest-20261005T141557Z-tampered/environment/quiet/S20261005T141557Z/c0001-run-a.json	CC-BY-4.0	7	
data/prover/d2/timed/repo/build/campaigns/dryrun-resumetest-20261005T141557Z-tampered/environment/quiet/S20261005T141557Z/c0001-run-b.json	CC-BY-4.0	7	
data/prover/d2/timed/repo/build/campaigns/dryrun-resumetest-20261005T141557Z-tampered/environment/quiet/S20261005T141557Z/c0002-during.json	CC-BY-4.0	7	
data/prover/d2/timed/repo/build/campaigns/dryrun-resumetest-20261005T141557Z-tampered/environment/quiet/S20261005T141557Z/c0002-pre-a.json	CC-BY-4.0	7	
data/prover/d2/timed/repo/build/campaigns/dryrun-resumetest-20261005T141557Z-tampered/environment/quiet/S20261005T141557Z/c0002-pre-b.json	CC-BY-4.0	7	
data/prover/d2/timed/repo/build/campaigns/dryrun-resumetest-20261005T141557Z-tampered/environment/quiet/S20261005T141557Z/c0002-pre.json	CC-BY-4.0	7	
data/prover/d2/timed/repo/build/campaigns/dryrun-resumetest-20261005T141557Z-tampered/environment/quiet/S20261005T141557Z/c0002-run-a.json	CC-BY-4.0	7	
data/prover/d2/timed/repo/build/campaigns/dryrun-resumetest-20261005T141557Z-tampered/environment/quiet/S20261005T141557Z/c0002-run-b.json	CC-BY-4.0	7	
data/prover/d2/timed/repo/build/campaigns/dryrun-resumetest-20261005T141557Z-tampered/environment/quiet/S20261005T141557Z/c0003-during.json	CC-BY-4.0	7	
data/prover/d2/timed/repo/build/campaigns/dryrun-resumetest-20261005T141557Z-tampered/environment/quiet/S20261005T141557Z/c0003-pre-a.json	CC-BY-4.0	7	
data/prover/d2/timed/repo/build/campaigns/dryrun-resumetest-20261005T141557Z-tampered/environment/quiet/S20261005T141557Z/c0003-pre-b.json	CC-BY-4.0	7	
data/prover/d2/timed/repo/build/campaigns/dryrun-resumetest-20261005T141557Z-tampered/environment/quiet/S20261005T141557Z/c0003-pre.json	CC-BY-4.0	7	
data/prover/d2/timed/repo/build/campaigns/dryrun-resumetest-20261005T141557Z-tampered/environment/quiet/S20261005T141557Z/c0003-run-a.json	CC-BY-4.0	7	
data/prover/d2/timed/repo/build/campaigns/dryrun-resumetest-20261005T141557Z-tampered/environment/quiet/S20261005T141557Z/c0003-run-b.json	CC-BY-4.0	7	
data/prover/d2/timed/repo/build/campaigns/dryrun-resumetest-20261005T141557Z-tampered/environment/quiet/S20261005T141557Z/session-a.json	CC-BY-4.0	7	
data/prover/d2/timed/repo/build/campaigns/dryrun-resumetest-20261005T141557Z-tampered/environment/quiet/S20261005T141557Z/session-b.json	CC-BY-4.0	7	
data/prover/d2/timed/repo/build/campaigns/dryrun-resumetest-20261005T141557Z-tampered/environment/quiet/S20261005T141557Z/session-check.json	CC-BY-4.0	7	
data/prover/d2/timed/repo/build/campaigns/dryrun-resumetest-20261005T141557Z-tampered/environment/quiet/S20261005T142620Z/c0001-during.json	CC-BY-4.0	7	
data/prover/d2/timed/repo/build/campaigns/dryrun-resumetest-20261005T141557Z-tampered/environment/quiet/S20261005T142620Z/c0001-pre-a.json	CC-BY-4.0	7	
data/prover/d2/timed/repo/build/campaigns/dryrun-resumetest-20261005T141557Z-tampered/environment/quiet/S20261005T142620Z/c0001-pre-b.json	CC-BY-4.0	7	
data/prover/d2/timed/repo/build/campaigns/dryrun-resumetest-20261005T141557Z-tampered/environment/quiet/S20261005T142620Z/c0001-pre.json	CC-BY-4.0	7	
data/prover/d2/timed/repo/build/campaigns/dryrun-resumetest-20261005T141557Z-tampered/environment/quiet/S20261005T142620Z/c0001-run-a.json	CC-BY-4.0	7	
data/prover/d2/timed/repo/build/campaigns/dryrun-resumetest-20261005T141557Z-tampered/environment/quiet/S20261005T142620Z/c0001-run-b.json	CC-BY-4.0	7	
data/prover/d2/timed/repo/build/campaigns/dryrun-resumetest-20261005T141557Z-tampered/environment/quiet/S20261005T142620Z/session-a.json	CC-BY-4.0	7	
data/prover/d2/timed/repo/build/campaigns/dryrun-resumetest-20261005T141557Z-tampered/environment/quiet/S20261005T142620Z/session-b.json	CC-BY-4.0	7	
data/prover/d2/timed/repo/build/campaigns/dryrun-resumetest-20261005T141557Z-tampered/environment/quiet/S20261005T142620Z/session-check.json	CC-BY-4.0	7	
data/prover/d2/timed/repo/build/campaigns/dryrun-resumetest-20261005T141557Z-tampered/environment/quiet/S20261005T143431Z/c0001-during.json	CC-BY-4.0	7	
data/prover/d2/timed/repo/build/campaigns/dryrun-resumetest-20261005T141557Z-tampered/environment/quiet/S20261005T143431Z/c0001-pre-a.json	CC-BY-4.0	7	
data/prover/d2/timed/repo/build/campaigns/dryrun-resumetest-20261005T141557Z-tampered/environment/quiet/S20261005T143431Z/c0001-pre-b.json	CC-BY-4.0	7	
data/prover/d2/timed/repo/build/campaigns/dryrun-resumetest-20261005T141557Z-tampered/environment/quiet/S20261005T143431Z/c0001-pre.json	CC-BY-4.0	7	
data/prover/d2/timed/repo/build/campaigns/dryrun-resumetest-20261005T141557Z-tampered/environment/quiet/S20261005T143431Z/c0001-run-a.json	CC-BY-4.0	7	
data/prover/d2/timed/repo/build/campaigns/dryrun-resumetest-20261005T141557Z-tampered/environment/quiet/S20261005T143431Z/c0001-run-b.json	CC-BY-4.0	7	
data/prover/d2/timed/repo/build/campaigns/dryrun-resumetest-20261005T141557Z-tampered/environment/quiet/S20261005T143431Z/c0002-during.json	CC-BY-4.0	7	
data/prover/d2/timed/repo/build/campaigns/dryrun-resumetest-20261005T141557Z-tampered/environment/quiet/S20261005T143431Z/c0002-pre-a.json	CC-BY-4.0	7	
data/prover/d2/timed/repo/build/campaigns/dryrun-resumetest-20261005T141557Z-tampered/environment/quiet/S20261005T143431Z/c0002-pre-b.json	CC-BY-4.0	7	
data/prover/d2/timed/repo/build/campaigns/dryrun-resumetest-20261005T141557Z-tampered/environment/quiet/S20261005T143431Z/c0002-pre.json	CC-BY-4.0	7	
data/prover/d2/timed/repo/build/campaigns/dryrun-resumetest-20261005T141557Z-tampered/environment/quiet/S20261005T143431Z/c0002-run-a.json	CC-BY-4.0	7	
data/prover/d2/timed/repo/build/campaigns/dryrun-resumetest-20261005T141557Z-tampered/environment/quiet/S20261005T143431Z/c0002-run-b.json	CC-BY-4.0	7	
data/prover/d2/timed/repo/build/campaigns/dryrun-resumetest-20261005T141557Z-tampered/environment/quiet/S20261005T143431Z/c0003-during.json	CC-BY-4.0	7	
data/prover/d2/timed/repo/build/campaigns/dryrun-resumetest-20261005T141557Z-tampered/environment/quiet/S20261005T143431Z/c0003-pre-a.json	CC-BY-4.0	7	
data/prover/d2/timed/repo/build/campaigns/dryrun-resumetest-20261005T141557Z-tampered/environment/quiet/S20261005T143431Z/c0003-pre-b.json	CC-BY-4.0	7	
data/prover/d2/timed/repo/build/campaigns/dryrun-resumetest-20261005T141557Z-tampered/environment/quiet/S20261005T143431Z/c0003-pre.json	CC-BY-4.0	7	
data/prover/d2/timed/repo/build/campaigns/dryrun-resumetest-20261005T141557Z-tampered/environment/quiet/S20261005T143431Z/c0003-run-a.json	CC-BY-4.0	7	
data/prover/d2/timed/repo/build/campaigns/dryrun-resumetest-20261005T141557Z-tampered/environment/quiet/S20261005T143431Z/c0003-run-b.json	CC-BY-4.0	7	
data/prover/d2/timed/repo/build/campaigns/dryrun-resumetest-20261005T141557Z-tampered/environment/quiet/S20261005T143431Z/c0004-during.json	CC-BY-4.0	7	
data/prover/d2/timed/repo/build/campaigns/dryrun-resumetest-20261005T141557Z-tampered/environment/quiet/S20261005T143431Z/c0004-pre-a.json	CC-BY-4.0	7	
data/prover/d2/timed/repo/build/campaigns/dryrun-resumetest-20261005T141557Z-tampered/environment/quiet/S20261005T143431Z/c0004-pre-b.json	CC-BY-4.0	7	
data/prover/d2/timed/repo/build/campaigns/dryrun-resumetest-20261005T141557Z-tampered/environment/quiet/S20261005T143431Z/c0004-pre.json	CC-BY-4.0	7	
data/prover/d2/timed/repo/build/campaigns/dryrun-resumetest-20261005T141557Z-tampered/environment/quiet/S20261005T143431Z/c0004-run-a.json	CC-BY-4.0	7	
data/prover/d2/timed/repo/build/campaigns/dryrun-resumetest-20261005T141557Z-tampered/environment/quiet/S20261005T143431Z/c0004-run-b.json	CC-BY-4.0	7	
data/prover/d2/timed/repo/build/campaigns/dryrun-resumetest-20261005T141557Z-tampered/environment/quiet/S20261005T143431Z/c0005-during.json	CC-BY-4.0	7	
data/prover/d2/timed/repo/build/campaigns/dryrun-resumetest-20261005T141557Z-tampered/environment/quiet/S20261005T143431Z/c0005-pre-a.json	CC-BY-4.0	7	
data/prover/d2/timed/repo/build/campaigns/dryrun-resumetest-20261005T141557Z-tampered/environment/quiet/S20261005T143431Z/c0005-pre-b.json	CC-BY-4.0	7	
data/prover/d2/timed/repo/build/campaigns/dryrun-resumetest-20261005T141557Z-tampered/environment/quiet/S20261005T143431Z/c0005-pre.json	CC-BY-4.0	7	
data/prover/d2/timed/repo/build/campaigns/dryrun-resumetest-20261005T141557Z-tampered/environment/quiet/S20261005T143431Z/c0005-run-a.json	CC-BY-4.0	7	
data/prover/d2/timed/repo/build/campaigns/dryrun-resumetest-20261005T141557Z-tampered/environment/quiet/S20261005T143431Z/c0005-run-b.json	CC-BY-4.0	7	
data/prover/d2/timed/repo/build/campaigns/dryrun-resumetest-20261005T141557Z-tampered/environment/quiet/S20261005T143431Z/c0006-during.json	CC-BY-4.0	7	
data/prover/d2/timed/repo/build/campaigns/dryrun-resumetest-20261005T141557Z-tampered/environment/quiet/S20261005T143431Z/c0006-pre-a.json	CC-BY-4.0	7	
data/prover/d2/timed/repo/build/campaigns/dryrun-resumetest-20261005T141557Z-tampered/environment/quiet/S20261005T143431Z/c0006-pre-b.json	CC-BY-4.0	7	
data/prover/d2/timed/repo/build/campaigns/dryrun-resumetest-20261005T141557Z-tampered/environment/quiet/S20261005T143431Z/c0006-pre.json	CC-BY-4.0	7	
data/prover/d2/timed/repo/build/campaigns/dryrun-resumetest-20261005T141557Z-tampered/environment/quiet/S20261005T143431Z/c0006-run-a.json	CC-BY-4.0	7	
data/prover/d2/timed/repo/build/campaigns/dryrun-resumetest-20261005T141557Z-tampered/environment/quiet/S20261005T143431Z/c0006-run-b.json	CC-BY-4.0	7	
data/prover/d2/timed/repo/build/campaigns/dryrun-resumetest-20261005T141557Z-tampered/environment/quiet/S20261005T143431Z/c0007-during.json	CC-BY-4.0	7	
data/prover/d2/timed/repo/build/campaigns/dryrun-resumetest-20261005T141557Z-tampered/environment/quiet/S20261005T143431Z/c0007-pre-a.json	CC-BY-4.0	7	
data/prover/d2/timed/repo/build/campaigns/dryrun-resumetest-20261005T141557Z-tampered/environment/quiet/S20261005T143431Z/c0007-pre-b.json	CC-BY-4.0	7	
data/prover/d2/timed/repo/build/campaigns/dryrun-resumetest-20261005T141557Z-tampered/environment/quiet/S20261005T143431Z/c0007-pre.json	CC-BY-4.0	7	
data/prover/d2/timed/repo/build/campaigns/dryrun-resumetest-20261005T141557Z-tampered/environment/quiet/S20261005T143431Z/c0007-run-a.json	CC-BY-4.0	7	
data/prover/d2/timed/repo/build/campaigns/dryrun-resumetest-20261005T141557Z-tampered/environment/quiet/S20261005T143431Z/c0007-run-b.json	CC-BY-4.0	7	
data/prover/d2/timed/repo/build/campaigns/dryrun-resumetest-20261005T141557Z-tampered/environment/quiet/S20261005T143431Z/c0008-during.json	CC-BY-4.0	7	
data/prover/d2/timed/repo/build/campaigns/dryrun-resumetest-20261005T141557Z-tampered/environment/quiet/S20261005T143431Z/c0008-pre-a.json	CC-BY-4.0	7	
data/prover/d2/timed/repo/build/campaigns/dryrun-resumetest-20261005T141557Z-tampered/environment/quiet/S20261005T143431Z/c0008-pre-b.json	CC-BY-4.0	7	
data/prover/d2/timed/repo/build/campaigns/dryrun-resumetest-20261005T141557Z-tampered/environment/quiet/S20261005T143431Z/c0008-pre.json	CC-BY-4.0	7	
data/prover/d2/timed/repo/build/campaigns/dryrun-resumetest-20261005T141557Z-tampered/environment/quiet/S20261005T143431Z/c0008-run-a.json	CC-BY-4.0	7	
data/prover/d2/timed/repo/build/campaigns/dryrun-resumetest-20261005T141557Z-tampered/environment/quiet/S20261005T143431Z/c0008-run-b.json	CC-BY-4.0	7	
data/prover/d2/timed/repo/build/campaigns/dryrun-resumetest-20261005T141557Z-tampered/environment/quiet/S20261005T143431Z/c0009-during.json	CC-BY-4.0	7	
data/prover/d2/timed/repo/build/campaigns/dryrun-resumetest-20261005T141557Z-tampered/environment/quiet/S20261005T143431Z/c0009-pre-a.json	CC-BY-4.0	7	
data/prover/d2/timed/repo/build/campaigns/dryrun-resumetest-20261005T141557Z-tampered/environment/quiet/S20261005T143431Z/c0009-pre-b.json	CC-BY-4.0	7	
data/prover/d2/timed/repo/build/campaigns/dryrun-resumetest-20261005T141557Z-tampered/environment/quiet/S20261005T143431Z/c0009-pre.json	CC-BY-4.0	7	
data/prover/d2/timed/repo/build/campaigns/dryrun-resumetest-20261005T141557Z-tampered/environment/quiet/S20261005T143431Z/c0009-run-a.json	CC-BY-4.0	7	
data/prover/d2/timed/repo/build/campaigns/dryrun-resumetest-20261005T141557Z-tampered/environment/quiet/S20261005T143431Z/c0009-run-b.json	CC-BY-4.0	7	
data/prover/d2/timed/repo/build/campaigns/dryrun-resumetest-20261005T141557Z-tampered/environment/quiet/S20261005T143431Z/session-a.json	CC-BY-4.0	7	
data/prover/d2/timed/repo/build/campaigns/dryrun-resumetest-20261005T141557Z-tampered/environment/quiet/S20261005T143431Z/session-b.json	CC-BY-4.0	7	
data/prover/d2/timed/repo/build/campaigns/dryrun-resumetest-20261005T141557Z-tampered/environment/quiet/S20261005T143431Z/session-check.json	CC-BY-4.0	7	
data/prover/d2/timed/repo/build/campaigns/dryrun-resumetest-20261005T141557Z-tampered/environment/quiet/S20261005T145037Z/session-a.json	CC-BY-4.0	7	
data/prover/d2/timed/repo/build/campaigns/dryrun-resumetest-20261005T141557Z-tampered/environment/quiet/S20261005T145037Z/session-b.json	CC-BY-4.0	7	
data/prover/d2/timed/repo/build/campaigns/dryrun-resumetest-20261005T141557Z-tampered/environment/quiet/S20261005T145037Z/session-check.json	CC-BY-4.0	7	
data/prover/d2/timed/repo/build/campaigns/dryrun-resumetest-20261005T141557Z-tampered/environment/resume-test/harness-refusal.err	CC-BY-4.0	7	
data/prover/d2/timed/repo/build/campaigns/dryrun-resumetest-20261005T141557Z-tampered/environment/resume-test/refusal.txt	CC-BY-4.0	7	
data/prover/d2/timed/repo/build/campaigns/dryrun-resumetest-20261005T141557Z-tampered/environment/run-campaign.log	CC-BY-4.0	7	
data/prover/d2/timed/repo/build/campaigns/dryrun-resumetest-20261005T141557Z-tampered/environment/sessions.csv	CC-BY-4.0	7	
data/prover/d2/timed/repo/build/campaigns/dryrun-resumetest-20261005T141557Z-tampered/provenance/p7.json	CC-BY-4.0	7	
data/prover/d2/timed/repo/build/campaigns/dryrun-resumetest-20261005T141557Z-tampered/prover/cpu2/diag.csv	CC-BY-4.0	7	
data/prover/d2/timed/repo/build/campaigns/dryrun-resumetest-20261005T141557Z-tampered/prover/cpu2/rounds.csv	CC-BY-4.0	7	
data/prover/d2/timed/repo/build/campaigns/dryrun-resumetest-20261005T141557Z-tampered/prover/cpu2/runs.csv	CC-BY-4.0	7	
data/prover/d2/timed/repo/build/campaigns/dryrun-resumetest-20261005T141557Z-tampered/prover/cpu4/diag.csv	CC-BY-4.0	7	
data/prover/d2/timed/repo/build/campaigns/dryrun-resumetest-20261005T141557Z-tampered/prover/cpu4/rounds.csv	CC-BY-4.0	7	
data/prover/d2/timed/repo/build/campaigns/dryrun-resumetest-20261005T141557Z-tampered/prover/cpu4/runs.csv	CC-BY-4.0	7	
data/prover/d2/timed/repo/build/campaigns/dryrun-resumetest-20261005T141557Z-tampered/prover/cpu8/diag.csv	CC-BY-4.0	7	
data/prover/d2/timed/repo/build/campaigns/dryrun-resumetest-20261005T141557Z-tampered/prover/cpu8/rounds.csv	CC-BY-4.0	7	
data/prover/d2/timed/repo/build/campaigns/dryrun-resumetest-20261005T141557Z-tampered/prover/cpu8/runs.csv	CC-BY-4.0	7	
data/prover/d2/timed/repo/build/campaigns/dryrun-resumetest-20261005T141557Z-tampered/prover/execution_plan.csv	CC-BY-4.0	7	
data/prover/d2/timed/repo/build/campaigns/dryrun-resumetest-20261005T141557Z-tampered/prover/host_samples.csv	CC-BY-4.0	7	
data/prover/d2/timed/repo/build/campaigns/dryrun-resumetest-20261005T141557Z-tampered/prover/round_ledger.csv	CC-BY-4.0	7	
data/prover/d2/timed/repo/build/campaigns/dryrun-resumetest-20261005T141557Z-tampered/prover/schedule.csv	CC-BY-4.0	7	
data/prover/d2/timed/repo/build/campaigns/dryrun-resumetest-20261005T141557Z-tampered/prover/sessions/S20261005T141557Z/units.csv	CC-BY-4.0	7	
data/prover/d2/timed/repo/build/campaigns/dryrun-resumetest-20261005T141557Z-tampered/prover/sessions/S20261005T142620Z/units.csv	CC-BY-4.0	7	
data/prover/d2/timed/repo/build/campaigns/dryrun-resumetest-20261005T141557Z-tampered/prover/sessions/S20261005T143431Z/units.csv	CC-BY-4.0	7	
data/prover/d2/timed/repo/build/campaigns/dryrun-resumetest-20261005T141557Z/CAMPAIGN.json	CC-BY-4.0	7	
data/prover/d2/timed/repo/build/campaigns/dryrun-resumetest-20261005T141557Z/derived/prover_diag.csv	CC-BY-4.0	7	
data/prover/d2/timed/repo/build/campaigns/dryrun-resumetest-20261005T141557Z/derived/prover_summary.csv	CC-BY-4.0	7	
data/prover/d2/timed/repo/build/campaigns/dryrun-resumetest-20261005T141557Z/derived/validation.json	CC-BY-4.0	7	
data/prover/d2/timed/repo/build/campaigns/dryrun-resumetest-20261005T141557Z/environment/RESULT-S20261005T141557Z.txt	CC-BY-4.0	7	
data/prover/d2/timed/repo/build/campaigns/dryrun-resumetest-20261005T141557Z/environment/RESULT-S20261005T142620Z.txt	CC-BY-4.0	7	
data/prover/d2/timed/repo/build/campaigns/dryrun-resumetest-20261005T141557Z/environment/RESULT-S20261005T143431Z.txt	CC-BY-4.0	7	
data/prover/d2/timed/repo/build/campaigns/dryrun-resumetest-20261005T141557Z/environment/RESULT.txt	CC-BY-4.0	7	
data/prover/d2/timed/repo/build/campaigns/dryrun-resumetest-20261005T141557Z/environment/base-image-index.json	CC-BY-4.0	7	
data/prover/d2/timed/repo/build/campaigns/dryrun-resumetest-20261005T141557Z/environment/corpus-after-S20261005T141557Z.txt	CC-BY-4.0	7	
data/prover/d2/timed/repo/build/campaigns/dryrun-resumetest-20261005T141557Z/environment/corpus-after-S20261005T143431Z.txt	CC-BY-4.0	7	
data/prover/d2/timed/repo/build/campaigns/dryrun-resumetest-20261005T141557Z/environment/corpus-before-S20261005T141557Z.txt	CC-BY-4.0	7	
data/prover/d2/timed/repo/build/campaigns/dryrun-resumetest-20261005T141557Z/environment/corpus-before-S20261005T142620Z.txt	CC-BY-4.0	7	
data/prover/d2/timed/repo/build/campaigns/dryrun-resumetest-20261005T141557Z/environment/corpus-before-S20261005T143431Z.txt	CC-BY-4.0	7	
data/prover/d2/timed/repo/build/campaigns/dryrun-resumetest-20261005T141557Z/environment/docker-build-S20261005T141557Z.log	CC-BY-4.0	7	
data/prover/d2/timed/repo/build/campaigns/dryrun-resumetest-20261005T141557Z/environment/docker-info-S20261005T141557Z.json	CC-BY-4.0	7	
data/prover/d2/timed/repo/build/campaigns/dryrun-resumetest-20261005T141557Z/environment/docker-info-S20261005T142620Z.json	CC-BY-4.0	7	
data/prover/d2/timed/repo/build/campaigns/dryrun-resumetest-20261005T141557Z/environment/docker-info-S20261005T143431Z.json	CC-BY-4.0	7	
data/prover/d2/timed/repo/build/campaigns/dryrun-resumetest-20261005T141557Z/environment/docker-version-S20261005T141557Z.json	CC-BY-4.0	7	
data/prover/d2/timed/repo/build/campaigns/dryrun-resumetest-20261005T141557Z/environment/docker-version-S20261005T142620Z.json	CC-BY-4.0	7	
data/prover/d2/timed/repo/build/campaigns/dryrun-resumetest-20261005T141557Z/environment/docker-version-S20261005T143431Z.json	CC-BY-4.0	7	
data/prover/d2/timed/repo/build/campaigns/dryrun-resumetest-20261005T141557Z/environment/host-S20261005T141557Z.txt	CC-BY-4.0	7	
data/prover/d2/timed/repo/build/campaigns/dryrun-resumetest-20261005T141557Z/environment/host-S20261005T142620Z.txt	CC-BY-4.0	7	
data/prover/d2/timed/repo/build/campaigns/dryrun-resumetest-20261005T141557Z/environment/host-S20261005T143431Z.txt	CC-BY-4.0	7	
data/prover/d2/timed/repo/build/campaigns/dryrun-resumetest-20261005T141557Z/environment/host-detail-S20261005T141557Z.txt	CC-BY-4.0	7	
data/prover/d2/timed/repo/build/campaigns/dryrun-resumetest-20261005T141557Z/environment/host-detail-S20261005T142620Z.txt	CC-BY-4.0	7	
data/prover/d2/timed/repo/build/campaigns/dryrun-resumetest-20261005T141557Z/environment/host-detail-S20261005T143431Z.txt	CC-BY-4.0	7	
data/prover/d2/timed/repo/build/campaigns/dryrun-resumetest-20261005T141557Z/environment/host.txt	CC-BY-4.0	7	
data/prover/d2/timed/repo/build/campaigns/dryrun-resumetest-20261005T141557Z/environment/integrity-S20261005T141557Z.json	CC-BY-4.0	7	
data/prover/d2/timed/repo/build/campaigns/dryrun-resumetest-20261005T141557Z/environment/integrity-S20261005T143431Z.json	CC-BY-4.0	7	
data/prover/d2/timed/repo/build/campaigns/dryrun-resumetest-20261005T141557Z/environment/integrity.json	CC-BY-4.0	7	
data/prover/d2/timed/repo/build/campaigns/dryrun-resumetest-20261005T141557Z/environment/manifest-after-S20261005T141557Z.txt	CC-BY-4.0	7	
data/prover/d2/timed/repo/build/campaigns/dryrun-resumetest-20261005T141557Z/environment/manifest-after-S20261005T143431Z.txt	CC-BY-4.0	7	
data/prover/d2/timed/repo/build/campaigns/dryrun-resumetest-20261005T141557Z/environment/manifest-before-S20261005T141557Z.txt	CC-BY-4.0	7	
data/prover/d2/timed/repo/build/campaigns/dryrun-resumetest-20261005T141557Z/environment/manifest-before-S20261005T142620Z.txt	CC-BY-4.0	7	
data/prover/d2/timed/repo/build/campaigns/dryrun-resumetest-20261005T141557Z/environment/manifest-before-S20261005T143431Z.txt	CC-BY-4.0	7	
data/prover/d2/timed/repo/build/campaigns/dryrun-resumetest-20261005T141557Z/environment/preflight/S20261005T141557Z/control-mismatch.err	CC-BY-4.0	7	
data/prover/d2/timed/repo/build/campaigns/dryrun-resumetest-20261005T141557Z/environment/preflight/S20261005T141557Z/control-mismatch.out	CC-BY-4.0	7	
data/prover/d2/timed/repo/build/campaigns/dryrun-resumetest-20261005T141557Z/environment/preflight/S20261005T141557Z/control-no-adapter.err	CC-BY-4.0	7	
data/prover/d2/timed/repo/build/campaigns/dryrun-resumetest-20261005T141557Z/environment/preflight/S20261005T141557Z/control-no-adapter.out	CC-BY-4.0	7	
data/prover/d2/timed/repo/build/campaigns/dryrun-resumetest-20261005T141557Z/environment/preflight/S20261005T141557Z/control-quota-only.err	CC-BY-4.0	7	
data/prover/d2/timed/repo/build/campaigns/dryrun-resumetest-20261005T141557Z/environment/preflight/S20261005T141557Z/control-quota-only.out	CC-BY-4.0	7	
data/prover/d2/timed/repo/build/campaigns/dryrun-resumetest-20261005T141557Z/environment/preflight/S20261005T141557Z/controls-exit.txt	CC-BY-4.0	7	
data/prover/d2/timed/repo/build/campaigns/dryrun-resumetest-20261005T141557Z/environment/preflight/S20261005T141557Z/controls.json	CC-BY-4.0	7	
data/prover/d2/timed/repo/build/campaigns/dryrun-resumetest-20261005T141557Z/environment/preflight/S20261005T141557Z/profile-cpu2.json	CC-BY-4.0	7	
data/prover/d2/timed/repo/build/campaigns/dryrun-resumetest-20261005T141557Z/environment/preflight/S20261005T141557Z/profile-cpu4.json	CC-BY-4.0	7	
data/prover/d2/timed/repo/build/campaigns/dryrun-resumetest-20261005T141557Z/environment/preflight/S20261005T141557Z/profile-cpu8.json	CC-BY-4.0	7	
data/prover/d2/timed/repo/build/campaigns/dryrun-resumetest-20261005T141557Z/environment/preflight/S20261005T142620Z/control-mismatch.err	CC-BY-4.0	7	
data/prover/d2/timed/repo/build/campaigns/dryrun-resumetest-20261005T141557Z/environment/preflight/S20261005T142620Z/control-mismatch.out	CC-BY-4.0	7	
data/prover/d2/timed/repo/build/campaigns/dryrun-resumetest-20261005T141557Z/environment/preflight/S20261005T142620Z/control-no-adapter.err	CC-BY-4.0	7	
data/prover/d2/timed/repo/build/campaigns/dryrun-resumetest-20261005T141557Z/environment/preflight/S20261005T142620Z/control-no-adapter.out	CC-BY-4.0	7	
data/prover/d2/timed/repo/build/campaigns/dryrun-resumetest-20261005T141557Z/environment/preflight/S20261005T142620Z/control-quota-only.err	CC-BY-4.0	7	
data/prover/d2/timed/repo/build/campaigns/dryrun-resumetest-20261005T141557Z/environment/preflight/S20261005T142620Z/control-quota-only.out	CC-BY-4.0	7	
data/prover/d2/timed/repo/build/campaigns/dryrun-resumetest-20261005T141557Z/environment/preflight/S20261005T142620Z/controls-exit.txt	CC-BY-4.0	7	
data/prover/d2/timed/repo/build/campaigns/dryrun-resumetest-20261005T141557Z/environment/preflight/S20261005T142620Z/controls.json	CC-BY-4.0	7	
data/prover/d2/timed/repo/build/campaigns/dryrun-resumetest-20261005T141557Z/environment/preflight/S20261005T142620Z/profile-cpu2.json	CC-BY-4.0	7	
data/prover/d2/timed/repo/build/campaigns/dryrun-resumetest-20261005T141557Z/environment/preflight/S20261005T142620Z/profile-cpu4.json	CC-BY-4.0	7	
data/prover/d2/timed/repo/build/campaigns/dryrun-resumetest-20261005T141557Z/environment/preflight/S20261005T142620Z/profile-cpu8.json	CC-BY-4.0	7	
data/prover/d2/timed/repo/build/campaigns/dryrun-resumetest-20261005T141557Z/environment/preflight/S20261005T143431Z/control-mismatch.err	CC-BY-4.0	7	
data/prover/d2/timed/repo/build/campaigns/dryrun-resumetest-20261005T141557Z/environment/preflight/S20261005T143431Z/control-mismatch.out	CC-BY-4.0	7	
data/prover/d2/timed/repo/build/campaigns/dryrun-resumetest-20261005T141557Z/environment/preflight/S20261005T143431Z/control-no-adapter.err	CC-BY-4.0	7	
data/prover/d2/timed/repo/build/campaigns/dryrun-resumetest-20261005T141557Z/environment/preflight/S20261005T143431Z/control-no-adapter.out	CC-BY-4.0	7	
data/prover/d2/timed/repo/build/campaigns/dryrun-resumetest-20261005T141557Z/environment/preflight/S20261005T143431Z/control-quota-only.err	CC-BY-4.0	7	
data/prover/d2/timed/repo/build/campaigns/dryrun-resumetest-20261005T141557Z/environment/preflight/S20261005T143431Z/control-quota-only.out	CC-BY-4.0	7	
data/prover/d2/timed/repo/build/campaigns/dryrun-resumetest-20261005T141557Z/environment/preflight/S20261005T143431Z/controls-exit.txt	CC-BY-4.0	7	
data/prover/d2/timed/repo/build/campaigns/dryrun-resumetest-20261005T141557Z/environment/preflight/S20261005T143431Z/controls.json	CC-BY-4.0	7	
data/prover/d2/timed/repo/build/campaigns/dryrun-resumetest-20261005T141557Z/environment/preflight/S20261005T143431Z/profile-cpu2.json	CC-BY-4.0	7	
data/prover/d2/timed/repo/build/campaigns/dryrun-resumetest-20261005T141557Z/environment/preflight/S20261005T143431Z/profile-cpu4.json	CC-BY-4.0	7	
data/prover/d2/timed/repo/build/campaigns/dryrun-resumetest-20261005T141557Z/environment/preflight/S20261005T143431Z/profile-cpu8.json	CC-BY-4.0	7	
data/prover/d2/timed/repo/build/campaigns/dryrun-resumetest-20261005T141557Z/environment/quiet-selftest-S20261005T141557Z.txt	CC-BY-4.0	7	
data/prover/d2/timed/repo/build/campaigns/dryrun-resumetest-20261005T141557Z/environment/quiet-selftest-S20261005T142620Z.txt	CC-BY-4.0	7	
data/prover/d2/timed/repo/build/campaigns/dryrun-resumetest-20261005T141557Z/environment/quiet-selftest-S20261005T143431Z.txt	CC-BY-4.0	7	
data/prover/d2/timed/repo/build/campaigns/dryrun-resumetest-20261005T141557Z/environment/quiet/S20261005T141557Z/c0001-during.json	CC-BY-4.0	7	
data/prover/d2/timed/repo/build/campaigns/dryrun-resumetest-20261005T141557Z/environment/quiet/S20261005T141557Z/c0001-pre-a.json	CC-BY-4.0	7	
data/prover/d2/timed/repo/build/campaigns/dryrun-resumetest-20261005T141557Z/environment/quiet/S20261005T141557Z/c0001-pre-b.json	CC-BY-4.0	7	
data/prover/d2/timed/repo/build/campaigns/dryrun-resumetest-20261005T141557Z/environment/quiet/S20261005T141557Z/c0001-pre.json	CC-BY-4.0	7	
data/prover/d2/timed/repo/build/campaigns/dryrun-resumetest-20261005T141557Z/environment/quiet/S20261005T141557Z/c0001-run-a.json	CC-BY-4.0	7	
data/prover/d2/timed/repo/build/campaigns/dryrun-resumetest-20261005T141557Z/environment/quiet/S20261005T141557Z/c0001-run-b.json	CC-BY-4.0	7	
data/prover/d2/timed/repo/build/campaigns/dryrun-resumetest-20261005T141557Z/environment/quiet/S20261005T141557Z/c0002-during.json	CC-BY-4.0	7	
data/prover/d2/timed/repo/build/campaigns/dryrun-resumetest-20261005T141557Z/environment/quiet/S20261005T141557Z/c0002-pre-a.json	CC-BY-4.0	7	
data/prover/d2/timed/repo/build/campaigns/dryrun-resumetest-20261005T141557Z/environment/quiet/S20261005T141557Z/c0002-pre-b.json	CC-BY-4.0	7	
data/prover/d2/timed/repo/build/campaigns/dryrun-resumetest-20261005T141557Z/environment/quiet/S20261005T141557Z/c0002-pre.json	CC-BY-4.0	7	
data/prover/d2/timed/repo/build/campaigns/dryrun-resumetest-20261005T141557Z/environment/quiet/S20261005T141557Z/c0002-run-a.json	CC-BY-4.0	7	
data/prover/d2/timed/repo/build/campaigns/dryrun-resumetest-20261005T141557Z/environment/quiet/S20261005T141557Z/c0002-run-b.json	CC-BY-4.0	7	
data/prover/d2/timed/repo/build/campaigns/dryrun-resumetest-20261005T141557Z/environment/quiet/S20261005T141557Z/c0003-during.json	CC-BY-4.0	7	
data/prover/d2/timed/repo/build/campaigns/dryrun-resumetest-20261005T141557Z/environment/quiet/S20261005T141557Z/c0003-pre-a.json	CC-BY-4.0	7	
data/prover/d2/timed/repo/build/campaigns/dryrun-resumetest-20261005T141557Z/environment/quiet/S20261005T141557Z/c0003-pre-b.json	CC-BY-4.0	7	
data/prover/d2/timed/repo/build/campaigns/dryrun-resumetest-20261005T141557Z/environment/quiet/S20261005T141557Z/c0003-pre.json	CC-BY-4.0	7	
data/prover/d2/timed/repo/build/campaigns/dryrun-resumetest-20261005T141557Z/environment/quiet/S20261005T141557Z/c0003-run-a.json	CC-BY-4.0	7	
data/prover/d2/timed/repo/build/campaigns/dryrun-resumetest-20261005T141557Z/environment/quiet/S20261005T141557Z/c0003-run-b.json	CC-BY-4.0	7	
data/prover/d2/timed/repo/build/campaigns/dryrun-resumetest-20261005T141557Z/environment/quiet/S20261005T141557Z/session-a.json	CC-BY-4.0	7	
data/prover/d2/timed/repo/build/campaigns/dryrun-resumetest-20261005T141557Z/environment/quiet/S20261005T141557Z/session-b.json	CC-BY-4.0	7	
data/prover/d2/timed/repo/build/campaigns/dryrun-resumetest-20261005T141557Z/environment/quiet/S20261005T141557Z/session-check.json	CC-BY-4.0	7	
data/prover/d2/timed/repo/build/campaigns/dryrun-resumetest-20261005T141557Z/environment/quiet/S20261005T142620Z/c0001-during.json	CC-BY-4.0	7	
data/prover/d2/timed/repo/build/campaigns/dryrun-resumetest-20261005T141557Z/environment/quiet/S20261005T142620Z/c0001-pre-a.json	CC-BY-4.0	7	
data/prover/d2/timed/repo/build/campaigns/dryrun-resumetest-20261005T141557Z/environment/quiet/S20261005T142620Z/c0001-pre-b.json	CC-BY-4.0	7	
data/prover/d2/timed/repo/build/campaigns/dryrun-resumetest-20261005T141557Z/environment/quiet/S20261005T142620Z/c0001-pre.json	CC-BY-4.0	7	
data/prover/d2/timed/repo/build/campaigns/dryrun-resumetest-20261005T141557Z/environment/quiet/S20261005T142620Z/c0001-run-a.json	CC-BY-4.0	7	
data/prover/d2/timed/repo/build/campaigns/dryrun-resumetest-20261005T141557Z/environment/quiet/S20261005T142620Z/c0001-run-b.json	CC-BY-4.0	7	
data/prover/d2/timed/repo/build/campaigns/dryrun-resumetest-20261005T141557Z/environment/quiet/S20261005T142620Z/session-a.json	CC-BY-4.0	7	
data/prover/d2/timed/repo/build/campaigns/dryrun-resumetest-20261005T141557Z/environment/quiet/S20261005T142620Z/session-b.json	CC-BY-4.0	7	
data/prover/d2/timed/repo/build/campaigns/dryrun-resumetest-20261005T141557Z/environment/quiet/S20261005T142620Z/session-check.json	CC-BY-4.0	7	
data/prover/d2/timed/repo/build/campaigns/dryrun-resumetest-20261005T141557Z/environment/quiet/S20261005T143431Z/c0001-during.json	CC-BY-4.0	7	
data/prover/d2/timed/repo/build/campaigns/dryrun-resumetest-20261005T141557Z/environment/quiet/S20261005T143431Z/c0001-pre-a.json	CC-BY-4.0	7	
data/prover/d2/timed/repo/build/campaigns/dryrun-resumetest-20261005T141557Z/environment/quiet/S20261005T143431Z/c0001-pre-b.json	CC-BY-4.0	7	
data/prover/d2/timed/repo/build/campaigns/dryrun-resumetest-20261005T141557Z/environment/quiet/S20261005T143431Z/c0001-pre.json	CC-BY-4.0	7	
data/prover/d2/timed/repo/build/campaigns/dryrun-resumetest-20261005T141557Z/environment/quiet/S20261005T143431Z/c0001-run-a.json	CC-BY-4.0	7	
data/prover/d2/timed/repo/build/campaigns/dryrun-resumetest-20261005T141557Z/environment/quiet/S20261005T143431Z/c0001-run-b.json	CC-BY-4.0	7	
data/prover/d2/timed/repo/build/campaigns/dryrun-resumetest-20261005T141557Z/environment/quiet/S20261005T143431Z/c0002-during.json	CC-BY-4.0	7	
data/prover/d2/timed/repo/build/campaigns/dryrun-resumetest-20261005T141557Z/environment/quiet/S20261005T143431Z/c0002-pre-a.json	CC-BY-4.0	7	
data/prover/d2/timed/repo/build/campaigns/dryrun-resumetest-20261005T141557Z/environment/quiet/S20261005T143431Z/c0002-pre-b.json	CC-BY-4.0	7	
data/prover/d2/timed/repo/build/campaigns/dryrun-resumetest-20261005T141557Z/environment/quiet/S20261005T143431Z/c0002-pre.json	CC-BY-4.0	7	
data/prover/d2/timed/repo/build/campaigns/dryrun-resumetest-20261005T141557Z/environment/quiet/S20261005T143431Z/c0002-run-a.json	CC-BY-4.0	7	
data/prover/d2/timed/repo/build/campaigns/dryrun-resumetest-20261005T141557Z/environment/quiet/S20261005T143431Z/c0002-run-b.json	CC-BY-4.0	7	
data/prover/d2/timed/repo/build/campaigns/dryrun-resumetest-20261005T141557Z/environment/quiet/S20261005T143431Z/c0003-during.json	CC-BY-4.0	7	
data/prover/d2/timed/repo/build/campaigns/dryrun-resumetest-20261005T141557Z/environment/quiet/S20261005T143431Z/c0003-pre-a.json	CC-BY-4.0	7	
data/prover/d2/timed/repo/build/campaigns/dryrun-resumetest-20261005T141557Z/environment/quiet/S20261005T143431Z/c0003-pre-b.json	CC-BY-4.0	7	
data/prover/d2/timed/repo/build/campaigns/dryrun-resumetest-20261005T141557Z/environment/quiet/S20261005T143431Z/c0003-pre.json	CC-BY-4.0	7	
data/prover/d2/timed/repo/build/campaigns/dryrun-resumetest-20261005T141557Z/environment/quiet/S20261005T143431Z/c0003-run-a.json	CC-BY-4.0	7	
data/prover/d2/timed/repo/build/campaigns/dryrun-resumetest-20261005T141557Z/environment/quiet/S20261005T143431Z/c0003-run-b.json	CC-BY-4.0	7	
data/prover/d2/timed/repo/build/campaigns/dryrun-resumetest-20261005T141557Z/environment/quiet/S20261005T143431Z/c0004-during.json	CC-BY-4.0	7	
data/prover/d2/timed/repo/build/campaigns/dryrun-resumetest-20261005T141557Z/environment/quiet/S20261005T143431Z/c0004-pre-a.json	CC-BY-4.0	7	
data/prover/d2/timed/repo/build/campaigns/dryrun-resumetest-20261005T141557Z/environment/quiet/S20261005T143431Z/c0004-pre-b.json	CC-BY-4.0	7	
data/prover/d2/timed/repo/build/campaigns/dryrun-resumetest-20261005T141557Z/environment/quiet/S20261005T143431Z/c0004-pre.json	CC-BY-4.0	7	
data/prover/d2/timed/repo/build/campaigns/dryrun-resumetest-20261005T141557Z/environment/quiet/S20261005T143431Z/c0004-run-a.json	CC-BY-4.0	7	
data/prover/d2/timed/repo/build/campaigns/dryrun-resumetest-20261005T141557Z/environment/quiet/S20261005T143431Z/c0004-run-b.json	CC-BY-4.0	7	
data/prover/d2/timed/repo/build/campaigns/dryrun-resumetest-20261005T141557Z/environment/quiet/S20261005T143431Z/c0005-during.json	CC-BY-4.0	7	
data/prover/d2/timed/repo/build/campaigns/dryrun-resumetest-20261005T141557Z/environment/quiet/S20261005T143431Z/c0005-pre-a.json	CC-BY-4.0	7	
data/prover/d2/timed/repo/build/campaigns/dryrun-resumetest-20261005T141557Z/environment/quiet/S20261005T143431Z/c0005-pre-b.json	CC-BY-4.0	7	
data/prover/d2/timed/repo/build/campaigns/dryrun-resumetest-20261005T141557Z/environment/quiet/S20261005T143431Z/c0005-pre.json	CC-BY-4.0	7	
data/prover/d2/timed/repo/build/campaigns/dryrun-resumetest-20261005T141557Z/environment/quiet/S20261005T143431Z/c0005-run-a.json	CC-BY-4.0	7	
data/prover/d2/timed/repo/build/campaigns/dryrun-resumetest-20261005T141557Z/environment/quiet/S20261005T143431Z/c0005-run-b.json	CC-BY-4.0	7	
data/prover/d2/timed/repo/build/campaigns/dryrun-resumetest-20261005T141557Z/environment/quiet/S20261005T143431Z/c0006-during.json	CC-BY-4.0	7	
data/prover/d2/timed/repo/build/campaigns/dryrun-resumetest-20261005T141557Z/environment/quiet/S20261005T143431Z/c0006-pre-a.json	CC-BY-4.0	7	
data/prover/d2/timed/repo/build/campaigns/dryrun-resumetest-20261005T141557Z/environment/quiet/S20261005T143431Z/c0006-pre-b.json	CC-BY-4.0	7	
data/prover/d2/timed/repo/build/campaigns/dryrun-resumetest-20261005T141557Z/environment/quiet/S20261005T143431Z/c0006-pre.json	CC-BY-4.0	7	
data/prover/d2/timed/repo/build/campaigns/dryrun-resumetest-20261005T141557Z/environment/quiet/S20261005T143431Z/c0006-run-a.json	CC-BY-4.0	7	
data/prover/d2/timed/repo/build/campaigns/dryrun-resumetest-20261005T141557Z/environment/quiet/S20261005T143431Z/c0006-run-b.json	CC-BY-4.0	7	
data/prover/d2/timed/repo/build/campaigns/dryrun-resumetest-20261005T141557Z/environment/quiet/S20261005T143431Z/c0007-during.json	CC-BY-4.0	7	
data/prover/d2/timed/repo/build/campaigns/dryrun-resumetest-20261005T141557Z/environment/quiet/S20261005T143431Z/c0007-pre-a.json	CC-BY-4.0	7	
data/prover/d2/timed/repo/build/campaigns/dryrun-resumetest-20261005T141557Z/environment/quiet/S20261005T143431Z/c0007-pre-b.json	CC-BY-4.0	7	
data/prover/d2/timed/repo/build/campaigns/dryrun-resumetest-20261005T141557Z/environment/quiet/S20261005T143431Z/c0007-pre.json	CC-BY-4.0	7	
data/prover/d2/timed/repo/build/campaigns/dryrun-resumetest-20261005T141557Z/environment/quiet/S20261005T143431Z/c0007-run-a.json	CC-BY-4.0	7	
data/prover/d2/timed/repo/build/campaigns/dryrun-resumetest-20261005T141557Z/environment/quiet/S20261005T143431Z/c0007-run-b.json	CC-BY-4.0	7	
data/prover/d2/timed/repo/build/campaigns/dryrun-resumetest-20261005T141557Z/environment/quiet/S20261005T143431Z/c0008-during.json	CC-BY-4.0	7	
data/prover/d2/timed/repo/build/campaigns/dryrun-resumetest-20261005T141557Z/environment/quiet/S20261005T143431Z/c0008-pre-a.json	CC-BY-4.0	7	
data/prover/d2/timed/repo/build/campaigns/dryrun-resumetest-20261005T141557Z/environment/quiet/S20261005T143431Z/c0008-pre-b.json	CC-BY-4.0	7	
data/prover/d2/timed/repo/build/campaigns/dryrun-resumetest-20261005T141557Z/environment/quiet/S20261005T143431Z/c0008-pre.json	CC-BY-4.0	7	
data/prover/d2/timed/repo/build/campaigns/dryrun-resumetest-20261005T141557Z/environment/quiet/S20261005T143431Z/c0008-run-a.json	CC-BY-4.0	7	
data/prover/d2/timed/repo/build/campaigns/dryrun-resumetest-20261005T141557Z/environment/quiet/S20261005T143431Z/c0008-run-b.json	CC-BY-4.0	7	
data/prover/d2/timed/repo/build/campaigns/dryrun-resumetest-20261005T141557Z/environment/quiet/S20261005T143431Z/c0009-during.json	CC-BY-4.0	7	
data/prover/d2/timed/repo/build/campaigns/dryrun-resumetest-20261005T141557Z/environment/quiet/S20261005T143431Z/c0009-pre-a.json	CC-BY-4.0	7	
data/prover/d2/timed/repo/build/campaigns/dryrun-resumetest-20261005T141557Z/environment/quiet/S20261005T143431Z/c0009-pre-b.json	CC-BY-4.0	7	
data/prover/d2/timed/repo/build/campaigns/dryrun-resumetest-20261005T141557Z/environment/quiet/S20261005T143431Z/c0009-pre.json	CC-BY-4.0	7	
data/prover/d2/timed/repo/build/campaigns/dryrun-resumetest-20261005T141557Z/environment/quiet/S20261005T143431Z/c0009-run-a.json	CC-BY-4.0	7	
data/prover/d2/timed/repo/build/campaigns/dryrun-resumetest-20261005T141557Z/environment/quiet/S20261005T143431Z/c0009-run-b.json	CC-BY-4.0	7	
data/prover/d2/timed/repo/build/campaigns/dryrun-resumetest-20261005T141557Z/environment/quiet/S20261005T143431Z/session-a.json	CC-BY-4.0	7	
data/prover/d2/timed/repo/build/campaigns/dryrun-resumetest-20261005T141557Z/environment/quiet/S20261005T143431Z/session-b.json	CC-BY-4.0	7	
data/prover/d2/timed/repo/build/campaigns/dryrun-resumetest-20261005T141557Z/environment/quiet/S20261005T143431Z/session-check.json	CC-BY-4.0	7	
data/prover/d2/timed/repo/build/campaigns/dryrun-resumetest-20261005T141557Z/environment/resume-test/harness-refusal.err	CC-BY-4.0	7	
data/prover/d2/timed/repo/build/campaigns/dryrun-resumetest-20261005T141557Z/environment/resume-test/othercommit.log	CC-BY-4.0	7	
data/prover/d2/timed/repo/build/campaigns/dryrun-resumetest-20261005T141557Z/environment/resume-test/refusal.txt	CC-BY-4.0	7	
data/prover/d2/timed/repo/build/campaigns/dryrun-resumetest-20261005T141557Z/environment/resume-test/resume-test.json	CC-BY-4.0	7	
data/prover/d2/timed/repo/build/campaigns/dryrun-resumetest-20261005T141557Z/environment/resume-test/tamper.log	CC-BY-4.0	7	
data/prover/d2/timed/repo/build/campaigns/dryrun-resumetest-20261005T141557Z/environment/run-campaign.log	CC-BY-4.0	7	
data/prover/d2/timed/repo/build/campaigns/dryrun-resumetest-20261005T141557Z/environment/sessions.csv	CC-BY-4.0	7	
data/prover/d2/timed/repo/build/campaigns/dryrun-resumetest-20261005T141557Z/provenance/p7.json	CC-BY-4.0	7	
data/prover/d2/timed/repo/build/campaigns/dryrun-resumetest-20261005T141557Z/prover/cpu2/diag.csv	CC-BY-4.0	7	
data/prover/d2/timed/repo/build/campaigns/dryrun-resumetest-20261005T141557Z/prover/cpu2/rounds.csv	CC-BY-4.0	7	
data/prover/d2/timed/repo/build/campaigns/dryrun-resumetest-20261005T141557Z/prover/cpu2/runs.csv	CC-BY-4.0	7	
data/prover/d2/timed/repo/build/campaigns/dryrun-resumetest-20261005T141557Z/prover/cpu4/diag.csv	CC-BY-4.0	7	
data/prover/d2/timed/repo/build/campaigns/dryrun-resumetest-20261005T141557Z/prover/cpu4/rounds.csv	CC-BY-4.0	7	
data/prover/d2/timed/repo/build/campaigns/dryrun-resumetest-20261005T141557Z/prover/cpu4/runs.csv	CC-BY-4.0	7	
data/prover/d2/timed/repo/build/campaigns/dryrun-resumetest-20261005T141557Z/prover/cpu8/diag.csv	CC-BY-4.0	7	
data/prover/d2/timed/repo/build/campaigns/dryrun-resumetest-20261005T141557Z/prover/cpu8/rounds.csv	CC-BY-4.0	7	
data/prover/d2/timed/repo/build/campaigns/dryrun-resumetest-20261005T141557Z/prover/cpu8/runs.csv	CC-BY-4.0	7	
data/prover/d2/timed/repo/build/campaigns/dryrun-resumetest-20261005T141557Z/prover/execution_plan.csv	CC-BY-4.0	7	
data/prover/d2/timed/repo/build/campaigns/dryrun-resumetest-20261005T141557Z/prover/host_samples.csv	CC-BY-4.0	7	
data/prover/d2/timed/repo/build/campaigns/dryrun-resumetest-20261005T141557Z/prover/round_ledger.csv	CC-BY-4.0	7	
data/prover/d2/timed/repo/build/campaigns/dryrun-resumetest-20261005T141557Z/prover/schedule.csv	CC-BY-4.0	7	
data/prover/d2/timed/repo/build/campaigns/dryrun-resumetest-20261005T141557Z/prover/sessions/S20261005T141557Z/units.csv	CC-BY-4.0	7	
data/prover/d2/timed/repo/build/campaigns/dryrun-resumetest-20261005T141557Z/prover/sessions/S20261005T142620Z/units.csv	CC-BY-4.0	7	
data/prover/d2/timed/repo/build/campaigns/dryrun-resumetest-20261005T141557Z/prover/sessions/S20261005T143431Z/units.csv	CC-BY-4.0	7	
data/prover/d2/timed/repo/build/campaigns/setup-20261005T140456Z/environment/RESULT-S20261005T140456Z.txt	CC-BY-4.0	7	
data/prover/d2/timed/repo/build/campaigns/setup-20261005T140456Z/environment/RESULT.txt	CC-BY-4.0	7	
data/prover/d2/timed/repo/build/campaigns/setup-20261005T140456Z/environment/base-image-index.json	CC-BY-4.0	7	
data/prover/d2/timed/repo/build/campaigns/setup-20261005T140456Z/environment/corpus-after-S20261005T140456Z.txt	CC-BY-4.0	7	
data/prover/d2/timed/repo/build/campaigns/setup-20261005T140456Z/environment/corpus-before-S20261005T140456Z.txt	CC-BY-4.0	7	
data/prover/d2/timed/repo/build/campaigns/setup-20261005T140456Z/environment/docker-build-S20261005T140456Z.log	CC-BY-4.0	7	
data/prover/d2/timed/repo/build/campaigns/setup-20261005T140456Z/environment/docker-info-S20261005T140456Z.json	CC-BY-4.0	7	
data/prover/d2/timed/repo/build/campaigns/setup-20261005T140456Z/environment/docker-version-S20261005T140456Z.json	CC-BY-4.0	7	
data/prover/d2/timed/repo/build/campaigns/setup-20261005T140456Z/environment/host-S20261005T140456Z.txt	CC-BY-4.0	7	
data/prover/d2/timed/repo/build/campaigns/setup-20261005T140456Z/environment/host-detail-S20261005T140456Z.txt	CC-BY-4.0	7	
data/prover/d2/timed/repo/build/campaigns/setup-20261005T140456Z/environment/host.txt	CC-BY-4.0	7	
data/prover/d2/timed/repo/build/campaigns/setup-20261005T140456Z/environment/integrity-S20261005T140456Z.json	CC-BY-4.0	7	
data/prover/d2/timed/repo/build/campaigns/setup-20261005T140456Z/environment/integrity.json	CC-BY-4.0	7	
data/prover/d2/timed/repo/build/campaigns/setup-20261005T140456Z/environment/manifest-after-S20261005T140456Z.txt	CC-BY-4.0	7	
data/prover/d2/timed/repo/build/campaigns/setup-20261005T140456Z/environment/manifest-before-S20261005T140456Z.txt	CC-BY-4.0	7	
data/prover/d2/timed/repo/build/campaigns/setup-20261005T140456Z/environment/manifest-setup-S20261005T140456Z.txt	CC-BY-4.0	7	
data/prover/d2/timed/repo/build/campaigns/setup-20261005T140456Z/environment/quiet-selftest-S20261005T140456Z.txt	CC-BY-4.0	7	
data/prover/d2/timed/repo/build/campaigns/setup-20261005T140456Z/environment/quiet/S20261005T140456Z/session-a.json	CC-BY-4.0	7	
data/prover/d2/timed/repo/build/campaigns/setup-20261005T140456Z/environment/quiet/S20261005T140456Z/session-b.json	CC-BY-4.0	7	
data/prover/d2/timed/repo/build/campaigns/setup-20261005T140456Z/environment/quiet/S20261005T140456Z/session-check.json	CC-BY-4.0	7	
data/prover/d2/timed/repo/build/campaigns/setup-20261005T140456Z/environment/run-campaign.log	CC-BY-4.0	7	
data/prover/d2/timed/repo/build/campaigns/setup-20261005T140456Z/environment/sessions.csv	CC-BY-4.0	7	
data/prover/d2/timed/repo/build/campaigns/setup-20261005T140456Z/environment/setup-plonk-S20261005T140456Z.log	CC-BY-4.0	7	
data/prover/d2/timed/repo/results/V2-PRV-D2-01/CAMPAIGN.json	CC-BY-4.0	7	
data/prover/d2/timed/repo/results/V2-PRV-D2-01/derived/prover_diag.csv	CC-BY-4.0	7	
data/prover/d2/timed/repo/results/V2-PRV-D2-01/derived/prover_summary.csv	CC-BY-4.0	7	
data/prover/d2/timed/repo/results/V2-PRV-D2-01/derived/validation.json	CC-BY-4.0	7	
data/prover/d2/timed/repo/results/V2-PRV-D2-01/environment/RESULT-S20261005T152152Z.txt	CC-BY-4.0	7	
data/prover/d2/timed/repo/results/V2-PRV-D2-01/environment/RESULT.txt	CC-BY-4.0	7	
data/prover/d2/timed/repo/results/V2-PRV-D2-01/environment/base-image-index.json	CC-BY-4.0	7	
data/prover/d2/timed/repo/results/V2-PRV-D2-01/environment/corpus-after-S20261005T152152Z.txt	CC-BY-4.0	7	
data/prover/d2/timed/repo/results/V2-PRV-D2-01/environment/corpus-before-S20261005T152152Z.txt	CC-BY-4.0	7	
data/prover/d2/timed/repo/results/V2-PRV-D2-01/environment/docker-build-S20261005T152152Z.log	CC-BY-4.0	7	
data/prover/d2/timed/repo/results/V2-PRV-D2-01/environment/docker-info-S20261005T152152Z.json	CC-BY-4.0	7	
data/prover/d2/timed/repo/results/V2-PRV-D2-01/environment/docker-version-S20261005T152152Z.json	CC-BY-4.0	7	
data/prover/d2/timed/repo/results/V2-PRV-D2-01/environment/host-S20261005T152152Z.txt	CC-BY-4.0	7	
data/prover/d2/timed/repo/results/V2-PRV-D2-01/environment/host-detail-S20261005T152152Z.txt	CC-BY-4.0	7	
data/prover/d2/timed/repo/results/V2-PRV-D2-01/environment/host.txt	CC-BY-4.0	7	
data/prover/d2/timed/repo/results/V2-PRV-D2-01/environment/integrity-S20261005T152152Z.json	CC-BY-4.0	7	
data/prover/d2/timed/repo/results/V2-PRV-D2-01/environment/integrity.json	CC-BY-4.0	7	
data/prover/d2/timed/repo/results/V2-PRV-D2-01/environment/manifest-after-S20261005T152152Z.txt	CC-BY-4.0	7	
data/prover/d2/timed/repo/results/V2-PRV-D2-01/environment/manifest-before-S20261005T152152Z.txt	CC-BY-4.0	7	
data/prover/d2/timed/repo/results/V2-PRV-D2-01/environment/preflight/S20261005T152152Z/control-mismatch.err	CC-BY-4.0	7	
data/prover/d2/timed/repo/results/V2-PRV-D2-01/environment/preflight/S20261005T152152Z/control-mismatch.out	CC-BY-4.0	7	
data/prover/d2/timed/repo/results/V2-PRV-D2-01/environment/preflight/S20261005T152152Z/control-no-adapter.err	CC-BY-4.0	7	
data/prover/d2/timed/repo/results/V2-PRV-D2-01/environment/preflight/S20261005T152152Z/control-no-adapter.out	CC-BY-4.0	7	
data/prover/d2/timed/repo/results/V2-PRV-D2-01/environment/preflight/S20261005T152152Z/control-quota-only.err	CC-BY-4.0	7	
data/prover/d2/timed/repo/results/V2-PRV-D2-01/environment/preflight/S20261005T152152Z/control-quota-only.out	CC-BY-4.0	7	
data/prover/d2/timed/repo/results/V2-PRV-D2-01/environment/preflight/S20261005T152152Z/controls-exit.txt	CC-BY-4.0	7	
data/prover/d2/timed/repo/results/V2-PRV-D2-01/environment/preflight/S20261005T152152Z/controls.json	CC-BY-4.0	7	
data/prover/d2/timed/repo/results/V2-PRV-D2-01/environment/preflight/S20261005T152152Z/profile-cpu2.json	CC-BY-4.0	7	
data/prover/d2/timed/repo/results/V2-PRV-D2-01/environment/preflight/S20261005T152152Z/profile-cpu4.json	CC-BY-4.0	7	
data/prover/d2/timed/repo/results/V2-PRV-D2-01/environment/preflight/S20261005T152152Z/profile-cpu8.json	CC-BY-4.0	7	
data/prover/d2/timed/repo/results/V2-PRV-D2-01/environment/quiet-selftest-S20261005T152152Z.txt	CC-BY-4.0	7	
data/prover/d2/timed/repo/results/V2-PRV-D2-01/environment/quiet/S20261005T152152Z/c0001-during.json	CC-BY-4.0	7	
data/prover/d2/timed/repo/results/V2-PRV-D2-01/environment/quiet/S20261005T152152Z/c0001-pre-a.json	CC-BY-4.0	7	
data/prover/d2/timed/repo/results/V2-PRV-D2-01/environment/quiet/S20261005T152152Z/c0001-pre-b.json	CC-BY-4.0	7	
data/prover/d2/timed/repo/results/V2-PRV-D2-01/environment/quiet/S20261005T152152Z/c0001-pre.json	CC-BY-4.0	7	
data/prover/d2/timed/repo/results/V2-PRV-D2-01/environment/quiet/S20261005T152152Z/c0001-run-a.json	CC-BY-4.0	7	
data/prover/d2/timed/repo/results/V2-PRV-D2-01/environment/quiet/S20261005T152152Z/c0001-run-b.json	CC-BY-4.0	7	
data/prover/d2/timed/repo/results/V2-PRV-D2-01/environment/quiet/S20261005T152152Z/c0002-during.json	CC-BY-4.0	7	
data/prover/d2/timed/repo/results/V2-PRV-D2-01/environment/quiet/S20261005T152152Z/c0002-pre-a.json	CC-BY-4.0	7	
data/prover/d2/timed/repo/results/V2-PRV-D2-01/environment/quiet/S20261005T152152Z/c0002-pre-b.json	CC-BY-4.0	7	
data/prover/d2/timed/repo/results/V2-PRV-D2-01/environment/quiet/S20261005T152152Z/c0002-pre.json	CC-BY-4.0	7	
data/prover/d2/timed/repo/results/V2-PRV-D2-01/environment/quiet/S20261005T152152Z/c0002-run-a.json	CC-BY-4.0	7	
data/prover/d2/timed/repo/results/V2-PRV-D2-01/environment/quiet/S20261005T152152Z/c0002-run-b.json	CC-BY-4.0	7	
data/prover/d2/timed/repo/results/V2-PRV-D2-01/environment/quiet/S20261005T152152Z/c0003-during.json	CC-BY-4.0	7	
data/prover/d2/timed/repo/results/V2-PRV-D2-01/environment/quiet/S20261005T152152Z/c0003-pre-a.json	CC-BY-4.0	7	
data/prover/d2/timed/repo/results/V2-PRV-D2-01/environment/quiet/S20261005T152152Z/c0003-pre-b.json	CC-BY-4.0	7	
data/prover/d2/timed/repo/results/V2-PRV-D2-01/environment/quiet/S20261005T152152Z/c0003-pre.json	CC-BY-4.0	7	
data/prover/d2/timed/repo/results/V2-PRV-D2-01/environment/quiet/S20261005T152152Z/c0003-run-a.json	CC-BY-4.0	7	
data/prover/d2/timed/repo/results/V2-PRV-D2-01/environment/quiet/S20261005T152152Z/c0003-run-b.json	CC-BY-4.0	7	
data/prover/d2/timed/repo/results/V2-PRV-D2-01/environment/quiet/S20261005T152152Z/c0004-during.json	CC-BY-4.0	7	
data/prover/d2/timed/repo/results/V2-PRV-D2-01/environment/quiet/S20261005T152152Z/c0004-pre-a.json	CC-BY-4.0	7	
data/prover/d2/timed/repo/results/V2-PRV-D2-01/environment/quiet/S20261005T152152Z/c0004-pre-b.json	CC-BY-4.0	7	
data/prover/d2/timed/repo/results/V2-PRV-D2-01/environment/quiet/S20261005T152152Z/c0004-pre.json	CC-BY-4.0	7	
data/prover/d2/timed/repo/results/V2-PRV-D2-01/environment/quiet/S20261005T152152Z/c0004-run-a.json	CC-BY-4.0	7	
data/prover/d2/timed/repo/results/V2-PRV-D2-01/environment/quiet/S20261005T152152Z/c0004-run-b.json	CC-BY-4.0	7	
data/prover/d2/timed/repo/results/V2-PRV-D2-01/environment/quiet/S20261005T152152Z/c0005-during.json	CC-BY-4.0	7	
data/prover/d2/timed/repo/results/V2-PRV-D2-01/environment/quiet/S20261005T152152Z/c0005-pre-a.json	CC-BY-4.0	7	
data/prover/d2/timed/repo/results/V2-PRV-D2-01/environment/quiet/S20261005T152152Z/c0005-pre-b.json	CC-BY-4.0	7	
data/prover/d2/timed/repo/results/V2-PRV-D2-01/environment/quiet/S20261005T152152Z/c0005-pre.json	CC-BY-4.0	7	
data/prover/d2/timed/repo/results/V2-PRV-D2-01/environment/quiet/S20261005T152152Z/c0005-run-a.json	CC-BY-4.0	7	
data/prover/d2/timed/repo/results/V2-PRV-D2-01/environment/quiet/S20261005T152152Z/c0005-run-b.json	CC-BY-4.0	7	
data/prover/d2/timed/repo/results/V2-PRV-D2-01/environment/quiet/S20261005T152152Z/c0006-during.json	CC-BY-4.0	7	
data/prover/d2/timed/repo/results/V2-PRV-D2-01/environment/quiet/S20261005T152152Z/c0006-pre-a.json	CC-BY-4.0	7	
data/prover/d2/timed/repo/results/V2-PRV-D2-01/environment/quiet/S20261005T152152Z/c0006-pre-b.json	CC-BY-4.0	7	
data/prover/d2/timed/repo/results/V2-PRV-D2-01/environment/quiet/S20261005T152152Z/c0006-pre.json	CC-BY-4.0	7	
data/prover/d2/timed/repo/results/V2-PRV-D2-01/environment/quiet/S20261005T152152Z/c0006-run-a.json	CC-BY-4.0	7	
data/prover/d2/timed/repo/results/V2-PRV-D2-01/environment/quiet/S20261005T152152Z/c0006-run-b.json	CC-BY-4.0	7	
data/prover/d2/timed/repo/results/V2-PRV-D2-01/environment/quiet/S20261005T152152Z/c0007-during.json	CC-BY-4.0	7	
data/prover/d2/timed/repo/results/V2-PRV-D2-01/environment/quiet/S20261005T152152Z/c0007-pre-a.json	CC-BY-4.0	7	
data/prover/d2/timed/repo/results/V2-PRV-D2-01/environment/quiet/S20261005T152152Z/c0007-pre-b.json	CC-BY-4.0	7	
data/prover/d2/timed/repo/results/V2-PRV-D2-01/environment/quiet/S20261005T152152Z/c0007-pre.json	CC-BY-4.0	7	
data/prover/d2/timed/repo/results/V2-PRV-D2-01/environment/quiet/S20261005T152152Z/c0007-run-a.json	CC-BY-4.0	7	
data/prover/d2/timed/repo/results/V2-PRV-D2-01/environment/quiet/S20261005T152152Z/c0007-run-b.json	CC-BY-4.0	7	
data/prover/d2/timed/repo/results/V2-PRV-D2-01/environment/quiet/S20261005T152152Z/c0008-during.json	CC-BY-4.0	7	
data/prover/d2/timed/repo/results/V2-PRV-D2-01/environment/quiet/S20261005T152152Z/c0008-pre-a.json	CC-BY-4.0	7	
data/prover/d2/timed/repo/results/V2-PRV-D2-01/environment/quiet/S20261005T152152Z/c0008-pre-b.json	CC-BY-4.0	7	
data/prover/d2/timed/repo/results/V2-PRV-D2-01/environment/quiet/S20261005T152152Z/c0008-pre.json	CC-BY-4.0	7	
data/prover/d2/timed/repo/results/V2-PRV-D2-01/environment/quiet/S20261005T152152Z/c0008-run-a.json	CC-BY-4.0	7	
data/prover/d2/timed/repo/results/V2-PRV-D2-01/environment/quiet/S20261005T152152Z/c0008-run-b.json	CC-BY-4.0	7	
data/prover/d2/timed/repo/results/V2-PRV-D2-01/environment/quiet/S20261005T152152Z/c0009-during.json	CC-BY-4.0	7	
data/prover/d2/timed/repo/results/V2-PRV-D2-01/environment/quiet/S20261005T152152Z/c0009-pre-a.json	CC-BY-4.0	7	
data/prover/d2/timed/repo/results/V2-PRV-D2-01/environment/quiet/S20261005T152152Z/c0009-pre-b.json	CC-BY-4.0	7	
data/prover/d2/timed/repo/results/V2-PRV-D2-01/environment/quiet/S20261005T152152Z/c0009-pre.json	CC-BY-4.0	7	
data/prover/d2/timed/repo/results/V2-PRV-D2-01/environment/quiet/S20261005T152152Z/c0009-run-a.json	CC-BY-4.0	7	
data/prover/d2/timed/repo/results/V2-PRV-D2-01/environment/quiet/S20261005T152152Z/c0009-run-b.json	CC-BY-4.0	7	
data/prover/d2/timed/repo/results/V2-PRV-D2-01/environment/quiet/S20261005T152152Z/c0010-during.json	CC-BY-4.0	7	
data/prover/d2/timed/repo/results/V2-PRV-D2-01/environment/quiet/S20261005T152152Z/c0010-pre-a.json	CC-BY-4.0	7	
data/prover/d2/timed/repo/results/V2-PRV-D2-01/environment/quiet/S20261005T152152Z/c0010-pre-b.json	CC-BY-4.0	7	
data/prover/d2/timed/repo/results/V2-PRV-D2-01/environment/quiet/S20261005T152152Z/c0010-pre.json	CC-BY-4.0	7	
data/prover/d2/timed/repo/results/V2-PRV-D2-01/environment/quiet/S20261005T152152Z/c0010-run-a.json	CC-BY-4.0	7	
data/prover/d2/timed/repo/results/V2-PRV-D2-01/environment/quiet/S20261005T152152Z/c0010-run-b.json	CC-BY-4.0	7	
data/prover/d2/timed/repo/results/V2-PRV-D2-01/environment/quiet/S20261005T152152Z/c0011-during.json	CC-BY-4.0	7	
data/prover/d2/timed/repo/results/V2-PRV-D2-01/environment/quiet/S20261005T152152Z/c0011-pre-a.json	CC-BY-4.0	7	
data/prover/d2/timed/repo/results/V2-PRV-D2-01/environment/quiet/S20261005T152152Z/c0011-pre-b.json	CC-BY-4.0	7	
data/prover/d2/timed/repo/results/V2-PRV-D2-01/environment/quiet/S20261005T152152Z/c0011-pre.json	CC-BY-4.0	7	
data/prover/d2/timed/repo/results/V2-PRV-D2-01/environment/quiet/S20261005T152152Z/c0011-run-a.json	CC-BY-4.0	7	
data/prover/d2/timed/repo/results/V2-PRV-D2-01/environment/quiet/S20261005T152152Z/c0011-run-b.json	CC-BY-4.0	7	
data/prover/d2/timed/repo/results/V2-PRV-D2-01/environment/quiet/S20261005T152152Z/c0012-during.json	CC-BY-4.0	7	
data/prover/d2/timed/repo/results/V2-PRV-D2-01/environment/quiet/S20261005T152152Z/c0012-pre-a.json	CC-BY-4.0	7	
data/prover/d2/timed/repo/results/V2-PRV-D2-01/environment/quiet/S20261005T152152Z/c0012-pre-b.json	CC-BY-4.0	7	
data/prover/d2/timed/repo/results/V2-PRV-D2-01/environment/quiet/S20261005T152152Z/c0012-pre.json	CC-BY-4.0	7	
data/prover/d2/timed/repo/results/V2-PRV-D2-01/environment/quiet/S20261005T152152Z/c0012-run-a.json	CC-BY-4.0	7	
data/prover/d2/timed/repo/results/V2-PRV-D2-01/environment/quiet/S20261005T152152Z/c0012-run-b.json	CC-BY-4.0	7	
data/prover/d2/timed/repo/results/V2-PRV-D2-01/environment/quiet/S20261005T152152Z/c0013-during.json	CC-BY-4.0	7	
data/prover/d2/timed/repo/results/V2-PRV-D2-01/environment/quiet/S20261005T152152Z/c0013-pre-a.json	CC-BY-4.0	7	
data/prover/d2/timed/repo/results/V2-PRV-D2-01/environment/quiet/S20261005T152152Z/c0013-pre-b.json	CC-BY-4.0	7	
data/prover/d2/timed/repo/results/V2-PRV-D2-01/environment/quiet/S20261005T152152Z/c0013-pre.json	CC-BY-4.0	7	
data/prover/d2/timed/repo/results/V2-PRV-D2-01/environment/quiet/S20261005T152152Z/c0013-run-a.json	CC-BY-4.0	7	
data/prover/d2/timed/repo/results/V2-PRV-D2-01/environment/quiet/S20261005T152152Z/c0013-run-b.json	CC-BY-4.0	7	
data/prover/d2/timed/repo/results/V2-PRV-D2-01/environment/quiet/S20261005T152152Z/c0014-during.json	CC-BY-4.0	7	
data/prover/d2/timed/repo/results/V2-PRV-D2-01/environment/quiet/S20261005T152152Z/c0014-pre-a.json	CC-BY-4.0	7	
data/prover/d2/timed/repo/results/V2-PRV-D2-01/environment/quiet/S20261005T152152Z/c0014-pre-b.json	CC-BY-4.0	7	
data/prover/d2/timed/repo/results/V2-PRV-D2-01/environment/quiet/S20261005T152152Z/c0014-pre.json	CC-BY-4.0	7	
data/prover/d2/timed/repo/results/V2-PRV-D2-01/environment/quiet/S20261005T152152Z/c0014-run-a.json	CC-BY-4.0	7	
data/prover/d2/timed/repo/results/V2-PRV-D2-01/environment/quiet/S20261005T152152Z/c0014-run-b.json	CC-BY-4.0	7	
data/prover/d2/timed/repo/results/V2-PRV-D2-01/environment/quiet/S20261005T152152Z/c0015-during.json	CC-BY-4.0	7	
data/prover/d2/timed/repo/results/V2-PRV-D2-01/environment/quiet/S20261005T152152Z/c0015-pre-a.json	CC-BY-4.0	7	
data/prover/d2/timed/repo/results/V2-PRV-D2-01/environment/quiet/S20261005T152152Z/c0015-pre-b.json	CC-BY-4.0	7	
data/prover/d2/timed/repo/results/V2-PRV-D2-01/environment/quiet/S20261005T152152Z/c0015-pre.json	CC-BY-4.0	7	
data/prover/d2/timed/repo/results/V2-PRV-D2-01/environment/quiet/S20261005T152152Z/c0015-run-a.json	CC-BY-4.0	7	
data/prover/d2/timed/repo/results/V2-PRV-D2-01/environment/quiet/S20261005T152152Z/c0015-run-b.json	CC-BY-4.0	7	
data/prover/d2/timed/repo/results/V2-PRV-D2-01/environment/quiet/S20261005T152152Z/c0016-during.json	CC-BY-4.0	7	
data/prover/d2/timed/repo/results/V2-PRV-D2-01/environment/quiet/S20261005T152152Z/c0016-pre-a.json	CC-BY-4.0	7	
data/prover/d2/timed/repo/results/V2-PRV-D2-01/environment/quiet/S20261005T152152Z/c0016-pre-b.json	CC-BY-4.0	7	
data/prover/d2/timed/repo/results/V2-PRV-D2-01/environment/quiet/S20261005T152152Z/c0016-pre.json	CC-BY-4.0	7	
data/prover/d2/timed/repo/results/V2-PRV-D2-01/environment/quiet/S20261005T152152Z/c0016-run-a.json	CC-BY-4.0	7	
data/prover/d2/timed/repo/results/V2-PRV-D2-01/environment/quiet/S20261005T152152Z/c0016-run-b.json	CC-BY-4.0	7	
data/prover/d2/timed/repo/results/V2-PRV-D2-01/environment/quiet/S20261005T152152Z/c0017-during.json	CC-BY-4.0	7	
data/prover/d2/timed/repo/results/V2-PRV-D2-01/environment/quiet/S20261005T152152Z/c0017-pre-a.json	CC-BY-4.0	7	
data/prover/d2/timed/repo/results/V2-PRV-D2-01/environment/quiet/S20261005T152152Z/c0017-pre-b.json	CC-BY-4.0	7	
data/prover/d2/timed/repo/results/V2-PRV-D2-01/environment/quiet/S20261005T152152Z/c0017-pre.json	CC-BY-4.0	7	
data/prover/d2/timed/repo/results/V2-PRV-D2-01/environment/quiet/S20261005T152152Z/c0017-run-a.json	CC-BY-4.0	7	
data/prover/d2/timed/repo/results/V2-PRV-D2-01/environment/quiet/S20261005T152152Z/c0017-run-b.json	CC-BY-4.0	7	
data/prover/d2/timed/repo/results/V2-PRV-D2-01/environment/quiet/S20261005T152152Z/c0018-during.json	CC-BY-4.0	7	
data/prover/d2/timed/repo/results/V2-PRV-D2-01/environment/quiet/S20261005T152152Z/c0018-pre-a.json	CC-BY-4.0	7	
data/prover/d2/timed/repo/results/V2-PRV-D2-01/environment/quiet/S20261005T152152Z/c0018-pre-b.json	CC-BY-4.0	7	
data/prover/d2/timed/repo/results/V2-PRV-D2-01/environment/quiet/S20261005T152152Z/c0018-pre.json	CC-BY-4.0	7	
data/prover/d2/timed/repo/results/V2-PRV-D2-01/environment/quiet/S20261005T152152Z/c0018-run-a.json	CC-BY-4.0	7	
data/prover/d2/timed/repo/results/V2-PRV-D2-01/environment/quiet/S20261005T152152Z/c0018-run-b.json	CC-BY-4.0	7	
data/prover/d2/timed/repo/results/V2-PRV-D2-01/environment/quiet/S20261005T152152Z/c0019-during.json	CC-BY-4.0	7	
data/prover/d2/timed/repo/results/V2-PRV-D2-01/environment/quiet/S20261005T152152Z/c0019-pre-a.json	CC-BY-4.0	7	
data/prover/d2/timed/repo/results/V2-PRV-D2-01/environment/quiet/S20261005T152152Z/c0019-pre-b.json	CC-BY-4.0	7	
data/prover/d2/timed/repo/results/V2-PRV-D2-01/environment/quiet/S20261005T152152Z/c0019-pre.json	CC-BY-4.0	7	
data/prover/d2/timed/repo/results/V2-PRV-D2-01/environment/quiet/S20261005T152152Z/c0019-run-a.json	CC-BY-4.0	7	
data/prover/d2/timed/repo/results/V2-PRV-D2-01/environment/quiet/S20261005T152152Z/c0019-run-b.json	CC-BY-4.0	7	
data/prover/d2/timed/repo/results/V2-PRV-D2-01/environment/quiet/S20261005T152152Z/c0020-during.json	CC-BY-4.0	7	
data/prover/d2/timed/repo/results/V2-PRV-D2-01/environment/quiet/S20261005T152152Z/c0020-pre-a.json	CC-BY-4.0	7	
data/prover/d2/timed/repo/results/V2-PRV-D2-01/environment/quiet/S20261005T152152Z/c0020-pre-b.json	CC-BY-4.0	7	
data/prover/d2/timed/repo/results/V2-PRV-D2-01/environment/quiet/S20261005T152152Z/c0020-pre.json	CC-BY-4.0	7	
data/prover/d2/timed/repo/results/V2-PRV-D2-01/environment/quiet/S20261005T152152Z/c0020-run-a.json	CC-BY-4.0	7	
data/prover/d2/timed/repo/results/V2-PRV-D2-01/environment/quiet/S20261005T152152Z/c0020-run-b.json	CC-BY-4.0	7	
data/prover/d2/timed/repo/results/V2-PRV-D2-01/environment/quiet/S20261005T152152Z/c0021-during.json	CC-BY-4.0	7	
data/prover/d2/timed/repo/results/V2-PRV-D2-01/environment/quiet/S20261005T152152Z/c0021-pre-a.json	CC-BY-4.0	7	
data/prover/d2/timed/repo/results/V2-PRV-D2-01/environment/quiet/S20261005T152152Z/c0021-pre-b.json	CC-BY-4.0	7	
data/prover/d2/timed/repo/results/V2-PRV-D2-01/environment/quiet/S20261005T152152Z/c0021-pre.json	CC-BY-4.0	7	
data/prover/d2/timed/repo/results/V2-PRV-D2-01/environment/quiet/S20261005T152152Z/c0021-run-a.json	CC-BY-4.0	7	
data/prover/d2/timed/repo/results/V2-PRV-D2-01/environment/quiet/S20261005T152152Z/c0021-run-b.json	CC-BY-4.0	7	
data/prover/d2/timed/repo/results/V2-PRV-D2-01/environment/quiet/S20261005T152152Z/c0022-during.json	CC-BY-4.0	7	
data/prover/d2/timed/repo/results/V2-PRV-D2-01/environment/quiet/S20261005T152152Z/c0022-pre-a.json	CC-BY-4.0	7	
data/prover/d2/timed/repo/results/V2-PRV-D2-01/environment/quiet/S20261005T152152Z/c0022-pre-b.json	CC-BY-4.0	7	
data/prover/d2/timed/repo/results/V2-PRV-D2-01/environment/quiet/S20261005T152152Z/c0022-pre.json	CC-BY-4.0	7	
data/prover/d2/timed/repo/results/V2-PRV-D2-01/environment/quiet/S20261005T152152Z/c0022-run-a.json	CC-BY-4.0	7	
data/prover/d2/timed/repo/results/V2-PRV-D2-01/environment/quiet/S20261005T152152Z/c0022-run-b.json	CC-BY-4.0	7	
data/prover/d2/timed/repo/results/V2-PRV-D2-01/environment/quiet/S20261005T152152Z/c0023-during.json	CC-BY-4.0	7	
data/prover/d2/timed/repo/results/V2-PRV-D2-01/environment/quiet/S20261005T152152Z/c0023-pre-a.json	CC-BY-4.0	7	
data/prover/d2/timed/repo/results/V2-PRV-D2-01/environment/quiet/S20261005T152152Z/c0023-pre-b.json	CC-BY-4.0	7	
data/prover/d2/timed/repo/results/V2-PRV-D2-01/environment/quiet/S20261005T152152Z/c0023-pre.json	CC-BY-4.0	7	
data/prover/d2/timed/repo/results/V2-PRV-D2-01/environment/quiet/S20261005T152152Z/c0023-run-a.json	CC-BY-4.0	7	
data/prover/d2/timed/repo/results/V2-PRV-D2-01/environment/quiet/S20261005T152152Z/c0023-run-b.json	CC-BY-4.0	7	
data/prover/d2/timed/repo/results/V2-PRV-D2-01/environment/quiet/S20261005T152152Z/c0024-during.json	CC-BY-4.0	7	
data/prover/d2/timed/repo/results/V2-PRV-D2-01/environment/quiet/S20261005T152152Z/c0024-pre-a.json	CC-BY-4.0	7	
data/prover/d2/timed/repo/results/V2-PRV-D2-01/environment/quiet/S20261005T152152Z/c0024-pre-b.json	CC-BY-4.0	7	
data/prover/d2/timed/repo/results/V2-PRV-D2-01/environment/quiet/S20261005T152152Z/c0024-pre.json	CC-BY-4.0	7	
data/prover/d2/timed/repo/results/V2-PRV-D2-01/environment/quiet/S20261005T152152Z/c0024-run-a.json	CC-BY-4.0	7	
data/prover/d2/timed/repo/results/V2-PRV-D2-01/environment/quiet/S20261005T152152Z/c0024-run-b.json	CC-BY-4.0	7	
data/prover/d2/timed/repo/results/V2-PRV-D2-01/environment/quiet/S20261005T152152Z/c0025-during.json	CC-BY-4.0	7	
data/prover/d2/timed/repo/results/V2-PRV-D2-01/environment/quiet/S20261005T152152Z/c0025-pre-a.json	CC-BY-4.0	7	
data/prover/d2/timed/repo/results/V2-PRV-D2-01/environment/quiet/S20261005T152152Z/c0025-pre-b.json	CC-BY-4.0	7	
data/prover/d2/timed/repo/results/V2-PRV-D2-01/environment/quiet/S20261005T152152Z/c0025-pre.json	CC-BY-4.0	7	
data/prover/d2/timed/repo/results/V2-PRV-D2-01/environment/quiet/S20261005T152152Z/c0025-run-a.json	CC-BY-4.0	7	
data/prover/d2/timed/repo/results/V2-PRV-D2-01/environment/quiet/S20261005T152152Z/c0025-run-b.json	CC-BY-4.0	7	
data/prover/d2/timed/repo/results/V2-PRV-D2-01/environment/quiet/S20261005T152152Z/c0026-during.json	CC-BY-4.0	7	
data/prover/d2/timed/repo/results/V2-PRV-D2-01/environment/quiet/S20261005T152152Z/c0026-pre-a.json	CC-BY-4.0	7	
data/prover/d2/timed/repo/results/V2-PRV-D2-01/environment/quiet/S20261005T152152Z/c0026-pre-b.json	CC-BY-4.0	7	
data/prover/d2/timed/repo/results/V2-PRV-D2-01/environment/quiet/S20261005T152152Z/c0026-pre.json	CC-BY-4.0	7	
data/prover/d2/timed/repo/results/V2-PRV-D2-01/environment/quiet/S20261005T152152Z/c0026-run-a.json	CC-BY-4.0	7	
data/prover/d2/timed/repo/results/V2-PRV-D2-01/environment/quiet/S20261005T152152Z/c0026-run-b.json	CC-BY-4.0	7	
data/prover/d2/timed/repo/results/V2-PRV-D2-01/environment/quiet/S20261005T152152Z/c0027-during.json	CC-BY-4.0	7	
data/prover/d2/timed/repo/results/V2-PRV-D2-01/environment/quiet/S20261005T152152Z/c0027-pre-a.json	CC-BY-4.0	7	
data/prover/d2/timed/repo/results/V2-PRV-D2-01/environment/quiet/S20261005T152152Z/c0027-pre-b.json	CC-BY-4.0	7	
data/prover/d2/timed/repo/results/V2-PRV-D2-01/environment/quiet/S20261005T152152Z/c0027-pre.json	CC-BY-4.0	7	
data/prover/d2/timed/repo/results/V2-PRV-D2-01/environment/quiet/S20261005T152152Z/c0027-run-a.json	CC-BY-4.0	7	
data/prover/d2/timed/repo/results/V2-PRV-D2-01/environment/quiet/S20261005T152152Z/c0027-run-b.json	CC-BY-4.0	7	
data/prover/d2/timed/repo/results/V2-PRV-D2-01/environment/quiet/S20261005T152152Z/c0028-during.json	CC-BY-4.0	7	
data/prover/d2/timed/repo/results/V2-PRV-D2-01/environment/quiet/S20261005T152152Z/c0028-pre-a.json	CC-BY-4.0	7	
data/prover/d2/timed/repo/results/V2-PRV-D2-01/environment/quiet/S20261005T152152Z/c0028-pre-b.json	CC-BY-4.0	7	
data/prover/d2/timed/repo/results/V2-PRV-D2-01/environment/quiet/S20261005T152152Z/c0028-pre.json	CC-BY-4.0	7	
data/prover/d2/timed/repo/results/V2-PRV-D2-01/environment/quiet/S20261005T152152Z/c0028-run-a.json	CC-BY-4.0	7	
data/prover/d2/timed/repo/results/V2-PRV-D2-01/environment/quiet/S20261005T152152Z/c0028-run-b.json	CC-BY-4.0	7	
data/prover/d2/timed/repo/results/V2-PRV-D2-01/environment/quiet/S20261005T152152Z/c0029-during.json	CC-BY-4.0	7	
data/prover/d2/timed/repo/results/V2-PRV-D2-01/environment/quiet/S20261005T152152Z/c0029-pre-a.json	CC-BY-4.0	7	
data/prover/d2/timed/repo/results/V2-PRV-D2-01/environment/quiet/S20261005T152152Z/c0029-pre-b.json	CC-BY-4.0	7	
data/prover/d2/timed/repo/results/V2-PRV-D2-01/environment/quiet/S20261005T152152Z/c0029-pre.json	CC-BY-4.0	7	
data/prover/d2/timed/repo/results/V2-PRV-D2-01/environment/quiet/S20261005T152152Z/c0029-run-a.json	CC-BY-4.0	7	
data/prover/d2/timed/repo/results/V2-PRV-D2-01/environment/quiet/S20261005T152152Z/c0029-run-b.json	CC-BY-4.0	7	
data/prover/d2/timed/repo/results/V2-PRV-D2-01/environment/quiet/S20261005T152152Z/c0030-during.json	CC-BY-4.0	7	
data/prover/d2/timed/repo/results/V2-PRV-D2-01/environment/quiet/S20261005T152152Z/c0030-pre-a.json	CC-BY-4.0	7	
data/prover/d2/timed/repo/results/V2-PRV-D2-01/environment/quiet/S20261005T152152Z/c0030-pre-b.json	CC-BY-4.0	7	
data/prover/d2/timed/repo/results/V2-PRV-D2-01/environment/quiet/S20261005T152152Z/c0030-pre.json	CC-BY-4.0	7	
data/prover/d2/timed/repo/results/V2-PRV-D2-01/environment/quiet/S20261005T152152Z/c0030-run-a.json	CC-BY-4.0	7	
data/prover/d2/timed/repo/results/V2-PRV-D2-01/environment/quiet/S20261005T152152Z/c0030-run-b.json	CC-BY-4.0	7	
data/prover/d2/timed/repo/results/V2-PRV-D2-01/environment/quiet/S20261005T152152Z/c0031-during.json	CC-BY-4.0	7	
data/prover/d2/timed/repo/results/V2-PRV-D2-01/environment/quiet/S20261005T152152Z/c0031-pre-a.json	CC-BY-4.0	7	
data/prover/d2/timed/repo/results/V2-PRV-D2-01/environment/quiet/S20261005T152152Z/c0031-pre-b.json	CC-BY-4.0	7	
data/prover/d2/timed/repo/results/V2-PRV-D2-01/environment/quiet/S20261005T152152Z/c0031-pre.json	CC-BY-4.0	7	
data/prover/d2/timed/repo/results/V2-PRV-D2-01/environment/quiet/S20261005T152152Z/c0031-run-a.json	CC-BY-4.0	7	
data/prover/d2/timed/repo/results/V2-PRV-D2-01/environment/quiet/S20261005T152152Z/c0031-run-b.json	CC-BY-4.0	7	
data/prover/d2/timed/repo/results/V2-PRV-D2-01/environment/quiet/S20261005T152152Z/c0032-during.json	CC-BY-4.0	7	
data/prover/d2/timed/repo/results/V2-PRV-D2-01/environment/quiet/S20261005T152152Z/c0032-pre-a.json	CC-BY-4.0	7	
data/prover/d2/timed/repo/results/V2-PRV-D2-01/environment/quiet/S20261005T152152Z/c0032-pre-b.json	CC-BY-4.0	7	
data/prover/d2/timed/repo/results/V2-PRV-D2-01/environment/quiet/S20261005T152152Z/c0032-pre.json	CC-BY-4.0	7	
data/prover/d2/timed/repo/results/V2-PRV-D2-01/environment/quiet/S20261005T152152Z/c0032-run-a.json	CC-BY-4.0	7	
data/prover/d2/timed/repo/results/V2-PRV-D2-01/environment/quiet/S20261005T152152Z/c0032-run-b.json	CC-BY-4.0	7	
data/prover/d2/timed/repo/results/V2-PRV-D2-01/environment/quiet/S20261005T152152Z/c0033-during.json	CC-BY-4.0	7	
data/prover/d2/timed/repo/results/V2-PRV-D2-01/environment/quiet/S20261005T152152Z/c0033-pre-a.json	CC-BY-4.0	7	
data/prover/d2/timed/repo/results/V2-PRV-D2-01/environment/quiet/S20261005T152152Z/c0033-pre-b.json	CC-BY-4.0	7	
data/prover/d2/timed/repo/results/V2-PRV-D2-01/environment/quiet/S20261005T152152Z/c0033-pre.json	CC-BY-4.0	7	
data/prover/d2/timed/repo/results/V2-PRV-D2-01/environment/quiet/S20261005T152152Z/c0033-run-a.json	CC-BY-4.0	7	
data/prover/d2/timed/repo/results/V2-PRV-D2-01/environment/quiet/S20261005T152152Z/c0033-run-b.json	CC-BY-4.0	7	
data/prover/d2/timed/repo/results/V2-PRV-D2-01/environment/quiet/S20261005T152152Z/c0034-during.json	CC-BY-4.0	7	
data/prover/d2/timed/repo/results/V2-PRV-D2-01/environment/quiet/S20261005T152152Z/c0034-pre-a.json	CC-BY-4.0	7	
data/prover/d2/timed/repo/results/V2-PRV-D2-01/environment/quiet/S20261005T152152Z/c0034-pre-b.json	CC-BY-4.0	7	
data/prover/d2/timed/repo/results/V2-PRV-D2-01/environment/quiet/S20261005T152152Z/c0034-pre.json	CC-BY-4.0	7	
data/prover/d2/timed/repo/results/V2-PRV-D2-01/environment/quiet/S20261005T152152Z/c0034-run-a.json	CC-BY-4.0	7	
data/prover/d2/timed/repo/results/V2-PRV-D2-01/environment/quiet/S20261005T152152Z/c0034-run-b.json	CC-BY-4.0	7	
data/prover/d2/timed/repo/results/V2-PRV-D2-01/environment/quiet/S20261005T152152Z/c0035-during.json	CC-BY-4.0	7	
data/prover/d2/timed/repo/results/V2-PRV-D2-01/environment/quiet/S20261005T152152Z/c0035-pre-a.json	CC-BY-4.0	7	
data/prover/d2/timed/repo/results/V2-PRV-D2-01/environment/quiet/S20261005T152152Z/c0035-pre-b.json	CC-BY-4.0	7	
data/prover/d2/timed/repo/results/V2-PRV-D2-01/environment/quiet/S20261005T152152Z/c0035-pre.json	CC-BY-4.0	7	
data/prover/d2/timed/repo/results/V2-PRV-D2-01/environment/quiet/S20261005T152152Z/c0035-run-a.json	CC-BY-4.0	7	
data/prover/d2/timed/repo/results/V2-PRV-D2-01/environment/quiet/S20261005T152152Z/c0035-run-b.json	CC-BY-4.0	7	
data/prover/d2/timed/repo/results/V2-PRV-D2-01/environment/quiet/S20261005T152152Z/c0036-during.json	CC-BY-4.0	7	
data/prover/d2/timed/repo/results/V2-PRV-D2-01/environment/quiet/S20261005T152152Z/c0036-pre-a.json	CC-BY-4.0	7	
data/prover/d2/timed/repo/results/V2-PRV-D2-01/environment/quiet/S20261005T152152Z/c0036-pre-b.json	CC-BY-4.0	7	
data/prover/d2/timed/repo/results/V2-PRV-D2-01/environment/quiet/S20261005T152152Z/c0036-pre.json	CC-BY-4.0	7	
data/prover/d2/timed/repo/results/V2-PRV-D2-01/environment/quiet/S20261005T152152Z/c0036-run-a.json	CC-BY-4.0	7	
data/prover/d2/timed/repo/results/V2-PRV-D2-01/environment/quiet/S20261005T152152Z/c0036-run-b.json	CC-BY-4.0	7	
data/prover/d2/timed/repo/results/V2-PRV-D2-01/environment/quiet/S20261005T152152Z/c0037-during.json	CC-BY-4.0	7	
data/prover/d2/timed/repo/results/V2-PRV-D2-01/environment/quiet/S20261005T152152Z/c0037-pre-a.json	CC-BY-4.0	7	
data/prover/d2/timed/repo/results/V2-PRV-D2-01/environment/quiet/S20261005T152152Z/c0037-pre-b.json	CC-BY-4.0	7	
data/prover/d2/timed/repo/results/V2-PRV-D2-01/environment/quiet/S20261005T152152Z/c0037-pre.json	CC-BY-4.0	7	
data/prover/d2/timed/repo/results/V2-PRV-D2-01/environment/quiet/S20261005T152152Z/c0037-run-a.json	CC-BY-4.0	7	
data/prover/d2/timed/repo/results/V2-PRV-D2-01/environment/quiet/S20261005T152152Z/c0037-run-b.json	CC-BY-4.0	7	
data/prover/d2/timed/repo/results/V2-PRV-D2-01/environment/quiet/S20261005T152152Z/c0038-during.json	CC-BY-4.0	7	
data/prover/d2/timed/repo/results/V2-PRV-D2-01/environment/quiet/S20261005T152152Z/c0038-pre-a.json	CC-BY-4.0	7	
data/prover/d2/timed/repo/results/V2-PRV-D2-01/environment/quiet/S20261005T152152Z/c0038-pre-b.json	CC-BY-4.0	7	
data/prover/d2/timed/repo/results/V2-PRV-D2-01/environment/quiet/S20261005T152152Z/c0038-pre.json	CC-BY-4.0	7	
data/prover/d2/timed/repo/results/V2-PRV-D2-01/environment/quiet/S20261005T152152Z/c0038-run-a.json	CC-BY-4.0	7	
data/prover/d2/timed/repo/results/V2-PRV-D2-01/environment/quiet/S20261005T152152Z/c0038-run-b.json	CC-BY-4.0	7	
data/prover/d2/timed/repo/results/V2-PRV-D2-01/environment/quiet/S20261005T152152Z/c0039-during.json	CC-BY-4.0	7	
data/prover/d2/timed/repo/results/V2-PRV-D2-01/environment/quiet/S20261005T152152Z/c0039-pre-a.json	CC-BY-4.0	7	
data/prover/d2/timed/repo/results/V2-PRV-D2-01/environment/quiet/S20261005T152152Z/c0039-pre-b.json	CC-BY-4.0	7	
data/prover/d2/timed/repo/results/V2-PRV-D2-01/environment/quiet/S20261005T152152Z/c0039-pre.json	CC-BY-4.0	7	
data/prover/d2/timed/repo/results/V2-PRV-D2-01/environment/quiet/S20261005T152152Z/c0039-run-a.json	CC-BY-4.0	7	
data/prover/d2/timed/repo/results/V2-PRV-D2-01/environment/quiet/S20261005T152152Z/c0039-run-b.json	CC-BY-4.0	7	
data/prover/d2/timed/repo/results/V2-PRV-D2-01/environment/quiet/S20261005T152152Z/c0040-during.json	CC-BY-4.0	7	
data/prover/d2/timed/repo/results/V2-PRV-D2-01/environment/quiet/S20261005T152152Z/c0040-pre-a.json	CC-BY-4.0	7	
data/prover/d2/timed/repo/results/V2-PRV-D2-01/environment/quiet/S20261005T152152Z/c0040-pre-b.json	CC-BY-4.0	7	
data/prover/d2/timed/repo/results/V2-PRV-D2-01/environment/quiet/S20261005T152152Z/c0040-pre.json	CC-BY-4.0	7	
data/prover/d2/timed/repo/results/V2-PRV-D2-01/environment/quiet/S20261005T152152Z/c0040-run-a.json	CC-BY-4.0	7	
data/prover/d2/timed/repo/results/V2-PRV-D2-01/environment/quiet/S20261005T152152Z/c0040-run-b.json	CC-BY-4.0	7	
data/prover/d2/timed/repo/results/V2-PRV-D2-01/environment/quiet/S20261005T152152Z/c0041-during.json	CC-BY-4.0	7	
data/prover/d2/timed/repo/results/V2-PRV-D2-01/environment/quiet/S20261005T152152Z/c0041-pre-a.json	CC-BY-4.0	7	
data/prover/d2/timed/repo/results/V2-PRV-D2-01/environment/quiet/S20261005T152152Z/c0041-pre-b.json	CC-BY-4.0	7	
data/prover/d2/timed/repo/results/V2-PRV-D2-01/environment/quiet/S20261005T152152Z/c0041-pre.json	CC-BY-4.0	7	
data/prover/d2/timed/repo/results/V2-PRV-D2-01/environment/quiet/S20261005T152152Z/c0041-run-a.json	CC-BY-4.0	7	
data/prover/d2/timed/repo/results/V2-PRV-D2-01/environment/quiet/S20261005T152152Z/c0041-run-b.json	CC-BY-4.0	7	
data/prover/d2/timed/repo/results/V2-PRV-D2-01/environment/quiet/S20261005T152152Z/c0042-during.json	CC-BY-4.0	7	
data/prover/d2/timed/repo/results/V2-PRV-D2-01/environment/quiet/S20261005T152152Z/c0042-pre-a.json	CC-BY-4.0	7	
data/prover/d2/timed/repo/results/V2-PRV-D2-01/environment/quiet/S20261005T152152Z/c0042-pre-b.json	CC-BY-4.0	7	
data/prover/d2/timed/repo/results/V2-PRV-D2-01/environment/quiet/S20261005T152152Z/c0042-pre.json	CC-BY-4.0	7	
data/prover/d2/timed/repo/results/V2-PRV-D2-01/environment/quiet/S20261005T152152Z/c0042-run-a.json	CC-BY-4.0	7	
data/prover/d2/timed/repo/results/V2-PRV-D2-01/environment/quiet/S20261005T152152Z/c0042-run-b.json	CC-BY-4.0	7	
data/prover/d2/timed/repo/results/V2-PRV-D2-01/environment/quiet/S20261005T152152Z/c0043-during.json	CC-BY-4.0	7	
data/prover/d2/timed/repo/results/V2-PRV-D2-01/environment/quiet/S20261005T152152Z/c0043-pre-a.json	CC-BY-4.0	7	
data/prover/d2/timed/repo/results/V2-PRV-D2-01/environment/quiet/S20261005T152152Z/c0043-pre-b.json	CC-BY-4.0	7	
data/prover/d2/timed/repo/results/V2-PRV-D2-01/environment/quiet/S20261005T152152Z/c0043-pre.json	CC-BY-4.0	7	
data/prover/d2/timed/repo/results/V2-PRV-D2-01/environment/quiet/S20261005T152152Z/c0043-run-a.json	CC-BY-4.0	7	
data/prover/d2/timed/repo/results/V2-PRV-D2-01/environment/quiet/S20261005T152152Z/c0043-run-b.json	CC-BY-4.0	7	
data/prover/d2/timed/repo/results/V2-PRV-D2-01/environment/quiet/S20261005T152152Z/c0044-during.json	CC-BY-4.0	7	
data/prover/d2/timed/repo/results/V2-PRV-D2-01/environment/quiet/S20261005T152152Z/c0044-pre-a.json	CC-BY-4.0	7	
data/prover/d2/timed/repo/results/V2-PRV-D2-01/environment/quiet/S20261005T152152Z/c0044-pre-b.json	CC-BY-4.0	7	
data/prover/d2/timed/repo/results/V2-PRV-D2-01/environment/quiet/S20261005T152152Z/c0044-pre.json	CC-BY-4.0	7	
data/prover/d2/timed/repo/results/V2-PRV-D2-01/environment/quiet/S20261005T152152Z/c0044-run-a.json	CC-BY-4.0	7	
data/prover/d2/timed/repo/results/V2-PRV-D2-01/environment/quiet/S20261005T152152Z/c0044-run-b.json	CC-BY-4.0	7	
data/prover/d2/timed/repo/results/V2-PRV-D2-01/environment/quiet/S20261005T152152Z/c0045-during.json	CC-BY-4.0	7	
data/prover/d2/timed/repo/results/V2-PRV-D2-01/environment/quiet/S20261005T152152Z/c0045-pre-a.json	CC-BY-4.0	7	
data/prover/d2/timed/repo/results/V2-PRV-D2-01/environment/quiet/S20261005T152152Z/c0045-pre-b.json	CC-BY-4.0	7	
data/prover/d2/timed/repo/results/V2-PRV-D2-01/environment/quiet/S20261005T152152Z/c0045-pre.json	CC-BY-4.0	7	
data/prover/d2/timed/repo/results/V2-PRV-D2-01/environment/quiet/S20261005T152152Z/c0045-run-a.json	CC-BY-4.0	7	
data/prover/d2/timed/repo/results/V2-PRV-D2-01/environment/quiet/S20261005T152152Z/c0045-run-b.json	CC-BY-4.0	7	
data/prover/d2/timed/repo/results/V2-PRV-D2-01/environment/quiet/S20261005T152152Z/c0046-during.json	CC-BY-4.0	7	
data/prover/d2/timed/repo/results/V2-PRV-D2-01/environment/quiet/S20261005T152152Z/c0046-pre-a.json	CC-BY-4.0	7	
data/prover/d2/timed/repo/results/V2-PRV-D2-01/environment/quiet/S20261005T152152Z/c0046-pre-b.json	CC-BY-4.0	7	
data/prover/d2/timed/repo/results/V2-PRV-D2-01/environment/quiet/S20261005T152152Z/c0046-pre.json	CC-BY-4.0	7	
data/prover/d2/timed/repo/results/V2-PRV-D2-01/environment/quiet/S20261005T152152Z/c0046-run-a.json	CC-BY-4.0	7	
data/prover/d2/timed/repo/results/V2-PRV-D2-01/environment/quiet/S20261005T152152Z/c0046-run-b.json	CC-BY-4.0	7	
data/prover/d2/timed/repo/results/V2-PRV-D2-01/environment/quiet/S20261005T152152Z/c0047-during.json	CC-BY-4.0	7	
data/prover/d2/timed/repo/results/V2-PRV-D2-01/environment/quiet/S20261005T152152Z/c0047-pre-a.json	CC-BY-4.0	7	
data/prover/d2/timed/repo/results/V2-PRV-D2-01/environment/quiet/S20261005T152152Z/c0047-pre-b.json	CC-BY-4.0	7	
data/prover/d2/timed/repo/results/V2-PRV-D2-01/environment/quiet/S20261005T152152Z/c0047-pre.json	CC-BY-4.0	7	
data/prover/d2/timed/repo/results/V2-PRV-D2-01/environment/quiet/S20261005T152152Z/c0047-run-a.json	CC-BY-4.0	7	
data/prover/d2/timed/repo/results/V2-PRV-D2-01/environment/quiet/S20261005T152152Z/c0047-run-b.json	CC-BY-4.0	7	
data/prover/d2/timed/repo/results/V2-PRV-D2-01/environment/quiet/S20261005T152152Z/c0048-during.json	CC-BY-4.0	7	
data/prover/d2/timed/repo/results/V2-PRV-D2-01/environment/quiet/S20261005T152152Z/c0048-pre-a.json	CC-BY-4.0	7	
data/prover/d2/timed/repo/results/V2-PRV-D2-01/environment/quiet/S20261005T152152Z/c0048-pre-b.json	CC-BY-4.0	7	
data/prover/d2/timed/repo/results/V2-PRV-D2-01/environment/quiet/S20261005T152152Z/c0048-pre.json	CC-BY-4.0	7	
data/prover/d2/timed/repo/results/V2-PRV-D2-01/environment/quiet/S20261005T152152Z/c0048-run-a.json	CC-BY-4.0	7	
data/prover/d2/timed/repo/results/V2-PRV-D2-01/environment/quiet/S20261005T152152Z/c0048-run-b.json	CC-BY-4.0	7	
data/prover/d2/timed/repo/results/V2-PRV-D2-01/environment/quiet/S20261005T152152Z/session-a.json	CC-BY-4.0	7	
data/prover/d2/timed/repo/results/V2-PRV-D2-01/environment/quiet/S20261005T152152Z/session-b.json	CC-BY-4.0	7	
data/prover/d2/timed/repo/results/V2-PRV-D2-01/environment/quiet/S20261005T152152Z/session-check.json	CC-BY-4.0	7	
data/prover/d2/timed/repo/results/V2-PRV-D2-01/environment/run-campaign.log	CC-BY-4.0	7	
data/prover/d2/timed/repo/results/V2-PRV-D2-01/environment/sessions.csv	CC-BY-4.0	7	
data/prover/d2/timed/repo/results/V2-PRV-D2-01/provenance/p7.json	CC-BY-4.0	7	
data/prover/d2/timed/repo/results/V2-PRV-D2-01/prover/cpu2/diag.csv	CC-BY-4.0	7	
data/prover/d2/timed/repo/results/V2-PRV-D2-01/prover/cpu2/rounds.csv	CC-BY-4.0	7	
data/prover/d2/timed/repo/results/V2-PRV-D2-01/prover/cpu2/runs.csv	CC-BY-4.0	7	
data/prover/d2/timed/repo/results/V2-PRV-D2-01/prover/cpu4/diag.csv	CC-BY-4.0	7	
data/prover/d2/timed/repo/results/V2-PRV-D2-01/prover/cpu4/rounds.csv	CC-BY-4.0	7	
data/prover/d2/timed/repo/results/V2-PRV-D2-01/prover/cpu4/runs.csv	CC-BY-4.0	7	
data/prover/d2/timed/repo/results/V2-PRV-D2-01/prover/cpu8/diag.csv	CC-BY-4.0	7	
data/prover/d2/timed/repo/results/V2-PRV-D2-01/prover/cpu8/rounds.csv	CC-BY-4.0	7	
data/prover/d2/timed/repo/results/V2-PRV-D2-01/prover/cpu8/runs.csv	CC-BY-4.0	7	
data/prover/d2/timed/repo/results/V2-PRV-D2-01/prover/execution_plan.csv	CC-BY-4.0	7	
data/prover/d2/timed/repo/results/V2-PRV-D2-01/prover/host_samples.csv	CC-BY-4.0	7	
data/prover/d2/timed/repo/results/V2-PRV-D2-01/prover/round_ledger.csv	CC-BY-4.0	7	
data/prover/d2/timed/repo/results/V2-PRV-D2-01/prover/schedule.csv	CC-BY-4.0	7	
data/prover/d2/timed/repo/results/V2-PRV-D2-01/prover/sessions/S20261005T152152Z/units.csv	CC-BY-4.0	7	
data/prover/d3/reanalysis/DEVIATIONS.md	CC-BY-4.0	7	
data/prover/d3/reanalysis/README.md	CC-BY-4.0	7	
data/prover/d3/reanalysis/SHA256SUMS	CC-BY-4.0	7	
data/prover/d3/reanalysis/out-attempt-1/D3-input-verification.json	CC-BY-4.0	7	
data/prover/d3/reanalysis/out/D3-CHECK-RECORD.json	CC-BY-4.0	7	
data/prover/d3/reanalysis/out/D3-RUN-RECORD.json	CC-BY-4.0	7	
data/prover/d3/reanalysis/out/D3-allocation-speedups.csv	CC-BY-4.0	7	
data/prover/d3/reanalysis/out/D3-backend-ratios.csv	CC-BY-4.0	7	
data/prover/d3/reanalysis/out/D3-cell-stats.csv	CC-BY-4.0	7	
data/prover/d3/reanalysis/out/D3-input-verification.json	CC-BY-4.0	7	
data/prover/d3/reanalysis/out/D3-reconciliation.json	CC-BY-4.0	7	
data/prover/d3/reanalysis/out/D3-zkey-diagnostic.csv	CC-BY-4.0	7	
data/prover/d3/reanalysis/run-stdout.txt	CC-BY-4.0	7	
data/prover/d3/source/CAMPAIGN.json	CC-BY-4.0	7	
data/prover/d3/source/derived/prover_diag.csv	CC-BY-4.0	7	
data/prover/d3/source/derived/prover_summary.csv	CC-BY-4.0	7	
data/prover/d3/source/prover/cpu2/diag.csv	CC-BY-4.0	7	
data/prover/d3/source/prover/cpu2/rounds.csv	CC-BY-4.0	7	
data/prover/d3/source/prover/cpu2/runs.csv	CC-BY-4.0	7	
data/prover/d3/source/prover/cpu4/diag.csv	CC-BY-4.0	7	
data/prover/d3/source/prover/cpu4/rounds.csv	CC-BY-4.0	7	
data/prover/d3/source/prover/cpu4/runs.csv	CC-BY-4.0	7	
data/prover/d3/source/prover/cpu8/diag.csv	CC-BY-4.0	7	
data/prover/d3/source/prover/cpu8/rounds.csv	CC-BY-4.0	7	
data/prover/d3/source/prover/cpu8/runs.csv	CC-BY-4.0	7	
data/prover/d3/source/prover/execution_plan.csv	CC-BY-4.0	7	
data/prover/d3/source/prover/round_ledger.csv	CC-BY-4.0	7	
data/prover/d3/source/prover/schedule.csv	CC-BY-4.0	7	
data/prover/d3/source/reconciliation/prover_per_round.csv	CC-BY-4.0	7	
environment/README.md	CC-BY-4.0	7	
environment/requirements-level2.txt	CC-BY-4.0	7	
figures/FIG1-EXPORT.json	CC-BY-4.0	7	
figures/FIGURES-MANIFEST.json	CC-BY-4.0	7	
figures/Fig1.drawio	CC-BY-4.0	7	
figures/Fig1.pdf	CC-BY-4.0	7	
figures/Fig1.svg	CC-BY-4.0	7	
figures/Fig2.pdf	CC-BY-4.0	7	
figures/Fig2.svg	CC-BY-4.0	7	
figures/Fig3.pdf	CC-BY-4.0	7	
figures/Fig3.svg	CC-BY-4.0	7	
figures/Fig4.pdf	CC-BY-4.0	7	
figures/Fig4.svg	CC-BY-4.0	7	
figures/Fig5.pdf	CC-BY-4.0	7	
figures/Fig5.svg	CC-BY-4.0	7	
generated/MANIFEST.json	CC-BY-4.0	7	
generated/article-values.tex	CC-BY-4.0	7	
generated/article-values.tsv	CC-BY-4.0	7	
generated/data/crossovers.csv	CC-BY-4.0	7	
generated/data/fig2_design_roles.csv	CC-BY-4.0	7	
generated/data/fig3a_ratio_vs_k.csv	CC-BY-4.0	7	
generated/data/fig3b_npg_meters.csv	CC-BY-4.0	7	
generated/data/fig3b_npg_ranking.csv	CC-BY-4.0	7	
generated/data/fig3b_switch_intervals.csv	CC-BY-4.0	7	
generated/data/fig4_heldout_summary.csv	CC-BY-4.0	7	
generated/data/fig4_prediction_errors.csv	CC-BY-4.0	7	
generated/data/fig5_d1_cells.csv	CC-BY-4.0	7	
generated/data/fig5_d1_ratios.csv	CC-BY-4.0	7	
generated/data/fig5_d2_d3_context.csv	CC-BY-4.0	7	
generated/data/fig5_step_ratios.csv	CC-BY-4.0	7	
generated/data/p_misses.csv	CC-BY-4.0	7	
generated/data/r_misses.csv	CC-BY-4.0	7	
generated/data/t1_toolchain_rows.csv	CC-BY-4.0	7	
generated/data/t2_operation_structure.csv	CC-BY-4.0	7	
generated/data/t3_registered_tests.csv	CC-BY-4.0	7	
manifests/SHA256SUMS	CC-BY-4.0	7	
protocols/README.md	CC-BY-4.0	7	
protocols/c1-amendment-fflonk-setup/AMD-FF-1.md	CC-BY-4.0	7	
protocols/c1-preregistration/01-thesis-and-scope.md	CC-BY-4.0	7	
protocols/c1-preregistration/02-research-questions-and-hypotheses.md	CC-BY-4.0	7	
protocols/c1-preregistration/03-factors-and-configurations.md	CC-BY-4.0	7	
protocols/c1-preregistration/04-toolchain-matrix.md	CC-BY-4.0	7	
protocols/c1-preregistration/05-relation-specification.md	CC-BY-4.0	7	
protocols/c1-preregistration/06-model-equations.md	CC-BY-4.0	7	
protocols/c1-preregistration/07-parameter-ledger.csv	CC-BY-4.0	7	
protocols/c1-preregistration/07-parameter-ledger.md	CC-BY-4.0	7	
protocols/c1-preregistration/08-calibration-heldout-matrix.csv	CC-BY-4.0	7	
protocols/c1-preregistration/08-calibration-heldout-matrix.md	CC-BY-4.0	7	
protocols/c1-preregistration/09-numeric-predictions.md	CC-BY-4.0	7	
protocols/c1-preregistration/09-numeric-predictions/crossover_intervals.csv	CC-BY-4.0	7	
protocols/c1-preregistration/09-numeric-predictions/equality_bands.csv	CC-BY-4.0	7	
protocols/c1-preregistration/09-numeric-predictions/fitted_parameters_and_tolerances.json	CC-BY-4.0	7	
protocols/c1-preregistration/09-numeric-predictions/p0_model_check.csv	CC-BY-4.0	7	
protocols/c1-preregistration/09-numeric-predictions/predictions_cells.csv	CC-BY-4.0	7	
protocols/c1-preregistration/09-numeric-predictions/predictions_signs.csv	CC-BY-4.0	7	
protocols/c1-preregistration/09-numeric-predictions/zkos_npg_levels.csv	CC-BY-4.0	7	
protocols/c1-preregistration/09-numeric-predictions/zkos_npg_predictions.csv	CC-BY-4.0	7	
protocols/c1-preregistration/09-numeric-predictions/zkos_switch_intervals.csv	CC-BY-4.0	7	
protocols/c1-preregistration/10-crossover-intervals.md	CC-BY-4.0	7	
protocols/c1-preregistration/11-zksync-os-switch-intervals.md	CC-BY-4.0	7	
protocols/c1-preregistration/12-falsifiers.md	CC-BY-4.0	7	
protocols/c1-preregistration/13-criteria.md	CC-BY-4.0	7	
protocols/c1-preregistration/13-tolerances.csv	CC-BY-4.0	7	
protocols/c1-preregistration/14-proof-corpus-spec.md	CC-BY-4.0	7	
protocols/c1-preregistration/15-pilot-protocol.md	CC-BY-4.0	7	
protocols/c1-preregistration/16-full-protocol.md	CC-BY-4.0	7	
protocols/c1-preregistration/17-negative-control-protocol.md	CC-BY-4.0	7	
protocols/c1-preregistration/18-evidence-schema.json	CC-BY-4.0	7	
protocols/c1-preregistration/18-evidence-schema.md	CC-BY-4.0	7	
protocols/c1-preregistration/19-scoring-plan.md	CC-BY-4.0	7	
protocols/c1-preregistration/20-deviations-policy.md	CC-BY-4.0	7	
protocols/c1-preregistration/21-fflonk-decision-and-ptau-plan.md	CC-BY-4.0	7	
protocols/c1-preregistration/22-zksync-os-version-selection.md	CC-BY-4.0	7	
protocols/c1-preregistration/23-external-fact-hygiene.md	CC-BY-4.0	7	
protocols/c1-preregistration/README.md	CC-BY-4.0	7	
protocols/c1-preregistration/SHA256SUMS	CC-BY-4.0	7	
protocols/c1-preregistration/circuits/CIRCUITS.csv	CC-BY-4.0	7	
protocols/c1-preregistration/circuits/build_all.sh	MIT	6	
protocols/c1-preregistration/circuits/gen.py	MIT	6	
protocols/c1-preregistration/circuits/keys/c1_a4/groth16-setup.log	CC-BY-4.0	7	
protocols/c1-preregistration/circuits/keys/c1_a4/groth16-verify.log	CC-BY-4.0	7	
protocols/c1-preregistration/circuits/keys/c1_a4/groth16.vkey.json	GPL-3.0	4	
protocols/c1-preregistration/circuits/keys/c1_a4/groth16.zkey	GPL-3.0	4	
protocols/c1-preregistration/circuits/keys/c1_a4/groth16Verifier.sol	GPL-3.0	1	embedded notice decides (path rule would give MIT)
protocols/c1-preregistration/circuits/keys/c1_a4/plonk.vkey.json	GPL-3.0	4	
protocols/c1-preregistration/circuits/keys/c1_a4/plonkVerifier.sol	GPL-3.0	1	embedded notice decides (path rule would give MIT)
protocols/c1-preregistration/circuits/keys/c1_a8/groth16-setup.log	CC-BY-4.0	7	
protocols/c1-preregistration/circuits/keys/c1_a8/groth16-verify.log	CC-BY-4.0	7	
protocols/c1-preregistration/circuits/keys/c1_a8/groth16.vkey.json	GPL-3.0	4	
protocols/c1-preregistration/circuits/keys/c1_a8/groth16.zkey	GPL-3.0	4	
protocols/c1-preregistration/circuits/keys/c1_a8/groth16Verifier.sol	GPL-3.0	1	embedded notice decides (path rule would give MIT)
protocols/c1-preregistration/circuits/keys/c1_a8/plonk.vkey.json	GPL-3.0	4	
protocols/c1-preregistration/circuits/keys/c1_a8/plonkVerifier.sol	GPL-3.0	1	embedded notice decides (path rule would give MIT)
protocols/c1-preregistration/circuits/keys/c1_ctx_k02/groth16-setup.log	CC-BY-4.0	7	
protocols/c1-preregistration/circuits/keys/c1_ctx_k02/groth16-verify.log	CC-BY-4.0	7	
protocols/c1-preregistration/circuits/keys/c1_ctx_k02/groth16.vkey.json	GPL-3.0	4	
protocols/c1-preregistration/circuits/keys/c1_ctx_k02/groth16.zkey	GPL-3.0	4	
protocols/c1-preregistration/circuits/keys/c1_ctx_k02/groth16Verifier.sol	GPL-3.0	1	embedded notice decides (path rule would give MIT)
protocols/c1-preregistration/circuits/keys/c1_ctx_k02/plonk.vkey.json	GPL-3.0	4	
protocols/c1-preregistration/circuits/keys/c1_ctx_k02/plonkVerifier.sol	GPL-3.0	1	embedded notice decides (path rule would give MIT)
protocols/c1-preregistration/circuits/keys/c1_ctx_k04/groth16-setup.log	CC-BY-4.0	7	
protocols/c1-preregistration/circuits/keys/c1_ctx_k04/groth16-verify.log	CC-BY-4.0	7	
protocols/c1-preregistration/circuits/keys/c1_ctx_k04/groth16.vkey.json	GPL-3.0	4	
protocols/c1-preregistration/circuits/keys/c1_ctx_k04/groth16.zkey	GPL-3.0	4	
protocols/c1-preregistration/circuits/keys/c1_ctx_k04/groth16Verifier.sol	GPL-3.0	1	embedded notice decides (path rule would give MIT)
protocols/c1-preregistration/circuits/keys/c1_ctx_k04/plonk.vkey.json	GPL-3.0	4	
protocols/c1-preregistration/circuits/keys/c1_ctx_k04/plonkVerifier.sol	GPL-3.0	1	embedded notice decides (path rule would give MIT)
protocols/c1-preregistration/circuits/keys/c1_ctx_k06/groth16-setup.log	CC-BY-4.0	7	
protocols/c1-preregistration/circuits/keys/c1_ctx_k06/groth16-verify.log	CC-BY-4.0	7	
protocols/c1-preregistration/circuits/keys/c1_ctx_k06/groth16.vkey.json	GPL-3.0	4	
protocols/c1-preregistration/circuits/keys/c1_ctx_k06/groth16.zkey	GPL-3.0	4	
protocols/c1-preregistration/circuits/keys/c1_ctx_k06/groth16Verifier.sol	GPL-3.0	1	embedded notice decides (path rule would give MIT)
protocols/c1-preregistration/circuits/keys/c1_ctx_k06/plonk.vkey.json	GPL-3.0	4	
protocols/c1-preregistration/circuits/keys/c1_ctx_k06/plonkVerifier.sol	GPL-3.0	1	embedded notice decides (path rule would give MIT)
protocols/c1-preregistration/circuits/keys/c1_ctx_k08/groth16-setup.log	CC-BY-4.0	7	
protocols/c1-preregistration/circuits/keys/c1_ctx_k08/groth16-verify.log	CC-BY-4.0	7	
protocols/c1-preregistration/circuits/keys/c1_ctx_k08/groth16.vkey.json	GPL-3.0	4	
protocols/c1-preregistration/circuits/keys/c1_ctx_k08/groth16.zkey	GPL-3.0	4	
protocols/c1-preregistration/circuits/keys/c1_ctx_k08/groth16Verifier.sol	GPL-3.0	1	embedded notice decides (path rule would give MIT)
protocols/c1-preregistration/circuits/keys/c1_ctx_k08/plonk.vkey.json	GPL-3.0	4	
protocols/c1-preregistration/circuits/keys/c1_ctx_k08/plonkVerifier.sol	GPL-3.0	1	embedded notice decides (path rule would give MIT)
protocols/c1-preregistration/circuits/keys/c1_ctx_k12/groth16-setup.log	CC-BY-4.0	7	
protocols/c1-preregistration/circuits/keys/c1_ctx_k12/groth16-verify.log	CC-BY-4.0	7	
protocols/c1-preregistration/circuits/keys/c1_ctx_k12/groth16.vkey.json	GPL-3.0	4	
protocols/c1-preregistration/circuits/keys/c1_ctx_k12/groth16.zkey	GPL-3.0	4	
protocols/c1-preregistration/circuits/keys/c1_ctx_k12/groth16Verifier.sol	GPL-3.0	1	embedded notice decides (path rule would give MIT)
protocols/c1-preregistration/circuits/keys/c1_ctx_k12/plonk.vkey.json	GPL-3.0	4	
protocols/c1-preregistration/circuits/keys/c1_ctx_k12/plonkVerifier.sol	GPL-3.0	1	embedded notice decides (path rule would give MIT)
protocols/c1-preregistration/circuits/keys/c1_ctx_k16/groth16-setup.log	CC-BY-4.0	7	
protocols/c1-preregistration/circuits/keys/c1_ctx_k16/groth16-verify.log	CC-BY-4.0	7	
protocols/c1-preregistration/circuits/keys/c1_ctx_k16/groth16.vkey.json	GPL-3.0	4	
protocols/c1-preregistration/circuits/keys/c1_ctx_k16/groth16.zkey	GPL-3.0	4	
protocols/c1-preregistration/circuits/keys/c1_ctx_k16/groth16Verifier.sol	GPL-3.0	1	embedded notice decides (path rule would give MIT)
protocols/c1-preregistration/circuits/keys/c1_ctx_k16/plonk.vkey.json	GPL-3.0	4	
protocols/c1-preregistration/circuits/keys/c1_ctx_k16/plonkVerifier.sol	GPL-3.0	1	embedded notice decides (path rule would give MIT)
protocols/c1-preregistration/circuits/keys/c1_ctx_k24/groth16-setup.log	CC-BY-4.0	7	
protocols/c1-preregistration/circuits/keys/c1_ctx_k24/groth16-verify.log	CC-BY-4.0	7	
protocols/c1-preregistration/circuits/keys/c1_ctx_k24/groth16.vkey.json	GPL-3.0	4	
protocols/c1-preregistration/circuits/keys/c1_ctx_k24/groth16.zkey	GPL-3.0	4	
protocols/c1-preregistration/circuits/keys/c1_ctx_k24/groth16Verifier.sol	GPL-3.0	1	embedded notice decides (path rule would give MIT)
protocols/c1-preregistration/circuits/keys/c1_ctx_k24/plonk.vkey.json	GPL-3.0	4	
protocols/c1-preregistration/circuits/keys/c1_ctx_k24/plonkVerifier.sol	GPL-3.0	1	embedded notice decides (path rule would give MIT)
protocols/c1-preregistration/circuits/keys/c1_ctx_k32/groth16-setup.log	CC-BY-4.0	7	
protocols/c1-preregistration/circuits/keys/c1_ctx_k32/groth16-verify.log	CC-BY-4.0	7	
protocols/c1-preregistration/circuits/keys/c1_ctx_k32/groth16.vkey.json	GPL-3.0	4	
protocols/c1-preregistration/circuits/keys/c1_ctx_k32/groth16.zkey	GPL-3.0	4	
protocols/c1-preregistration/circuits/keys/c1_ctx_k32/groth16Verifier.sol	GPL-3.0	1	embedded notice decides (path rule would give MIT)
protocols/c1-preregistration/circuits/keys/c1_ctx_k32/plonk.vkey.json	GPL-3.0	4	
protocols/c1-preregistration/circuits/keys/c1_ctx_k32/plonkVerifier.sol	GPL-3.0	1	embedded notice decides (path rule would give MIT)
protocols/c1-preregistration/circuits/keys/c1_ctx_k64/groth16-setup.log	CC-BY-4.0	7	
protocols/c1-preregistration/circuits/keys/c1_ctx_k64/groth16-verify.log	CC-BY-4.0	7	
protocols/c1-preregistration/circuits/keys/c1_ctx_k64/groth16.vkey.json	GPL-3.0	4	
protocols/c1-preregistration/circuits/keys/c1_ctx_k64/groth16.zkey	GPL-3.0	4	
protocols/c1-preregistration/circuits/keys/c1_ctx_k64/groth16Verifier.sol	GPL-3.0	1	embedded notice decides (path rule would give MIT)
protocols/c1-preregistration/circuits/keys/c1_ctx_k64/plonk.vkey.json	GPL-3.0	4	
protocols/c1-preregistration/circuits/keys/c1_ctx_k64/plonkVerifier.sol	GPL-3.0	1	embedded notice decides (path rule would give MIT)
protocols/c1-preregistration/circuits/keys/c1_disc_k04/groth16-setup.log	CC-BY-4.0	7	
protocols/c1-preregistration/circuits/keys/c1_disc_k04/groth16-verify.log	CC-BY-4.0	7	
protocols/c1-preregistration/circuits/keys/c1_disc_k04/groth16.vkey.json	GPL-3.0	4	
protocols/c1-preregistration/circuits/keys/c1_disc_k04/groth16.zkey	GPL-3.0	4	
protocols/c1-preregistration/circuits/keys/c1_disc_k04/groth16Verifier.sol	GPL-3.0	1	embedded notice decides (path rule would give MIT)
protocols/c1-preregistration/circuits/keys/c1_disc_k04/plonk.vkey.json	GPL-3.0	4	
protocols/c1-preregistration/circuits/keys/c1_disc_k04/plonkVerifier.sol	GPL-3.0	1	embedded notice decides (path rule would give MIT)
protocols/c1-preregistration/circuits/keys/c1_k01/groth16-setup.log	CC-BY-4.0	7	
protocols/c1-preregistration/circuits/keys/c1_k01/groth16-verify.log	CC-BY-4.0	7	
protocols/c1-preregistration/circuits/keys/c1_k01/groth16.vkey.json	GPL-3.0	4	
protocols/c1-preregistration/circuits/keys/c1_k01/groth16.zkey	GPL-3.0	4	
protocols/c1-preregistration/circuits/keys/c1_k01/groth16Verifier.sol	GPL-3.0	1	embedded notice decides (path rule would give MIT)
protocols/c1-preregistration/circuits/keys/c1_k01/plonk.vkey.json	GPL-3.0	4	
protocols/c1-preregistration/circuits/keys/c1_k01/plonkVerifier.sol	GPL-3.0	1	embedded notice decides (path rule would give MIT)
protocols/c1-preregistration/circuits/setup-summary.txt	CC-BY-4.0	7	
protocols/c1-preregistration/circuits/src/c1_a4.circom	MIT	6	
protocols/c1-preregistration/circuits/src/c1_a8.circom	MIT	6	
protocols/c1-preregistration/circuits/src/c1_ctx_k02.circom	MIT	6	
protocols/c1-preregistration/circuits/src/c1_ctx_k04.circom	MIT	6	
protocols/c1-preregistration/circuits/src/c1_ctx_k06.circom	MIT	6	
protocols/c1-preregistration/circuits/src/c1_ctx_k08.circom	MIT	6	
protocols/c1-preregistration/circuits/src/c1_ctx_k12.circom	MIT	6	
protocols/c1-preregistration/circuits/src/c1_ctx_k16.circom	MIT	6	
protocols/c1-preregistration/circuits/src/c1_ctx_k24.circom	MIT	6	
protocols/c1-preregistration/circuits/src/c1_ctx_k32.circom	MIT	6	
protocols/c1-preregistration/circuits/src/c1_ctx_k64.circom	MIT	6	
protocols/c1-preregistration/circuits/src/c1_disc_k04.circom	MIT	6	
protocols/c1-preregistration/circuits/src/c1_k01.circom	MIT	6	
protocols/c1-preregistration/configs/design-cells.csv	CC-BY-4.0	7	
protocols/c1-preregistration/configs/make_design_cells.py	MIT	6	
protocols/c1-preregistration/corpus/CORPUS-SHA256SUMS	CC-BY-4.0	7	
protocols/c1-preregistration/corpus/corpus-calldata.json	CC-BY-4.0	7	
protocols/c1-preregistration/corpus/corpus-manifest.json	CC-BY-4.0	7	
protocols/c1-preregistration/corpus/corpus_calldata.js	MIT	6	
protocols/c1-preregistration/corpus/gen_corpus.js	MIT	6	
protocols/c1-preregistration/corpus/inputs/a4/j0.json	CC-BY-4.0	7	
protocols/c1-preregistration/corpus/inputs/a4/j1.json	CC-BY-4.0	7	
protocols/c1-preregistration/corpus/inputs/a4/j2.json	CC-BY-4.0	7	
protocols/c1-preregistration/corpus/inputs/a4/j3.json	CC-BY-4.0	7	
protocols/c1-preregistration/corpus/inputs/a4/j4.json	CC-BY-4.0	7	
protocols/c1-preregistration/corpus/inputs/a4/j5.json	CC-BY-4.0	7	
protocols/c1-preregistration/corpus/inputs/a4/j6.json	CC-BY-4.0	7	
protocols/c1-preregistration/corpus/inputs/a4/j7.json	CC-BY-4.0	7	
protocols/c1-preregistration/corpus/inputs/a8/j0.json	CC-BY-4.0	7	
protocols/c1-preregistration/corpus/inputs/a8/j1.json	CC-BY-4.0	7	
protocols/c1-preregistration/corpus/inputs/a8/j2.json	CC-BY-4.0	7	
protocols/c1-preregistration/corpus/inputs/a8/j3.json	CC-BY-4.0	7	
protocols/c1-preregistration/corpus/inputs/a8/j4.json	CC-BY-4.0	7	
protocols/c1-preregistration/corpus/inputs/a8/j5.json	CC-BY-4.0	7	
protocols/c1-preregistration/corpus/inputs/a8/j6.json	CC-BY-4.0	7	
protocols/c1-preregistration/corpus/inputs/a8/j7.json	CC-BY-4.0	7	
protocols/c1-preregistration/corpus/inputs/ctx_k12/j0.json	CC-BY-4.0	7	
protocols/c1-preregistration/corpus/inputs/ctx_k12/j1.json	CC-BY-4.0	7	
protocols/c1-preregistration/corpus/inputs/ctx_k12/j2.json	CC-BY-4.0	7	
protocols/c1-preregistration/corpus/inputs/ctx_k12/j3.json	CC-BY-4.0	7	
protocols/c1-preregistration/corpus/inputs/ctx_k12/j4.json	CC-BY-4.0	7	
protocols/c1-preregistration/corpus/inputs/ctx_k12/j5.json	CC-BY-4.0	7	
protocols/c1-preregistration/corpus/inputs/ctx_k12/j6.json	CC-BY-4.0	7	
protocols/c1-preregistration/corpus/inputs/ctx_k12/j7.json	CC-BY-4.0	7	
protocols/c1-preregistration/corpus/inputs/ctx_k16/j0.json	CC-BY-4.0	7	
protocols/c1-preregistration/corpus/inputs/ctx_k16/j1.json	CC-BY-4.0	7	
protocols/c1-preregistration/corpus/inputs/ctx_k16/j2.json	CC-BY-4.0	7	
protocols/c1-preregistration/corpus/inputs/ctx_k16/j3.json	CC-BY-4.0	7	
protocols/c1-preregistration/corpus/inputs/ctx_k16/j4.json	CC-BY-4.0	7	
protocols/c1-preregistration/corpus/inputs/ctx_k16/j5.json	CC-BY-4.0	7	
protocols/c1-preregistration/corpus/inputs/ctx_k16/j6.json	CC-BY-4.0	7	
protocols/c1-preregistration/corpus/inputs/ctx_k16/j7.json	CC-BY-4.0	7	
protocols/c1-preregistration/corpus/inputs/ctx_k2/j0.json	CC-BY-4.0	7	
protocols/c1-preregistration/corpus/inputs/ctx_k2/j1.json	CC-BY-4.0	7	
protocols/c1-preregistration/corpus/inputs/ctx_k2/j2.json	CC-BY-4.0	7	
protocols/c1-preregistration/corpus/inputs/ctx_k2/j3.json	CC-BY-4.0	7	
protocols/c1-preregistration/corpus/inputs/ctx_k2/j4.json	CC-BY-4.0	7	
protocols/c1-preregistration/corpus/inputs/ctx_k2/j5.json	CC-BY-4.0	7	
protocols/c1-preregistration/corpus/inputs/ctx_k2/j6.json	CC-BY-4.0	7	
protocols/c1-preregistration/corpus/inputs/ctx_k2/j7.json	CC-BY-4.0	7	
protocols/c1-preregistration/corpus/inputs/ctx_k24/j0.json	CC-BY-4.0	7	
protocols/c1-preregistration/corpus/inputs/ctx_k24/j1.json	CC-BY-4.0	7	
protocols/c1-preregistration/corpus/inputs/ctx_k24/j2.json	CC-BY-4.0	7	
protocols/c1-preregistration/corpus/inputs/ctx_k24/j3.json	CC-BY-4.0	7	
protocols/c1-preregistration/corpus/inputs/ctx_k24/j4.json	CC-BY-4.0	7	
protocols/c1-preregistration/corpus/inputs/ctx_k24/j5.json	CC-BY-4.0	7	
protocols/c1-preregistration/corpus/inputs/ctx_k24/j6.json	CC-BY-4.0	7	
protocols/c1-preregistration/corpus/inputs/ctx_k24/j7.json	CC-BY-4.0	7	
protocols/c1-preregistration/corpus/inputs/ctx_k32/j0.json	CC-BY-4.0	7	
protocols/c1-preregistration/corpus/inputs/ctx_k32/j1.json	CC-BY-4.0	7	
protocols/c1-preregistration/corpus/inputs/ctx_k32/j2.json	CC-BY-4.0	7	
protocols/c1-preregistration/corpus/inputs/ctx_k32/j3.json	CC-BY-4.0	7	
protocols/c1-preregistration/corpus/inputs/ctx_k32/j4.json	CC-BY-4.0	7	
protocols/c1-preregistration/corpus/inputs/ctx_k32/j5.json	CC-BY-4.0	7	
protocols/c1-preregistration/corpus/inputs/ctx_k32/j6.json	CC-BY-4.0	7	
protocols/c1-preregistration/corpus/inputs/ctx_k32/j7.json	CC-BY-4.0	7	
protocols/c1-preregistration/corpus/inputs/ctx_k4/j0.json	CC-BY-4.0	7	
protocols/c1-preregistration/corpus/inputs/ctx_k4/j1.json	CC-BY-4.0	7	
protocols/c1-preregistration/corpus/inputs/ctx_k4/j2.json	CC-BY-4.0	7	
protocols/c1-preregistration/corpus/inputs/ctx_k4/j3.json	CC-BY-4.0	7	
protocols/c1-preregistration/corpus/inputs/ctx_k4/j4.json	CC-BY-4.0	7	
protocols/c1-preregistration/corpus/inputs/ctx_k4/j5.json	CC-BY-4.0	7	
protocols/c1-preregistration/corpus/inputs/ctx_k4/j6.json	CC-BY-4.0	7	
protocols/c1-preregistration/corpus/inputs/ctx_k4/j7.json	CC-BY-4.0	7	
protocols/c1-preregistration/corpus/inputs/ctx_k6/j0.json	CC-BY-4.0	7	
protocols/c1-preregistration/corpus/inputs/ctx_k6/j1.json	CC-BY-4.0	7	
protocols/c1-preregistration/corpus/inputs/ctx_k6/j2.json	CC-BY-4.0	7	
protocols/c1-preregistration/corpus/inputs/ctx_k6/j3.json	CC-BY-4.0	7	
protocols/c1-preregistration/corpus/inputs/ctx_k6/j4.json	CC-BY-4.0	7	
protocols/c1-preregistration/corpus/inputs/ctx_k6/j5.json	CC-BY-4.0	7	
protocols/c1-preregistration/corpus/inputs/ctx_k6/j6.json	CC-BY-4.0	7	
protocols/c1-preregistration/corpus/inputs/ctx_k6/j7.json	CC-BY-4.0	7	
protocols/c1-preregistration/corpus/inputs/ctx_k64/j0.json	CC-BY-4.0	7	
protocols/c1-preregistration/corpus/inputs/ctx_k64/j1.json	CC-BY-4.0	7	
protocols/c1-preregistration/corpus/inputs/ctx_k64/j2.json	CC-BY-4.0	7	
protocols/c1-preregistration/corpus/inputs/ctx_k64/j3.json	CC-BY-4.0	7	
protocols/c1-preregistration/corpus/inputs/ctx_k64/j4.json	CC-BY-4.0	7	
protocols/c1-preregistration/corpus/inputs/ctx_k64/j5.json	CC-BY-4.0	7	
protocols/c1-preregistration/corpus/inputs/ctx_k64/j6.json	CC-BY-4.0	7	
protocols/c1-preregistration/corpus/inputs/ctx_k64/j7.json	CC-BY-4.0	7	
protocols/c1-preregistration/corpus/inputs/ctx_k8/j0.json	CC-BY-4.0	7	
protocols/c1-preregistration/corpus/inputs/ctx_k8/j1.json	CC-BY-4.0	7	
protocols/c1-preregistration/corpus/inputs/ctx_k8/j2.json	CC-BY-4.0	7	
protocols/c1-preregistration/corpus/inputs/ctx_k8/j3.json	CC-BY-4.0	7	
protocols/c1-preregistration/corpus/inputs/ctx_k8/j4.json	CC-BY-4.0	7	
protocols/c1-preregistration/corpus/inputs/ctx_k8/j5.json	CC-BY-4.0	7	
protocols/c1-preregistration/corpus/inputs/ctx_k8/j6.json	CC-BY-4.0	7	
protocols/c1-preregistration/corpus/inputs/ctx_k8/j7.json	CC-BY-4.0	7	
protocols/c1-preregistration/corpus/inputs/disc_k4/j0.json	CC-BY-4.0	7	
protocols/c1-preregistration/corpus/inputs/disc_k4/j1.json	CC-BY-4.0	7	
protocols/c1-preregistration/corpus/inputs/disc_k4/j2.json	CC-BY-4.0	7	
protocols/c1-preregistration/corpus/inputs/disc_k4/j3.json	CC-BY-4.0	7	
protocols/c1-preregistration/corpus/inputs/disc_k4/j4.json	CC-BY-4.0	7	
protocols/c1-preregistration/corpus/inputs/disc_k4/j5.json	CC-BY-4.0	7	
protocols/c1-preregistration/corpus/inputs/disc_k4/j6.json	CC-BY-4.0	7	
protocols/c1-preregistration/corpus/inputs/disc_k4/j7.json	CC-BY-4.0	7	
protocols/c1-preregistration/corpus/inputs/v1/j0.json	CC-BY-4.0	7	
protocols/c1-preregistration/corpus/inputs/v1/j1.json	CC-BY-4.0	7	
protocols/c1-preregistration/corpus/inputs/v1/j2.json	CC-BY-4.0	7	
protocols/c1-preregistration/corpus/inputs/v1/j3.json	CC-BY-4.0	7	
protocols/c1-preregistration/corpus/inputs/v1/j4.json	CC-BY-4.0	7	
protocols/c1-preregistration/corpus/inputs/v1/j5.json	CC-BY-4.0	7	
protocols/c1-preregistration/corpus/inputs/v1/j6.json	CC-BY-4.0	7	
protocols/c1-preregistration/corpus/inputs/v1/j7.json	CC-BY-4.0	7	
protocols/c1-preregistration/corpus/proofs/c1_a4/groth16-j0.json	CC-BY-4.0	7	
protocols/c1-preregistration/corpus/proofs/c1_a4/groth16-j1.json	CC-BY-4.0	7	
protocols/c1-preregistration/corpus/proofs/c1_a4/groth16-j2.json	CC-BY-4.0	7	
protocols/c1-preregistration/corpus/proofs/c1_a4/groth16-j3.json	CC-BY-4.0	7	
protocols/c1-preregistration/corpus/proofs/c1_a4/groth16-j4.json	CC-BY-4.0	7	
protocols/c1-preregistration/corpus/proofs/c1_a4/groth16-j5.json	CC-BY-4.0	7	
protocols/c1-preregistration/corpus/proofs/c1_a4/groth16-j6.json	CC-BY-4.0	7	
protocols/c1-preregistration/corpus/proofs/c1_a4/groth16-j7.json	CC-BY-4.0	7	
protocols/c1-preregistration/corpus/proofs/c1_a4/plonk-j0.json	CC-BY-4.0	7	
protocols/c1-preregistration/corpus/proofs/c1_a4/plonk-j1.json	CC-BY-4.0	7	
protocols/c1-preregistration/corpus/proofs/c1_a4/plonk-j2.json	CC-BY-4.0	7	
protocols/c1-preregistration/corpus/proofs/c1_a4/plonk-j3.json	CC-BY-4.0	7	
protocols/c1-preregistration/corpus/proofs/c1_a4/plonk-j4.json	CC-BY-4.0	7	
protocols/c1-preregistration/corpus/proofs/c1_a4/plonk-j5.json	CC-BY-4.0	7	
protocols/c1-preregistration/corpus/proofs/c1_a4/plonk-j6.json	CC-BY-4.0	7	
protocols/c1-preregistration/corpus/proofs/c1_a4/plonk-j7.json	CC-BY-4.0	7	
protocols/c1-preregistration/corpus/proofs/c1_a8/groth16-j0.json	CC-BY-4.0	7	
protocols/c1-preregistration/corpus/proofs/c1_a8/groth16-j1.json	CC-BY-4.0	7	
protocols/c1-preregistration/corpus/proofs/c1_a8/groth16-j2.json	CC-BY-4.0	7	
protocols/c1-preregistration/corpus/proofs/c1_a8/groth16-j3.json	CC-BY-4.0	7	
protocols/c1-preregistration/corpus/proofs/c1_a8/groth16-j4.json	CC-BY-4.0	7	
protocols/c1-preregistration/corpus/proofs/c1_a8/groth16-j5.json	CC-BY-4.0	7	
protocols/c1-preregistration/corpus/proofs/c1_a8/groth16-j6.json	CC-BY-4.0	7	
protocols/c1-preregistration/corpus/proofs/c1_a8/groth16-j7.json	CC-BY-4.0	7	
protocols/c1-preregistration/corpus/proofs/c1_a8/plonk-j0.json	CC-BY-4.0	7	
protocols/c1-preregistration/corpus/proofs/c1_a8/plonk-j1.json	CC-BY-4.0	7	
protocols/c1-preregistration/corpus/proofs/c1_a8/plonk-j2.json	CC-BY-4.0	7	
protocols/c1-preregistration/corpus/proofs/c1_a8/plonk-j3.json	CC-BY-4.0	7	
protocols/c1-preregistration/corpus/proofs/c1_a8/plonk-j4.json	CC-BY-4.0	7	
protocols/c1-preregistration/corpus/proofs/c1_a8/plonk-j5.json	CC-BY-4.0	7	
protocols/c1-preregistration/corpus/proofs/c1_a8/plonk-j6.json	CC-BY-4.0	7	
protocols/c1-preregistration/corpus/proofs/c1_a8/plonk-j7.json	CC-BY-4.0	7	
protocols/c1-preregistration/corpus/proofs/c1_ctx_k02/groth16-j0.json	CC-BY-4.0	7	
protocols/c1-preregistration/corpus/proofs/c1_ctx_k02/groth16-j1.json	CC-BY-4.0	7	
protocols/c1-preregistration/corpus/proofs/c1_ctx_k02/groth16-j2.json	CC-BY-4.0	7	
protocols/c1-preregistration/corpus/proofs/c1_ctx_k02/groth16-j3.json	CC-BY-4.0	7	
protocols/c1-preregistration/corpus/proofs/c1_ctx_k02/groth16-j4.json	CC-BY-4.0	7	
protocols/c1-preregistration/corpus/proofs/c1_ctx_k02/groth16-j5.json	CC-BY-4.0	7	
protocols/c1-preregistration/corpus/proofs/c1_ctx_k02/groth16-j6.json	CC-BY-4.0	7	
protocols/c1-preregistration/corpus/proofs/c1_ctx_k02/groth16-j7.json	CC-BY-4.0	7	
protocols/c1-preregistration/corpus/proofs/c1_ctx_k02/plonk-j0.json	CC-BY-4.0	7	
protocols/c1-preregistration/corpus/proofs/c1_ctx_k02/plonk-j1.json	CC-BY-4.0	7	
protocols/c1-preregistration/corpus/proofs/c1_ctx_k02/plonk-j2.json	CC-BY-4.0	7	
protocols/c1-preregistration/corpus/proofs/c1_ctx_k02/plonk-j3.json	CC-BY-4.0	7	
protocols/c1-preregistration/corpus/proofs/c1_ctx_k02/plonk-j4.json	CC-BY-4.0	7	
protocols/c1-preregistration/corpus/proofs/c1_ctx_k02/plonk-j5.json	CC-BY-4.0	7	
protocols/c1-preregistration/corpus/proofs/c1_ctx_k02/plonk-j6.json	CC-BY-4.0	7	
protocols/c1-preregistration/corpus/proofs/c1_ctx_k02/plonk-j7.json	CC-BY-4.0	7	
protocols/c1-preregistration/corpus/proofs/c1_ctx_k04/groth16-j0.json	CC-BY-4.0	7	
protocols/c1-preregistration/corpus/proofs/c1_ctx_k04/groth16-j1.json	CC-BY-4.0	7	
protocols/c1-preregistration/corpus/proofs/c1_ctx_k04/groth16-j2.json	CC-BY-4.0	7	
protocols/c1-preregistration/corpus/proofs/c1_ctx_k04/groth16-j3.json	CC-BY-4.0	7	
protocols/c1-preregistration/corpus/proofs/c1_ctx_k04/groth16-j4.json	CC-BY-4.0	7	
protocols/c1-preregistration/corpus/proofs/c1_ctx_k04/groth16-j5.json	CC-BY-4.0	7	
protocols/c1-preregistration/corpus/proofs/c1_ctx_k04/groth16-j6.json	CC-BY-4.0	7	
protocols/c1-preregistration/corpus/proofs/c1_ctx_k04/groth16-j7.json	CC-BY-4.0	7	
protocols/c1-preregistration/corpus/proofs/c1_ctx_k04/plonk-j0.json	CC-BY-4.0	7	
protocols/c1-preregistration/corpus/proofs/c1_ctx_k04/plonk-j1.json	CC-BY-4.0	7	
protocols/c1-preregistration/corpus/proofs/c1_ctx_k04/plonk-j2.json	CC-BY-4.0	7	
protocols/c1-preregistration/corpus/proofs/c1_ctx_k04/plonk-j3.json	CC-BY-4.0	7	
protocols/c1-preregistration/corpus/proofs/c1_ctx_k04/plonk-j4.json	CC-BY-4.0	7	
protocols/c1-preregistration/corpus/proofs/c1_ctx_k04/plonk-j5.json	CC-BY-4.0	7	
protocols/c1-preregistration/corpus/proofs/c1_ctx_k04/plonk-j6.json	CC-BY-4.0	7	
protocols/c1-preregistration/corpus/proofs/c1_ctx_k04/plonk-j7.json	CC-BY-4.0	7	
protocols/c1-preregistration/corpus/proofs/c1_ctx_k06/groth16-j0.json	CC-BY-4.0	7	
protocols/c1-preregistration/corpus/proofs/c1_ctx_k06/groth16-j1.json	CC-BY-4.0	7	
protocols/c1-preregistration/corpus/proofs/c1_ctx_k06/groth16-j2.json	CC-BY-4.0	7	
protocols/c1-preregistration/corpus/proofs/c1_ctx_k06/groth16-j3.json	CC-BY-4.0	7	
protocols/c1-preregistration/corpus/proofs/c1_ctx_k06/groth16-j4.json	CC-BY-4.0	7	
protocols/c1-preregistration/corpus/proofs/c1_ctx_k06/groth16-j5.json	CC-BY-4.0	7	
protocols/c1-preregistration/corpus/proofs/c1_ctx_k06/groth16-j6.json	CC-BY-4.0	7	
protocols/c1-preregistration/corpus/proofs/c1_ctx_k06/groth16-j7.json	CC-BY-4.0	7	
protocols/c1-preregistration/corpus/proofs/c1_ctx_k06/plonk-j0.json	CC-BY-4.0	7	
protocols/c1-preregistration/corpus/proofs/c1_ctx_k06/plonk-j1.json	CC-BY-4.0	7	
protocols/c1-preregistration/corpus/proofs/c1_ctx_k06/plonk-j2.json	CC-BY-4.0	7	
protocols/c1-preregistration/corpus/proofs/c1_ctx_k06/plonk-j3.json	CC-BY-4.0	7	
protocols/c1-preregistration/corpus/proofs/c1_ctx_k06/plonk-j4.json	CC-BY-4.0	7	
protocols/c1-preregistration/corpus/proofs/c1_ctx_k06/plonk-j5.json	CC-BY-4.0	7	
protocols/c1-preregistration/corpus/proofs/c1_ctx_k06/plonk-j6.json	CC-BY-4.0	7	
protocols/c1-preregistration/corpus/proofs/c1_ctx_k06/plonk-j7.json	CC-BY-4.0	7	
protocols/c1-preregistration/corpus/proofs/c1_ctx_k08/groth16-j0.json	CC-BY-4.0	7	
protocols/c1-preregistration/corpus/proofs/c1_ctx_k08/groth16-j1.json	CC-BY-4.0	7	
protocols/c1-preregistration/corpus/proofs/c1_ctx_k08/groth16-j2.json	CC-BY-4.0	7	
protocols/c1-preregistration/corpus/proofs/c1_ctx_k08/groth16-j3.json	CC-BY-4.0	7	
protocols/c1-preregistration/corpus/proofs/c1_ctx_k08/groth16-j4.json	CC-BY-4.0	7	
protocols/c1-preregistration/corpus/proofs/c1_ctx_k08/groth16-j5.json	CC-BY-4.0	7	
protocols/c1-preregistration/corpus/proofs/c1_ctx_k08/groth16-j6.json	CC-BY-4.0	7	
protocols/c1-preregistration/corpus/proofs/c1_ctx_k08/groth16-j7.json	CC-BY-4.0	7	
protocols/c1-preregistration/corpus/proofs/c1_ctx_k08/plonk-j0.json	CC-BY-4.0	7	
protocols/c1-preregistration/corpus/proofs/c1_ctx_k08/plonk-j1.json	CC-BY-4.0	7	
protocols/c1-preregistration/corpus/proofs/c1_ctx_k08/plonk-j2.json	CC-BY-4.0	7	
protocols/c1-preregistration/corpus/proofs/c1_ctx_k08/plonk-j3.json	CC-BY-4.0	7	
protocols/c1-preregistration/corpus/proofs/c1_ctx_k08/plonk-j4.json	CC-BY-4.0	7	
protocols/c1-preregistration/corpus/proofs/c1_ctx_k08/plonk-j5.json	CC-BY-4.0	7	
protocols/c1-preregistration/corpus/proofs/c1_ctx_k08/plonk-j6.json	CC-BY-4.0	7	
protocols/c1-preregistration/corpus/proofs/c1_ctx_k08/plonk-j7.json	CC-BY-4.0	7	
protocols/c1-preregistration/corpus/proofs/c1_ctx_k12/groth16-j0.json	CC-BY-4.0	7	
protocols/c1-preregistration/corpus/proofs/c1_ctx_k12/groth16-j1.json	CC-BY-4.0	7	
protocols/c1-preregistration/corpus/proofs/c1_ctx_k12/groth16-j2.json	CC-BY-4.0	7	
protocols/c1-preregistration/corpus/proofs/c1_ctx_k12/groth16-j3.json	CC-BY-4.0	7	
protocols/c1-preregistration/corpus/proofs/c1_ctx_k12/groth16-j4.json	CC-BY-4.0	7	
protocols/c1-preregistration/corpus/proofs/c1_ctx_k12/groth16-j5.json	CC-BY-4.0	7	
protocols/c1-preregistration/corpus/proofs/c1_ctx_k12/groth16-j6.json	CC-BY-4.0	7	
protocols/c1-preregistration/corpus/proofs/c1_ctx_k12/groth16-j7.json	CC-BY-4.0	7	
protocols/c1-preregistration/corpus/proofs/c1_ctx_k12/plonk-j0.json	CC-BY-4.0	7	
protocols/c1-preregistration/corpus/proofs/c1_ctx_k12/plonk-j1.json	CC-BY-4.0	7	
protocols/c1-preregistration/corpus/proofs/c1_ctx_k12/plonk-j2.json	CC-BY-4.0	7	
protocols/c1-preregistration/corpus/proofs/c1_ctx_k12/plonk-j3.json	CC-BY-4.0	7	
protocols/c1-preregistration/corpus/proofs/c1_ctx_k12/plonk-j4.json	CC-BY-4.0	7	
protocols/c1-preregistration/corpus/proofs/c1_ctx_k12/plonk-j5.json	CC-BY-4.0	7	
protocols/c1-preregistration/corpus/proofs/c1_ctx_k12/plonk-j6.json	CC-BY-4.0	7	
protocols/c1-preregistration/corpus/proofs/c1_ctx_k12/plonk-j7.json	CC-BY-4.0	7	
protocols/c1-preregistration/corpus/proofs/c1_ctx_k16/groth16-j0.json	CC-BY-4.0	7	
protocols/c1-preregistration/corpus/proofs/c1_ctx_k16/groth16-j1.json	CC-BY-4.0	7	
protocols/c1-preregistration/corpus/proofs/c1_ctx_k16/groth16-j2.json	CC-BY-4.0	7	
protocols/c1-preregistration/corpus/proofs/c1_ctx_k16/groth16-j3.json	CC-BY-4.0	7	
protocols/c1-preregistration/corpus/proofs/c1_ctx_k16/groth16-j4.json	CC-BY-4.0	7	
protocols/c1-preregistration/corpus/proofs/c1_ctx_k16/groth16-j5.json	CC-BY-4.0	7	
protocols/c1-preregistration/corpus/proofs/c1_ctx_k16/groth16-j6.json	CC-BY-4.0	7	
protocols/c1-preregistration/corpus/proofs/c1_ctx_k16/groth16-j7.json	CC-BY-4.0	7	
protocols/c1-preregistration/corpus/proofs/c1_ctx_k16/plonk-j0.json	CC-BY-4.0	7	
protocols/c1-preregistration/corpus/proofs/c1_ctx_k16/plonk-j1.json	CC-BY-4.0	7	
protocols/c1-preregistration/corpus/proofs/c1_ctx_k16/plonk-j2.json	CC-BY-4.0	7	
protocols/c1-preregistration/corpus/proofs/c1_ctx_k16/plonk-j3.json	CC-BY-4.0	7	
protocols/c1-preregistration/corpus/proofs/c1_ctx_k16/plonk-j4.json	CC-BY-4.0	7	
protocols/c1-preregistration/corpus/proofs/c1_ctx_k16/plonk-j5.json	CC-BY-4.0	7	
protocols/c1-preregistration/corpus/proofs/c1_ctx_k16/plonk-j6.json	CC-BY-4.0	7	
protocols/c1-preregistration/corpus/proofs/c1_ctx_k16/plonk-j7.json	CC-BY-4.0	7	
protocols/c1-preregistration/corpus/proofs/c1_ctx_k24/groth16-j0.json	CC-BY-4.0	7	
protocols/c1-preregistration/corpus/proofs/c1_ctx_k24/groth16-j1.json	CC-BY-4.0	7	
protocols/c1-preregistration/corpus/proofs/c1_ctx_k24/groth16-j2.json	CC-BY-4.0	7	
protocols/c1-preregistration/corpus/proofs/c1_ctx_k24/groth16-j3.json	CC-BY-4.0	7	
protocols/c1-preregistration/corpus/proofs/c1_ctx_k24/groth16-j4.json	CC-BY-4.0	7	
protocols/c1-preregistration/corpus/proofs/c1_ctx_k24/groth16-j5.json	CC-BY-4.0	7	
protocols/c1-preregistration/corpus/proofs/c1_ctx_k24/groth16-j6.json	CC-BY-4.0	7	
protocols/c1-preregistration/corpus/proofs/c1_ctx_k24/groth16-j7.json	CC-BY-4.0	7	
protocols/c1-preregistration/corpus/proofs/c1_ctx_k24/plonk-j0.json	CC-BY-4.0	7	
protocols/c1-preregistration/corpus/proofs/c1_ctx_k24/plonk-j1.json	CC-BY-4.0	7	
protocols/c1-preregistration/corpus/proofs/c1_ctx_k24/plonk-j2.json	CC-BY-4.0	7	
protocols/c1-preregistration/corpus/proofs/c1_ctx_k24/plonk-j3.json	CC-BY-4.0	7	
protocols/c1-preregistration/corpus/proofs/c1_ctx_k24/plonk-j4.json	CC-BY-4.0	7	
protocols/c1-preregistration/corpus/proofs/c1_ctx_k24/plonk-j5.json	CC-BY-4.0	7	
protocols/c1-preregistration/corpus/proofs/c1_ctx_k24/plonk-j6.json	CC-BY-4.0	7	
protocols/c1-preregistration/corpus/proofs/c1_ctx_k24/plonk-j7.json	CC-BY-4.0	7	
protocols/c1-preregistration/corpus/proofs/c1_ctx_k32/groth16-j0.json	CC-BY-4.0	7	
protocols/c1-preregistration/corpus/proofs/c1_ctx_k32/groth16-j1.json	CC-BY-4.0	7	
protocols/c1-preregistration/corpus/proofs/c1_ctx_k32/groth16-j2.json	CC-BY-4.0	7	
protocols/c1-preregistration/corpus/proofs/c1_ctx_k32/groth16-j3.json	CC-BY-4.0	7	
protocols/c1-preregistration/corpus/proofs/c1_ctx_k32/groth16-j4.json	CC-BY-4.0	7	
protocols/c1-preregistration/corpus/proofs/c1_ctx_k32/groth16-j5.json	CC-BY-4.0	7	
protocols/c1-preregistration/corpus/proofs/c1_ctx_k32/groth16-j6.json	CC-BY-4.0	7	
protocols/c1-preregistration/corpus/proofs/c1_ctx_k32/groth16-j7.json	CC-BY-4.0	7	
protocols/c1-preregistration/corpus/proofs/c1_ctx_k32/plonk-j0.json	CC-BY-4.0	7	
protocols/c1-preregistration/corpus/proofs/c1_ctx_k32/plonk-j1.json	CC-BY-4.0	7	
protocols/c1-preregistration/corpus/proofs/c1_ctx_k32/plonk-j2.json	CC-BY-4.0	7	
protocols/c1-preregistration/corpus/proofs/c1_ctx_k32/plonk-j3.json	CC-BY-4.0	7	
protocols/c1-preregistration/corpus/proofs/c1_ctx_k32/plonk-j4.json	CC-BY-4.0	7	
protocols/c1-preregistration/corpus/proofs/c1_ctx_k32/plonk-j5.json	CC-BY-4.0	7	
protocols/c1-preregistration/corpus/proofs/c1_ctx_k32/plonk-j6.json	CC-BY-4.0	7	
protocols/c1-preregistration/corpus/proofs/c1_ctx_k32/plonk-j7.json	CC-BY-4.0	7	
protocols/c1-preregistration/corpus/proofs/c1_ctx_k64/groth16-j0.json	CC-BY-4.0	7	
protocols/c1-preregistration/corpus/proofs/c1_ctx_k64/groth16-j1.json	CC-BY-4.0	7	
protocols/c1-preregistration/corpus/proofs/c1_ctx_k64/groth16-j2.json	CC-BY-4.0	7	
protocols/c1-preregistration/corpus/proofs/c1_ctx_k64/groth16-j3.json	CC-BY-4.0	7	
protocols/c1-preregistration/corpus/proofs/c1_ctx_k64/groth16-j4.json	CC-BY-4.0	7	
protocols/c1-preregistration/corpus/proofs/c1_ctx_k64/groth16-j5.json	CC-BY-4.0	7	
protocols/c1-preregistration/corpus/proofs/c1_ctx_k64/groth16-j6.json	CC-BY-4.0	7	
protocols/c1-preregistration/corpus/proofs/c1_ctx_k64/groth16-j7.json	CC-BY-4.0	7	
protocols/c1-preregistration/corpus/proofs/c1_ctx_k64/plonk-j0.json	CC-BY-4.0	7	
protocols/c1-preregistration/corpus/proofs/c1_ctx_k64/plonk-j1.json	CC-BY-4.0	7	
protocols/c1-preregistration/corpus/proofs/c1_ctx_k64/plonk-j2.json	CC-BY-4.0	7	
protocols/c1-preregistration/corpus/proofs/c1_ctx_k64/plonk-j3.json	CC-BY-4.0	7	
protocols/c1-preregistration/corpus/proofs/c1_ctx_k64/plonk-j4.json	CC-BY-4.0	7	
protocols/c1-preregistration/corpus/proofs/c1_ctx_k64/plonk-j5.json	CC-BY-4.0	7	
protocols/c1-preregistration/corpus/proofs/c1_ctx_k64/plonk-j6.json	CC-BY-4.0	7	
protocols/c1-preregistration/corpus/proofs/c1_ctx_k64/plonk-j7.json	CC-BY-4.0	7	
protocols/c1-preregistration/corpus/proofs/c1_disc_k04/groth16-j0.json	CC-BY-4.0	7	
protocols/c1-preregistration/corpus/proofs/c1_disc_k04/groth16-j1.json	CC-BY-4.0	7	
protocols/c1-preregistration/corpus/proofs/c1_disc_k04/groth16-j2.json	CC-BY-4.0	7	
protocols/c1-preregistration/corpus/proofs/c1_disc_k04/groth16-j3.json	CC-BY-4.0	7	
protocols/c1-preregistration/corpus/proofs/c1_disc_k04/groth16-j4.json	CC-BY-4.0	7	
protocols/c1-preregistration/corpus/proofs/c1_disc_k04/groth16-j5.json	CC-BY-4.0	7	
protocols/c1-preregistration/corpus/proofs/c1_disc_k04/groth16-j6.json	CC-BY-4.0	7	
protocols/c1-preregistration/corpus/proofs/c1_disc_k04/groth16-j7.json	CC-BY-4.0	7	
protocols/c1-preregistration/corpus/proofs/c1_disc_k04/plonk-j0.json	CC-BY-4.0	7	
protocols/c1-preregistration/corpus/proofs/c1_disc_k04/plonk-j1.json	CC-BY-4.0	7	
protocols/c1-preregistration/corpus/proofs/c1_disc_k04/plonk-j2.json	CC-BY-4.0	7	
protocols/c1-preregistration/corpus/proofs/c1_disc_k04/plonk-j3.json	CC-BY-4.0	7	
protocols/c1-preregistration/corpus/proofs/c1_disc_k04/plonk-j4.json	CC-BY-4.0	7	
protocols/c1-preregistration/corpus/proofs/c1_disc_k04/plonk-j5.json	CC-BY-4.0	7	
protocols/c1-preregistration/corpus/proofs/c1_disc_k04/plonk-j6.json	CC-BY-4.0	7	
protocols/c1-preregistration/corpus/proofs/c1_disc_k04/plonk-j7.json	CC-BY-4.0	7	
protocols/c1-preregistration/corpus/proofs/c1_k01/groth16-j0.json	CC-BY-4.0	7	
protocols/c1-preregistration/corpus/proofs/c1_k01/groth16-j1.json	CC-BY-4.0	7	
protocols/c1-preregistration/corpus/proofs/c1_k01/groth16-j2.json	CC-BY-4.0	7	
protocols/c1-preregistration/corpus/proofs/c1_k01/groth16-j3.json	CC-BY-4.0	7	
protocols/c1-preregistration/corpus/proofs/c1_k01/groth16-j4.json	CC-BY-4.0	7	
protocols/c1-preregistration/corpus/proofs/c1_k01/groth16-j5.json	CC-BY-4.0	7	
protocols/c1-preregistration/corpus/proofs/c1_k01/groth16-j6.json	CC-BY-4.0	7	
protocols/c1-preregistration/corpus/proofs/c1_k01/groth16-j7.json	CC-BY-4.0	7	
protocols/c1-preregistration/corpus/proofs/c1_k01/plonk-j0.json	CC-BY-4.0	7	
protocols/c1-preregistration/corpus/proofs/c1_k01/plonk-j1.json	CC-BY-4.0	7	
protocols/c1-preregistration/corpus/proofs/c1_k01/plonk-j2.json	CC-BY-4.0	7	
protocols/c1-preregistration/corpus/proofs/c1_k01/plonk-j3.json	CC-BY-4.0	7	
protocols/c1-preregistration/corpus/proofs/c1_k01/plonk-j4.json	CC-BY-4.0	7	
protocols/c1-preregistration/corpus/proofs/c1_k01/plonk-j5.json	CC-BY-4.0	7	
protocols/c1-preregistration/corpus/proofs/c1_k01/plonk-j6.json	CC-BY-4.0	7	
protocols/c1-preregistration/corpus/proofs/c1_k01/plonk-j7.json	CC-BY-4.0	7	
protocols/c1-preregistration/corpus/prove-log.jsonl	CC-BY-4.0	7	
protocols/c1-preregistration/corpus/prove_all.sh	MIT	6	
protocols/c1-preregistration/corpus/prove_corpus.js	MIT	6	
protocols/c1-preregistration/model/c1_model.py	MIT	6	
protocols/c1-preregistration/model/c1_predict.py	MIT	6	
protocols/c1-preregistration/model/check_trace_model.py	MIT	6	
protocols/c1-preregistration/model/make_ledger.py	MIT	6	
protocols/c1-preregistration/model/make_matrix.py	MIT	6	
protocols/c1-preregistration/model/render_tables.py	MIT	6	
protocols/c1-preregistration/model/zkos_native_trace_model.py	MIT	6	
protocols/c1-preregistration/scoring/score_c1.py	MIT	6	
protocols/c1-preregistration/test/p0_to_mock_evidence.py	MIT	6	
protocols/c1-preregistration/test/scorer-selftest-summary.json	CC-BY-4.0	7	
protocols/c1-preregistration/toolchain/PINS-C1.txt	CC-BY-4.0	7	
protocols/c1-preregistration/toolchain/zksync-os-v0.4.0-cost_constants.rs	MIT OR Apache-2.0	5	
protocols/c1-preregistration/toolchain/zksync-os-v0.4.0-native_resource_constants.rs	MIT OR Apache-2.0	5	
protocols/c1-preregistration/toolchain/zksync-os-v0.4.0-zk_ee_constants.rs	MIT OR Apache-2.0	5	
protocols/c1-preregistration/version-selection/zkos-v32.0-smoke-runs.json	CC-BY-4.0	7	
protocols/c2-forward-test/stage1/01-purpose-chronology-and-claim-boundary.md	CC-BY-4.0	7	
protocols/c2-forward-test/stage1/02-model-ledger.csv	CC-BY-4.0	7	
protocols/c2-forward-test/stage1/02-model-ledger.md	CC-BY-4.0	7	
protocols/c2-forward-test/stage1/03-calibration.md	CC-BY-4.0	7	
protocols/c2-forward-test/stage1/04-prediction-procedure.md	CC-BY-4.0	7	
protocols/c2-forward-test/stage1/05-target-cells.md	CC-BY-4.0	7	
protocols/c2-forward-test/stage1/06-criteria-and-falsifiers.md	CC-BY-4.0	7	
protocols/c2-forward-test/stage1/07-relation-to-C1-H8.md	CC-BY-4.0	7	
protocols/c2-forward-test/stage1/08-deviations-and-amendments.md	CC-BY-4.0	7	
protocols/c2-forward-test/stage1/FROZEN-UTC.txt	CC-BY-4.0	7	
protocols/c2-forward-test/stage1/INPUT-HASHES.txt	CC-BY-4.0	7	
protocols/c2-forward-test/stage1/README.md	CC-BY-4.0	7	
protocols/c2-forward-test/stage1/SHA256SUMS	CC-BY-4.0	7	
protocols/c2-forward-test/stage1/SOURCE-FILES-SHA256-M7A.txt	CC-BY-4.0	7	
protocols/c2-forward-test/stage1/calibration/C2-CALIBRATION.json	CC-BY-4.0	7	
protocols/c2-forward-test/stage1/calibration/C2-INTERNAL-CHECK.json	CC-BY-4.0	7	
protocols/c2-forward-test/stage1/calibration/calibration-manifest.json	CC-BY-4.0	7	
protocols/c2-forward-test/stage1/calibration/calibration-structural.jsonl	CC-BY-4.0	7	
protocols/c2-forward-test/stage1/calibration/check-manifest.json	CC-BY-4.0	7	
protocols/c2-forward-test/stage1/calibration/check-structural.jsonl	CC-BY-4.0	7	
protocols/c2-forward-test/stage1/code/c2_calibrate.py	MIT	6	
protocols/c2-forward-test/stage1/code/c2_internal_check.py	MIT	6	
protocols/c2-forward-test/stage1/code/c2_model.py	MIT	6	
protocols/c2-forward-test/stage1/code/c2_predict.py	MIT	6	
protocols/c2-forward-test/stage1/code/c2_score.py	MIT	6	
protocols/c2-forward-test/stage1/code/c2_structural.js	MIT	6	
protocols/c2-forward-test/stage1/code/hardhat.config.js	MIT	6	
protocols/c2-forward-test/stage1/engineering-tests/ENGINEERING-TESTS.md	CC-BY-4.0	7	
protocols/c2-forward-test/stage1/engineering-tests/eng-target-structural.jsonl	CC-BY-4.0	7	
protocols/c2-forward-test/stage1/engineering-tests/score-negative/C2-SCORES.json	CC-BY-4.0	7	
protocols/c2-forward-test/stage1/engineering-tests/score-pass/C2-SCORES.json	CC-BY-4.0	7	
protocols/c2-forward-test/stage1/engineering-tests/stage2-pseudo-target/C2-STAGE2-PREDICTIONS.csv	CC-BY-4.0	7	
protocols/c2-forward-test/stage1/engineering-tests/stage2-pseudo-target/C2-STAGE2-PREDICTIONS.json	CC-BY-4.0	7	
protocols/c2-forward-test/stage1/engineering-tests/stage2-pseudo-target/SHA256SUMS	CC-BY-4.0	7	
protocols/c2-forward-test/stage2/ARTIFACT-HASHES.txt	CC-BY-4.0	7	
protocols/c2-forward-test/stage2/C2-STAGE2-MANIFEST.json	CC-BY-4.0	7	
protocols/c2-forward-test/stage2/C2-STAGE2-PREDICTIONS.csv	CC-BY-4.0	7	
protocols/c2-forward-test/stage2/C2-STAGE2-PREDICTIONS.json	CC-BY-4.0	7	
protocols/c2-forward-test/stage2/FROZEN-UTC.txt	CC-BY-4.0	7	
protocols/c2-forward-test/stage2/README.md	CC-BY-4.0	7	
protocols/c2-forward-test/stage2/SHA256SUMS	CC-BY-4.0	7	
protocols/c2-forward-test/stage2/TOOL-VERSIONS.txt	CC-BY-4.0	7	
protocols/c2-forward-test/stage2/fflonk-structural.jsonl	CC-BY-4.0	7	
protocols/c2-forward-test/stage2/run/PREDICTIONS-MOVE-NOTE.txt	CC-BY-4.0	7	
protocols/c2-forward-test/stage2/run/STRUCTURAL-END-UTC.txt	CC-BY-4.0	7	
protocols/c2-forward-test/stage2/run/STRUCTURAL-START-UTC.txt	CC-BY-4.0	7	
protocols/c2-forward-test/stage2/run/predict-stdout.txt	CC-BY-4.0	7	
protocols/c2-forward-test/stage2/run/structural-stdout.txt	CC-BY-4.0	7	
protocols/posthoc-heap-retrace/FROZEN-UTC.txt	CC-BY-4.0	7	
protocols/posthoc-heap-retrace/M7B-A-PROTOCOL.md	CC-BY-4.0	7	
protocols/posthoc-heap-retrace/SHA256SUMS	CC-BY-4.0	7	
protocols/prover-d1/D1-PROTOCOL.md	CC-BY-4.0	7	
protocols/prover-d1/SHA256SUMS	CC-BY-4.0	7	
protocols/prover-d1/artifacts/ARTIFACTS-SHA256SUMS	CC-BY-4.0	7	
protocols/prover-d1/artifacts/KEYS-SHA256SUMS	CC-BY-4.0	7	
protocols/prover-d1/artifacts/d10/circuit.r1cs	GPL-3.0	4	
protocols/prover-d1/artifacts/d10/circuit.wasm	GPL-3.0	3	
protocols/prover-d1/artifacts/d10/groth16.vkey.json	GPL-3.0	4	
protocols/prover-d1/artifacts/d10/groth16.zkey	GPL-3.0	4	
protocols/prover-d1/artifacts/d10/plonk.vkey.json	GPL-3.0	4	
protocols/prover-d1/artifacts/d11/circuit.r1cs	GPL-3.0	4	
protocols/prover-d1/artifacts/d11/circuit.wasm	GPL-3.0	3	
protocols/prover-d1/artifacts/d11/groth16.vkey.json	GPL-3.0	4	
protocols/prover-d1/artifacts/d11/groth16.zkey	GPL-3.0	4	
protocols/prover-d1/artifacts/d11/plonk.vkey.json	GPL-3.0	4	
protocols/prover-d1/artifacts/inputs/input_d10.json	CC-BY-4.0	7	
protocols/prover-d1/artifacts/inputs/input_d11.json	CC-BY-4.0	7	
protocols/prover-d1/artifacts/inputs/input_pad.json	CC-BY-4.0	7	
protocols/prover-d1/artifacts/p1150/circuit.r1cs	GPL-3.0	4	
protocols/prover-d1/artifacts/p1150/circuit.wasm	GPL-3.0	3	
protocols/prover-d1/artifacts/p1150/groth16.vkey.json	GPL-3.0	4	
protocols/prover-d1/artifacts/p1150/groth16.zkey	GPL-3.0	4	
protocols/prover-d1/artifacts/p1150/plonk.vkey.json	GPL-3.0	4	
protocols/prover-d1/artifacts/p1180/circuit.r1cs	GPL-3.0	4	
protocols/prover-d1/artifacts/p1180/circuit.wasm	GPL-3.0	3	
protocols/prover-d1/artifacts/p1180/groth16.vkey.json	GPL-3.0	4	
protocols/prover-d1/artifacts/p1180/groth16.zkey	GPL-3.0	4	
protocols/prover-d1/artifacts/p1180/plonk.vkey.json	GPL-3.0	4	
protocols/prover-d1/artifacts/schedule.csv	CC-BY-4.0	7	
protocols/prover-d1/build-records/D1-UNTIMED-PROOF-CHECK.json	CC-BY-4.0	7	
protocols/prover-d1/build-records/build.log	CC-BY-4.0	7	
protocols/prover-d1/build-records/d10/plonk-setup.log	CC-BY-4.0	7	
protocols/prover-d1/build-records/d11/plonk-setup.log	CC-BY-4.0	7	
protocols/prover-d1/build-records/p1150/groth16-beacon.txt	CC-BY-4.0	7	
protocols/prover-d1/build-records/p1150/groth16-setup.log	CC-BY-4.0	7	
protocols/prover-d1/build-records/p1150/plonk-setup.log	CC-BY-4.0	7	
protocols/prover-d1/build-records/p1180/groth16-beacon.txt	CC-BY-4.0	7	
protocols/prover-d1/build-records/p1180/groth16-setup.log	CC-BY-4.0	7	
protocols/prover-d1/build-records/p1180/plonk-setup.log	CC-BY-4.0	7	
protocols/prover-d1/build-records/untimed-proof-check.log	CC-BY-4.0	7	
protocols/prover-d1/kit/Dockerfile	MIT	6	
protocols/prover-d1/kit/cpu-visibility.js	MIT	6	
protocols/prover-d1/kit/d1_analysis.py	MIT	6	
protocols/prover-d1/kit/d1_harness.js	MIT	6	
protocols/prover-d1/kit/d1_inputs.js	MIT	6	
protocols/prover-d1/kit/d1_regen.js	MIT	6	
protocols/prover-d1/kit/d1_verify_untimed.js	MIT	6	
protocols/prover-d1/kit/package-lock.json	MIT	6	
protocols/prover-d1/kit/package.json	MIT	6	
protocols/prover-d1/kit/run-d1.sh	MIT	6	
protocols/prover-d2/amendments/AMD-D2-1-engineering-test/RUN-UTC.txt	CC-BY-4.0	7	
protocols/prover-d2/amendments/AMD-D2-1-engineering-test/SHA256SUMS	CC-BY-4.0	7	
protocols/prover-d2/amendments/AMD-D2-1-engineering-test/gate-replay-results.json	CC-BY-4.0	7	
protocols/prover-d2/amendments/AMD-D2-1-engineering-test/gate_replay_test.py	MIT	6	
protocols/prover-d2/amendments/AMD-D2-1/AMD-D2-1.md	CC-BY-4.0	7	
protocols/prover-d2/amendments/AMD-D2-1/RECORDED-UTC.txt	CC-BY-4.0	7	
protocols/prover-d2/amendments/AMD-D2-1/SHA256SUMS	CC-BY-4.0	7	
protocols/prover-d2/amendments/AMD-D2-1/hostb_quiet.py.diff	CC-BY-4.0	7	
protocols/prover-d2/amendments/DEV-D2-1-engineering-test/RUN-UTC.txt	CC-BY-4.0	7	
protocols/prover-d2/amendments/DEV-D2-1-engineering-test/SHA256SUMS	CC-BY-4.0	7	
protocols/prover-d2/amendments/DEV-D2-1-engineering-test/oracle-test-results.json	CC-BY-4.0	7	
protocols/prover-d2/amendments/DEV-D2-1-engineering-test/oracle_test.py	MIT	6	
protocols/prover-d2/amendments/DEV-D2-1/DEV-D2-1.md	CC-BY-4.0	7	
protocols/prover-d2/amendments/DEV-D2-1/RECORDED-UTC.txt	CC-BY-4.0	7	
protocols/prover-d2/amendments/DEV-D2-1/SHA256SUMS	CC-BY-4.0	7	
protocols/prover-d2/amendments/DEV-D2-1/record_controls.js.diff	CC-BY-4.0	7	
protocols/prover-d2/amendments/DEV-D2-2-engineering-test/RUN-UTC.txt	CC-BY-4.0	7	
protocols/prover-d2/amendments/DEV-D2-2-engineering-test/SHA256SUMS	CC-BY-4.0	7	
protocols/prover-d2/amendments/DEV-D2-2-engineering-test/validator_test.py	MIT	6	
protocols/prover-d2/amendments/DEV-D2-2/DEV-D2-2.md	CC-BY-4.0	7	
protocols/prover-d2/amendments/DEV-D2-2/RECORDED-UTC.txt	CC-BY-4.0	7	
protocols/prover-d2/amendments/DEV-D2-2/SHA256SUMS	CC-BY-4.0	7	
protocols/prover-d2/amendments/DEV-D2-2/summarize_prover.js.diff	CC-BY-4.0	7	
protocols/prover-d2/amendments/DEV-D2-3-engineering-test/RUN-UTC.txt	CC-BY-4.0	7	
protocols/prover-d2/amendments/DEV-D2-3-engineering-test/SHA256SUMS	CC-BY-4.0	7	
protocols/prover-d2/amendments/DEV-D2-3-engineering-test/console.txt	CC-BY-4.0	7	
protocols/prover-d2/amendments/DEV-D2-3-engineering-test/dev-d2-3-oracle-test-results.json	CC-BY-4.0	7	
protocols/prover-d2/amendments/DEV-D2-3-engineering-test/dev_d2_3_oracle_test.py	MIT	6	
protocols/prover-d2/amendments/DEV-D2-3/DEV-D2-3.md	CC-BY-4.0	7	
protocols/prover-d2/amendments/DEV-D2-3/RECORDED-UTC.txt	CC-BY-4.0	7	
protocols/prover-d2/amendments/DEV-D2-3/SHA256SUMS	CC-BY-4.0	7	
protocols/prover-d2/amendments/DEV-D2-3/check_resume_test.js.diff	CC-BY-4.0	7	
protocols/prover-d2/amendments/FROZEN-UTC.txt	CC-BY-4.0	7	
protocols/prover-d2/amendments/KIT-DIFF-r2-supplement.txt	CC-BY-4.0	7	
protocols/prover-d2/amendments/KIT-DIFF-r3-supplement.txt	CC-BY-4.0	7	
protocols/prover-d2/amendments/KIT-DIFF-r4-supplement.txt	CC-BY-4.0	7	
protocols/prover-d2/amendments/KIT-DIFF-r5-supplement.txt	CC-BY-4.0	7	
protocols/prover-d2/amendments/KIT-v3-x86-r2.filelist.sha256	CC-BY-4.0	7	
protocols/prover-d2/amendments/KIT-v3-x86-r3.filelist.sha256	CC-BY-4.0	7	
protocols/prover-d2/amendments/KIT-v3-x86-r4.filelist.sha256	CC-BY-4.0	7	
protocols/prover-d2/amendments/KIT-v3-x86-r5.filelist.sha256	CC-BY-4.0	7	
protocols/prover-d2/amendments/README.md	CC-BY-4.0	7	
protocols/prover-d2/amendments/SHA256SUMS	CC-BY-4.0	7	
protocols/prover-d2/amendments/SHA256SUMS.r2-freeze-20261005T081606Z	CC-BY-4.0	7	
protocols/prover-d2/amendments/SHA256SUMS.r3-freeze-20261005T090805Z	CC-BY-4.0	7	
protocols/prover-d2/amendments/SHA256SUMS.r4-freeze-20261005T102639Z	CC-BY-4.0	7	
protocols/prover-d2/amendments/kit-v3-x86-r2/Dockerfile	MIT	6	
protocols/prover-d2/amendments/kit-v3-x86-r2/README.md	CC-BY-4.0	7	
protocols/prover-d2/amendments/kit-v3-x86-r2/campaign_state.js	MIT	6	
protocols/prover-d2/amendments/kit-v3-x86-r2/check_resume_test.js	MIT	6	
protocols/prover-d2/amendments/kit-v3-x86-r2/compose.yaml	MIT	6	
protocols/prover-d2/amendments/kit-v3-x86-r2/harness.js	MIT	6	
protocols/prover-d2/amendments/kit-v3-x86-r2/hostb_quiet.py	MIT	6	
protocols/prover-d2/amendments/kit-v3-x86-r2/lib/checks.js	MIT	6	
protocols/prover-d2/amendments/kit-v3-x86-r2/lib/common.js	MIT	6	
protocols/prover-d2/amendments/kit-v3-x86-r2/lib/cpu-visibility.js	MIT	6	
protocols/prover-d2/amendments/kit-v3-x86-r2/lib/pipeline.js	MIT	6	
protocols/prover-d2/amendments/kit-v3-x86-r2/lib/schema.js	MIT	6	
protocols/prover-d2/amendments/kit-v3-x86-r2/lib/validate.js	MIT	6	
protocols/prover-d2/amendments/kit-v3-x86-r2/make_schedule.js	MIT	6	
protocols/prover-d2/amendments/kit-v3-x86-r2/package-lock.json	MIT	6	
protocols/prover-d2/amendments/kit-v3-x86-r2/package.json	MIT	6	
protocols/prover-d2/amendments/kit-v3-x86-r2/preflight.js	MIT	6	
protocols/prover-d2/amendments/kit-v3-x86-r2/provenance.js	MIT	6	
protocols/prover-d2/amendments/kit-v3-x86-r2/record_controls.js	MIT	6	
protocols/prover-d2/amendments/kit-v3-x86-r2/run-campaign.sh	MIT	6	
protocols/prover-d2/amendments/kit-v3-x86-r2/setup_plonk_zkeys.js	MIT	6	
protocols/prover-d2/amendments/kit-v3-x86-r2/summarize_prover.js	MIT	6	
protocols/prover-d2/amendments/kit-v3-x86-r2/test-resume.sh	MIT	6	
protocols/prover-d2/amendments/kit-v3-x86-r2/validate_round.js	MIT	6	
protocols/prover-d2/amendments/kit-v3-x86-r3/Dockerfile	MIT	6	
protocols/prover-d2/amendments/kit-v3-x86-r3/README.md	CC-BY-4.0	7	
protocols/prover-d2/amendments/kit-v3-x86-r3/campaign_state.js	MIT	6	
protocols/prover-d2/amendments/kit-v3-x86-r3/check_resume_test.js	MIT	6	
protocols/prover-d2/amendments/kit-v3-x86-r3/compose.yaml	MIT	6	
protocols/prover-d2/amendments/kit-v3-x86-r3/harness.js	MIT	6	
protocols/prover-d2/amendments/kit-v3-x86-r3/hostb_quiet.py	MIT	6	
protocols/prover-d2/amendments/kit-v3-x86-r3/lib/checks.js	MIT	6	
protocols/prover-d2/amendments/kit-v3-x86-r3/lib/common.js	MIT	6	
protocols/prover-d2/amendments/kit-v3-x86-r3/lib/cpu-visibility.js	MIT	6	
protocols/prover-d2/amendments/kit-v3-x86-r3/lib/pipeline.js	MIT	6	
protocols/prover-d2/amendments/kit-v3-x86-r3/lib/schema.js	MIT	6	
protocols/prover-d2/amendments/kit-v3-x86-r3/lib/validate.js	MIT	6	
protocols/prover-d2/amendments/kit-v3-x86-r3/make_schedule.js	MIT	6	
protocols/prover-d2/amendments/kit-v3-x86-r3/package-lock.json	MIT	6	
protocols/prover-d2/amendments/kit-v3-x86-r3/package.json	MIT	6	
protocols/prover-d2/amendments/kit-v3-x86-r3/preflight.js	MIT	6	
protocols/prover-d2/amendments/kit-v3-x86-r3/provenance.js	MIT	6	
protocols/prover-d2/amendments/kit-v3-x86-r3/record_controls.js	MIT	6	
protocols/prover-d2/amendments/kit-v3-x86-r3/run-campaign.sh	MIT	6	
protocols/prover-d2/amendments/kit-v3-x86-r3/setup_plonk_zkeys.js	MIT	6	
protocols/prover-d2/amendments/kit-v3-x86-r3/summarize_prover.js	MIT	6	
protocols/prover-d2/amendments/kit-v3-x86-r3/test-resume.sh	MIT	6	
protocols/prover-d2/amendments/kit-v3-x86-r3/validate_round.js	MIT	6	
protocols/prover-d2/amendments/kit-v3-x86-r4/Dockerfile	MIT	6	
protocols/prover-d2/amendments/kit-v3-x86-r4/README.md	CC-BY-4.0	7	
protocols/prover-d2/amendments/kit-v3-x86-r4/campaign_state.js	MIT	6	
protocols/prover-d2/amendments/kit-v3-x86-r4/check_resume_test.js	MIT	6	
protocols/prover-d2/amendments/kit-v3-x86-r4/compose.yaml	MIT	6	
protocols/prover-d2/amendments/kit-v3-x86-r4/harness.js	MIT	6	
protocols/prover-d2/amendments/kit-v3-x86-r4/hostb_quiet.py	MIT	6	
protocols/prover-d2/amendments/kit-v3-x86-r4/lib/checks.js	MIT	6	
protocols/prover-d2/amendments/kit-v3-x86-r4/lib/common.js	MIT	6	
protocols/prover-d2/amendments/kit-v3-x86-r4/lib/cpu-visibility.js	MIT	6	
protocols/prover-d2/amendments/kit-v3-x86-r4/lib/pipeline.js	MIT	6	
protocols/prover-d2/amendments/kit-v3-x86-r4/lib/schema.js	MIT	6	
protocols/prover-d2/amendments/kit-v3-x86-r4/lib/validate.js	MIT	6	
protocols/prover-d2/amendments/kit-v3-x86-r4/make_schedule.js	MIT	6	
protocols/prover-d2/amendments/kit-v3-x86-r4/package-lock.json	MIT	6	
protocols/prover-d2/amendments/kit-v3-x86-r4/package.json	MIT	6	
protocols/prover-d2/amendments/kit-v3-x86-r4/preflight.js	MIT	6	
protocols/prover-d2/amendments/kit-v3-x86-r4/provenance.js	MIT	6	
protocols/prover-d2/amendments/kit-v3-x86-r4/record_controls.js	MIT	6	
protocols/prover-d2/amendments/kit-v3-x86-r4/run-campaign.sh	MIT	6	
protocols/prover-d2/amendments/kit-v3-x86-r4/setup_plonk_zkeys.js	MIT	6	
protocols/prover-d2/amendments/kit-v3-x86-r4/summarize_prover.js	MIT	6	
protocols/prover-d2/amendments/kit-v3-x86-r4/test-resume.sh	MIT	6	
protocols/prover-d2/amendments/kit-v3-x86-r4/validate_round.js	MIT	6	
protocols/prover-d2/amendments/kit-v3-x86-r5/Dockerfile	MIT	6	
protocols/prover-d2/amendments/kit-v3-x86-r5/README.md	CC-BY-4.0	7	
protocols/prover-d2/amendments/kit-v3-x86-r5/campaign_state.js	MIT	6	
protocols/prover-d2/amendments/kit-v3-x86-r5/check_resume_test.js	MIT	6	
protocols/prover-d2/amendments/kit-v3-x86-r5/compose.yaml	MIT	6	
protocols/prover-d2/amendments/kit-v3-x86-r5/harness.js	MIT	6	
protocols/prover-d2/amendments/kit-v3-x86-r5/hostb_quiet.py	MIT	6	
protocols/prover-d2/amendments/kit-v3-x86-r5/lib/checks.js	MIT	6	
protocols/prover-d2/amendments/kit-v3-x86-r5/lib/common.js	MIT	6	
protocols/prover-d2/amendments/kit-v3-x86-r5/lib/cpu-visibility.js	MIT	6	
protocols/prover-d2/amendments/kit-v3-x86-r5/lib/pipeline.js	MIT	6	
protocols/prover-d2/amendments/kit-v3-x86-r5/lib/schema.js	MIT	6	
protocols/prover-d2/amendments/kit-v3-x86-r5/lib/validate.js	MIT	6	
protocols/prover-d2/amendments/kit-v3-x86-r5/make_schedule.js	MIT	6	
protocols/prover-d2/amendments/kit-v3-x86-r5/package-lock.json	MIT	6	
protocols/prover-d2/amendments/kit-v3-x86-r5/package.json	MIT	6	
protocols/prover-d2/amendments/kit-v3-x86-r5/preflight.js	MIT	6	
protocols/prover-d2/amendments/kit-v3-x86-r5/provenance.js	MIT	6	
protocols/prover-d2/amendments/kit-v3-x86-r5/record_controls.js	MIT	6	
protocols/prover-d2/amendments/kit-v3-x86-r5/run-campaign.sh	MIT	6	
protocols/prover-d2/amendments/kit-v3-x86-r5/setup_plonk_zkeys.js	MIT	6	
protocols/prover-d2/amendments/kit-v3-x86-r5/summarize_prover.js	MIT	6	
protocols/prover-d2/amendments/kit-v3-x86-r5/test-resume.sh	MIT	6	
protocols/prover-d2/amendments/kit-v3-x86-r5/validate_round.js	MIT	6	
protocols/prover-d2/final/FINAL-FREEZE.md	CC-BY-4.0	7	
protocols/prover-d2/final/FROZEN-UTC.txt	CC-BY-4.0	7	
protocols/prover-d2/final/IMAGE-r5.json	CC-BY-4.0	7	
protocols/prover-d2/final/KIT-v3-x86-r5.filelist.sha256	CC-BY-4.0	7	
protocols/prover-d2/final/PAYLOAD-AND-TREE-r5.json	CC-BY-4.0	7	
protocols/prover-d2/final/SHA256SUMS	CC-BY-4.0	7	
protocols/prover-d2/final/d2-analysis-engineering-test/PYTHON-VERSION.txt	CC-BY-4.0	7	
protocols/prover-d2/final/d2-analysis-engineering-test/RUN-UTC.txt	CC-BY-4.0	7	
protocols/prover-d2/final/d2-analysis-engineering-test/SHA256SUMS	CC-BY-4.0	7	
protocols/prover-d2/final/d2-analysis-engineering-test/console.txt	CC-BY-4.0	7	
protocols/prover-d2/final/d2-analysis-engineering-test/d2-analysis-engineering-test-results.json	CC-BY-4.0	7	
protocols/prover-d2/final/d2-analysis-engineering-test/d2_analysis_engineering_test.py	MIT	6	
protocols/prover-d2/final/d2_analysis-vs-d3_reanalysis.diff	CC-BY-4.0	7	
protocols/prover-d2/final/d2_analysis.py	MIT	6	
protocols/prover-d2/preregistration/D2-PREREGISTRATION.md	CC-BY-4.0	7	
protocols/prover-d2/preregistration/KIT-DIFF-vs-v3.txt	CC-BY-4.0	7	
protocols/prover-d2/preregistration/SHA256SUMS	CC-BY-4.0	7	
protocols/prover-d2/preregistration/engineering-tests/ET2-execution_plan.csv	CC-BY-4.0	7	
protocols/prover-d2/preregistration/engineering-tests/ET2-make_schedule-CAMPAIGN.json	CC-BY-4.0	7	
protocols/prover-d2/preregistration/engineering-tests/ET2-schedule.csv	CC-BY-4.0	7	
protocols/prover-d2/preregistration/engineering-tests/ET3-pipe_test.js	MIT	6	
protocols/prover-d2/preregistration/engineering-tests/ET4-quiet-selftest.txt	CC-BY-4.0	7	
protocols/prover-d2/preregistration/kit-v3-x86/Dockerfile	MIT	6	
protocols/prover-d2/preregistration/kit-v3-x86/README.md	CC-BY-4.0	7	
protocols/prover-d2/preregistration/kit-v3-x86/campaign_state.js	MIT	6	
protocols/prover-d2/preregistration/kit-v3-x86/check_resume_test.js	MIT	6	
protocols/prover-d2/preregistration/kit-v3-x86/compose.yaml	MIT	6	
protocols/prover-d2/preregistration/kit-v3-x86/harness.js	MIT	6	
protocols/prover-d2/preregistration/kit-v3-x86/hostb_quiet.py	MIT	6	
protocols/prover-d2/preregistration/kit-v3-x86/lib/checks.js	MIT	6	
protocols/prover-d2/preregistration/kit-v3-x86/lib/common.js	MIT	6	
protocols/prover-d2/preregistration/kit-v3-x86/lib/cpu-visibility.js	MIT	6	
protocols/prover-d2/preregistration/kit-v3-x86/lib/pipeline.js	MIT	6	
protocols/prover-d2/preregistration/kit-v3-x86/lib/schema.js	MIT	6	
protocols/prover-d2/preregistration/kit-v3-x86/lib/validate.js	MIT	6	
protocols/prover-d2/preregistration/kit-v3-x86/make_schedule.js	MIT	6	
protocols/prover-d2/preregistration/kit-v3-x86/package-lock.json	MIT	6	
protocols/prover-d2/preregistration/kit-v3-x86/package.json	MIT	6	
protocols/prover-d2/preregistration/kit-v3-x86/preflight.js	MIT	6	
protocols/prover-d2/preregistration/kit-v3-x86/provenance.js	MIT	6	
protocols/prover-d2/preregistration/kit-v3-x86/record_controls.js	MIT	6	
protocols/prover-d2/preregistration/kit-v3-x86/run-campaign.sh	MIT	6	
protocols/prover-d2/preregistration/kit-v3-x86/setup_plonk_zkeys.js	MIT	6	
protocols/prover-d2/preregistration/kit-v3-x86/summarize_prover.js	MIT	6	
protocols/prover-d2/preregistration/kit-v3-x86/test-resume.sh	MIT	6	
protocols/prover-d2/preregistration/kit-v3-x86/validate_round.js	MIT	6	
protocols/prover-d2/preregistration/synthetic-corpus/CORPUS-ENGINEERING-CHECK.json	CC-BY-4.0	7	
protocols/prover-d2/preregistration/synthetic-corpus/SYNTHETIC-CORPUS.sha256	CC-BY-4.0	7	
protocols/prover-d2/preregistration/synthetic-corpus/d2_synthetic_corpus.js	MIT	6	
protocols/prover-d2/preregistration/synthetic-corpus/synthetic-corpus-data.tgz	CC-BY-4.0	7	
protocols/prover-d3/D3-PROTOCOL.md	CC-BY-4.0	7	
protocols/prover-d3/SHA256SUMS	CC-BY-4.0	7	
protocols/prover-d3/d3_reanalysis.py	MIT	6	
protocols/prover-d3/engineering-test/README.md	CC-BY-4.0	7	
protocols/prover-d3/engineering-test/synthetic_test.py	MIT	6	
protocols/prover-procedure/PROVER-PROCEDURE-v3-EXTRACT.md	CC-BY-4.0	7	
protocols/prover-procedure/kit/.dockerignore	MIT	6	
protocols/prover-procedure/kit/Dockerfile	MIT	6	
protocols/prover-procedure/kit/README.md	CC-BY-4.0	7	
protocols/prover-procedure/kit/campaign_state.js	MIT	6	
protocols/prover-procedure/kit/check_resume_test.js	MIT	6	
protocols/prover-procedure/kit/compose.yaml	MIT	6	
protocols/prover-procedure/kit/harness.js	MIT	6	
protocols/prover-procedure/kit/lib/checks.js	MIT	6	
protocols/prover-procedure/kit/lib/common.js	MIT	6	
protocols/prover-procedure/kit/lib/cpu-visibility.js	MIT	6	
protocols/prover-procedure/kit/lib/pipeline.js	MIT	6	
protocols/prover-procedure/kit/lib/schema.js	MIT	6	
protocols/prover-procedure/kit/lib/validate.js	MIT	6	
protocols/prover-procedure/kit/make_schedule.js	MIT	6	
protocols/prover-procedure/kit/package-lock.json	MIT	6	
protocols/prover-procedure/kit/package.json	MIT	6	
protocols/prover-procedure/kit/preflight.js	MIT	6	
protocols/prover-procedure/kit/provenance.js	MIT	6	
protocols/prover-procedure/kit/record_controls.js	MIT	6	
protocols/prover-procedure/kit/run-campaign.sh	MIT	6	
protocols/prover-procedure/kit/summarize_prover.js	MIT	6	
protocols/prover-procedure/kit/test-resume.sh	MIT	6	
protocols/prover-procedure/kit/validate_round.js	MIT	6	
provenance/EXTERNAL-PINS.tsv	CC-BY-4.0	7	
provenance/EXTRACTS.tsv	CC-BY-4.0	7	
provenance/LABELS.md	CC-BY-4.0	7	
provenance/LFS-OBJECTS.tsv	CC-BY-4.0	7	
provenance/LICENSE-MAP.tsv	CC-BY-4.0	7	
provenance/OBJECT-CLASS.tsv	CC-BY-4.0	7	
provenance/PACKAGES.tsv	CC-BY-4.0	7	
provenance/PATH-MAP.tsv	CC-BY-4.0	7	
provenance/README.md	CC-BY-4.0	7	
provenance/REGENERABLE.tsv	CC-BY-4.0	7	
provenance/WITHHELD.tsv	CC-BY-4.0	7	
scoring/README.md	CC-BY-4.0	7	
scoring/rescore.py	MIT	6	
scripts/classify_licences.py	MIT	6	
scripts/regenerate-keys.sh	MIT	6	
scripts/regenerate-outputs.sh	MIT	6	
scripts/regenerate_keys.py	MIT	6	
scripts/verify-artifact.sh	MIT	6	
scripts/verify_artifact.py	MIT	6	
setup/README.md	CC-BY-4.0	7	
setup/fflonk/TRANSFER-SHA256SUMS	CC-BY-4.0	7	
setup/fflonk/compiled-verifiers/AMD-FF-1-G3-cloud-verify.json	CC-BY-4.0	7	
setup/fflonk/compiled-verifiers/SHA256SUMS	CC-BY-4.0	7	
setup/fflonk/compiled-verifiers/compiled-fflonk/c1_ff_k01-fflonk.json	GPL-3.0-or-later	2	
setup/fflonk/compiled-verifiers/compiled-fflonk/c1_ff_k04-fflonk.json	GPL-3.0-or-later	2	
setup/fflonk/compiled-verifiers/compiled-fflonk/c1_ff_k16-fflonk.json	GPL-3.0-or-later	2	
setup/fflonk/compiled-verifiers/compiled-fflonk/c1_ff_k32-fflonk.json	GPL-3.0-or-later	2	
setup/fflonk/compiled-verifiers/ff_cloud_verify.js	MIT	6	
setup/fflonk/keys/c1_ff_k01/fflonk.vkey.json	GPL-3.0	4	
setup/fflonk/keys/c1_ff_k01/fflonk.zkey	GPL-3.0	4	
setup/fflonk/keys/c1_ff_k01/fflonkVerifier.sol	GPL-3.0	1	embedded notice decides (path rule would give MIT)
setup/fflonk/keys/c1_ff_k01/prove.log	CC-BY-4.0	7	
setup/fflonk/keys/c1_ff_k01/setup.log	CC-BY-4.0	7	
setup/fflonk/keys/c1_ff_k04/fflonk.vkey.json	GPL-3.0	4	
setup/fflonk/keys/c1_ff_k04/fflonk.zkey	GPL-3.0	4	
setup/fflonk/keys/c1_ff_k04/fflonkVerifier.sol	GPL-3.0	1	embedded notice decides (path rule would give MIT)
setup/fflonk/keys/c1_ff_k04/prove.log	CC-BY-4.0	7	
setup/fflonk/keys/c1_ff_k04/setup.log	CC-BY-4.0	7	
setup/fflonk/keys/c1_ff_k16/fflonk.vkey.json	GPL-3.0	4	
setup/fflonk/keys/c1_ff_k16/fflonk.zkey	GPL-3.0	4	
setup/fflonk/keys/c1_ff_k16/fflonkVerifier.sol	GPL-3.0	1	embedded notice decides (path rule would give MIT)
setup/fflonk/keys/c1_ff_k16/prove.log	CC-BY-4.0	7	
setup/fflonk/keys/c1_ff_k16/setup.log	CC-BY-4.0	7	
setup/fflonk/keys/c1_ff_k32/fflonk.vkey.json	GPL-3.0	4	
setup/fflonk/keys/c1_ff_k32/fflonk.zkey	GPL-3.0	4	
setup/fflonk/keys/c1_ff_k32/fflonkVerifier.sol	GPL-3.0	1	embedded notice decides (path rule would give MIT)
setup/fflonk/keys/c1_ff_k32/prove.log	CC-BY-4.0	7	
setup/fflonk/keys/c1_ff_k32/setup.log	CC-BY-4.0	7	
setup/fflonk/proofs/c1_ff_k01/fflonk-j0.json	CC-BY-4.0	7	
setup/fflonk/proofs/c1_ff_k01/fflonk-j1.json	CC-BY-4.0	7	
setup/fflonk/proofs/c1_ff_k01/fflonk-j2.json	CC-BY-4.0	7	
setup/fflonk/proofs/c1_ff_k01/fflonk-j3.json	CC-BY-4.0	7	
setup/fflonk/proofs/c1_ff_k01/fflonk-j4.json	CC-BY-4.0	7	
setup/fflonk/proofs/c1_ff_k01/fflonk-j5.json	CC-BY-4.0	7	
setup/fflonk/proofs/c1_ff_k01/fflonk-j6.json	CC-BY-4.0	7	
setup/fflonk/proofs/c1_ff_k01/fflonk-j7.json	CC-BY-4.0	7	
setup/fflonk/proofs/c1_ff_k04/fflonk-j0.json	CC-BY-4.0	7	
setup/fflonk/proofs/c1_ff_k04/fflonk-j1.json	CC-BY-4.0	7	
setup/fflonk/proofs/c1_ff_k04/fflonk-j2.json	CC-BY-4.0	7	
setup/fflonk/proofs/c1_ff_k04/fflonk-j3.json	CC-BY-4.0	7	
setup/fflonk/proofs/c1_ff_k04/fflonk-j4.json	CC-BY-4.0	7	
setup/fflonk/proofs/c1_ff_k04/fflonk-j5.json	CC-BY-4.0	7	
setup/fflonk/proofs/c1_ff_k04/fflonk-j6.json	CC-BY-4.0	7	
setup/fflonk/proofs/c1_ff_k04/fflonk-j7.json	CC-BY-4.0	7	
setup/fflonk/proofs/c1_ff_k16/fflonk-j0.json	CC-BY-4.0	7	
setup/fflonk/proofs/c1_ff_k16/fflonk-j1.json	CC-BY-4.0	7	
setup/fflonk/proofs/c1_ff_k16/fflonk-j2.json	CC-BY-4.0	7	
setup/fflonk/proofs/c1_ff_k16/fflonk-j3.json	CC-BY-4.0	7	
setup/fflonk/proofs/c1_ff_k16/fflonk-j4.json	CC-BY-4.0	7	
setup/fflonk/proofs/c1_ff_k16/fflonk-j5.json	CC-BY-4.0	7	
setup/fflonk/proofs/c1_ff_k16/fflonk-j6.json	CC-BY-4.0	7	
setup/fflonk/proofs/c1_ff_k16/fflonk-j7.json	CC-BY-4.0	7	
setup/fflonk/proofs/c1_ff_k32/fflonk-j0.json	CC-BY-4.0	7	
setup/fflonk/proofs/c1_ff_k32/fflonk-j1.json	CC-BY-4.0	7	
setup/fflonk/proofs/c1_ff_k32/fflonk-j2.json	CC-BY-4.0	7	
setup/fflonk/proofs/c1_ff_k32/fflonk-j3.json	CC-BY-4.0	7	
setup/fflonk/proofs/c1_ff_k32/fflonk-j4.json	CC-BY-4.0	7	
setup/fflonk/proofs/c1_ff_k32/fflonk-j5.json	CC-BY-4.0	7	
setup/fflonk/proofs/c1_ff_k32/fflonk-j6.json	CC-BY-4.0	7	
setup/fflonk/proofs/c1_ff_k32/fflonk-j7.json	CC-BY-4.0	7	
setup/fflonk/ptau-local/PTAU-LOCAL-RECORD.json	CC-BY-4.0	7	
setup/fflonk/ptau-local/PTAU-LOCAL-SHA256SUMS	CC-BY-4.0	7	
setup/fflonk/ptau-local/STATUS	CC-BY-4.0	7	
setup/fflonk/ptau-local/TOOL-VERSIONS.txt	CC-BY-4.0	7	
setup/fflonk/ptau-local/beacon-hash.txt	CC-BY-4.0	7	
setup/fflonk/ptau-local/entropy-sha256-commitment.txt	CC-BY-4.0	7	
setup/fflonk/ptau-local/gen_ptau19.sh	MIT	6	
setup/fflonk/ptau-local/log-beacon.txt	CC-BY-4.0	7	
setup/fflonk/ptau-local/log-contribute.txt	CC-BY-4.0	7	
setup/fflonk/ptau-local/log-new.txt	CC-BY-4.0	7	
setup/fflonk/ptau-local/log-prepare.txt	CC-BY-4.0	7	
setup/fflonk/ptau-local/log-verify.txt	CC-BY-4.0	7	
setup/fflonk/ptau-local/powersOfTau19_v2_local_research.ptau	CC-BY-4.0	7	
setup/fflonk/records/FFLONK-ARTIFACTS-SHA256SUMS	CC-BY-4.0	7	
setup/fflonk/records/FFLONK-RESUME.txt	CC-BY-4.0	7	
setup/fflonk/records/FFLONK-STOP.G1-published-file.txt	CC-BY-4.0	7	
setup/fflonk/records/PACKAGE-VERSIONS.txt	CC-BY-4.0	7	
setup/fflonk/records/STATUS	CC-BY-4.0	7	
setup/fflonk/records/TOOLCHAIN-PIN-CHECK.txt	CC-BY-4.0	7	
setup/fflonk/records/TOOLCHAIN.txt	CC-BY-4.0	7	
setup/fflonk/records/prove-log.jsonl	CC-BY-4.0	7	
setup/fflonk/records/prove_ff.js	MIT	6	
setup/fflonk/records/run_fflonk.sh	MIT	6	
setup/prover-objects/ARTIFACTS.sha256	CC-BY-4.0	7	
setup/prover-objects/circuits/CredentialVerifier.circom	MIT	6	
setup/prover-objects/circuits/CredentialVerifier_Depth10.circom	MIT	6	
setup/prover-objects/circuits/CredentialVerifier_Depth11.circom	MIT	6	
setup/prover-objects/circuits/CredentialVerifier_Depth12.circom	MIT	6	
setup/prover-objects/circuits/CredentialVerifier_Depth13.circom	MIT	6	
setup/prover-objects/circuits/CredentialVerifier_Depth14.circom	MIT	6	
setup/prover-objects/circuits/CredentialVerifier_Depth15.circom	MIT	6	
setup/prover-objects/circuits/CredentialVerifier_Depth5.circom	MIT	6	
setup/prover-objects/circuits/CredentialVerifier_Depth6.circom	MIT	6	
setup/prover-objects/circuits/CredentialVerifier_Depth7.circom	MIT	6	
setup/prover-objects/circuits/CredentialVerifier_Depth8.circom	MIT	6	
setup/prover-objects/circuits/CredentialVerifier_Depth9.circom	MIT	6	
setup/prover-objects/contracts/Groth16LegacyVerifierDepth10.sol	GPL-3.0	1	embedded notice decides (path rule would give MIT)
setup/prover-objects/contracts/Groth16LegacyVerifierDepth11.sol	GPL-3.0	1	embedded notice decides (path rule would give MIT)
setup/prover-objects/contracts/Groth16LegacyVerifierDepth12.sol	GPL-3.0	1	embedded notice decides (path rule would give MIT)
setup/prover-objects/contracts/Groth16LegacyVerifierDepth13.sol	GPL-3.0	1	embedded notice decides (path rule would give MIT)
setup/prover-objects/contracts/Groth16LegacyVerifierDepth14.sol	GPL-3.0	1	embedded notice decides (path rule would give MIT)
setup/prover-objects/contracts/Groth16LegacyVerifierDepth15.sol	GPL-3.0	1	embedded notice decides (path rule would give MIT)
setup/prover-objects/contracts/Groth16LegacyVerifierDepth5.sol	GPL-3.0	1	embedded notice decides (path rule would give MIT)
setup/prover-objects/contracts/Groth16LegacyVerifierDepth6.sol	GPL-3.0	1	embedded notice decides (path rule would give MIT)
setup/prover-objects/contracts/Groth16LegacyVerifierDepth7.sol	GPL-3.0	1	embedded notice decides (path rule would give MIT)
setup/prover-objects/contracts/Groth16LegacyVerifierDepth8.sol	GPL-3.0	1	embedded notice decides (path rule would give MIT)
setup/prover-objects/contracts/Groth16LegacyVerifierDepth9.sol	GPL-3.0	1	embedded notice decides (path rule would give MIT)
setup/prover-objects/data/groth16-public-proof/proof_depth_10_index_0.json	CC-BY-4.0	7	
setup/prover-objects/data/groth16-public-proof/proof_depth_11_index_0.json	CC-BY-4.0	7	
setup/prover-objects/data/groth16-public-proof/proof_depth_12_index_0.json	CC-BY-4.0	7	
setup/prover-objects/data/groth16-public-proof/proof_depth_13_index_0.json	CC-BY-4.0	7	
setup/prover-objects/data/groth16-public-proof/proof_depth_14_index_0.json	CC-BY-4.0	7	
setup/prover-objects/data/groth16-public-proof/proof_depth_15_index_0.json	CC-BY-4.0	7	
setup/prover-objects/data/groth16-public-proof/proof_depth_5_index_0.json	CC-BY-4.0	7	
setup/prover-objects/data/groth16-public-proof/proof_depth_6_index_0.json	CC-BY-4.0	7	
setup/prover-objects/data/groth16-public-proof/proof_depth_7_index_0.json	CC-BY-4.0	7	
setup/prover-objects/data/groth16-public-proof/proof_depth_8_index_0.json	CC-BY-4.0	7	
setup/prover-objects/data/groth16-public-proof/proof_depth_9_index_0.json	CC-BY-4.0	7	
setup/prover-objects/data/groth16-public-proof/public_depth_10_index_0.json	CC-BY-4.0	7	
setup/prover-objects/data/groth16-public-proof/public_depth_11_index_0.json	CC-BY-4.0	7	
setup/prover-objects/data/groth16-public-proof/public_depth_12_index_0.json	CC-BY-4.0	7	
setup/prover-objects/data/groth16-public-proof/public_depth_13_index_0.json	CC-BY-4.0	7	
setup/prover-objects/data/groth16-public-proof/public_depth_14_index_0.json	CC-BY-4.0	7	
setup/prover-objects/data/groth16-public-proof/public_depth_15_index_0.json	CC-BY-4.0	7	
setup/prover-objects/data/groth16-public-proof/public_depth_5_index_0.json	CC-BY-4.0	7	
setup/prover-objects/data/groth16-public-proof/public_depth_6_index_0.json	CC-BY-4.0	7	
setup/prover-objects/data/groth16-public-proof/public_depth_7_index_0.json	CC-BY-4.0	7	
setup/prover-objects/data/groth16-public-proof/public_depth_8_index_0.json	CC-BY-4.0	7	
setup/prover-objects/data/groth16-public-proof/public_depth_9_index_0.json	CC-BY-4.0	7	
setup/prover-objects/data/groth16-vkeys/CredentialVerifier_Depth10_vkey.json	GPL-3.0	4	
setup/prover-objects/data/groth16-vkeys/CredentialVerifier_Depth11_vkey.json	GPL-3.0	4	
setup/prover-objects/data/groth16-vkeys/CredentialVerifier_Depth12_vkey.json	GPL-3.0	4	
setup/prover-objects/data/groth16-vkeys/CredentialVerifier_Depth13_vkey.json	GPL-3.0	4	
setup/prover-objects/data/groth16-vkeys/CredentialVerifier_Depth14_vkey.json	GPL-3.0	4	
setup/prover-objects/data/groth16-vkeys/CredentialVerifier_Depth15_vkey.json	GPL-3.0	4	
setup/prover-objects/data/groth16-vkeys/CredentialVerifier_Depth5_vkey.json	GPL-3.0	4	
setup/prover-objects/data/groth16-vkeys/CredentialVerifier_Depth6_vkey.json	GPL-3.0	4	
setup/prover-objects/data/groth16-vkeys/CredentialVerifier_Depth7_vkey.json	GPL-3.0	4	
setup/prover-objects/data/groth16-vkeys/CredentialVerifier_Depth8_vkey.json	GPL-3.0	4	
setup/prover-objects/data/groth16-vkeys/CredentialVerifier_Depth9_vkey.json	GPL-3.0	4	
setup/prover-objects/data/plonk-public-proof/proof_depth_10_index_0.json	CC-BY-4.0	7	
setup/prover-objects/data/plonk-public-proof/proof_depth_11_index_0.json	CC-BY-4.0	7	
setup/prover-objects/data/plonk-public-proof/proof_depth_12_index_0.json	CC-BY-4.0	7	
setup/prover-objects/data/plonk-public-proof/proof_depth_13_index_0.json	CC-BY-4.0	7	
setup/prover-objects/data/plonk-public-proof/proof_depth_14_index_0.json	CC-BY-4.0	7	
setup/prover-objects/data/plonk-public-proof/proof_depth_15_index_0.json	CC-BY-4.0	7	
setup/prover-objects/data/plonk-public-proof/proof_depth_5_index_0.json	CC-BY-4.0	7	
setup/prover-objects/data/plonk-public-proof/proof_depth_6_index_0.json	CC-BY-4.0	7	
setup/prover-objects/data/plonk-public-proof/proof_depth_7_index_0.json	CC-BY-4.0	7	
setup/prover-objects/data/plonk-public-proof/proof_depth_8_index_0.json	CC-BY-4.0	7	
setup/prover-objects/data/plonk-public-proof/proof_depth_9_index_0.json	CC-BY-4.0	7	
setup/prover-objects/data/plonk-public-proof/public_depth_10_index_0.json	CC-BY-4.0	7	
setup/prover-objects/data/plonk-public-proof/public_depth_11_index_0.json	CC-BY-4.0	7	
setup/prover-objects/data/plonk-public-proof/public_depth_12_index_0.json	CC-BY-4.0	7	
setup/prover-objects/data/plonk-public-proof/public_depth_13_index_0.json	CC-BY-4.0	7	
setup/prover-objects/data/plonk-public-proof/public_depth_14_index_0.json	CC-BY-4.0	7	
setup/prover-objects/data/plonk-public-proof/public_depth_15_index_0.json	CC-BY-4.0	7	
setup/prover-objects/data/plonk-public-proof/public_depth_5_index_0.json	CC-BY-4.0	7	
setup/prover-objects/data/plonk-public-proof/public_depth_6_index_0.json	CC-BY-4.0	7	
setup/prover-objects/data/plonk-public-proof/public_depth_7_index_0.json	CC-BY-4.0	7	
setup/prover-objects/data/plonk-public-proof/public_depth_8_index_0.json	CC-BY-4.0	7	
setup/prover-objects/data/plonk-public-proof/public_depth_9_index_0.json	CC-BY-4.0	7	
setup/prover-objects/data/plonk-vkeys/CredentialVerifier_Depth10_plonk_vkey.json	GPL-3.0	4	
setup/prover-objects/data/plonk-vkeys/CredentialVerifier_Depth11_plonk_vkey.json	GPL-3.0	4	
setup/prover-objects/data/plonk-vkeys/CredentialVerifier_Depth12_plonk_vkey.json	GPL-3.0	4	
setup/prover-objects/data/plonk-vkeys/CredentialVerifier_Depth13_plonk_vkey.json	GPL-3.0	4	
setup/prover-objects/data/plonk-vkeys/CredentialVerifier_Depth14_plonk_vkey.json	GPL-3.0	4	
setup/prover-objects/data/plonk-vkeys/CredentialVerifier_Depth15_plonk_vkey.json	GPL-3.0	4	
setup/prover-objects/data/plonk-vkeys/CredentialVerifier_Depth5_plonk_vkey.json	GPL-3.0	4	
setup/prover-objects/data/plonk-vkeys/CredentialVerifier_Depth6_plonk_vkey.json	GPL-3.0	4	
setup/prover-objects/data/plonk-vkeys/CredentialVerifier_Depth7_plonk_vkey.json	GPL-3.0	4	
setup/prover-objects/data/plonk-vkeys/CredentialVerifier_Depth8_plonk_vkey.json	GPL-3.0	4	
setup/prover-objects/data/plonk-vkeys/CredentialVerifier_Depth9_plonk_vkey.json	GPL-3.0	4	
setup/prover-objects/data/zkp-circuits/CredentialVerifier_Depth10/CredentialVerifier_Depth10.r1cs	GPL-3.0	4	
setup/prover-objects/data/zkp-circuits/CredentialVerifier_Depth10/CredentialVerifier_Depth10_0001.zkey	GPL-3.0	4	
setup/prover-objects/data/zkp-circuits/CredentialVerifier_Depth10/CredentialVerifier_Depth10_js/CredentialVerifier_Depth10.wasm	GPL-3.0	3	
setup/prover-objects/data/zkp-circuits/CredentialVerifier_Depth10/CredentialVerifier_Depth10_js/generate_witness.js	GPL-3.0	3	
setup/prover-objects/data/zkp-circuits/CredentialVerifier_Depth10/CredentialVerifier_Depth10_js/witness_calculator.js	GPL-3.0	3	
setup/prover-objects/data/zkp-circuits/CredentialVerifier_Depth11/CredentialVerifier_Depth11.r1cs	GPL-3.0	4	
setup/prover-objects/data/zkp-circuits/CredentialVerifier_Depth11/CredentialVerifier_Depth11_0001.zkey	GPL-3.0	4	
setup/prover-objects/data/zkp-circuits/CredentialVerifier_Depth11/CredentialVerifier_Depth11_js/CredentialVerifier_Depth11.wasm	GPL-3.0	3	
setup/prover-objects/data/zkp-circuits/CredentialVerifier_Depth11/CredentialVerifier_Depth11_js/generate_witness.js	GPL-3.0	3	
setup/prover-objects/data/zkp-circuits/CredentialVerifier_Depth11/CredentialVerifier_Depth11_js/witness_calculator.js	GPL-3.0	3	
setup/prover-objects/data/zkp-circuits/CredentialVerifier_Depth12/CredentialVerifier_Depth12.r1cs	GPL-3.0	4	
setup/prover-objects/data/zkp-circuits/CredentialVerifier_Depth12/CredentialVerifier_Depth12_0001.zkey	GPL-3.0	4	
setup/prover-objects/data/zkp-circuits/CredentialVerifier_Depth12/CredentialVerifier_Depth12_js/CredentialVerifier_Depth12.wasm	GPL-3.0	3	
setup/prover-objects/data/zkp-circuits/CredentialVerifier_Depth12/CredentialVerifier_Depth12_js/generate_witness.js	GPL-3.0	3	
setup/prover-objects/data/zkp-circuits/CredentialVerifier_Depth12/CredentialVerifier_Depth12_js/witness_calculator.js	GPL-3.0	3	
setup/prover-objects/data/zkp-circuits/CredentialVerifier_Depth13/CredentialVerifier_Depth13.r1cs	GPL-3.0	4	
setup/prover-objects/data/zkp-circuits/CredentialVerifier_Depth13/CredentialVerifier_Depth13_0001.zkey	GPL-3.0	4	
setup/prover-objects/data/zkp-circuits/CredentialVerifier_Depth13/CredentialVerifier_Depth13_js/CredentialVerifier_Depth13.wasm	GPL-3.0	3	
setup/prover-objects/data/zkp-circuits/CredentialVerifier_Depth13/CredentialVerifier_Depth13_js/generate_witness.js	GPL-3.0	3	
setup/prover-objects/data/zkp-circuits/CredentialVerifier_Depth13/CredentialVerifier_Depth13_js/witness_calculator.js	GPL-3.0	3	
setup/prover-objects/data/zkp-circuits/CredentialVerifier_Depth14/CredentialVerifier_Depth14.r1cs	GPL-3.0	4	
setup/prover-objects/data/zkp-circuits/CredentialVerifier_Depth14/CredentialVerifier_Depth14_0001.zkey	GPL-3.0	4	
setup/prover-objects/data/zkp-circuits/CredentialVerifier_Depth14/CredentialVerifier_Depth14_js/CredentialVerifier_Depth14.wasm	GPL-3.0	3	
setup/prover-objects/data/zkp-circuits/CredentialVerifier_Depth14/CredentialVerifier_Depth14_js/generate_witness.js	GPL-3.0	3	
setup/prover-objects/data/zkp-circuits/CredentialVerifier_Depth14/CredentialVerifier_Depth14_js/witness_calculator.js	GPL-3.0	3	
setup/prover-objects/data/zkp-circuits/CredentialVerifier_Depth15/CredentialVerifier_Depth15.r1cs	GPL-3.0	4	
setup/prover-objects/data/zkp-circuits/CredentialVerifier_Depth15/CredentialVerifier_Depth15_0001.zkey	GPL-3.0	4	
setup/prover-objects/data/zkp-circuits/CredentialVerifier_Depth15/CredentialVerifier_Depth15_js/CredentialVerifier_Depth15.wasm	GPL-3.0	3	
setup/prover-objects/data/zkp-circuits/CredentialVerifier_Depth15/CredentialVerifier_Depth15_js/generate_witness.js	GPL-3.0	3	
setup/prover-objects/data/zkp-circuits/CredentialVerifier_Depth15/CredentialVerifier_Depth15_js/witness_calculator.js	GPL-3.0	3	
setup/prover-objects/data/zkp-circuits/CredentialVerifier_Depth5/CredentialVerifier_Depth5.r1cs	GPL-3.0	4	
setup/prover-objects/data/zkp-circuits/CredentialVerifier_Depth5/CredentialVerifier_Depth5_0001.zkey	GPL-3.0	4	
setup/prover-objects/data/zkp-circuits/CredentialVerifier_Depth5/CredentialVerifier_Depth5_js/CredentialVerifier_Depth5.wasm	GPL-3.0	3	
setup/prover-objects/data/zkp-circuits/CredentialVerifier_Depth5/CredentialVerifier_Depth5_js/generate_witness.js	GPL-3.0	3	
setup/prover-objects/data/zkp-circuits/CredentialVerifier_Depth5/CredentialVerifier_Depth5_js/witness_calculator.js	GPL-3.0	3	
setup/prover-objects/data/zkp-circuits/CredentialVerifier_Depth6/CredentialVerifier_Depth6.r1cs	GPL-3.0	4	
setup/prover-objects/data/zkp-circuits/CredentialVerifier_Depth6/CredentialVerifier_Depth6_0001.zkey	GPL-3.0	4	
setup/prover-objects/data/zkp-circuits/CredentialVerifier_Depth6/CredentialVerifier_Depth6_js/CredentialVerifier_Depth6.wasm	GPL-3.0	3	
setup/prover-objects/data/zkp-circuits/CredentialVerifier_Depth6/CredentialVerifier_Depth6_js/generate_witness.js	GPL-3.0	3	
setup/prover-objects/data/zkp-circuits/CredentialVerifier_Depth6/CredentialVerifier_Depth6_js/witness_calculator.js	GPL-3.0	3	
setup/prover-objects/data/zkp-circuits/CredentialVerifier_Depth7/CredentialVerifier_Depth7.r1cs	GPL-3.0	4	
setup/prover-objects/data/zkp-circuits/CredentialVerifier_Depth7/CredentialVerifier_Depth7_0001.zkey	GPL-3.0	4	
setup/prover-objects/data/zkp-circuits/CredentialVerifier_Depth7/CredentialVerifier_Depth7_js/CredentialVerifier_Depth7.wasm	GPL-3.0	3	
setup/prover-objects/data/zkp-circuits/CredentialVerifier_Depth7/CredentialVerifier_Depth7_js/generate_witness.js	GPL-3.0	3	
setup/prover-objects/data/zkp-circuits/CredentialVerifier_Depth7/CredentialVerifier_Depth7_js/witness_calculator.js	GPL-3.0	3	
setup/prover-objects/data/zkp-circuits/CredentialVerifier_Depth8/CredentialVerifier_Depth8.r1cs	GPL-3.0	4	
setup/prover-objects/data/zkp-circuits/CredentialVerifier_Depth8/CredentialVerifier_Depth8_0001.zkey	GPL-3.0	4	
setup/prover-objects/data/zkp-circuits/CredentialVerifier_Depth8/CredentialVerifier_Depth8_js/CredentialVerifier_Depth8.wasm	GPL-3.0	3	
setup/prover-objects/data/zkp-circuits/CredentialVerifier_Depth8/CredentialVerifier_Depth8_js/generate_witness.js	GPL-3.0	3	
setup/prover-objects/data/zkp-circuits/CredentialVerifier_Depth8/CredentialVerifier_Depth8_js/witness_calculator.js	GPL-3.0	3	
setup/prover-objects/data/zkp-circuits/CredentialVerifier_Depth9/CredentialVerifier_Depth9.r1cs	GPL-3.0	4	
setup/prover-objects/data/zkp-circuits/CredentialVerifier_Depth9/CredentialVerifier_Depth9_0001.zkey	GPL-3.0	4	
setup/prover-objects/data/zkp-circuits/CredentialVerifier_Depth9/CredentialVerifier_Depth9_js/CredentialVerifier_Depth9.wasm	GPL-3.0	3	
setup/prover-objects/data/zkp-circuits/CredentialVerifier_Depth9/CredentialVerifier_Depth9_js/generate_witness.js	GPL-3.0	3	
setup/prover-objects/data/zkp-circuits/CredentialVerifier_Depth9/CredentialVerifier_Depth9_js/witness_calculator.js	GPL-3.0	3	
setup/prover-objects/results/constraints/4.2.1-The-Growth-of-Depth-Parameterized-Circuit/20260920T120000-depth5-15-constraints.csv	CC-BY-4.0	7	
setup/prover-objects/results/constraints/4.2.1-The-Growth-of-Depth-Parameterized-Circuit/Figure_6.pdf	CC-BY-4.0	7	
setup/prover-objects/results/constraints/4.2.1-The-Growth-of-Depth-Parameterized-Circuit/README.md	CC-BY-4.0	7	
setup/prover-objects/scripts/constraints/plot_constraints.py	MIT	6	
setup/prover-objects/scripts/setup/compile_depth_circuits.js	MIT	6	
setup/prover-objects/scripts/setup/generate_depth_circuits.js	MIT	6	
setup/prover-objects/scripts/setup/generate_input_all_depths.js	MIT	6	
setup/prover-objects/scripts/setup/generate_input_depth.js	MIT	6	
setup/prover-objects/scripts/setup/paths.js	MIT	6	
setup/prover-objects/scripts/setup/prepare_diploma_data.js	MIT	6	
setup/prover-objects/scripts/setup/setup_circuits_all.js	MIT	6	
setup/prover-objects/scripts/setup/setup_groth16_depth.js	MIT	6	
setup/prover-objects/test/circuit.selector.negative.js	MIT	6	
setup/ptau/pot16_final.ptau	CC-BY-4.0	7	
tables/T1-regimes.tex	CC-BY-4.0	7	
tables/T2-structure.tex	CC-BY-4.0	7	
tables/T3-tests.tex	CC-BY-4.0	7	
tables/TABLES-MANIFEST.json	CC-BY-4.0	7	
tables/supplement/S01-toolchain.tex	CC-BY-4.0	7	
tables/supplement/S02-ledger-prices.tex	CC-BY-4.0	7	
tables/supplement/S03-role-matrix.tex	CC-BY-4.0	7	
tables/supplement/S04-npg-levels.tex	CC-BY-4.0	7	
tables/supplement/S05-tolerances.tex	CC-BY-4.0	7	
tables/supplement/S06-equality-bands.tex	CC-BY-4.0	7	
tables/supplement/S07-controls.tex	CC-BY-4.0	7	
tables/supplement/S08-packages.tex	CC-BY-4.0	7	
tables/supplement/S09-crossovers.tex	CC-BY-4.0	7	
tables/supplement/S10-heldout-summary.tex	CC-BY-4.0	7	
tables/supplement/S11-r-scoring.tex	CC-BY-4.0	7	
tables/supplement/S12-p-scoring.tex	CC-BY-4.0	7	
tables/supplement/S13-zc-scoring.tex	CC-BY-4.0	7	
tables/supplement/S14-npg-ranking.tex	CC-BY-4.0	7	
tables/supplement/S15-switch-intervals.tex	CC-BY-4.0	7	
tables/supplement/S16-cell-summary.tex	CC-BY-4.0	7	
tables/supplement/S17-fflonk-setp.tex	CC-BY-4.0	7	
tables/supplement/S18-fflonk-proofs.tex	CC-BY-4.0	7	
tables/supplement/S19-residual-posthoc.tex	CC-BY-4.0	7	
tables/supplement/S20-c2-rank.tex	CC-BY-4.0	7	
tables/supplement/S21-d1-cells.tex	CC-BY-4.0	7	
tables/supplement/S22-d1-ratios.tex	CC-BY-4.0	7	
tables/supplement/S23-step-ratios.tex	CC-BY-4.0	7	
tables/supplement/S24-d2-d3-context.tex	CC-BY-4.0	7	
tables/supplement/S25-d3-inputs.tex	CC-BY-4.0	7	
tables/supplement/SUPPLEMENT-MANIFEST.json	CC-BY-4.0	7	
