path	class	sha256	bytes	status	source_manifest	note
.gitattributes	GIT	5f1fa47f3f80eeab220c78a666fb02fbcea0adc84d2b45aa8c72175151a28ddd	401	PRESENT		
CITATION.cff	GIT	ecd1ce5af6f25ba7fae8da2035bc2a3680dd1a90f672a3ab386124bc1c509c7f	686	PRESENT		
LICENSE.md	GIT	d8c7321107101c2b1093c89c8a5676f33a4cbcaa3852b4733e7ba1d2d4fcd3e1	3107	PRESENT		
LICENSES/Apache-2.0.txt	GIT	cfc7749b96f63bd31c3c42b5c471bf756814053e847c10f3eb003417bc523d30	11358	PRESENT		
LICENSES/CC-BY-4.0.txt	GIT	4c3c0cad4496cdf420b45909eeba725243fb7709878fc1f8dff9e39357773b46	17022	PRESENT		
LICENSES/GPL-3.0.txt	GIT	8ceb4b9ee5adedde47b31e975c1d90c73ad27b6b165a1dcd80c7c545eb65b903	35147	PRESENT		
LICENSES/MIT.txt	GIT	7aa8af19ba975cc37c8213fb218477ed61e6347e29d1e22a6d71d9d6c2e0075d	1109	PRESENT		
NOTICE	GIT	c7fe5ea7113d1920c32429a9df6bc57830ed44b61aeb4b9ec91210123290a865	1801	PRESENT		
README.md	GIT	55fd43e819f6f4b5f72510471dc9fc784cab1b0e90d055048ac9db6a21894fbb	16682	PRESENT		
analysis/README.md	GIT	bc01cbcf3f6d173c8106563bf024a2ead8677a2da1a9229cc0daf42e5b385b23	1784	PRESENT		
analysis/derive_values.py	GIT	5b7f714e930d483345be4056b96b98abe3bc8a83e11600035dfbcd9e9b7ef3e2	54860	PRESENT		
analysis/figures/src/build_figures.py	GIT	f7e79c2ea130b1e272161415d1adc1aacf36949ddc429bc8bd3362aa739f2fd2	4817	PRESENT		
analysis/figures/src/fig2_design_map.py	GIT	96f71de71f1c0ed6064f551ef050457fd4e9c7176e825b5af13443902629f85e	8136	PRESENT		
analysis/figures/src/fig3_crossovers.py	GIT	ea5e867013a1381a9c6eb7f792c99b99aa845674d89ff26be7720e1b5b5bba82	9628	PRESENT		
analysis/figures/src/fig4_prediction.py	GIT	e997ee20c34ce449902c1191371869335b544f0ec345c27012fdbe8be28f7406	4856	PRESENT		
analysis/figures/src/fig5_prover.py	GIT	24c805cebf9cfc3e6765bfd3ad8ed52448467062ece451faa7d787d13a1d9005	5171	PRESENT		
analysis/figures/src/figstyle.py	GIT	22e9e66861cfd9e91216de6b430002b6bc76d8b96322a040e4d6f0961e64101a	5030	PRESENT		
analysis/supplement/src/make_supplement_tables.py	GIT	85be5924ecf50187957f78b7402fd39104cf96e85ca39752b23c863f78a67068	31684	PRESENT		
analysis/tables/src/make_tables.py	GIT	b0de6909290574b75431b0d1fb243165475d8213f52d248c8b12486970d50386	9016	PRESENT		
data/README.md	GIT	52bba91041ae9dad76ca04fbff8b7675b8f3728eeb75a8c7ad7c2c3ccdcaf218	1853	PRESENT		
data/c1/fflonk/evidence/HARNESS-SHA256SUMS	GIT	02cee61b26b1b0fb5a10396eae93ed2cb113128fd1fef87a047f1c5f3e113d36	1220	PRESENT	data/c1/fflonk/evidence/SHA256SUMS	
data/c1/fflonk/evidence/PRE-RUN-FFLONK-INPUTS.sha256	GIT	8d8135ddc447c286366158437ca4dccc763dbd98ca5ead54875e14d8f54ef1ec	3776	PRESENT	data/c1/fflonk/evidence/SHA256SUMS	
data/c1/fflonk/evidence/RUN-MANIFEST-FULL-IF-FFLONK-GATE-PASSES.json	GIT	87b42f16b3dfe5be4292da316d367c84a4392e02bc923b263309ceea79e646db	17653	PRESENT	data/c1/fflonk/evidence/SHA256SUMS	
data/c1/fflonk/evidence/RUNNER-START-UTC.txt	GIT	1a777d2c30c019c19eb44943a1e24a6771df2af154566ccd6ecb5a6069f2a912	21	PRESENT	data/c1/fflonk/evidence/SHA256SUMS	
data/c1/fflonk/evidence/RUNNER-STATUS	GIT	219900aa8f215c8eaded3bc0d892caf08bfd390da471b15526a5d694cf28a941	9	PRESENT	data/c1/fflonk/evidence/SHA256SUMS	
data/c1/fflonk/evidence/SHA256SUMS	GIT	d0474fa14e72a7a56da1dc17a0dd6997eaa6608f4ec6fdb3b77817cb107aeddf	20193	PRESENT		
data/c1/fflonk/evidence/compiled-fflonk/c1_ff_k01-fflonk.json	GIT	3e72ef94b92e4850b5ba572b8156b1b202e090ca263fc95020ead4a1a3d1ec2a	412022	PRESENT	data/c1/fflonk/evidence/SHA256SUMS	
data/c1/fflonk/evidence/compiled-fflonk/c1_ff_k04-fflonk.json	GIT	df60f95e54d8767d7bc9aeaba8104b9123025be1820563922f0fb747427ee109	431614	PRESENT	data/c1/fflonk/evidence/SHA256SUMS	
data/c1/fflonk/evidence/compiled-fflonk/c1_ff_k16-fflonk.json	GIT	10f39c68413bc5418f1b83d2a41803bfe2fd619b4b2caaa0a078dccfe77b85b0	509452	PRESENT	data/c1/fflonk/evidence/SHA256SUMS	
data/c1/fflonk/evidence/compiled-fflonk/c1_ff_k32-fflonk.json	GIT	c6d8f4a2890485f3a4d86b51f3fbe8d794c6b8dad9a1c657a1e36636963044f6	613390	PRESENT	data/c1/fflonk/evidence/SHA256SUMS	
data/c1/fflonk/evidence/deviations/DEVIATIONS-FFLONK.md	GIT	34458e9508252b3fac20aa32257fd14f062652d4b01cfcf43fbf3478363f9388	1195	PRESENT	data/c1/fflonk/evidence/SHA256SUMS	
data/c1/fflonk/evidence/fflonk-orchestrator.stdout	GIT	8d35e231c5573208cb2110f84f5b7881b2f15cdc9e5c4775bb4c183d0032e31f	2312	PRESENT	data/c1/fflonk/evidence/SHA256SUMS	
data/c1/fflonk/evidence/fflonk/COLLECTION-COMPLETE	GIT	dcc1e48061ea54f0a1361a8f51d00790ab173805f18f1b9fc3ff0b95dbaf1b03	28	PRESENT	data/c1/fflonk/evidence/SHA256SUMS	
data/c1/fflonk/evidence/fflonk/V2-MPI-FULL-01-FFLONK-records.jsonl	GIT	bd4d28d56a9004d0cd529ed4de8162f142c13b7ac81cea7f641b862e84bda5eb	1160695	PRESENT	data/c1/fflonk/evidence/SHA256SUMS	
data/c1/fflonk/evidence/fflonk/cell-order.json	GIT	a5df2f76d31fee921f0823ab70ef91f203dbc1cb64e9185240465deaea27b269	1848	PRESENT	data/c1/fflonk/evidence/SHA256SUMS	
data/c1/fflonk/evidence/fflonk/cells/00-eravm-29__fflonk__c1_ff_k32.jsonl	GIT	db5ebb861add7bd7ff115a2622e35149ddc6b667c412f39e8f493e6153011c8f	79318	PRESENT	data/c1/fflonk/evidence/SHA256SUMS	
data/c1/fflonk/evidence/fflonk/cells/01-eravm-29__fflonk__c1_ff_k01.jsonl	GIT	6f44759956a5151b82e2043fa90abd6cc7b66b0e691752d922449e8484e1bc0f	47216	PRESENT	data/c1/fflonk/evidence/SHA256SUMS	
data/c1/fflonk/evidence/fflonk/cells/02-zkos-v32_at_npg100__fflonk__c1_ff_k04.jsonl	GIT	163b943adbe1a881f9794a76dd8c3c7e178ca07b365f2040501e70130c8a5d27	54977	PRESENT	data/c1/fflonk/evidence/SHA256SUMS	
data/c1/fflonk/evidence/fflonk/cells/03-eravm-29__fflonk__c1_ff_k16.jsonl	GIT	ca32868706ccf947e01ef702fb458a96952a46f2ecdc1ac2c529009f1bf80212	62789	PRESENT	data/c1/fflonk/evidence/SHA256SUMS	
data/c1/fflonk/evidence/fflonk/cells/04-evm-osaka__fflonk__c1_ff_k01.jsonl	GIT	964f5c049993e2d4bb5cdfa272c5985b88034ecea62ea608d7fa766d11c7c1d5	130742	PRESENT	data/c1/fflonk/evidence/SHA256SUMS	
data/c1/fflonk/evidence/fflonk/cells/05-zkos-v32_at_npg100__fflonk__c1_ff_k01.jsonl	GIT	02072502558d441b19163ca7f11184518ad3d8bf5a3121cb5014780255fcea83	51679	PRESENT	data/c1/fflonk/evidence/SHA256SUMS	
data/c1/fflonk/evidence/fflonk/cells/06-evm-osaka__fflonk__c1_ff_k04.jsonl	GIT	317dbe304154ad1f515e205eec2d9e335a6fc6bace0d0c94179758a50f1c9856	139485	PRESENT	data/c1/fflonk/evidence/SHA256SUMS	
data/c1/fflonk/evidence/fflonk/cells/07-evm-osaka__fflonk__c1_ff_k32.jsonl	GIT	e2e4e410de94656e49f1380ccd2efa2be944dac3594a4cdefaad2b93de4c7705	217158	PRESENT	data/c1/fflonk/evidence/SHA256SUMS	
data/c1/fflonk/evidence/fflonk/cells/08-evm-osaka__fflonk__c1_ff_k16.jsonl	GIT	f04ba8f51676dd1c1b8b3fb2d28cf805df1e0ec2e457a30108cdbb49d95ac895	172807	PRESENT	data/c1/fflonk/evidence/SHA256SUMS	
data/c1/fflonk/evidence/fflonk/cells/09-zkos-v32_at_npg100__fflonk__c1_ff_k16.jsonl	GIT	0d62215f934f74101aaf91ddac6c7ef7ff3292793dbb6591e6108410e0411a04	68247	PRESENT	data/c1/fflonk/evidence/SHA256SUMS	
data/c1/fflonk/evidence/fflonk/cells/10-eravm-29__fflonk__c1_ff_k04.jsonl	GIT	06121bf88d346793643518d5dab5dd7c75d4f18e8a0e63e56653d9ce231e0560	50358	PRESENT	data/c1/fflonk/evidence/SHA256SUMS	
data/c1/fflonk/evidence/fflonk/cells/11-zkos-v32_at_npg100__fflonk__c1_ff_k32.jsonl	GIT	dedc6e73c4be19808eb507d504171db2c4cfe85515e89239a21beb3da7b1c778	85919	PRESENT	data/c1/fflonk/evidence/SHA256SUMS	
data/c1/fflonk/evidence/fflonk/orchestrator.log	GIT	8d35e231c5573208cb2110f84f5b7881b2f15cdc9e5c4775bb4c183d0032e31f	2312	PRESENT	data/c1/fflonk/evidence/SHA256SUMS	
data/c1/fflonk/evidence/fflonk/raw/00-eravm-29__fflonk__c1_ff_k32/attempt-1/anvil-zksync.log	GIT	986ca0b0ca3e9251679c6c7faf6e0c25ae4ae95558a0623baf49685c31c03eee	8086	PRESENT	data/c1/fflonk/evidence/SHA256SUMS	
data/c1/fflonk/evidence/fflonk/raw/00-eravm-29__fflonk__c1_ff_k32/attempt-1/anvil-zksync.log.stdout	GIT	e0e2e08bf520a3047071a08b6d0e7e6c8363d56bf02aec5028b327a45023b616	19930	PRESENT	data/c1/fflonk/evidence/SHA256SUMS	
data/c1/fflonk/evidence/fflonk/raw/00-eravm-29__fflonk__c1_ff_k32/attempt-1/cell-meta.json	GIT	cca2b119f3c4ca1ef54e88c19295338f0e01ad553ba2934c5415db9b53eeb458	690	PRESENT	data/c1/fflonk/evidence/SHA256SUMS	
data/c1/fflonk/evidence/fflonk/raw/00-eravm-29__fflonk__c1_ff_k32/attempt-1/eravm-calltraces.json	GIT	a50f10a24cc946eeb0a3e03a249b847d19cb061cba565e8c385f47016f79c719	645179	PRESENT	data/c1/fflonk/evidence/SHA256SUMS	
data/c1/fflonk/evidence/fflonk/raw/00-eravm-29__fflonk__c1_ff_k32/attempt-1/records.jsonl	GIT	db5ebb861add7bd7ff115a2622e35149ddc6b667c412f39e8f493e6153011c8f	79318	PRESENT	data/c1/fflonk/evidence/SHA256SUMS	
data/c1/fflonk/evidence/fflonk/raw/00-eravm-29__fflonk__c1_ff_k32/attempt-1/spec.json	GIT	07d34f9c7ea638a316c61ad55c1507a74e350941514962470aa641019973aeca	758	PRESENT	data/c1/fflonk/evidence/SHA256SUMS	
data/c1/fflonk/evidence/fflonk/raw/00-eravm-29__fflonk__c1_ff_k32/attempt-1/stderr.txt	GIT	e3b0c44298fc1c149afbf4c8996fb92427ae41e4649b934ca495991b7852b855	0	PRESENT	data/c1/fflonk/evidence/SHA256SUMS	
data/c1/fflonk/evidence/fflonk/raw/00-eravm-29__fflonk__c1_ff_k32/attempt-1/stdout.txt	GIT	6f0b142443177889c371a1c3cce6507024e1bb6ce41fe00e3ac8d01932da4bc5	82	PRESENT	data/c1/fflonk/evidence/SHA256SUMS	
data/c1/fflonk/evidence/fflonk/raw/01-eravm-29__fflonk__c1_ff_k01/attempt-1/anvil-zksync.log	GIT	f0119d89ca5e827314e3542e7c5a9a5d17ac24d542f7970341ba9d25efa42e00	8084	PRESENT	data/c1/fflonk/evidence/SHA256SUMS	
data/c1/fflonk/evidence/fflonk/raw/01-eravm-29__fflonk__c1_ff_k01/attempt-1/anvil-zksync.log.stdout	GIT	2f708ba37802ea9b45cde9e478dd37fce0ce0a5d6c8b5d69c1a64b8ade435fc6	19928	PRESENT	data/c1/fflonk/evidence/SHA256SUMS	
data/c1/fflonk/evidence/fflonk/raw/01-eravm-29__fflonk__c1_ff_k01/attempt-1/cell-meta.json	GIT	544d4e38d4e3cbacd898ffca5be38fee7314e1fe48d242e3c65ec519bd8e8768	689	PRESENT	data/c1/fflonk/evidence/SHA256SUMS	
data/c1/fflonk/evidence/fflonk/raw/01-eravm-29__fflonk__c1_ff_k01/attempt-1/eravm-calltraces.json	GIT	bf7f430ac717609e3bcfb2a68ddf47790861af6645ace991662e41439a38da39	502322	PRESENT	data/c1/fflonk/evidence/SHA256SUMS	
data/c1/fflonk/evidence/fflonk/raw/01-eravm-29__fflonk__c1_ff_k01/attempt-1/records.jsonl	GIT	6f44759956a5151b82e2043fa90abd6cc7b66b0e691752d922449e8484e1bc0f	47216	PRESENT	data/c1/fflonk/evidence/SHA256SUMS	
data/c1/fflonk/evidence/fflonk/raw/01-eravm-29__fflonk__c1_ff_k01/attempt-1/spec.json	GIT	ce0d6f9320310f7394bd98370ae5017ffbfc6c34d55674689d2750e682bd2870	757	PRESENT	data/c1/fflonk/evidence/SHA256SUMS	
data/c1/fflonk/evidence/fflonk/raw/01-eravm-29__fflonk__c1_ff_k01/attempt-1/stderr.txt	GIT	e3b0c44298fc1c149afbf4c8996fb92427ae41e4649b934ca495991b7852b855	0	PRESENT	data/c1/fflonk/evidence/SHA256SUMS	
data/c1/fflonk/evidence/fflonk/raw/01-eravm-29__fflonk__c1_ff_k01/attempt-1/stdout.txt	GIT	1b7992d67e977ed43e5ccbcbc15cec1f27776508b464e1f713e284f4d6708721	82	PRESENT	data/c1/fflonk/evidence/SHA256SUMS	
data/c1/fflonk/evidence/fflonk/raw/02-zkos-v32_at_npg100__fflonk__c1_ff_k04/attempt-1/cell-meta.json	GIT	58aa6190f709d676506b0f44cbd08bb922827be5ae0ea92416d92b94c353653c	440	PRESENT	data/c1/fflonk/evidence/SHA256SUMS	
data/c1/fflonk/evidence/fflonk/raw/02-zkos-v32_at_npg100__fflonk__c1_ff_k04/attempt-1/node/anvil.log	GIT	04d21e0413bf1dc8736d8834bcea72cd71147a56f8a4a73e5e8eee5e335bbd4d	196861	PRESENT	data/c1/fflonk/evidence/SHA256SUMS	
data/c1/fflonk/evidence/fflonk/raw/02-zkos-v32_at_npg100__fflonk__c1_ff_k04/attempt-1/node/server.log	GIT	49603a0ef7eff15ebb0c6cac0657f1f11015a9a2bc651e2d783fbba60df2729e	1081766	PRESENT	data/c1/fflonk/evidence/SHA256SUMS	
data/c1/fflonk/evidence/fflonk/raw/02-zkos-v32_at_npg100__fflonk__c1_ff_k04/attempt-1/records.jsonl	GIT	163b943adbe1a881f9794a76dd8c3c7e178ca07b365f2040501e70130c8a5d27	54977	PRESENT	data/c1/fflonk/evidence/SHA256SUMS	
data/c1/fflonk/evidence/fflonk/raw/02-zkos-v32_at_npg100__fflonk__c1_ff_k04/attempt-1/spec.json	GIT	03f7efc981c5237c8447161199611ad32deaa74627ca22d968fa27ca2d94f4d2	856	PRESENT	data/c1/fflonk/evidence/SHA256SUMS	
data/c1/fflonk/evidence/fflonk/raw/02-zkos-v32_at_npg100__fflonk__c1_ff_k04/attempt-1/stderr.txt	GIT	e3b0c44298fc1c149afbf4c8996fb92427ae41e4649b934ca495991b7852b855	0	PRESENT	data/c1/fflonk/evidence/SHA256SUMS	
data/c1/fflonk/evidence/fflonk/raw/02-zkos-v32_at_npg100__fflonk__c1_ff_k04/attempt-1/stdout.txt	GIT	8c05e85496422eccc1cc7b9ae9a720a5f94be51899325579837d5d9924681fb2	105	PRESENT	data/c1/fflonk/evidence/SHA256SUMS	
data/c1/fflonk/evidence/fflonk/raw/03-eravm-29__fflonk__c1_ff_k16/attempt-1/anvil-zksync.log	GIT	a279f140ba70b9737d54c313f0cb6b90a95f15b74cf961be87ec9af4f81571db	8085	PRESENT	data/c1/fflonk/evidence/SHA256SUMS	
data/c1/fflonk/evidence/fflonk/raw/03-eravm-29__fflonk__c1_ff_k16/attempt-1/anvil-zksync.log.stdout	GIT	f84602ff0c72653ed38a09a0628b6cb0b99db979e6011783a0a5d1ccbff41171	19929	PRESENT	data/c1/fflonk/evidence/SHA256SUMS	
data/c1/fflonk/evidence/fflonk/raw/03-eravm-29__fflonk__c1_ff_k16/attempt-1/cell-meta.json	GIT	d7ac67871315ee46821c4a3fd43c08de2e2b8a3501e5758acd31f640033ad04a	690	PRESENT	data/c1/fflonk/evidence/SHA256SUMS	
data/c1/fflonk/evidence/fflonk/raw/03-eravm-29__fflonk__c1_ff_k16/attempt-1/eravm-calltraces.json	GIT	43fb949a3eb6626c5671a1b696ea095e06a57be3c51689a41ffc3561e5c44147	571451	PRESENT	data/c1/fflonk/evidence/SHA256SUMS	
data/c1/fflonk/evidence/fflonk/raw/03-eravm-29__fflonk__c1_ff_k16/attempt-1/records.jsonl	GIT	ca32868706ccf947e01ef702fb458a96952a46f2ecdc1ac2c529009f1bf80212	62789	PRESENT	data/c1/fflonk/evidence/SHA256SUMS	
data/c1/fflonk/evidence/fflonk/raw/03-eravm-29__fflonk__c1_ff_k16/attempt-1/spec.json	GIT	3cb429136308f3b68f1c31a03fee26597fe655490cc73efee435b2cfc3e82e0a	758	PRESENT	data/c1/fflonk/evidence/SHA256SUMS	
data/c1/fflonk/evidence/fflonk/raw/03-eravm-29__fflonk__c1_ff_k16/attempt-1/stderr.txt	GIT	e3b0c44298fc1c149afbf4c8996fb92427ae41e4649b934ca495991b7852b855	0	PRESENT	data/c1/fflonk/evidence/SHA256SUMS	
data/c1/fflonk/evidence/fflonk/raw/03-eravm-29__fflonk__c1_ff_k16/attempt-1/stdout.txt	GIT	7ba3b72e26dfeddcaca577c185947ad23784c387f065a81a20554be219ccb589	82	PRESENT	data/c1/fflonk/evidence/SHA256SUMS	
data/c1/fflonk/evidence/fflonk/raw/04-evm-osaka__fflonk__c1_ff_k01/attempt-1/cell-meta.json	GIT	43f4d99e86b40c7e9b24b2e8f49c1fee257113c5877a4467b87c2d51da6db9b5	312	PRESENT	data/c1/fflonk/evidence/SHA256SUMS	
data/c1/fflonk/evidence/fflonk/raw/04-evm-osaka__fflonk__c1_ff_k01/attempt-1/edr-job.json	GIT	ae1b8dc968e270e350cb321da736bc0d8a4bf5173be81e618c9e94be6a63c544	88628	PRESENT	data/c1/fflonk/evidence/SHA256SUMS	
data/c1/fflonk/evidence/fflonk/raw/04-evm-osaka__fflonk__c1_ff_k01/attempt-1/edr-out.json	GIT	241eec2b49e5b72b8eb8cb78cfa4393afb9d65dc142fdec5fa5c688d745586bd	227960	PRESENT	data/c1/fflonk/evidence/SHA256SUMS	
data/c1/fflonk/evidence/fflonk/raw/04-evm-osaka__fflonk__c1_ff_k01/attempt-1/records.jsonl	GIT	964f5c049993e2d4bb5cdfa272c5985b88034ecea62ea608d7fa766d11c7c1d5	130742	PRESENT	data/c1/fflonk/evidence/SHA256SUMS	
data/c1/fflonk/evidence/fflonk/raw/04-evm-osaka__fflonk__c1_ff_k01/attempt-1/spec.json	GIT	8f6fc6479a9d03925199fd7eca5a82c9b42e9b808d447b3c0acbe51fb3f42b2c	766	PRESENT	data/c1/fflonk/evidence/SHA256SUMS	
data/c1/fflonk/evidence/fflonk/raw/04-evm-osaka__fflonk__c1_ff_k01/attempt-1/stderr.txt	GIT	e3b0c44298fc1c149afbf4c8996fb92427ae41e4649b934ca495991b7852b855	0	PRESENT	data/c1/fflonk/evidence/SHA256SUMS	
data/c1/fflonk/evidence/fflonk/raw/04-evm-osaka__fflonk__c1_ff_k01/attempt-1/stdout.txt	GIT	15872dd106cd687e56c4582b72db560a1117ab0d769d25ac03380b75b746b67e	83	PRESENT	data/c1/fflonk/evidence/SHA256SUMS	
data/c1/fflonk/evidence/fflonk/raw/05-zkos-v32_at_npg100__fflonk__c1_ff_k01/attempt-1/cell-meta.json	GIT	3dd952cd4a8def0b496518f39900ce91c0463955b9a753b6a8b0e2597dafa7d9	440	PRESENT	data/c1/fflonk/evidence/SHA256SUMS	
data/c1/fflonk/evidence/fflonk/raw/05-zkos-v32_at_npg100__fflonk__c1_ff_k01/attempt-1/node/anvil.log	GIT	92e9cc01f4fe00b62a887206f361d72b2695a66418b63b0a54f937b3138aba04	196250	PRESENT	data/c1/fflonk/evidence/SHA256SUMS	
data/c1/fflonk/evidence/fflonk/raw/05-zkos-v32_at_npg100__fflonk__c1_ff_k01/attempt-1/node/server.log	GIT	bad965b9e2371e9848a67255b0377cb7a606efd015db71839e7548ad7db97348	1072667	PRESENT	data/c1/fflonk/evidence/SHA256SUMS	
data/c1/fflonk/evidence/fflonk/raw/05-zkos-v32_at_npg100__fflonk__c1_ff_k01/attempt-1/records.jsonl	GIT	02072502558d441b19163ca7f11184518ad3d8bf5a3121cb5014780255fcea83	51679	PRESENT	data/c1/fflonk/evidence/SHA256SUMS	
data/c1/fflonk/evidence/fflonk/raw/05-zkos-v32_at_npg100__fflonk__c1_ff_k01/attempt-1/spec.json	GIT	ae37a4c510981a59545c389bfb3634eec8bbef447d99c28105edc8a8e9f1c38c	856	PRESENT	data/c1/fflonk/evidence/SHA256SUMS	
data/c1/fflonk/evidence/fflonk/raw/05-zkos-v32_at_npg100__fflonk__c1_ff_k01/attempt-1/stderr.txt	GIT	e3b0c44298fc1c149afbf4c8996fb92427ae41e4649b934ca495991b7852b855	0	PRESENT	data/c1/fflonk/evidence/SHA256SUMS	
data/c1/fflonk/evidence/fflonk/raw/05-zkos-v32_at_npg100__fflonk__c1_ff_k01/attempt-1/stdout.txt	GIT	1c79fd0087d98309c920b2662e1aee6c17309d2fd9afd665a173214c038430b3	105	PRESENT	data/c1/fflonk/evidence/SHA256SUMS	
data/c1/fflonk/evidence/fflonk/raw/06-evm-osaka__fflonk__c1_ff_k04/attempt-1/cell-meta.json	GIT	373b9d968411891c0c72d8374b6c3d39b074cc8938d527445d68449be4a1c1ef	312	PRESENT	data/c1/fflonk/evidence/SHA256SUMS	
data/c1/fflonk/evidence/fflonk/raw/06-evm-osaka__fflonk__c1_ff_k04/attempt-1/edr-job.json	GIT	b87fec2ab950c0ec6e272f91b6781c759fb32f0330997714e4f5433f96e39487	101901	PRESENT	data/c1/fflonk/evidence/SHA256SUMS	
data/c1/fflonk/evidence/fflonk/raw/06-evm-osaka__fflonk__c1_ff_k04/attempt-1/edr-out.json	GIT	1ecfce17e6f18e1a3c0fbbdd515f8f20c2977502ea4942bc84948b309691927a	243174	PRESENT	data/c1/fflonk/evidence/SHA256SUMS	
data/c1/fflonk/evidence/fflonk/raw/06-evm-osaka__fflonk__c1_ff_k04/attempt-1/records.jsonl	GIT	317dbe304154ad1f515e205eec2d9e335a6fc6bace0d0c94179758a50f1c9856	139485	PRESENT	data/c1/fflonk/evidence/SHA256SUMS	
data/c1/fflonk/evidence/fflonk/raw/06-evm-osaka__fflonk__c1_ff_k04/attempt-1/spec.json	GIT	5fb44f37c1eaccd8e0f68e0ce64e7e5c765b6f82556a6d8cc8a8900b1fb537aa	766	PRESENT	data/c1/fflonk/evidence/SHA256SUMS	
data/c1/fflonk/evidence/fflonk/raw/06-evm-osaka__fflonk__c1_ff_k04/attempt-1/stderr.txt	GIT	e3b0c44298fc1c149afbf4c8996fb92427ae41e4649b934ca495991b7852b855	0	PRESENT	data/c1/fflonk/evidence/SHA256SUMS	
data/c1/fflonk/evidence/fflonk/raw/06-evm-osaka__fflonk__c1_ff_k04/attempt-1/stdout.txt	GIT	d4952b1543bed7e32ccb4e6ed6865fa6b22f3040984263f424fb589b4fcb2c9d	83	PRESENT	data/c1/fflonk/evidence/SHA256SUMS	
data/c1/fflonk/evidence/fflonk/raw/07-evm-osaka__fflonk__c1_ff_k32/attempt-1/cell-meta.json	GIT	36aa8959b8e2197e4ee0e63acec0040c4ebebb8b72de5d2c30ed40e80ea9c174	312	PRESENT	data/c1/fflonk/evidence/SHA256SUMS	
data/c1/fflonk/evidence/fflonk/raw/07-evm-osaka__fflonk__c1_ff_k32/attempt-1/edr-job.json	GIT	57ad19188b405d327f2e522e9d0d7b90fe830091bf6775b10fb9b1449312e850	280303	PRESENT	data/c1/fflonk/evidence/SHA256SUMS	
data/c1/fflonk/evidence/fflonk/raw/07-evm-osaka__fflonk__c1_ff_k32/attempt-1/edr-out.json	GIT	57a3ce93031db314bf10b0f3b568a87b3834978cd181f4f208ef32c7cad722f2	374619	PRESENT	data/c1/fflonk/evidence/SHA256SUMS	
data/c1/fflonk/evidence/fflonk/raw/07-evm-osaka__fflonk__c1_ff_k32/attempt-1/records.jsonl	GIT	e2e4e410de94656e49f1380ccd2efa2be944dac3594a4cdefaad2b93de4c7705	217158	PRESENT	data/c1/fflonk/evidence/SHA256SUMS	
data/c1/fflonk/evidence/fflonk/raw/07-evm-osaka__fflonk__c1_ff_k32/attempt-1/spec.json	GIT	7482122c3a29383c686900709886237d492f76290d09832b2fb92d4a9154c2f2	767	PRESENT	data/c1/fflonk/evidence/SHA256SUMS	
data/c1/fflonk/evidence/fflonk/raw/07-evm-osaka__fflonk__c1_ff_k32/attempt-1/stderr.txt	GIT	e3b0c44298fc1c149afbf4c8996fb92427ae41e4649b934ca495991b7852b855	0	PRESENT	data/c1/fflonk/evidence/SHA256SUMS	
data/c1/fflonk/evidence/fflonk/raw/07-evm-osaka__fflonk__c1_ff_k32/attempt-1/stdout.txt	GIT	265c4da07acda94322db98219a284f03d02ba29b172490e79f5431bf40276e1e	83	PRESENT	data/c1/fflonk/evidence/SHA256SUMS	
data/c1/fflonk/evidence/fflonk/raw/08-evm-osaka__fflonk__c1_ff_k16/attempt-1/cell-meta.json	GIT	cd2f3c255003964e4e83f696f519359cfbfacf103f8f1923a31f37735eacc19f	312	PRESENT	data/c1/fflonk/evidence/SHA256SUMS	
data/c1/fflonk/evidence/fflonk/raw/08-evm-osaka__fflonk__c1_ff_k16/attempt-1/edr-job.json	GIT	49055523984522055d72a1571dec8ca8d608ff4a5a6d47fcba8f090136f3141e	166061	PRESENT	data/c1/fflonk/evidence/SHA256SUMS	
data/c1/fflonk/evidence/fflonk/raw/08-evm-osaka__fflonk__c1_ff_k16/attempt-1/edr-out.json	GIT	1822cff80c686f06fad76b4201efc8ca1f4782a7f3a25ed2098428be29ea35d2	299516	PRESENT	data/c1/fflonk/evidence/SHA256SUMS	
data/c1/fflonk/evidence/fflonk/raw/08-evm-osaka__fflonk__c1_ff_k16/attempt-1/records.jsonl	GIT	f04ba8f51676dd1c1b8b3fb2d28cf805df1e0ec2e457a30108cdbb49d95ac895	172807	PRESENT	data/c1/fflonk/evidence/SHA256SUMS	
data/c1/fflonk/evidence/fflonk/raw/08-evm-osaka__fflonk__c1_ff_k16/attempt-1/spec.json	GIT	98c8beed6629b532e423dc7e75b3c58ee61aa73abf8dd1290ee3be788590c28f	767	PRESENT	data/c1/fflonk/evidence/SHA256SUMS	
data/c1/fflonk/evidence/fflonk/raw/08-evm-osaka__fflonk__c1_ff_k16/attempt-1/stderr.txt	GIT	e3b0c44298fc1c149afbf4c8996fb92427ae41e4649b934ca495991b7852b855	0	PRESENT	data/c1/fflonk/evidence/SHA256SUMS	
data/c1/fflonk/evidence/fflonk/raw/08-evm-osaka__fflonk__c1_ff_k16/attempt-1/stdout.txt	GIT	a3c306fde5803d0a69ee70a8f020352fae01f16530e4cd8b81a756115f07b018	83	PRESENT	data/c1/fflonk/evidence/SHA256SUMS	
data/c1/fflonk/evidence/fflonk/raw/09-zkos-v32_at_npg100__fflonk__c1_ff_k16/attempt-1/cell-meta.json	GIT	f2fb16441a8d56158a120c211f882a498042c5ce64a9a98f6420fa85a7fa066a	440	PRESENT	data/c1/fflonk/evidence/SHA256SUMS	
data/c1/fflonk/evidence/fflonk/raw/09-zkos-v32_at_npg100__fflonk__c1_ff_k16/attempt-1/node/anvil.log	GIT	4b075f3ecb7806609141f26653db21b67c9030625d38387466c44e12e643a292	196100	PRESENT	data/c1/fflonk/evidence/SHA256SUMS	
data/c1/fflonk/evidence/fflonk/raw/09-zkos-v32_at_npg100__fflonk__c1_ff_k16/attempt-1/node/server.log	GIT	ed80b70889357a46f2ff3ea1e7a378e15ad1400100423941dde43e87ed1d6cef	1119836	PRESENT	data/c1/fflonk/evidence/SHA256SUMS	
data/c1/fflonk/evidence/fflonk/raw/09-zkos-v32_at_npg100__fflonk__c1_ff_k16/attempt-1/records.jsonl	GIT	0d62215f934f74101aaf91ddac6c7ef7ff3292793dbb6591e6108410e0411a04	68247	PRESENT	data/c1/fflonk/evidence/SHA256SUMS	
data/c1/fflonk/evidence/fflonk/raw/09-zkos-v32_at_npg100__fflonk__c1_ff_k16/attempt-1/spec.json	GIT	967ff989c6f1a62b51d95c971ff5c93447a561ca814db7fb02ec727f803b86ed	857	PRESENT	data/c1/fflonk/evidence/SHA256SUMS	
data/c1/fflonk/evidence/fflonk/raw/09-zkos-v32_at_npg100__fflonk__c1_ff_k16/attempt-1/stderr.txt	GIT	e3b0c44298fc1c149afbf4c8996fb92427ae41e4649b934ca495991b7852b855	0	PRESENT	data/c1/fflonk/evidence/SHA256SUMS	
data/c1/fflonk/evidence/fflonk/raw/09-zkos-v32_at_npg100__fflonk__c1_ff_k16/attempt-1/stdout.txt	GIT	c598e9e8f69a30384a20a9d67ac924dddc3d8c42f89ef844bf04f32e508c16ac	105	PRESENT	data/c1/fflonk/evidence/SHA256SUMS	
data/c1/fflonk/evidence/fflonk/raw/10-eravm-29__fflonk__c1_ff_k04/attempt-1/anvil-zksync.log	GIT	64e247467ea550438672fc406ec687c1d32933c669a98ac7d6a1ac0564721838	8085	PRESENT	data/c1/fflonk/evidence/SHA256SUMS	
data/c1/fflonk/evidence/fflonk/raw/10-eravm-29__fflonk__c1_ff_k04/attempt-1/anvil-zksync.log.stdout	GIT	ae1a27bf7a04b055cbf4e968ede45051740f2534b644d5dcb507aa7e2e3f5f27	19929	PRESENT	data/c1/fflonk/evidence/SHA256SUMS	
data/c1/fflonk/evidence/fflonk/raw/10-eravm-29__fflonk__c1_ff_k04/attempt-1/cell-meta.json	GIT	e45c50cce4b352fc2d4e08f0b94058b7835ec143077085e5c91448b7827fedbd	690	PRESENT	data/c1/fflonk/evidence/SHA256SUMS	
data/c1/fflonk/evidence/fflonk/raw/10-eravm-29__fflonk__c1_ff_k04/attempt-1/eravm-calltraces.json	GIT	56af5ce5cb02e40124c5b4c12f54432ca9a9260f8ecf876bb3af2acfa8e9e794	516146	PRESENT	data/c1/fflonk/evidence/SHA256SUMS	
data/c1/fflonk/evidence/fflonk/raw/10-eravm-29__fflonk__c1_ff_k04/attempt-1/records.jsonl	GIT	06121bf88d346793643518d5dab5dd7c75d4f18e8a0e63e56653d9ce231e0560	50358	PRESENT	data/c1/fflonk/evidence/SHA256SUMS	
data/c1/fflonk/evidence/fflonk/raw/10-eravm-29__fflonk__c1_ff_k04/attempt-1/spec.json	GIT	1ef3d9fb06f70d6d6ace1c8e38271cc77581ab83f97bd959f8bf0d379ce4e088	758	PRESENT	data/c1/fflonk/evidence/SHA256SUMS	
data/c1/fflonk/evidence/fflonk/raw/10-eravm-29__fflonk__c1_ff_k04/attempt-1/stderr.txt	GIT	e3b0c44298fc1c149afbf4c8996fb92427ae41e4649b934ca495991b7852b855	0	PRESENT	data/c1/fflonk/evidence/SHA256SUMS	
data/c1/fflonk/evidence/fflonk/raw/10-eravm-29__fflonk__c1_ff_k04/attempt-1/stdout.txt	GIT	4eda9a0c94ec2815a338d4039ced67e83ee819b853477cd2b0bbf489787c305a	82	PRESENT	data/c1/fflonk/evidence/SHA256SUMS	
data/c1/fflonk/evidence/fflonk/raw/11-zkos-v32_at_npg100__fflonk__c1_ff_k32/attempt-1/cell-meta.json	GIT	372689a54a92a740af2ed887eb65d9414f19e1ed10f069d44f85f7c25ed8fc8d	440	PRESENT	data/c1/fflonk/evidence/SHA256SUMS	
data/c1/fflonk/evidence/fflonk/raw/11-zkos-v32_at_npg100__fflonk__c1_ff_k32/attempt-1/node/anvil.log	GIT	fa9414e2a60f184199da08fd602bebf15a474fc438015b947cb5d676653d6c23	198849	PRESENT	data/c1/fflonk/evidence/SHA256SUMS	
data/c1/fflonk/evidence/fflonk/raw/11-zkos-v32_at_npg100__fflonk__c1_ff_k32/attempt-1/node/server.log	GIT	2da5a4ec3ba0d531029520627985f181018782dd95c703395f391bebf8243cc1	1180057	PRESENT	data/c1/fflonk/evidence/SHA256SUMS	
data/c1/fflonk/evidence/fflonk/raw/11-zkos-v32_at_npg100__fflonk__c1_ff_k32/attempt-1/records.jsonl	GIT	dedc6e73c4be19808eb507d504171db2c4cfe85515e89239a21beb3da7b1c778	85919	PRESENT	data/c1/fflonk/evidence/SHA256SUMS	
data/c1/fflonk/evidence/fflonk/raw/11-zkos-v32_at_npg100__fflonk__c1_ff_k32/attempt-1/spec.json	GIT	84fdbf50e94d0c8244dfcae6228244f14288bed7da077568aefb4bf4ae26aebb	858	PRESENT	data/c1/fflonk/evidence/SHA256SUMS	
data/c1/fflonk/evidence/fflonk/raw/11-zkos-v32_at_npg100__fflonk__c1_ff_k32/attempt-1/stderr.txt	GIT	e3b0c44298fc1c149afbf4c8996fb92427ae41e4649b934ca495991b7852b855	0	PRESENT	data/c1/fflonk/evidence/SHA256SUMS	
data/c1/fflonk/evidence/fflonk/raw/11-zkos-v32_at_npg100__fflonk__c1_ff_k32/attempt-1/stdout.txt	GIT	b24950492c69d152cd4a6d0dea308afb4fe54e9aa6ae91a935bab5d2972a1aa4	105	PRESENT	data/c1/fflonk/evidence/SHA256SUMS	
data/c1/fflonk/evidence/fflonk/raw/l1-state-inputs-removed.tsv	GIT	cb7f98d4de02477a5214ca574cbfc05c4e8f8396b9806876a72bd6e70e694c6f	688	PRESENT	data/c1/fflonk/evidence/SHA256SUMS	
data/c1/fflonk/evidence/h-freeze/janitor.sh	GIT	50d3e601f4edd0d8914969b30367ff0d998cf0a58c32c058f2f2cb3f690b04f6	875	PRESENT	data/c1/fflonk/evidence/SHA256SUMS	
data/c1/fflonk/evidence/h-freeze/manifest-fflonk.out	GIT	c66f41b5287caceab7ae99268114d347d8b11cb10cec9da7127c522b69654ed6	167	PRESENT	data/c1/fflonk/evidence/SHA256SUMS	
data/c1/fflonk/evidence/h-freeze/run_fflonk.sh	GIT	e49b926733b6f021c5124417a9e5a2fbe47bb7dc1f191f23f0a6f19939803e2a	607	PRESENT	data/c1/fflonk/evidence/SHA256SUMS	
data/c1/fflonk/evidence/harness/cell.js	GIT	e2042caccc71e8e80853389ae6faff4a5750d775f6050bde58370b07ba54909f	17058	PRESENT	data/c1/fflonk/evidence/SHA256SUMS	
data/c1/fflonk/evidence/harness/compile_all.js	GIT	5732bab8d9bd251e15fbf096e2f2fb27ff38ef600eb14abfdd5decd65606e0e4	1963	PRESENT	data/c1/fflonk/evidence/SHA256SUMS	
data/c1/fflonk/evidence/harness/contracts.js	GIT	89da4650c9d26ea89d259c61c35bb90b96706c96d7e097c9753affae48b16e12	3648	PRESENT	data/c1/fflonk/evidence/SHA256SUMS	
data/c1/fflonk/evidence/harness/evidence-schema.json	GIT	9547f7a8d91bd1ebdf1dbc4490c4ac4e35490908ce024fc85d010ae23161cb1d	2082	PRESENT	data/c1/fflonk/evidence/SHA256SUMS	
data/c1/fflonk/evidence/harness/freeze_evidence.sh	GIT	b6dee3296a95c593fe9847de3f7e8ae8867d79f23cee2c55c3720408e2bef9d9	342	PRESENT	data/c1/fflonk/evidence/SHA256SUMS	
data/c1/fflonk/evidence/harness/hh/evm_run.js	GIT	71b2f8e12f75558a242e592ec0a348efc45ba819c14f2c19811a6021d62be525	4447	PRESENT	data/c1/fflonk/evidence/SHA256SUMS	
data/c1/fflonk/evidence/harness/hh/hardhat.config.js	GIT	c4e410159398d15f45c067a637827db33997b62c2a044ad2873e61d389712d84	862	PRESENT	data/c1/fflonk/evidence/SHA256SUMS	
data/c1/fflonk/evidence/harness/lib/eravm.js	GIT	7d632ef10b1e420ebadc866874eec48464c86603b095cb996838534a39ca8417	4910	PRESENT	data/c1/fflonk/evidence/SHA256SUMS	
data/c1/fflonk/evidence/harness/lib/proofs.js	GIT	919db959397d65cfd698a7cec745bc7d5528bcca896868ea91245ad8c9f8a6b3	1853	PRESENT	data/c1/fflonk/evidence/SHA256SUMS	
data/c1/fflonk/evidence/harness/lib/solc.js	GIT	6eca7cae0e046315e996c4b18cd75e58a2e1d04397c07eeb1412ee286285fd46	3790	PRESENT	data/c1/fflonk/evidence/SHA256SUMS	
data/c1/fflonk/evidence/harness/make_manifest.py	GIT	67c247457dd05e1ccb785f8121e4e5517d3d46477dff7b293ae9fe4a0ae078e6	7089	PRESENT	data/c1/fflonk/evidence/SHA256SUMS	
data/c1/fflonk/evidence/harness/run_campaign.py	GIT	327577085402e811c7d894008cbfa1f5c89567a333a12b9bece58ad90e77c9bb	5243	PRESENT	data/c1/fflonk/evidence/SHA256SUMS	
data/c1/fflonk/evidence/harness/validate_evidence.py	GIT	45384bc4408260ca1bed6d0b843ce46a3601c976d7bb238a0c1dad7bfe7f01c2	4905	PRESENT	data/c1/fflonk/evidence/SHA256SUMS	
data/c1/fflonk/evidence/harness/zkos_node.sh	GIT	9c80e439065e2fb2338b98a8bb691d85094b7c5697bc0753b80f9607d3f708b8	1719	PRESENT	data/c1/fflonk/evidence/SHA256SUMS	
data/c1/fflonk/evidence/harness/zkos_stop.sh	GIT	052ddc7ba9b84c7f80087d07002996e6ca651bdaec462e73d60d5f832dae3e88	202	PRESENT	data/c1/fflonk/evidence/SHA256SUMS	
data/c1/fflonk/evidence/proofs-fflonk/c1_ff_k01/fflonk-j0.json	GIT	5f4f4506b11ce851bc37a6eb3ba621ad07ce047c152ef8c729ac4712d6d9f7f7	2238	PRESENT	data/c1/fflonk/evidence/SHA256SUMS	
data/c1/fflonk/evidence/proofs-fflonk/c1_ff_k01/fflonk-j1.json	GIT	381816e5f467bcdd00be8531a2d947555a33e3822d0038dead5b0aa8422d506b	2237	PRESENT	data/c1/fflonk/evidence/SHA256SUMS	
data/c1/fflonk/evidence/proofs-fflonk/c1_ff_k01/fflonk-j2.json	GIT	c26cde0492f0d2077e28c2b22148fa070a96f07161f0e2c3ff94bdd7df4d2ce4	2234	PRESENT	data/c1/fflonk/evidence/SHA256SUMS	
data/c1/fflonk/evidence/proofs-fflonk/c1_ff_k01/fflonk-j3.json	GIT	ff8721494836d65b8978f09e4927124d3faaed502ed68b9f953b9c8cabfc6ac9	2230	PRESENT	data/c1/fflonk/evidence/SHA256SUMS	
data/c1/fflonk/evidence/proofs-fflonk/c1_ff_k01/fflonk-j4.json	GIT	c60a9db688687f60662c6f9b263825cf5fb1d96061104ef0b025c394b1bf7fa1	2234	PRESENT	data/c1/fflonk/evidence/SHA256SUMS	
data/c1/fflonk/evidence/proofs-fflonk/c1_ff_k01/fflonk-j5.json	GIT	a62a69c116ef6ef1fc66411bccae4de07f9001653df767bd2aff899f4a6f619d	2235	PRESENT	data/c1/fflonk/evidence/SHA256SUMS	
data/c1/fflonk/evidence/proofs-fflonk/c1_ff_k01/fflonk-j6.json	GIT	7ff816958f398c0502d208e40c637db8d53d94522502be546beee2e75af25108	2237	PRESENT	data/c1/fflonk/evidence/SHA256SUMS	
data/c1/fflonk/evidence/proofs-fflonk/c1_ff_k01/fflonk-j7.json	GIT	ba2a03c04b66073c18c83f3a74e0883e2855411767e6a746c6fed69bc6df8d9c	2231	PRESENT	data/c1/fflonk/evidence/SHA256SUMS	
data/c1/fflonk/evidence/proofs-fflonk/c1_ff_k04/fflonk-j0.json	GIT	30327cdbd2fdf4677d4df750191b2fe0f3df944077534a77654870611bb8dacb	2469	PRESENT	data/c1/fflonk/evidence/SHA256SUMS	
data/c1/fflonk/evidence/proofs-fflonk/c1_ff_k04/fflonk-j1.json	GIT	7ae69b669d59b4a475f4f135b7e6ef5e905664e74c859d1f7e682758c2b0df4c	2472	PRESENT	data/c1/fflonk/evidence/SHA256SUMS	
data/c1/fflonk/evidence/proofs-fflonk/c1_ff_k04/fflonk-j2.json	GIT	a6da038c2e918c00e3281eecea7eee0af1f9059128c382535003c9a05cdc09b3	2469	PRESENT	data/c1/fflonk/evidence/SHA256SUMS	
data/c1/fflonk/evidence/proofs-fflonk/c1_ff_k04/fflonk-j3.json	GIT	07a397381b6c495b1f9c82f18d5216abf75b495e23bab982109619a6993e3cfc	2470	PRESENT	data/c1/fflonk/evidence/SHA256SUMS	
data/c1/fflonk/evidence/proofs-fflonk/c1_ff_k04/fflonk-j4.json	GIT	a339fcc50f1d527a5bd3d98ca9bc02c91cc2075ff1d2feeb538eede7f0ae1c89	2471	PRESENT	data/c1/fflonk/evidence/SHA256SUMS	
data/c1/fflonk/evidence/proofs-fflonk/c1_ff_k04/fflonk-j5.json	GIT	56fe878487838d6682a038b2a703256903f14f5e3e8e9eec0e35f5b2ddab0de3	2470	PRESENT	data/c1/fflonk/evidence/SHA256SUMS	
data/c1/fflonk/evidence/proofs-fflonk/c1_ff_k04/fflonk-j6.json	GIT	044bb5874746b91ce9eb37873f44878c4be4f9eb3d70fdbd9b2c79abb7cbb508	2465	PRESENT	data/c1/fflonk/evidence/SHA256SUMS	
data/c1/fflonk/evidence/proofs-fflonk/c1_ff_k04/fflonk-j7.json	GIT	d4ad5f722e917fb9a749304f671be75934446fa2a365dda9f4b633a8b90fb262	2470	PRESENT	data/c1/fflonk/evidence/SHA256SUMS	
data/c1/fflonk/evidence/proofs-fflonk/c1_ff_k16/fflonk-j0.json	GIT	350b621e0f4c481777b539a9b8e966b02d07f56c6ca98affd226d0b1a0476692	3404	PRESENT	data/c1/fflonk/evidence/SHA256SUMS	
data/c1/fflonk/evidence/proofs-fflonk/c1_ff_k16/fflonk-j1.json	GIT	14ad3e91a6e7d9577aeb147f351d039f3cc5f29881e47b8ba8ae12a2f21314bf	3400	PRESENT	data/c1/fflonk/evidence/SHA256SUMS	
data/c1/fflonk/evidence/proofs-fflonk/c1_ff_k16/fflonk-j2.json	GIT	8599e759e3144f080faf325268e55f7a3226bbcded07e64f34b6d3a879a7dcbd	3402	PRESENT	data/c1/fflonk/evidence/SHA256SUMS	
data/c1/fflonk/evidence/proofs-fflonk/c1_ff_k16/fflonk-j3.json	GIT	db38c492ea5ea1860ac4cfc9909c7837efdd4256402755017724499f35eadbbc	3399	PRESENT	data/c1/fflonk/evidence/SHA256SUMS	
data/c1/fflonk/evidence/proofs-fflonk/c1_ff_k16/fflonk-j4.json	GIT	886565106951bd91a49eabf1225b97cb0df2a1a588f8d2e2e2fc9de1d4b4267d	3398	PRESENT	data/c1/fflonk/evidence/SHA256SUMS	
data/c1/fflonk/evidence/proofs-fflonk/c1_ff_k16/fflonk-j5.json	GIT	ed8fbdaa0dce03d66817e645bb65544b2ca6c07071c7074ede093e3280192d62	3400	PRESENT	data/c1/fflonk/evidence/SHA256SUMS	
data/c1/fflonk/evidence/proofs-fflonk/c1_ff_k16/fflonk-j6.json	GIT	49c6461c5a70c7378fe7a1b813c0ec7da2c26eb0a20e5bfc97def2950cd9a9be	3402	PRESENT	data/c1/fflonk/evidence/SHA256SUMS	
data/c1/fflonk/evidence/proofs-fflonk/c1_ff_k16/fflonk-j7.json	GIT	770827b136bed4eb3cb93ec15aa3751c328aebf209a8c4e13ac6fdd0d00531ab	3405	PRESENT	data/c1/fflonk/evidence/SHA256SUMS	
data/c1/fflonk/evidence/proofs-fflonk/c1_ff_k32/fflonk-j0.json	GIT	47f8e0133a4c92507f11845a248b44cb01bd19270d361d7f1a5aed7d808707bb	4651	PRESENT	data/c1/fflonk/evidence/SHA256SUMS	
data/c1/fflonk/evidence/proofs-fflonk/c1_ff_k32/fflonk-j1.json	GIT	5793c7571ab3d4ff5debf3a67e67ae795ebd9fdc7c8f78d3be8d9d9c33bdf7c4	4640	PRESENT	data/c1/fflonk/evidence/SHA256SUMS	
data/c1/fflonk/evidence/proofs-fflonk/c1_ff_k32/fflonk-j2.json	GIT	c93045ad399a2898ae6cf2f018c27359a962f8315e45e621b57aebe1ca4bd68d	4651	PRESENT	data/c1/fflonk/evidence/SHA256SUMS	
data/c1/fflonk/evidence/proofs-fflonk/c1_ff_k32/fflonk-j3.json	GIT	59cb21aff5afc6b8b465cdfb6cb7cfc5a6f1fe9e4d7b890173dfcf928ab2cc57	4645	PRESENT	data/c1/fflonk/evidence/SHA256SUMS	
data/c1/fflonk/evidence/proofs-fflonk/c1_ff_k32/fflonk-j4.json	GIT	3d9a4915cfc4e3547f4febfb5497ab839a88ddab426becb44da69562facc8128	4645	PRESENT	data/c1/fflonk/evidence/SHA256SUMS	
data/c1/fflonk/evidence/proofs-fflonk/c1_ff_k32/fflonk-j5.json	GIT	f867c6311892108c5a11b54399727d1b175c9fe69556455809884d71ed44f9e0	4646	PRESENT	data/c1/fflonk/evidence/SHA256SUMS	
data/c1/fflonk/evidence/proofs-fflonk/c1_ff_k32/fflonk-j6.json	GIT	5aad947ed4cc2d3dc0afda990956a58b15953df4bd00a934e4233e007fa75899	4648	PRESENT	data/c1/fflonk/evidence/SHA256SUMS	
data/c1/fflonk/evidence/proofs-fflonk/c1_ff_k32/fflonk-j7.json	GIT	555311f7641471844476f1f8e75468f163a68b79a9d68759eef4cbabc09ba21f	4645	PRESENT	data/c1/fflonk/evidence/SHA256SUMS	
data/c1/fflonk/record/FFLONK-RESIDUALS-C1-H8-and-C2.csv	GIT	339f5a4e08dfe580c05e5e1e13a99d6e80a1448c1df96eb90b1b6364251f7c9b	4086	PRESENT	data/c1/fflonk/record/SHA256SUMS	
data/c1/fflonk/record/SHA256SUMS	GIT	20eb4f47757f539a9a985cdb6971dc5c05343f35773c74836aa8cd152819066d	2413	PRESENT		
data/c1/fflonk/record/campaign.json	GIT	c55a64bf021823eeb3f076033989b877b9b1038be6edf0e07723bce7526d91a0	3748	PRESENT	data/c1/fflonk/record/SHA256SUMS	
data/c1/fflonk/record/scoring-c1/AC_checks.csv	GIT	6156dabdc767729000e3df081d9044af15e295c6b06a380eafd6552bd7c654ed	362415	PRESENT	data/c1/fflonk/record/SHA256SUMS	
data/c1/fflonk/record/scoring-c1/CELL_summary.csv	GIT	0046bab0d97257ebe075e8c337b88ce9c58fc60f86b087e3ae56ad18fbb8cf73	32443	PRESENT	data/c1/fflonk/record/SHA256SUMS	
data/c1/fflonk/record/scoring-c1/NPG_ranking.csv	GIT	d977f17770feaac16df2ac9d16c6f1f32c62985204ffad892c4cddeb73952fdb	1255	PRESENT	data/c1/fflonk/record/SHA256SUMS	
data/c1/fflonk/record/scoring-c1/NPG_scoring.csv	GIT	f51444f7f4585dd174caa27194a64481fd2ef6216348ddab076ea81d1d3fcebf	2289	PRESENT	data/c1/fflonk/record/SHA256SUMS	
data/c1/fflonk/record/scoring-c1/P_scoring.csv	GIT	819445c8f9460bdc6c7f88aaca9c43551dd4c21fc0c1d830d0b5c668ca44a70a	18924	PRESENT	data/c1/fflonk/record/SHA256SUMS	
data/c1/fflonk/record/scoring-c1/R_scoring.csv	GIT	a5454ba71a6d970cce40529540a064491eb0d9b040fe5414aa1c109de8c155e6	6502	PRESENT	data/c1/fflonk/record/SHA256SUMS	
data/c1/fflonk/record/scoring-c1/SCORING-INVOCATION.txt	GIT	4322b0a4408af53c7f27688af5f643a15d985b034ace4699555d6f6a3b2292e5	1701	PRESENT	data/c1/fflonk/record/SHA256SUMS	
data/c1/fflonk/record/scoring-c1/SCORING-START-UTC.txt	GIT	351b30fb216dd6ffcc04098d4c62a948e27c693e2f586577640bde531247f5fc	21	PRESENT	data/c1/fflonk/record/SHA256SUMS	
data/c1/fflonk/record/scoring-c1/SEM_scoring.csv	GIT	7c9ffa4a706acf9c6b654254ff9ebd5b92ae899e82482756815c4bff5611db9d	1460	PRESENT	data/c1/fflonk/record/SHA256SUMS	
data/c1/fflonk/record/scoring-c1/SG_monotonicity.csv	GIT	1bbc8b4de3a920f92dd853b02d91631b7d7f82d3d91a052e348201bf1c00b73a	170	PRESENT	data/c1/fflonk/record/SHA256SUMS	
data/c1/fflonk/record/scoring-c1/SG_signs.csv	GIT	96f26c08c6623fb0915dc767a313e25f54e77ca118b41d466401ceebb375d86c	3714	PRESENT	data/c1/fflonk/record/SHA256SUMS	
data/c1/fflonk/record/scoring-c1/XO_crossovers.csv	GIT	2fe47166b236f43e06a50d0fe3cc81ca5101abea02342ea945d8585e6e4a9597	499	PRESENT	data/c1/fflonk/record/SHA256SUMS	
data/c1/fflonk/record/scoring-c1/ZC_scoring.csv	GIT	cc88dddeac26ac5dbfab4cb1121a48247d23f078467e229b2f64528bdff6285f	20329	PRESENT	data/c1/fflonk/record/SHA256SUMS	
data/c1/fflonk/record/scoring-c1/scoring-stderr.txt	GIT	e3b0c44298fc1c149afbf4c8996fb92427ae41e4649b934ca495991b7852b855	0	PRESENT	data/c1/fflonk/record/SHA256SUMS	
data/c1/fflonk/record/scoring-c1/scoring-stdout.json	GIT	f8c2b772b97737c175554b002eb64e74b9105d1596911bc1df4662a20e2e79e2	610	PRESENT	data/c1/fflonk/record/SHA256SUMS	
data/c1/fflonk/record/scoring-c1/summary.json	GIT	912f02d5b1121da3b5058a3a59c6fb21bd8c9149df462c27111904b1ff6c482d	609	PRESENT	data/c1/fflonk/record/SHA256SUMS	
data/c1/fflonk/record/scoring-c2/C2-SCORES.json	GIT	419d9b3ac34f27f891617c3e13e0edd241fe1698d2fd686184a96c5aae7ecc5c	9367	PRESENT	data/c1/fflonk/record/SHA256SUMS	
data/c1/fflonk/record/scoring-c2/SCORING-INVOCATION.txt	GIT	883c6ba09f5a0ea766c0bf9c00c8deb4eff9c35df879d4a5fdb93e1d3300e9d5	714	PRESENT	data/c1/fflonk/record/SHA256SUMS	
data/c1/fflonk/record/scoring-c2/SCORING-START-UTC.txt	GIT	099c29e7e82d9782a13087662bbc8636397550ede5b79f6982e4749d9fc589ff	21	PRESENT	data/c1/fflonk/record/SHA256SUMS	
data/c1/fflonk/record/scoring-c2/scoring-stderr.txt	GIT	e3b0c44298fc1c149afbf4c8996fb92427ae41e4649b934ca495991b7852b855	0	PRESENT	data/c1/fflonk/record/SHA256SUMS	
data/c1/fflonk/record/scoring-c2/scoring-stdout.json	GIT	b3c52ee134735277a14a1f5a2db07811ee2622985ac12563d7d2427f7d5bc46e	260	PRESENT	data/c1/fflonk/record/SHA256SUMS	
data/c1/fflonk/record/validation/FFLONK-VALIDATION.json	GIT	7dcbcbe67c4553985b0c079b12c8882952356f1621bc2c7aaefb03cfacfece5a	2905	PRESENT	data/c1/fflonk/record/SHA256SUMS	
data/c1/fflonk/record/validation/validate-stdout.txt	GIT	fcdbf3a913557ef67c557a284413022cb7d4b348da5d44fc3c39395225e3a2c6	92	PRESENT	data/c1/fflonk/record/SHA256SUMS	
data/c1/full/evidence/HARNESS-SHA256SUMS	GIT	02cee61b26b1b0fb5a10396eae93ed2cb113128fd1fef87a047f1c5f3e113d36	1220	PRESENT	data/c1/full/evidence/SHA256SUMS	
data/c1/full/evidence/RUN-MANIFEST-BRIDGE.json	GIT	0127adfbd9336e1ec510d2d183fe6dbb0a1398e4d3d594c3c7760e176e56f9ae	36789	PRESENT	data/c1/full/evidence/SHA256SUMS	
data/c1/full/evidence/RUN-MANIFEST-FULL.json	GIT	61524d5191cd64feddd67460d194d77bdcf831deea6db7ac8a44549a61403ddb	49399	PRESENT	data/c1/full/evidence/SHA256SUMS	
data/c1/full/evidence/RUNNER-STATUS	GIT	219900aa8f215c8eaded3bc0d892caf08bfd390da471b15526a5d694cf28a941	9	PRESENT	data/c1/full/evidence/SHA256SUMS	
data/c1/full/evidence/SHA256SUMS	GIT	c267ebe2386c700a9c4aac59af86d558ee9075b0e1ba961f36a9b046b1909307	121167	PRESENT		
data/c1/full/evidence/bridge-orchestrator.stdout	GIT	97f10a2ad735cafe4c050b3c2c439a3f9b977e4d35ce4f4f1c9d4793e5951664	2264	PRESENT	data/c1/full/evidence/SHA256SUMS	
data/c1/full/evidence/bridge/COLLECTION-COMPLETE	GIT	fe270b6208b31439037ceb5a71a84305fd5308633bff3a5a5d75490b0772cd9d	28	PRESENT	data/c1/full/evidence/SHA256SUMS	
data/c1/full/evidence/bridge/V2-MPI-FULL-01-BRIDGE-records.jsonl	GIT	82887deb4fd31f5efa70e6280d6732291e3108a8fc74a29f25bbc4d28b6cba8d	669775	PRESENT	data/c1/full/evidence/SHA256SUMS	
data/c1/full/evidence/bridge/cell-order.json	GIT	94d722c86f967942a54e146c877b0f7cb71e45f92f6ec7949894144f5ee8b6ff	1836	PRESENT	data/c1/full/evidence/SHA256SUMS	
data/c1/full/evidence/bridge/cells/00-evm-osaka__groth16__c1_ctx_k04.jsonl	GIT	efa7366bcbc3c8f494bb3d5b3203deab84ac71fd040ce1d8bdf27aecf576f8b2	59051	PRESENT	data/c1/full/evidence/SHA256SUMS	
data/c1/full/evidence/bridge/cells/01-zkos-v32_at_npg100__plonk__c1_ctx_k04.jsonl	GIT	b04dbe3a92c1c3f22516e72fc2af5c78885539222bfded3a5b9697c0290f919e	54992	PRESENT	data/c1/full/evidence/SHA256SUMS	
data/c1/full/evidence/bridge/cells/02-eravm-29__groth16__c1_ctx_k04.jsonl	GIT	4768229f10673e7cdc3bcf8b7581842ad45ba60aec08a819a64cb8c72f6d931f	50365	PRESENT	data/c1/full/evidence/SHA256SUMS	
data/c1/full/evidence/bridge/cells/03-eravm-29__plonk__c1_ctx_k04.jsonl	GIT	9e717bd0cfd9d1e7ffcc863a936927e552315904d71869108bad85e4c4526912	50279	PRESENT	data/c1/full/evidence/SHA256SUMS	
data/c1/full/evidence/bridge/cells/04-zkos-v32_at_npg100__groth16__c1_k01.jsonl	GIT	5b9c64c718348a2ba20f7e10ec18e77ab6b4611989852c4bfbcab921a31a624c	50452	PRESENT	data/c1/full/evidence/SHA256SUMS	
data/c1/full/evidence/bridge/cells/05-evm-osaka__groth16__c1_k01.jsonl	GIT	1131cf1e6badcc57347e580897a14b89fc3a3f469cdf0331e875d6859092c0ce	54547	PRESENT	data/c1/full/evidence/SHA256SUMS	
data/c1/full/evidence/bridge/cells/06-eravm-29__groth16__c1_k01.jsonl	GIT	2e88b232e9d55de179d9200a566cc67cb5a02bd17a81f82751a0853ca95c3ecc	45816	PRESENT	data/c1/full/evidence/SHA256SUMS	
data/c1/full/evidence/bridge/cells/07-evm-osaka__plonk__c1_ctx_k04.jsonl	GIT	dd2dcdb6f2e2dbb356d491930f8cccd0902a1650eaa4d1b8d499ddd6a43929ba	81355	PRESENT	data/c1/full/evidence/SHA256SUMS	
data/c1/full/evidence/bridge/cells/08-zkos-v32_at_npg100__groth16__c1_ctx_k04.jsonl	GIT	df29d2c7d6adf1b9ad95da0ad1f2bca42a81fec951bbb19df2004fbe63ed1c22	55250	PRESENT	data/c1/full/evidence/SHA256SUMS	
data/c1/full/evidence/bridge/cells/09-zkos-v32_at_npg100__plonk__c1_k01.jsonl	GIT	cc95147fb2bc4db105ac3699453f4255494e366d21c4ebdb2360e02745ac530e	50214	PRESENT	data/c1/full/evidence/SHA256SUMS	
data/c1/full/evidence/bridge/cells/10-evm-osaka__plonk__c1_k01.jsonl	GIT	3e634b8e53c38cc0719e599fafc78426d206d3febf71dd24f2186118443137b7	71644	PRESENT	data/c1/full/evidence/SHA256SUMS	
data/c1/full/evidence/bridge/cells/11-eravm-29__plonk__c1_k01.jsonl	GIT	c0e3c9ecf1a87b9c06f20dfd36296d0518ace77e5020d4f7d646bd3fc9e4fd02	45810	PRESENT	data/c1/full/evidence/SHA256SUMS	
data/c1/full/evidence/bridge/orchestrator.log	GIT	97f10a2ad735cafe4c050b3c2c439a3f9b977e4d35ce4f4f1c9d4793e5951664	2264	PRESENT	data/c1/full/evidence/SHA256SUMS	
data/c1/full/evidence/bridge/raw/00-evm-osaka__groth16__c1_ctx_k04/attempt-1/cell-meta.json	GIT	2c8eb73e0f753d74b0260e779a13b1d0ac48321de39077dc67d5606c606d8b8b	312	PRESENT	data/c1/full/evidence/SHA256SUMS	
data/c1/full/evidence/bridge/raw/00-evm-osaka__groth16__c1_ctx_k04/attempt-1/edr-job.json	GIT	40199a87efac6386745afe7b8b193927f4f48c5311d145f54cc4006f5f1ca170	42124	PRESENT	data/c1/full/evidence/SHA256SUMS	
data/c1/full/evidence/bridge/raw/00-evm-osaka__groth16__c1_ctx_k04/attempt-1/edr-out.json	GIT	4ced590854601b6f05ed00ff749226fc16be7e5ef352a06589b44af4504b935a	34019	PRESENT	data/c1/full/evidence/SHA256SUMS	
data/c1/full/evidence/bridge/raw/00-evm-osaka__groth16__c1_ctx_k04/attempt-1/records.jsonl	GIT	efa7366bcbc3c8f494bb3d5b3203deab84ac71fd040ce1d8bdf27aecf576f8b2	59051	PRESENT	data/c1/full/evidence/SHA256SUMS	
data/c1/full/evidence/bridge/raw/00-evm-osaka__groth16__c1_ctx_k04/attempt-1/spec.json	GIT	c2fdf4b701ab9591d1c4f2014df04a39b7ea2a39923243498bef05adbf3676f6	708	PRESENT	data/c1/full/evidence/SHA256SUMS	
data/c1/full/evidence/bridge/raw/00-evm-osaka__groth16__c1_ctx_k04/attempt-1/stderr.txt	GIT	e3b0c44298fc1c149afbf4c8996fb92427ae41e4649b934ca495991b7852b855	0	PRESENT	data/c1/full/evidence/SHA256SUMS	
data/c1/full/evidence/bridge/raw/00-evm-osaka__groth16__c1_ctx_k04/attempt-1/stdout.txt	GIT	9f278d8b74def292eb15b68dd3bbced7a1badbf64b8f57cb17ba6a9d2f13bb6d	85	PRESENT	data/c1/full/evidence/SHA256SUMS	
data/c1/full/evidence/bridge/raw/01-zkos-v32_at_npg100__plonk__c1_ctx_k04/attempt-1/cell-meta.json	GIT	420db4ab41d716a8eb3bd6ee358f3bd00b8963000c82012da23d8e28225e7bd2	440	PRESENT	data/c1/full/evidence/SHA256SUMS	
data/c1/full/evidence/bridge/raw/01-zkos-v32_at_npg100__plonk__c1_ctx_k04/attempt-1/node/anvil.log	GIT	2285a2acfd1499138d3ebee4ea297e9b341f937b6d5c54f3f74650fbcc76c924	197709	PRESENT	data/c1/full/evidence/SHA256SUMS	
data/c1/full/evidence/bridge/raw/01-zkos-v32_at_npg100__plonk__c1_ctx_k04/attempt-1/node/server.log	GIT	a5fe83043727c9efb2e797e4cfc292056da5125571f202611093f2311122729c	984719	PRESENT	data/c1/full/evidence/SHA256SUMS	
data/c1/full/evidence/bridge/raw/01-zkos-v32_at_npg100__plonk__c1_ctx_k04/attempt-1/records.jsonl	GIT	b04dbe3a92c1c3f22516e72fc2af5c78885539222bfded3a5b9697c0290f919e	54992	PRESENT	data/c1/full/evidence/SHA256SUMS	
data/c1/full/evidence/bridge/raw/01-zkos-v32_at_npg100__plonk__c1_ctx_k04/attempt-1/spec.json	GIT	827c6361a240d444e784016f9a9bc54e4444f55e22de8fa6d1f050ba1a0b93e6	788	PRESENT	data/c1/full/evidence/SHA256SUMS	
data/c1/full/evidence/bridge/raw/01-zkos-v32_at_npg100__plonk__c1_ctx_k04/attempt-1/stderr.txt	GIT	e3b0c44298fc1c149afbf4c8996fb92427ae41e4649b934ca495991b7852b855	0	PRESENT	data/c1/full/evidence/SHA256SUMS	
data/c1/full/evidence/bridge/raw/01-zkos-v32_at_npg100__plonk__c1_ctx_k04/attempt-1/stdout.txt	GIT	4c97978749cbf8b4bce47369361328f07fa49302ba2f0ad6b6f10cde4d5ba377	105	PRESENT	data/c1/full/evidence/SHA256SUMS	
data/c1/full/evidence/bridge/raw/02-eravm-29__groth16__c1_ctx_k04/attempt-1/anvil-zksync.log	GIT	24822cf720aade350c3e52b348fab8aadd8f12d402eea9d1379b00dc75dd1ea9	8081	PRESENT	data/c1/full/evidence/SHA256SUMS	
data/c1/full/evidence/bridge/raw/02-eravm-29__groth16__c1_ctx_k04/attempt-1/anvil-zksync.log.stdout	GIT	0d05594b0055fc9160f2576022d9862f9807f7121e39b7ba1b3df26648c98648	19923	PRESENT	data/c1/full/evidence/SHA256SUMS	
data/c1/full/evidence/bridge/raw/02-eravm-29__groth16__c1_ctx_k04/attempt-1/cell-meta.json	GIT	18b9706a736494319bdab070e7ba94ab98f4c175cb95c21debe7540ab42c012c	688	PRESENT	data/c1/full/evidence/SHA256SUMS	
data/c1/full/evidence/bridge/raw/02-eravm-29__groth16__c1_ctx_k04/attempt-1/eravm-calltraces.json	GIT	40f37dbf57dfbf563cb3ce328b782c40febaac1c401140098da0bfc5287458bd	405239	PRESENT	data/c1/full/evidence/SHA256SUMS	
data/c1/full/evidence/bridge/raw/02-eravm-29__groth16__c1_ctx_k04/attempt-1/records.jsonl	GIT	4768229f10673e7cdc3bcf8b7581842ad45ba60aec08a819a64cb8c72f6d931f	50365	PRESENT	data/c1/full/evidence/SHA256SUMS	
data/c1/full/evidence/bridge/raw/02-eravm-29__groth16__c1_ctx_k04/attempt-1/spec.json	GIT	d39c366138af5cbb6caea379457b4c6acc1e57294b58dc069ddf8fb69bb6e7c2	699	PRESENT	data/c1/full/evidence/SHA256SUMS	
data/c1/full/evidence/bridge/raw/02-eravm-29__groth16__c1_ctx_k04/attempt-1/stderr.txt	GIT	e3b0c44298fc1c149afbf4c8996fb92427ae41e4649b934ca495991b7852b855	0	PRESENT	data/c1/full/evidence/SHA256SUMS	
data/c1/full/evidence/bridge/raw/02-eravm-29__groth16__c1_ctx_k04/attempt-1/stdout.txt	GIT	5c7cab36d9a161df8851cbdecd3f5df53a08ce50842e4cffd4524e10e7bf5480	84	PRESENT	data/c1/full/evidence/SHA256SUMS	
data/c1/full/evidence/bridge/raw/03-eravm-29__plonk__c1_ctx_k04/attempt-1/anvil-zksync.log	GIT	e56473eb5ff1c0d5779de5540debc9b67594c8006f2b1df674447e844220ad30	8084	PRESENT	data/c1/full/evidence/SHA256SUMS	
data/c1/full/evidence/bridge/raw/03-eravm-29__plonk__c1_ctx_k04/attempt-1/anvil-zksync.log.stdout	GIT	36358ed068d90687c2f8a7c104e96dcaa2d8790c68b149b0e929a3cf508859fd	19926	PRESENT	data/c1/full/evidence/SHA256SUMS	
data/c1/full/evidence/bridge/raw/03-eravm-29__plonk__c1_ctx_k04/attempt-1/cell-meta.json	GIT	69e5e3acd1398a37b5d4daa429536e00581afd2ceedc4028df0d24718d0c3de5	689	PRESENT	data/c1/full/evidence/SHA256SUMS	
data/c1/full/evidence/bridge/raw/03-eravm-29__plonk__c1_ctx_k04/attempt-1/eravm-calltraces.json	GIT	bd6afa61d780cf18f260935374962c7f9badd47562bd80f63314975cfe04f686	656429	PRESENT	data/c1/full/evidence/SHA256SUMS	
data/c1/full/evidence/bridge/raw/03-eravm-29__plonk__c1_ctx_k04/attempt-1/records.jsonl	GIT	9e717bd0cfd9d1e7ffcc863a936927e552315904d71869108bad85e4c4526912	50279	PRESENT	data/c1/full/evidence/SHA256SUMS	
data/c1/full/evidence/bridge/raw/03-eravm-29__plonk__c1_ctx_k04/attempt-1/spec.json	GIT	696c0a429f7c918ed442d6d79caed678e69a42422ca30fa1658fab63cdde299b	689	PRESENT	data/c1/full/evidence/SHA256SUMS	
data/c1/full/evidence/bridge/raw/03-eravm-29__plonk__c1_ctx_k04/attempt-1/stderr.txt	GIT	e3b0c44298fc1c149afbf4c8996fb92427ae41e4649b934ca495991b7852b855	0	PRESENT	data/c1/full/evidence/SHA256SUMS	
data/c1/full/evidence/bridge/raw/03-eravm-29__plonk__c1_ctx_k04/attempt-1/stdout.txt	GIT	9a424bb5876e3b10dd0b3764533451cfe3c21ca3fcf092400bffca5666b4ea89	82	PRESENT	data/c1/full/evidence/SHA256SUMS	
data/c1/full/evidence/bridge/raw/04-zkos-v32_at_npg100__groth16__c1_k01/attempt-1/cell-meta.json	GIT	90734f0231b93b2b4914a46e3ce9b3cfdeb2bba599fc6baec47be65241015d88	440	PRESENT	data/c1/full/evidence/SHA256SUMS	
data/c1/full/evidence/bridge/raw/04-zkos-v32_at_npg100__groth16__c1_k01/attempt-1/node/anvil.log	GIT	def7c409031173bdf898ef19902ffd23773ab28c216cb17b067b375cb31a6db0	195557	PRESENT	data/c1/full/evidence/SHA256SUMS	
data/c1/full/evidence/bridge/raw/04-zkos-v32_at_npg100__groth16__c1_k01/attempt-1/node/server.log	GIT	5243eb602b0a55c3247362fce84d17f112a28a400175556db59fa2090b85deaa	936375	PRESENT	data/c1/full/evidence/SHA256SUMS	
data/c1/full/evidence/bridge/raw/04-zkos-v32_at_npg100__groth16__c1_k01/attempt-1/records.jsonl	GIT	5b9c64c718348a2ba20f7e10ec18e77ab6b4611989852c4bfbcab921a31a624c	50452	PRESENT	data/c1/full/evidence/SHA256SUMS	
data/c1/full/evidence/bridge/raw/04-zkos-v32_at_npg100__groth16__c1_k01/attempt-1/spec.json	GIT	929e9638ab0d72c32bdde5e044eb54fa847c99c556ce8c5226cb26446a275c3e	778	PRESENT	data/c1/full/evidence/SHA256SUMS	
data/c1/full/evidence/bridge/raw/04-zkos-v32_at_npg100__groth16__c1_k01/attempt-1/stderr.txt	GIT	e3b0c44298fc1c149afbf4c8996fb92427ae41e4649b934ca495991b7852b855	0	PRESENT	data/c1/full/evidence/SHA256SUMS	
data/c1/full/evidence/bridge/raw/04-zkos-v32_at_npg100__groth16__c1_k01/attempt-1/stdout.txt	GIT	243680123cce25b3a4e290a58837c8d783ef4c2f029ea6bd798619c5e2953a0b	103	PRESENT	data/c1/full/evidence/SHA256SUMS	
data/c1/full/evidence/bridge/raw/05-evm-osaka__groth16__c1_k01/attempt-1/cell-meta.json	GIT	3162fe1ef92465c5775c81176e23a08f91da33f4ae3065af6a4a40ef8c4ca30c	312	PRESENT	data/c1/full/evidence/SHA256SUMS	
data/c1/full/evidence/bridge/raw/05-evm-osaka__groth16__c1_k01/attempt-1/edr-job.json	GIT	351182c46a132695df9bcdea9f4f19514c845b4ef9222813f80f36a9736da9fc	32427	PRESENT	data/c1/full/evidence/SHA256SUMS	
data/c1/full/evidence/bridge/raw/05-evm-osaka__groth16__c1_k01/attempt-1/edr-out.json	GIT	4787fc5b94aa42f80423d5dbf51b8ee6260c70379c2ae025cbe53b692c0ac2b2	33719	PRESENT	data/c1/full/evidence/SHA256SUMS	
data/c1/full/evidence/bridge/raw/05-evm-osaka__groth16__c1_k01/attempt-1/records.jsonl	GIT	1131cf1e6badcc57347e580897a14b89fc3a3f469cdf0331e875d6859092c0ce	54547	PRESENT	data/c1/full/evidence/SHA256SUMS	
data/c1/full/evidence/bridge/raw/05-evm-osaka__groth16__c1_k01/attempt-1/spec.json	GIT	98d1207ea3d80a3298673554abe4316004356cb2f7390b6e831fdba07931b1b4	688	PRESENT	data/c1/full/evidence/SHA256SUMS	
data/c1/full/evidence/bridge/raw/05-evm-osaka__groth16__c1_k01/attempt-1/stderr.txt	GIT	e3b0c44298fc1c149afbf4c8996fb92427ae41e4649b934ca495991b7852b855	0	PRESENT	data/c1/full/evidence/SHA256SUMS	
data/c1/full/evidence/bridge/raw/05-evm-osaka__groth16__c1_k01/attempt-1/stdout.txt	GIT	c6059e55e768812d655b73bb03dd5d5cf5d194214a6632f95da625676cc15e3a	81	PRESENT	data/c1/full/evidence/SHA256SUMS	
data/c1/full/evidence/bridge/raw/06-eravm-29__groth16__c1_k01/attempt-1/anvil-zksync.log	GIT	ccf20991b714c1c2c3a7fb8bc2573729aa71ed6a1d1fef92e66f93a365eec332	8081	PRESENT	data/c1/full/evidence/SHA256SUMS	
data/c1/full/evidence/bridge/raw/06-eravm-29__groth16__c1_k01/attempt-1/anvil-zksync.log.stdout	GIT	6c0b5842263f3d759bef1cfc8f9fb40b074fed1ff2adf3dcff7af8ab3a519482	19920	PRESENT	data/c1/full/evidence/SHA256SUMS	
data/c1/full/evidence/bridge/raw/06-eravm-29__groth16__c1_k01/attempt-1/cell-meta.json	GIT	808242f4d0eb612d3e8579f995642842c00e669d2de7d6a3ec850c0a244926a6	688	PRESENT	data/c1/full/evidence/SHA256SUMS	
data/c1/full/evidence/bridge/raw/06-eravm-29__groth16__c1_k01/attempt-1/eravm-calltraces.json	GIT	254f01e3d11b2b49b7c7884a97c43961ecdd18fda5d0651b9652059a0d695838	361166	PRESENT	data/c1/full/evidence/SHA256SUMS	
data/c1/full/evidence/bridge/raw/06-eravm-29__groth16__c1_k01/attempt-1/records.jsonl	GIT	2e88b232e9d55de179d9200a566cc67cb5a02bd17a81f82751a0853ca95c3ecc	45816	PRESENT	data/c1/full/evidence/SHA256SUMS	
data/c1/full/evidence/bridge/raw/06-eravm-29__groth16__c1_k01/attempt-1/spec.json	GIT	472dc747bc4a4c99b1f4a8b105da4393d014788ff18751de0361a89d4af6f373	679	PRESENT	data/c1/full/evidence/SHA256SUMS	
data/c1/full/evidence/bridge/raw/06-eravm-29__groth16__c1_k01/attempt-1/stderr.txt	GIT	e3b0c44298fc1c149afbf4c8996fb92427ae41e4649b934ca495991b7852b855	0	PRESENT	data/c1/full/evidence/SHA256SUMS	
data/c1/full/evidence/bridge/raw/06-eravm-29__groth16__c1_k01/attempt-1/stdout.txt	GIT	e60cc70163ef19260891ed79d6e0d8ab21bf04027f7dc701eb3ca845454f7731	80	PRESENT	data/c1/full/evidence/SHA256SUMS	
data/c1/full/evidence/bridge/raw/07-evm-osaka__plonk__c1_ctx_k04/attempt-1/cell-meta.json	GIT	43b0b0d7fdf3460db506f335ed72ee4805a860e08d4975d7ff203867d4154d84	312	PRESENT	data/c1/full/evidence/SHA256SUMS	
data/c1/full/evidence/bridge/raw/07-evm-osaka__plonk__c1_ctx_k04/attempt-1/edr-job.json	GIT	b7b55a0078fab8e68efb58ac15f4d67c6f2a86cf8d8e304b4ca1e004ac1a7807	85309	PRESENT	data/c1/full/evidence/SHA256SUMS	
data/c1/full/evidence/bridge/raw/07-evm-osaka__plonk__c1_ctx_k04/attempt-1/edr-out.json	GIT	5b9510bc0846eab506105d33876108b7513d91a0f8529a38e8469b90c17f7434	90769	PRESENT	data/c1/full/evidence/SHA256SUMS	
data/c1/full/evidence/bridge/raw/07-evm-osaka__plonk__c1_ctx_k04/attempt-1/records.jsonl	GIT	dd2dcdb6f2e2dbb356d491930f8cccd0902a1650eaa4d1b8d499ddd6a43929ba	81355	PRESENT	data/c1/full/evidence/SHA256SUMS	
data/c1/full/evidence/bridge/raw/07-evm-osaka__plonk__c1_ctx_k04/attempt-1/spec.json	GIT	abc234a19a772c72ee0055bd2e0b9d4c20c21e4f28b77becd683782415fa045e	698	PRESENT	data/c1/full/evidence/SHA256SUMS	
data/c1/full/evidence/bridge/raw/07-evm-osaka__plonk__c1_ctx_k04/attempt-1/stderr.txt	GIT	e3b0c44298fc1c149afbf4c8996fb92427ae41e4649b934ca495991b7852b855	0	PRESENT	data/c1/full/evidence/SHA256SUMS	
data/c1/full/evidence/bridge/raw/07-evm-osaka__plonk__c1_ctx_k04/attempt-1/stdout.txt	GIT	c509de5114e1803ec3db1bf28e30c53945aa1e1106c49cad8ac9c36b4449ee4d	83	PRESENT	data/c1/full/evidence/SHA256SUMS	
data/c1/full/evidence/bridge/raw/08-zkos-v32_at_npg100__groth16__c1_ctx_k04/attempt-1/cell-meta.json	GIT	fe2aabc418c790652fb7fd55ec6339851c5989eff63bfc574211336961299277	440	PRESENT	data/c1/full/evidence/SHA256SUMS	
data/c1/full/evidence/bridge/raw/08-zkos-v32_at_npg100__groth16__c1_ctx_k04/attempt-1/node/anvil.log	GIT	94d334bb182dbb992cf6e55af2676f24efc1242970995fbcc1242e6f9576de16	196563	PRESENT	data/c1/full/evidence/SHA256SUMS	
data/c1/full/evidence/bridge/raw/08-zkos-v32_at_npg100__groth16__c1_ctx_k04/attempt-1/node/server.log	GIT	2699315b1429982fa959e6b0f887f9a73fa7a22e01e71829cd71e295b3e4724c	942788	PRESENT	data/c1/full/evidence/SHA256SUMS	
data/c1/full/evidence/bridge/raw/08-zkos-v32_at_npg100__groth16__c1_ctx_k04/attempt-1/records.jsonl	GIT	df29d2c7d6adf1b9ad95da0ad1f2bca42a81fec951bbb19df2004fbe63ed1c22	55250	PRESENT	data/c1/full/evidence/SHA256SUMS	
data/c1/full/evidence/bridge/raw/08-zkos-v32_at_npg100__groth16__c1_ctx_k04/attempt-1/spec.json	GIT	f0e12999717e0662fc36fd0d02f8e86626d38e3ce15c9686031eb128a2f17cdf	798	PRESENT	data/c1/full/evidence/SHA256SUMS	
data/c1/full/evidence/bridge/raw/08-zkos-v32_at_npg100__groth16__c1_ctx_k04/attempt-1/stderr.txt	GIT	e3b0c44298fc1c149afbf4c8996fb92427ae41e4649b934ca495991b7852b855	0	PRESENT	data/c1/full/evidence/SHA256SUMS	
data/c1/full/evidence/bridge/raw/08-zkos-v32_at_npg100__groth16__c1_ctx_k04/attempt-1/stdout.txt	GIT	a35c65d7c65b4ab178af3622eb100e28208541d84e8cd080976abd5eb5d11473	107	PRESENT	data/c1/full/evidence/SHA256SUMS	
data/c1/full/evidence/bridge/raw/09-zkos-v32_at_npg100__plonk__c1_k01/attempt-1/cell-meta.json	GIT	af8141db86cd6e1562811b7f5a68f01cd41c2bae883037d188b1d6cb166e8954	440	PRESENT	data/c1/full/evidence/SHA256SUMS	
data/c1/full/evidence/bridge/raw/09-zkos-v32_at_npg100__plonk__c1_k01/attempt-1/node/anvil.log	GIT	993c495d3dab8658e6a835723d9bfc48150eb1c5b6ea845a990aabcb088728ba	195992	PRESENT	data/c1/full/evidence/SHA256SUMS	
data/c1/full/evidence/bridge/raw/09-zkos-v32_at_npg100__plonk__c1_k01/attempt-1/node/server.log	GIT	cbb29f193dd6c23bd8ddb832ccc45d103f665141256c8a80e4fc2168293b6c51	977979	PRESENT	data/c1/full/evidence/SHA256SUMS	
data/c1/full/evidence/bridge/raw/09-zkos-v32_at_npg100__plonk__c1_k01/attempt-1/records.jsonl	GIT	cc95147fb2bc4db105ac3699453f4255494e366d21c4ebdb2360e02745ac530e	50214	PRESENT	data/c1/full/evidence/SHA256SUMS	
data/c1/full/evidence/bridge/raw/09-zkos-v32_at_npg100__plonk__c1_k01/attempt-1/spec.json	GIT	078e09277be4638c14f0f05c1700ae47fcc7f0ce3d7a2dc3e5ea4f3521a86e72	768	PRESENT	data/c1/full/evidence/SHA256SUMS	
data/c1/full/evidence/bridge/raw/09-zkos-v32_at_npg100__plonk__c1_k01/attempt-1/stderr.txt	GIT	e3b0c44298fc1c149afbf4c8996fb92427ae41e4649b934ca495991b7852b855	0	PRESENT	data/c1/full/evidence/SHA256SUMS	
data/c1/full/evidence/bridge/raw/09-zkos-v32_at_npg100__plonk__c1_k01/attempt-1/stdout.txt	GIT	a7c8cf9d8e8292d3a3fcb1e234f9f37cbd6e8f47b738e2b9afa4c541241a614c	101	PRESENT	data/c1/full/evidence/SHA256SUMS	
data/c1/full/evidence/bridge/raw/10-evm-osaka__plonk__c1_k01/attempt-1/cell-meta.json	GIT	e22bbdfba5626c534bcea0619555b742eb901a0a09c302ffa93de1790244a814	312	PRESENT	data/c1/full/evidence/SHA256SUMS	
data/c1/full/evidence/bridge/raw/10-evm-osaka__plonk__c1_k01/attempt-1/edr-job.json	GIT	89c670b427f041fbb2694743e65a6e5e85db9703846b785c277417ab16fde704	70808	PRESENT	data/c1/full/evidence/SHA256SUMS	
data/c1/full/evidence/bridge/raw/10-evm-osaka__plonk__c1_k01/attempt-1/edr-out.json	GIT	fd4dca9741ac9e44e4664731fe03f42cced9df40fe1c742bf0a01c93c25b9124	76539	PRESENT	data/c1/full/evidence/SHA256SUMS	
data/c1/full/evidence/bridge/raw/10-evm-osaka__plonk__c1_k01/attempt-1/records.jsonl	GIT	3e634b8e53c38cc0719e599fafc78426d206d3febf71dd24f2186118443137b7	71644	PRESENT	data/c1/full/evidence/SHA256SUMS	
data/c1/full/evidence/bridge/raw/10-evm-osaka__plonk__c1_k01/attempt-1/spec.json	GIT	93ffa8501ff64a4e1170bc6684619fee7bc7795c3e904194419812556e899340	679	PRESENT	data/c1/full/evidence/SHA256SUMS	
data/c1/full/evidence/bridge/raw/10-evm-osaka__plonk__c1_k01/attempt-1/stderr.txt	GIT	e3b0c44298fc1c149afbf4c8996fb92427ae41e4649b934ca495991b7852b855	0	PRESENT	data/c1/full/evidence/SHA256SUMS	
data/c1/full/evidence/bridge/raw/10-evm-osaka__plonk__c1_k01/attempt-1/stdout.txt	GIT	0241608837b824bb5b6696550bfa30ef0b4a908fd44a4ab67786095f65249e25	79	PRESENT	data/c1/full/evidence/SHA256SUMS	
data/c1/full/evidence/bridge/raw/11-eravm-29__plonk__c1_k01/attempt-1/anvil-zksync.log	GIT	7e0c0e4e237c3eaf9ddecdec6efee422a411bac87aa6b92533438b5c6ddadcbe	8084	PRESENT	data/c1/full/evidence/SHA256SUMS	
data/c1/full/evidence/bridge/raw/11-eravm-29__plonk__c1_k01/attempt-1/anvil-zksync.log.stdout	GIT	47cd5fba3fa80d0de5e42dd2b5402c0c48e857747104b4ffa9ec60007dbab986	19926	PRESENT	data/c1/full/evidence/SHA256SUMS	
data/c1/full/evidence/bridge/raw/11-eravm-29__plonk__c1_k01/attempt-1/cell-meta.json	GIT	f62f8ac7b89cedda80213d1845cf992c2e365c5fc9d22fbe94cf41b77e6f41ee	689	PRESENT	data/c1/full/evidence/SHA256SUMS	
data/c1/full/evidence/bridge/raw/11-eravm-29__plonk__c1_k01/attempt-1/eravm-calltraces.json	GIT	4f585352f8aa28cad1bd4df54cc381a31dab669c8622411ded4fe6fa5740a758	642569	PRESENT	data/c1/full/evidence/SHA256SUMS	
data/c1/full/evidence/bridge/raw/11-eravm-29__plonk__c1_k01/attempt-1/records.jsonl	GIT	c0e3c9ecf1a87b9c06f20dfd36296d0518ace77e5020d4f7d646bd3fc9e4fd02	45810	PRESENT	data/c1/full/evidence/SHA256SUMS	
data/c1/full/evidence/bridge/raw/11-eravm-29__plonk__c1_k01/attempt-1/spec.json	GIT	311e0a9bc54353428d5cda1b6450f7bd67c983bada04ff53d356e0a2b7af0fa8	670	PRESENT	data/c1/full/evidence/SHA256SUMS	
data/c1/full/evidence/bridge/raw/11-eravm-29__plonk__c1_k01/attempt-1/stderr.txt	GIT	e3b0c44298fc1c149afbf4c8996fb92427ae41e4649b934ca495991b7852b855	0	PRESENT	data/c1/full/evidence/SHA256SUMS	
data/c1/full/evidence/bridge/raw/11-eravm-29__plonk__c1_k01/attempt-1/stdout.txt	GIT	2b2af72b9855b60f18aa25f06fc0e7075d35bcb81c564dfc1490e08d5104f624	78	PRESENT	data/c1/full/evidence/SHA256SUMS	
data/c1/full/evidence/bridge/raw/l1-state-inputs-removed.tsv	GIT	4d40b26dc1e984589c6d92e6c6adb0c9b95aaabf474e42e04c5f8c3299df46f0	684	PRESENT	data/c1/full/evidence/SHA256SUMS	
data/c1/full/evidence/compiled/c1_a4-groth16.json	GIT	2755e9b76539785e40f12c4b900d3d7998746fdf65dd39f90959b0b4a46136e3	49259	PRESENT	data/c1/full/evidence/SHA256SUMS	
data/c1/full/evidence/compiled/c1_a4-plonk.json	GIT	7f503bf9fb30f1ffbec174c85c7b220bbee8bf1cb873cb6acca27b9a8562a9bc	151232	PRESENT	data/c1/full/evidence/SHA256SUMS	
data/c1/full/evidence/compiled/c1_a8-groth16.json	GIT	4dd3e69acf46cbeb7ad3e063828d71b9a48a58153d0695b46ff5f0c7e138db2b	57751	PRESENT	data/c1/full/evidence/SHA256SUMS	
data/c1/full/evidence/compiled/c1_a8-plonk.json	GIT	c62735524f266a5b9b5d387ab1798b905286672f854294ee2ecd8fe3c425af48	167544	PRESENT	data/c1/full/evidence/SHA256SUMS	
data/c1/full/evidence/compiled/c1_ctx_k04-groth16.json	GIT	81cd7110ed91be5aa9f24183377279e37d2e2788c0bee14a21b7cadbee9f4723	49256	PRESENT	data/c1/full/evidence/SHA256SUMS	
data/c1/full/evidence/compiled/c1_ctx_k04-plonk.json	GIT	5a86c9254c34d65e40b34e9b93e01f5fe073ddc1a2f429f91398cd65a871d994	151237	PRESENT	data/c1/full/evidence/SHA256SUMS	
data/c1/full/evidence/compiled/c1_ctx_k06-groth16.json	GIT	170fecaa1f43c21096859f134683eec09ca07c36e1bcebf372eb9b0bccc395cd	53552	PRESENT	data/c1/full/evidence/SHA256SUMS	
data/c1/full/evidence/compiled/c1_ctx_k06-plonk.json	GIT	d5eb1ea172925638e52301946b184f0e1b40aa9f99388222d2d90336571749c9	159585	PRESENT	data/c1/full/evidence/SHA256SUMS	
data/c1/full/evidence/compiled/c1_ctx_k08-groth16.json	GIT	c219eacee20649cffd48a41a0672c90c66d23ec3e2fcdd0650dd20f35d24b69c	57756	PRESENT	data/c1/full/evidence/SHA256SUMS	
data/c1/full/evidence/compiled/c1_ctx_k08-plonk.json	GIT	ed79ccbef7d66dcecbc104b251a970ea0b29015adc73d28e2ea80cd1707238ed	167541	PRESENT	data/c1/full/evidence/SHA256SUMS	
data/c1/full/evidence/compiled/c1_ctx_k12-groth16.json	GIT	0ea16f67ea69dcdd99ccb9f7f93c855deb586e77d18be9d834696aba09c5efa0	66575	PRESENT	data/c1/full/evidence/SHA256SUMS	
data/c1/full/evidence/compiled/c1_ctx_k12-plonk.json	GIT	2760123b4f765a1a28a03d1a9705107f7e3f12e8267264a15b80c1fcb2c56152	183767	PRESENT	data/c1/full/evidence/SHA256SUMS	
data/c1/full/evidence/compiled/c1_ctx_k16-groth16.json	GIT	bbf6bd2d4659daa7a1abe22051e51c9c0605cbb1eeeb64692223e3b25adc4b6a	75271	PRESENT	data/c1/full/evidence/SHA256SUMS	
data/c1/full/evidence/compiled/c1_ctx_k16-plonk.json	GIT	c08a214e30097d51a915481b6405e63fae188fcf32f3960c6798fa2ece6024d6	199839	PRESENT	data/c1/full/evidence/SHA256SUMS	
data/c1/full/evidence/compiled/c1_ctx_k24-groth16.json	GIT	41e828eaf43ddbc0b616f4d093518caaeebccedc4b9e21dfd796836827643624	92643	PRESENT	data/c1/full/evidence/SHA256SUMS	
data/c1/full/evidence/compiled/c1_ctx_k24-plonk.json	GIT	09c94b91020f6f1042c8a60c84e2dde8b07f4fb72f4b8f5669eda79a0277071b	232577	PRESENT	data/c1/full/evidence/SHA256SUMS	
data/c1/full/evidence/compiled/c1_ctx_k32-groth16.json	GIT	51ae9b3be0c4f830ab3129d28131d2e91bebdce9f459b4531ed7cad3ce1a5033	110151	PRESENT	data/c1/full/evidence/SHA256SUMS	
data/c1/full/evidence/compiled/c1_ctx_k32-plonk.json	GIT	953977d2acd66b1a59c364035f83fadc3e65d864bedcf8f84ee8bbad09d02c4a	264425	PRESENT	data/c1/full/evidence/SHA256SUMS	
data/c1/full/evidence/compiled/c1_ctx_k64-groth16.json	GIT	6628e57c62e30dabac71284b935564ef2044c9dd4d8640034ec8c5802aa7af99	179639	PRESENT	data/c1/full/evidence/SHA256SUMS	
data/c1/full/evidence/compiled/c1_ctx_k64-plonk.json	GIT	62e4e74b030d84b8202732bceb22e9789b031e755c0e4edf08316c930b25b0c1	394346	PRESENT	data/c1/full/evidence/SHA256SUMS	
data/c1/full/evidence/compiled/c1_disc_k04-groth16.json	GIT	c29e43ff892f29faffc43225679dfc87e473356f5db283862e1752769186d032	49265	PRESENT	data/c1/full/evidence/SHA256SUMS	
data/c1/full/evidence/compiled/c1_disc_k04-plonk.json	GIT	3feef45849a0e91194686aeb7ae112e5c305a5915c68b411dbace7f25642bd81	151238	PRESENT	data/c1/full/evidence/SHA256SUMS	
data/c1/full/evidence/compiled/c1_k01-groth16.json	GIT	5e5ea7d5181a33cfea4337e3ddaca757571cf325b49c8c0640f2dff50719600b	42592	PRESENT	data/c1/full/evidence/SHA256SUMS	
data/c1/full/evidence/compiled/c1_k01-plonk.json	GIT	b0593176d8e641d348307a275a21a4a62331cf6324662ed61b4b1aecabbf7d6b	135989	PRESENT	data/c1/full/evidence/SHA256SUMS	
data/c1/full/evidence/deviations/DEVIATIONS-FULL.md	GIT	bf8ac8902759c644626fb6be96e94d8864e882194630784813806b8ec3ae4e26	1338	PRESENT	data/c1/full/evidence/SHA256SUMS	
data/c1/full/evidence/full-orchestrator.stdout	GIT	277efe7b97a45e0a67a81649591bf91f57f50b3100a02bf5f8d20a3760a03300	16191	PRESENT	data/c1/full/evidence/SHA256SUMS	
data/c1/full/evidence/full/COLLECTION-COMPLETE	GIT	9987a78f0b5f37031fd044bfed462a1f481a0e95158aaa1b637c43253982ad52	28	PRESENT	data/c1/full/evidence/SHA256SUMS	
data/c1/full/evidence/full/V2-MPI-FULL-01-records.jsonl	GIT	a8eb9ce686677fd9209a3a0e21809bf09e0c13891e324799488312ad1105cc1e	6206052	PRESENT	data/c1/full/evidence/SHA256SUMS	
data/c1/full/evidence/full/cell-order.json	GIT	99cc4e64625abc44330a5041224c3c9143435ec0513afe79db51cc31a1a27f51	14058	PRESENT	data/c1/full/evidence/SHA256SUMS	
data/c1/full/evidence/full/cells/00-eravm-29__groth16__c1_a8.jsonl	GIT	a5d37474f95ed927cb820a9c99454557937bcf9cc28ca4c2402dce92955ae9b8	53449	PRESENT	data/c1/full/evidence/SHA256SUMS	
data/c1/full/evidence/full/cells/01-zkos-v32_at_npg167__groth16__c1_ctx_k04.jsonl	GIT	da79bd2396d1c456cda9963c29db6b1d1616220158cec21df787ed095ed1c4be	55025	PRESENT	data/c1/full/evidence/SHA256SUMS	
data/c1/full/evidence/full/cells/02-zkos-v32_at_npg100__groth16__c1_ctx_k06.jsonl	GIT	cf28082b1d2b0d26dfef4b53baaaef83e4c0a711854f502c65ac2bc15354f608	56102	PRESENT	data/c1/full/evidence/SHA256SUMS	
data/c1/full/evidence/full/cells/03-zkos-v32_at_npg156__groth16__c1_ctx_k16.jsonl	GIT	545dec7ee31a6b283d4ab561a8637f29995cc6d2e55088289867cb3c9121c312	66932	PRESENT	data/c1/full/evidence/SHA256SUMS	
data/c1/full/evidence/full/cells/04-eravm-27__groth16__c1_ctx_k04.jsonl	GIT	86107b293bb9aa47ecc40b4893b100bd1e94b308378fa9f2ed41f5dc1625d4e3	50237	PRESENT	data/c1/full/evidence/SHA256SUMS	
data/c1/full/evidence/full/cells/05-zkos-v32_at_npg100__plonk__c1_ctx_k08.jsonl	GIT	fe95f13dc05b240b587ceaf5cb41fa825285a9f3e19e1adcfcbabd53bfb91fe2	59071	PRESENT	data/c1/full/evidence/SHA256SUMS	
data/c1/full/evidence/full/cells/06-eravm-27__groth16__c1_ctx_k06.jsonl	GIT	8eac228ee747ec19831aa745d17d72f781d8b2f861e2ef11ba97f45e590f9670	51290	PRESENT	data/c1/full/evidence/SHA256SUMS	
data/c1/full/evidence/full/cells/07-eravm-29__plonk__c1_ctx_k12.jsonl	GIT	b0873f3e9b5be21e4f893dd527887033ec130967819ed9aaa75bfbc88fbe8c3d	57156	PRESENT	data/c1/full/evidence/SHA256SUMS	
data/c1/full/evidence/full/cells/08-eravm-27__groth16__c1_k01.jsonl	GIT	648c42f6b0f06d82886500d19accc8b67211897139bf42921e622fa6b7ab39b9	45708	PRESENT	data/c1/full/evidence/SHA256SUMS	
data/c1/full/evidence/full/cells/09-zkos-v32_at_npg300__plonk__c1_ctx_k16.jsonl	GIT	b77bed560ea51ed4a9406bcc98cd0ad3bfeec634c24abad590fcb2f8b176b73b	66622	PRESENT	data/c1/full/evidence/SHA256SUMS	
data/c1/full/evidence/full/cells/10-evm-osaka__groth16__c1_disc_k04.jsonl	GIT	4097532e5a361b3d52c54dfb92c69b92fed39ed693052e44d4d840462cb0a0cb	58845	PRESENT	data/c1/full/evidence/SHA256SUMS	
data/c1/full/evidence/full/cells/11-zkos-v32_at_npg132__plonk__c1_ctx_k16.jsonl	GIT	1a3ee00e132b20bc7623fffc37a327d7c82de97d0f0b6008c2c9aaeac31029dd	66678	PRESENT	data/c1/full/evidence/SHA256SUMS	
data/c1/full/evidence/full/cells/12-zkos-v32_at_npg100__plonk__c1_a4.jsonl	GIT	60ba28b65af5580cdcee22dc7c0195e010549de393f3d860d18b4797749a1c50	54113	PRESENT	data/c1/full/evidence/SHA256SUMS	
data/c1/full/evidence/full/cells/13-zkos-v32_at_npg300__groth16__c1_ctx_k04.jsonl	GIT	871b80302f2fa12b4d6c0bf979d4659a35c1e9cc684567ca0744480e27a59ff3	55070	PRESENT	data/c1/full/evidence/SHA256SUMS	
data/c1/full/evidence/full/cells/14-zkos-v32_at_npg100__plonk__c1_ctx_k12.jsonl	GIT	67cff0ed46804cf60dfa4c3085bd6ee5572be07b512f852946ca9c4e2685fb02	62390	PRESENT	data/c1/full/evidence/SHA256SUMS	
data/c1/full/evidence/full/cells/15-zkos-v32_at_npg100__plonk__c1_ctx_k32.jsonl	GIT	e79366584b52773260fa4186105c7372be9045dbc560e9dc30c425d5d45d52b4	83831	PRESENT	data/c1/full/evidence/SHA256SUMS	
data/c1/full/evidence/full/cells/16-zkos-v32_at_npg100__groth16__c1_ctx_k08.jsonl	GIT	709dd4174097671aa7b58c942b9a94c472c4af5f46e5ef31f970b81a7badbdfd	59380	PRESENT	data/c1/full/evidence/SHA256SUMS	
data/c1/full/evidence/full/cells/17-evm-osaka__plonk__c1_disc_k04.jsonl	GIT	5598691d78e8879cad6d40d7250148c387ee8fa125f7845003927ac846b51c09	81367	PRESENT	data/c1/full/evidence/SHA256SUMS	
data/c1/full/evidence/full/cells/18-eravm-29__groth16__c1_a4.jsonl	GIT	17d02f2cb2185977d18e63ba11b5ce99babf826d6dba697e53974a5bf8683101	49490	PRESENT	data/c1/full/evidence/SHA256SUMS	
data/c1/full/evidence/full/cells/19-eravm-27__groth16__c1_ctx_k16.jsonl	GIT	425a3431c711ffc29d346285044941e40e0d97ac41aa914035d95f5f75b4a276	61525	PRESENT	data/c1/full/evidence/SHA256SUMS	
data/c1/full/evidence/full/cells/20-zkos-v32_at_npg100__groth16__c1_ctx_k24.jsonl	GIT	bf873629dcc2ddac87009d467d02b4e80e8548d50181ff212de6d639ed067e91	75630	PRESENT	data/c1/full/evidence/SHA256SUMS	
data/c1/full/evidence/full/cells/21-evm-osaka__plonk__c1_ctx_k12.jsonl	GIT	54d02aa607ea7c52bac89516ddb8b29a7679a75407840627cf1e6fe62f28ed3c	102216	PRESENT	data/c1/full/evidence/SHA256SUMS	
data/c1/full/evidence/full/cells/22-zkos-v32_at_npg141__groth16__c1_ctx_k16.jsonl	GIT	b126a270aa3e648fa9d9861dc97ffb60fdddcd4ee1a5e0c834590fcbce725316	66988	PRESENT	data/c1/full/evidence/SHA256SUMS	
data/c1/full/evidence/full/cells/23-zkos-v32_at_npg138__groth16__c1_ctx_k04.jsonl	GIT	76860fc28aa3a759d8151edae14f65c42dca5537de079229dea777ffd4ac91a1	55070	PRESENT	data/c1/full/evidence/SHA256SUMS	
data/c1/full/evidence/full/cells/24-evm-osaka__groth16__c1_a8.jsonl	GIT	e9c251353ff6705127b590ce8775f10ec5f49b5e80f0be0345c2a4d8ca2ff270	62275	PRESENT	data/c1/full/evidence/SHA256SUMS	
data/c1/full/evidence/full/cells/25-eravm-27__groth16__c1_ctx_k08.jsonl	GIT	7b48217d9f0e0f87eebd0cd4aab36353dc46d36f2631f94f7351cbf5b7423480	54367	PRESENT	data/c1/full/evidence/SHA256SUMS	
data/c1/full/evidence/full/cells/26-zkos-v32_at_npg154__plonk__c1_ctx_k16.jsonl	GIT	c010ca6e042cccdc64619c96f945138a998d85d456705e5944c23481662d8ccb	66678	PRESENT	data/c1/full/evidence/SHA256SUMS	
data/c1/full/evidence/full/cells/27-eravm-29__plonk__c1_ctx_k32.jsonl	GIT	778159354ff8749ef00497bdd33c035c1c0b28887f082ea9621216430e1f1120	77318	PRESENT	data/c1/full/evidence/SHA256SUMS	
data/c1/full/evidence/full/cells/28-eravm-29__groth16__c1_ctx_k12.jsonl	GIT	6d76d0db5f194123b666217c8f7af2c811d208e215be33a8667ce73beedea140	57350	PRESENT	data/c1/full/evidence/SHA256SUMS	
data/c1/full/evidence/full/cells/29-zkos-v32_at_npg165__plonk__c1_ctx_k04.jsonl	GIT	4ca04916370fe94cd81482136bfc1b85819e2b31058e4f549a36a4df9d308aca	54812	PRESENT	data/c1/full/evidence/SHA256SUMS	
data/c1/full/evidence/full/cells/30-evm-osaka__groth16__c1_ctx_k06.jsonl	GIT	35fb56a9a63614b5466d9d304db73187456a415c2c9550f1c4b2eed312e1f74e	59898	PRESENT	data/c1/full/evidence/SHA256SUMS	
data/c1/full/evidence/full/cells/31-eravm-29__plonk__c1_a8.jsonl	GIT	6468cf75246c3c692e507500ffb0fe72bb0f509c2bc46ca5ed857a1c784697c6	53402	PRESENT	data/c1/full/evidence/SHA256SUMS	
data/c1/full/evidence/full/cells/32-evm-osaka__groth16__c1_a4.jsonl	GIT	b4226d687ace2a7b2d9edfd48e151ec86b8991713152bb448be9b680254626fd	57951	PRESENT	data/c1/full/evidence/SHA256SUMS	
data/c1/full/evidence/full/cells/33-evm-osaka__plonk__c1_a4.jsonl	GIT	d7fe7d0f8b2f5b156ecf4e8c4b0ded14c464c75d11a3ae925beda012904e03df	80475	PRESENT	data/c1/full/evidence/SHA256SUMS	
data/c1/full/evidence/full/cells/34-eravm-27__plonk__c1_ctx_k06.jsonl	GIT	9528fdedb5f41c78cdd8249a5abc11ab227205fbf3a0168e4a7cb4cf8af376fd	51243	PRESENT	data/c1/full/evidence/SHA256SUMS	
data/c1/full/evidence/full/cells/35-eravm-27__plonk__c1_ctx_k08.jsonl	GIT	2abca3ff5cc6e0b3b8dca36a558eee80cf67c87809b042ac0a9829bd3ef62bd6	54270	PRESENT	data/c1/full/evidence/SHA256SUMS	
data/c1/full/evidence/full/cells/36-eravm-27__plonk__c1_k01.jsonl	GIT	f32233d062c647cff853eb765aba8045092ffeff9c34d9ffb84893465eda1dbd	45736	PRESENT	data/c1/full/evidence/SHA256SUMS	
data/c1/full/evidence/full/cells/37-zkos-v32_at_npg100__groth16__c1_ctx_k32.jsonl	GIT	e844450384c71e55960ac3439c605bcc35a58589634f918a0458558814e937be	84254	PRESENT	data/c1/full/evidence/SHA256SUMS	
data/c1/full/evidence/full/cells/38-eravm-29__plonk__c1_a4.jsonl	GIT	569b4e1e1d97949df30b58e87e8092e5540e56724c7d4ba0bcb87b0fb988789c	49400	PRESENT	data/c1/full/evidence/SHA256SUMS	
data/c1/full/evidence/full/cells/39-zkos-v32_at_npg100__plonk__c1_ctx_k24.jsonl	GIT	c5fd8403a294803d4e0a9623c1108a306b25eedd16f63fe5dfd75e2e10dd49bb	75255	PRESENT	data/c1/full/evidence/SHA256SUMS	
data/c1/full/evidence/full/cells/40-evm-osaka__plonk__c1_ctx_k08.jsonl	GIT	26be0b4a64cd7f8083a26eb97c7a0b8279315bb4b4e45c7c3423038834db83f1	92398	PRESENT	data/c1/full/evidence/SHA256SUMS	
data/c1/full/evidence/full/cells/41-zkos-v32_at_npg167__plonk__c1_ctx_k04.jsonl	GIT	d4a25d5fb0333dba150b5402d906e2c01817f5cbf2c1dc042271cdeed3b0911e	54812	PRESENT	data/c1/full/evidence/SHA256SUMS	
data/c1/full/evidence/full/cells/42-evm-osaka__groth16__c1_ctx_k64.jsonl	GIT	77c3e2b4f2e23788389609ffd7095fcbab621273c0f0a02350cca14748c671d4	119688	PRESENT	data/c1/full/evidence/SHA256SUMS	
data/c1/full/evidence/full/cells/43-zkos-v32_at_npg156__plonk__c1_ctx_k16.jsonl	GIT	fe8d63b22066880278eeb90ca1af2f8db8ecc6400ec73a118cb708f818551288	66678	PRESENT	data/c1/full/evidence/SHA256SUMS	
data/c1/full/evidence/full/cells/44-eravm-29__groth16__c1_ctx_k08.jsonl	GIT	81e7017512289b113f3db2b2873cbd06e73c4bdde7795d74379935d257bee22a	54227	PRESENT	data/c1/full/evidence/SHA256SUMS	
data/c1/full/evidence/full/cells/45-eravm-29__groth16__c1_ctx_k24.jsonl	GIT	be5717969f8cfc3f60bc4a4562f0b9227f166a42867c087ee28e3a003bc8d49b	69511	PRESENT	data/c1/full/evidence/SHA256SUMS	
data/c1/full/evidence/full/cells/46-zkos-v32_at_npg100__plonk__c1_disc_k04.jsonl	GIT	98689f4b962634c2ccd3fc2e0657c62bcc35cd053ebbd55a228bb90b2ac162a7	55007	PRESENT	data/c1/full/evidence/SHA256SUMS	
data/c1/full/evidence/full/cells/47-zkos-v32_at_npg300__groth16__c1_ctx_k16.jsonl	GIT	8ae98a0b4ca1aebfaa06610c3513f5487fa6f376f7cb1767b3a415ede6553773	66988	PRESENT	data/c1/full/evidence/SHA256SUMS	
data/c1/full/evidence/full/cells/48-zkos-v32_at_npg125__groth16__c1_ctx_k04.jsonl	GIT	d53709a2caab549b7e278130a4c2bced5f596c4d9d8da9834f20b9bad29aa34f	55070	PRESENT	data/c1/full/evidence/SHA256SUMS	
data/c1/full/evidence/full/cells/49-zkos-v32_at_npg125__plonk__c1_ctx_k04.jsonl	GIT	27586f149a393855db699c490b821b526123527f139fd9aca044dbc6624f00de	54812	PRESENT	data/c1/full/evidence/SHA256SUMS	
data/c1/full/evidence/full/cells/50-eravm-27__plonk__c1_ctx_k04.jsonl	GIT	a502d9fbcf7c9fb39c8306bf71e21302ce41c5d393e16ea2beb301a7f18db5ff	50230	PRESENT	data/c1/full/evidence/SHA256SUMS	
data/c1/full/evidence/full/cells/51-evm-osaka__groth16__c1_ctx_k24.jsonl	GIT	384e355ee48d9918137dda15b98b2e84048eda49b0112ff3a0c7b5c8918737a7	78750	PRESENT	data/c1/full/evidence/SHA256SUMS	
data/c1/full/evidence/full/cells/52-evm-osaka__plonk__c1_ctx_k64.jsonl	GIT	95df5d796808edfbc06747cd31519d34b240e48d8eac8df7b5cc01b51db96ddc	244926	PRESENT	data/c1/full/evidence/SHA256SUMS	
data/c1/full/evidence/full/cells/53-zkos-v32_at_npg100__groth16__c1_a4.jsonl	GIT	5216d585a4e3ddf1667f95eb9c9ed339e9a2f2d36b4fae23772d13beb3107724	54375	PRESENT	data/c1/full/evidence/SHA256SUMS	
data/c1/full/evidence/full/cells/54-zkos-v32_at_npg100+priority_fee=1e8wei__groth16__c1_k01.jsonl	GIT	476c72debcc3c5cbb838d70722f0afa72155590c88baba231bffd94f405f17db	51436	PRESENT	data/c1/full/evidence/SHA256SUMS	
data/c1/full/evidence/full/cells/55-zkos-v32_at_npg100__plonk__c1_a8.jsonl	GIT	e4dab67689ec1512e21894236d36c179e5e31274921f3b7282f02557a33f8e87	58383	PRESENT	data/c1/full/evidence/SHA256SUMS	
data/c1/full/evidence/full/cells/56-evm-osaka__groth16__c1_ctx_k08.jsonl	GIT	59d963fd56c74484683b717414e6c7db39279759c128fd3b653596820e494550	63004	PRESENT	data/c1/full/evidence/SHA256SUMS	
data/c1/full/evidence/full/cells/57-zkos-v32_at_npg100+priority_fee=1e8wei__plonk__c1_k01.jsonl	GIT	d70a5ffb7300d0bff3a5684c77202495aaa366e38d319d75a96e19b8d0f48f26	51198	PRESENT	data/c1/full/evidence/SHA256SUMS	
data/c1/full/evidence/full/cells/58-zkos-v32_at_npg120__plonk__c1_ctx_k16.jsonl	GIT	7e18276498132931005b457ad626d2cb55a07eed97da9bf9603ea872de20687a	66678	PRESENT	data/c1/full/evidence/SHA256SUMS	
data/c1/full/evidence/full/cells/59-eravm-29__plonk__c1_ctx_k64.jsonl	GIT	4338445393fdbbcabe547942a1647a21f751b11cb8d993a53f5a9893c5bd3791	109478	PRESENT	data/c1/full/evidence/SHA256SUMS	
data/c1/full/evidence/full/cells/60-zkos-v32_at_npg141__plonk__c1_ctx_k16.jsonl	GIT	fd0ea25730c747f4c0e97e7603e0f9c6dc832e9db1f6f790e12ad575ddd8674d	66678	PRESENT	data/c1/full/evidence/SHA256SUMS	
data/c1/full/evidence/full/cells/61-evm-osaka__plonk__c1_ctx_k24.jsonl	GIT	7a937b47928659abac00173bd55ca5e96729d9f14c54c786ef5356f6f35e20e8	135192	PRESENT	data/c1/full/evidence/SHA256SUMS	
data/c1/full/evidence/full/cells/62-eravm-29__plonk__c1_ctx_k24.jsonl	GIT	e7f01d62b2c0b31bf18444a34d7cd1840c206ff103b1413813e01b0315175320	69277	PRESENT	data/c1/full/evidence/SHA256SUMS	
data/c1/full/evidence/full/cells/63-zkos-v32_at_npg100__groth16__c1_ctx_k12.jsonl	GIT	f441774d0849650010e79fdd99f342baee851b343d700f31fc047a51a51ad726	62676	PRESENT	data/c1/full/evidence/SHA256SUMS	
data/c1/full/evidence/full/cells/64-evm-osaka__groth16__c1_ctx_k12.jsonl	GIT	20a9d2acc7c2fcd1be072b0038ae373b944b5b980248d3ed2a1fac0c362f9a29	66417	PRESENT	data/c1/full/evidence/SHA256SUMS	
data/c1/full/evidence/full/cells/65-zkos-v32_at_npg149__groth16__c1_ctx_k04.jsonl	GIT	f6b83288480d6b0ec204ee3c27395b7b01c2ef96129ca3051115a74f7271e002	55070	PRESENT	data/c1/full/evidence/SHA256SUMS	
data/c1/full/evidence/full/cells/66-eravm-29__groth16__c1_ctx_k06.jsonl	GIT	c3c70c52d14c1f017b03e8cfe6542c8add4b2a87987f6461bf328798dadb17cb	51196	PRESENT	data/c1/full/evidence/SHA256SUMS	
data/c1/full/evidence/full/cells/67-zkos-v32_at_npg300__plonk__c1_ctx_k04.jsonl	GIT	65ce257e686d15d6eac88955661d1e3234d664d450f5cd2545794c0f72fc4059	54812	PRESENT	data/c1/full/evidence/SHA256SUMS	
data/c1/full/evidence/full/cells/68-eravm-29__groth16__c1_disc_k04.jsonl	GIT	f1173308e04fb2a54c069666a2f9ca0c6f41586a28f8bcf83b1e8ffa0b52daac	50384	PRESENT	data/c1/full/evidence/SHA256SUMS	
data/c1/full/evidence/full/cells/69-zkos-v32_at_npg149__plonk__c1_ctx_k04.jsonl	GIT	3c389ae5d11ef2a9cbf772fe7f92583b30a90cd7b491b0537e27fca84fd6fd98	54812	PRESENT	data/c1/full/evidence/SHA256SUMS	
data/c1/full/evidence/full/cells/70-eravm-29__groth16__c1_ctx_k32.jsonl	GIT	1e80a79f7e02d62393fc6d72ab8867210b43d20943d640b7c80e7cf5c21788dc	77599	PRESENT	data/c1/full/evidence/SHA256SUMS	
data/c1/full/evidence/full/cells/71-evm-osaka__plonk__c1_ctx_k32.jsonl	GIT	5f99d655875cc26ae44e9e140ef9bf0afb68a44fae2c15a39827cf0af27c0509	157137	PRESENT	data/c1/full/evidence/SHA256SUMS	
data/c1/full/evidence/full/cells/72-eravm-29__plonk__c1_disc_k04.jsonl	GIT	99be02fa9b84e4b219f3507a5dc81de6eed81c5e1dd67a5dd3cd5c763ac9ef98	50294	PRESENT	data/c1/full/evidence/SHA256SUMS	
data/c1/full/evidence/full/cells/73-evm-osaka__groth16__c1_ctx_k32.jsonl	GIT	0745bb347c71f1b8d34a6a90ff0b80fd0ac9b1ba414bca53101e39de9acda906	86777	PRESENT	data/c1/full/evidence/SHA256SUMS	
data/c1/full/evidence/full/cells/74-eravm-27__plonk__c1_ctx_k16.jsonl	GIT	9a5663611fc2743b01f9f31b23fcc977c6beb1276ed0a8cf54038f717065eefa	61368	PRESENT	data/c1/full/evidence/SHA256SUMS	
data/c1/full/evidence/full/cells/75-eravm-29__plonk__c1_ctx_k08.jsonl	GIT	738b4b84de97922969079642d8849cf7b2ac48bc038113b75f66706eabb2a9f6	54139	PRESENT	data/c1/full/evidence/SHA256SUMS	
data/c1/full/evidence/full/cells/76-eravm-29__plonk__c1_ctx_k06.jsonl	GIT	31722ca11127172eee5d8b3349a00f12d74b5c5aad1cea5ead6fa14290e2620a	51112	PRESENT	data/c1/full/evidence/SHA256SUMS	
data/c1/full/evidence/full/cells/77-zkos-v32_at_npg138__plonk__c1_ctx_k04.jsonl	GIT	0a55452f02437085182a7299a3620909ec49e1c294666aa3489d002175b6909f	54812	PRESENT	data/c1/full/evidence/SHA256SUMS	
data/c1/full/evidence/full/cells/78-zkos-v32_at_npg132__groth16__c1_ctx_k16.jsonl	GIT	40037ddb63731770b0ca1f75f7261b1ed85cb3659ec6214f23cf6988c44fb586	66988	PRESENT	data/c1/full/evidence/SHA256SUMS	
data/c1/full/evidence/full/cells/79-zkos-v32_at_npg100__groth16__c1_a8.jsonl	GIT	7c9b0187c4a4127ef68821ac8b705c2315f68b173321015d897edb6ed67d45a3	58651	PRESENT	data/c1/full/evidence/SHA256SUMS	
data/c1/full/evidence/full/cells/80-zkos-v32_at_npg100__groth16__c1_ctx_k64.jsonl	GIT	469c392f6d4e5ab9317b8976fa1c63a413a2559160cc5e30f18c054e3f3c7615	118754	PRESENT	data/c1/full/evidence/SHA256SUMS	
data/c1/full/evidence/full/cells/81-zkos-v32_at_npg100__plonk__c1_ctx_k06.jsonl	GIT	6c7e9a598826a826da44d5875df943e273d9b56f3686a38fad0ee0f114c4096a	55892	PRESENT	data/c1/full/evidence/SHA256SUMS	
data/c1/full/evidence/full/cells/82-zkos-v32_at_npg100__plonk__c1_ctx_k64.jsonl	GIT	d1c9491fc24a4eb5d241652dc867f5dcb7407d045a1d70b8e68de723b51e5e33	118137	PRESENT	data/c1/full/evidence/SHA256SUMS	
data/c1/full/evidence/full/cells/83-zkos-v32_at_npg154__groth16__c1_ctx_k16.jsonl	GIT	d470938801f952f522792de3fe395ba7cfcf72f036460fb180065fbd9f74fdad	66988	PRESENT	data/c1/full/evidence/SHA256SUMS	
data/c1/full/evidence/full/cells/84-evm-osaka__plonk__c1_a8.jsonl	GIT	fbf87fbcfd2133f9d74e84163ec99382cdf3929a6a7d5355d0f9c32f8767ef0f	91433	PRESENT	data/c1/full/evidence/SHA256SUMS	
data/c1/full/evidence/full/cells/85-zkos-v32_at_npg165__groth16__c1_ctx_k04.jsonl	GIT	06aaebc4719e0166a7c2575764f495d0ba64a194b99b8fc43e47647b425ce59f	55070	PRESENT	data/c1/full/evidence/SHA256SUMS	
data/c1/full/evidence/full/cells/86-zkos-v32_at_npg100__groth16__c1_disc_k04.jsonl	GIT	d76418d12b4d75668bf2330ec256565ea5928ab179c6e99403e942f7b3b26add	55269	PRESENT	data/c1/full/evidence/SHA256SUMS	
data/c1/full/evidence/full/cells/87-zkos-v32_at_npg120__groth16__c1_ctx_k16.jsonl	GIT	f69d24fbc49cd23f4c47d8aeb906f129c21225052163b6cefc3b28f1f30dd349	66988	PRESENT	data/c1/full/evidence/SHA256SUMS	
data/c1/full/evidence/full/cells/88-eravm-29__groth16__c1_ctx_k64.jsonl	GIT	8502cf07cfae21f4da06f4ff448df6c884ba7901cc01ebcbeb3ccbbfc1f67ad1	109960	PRESENT	data/c1/full/evidence/SHA256SUMS	
data/c1/full/evidence/full/cells/89-evm-osaka__plonk__c1_ctx_k06.jsonl	GIT	ba742ff5cdb354ba09717f3ba43fb55193b61d2f321424cb24e18fc144fee6eb	85652	PRESENT	data/c1/full/evidence/SHA256SUMS	
data/c1/full/evidence/full/orchestrator.log	GIT	277efe7b97a45e0a67a81649591bf91f57f50b3100a02bf5f8d20a3760a03300	16191	PRESENT	data/c1/full/evidence/SHA256SUMS	
data/c1/full/evidence/full/raw/00-eravm-29__groth16__c1_a8/attempt-1/anvil-zksync.log	GIT	ce22825c2fb4bfe6d4f6bf82be60ad495af744c4b0e6d29f4e729895ebe08264	8081	PRESENT	data/c1/full/evidence/SHA256SUMS	
data/c1/full/evidence/full/raw/00-eravm-29__groth16__c1_a8/attempt-1/anvil-zksync.log.stdout	GIT	bdbc181b5e94687998c0304f514c68e7f33620aac0b4a86b083fbc5c456084aa	19923	PRESENT	data/c1/full/evidence/SHA256SUMS	
data/c1/full/evidence/full/raw/00-eravm-29__groth16__c1_a8/attempt-1/cell-meta.json	GIT	c6c908cb58c168fab607792220b9e7b5733bbb6b0e720d2678ff36ae82f489f4	688	PRESENT	data/c1/full/evidence/SHA256SUMS	
data/c1/full/evidence/full/raw/00-eravm-29__groth16__c1_a8/attempt-1/eravm-calltraces.json	GIT	7c2d161afe30605a6462c6fd85d5a3898578cd120e3357c16e4b30ec80e83902	463919	PRESENT	data/c1/full/evidence/SHA256SUMS	
data/c1/full/evidence/full/raw/00-eravm-29__groth16__c1_a8/attempt-1/records.jsonl	GIT	a5d37474f95ed927cb820a9c99454557937bcf9cc28ca4c2402dce92955ae9b8	53449	PRESENT	data/c1/full/evidence/SHA256SUMS	
data/c1/full/evidence/full/raw/00-eravm-29__groth16__c1_a8/attempt-1/spec.json	GIT	6defd715bfb235ecb5c70d1ab10545be91332ba693ec3bf1f4d8032f68c014cf	664	PRESENT	data/c1/full/evidence/SHA256SUMS	
data/c1/full/evidence/full/raw/00-eravm-29__groth16__c1_a8/attempt-1/stderr.txt	GIT	e3b0c44298fc1c149afbf4c8996fb92427ae41e4649b934ca495991b7852b855	0	PRESENT	data/c1/full/evidence/SHA256SUMS	
data/c1/full/evidence/full/raw/00-eravm-29__groth16__c1_a8/attempt-1/stdout.txt	GIT	4418710b1b53748c1c5a4fd304e60addefea9153b94e3e5a29d8f383132ca53e	79	PRESENT	data/c1/full/evidence/SHA256SUMS	
data/c1/full/evidence/full/raw/01-zkos-v32_at_npg167__groth16__c1_ctx_k04/attempt-1/cell-meta.json	GIT	9bf034b7ca7d19fb36ad03cd1547df28f141073454bea7eadde2353ad9818baa	440	PRESENT	data/c1/full/evidence/SHA256SUMS	
data/c1/full/evidence/full/raw/01-zkos-v32_at_npg167__groth16__c1_ctx_k04/attempt-1/node/anvil.log	GIT	6cc7a3cfca2988961e542ea9722c86055b520a79c79aa45b2d02c50132edf678	195771	PRESENT	data/c1/full/evidence/SHA256SUMS	
data/c1/full/evidence/full/raw/01-zkos-v32_at_npg167__groth16__c1_ctx_k04/attempt-1/node/server.log	GIT	f1caf3835f0dfea12bfe8eef332f711896cb48efc232946d6ad01e3d1aac69ef	936431	PRESENT	data/c1/full/evidence/SHA256SUMS	
data/c1/full/evidence/full/raw/01-zkos-v32_at_npg167__groth16__c1_ctx_k04/attempt-1/records.jsonl	GIT	da79bd2396d1c456cda9963c29db6b1d1616220158cec21df787ed095ed1c4be	55025	PRESENT	data/c1/full/evidence/SHA256SUMS	
data/c1/full/evidence/full/raw/01-zkos-v32_at_npg167__groth16__c1_ctx_k04/attempt-1/spec.json	GIT	767822daf79d13c5334bb5166f2bdceb6d2b7438afe39f33a123d461ba9e37ee	789	PRESENT	data/c1/full/evidence/SHA256SUMS	
data/c1/full/evidence/full/raw/01-zkos-v32_at_npg167__groth16__c1_ctx_k04/attempt-1/stderr.txt	GIT	e3b0c44298fc1c149afbf4c8996fb92427ae41e4649b934ca495991b7852b855	0	PRESENT	data/c1/full/evidence/SHA256SUMS	
data/c1/full/evidence/full/raw/01-zkos-v32_at_npg167__groth16__c1_ctx_k04/attempt-1/stdout.txt	GIT	0d111b2b3d391f69a40776a418be2bee6e000495c2b5211934c13b168591c87e	107	PRESENT	data/c1/full/evidence/SHA256SUMS	
data/c1/full/evidence/full/raw/02-zkos-v32_at_npg100__groth16__c1_ctx_k06/attempt-1/cell-meta.json	GIT	6b98a5b88db39647d981953c9f6674909c6bdb124e0355386b2af90e307e1c47	440	PRESENT	data/c1/full/evidence/SHA256SUMS	
data/c1/full/evidence/full/raw/02-zkos-v32_at_npg100__groth16__c1_ctx_k06/attempt-1/node/anvil.log	GIT	ae54968fb7edd827a276b233ed02a8755fa60237b6ed658bab7237fdc23f3c4b	197571	PRESENT	data/c1/full/evidence/SHA256SUMS	
data/c1/full/evidence/full/raw/02-zkos-v32_at_npg100__groth16__c1_ctx_k06/attempt-1/node/server.log	GIT	9176c6ea90d76671a66b6c45a0c4ef3f5559cf3d734d8d8a70d4469aae277537	937965	PRESENT	data/c1/full/evidence/SHA256SUMS	
data/c1/full/evidence/full/raw/02-zkos-v32_at_npg100__groth16__c1_ctx_k06/attempt-1/records.jsonl	GIT	cf28082b1d2b0d26dfef4b53baaaef83e4c0a711854f502c65ac2bc15354f608	56102	PRESENT	data/c1/full/evidence/SHA256SUMS	
data/c1/full/evidence/full/raw/02-zkos-v32_at_npg100__groth16__c1_ctx_k06/attempt-1/spec.json	GIT	72d5d55b658ab3fa74a75d2dda8fe66b878ccd0fb99c348ccdebb7558f8c3e30	789	PRESENT	data/c1/full/evidence/SHA256SUMS	
data/c1/full/evidence/full/raw/02-zkos-v32_at_npg100__groth16__c1_ctx_k06/attempt-1/stderr.txt	GIT	e3b0c44298fc1c149afbf4c8996fb92427ae41e4649b934ca495991b7852b855	0	PRESENT	data/c1/full/evidence/SHA256SUMS	
data/c1/full/evidence/full/raw/02-zkos-v32_at_npg100__groth16__c1_ctx_k06/attempt-1/stdout.txt	GIT	a4281cf0c88b493eddf852cbc25f9b0e0c472f1f75c5848c449266b550af7b1f	107	PRESENT	data/c1/full/evidence/SHA256SUMS	
data/c1/full/evidence/full/raw/03-zkos-v32_at_npg156__groth16__c1_ctx_k16/attempt-1/cell-meta.json	GIT	6a265e7f567253db2674c83f88dcee12cd3fe15696131265da99dc14a40c66d2	440	PRESENT	data/c1/full/evidence/SHA256SUMS	
data/c1/full/evidence/full/raw/03-zkos-v32_at_npg156__groth16__c1_ctx_k16/attempt-1/node/anvil.log	GIT	f5042fb682bd57fd8ff81eda9f540fc2e6addbba3ca2b38e7a436064130eeace	197015	PRESENT	data/c1/full/evidence/SHA256SUMS	
data/c1/full/evidence/full/raw/03-zkos-v32_at_npg156__groth16__c1_ctx_k16/attempt-1/node/server.log	GIT	d1b92006c2ff4b91e3fa32d150b7da57525879e5703c53d3864f7ec1353e1883	953428	PRESENT	data/c1/full/evidence/SHA256SUMS	
data/c1/full/evidence/full/raw/03-zkos-v32_at_npg156__groth16__c1_ctx_k16/attempt-1/records.jsonl	GIT	545dec7ee31a6b283d4ab561a8637f29995cc6d2e55088289867cb3c9121c312	66932	PRESENT	data/c1/full/evidence/SHA256SUMS	
data/c1/full/evidence/full/raw/03-zkos-v32_at_npg156__groth16__c1_ctx_k16/attempt-1/spec.json	GIT	605efe77b900b6147378424f5f400445684e6086e74b93c08b4bddf1372bf5f3	790	PRESENT	data/c1/full/evidence/SHA256SUMS	
data/c1/full/evidence/full/raw/03-zkos-v32_at_npg156__groth16__c1_ctx_k16/attempt-1/stderr.txt	GIT	e3b0c44298fc1c149afbf4c8996fb92427ae41e4649b934ca495991b7852b855	0	PRESENT	data/c1/full/evidence/SHA256SUMS	
data/c1/full/evidence/full/raw/03-zkos-v32_at_npg156__groth16__c1_ctx_k16/attempt-1/stdout.txt	GIT	0c4da71f55484ba9fc6ecceb4ceaeb2dd34b939337f9f15455b2b3c8c47f1b2f	107	PRESENT	data/c1/full/evidence/SHA256SUMS	
data/c1/full/evidence/full/raw/04-eravm-27__groth16__c1_ctx_k04/attempt-1/anvil-zksync.log	GIT	7c9d7809ae66a948b970d522ce8647fee0557cbe68b22b338b6ad164459363f8	8098	PRESENT	data/c1/full/evidence/SHA256SUMS	
data/c1/full/evidence/full/raw/04-eravm-27__groth16__c1_ctx_k04/attempt-1/anvil-zksync.log.stdout	GIT	e2ec281e631b9410438c0348269ae30c905d34066043c1f8c65fed82869d22f1	19991	PRESENT	data/c1/full/evidence/SHA256SUMS	
data/c1/full/evidence/full/raw/04-eravm-27__groth16__c1_ctx_k04/attempt-1/cell-meta.json	GIT	10921d05bf89e60e2c2ef2ce32d691e51fa3e6a13f73e16869c88c159ad49d3b	688	PRESENT	data/c1/full/evidence/SHA256SUMS	
data/c1/full/evidence/full/raw/04-eravm-27__groth16__c1_ctx_k04/attempt-1/eravm-calltraces.json	GIT	5f4eef8c8ac6e40b16e5636bd25ed58cc3ce6438ad98fd9ae0af985e482ba573	398147	PRESENT	data/c1/full/evidence/SHA256SUMS	
data/c1/full/evidence/full/raw/04-eravm-27__groth16__c1_ctx_k04/attempt-1/records.jsonl	GIT	86107b293bb9aa47ecc40b4893b100bd1e94b308378fa9f2ed41f5dc1625d4e3	50237	PRESENT	data/c1/full/evidence/SHA256SUMS	
data/c1/full/evidence/full/raw/04-eravm-27__groth16__c1_ctx_k04/attempt-1/spec.json	GIT	c26dd14e64053f75c7952e0385242c9738dd28a6b46b24971928ca2f7ed27148	690	PRESENT	data/c1/full/evidence/SHA256SUMS	
data/c1/full/evidence/full/raw/04-eravm-27__groth16__c1_ctx_k04/attempt-1/stderr.txt	GIT	e3b0c44298fc1c149afbf4c8996fb92427ae41e4649b934ca495991b7852b855	0	PRESENT	data/c1/full/evidence/SHA256SUMS	
data/c1/full/evidence/full/raw/04-eravm-27__groth16__c1_ctx_k04/attempt-1/stdout.txt	GIT	79c2eabdf26e7ae0be854a392b2abb8c8f8cfff21abfca2150066fdf1b01185d	84	PRESENT	data/c1/full/evidence/SHA256SUMS	
data/c1/full/evidence/full/raw/05-zkos-v32_at_npg100__plonk__c1_ctx_k08/attempt-1/cell-meta.json	GIT	99c5e7f5287c2b400829dd381b082a1bca0b6321c24d9bf5506a461dce2afe19	440	PRESENT	data/c1/full/evidence/SHA256SUMS	
data/c1/full/evidence/full/raw/05-zkos-v32_at_npg100__plonk__c1_ctx_k08/attempt-1/node/anvil.log	GIT	e659d8f04eeada012cfa9fdcce13ee46cbf683709115ff10806fdcfb082740e0	197260	PRESENT	data/c1/full/evidence/SHA256SUMS	
data/c1/full/evidence/full/raw/05-zkos-v32_at_npg100__plonk__c1_ctx_k08/attempt-1/node/server.log	GIT	77538bf30231676568567f52ee0756ba68c410fc7025d30ef1eff6eaedd2e8b5	994322	PRESENT	data/c1/full/evidence/SHA256SUMS	
data/c1/full/evidence/full/raw/05-zkos-v32_at_npg100__plonk__c1_ctx_k08/attempt-1/records.jsonl	GIT	fe95f13dc05b240b587ceaf5cb41fa825285a9f3e19e1adcfcbabd53bfb91fe2	59071	PRESENT	data/c1/full/evidence/SHA256SUMS	
data/c1/full/evidence/full/raw/05-zkos-v32_at_npg100__plonk__c1_ctx_k08/attempt-1/spec.json	GIT	e6959559a41ab193d21a0d0d950b1867cf6016bb55a085b00a683055c3f825ef	779	PRESENT	data/c1/full/evidence/SHA256SUMS	
data/c1/full/evidence/full/raw/05-zkos-v32_at_npg100__plonk__c1_ctx_k08/attempt-1/stderr.txt	GIT	e3b0c44298fc1c149afbf4c8996fb92427ae41e4649b934ca495991b7852b855	0	PRESENT	data/c1/full/evidence/SHA256SUMS	
data/c1/full/evidence/full/raw/05-zkos-v32_at_npg100__plonk__c1_ctx_k08/attempt-1/stdout.txt	GIT	4514d0262b69bc91b360794e7796f6145686b6a5125257bec90525fa99ab4500	105	PRESENT	data/c1/full/evidence/SHA256SUMS	
data/c1/full/evidence/full/raw/06-eravm-27__groth16__c1_ctx_k06/attempt-1/anvil-zksync.log	GIT	611a9047e3c47e6dcfa46b06d0ec0c4194c15ccf923f18b6defbbbeb3ecb8d04	8115	PRESENT	data/c1/full/evidence/SHA256SUMS	
data/c1/full/evidence/full/raw/06-eravm-27__groth16__c1_ctx_k06/attempt-1/anvil-zksync.log.stdout	GIT	b52290338cd1d591c4109b41489097fe60b3c7308ad73c772b3cdb09eeeea706	20042	PRESENT	data/c1/full/evidence/SHA256SUMS	
data/c1/full/evidence/full/raw/06-eravm-27__groth16__c1_ctx_k06/attempt-1/cell-meta.json	GIT	0c93a5fde976e377e67abf4b53b675dc0a800dde69eee4dc8436fdc44760ac72	688	PRESENT	data/c1/full/evidence/SHA256SUMS	
data/c1/full/evidence/full/raw/06-eravm-27__groth16__c1_ctx_k06/attempt-1/eravm-calltraces.json	GIT	e136f55caae2fd97ac824646865c1a94a25236a3c825a8b5fcd9f103043ab6c3	427550	PRESENT	data/c1/full/evidence/SHA256SUMS	
data/c1/full/evidence/full/raw/06-eravm-27__groth16__c1_ctx_k06/attempt-1/records.jsonl	GIT	8eac228ee747ec19831aa745d17d72f781d8b2f861e2ef11ba97f45e590f9670	51290	PRESENT	data/c1/full/evidence/SHA256SUMS	
data/c1/full/evidence/full/raw/06-eravm-27__groth16__c1_ctx_k06/attempt-1/spec.json	GIT	80cf999ddac3bafae400db6732a3bdc48bb5a1ecf04bf4dd4b8093a38d73ef7f	690	PRESENT	data/c1/full/evidence/SHA256SUMS	
data/c1/full/evidence/full/raw/06-eravm-27__groth16__c1_ctx_k06/attempt-1/stderr.txt	GIT	e3b0c44298fc1c149afbf4c8996fb92427ae41e4649b934ca495991b7852b855	0	PRESENT	data/c1/full/evidence/SHA256SUMS	
data/c1/full/evidence/full/raw/06-eravm-27__groth16__c1_ctx_k06/attempt-1/stdout.txt	GIT	0d7bd962619416a5d43609aa70ab06128b7ff2bef02aa5f466f584ae4567181f	84	PRESENT	data/c1/full/evidence/SHA256SUMS	
data/c1/full/evidence/full/raw/07-eravm-29__plonk__c1_ctx_k12/attempt-1/anvil-zksync.log	GIT	797b46c58ee062f69cb68c20df63e4f7a0bd82ba9185904d2e54f33d40e21215	8084	PRESENT	data/c1/full/evidence/SHA256SUMS	
data/c1/full/evidence/full/raw/07-eravm-29__plonk__c1_ctx_k12/attempt-1/anvil-zksync.log.stdout	GIT	605d04a2e453336d1b78922cb5423c460b2355149772c877de1dc702242a29fb	19926	PRESENT	data/c1/full/evidence/SHA256SUMS	
data/c1/full/evidence/full/raw/07-eravm-29__plonk__c1_ctx_k12/attempt-1/cell-meta.json	GIT	328cd868c262af9ffdbf015f3f9f43a39dac7f57baa5ba0b78900b3b546739dd	689	PRESENT	data/c1/full/evidence/SHA256SUMS	
data/c1/full/evidence/full/raw/07-eravm-29__plonk__c1_ctx_k12/attempt-1/eravm-calltraces.json	GIT	ea41f279382d8abd26b0768f2d63d8390aedd24c5a15980956fa871d60f18aac	693293	PRESENT	data/c1/full/evidence/SHA256SUMS	
data/c1/full/evidence/full/raw/07-eravm-29__plonk__c1_ctx_k12/attempt-1/records.jsonl	GIT	b0873f3e9b5be21e4f893dd527887033ec130967819ed9aaa75bfbc88fbe8c3d	57156	PRESENT	data/c1/full/evidence/SHA256SUMS	
data/c1/full/evidence/full/raw/07-eravm-29__plonk__c1_ctx_k12/attempt-1/spec.json	GIT	c95c603542c922f312bb6c88b208e290fa2e47da500d4ac29bf078206e0594a5	681	PRESENT	data/c1/full/evidence/SHA256SUMS	
data/c1/full/evidence/full/raw/07-eravm-29__plonk__c1_ctx_k12/attempt-1/stderr.txt	GIT	e3b0c44298fc1c149afbf4c8996fb92427ae41e4649b934ca495991b7852b855	0	PRESENT	data/c1/full/evidence/SHA256SUMS	
data/c1/full/evidence/full/raw/07-eravm-29__plonk__c1_ctx_k12/attempt-1/stdout.txt	GIT	485b1ff4c9ca6d08d0b9128f26b3a186f1f6cac475adfa748c88e398aebfad3b	82	PRESENT	data/c1/full/evidence/SHA256SUMS	
data/c1/full/evidence/full/raw/08-eravm-27__groth16__c1_k01/attempt-1/anvil-zksync.log	GIT	e91a464b9f5765783a9deab1bb0706ec135c2c6ab913eab179ec1060fd3e26ac	8098	PRESENT	data/c1/full/evidence/SHA256SUMS	
data/c1/full/evidence/full/raw/08-eravm-27__groth16__c1_k01/attempt-1/anvil-zksync.log.stdout	GIT	a3c52fd2c1f852f7a9aaa1b3b5a6a0fa694a2322a86e778e38e727e8f0a8d620	19988	PRESENT	data/c1/full/evidence/SHA256SUMS	
data/c1/full/evidence/full/raw/08-eravm-27__groth16__c1_k01/attempt-1/cell-meta.json	GIT	bcc3d9525e271a16444dd9e0554cd19082cb1db060f8a9a4d5f3c7338162d185	688	PRESENT	data/c1/full/evidence/SHA256SUMS	
data/c1/full/evidence/full/raw/08-eravm-27__groth16__c1_k01/attempt-1/eravm-calltraces.json	GIT	50ed87d0207378e3196ff880d13415ac6f1231de616120d1ba35431899d585ba	354020	PRESENT	data/c1/full/evidence/SHA256SUMS	
data/c1/full/evidence/full/raw/08-eravm-27__groth16__c1_k01/attempt-1/records.jsonl	GIT	648c42f6b0f06d82886500d19accc8b67211897139bf42921e622fa6b7ab39b9	45708	PRESENT	data/c1/full/evidence/SHA256SUMS	
data/c1/full/evidence/full/raw/08-eravm-27__groth16__c1_k01/attempt-1/spec.json	GIT	c1d78b56303cd12aaad78cb7c4d8726d9528dcb252bba609deee0e01f92ef98c	670	PRESENT	data/c1/full/evidence/SHA256SUMS	
data/c1/full/evidence/full/raw/08-eravm-27__groth16__c1_k01/attempt-1/stderr.txt	GIT	e3b0c44298fc1c149afbf4c8996fb92427ae41e4649b934ca495991b7852b855	0	PRESENT	data/c1/full/evidence/SHA256SUMS	
data/c1/full/evidence/full/raw/08-eravm-27__groth16__c1_k01/attempt-1/stdout.txt	GIT	6eb0cf4938d95f43139fdcd861f4db0ff651e1e55f94fbae558da3ca0f345d46	80	PRESENT	data/c1/full/evidence/SHA256SUMS	
data/c1/full/evidence/full/raw/09-zkos-v32_at_npg300__plonk__c1_ctx_k16/attempt-1/cell-meta.json	GIT	707c051293442736dd516b24a007220c6063510aa20ca180d1c9d2a35e00c7db	440	PRESENT	data/c1/full/evidence/SHA256SUMS	
data/c1/full/evidence/full/raw/09-zkos-v32_at_npg300__plonk__c1_ctx_k16/attempt-1/node/anvil.log	GIT	e1f99a3a8d3c7c969bc516ed80d09fa67a3ca72249ace2630b8e5ffb007d5b61	196970	PRESENT	data/c1/full/evidence/SHA256SUMS	
data/c1/full/evidence/full/raw/09-zkos-v32_at_npg300__plonk__c1_ctx_k16/attempt-1/node/server.log	GIT	25f37d3be711249fef33f2e8a4189e9fd1599e883e50a13657dbfe286efa45be	1012094	PRESENT	data/c1/full/evidence/SHA256SUMS	
data/c1/full/evidence/full/raw/09-zkos-v32_at_npg300__plonk__c1_ctx_k16/attempt-1/records.jsonl	GIT	b77bed560ea51ed4a9406bcc98cd0ad3bfeec634c24abad590fcb2f8b176b73b	66622	PRESENT	data/c1/full/evidence/SHA256SUMS	
data/c1/full/evidence/full/raw/09-zkos-v32_at_npg300__plonk__c1_ctx_k16/attempt-1/spec.json	GIT	59a079ad6b2ef68b4a46fadb43530dec687d4c3cb064dc241d8fb760198e01e2	780	PRESENT	data/c1/full/evidence/SHA256SUMS	
data/c1/full/evidence/full/raw/09-zkos-v32_at_npg300__plonk__c1_ctx_k16/attempt-1/stderr.txt	GIT	e3b0c44298fc1c149afbf4c8996fb92427ae41e4649b934ca495991b7852b855	0	PRESENT	data/c1/full/evidence/SHA256SUMS	
data/c1/full/evidence/full/raw/09-zkos-v32_at_npg300__plonk__c1_ctx_k16/attempt-1/stdout.txt	GIT	e5eb44c47e6ffa13eb59a9cb27706535ef07abf1e04064f098abdb8b14f09569	105	PRESENT	data/c1/full/evidence/SHA256SUMS	
data/c1/full/evidence/full/raw/10-evm-osaka__groth16__c1_disc_k04/attempt-1/cell-meta.json	GIT	0d86613dc4f09c379d50c7d4eeb1be6c608d9752f4ea946ae54157acbf39619a	312	PRESENT	data/c1/full/evidence/SHA256SUMS	
data/c1/full/evidence/full/raw/10-evm-osaka__groth16__c1_disc_k04/attempt-1/edr-job.json	GIT	9ada9e07804b519406c302afe6e93bc1185d49c231578556979575a7377b10c8	42128	PRESENT	data/c1/full/evidence/SHA256SUMS	
data/c1/full/evidence/full/raw/10-evm-osaka__groth16__c1_disc_k04/attempt-1/edr-out.json	GIT	0e9297849af0732b98d4a8e12db8227c47b685734c711274036d24769040783a	33551	PRESENT	data/c1/full/evidence/SHA256SUMS	
data/c1/full/evidence/full/raw/10-evm-osaka__groth16__c1_disc_k04/attempt-1/records.jsonl	GIT	4097532e5a361b3d52c54dfb92c69b92fed39ed693052e44d4d840462cb0a0cb	58845	PRESENT	data/c1/full/evidence/SHA256SUMS	
data/c1/full/evidence/full/raw/10-evm-osaka__groth16__c1_disc_k04/attempt-1/spec.json	GIT	5ecad6660b05f850cd0168547229c4893ceb276312ed12f792e0513c25dd6380	706	PRESENT	data/c1/full/evidence/SHA256SUMS	
data/c1/full/evidence/full/raw/10-evm-osaka__groth16__c1_disc_k04/attempt-1/stderr.txt	GIT	e3b0c44298fc1c149afbf4c8996fb92427ae41e4649b934ca495991b7852b855	0	PRESENT	data/c1/full/evidence/SHA256SUMS	
data/c1/full/evidence/full/raw/10-evm-osaka__groth16__c1_disc_k04/attempt-1/stdout.txt	GIT	0a7991b0ccc6185dd5b2d34cbd7b117642526ea74d4689caf679010cb32cfca3	86	PRESENT	data/c1/full/evidence/SHA256SUMS	
data/c1/full/evidence/full/raw/11-zkos-v32_at_npg132__plonk__c1_ctx_k16/attempt-1/cell-meta.json	GIT	26ad0ab1b021aed9963893f9109526774902350d3e30ebf667b34b5b27e1b11f	440	PRESENT	data/c1/full/evidence/SHA256SUMS	
data/c1/full/evidence/full/raw/11-zkos-v32_at_npg132__plonk__c1_ctx_k16/attempt-1/node/anvil.log	GIT	dadfb0a8e46fbbd829c402dff6bddd603483d8c8976a27137129d81ac6d9a334	196800	PRESENT	data/c1/full/evidence/SHA256SUMS	
data/c1/full/evidence/full/raw/11-zkos-v32_at_npg132__plonk__c1_ctx_k16/attempt-1/node/server.log	GIT	e8c4735447797e0c55fc2a805a8ea70eb3bacc1fca322a0c91d16671d02f08fa	1012253	PRESENT	data/c1/full/evidence/SHA256SUMS	
data/c1/full/evidence/full/raw/11-zkos-v32_at_npg132__plonk__c1_ctx_k16/attempt-1/records.jsonl	GIT	1a3ee00e132b20bc7623fffc37a327d7c82de97d0f0b6008c2c9aaeac31029dd	66678	PRESENT	data/c1/full/evidence/SHA256SUMS	
data/c1/full/evidence/full/raw/11-zkos-v32_at_npg132__plonk__c1_ctx_k16/attempt-1/spec.json	GIT	22654e6a157ba0b7a6312ecb3f737a7399895ce5b467e9d5d9ff30e4d2bab5ce	781	PRESENT	data/c1/full/evidence/SHA256SUMS	
data/c1/full/evidence/full/raw/11-zkos-v32_at_npg132__plonk__c1_ctx_k16/attempt-1/stderr.txt	GIT	e3b0c44298fc1c149afbf4c8996fb92427ae41e4649b934ca495991b7852b855	0	PRESENT	data/c1/full/evidence/SHA256SUMS	
data/c1/full/evidence/full/raw/11-zkos-v32_at_npg132__plonk__c1_ctx_k16/attempt-1/stdout.txt	GIT	60195e938a5d0d1f9d47b79335777416684c7292e578c96cc613442f2bbdd78f	105	PRESENT	data/c1/full/evidence/SHA256SUMS	
data/c1/full/evidence/full/raw/12-zkos-v32_at_npg100__plonk__c1_a4/attempt-1/cell-meta.json	GIT	3a93d0babeed55b89006a930a618963c77a270c57243f9720ce4723e3ae72b1b	440	PRESENT	data/c1/full/evidence/SHA256SUMS	
data/c1/full/evidence/full/raw/12-zkos-v32_at_npg100__plonk__c1_a4/attempt-1/node/anvil.log	GIT	cc22d637a19313c1e42f45118f082048631f302ca37dbc4506f44f991326881f	195913	PRESENT	data/c1/full/evidence/SHA256SUMS	
data/c1/full/evidence/full/raw/12-zkos-v32_at_npg100__plonk__c1_a4/attempt-1/node/server.log	GIT	75a8b463ca4dfcefba74a6ea352c16bd1c3a495dfc98fe7320a2f155b729bbe0	984725	PRESENT	data/c1/full/evidence/SHA256SUMS	
data/c1/full/evidence/full/raw/12-zkos-v32_at_npg100__plonk__c1_a4/attempt-1/records.jsonl	GIT	60ba28b65af5580cdcee22dc7c0195e010549de393f3d860d18b4797749a1c50	54113	PRESENT	data/c1/full/evidence/SHA256SUMS	
data/c1/full/evidence/full/raw/12-zkos-v32_at_npg100__plonk__c1_a4/attempt-1/spec.json	GIT	be2a71a7973a79c6ea7019ccd90ec1fbf8e50c778f431f56f647c36e2ff9fb21	754	PRESENT	data/c1/full/evidence/SHA256SUMS	
data/c1/full/evidence/full/raw/12-zkos-v32_at_npg100__plonk__c1_a4/attempt-1/stderr.txt	GIT	e3b0c44298fc1c149afbf4c8996fb92427ae41e4649b934ca495991b7852b855	0	PRESENT	data/c1/full/evidence/SHA256SUMS	
data/c1/full/evidence/full/raw/12-zkos-v32_at_npg100__plonk__c1_a4/attempt-1/stdout.txt	GIT	c4d1a43d0ffcb5d571f1d34626fdbbac3e2b7ede23b18eeafaf68d65c6f7d108	100	PRESENT	data/c1/full/evidence/SHA256SUMS	
data/c1/full/evidence/full/raw/13-zkos-v32_at_npg300__groth16__c1_ctx_k04/attempt-1/cell-meta.json	GIT	58f0fd8f451b966ac8686808a214219b75e179800717126ab650ba4303ed22ff	440	PRESENT	data/c1/full/evidence/SHA256SUMS	
data/c1/full/evidence/full/raw/13-zkos-v32_at_npg300__groth16__c1_ctx_k04/attempt-1/node/anvil.log	GIT	7a71f92a6fa082c322b9b52e38d1e7de812a88e72c9149a0d4ea278218eb4934	196414	PRESENT	data/c1/full/evidence/SHA256SUMS	
data/c1/full/evidence/full/raw/13-zkos-v32_at_npg300__groth16__c1_ctx_k04/attempt-1/node/server.log	GIT	dc48b7c81dd83fb8b6c19b1dbf44aedad516112d7a85ed1de46eceffb55c9a4d	938852	PRESENT	data/c1/full/evidence/SHA256SUMS	
data/c1/full/evidence/full/raw/13-zkos-v32_at_npg300__groth16__c1_ctx_k04/attempt-1/records.jsonl	GIT	871b80302f2fa12b4d6c0bf979d4659a35c1e9cc684567ca0744480e27a59ff3	55070	PRESENT	data/c1/full/evidence/SHA256SUMS	
data/c1/full/evidence/full/raw/13-zkos-v32_at_npg300__groth16__c1_ctx_k04/attempt-1/spec.json	GIT	5ceff569d3dc739318fc7f3fa7df9d0a47a75401aa183f85e709b70ef074f1f2	790	PRESENT	data/c1/full/evidence/SHA256SUMS	
data/c1/full/evidence/full/raw/13-zkos-v32_at_npg300__groth16__c1_ctx_k04/attempt-1/stderr.txt	GIT	e3b0c44298fc1c149afbf4c8996fb92427ae41e4649b934ca495991b7852b855	0	PRESENT	data/c1/full/evidence/SHA256SUMS	
data/c1/full/evidence/full/raw/13-zkos-v32_at_npg300__groth16__c1_ctx_k04/attempt-1/stdout.txt	GIT	692c8a66c49b56981b40217314ffc542066f79e720feb69fa2fd695d1eea68fa	107	PRESENT	data/c1/full/evidence/SHA256SUMS	
data/c1/full/evidence/full/raw/14-zkos-v32_at_npg100__plonk__c1_ctx_k12/attempt-1/cell-meta.json	GIT	31e99b77f38fa84187a73999b0faa7ae3a82b3daacdd28e81d3c8fc259401bbc	440	PRESENT	data/c1/full/evidence/SHA256SUMS	
data/c1/full/evidence/full/raw/14-zkos-v32_at_npg100__plonk__c1_ctx_k12/attempt-1/node/anvil.log	GIT	274d8e975c3be727a11a88d6550f745f88b4e8cbf33cd7c7145b29c006d481d8	197333	PRESENT	data/c1/full/evidence/SHA256SUMS	
data/c1/full/evidence/full/raw/14-zkos-v32_at_npg100__plonk__c1_ctx_k12/attempt-1/node/server.log	GIT	47dbb581e75f567d6255592f7e27388d41bef951541d0391f1387b073bed61dc	1002970	PRESENT	data/c1/full/evidence/SHA256SUMS	
data/c1/full/evidence/full/raw/14-zkos-v32_at_npg100__plonk__c1_ctx_k12/attempt-1/records.jsonl	GIT	67cff0ed46804cf60dfa4c3085bd6ee5572be07b512f852946ca9c4e2685fb02	62390	PRESENT	data/c1/full/evidence/SHA256SUMS	
data/c1/full/evidence/full/raw/14-zkos-v32_at_npg100__plonk__c1_ctx_k12/attempt-1/spec.json	GIT	60b9d5d5b8372d1e46ab25db20bb7dd7ecf606ec8012e07dfad14edf24337708	781	PRESENT	data/c1/full/evidence/SHA256SUMS	
data/c1/full/evidence/full/raw/14-zkos-v32_at_npg100__plonk__c1_ctx_k12/attempt-1/stderr.txt	GIT	e3b0c44298fc1c149afbf4c8996fb92427ae41e4649b934ca495991b7852b855	0	PRESENT	data/c1/full/evidence/SHA256SUMS	
data/c1/full/evidence/full/raw/14-zkos-v32_at_npg100__plonk__c1_ctx_k12/attempt-1/stdout.txt	GIT	d8d1e8cbf10e62d75dbbc5789d5df450f62efd1e0efadad747cdfa3b8563f33a	105	PRESENT	data/c1/full/evidence/SHA256SUMS	
data/c1/full/evidence/full/raw/15-zkos-v32_at_npg100__plonk__c1_ctx_k32/attempt-1/cell-meta.json	GIT	71288512439775025ecdf39a7eb460f9163fafc86897399a7a71c725d099f209	440	PRESENT	data/c1/full/evidence/SHA256SUMS	
data/c1/full/evidence/full/raw/15-zkos-v32_at_npg100__plonk__c1_ctx_k32/attempt-1/node/anvil.log	GIT	f9ab8b08447a4ee3dd2029f133d0a0d44a644ba3db0237c318a19327d9350f08	197782	PRESENT	data/c1/full/evidence/SHA256SUMS	
data/c1/full/evidence/full/raw/15-zkos-v32_at_npg100__plonk__c1_ctx_k32/attempt-1/node/server.log	GIT	3c777f110cb64bd8ccb086e07e856c388cf7baa1ab015bf18eae90e73a32fa8a	1051743	PRESENT	data/c1/full/evidence/SHA256SUMS	
data/c1/full/evidence/full/raw/15-zkos-v32_at_npg100__plonk__c1_ctx_k32/attempt-1/records.jsonl	GIT	e79366584b52773260fa4186105c7372be9045dbc560e9dc30c425d5d45d52b4	83831	PRESENT	data/c1/full/evidence/SHA256SUMS	
data/c1/full/evidence/full/raw/15-zkos-v32_at_npg100__plonk__c1_ctx_k32/attempt-1/spec.json	GIT	6c3b5b02d582626076fb9d82e76aadd6058aa646508e3608191d82bf4d2d2e60	781	PRESENT	data/c1/full/evidence/SHA256SUMS	
data/c1/full/evidence/full/raw/15-zkos-v32_at_npg100__plonk__c1_ctx_k32/attempt-1/stderr.txt	GIT	e3b0c44298fc1c149afbf4c8996fb92427ae41e4649b934ca495991b7852b855	0	PRESENT	data/c1/full/evidence/SHA256SUMS	
data/c1/full/evidence/full/raw/15-zkos-v32_at_npg100__plonk__c1_ctx_k32/attempt-1/stdout.txt	GIT	161abba57b973af0286b56ebf89643b4eec7c8bf020ed777e212639c00f62b06	105	PRESENT	data/c1/full/evidence/SHA256SUMS	
data/c1/full/evidence/full/raw/16-zkos-v32_at_npg100__groth16__c1_ctx_k08/attempt-1/cell-meta.json	GIT	8cd04de7658b37e6baa2abf7cce5221e34e99787bd102efd9e84e928dd8af49e	440	PRESENT	data/c1/full/evidence/SHA256SUMS	
data/c1/full/evidence/full/raw/16-zkos-v32_at_npg100__groth16__c1_ctx_k08/attempt-1/node/anvil.log	GIT	25da383ea802c72d5ef342de132d77e201331cf3dcd9121c758bfc52eabf5a17	196589	PRESENT	data/c1/full/evidence/SHA256SUMS	
data/c1/full/evidence/full/raw/16-zkos-v32_at_npg100__groth16__c1_ctx_k08/attempt-1/node/server.log	GIT	55923de9bed945837f8a66895e0477373f826e26ebfae8034bce2ab01310f4ab	942898	PRESENT	data/c1/full/evidence/SHA256SUMS	
data/c1/full/evidence/full/raw/16-zkos-v32_at_npg100__groth16__c1_ctx_k08/attempt-1/records.jsonl	GIT	709dd4174097671aa7b58c942b9a94c472c4af5f46e5ef31f970b81a7badbdfd	59380	PRESENT	data/c1/full/evidence/SHA256SUMS	
data/c1/full/evidence/full/raw/16-zkos-v32_at_npg100__groth16__c1_ctx_k08/attempt-1/spec.json	GIT	556141d622ae40a54789e2021fbdccf825b8f2f58a95fc89a29fcca7f5b9ab64	790	PRESENT	data/c1/full/evidence/SHA256SUMS	
data/c1/full/evidence/full/raw/16-zkos-v32_at_npg100__groth16__c1_ctx_k08/attempt-1/stderr.txt	GIT	e3b0c44298fc1c149afbf4c8996fb92427ae41e4649b934ca495991b7852b855	0	PRESENT	data/c1/full/evidence/SHA256SUMS	
data/c1/full/evidence/full/raw/16-zkos-v32_at_npg100__groth16__c1_ctx_k08/attempt-1/stdout.txt	GIT	2957c70b60b3f8f7809fa924c521f8bbf0bd021a5ee8d321109bd3367bff92ff	107	PRESENT	data/c1/full/evidence/SHA256SUMS	
data/c1/full/evidence/full/raw/17-evm-osaka__plonk__c1_disc_k04/attempt-1/cell-meta.json	GIT	acaea03195ed18e86f39bf69ed09b2e8653b1047ea09ed45467938da1dc9dbae	312	PRESENT	data/c1/full/evidence/SHA256SUMS	
data/c1/full/evidence/full/raw/17-evm-osaka__plonk__c1_disc_k04/attempt-1/edr-job.json	GIT	32f7155d89ca0147a1811c066ecece408ae29b24239638f872797c296762b3c8	85309	PRESENT	data/c1/full/evidence/SHA256SUMS	
data/c1/full/evidence/full/raw/17-evm-osaka__plonk__c1_disc_k04/attempt-1/edr-out.json	GIT	fe155db7f2f3e66fe7ea697ee2ac313727b3566435a1b39d462e939acf550911	90780	PRESENT	data/c1/full/evidence/SHA256SUMS	
data/c1/full/evidence/full/raw/17-evm-osaka__plonk__c1_disc_k04/attempt-1/records.jsonl	GIT	5598691d78e8879cad6d40d7250148c387ee8fa125f7845003927ac846b51c09	81367	PRESENT	data/c1/full/evidence/SHA256SUMS	
data/c1/full/evidence/full/raw/17-evm-osaka__plonk__c1_disc_k04/attempt-1/spec.json	GIT	eaa26f7e34cbbb70af3aad707ee063674f59693b48436168fbe10518be41ff49	696	PRESENT	data/c1/full/evidence/SHA256SUMS	
data/c1/full/evidence/full/raw/17-evm-osaka__plonk__c1_disc_k04/attempt-1/stderr.txt	GIT	e3b0c44298fc1c149afbf4c8996fb92427ae41e4649b934ca495991b7852b855	0	PRESENT	data/c1/full/evidence/SHA256SUMS	
data/c1/full/evidence/full/raw/17-evm-osaka__plonk__c1_disc_k04/attempt-1/stdout.txt	GIT	0667d490954e232181585eed39dacb598a2c6084563b71f55c570585a753d6a7	84	PRESENT	data/c1/full/evidence/SHA256SUMS	
data/c1/full/evidence/full/raw/18-eravm-29__groth16__c1_a4/attempt-1/anvil-zksync.log	GIT	04b652072f48dea5c1599c60f75e5da6ff6b2ff5d1cc381cce8860a37bcb5641	8081	PRESENT	data/c1/full/evidence/SHA256SUMS	
data/c1/full/evidence/full/raw/18-eravm-29__groth16__c1_a4/attempt-1/anvil-zksync.log.stdout	GIT	3ee40ca8d9595c1dc8eb2af922e341e7634e52917c5457ba0de1f17097410829	19923	PRESENT	data/c1/full/evidence/SHA256SUMS	
data/c1/full/evidence/full/raw/18-eravm-29__groth16__c1_a4/attempt-1/cell-meta.json	GIT	cb33c9ec4abaadfe358ec7bbb071c4c92fc26138e60a29519f2d1a6ca74af9a3	688	PRESENT	data/c1/full/evidence/SHA256SUMS	
data/c1/full/evidence/full/raw/18-eravm-29__groth16__c1_a4/attempt-1/eravm-calltraces.json	GIT	431ad450d3bea3f2aae7b378e0b42571665a83ca9d4ff452efcfea864c7ab0e9	405194	PRESENT	data/c1/full/evidence/SHA256SUMS	
data/c1/full/evidence/full/raw/18-eravm-29__groth16__c1_a4/attempt-1/records.jsonl	GIT	17d02f2cb2185977d18e63ba11b5ce99babf826d6dba697e53974a5bf8683101	49490	PRESENT	data/c1/full/evidence/SHA256SUMS	
data/c1/full/evidence/full/raw/18-eravm-29__groth16__c1_a4/attempt-1/spec.json	GIT	149ba387af321c0f60de47dd0b39bf78e9771123d38a45cbbca75901bb36c631	665	PRESENT	data/c1/full/evidence/SHA256SUMS	
data/c1/full/evidence/full/raw/18-eravm-29__groth16__c1_a4/attempt-1/stderr.txt	GIT	e3b0c44298fc1c149afbf4c8996fb92427ae41e4649b934ca495991b7852b855	0	PRESENT	data/c1/full/evidence/SHA256SUMS	
data/c1/full/evidence/full/raw/18-eravm-29__groth16__c1_a4/attempt-1/stdout.txt	GIT	893aaf095e3478e4266acd703541593033e05a6e2f810dfea1a5a3544a3af14c	79	PRESENT	data/c1/full/evidence/SHA256SUMS	
data/c1/full/evidence/full/raw/19-eravm-27__groth16__c1_ctx_k16/attempt-1/anvil-zksync.log	GIT	52557f1e13abaadcc5dd1f24ff076ca1b3f51d5cc57b90777d21a131c035e9a6	8116	PRESENT	data/c1/full/evidence/SHA256SUMS	
data/c1/full/evidence/full/raw/19-eravm-27__groth16__c1_ctx_k16/attempt-1/anvil-zksync.log.stdout	GIT	43ff0d9e9068fe2c4477bba1b3fcecd42466bd41e10927e90395688215a00bbd	20043	PRESENT	data/c1/full/evidence/SHA256SUMS	
data/c1/full/evidence/full/raw/19-eravm-27__groth16__c1_ctx_k16/attempt-1/cell-meta.json	GIT	24182d670cb5f83af091dd1176bb5b70f50ffc348d36c552a760dac5d60a8bee	689	PRESENT	data/c1/full/evidence/SHA256SUMS	
data/c1/full/evidence/full/raw/19-eravm-27__groth16__c1_ctx_k16/attempt-1/eravm-calltraces.json	GIT	d36db05ccfefea3edc351cc74d4f94e0cd041f6fa3ab71651988aa53eb2f0a03	574520	PRESENT	data/c1/full/evidence/SHA256SUMS	
data/c1/full/evidence/full/raw/19-eravm-27__groth16__c1_ctx_k16/attempt-1/records.jsonl	GIT	425a3431c711ffc29d346285044941e40e0d97ac41aa914035d95f5f75b4a276	61525	PRESENT	data/c1/full/evidence/SHA256SUMS	
data/c1/full/evidence/full/raw/19-eravm-27__groth16__c1_ctx_k16/attempt-1/spec.json	GIT	24b5d514f642211681130505a742ecffb52c1319f4a8e389a438619b1ca1356e	692	PRESENT	data/c1/full/evidence/SHA256SUMS	
data/c1/full/evidence/full/raw/19-eravm-27__groth16__c1_ctx_k16/attempt-1/stderr.txt	GIT	e3b0c44298fc1c149afbf4c8996fb92427ae41e4649b934ca495991b7852b855	0	PRESENT	data/c1/full/evidence/SHA256SUMS	
data/c1/full/evidence/full/raw/19-eravm-27__groth16__c1_ctx_k16/attempt-1/stdout.txt	GIT	58aeb99393c212a35165eb850f2d607730a626c503a71a4c2e611df5c6046ae4	84	PRESENT	data/c1/full/evidence/SHA256SUMS	
data/c1/full/evidence/full/raw/20-zkos-v32_at_npg100__groth16__c1_ctx_k24/attempt-1/cell-meta.json	GIT	0c128963de8bf817fbe4570d9650885c707fd639b6ab308e3402d53538b50e6f	440	PRESENT	data/c1/full/evidence/SHA256SUMS	
data/c1/full/evidence/full/raw/20-zkos-v32_at_npg100__groth16__c1_ctx_k24/attempt-1/node/anvil.log	GIT	bd689f3016d2a9f178409ad9c6c5e359e22c933f31d1fdd4182ebbfd527a6776	194794	PRESENT	data/c1/full/evidence/SHA256SUMS	
data/c1/full/evidence/full/raw/20-zkos-v32_at_npg100__groth16__c1_ctx_k24/attempt-1/node/server.log	GIT	5d349be5200fe6576c0e9e0904af95b3125260c49c500ba18847d4d64d52b49a	956995	PRESENT	data/c1/full/evidence/SHA256SUMS	
data/c1/full/evidence/full/raw/20-zkos-v32_at_npg100__groth16__c1_ctx_k24/attempt-1/records.jsonl	GIT	bf873629dcc2ddac87009d467d02b4e80e8548d50181ff212de6d639ed067e91	75630	PRESENT	data/c1/full/evidence/SHA256SUMS	
data/c1/full/evidence/full/raw/20-zkos-v32_at_npg100__groth16__c1_ctx_k24/attempt-1/spec.json	GIT	a652ad8d7a6de24689fd6df32bc352b69d7b18e51af5abb241bb14c480db9e7f	791	PRESENT	data/c1/full/evidence/SHA256SUMS	
data/c1/full/evidence/full/raw/20-zkos-v32_at_npg100__groth16__c1_ctx_k24/attempt-1/stderr.txt	GIT	e3b0c44298fc1c149afbf4c8996fb92427ae41e4649b934ca495991b7852b855	0	PRESENT	data/c1/full/evidence/SHA256SUMS	
data/c1/full/evidence/full/raw/20-zkos-v32_at_npg100__groth16__c1_ctx_k24/attempt-1/stdout.txt	GIT	b32fdca98b20e5ab4f17fa098edb366ee214e60eeee73d15409ea717bba98e01	107	PRESENT	data/c1/full/evidence/SHA256SUMS	
data/c1/full/evidence/full/raw/21-evm-osaka__plonk__c1_ctx_k12/attempt-1/cell-meta.json	GIT	170083052ef261b10439732fd60ac613660982c06b56b0c8d19cfad8a47f6a4e	312	PRESENT	data/c1/full/evidence/SHA256SUMS	
data/c1/full/evidence/full/raw/21-evm-osaka__plonk__c1_ctx_k12/attempt-1/edr-job.json	GIT	d518250a6f2f40d0f94010ae9dc4440e1a1dcfae0df146d39b9dfa53b0342760	122869	PRESENT	data/c1/full/evidence/SHA256SUMS	
data/c1/full/evidence/full/raw/21-evm-osaka__plonk__c1_ctx_k12/attempt-1/edr-out.json	GIT	bf9f63aacf04d8f259a3dd42233edd605dded0a9498cd1c9c8d016223e37b553	128398	PRESENT	data/c1/full/evidence/SHA256SUMS	
data/c1/full/evidence/full/raw/21-evm-osaka__plonk__c1_ctx_k12/attempt-1/records.jsonl	GIT	54d02aa607ea7c52bac89516ddb8b29a7679a75407840627cf1e6fe62f28ed3c	102216	PRESENT	data/c1/full/evidence/SHA256SUMS	
data/c1/full/evidence/full/raw/21-evm-osaka__plonk__c1_ctx_k12/attempt-1/spec.json	GIT	8c25e2143c2f1dd2196db85eb236e1d40efa2535836a0abd04d066c7a2c097d6	691	PRESENT	data/c1/full/evidence/SHA256SUMS	
data/c1/full/evidence/full/raw/21-evm-osaka__plonk__c1_ctx_k12/attempt-1/stderr.txt	GIT	e3b0c44298fc1c149afbf4c8996fb92427ae41e4649b934ca495991b7852b855	0	PRESENT	data/c1/full/evidence/SHA256SUMS	
data/c1/full/evidence/full/raw/21-evm-osaka__plonk__c1_ctx_k12/attempt-1/stdout.txt	GIT	78a094fe6559abcef9a9bd466f86b44740c5d76de1f4c216b54cfad596577800	83	PRESENT	data/c1/full/evidence/SHA256SUMS	
data/c1/full/evidence/full/raw/22-zkos-v32_at_npg141__groth16__c1_ctx_k16/attempt-1/cell-meta.json	GIT	7693453cbb89f765109ac2db9fbfdcd853030fcc0166e9ed142f1910ba8961b7	440	PRESENT	data/c1/full/evidence/SHA256SUMS	
data/c1/full/evidence/full/raw/22-zkos-v32_at_npg141__groth16__c1_ctx_k16/attempt-1/node/anvil.log	GIT	abcbfb61210f702b50c44e7189ed9c9c3ebd9b8a97641f2e5e3bbe0499e571c4	195790	PRESENT	data/c1/full/evidence/SHA256SUMS	
data/c1/full/evidence/full/raw/22-zkos-v32_at_npg141__groth16__c1_ctx_k16/attempt-1/node/server.log	GIT	b794340fc11163efac9a17bc5563981d5715e352deb145d35ff8a8031be8d3c1	950813	PRESENT	data/c1/full/evidence/SHA256SUMS	
data/c1/full/evidence/full/raw/22-zkos-v32_at_npg141__groth16__c1_ctx_k16/attempt-1/records.jsonl	GIT	b126a270aa3e648fa9d9861dc97ffb60fdddcd4ee1a5e0c834590fcbce725316	66988	PRESENT	data/c1/full/evidence/SHA256SUMS	
data/c1/full/evidence/full/raw/22-zkos-v32_at_npg141__groth16__c1_ctx_k16/attempt-1/spec.json	GIT	36c8f1c3f4f434746f6d34a03fae959a2a21ee47677a1acc3e264b413d018a46	791	PRESENT	data/c1/full/evidence/SHA256SUMS	
data/c1/full/evidence/full/raw/22-zkos-v32_at_npg141__groth16__c1_ctx_k16/attempt-1/stderr.txt	GIT	e3b0c44298fc1c149afbf4c8996fb92427ae41e4649b934ca495991b7852b855	0	PRESENT	data/c1/full/evidence/SHA256SUMS	
data/c1/full/evidence/full/raw/22-zkos-v32_at_npg141__groth16__c1_ctx_k16/attempt-1/stdout.txt	GIT	49784fcd8e182bc90c07fa25d7f38a400f4c15b8a346af2cbe03512e81d67881	107	PRESENT	data/c1/full/evidence/SHA256SUMS	
data/c1/full/evidence/full/raw/23-zkos-v32_at_npg138__groth16__c1_ctx_k04/attempt-1/cell-meta.json	GIT	a893092675e7cea365a057c292047b12aaf404e6ab8bc124d4f2c8070b7b1db2	440	PRESENT	data/c1/full/evidence/SHA256SUMS	
data/c1/full/evidence/full/raw/23-zkos-v32_at_npg138__groth16__c1_ctx_k04/attempt-1/node/anvil.log	GIT	66a956e6586271fb71a6b9bb2ecbf84cfe55bbb52ccd447c04b977cb12e5bb33	194433	PRESENT	data/c1/full/evidence/SHA256SUMS	
data/c1/full/evidence/full/raw/23-zkos-v32_at_npg138__groth16__c1_ctx_k04/attempt-1/node/server.log	GIT	ce534d68f0009697abb8d043be99b90e3d09069479eb3d0a8c438fa57d6185e5	935485	PRESENT	data/c1/full/evidence/SHA256SUMS	
data/c1/full/evidence/full/raw/23-zkos-v32_at_npg138__groth16__c1_ctx_k04/attempt-1/records.jsonl	GIT	76860fc28aa3a759d8151edae14f65c42dca5537de079229dea777ffd4ac91a1	55070	PRESENT	data/c1/full/evidence/SHA256SUMS	
data/c1/full/evidence/full/raw/23-zkos-v32_at_npg138__groth16__c1_ctx_k04/attempt-1/spec.json	GIT	ffe25c68061527ba3931679c50f91ca02ea8ec32ccc1f5d388d147d313e3965d	790	PRESENT	data/c1/full/evidence/SHA256SUMS	
data/c1/full/evidence/full/raw/23-zkos-v32_at_npg138__groth16__c1_ctx_k04/attempt-1/stderr.txt	GIT	e3b0c44298fc1c149afbf4c8996fb92427ae41e4649b934ca495991b7852b855	0	PRESENT	data/c1/full/evidence/SHA256SUMS	
data/c1/full/evidence/full/raw/23-zkos-v32_at_npg138__groth16__c1_ctx_k04/attempt-1/stdout.txt	GIT	e8e9b731339312dcaff642a162f5934a72b5c5d66444b7ad80ba986721b6691b	107	PRESENT	data/c1/full/evidence/SHA256SUMS	
data/c1/full/evidence/full/raw/24-evm-osaka__groth16__c1_a8/attempt-1/cell-meta.json	GIT	e59a06488ab1aaadae0543eeaa1042056f0e283aa06922dee260a9a8a95af3ff	312	PRESENT	data/c1/full/evidence/SHA256SUMS	
data/c1/full/evidence/full/raw/24-evm-osaka__groth16__c1_a8/attempt-1/edr-job.json	GIT	5e2e127920a7c55cd3b195b6c292997947684d1c6fc7a3ce8dee017a44427ecd	55938	PRESENT	data/c1/full/evidence/SHA256SUMS	
data/c1/full/evidence/full/raw/24-evm-osaka__groth16__c1_a8/attempt-1/edr-out.json	GIT	55e31793e4a4e2cf6fecd1f79d1e4c0f0e24f5ad3bf774e23590093c67d85141	34730	PRESENT	data/c1/full/evidence/SHA256SUMS	
data/c1/full/evidence/full/raw/24-evm-osaka__groth16__c1_a8/attempt-1/records.jsonl	GIT	e9c251353ff6705127b590ce8775f10ec5f49b5e80f0be0345c2a4d8ca2ff270	62275	PRESENT	data/c1/full/evidence/SHA256SUMS	
data/c1/full/evidence/full/raw/24-evm-osaka__groth16__c1_a8/attempt-1/spec.json	GIT	25f6dcea2f465824d6b019ce04d3e82e495910dbf727aa79972ae4b7475bdf88	674	PRESENT	data/c1/full/evidence/SHA256SUMS	
data/c1/full/evidence/full/raw/24-evm-osaka__groth16__c1_a8/attempt-1/stderr.txt	GIT	e3b0c44298fc1c149afbf4c8996fb92427ae41e4649b934ca495991b7852b855	0	PRESENT	data/c1/full/evidence/SHA256SUMS	
data/c1/full/evidence/full/raw/24-evm-osaka__groth16__c1_a8/attempt-1/stdout.txt	GIT	85d95f6c8b640c8dfdac7d66ecc4713546a810eb17f0ffd52da943ff55200fc9	80	PRESENT	data/c1/full/evidence/SHA256SUMS	
data/c1/full/evidence/full/raw/25-eravm-27__groth16__c1_ctx_k08/attempt-1/anvil-zksync.log	GIT	eec1860bf10ffbe3dd576a84e633b98fe0a6c7502f0feaeb65196f329b1dcde1	8115	PRESENT	data/c1/full/evidence/SHA256SUMS	
data/c1/full/evidence/full/raw/25-eravm-27__groth16__c1_ctx_k08/attempt-1/anvil-zksync.log.stdout	GIT	0449d4b2c258c461e89bdd132b4f2bcb49ecdd00464e4d668bd03a48f1bbc59a	20042	PRESENT	data/c1/full/evidence/SHA256SUMS	
data/c1/full/evidence/full/raw/25-eravm-27__groth16__c1_ctx_k08/attempt-1/cell-meta.json	GIT	9834e77a6860ebe34e9d9b16eb78db068606b802da7029c2b8fbd46830d47fd5	688	PRESENT	data/c1/full/evidence/SHA256SUMS	
data/c1/full/evidence/full/raw/25-eravm-27__groth16__c1_ctx_k08/attempt-1/eravm-calltraces.json	GIT	07fdfbe0acffbe15ef7ff9c2df0f4bcfe8f1e0c4e270e3ec4ca28b5ca10b0f01	456944	PRESENT	data/c1/full/evidence/SHA256SUMS	
data/c1/full/evidence/full/raw/25-eravm-27__groth16__c1_ctx_k08/attempt-1/records.jsonl	GIT	7b48217d9f0e0f87eebd0cd4aab36353dc46d36f2631f94f7351cbf5b7423480	54367	PRESENT	data/c1/full/evidence/SHA256SUMS	
data/c1/full/evidence/full/raw/25-eravm-27__groth16__c1_ctx_k08/attempt-1/spec.json	GIT	4cde4382a476d34226fea5845b8aac65c293eed64ac52cd323d34671f3da8b3a	691	PRESENT	data/c1/full/evidence/SHA256SUMS	
data/c1/full/evidence/full/raw/25-eravm-27__groth16__c1_ctx_k08/attempt-1/stderr.txt	GIT	e3b0c44298fc1c149afbf4c8996fb92427ae41e4649b934ca495991b7852b855	0	PRESENT	data/c1/full/evidence/SHA256SUMS	
data/c1/full/evidence/full/raw/25-eravm-27__groth16__c1_ctx_k08/attempt-1/stdout.txt	GIT	1711202fed314a9868dc448c91e1f2de5e5c9e856872271549b673f9cb561e5e	84	PRESENT	data/c1/full/evidence/SHA256SUMS	
data/c1/full/evidence/full/raw/26-zkos-v32_at_npg154__plonk__c1_ctx_k16/attempt-1/cell-meta.json	GIT	b02bbf7d6982043e344fe54096b7731091d9acd77ef7c4d6f6511d5b6c371688	440	PRESENT	data/c1/full/evidence/SHA256SUMS	
data/c1/full/evidence/full/raw/26-zkos-v32_at_npg154__plonk__c1_ctx_k16/attempt-1/node/anvil.log	GIT	d4a9440195dd23314f022ad5c17062d9a537c53a791637d2c9db13de85100ee6	196522	PRESENT	data/c1/full/evidence/SHA256SUMS	
data/c1/full/evidence/full/raw/26-zkos-v32_at_npg154__plonk__c1_ctx_k16/attempt-1/node/server.log	GIT	fc26483f50bf2d140c037e735044edd1b95bfc2407fea3118ace4298295e890b	1012060	PRESENT	data/c1/full/evidence/SHA256SUMS	
data/c1/full/evidence/full/raw/26-zkos-v32_at_npg154__plonk__c1_ctx_k16/attempt-1/records.jsonl	GIT	c010ca6e042cccdc64619c96f945138a998d85d456705e5944c23481662d8ccb	66678	PRESENT	data/c1/full/evidence/SHA256SUMS	
data/c1/full/evidence/full/raw/26-zkos-v32_at_npg154__plonk__c1_ctx_k16/attempt-1/spec.json	GIT	3ae7bdb06c1733c9cd0bc76df45a6784d8d7880d634f49e293dd0526cbed34a6	781	PRESENT	data/c1/full/evidence/SHA256SUMS	
data/c1/full/evidence/full/raw/26-zkos-v32_at_npg154__plonk__c1_ctx_k16/attempt-1/stderr.txt	GIT	e3b0c44298fc1c149afbf4c8996fb92427ae41e4649b934ca495991b7852b855	0	PRESENT	data/c1/full/evidence/SHA256SUMS	
data/c1/full/evidence/full/raw/26-zkos-v32_at_npg154__plonk__c1_ctx_k16/attempt-1/stdout.txt	GIT	4b7f17ac4f6f67b9d64d17653158d3c926851299ed66065abb4656ffaac5d908	105	PRESENT	data/c1/full/evidence/SHA256SUMS	
data/c1/full/evidence/full/raw/27-eravm-29__plonk__c1_ctx_k32/attempt-1/anvil-zksync.log	GIT	5b72fb3c188adcf489a64d0ca5d0dbe4661e4839440465d48b9b5f50ae5f3def	8084	PRESENT	data/c1/full/evidence/SHA256SUMS	
data/c1/full/evidence/full/raw/27-eravm-29__plonk__c1_ctx_k32/attempt-1/anvil-zksync.log.stdout	GIT	ba45caaf87e5377e2c4d61e7cddae785cf32123e658a8bb0b85830b501c86be8	19928	PRESENT	data/c1/full/evidence/SHA256SUMS	
data/c1/full/evidence/full/raw/27-eravm-29__plonk__c1_ctx_k32/attempt-1/cell-meta.json	GIT	f3f5126c760a0183312c7ba5d43e0efb539adcec0e443207ea2cf0225a2c448a	689	PRESENT	data/c1/full/evidence/SHA256SUMS	
data/c1/full/evidence/full/raw/27-eravm-29__plonk__c1_ctx_k32/attempt-1/eravm-calltraces.json	GIT	2dab7e21d5a9e883ec06302079d63514e7287768e6d68ec1a1dbf7176a936647	785453	PRESENT	data/c1/full/evidence/SHA256SUMS	
data/c1/full/evidence/full/raw/27-eravm-29__plonk__c1_ctx_k32/attempt-1/records.jsonl	GIT	778159354ff8749ef00497bdd33c035c1c0b28887f082ea9621216430e1f1120	77318	PRESENT	data/c1/full/evidence/SHA256SUMS	
data/c1/full/evidence/full/raw/27-eravm-29__plonk__c1_ctx_k32/attempt-1/spec.json	GIT	865daa4c15cec663f5366feec68eb0f88d2c370b904b0972325d61f3395d596f	682	PRESENT	data/c1/full/evidence/SHA256SUMS	
data/c1/full/evidence/full/raw/27-eravm-29__plonk__c1_ctx_k32/attempt-1/stderr.txt	GIT	e3b0c44298fc1c149afbf4c8996fb92427ae41e4649b934ca495991b7852b855	0	PRESENT	data/c1/full/evidence/SHA256SUMS	
data/c1/full/evidence/full/raw/27-eravm-29__plonk__c1_ctx_k32/attempt-1/stdout.txt	GIT	459a918e54082e0ff8e98bd0f495aa5255970cacecea6a084ba314892fcd9f82	82	PRESENT	data/c1/full/evidence/SHA256SUMS	
data/c1/full/evidence/full/raw/28-eravm-29__groth16__c1_ctx_k12/attempt-1/anvil-zksync.log	GIT	ac7b48cbb429216e86c259c4ad772e44433e6a48adcad296b9f922ce59c55839	8082	PRESENT	data/c1/full/evidence/SHA256SUMS	
data/c1/full/evidence/full/raw/28-eravm-29__groth16__c1_ctx_k12/attempt-1/anvil-zksync.log.stdout	GIT	a33305a7ac76eaaf9e1c2016def5cbb3a206b9157f7f3e55365332babf9d74c6	19924	PRESENT	data/c1/full/evidence/SHA256SUMS	
data/c1/full/evidence/full/raw/28-eravm-29__groth16__c1_ctx_k12/attempt-1/cell-meta.json	GIT	4c38a971a8a876563e8b29964fa4cba18a8c7b2685b169126898281cfa303835	689	PRESENT	data/c1/full/evidence/SHA256SUMS	
data/c1/full/evidence/full/raw/28-eravm-29__groth16__c1_ctx_k12/attempt-1/eravm-calltraces.json	GIT	0f79945b8025ea08a34b09d1db5bc97a1cb092b1d8db096cfa976d1945dd3d60	522680	PRESENT	data/c1/full/evidence/SHA256SUMS	
data/c1/full/evidence/full/raw/28-eravm-29__groth16__c1_ctx_k12/attempt-1/records.jsonl	GIT	6d76d0db5f194123b666217c8f7af2c811d208e215be33a8667ce73beedea140	57350	PRESENT	data/c1/full/evidence/SHA256SUMS	
data/c1/full/evidence/full/raw/28-eravm-29__groth16__c1_ctx_k12/attempt-1/spec.json	GIT	14b75851e39c4579fe6dbe81bc9b13180daa5d8d0ec47bc0b133a6af00ae0e0a	692	PRESENT	data/c1/full/evidence/SHA256SUMS	
data/c1/full/evidence/full/raw/28-eravm-29__groth16__c1_ctx_k12/attempt-1/stderr.txt	GIT	e3b0c44298fc1c149afbf4c8996fb92427ae41e4649b934ca495991b7852b855	0	PRESENT	data/c1/full/evidence/SHA256SUMS	
data/c1/full/evidence/full/raw/28-eravm-29__groth16__c1_ctx_k12/attempt-1/stdout.txt	GIT	0fed35e63bf0f89b4ba251d0becb611ac7957807183a26bcec3d53d702673e73	84	PRESENT	data/c1/full/evidence/SHA256SUMS	
data/c1/full/evidence/full/raw/29-zkos-v32_at_npg165__plonk__c1_ctx_k04/attempt-1/cell-meta.json	GIT	e7e7926ba80fbc39bdd03f944804211cf24990b73efc581cbc8d98a8abd93a9e	440	PRESENT	data/c1/full/evidence/SHA256SUMS	
data/c1/full/evidence/full/raw/29-zkos-v32_at_npg165__plonk__c1_ctx_k04/attempt-1/node/anvil.log	GIT	620bc6e88028c14f0764f9e524b8127cb565650775133942070f31501cb3ef05	195565	PRESENT	data/c1/full/evidence/SHA256SUMS	
data/c1/full/evidence/full/raw/29-zkos-v32_at_npg165__plonk__c1_ctx_k04/attempt-1/node/server.log	GIT	6fbb6143027029d47ee7c5254a561631386a9ab481676c37b8de335b37f6d366	980806	PRESENT	data/c1/full/evidence/SHA256SUMS	
data/c1/full/evidence/full/raw/29-zkos-v32_at_npg165__plonk__c1_ctx_k04/attempt-1/records.jsonl	GIT	4ca04916370fe94cd81482136bfc1b85819e2b31058e4f549a36a4df9d308aca	54812	PRESENT	data/c1/full/evidence/SHA256SUMS	
data/c1/full/evidence/full/raw/29-zkos-v32_at_npg165__plonk__c1_ctx_k04/attempt-1/spec.json	GIT	99a0efee0a73f86ef4601bb6ab6987cab3d2bbedbdb2d436d65fed0fb05653ff	780	PRESENT	data/c1/full/evidence/SHA256SUMS	
data/c1/full/evidence/full/raw/29-zkos-v32_at_npg165__plonk__c1_ctx_k04/attempt-1/stderr.txt	GIT	e3b0c44298fc1c149afbf4c8996fb92427ae41e4649b934ca495991b7852b855	0	PRESENT	data/c1/full/evidence/SHA256SUMS	
data/c1/full/evidence/full/raw/29-zkos-v32_at_npg165__plonk__c1_ctx_k04/attempt-1/stdout.txt	GIT	bd123dfd4dd58b7d5d25ed1c11244268984b7360babaa77519baed110248a253	105	PRESENT	data/c1/full/evidence/SHA256SUMS	
data/c1/full/evidence/full/raw/30-evm-osaka__groth16__c1_ctx_k06/attempt-1/cell-meta.json	GIT	cd024c3437102eb57fb829e95b0f30ece7816c16a060776b79edd304b10b82d1	312	PRESENT	data/c1/full/evidence/SHA256SUMS	
data/c1/full/evidence/full/raw/30-evm-osaka__groth16__c1_ctx_k06/attempt-1/edr-job.json	GIT	05dc161357adedc693ff56e4f4a6ec0cdfb681ea6608d02cb0eee0696fbfc642	47796	PRESENT	data/c1/full/evidence/SHA256SUMS	
data/c1/full/evidence/full/raw/30-evm-osaka__groth16__c1_ctx_k06/attempt-1/edr-out.json	GIT	167b414512f822978dea0cdf7cdd1380e6366abc60e7ea9742de207fe44ea72a	34178	PRESENT	data/c1/full/evidence/SHA256SUMS	
data/c1/full/evidence/full/raw/30-evm-osaka__groth16__c1_ctx_k06/attempt-1/records.jsonl	GIT	35fb56a9a63614b5466d9d304db73187456a415c2c9550f1c4b2eed312e1f74e	59898	PRESENT	data/c1/full/evidence/SHA256SUMS	
data/c1/full/evidence/full/raw/30-evm-osaka__groth16__c1_ctx_k06/attempt-1/spec.json	GIT	e3decc5a57da9f1b184f0b760f4375ddae5f2a4d1637e9d464d89e5e3d982978	700	PRESENT	data/c1/full/evidence/SHA256SUMS	
data/c1/full/evidence/full/raw/30-evm-osaka__groth16__c1_ctx_k06/attempt-1/stderr.txt	GIT	e3b0c44298fc1c149afbf4c8996fb92427ae41e4649b934ca495991b7852b855	0	PRESENT	data/c1/full/evidence/SHA256SUMS	
data/c1/full/evidence/full/raw/30-evm-osaka__groth16__c1_ctx_k06/attempt-1/stdout.txt	GIT	e814d166b1224d41759ec02cc3e22b4953b5accc4496cdf095974d33b3feaaa7	85	PRESENT	data/c1/full/evidence/SHA256SUMS	
data/c1/full/evidence/full/raw/31-eravm-29__plonk__c1_a8/attempt-1/anvil-zksync.log	GIT	a0184a40afd75c0ce4deb5f85c8a81b27780ea89304b299dbc0d113f42797301	8084	PRESENT	data/c1/full/evidence/SHA256SUMS	
data/c1/full/evidence/full/raw/31-eravm-29__plonk__c1_a8/attempt-1/anvil-zksync.log.stdout	GIT	b8f7f75c8a40e904be231a3d44a450996684c3c0f234fdb1981ebaa902a8a631	19926	PRESENT	data/c1/full/evidence/SHA256SUMS	
data/c1/full/evidence/full/raw/31-eravm-29__plonk__c1_a8/attempt-1/cell-meta.json	GIT	af417d761167489abe07aaf4d8d5a056319b7ed3d4a273467ae4eea7fccf1f3e	689	PRESENT	data/c1/full/evidence/SHA256SUMS	
data/c1/full/evidence/full/raw/31-eravm-29__plonk__c1_a8/attempt-1/eravm-calltraces.json	GIT	15d6d0fd906a304242816adc25e04cfb42fe42c459b9aefd7294f62c9455a3bd	674816	PRESENT	data/c1/full/evidence/SHA256SUMS	
data/c1/full/evidence/full/raw/31-eravm-29__plonk__c1_a8/attempt-1/records.jsonl	GIT	6468cf75246c3c692e507500ffb0fe72bb0f509c2bc46ca5ed857a1c784697c6	53402	PRESENT	data/c1/full/evidence/SHA256SUMS	
data/c1/full/evidence/full/raw/31-eravm-29__plonk__c1_a8/attempt-1/spec.json	GIT	68acee9424fe7b128edb7b519615a36b80599b6ab65c7f34ff3de056998e0c2c	655	PRESENT	data/c1/full/evidence/SHA256SUMS	
data/c1/full/evidence/full/raw/31-eravm-29__plonk__c1_a8/attempt-1/stderr.txt	GIT	e3b0c44298fc1c149afbf4c8996fb92427ae41e4649b934ca495991b7852b855	0	PRESENT	data/c1/full/evidence/SHA256SUMS	
data/c1/full/evidence/full/raw/31-eravm-29__plonk__c1_a8/attempt-1/stdout.txt	GIT	9dbeb12e9c531f31c93a62050cb1a20649af052b0baf6683531e4d0b721c7437	77	PRESENT	data/c1/full/evidence/SHA256SUMS	
data/c1/full/evidence/full/raw/32-evm-osaka__groth16__c1_a4/attempt-1/cell-meta.json	GIT	fcf20d8d0a4c426fb9b776bdec2ec8a5f572e710af851b29f49161b21daa1080	312	PRESENT	data/c1/full/evidence/SHA256SUMS	
data/c1/full/evidence/full/raw/32-evm-osaka__groth16__c1_a4/attempt-1/edr-job.json	GIT	b840603d23833d97f2928fd2ed05ce820222456ad3becdd57a5be973390c4c90	42128	PRESENT	data/c1/full/evidence/SHA256SUMS	
data/c1/full/evidence/full/raw/32-evm-osaka__groth16__c1_a4/attempt-1/edr-out.json	GIT	4a7b6ac5d5d8742f61fd21002ec7ad2c920fdd8ddd8efb621e7503cdd5610f7e	33533	PRESENT	data/c1/full/evidence/SHA256SUMS	
data/c1/full/evidence/full/raw/32-evm-osaka__groth16__c1_a4/attempt-1/records.jsonl	GIT	b4226d687ace2a7b2d9edfd48e151ec86b8991713152bb448be9b680254626fd	57951	PRESENT	data/c1/full/evidence/SHA256SUMS	
data/c1/full/evidence/full/raw/32-evm-osaka__groth16__c1_a4/attempt-1/spec.json	GIT	de73c538ee76d6b1870a1c1c06d8e8cee6aff5cad80bc50993297ee1638416a0	674	PRESENT	data/c1/full/evidence/SHA256SUMS	
data/c1/full/evidence/full/raw/32-evm-osaka__groth16__c1_a4/attempt-1/stderr.txt	GIT	e3b0c44298fc1c149afbf4c8996fb92427ae41e4649b934ca495991b7852b855	0	PRESENT	data/c1/full/evidence/SHA256SUMS	
data/c1/full/evidence/full/raw/32-evm-osaka__groth16__c1_a4/attempt-1/stdout.txt	GIT	5bdb0840ec34f2bb310ef2e724c4568ce0f818705df73d2b47b9bd7ff551bcec	80	PRESENT	data/c1/full/evidence/SHA256SUMS	
data/c1/full/evidence/full/raw/33-evm-osaka__plonk__c1_a4/attempt-1/cell-meta.json	GIT	7df1f3896932df715d0aa4869a6180c6ae7d1feab871fd7c350eb7820b5aa345	312	PRESENT	data/c1/full/evidence/SHA256SUMS	
data/c1/full/evidence/full/raw/33-evm-osaka__plonk__c1_a4/attempt-1/edr-job.json	GIT	131ca2eb64884ab23879d4085fd2c949b571e4d17f225f3e77371e4f022f0b9f	85309	PRESENT	data/c1/full/evidence/SHA256SUMS	
data/c1/full/evidence/full/raw/33-evm-osaka__plonk__c1_a4/attempt-1/edr-out.json	GIT	ddc678fcdeb6892beea8ed9cc17c9d3a617d78f03715ea2dc6bd8e752f677d22	90764	PRESENT	data/c1/full/evidence/SHA256SUMS	
data/c1/full/evidence/full/raw/33-evm-osaka__plonk__c1_a4/attempt-1/records.jsonl	GIT	d7fe7d0f8b2f5b156ecf4e8c4b0ded14c464c75d11a3ae925beda012904e03df	80475	PRESENT	data/c1/full/evidence/SHA256SUMS	
data/c1/full/evidence/full/raw/33-evm-osaka__plonk__c1_a4/attempt-1/spec.json	GIT	5c53eb35fe7eae5e6f5d6ba57a12901299fd2e8639a316082c0025c08686fd9c	664	PRESENT	data/c1/full/evidence/SHA256SUMS	
data/c1/full/evidence/full/raw/33-evm-osaka__plonk__c1_a4/attempt-1/stderr.txt	GIT	e3b0c44298fc1c149afbf4c8996fb92427ae41e4649b934ca495991b7852b855	0	PRESENT	data/c1/full/evidence/SHA256SUMS	
data/c1/full/evidence/full/raw/33-evm-osaka__plonk__c1_a4/attempt-1/stdout.txt	GIT	dfa64b94e8267bc00957802f83fa52554388da5125bb637eb386afaa16638b6e	78	PRESENT	data/c1/full/evidence/SHA256SUMS	
data/c1/full/evidence/full/raw/34-eravm-27__plonk__c1_ctx_k06/attempt-1/anvil-zksync.log	GIT	e848431be2f29ffc06646a9fb7d0c9fa7b8814209ead6b5205ea2903dbc4dbe3	8118	PRESENT	data/c1/full/evidence/SHA256SUMS	
data/c1/full/evidence/full/raw/34-eravm-27__plonk__c1_ctx_k06/attempt-1/anvil-zksync.log.stdout	GIT	e05f55da26de85c7eabf69881b1a4209f68f1d7ec466421157702f2a89f85227	20045	PRESENT	data/c1/full/evidence/SHA256SUMS	
data/c1/full/evidence/full/raw/34-eravm-27__plonk__c1_ctx_k06/attempt-1/cell-meta.json	GIT	92f97b3b74d7477d29e2872a2e6159528791c05276d78fbb8766f3683d30752a	689	PRESENT	data/c1/full/evidence/SHA256SUMS	
data/c1/full/evidence/full/raw/34-eravm-27__plonk__c1_ctx_k06/attempt-1/eravm-calltraces.json	GIT	f9e5a40f1d26c85d0cd45459265d8588dee68c732ac5bf6a6c43e81f5fc4c55e	658805	PRESENT	data/c1/full/evidence/SHA256SUMS	
data/c1/full/evidence/full/raw/34-eravm-27__plonk__c1_ctx_k06/attempt-1/records.jsonl	GIT	9528fdedb5f41c78cdd8249a5abc11ab227205fbf3a0168e4a7cb4cf8af376fd	51243	PRESENT	data/c1/full/evidence/SHA256SUMS	
data/c1/full/evidence/full/raw/34-eravm-27__plonk__c1_ctx_k06/attempt-1/spec.json	GIT	612b7c1304db5109ca048271838579ccff474fd6d5c2a275509f14a893df69cb	681	PRESENT	data/c1/full/evidence/SHA256SUMS	
data/c1/full/evidence/full/raw/34-eravm-27__plonk__c1_ctx_k06/attempt-1/stderr.txt	GIT	e3b0c44298fc1c149afbf4c8996fb92427ae41e4649b934ca495991b7852b855	0	PRESENT	data/c1/full/evidence/SHA256SUMS	
data/c1/full/evidence/full/raw/34-eravm-27__plonk__c1_ctx_k06/attempt-1/stdout.txt	GIT	7be5cd2ce19b293cf0028957ad880211d82111f55950068383f505493d60adaa	82	PRESENT	data/c1/full/evidence/SHA256SUMS	
data/c1/full/evidence/full/raw/35-eravm-27__plonk__c1_ctx_k08/attempt-1/anvil-zksync.log	GIT	d5a0730e23b25f46bb5aa429f6089abb84112472061b12adb27ab854a3cb5a63	8118	PRESENT	data/c1/full/evidence/SHA256SUMS	
data/c1/full/evidence/full/raw/35-eravm-27__plonk__c1_ctx_k08/attempt-1/anvil-zksync.log.stdout	GIT	a2561d7e86d434e59d2ce78a4e1ef5c28acfbe4012d1ed5f4986b2f6ae0e73ef	20045	PRESENT	data/c1/full/evidence/SHA256SUMS	
data/c1/full/evidence/full/raw/35-eravm-27__plonk__c1_ctx_k08/attempt-1/cell-meta.json	GIT	90db40d4a4a407d3fc150211b8dbff3c6fee478e21c0c294e016243f2eaeffdf	689	PRESENT	data/c1/full/evidence/SHA256SUMS	
data/c1/full/evidence/full/raw/35-eravm-27__plonk__c1_ctx_k08/attempt-1/eravm-calltraces.json	GIT	8b782e871121b4899790935be28b39e11fde92669ea54490a1055ceb5ff40b36	668021	PRESENT	data/c1/full/evidence/SHA256SUMS	
data/c1/full/evidence/full/raw/35-eravm-27__plonk__c1_ctx_k08/attempt-1/records.jsonl	GIT	2abca3ff5cc6e0b3b8dca36a558eee80cf67c87809b042ac0a9829bd3ef62bd6	54270	PRESENT	data/c1/full/evidence/SHA256SUMS	
data/c1/full/evidence/full/raw/35-eravm-27__plonk__c1_ctx_k08/attempt-1/spec.json	GIT	9f4f9d3f06cda95dc4fb733d8a5310e51257d0b920c82b6b321272c094d7f1fa	681	PRESENT	data/c1/full/evidence/SHA256SUMS	
data/c1/full/evidence/full/raw/35-eravm-27__plonk__c1_ctx_k08/attempt-1/stderr.txt	GIT	e3b0c44298fc1c149afbf4c8996fb92427ae41e4649b934ca495991b7852b855	0	PRESENT	data/c1/full/evidence/SHA256SUMS	
data/c1/full/evidence/full/raw/35-eravm-27__plonk__c1_ctx_k08/attempt-1/stdout.txt	GIT	76e0893db5f5f914896aacc923298d67fea080103a6d7b90c6689d12b9ae8b70	82	PRESENT	data/c1/full/evidence/SHA256SUMS	
data/c1/full/evidence/full/raw/36-eravm-27__plonk__c1_k01/attempt-1/anvil-zksync.log	GIT	e68cdd014b78081fae5ac72ebbcaf849fe7b65f859f4fd5fefabdae4d985a057	8118	PRESENT	data/c1/full/evidence/SHA256SUMS	
data/c1/full/evidence/full/raw/36-eravm-27__plonk__c1_k01/attempt-1/anvil-zksync.log.stdout	GIT	0fc0ae64db5c02af7426970eb73f836267a07690938281243c5a2f1f3900bfa5	20045	PRESENT	data/c1/full/evidence/SHA256SUMS	
data/c1/full/evidence/full/raw/36-eravm-27__plonk__c1_k01/attempt-1/cell-meta.json	GIT	ce3a62cd9a2f3968a889430cb93d4bd000d0134d7ef4bf0fca632b36cb3e483e	689	PRESENT	data/c1/full/evidence/SHA256SUMS	
data/c1/full/evidence/full/raw/36-eravm-27__plonk__c1_k01/attempt-1/eravm-calltraces.json	GIT	8134ee15b5cb4908476311fd114600db64e3cdd7d2205cfb17cdd8dc33f18ba8	635729	PRESENT	data/c1/full/evidence/SHA256SUMS	
data/c1/full/evidence/full/raw/36-eravm-27__plonk__c1_k01/attempt-1/records.jsonl	GIT	f32233d062c647cff853eb765aba8045092ffeff9c34d9ffb84893465eda1dbd	45736	PRESENT	data/c1/full/evidence/SHA256SUMS	
data/c1/full/evidence/full/raw/36-eravm-27__plonk__c1_k01/attempt-1/spec.json	GIT	084477df51d278f9d794a958a0773a717cf6385b58f872eccd34d9e3e047296e	661	PRESENT	data/c1/full/evidence/SHA256SUMS	
data/c1/full/evidence/full/raw/36-eravm-27__plonk__c1_k01/attempt-1/stderr.txt	GIT	e3b0c44298fc1c149afbf4c8996fb92427ae41e4649b934ca495991b7852b855	0	PRESENT	data/c1/full/evidence/SHA256SUMS	
data/c1/full/evidence/full/raw/36-eravm-27__plonk__c1_k01/attempt-1/stdout.txt	GIT	630d5bf4d470b1b05436a27e5a145577a23272c90cf76de0ad3048a7eb2648df	78	PRESENT	data/c1/full/evidence/SHA256SUMS	
data/c1/full/evidence/full/raw/37-zkos-v32_at_npg100__groth16__c1_ctx_k32/attempt-1/cell-meta.json	GIT	bc5d3653ed353bfe0d28d614316b4e7cfd690cfbc7a604edad660233ea5004ca	440	PRESENT	data/c1/full/evidence/SHA256SUMS	
data/c1/full/evidence/full/raw/37-zkos-v32_at_npg100__groth16__c1_ctx_k32/attempt-1/node/anvil.log	GIT	57f2c47bb59c8ea670b2df050882c051f03342c47d54592ee91bd4c5066bf8fd	197263	PRESENT	data/c1/full/evidence/SHA256SUMS	
data/c1/full/evidence/full/raw/37-zkos-v32_at_npg100__groth16__c1_ctx_k32/attempt-1/node/server.log	GIT	e48fe264a8019a8a21349bc176d5320429c5005d57b210407816882389ef393d	970797	PRESENT	data/c1/full/evidence/SHA256SUMS	
data/c1/full/evidence/full/raw/37-zkos-v32_at_npg100__groth16__c1_ctx_k32/attempt-1/records.jsonl	GIT	e844450384c71e55960ac3439c605bcc35a58589634f918a0458558814e937be	84254	PRESENT	data/c1/full/evidence/SHA256SUMS	
data/c1/full/evidence/full/raw/37-zkos-v32_at_npg100__groth16__c1_ctx_k32/attempt-1/spec.json	GIT	a6ae73d04a1af3b941dd7101fa57e31c60286cc21d67ec807d366bbfdbde401b	791	PRESENT	data/c1/full/evidence/SHA256SUMS	
data/c1/full/evidence/full/raw/37-zkos-v32_at_npg100__groth16__c1_ctx_k32/attempt-1/stderr.txt	GIT	e3b0c44298fc1c149afbf4c8996fb92427ae41e4649b934ca495991b7852b855	0	PRESENT	data/c1/full/evidence/SHA256SUMS	
data/c1/full/evidence/full/raw/37-zkos-v32_at_npg100__groth16__c1_ctx_k32/attempt-1/stdout.txt	GIT	a7743d3747d16e1cb7f58d2224939d38a5eac44a140367179dcd52dcecaa9b18	107	PRESENT	data/c1/full/evidence/SHA256SUMS	
data/c1/full/evidence/full/raw/38-eravm-29__plonk__c1_a4/attempt-1/anvil-zksync.log	GIT	703238dad6d8e6ea927b0240019784d0756a9871e6da81b222482b2ed7b56f65	8084	PRESENT	data/c1/full/evidence/SHA256SUMS	
data/c1/full/evidence/full/raw/38-eravm-29__plonk__c1_a4/attempt-1/anvil-zksync.log.stdout	GIT	d36d2b51e154cb0b40c2dce0398502b6db70e3a1b9a48ce065183fe14c013f04	19926	PRESENT	data/c1/full/evidence/SHA256SUMS	
data/c1/full/evidence/full/raw/38-eravm-29__plonk__c1_a4/attempt-1/cell-meta.json	GIT	448e7fb70248e90d3309acb5f5377a3b8adefc2cfa9848f074d447b7cdf2369f	689	PRESENT	data/c1/full/evidence/SHA256SUMS	
data/c1/full/evidence/full/raw/38-eravm-29__plonk__c1_a4/attempt-1/eravm-calltraces.json	GIT	9229e88b467d4f2db77f2307ba43b2762fdad5fb6771366b61949f02a78d6f0b	656384	PRESENT	data/c1/full/evidence/SHA256SUMS	
data/c1/full/evidence/full/raw/38-eravm-29__plonk__c1_a4/attempt-1/records.jsonl	GIT	569b4e1e1d97949df30b58e87e8092e5540e56724c7d4ba0bcb87b0fb988789c	49400	PRESENT	data/c1/full/evidence/SHA256SUMS	
data/c1/full/evidence/full/raw/38-eravm-29__plonk__c1_a4/attempt-1/spec.json	GIT	fc1f031d0bd9d9d3e4513b464b3a88b0f5c071cdc975b39f0f9b79aba3ca19d8	655	PRESENT	data/c1/full/evidence/SHA256SUMS	
data/c1/full/evidence/full/raw/38-eravm-29__plonk__c1_a4/attempt-1/stderr.txt	GIT	e3b0c44298fc1c149afbf4c8996fb92427ae41e4649b934ca495991b7852b855	0	PRESENT	data/c1/full/evidence/SHA256SUMS	
data/c1/full/evidence/full/raw/38-eravm-29__plonk__c1_a4/attempt-1/stdout.txt	GIT	0ea4b71639c3d7cd64a9a2447fd46d1d762e57b6968d9eaaa248c1788ab7a70c	77	PRESENT	data/c1/full/evidence/SHA256SUMS	
data/c1/full/evidence/full/raw/39-zkos-v32_at_npg100__plonk__c1_ctx_k24/attempt-1/cell-meta.json	GIT	c864a6814a6ab92754edb9d330c62d1c67bde8e28e5f581db4c8977057ca620c	440	PRESENT	data/c1/full/evidence/SHA256SUMS	
data/c1/full/evidence/full/raw/39-zkos-v32_at_npg100__plonk__c1_ctx_k24/attempt-1/node/anvil.log	GIT	a37e48d17f64457f0cd083ba8f40944a38eb5e2b80630275b5e1dde322f7b509	196472	PRESENT	data/c1/full/evidence/SHA256SUMS	
data/c1/full/evidence/full/raw/39-zkos-v32_at_npg100__plonk__c1_ctx_k24/attempt-1/node/server.log	GIT	659c2093cbb90b7f1dd69e7db418124b619c2307b3b72d2b4eb7d4570725dbcd	1029805	PRESENT	data/c1/full/evidence/SHA256SUMS	
data/c1/full/evidence/full/raw/39-zkos-v32_at_npg100__plonk__c1_ctx_k24/attempt-1/records.jsonl	GIT	c5fd8403a294803d4e0a9623c1108a306b25eedd16f63fe5dfd75e2e10dd49bb	75255	PRESENT	data/c1/full/evidence/SHA256SUMS	
data/c1/full/evidence/full/raw/39-zkos-v32_at_npg100__plonk__c1_ctx_k24/attempt-1/spec.json	GIT	de9ea2ef390c1c9514b76faff29cd2b634e5bc40c353731362a3590bb6826cc3	781	PRESENT	data/c1/full/evidence/SHA256SUMS	
data/c1/full/evidence/full/raw/39-zkos-v32_at_npg100__plonk__c1_ctx_k24/attempt-1/stderr.txt	GIT	e3b0c44298fc1c149afbf4c8996fb92427ae41e4649b934ca495991b7852b855	0	PRESENT	data/c1/full/evidence/SHA256SUMS	
data/c1/full/evidence/full/raw/39-zkos-v32_at_npg100__plonk__c1_ctx_k24/attempt-1/stdout.txt	GIT	51b0182d7da20f3b3c7c4a98521adea4571c97b60ea648d5769699532300db80	105	PRESENT	data/c1/full/evidence/SHA256SUMS	
data/c1/full/evidence/full/raw/40-evm-osaka__plonk__c1_ctx_k08/attempt-1/cell-meta.json	GIT	983ffa5d309330cc0cc23dce3d72099ee88d6afc7e76eb9f8d22d98f5b23d230	312	PRESENT	data/c1/full/evidence/SHA256SUMS	
data/c1/full/evidence/full/raw/40-evm-osaka__plonk__c1_ctx_k08/attempt-1/edr-job.json	GIT	8f299421acfd5ed227c33e41a358a0ea22b8a082f812f24fcf03a58efa31606d	104305	PRESENT	data/c1/full/evidence/SHA256SUMS	
data/c1/full/evidence/full/raw/40-evm-osaka__plonk__c1_ctx_k08/attempt-1/edr-out.json	GIT	4f205d5c8b7ba352eea49fdcd1e78fdc9b7b564bdddf65843ab9130e8c8b2338	110237	PRESENT	data/c1/full/evidence/SHA256SUMS	
data/c1/full/evidence/full/raw/40-evm-osaka__plonk__c1_ctx_k08/attempt-1/records.jsonl	GIT	26be0b4a64cd7f8083a26eb97c7a0b8279315bb4b4e45c7c3423038834db83f1	92398	PRESENT	data/c1/full/evidence/SHA256SUMS	
data/c1/full/evidence/full/raw/40-evm-osaka__plonk__c1_ctx_k08/attempt-1/spec.json	GIT	4e39b80a247881e24fc8d5373b43850af9acd50ec86b07d9796bfc314bca8609	690	PRESENT	data/c1/full/evidence/SHA256SUMS	
data/c1/full/evidence/full/raw/40-evm-osaka__plonk__c1_ctx_k08/attempt-1/stderr.txt	GIT	e3b0c44298fc1c149afbf4c8996fb92427ae41e4649b934ca495991b7852b855	0	PRESENT	data/c1/full/evidence/SHA256SUMS	
data/c1/full/evidence/full/raw/40-evm-osaka__plonk__c1_ctx_k08/attempt-1/stdout.txt	GIT	9f87e56070c795300f06c03583d60ca1c19912c455c600e1e616f600a9382d0d	83	PRESENT	data/c1/full/evidence/SHA256SUMS	
data/c1/full/evidence/full/raw/41-zkos-v32_at_npg167__plonk__c1_ctx_k04/attempt-1/cell-meta.json	GIT	9029dd2b784a6dd8c6692413cd86c935b8e942d4f5a649453b6bae456ef9ab2a	440	PRESENT	data/c1/full/evidence/SHA256SUMS	
data/c1/full/evidence/full/raw/41-zkos-v32_at_npg167__plonk__c1_ctx_k04/attempt-1/node/anvil.log	GIT	0adeba2df022a5d7cc5af147a0dd6ca9625d9379761065fd025a0b92b70d8e72	197502	PRESENT	data/c1/full/evidence/SHA256SUMS	
data/c1/full/evidence/full/raw/41-zkos-v32_at_npg167__plonk__c1_ctx_k04/attempt-1/node/server.log	GIT	8ddf8318e3bc30f6bfa333ff1efaabdbb5dc8af935d3067cecd649679ea8a4c3	991130	PRESENT	data/c1/full/evidence/SHA256SUMS	
data/c1/full/evidence/full/raw/41-zkos-v32_at_npg167__plonk__c1_ctx_k04/attempt-1/records.jsonl	GIT	d4a25d5fb0333dba150b5402d906e2c01817f5cbf2c1dc042271cdeed3b0911e	54812	PRESENT	data/c1/full/evidence/SHA256SUMS	
data/c1/full/evidence/full/raw/41-zkos-v32_at_npg167__plonk__c1_ctx_k04/attempt-1/spec.json	GIT	efedf8fa2af4e8e0528a6dbe036ada51c6ff756dc4252dab8e1a6cccc2a2b3c7	780	PRESENT	data/c1/full/evidence/SHA256SUMS	
data/c1/full/evidence/full/raw/41-zkos-v32_at_npg167__plonk__c1_ctx_k04/attempt-1/stderr.txt	GIT	e3b0c44298fc1c149afbf4c8996fb92427ae41e4649b934ca495991b7852b855	0	PRESENT	data/c1/full/evidence/SHA256SUMS	
data/c1/full/evidence/full/raw/41-zkos-v32_at_npg167__plonk__c1_ctx_k04/attempt-1/stdout.txt	GIT	948742731645e89e77a7944765ab1491ad00fa07f69d1c4877cefb3b70901e8a	105	PRESENT	data/c1/full/evidence/SHA256SUMS	
data/c1/full/evidence/full/raw/42-evm-osaka__groth16__c1_ctx_k64/attempt-1/cell-meta.json	GIT	45903180a2b6ac11a47d362b6dfb28e44b6d1548125b70b06b3d4a190de8b73b	313	PRESENT	data/c1/full/evidence/SHA256SUMS	
data/c1/full/evidence/full/raw/42-evm-osaka__groth16__c1_ctx_k64/attempt-1/edr-job.json	GIT	0b25e23aa3a33c84194c512e1de9863b51ae83098e4a11bcaae46b3565a1e28c	460162	PRESENT	data/c1/full/evidence/SHA256SUMS	
data/c1/full/evidence/full/raw/42-evm-osaka__groth16__c1_ctx_k64/attempt-1/edr-out.json	GIT	899f1b9147448024df71b6a963edce1da1565efd227b2c2d1a5e7267cd5e646b	44071	PRESENT	data/c1/full/evidence/SHA256SUMS	
data/c1/full/evidence/full/raw/42-evm-osaka__groth16__c1_ctx_k64/attempt-1/records.jsonl	GIT	77c3e2b4f2e23788389609ffd7095fcbab621273c0f0a02350cca14748c671d4	119688	PRESENT	data/c1/full/evidence/SHA256SUMS	
data/c1/full/evidence/full/raw/42-evm-osaka__groth16__c1_ctx_k64/attempt-1/spec.json	GIT	00c981bf8a898ff1a2541c44aba4ddad13c359b827c1506675f68a85226dee21	701	PRESENT	data/c1/full/evidence/SHA256SUMS	
data/c1/full/evidence/full/raw/42-evm-osaka__groth16__c1_ctx_k64/attempt-1/stderr.txt	GIT	e3b0c44298fc1c149afbf4c8996fb92427ae41e4649b934ca495991b7852b855	0	PRESENT	data/c1/full/evidence/SHA256SUMS	
data/c1/full/evidence/full/raw/42-evm-osaka__groth16__c1_ctx_k64/attempt-1/stdout.txt	GIT	ddb19b14b255bb0a0f7df5b61cab04a2c432bebed59c9453008e61a80a6bdbe5	86	PRESENT	data/c1/full/evidence/SHA256SUMS	
data/c1/full/evidence/full/raw/43-zkos-v32_at_npg156__plonk__c1_ctx_k16/attempt-1/cell-meta.json	GIT	525c47efd78825de5bc47f073605c89a536a12b17d10a1ef9a4c2433a4662ba9	440	PRESENT	data/c1/full/evidence/SHA256SUMS	
data/c1/full/evidence/full/raw/43-zkos-v32_at_npg156__plonk__c1_ctx_k16/attempt-1/node/anvil.log	GIT	6952b3772d5b2ce50dcbd468905dd5f1574d9248d8ae7bc43f4cd3e08d87fd91	196881	PRESENT	data/c1/full/evidence/SHA256SUMS	
data/c1/full/evidence/full/raw/43-zkos-v32_at_npg156__plonk__c1_ctx_k16/attempt-1/node/server.log	GIT	99133c2a9adea2268ad5444315e305a9fb373510b34bb24acf6f471c9985f9b1	1012100	PRESENT	data/c1/full/evidence/SHA256SUMS	
data/c1/full/evidence/full/raw/43-zkos-v32_at_npg156__plonk__c1_ctx_k16/attempt-1/records.jsonl	GIT	fe8d63b22066880278eeb90ca1af2f8db8ecc6400ec73a118cb708f818551288	66678	PRESENT	data/c1/full/evidence/SHA256SUMS	
data/c1/full/evidence/full/raw/43-zkos-v32_at_npg156__plonk__c1_ctx_k16/attempt-1/spec.json	GIT	7ae5de706b54ff20c9ae9904ff2f736a2c7ddf3986e82bd971d86b750c6aa700	781	PRESENT	data/c1/full/evidence/SHA256SUMS	
data/c1/full/evidence/full/raw/43-zkos-v32_at_npg156__plonk__c1_ctx_k16/attempt-1/stderr.txt	GIT	e3b0c44298fc1c149afbf4c8996fb92427ae41e4649b934ca495991b7852b855	0	PRESENT	data/c1/full/evidence/SHA256SUMS	
data/c1/full/evidence/full/raw/43-zkos-v32_at_npg156__plonk__c1_ctx_k16/attempt-1/stdout.txt	GIT	1ce5b45a145fcb45244d24efa7f40e8104b75a8c504a074e37dff23b0cc66f51	105	PRESENT	data/c1/full/evidence/SHA256SUMS	
data/c1/full/evidence/full/raw/44-eravm-29__groth16__c1_ctx_k08/attempt-1/anvil-zksync.log	GIT	7f4236c1513af555a677c93fef41cb77fc876f24cd74ca23a6dceb1b46ccb5cd	8081	PRESENT	data/c1/full/evidence/SHA256SUMS	
data/c1/full/evidence/full/raw/44-eravm-29__groth16__c1_ctx_k08/attempt-1/anvil-zksync.log.stdout	GIT	1dad5615bf19bfbf85a7768ab5342fb43e20c9ee9c45d0b66499b008ecee0319	19923	PRESENT	data/c1/full/evidence/SHA256SUMS	
data/c1/full/evidence/full/raw/44-eravm-29__groth16__c1_ctx_k08/attempt-1/cell-meta.json	GIT	d79074fdccdb8f4c5b2a239dcaa19665365beb01066458f5e0fbc28b093afd94	688	PRESENT	data/c1/full/evidence/SHA256SUMS	
data/c1/full/evidence/full/raw/44-eravm-29__groth16__c1_ctx_k08/attempt-1/eravm-calltraces.json	GIT	c5dced206270b6c61119641fc5d88bd97cdf2cd55be7e83363931dfbed14e350	463964	PRESENT	data/c1/full/evidence/SHA256SUMS	
data/c1/full/evidence/full/raw/44-eravm-29__groth16__c1_ctx_k08/attempt-1/records.jsonl	GIT	81e7017512289b113f3db2b2873cbd06e73c4bdde7795d74379935d257bee22a	54227	PRESENT	data/c1/full/evidence/SHA256SUMS	
data/c1/full/evidence/full/raw/44-eravm-29__groth16__c1_ctx_k08/attempt-1/spec.json	GIT	d100c61028198bd0feead79d9c5ac1ec3c5b0fe7f4a4d69f32b118df680f9315	691	PRESENT	data/c1/full/evidence/SHA256SUMS	
data/c1/full/evidence/full/raw/44-eravm-29__groth16__c1_ctx_k08/attempt-1/stderr.txt	GIT	e3b0c44298fc1c149afbf4c8996fb92427ae41e4649b934ca495991b7852b855	0	PRESENT	data/c1/full/evidence/SHA256SUMS	
data/c1/full/evidence/full/raw/44-eravm-29__groth16__c1_ctx_k08/attempt-1/stdout.txt	GIT	3ebf560a909fb57b5ceb70c6f8ebfb86a163e83c76fd09c24936f05e2889e2a4	84	PRESENT	data/c1/full/evidence/SHA256SUMS	
data/c1/full/evidence/full/raw/45-eravm-29__groth16__c1_ctx_k24/attempt-1/anvil-zksync.log	GIT	b9babab322288e72bbab3ea502158d0b40baa3e4cdffee978db5e4b959785859	8084	PRESENT	data/c1/full/evidence/SHA256SUMS	
data/c1/full/evidence/full/raw/45-eravm-29__groth16__c1_ctx_k24/attempt-1/anvil-zksync.log.stdout	GIT	f272ec1531cf0b7db97fdcc5a7da5a7ee84a86e8fcc68d69bc961e2cffb3d538	19926	PRESENT	data/c1/full/evidence/SHA256SUMS	
data/c1/full/evidence/full/raw/45-eravm-29__groth16__c1_ctx_k24/attempt-1/cell-meta.json	GIT	a68c0aeb7090c1bd3b2bb4e7cc2e1dadaf6149f5bf771eb2c42e55b04b57bf50	689	PRESENT	data/c1/full/evidence/SHA256SUMS	
data/c1/full/evidence/full/raw/45-eravm-29__groth16__c1_ctx_k24/attempt-1/eravm-calltraces.json	GIT	3130a12bc841ac6b777459ccc024cd0cb8819d684770d05d307788b134e6acda	698828	PRESENT	data/c1/full/evidence/SHA256SUMS	
data/c1/full/evidence/full/raw/45-eravm-29__groth16__c1_ctx_k24/attempt-1/records.jsonl	GIT	be5717969f8cfc3f60bc4a4562f0b9227f166a42867c087ee28e3a003bc8d49b	69511	PRESENT	data/c1/full/evidence/SHA256SUMS	
data/c1/full/evidence/full/raw/45-eravm-29__groth16__c1_ctx_k24/attempt-1/spec.json	GIT	8280fc0f111fd9cbd15974375452559473f0b5390247d6d6b6648a0fcd0ae9b8	692	PRESENT	data/c1/full/evidence/SHA256SUMS	
data/c1/full/evidence/full/raw/45-eravm-29__groth16__c1_ctx_k24/attempt-1/stderr.txt	GIT	e3b0c44298fc1c149afbf4c8996fb92427ae41e4649b934ca495991b7852b855	0	PRESENT	data/c1/full/evidence/SHA256SUMS	
data/c1/full/evidence/full/raw/45-eravm-29__groth16__c1_ctx_k24/attempt-1/stdout.txt	GIT	44710d140b888e56277a79fac4a4dba476872477dee55c7827f1f452f9ff8a5b	84	PRESENT	data/c1/full/evidence/SHA256SUMS	
data/c1/full/evidence/full/raw/46-zkos-v32_at_npg100__plonk__c1_disc_k04/attempt-1/cell-meta.json	GIT	c0e051c9b3ebf023df9764d60fd965b945ae1cf070a2848e38e2072b42dea4b3	440	PRESENT	data/c1/full/evidence/SHA256SUMS	
data/c1/full/evidence/full/raw/46-zkos-v32_at_npg100__plonk__c1_disc_k04/attempt-1/node/anvil.log	GIT	61549bef2d2c8426919fc171174b0148de90a88a471bf18ee91622aaded125b5	196635	PRESENT	data/c1/full/evidence/SHA256SUMS	
data/c1/full/evidence/full/raw/46-zkos-v32_at_npg100__plonk__c1_disc_k04/attempt-1/node/server.log	GIT	f8be0fa04525d9d4a748979bc88e4760b69a48f1f4cce40f341db6e2627999a5	984678	PRESENT	data/c1/full/evidence/SHA256SUMS	
data/c1/full/evidence/full/raw/46-zkos-v32_at_npg100__plonk__c1_disc_k04/attempt-1/records.jsonl	GIT	98689f4b962634c2ccd3fc2e0657c62bcc35cd053ebbd55a228bb90b2ac162a7	55007	PRESENT	data/c1/full/evidence/SHA256SUMS	
data/c1/full/evidence/full/raw/46-zkos-v32_at_npg100__plonk__c1_disc_k04/attempt-1/spec.json	GIT	f7d0670349b08e4eab3a2288c4d00c2cac8a802dc5af926f4ead34aef727c845	786	PRESENT	data/c1/full/evidence/SHA256SUMS	
data/c1/full/evidence/full/raw/46-zkos-v32_at_npg100__plonk__c1_disc_k04/attempt-1/stderr.txt	GIT	e3b0c44298fc1c149afbf4c8996fb92427ae41e4649b934ca495991b7852b855	0	PRESENT	data/c1/full/evidence/SHA256SUMS	
data/c1/full/evidence/full/raw/46-zkos-v32_at_npg100__plonk__c1_disc_k04/attempt-1/stdout.txt	GIT	3ef4c5e123e28e0b86eafe88decc0c62c7ca23d340efe9390266e13937c3415e	106	PRESENT	data/c1/full/evidence/SHA256SUMS	
data/c1/full/evidence/full/raw/47-zkos-v32_at_npg300__groth16__c1_ctx_k16/attempt-1/cell-meta.json	GIT	c0da406d9fed5342b6fb965dd3d47ff2068bd964f57ff55fb8d4754857b96885	440	PRESENT	data/c1/full/evidence/SHA256SUMS	
data/c1/full/evidence/full/raw/47-zkos-v32_at_npg300__groth16__c1_ctx_k16/attempt-1/node/anvil.log	GIT	fbced41b0f929af7b2a5cca1977065745d1e591b774b7d01a3c43aba709edb37	196371	PRESENT	data/c1/full/evidence/SHA256SUMS	
data/c1/full/evidence/full/raw/47-zkos-v32_at_npg300__groth16__c1_ctx_k16/attempt-1/node/server.log	GIT	c559fbb1e906d69f107634e9addfd7330b0118e95aa45c9dbc45d945d8c94991	951246	PRESENT	data/c1/full/evidence/SHA256SUMS	
data/c1/full/evidence/full/raw/47-zkos-v32_at_npg300__groth16__c1_ctx_k16/attempt-1/records.jsonl	GIT	8ae98a0b4ca1aebfaa06610c3513f5487fa6f376f7cb1767b3a415ede6553773	66988	PRESENT	data/c1/full/evidence/SHA256SUMS	
data/c1/full/evidence/full/raw/47-zkos-v32_at_npg300__groth16__c1_ctx_k16/attempt-1/spec.json	GIT	22eda67ac3a0dc6f263b4e7f6719c496e85265ce5d7e27592f7d042b585549ce	791	PRESENT	data/c1/full/evidence/SHA256SUMS	
data/c1/full/evidence/full/raw/47-zkos-v32_at_npg300__groth16__c1_ctx_k16/attempt-1/stderr.txt	GIT	e3b0c44298fc1c149afbf4c8996fb92427ae41e4649b934ca495991b7852b855	0	PRESENT	data/c1/full/evidence/SHA256SUMS	
data/c1/full/evidence/full/raw/47-zkos-v32_at_npg300__groth16__c1_ctx_k16/attempt-1/stdout.txt	GIT	748d7e7e87e7f6353d1dd13ede125bb6161417b783e46e7506a80f527d3dc78b	107	PRESENT	data/c1/full/evidence/SHA256SUMS	
data/c1/full/evidence/full/raw/48-zkos-v32_at_npg125__groth16__c1_ctx_k04/attempt-1/cell-meta.json	GIT	e29ef9e3255e5a665df505d17b8216fc6609ac6d524eb8ced2753d02523549a1	440	PRESENT	data/c1/full/evidence/SHA256SUMS	
data/c1/full/evidence/full/raw/48-zkos-v32_at_npg125__groth16__c1_ctx_k04/attempt-1/node/anvil.log	GIT	76d73f2a739ba4f580caa4c55c1ef45d12a7860c7966e2b8c68441f9f4364c8f	196628	PRESENT	data/c1/full/evidence/SHA256SUMS	
data/c1/full/evidence/full/raw/48-zkos-v32_at_npg125__groth16__c1_ctx_k04/attempt-1/node/server.log	GIT	54a387dcc3b1db140e5c152cdad28ea9060408b7807db22c667f770d03735ab4	938849	PRESENT	data/c1/full/evidence/SHA256SUMS	
data/c1/full/evidence/full/raw/48-zkos-v32_at_npg125__groth16__c1_ctx_k04/attempt-1/records.jsonl	GIT	d53709a2caab549b7e278130a4c2bced5f596c4d9d8da9834f20b9bad29aa34f	55070	PRESENT	data/c1/full/evidence/SHA256SUMS	
data/c1/full/evidence/full/raw/48-zkos-v32_at_npg125__groth16__c1_ctx_k04/attempt-1/spec.json	GIT	a71dd07a821d868216d8240707deca0e950f536d3790425b31cb78653594edf3	790	PRESENT	data/c1/full/evidence/SHA256SUMS	
data/c1/full/evidence/full/raw/48-zkos-v32_at_npg125__groth16__c1_ctx_k04/attempt-1/stderr.txt	GIT	e3b0c44298fc1c149afbf4c8996fb92427ae41e4649b934ca495991b7852b855	0	PRESENT	data/c1/full/evidence/SHA256SUMS	
data/c1/full/evidence/full/raw/48-zkos-v32_at_npg125__groth16__c1_ctx_k04/attempt-1/stdout.txt	GIT	cbb55da0cf7de89e607c6e3c5f0ed0f1dd8d728759003b1b7dd1b5249f3d09d5	107	PRESENT	data/c1/full/evidence/SHA256SUMS	
data/c1/full/evidence/full/raw/49-zkos-v32_at_npg125__plonk__c1_ctx_k04/attempt-1/cell-meta.json	GIT	db17e66190082868322741900d9df85f1e20d4bf82feb9891b2e6727e176ca27	440	PRESENT	data/c1/full/evidence/SHA256SUMS	
data/c1/full/evidence/full/raw/49-zkos-v32_at_npg125__plonk__c1_ctx_k04/attempt-1/node/anvil.log	GIT	a62abf9cc7a3fb5515005c30378fde8001245a87813096f118dad0b34972b50f	196703	PRESENT	data/c1/full/evidence/SHA256SUMS	
data/c1/full/evidence/full/raw/49-zkos-v32_at_npg125__plonk__c1_ctx_k04/attempt-1/node/server.log	GIT	21499233cd2702dfa6e37610d38c612ba99e2bed9f46ed3c7692e207aef8b033	984683	PRESENT	data/c1/full/evidence/SHA256SUMS	
data/c1/full/evidence/full/raw/49-zkos-v32_at_npg125__plonk__c1_ctx_k04/attempt-1/records.jsonl	GIT	27586f149a393855db699c490b821b526123527f139fd9aca044dbc6624f00de	54812	PRESENT	data/c1/full/evidence/SHA256SUMS	
data/c1/full/evidence/full/raw/49-zkos-v32_at_npg125__plonk__c1_ctx_k04/attempt-1/spec.json	GIT	200a0d71243f424ce547ad9116bba4ede4e9834ea28f22b87720d4a7a16a6660	780	PRESENT	data/c1/full/evidence/SHA256SUMS	
data/c1/full/evidence/full/raw/49-zkos-v32_at_npg125__plonk__c1_ctx_k04/attempt-1/stderr.txt	GIT	e3b0c44298fc1c149afbf4c8996fb92427ae41e4649b934ca495991b7852b855	0	PRESENT	data/c1/full/evidence/SHA256SUMS	
data/c1/full/evidence/full/raw/49-zkos-v32_at_npg125__plonk__c1_ctx_k04/attempt-1/stdout.txt	GIT	19c3e93e4eccf2f6297cd675f221dd1aac166013222032c90df4a7ff3d598902	105	PRESENT	data/c1/full/evidence/SHA256SUMS	
data/c1/full/evidence/full/raw/50-eravm-27__plonk__c1_ctx_k04/attempt-1/anvil-zksync.log	GIT	de026cb404e9f283d583b77dbd334c22d2717958041b53759ff71bf3a346a007	8118	PRESENT	data/c1/full/evidence/SHA256SUMS	
data/c1/full/evidence/full/raw/50-eravm-27__plonk__c1_ctx_k04/attempt-1/anvil-zksync.log.stdout	GIT	3563507626cd647cdd4b6124f4e6075c0b0d64919a877702dc7dad7d75a7f18d	20045	PRESENT	data/c1/full/evidence/SHA256SUMS	
data/c1/full/evidence/full/raw/50-eravm-27__plonk__c1_ctx_k04/attempt-1/cell-meta.json	GIT	2a67cb16094bb95398f56d9fd2b2acd78ca57049b1fa0f232d02a5d26258cd0c	689	PRESENT	data/c1/full/evidence/SHA256SUMS	
data/c1/full/evidence/full/raw/50-eravm-27__plonk__c1_ctx_k04/attempt-1/eravm-calltraces.json	GIT	146b2ba19cc281daf2851138a24e9fadef000b1e573b678495e18d54fca5ccdd	649589	PRESENT	data/c1/full/evidence/SHA256SUMS	
data/c1/full/evidence/full/raw/50-eravm-27__plonk__c1_ctx_k04/attempt-1/records.jsonl	GIT	a502d9fbcf7c9fb39c8306bf71e21302ce41c5d393e16ea2beb301a7f18db5ff	50230	PRESENT	data/c1/full/evidence/SHA256SUMS	
data/c1/full/evidence/full/raw/50-eravm-27__plonk__c1_ctx_k04/attempt-1/spec.json	GIT	2316cc6f1dcafed0874bd8987f6b14630eb9dda890a0196c5c46e14fd210ef67	681	PRESENT	data/c1/full/evidence/SHA256SUMS	
data/c1/full/evidence/full/raw/50-eravm-27__plonk__c1_ctx_k04/attempt-1/stderr.txt	GIT	e3b0c44298fc1c149afbf4c8996fb92427ae41e4649b934ca495991b7852b855	0	PRESENT	data/c1/full/evidence/SHA256SUMS	
data/c1/full/evidence/full/raw/50-eravm-27__plonk__c1_ctx_k04/attempt-1/stdout.txt	GIT	e60b082c0cb8ddf87d5feea2fc3f910e02144877838c1b7e1a9a6b65310e0545	82	PRESENT	data/c1/full/evidence/SHA256SUMS	
data/c1/full/evidence/full/raw/51-evm-osaka__groth16__c1_ctx_k24/attempt-1/cell-meta.json	GIT	151029efe697647e84a7eac4c1ed55f323d229908165d113b1724c0cdbe3c0de	312	PRESENT	data/c1/full/evidence/SHA256SUMS	
data/c1/full/evidence/full/raw/51-evm-osaka__groth16__c1_ctx_k24/attempt-1/edr-job.json	GIT	3b0da60c16b3098dc45faa7ad15787184d1ff2a06cc354e4d115a357e2f7c0d0	129688	PRESENT	data/c1/full/evidence/SHA256SUMS	
data/c1/full/evidence/full/raw/51-evm-osaka__groth16__c1_ctx_k24/attempt-1/edr-out.json	GIT	da92c75541dfcd2ef37983309e3577e750ab98dfd533d549dcf6727a0394f2e8	37693	PRESENT	data/c1/full/evidence/SHA256SUMS	
data/c1/full/evidence/full/raw/51-evm-osaka__groth16__c1_ctx_k24/attempt-1/records.jsonl	GIT	384e355ee48d9918137dda15b98b2e84048eda49b0112ff3a0c7b5c8918737a7	78750	PRESENT	data/c1/full/evidence/SHA256SUMS	
data/c1/full/evidence/full/raw/51-evm-osaka__groth16__c1_ctx_k24/attempt-1/spec.json	GIT	c617a567a5310d34b8cd7e3bd00c709aa57caaea65c99eb8f088aabaa6886fbd	701	PRESENT	data/c1/full/evidence/SHA256SUMS	
data/c1/full/evidence/full/raw/51-evm-osaka__groth16__c1_ctx_k24/attempt-1/stderr.txt	GIT	e3b0c44298fc1c149afbf4c8996fb92427ae41e4649b934ca495991b7852b855	0	PRESENT	data/c1/full/evidence/SHA256SUMS	
data/c1/full/evidence/full/raw/51-evm-osaka__groth16__c1_ctx_k24/attempt-1/stdout.txt	GIT	b03da198fa151d1de869a071532893e0c71746d544b119b86d44bb8a880e06e2	85	PRESENT	data/c1/full/evidence/SHA256SUMS	
data/c1/full/evidence/full/raw/52-evm-osaka__plonk__c1_ctx_k64/attempt-1/cell-meta.json	GIT	0cc8d0ee9bd9bcd786b3a3e9f9522f853e77032f03d447b22473063a5036cadb	313	PRESENT	data/c1/full/evidence/SHA256SUMS	
data/c1/full/evidence/full/raw/52-evm-osaka__plonk__c1_ctx_k64/attempt-1/edr-job.json	GIT	dc445647fd52b6838f9a67a0d9b74af6b16d8e8c99a8f4365aea41fb485166db	578077	PRESENT	data/c1/full/evidence/SHA256SUMS	
data/c1/full/evidence/full/raw/52-evm-osaka__plonk__c1_ctx_k64/attempt-1/edr-out.json	GIT	7be1415830bfbb844ceef5577d9f1ffe0cef3d07cae5e0d7c965abdac2b35f86	372510	PRESENT	data/c1/full/evidence/SHA256SUMS	
data/c1/full/evidence/full/raw/52-evm-osaka__plonk__c1_ctx_k64/attempt-1/records.jsonl	GIT	95df5d796808edfbc06747cd31519d34b240e48d8eac8df7b5cc01b51db96ddc	244926	PRESENT	data/c1/full/evidence/SHA256SUMS	
data/c1/full/evidence/full/raw/52-evm-osaka__plonk__c1_ctx_k64/attempt-1/spec.json	GIT	b17f1c77c1b37747d83952e05433e5a476ff55e0acf794248e63eb81e6634e69	691	PRESENT	data/c1/full/evidence/SHA256SUMS	
data/c1/full/evidence/full/raw/52-evm-osaka__plonk__c1_ctx_k64/attempt-1/stderr.txt	GIT	e3b0c44298fc1c149afbf4c8996fb92427ae41e4649b934ca495991b7852b855	0	PRESENT	data/c1/full/evidence/SHA256SUMS	
data/c1/full/evidence/full/raw/52-evm-osaka__plonk__c1_ctx_k64/attempt-1/stdout.txt	GIT	e46dd306dc7127afd9f4840ec18c132eed7780ef8501501a82febbf0d9e96842	84	PRESENT	data/c1/full/evidence/SHA256SUMS	
data/c1/full/evidence/full/raw/53-zkos-v32_at_npg100__groth16__c1_a4/attempt-1/cell-meta.json	GIT	89690779b353c24d76dfcef613b5a435cfd7863400790fc23460c9271b44c398	440	PRESENT	data/c1/full/evidence/SHA256SUMS	
data/c1/full/evidence/full/raw/53-zkos-v32_at_npg100__groth16__c1_a4/attempt-1/node/anvil.log	GIT	f914bcbf7d101940850ef1434ec13d21cae7212de5e683e1e9d97b827541e6ca	196469	PRESENT	data/c1/full/evidence/SHA256SUMS	
data/c1/full/evidence/full/raw/53-zkos-v32_at_npg100__groth16__c1_a4/attempt-1/node/server.log	GIT	22f50cc90c7958da758cfbbe6837bfd64d84cc889acd1019ba926bbc58455210	938337	PRESENT	data/c1/full/evidence/SHA256SUMS	
data/c1/full/evidence/full/raw/53-zkos-v32_at_npg100__groth16__c1_a4/attempt-1/records.jsonl	GIT	5216d585a4e3ddf1667f95eb9c9ed339e9a2f2d36b4fae23772d13beb3107724	54375	PRESENT	data/c1/full/evidence/SHA256SUMS	
data/c1/full/evidence/full/raw/53-zkos-v32_at_npg100__groth16__c1_a4/attempt-1/spec.json	GIT	14683b362cf91b90653bbf2c196f747aa53d20b5b2789136cb8933a6c3309857	764	PRESENT	data/c1/full/evidence/SHA256SUMS	
data/c1/full/evidence/full/raw/53-zkos-v32_at_npg100__groth16__c1_a4/attempt-1/stderr.txt	GIT	e3b0c44298fc1c149afbf4c8996fb92427ae41e4649b934ca495991b7852b855	0	PRESENT	data/c1/full/evidence/SHA256SUMS	
data/c1/full/evidence/full/raw/53-zkos-v32_at_npg100__groth16__c1_a4/attempt-1/stdout.txt	GIT	97e1df5aa79fca5a6a5be7d83defb6d10ae00560651921c460fd41bde48fa0e0	102	PRESENT	data/c1/full/evidence/SHA256SUMS	
data/c1/full/evidence/full/raw/54-zkos-v32_at_npg100+priority_fee=1e8wei__groth16__c1_k01/attempt-1/cell-meta.json	GIT	116f47835b98adedf830f92ba915fdd07645cfac39313f3a999cca5356b90f89	448	PRESENT	data/c1/full/evidence/SHA256SUMS	
data/c1/full/evidence/full/raw/54-zkos-v32_at_npg100+priority_fee=1e8wei__groth16__c1_k01/attempt-1/node/anvil.log	GIT	1eb1caa30e942e66a56cd307cc44beedafb7e82417cb71f45e4b82bcbeabbb7b	197387	PRESENT	data/c1/full/evidence/SHA256SUMS	
data/c1/full/evidence/full/raw/54-zkos-v32_at_npg100+priority_fee=1e8wei__groth16__c1_k01/attempt-1/node/server.log	GIT	7063efd21998d239c50a2cf33e218b623e179fb965f2d9fff93d8fb205939845	938639	PRESENT	data/c1/full/evidence/SHA256SUMS	
data/c1/full/evidence/full/raw/54-zkos-v32_at_npg100+priority_fee=1e8wei__groth16__c1_k01/attempt-1/records.jsonl	GIT	476c72debcc3c5cbb838d70722f0afa72155590c88baba231bffd94f405f17db	51436	PRESENT	data/c1/full/evidence/SHA256SUMS	
data/c1/full/evidence/full/raw/54-zkos-v32_at_npg100+priority_fee=1e8wei__groth16__c1_k01/attempt-1/spec.json	GIT	5ee0b555f3e84a56c0d3d27927fd6f7ecbff64226b8d3e1fb072e43a33cb7e17	838	PRESENT	data/c1/full/evidence/SHA256SUMS	
data/c1/full/evidence/full/raw/54-zkos-v32_at_npg100+priority_fee=1e8wei__groth16__c1_k01/attempt-1/stderr.txt	GIT	e3b0c44298fc1c149afbf4c8996fb92427ae41e4649b934ca495991b7852b855	0	PRESENT	data/c1/full/evidence/SHA256SUMS	
data/c1/full/evidence/full/raw/54-zkos-v32_at_npg100+priority_fee=1e8wei__groth16__c1_k01/attempt-1/stdout.txt	GIT	52d03194a5bb7d701bb4a0266f267c8da213e7c0d3ea8cdbe9043eb790204b7b	123	PRESENT	data/c1/full/evidence/SHA256SUMS	
data/c1/full/evidence/full/raw/55-zkos-v32_at_npg100__plonk__c1_a8/attempt-1/cell-meta.json	GIT	3efb6c39d2e55bf772e60d184c1cf22aa47d26bbbfed3891455f7d16aeb2dd46	440	PRESENT	data/c1/full/evidence/SHA256SUMS	
data/c1/full/evidence/full/raw/55-zkos-v32_at_npg100__plonk__c1_a8/attempt-1/node/anvil.log	GIT	44e34dc34ecdb4023fa59ac399d251d7bd2834a54fd3366bc6cc1fbe58ad8b82	197518	PRESENT	data/c1/full/evidence/SHA256SUMS	
data/c1/full/evidence/full/raw/55-zkos-v32_at_npg100__plonk__c1_a8/attempt-1/node/server.log	GIT	8276eb3ee32f604d194e751f30ef0f8289f02e7e1078722a45be6cdf683b7717	994209	PRESENT	data/c1/full/evidence/SHA256SUMS	
data/c1/full/evidence/full/raw/55-zkos-v32_at_npg100__plonk__c1_a8/attempt-1/records.jsonl	GIT	e4dab67689ec1512e21894236d36c179e5e31274921f3b7282f02557a33f8e87	58383	PRESENT	data/c1/full/evidence/SHA256SUMS	
data/c1/full/evidence/full/raw/55-zkos-v32_at_npg100__plonk__c1_a8/attempt-1/spec.json	GIT	667fa1f7dc19707f688b827fd6b99dfcd4f13cf6bc417f2e72663410b0c48973	754	PRESENT	data/c1/full/evidence/SHA256SUMS	
data/c1/full/evidence/full/raw/55-zkos-v32_at_npg100__plonk__c1_a8/attempt-1/stderr.txt	GIT	e3b0c44298fc1c149afbf4c8996fb92427ae41e4649b934ca495991b7852b855	0	PRESENT	data/c1/full/evidence/SHA256SUMS	
data/c1/full/evidence/full/raw/55-zkos-v32_at_npg100__plonk__c1_a8/attempt-1/stdout.txt	GIT	a0d227e51d5e38138f887c12da198f11a830fde0d418449d40da016565abe839	100	PRESENT	data/c1/full/evidence/SHA256SUMS	
data/c1/full/evidence/full/raw/56-evm-osaka__groth16__c1_ctx_k08/attempt-1/cell-meta.json	GIT	55047178a22d9679fe303d87b92ed7cca75bc774e251d0535a464cf997de5ba8	312	PRESENT	data/c1/full/evidence/SHA256SUMS	
data/c1/full/evidence/full/raw/56-evm-osaka__groth16__c1_ctx_k08/attempt-1/edr-job.json	GIT	88432a71ef2ce61908ebd033d0e60cff55addd844486567a7ad08e811ec9d6b8	55938	PRESENT	data/c1/full/evidence/SHA256SUMS	
data/c1/full/evidence/full/raw/56-evm-osaka__groth16__c1_ctx_k08/attempt-1/edr-out.json	GIT	44c5360192bcc0219bdfd70746884e7789e315577a5b6702243b91e6e3e3bc76	34700	PRESENT	data/c1/full/evidence/SHA256SUMS	
data/c1/full/evidence/full/raw/56-evm-osaka__groth16__c1_ctx_k08/attempt-1/records.jsonl	GIT	59d963fd56c74484683b717414e6c7db39279759c128fd3b653596820e494550	63004	PRESENT	data/c1/full/evidence/SHA256SUMS	
data/c1/full/evidence/full/raw/56-evm-osaka__groth16__c1_ctx_k08/attempt-1/spec.json	GIT	2f81658c2972db52a056b5bd52b81165c0e49ce448be4fdcd1eabfd39f66449e	700	PRESENT	data/c1/full/evidence/SHA256SUMS	
data/c1/full/evidence/full/raw/56-evm-osaka__groth16__c1_ctx_k08/attempt-1/stderr.txt	GIT	e3b0c44298fc1c149afbf4c8996fb92427ae41e4649b934ca495991b7852b855	0	PRESENT	data/c1/full/evidence/SHA256SUMS	
data/c1/full/evidence/full/raw/56-evm-osaka__groth16__c1_ctx_k08/attempt-1/stdout.txt	GIT	a390bfd73fbab2b043f598f5faf87abcec3e26c76452979dd1532ace2a52b1d3	85	PRESENT	data/c1/full/evidence/SHA256SUMS	
data/c1/full/evidence/full/raw/57-zkos-v32_at_npg100+priority_fee=1e8wei__plonk__c1_k01/attempt-1/cell-meta.json	GIT	5f4fb015e407c39fdc09447fcc62bbd81c5dc8ce604fb2865e9fc385422136b9	448	PRESENT	data/c1/full/evidence/SHA256SUMS	
data/c1/full/evidence/full/raw/57-zkos-v32_at_npg100+priority_fee=1e8wei__plonk__c1_k01/attempt-1/node/anvil.log	GIT	cb4bd5ccceb020e134408746e8fe6a77888c004a421517ef608a401650179356	197518	PRESENT	data/c1/full/evidence/SHA256SUMS	
data/c1/full/evidence/full/raw/57-zkos-v32_at_npg100+priority_fee=1e8wei__plonk__c1_k01/attempt-1/node/server.log	GIT	0b196098f236332a0e99584e66500a1b45d4903376578e3f32305b19505025d0	981025	PRESENT	data/c1/full/evidence/SHA256SUMS	
data/c1/full/evidence/full/raw/57-zkos-v32_at_npg100+priority_fee=1e8wei__plonk__c1_k01/attempt-1/records.jsonl	GIT	d70a5ffb7300d0bff3a5684c77202495aaa366e38d319d75a96e19b8d0f48f26	51198	PRESENT	data/c1/full/evidence/SHA256SUMS	
data/c1/full/evidence/full/raw/57-zkos-v32_at_npg100+priority_fee=1e8wei__plonk__c1_k01/attempt-1/spec.json	GIT	5c6989b439357418613f1d117c896466e2995dabd95edfe8bb1d28831108ba3e	828	PRESENT	data/c1/full/evidence/SHA256SUMS	
data/c1/full/evidence/full/raw/57-zkos-v32_at_npg100+priority_fee=1e8wei__plonk__c1_k01/attempt-1/stderr.txt	GIT	e3b0c44298fc1c149afbf4c8996fb92427ae41e4649b934ca495991b7852b855	0	PRESENT	data/c1/full/evidence/SHA256SUMS	
data/c1/full/evidence/full/raw/57-zkos-v32_at_npg100+priority_fee=1e8wei__plonk__c1_k01/attempt-1/stdout.txt	GIT	c719aa45ade95410e482084cd64c1857df28647cfeddf16bfbafed6a69dca2e7	121	PRESENT	data/c1/full/evidence/SHA256SUMS	
data/c1/full/evidence/full/raw/58-zkos-v32_at_npg120__plonk__c1_ctx_k16/attempt-1/cell-meta.json	GIT	7f94cd1c1d11a6c4b82f8d9d9752d1b816d26465d8b23de6ae80e7a5de41dec1	440	PRESENT	data/c1/full/evidence/SHA256SUMS	
data/c1/full/evidence/full/raw/58-zkos-v32_at_npg120__plonk__c1_ctx_k16/attempt-1/node/anvil.log	GIT	f9f14f87ca68ba258da812632096ed199585aa0d05349c19d1ae512cf63c05f5	196898	PRESENT	data/c1/full/evidence/SHA256SUMS	
data/c1/full/evidence/full/raw/58-zkos-v32_at_npg120__plonk__c1_ctx_k16/attempt-1/node/server.log	GIT	cb03e8f45394179094522de73220b690ff9682d317a1aafb009bd57f78e65e0d	1011713	PRESENT	data/c1/full/evidence/SHA256SUMS	
data/c1/full/evidence/full/raw/58-zkos-v32_at_npg120__plonk__c1_ctx_k16/attempt-1/records.jsonl	GIT	7e18276498132931005b457ad626d2cb55a07eed97da9bf9603ea872de20687a	66678	PRESENT	data/c1/full/evidence/SHA256SUMS	
data/c1/full/evidence/full/raw/58-zkos-v32_at_npg120__plonk__c1_ctx_k16/attempt-1/spec.json	GIT	45884f7fc931598dadfd58b2ad76f163e10ab1c18557bae17a10651434df4fa9	781	PRESENT	data/c1/full/evidence/SHA256SUMS	
data/c1/full/evidence/full/raw/58-zkos-v32_at_npg120__plonk__c1_ctx_k16/attempt-1/stderr.txt	GIT	e3b0c44298fc1c149afbf4c8996fb92427ae41e4649b934ca495991b7852b855	0	PRESENT	data/c1/full/evidence/SHA256SUMS	
data/c1/full/evidence/full/raw/58-zkos-v32_at_npg120__plonk__c1_ctx_k16/attempt-1/stdout.txt	GIT	4853036df3f852af16af29e46a8f81ae4c835f9b70b7281512720708c5467e18	105	PRESENT	data/c1/full/evidence/SHA256SUMS	
data/c1/full/evidence/full/raw/59-eravm-29__plonk__c1_ctx_k64/attempt-1/anvil-zksync.log	GIT	4415d6e124b9a8970489494bcf551b68f05c52018bb2cda7ed061cdd0b84ae7a	8084	PRESENT	data/c1/full/evidence/SHA256SUMS	
data/c1/full/evidence/full/raw/59-eravm-29__plonk__c1_ctx_k64/attempt-1/anvil-zksync.log.stdout	GIT	1c32d9b355197e458bff5730029d7c6f22733382e3d8769a57c9a6f65a778ed1	19928	PRESENT	data/c1/full/evidence/SHA256SUMS	
data/c1/full/evidence/full/raw/59-eravm-29__plonk__c1_ctx_k64/attempt-1/cell-meta.json	GIT	eec52fe5c46f05a39f7b22620208bd36741d07d27ee7e5e8fc41e5bdb4fb09b6	690	PRESENT	data/c1/full/evidence/SHA256SUMS	
data/c1/full/evidence/full/raw/59-eravm-29__plonk__c1_ctx_k64/attempt-1/eravm-calltraces.json	GIT	28b7a7ef1f9e712ee9f99c6d16fa348f812db2de04834b30a436c0a7652d6a5a	932909	PRESENT	data/c1/full/evidence/SHA256SUMS	
data/c1/full/evidence/full/raw/59-eravm-29__plonk__c1_ctx_k64/attempt-1/records.jsonl	GIT	4338445393fdbbcabe547942a1647a21f751b11cb8d993a53f5a9893c5bd3791	109478	PRESENT	data/c1/full/evidence/SHA256SUMS	
data/c1/full/evidence/full/raw/59-eravm-29__plonk__c1_ctx_k64/attempt-1/spec.json	GIT	76e0535ec30c52ad708f70e6b6a3a6fd3db60d7bcb3c2f980f48868b84552ed4	682	PRESENT	data/c1/full/evidence/SHA256SUMS	
data/c1/full/evidence/full/raw/59-eravm-29__plonk__c1_ctx_k64/attempt-1/stderr.txt	GIT	e3b0c44298fc1c149afbf4c8996fb92427ae41e4649b934ca495991b7852b855	0	PRESENT	data/c1/full/evidence/SHA256SUMS	
data/c1/full/evidence/full/raw/59-eravm-29__plonk__c1_ctx_k64/attempt-1/stdout.txt	GIT	2c2b43c20f99517a4ea6c1877d2926b522da36b8e4588c4c91424622a74dd593	83	PRESENT	data/c1/full/evidence/SHA256SUMS	
data/c1/full/evidence/full/raw/60-zkos-v32_at_npg141__plonk__c1_ctx_k16/attempt-1/cell-meta.json	GIT	b37b4623f667759e8a46725e7cd40f16aeb6511b50ca05794a5a2d773161d649	440	PRESENT	data/c1/full/evidence/SHA256SUMS	
data/c1/full/evidence/full/raw/60-zkos-v32_at_npg141__plonk__c1_ctx_k16/attempt-1/node/anvil.log	GIT	5aa1014db69c7b9a0746bd642a46af0715038a1c01346655963e312c24899d4a	196029	PRESENT	data/c1/full/evidence/SHA256SUMS	
data/c1/full/evidence/full/raw/60-zkos-v32_at_npg141__plonk__c1_ctx_k16/attempt-1/node/server.log	GIT	1c19bf8b9e0f9064f1ad42a68771b28d8550701279dbf2ed7278b09cb4a336e1	1011987	PRESENT	data/c1/full/evidence/SHA256SUMS	
data/c1/full/evidence/full/raw/60-zkos-v32_at_npg141__plonk__c1_ctx_k16/attempt-1/records.jsonl	GIT	fd0ea25730c747f4c0e97e7603e0f9c6dc832e9db1f6f790e12ad575ddd8674d	66678	PRESENT	data/c1/full/evidence/SHA256SUMS	
data/c1/full/evidence/full/raw/60-zkos-v32_at_npg141__plonk__c1_ctx_k16/attempt-1/spec.json	GIT	697d558ee873dc367df9888b7bfc9c44b38d292c1b0f87dd8ff12c7737aa6d0a	781	PRESENT	data/c1/full/evidence/SHA256SUMS	
data/c1/full/evidence/full/raw/60-zkos-v32_at_npg141__plonk__c1_ctx_k16/attempt-1/stderr.txt	GIT	e3b0c44298fc1c149afbf4c8996fb92427ae41e4649b934ca495991b7852b855	0	PRESENT	data/c1/full/evidence/SHA256SUMS	
data/c1/full/evidence/full/raw/60-zkos-v32_at_npg141__plonk__c1_ctx_k16/attempt-1/stdout.txt	GIT	900d9e5b5c9a81b566767f1a2e82e6435561c3ba146e19b1fa87bc10243c7a21	105	PRESENT	data/c1/full/evidence/SHA256SUMS	
data/c1/full/evidence/full/raw/61-evm-osaka__plonk__c1_ctx_k24/attempt-1/cell-meta.json	GIT	016eef0bc3f6aa73c030c342a6591407c15abad10fc93db6f4c9c8ff5e8098b7	312	PRESENT	data/c1/full/evidence/SHA256SUMS	
data/c1/full/evidence/full/raw/61-evm-osaka__plonk__c1_ctx_k24/attempt-1/edr-job.json	GIT	6dfeb1ce009f6742542fb5683d25478dc6e73ac7703414da23d36f06b354d9d6	197225	PRESENT	data/c1/full/evidence/SHA256SUMS	
data/c1/full/evidence/full/raw/61-evm-osaka__plonk__c1_ctx_k24/attempt-1/edr-out.json	GIT	ecf04c9b8f9238c258b9ad095302299eee7732f0e59611bce7e68b1d6101ed14	184776	PRESENT	data/c1/full/evidence/SHA256SUMS	
data/c1/full/evidence/full/raw/61-evm-osaka__plonk__c1_ctx_k24/attempt-1/records.jsonl	GIT	7a937b47928659abac00173bd55ca5e96729d9f14c54c786ef5356f6f35e20e8	135192	PRESENT	data/c1/full/evidence/SHA256SUMS	
data/c1/full/evidence/full/raw/61-evm-osaka__plonk__c1_ctx_k24/attempt-1/spec.json	GIT	447bcc4ecd1680688e194fb72ee5d9c89557a8f709e16abe7437eb6b9be70d51	691	PRESENT	data/c1/full/evidence/SHA256SUMS	
data/c1/full/evidence/full/raw/61-evm-osaka__plonk__c1_ctx_k24/attempt-1/stderr.txt	GIT	e3b0c44298fc1c149afbf4c8996fb92427ae41e4649b934ca495991b7852b855	0	PRESENT	data/c1/full/evidence/SHA256SUMS	
data/c1/full/evidence/full/raw/61-evm-osaka__plonk__c1_ctx_k24/attempt-1/stdout.txt	GIT	29c24d16196d35e8c51a0730e5f924702ccd425cacbb39fe02a5b090ab4a068d	83	PRESENT	data/c1/full/evidence/SHA256SUMS	
data/c1/full/evidence/full/raw/62-eravm-29__plonk__c1_ctx_k24/attempt-1/anvil-zksync.log	GIT	08b23e6aee4e6aa7c1bd9c841233f38f8b7bfa459a97662c2169af6eaa4353ed	8084	PRESENT	data/c1/full/evidence/SHA256SUMS	
data/c1/full/evidence/full/raw/62-eravm-29__plonk__c1_ctx_k24/attempt-1/anvil-zksync.log.stdout	GIT	4efa888c89b0432b780863860b41451a6ac5acbe9042b1a9ba762c0e3ad5f899	19926	PRESENT	data/c1/full/evidence/SHA256SUMS	
data/c1/full/evidence/full/raw/62-eravm-29__plonk__c1_ctx_k24/attempt-1/cell-meta.json	GIT	ef550584354d550159b6a2578cf6d39967dddcb45182f7b37ea2361ac80de340	689	PRESENT	data/c1/full/evidence/SHA256SUMS	
data/c1/full/evidence/full/raw/62-eravm-29__plonk__c1_ctx_k24/attempt-1/eravm-calltraces.json	GIT	c6df79817d86bfe955a3324c6d3c087fbc695a1b0a0a3c7ba851865e81a63406	748589	PRESENT	data/c1/full/evidence/SHA256SUMS	
data/c1/full/evidence/full/raw/62-eravm-29__plonk__c1_ctx_k24/attempt-1/records.jsonl	GIT	e7f01d62b2c0b31bf18444a34d7cd1840c206ff103b1413813e01b0315175320	69277	PRESENT	data/c1/full/evidence/SHA256SUMS	
data/c1/full/evidence/full/raw/62-eravm-29__plonk__c1_ctx_k24/attempt-1/spec.json	GIT	9344811ec09eaba2fd9d3740e2625ff3b1862fc1470219208c5dcad7df96dc01	682	PRESENT	data/c1/full/evidence/SHA256SUMS	
data/c1/full/evidence/full/raw/62-eravm-29__plonk__c1_ctx_k24/attempt-1/stderr.txt	GIT	e3b0c44298fc1c149afbf4c8996fb92427ae41e4649b934ca495991b7852b855	0	PRESENT	data/c1/full/evidence/SHA256SUMS	
data/c1/full/evidence/full/raw/62-eravm-29__plonk__c1_ctx_k24/attempt-1/stdout.txt	GIT	0c02af6621ef97fce4362e8e8ed7c727965b949952f89263f8aaa8d8050ffefb	82	PRESENT	data/c1/full/evidence/SHA256SUMS	
data/c1/full/evidence/full/raw/63-zkos-v32_at_npg100__groth16__c1_ctx_k12/attempt-1/cell-meta.json	GIT	847e34b27327e6d84844b4e5ab08362339489c060a1095719cc7873c6f5fb6aa	440	PRESENT	data/c1/full/evidence/SHA256SUMS	
data/c1/full/evidence/full/raw/63-zkos-v32_at_npg100__groth16__c1_ctx_k12/attempt-1/node/anvil.log	GIT	7d9e39b9fb0381d06df4465bba60aac65cd940f89c06e72c1f586a874644529b	195774	PRESENT	data/c1/full/evidence/SHA256SUMS	
data/c1/full/evidence/full/raw/63-zkos-v32_at_npg100__groth16__c1_ctx_k12/attempt-1/node/server.log	GIT	a0324f2a67fff5d2171879a002ac1207288082f5a5b61b83f5c92f835c5d111b	942935	PRESENT	data/c1/full/evidence/SHA256SUMS	
data/c1/full/evidence/full/raw/63-zkos-v32_at_npg100__groth16__c1_ctx_k12/attempt-1/records.jsonl	GIT	f441774d0849650010e79fdd99f342baee851b343d700f31fc047a51a51ad726	62676	PRESENT	data/c1/full/evidence/SHA256SUMS	
data/c1/full/evidence/full/raw/63-zkos-v32_at_npg100__groth16__c1_ctx_k12/attempt-1/spec.json	GIT	f6b79d7fde6aadec52a7397b79a26c22d4366ddfb916002f2a2cfc941411679b	791	PRESENT	data/c1/full/evidence/SHA256SUMS	
data/c1/full/evidence/full/raw/63-zkos-v32_at_npg100__groth16__c1_ctx_k12/attempt-1/stderr.txt	GIT	e3b0c44298fc1c149afbf4c8996fb92427ae41e4649b934ca495991b7852b855	0	PRESENT	data/c1/full/evidence/SHA256SUMS	
data/c1/full/evidence/full/raw/63-zkos-v32_at_npg100__groth16__c1_ctx_k12/attempt-1/stdout.txt	GIT	f174cc030f7a6a9563f4dbbabbd8c847fc1784c5fd433dca1cdaa1a46ccb43d8	107	PRESENT	data/c1/full/evidence/SHA256SUMS	
data/c1/full/evidence/full/raw/64-evm-osaka__groth16__c1_ctx_k12/attempt-1/cell-meta.json	GIT	360f130e0e42459b2efb13c54c99c810b14413fece5a049f2c8efc581763403c	312	PRESENT	data/c1/full/evidence/SHA256SUMS	
data/c1/full/evidence/full/raw/64-evm-osaka__groth16__c1_ctx_k12/attempt-1/edr-job.json	GIT	7be023d4e2b62e3364b06d8dce476a73f7c780578e5426223b7571b8a5f4dc29	70478	PRESENT	data/c1/full/evidence/SHA256SUMS	
data/c1/full/evidence/full/raw/64-evm-osaka__groth16__c1_ctx_k12/attempt-1/edr-out.json	GIT	f1096bbf20edc0c84bd11d5dcc3c05fbe809f478225bbbb0382f90304c533dfc	35728	PRESENT	data/c1/full/evidence/SHA256SUMS	
data/c1/full/evidence/full/raw/64-evm-osaka__groth16__c1_ctx_k12/attempt-1/records.jsonl	GIT	20a9d2acc7c2fcd1be072b0038ae373b944b5b980248d3ed2a1fac0c362f9a29	66417	PRESENT	data/c1/full/evidence/SHA256SUMS	
data/c1/full/evidence/full/raw/64-evm-osaka__groth16__c1_ctx_k12/attempt-1/spec.json	GIT	21628e021a0eb1d980d291b61340aa391331cfbb02cb5fe1c466646e5875e634	701	PRESENT	data/c1/full/evidence/SHA256SUMS	
data/c1/full/evidence/full/raw/64-evm-osaka__groth16__c1_ctx_k12/attempt-1/stderr.txt	GIT	e3b0c44298fc1c149afbf4c8996fb92427ae41e4649b934ca495991b7852b855	0	PRESENT	data/c1/full/evidence/SHA256SUMS	
data/c1/full/evidence/full/raw/64-evm-osaka__groth16__c1_ctx_k12/attempt-1/stdout.txt	GIT	28450ee214af1569cef4d34ad15cc903783b38175bd653c323e95b0aa9191187	85	PRESENT	data/c1/full/evidence/SHA256SUMS	
data/c1/full/evidence/full/raw/65-zkos-v32_at_npg149__groth16__c1_ctx_k04/attempt-1/cell-meta.json	GIT	0b1e305ec2008640e6269c8de1e38c1ccc9c0af0d59907d1ead3cdcae150ae1b	440	PRESENT	data/c1/full/evidence/SHA256SUMS	
data/c1/full/evidence/full/raw/65-zkos-v32_at_npg149__groth16__c1_ctx_k04/attempt-1/node/anvil.log	GIT	3cdbb53ac9042e7ac409c32c4291dbf35ab881da0378b0484fff310ce32f2f13	195793	PRESENT	data/c1/full/evidence/SHA256SUMS	
data/c1/full/evidence/full/raw/65-zkos-v32_at_npg149__groth16__c1_ctx_k04/attempt-1/node/server.log	GIT	4a46f23681f1b692ff49678e594c56622f6e36499ec56639a04c4add07804232	938862	PRESENT	data/c1/full/evidence/SHA256SUMS	
data/c1/full/evidence/full/raw/65-zkos-v32_at_npg149__groth16__c1_ctx_k04/attempt-1/records.jsonl	GIT	f6b83288480d6b0ec204ee3c27395b7b01c2ef96129ca3051115a74f7271e002	55070	PRESENT	data/c1/full/evidence/SHA256SUMS	
data/c1/full/evidence/full/raw/65-zkos-v32_at_npg149__groth16__c1_ctx_k04/attempt-1/spec.json	GIT	00ac729b20ddff6c6051bb904d8439db2704529bb90ee12a2b53567c95295d97	790	PRESENT	data/c1/full/evidence/SHA256SUMS	
data/c1/full/evidence/full/raw/65-zkos-v32_at_npg149__groth16__c1_ctx_k04/attempt-1/stderr.txt	GIT	e3b0c44298fc1c149afbf4c8996fb92427ae41e4649b934ca495991b7852b855	0	PRESENT	data/c1/full/evidence/SHA256SUMS	
data/c1/full/evidence/full/raw/65-zkos-v32_at_npg149__groth16__c1_ctx_k04/attempt-1/stdout.txt	GIT	17b4a7f450597c4476123db2f29ac5ddbd499b710ee6d37022242b0777c505b1	107	PRESENT	data/c1/full/evidence/SHA256SUMS	
data/c1/full/evidence/full/raw/66-eravm-29__groth16__c1_ctx_k06/attempt-1/anvil-zksync.log	GIT	b6ebaedff5330cfb85ffbd5dd29600643cc54c4e257a1c6456e28d09acb6c522	8081	PRESENT	data/c1/full/evidence/SHA256SUMS	
data/c1/full/evidence/full/raw/66-eravm-29__groth16__c1_ctx_k06/attempt-1/anvil-zksync.log.stdout	GIT	725ae7554e25c8ee9d66667e2b25b433c1cedf1d2e352dfe6f566230685cbeca	19923	PRESENT	data/c1/full/evidence/SHA256SUMS	
data/c1/full/evidence/full/raw/66-eravm-29__groth16__c1_ctx_k06/attempt-1/cell-meta.json	GIT	24c5db0bc9a287caccda8f09c74e4c9b301c292a7b711782c1b19e3461a5645e	688	PRESENT	data/c1/full/evidence/SHA256SUMS	
data/c1/full/evidence/full/raw/66-eravm-29__groth16__c1_ctx_k06/attempt-1/eravm-calltraces.json	GIT	e88816759623bf741c94b407b8ab24b3678315a142216eb4542aaba8cfeddbe2	434606	PRESENT	data/c1/full/evidence/SHA256SUMS	
data/c1/full/evidence/full/raw/66-eravm-29__groth16__c1_ctx_k06/attempt-1/records.jsonl	GIT	c3c70c52d14c1f017b03e8cfe6542c8add4b2a87987f6461bf328798dadb17cb	51196	PRESENT	data/c1/full/evidence/SHA256SUMS	
data/c1/full/evidence/full/raw/66-eravm-29__groth16__c1_ctx_k06/attempt-1/spec.json	GIT	5c5ad59d0b9ecfadc4a8a1192a208ec678029321e124ca65733fe683103a2f3b	691	PRESENT	data/c1/full/evidence/SHA256SUMS	
data/c1/full/evidence/full/raw/66-eravm-29__groth16__c1_ctx_k06/attempt-1/stderr.txt	GIT	e3b0c44298fc1c149afbf4c8996fb92427ae41e4649b934ca495991b7852b855	0	PRESENT	data/c1/full/evidence/SHA256SUMS	
data/c1/full/evidence/full/raw/66-eravm-29__groth16__c1_ctx_k06/attempt-1/stdout.txt	GIT	3affc20c8c532bee0682a5329ac2fe7bc7f5d29573a50a3d6fd35b91722202ce	84	PRESENT	data/c1/full/evidence/SHA256SUMS	
data/c1/full/evidence/full/raw/67-zkos-v32_at_npg300__plonk__c1_ctx_k04/attempt-1/cell-meta.json	GIT	8ae795d6f984f208c63e62fd2d00d3412d4ea06f0de6b0c8b092f38410a0c210	440	PRESENT	data/c1/full/evidence/SHA256SUMS	
data/c1/full/evidence/full/raw/67-zkos-v32_at_npg300__plonk__c1_ctx_k04/attempt-1/node/anvil.log	GIT	1ebb325a8d6828d46fb33a72a3c4c40ef5f17adc3487e1938d577e97728ae349	196789	PRESENT	data/c1/full/evidence/SHA256SUMS	
data/c1/full/evidence/full/raw/67-zkos-v32_at_npg300__plonk__c1_ctx_k04/attempt-1/node/server.log	GIT	23ee6a37cfb0eae94005e7a571f9a468dff6b8d4751370b12b99804197163789	984691	PRESENT	data/c1/full/evidence/SHA256SUMS	
data/c1/full/evidence/full/raw/67-zkos-v32_at_npg300__plonk__c1_ctx_k04/attempt-1/records.jsonl	GIT	65ce257e686d15d6eac88955661d1e3234d664d450f5cd2545794c0f72fc4059	54812	PRESENT	data/c1/full/evidence/SHA256SUMS	
data/c1/full/evidence/full/raw/67-zkos-v32_at_npg300__plonk__c1_ctx_k04/attempt-1/spec.json	GIT	08d702a8ec551543ff61bf2602f2f5f9a348e31217f5a3503165dfaf3b0cb651	780	PRESENT	data/c1/full/evidence/SHA256SUMS	
data/c1/full/evidence/full/raw/67-zkos-v32_at_npg300__plonk__c1_ctx_k04/attempt-1/stderr.txt	GIT	e3b0c44298fc1c149afbf4c8996fb92427ae41e4649b934ca495991b7852b855	0	PRESENT	data/c1/full/evidence/SHA256SUMS	
data/c1/full/evidence/full/raw/67-zkos-v32_at_npg300__plonk__c1_ctx_k04/attempt-1/stdout.txt	GIT	f6d6b1259532e978905c818bf77bd42110f538115fcb048f4a876741ccca99b9	105	PRESENT	data/c1/full/evidence/SHA256SUMS	
data/c1/full/evidence/full/raw/68-eravm-29__groth16__c1_disc_k04/attempt-1/anvil-zksync.log	GIT	45e727623b742bf5b80c5c928801a52f89cee47d03cab3f7ebdb5a5fa4e51af2	8081	PRESENT	data/c1/full/evidence/SHA256SUMS	
data/c1/full/evidence/full/raw/68-eravm-29__groth16__c1_disc_k04/attempt-1/anvil-zksync.log.stdout	GIT	8b7f7eff661f9c3dcbd61ca5da0e148e31ce7dd99c8662f06d4b16a1163f4b23	19923	PRESENT	data/c1/full/evidence/SHA256SUMS	
data/c1/full/evidence/full/raw/68-eravm-29__groth16__c1_disc_k04/attempt-1/cell-meta.json	GIT	bc5d9e2eccbde74f14876dc05f437327c32a894ab2c76597e903ac404a1fd1f9	688	PRESENT	data/c1/full/evidence/SHA256SUMS	
data/c1/full/evidence/full/raw/68-eravm-29__groth16__c1_disc_k04/attempt-1/eravm-calltraces.json	GIT	b52d3de81444ffcb6ca29ee5778885709982b14be33275bf990e994d0c47e072	405248	PRESENT	data/c1/full/evidence/SHA256SUMS	
data/c1/full/evidence/full/raw/68-eravm-29__groth16__c1_disc_k04/attempt-1/records.jsonl	GIT	f1173308e04fb2a54c069666a2f9ca0c6f41586a28f8bcf83b1e8ffa0b52daac	50384	PRESENT	data/c1/full/evidence/SHA256SUMS	
data/c1/full/evidence/full/raw/68-eravm-29__groth16__c1_disc_k04/attempt-1/spec.json	GIT	f1e4a86da296abf1107ca20e7b704428c01534a781535507569170cbea0e907a	697	PRESENT	data/c1/full/evidence/SHA256SUMS	
data/c1/full/evidence/full/raw/68-eravm-29__groth16__c1_disc_k04/attempt-1/stderr.txt	GIT	e3b0c44298fc1c149afbf4c8996fb92427ae41e4649b934ca495991b7852b855	0	PRESENT	data/c1/full/evidence/SHA256SUMS	
data/c1/full/evidence/full/raw/68-eravm-29__groth16__c1_disc_k04/attempt-1/stdout.txt	GIT	0ee83820a24868aec656fd761673dcde10b862840d6406618b2426c2e8a93d83	85	PRESENT	data/c1/full/evidence/SHA256SUMS	
data/c1/full/evidence/full/raw/69-zkos-v32_at_npg149__plonk__c1_ctx_k04/attempt-1/cell-meta.json	GIT	959b1936f928db28a17f5a0bfa749970cd63f16e4c963b74d8c86a056a3d1834	440	PRESENT	data/c1/full/evidence/SHA256SUMS	
data/c1/full/evidence/full/raw/69-zkos-v32_at_npg149__plonk__c1_ctx_k04/attempt-1/node/anvil.log	GIT	9d00f62836b849d903b275a8ec8f5452e3d24c04d1f8c4b173afd0cf57cb372c	196770	PRESENT	data/c1/full/evidence/SHA256SUMS	
data/c1/full/evidence/full/raw/69-zkos-v32_at_npg149__plonk__c1_ctx_k04/attempt-1/node/server.log	GIT	09e8cb207e3350b3f7c283f83844714e2e7595569443cdbcf18e081cfe3d2d64	984632	PRESENT	data/c1/full/evidence/SHA256SUMS	
data/c1/full/evidence/full/raw/69-zkos-v32_at_npg149__plonk__c1_ctx_k04/attempt-1/records.jsonl	GIT	3c389ae5d11ef2a9cbf772fe7f92583b30a90cd7b491b0537e27fca84fd6fd98	54812	PRESENT	data/c1/full/evidence/SHA256SUMS	
data/c1/full/evidence/full/raw/69-zkos-v32_at_npg149__plonk__c1_ctx_k04/attempt-1/spec.json	GIT	fa64816136fdb5e7651589a949bb1731e1c5ad821b9f845f9790a2f29eb9c3fd	780	PRESENT	data/c1/full/evidence/SHA256SUMS	
data/c1/full/evidence/full/raw/69-zkos-v32_at_npg149__plonk__c1_ctx_k04/attempt-1/stderr.txt	GIT	e3b0c44298fc1c149afbf4c8996fb92427ae41e4649b934ca495991b7852b855	0	PRESENT	data/c1/full/evidence/SHA256SUMS	
data/c1/full/evidence/full/raw/69-zkos-v32_at_npg149__plonk__c1_ctx_k04/attempt-1/stdout.txt	GIT	023df4b86f4d56de0ffc1a26d515a30f21fac7f57a4b20e26fe22f43e98d1dae	105	PRESENT	data/c1/full/evidence/SHA256SUMS	
data/c1/full/evidence/full/raw/70-eravm-29__groth16__c1_ctx_k32/attempt-1/anvil-zksync.log	GIT	0289cb71c122d987b185655208cd9a404751175eb7e7a050796a8685e17b8365	8084	PRESENT	data/c1/full/evidence/SHA256SUMS	
data/c1/full/evidence/full/raw/70-eravm-29__groth16__c1_ctx_k32/attempt-1/anvil-zksync.log.stdout	GIT	358cff483b8f8102972169f13114c7c82bd04f493e27cb23f78f85f92694475a	19926	PRESENT	data/c1/full/evidence/SHA256SUMS	
data/c1/full/evidence/full/raw/70-eravm-29__groth16__c1_ctx_k32/attempt-1/cell-meta.json	GIT	c24768542d5a9d74e5db49b38db18004e2e8ce564853a93cd0d6aa3a663441d5	689	PRESENT	data/c1/full/evidence/SHA256SUMS	
data/c1/full/evidence/full/raw/70-eravm-29__groth16__c1_ctx_k32/attempt-1/eravm-calltraces.json	GIT	0235b1f5793cdf1eb16733086dbbd3a023b883d9af749261d26209fba71eeefc	816260	PRESENT	data/c1/full/evidence/SHA256SUMS	
data/c1/full/evidence/full/raw/70-eravm-29__groth16__c1_ctx_k32/attempt-1/records.jsonl	GIT	1e80a79f7e02d62393fc6d72ab8867210b43d20943d640b7c80e7cf5c21788dc	77599	PRESENT	data/c1/full/evidence/SHA256SUMS	
data/c1/full/evidence/full/raw/70-eravm-29__groth16__c1_ctx_k32/attempt-1/spec.json	GIT	a9aebc243f5212149abfb671458cc8585c05588ab05145f7f7f05e285a97520f	692	PRESENT	data/c1/full/evidence/SHA256SUMS	
data/c1/full/evidence/full/raw/70-eravm-29__groth16__c1_ctx_k32/attempt-1/stderr.txt	GIT	e3b0c44298fc1c149afbf4c8996fb92427ae41e4649b934ca495991b7852b855	0	PRESENT	data/c1/full/evidence/SHA256SUMS	
data/c1/full/evidence/full/raw/70-eravm-29__groth16__c1_ctx_k32/attempt-1/stdout.txt	GIT	092021cfb2cc5596a9e8ab627fb60e0375457fafa5fda38df440326e7cd1d18e	84	PRESENT	data/c1/full/evidence/SHA256SUMS	
data/c1/full/evidence/full/raw/71-evm-osaka__plonk__c1_ctx_k32/attempt-1/cell-meta.json	GIT	000d92479a8e613b0ff4c76555513e7250116ae1312ed069b221d3a33a32b9da	312	PRESENT	data/c1/full/evidence/SHA256SUMS	
data/c1/full/evidence/full/raw/71-evm-osaka__plonk__c1_ctx_k32/attempt-1/edr-job.json	GIT	26a3856a9189e66b25d8c735cf495f578a3d4fc83bd26620947cb2a15962ef1b	256989	PRESENT	data/c1/full/evidence/SHA256SUMS	
data/c1/full/evidence/full/raw/71-evm-osaka__plonk__c1_ctx_k32/attempt-1/edr-out.json	GIT	a98eed70048f60f094c8fdbbd7425c8e9a00b883130edcda2ca64a346335a04d	222321	PRESENT	data/c1/full/evidence/SHA256SUMS	
data/c1/full/evidence/full/raw/71-evm-osaka__plonk__c1_ctx_k32/attempt-1/records.jsonl	GIT	5f99d655875cc26ae44e9e140ef9bf0afb68a44fae2c15a39827cf0af27c0509	157137	PRESENT	data/c1/full/evidence/SHA256SUMS	
data/c1/full/evidence/full/raw/71-evm-osaka__plonk__c1_ctx_k32/attempt-1/spec.json	GIT	ad504a8c5b87f5fe16a61a5c75f16c4ca29e9167eaf16d45da076522f1423f7e	691	PRESENT	data/c1/full/evidence/SHA256SUMS	
data/c1/full/evidence/full/raw/71-evm-osaka__plonk__c1_ctx_k32/attempt-1/stderr.txt	GIT	e3b0c44298fc1c149afbf4c8996fb92427ae41e4649b934ca495991b7852b855	0	PRESENT	data/c1/full/evidence/SHA256SUMS	
data/c1/full/evidence/full/raw/71-evm-osaka__plonk__c1_ctx_k32/attempt-1/stdout.txt	GIT	4da873540a2a29f4666e1d3bbbbf576dab71eee7290fd61af978231db9ac966f	83	PRESENT	data/c1/full/evidence/SHA256SUMS	
data/c1/full/evidence/full/raw/72-eravm-29__plonk__c1_disc_k04/attempt-1/anvil-zksync.log	GIT	d0a83f48ce850d57bd97dc7ed4166710573dfc39d6203707ffbaded91491b78c	8084	PRESENT	data/c1/full/evidence/SHA256SUMS	
data/c1/full/evidence/full/raw/72-eravm-29__plonk__c1_disc_k04/attempt-1/anvil-zksync.log.stdout	GIT	28b20c8a6da9cb1ce4fb93628f5757f43d37600912b7dd9c541ddc467f8f894b	19926	PRESENT	data/c1/full/evidence/SHA256SUMS	
data/c1/full/evidence/full/raw/72-eravm-29__plonk__c1_disc_k04/attempt-1/cell-meta.json	GIT	4eb194231cc0b1fd424af3923ef1e6dc330b392354d5b6af124053250d26e704	689	PRESENT	data/c1/full/evidence/SHA256SUMS	
data/c1/full/evidence/full/raw/72-eravm-29__plonk__c1_disc_k04/attempt-1/eravm-calltraces.json	GIT	17697f394c88c856348ec87691080512c8e299b9d77cfa91f3f7bcaa0a6aed1b	656438	PRESENT	data/c1/full/evidence/SHA256SUMS	
data/c1/full/evidence/full/raw/72-eravm-29__plonk__c1_disc_k04/attempt-1/records.jsonl	GIT	99be02fa9b84e4b219f3507a5dc81de6eed81c5e1dd67a5dd3cd5c763ac9ef98	50294	PRESENT	data/c1/full/evidence/SHA256SUMS	
data/c1/full/evidence/full/raw/72-eravm-29__plonk__c1_disc_k04/attempt-1/spec.json	GIT	280dbce56b6de04cb8f3b23978acc9dd71e821b01baef443f91ceb50d5574966	687	PRESENT	data/c1/full/evidence/SHA256SUMS	
data/c1/full/evidence/full/raw/72-eravm-29__plonk__c1_disc_k04/attempt-1/stderr.txt	GIT	e3b0c44298fc1c149afbf4c8996fb92427ae41e4649b934ca495991b7852b855	0	PRESENT	data/c1/full/evidence/SHA256SUMS	
data/c1/full/evidence/full/raw/72-eravm-29__plonk__c1_disc_k04/attempt-1/stdout.txt	GIT	947e4b29109e6e4a98b75d204bdae4299f1e2e57263c601466346201e1f1c204	83	PRESENT	data/c1/full/evidence/SHA256SUMS	
data/c1/full/evidence/full/raw/73-evm-osaka__groth16__c1_ctx_k32/attempt-1/cell-meta.json	GIT	c6e78f3775c4bd364d70b9e94ecc8ee50b912493af0204e773c66bd6bf302f2a	312	PRESENT	data/c1/full/evidence/SHA256SUMS	
data/c1/full/evidence/full/raw/73-evm-osaka__groth16__c1_ctx_k32/attempt-1/edr-job.json	GIT	36f9de40949e037551751995acbec5825d86f3728c5b4318337d63c42322d0c9	179402	PRESENT	data/c1/full/evidence/SHA256SUMS	
data/c1/full/evidence/full/raw/73-evm-osaka__groth16__c1_ctx_k32/attempt-1/edr-out.json	GIT	f0a447e37a9ad65032efc01203bbdc78c450c0675133f3a1046a18787f3d4104	38547	PRESENT	data/c1/full/evidence/SHA256SUMS	
data/c1/full/evidence/full/raw/73-evm-osaka__groth16__c1_ctx_k32/attempt-1/records.jsonl	GIT	0745bb347c71f1b8d34a6a90ff0b80fd0ac9b1ba414bca53101e39de9acda906	86777	PRESENT	data/c1/full/evidence/SHA256SUMS	
data/c1/full/evidence/full/raw/73-evm-osaka__groth16__c1_ctx_k32/attempt-1/spec.json	GIT	a1d0db07322b00b8c5b7d4246ce2c15260601aec35f633f40430c3e52b9c4261	701	PRESENT	data/c1/full/evidence/SHA256SUMS	
data/c1/full/evidence/full/raw/73-evm-osaka__groth16__c1_ctx_k32/attempt-1/stderr.txt	GIT	e3b0c44298fc1c149afbf4c8996fb92427ae41e4649b934ca495991b7852b855	0	PRESENT	data/c1/full/evidence/SHA256SUMS	
data/c1/full/evidence/full/raw/73-evm-osaka__groth16__c1_ctx_k32/attempt-1/stdout.txt	GIT	56c9b3d7b8485ceb46bda4fe8ca442f6966d5098270101bba0cda55b4e4adb5a	85	PRESENT	data/c1/full/evidence/SHA256SUMS	
data/c1/full/evidence/full/raw/74-eravm-27__plonk__c1_ctx_k16/attempt-1/anvil-zksync.log	GIT	cc44df699ed34b4c2e6a12b8905749197a846eb5932f293e0f4c04b4ccc0cb32	8118	PRESENT	data/c1/full/evidence/SHA256SUMS	
data/c1/full/evidence/full/raw/74-eravm-27__plonk__c1_ctx_k16/attempt-1/anvil-zksync.log.stdout	GIT	727e8f6a09f286ce3b0525f35bbdee287dc2868157220c5d61aadf115d5920cd	20045	PRESENT	data/c1/full/evidence/SHA256SUMS	
data/c1/full/evidence/full/raw/74-eravm-27__plonk__c1_ctx_k16/attempt-1/cell-meta.json	GIT	53376891d6015ac276c0d636ca85f8cf3564bb117ecde430bed1aa2a12295dcc	689	PRESENT	data/c1/full/evidence/SHA256SUMS	
data/c1/full/evidence/full/raw/74-eravm-27__plonk__c1_ctx_k16/attempt-1/eravm-calltraces.json	GIT	f05d7d847e6bd79817854f186278fba7a19449a7907c7e12bae0d2141436ec85	704885	PRESENT	data/c1/full/evidence/SHA256SUMS	
data/c1/full/evidence/full/raw/74-eravm-27__plonk__c1_ctx_k16/attempt-1/records.jsonl	GIT	9a5663611fc2743b01f9f31b23fcc977c6beb1276ed0a8cf54038f717065eefa	61368	PRESENT	data/c1/full/evidence/SHA256SUMS	
data/c1/full/evidence/full/raw/74-eravm-27__plonk__c1_ctx_k16/attempt-1/spec.json	GIT	c9b0a2ecc7da4622002ef746985ec7fd330ac62848c2526113e3cb03d914653c	682	PRESENT	data/c1/full/evidence/SHA256SUMS	
data/c1/full/evidence/full/raw/74-eravm-27__plonk__c1_ctx_k16/attempt-1/stderr.txt	GIT	e3b0c44298fc1c149afbf4c8996fb92427ae41e4649b934ca495991b7852b855	0	PRESENT	data/c1/full/evidence/SHA256SUMS	
data/c1/full/evidence/full/raw/74-eravm-27__plonk__c1_ctx_k16/attempt-1/stdout.txt	GIT	6b279f66fac799f6448742228de8435da2ad7e1344f1330345f95266fc245a84	82	PRESENT	data/c1/full/evidence/SHA256SUMS	
data/c1/full/evidence/full/raw/75-eravm-29__plonk__c1_ctx_k08/attempt-1/anvil-zksync.log	GIT	3de23fa2f3f089a5258ba8f25ca45bd24f83247710ebe2459d54fb603fc41e31	8084	PRESENT	data/c1/full/evidence/SHA256SUMS	
data/c1/full/evidence/full/raw/75-eravm-29__plonk__c1_ctx_k08/attempt-1/anvil-zksync.log.stdout	GIT	b89ba8fbaf060892ee7e447700d2d5ec0e01283302d7296e0f27846fea84adc2	19926	PRESENT	data/c1/full/evidence/SHA256SUMS	
data/c1/full/evidence/full/raw/75-eravm-29__plonk__c1_ctx_k08/attempt-1/cell-meta.json	GIT	ae68e26d5c7dee14728e87af53c6a2cf8fdf646c29acf186437773fa6e611546	689	PRESENT	data/c1/full/evidence/SHA256SUMS	
data/c1/full/evidence/full/raw/75-eravm-29__plonk__c1_ctx_k08/attempt-1/eravm-calltraces.json	GIT	500ef9e03243c56c31aff1eb489650115f641264a5d8af836f254896d53936b8	674861	PRESENT	data/c1/full/evidence/SHA256SUMS	
data/c1/full/evidence/full/raw/75-eravm-29__plonk__c1_ctx_k08/attempt-1/records.jsonl	GIT	738b4b84de97922969079642d8849cf7b2ac48bc038113b75f66706eabb2a9f6	54139	PRESENT	data/c1/full/evidence/SHA256SUMS	
data/c1/full/evidence/full/raw/75-eravm-29__plonk__c1_ctx_k08/attempt-1/spec.json	GIT	6f22b04f3dd4c3edbedb49f566bf6fc15163a782a88063bcd15e103d613f6649	681	PRESENT	data/c1/full/evidence/SHA256SUMS	
data/c1/full/evidence/full/raw/75-eravm-29__plonk__c1_ctx_k08/attempt-1/stderr.txt	GIT	e3b0c44298fc1c149afbf4c8996fb92427ae41e4649b934ca495991b7852b855	0	PRESENT	data/c1/full/evidence/SHA256SUMS	
data/c1/full/evidence/full/raw/75-eravm-29__plonk__c1_ctx_k08/attempt-1/stdout.txt	GIT	33dae017ebcea855f8c9245310a78a00f8bfe25c3de64a4efdd64fecc0aa44cc	82	PRESENT	data/c1/full/evidence/SHA256SUMS	
data/c1/full/evidence/full/raw/76-eravm-29__plonk__c1_ctx_k06/attempt-1/anvil-zksync.log	GIT	e41f328b0875a4f0490a8fcd2d33ff9584ac8634f86f8ef3b83f7e8751fa2ec7	8084	PRESENT	data/c1/full/evidence/SHA256SUMS	
data/c1/full/evidence/full/raw/76-eravm-29__plonk__c1_ctx_k06/attempt-1/anvil-zksync.log.stdout	GIT	4343b72b6c375c8ac91783c4c9d358ac6a2e7d8e56ef688ed633df5b61a07ab1	19926	PRESENT	data/c1/full/evidence/SHA256SUMS	
data/c1/full/evidence/full/raw/76-eravm-29__plonk__c1_ctx_k06/attempt-1/cell-meta.json	GIT	c398cf1d2fb9b962c64b3b0dc3317077f1f10a8fd19c648f265f5d5dbfd1e3ea	689	PRESENT	data/c1/full/evidence/SHA256SUMS	
data/c1/full/evidence/full/raw/76-eravm-29__plonk__c1_ctx_k06/attempt-1/eravm-calltraces.json	GIT	8b36d075c8faaa607addea2fba1ce659a74d8d2ceee2386c6ec28c4426cc2266	665645	PRESENT	data/c1/full/evidence/SHA256SUMS	
data/c1/full/evidence/full/raw/76-eravm-29__plonk__c1_ctx_k06/attempt-1/records.jsonl	GIT	31722ca11127172eee5d8b3349a00f12d74b5c5aad1cea5ead6fa14290e2620a	51112	PRESENT	data/c1/full/evidence/SHA256SUMS	
data/c1/full/evidence/full/raw/76-eravm-29__plonk__c1_ctx_k06/attempt-1/spec.json	GIT	ec9e936fe6a0c098ced8f4c83467bb5bc4377fcc92b5672702224226ee4c73b6	681	PRESENT	data/c1/full/evidence/SHA256SUMS	
data/c1/full/evidence/full/raw/76-eravm-29__plonk__c1_ctx_k06/attempt-1/stderr.txt	GIT	e3b0c44298fc1c149afbf4c8996fb92427ae41e4649b934ca495991b7852b855	0	PRESENT	data/c1/full/evidence/SHA256SUMS	
data/c1/full/evidence/full/raw/76-eravm-29__plonk__c1_ctx_k06/attempt-1/stdout.txt	GIT	16b09323d07dc5af4ce1971409b0eb4ed8536da3fc86bcf7559cafd540893781	82	PRESENT	data/c1/full/evidence/SHA256SUMS	
data/c1/full/evidence/full/raw/77-zkos-v32_at_npg138__plonk__c1_ctx_k04/attempt-1/cell-meta.json	GIT	c1b7737142a0c925c035fee8506e917e1650e564cd0846f2fc33c389a3d190fd	440	PRESENT	data/c1/full/evidence/SHA256SUMS	
data/c1/full/evidence/full/raw/77-zkos-v32_at_npg138__plonk__c1_ctx_k04/attempt-1/node/anvil.log	GIT	5b678a94abcd69d265fccb3c0d1e5a6634718b22e41ad12fcf97f701c1e32f11	196528	PRESENT	data/c1/full/evidence/SHA256SUMS	
data/c1/full/evidence/full/raw/77-zkos-v32_at_npg138__plonk__c1_ctx_k04/attempt-1/node/server.log	GIT	c189c18a965f46e8b09742ad9e2f3cafd6562ae1a7043a0f8ab7946f0c4d9902	984610	PRESENT	data/c1/full/evidence/SHA256SUMS	
data/c1/full/evidence/full/raw/77-zkos-v32_at_npg138__plonk__c1_ctx_k04/attempt-1/records.jsonl	GIT	0a55452f02437085182a7299a3620909ec49e1c294666aa3489d002175b6909f	54812	PRESENT	data/c1/full/evidence/SHA256SUMS	
data/c1/full/evidence/full/raw/77-zkos-v32_at_npg138__plonk__c1_ctx_k04/attempt-1/spec.json	GIT	69b05e934e471cf253c1702f6a3313302053fbdffb7534867eae577fa976fa15	780	PRESENT	data/c1/full/evidence/SHA256SUMS	
data/c1/full/evidence/full/raw/77-zkos-v32_at_npg138__plonk__c1_ctx_k04/attempt-1/stderr.txt	GIT	e3b0c44298fc1c149afbf4c8996fb92427ae41e4649b934ca495991b7852b855	0	PRESENT	data/c1/full/evidence/SHA256SUMS	
data/c1/full/evidence/full/raw/77-zkos-v32_at_npg138__plonk__c1_ctx_k04/attempt-1/stdout.txt	GIT	751f34f77257da0ef043b16380dc3ad4288c3715b11b84fe9a58a34a7c7c76d2	105	PRESENT	data/c1/full/evidence/SHA256SUMS	
data/c1/full/evidence/full/raw/78-zkos-v32_at_npg132__groth16__c1_ctx_k16/attempt-1/cell-meta.json	GIT	35dd2ee2572391b66e24ad886490475075fef510f3501faef3c97d1a3fe1fb8f	440	PRESENT	data/c1/full/evidence/SHA256SUMS	
data/c1/full/evidence/full/raw/78-zkos-v32_at_npg132__groth16__c1_ctx_k16/attempt-1/node/anvil.log	GIT	294d710f1e4fe16905146aabe83fa978d61eec10b68a1a604f26a47af7381a99	196514	PRESENT	data/c1/full/evidence/SHA256SUMS	
data/c1/full/evidence/full/raw/78-zkos-v32_at_npg132__groth16__c1_ctx_k16/attempt-1/node/server.log	GIT	ce2fdcfb872c60326fd912122e8e4cebd42e0401afab119f2599563617ca1991	951260	PRESENT	data/c1/full/evidence/SHA256SUMS	
data/c1/full/evidence/full/raw/78-zkos-v32_at_npg132__groth16__c1_ctx_k16/attempt-1/records.jsonl	GIT	40037ddb63731770b0ca1f75f7261b1ed85cb3659ec6214f23cf6988c44fb586	66988	PRESENT	data/c1/full/evidence/SHA256SUMS	
data/c1/full/evidence/full/raw/78-zkos-v32_at_npg132__groth16__c1_ctx_k16/attempt-1/spec.json	GIT	6315cb029a272692b6027eeb6118a83211f388a5d11f072dab50cc0260cbcdce	791	PRESENT	data/c1/full/evidence/SHA256SUMS	
data/c1/full/evidence/full/raw/78-zkos-v32_at_npg132__groth16__c1_ctx_k16/attempt-1/stderr.txt	GIT	e3b0c44298fc1c149afbf4c8996fb92427ae41e4649b934ca495991b7852b855	0	PRESENT	data/c1/full/evidence/SHA256SUMS	
data/c1/full/evidence/full/raw/78-zkos-v32_at_npg132__groth16__c1_ctx_k16/attempt-1/stdout.txt	GIT	4db6a13c781eac4fc48224eb17bacb1fb5c54ec4ddca156ed03099a1e89f911d	107	PRESENT	data/c1/full/evidence/SHA256SUMS	
data/c1/full/evidence/full/raw/79-zkos-v32_at_npg100__groth16__c1_a8/attempt-1/cell-meta.json	GIT	f4f1766996b0933f08b22dcc46f6dec7de3319991ede97e87e3358ac68471ce9	440	PRESENT	data/c1/full/evidence/SHA256SUMS	
data/c1/full/evidence/full/raw/79-zkos-v32_at_npg100__groth16__c1_a8/attempt-1/node/anvil.log	GIT	65e68cc46080d658a88cce06d61921aaf9b73ebc8d99e7b1ae953f569c789717	196341	PRESENT	data/c1/full/evidence/SHA256SUMS	
data/c1/full/evidence/full/raw/79-zkos-v32_at_npg100__groth16__c1_a8/attempt-1/node/server.log	GIT	1914aad278a01ba70487ec002414b5bd4c42d37ca9294406e198b71e29025105	946858	PRESENT	data/c1/full/evidence/SHA256SUMS	
data/c1/full/evidence/full/raw/79-zkos-v32_at_npg100__groth16__c1_a8/attempt-1/records.jsonl	GIT	7c9b0187c4a4127ef68821ac8b705c2315f68b173321015d897edb6ed67d45a3	58651	PRESENT	data/c1/full/evidence/SHA256SUMS	
data/c1/full/evidence/full/raw/79-zkos-v32_at_npg100__groth16__c1_a8/attempt-1/spec.json	GIT	782cf95fdf1b51c266c4de19b7ef03610a00cb8c0c16a0e70d57c09969c56660	764	PRESENT	data/c1/full/evidence/SHA256SUMS	
data/c1/full/evidence/full/raw/79-zkos-v32_at_npg100__groth16__c1_a8/attempt-1/stderr.txt	GIT	e3b0c44298fc1c149afbf4c8996fb92427ae41e4649b934ca495991b7852b855	0	PRESENT	data/c1/full/evidence/SHA256SUMS	
data/c1/full/evidence/full/raw/79-zkos-v32_at_npg100__groth16__c1_a8/attempt-1/stdout.txt	GIT	de12c8b93bad72abc5080e2fb12d0ef2c57c01e7020e1a73df315977f1ca4668	102	PRESENT	data/c1/full/evidence/SHA256SUMS	
data/c1/full/evidence/full/raw/80-zkos-v32_at_npg100__groth16__c1_ctx_k64/attempt-1/cell-meta.json	GIT	e05218a1a0f30255eb8deea9b996d353bf0aa6364e2a6e9c8bda6f124ae5aa52	441	PRESENT	data/c1/full/evidence/SHA256SUMS	
data/c1/full/evidence/full/raw/80-zkos-v32_at_npg100__groth16__c1_ctx_k64/attempt-1/node/anvil.log	GIT	a3b86e734239ee7c4023ec6fba7c3dbe917fe70fa517f28bf7d2268e60b3b0f9	197919	PRESENT	data/c1/full/evidence/SHA256SUMS	
data/c1/full/evidence/full/raw/80-zkos-v32_at_npg100__groth16__c1_ctx_k64/attempt-1/node/server.log	GIT	a8800d87f0f7c37d1df753920d8f3fcde624936d62035a9c90924e116f63a93c	1005442	PRESENT	data/c1/full/evidence/SHA256SUMS	
data/c1/full/evidence/full/raw/80-zkos-v32_at_npg100__groth16__c1_ctx_k64/attempt-1/records.jsonl	GIT	469c392f6d4e5ab9317b8976fa1c63a413a2559160cc5e30f18c054e3f3c7615	118754	PRESENT	data/c1/full/evidence/SHA256SUMS	
data/c1/full/evidence/full/raw/80-zkos-v32_at_npg100__groth16__c1_ctx_k64/attempt-1/spec.json	GIT	cf60bf2a05fbf81b5711c70f6954ddf79984a2f6078c92701483ab5cae9cc5c6	791	PRESENT	data/c1/full/evidence/SHA256SUMS	
data/c1/full/evidence/full/raw/80-zkos-v32_at_npg100__groth16__c1_ctx_k64/attempt-1/stderr.txt	GIT	e3b0c44298fc1c149afbf4c8996fb92427ae41e4649b934ca495991b7852b855	0	PRESENT	data/c1/full/evidence/SHA256SUMS	
data/c1/full/evidence/full/raw/80-zkos-v32_at_npg100__groth16__c1_ctx_k64/attempt-1/stdout.txt	GIT	f0c1d182accd1c5aa20de5643c9b9c81850891b2381efd1e04d795addb816867	108	PRESENT	data/c1/full/evidence/SHA256SUMS	
data/c1/full/evidence/full/raw/81-zkos-v32_at_npg100__plonk__c1_ctx_k06/attempt-1/cell-meta.json	GIT	c68107f2112556246ca0147c24c07c7d038d12ce395917971731ed7041211a3a	440	PRESENT	data/c1/full/evidence/SHA256SUMS	
data/c1/full/evidence/full/raw/81-zkos-v32_at_npg100__plonk__c1_ctx_k06/attempt-1/node/anvil.log	GIT	29f3ed4a54d2b1035286546b3a16069e6a9a39849290bcd8dab86e9094a422ab	196906	PRESENT	data/c1/full/evidence/SHA256SUMS	
data/c1/full/evidence/full/raw/81-zkos-v32_at_npg100__plonk__c1_ctx_k06/attempt-1/node/server.log	GIT	b06e954b42df0c9ea9639978b325784ee11ed3f4c1eafd6583fb9369b3f8e9aa	989727	PRESENT	data/c1/full/evidence/SHA256SUMS	
data/c1/full/evidence/full/raw/81-zkos-v32_at_npg100__plonk__c1_ctx_k06/attempt-1/records.jsonl	GIT	6c7e9a598826a826da44d5875df943e273d9b56f3686a38fad0ee0f114c4096a	55892	PRESENT	data/c1/full/evidence/SHA256SUMS	
data/c1/full/evidence/full/raw/81-zkos-v32_at_npg100__plonk__c1_ctx_k06/attempt-1/spec.json	GIT	d912eb206623c37e5d3c70889d0a88dfc0e57dc47c86c94c54ff7f02a84bc6d8	780	PRESENT	data/c1/full/evidence/SHA256SUMS	
data/c1/full/evidence/full/raw/81-zkos-v32_at_npg100__plonk__c1_ctx_k06/attempt-1/stderr.txt	GIT	e3b0c44298fc1c149afbf4c8996fb92427ae41e4649b934ca495991b7852b855	0	PRESENT	data/c1/full/evidence/SHA256SUMS	
data/c1/full/evidence/full/raw/81-zkos-v32_at_npg100__plonk__c1_ctx_k06/attempt-1/stdout.txt	GIT	8700cd5abad28130bf253d051aee0afcafaaf89b523755815d29916668e90683	105	PRESENT	data/c1/full/evidence/SHA256SUMS	
data/c1/full/evidence/full/raw/82-zkos-v32_at_npg100__plonk__c1_ctx_k64/attempt-1/cell-meta.json	GIT	3b06d4392c874c149f359134e2fa0574c5d481e5fa79aa0a538289980a0d0097	441	PRESENT	data/c1/full/evidence/SHA256SUMS	
data/c1/full/evidence/full/raw/82-zkos-v32_at_npg100__plonk__c1_ctx_k64/attempt-1/node/anvil.log	GIT	4fbff99c980e441af8a3878413d1ec44b9f7796e2628b19a52efec28c95f4683	196820	PRESENT	data/c1/full/evidence/SHA256SUMS	
data/c1/full/evidence/full/raw/82-zkos-v32_at_npg100__plonk__c1_ctx_k64/attempt-1/node/server.log	GIT	a3f88a36511446aa8950f2c8a9cc373d1a1310f72c1e74a15fc62821be1c2bce	1119248	PRESENT	data/c1/full/evidence/SHA256SUMS	
data/c1/full/evidence/full/raw/82-zkos-v32_at_npg100__plonk__c1_ctx_k64/attempt-1/records.jsonl	GIT	d1c9491fc24a4eb5d241652dc867f5dcb7407d045a1d70b8e68de723b51e5e33	118137	PRESENT	data/c1/full/evidence/SHA256SUMS	
data/c1/full/evidence/full/raw/82-zkos-v32_at_npg100__plonk__c1_ctx_k64/attempt-1/spec.json	GIT	4db062e0cb5d4b2bd00f7ec1c9c9ab320278b8c524593bc6ed8c2fb5c3a2a9be	781	PRESENT	data/c1/full/evidence/SHA256SUMS	
data/c1/full/evidence/full/raw/82-zkos-v32_at_npg100__plonk__c1_ctx_k64/attempt-1/stderr.txt	GIT	e3b0c44298fc1c149afbf4c8996fb92427ae41e4649b934ca495991b7852b855	0	PRESENT	data/c1/full/evidence/SHA256SUMS	
data/c1/full/evidence/full/raw/82-zkos-v32_at_npg100__plonk__c1_ctx_k64/attempt-1/stdout.txt	GIT	95c56e2ac40e1c7723656ae97ee74867bef15cbc4240afbb29b090c45380805c	106	PRESENT	data/c1/full/evidence/SHA256SUMS	
data/c1/full/evidence/full/raw/83-zkos-v32_at_npg154__groth16__c1_ctx_k16/attempt-1/cell-meta.json	GIT	0add4e24bd2ded0291875ca6389d7bf9e9c90daeb29b19fa281af72e300f7081	440	PRESENT	data/c1/full/evidence/SHA256SUMS	
data/c1/full/evidence/full/raw/83-zkos-v32_at_npg154__groth16__c1_ctx_k16/attempt-1/node/anvil.log	GIT	eb4e4c6e57bc7fbd03a50de3f0095044b0636f74eb5a49c21d8c818af2c90222	196696	PRESENT	data/c1/full/evidence/SHA256SUMS	
data/c1/full/evidence/full/raw/83-zkos-v32_at_npg154__groth16__c1_ctx_k16/attempt-1/node/server.log	GIT	979fe2fb64826130eb0b406f223b5eede51e8b51ca5946b0fe7c197d1a27a4e1	951178	PRESENT	data/c1/full/evidence/SHA256SUMS	
data/c1/full/evidence/full/raw/83-zkos-v32_at_npg154__groth16__c1_ctx_k16/attempt-1/records.jsonl	GIT	d470938801f952f522792de3fe395ba7cfcf72f036460fb180065fbd9f74fdad	66988	PRESENT	data/c1/full/evidence/SHA256SUMS	
data/c1/full/evidence/full/raw/83-zkos-v32_at_npg154__groth16__c1_ctx_k16/attempt-1/spec.json	GIT	4302cb0293d367ee9c1c63f11237e4e50a211bd6f4b67f551056d65b11f998e7	791	PRESENT	data/c1/full/evidence/SHA256SUMS	
data/c1/full/evidence/full/raw/83-zkos-v32_at_npg154__groth16__c1_ctx_k16/attempt-1/stderr.txt	GIT	e3b0c44298fc1c149afbf4c8996fb92427ae41e4649b934ca495991b7852b855	0	PRESENT	data/c1/full/evidence/SHA256SUMS	
data/c1/full/evidence/full/raw/83-zkos-v32_at_npg154__groth16__c1_ctx_k16/attempt-1/stdout.txt	GIT	73fd28d43c0b1464e9c7aabad72ef5df4f3f2aeea3c46a239896e14623ed0dff	107	PRESENT	data/c1/full/evidence/SHA256SUMS	
data/c1/full/evidence/full/raw/84-evm-osaka__plonk__c1_a8/attempt-1/cell-meta.json	GIT	1eef673eaa18cc50162f5faa4b72b26d44c99875073b89d66c736aa5844cc1f4	312	PRESENT	data/c1/full/evidence/SHA256SUMS	
data/c1/full/evidence/full/raw/84-evm-osaka__plonk__c1_a8/attempt-1/edr-job.json	GIT	7c05d04e1f3dfc608267e90cc08cceb595c4dbbc80b948ca15d17f9add2b0fbd	104309	PRESENT	data/c1/full/evidence/SHA256SUMS	
data/c1/full/evidence/full/raw/84-evm-osaka__plonk__c1_a8/attempt-1/edr-out.json	GIT	751f59968bcf683845d0ceafdacd6e847deab278a9508ba8a30dd0cf47098c41	109770	PRESENT	data/c1/full/evidence/SHA256SUMS	
data/c1/full/evidence/full/raw/84-evm-osaka__plonk__c1_a8/attempt-1/records.jsonl	GIT	fbf87fbcfd2133f9d74e84163ec99382cdf3929a6a7d5355d0f9c32f8767ef0f	91433	PRESENT	data/c1/full/evidence/SHA256SUMS	
data/c1/full/evidence/full/raw/84-evm-osaka__plonk__c1_a8/attempt-1/spec.json	GIT	8254394fd04c5f3077f54daf1befbe93043f0046e83eb59c7b7cde62afb7f06f	664	PRESENT	data/c1/full/evidence/SHA256SUMS	
data/c1/full/evidence/full/raw/84-evm-osaka__plonk__c1_a8/attempt-1/stderr.txt	GIT	e3b0c44298fc1c149afbf4c8996fb92427ae41e4649b934ca495991b7852b855	0	PRESENT	data/c1/full/evidence/SHA256SUMS	
data/c1/full/evidence/full/raw/84-evm-osaka__plonk__c1_a8/attempt-1/stdout.txt	GIT	af7aef73c3f7fee75ea5f581e6ec97743d1c44c123098e74abea4202206009b1	78	PRESENT	data/c1/full/evidence/SHA256SUMS	
data/c1/full/evidence/full/raw/85-zkos-v32_at_npg165__groth16__c1_ctx_k04/attempt-1/cell-meta.json	GIT	045edbe681d10d29cd865310554568faef55ed495077fe51c8321e6d391ffb00	440	PRESENT	data/c1/full/evidence/SHA256SUMS	
data/c1/full/evidence/full/raw/85-zkos-v32_at_npg165__groth16__c1_ctx_k04/attempt-1/node/anvil.log	GIT	087ca508c1c88d453e833385f08cbf4a22f1b3c24931ff4abbe80a10573d7efb	194682	PRESENT	data/c1/full/evidence/SHA256SUMS	
data/c1/full/evidence/full/raw/85-zkos-v32_at_npg165__groth16__c1_ctx_k04/attempt-1/node/server.log	GIT	ca2ac716ccf31dc29cc0f0f8c20e8756cfa4fb7df6da75d4338d5a0c6a5b57cf	935807	PRESENT	data/c1/full/evidence/SHA256SUMS	
data/c1/full/evidence/full/raw/85-zkos-v32_at_npg165__groth16__c1_ctx_k04/attempt-1/records.jsonl	GIT	06aaebc4719e0166a7c2575764f495d0ba64a194b99b8fc43e47647b425ce59f	55070	PRESENT	data/c1/full/evidence/SHA256SUMS	
data/c1/full/evidence/full/raw/85-zkos-v32_at_npg165__groth16__c1_ctx_k04/attempt-1/spec.json	GIT	0f1688bcbfb6f8e0779f2ff0cba20725fa1bf7c0eaf759d9a89b442c37495403	790	PRESENT	data/c1/full/evidence/SHA256SUMS	
data/c1/full/evidence/full/raw/85-zkos-v32_at_npg165__groth16__c1_ctx_k04/attempt-1/stderr.txt	GIT	e3b0c44298fc1c149afbf4c8996fb92427ae41e4649b934ca495991b7852b855	0	PRESENT	data/c1/full/evidence/SHA256SUMS	
data/c1/full/evidence/full/raw/85-zkos-v32_at_npg165__groth16__c1_ctx_k04/attempt-1/stdout.txt	GIT	e29237fe98b76b838185a04a8e215652cc830efd88ba1202c5d13118e9359017	107	PRESENT	data/c1/full/evidence/SHA256SUMS	
data/c1/full/evidence/full/raw/86-zkos-v32_at_npg100__groth16__c1_disc_k04/attempt-1/cell-meta.json	GIT	4a7c5c5010acd03966d118aba55dbab92a4b73ab922cde33b2e26929a603b41e	440	PRESENT	data/c1/full/evidence/SHA256SUMS	
data/c1/full/evidence/full/raw/86-zkos-v32_at_npg100__groth16__c1_disc_k04/attempt-1/node/anvil.log	GIT	b6ce6a415cd9795e74bb211fd73a879a1af6f5be2ee91f7dde2293ce96e2c780	196210	PRESENT	data/c1/full/evidence/SHA256SUMS	
data/c1/full/evidence/full/raw/86-zkos-v32_at_npg100__groth16__c1_disc_k04/attempt-1/node/server.log	GIT	96b5bacdb5c60d04e51a9a827dbaa20a3d16b54b9f0e41f9faf03763ad2c3c27	938937	PRESENT	data/c1/full/evidence/SHA256SUMS	
data/c1/full/evidence/full/raw/86-zkos-v32_at_npg100__groth16__c1_disc_k04/attempt-1/records.jsonl	GIT	d76418d12b4d75668bf2330ec256565ea5928ab179c6e99403e942f7b3b26add	55269	PRESENT	data/c1/full/evidence/SHA256SUMS	
data/c1/full/evidence/full/raw/86-zkos-v32_at_npg100__groth16__c1_disc_k04/attempt-1/spec.json	GIT	498278ac93ecbcda836b91eaf7e180364610811d558cc1b1779a27d50325c9b2	796	PRESENT	data/c1/full/evidence/SHA256SUMS	
data/c1/full/evidence/full/raw/86-zkos-v32_at_npg100__groth16__c1_disc_k04/attempt-1/stderr.txt	GIT	e3b0c44298fc1c149afbf4c8996fb92427ae41e4649b934ca495991b7852b855	0	PRESENT	data/c1/full/evidence/SHA256SUMS	
data/c1/full/evidence/full/raw/86-zkos-v32_at_npg100__groth16__c1_disc_k04/attempt-1/stdout.txt	GIT	4847416b1842968eb9e68ff3529c60df63adf8fb1082dd04656fbb992fc4701a	108	PRESENT	data/c1/full/evidence/SHA256SUMS	
data/c1/full/evidence/full/raw/87-zkos-v32_at_npg120__groth16__c1_ctx_k16/attempt-1/cell-meta.json	GIT	9e6aacff3f9f852218c8be8ad037f47f9c3c6d5735f6ca98d1c6517880e8e7f6	440	PRESENT	data/c1/full/evidence/SHA256SUMS	
data/c1/full/evidence/full/raw/87-zkos-v32_at_npg120__groth16__c1_ctx_k16/attempt-1/node/anvil.log	GIT	928a1e5fd9cec067c862f0f3d1bf5debf798e54b482f7044f745eefd3be387b2	196396	PRESENT	data/c1/full/evidence/SHA256SUMS	
data/c1/full/evidence/full/raw/87-zkos-v32_at_npg120__groth16__c1_ctx_k16/attempt-1/node/server.log	GIT	fa8c477c9389eca8e53d1f8a5dbac530475886f8ca1bea3f2076487a6ae0a6a3	951397	PRESENT	data/c1/full/evidence/SHA256SUMS	
data/c1/full/evidence/full/raw/87-zkos-v32_at_npg120__groth16__c1_ctx_k16/attempt-1/records.jsonl	GIT	f69d24fbc49cd23f4c47d8aeb906f129c21225052163b6cefc3b28f1f30dd349	66988	PRESENT	data/c1/full/evidence/SHA256SUMS	
data/c1/full/evidence/full/raw/87-zkos-v32_at_npg120__groth16__c1_ctx_k16/attempt-1/spec.json	GIT	002bc3b7ecad5841014177fc99121ea664e4d0947b761b4c3ce1d75f95eeadea	791	PRESENT	data/c1/full/evidence/SHA256SUMS	
data/c1/full/evidence/full/raw/87-zkos-v32_at_npg120__groth16__c1_ctx_k16/attempt-1/stderr.txt	GIT	e3b0c44298fc1c149afbf4c8996fb92427ae41e4649b934ca495991b7852b855	0	PRESENT	data/c1/full/evidence/SHA256SUMS	
data/c1/full/evidence/full/raw/87-zkos-v32_at_npg120__groth16__c1_ctx_k16/attempt-1/stdout.txt	GIT	a376353edf93b4dd0937967e0b80cc212f128ca3de860990726d2b371cf2796e	107	PRESENT	data/c1/full/evidence/SHA256SUMS	
data/c1/full/evidence/full/raw/88-eravm-29__groth16__c1_ctx_k64/attempt-1/anvil-zksync.log	GIT	ca9fc620784853cc1a0fc89ef6f232a1f60cf0a438e6c1cdf1a970edf646382b	8084	PRESENT	data/c1/full/evidence/SHA256SUMS	
data/c1/full/evidence/full/raw/88-eravm-29__groth16__c1_ctx_k64/attempt-1/anvil-zksync.log.stdout	GIT	0c025efdd8fb8182090e7277f24ddd61e93771932f6b880255bd6d8c004cdc08	19926	PRESENT	data/c1/full/evidence/SHA256SUMS	
data/c1/full/evidence/full/raw/88-eravm-29__groth16__c1_ctx_k64/attempt-1/cell-meta.json	GIT	191d17fc1754244393e9ae43d3ab8aa975d0a1891e70066d75bc1782c95ace88	690	PRESENT	data/c1/full/evidence/SHA256SUMS	
data/c1/full/evidence/full/raw/88-eravm-29__groth16__c1_ctx_k64/attempt-1/eravm-calltraces.json	GIT	684cfa7c1dfdee25765475ef732ccd840e4fe1187944737993acbdde093088d0	1285988	PRESENT	data/c1/full/evidence/SHA256SUMS	
data/c1/full/evidence/full/raw/88-eravm-29__groth16__c1_ctx_k64/attempt-1/records.jsonl	GIT	8502cf07cfae21f4da06f4ff448df6c884ba7901cc01ebcbeb3ccbbfc1f67ad1	109960	PRESENT	data/c1/full/evidence/SHA256SUMS	
data/c1/full/evidence/full/raw/88-eravm-29__groth16__c1_ctx_k64/attempt-1/spec.json	GIT	982969b0943bf4e4306a079593be69577e83624ae8ceb6e92d984e301d55358d	692	PRESENT	data/c1/full/evidence/SHA256SUMS	
data/c1/full/evidence/full/raw/88-eravm-29__groth16__c1_ctx_k64/attempt-1/stderr.txt	GIT	e3b0c44298fc1c149afbf4c8996fb92427ae41e4649b934ca495991b7852b855	0	PRESENT	data/c1/full/evidence/SHA256SUMS	
data/c1/full/evidence/full/raw/88-eravm-29__groth16__c1_ctx_k64/attempt-1/stdout.txt	GIT	20efd956eb453f42088fae112807d2c672c448103c8182f8b4e2548e628504af	85	PRESENT	data/c1/full/evidence/SHA256SUMS	
data/c1/full/evidence/full/raw/89-evm-osaka__plonk__c1_ctx_k06/attempt-1/cell-meta.json	GIT	39ff6fee50a5e4e37858717ef8ac6d60c623f17008f0cf4eb1825cabaae0783a	312	PRESENT	data/c1/full/evidence/SHA256SUMS	
data/c1/full/evidence/full/raw/89-evm-osaka__plonk__c1_ctx_k06/attempt-1/edr-job.json	GIT	9740e7ace02017c5e528bba491a330d18453b70f0674edbcebcb0dc8395387c1	92623	PRESENT	data/c1/full/evidence/SHA256SUMS	
data/c1/full/evidence/full/raw/89-evm-osaka__plonk__c1_ctx_k06/attempt-1/edr-out.json	GIT	57e2bfe7d93d6f70632acfe2307687dc0c6689c2d6d7e7ac8a79e7480d4e5faf	100180	PRESENT	data/c1/full/evidence/SHA256SUMS	
data/c1/full/evidence/full/raw/89-evm-osaka__plonk__c1_ctx_k06/attempt-1/records.jsonl	GIT	ba742ff5cdb354ba09717f3ba43fb55193b61d2f321424cb24e18fc144fee6eb	85652	PRESENT	data/c1/full/evidence/SHA256SUMS	
data/c1/full/evidence/full/raw/89-evm-osaka__plonk__c1_ctx_k06/attempt-1/spec.json	GIT	f770190bf7587d2765e0e7228c2d330c9f924c9e9739c021e4cb5f6116df723b	690	PRESENT	data/c1/full/evidence/SHA256SUMS	
data/c1/full/evidence/full/raw/89-evm-osaka__plonk__c1_ctx_k06/attempt-1/stderr.txt	GIT	e3b0c44298fc1c149afbf4c8996fb92427ae41e4649b934ca495991b7852b855	0	PRESENT	data/c1/full/evidence/SHA256SUMS	
data/c1/full/evidence/full/raw/89-evm-osaka__plonk__c1_ctx_k06/attempt-1/stdout.txt	GIT	f1939760b4fdd80a56fce3eed8cbbf61d51ac6d8d5a299770fe761ea5bb4e06d	83	PRESENT	data/c1/full/evidence/SHA256SUMS	
data/c1/full/evidence/full/raw/l1-state-inputs-removed.tsv	GIT	0fd6eeec8895ab74a4cf1f3ad1e950feef999ce30cd5b4f1368d304ebf3714ff	7626	PRESENT	data/c1/full/evidence/SHA256SUMS	
data/c1/full/evidence/h-freeze/bridge-cells.csv	GIT	ada77acdfd34149369745a25f2a0d8df1373490ca8ef71fec2215ec4ecae39a5	1993	PRESENT	data/c1/full/evidence/SHA256SUMS	
data/c1/full/evidence/h-freeze/manifest-bridge.out	GIT	57f925219129b4463d2cd54fab690a17eb15ae4df1add5a313b6d995c784343c	167	PRESENT	data/c1/full/evidence/SHA256SUMS	
data/c1/full/evidence/h-freeze/manifest-full.out	GIT	f6344dc2da76dcbeb735ea87cfdfc26c4cb78a7e4976a8a966d1b641b81b95c8	167	PRESENT	data/c1/full/evidence/SHA256SUMS	
data/c1/full/evidence/h-freeze/plonk-key-regeneration.tsv	GIT	80ae860e58f1dad6b71971448d02dbdb42ad9be71ed63ab2443b0aa99ab548cb	3924	PRESENT	data/c1/full/evidence/SHA256SUMS	
data/c1/full/evidence/h-freeze/regen_plonk.sh	GIT	5cafbc19669d42d37ce79eb0b0367863997f299bae5865c3ba49ba1ee3dcf3a1	1597	PRESENT	data/c1/full/evidence/SHA256SUMS	
data/c1/full/evidence/harness/cell.js	GIT	e2042caccc71e8e80853389ae6faff4a5750d775f6050bde58370b07ba54909f	17058	PRESENT	data/c1/full/evidence/SHA256SUMS	
data/c1/full/evidence/harness/compile_all.js	GIT	5732bab8d9bd251e15fbf096e2f2fb27ff38ef600eb14abfdd5decd65606e0e4	1963	PRESENT	data/c1/full/evidence/SHA256SUMS	
data/c1/full/evidence/harness/contracts.js	GIT	89da4650c9d26ea89d259c61c35bb90b96706c96d7e097c9753affae48b16e12	3648	PRESENT	data/c1/full/evidence/SHA256SUMS	
data/c1/full/evidence/harness/evidence-schema.json	GIT	9547f7a8d91bd1ebdf1dbc4490c4ac4e35490908ce024fc85d010ae23161cb1d	2082	PRESENT	data/c1/full/evidence/SHA256SUMS	
data/c1/full/evidence/harness/freeze_evidence.sh	GIT	b6dee3296a95c593fe9847de3f7e8ae8867d79f23cee2c55c3720408e2bef9d9	342	PRESENT	data/c1/full/evidence/SHA256SUMS	
data/c1/full/evidence/harness/hh/evm_run.js	GIT	71b2f8e12f75558a242e592ec0a348efc45ba819c14f2c19811a6021d62be525	4447	PRESENT	data/c1/full/evidence/SHA256SUMS	
data/c1/full/evidence/harness/hh/hardhat.config.js	GIT	c4e410159398d15f45c067a637827db33997b62c2a044ad2873e61d389712d84	862	PRESENT	data/c1/full/evidence/SHA256SUMS	
data/c1/full/evidence/harness/lib/eravm.js	GIT	7d632ef10b1e420ebadc866874eec48464c86603b095cb996838534a39ca8417	4910	PRESENT	data/c1/full/evidence/SHA256SUMS	
data/c1/full/evidence/harness/lib/proofs.js	GIT	919db959397d65cfd698a7cec745bc7d5528bcca896868ea91245ad8c9f8a6b3	1853	PRESENT	data/c1/full/evidence/SHA256SUMS	
data/c1/full/evidence/harness/lib/solc.js	GIT	6eca7cae0e046315e996c4b18cd75e58a2e1d04397c07eeb1412ee286285fd46	3790	PRESENT	data/c1/full/evidence/SHA256SUMS	
data/c1/full/evidence/harness/make_manifest.py	GIT	67c247457dd05e1ccb785f8121e4e5517d3d46477dff7b293ae9fe4a0ae078e6	7089	PRESENT	data/c1/full/evidence/SHA256SUMS	
data/c1/full/evidence/harness/run_campaign.py	GIT	327577085402e811c7d894008cbfa1f5c89567a333a12b9bece58ad90e77c9bb	5243	PRESENT	data/c1/full/evidence/SHA256SUMS	
data/c1/full/evidence/harness/validate_evidence.py	GIT	45384bc4408260ca1bed6d0b843ce46a3601c976d7bb238a0c1dad7bfe7f01c2	4905	PRESENT	data/c1/full/evidence/SHA256SUMS	
data/c1/full/evidence/harness/zkos_node.sh	GIT	9c80e439065e2fb2338b98a8bb691d85094b7c5697bc0753b80f9607d3f708b8	1719	PRESENT	data/c1/full/evidence/SHA256SUMS	
data/c1/full/evidence/harness/zkos_stop.sh	GIT	052ddc7ba9b84c7f80087d07002996e6ca651bdaec462e73d60d5f832dae3e88	202	PRESENT	data/c1/full/evidence/SHA256SUMS	
data/c1/full/evidence/selftest/README.md	GIT	f67dd7b5da808766b1ea86b36b6c2d07caf16d06acfa4174adee73788663b6f7	1191	PRESENT	data/c1/full/evidence/SHA256SUMS	
data/c1/full/evidence/selftest/run1/AC_checks.csv	GIT	3e7b35222e7bcb08f4e44dfd99bf524c3e8fe7a25cf5433d6a06482380debc1d	15908	PRESENT	data/c1/full/evidence/SHA256SUMS	
data/c1/full/evidence/selftest/run1/VALIDATION.json	GIT	52c333de6c0acc423dee1982d585aaa5606815cc3543104d81198563b5e89c8a	1759	PRESENT	data/c1/full/evidence/SHA256SUMS	
data/c1/full/evidence/selftest/run1/orchestrator.log	GIT	11afe1e39a8bbe4540bc4df50cdf1a46a83a3c1aa7b2ff9209bb9b077760425c	1449	PRESENT	data/c1/full/evidence/SHA256SUMS	
data/c1/full/evidence/selftest/run1/summary.json	GIT	20caa0d1549dbbb5d8d2377ae4b98b7499152c167e9eec4d65d64a143b623081	222	PRESENT	data/c1/full/evidence/SHA256SUMS	
data/c1/full/evidence/selftest/selftest-cells.csv	GIT	3567222b4c01bb4d0cc94fce7439340d7d5a2cedb085592d9341ed5dbc2d24dd	855	PRESENT	data/c1/full/evidence/SHA256SUMS	
data/c1/full/record/SHA256SUMS	GIT	600815c03df9dd00da2d9e5e0bfbd842c6113e233efc69c774ea13245ca1a613	3164	PRESENT		
data/c1/full/record/bridge-check/BRIDGE-CHECK.csv	GIT	e81ce3315cde3a93146716d035925021bffe9a22caf5137c2723d7c93e2375cb	19336	PRESENT	data/c1/full/record/SHA256SUMS	
data/c1/full/record/bridge-check/BRIDGE-CHECK.json	GIT	e743d1d55700a87443d21521025ab28f4953744e65239644e7af191fddd407ef	514	PRESENT	data/c1/full/record/SHA256SUMS	
data/c1/full/record/campaign.json	GIT	f67c267b21d121d9bcfcc44e7f4e8d4c04c2690fa511518d595fcbdb9e8763ca	5004	PRESENT	data/c1/full/record/SHA256SUMS	
data/c1/full/record/post-registered/README.md	GIT	28062bd5a2e4f0e3ecad8b411ab03c0f0cea659ce0def501ed334db98fb21808	970	PRESENT	data/c1/full/record/SHA256SUMS	
data/c1/full/record/post-registered/ZKOS-residual-vs-k.csv	GIT	2a15f29562f7d35be1c71ac4408a5b0cfe834641e6e05ce28ef7650f192d5780	2699	PRESENT	data/c1/full/record/SHA256SUMS	
data/c1/full/record/post-registered/ZKOS-residual-vs-k.json	GIT	0bd7d6411ae0195551a6fec2ac59d26f1e0e85e066f387e70a8678e566323ecf	942	PRESENT	data/c1/full/record/SHA256SUMS	
data/c1/full/record/post-registered/npg-per-proof.csv	GIT	9e65270bfb7735b767d747a98429b6e6c11d53326653c9b930f90c1411ee0e96	50181	PRESENT	data/c1/full/record/SHA256SUMS	
data/c1/full/record/report-tables/full-tables.md	GIT	bd9390de5dfd1cb711d1243f1bb52c826806de3876fd1e009c0a3241d9601d7d	47296	PRESENT	data/c1/full/record/SHA256SUMS	
data/c1/full/record/report-tables/tables-csv/strict-unseen-EVM-EraVM.csv	GIT	35e5294c799f53c5d6f65389aacbcd075e1beade7a137a60a1dd236479a10299	5739	PRESENT	data/c1/full/record/SHA256SUMS	
data/c1/full/record/report-tables/tables-csv/strict-unseen-ZKsyncOS.csv	GIT	1918da4e5a8e5f72bac8f463890419d26c96e0b39c592aeed4554eb4324b8b12	2524	PRESENT	data/c1/full/record/SHA256SUMS	
data/c1/full/record/scoring/AC_checks.csv	GIT	7a8d798c0e8a26a21d7bc98db43009c63c5bd4cd82de219f57b154bf0621c5cd	329390	PRESENT	data/c1/full/record/SHA256SUMS	
data/c1/full/record/scoring/CELL_summary.csv	GIT	e974cd6560ad2bea66deec9fe3aa44352c0d620a17a50bd92f305df028a238e6	29733	PRESENT	data/c1/full/record/SHA256SUMS	
data/c1/full/record/scoring/NPG_ranking.csv	GIT	d977f17770feaac16df2ac9d16c6f1f32c62985204ffad892c4cddeb73952fdb	1255	PRESENT	data/c1/full/record/SHA256SUMS	
data/c1/full/record/scoring/NPG_scoring.csv	GIT	f51444f7f4585dd174caa27194a64481fd2ef6216348ddab076ea81d1d3fcebf	2289	PRESENT	data/c1/full/record/SHA256SUMS	
data/c1/full/record/scoring/P_scoring.csv	GIT	fabdb50b29b8fff8e9ec6bc895154822e1f326d7279af11bbf328889710cb22d	18776	PRESENT	data/c1/full/record/SHA256SUMS	
data/c1/full/record/scoring/R_scoring.csv	GIT	a5454ba71a6d970cce40529540a064491eb0d9b040fe5414aa1c109de8c155e6	6502	PRESENT	data/c1/full/record/SHA256SUMS	
data/c1/full/record/scoring/SCORING-INVOCATION.txt	GIT	ac9962e4de37ac890f7b2376734641d7eb97b027571a556ee3d05f5a3c6669eb	1262	PRESENT	data/c1/full/record/SHA256SUMS	
data/c1/full/record/scoring/SEM_scoring.csv	GIT	7c9ffa4a706acf9c6b654254ff9ebd5b92ae899e82482756815c4bff5611db9d	1460	PRESENT	data/c1/full/record/SHA256SUMS	
data/c1/full/record/scoring/SG_monotonicity.csv	GIT	1bbc8b4de3a920f92dd853b02d91631b7d7f82d3d91a052e348201bf1c00b73a	170	PRESENT	data/c1/full/record/SHA256SUMS	
data/c1/full/record/scoring/SG_signs.csv	GIT	96f26c08c6623fb0915dc767a313e25f54e77ca118b41d466401ceebb375d86c	3714	PRESENT	data/c1/full/record/SHA256SUMS	
data/c1/full/record/scoring/SHA256SUMS	GIT	f0e15d60f2a53ae7e8e5fe0a4679551d3a38bda07c1a1f0d8f0fe485405bdb58	978	PRESENT	data/c1/full/record/SHA256SUMS	
data/c1/full/record/scoring/XO_crossovers.csv	GIT	2fe47166b236f43e06a50d0fe3cc81ca5101abea02342ea945d8585e6e4a9597	499	PRESENT	data/c1/full/record/SHA256SUMS	
data/c1/full/record/scoring/ZC_scoring.csv	GIT	8295147b732c2628ef26573441da30d32b9c3ac58f809c92b842debec429c7da	17497	PRESENT	data/c1/full/record/SHA256SUMS	
data/c1/full/record/scoring/scoring-stderr.txt	GIT	e3b0c44298fc1c149afbf4c8996fb92427ae41e4649b934ca495991b7852b855	0	PRESENT	data/c1/full/record/SHA256SUMS	
data/c1/full/record/scoring/scoring-stdout.json	GIT	118d8f298c4aa4d402c5bc4e95a5c1373656cbef6cda3e812164e577dced759b	610	PRESENT	data/c1/full/record/SHA256SUMS	
data/c1/full/record/scoring/summary.json	GIT	8632e7444fc4f049ece027a5597e55fecfc70419697b913032200eb7b85c445d	609	PRESENT	data/c1/full/record/SHA256SUMS	
data/c1/full/record/tools/bridge_check.py	GIT	5fcbe375cfb61701616c6362a6df9c3ccbb1a0a90365501cb78ccca59d58306b	2759	PRESENT	data/c1/full/record/SHA256SUMS	
data/c1/full/record/tools/full_tables.py	GIT	05fd00f56fcb3ed46c52079dcf632b4aa30c1c2c433940a3cd30aa666dd710e0	12502	PRESENT	data/c1/full/record/SHA256SUMS	
data/c1/full/record/tools/npg_per_proof.py	GIT	72edca52a53e2c528c3930e17d782276bb7240d3d6320fd2b769964aaae52031	1779	PRESENT	data/c1/full/record/SHA256SUMS	
data/c1/full/record/tools/post_collection.sh	GIT	0ed06feefe0253d1e63f09e7e81c81dbbd4613b70e55a1a88a06978dd2a43442	3285	PRESENT	data/c1/full/record/SHA256SUMS	
data/c1/full/record/tools/zkos_residual_vs_k.py	GIT	b0f14b67fa4aa98e35193ad8d651af6bd830b501fc8200ab91e0ac295d0c77cc	4915	PRESENT	data/c1/full/record/SHA256SUMS	
data/c1/full/record/validation/BRIDGE-VALIDATION.json	GIT	afcd32409e161721dad9c114b9e22e693543b3154ff67164cde49aed85413d77	2873	PRESENT	data/c1/full/record/SHA256SUMS	
data/c1/full/record/validation/FULL-VALIDATION.json	GIT	754b80c51219df1f74c0b8c75f72d40e0f601f8994da50bb7c65c17b58fdb925	20872	PRESENT	data/c1/full/record/SHA256SUMS	
data/c1/pilot/evidence/COLLECTION-COMPLETE	GIT	59f14039bd58b5461294796a195f9cb6fbc8440f3d17125b00fed27f1b78553d	28	PRESENT	data/c1/pilot/evidence/SHA256SUMS	
data/c1/pilot/evidence/HARNESS-SHA256SUMS	GIT	3b36c985c2243897d690c24a4ef8cafecd45b44c7fe705154309f8bad9478ac8	1220	PRESENT	data/c1/pilot/evidence/SHA256SUMS	
data/c1/pilot/evidence/RUN-MANIFEST-PILOT.json	GIT	a417e5f11e60d3355c7e0c8591f8e9f8d432a62e3d25710fe7450788fe95f2cf	27856	PRESENT	data/c1/pilot/evidence/SHA256SUMS	
data/c1/pilot/evidence/SHA256SUMS	GIT	08cc9f3afb6cd3b1bfaa0cff802001acb3ce3ee7d89f1d8311ba140893948e98	42419	PRESENT		
data/c1/pilot/evidence/V2-MPI-PILOT-01-records.jsonl	GIT	1bb698a2cb236dcbf2ea96efed1cfee4085d462679ca34430086e8a624498792	1974629	PRESENT	data/c1/pilot/evidence/SHA256SUMS	
data/c1/pilot/evidence/cell-order.json	GIT	7468062bf60f1b86c6f6e1dbb6fad6ffd7d1ebd5f81e48831e2beb4cb0fcda9a	5576	PRESENT	data/c1/pilot/evidence/SHA256SUMS	
data/c1/pilot/evidence/cells/00-eravm-29__groth16__c1_k01.jsonl	GIT	0f75baf05408f6accb5419c08a859910031157822d8f099293263484adfd4d12	44217	PRESENT	data/c1/pilot/evidence/SHA256SUMS	
data/c1/pilot/evidence/cells/01-eravm-29__plonk__c1_ctx_k04.jsonl	GIT	ed4172a8eac3a79aa90f4afffd8620d0d406486bb43774f5ae850ac2f57628c6	48434	PRESENT	data/c1/pilot/evidence/SHA256SUMS	
data/c1/pilot/evidence/cells/02-zkos-v32_at_npg100__plonk__c1_k01.jsonl	GIT	fb6544aa37c6d7c424f261faf16dfe78f0f358d01a8f3b2ec5d930b61bf47f0b	48410	PRESENT	data/c1/pilot/evidence/SHA256SUMS	
data/c1/pilot/evidence/cells/03-zkos-v32_at_npg100__plonk__c1_ctx_k02.jsonl	GIT	973ab6c62b6326fe8faa16223323a494d380119b99c430c11cf004308f297a2f	49752	PRESENT	data/c1/pilot/evidence/SHA256SUMS	
data/c1/pilot/evidence/cells/04-eravm-29__groth16__c1_ctx_k02.jsonl	GIT	cae79b74153a8f7fcffb14ee791b6ad545a6506472e3ddf22ea869574ffd0105	45512	PRESENT	data/c1/pilot/evidence/SHA256SUMS	
data/c1/pilot/evidence/cells/05-evm-osaka__plonk__c1_ctx_k02.jsonl	GIT	e9a7621d62a5b76eb4f736fe3d2f0bcc321947ddd44b5e269d3ca2b65883d61b	72814	PRESENT	data/c1/pilot/evidence/SHA256SUMS	
data/c1/pilot/evidence/cells/06-zkos-v32_at_npg139__plonk__c1_k01.jsonl	GIT	a950e90b6a502616795dd7338304d4c909fb1d755180228ea361ac6434a90624	48410	PRESENT	data/c1/pilot/evidence/SHA256SUMS	
data/c1/pilot/evidence/cells/07-zkos-v32_at_npg100__groth16__c1_ctx_k02.jsonl	GIT	4874f03f03eac0b26b5361fb8749dd95640890a21d87db74a56308d60625c5ea	49912	PRESENT	data/c1/pilot/evidence/SHA256SUMS	
data/c1/pilot/evidence/cells/08-evm-osaka__groth16__c1_k01.jsonl	GIT	8940bfb38cc1d36686b491c7688cf00163397642d6d915f182078be6894d1c3a	52907	PRESENT	data/c1/pilot/evidence/SHA256SUMS	
data/c1/pilot/evidence/cells/09-zkos-v32_at_npg100__groth16__c1_k01.jsonl	GIT	205a29ac23db9e5b909fd1b1db8279bb19fdfc49838b28fba1814401402aea45	48566	PRESENT	data/c1/pilot/evidence/SHA256SUMS	
data/c1/pilot/evidence/cells/10-eravm-29__plonk__c1_k01.jsonl	GIT	d8c6e8131bc2d3b412a028fe476f8bf06a099e7491fd37fa012262111b5fda1c	44293	PRESENT	data/c1/pilot/evidence/SHA256SUMS	
data/c1/pilot/evidence/cells/11-zkos-v32_at_npg100__plonk__c1_ctx_k04.jsonl	GIT	130b9328c1338c62309ca2c24ee3485778bc263d7c744e5c623742a40098693b	52877	PRESENT	data/c1/pilot/evidence/SHA256SUMS	
data/c1/pilot/evidence/cells/12-zkos-v32_at_npg171__plonk__c1_k01.jsonl	GIT	0c4ae31de6ee820c8ad36ff0dd98d78f1bff4b8b49e6faa22f5dab1d7254f05e	48451	PRESENT	data/c1/pilot/evidence/SHA256SUMS	
data/c1/pilot/evidence/cells/13-eravm-29__plonk__c1_ctx_k16.jsonl	GIT	d33587a08e99ba9024019798bb1ccdd756279617970245a53fb5f0d319a2d566	59212	PRESENT	data/c1/pilot/evidence/SHA256SUMS	
data/c1/pilot/evidence/cells/14-eravm-29__plonk__c1_ctx_k02.jsonl	GIT	98e854c3e9de073025a6cffaaabe33e0365607c85c05dd7452f5727fe7539fee	45576	PRESENT	data/c1/pilot/evidence/SHA256SUMS	
data/c1/pilot/evidence/cells/15-zkos-v32_at_npg300__plonk__c1_k01.jsonl	GIT	cac219739acb020bd9d9c92d4e65da2c9178debf0488eafdcc25e5922fbab90c	48451	PRESENT	data/c1/pilot/evidence/SHA256SUMS	
data/c1/pilot/evidence/cells/16-evm-osaka__plonk__c1_ctx_k16.jsonl	GIT	c675b5dd60a63d5976919a37db509f6d4846b7320fe750df92faf18a3fab4750	111382	PRESENT	data/c1/pilot/evidence/SHA256SUMS	
data/c1/pilot/evidence/cells/17-evm-osaka__groth16__c1_ctx_k02.jsonl	GIT	a74c16527ebb04789a982d3fa7af21dc8993965ba1645bf293dbb6a47f42acbd	54097	PRESENT	data/c1/pilot/evidence/SHA256SUMS	
data/c1/pilot/evidence/cells/18-zkos-v32_at_npg100__groth16__c1_ctx_k16.jsonl	GIT	55f9ca903521cf2d5a021cd7c0edc28d80606c7845f100b730a3f5256302b89f	64468	PRESENT	data/c1/pilot/evidence/SHA256SUMS	
data/c1/pilot/evidence/cells/19-zkos-v32_at_npg100__groth16__c1_ctx_k04.jsonl	GIT	900fa60fc4d55945e23e3850e82f1e4c17eebeaa8cc83bcaf59ae7cb290ddf11	53045	PRESENT	data/c1/pilot/evidence/SHA256SUMS	
data/c1/pilot/evidence/cells/20-evm-osaka__plonk__c1_ctx_k04.jsonl	GIT	8c82a4a96161a7b81f62239ff35ed49a7a169a8b89e16ac748a24d842f5d2d38	79510	PRESENT	data/c1/pilot/evidence/SHA256SUMS	
data/c1/pilot/evidence/cells/21-zkos-v32_at_npg169__plonk__c1_k01.jsonl	GIT	559c215251289c9303a4e74db98c564a0c97d940d46657124d3b9b3b82d10586	48451	PRESENT	data/c1/pilot/evidence/SHA256SUMS	
data/c1/pilot/evidence/cells/22-zkos-v32_at_npg100__plonk__c1_ctx_k16.jsonl	GIT	2ca1fda4400ed877f6f2e70db123de2374dc97badad4937b249be28ef20edc00	64270	PRESENT	data/c1/pilot/evidence/SHA256SUMS	
data/c1/pilot/evidence/cells/23-evm-osaka__groth16__c1_ctx_k16.jsonl	GIT	114c7d329120557bcc0ab335e527d17d23b87748268da208460ab9f90287722d	68125	PRESENT	data/c1/pilot/evidence/SHA256SUMS	
data/c1/pilot/evidence/cells/24-zkos-v32_at_npg300__groth16__c1_k01.jsonl	GIT	0cfb1fe73db6b2665bdf144c3b1c948b625fd12faffe475d028eb7d42e35dbe6	48607	PRESENT	data/c1/pilot/evidence/SHA256SUMS	
data/c1/pilot/evidence/cells/25-zkos-v32_at_npg151__plonk__c1_k01.jsonl	GIT	4c10d35a7f407830ef4b37900ccff58b210b029156e04bd556b338e702e7ef4e	48451	PRESENT	data/c1/pilot/evidence/SHA256SUMS	
data/c1/pilot/evidence/cells/26-zkos-v32_at_npg139__groth16__c1_k01.jsonl	GIT	4061092cb753f7ae6595593034e9d23736624eec13b6cc49812e36f8c31df484	48607	PRESENT	data/c1/pilot/evidence/SHA256SUMS	
data/c1/pilot/evidence/cells/27-zkos-v32_at_npg151__groth16__c1_k01.jsonl	GIT	3e07c138e1958cc979b186a579afcbe21458fff9811c37fcfb3fd0c9a9afce59	48607	PRESENT	data/c1/pilot/evidence/SHA256SUMS	
data/c1/pilot/evidence/cells/28-eravm-29__groth16__c1_ctx_k04.jsonl	GIT	d3a2606363a6d961e487d7ab4d96fd28bba6a4fd8f7348c22d9d9cc22115d87e	48475	PRESENT	data/c1/pilot/evidence/SHA256SUMS	
data/c1/pilot/evidence/cells/29-zkos-v32_at_npg126__groth16__c1_k01.jsonl	GIT	1070dea85634375ea59d103848eddea00737903b374530fbeac40e50d9d08682	48607	PRESENT	data/c1/pilot/evidence/SHA256SUMS	
data/c1/pilot/evidence/cells/30-zkos-v32_at_npg171__groth16__c1_k01.jsonl	GIT	dd42e4c528b9445f0267537852e2bd9092eabae2c23d8985433e0ca71bcf6526	48607	PRESENT	data/c1/pilot/evidence/SHA256SUMS	
data/c1/pilot/evidence/cells/31-evm-osaka__plonk__c1_k01.jsonl	GIT	b21857702e7b32de8cc4679e92e0d99018bb8504a43c53e64c6e93312df3c819	70086	PRESENT	data/c1/pilot/evidence/SHA256SUMS	
data/c1/pilot/evidence/cells/32-zkos-v32_at_npg169__groth16__c1_k01.jsonl	GIT	57a893e9cb1aaeba78f7afb4e8af1d457d9e011e58d67d7cc2b8c44be70db522	48607	PRESENT	data/c1/pilot/evidence/SHA256SUMS	
data/c1/pilot/evidence/cells/33-eravm-29__groth16__c1_ctx_k16.jsonl	GIT	a05f6ac46e716bec23f59026b4b935fadec886fb91320666cebda0e58e86d643	59266	PRESENT	data/c1/pilot/evidence/SHA256SUMS	
data/c1/pilot/evidence/cells/34-zkos-v32_at_npg126__plonk__c1_k01.jsonl	GIT	50fc7dd5ad040748649ffc6bc20fc149838c98f9d79ea22067d3b432c7a36159	48451	PRESENT	data/c1/pilot/evidence/SHA256SUMS	
data/c1/pilot/evidence/cells/35-evm-osaka__groth16__c1_ctx_k04.jsonl	GIT	25f3ed0b30fa28e127f965b8207a2d3f42cbb83143581546d8aa0b69bab6bfe5	57116	PRESENT	data/c1/pilot/evidence/SHA256SUMS	
data/c1/pilot/evidence/compiled/c1_ctx_k02-groth16.json	GIT	d00c6d5cffe046c44d653422cadc2b207ee0d43a56b23678c6f787f28502461a	44844	PRESENT	data/c1/pilot/evidence/SHA256SUMS	
data/c1/pilot/evidence/compiled/c1_ctx_k02-plonk.json	GIT	a36d927ffe8cb6347d0e481dd4b0de360988d20b8ec02d4609f932b613dd3859	140157	PRESENT	data/c1/pilot/evidence/SHA256SUMS	
data/c1/pilot/evidence/compiled/c1_ctx_k04-groth16.json	GIT	81cd7110ed91be5aa9f24183377279e37d2e2788c0bee14a21b7cadbee9f4723	49256	PRESENT	data/c1/pilot/evidence/SHA256SUMS	
data/c1/pilot/evidence/compiled/c1_ctx_k04-plonk.json	GIT	5a86c9254c34d65e40b34e9b93e01f5fe073ddc1a2f429f91398cd65a871d994	151237	PRESENT	data/c1/pilot/evidence/SHA256SUMS	
data/c1/pilot/evidence/compiled/c1_ctx_k16-groth16.json	GIT	bbf6bd2d4659daa7a1abe22051e51c9c0605cbb1eeeb64692223e3b25adc4b6a	75271	PRESENT	data/c1/pilot/evidence/SHA256SUMS	
data/c1/pilot/evidence/compiled/c1_ctx_k16-plonk.json	GIT	c08a214e30097d51a915481b6405e63fae188fcf32f3960c6798fa2ece6024d6	199839	PRESENT	data/c1/pilot/evidence/SHA256SUMS	
data/c1/pilot/evidence/compiled/c1_k01-groth16.json	GIT	5e5ea7d5181a33cfea4337e3ddaca757571cf325b49c8c0640f2dff50719600b	42592	PRESENT	data/c1/pilot/evidence/SHA256SUMS	
data/c1/pilot/evidence/compiled/c1_k01-plonk.json	GIT	b0593176d8e641d348307a275a21a4a62331cf6324662ed61b4b1aecabbf7d6b	135989	PRESENT	data/c1/pilot/evidence/SHA256SUMS	
data/c1/pilot/evidence/deviations/DEVIATIONS-PILOT.md	GIT	2668cac0f3e99b6205a05aef58f7b234776b74a4a73278f08d16a26ba62fa627	635	PRESENT	data/c1/pilot/evidence/SHA256SUMS	
data/c1/pilot/evidence/h-freeze/plonk-key-regeneration.tsv	GIT	80ae860e58f1dad6b71971448d02dbdb42ad9be71ed63ab2443b0aa99ab548cb	3924	PRESENT	data/c1/pilot/evidence/SHA256SUMS	
data/c1/pilot/evidence/h-freeze/regen_plonk.sh	GIT	6c78e8e2c57c3c1686a846a10aad62240c033600abea7f0ea9efd6aeb9fe5d12	1598	PRESENT	data/c1/pilot/evidence/SHA256SUMS	
data/c1/pilot/evidence/harness/cell.js	GIT	6cd2d0e0c7ac9965c0dfd48858f3a48f3cf1ea0664719b44857702da860fce5a	17013	PRESENT	data/c1/pilot/evidence/SHA256SUMS	
data/c1/pilot/evidence/harness/compile_all.js	GIT	5732bab8d9bd251e15fbf096e2f2fb27ff38ef600eb14abfdd5decd65606e0e4	1963	PRESENT	data/c1/pilot/evidence/SHA256SUMS	
data/c1/pilot/evidence/harness/contracts.js	GIT	89da4650c9d26ea89d259c61c35bb90b96706c96d7e097c9753affae48b16e12	3648	PRESENT	data/c1/pilot/evidence/SHA256SUMS	
data/c1/pilot/evidence/harness/evidence-schema.json	GIT	9547f7a8d91bd1ebdf1dbc4490c4ac4e35490908ce024fc85d010ae23161cb1d	2082	PRESENT	data/c1/pilot/evidence/SHA256SUMS	
data/c1/pilot/evidence/harness/freeze_evidence.sh	GIT	b6dee3296a95c593fe9847de3f7e8ae8867d79f23cee2c55c3720408e2bef9d9	342	PRESENT	data/c1/pilot/evidence/SHA256SUMS	
data/c1/pilot/evidence/harness/hh/evm_run.js	GIT	71b2f8e12f75558a242e592ec0a348efc45ba819c14f2c19811a6021d62be525	4447	PRESENT	data/c1/pilot/evidence/SHA256SUMS	
data/c1/pilot/evidence/harness/hh/hardhat.config.js	GIT	c4e410159398d15f45c067a637827db33997b62c2a044ad2873e61d389712d84	862	PRESENT	data/c1/pilot/evidence/SHA256SUMS	
data/c1/pilot/evidence/harness/lib/eravm.js	GIT	7d632ef10b1e420ebadc866874eec48464c86603b095cb996838534a39ca8417	4910	PRESENT	data/c1/pilot/evidence/SHA256SUMS	
data/c1/pilot/evidence/harness/lib/proofs.js	GIT	919db959397d65cfd698a7cec745bc7d5528bcca896868ea91245ad8c9f8a6b3	1853	PRESENT	data/c1/pilot/evidence/SHA256SUMS	
data/c1/pilot/evidence/harness/lib/solc.js	GIT	6eca7cae0e046315e996c4b18cd75e58a2e1d04397c07eeb1412ee286285fd46	3790	PRESENT	data/c1/pilot/evidence/SHA256SUMS	
data/c1/pilot/evidence/harness/make_manifest.py	GIT	14483bfc8ddb75e3a943c6572a608fc65678867412078e9f20cb34e743d43232	6981	PRESENT	data/c1/pilot/evidence/SHA256SUMS	
data/c1/pilot/evidence/harness/run_campaign.py	GIT	a2cd0e276ef019ed17f5ff821346088c539510dbdfaad22b3945f13636e57771	4974	PRESENT	data/c1/pilot/evidence/SHA256SUMS	
data/c1/pilot/evidence/harness/validate_evidence.py	GIT	b68788b9de3eba81f07537535d8c5c590e39aba1f70bc985ee7ca3a1ccebaa94	4819	PRESENT	data/c1/pilot/evidence/SHA256SUMS	
data/c1/pilot/evidence/harness/zkos_node.sh	GIT	9c80e439065e2fb2338b98a8bb691d85094b7c5697bc0753b80f9607d3f708b8	1719	PRESENT	data/c1/pilot/evidence/SHA256SUMS	
data/c1/pilot/evidence/harness/zkos_stop.sh	GIT	052ddc7ba9b84c7f80087d07002996e6ca651bdaec462e73d60d5f832dae3e88	202	PRESENT	data/c1/pilot/evidence/SHA256SUMS	
data/c1/pilot/evidence/orchestrator.log	GIT	e12e71fbe18d2163874ae9e6169cc31977bbd3fb4be3a2b823e3839e35ba62fa	6533	PRESENT	data/c1/pilot/evidence/SHA256SUMS	
data/c1/pilot/evidence/orchestrator.stdout	GIT	e12e71fbe18d2163874ae9e6169cc31977bbd3fb4be3a2b823e3839e35ba62fa	6533	PRESENT	data/c1/pilot/evidence/SHA256SUMS	
data/c1/pilot/evidence/raw/00-eravm-29__groth16__c1_k01/attempt-1/anvil-zksync.log	GIT	ccf20991b714c1c2c3a7fb8bc2573729aa71ed6a1d1fef92e66f93a365eec332	8081	PRESENT	data/c1/pilot/evidence/SHA256SUMS	
data/c1/pilot/evidence/raw/00-eravm-29__groth16__c1_k01/attempt-1/anvil-zksync.log.stdout	GIT	6c0b5842263f3d759bef1cfc8f9fb40b074fed1ff2adf3dcff7af8ab3a519482	19920	PRESENT	data/c1/pilot/evidence/SHA256SUMS	
data/c1/pilot/evidence/raw/00-eravm-29__groth16__c1_k01/attempt-1/cell-meta.json	GIT	808242f4d0eb612d3e8579f995642842c00e669d2de7d6a3ec850c0a244926a6	688	PRESENT	data/c1/pilot/evidence/SHA256SUMS	
data/c1/pilot/evidence/raw/00-eravm-29__groth16__c1_k01/attempt-1/eravm-calltraces.json	GIT	254f01e3d11b2b49b7c7884a97c43961ecdd18fda5d0651b9652059a0d695838	361166	PRESENT	data/c1/pilot/evidence/SHA256SUMS	
data/c1/pilot/evidence/raw/00-eravm-29__groth16__c1_k01/attempt-1/records.jsonl	GIT	0f75baf05408f6accb5419c08a859910031157822d8f099293263484adfd4d12	44217	PRESENT	data/c1/pilot/evidence/SHA256SUMS	
data/c1/pilot/evidence/raw/00-eravm-29__groth16__c1_k01/attempt-1/spec.json	GIT	2623b0a032eced61786dfbf77932b09e35c04285562a687aa5323c8daea70d1e	668	PRESENT	data/c1/pilot/evidence/SHA256SUMS	
data/c1/pilot/evidence/raw/00-eravm-29__groth16__c1_k01/attempt-1/stderr.txt	GIT	e3b0c44298fc1c149afbf4c8996fb92427ae41e4649b934ca495991b7852b855	0	PRESENT	data/c1/pilot/evidence/SHA256SUMS	
data/c1/pilot/evidence/raw/00-eravm-29__groth16__c1_k01/attempt-1/stdout.txt	GIT	e60cc70163ef19260891ed79d6e0d8ab21bf04027f7dc701eb3ca845454f7731	80	PRESENT	data/c1/pilot/evidence/SHA256SUMS	
data/c1/pilot/evidence/raw/01-eravm-29__plonk__c1_ctx_k04/attempt-1/anvil-zksync.log	GIT	e56473eb5ff1c0d5779de5540debc9b67594c8006f2b1df674447e844220ad30	8084	PRESENT	data/c1/pilot/evidence/SHA256SUMS	
data/c1/pilot/evidence/raw/01-eravm-29__plonk__c1_ctx_k04/attempt-1/anvil-zksync.log.stdout	GIT	36358ed068d90687c2f8a7c104e96dcaa2d8790c68b149b0e929a3cf508859fd	19926	PRESENT	data/c1/pilot/evidence/SHA256SUMS	
data/c1/pilot/evidence/raw/01-eravm-29__plonk__c1_ctx_k04/attempt-1/cell-meta.json	GIT	69e5e3acd1398a37b5d4daa429536e00581afd2ceedc4028df0d24718d0c3de5	689	PRESENT	data/c1/pilot/evidence/SHA256SUMS	
data/c1/pilot/evidence/raw/01-eravm-29__plonk__c1_ctx_k04/attempt-1/eravm-calltraces.json	GIT	bd6afa61d780cf18f260935374962c7f9badd47562bd80f63314975cfe04f686	656429	PRESENT	data/c1/pilot/evidence/SHA256SUMS	
data/c1/pilot/evidence/raw/01-eravm-29__plonk__c1_ctx_k04/attempt-1/records.jsonl	GIT	ed4172a8eac3a79aa90f4afffd8620d0d406486bb43774f5ae850ac2f57628c6	48434	PRESENT	data/c1/pilot/evidence/SHA256SUMS	
data/c1/pilot/evidence/raw/01-eravm-29__plonk__c1_ctx_k04/attempt-1/spec.json	GIT	8a329631366a65c95164f56de1ac14b0521704046ac3af4195ea16416ce8badb	678	PRESENT	data/c1/pilot/evidence/SHA256SUMS	
data/c1/pilot/evidence/raw/01-eravm-29__plonk__c1_ctx_k04/attempt-1/stderr.txt	GIT	e3b0c44298fc1c149afbf4c8996fb92427ae41e4649b934ca495991b7852b855	0	PRESENT	data/c1/pilot/evidence/SHA256SUMS	
data/c1/pilot/evidence/raw/01-eravm-29__plonk__c1_ctx_k04/attempt-1/stdout.txt	GIT	9a424bb5876e3b10dd0b3764533451cfe3c21ca3fcf092400bffca5666b4ea89	82	PRESENT	data/c1/pilot/evidence/SHA256SUMS	
data/c1/pilot/evidence/raw/02-zkos-v32_at_npg100__plonk__c1_k01/attempt-1/cell-meta.json	GIT	af8141db86cd6e1562811b7f5a68f01cd41c2bae883037d188b1d6cb166e8954	440	PRESENT	data/c1/pilot/evidence/SHA256SUMS	
data/c1/pilot/evidence/raw/02-zkos-v32_at_npg100__plonk__c1_k01/attempt-1/node/anvil.log	GIT	cb1193039bf769376fdab92395204f6ed4c2b797fa3a2d847c3c86ef584e6ad5	196653	PRESENT	data/c1/pilot/evidence/SHA256SUMS	
data/c1/pilot/evidence/raw/02-zkos-v32_at_npg100__plonk__c1_k01/attempt-1/node/server.log	GIT	c9d90a50515b85e2865e73b81979ce3dee496126c94da18751350893145b5f99	977963	PRESENT	data/c1/pilot/evidence/SHA256SUMS	
data/c1/pilot/evidence/raw/02-zkos-v32_at_npg100__plonk__c1_k01/attempt-1/records.jsonl	GIT	fb6544aa37c6d7c424f261faf16dfe78f0f358d01a8f3b2ec5d930b61bf47f0b	48410	PRESENT	data/c1/pilot/evidence/SHA256SUMS	
data/c1/pilot/evidence/raw/02-zkos-v32_at_npg100__plonk__c1_k01/attempt-1/spec.json	GIT	eecfdf6205595bf2f3309d1e26311c6127f1fafcd91acc800689caf9032e0345	757	PRESENT	data/c1/pilot/evidence/SHA256SUMS	
data/c1/pilot/evidence/raw/02-zkos-v32_at_npg100__plonk__c1_k01/attempt-1/stderr.txt	GIT	e3b0c44298fc1c149afbf4c8996fb92427ae41e4649b934ca495991b7852b855	0	PRESENT	data/c1/pilot/evidence/SHA256SUMS	
data/c1/pilot/evidence/raw/02-zkos-v32_at_npg100__plonk__c1_k01/attempt-1/stdout.txt	GIT	a7c8cf9d8e8292d3a3fcb1e234f9f37cbd6e8f47b738e2b9afa4c541241a614c	101	PRESENT	data/c1/pilot/evidence/SHA256SUMS	
data/c1/pilot/evidence/raw/03-zkos-v32_at_npg100__plonk__c1_ctx_k02/attempt-1/cell-meta.json	GIT	b150cd96bfc16955d7ff91f3a9fb51d7c7cadd880c15c385871ad3b8831b93f9	440	PRESENT	data/c1/pilot/evidence/SHA256SUMS	
data/c1/pilot/evidence/raw/03-zkos-v32_at_npg100__plonk__c1_ctx_k02/attempt-1/node/anvil.log	GIT	08a75ec44ff81c9dfb93c84d25ca8fff26bfd3d452b88b3aec4739e3dddd14dc	197354	PRESENT	data/c1/pilot/evidence/SHA256SUMS	
data/c1/pilot/evidence/raw/03-zkos-v32_at_npg100__plonk__c1_ctx_k02/attempt-1/node/server.log	GIT	52bffe1134a0ba48666650c45b8cc51eaab22b69c4c6ad3857a64572ae65ffc4	980763	PRESENT	data/c1/pilot/evidence/SHA256SUMS	
data/c1/pilot/evidence/raw/03-zkos-v32_at_npg100__plonk__c1_ctx_k02/attempt-1/records.jsonl	GIT	973ab6c62b6326fe8faa16223323a494d380119b99c430c11cf004308f297a2f	49752	PRESENT	data/c1/pilot/evidence/SHA256SUMS	
data/c1/pilot/evidence/raw/03-zkos-v32_at_npg100__plonk__c1_ctx_k02/attempt-1/spec.json	GIT	d80fad913f5e67d308bbb4d9023f745195603b4c69b4fda3306eb3b0b0ea5d08	777	PRESENT	data/c1/pilot/evidence/SHA256SUMS	
data/c1/pilot/evidence/raw/03-zkos-v32_at_npg100__plonk__c1_ctx_k02/attempt-1/stderr.txt	GIT	e3b0c44298fc1c149afbf4c8996fb92427ae41e4649b934ca495991b7852b855	0	PRESENT	data/c1/pilot/evidence/SHA256SUMS	
data/c1/pilot/evidence/raw/03-zkos-v32_at_npg100__plonk__c1_ctx_k02/attempt-1/stdout.txt	GIT	a07fbfbb2a78be839c92346ba2cb5dd00245127d8f044d4d67d5cde5e6c033b2	105	PRESENT	data/c1/pilot/evidence/SHA256SUMS	
data/c1/pilot/evidence/raw/04-eravm-29__groth16__c1_ctx_k02/attempt-1/anvil-zksync.log	GIT	14c7fa065ea7f07f518f1911904747f818ef64bc2cca08a9b72b1d97a6fd772c	8081	PRESENT	data/c1/pilot/evidence/SHA256SUMS	
data/c1/pilot/evidence/raw/04-eravm-29__groth16__c1_ctx_k02/attempt-1/anvil-zksync.log.stdout	GIT	da3fc1ca12ee8ef5e71cef9c3d1b533b6b908932288d4eeba024d9970270d38f	19920	PRESENT	data/c1/pilot/evidence/SHA256SUMS	
data/c1/pilot/evidence/raw/04-eravm-29__groth16__c1_ctx_k02/attempt-1/cell-meta.json	GIT	08cbfadada11968a125ec633d7dd33c988625b58a0c12f55e9c18d6194d05a9f	688	PRESENT	data/c1/pilot/evidence/SHA256SUMS	
data/c1/pilot/evidence/raw/04-eravm-29__groth16__c1_ctx_k02/attempt-1/eravm-calltraces.json	GIT	789e8640c02f229405b4c96efb2d0e2f6eafa82aa711d211067b70c52845d3e7	375881	PRESENT	data/c1/pilot/evidence/SHA256SUMS	
data/c1/pilot/evidence/raw/04-eravm-29__groth16__c1_ctx_k02/attempt-1/records.jsonl	GIT	cae79b74153a8f7fcffb14ee791b6ad545a6506472e3ddf22ea869574ffd0105	45512	PRESENT	data/c1/pilot/evidence/SHA256SUMS	
data/c1/pilot/evidence/raw/04-eravm-29__groth16__c1_ctx_k02/attempt-1/spec.json	GIT	10ccc94de9a418284ee76a8ee5b6a770b3d54af4e985074499d1ee07a90040a3	688	PRESENT	data/c1/pilot/evidence/SHA256SUMS	
data/c1/pilot/evidence/raw/04-eravm-29__groth16__c1_ctx_k02/attempt-1/stderr.txt	GIT	e3b0c44298fc1c149afbf4c8996fb92427ae41e4649b934ca495991b7852b855	0	PRESENT	data/c1/pilot/evidence/SHA256SUMS	
data/c1/pilot/evidence/raw/04-eravm-29__groth16__c1_ctx_k02/attempt-1/stdout.txt	GIT	909b35fc5ce31692d57646709f009ab70caa9de85bbe6f8443b9e37bce3f369a	84	PRESENT	data/c1/pilot/evidence/SHA256SUMS	
data/c1/pilot/evidence/raw/05-evm-osaka__plonk__c1_ctx_k02/attempt-1/cell-meta.json	GIT	8c36a71613324e30cc2398e9ea4d83db335f604b8e191cd6dad3c4f43c0a6c37	312	PRESENT	data/c1/pilot/evidence/SHA256SUMS	
data/c1/pilot/evidence/raw/05-evm-osaka__plonk__c1_ctx_k02/attempt-1/edr-job.json	GIT	05b109071133981275aa9cac19550b9901381f7fc35d5f6412eb043d62dca8bb	74945	PRESENT	data/c1/pilot/evidence/SHA256SUMS	
data/c1/pilot/evidence/raw/05-evm-osaka__plonk__c1_ctx_k02/attempt-1/edr-out.json	GIT	683b6ec1f17947f829cbc57e1f8afe0d0250ac7a5e77b0f5b891ef354e7afb5f	80513	PRESENT	data/c1/pilot/evidence/SHA256SUMS	
data/c1/pilot/evidence/raw/05-evm-osaka__plonk__c1_ctx_k02/attempt-1/records.jsonl	GIT	e9a7621d62a5b76eb4f736fe3d2f0bcc321947ddd44b5e269d3ca2b65883d61b	72814	PRESENT	data/c1/pilot/evidence/SHA256SUMS	
data/c1/pilot/evidence/raw/05-evm-osaka__plonk__c1_ctx_k02/attempt-1/spec.json	GIT	6f8e87b1d08354016fad51aba75e5ef68bef253cd60d062b4912193f850cba01	687	PRESENT	data/c1/pilot/evidence/SHA256SUMS	
data/c1/pilot/evidence/raw/05-evm-osaka__plonk__c1_ctx_k02/attempt-1/stderr.txt	GIT	e3b0c44298fc1c149afbf4c8996fb92427ae41e4649b934ca495991b7852b855	0	PRESENT	data/c1/pilot/evidence/SHA256SUMS	
data/c1/pilot/evidence/raw/05-evm-osaka__plonk__c1_ctx_k02/attempt-1/stdout.txt	GIT	e97a65522c676b1c84638b694750290b02fff038cb3833c4f781fc9184299f67	83	PRESENT	data/c1/pilot/evidence/SHA256SUMS	
data/c1/pilot/evidence/raw/06-zkos-v32_at_npg139__plonk__c1_k01/attempt-1/cell-meta.json	GIT	8bc8d711ccaa9c8bd73e84013d6aba671413b0da60f9f17a6cb37e932e308927	440	PRESENT	data/c1/pilot/evidence/SHA256SUMS	
data/c1/pilot/evidence/raw/06-zkos-v32_at_npg139__plonk__c1_k01/attempt-1/node/anvil.log	GIT	34430c955f682a7e546ca61f31297e882ab195bedf0fc89878b08644ff4e6422	196278	PRESENT	data/c1/pilot/evidence/SHA256SUMS	
data/c1/pilot/evidence/raw/06-zkos-v32_at_npg139__plonk__c1_k01/attempt-1/node/server.log	GIT	d21db2c888f140239b3fee1ce5f14aa214731f797bcff1a3aa49d7acfcfd2006	978189	PRESENT	data/c1/pilot/evidence/SHA256SUMS	
data/c1/pilot/evidence/raw/06-zkos-v32_at_npg139__plonk__c1_k01/attempt-1/records.jsonl	GIT	a950e90b6a502616795dd7338304d4c909fb1d755180228ea361ac6434a90624	48410	PRESENT	data/c1/pilot/evidence/SHA256SUMS	
data/c1/pilot/evidence/raw/06-zkos-v32_at_npg139__plonk__c1_k01/attempt-1/spec.json	GIT	778c830fc4759a721ed0ef4b8e7a35e5ef75d723b01d86440d54522c470be16a	757	PRESENT	data/c1/pilot/evidence/SHA256SUMS	
data/c1/pilot/evidence/raw/06-zkos-v32_at_npg139__plonk__c1_k01/attempt-1/stderr.txt	GIT	e3b0c44298fc1c149afbf4c8996fb92427ae41e4649b934ca495991b7852b855	0	PRESENT	data/c1/pilot/evidence/SHA256SUMS	
data/c1/pilot/evidence/raw/06-zkos-v32_at_npg139__plonk__c1_k01/attempt-1/stdout.txt	GIT	436bd52853ac1b708aa735d74b495f7ae3bb5bbb46e5737cf4e8d434bdf11faf	101	PRESENT	data/c1/pilot/evidence/SHA256SUMS	
data/c1/pilot/evidence/raw/07-zkos-v32_at_npg100__groth16__c1_ctx_k02/attempt-1/cell-meta.json	GIT	357978835d4696e42d47ae8c5d865f6f8f1f5cb8fd07402b1c3de71ef7a59f9d	440	PRESENT	data/c1/pilot/evidence/SHA256SUMS	
data/c1/pilot/evidence/raw/07-zkos-v32_at_npg100__groth16__c1_ctx_k02/attempt-1/node/anvil.log	GIT	ce2786872ddb90335c231e511e34be388f6f53304be7e3ec0738eb5caf4a639e	196273	PRESENT	data/c1/pilot/evidence/SHA256SUMS	
data/c1/pilot/evidence/raw/07-zkos-v32_at_npg100__groth16__c1_ctx_k02/attempt-1/node/server.log	GIT	115d59fc3649f761384efeb53b227ad18bf35ebdb050341816f51db2954e3e61	936555	PRESENT	data/c1/pilot/evidence/SHA256SUMS	
data/c1/pilot/evidence/raw/07-zkos-v32_at_npg100__groth16__c1_ctx_k02/attempt-1/records.jsonl	GIT	4874f03f03eac0b26b5361fb8749dd95640890a21d87db74a56308d60625c5ea	49912	PRESENT	data/c1/pilot/evidence/SHA256SUMS	
data/c1/pilot/evidence/raw/07-zkos-v32_at_npg100__groth16__c1_ctx_k02/attempt-1/spec.json	GIT	4a3196df440fe1fa797ffd01a1d21c8fad9fa62daf78511638b75a81a8c4c7de	787	PRESENT	data/c1/pilot/evidence/SHA256SUMS	
data/c1/pilot/evidence/raw/07-zkos-v32_at_npg100__groth16__c1_ctx_k02/attempt-1/stderr.txt	GIT	e3b0c44298fc1c149afbf4c8996fb92427ae41e4649b934ca495991b7852b855	0	PRESENT	data/c1/pilot/evidence/SHA256SUMS	
data/c1/pilot/evidence/raw/07-zkos-v32_at_npg100__groth16__c1_ctx_k02/attempt-1/stdout.txt	GIT	de557f85c342fbcdec6ab23be5b2d0b576d3ff02bee31fbea49ecaaf899fa899	107	PRESENT	data/c1/pilot/evidence/SHA256SUMS	
data/c1/pilot/evidence/raw/08-evm-osaka__groth16__c1_k01/attempt-1/cell-meta.json	GIT	3162fe1ef92465c5775c81176e23a08f91da33f4ae3065af6a4a40ef8c4ca30c	312	PRESENT	data/c1/pilot/evidence/SHA256SUMS	
data/c1/pilot/evidence/raw/08-evm-osaka__groth16__c1_k01/attempt-1/edr-job.json	GIT	351182c46a132695df9bcdea9f4f19514c845b4ef9222813f80f36a9736da9fc	32427	PRESENT	data/c1/pilot/evidence/SHA256SUMS	
data/c1/pilot/evidence/raw/08-evm-osaka__groth16__c1_k01/attempt-1/edr-out.json	GIT	4787fc5b94aa42f80423d5dbf51b8ee6260c70379c2ae025cbe53b692c0ac2b2	33719	PRESENT	data/c1/pilot/evidence/SHA256SUMS	
data/c1/pilot/evidence/raw/08-evm-osaka__groth16__c1_k01/attempt-1/records.jsonl	GIT	8940bfb38cc1d36686b491c7688cf00163397642d6d915f182078be6894d1c3a	52907	PRESENT	data/c1/pilot/evidence/SHA256SUMS	
data/c1/pilot/evidence/raw/08-evm-osaka__groth16__c1_k01/attempt-1/spec.json	GIT	5a76397ed572bb686c53e72c5b3a60dbc373218befa2b619de48a357f6f44366	677	PRESENT	data/c1/pilot/evidence/SHA256SUMS	
data/c1/pilot/evidence/raw/08-evm-osaka__groth16__c1_k01/attempt-1/stderr.txt	GIT	e3b0c44298fc1c149afbf4c8996fb92427ae41e4649b934ca495991b7852b855	0	PRESENT	data/c1/pilot/evidence/SHA256SUMS	
data/c1/pilot/evidence/raw/08-evm-osaka__groth16__c1_k01/attempt-1/stdout.txt	GIT	c6059e55e768812d655b73bb03dd5d5cf5d194214a6632f95da625676cc15e3a	81	PRESENT	data/c1/pilot/evidence/SHA256SUMS	
data/c1/pilot/evidence/raw/09-zkos-v32_at_npg100__groth16__c1_k01/attempt-1/cell-meta.json	GIT	90734f0231b93b2b4914a46e3ce9b3cfdeb2bba599fc6baec47be65241015d88	440	PRESENT	data/c1/pilot/evidence/SHA256SUMS	
data/c1/pilot/evidence/raw/09-zkos-v32_at_npg100__groth16__c1_k01/attempt-1/node/anvil.log	GIT	92e6c3f6110b4db3250ed2ff5ff36bbb47207b6ea9524960804d65ce9ae9b8b9	194094	PRESENT	data/c1/pilot/evidence/SHA256SUMS	
data/c1/pilot/evidence/raw/09-zkos-v32_at_npg100__groth16__c1_k01/attempt-1/node/server.log	GIT	1bcb6cae7e673310cfe834a5aa91deb50ee776ae6d90a99b478ae65af8494bc2	932803	PRESENT	data/c1/pilot/evidence/SHA256SUMS	
data/c1/pilot/evidence/raw/09-zkos-v32_at_npg100__groth16__c1_k01/attempt-1/records.jsonl	GIT	205a29ac23db9e5b909fd1b1db8279bb19fdfc49838b28fba1814401402aea45	48566	PRESENT	data/c1/pilot/evidence/SHA256SUMS	
data/c1/pilot/evidence/raw/09-zkos-v32_at_npg100__groth16__c1_k01/attempt-1/spec.json	GIT	62b0831d450c7fd0905fa248318ed2a0b68a7fb04f40e107fd77a3d32971afdf	767	PRESENT	data/c1/pilot/evidence/SHA256SUMS	
data/c1/pilot/evidence/raw/09-zkos-v32_at_npg100__groth16__c1_k01/attempt-1/stderr.txt	GIT	e3b0c44298fc1c149afbf4c8996fb92427ae41e4649b934ca495991b7852b855	0	PRESENT	data/c1/pilot/evidence/SHA256SUMS	
data/c1/pilot/evidence/raw/09-zkos-v32_at_npg100__groth16__c1_k01/attempt-1/stdout.txt	GIT	243680123cce25b3a4e290a58837c8d783ef4c2f029ea6bd798619c5e2953a0b	103	PRESENT	data/c1/pilot/evidence/SHA256SUMS	
data/c1/pilot/evidence/raw/10-eravm-29__plonk__c1_k01/attempt-1/anvil-zksync.log	GIT	7e0c0e4e237c3eaf9ddecdec6efee422a411bac87aa6b92533438b5c6ddadcbe	8084	PRESENT	data/c1/pilot/evidence/SHA256SUMS	
data/c1/pilot/evidence/raw/10-eravm-29__plonk__c1_k01/attempt-1/anvil-zksync.log.stdout	GIT	47cd5fba3fa80d0de5e42dd2b5402c0c48e857747104b4ffa9ec60007dbab986	19926	PRESENT	data/c1/pilot/evidence/SHA256SUMS	
data/c1/pilot/evidence/raw/10-eravm-29__plonk__c1_k01/attempt-1/cell-meta.json	GIT	f62f8ac7b89cedda80213d1845cf992c2e365c5fc9d22fbe94cf41b77e6f41ee	689	PRESENT	data/c1/pilot/evidence/SHA256SUMS	
data/c1/pilot/evidence/raw/10-eravm-29__plonk__c1_k01/attempt-1/eravm-calltraces.json	GIT	4f585352f8aa28cad1bd4df54cc381a31dab669c8622411ded4fe6fa5740a758	642569	PRESENT	data/c1/pilot/evidence/SHA256SUMS	
data/c1/pilot/evidence/raw/10-eravm-29__plonk__c1_k01/attempt-1/records.jsonl	GIT	d8c6e8131bc2d3b412a028fe476f8bf06a099e7491fd37fa012262111b5fda1c	44293	PRESENT	data/c1/pilot/evidence/SHA256SUMS	
data/c1/pilot/evidence/raw/10-eravm-29__plonk__c1_k01/attempt-1/spec.json	GIT	2be1e230160846197f4dbd958ba6d23033f71bfc409d9382ab549675865620c1	659	PRESENT	data/c1/pilot/evidence/SHA256SUMS	
data/c1/pilot/evidence/raw/10-eravm-29__plonk__c1_k01/attempt-1/stderr.txt	GIT	e3b0c44298fc1c149afbf4c8996fb92427ae41e4649b934ca495991b7852b855	0	PRESENT	data/c1/pilot/evidence/SHA256SUMS	
data/c1/pilot/evidence/raw/10-eravm-29__plonk__c1_k01/attempt-1/stdout.txt	GIT	2b2af72b9855b60f18aa25f06fc0e7075d35bcb81c564dfc1490e08d5104f624	78	PRESENT	data/c1/pilot/evidence/SHA256SUMS	
data/c1/pilot/evidence/raw/11-zkos-v32_at_npg100__plonk__c1_ctx_k04/attempt-1/cell-meta.json	GIT	420db4ab41d716a8eb3bd6ee358f3bd00b8963000c82012da23d8e28225e7bd2	440	PRESENT	data/c1/pilot/evidence/SHA256SUMS	
data/c1/pilot/evidence/raw/11-zkos-v32_at_npg100__plonk__c1_ctx_k04/attempt-1/node/anvil.log	GIT	ef371f2d7b4954fadd6c2b3dfdf12dd0d54d01a01ccc71f5a76280047ec47ea2	196345	PRESENT	data/c1/pilot/evidence/SHA256SUMS	
data/c1/pilot/evidence/raw/11-zkos-v32_at_npg100__plonk__c1_ctx_k04/attempt-1/node/server.log	GIT	b263da883a79b80c39e5cf1d54df5040eb1c0cde62e74bdb5ee2ad0f7347b06a	981141	PRESENT	data/c1/pilot/evidence/SHA256SUMS	
data/c1/pilot/evidence/raw/11-zkos-v32_at_npg100__plonk__c1_ctx_k04/attempt-1/records.jsonl	GIT	130b9328c1338c62309ca2c24ee3485778bc263d7c744e5c623742a40098693b	52877	PRESENT	data/c1/pilot/evidence/SHA256SUMS	
data/c1/pilot/evidence/raw/11-zkos-v32_at_npg100__plonk__c1_ctx_k04/attempt-1/spec.json	GIT	7c3af409db00adce7bc091ead5c9e2d711cfdc415df7cb752df896532e8b5a40	778	PRESENT	data/c1/pilot/evidence/SHA256SUMS	
data/c1/pilot/evidence/raw/11-zkos-v32_at_npg100__plonk__c1_ctx_k04/attempt-1/stderr.txt	GIT	e3b0c44298fc1c149afbf4c8996fb92427ae41e4649b934ca495991b7852b855	0	PRESENT	data/c1/pilot/evidence/SHA256SUMS	
data/c1/pilot/evidence/raw/11-zkos-v32_at_npg100__plonk__c1_ctx_k04/attempt-1/stdout.txt	GIT	4c97978749cbf8b4bce47369361328f07fa49302ba2f0ad6b6f10cde4d5ba377	105	PRESENT	data/c1/pilot/evidence/SHA256SUMS	
data/c1/pilot/evidence/raw/12-zkos-v32_at_npg171__plonk__c1_k01/attempt-1/cell-meta.json	GIT	3829a7db579273473c5540dfd7ccf24302a715ff8df33b461e9df4cf9f5e1a15	440	PRESENT	data/c1/pilot/evidence/SHA256SUMS	
data/c1/pilot/evidence/raw/12-zkos-v32_at_npg171__plonk__c1_k01/attempt-1/node/anvil.log	GIT	48605e843e6cf61afd524c1da7d9d427fb624e7ca211a28089eb6ccd3af3540b	197161	PRESENT	data/c1/pilot/evidence/SHA256SUMS	
data/c1/pilot/evidence/raw/12-zkos-v32_at_npg171__plonk__c1_k01/attempt-1/node/server.log	GIT	800edcc92cf24c79b7efd1c9976ef0971ca2a9d9967171dc45380737ae048e80	984299	PRESENT	data/c1/pilot/evidence/SHA256SUMS	
data/c1/pilot/evidence/raw/12-zkos-v32_at_npg171__plonk__c1_k01/attempt-1/records.jsonl	GIT	0c4ae31de6ee820c8ad36ff0dd98d78f1bff4b8b49e6faa22f5dab1d7254f05e	48451	PRESENT	data/c1/pilot/evidence/SHA256SUMS	
data/c1/pilot/evidence/raw/12-zkos-v32_at_npg171__plonk__c1_k01/attempt-1/spec.json	GIT	b490a62de4f4fcda91813fc9a4275401291527fbab3a0306b6a9fb0198aa4554	758	PRESENT	data/c1/pilot/evidence/SHA256SUMS	
data/c1/pilot/evidence/raw/12-zkos-v32_at_npg171__plonk__c1_k01/attempt-1/stderr.txt	GIT	e3b0c44298fc1c149afbf4c8996fb92427ae41e4649b934ca495991b7852b855	0	PRESENT	data/c1/pilot/evidence/SHA256SUMS	
data/c1/pilot/evidence/raw/12-zkos-v32_at_npg171__plonk__c1_k01/attempt-1/stdout.txt	GIT	6c3b5c0cc755b7f3faf09e06bd3dd8b477407672607323a89d68a4f9a61a573c	101	PRESENT	data/c1/pilot/evidence/SHA256SUMS	
data/c1/pilot/evidence/raw/13-eravm-29__plonk__c1_ctx_k16/attempt-1/anvil-zksync.log	GIT	ef0e6faf5d5964ad89ff494b011affb348fe529a75d46c334978326c30968224	8084	PRESENT	data/c1/pilot/evidence/SHA256SUMS	
data/c1/pilot/evidence/raw/13-eravm-29__plonk__c1_ctx_k16/attempt-1/anvil-zksync.log.stdout	GIT	a6841027a74bad661e4db95e108c12b4727e21e0b2553406c92b3bd770d20654	19926	PRESENT	data/c1/pilot/evidence/SHA256SUMS	
data/c1/pilot/evidence/raw/13-eravm-29__plonk__c1_ctx_k16/attempt-1/cell-meta.json	GIT	758d5a45001937128758863c42d079c6418fee7e8c58643e3430dfe679ae6ad1	689	PRESENT	data/c1/pilot/evidence/SHA256SUMS	
data/c1/pilot/evidence/raw/13-eravm-29__plonk__c1_ctx_k16/attempt-1/eravm-calltraces.json	GIT	861dfe6ba1791370f46fc896f8510fb26c96132cca25656b5e9aa33175a0f61e	711725	PRESENT	data/c1/pilot/evidence/SHA256SUMS	
data/c1/pilot/evidence/raw/13-eravm-29__plonk__c1_ctx_k16/attempt-1/records.jsonl	GIT	d33587a08e99ba9024019798bb1ccdd756279617970245a53fb5f0d319a2d566	59212	PRESENT	data/c1/pilot/evidence/SHA256SUMS	
data/c1/pilot/evidence/raw/13-eravm-29__plonk__c1_ctx_k16/attempt-1/spec.json	GIT	2d5aee5a59d326725cb5acd6dddd1dfc60c45ff56f249aa0682ddf66d6a07c09	680	PRESENT	data/c1/pilot/evidence/SHA256SUMS	
data/c1/pilot/evidence/raw/13-eravm-29__plonk__c1_ctx_k16/attempt-1/stderr.txt	GIT	e3b0c44298fc1c149afbf4c8996fb92427ae41e4649b934ca495991b7852b855	0	PRESENT	data/c1/pilot/evidence/SHA256SUMS	
data/c1/pilot/evidence/raw/13-eravm-29__plonk__c1_ctx_k16/attempt-1/stdout.txt	GIT	3fc200fbd1cadfca75ebe96f15796751095480746a683fba93243d188a62aeac	82	PRESENT	data/c1/pilot/evidence/SHA256SUMS	
data/c1/pilot/evidence/raw/14-eravm-29__plonk__c1_ctx_k02/attempt-1/anvil-zksync.log	GIT	5497f3fa41d442af61e79da7c6e8537c3c3bcbbcedd817d8159394adbf71d6f9	8084	PRESENT	data/c1/pilot/evidence/SHA256SUMS	
data/c1/pilot/evidence/raw/14-eravm-29__plonk__c1_ctx_k02/attempt-1/anvil-zksync.log.stdout	GIT	ab5d8a5a4362c031aabbe6aeeb9a3484403d4b93df9f6df464604e97c134a9b7	19926	PRESENT	data/c1/pilot/evidence/SHA256SUMS	
data/c1/pilot/evidence/raw/14-eravm-29__plonk__c1_ctx_k02/attempt-1/cell-meta.json	GIT	b47915a22150e7c7cfabcd39dca5d9f24dd4be8f81c5949009758d0010efcf41	689	PRESENT	data/c1/pilot/evidence/SHA256SUMS	
data/c1/pilot/evidence/raw/14-eravm-29__plonk__c1_ctx_k02/attempt-1/eravm-calltraces.json	GIT	887d2d0acfc4c1db5293513d068e9553439d68870cf994699e2f0daaa04ddb6b	647213	PRESENT	data/c1/pilot/evidence/SHA256SUMS	
data/c1/pilot/evidence/raw/14-eravm-29__plonk__c1_ctx_k02/attempt-1/records.jsonl	GIT	98e854c3e9de073025a6cffaaabe33e0365607c85c05dd7452f5727fe7539fee	45576	PRESENT	data/c1/pilot/evidence/SHA256SUMS	
data/c1/pilot/evidence/raw/14-eravm-29__plonk__c1_ctx_k02/attempt-1/spec.json	GIT	11a82e0f6fa38e9a6e90f9d5681761662a1be4a92627ddd590d7992bace6f81c	679	PRESENT	data/c1/pilot/evidence/SHA256SUMS	
data/c1/pilot/evidence/raw/14-eravm-29__plonk__c1_ctx_k02/attempt-1/stderr.txt	GIT	e3b0c44298fc1c149afbf4c8996fb92427ae41e4649b934ca495991b7852b855	0	PRESENT	data/c1/pilot/evidence/SHA256SUMS	
data/c1/pilot/evidence/raw/14-eravm-29__plonk__c1_ctx_k02/attempt-1/stdout.txt	GIT	bdd26b613ea34b189c5f66e6a9ad447081ffadf1eb5b9568fb9bf3ba44e46709	82	PRESENT	data/c1/pilot/evidence/SHA256SUMS	
data/c1/pilot/evidence/raw/15-zkos-v32_at_npg300__plonk__c1_k01/attempt-1/cell-meta.json	GIT	50a39c61d6ef2ca9b3e9b87577a1c309f342a2a9f2b15cbbfb6a1c6808bd2f12	440	PRESENT	data/c1/pilot/evidence/SHA256SUMS	
data/c1/pilot/evidence/raw/15-zkos-v32_at_npg300__plonk__c1_k01/attempt-1/node/anvil.log	GIT	3859a75d28bc75720170572bbc751f0f6b4dc4912b17140258d833bc25c7cd08	196740	PRESENT	data/c1/pilot/evidence/SHA256SUMS	
data/c1/pilot/evidence/raw/15-zkos-v32_at_npg300__plonk__c1_k01/attempt-1/node/server.log	GIT	873476ad3f8b839f7b75e99dfd6af5cd5a08c597a732cd72904458d59ca49781	978199	PRESENT	data/c1/pilot/evidence/SHA256SUMS	
data/c1/pilot/evidence/raw/15-zkos-v32_at_npg300__plonk__c1_k01/attempt-1/records.jsonl	GIT	cac219739acb020bd9d9c92d4e65da2c9178debf0488eafdcc25e5922fbab90c	48451	PRESENT	data/c1/pilot/evidence/SHA256SUMS	
data/c1/pilot/evidence/raw/15-zkos-v32_at_npg300__plonk__c1_k01/attempt-1/spec.json	GIT	ea91d30a31a16cdf7381cdac38daebb7c7021a2747ef9e83acb07d098f3fc81b	758	PRESENT	data/c1/pilot/evidence/SHA256SUMS	
data/c1/pilot/evidence/raw/15-zkos-v32_at_npg300__plonk__c1_k01/attempt-1/stderr.txt	GIT	e3b0c44298fc1c149afbf4c8996fb92427ae41e4649b934ca495991b7852b855	0	PRESENT	data/c1/pilot/evidence/SHA256SUMS	
data/c1/pilot/evidence/raw/15-zkos-v32_at_npg300__plonk__c1_k01/attempt-1/stdout.txt	GIT	eacff6fd7586cbc85df144b07ae1e861b5302fbc8b53f44245b7e07100d02766	101	PRESENT	data/c1/pilot/evidence/SHA256SUMS	
data/c1/pilot/evidence/raw/16-evm-osaka__plonk__c1_ctx_k16/attempt-1/cell-meta.json	GIT	fecc02cfbf03350b8f3ce044147ce1bf9ce233f99cde1f5414646d626110b7c6	312	PRESENT	data/c1/pilot/evidence/SHA256SUMS	
data/c1/pilot/evidence/raw/16-evm-osaka__plonk__c1_ctx_k16/attempt-1/edr-job.json	GIT	d02c9a37ff69b292d98a6f934560feaa95bfe4a479d05a75f64ead97c071b51f	145593	PRESENT	data/c1/pilot/evidence/SHA256SUMS	
data/c1/pilot/evidence/raw/16-evm-osaka__plonk__c1_ctx_k16/attempt-1/edr-out.json	GIT	193598ff21aeee2cc9d76886841ad5ac4befaf02194253b699617801efbbf83e	147697	PRESENT	data/c1/pilot/evidence/SHA256SUMS	
data/c1/pilot/evidence/raw/16-evm-osaka__plonk__c1_ctx_k16/attempt-1/records.jsonl	GIT	c675b5dd60a63d5976919a37db509f6d4846b7320fe750df92faf18a3fab4750	111382	PRESENT	data/c1/pilot/evidence/SHA256SUMS	
data/c1/pilot/evidence/raw/16-evm-osaka__plonk__c1_ctx_k16/attempt-1/spec.json	GIT	ded5821473aac4715cbbffa5d9e6b2d2b0e630dc6e5dbc36cbd4ae4a62b83725	689	PRESENT	data/c1/pilot/evidence/SHA256SUMS	
data/c1/pilot/evidence/raw/16-evm-osaka__plonk__c1_ctx_k16/attempt-1/stderr.txt	GIT	e3b0c44298fc1c149afbf4c8996fb92427ae41e4649b934ca495991b7852b855	0	PRESENT	data/c1/pilot/evidence/SHA256SUMS	
data/c1/pilot/evidence/raw/16-evm-osaka__plonk__c1_ctx_k16/attempt-1/stdout.txt	GIT	5e8e70bc33036093a3716954c25aba636625f9774cde6356065d019cbfbb179d	83	PRESENT	data/c1/pilot/evidence/SHA256SUMS	
data/c1/pilot/evidence/raw/17-evm-osaka__groth16__c1_ctx_k02/attempt-1/cell-meta.json	GIT	f500fb146cfad18278a88d205ce8a2a0bf98414d2d985471a494d9824e9f9bb5	312	PRESENT	data/c1/pilot/evidence/SHA256SUMS	
data/c1/pilot/evidence/raw/17-evm-osaka__groth16__c1_ctx_k02/attempt-1/edr-job.json	GIT	2b4cf173311cc953a1eb4638e104ae7e26ba984567a036aeaa398ea7b593cd89	35222	PRESENT	data/c1/pilot/evidence/SHA256SUMS	
data/c1/pilot/evidence/raw/17-evm-osaka__groth16__c1_ctx_k02/attempt-1/edr-out.json	GIT	e0884a2d6e81bacd1e8427d78a68856918f88eb2a06abd0f7390e7c1a8018dd0	33467	PRESENT	data/c1/pilot/evidence/SHA256SUMS	
data/c1/pilot/evidence/raw/17-evm-osaka__groth16__c1_ctx_k02/attempt-1/records.jsonl	GIT	a74c16527ebb04789a982d3fa7af21dc8993965ba1645bf293dbb6a47f42acbd	54097	PRESENT	data/c1/pilot/evidence/SHA256SUMS	
data/c1/pilot/evidence/raw/17-evm-osaka__groth16__c1_ctx_k02/attempt-1/spec.json	GIT	44b07f90923f59b00ac0df7fee23e61868a757e70f33d6baaf6d3e396fd0a41b	698	PRESENT	data/c1/pilot/evidence/SHA256SUMS	
data/c1/pilot/evidence/raw/17-evm-osaka__groth16__c1_ctx_k02/attempt-1/stderr.txt	GIT	e3b0c44298fc1c149afbf4c8996fb92427ae41e4649b934ca495991b7852b855	0	PRESENT	data/c1/pilot/evidence/SHA256SUMS	
data/c1/pilot/evidence/raw/17-evm-osaka__groth16__c1_ctx_k02/attempt-1/stdout.txt	GIT	4d915ce309a54a2e7decdcd94356c1e5649ca2fb3e1b5d55cfc3c5ed6886499e	85	PRESENT	data/c1/pilot/evidence/SHA256SUMS	
data/c1/pilot/evidence/raw/18-zkos-v32_at_npg100__groth16__c1_ctx_k16/attempt-1/cell-meta.json	GIT	e24c5e6661e732ea50d9093e075e03e596ee66ab809104e0b63c18e882e165ee	440	PRESENT	data/c1/pilot/evidence/SHA256SUMS	
data/c1/pilot/evidence/raw/18-zkos-v32_at_npg100__groth16__c1_ctx_k16/attempt-1/node/anvil.log	GIT	109603e36d51dc1cda0bc3a95e2852794e360910b3b615f68a427e6a76214169	196623	PRESENT	data/c1/pilot/evidence/SHA256SUMS	
data/c1/pilot/evidence/raw/18-zkos-v32_at_npg100__groth16__c1_ctx_k16/attempt-1/node/server.log	GIT	33735fe057a7a056781dee6fbd4e2e6458ce96cf21a0af60d0daac6159564b8d	951244	PRESENT	data/c1/pilot/evidence/SHA256SUMS	
data/c1/pilot/evidence/raw/18-zkos-v32_at_npg100__groth16__c1_ctx_k16/attempt-1/records.jsonl	GIT	55f9ca903521cf2d5a021cd7c0edc28d80606c7845f100b730a3f5256302b89f	64468	PRESENT	data/c1/pilot/evidence/SHA256SUMS	
data/c1/pilot/evidence/raw/18-zkos-v32_at_npg100__groth16__c1_ctx_k16/attempt-1/spec.json	GIT	3dc2affbb23d6b8c1e121301911a2765a8984878bdf83c216fc4a877c5e32415	789	PRESENT	data/c1/pilot/evidence/SHA256SUMS	
data/c1/pilot/evidence/raw/18-zkos-v32_at_npg100__groth16__c1_ctx_k16/attempt-1/stderr.txt	GIT	e3b0c44298fc1c149afbf4c8996fb92427ae41e4649b934ca495991b7852b855	0	PRESENT	data/c1/pilot/evidence/SHA256SUMS	
data/c1/pilot/evidence/raw/18-zkos-v32_at_npg100__groth16__c1_ctx_k16/attempt-1/stdout.txt	GIT	3337163919b413b02e8d28fb1348587d165086f54ac5fa8931012686b7fd5458	107	PRESENT	data/c1/pilot/evidence/SHA256SUMS	
data/c1/pilot/evidence/raw/19-zkos-v32_at_npg100__groth16__c1_ctx_k04/attempt-1/cell-meta.json	GIT	fe2aabc418c790652fb7fd55ec6339851c5989eff63bfc574211336961299277	440	PRESENT	data/c1/pilot/evidence/SHA256SUMS	
data/c1/pilot/evidence/raw/19-zkos-v32_at_npg100__groth16__c1_ctx_k04/attempt-1/node/anvil.log	GIT	edd32c4677ef45e10b973561ed10e2d2fd9c0cc23d0244d797d49c3eb78515a3	195741	PRESENT	data/c1/pilot/evidence/SHA256SUMS	
data/c1/pilot/evidence/raw/19-zkos-v32_at_npg100__groth16__c1_ctx_k04/attempt-1/node/server.log	GIT	751ea25d1d9ae89941fd35664ed96294bef6d817e530c697b329d54fecd558a4	938847	PRESENT	data/c1/pilot/evidence/SHA256SUMS	
data/c1/pilot/evidence/raw/19-zkos-v32_at_npg100__groth16__c1_ctx_k04/attempt-1/records.jsonl	GIT	900fa60fc4d55945e23e3850e82f1e4c17eebeaa8cc83bcaf59ae7cb290ddf11	53045	PRESENT	data/c1/pilot/evidence/SHA256SUMS	
data/c1/pilot/evidence/raw/19-zkos-v32_at_npg100__groth16__c1_ctx_k04/attempt-1/spec.json	GIT	eb38108dc23a3eb439971512aed77218cb941e878359232c8e2c5f0ca66a1099	788	PRESENT	data/c1/pilot/evidence/SHA256SUMS	
data/c1/pilot/evidence/raw/19-zkos-v32_at_npg100__groth16__c1_ctx_k04/attempt-1/stderr.txt	GIT	e3b0c44298fc1c149afbf4c8996fb92427ae41e4649b934ca495991b7852b855	0	PRESENT	data/c1/pilot/evidence/SHA256SUMS	
data/c1/pilot/evidence/raw/19-zkos-v32_at_npg100__groth16__c1_ctx_k04/attempt-1/stdout.txt	GIT	a35c65d7c65b4ab178af3622eb100e28208541d84e8cd080976abd5eb5d11473	107	PRESENT	data/c1/pilot/evidence/SHA256SUMS	
data/c1/pilot/evidence/raw/20-evm-osaka__plonk__c1_ctx_k04/attempt-1/cell-meta.json	GIT	43b0b0d7fdf3460db506f335ed72ee4805a860e08d4975d7ff203867d4154d84	312	PRESENT	data/c1/pilot/evidence/SHA256SUMS	
data/c1/pilot/evidence/raw/20-evm-osaka__plonk__c1_ctx_k04/attempt-1/edr-job.json	GIT	b7b55a0078fab8e68efb58ac15f4d67c6f2a86cf8d8e304b4ca1e004ac1a7807	85309	PRESENT	data/c1/pilot/evidence/SHA256SUMS	
data/c1/pilot/evidence/raw/20-evm-osaka__plonk__c1_ctx_k04/attempt-1/edr-out.json	GIT	5b9510bc0846eab506105d33876108b7513d91a0f8529a38e8469b90c17f7434	90769	PRESENT	data/c1/pilot/evidence/SHA256SUMS	
data/c1/pilot/evidence/raw/20-evm-osaka__plonk__c1_ctx_k04/attempt-1/records.jsonl	GIT	8c82a4a96161a7b81f62239ff35ed49a7a169a8b89e16ac748a24d842f5d2d38	79510	PRESENT	data/c1/pilot/evidence/SHA256SUMS	
data/c1/pilot/evidence/raw/20-evm-osaka__plonk__c1_ctx_k04/attempt-1/spec.json	GIT	bfac34a20e417c97014fdc64e3192682714866d312e0d882294feeba7abf5e63	688	PRESENT	data/c1/pilot/evidence/SHA256SUMS	
data/c1/pilot/evidence/raw/20-evm-osaka__plonk__c1_ctx_k04/attempt-1/stderr.txt	GIT	e3b0c44298fc1c149afbf4c8996fb92427ae41e4649b934ca495991b7852b855	0	PRESENT	data/c1/pilot/evidence/SHA256SUMS	
data/c1/pilot/evidence/raw/20-evm-osaka__plonk__c1_ctx_k04/attempt-1/stdout.txt	GIT	c509de5114e1803ec3db1bf28e30c53945aa1e1106c49cad8ac9c36b4449ee4d	83	PRESENT	data/c1/pilot/evidence/SHA256SUMS	
data/c1/pilot/evidence/raw/21-zkos-v32_at_npg169__plonk__c1_k01/attempt-1/cell-meta.json	GIT	91921fe8f05b0d896a7a5ad24e8da59e7a06cc1966fb4a9893c7a4b1e4c725aa	440	PRESENT	data/c1/pilot/evidence/SHA256SUMS	
data/c1/pilot/evidence/raw/21-zkos-v32_at_npg169__plonk__c1_k01/attempt-1/node/anvil.log	GIT	79f93e65019f0c6a74d339fd8c6f3155dbaa807be76d279195ea9facbb1e66f7	196250	PRESENT	data/c1/pilot/evidence/SHA256SUMS	
data/c1/pilot/evidence/raw/21-zkos-v32_at_npg169__plonk__c1_k01/attempt-1/node/server.log	GIT	8b888d77a1d2bf59f77689baee346642635bd1be67d8b74d9c5f7f24816a2a32	977982	PRESENT	data/c1/pilot/evidence/SHA256SUMS	
data/c1/pilot/evidence/raw/21-zkos-v32_at_npg169__plonk__c1_k01/attempt-1/records.jsonl	GIT	559c215251289c9303a4e74db98c564a0c97d940d46657124d3b9b3b82d10586	48451	PRESENT	data/c1/pilot/evidence/SHA256SUMS	
data/c1/pilot/evidence/raw/21-zkos-v32_at_npg169__plonk__c1_k01/attempt-1/spec.json	GIT	0840c4ff98e7b596bde232fb638dab1d319f58a8fd2c502a3c02afcf6ae46a15	758	PRESENT	data/c1/pilot/evidence/SHA256SUMS	
data/c1/pilot/evidence/raw/21-zkos-v32_at_npg169__plonk__c1_k01/attempt-1/stderr.txt	GIT	e3b0c44298fc1c149afbf4c8996fb92427ae41e4649b934ca495991b7852b855	0	PRESENT	data/c1/pilot/evidence/SHA256SUMS	
data/c1/pilot/evidence/raw/21-zkos-v32_at_npg169__plonk__c1_k01/attempt-1/stdout.txt	GIT	f1fda4ea80fae5b9b42061d701fc7aa5009b854dc6240b2454d050fddf483448	101	PRESENT	data/c1/pilot/evidence/SHA256SUMS	
data/c1/pilot/evidence/raw/22-zkos-v32_at_npg100__plonk__c1_ctx_k16/attempt-1/cell-meta.json	GIT	de403fb39a94d1b8f6abeec2aab52caf58f262549ecccfd02887f69478e69481	440	PRESENT	data/c1/pilot/evidence/SHA256SUMS	
data/c1/pilot/evidence/raw/22-zkos-v32_at_npg100__plonk__c1_ctx_k16/attempt-1/node/anvil.log	GIT	54ce18cebed9b1e67a5a71a635314685467131a93ca09e6c88bd3ba1eb1426e5	196315	PRESENT	data/c1/pilot/evidence/SHA256SUMS	
data/c1/pilot/evidence/raw/22-zkos-v32_at_npg100__plonk__c1_ctx_k16/attempt-1/node/server.log	GIT	88190ff930634a11249ad96c3e274945f314e364cfadc5e0ce7a91fcc416be4c	1008454	PRESENT	data/c1/pilot/evidence/SHA256SUMS	
data/c1/pilot/evidence/raw/22-zkos-v32_at_npg100__plonk__c1_ctx_k16/attempt-1/records.jsonl	GIT	2ca1fda4400ed877f6f2e70db123de2374dc97badad4937b249be28ef20edc00	64270	PRESENT	data/c1/pilot/evidence/SHA256SUMS	
data/c1/pilot/evidence/raw/22-zkos-v32_at_npg100__plonk__c1_ctx_k16/attempt-1/spec.json	GIT	5401768fb02f9a6a5303c96241cd44746aa21ef192f6d8d17e499c74257d8210	779	PRESENT	data/c1/pilot/evidence/SHA256SUMS	
data/c1/pilot/evidence/raw/22-zkos-v32_at_npg100__plonk__c1_ctx_k16/attempt-1/stderr.txt	GIT	e3b0c44298fc1c149afbf4c8996fb92427ae41e4649b934ca495991b7852b855	0	PRESENT	data/c1/pilot/evidence/SHA256SUMS	
data/c1/pilot/evidence/raw/22-zkos-v32_at_npg100__plonk__c1_ctx_k16/attempt-1/stdout.txt	GIT	5b1b0159030d2d8788b38d50da74aad575ec2c30713e3eeea756526f9729e674	105	PRESENT	data/c1/pilot/evidence/SHA256SUMS	
data/c1/pilot/evidence/raw/23-evm-osaka__groth16__c1_ctx_k16/attempt-1/cell-meta.json	GIT	466f73b1bcb91655be794a648a31531fff3a577a00e326fe33abaaf48544e75c	312	PRESENT	data/c1/pilot/evidence/SHA256SUMS	
data/c1/pilot/evidence/raw/23-evm-osaka__groth16__c1_ctx_k16/attempt-1/edr-job.json	GIT	7b9728371dc1343f148cadcdf3cf56a8a077ed487f69c8992e414157b0a14e42	88170	PRESENT	data/c1/pilot/evidence/SHA256SUMS	
data/c1/pilot/evidence/raw/23-evm-osaka__groth16__c1_ctx_k16/attempt-1/edr-out.json	GIT	603258791730f3a9638faa34bfba803ef9eb8e0fec29e2a180375b42741e52bf	35903	PRESENT	data/c1/pilot/evidence/SHA256SUMS	
data/c1/pilot/evidence/raw/23-evm-osaka__groth16__c1_ctx_k16/attempt-1/records.jsonl	GIT	114c7d329120557bcc0ab335e527d17d23b87748268da208460ab9f90287722d	68125	PRESENT	data/c1/pilot/evidence/SHA256SUMS	
data/c1/pilot/evidence/raw/23-evm-osaka__groth16__c1_ctx_k16/attempt-1/spec.json	GIT	efd6299ffb89884a54d1ff69da07ff0189e2dd98d7997b336c686fe8ab9cac7c	699	PRESENT	data/c1/pilot/evidence/SHA256SUMS	
data/c1/pilot/evidence/raw/23-evm-osaka__groth16__c1_ctx_k16/attempt-1/stderr.txt	GIT	e3b0c44298fc1c149afbf4c8996fb92427ae41e4649b934ca495991b7852b855	0	PRESENT	data/c1/pilot/evidence/SHA256SUMS	
data/c1/pilot/evidence/raw/23-evm-osaka__groth16__c1_ctx_k16/attempt-1/stdout.txt	GIT	003ddcfe379dd10bb00145c78c20cc143c2a1e4497ed4bd1e9e24bb34e1a43e1	85	PRESENT	data/c1/pilot/evidence/SHA256SUMS	
data/c1/pilot/evidence/raw/24-zkos-v32_at_npg300__groth16__c1_k01/attempt-1/cell-meta.json	GIT	cce47bb3e4a9a5a91f970fc187d1b7ec44e6118f8d6be46621c7860b2536f3af	440	PRESENT	data/c1/pilot/evidence/SHA256SUMS	
data/c1/pilot/evidence/raw/24-zkos-v32_at_npg300__groth16__c1_k01/attempt-1/node/anvil.log	GIT	69b831c72522be293a48aa852b06c9fa90ccdbcfc8e4682c70e4ac9496cc4881	194395	PRESENT	data/c1/pilot/evidence/SHA256SUMS	
data/c1/pilot/evidence/raw/24-zkos-v32_at_npg300__groth16__c1_k01/attempt-1/node/server.log	GIT	447da4656c1092b3a694483ddd92c228c00d70c36aa26134eebdb460d1469d38	931977	PRESENT	data/c1/pilot/evidence/SHA256SUMS	
data/c1/pilot/evidence/raw/24-zkos-v32_at_npg300__groth16__c1_k01/attempt-1/records.jsonl	GIT	0cfb1fe73db6b2665bdf144c3b1c948b625fd12faffe475d028eb7d42e35dbe6	48607	PRESENT	data/c1/pilot/evidence/SHA256SUMS	
data/c1/pilot/evidence/raw/24-zkos-v32_at_npg300__groth16__c1_k01/attempt-1/spec.json	GIT	69973e78df7d14a88671a5b6f8037c5d769780cf1869ee04afeb9e5ca39e16fa	768	PRESENT	data/c1/pilot/evidence/SHA256SUMS	
data/c1/pilot/evidence/raw/24-zkos-v32_at_npg300__groth16__c1_k01/attempt-1/stderr.txt	GIT	e3b0c44298fc1c149afbf4c8996fb92427ae41e4649b934ca495991b7852b855	0	PRESENT	data/c1/pilot/evidence/SHA256SUMS	
data/c1/pilot/evidence/raw/24-zkos-v32_at_npg300__groth16__c1_k01/attempt-1/stdout.txt	GIT	2dbff4396510f240b25cbde4ac2f76b783d99d9f0bdc419eb521fb5e63f3ae35	103	PRESENT	data/c1/pilot/evidence/SHA256SUMS	
data/c1/pilot/evidence/raw/25-zkos-v32_at_npg151__plonk__c1_k01/attempt-1/cell-meta.json	GIT	2740cad5d01e05066381cf5b4dbeafd8152c7e20592e922809199659754a7a88	440	PRESENT	data/c1/pilot/evidence/SHA256SUMS	
data/c1/pilot/evidence/raw/25-zkos-v32_at_npg151__plonk__c1_k01/attempt-1/node/anvil.log	GIT	9e238c54698565dff56f8136ba9d057424dbeffe6cdb5e42407db0882e82c3b3	195376	PRESENT	data/c1/pilot/evidence/SHA256SUMS	
data/c1/pilot/evidence/raw/25-zkos-v32_at_npg151__plonk__c1_k01/attempt-1/node/server.log	GIT	6641f4f3e7e05a5499f90a1e49b827a1ad73d2f624e7fe04635f0651d1fc82f8	974335	PRESENT	data/c1/pilot/evidence/SHA256SUMS	
data/c1/pilot/evidence/raw/25-zkos-v32_at_npg151__plonk__c1_k01/attempt-1/records.jsonl	GIT	4c10d35a7f407830ef4b37900ccff58b210b029156e04bd556b338e702e7ef4e	48451	PRESENT	data/c1/pilot/evidence/SHA256SUMS	
data/c1/pilot/evidence/raw/25-zkos-v32_at_npg151__plonk__c1_k01/attempt-1/spec.json	GIT	91acee0150d0eb04043f437903fc623a0c4936ab7e59c175c6a7f720a3141c6b	758	PRESENT	data/c1/pilot/evidence/SHA256SUMS	
data/c1/pilot/evidence/raw/25-zkos-v32_at_npg151__plonk__c1_k01/attempt-1/stderr.txt	GIT	e3b0c44298fc1c149afbf4c8996fb92427ae41e4649b934ca495991b7852b855	0	PRESENT	data/c1/pilot/evidence/SHA256SUMS	
data/c1/pilot/evidence/raw/25-zkos-v32_at_npg151__plonk__c1_k01/attempt-1/stdout.txt	GIT	45182ece624befeef76281f6821868673b78e2c115fa7eeaa0be4ca38d7c1006	101	PRESENT	data/c1/pilot/evidence/SHA256SUMS	
data/c1/pilot/evidence/raw/26-zkos-v32_at_npg139__groth16__c1_k01/attempt-1/cell-meta.json	GIT	b3ab2235fc1a088b1ed93d58ec6c9e61ba68519e92c1ade33dc945c9b13461b3	440	PRESENT	data/c1/pilot/evidence/SHA256SUMS	
data/c1/pilot/evidence/raw/26-zkos-v32_at_npg139__groth16__c1_k01/attempt-1/node/anvil.log	GIT	37e4de5bb1b60414c065c95cd624b8008c415bd7a7e91fd739de5759e3240b34	195670	PRESENT	data/c1/pilot/evidence/SHA256SUMS	
data/c1/pilot/evidence/raw/26-zkos-v32_at_npg139__groth16__c1_k01/attempt-1/node/server.log	GIT	df4c391015f0786f44a439f35512d96321d9009bf083231641070a35a752b4a4	931706	PRESENT	data/c1/pilot/evidence/SHA256SUMS	
data/c1/pilot/evidence/raw/26-zkos-v32_at_npg139__groth16__c1_k01/attempt-1/records.jsonl	GIT	4061092cb753f7ae6595593034e9d23736624eec13b6cc49812e36f8c31df484	48607	PRESENT	data/c1/pilot/evidence/SHA256SUMS	
data/c1/pilot/evidence/raw/26-zkos-v32_at_npg139__groth16__c1_k01/attempt-1/spec.json	GIT	092db1b4e0b22bec8da1f561be823781f9633427de5076ea6b48c69cf575ca5b	768	PRESENT	data/c1/pilot/evidence/SHA256SUMS	
data/c1/pilot/evidence/raw/26-zkos-v32_at_npg139__groth16__c1_k01/attempt-1/stderr.txt	GIT	e3b0c44298fc1c149afbf4c8996fb92427ae41e4649b934ca495991b7852b855	0	PRESENT	data/c1/pilot/evidence/SHA256SUMS	
data/c1/pilot/evidence/raw/26-zkos-v32_at_npg139__groth16__c1_k01/attempt-1/stdout.txt	GIT	80cfd00fa00cb94457735102d7ef00099c976d4f4c39a9661ca22a6f7eaa36ed	103	PRESENT	data/c1/pilot/evidence/SHA256SUMS	
data/c1/pilot/evidence/raw/27-zkos-v32_at_npg151__groth16__c1_k01/attempt-1/cell-meta.json	GIT	5f4a3cc6bdfedb7f6ace67fe69d4dc3ecb28413dfb6f1ab2bf28f782c8a808d5	440	PRESENT	data/c1/pilot/evidence/SHA256SUMS	
data/c1/pilot/evidence/raw/27-zkos-v32_at_npg151__groth16__c1_k01/attempt-1/node/anvil.log	GIT	46eaaea390a089f67a83a0f47426ad11b47301af7c328e73a31ac7f7eaa69e3e	195762	PRESENT	data/c1/pilot/evidence/SHA256SUMS	
data/c1/pilot/evidence/raw/27-zkos-v32_at_npg151__groth16__c1_k01/attempt-1/node/server.log	GIT	7d276b7bedcf68749616d57ae36f5821123a4fbeb939a6c200a98e6f4779e8d7	935600	PRESENT	data/c1/pilot/evidence/SHA256SUMS	
data/c1/pilot/evidence/raw/27-zkos-v32_at_npg151__groth16__c1_k01/attempt-1/records.jsonl	GIT	3e07c138e1958cc979b186a579afcbe21458fff9811c37fcfb3fd0c9a9afce59	48607	PRESENT	data/c1/pilot/evidence/SHA256SUMS	
data/c1/pilot/evidence/raw/27-zkos-v32_at_npg151__groth16__c1_k01/attempt-1/spec.json	GIT	3e35249cd46905530b7e847421a587fd69f5795a4d6752b429c83aef40e450da	768	PRESENT	data/c1/pilot/evidence/SHA256SUMS	
data/c1/pilot/evidence/raw/27-zkos-v32_at_npg151__groth16__c1_k01/attempt-1/stderr.txt	GIT	e3b0c44298fc1c149afbf4c8996fb92427ae41e4649b934ca495991b7852b855	0	PRESENT	data/c1/pilot/evidence/SHA256SUMS	
data/c1/pilot/evidence/raw/27-zkos-v32_at_npg151__groth16__c1_k01/attempt-1/stdout.txt	GIT	c6573785f7232eb7e3a0c69ac3234e50038b2aa90dca74b524626d164b3c3c2a	103	PRESENT	data/c1/pilot/evidence/SHA256SUMS	
data/c1/pilot/evidence/raw/28-eravm-29__groth16__c1_ctx_k04/attempt-1/anvil-zksync.log	GIT	24822cf720aade350c3e52b348fab8aadd8f12d402eea9d1379b00dc75dd1ea9	8081	PRESENT	data/c1/pilot/evidence/SHA256SUMS	
data/c1/pilot/evidence/raw/28-eravm-29__groth16__c1_ctx_k04/attempt-1/anvil-zksync.log.stdout	GIT	0d05594b0055fc9160f2576022d9862f9807f7121e39b7ba1b3df26648c98648	19923	PRESENT	data/c1/pilot/evidence/SHA256SUMS	
data/c1/pilot/evidence/raw/28-eravm-29__groth16__c1_ctx_k04/attempt-1/cell-meta.json	GIT	18b9706a736494319bdab070e7ba94ab98f4c175cb95c21debe7540ab42c012c	688	PRESENT	data/c1/pilot/evidence/SHA256SUMS	
data/c1/pilot/evidence/raw/28-eravm-29__groth16__c1_ctx_k04/attempt-1/eravm-calltraces.json	GIT	40f37dbf57dfbf563cb3ce328b782c40febaac1c401140098da0bfc5287458bd	405239	PRESENT	data/c1/pilot/evidence/SHA256SUMS	
data/c1/pilot/evidence/raw/28-eravm-29__groth16__c1_ctx_k04/attempt-1/records.jsonl	GIT	d3a2606363a6d961e487d7ab4d96fd28bba6a4fd8f7348c22d9d9cc22115d87e	48475	PRESENT	data/c1/pilot/evidence/SHA256SUMS	
data/c1/pilot/evidence/raw/28-eravm-29__groth16__c1_ctx_k04/attempt-1/spec.json	GIT	164319701d1913b2f48098cc426b6c8980b083b7c5e0b5c22cb9dd9425ee7708	689	PRESENT	data/c1/pilot/evidence/SHA256SUMS	
data/c1/pilot/evidence/raw/28-eravm-29__groth16__c1_ctx_k04/attempt-1/stderr.txt	GIT	e3b0c44298fc1c149afbf4c8996fb92427ae41e4649b934ca495991b7852b855	0	PRESENT	data/c1/pilot/evidence/SHA256SUMS	
data/c1/pilot/evidence/raw/28-eravm-29__groth16__c1_ctx_k04/attempt-1/stdout.txt	GIT	5c7cab36d9a161df8851cbdecd3f5df53a08ce50842e4cffd4524e10e7bf5480	84	PRESENT	data/c1/pilot/evidence/SHA256SUMS	
data/c1/pilot/evidence/raw/29-zkos-v32_at_npg126__groth16__c1_k01/attempt-1/cell-meta.json	GIT	4895332814d6996d6f15852fb74b6d069c958f1a2ba48359309298bb9f8848b5	440	PRESENT	data/c1/pilot/evidence/SHA256SUMS	
data/c1/pilot/evidence/raw/29-zkos-v32_at_npg126__groth16__c1_k01/attempt-1/node/anvil.log	GIT	120bd9ae835f2b38dd9d3bab40c74aefcc3e172b86968496cfe946f65dca560a	196220	PRESENT	data/c1/pilot/evidence/SHA256SUMS	
data/c1/pilot/evidence/raw/29-zkos-v32_at_npg126__groth16__c1_k01/attempt-1/node/server.log	GIT	c3851ffdedfdb3bad7a93e63cc0278405f5c0210d442e4ee3bd3fdbe671fe882	935801	PRESENT	data/c1/pilot/evidence/SHA256SUMS	
data/c1/pilot/evidence/raw/29-zkos-v32_at_npg126__groth16__c1_k01/attempt-1/records.jsonl	GIT	1070dea85634375ea59d103848eddea00737903b374530fbeac40e50d9d08682	48607	PRESENT	data/c1/pilot/evidence/SHA256SUMS	
data/c1/pilot/evidence/raw/29-zkos-v32_at_npg126__groth16__c1_k01/attempt-1/spec.json	GIT	7c9b4a0de633d7d60252ca698514d911e8c5f2f573c152d40b81e7afb7e595dc	768	PRESENT	data/c1/pilot/evidence/SHA256SUMS	
data/c1/pilot/evidence/raw/29-zkos-v32_at_npg126__groth16__c1_k01/attempt-1/stderr.txt	GIT	e3b0c44298fc1c149afbf4c8996fb92427ae41e4649b934ca495991b7852b855	0	PRESENT	data/c1/pilot/evidence/SHA256SUMS	
data/c1/pilot/evidence/raw/29-zkos-v32_at_npg126__groth16__c1_k01/attempt-1/stdout.txt	GIT	c8b6044baaeaffd1bf7f6c104a909ea9393c84283bbfa1d24d2e9ff2dbf457c4	103	PRESENT	data/c1/pilot/evidence/SHA256SUMS	
data/c1/pilot/evidence/raw/30-zkos-v32_at_npg171__groth16__c1_k01/attempt-1/cell-meta.json	GIT	cc7e013b594dc2c95c45cfc00decbc6b81e1990456d4dd6dd5d8e48b219ad900	440	PRESENT	data/c1/pilot/evidence/SHA256SUMS	
data/c1/pilot/evidence/raw/30-zkos-v32_at_npg171__groth16__c1_k01/attempt-1/node/anvil.log	GIT	4dc24440886874cdab3872fd76c5c201484317c249e1b35cb808622632f9c36f	196354	PRESENT	data/c1/pilot/evidence/SHA256SUMS	
data/c1/pilot/evidence/raw/30-zkos-v32_at_npg171__groth16__c1_k01/attempt-1/node/server.log	GIT	26f5d84c300bc0f7884a9fdb3c22b1c40441ee9c71a78010489518ed048bc734	939616	PRESENT	data/c1/pilot/evidence/SHA256SUMS	
data/c1/pilot/evidence/raw/30-zkos-v32_at_npg171__groth16__c1_k01/attempt-1/records.jsonl	GIT	dd42e4c528b9445f0267537852e2bd9092eabae2c23d8985433e0ca71bcf6526	48607	PRESENT	data/c1/pilot/evidence/SHA256SUMS	
data/c1/pilot/evidence/raw/30-zkos-v32_at_npg171__groth16__c1_k01/attempt-1/spec.json	GIT	51bebf8bac2ee74a0af6f29ee5c75e680b5350a7c2b03ce4ebdf82b8bbf56006	768	PRESENT	data/c1/pilot/evidence/SHA256SUMS	
data/c1/pilot/evidence/raw/30-zkos-v32_at_npg171__groth16__c1_k01/attempt-1/stderr.txt	GIT	e3b0c44298fc1c149afbf4c8996fb92427ae41e4649b934ca495991b7852b855	0	PRESENT	data/c1/pilot/evidence/SHA256SUMS	
data/c1/pilot/evidence/raw/30-zkos-v32_at_npg171__groth16__c1_k01/attempt-1/stdout.txt	GIT	5331de401fd64f08aa3b3ecc235f034f95e2149ab0ea706a18534ced45a78d1c	103	PRESENT	data/c1/pilot/evidence/SHA256SUMS	
data/c1/pilot/evidence/raw/31-evm-osaka__plonk__c1_k01/attempt-1/cell-meta.json	GIT	e22bbdfba5626c534bcea0619555b742eb901a0a09c302ffa93de1790244a814	312	PRESENT	data/c1/pilot/evidence/SHA256SUMS	
data/c1/pilot/evidence/raw/31-evm-osaka__plonk__c1_k01/attempt-1/edr-job.json	GIT	89c670b427f041fbb2694743e65a6e5e85db9703846b785c277417ab16fde704	70808	PRESENT	data/c1/pilot/evidence/SHA256SUMS	
data/c1/pilot/evidence/raw/31-evm-osaka__plonk__c1_k01/attempt-1/edr-out.json	GIT	fd4dca9741ac9e44e4664731fe03f42cced9df40fe1c742bf0a01c93c25b9124	76539	PRESENT	data/c1/pilot/evidence/SHA256SUMS	
data/c1/pilot/evidence/raw/31-evm-osaka__plonk__c1_k01/attempt-1/records.jsonl	GIT	b21857702e7b32de8cc4679e92e0d99018bb8504a43c53e64c6e93312df3c819	70086	PRESENT	data/c1/pilot/evidence/SHA256SUMS	
data/c1/pilot/evidence/raw/31-evm-osaka__plonk__c1_k01/attempt-1/spec.json	GIT	e9504150d0df0da5dcf9514ceac99e8584b2b2c8f8da862bf5a131cd35e9514a	668	PRESENT	data/c1/pilot/evidence/SHA256SUMS	
data/c1/pilot/evidence/raw/31-evm-osaka__plonk__c1_k01/attempt-1/stderr.txt	GIT	e3b0c44298fc1c149afbf4c8996fb92427ae41e4649b934ca495991b7852b855	0	PRESENT	data/c1/pilot/evidence/SHA256SUMS	
data/c1/pilot/evidence/raw/31-evm-osaka__plonk__c1_k01/attempt-1/stdout.txt	GIT	0241608837b824bb5b6696550bfa30ef0b4a908fd44a4ab67786095f65249e25	79	PRESENT	data/c1/pilot/evidence/SHA256SUMS	
data/c1/pilot/evidence/raw/32-zkos-v32_at_npg169__groth16__c1_k01/attempt-1/cell-meta.json	GIT	6fd73b3b553f916f37292c6b043d471509b2978885edb888e50740a23e893203	440	PRESENT	data/c1/pilot/evidence/SHA256SUMS	
data/c1/pilot/evidence/raw/32-zkos-v32_at_npg169__groth16__c1_k01/attempt-1/node/anvil.log	GIT	9867fee97572fa576699c1c456659da918926b90d6d5a9f4efa8ff34663ba11e	196190	PRESENT	data/c1/pilot/evidence/SHA256SUMS	
data/c1/pilot/evidence/raw/32-zkos-v32_at_npg169__groth16__c1_k01/attempt-1/node/server.log	GIT	49e44fe319aea224e023c551b365076ed5599a77afa7b65c2b714f0dce143d8f	935662	PRESENT	data/c1/pilot/evidence/SHA256SUMS	
data/c1/pilot/evidence/raw/32-zkos-v32_at_npg169__groth16__c1_k01/attempt-1/records.jsonl	GIT	57a893e9cb1aaeba78f7afb4e8af1d457d9e011e58d67d7cc2b8c44be70db522	48607	PRESENT	data/c1/pilot/evidence/SHA256SUMS	
data/c1/pilot/evidence/raw/32-zkos-v32_at_npg169__groth16__c1_k01/attempt-1/spec.json	GIT	9410275999fe72d40e8566d4b7818031674bb0630034ad0df244ae809359af71	768	PRESENT	data/c1/pilot/evidence/SHA256SUMS	
data/c1/pilot/evidence/raw/32-zkos-v32_at_npg169__groth16__c1_k01/attempt-1/stderr.txt	GIT	e3b0c44298fc1c149afbf4c8996fb92427ae41e4649b934ca495991b7852b855	0	PRESENT	data/c1/pilot/evidence/SHA256SUMS	
data/c1/pilot/evidence/raw/32-zkos-v32_at_npg169__groth16__c1_k01/attempt-1/stdout.txt	GIT	22efafdd699799c383361d0ae49dc20d8a59f11c546ef728dfd917fc9ceec239	103	PRESENT	data/c1/pilot/evidence/SHA256SUMS	
data/c1/pilot/evidence/raw/33-eravm-29__groth16__c1_ctx_k16/attempt-1/anvil-zksync.log	GIT	bed21022a54b18662f131d2697c73698e1ae98126167ce04052d0d0cbcb465bc	8082	PRESENT	data/c1/pilot/evidence/SHA256SUMS	
data/c1/pilot/evidence/raw/33-eravm-29__groth16__c1_ctx_k16/attempt-1/anvil-zksync.log.stdout	GIT	571234680d25c89b2db9abde9921acfa0122129d1c7b7239a9ba746b1bf7e87f	19924	PRESENT	data/c1/pilot/evidence/SHA256SUMS	
data/c1/pilot/evidence/raw/33-eravm-29__groth16__c1_ctx_k16/attempt-1/cell-meta.json	GIT	fcae586bfa9a264fb155cd7a11a9075435e8afa9c570a9e60ca74dba32aaf9b4	689	PRESENT	data/c1/pilot/evidence/SHA256SUMS	
data/c1/pilot/evidence/raw/33-eravm-29__groth16__c1_ctx_k16/attempt-1/eravm-calltraces.json	GIT	11da31194185abcd722dc11355c52679acc44bbf778b4514e4b2e58fd1fcc39a	581396	PRESENT	data/c1/pilot/evidence/SHA256SUMS	
data/c1/pilot/evidence/raw/33-eravm-29__groth16__c1_ctx_k16/attempt-1/records.jsonl	GIT	a05f6ac46e716bec23f59026b4b935fadec886fb91320666cebda0e58e86d643	59266	PRESENT	data/c1/pilot/evidence/SHA256SUMS	
data/c1/pilot/evidence/raw/33-eravm-29__groth16__c1_ctx_k16/attempt-1/spec.json	GIT	eeee7354aec25f2e395ea953fa3edbfd678324e40bd838ee1b820d8c5354b5fc	690	PRESENT	data/c1/pilot/evidence/SHA256SUMS	
data/c1/pilot/evidence/raw/33-eravm-29__groth16__c1_ctx_k16/attempt-1/stderr.txt	GIT	e3b0c44298fc1c149afbf4c8996fb92427ae41e4649b934ca495991b7852b855	0	PRESENT	data/c1/pilot/evidence/SHA256SUMS	
data/c1/pilot/evidence/raw/33-eravm-29__groth16__c1_ctx_k16/attempt-1/stdout.txt	GIT	6d97def5aa04333fde0df16c0b910ccfb0c166928356566566129bac1dcd314c	84	PRESENT	data/c1/pilot/evidence/SHA256SUMS	
data/c1/pilot/evidence/raw/34-zkos-v32_at_npg126__plonk__c1_k01/attempt-1/cell-meta.json	GIT	8605d83dec7225733820e4a797998e085642a18bea95b66b97018c22cbbbdb4a	440	PRESENT	data/c1/pilot/evidence/SHA256SUMS	
data/c1/pilot/evidence/raw/34-zkos-v32_at_npg126__plonk__c1_k01/attempt-1/node/anvil.log	GIT	1cf87c21cd101cfe5199f049505b3409ff809f7788b446677469d2dfe7ada69c	195557	PRESENT	data/c1/pilot/evidence/SHA256SUMS	
data/c1/pilot/evidence/raw/34-zkos-v32_at_npg126__plonk__c1_k01/attempt-1/node/server.log	GIT	b3196cbd3c9710da942d0c257c2dac63fddf00c8dae0e7e082ba7a21801b61b7	974079	PRESENT	data/c1/pilot/evidence/SHA256SUMS	
data/c1/pilot/evidence/raw/34-zkos-v32_at_npg126__plonk__c1_k01/attempt-1/records.jsonl	GIT	50fc7dd5ad040748649ffc6bc20fc149838c98f9d79ea22067d3b432c7a36159	48451	PRESENT	data/c1/pilot/evidence/SHA256SUMS	
data/c1/pilot/evidence/raw/34-zkos-v32_at_npg126__plonk__c1_k01/attempt-1/spec.json	GIT	143c5753d11eed071c7cfbe743862a96338967c09eb726b1f84ef04ab4491ed9	758	PRESENT	data/c1/pilot/evidence/SHA256SUMS	
data/c1/pilot/evidence/raw/34-zkos-v32_at_npg126__plonk__c1_k01/attempt-1/stderr.txt	GIT	e3b0c44298fc1c149afbf4c8996fb92427ae41e4649b934ca495991b7852b855	0	PRESENT	data/c1/pilot/evidence/SHA256SUMS	
data/c1/pilot/evidence/raw/34-zkos-v32_at_npg126__plonk__c1_k01/attempt-1/stdout.txt	GIT	87ed8b4e628a91ec127255b017625c7a11c0ea7e68cabdcfec79e3753f31abb5	101	PRESENT	data/c1/pilot/evidence/SHA256SUMS	
data/c1/pilot/evidence/raw/35-evm-osaka__groth16__c1_ctx_k04/attempt-1/cell-meta.json	GIT	2c8eb73e0f753d74b0260e779a13b1d0ac48321de39077dc67d5606c606d8b8b	312	PRESENT	data/c1/pilot/evidence/SHA256SUMS	
data/c1/pilot/evidence/raw/35-evm-osaka__groth16__c1_ctx_k04/attempt-1/edr-job.json	GIT	40199a87efac6386745afe7b8b193927f4f48c5311d145f54cc4006f5f1ca170	42124	PRESENT	data/c1/pilot/evidence/SHA256SUMS	
data/c1/pilot/evidence/raw/35-evm-osaka__groth16__c1_ctx_k04/attempt-1/edr-out.json	GIT	4ced590854601b6f05ed00ff749226fc16be7e5ef352a06589b44af4504b935a	34019	PRESENT	data/c1/pilot/evidence/SHA256SUMS	
data/c1/pilot/evidence/raw/35-evm-osaka__groth16__c1_ctx_k04/attempt-1/records.jsonl	GIT	25f3ed0b30fa28e127f965b8207a2d3f42cbb83143581546d8aa0b69bab6bfe5	57116	PRESENT	data/c1/pilot/evidence/SHA256SUMS	
data/c1/pilot/evidence/raw/35-evm-osaka__groth16__c1_ctx_k04/attempt-1/spec.json	GIT	e583877003b3ae6fb7e5b61cd051aa5662ea36c79cb11fdaed58ba8f59a6ecb5	698	PRESENT	data/c1/pilot/evidence/SHA256SUMS	
data/c1/pilot/evidence/raw/35-evm-osaka__groth16__c1_ctx_k04/attempt-1/stderr.txt	GIT	e3b0c44298fc1c149afbf4c8996fb92427ae41e4649b934ca495991b7852b855	0	PRESENT	data/c1/pilot/evidence/SHA256SUMS	
data/c1/pilot/evidence/raw/35-evm-osaka__groth16__c1_ctx_k04/attempt-1/stdout.txt	GIT	9f278d8b74def292eb15b68dd3bbced7a1badbf64b8f57cb17ba6a9d2f13bb6d	85	PRESENT	data/c1/pilot/evidence/SHA256SUMS	
data/c1/pilot/evidence/raw/l1-state-inputs-removed.json	GIT	fcfb2fa8c043c0a5b1db7d681eead0a1e0554d50ca4bef06c5396e3199c4f88f	5046	PRESENT	data/c1/pilot/evidence/SHA256SUMS	
data/c1/pilot/evidence/selftest/README.md	GIT	abc434cc4a84b00175c32f72b75fb1b64514fd60a29ee13500d34d220605259d	1300	PRESENT	data/c1/pilot/evidence/SHA256SUMS	
data/c1/pilot/evidence/selftest/run1/AC_checks.csv	GIT	c32791b6bc1e5b33243eb43baffe17097a597505e99109d879bef4c33a9c7454	17896	PRESENT	data/c1/pilot/evidence/SHA256SUMS	
data/c1/pilot/evidence/selftest/run1/VALIDATION.json	GIT	f5cb5253900c17bc6045cbf39fabd2a52447206f4b9a7d5aaeb365c1dc3dca5d	1971	PRESENT	data/c1/pilot/evidence/SHA256SUMS	
data/c1/pilot/evidence/selftest/run1/orchestrator.log	GIT	894e24faf7f87f11428b76f6f7ccd467bfa6136d1af70194a627753a278f94bd	1589	PRESENT	data/c1/pilot/evidence/SHA256SUMS	
data/c1/pilot/evidence/selftest/run1/summary.json	GIT	b5c6a5b1aeaf4b574bffd17a5806d746bac1947cd1a8af953b797ebd1fcaeb79	235	PRESENT	data/c1/pilot/evidence/SHA256SUMS	
data/c1/pilot/evidence/selftest/run2/AC_checks.csv	GIT	c32791b6bc1e5b33243eb43baffe17097a597505e99109d879bef4c33a9c7454	17896	PRESENT	data/c1/pilot/evidence/SHA256SUMS	
data/c1/pilot/evidence/selftest/run2/VALIDATION.json	GIT	f5cb5253900c17bc6045cbf39fabd2a52447206f4b9a7d5aaeb365c1dc3dca5d	1971	PRESENT	data/c1/pilot/evidence/SHA256SUMS	
data/c1/pilot/evidence/selftest/run2/orchestrator.log	GIT	402ee5c32dc2084764ab19af935e7390923800707a6a1a23f75653d7aba940d6	1589	PRESENT	data/c1/pilot/evidence/SHA256SUMS	
data/c1/pilot/evidence/selftest/run2/summary.json	GIT	b5c6a5b1aeaf4b574bffd17a5806d746bac1947cd1a8af953b797ebd1fcaeb79	235	PRESENT	data/c1/pilot/evidence/SHA256SUMS	
data/c1/pilot/evidence/selftest/selftest-cells.csv	GIT	bafb9aef9b7a7728b223fe89e09a5eb06f1dfec0103aa7a44f2d08684cdf54a7	921	PRESENT	data/c1/pilot/evidence/SHA256SUMS	
data/c1/pilot/record/SHA256SUMS	GIT	0d0d05ba19c21db8ac5c9d77d34c1ff1051f23adc671336887bfeaa3c0b271b0	1352	PRESENT		
data/c1/pilot/record/campaign.json	GIT	9e27a9be0ed152f7ede558785c1344ddb021883f57f44252a1d4e0c5d2c03f01	1393	PRESENT	data/c1/pilot/record/SHA256SUMS	
data/c1/pilot/record/gate-p-tables.md	GIT	23a8a11ed09b71d9c0dacaf913ff32abc2821a8ed6c702edf2e78bdc90fb94e8	27423	PRESENT	data/c1/pilot/record/SHA256SUMS	
data/c1/pilot/record/gatep_tables.py	GIT	1e42a9c36ec6c0c2ba97bcd12c5e154fe6690ee90021f8ac5ac9e444abfbf988	5323	PRESENT	data/c1/pilot/record/SHA256SUMS	
data/c1/pilot/record/scoring/AC_checks.csv	GIT	b6979d17bcfe82f0cd07f91296796e64fa1f004ecfec42847c02472d8b3b8931	77408	PRESENT	data/c1/pilot/record/SHA256SUMS	
data/c1/pilot/record/scoring/CELL_summary.csv	GIT	5553bc09767022d3653132ab4c558bbc049aa8806ac6def17c6e40638960dc82	8621	PRESENT	data/c1/pilot/record/SHA256SUMS	
data/c1/pilot/record/scoring/NPG_ranking.csv	GIT	62e8d71ed147fd64a1885f50c2da050cbc004d768f9ea4b44330d39114b75202	579	PRESENT	data/c1/pilot/record/SHA256SUMS	
data/c1/pilot/record/scoring/NPG_scoring.csv	GIT	1cff5efedf610665abdd4aff41c76db9b596802b7a7f3ff2ecef8c1226323bea	944	PRESENT	data/c1/pilot/record/SHA256SUMS	
data/c1/pilot/record/scoring/P_scoring.csv	GIT	a852c09354da8653d99a93caaf8ec16cee1d6c16502def922b6d99906823be83	14578	PRESENT	data/c1/pilot/record/SHA256SUMS	
data/c1/pilot/record/scoring/R_scoring.csv	GIT	ef846dfc5e2016ae95ded13e632044f057212a239aef94be141de7881e028b43	1280	PRESENT	data/c1/pilot/record/SHA256SUMS	
data/c1/pilot/record/scoring/SG_monotonicity.csv	GIT	cc3c5bac372072f1fac09f8d56cceb06c6b4c014731891da89a929c0487cb66d	146	PRESENT	data/c1/pilot/record/SHA256SUMS	
data/c1/pilot/record/scoring/SG_signs.csv	GIT	83027202606743f9e9c2f76a6f774beaed356fd52b2b0a8fbe944bb45d145b6d	1391	PRESENT	data/c1/pilot/record/SHA256SUMS	
data/c1/pilot/record/scoring/SHA256SUMS	GIT	15c7752fb28a4b241d3f7c08cf12971a3b038846b5698a1f0178419472ff50ee	896	PRESENT		
data/c1/pilot/record/scoring/XO_crossovers.csv	GIT	ea8505c8d2e0e46afe460c4b6168ac491a21baa3c59005c377ce2a51e611e9b4	415	PRESENT	data/c1/pilot/record/SHA256SUMS	
data/c1/pilot/record/scoring/ZC_scoring.csv	GIT	c55b41c63d0bfba568ccd097ae6141ed9d219e92b4bc723061d4d76409079f7a	4404	PRESENT	data/c1/pilot/record/SHA256SUMS	
data/c1/pilot/record/scoring/summary.json	GIT	95d0655cda3820655c5289003526cb14bd30c839c9830bdfb01669e1f02cca44	499	PRESENT	data/c1/pilot/record/SHA256SUMS	
data/c1/pilot/record/validation/VALIDATION.json	GIT	d1d1b9c8def04b5a19048e7211fffa93ca9f49a3674559d73333c18e80b18a32	8389	PRESENT	data/c1/pilot/record/SHA256SUMS	
data/p0-feasibility/README.md	GIT	4bf3c151789fa5ac9faaf0eee52f096d72917ca51afc1a77dcba34fe7e3205ed	2501	PRESENT	data/p0-feasibility/SHA256SUMS	
data/p0-feasibility/SHA256SUMS	GIT	8ee8c3f2209d246db6b085b479275b0cb243962c4fa86dcff5e1055742ac5835	33791	PRESENT		
data/p0-feasibility/circuits/plonk-gate-counts.txt	GIT	84b10970f43e920ed384dd9a4112782c79310c8efedc34d2956367934b1cc619	946	PRESENT	data/p0-feasibility/SHA256SUMS	
data/p0-feasibility/circuits/setup-times.txt	GIT	58d5a21b8bed771d71913f669df07d2f673f5193a3071a524d0aa6035031e58f	1215	PRESENT	data/p0-feasibility/SHA256SUMS	
data/p0-feasibility/circuits/src/a4_d11.circom	GIT	fa9a369fcb6fa1f87d8c108a9158b5a8aeaa038349fab942a53283b59841dbdb	3086	PRESENT	data/p0-feasibility/SHA256SUMS	
data/p0-feasibility/circuits/src/a8_d11.circom	GIT	debd33d855420a3ae3dd05c40e74689e84ef545f962085f35872f3ba24f98b97	3488	PRESENT	data/p0-feasibility/SHA256SUMS	
data/p0-feasibility/circuits/src/ctx_d11_k16.circom	GIT	03452f6c4467148d7f4087ad16ff5d75df30f086bbb87120f36e6c3bd4ca9903	3515	PRESENT	data/p0-feasibility/SHA256SUMS	
data/p0-feasibility/circuits/src/ctx_d11_k2.circom	GIT	213616ac416fee635e65602235bdc992f38d006b54917b082fdc6a81560a7e70	3514	PRESENT	data/p0-feasibility/SHA256SUMS	
data/p0-feasibility/circuits/src/ctx_d11_k32.circom	GIT	030b0c701ded99d18da83a538543b7b7cc1f0fd869b300bffa7d438cca75661a	3515	PRESENT	data/p0-feasibility/SHA256SUMS	
data/p0-feasibility/circuits/src/ctx_d11_k4.circom	GIT	159421024ec9d4955ce3825536c2ce8d0e314a145784f8a02fe3c253ea6e8092	3514	PRESENT	data/p0-feasibility/SHA256SUMS	
data/p0-feasibility/circuits/src/ctx_d11_k64.circom	GIT	d64c18bec88ee6a1e8884e71f6ca61ec221313349446f31014a6f36e515980a3	3515	PRESENT	data/p0-feasibility/SHA256SUMS	
data/p0-feasibility/circuits/src/ctx_d5_k16.circom	GIT	d3bbb99e1397e9a9db042735563c2510461486e319fd6305e0d4ed28cf8294c8	3514	PRESENT	data/p0-feasibility/SHA256SUMS	
data/p0-feasibility/circuits/src/ctx_d5_k4.circom	GIT	b5adc918bcea846791526aef7a8f58f0ea6eb2576ec04f7cae8a1f0f60290861	3513	PRESENT	data/p0-feasibility/SHA256SUMS	
data/p0-feasibility/circuits/src/disc_chain2_d11_k1.circom	GIT	626ee4002001de07dc398fe3edf0fdadb1afd622a0508d9780d229b216cf142f	2853	PRESENT	data/p0-feasibility/SHA256SUMS	
data/p0-feasibility/circuits/src/disc_chain2_d11_k32.circom	GIT	ee58b0cfeab61f4084823be5f8449f6a5208db1fe656ce7662e12827d4ba6188	2952	PRESENT	data/p0-feasibility/SHA256SUMS	
data/p0-feasibility/circuits/src/disc_chain2_d11_k4.circom	GIT	4efc3c958ed94b88f6f42a50ad9838ecae440d57ac93303badf5cfbb676578c7	2951	PRESENT	data/p0-feasibility/SHA256SUMS	
data/p0-feasibility/circuits/src/disc_p16x2_d11_k1.circom	GIT	7266e3d1522f4202f09e9b0ba345d33517514bad6efdb7c02fe518a6ab76b67b	2877	PRESENT	data/p0-feasibility/SHA256SUMS	
data/p0-feasibility/circuits/src/disc_p16x2_d11_k32.circom	GIT	71a773d8a4fc15759bb4cc831764a4b4f5e0ce42dc3f2605ed5c349edc3b4dec	2976	PRESENT	data/p0-feasibility/SHA256SUMS	
data/p0-feasibility/circuits/src/disc_p16x2_d11_k4.circom	GIT	4b8921e38f8a794dc28c89f86196b85669875b24075a0e514ab509fc0399fc88	2975	PRESENT	data/p0-feasibility/SHA256SUMS	
data/p0-feasibility/circuits/src/mini_d0_k1.circom	GIT	c22c66102e53adec22464f9c7f690830f93c55896ae9aa7bc151c101ac56065a	1053	PRESENT	data/p0-feasibility/SHA256SUMS	
data/p0-feasibility/circuits/src/mini_d0_k16.circom	GIT	275b7d1f2c461e6fd084dfd4f798606f593f83520d877f0172acbfb5884d0679	1059	PRESENT	data/p0-feasibility/SHA256SUMS	
data/p0-feasibility/circuits/src/mini_d0_k2.circom	GIT	cddd2980586c43a0fc9aca14f23c6ac16a13a070f2461deb759d48aca2954d1a	1058	PRESENT	data/p0-feasibility/SHA256SUMS	
data/p0-feasibility/circuits/src/mini_d0_k4.circom	GIT	ce7f4388adfdb84120824503de0eded7dcac2bd5fa77438f779282cbcd5ad299	1058	PRESENT	data/p0-feasibility/SHA256SUMS	
data/p0-feasibility/circuits/src/pad_d10_p1150.circom	GIT	51f6fc82687a0a6b4bede4d0e718d490862965c9175f1db1607636ef38a0c1ce	3702	PRESENT	data/p0-feasibility/SHA256SUMS	
data/p0-feasibility/circuits/src/pad_d10_p1180.circom	GIT	31542870c898dad496e42eb544dfd8a42f70c46fa62eded5c3247febb18c6308	3702	PRESENT	data/p0-feasibility/SHA256SUMS	
data/p0-feasibility/circuits/src/v1_d11.circom	GIT	ab17264c47541b5c52a95dd7c1a4e9e796024a51933237b25d9fe0e50de6b6e4	3511	PRESENT	data/p0-feasibility/SHA256SUMS	
data/p0-feasibility/circuits/src/v1_d5.circom	GIT	c7ab97adc9b4764d4846546310cc7478f1dde87e037387e5729bf70a0fce17fc	3510	PRESENT	data/p0-feasibility/SHA256SUMS	
data/p0-feasibility/proofs/a4_d11/groth16-p0.json	GIT	9592965fa0701708f5f96a3682ad43f43db07f4ae59fd91242a7a3423d9ef8e9	1066	PRESENT	data/p0-feasibility/SHA256SUMS	
data/p0-feasibility/proofs/a4_d11/groth16-p1.json	GIT	d04a78570803c44cc8758f152694ee2639220046796ddbeae089ed6da312ac92	1064	PRESENT	data/p0-feasibility/SHA256SUMS	
data/p0-feasibility/proofs/a4_d11/plonk-p0.json	GIT	3ddd81451d55125ad31ff66932b5d38dcb84c870357493c586edaa48323da133	2441	PRESENT	data/p0-feasibility/SHA256SUMS	
data/p0-feasibility/proofs/a4_d11/plonk-p1.json	GIT	3f911061b66656057e4bcb23dea4734319978283fa144da91db29933a4120c83	2442	PRESENT	data/p0-feasibility/SHA256SUMS	
data/p0-feasibility/proofs/a8_d11/groth16-p0.json	GIT	fb803ffacb3736b48fb0c102a979351029f3f75f5a47bff2f5a1844cb385cef8	1113	PRESENT	data/p0-feasibility/SHA256SUMS	
data/p0-feasibility/proofs/a8_d11/groth16-p1.json	GIT	5cf6ec1dc1d9b9735fb4d3936e622225e1dd5e3b83bcabfa7e83c96e17a82160	1116	PRESENT	data/p0-feasibility/SHA256SUMS	
data/p0-feasibility/proofs/a8_d11/plonk-p0.json	GIT	51849e37c583f6f83fafceb4ed22db03b442b0e6aee3f6c1d6839fe80564aeaa	2488	PRESENT	data/p0-feasibility/SHA256SUMS	
data/p0-feasibility/proofs/a8_d11/plonk-p1.json	GIT	6e8f36484ae6792aa6d81ad12ded76c0e3ac49cab79f434c86d33c71ae23b34d	2489	PRESENT	data/p0-feasibility/SHA256SUMS	
data/p0-feasibility/proofs/ctx_d11_k16/groth16-p0.json	GIT	c037592c66e762bbebf62463227f1aaaf9cba65e0e486a9c8a7f073cb38dc6ae	1997	PRESENT	data/p0-feasibility/SHA256SUMS	
data/p0-feasibility/proofs/ctx_d11_k16/groth16-p1.json	GIT	48441a55e52d691b4b1bdd1ec8c66987a629860303743208b001231ab276fd49	1996	PRESENT	data/p0-feasibility/SHA256SUMS	
data/p0-feasibility/proofs/ctx_d11_k16/groth16-p2.json	GIT	16424b95ae8b9ebbd6297e8c90176fccca1f058f89e71cc8e76b7abc1b350a62	1996	PRESENT	data/p0-feasibility/SHA256SUMS	
data/p0-feasibility/proofs/ctx_d11_k16/plonk-p0.json	GIT	f0af0effa5e03ffebe3e2ffc62e93196f888e5043a108f577f6f88f1e1d03a33	3374	PRESENT	data/p0-feasibility/SHA256SUMS	
data/p0-feasibility/proofs/ctx_d11_k16/plonk-p1.json	GIT	57db4a976468b6a4b00775c53778f6675265a8d532cb6ca1d1e655755463d963	3367	PRESENT	data/p0-feasibility/SHA256SUMS	
data/p0-feasibility/proofs/ctx_d11_k16/plonk-p2.json	GIT	1b44631b360e749faae785f2a2239638c00362483d0efd725ef54cd27e178d74	3377	PRESENT	data/p0-feasibility/SHA256SUMS	
data/p0-feasibility/proofs/ctx_d11_k2/groth16-p0.json	GIT	f2922fcaa52cde03a0d2012ad4cf0f615205c456f1592741c78c5111e0d63eac	910	PRESENT	data/p0-feasibility/SHA256SUMS	
data/p0-feasibility/proofs/ctx_d11_k2/groth16-p1.json	GIT	e367db8a1377a8eb2bbd90a662247eaa56569ad50de5d90df0ab7434bf851cd6	906	PRESENT	data/p0-feasibility/SHA256SUMS	
data/p0-feasibility/proofs/ctx_d11_k2/plonk-p0.json	GIT	fb3da87811a4a16250b6e2f4482f76cb90ee20aae55ece4ba9574d44e25dbaff	2289	PRESENT	data/p0-feasibility/SHA256SUMS	
data/p0-feasibility/proofs/ctx_d11_k2/plonk-p1.json	GIT	2be991a96e054bb1ffe44f9883e519ff24795ee3b6ddf59128473a2c5280673f	2284	PRESENT	data/p0-feasibility/SHA256SUMS	
data/p0-feasibility/proofs/ctx_d11_k32/groth16-p0.json	GIT	9753a96ca8bfec35cba0d71abf38aab3fbb1936677f0d403bdd7fc30206bc5fe	3242	PRESENT	data/p0-feasibility/SHA256SUMS	
data/p0-feasibility/proofs/ctx_d11_k32/groth16-p1.json	GIT	8706ad1ef62588964c27926b2b16fc4a287bf907d4044cc791d5a15561c7a68d	3243	PRESENT	data/p0-feasibility/SHA256SUMS	
data/p0-feasibility/proofs/ctx_d11_k32/groth16-p2.json	GIT	3ef1ee58f4d7c21df3a3e6c734e9669f81ac7375526a5fc2ffaa32f6b6956e2b	3240	PRESENT	data/p0-feasibility/SHA256SUMS	
data/p0-feasibility/proofs/ctx_d11_k32/plonk-p0.json	GIT	43d8f7a26a2fde44747ddf69d9414cf1d384f168a1ec1135f50c433c630290da	4624	PRESENT	data/p0-feasibility/SHA256SUMS	
data/p0-feasibility/proofs/ctx_d11_k32/plonk-p1.json	GIT	47de342212e5552f65c38d62b98ea3998495ec6d9ceb9b464bdc3b4870b2d945	4619	PRESENT	data/p0-feasibility/SHA256SUMS	
data/p0-feasibility/proofs/ctx_d11_k32/plonk-p2.json	GIT	769d350e87326e5617618d4bcda258713e2076b1106858ab0646eb9de0005702	4618	PRESENT	data/p0-feasibility/SHA256SUMS	
data/p0-feasibility/proofs/ctx_d11_k4/groth16-p0.json	GIT	06368374d5504b0fac0375dc7cf46ed7497551c0a3f6d4bf3c94fb342daf0497	1062	PRESENT	data/p0-feasibility/SHA256SUMS	
data/p0-feasibility/proofs/ctx_d11_k4/groth16-p1.json	GIT	d845dbe0ac84b213b77fd4b2ec9e2eafd4ec516ae0904a29ed6c7603fbfd8f67	1061	PRESENT	data/p0-feasibility/SHA256SUMS	
data/p0-feasibility/proofs/ctx_d11_k4/groth16-p2.json	GIT	674cd5788c748d9828118ebecb4dd515b5c629608577627e0b11e604752e08e7	1067	PRESENT	data/p0-feasibility/SHA256SUMS	
data/p0-feasibility/proofs/ctx_d11_k4/plonk-p0.json	GIT	4f2cbbbee08bb956f18161cc4c503ca23c9489742373e5a350bb172772230580	2437	PRESENT	data/p0-feasibility/SHA256SUMS	
data/p0-feasibility/proofs/ctx_d11_k4/plonk-p1.json	GIT	fd36a20f55394cfd6789ff86e19eb856f59c693d5fe75d19c1f12ea5abe2e3a6	2436	PRESENT	data/p0-feasibility/SHA256SUMS	
data/p0-feasibility/proofs/ctx_d11_k4/plonk-p2.json	GIT	9e2d0979dc45c7256073220bc892fdfbc008f7867d0dc3eee29c2c5e7e154cb0	2439	PRESENT	data/p0-feasibility/SHA256SUMS	
data/p0-feasibility/proofs/ctx_d11_k64/groth16-p0.json	GIT	c356ef8dff5a8cb856a04f6d52bbf43ee5e55b1db6da4d85cf3a783439cf07d5	5727	PRESENT	data/p0-feasibility/SHA256SUMS	
data/p0-feasibility/proofs/ctx_d11_k64/groth16-p1.json	GIT	2e3729ee0e8797f0609604be45fb17ff4151f4f325dd76101f5f4ea18d29bf6a	5730	PRESENT	data/p0-feasibility/SHA256SUMS	
data/p0-feasibility/proofs/ctx_d11_k64/plonk-p0.json	GIT	20101445ceb77250b5faa7fe1ed47393e8874701e38a12b593a51b934bf0544e	7099	PRESENT	data/p0-feasibility/SHA256SUMS	
data/p0-feasibility/proofs/ctx_d11_k64/plonk-p1.json	GIT	3b56c77c45951d99ad63ce3112662bd1a9046e8d80fb5cf8bee7fd50050fdbf9	7101	PRESENT	data/p0-feasibility/SHA256SUMS	
data/p0-feasibility/proofs/disc_p16x2_d11_k4/groth16-p0.json	GIT	674346a9cbe68672993c50b20922232664c42c2c55a7f21b5094abd7849512da	1066	PRESENT	data/p0-feasibility/SHA256SUMS	
data/p0-feasibility/proofs/disc_p16x2_d11_k4/groth16-p1.json	GIT	71b2b97b87933c67af5e535b20911979a0851bc432d4b22c5965238dd029fce8	1063	PRESENT	data/p0-feasibility/SHA256SUMS	
data/p0-feasibility/proofs/disc_p16x2_d11_k4/plonk-p0.json	GIT	84ed75f370ea321c27818dfae042d2ba74971d8b3f0d88c64d103ef419eee7cf	2443	PRESENT	data/p0-feasibility/SHA256SUMS	
data/p0-feasibility/proofs/disc_p16x2_d11_k4/plonk-p1.json	GIT	03dac19d731276e5886777261c68d39f1a0f4518176ee04ceac3c132348da89d	2440	PRESENT	data/p0-feasibility/SHA256SUMS	
data/p0-feasibility/proofs/mini_d0_k1/fflonk-p0.json	GIT	68b2dcfd346fcfdfaec2f94779584025e3e91f19d1fa15d491576dce96f7f00a	2202	PRESENT	data/p0-feasibility/SHA256SUMS	
data/p0-feasibility/proofs/mini_d0_k1/fflonk-p1.json	GIT	73e8df74af4d16138e7da2ec27e0ea56394d92d091603711df7a6654599712e3	2208	PRESENT	data/p0-feasibility/SHA256SUMS	
data/p0-feasibility/proofs/mini_d0_k1/groth16-p0.json	GIT	da21469ecb52e8e078d5a685724c2fc6c5c47c8f8af7c1c95a8c5163a05e7030	831	PRESENT	data/p0-feasibility/SHA256SUMS	
data/p0-feasibility/proofs/mini_d0_k1/groth16-p1.json	GIT	dc7ae56cf7ef03dcc9ef4e24728c9c122fccb82b783609abf99437bd7faf8c71	830	PRESENT	data/p0-feasibility/SHA256SUMS	
data/p0-feasibility/proofs/mini_d0_k1/plonk-p0.json	GIT	ff2817a5969a71376269a038a58f7473e886163b87b6f2e42fb188a860b5e252	2208	PRESENT	data/p0-feasibility/SHA256SUMS	
data/p0-feasibility/proofs/mini_d0_k1/plonk-p1.json	GIT	96aeb80618570c845b52303a59bac78a5c612d8e91f4d868d6726689f085ff4c	2205	PRESENT	data/p0-feasibility/SHA256SUMS	
data/p0-feasibility/proofs/mini_d0_k16/fflonk-p0.json	GIT	1f9689f2ecf8f875ba38bbf7ce4ffb16290f95045c6dcbe2cf424fc8e2bdd0de	3373	PRESENT	data/p0-feasibility/SHA256SUMS	
data/p0-feasibility/proofs/mini_d0_k16/fflonk-p1.json	GIT	fc43b64b44d6318aca3765ab346fc5d13f3a480cfb7f60c8068a8b3ba28a659f	3376	PRESENT	data/p0-feasibility/SHA256SUMS	
data/p0-feasibility/proofs/mini_d0_k16/groth16-p0.json	GIT	cb1cf385faee943bc10a925e3812a5a9e0280d0379869044f02ec9de38e3b664	1998	PRESENT	data/p0-feasibility/SHA256SUMS	
data/p0-feasibility/proofs/mini_d0_k16/groth16-p1.json	GIT	95707e4ce6db913e07e30200ae714fe6aa934a17945ab8e04731c619521a9d47	1996	PRESENT	data/p0-feasibility/SHA256SUMS	
data/p0-feasibility/proofs/mini_d0_k16/plonk-p0.json	GIT	1b9ee3cafed65d8f70e5312ac7750a0402acef292387b48fe26033b782276b79	3377	PRESENT	data/p0-feasibility/SHA256SUMS	
data/p0-feasibility/proofs/mini_d0_k16/plonk-p1.json	GIT	31a7a70429cc45581a6ea10fae282ed39efa3e040060c04a56ef7da5c2882c92	3377	PRESENT	data/p0-feasibility/SHA256SUMS	
data/p0-feasibility/proofs/mini_d0_k2/fflonk-p0.json	GIT	cdabecce307ce96af849c55e98be7b35638219b64fb678d3e9fc6d286f20023f	2291	PRESENT	data/p0-feasibility/SHA256SUMS	
data/p0-feasibility/proofs/mini_d0_k2/fflonk-p1.json	GIT	4dd8b6a6fe1166e19f8778236a0556b231fd4772dfcbd78a68b8d750be869634	2284	PRESENT	data/p0-feasibility/SHA256SUMS	
data/p0-feasibility/proofs/mini_d0_k2/groth16-p0.json	GIT	c9e7cc56d4a59303f5bf2de86cfef796f661a22c95c4a3ffe81f9dc921494e7a	909	PRESENT	data/p0-feasibility/SHA256SUMS	
data/p0-feasibility/proofs/mini_d0_k2/groth16-p1.json	GIT	6fab0b7d71e4bb5c51adc6b6bf0a67b9aa376d553e1aecf8639777cae4596cd4	909	PRESENT	data/p0-feasibility/SHA256SUMS	
data/p0-feasibility/proofs/mini_d0_k2/plonk-p0.json	GIT	2d9fb308acc565126699b54739a450c807935177d247a55e8dad682cf42993be	2281	PRESENT	data/p0-feasibility/SHA256SUMS	
data/p0-feasibility/proofs/mini_d0_k2/plonk-p1.json	GIT	f989ffdd6e072321edab0145cf919c96a4c74a518dd24a558bfa53d5841e1251	2282	PRESENT	data/p0-feasibility/SHA256SUMS	
data/p0-feasibility/proofs/mini_d0_k4/fflonk-p0.json	GIT	b05cb1e1199c343a32a2e57d735ebd1281e918759f9c24fe2a5851925144b99e	2442	PRESENT	data/p0-feasibility/SHA256SUMS	
data/p0-feasibility/proofs/mini_d0_k4/fflonk-p1.json	GIT	fc7e571d08fcdd7496d0dc303f53099f363b2154fe42c65c9dc0325b7d1944e5	2437	PRESENT	data/p0-feasibility/SHA256SUMS	
data/p0-feasibility/proofs/mini_d0_k4/groth16-p0.json	GIT	8ad6ebcad35d5cb6c68ddbd87e58903c538e7f3941d5561cdb7ba57fddf11c15	1065	PRESENT	data/p0-feasibility/SHA256SUMS	
data/p0-feasibility/proofs/mini_d0_k4/groth16-p1.json	GIT	c2badd251d5c4aaa2480deb87ac15825ba79e5ef28f3705a122fc1d288ec7ca8	1065	PRESENT	data/p0-feasibility/SHA256SUMS	
data/p0-feasibility/proofs/mini_d0_k4/plonk-p0.json	GIT	8f87dc801cda7e0f27c4b6a0fc1513fc954fea4635e2d5fa0d53c85d14794466	2436	PRESENT	data/p0-feasibility/SHA256SUMS	
data/p0-feasibility/proofs/mini_d0_k4/plonk-p1.json	GIT	9263e0751f762fe2201f64dd51dfb7042b1c5fdec410680595015775b0c46c71	2441	PRESENT	data/p0-feasibility/SHA256SUMS	
data/p0-feasibility/proofs/v1_d11/groth16-p0.json	GIT	a48c0a8baa2f4b31d251fffae61a009d3e5ddff880ccf165bd1aaa98644a0d89	832	PRESENT	data/p0-feasibility/SHA256SUMS	
data/p0-feasibility/proofs/v1_d11/groth16-p1.json	GIT	1703e0037e28a4522d36aac6a35e290b6f1c3a3c6a3a9d96c8e88e982a564243	833	PRESENT	data/p0-feasibility/SHA256SUMS	
data/p0-feasibility/proofs/v1_d11/plonk-p0.json	GIT	648ba2c31fed2f57382856802e0f1aba1971c1f3522c3e5f24d5641736d1ab8f	2208	PRESENT	data/p0-feasibility/SHA256SUMS	
data/p0-feasibility/proofs/v1_d11/plonk-p1.json	GIT	ca258a4a04a853a30f65f1d5e04e0c668fa460bec4483e08c5e70d0908fb5158	2206	PRESENT	data/p0-feasibility/SHA256SUMS	
data/p0-feasibility/results/derived/batch-eravm-27.log	GIT	55b52e0613950658631436345c353cfa375a49f9e52e72e087c6206f70f3e850	1553	PRESENT	data/p0-feasibility/SHA256SUMS	
data/p0-feasibility/results/derived/batch-eravm-29.log	GIT	fa510f7250a062a80eeceec9f858a0ce77d465237a4629a732192dc8a31d9c1e	10841	PRESENT	data/p0-feasibility/SHA256SUMS	
data/p0-feasibility/results/derived/batch-evm-osaka.log	GIT	7ae34f11d4f4e6ebe80b4aa5e98a5820001ab90237dc2f1b504b76e2e904dcfb	22830	PRESENT	data/p0-feasibility/SHA256SUMS	
data/p0-feasibility/results/derived/eravm-frames.txt	GIT	86b9b7b589253c1f680ddd6afbd2817ac1cf9c9dc37a1baabe3eb0be1ed3b15b	3872	PRESENT	data/p0-feasibility/SHA256SUMS	
data/p0-feasibility/results/derived/eravm-model.txt	GIT	bdfd6f4dbadccad2888543fb0357237441262936d8c298aa9ba4312cd48b41be	2006	PRESENT	data/p0-feasibility/SHA256SUMS	
data/p0-feasibility/results/derived/summary-rows.json	GIT	3364aef0df03b6a5128944a8c0c5d4b6228aca884b1f7b82f26a57d918214640	29835	PRESENT	data/p0-feasibility/SHA256SUMS	
data/p0-feasibility/results/derived/summary.txt	GIT	20429f056590cbfaf15a3215642bc3395e05c25c6e4ba59f6a26a95620ed0d9f	18220	PRESENT	data/p0-feasibility/SHA256SUMS	
data/p0-feasibility/results/derived/zkos-batch-t1.log	GIT	636322b30178d8317e1c80ca00642540ad119b5e778035bd962c97301deb67b8	8547	PRESENT	data/p0-feasibility/SHA256SUMS	
data/p0-feasibility/results/derived/zkos-batch-t3.log	GIT	c1a4aab5878c2f2202d578841f0a6916424bf27d7842bd183734953c2f590452	5794	PRESENT	data/p0-feasibility/SHA256SUMS	
data/p0-feasibility/results/derived/zkos-native-model.txt	GIT	6eb24d0ecbdcadf5718b0af0a2286cca0671b81244f1fd328c2b9825bfc7ef15	5827	PRESENT	data/p0-feasibility/SHA256SUMS	
data/p0-feasibility/results/raw/eravm-frames.json	GIT	b4156c942c5643917c4738693d16323252ac76d21b4882ec2b2622f18ccc7fb8	7522	PRESENT	data/p0-feasibility/SHA256SUMS	
data/p0-feasibility/results/raw/micro-eravm-29.json	GIT	d1b8d6bf952ee62187f0be379dfbff666418ced8e8924f74cfba0c7f6b4a80d7	506742	PRESENT	data/p0-feasibility/SHA256SUMS	
data/p0-feasibility/results/raw/summary-rows.json	GIT	3364aef0df03b6a5128944a8c0c5d4b6228aca884b1f7b82f26a57d918214640	29835	PRESENT	data/p0-feasibility/SHA256SUMS	
data/p0-feasibility/results/raw/sweep-eravm-27-ctx_d11_k16-groth16.json	GIT	bfcfcacb21d6202f4e6e8ceb3e565983490fb7e9c20cc1d3c44dc2dc027dfe28	81232	PRESENT	data/p0-feasibility/SHA256SUMS	
data/p0-feasibility/results/raw/sweep-eravm-27-ctx_d11_k16-plonk.json	GIT	aad1814f2de18f20a8a447adddc910d9ee0a35eaa791aef71cef2e47b1c9c15d	97246	PRESENT	data/p0-feasibility/SHA256SUMS	
data/p0-feasibility/results/raw/sweep-eravm-27-ctx_d11_k4-groth16.json	GIT	6a4ed94eb50b1ab1332f236dad1169b9bf4d6ad1a70b597b7a17b042ec2de8fe	57629	PRESENT	data/p0-feasibility/SHA256SUMS	
data/p0-feasibility/results/raw/sweep-eravm-27-ctx_d11_k4-plonk.json	GIT	d40724f35662c61241f56a4bfba2e15846747374c2f8aea866a23fa8e04a8243	90751	PRESENT	data/p0-feasibility/SHA256SUMS	
data/p0-feasibility/results/raw/sweep-eravm-27-v1_d11-groth16.json	GIT	aba3d00a2a5742e66f26451082a23f8f2f659b56aa5146ef0909a19d5848c816	50760	PRESENT	data/p0-feasibility/SHA256SUMS	
data/p0-feasibility/results/raw/sweep-eravm-27-v1_d11-plonk.json	GIT	d1bddc61c52d239b7948f70c96bd3e2af3df77777892b38688d0f57fc3104eac	88154	PRESENT	data/p0-feasibility/SHA256SUMS	
data/p0-feasibility/results/raw/sweep-eravm-29-a4_d11-groth16.json	GIT	8f7b89c36f546eb73a0bd0e2798d5d8ef0c058e6b055bc96938fc98195e3d156	57667	PRESENT	data/p0-feasibility/SHA256SUMS	
data/p0-feasibility/results/raw/sweep-eravm-29-a4_d11-plonk.json	GIT	fe7e8b0565a7ccd00a3a96dffafb1bce81424178209c87ef3cd731b0c1ce0d88	90749	PRESENT	data/p0-feasibility/SHA256SUMS	
data/p0-feasibility/results/raw/sweep-eravm-29-a8_d11-groth16.json	GIT	3658740e40ce8384e22591ce8b55448f9f49124417f97596d3b8a2c3724fd05a	65489	PRESENT	data/p0-feasibility/SHA256SUMS	
data/p0-feasibility/results/raw/sweep-eravm-29-a8_d11-plonk.json	GIT	1211d9bab084af237fc7385e07790c234d9f178b11ca989104489b28598ca7fd	92883	PRESENT	data/p0-feasibility/SHA256SUMS	
data/p0-feasibility/results/raw/sweep-eravm-29-ctx_d11_k16-groth16.json	GIT	1c95ff6bac9085a0673f2dc6113c8c665cf211c96ad89061b6fad332abef974c	82172	PRESENT	data/p0-feasibility/SHA256SUMS	
data/p0-feasibility/results/raw/sweep-eravm-29-ctx_d11_k16-plonk.json	GIT	15ecb7e7493e35ef3d5f97bfac2f4a4df5af3cd2ef41aec84683eeb382567a0b	98182	PRESENT	data/p0-feasibility/SHA256SUMS	
data/p0-feasibility/results/raw/sweep-eravm-29-ctx_d11_k2-groth16.json	GIT	0ae2fad69bb9efd047e6d7ef0739ea8b532ecc464173da389f0a7394a1768016	53713	PRESENT	data/p0-feasibility/SHA256SUMS	
data/p0-feasibility/results/raw/sweep-eravm-29-ctx_d11_k2-plonk.json	GIT	004de942fffdb85bb02f57eacbe8b7c2d302bb0dd8062b126069433394ecfc59	89642	PRESENT	data/p0-feasibility/SHA256SUMS	
data/p0-feasibility/results/raw/sweep-eravm-29-ctx_d11_k32-groth16.json	GIT	99f07eeebcb022696c66eb4f610d6d19b4eaeb1c6bf19d6a995c7eefc1cbdeb7	113605	PRESENT	data/p0-feasibility/SHA256SUMS	
data/p0-feasibility/results/raw/sweep-eravm-29-ctx_d11_k32-plonk.json	GIT	b1a97b3f99491ddb518806883b2fb28bc8871f1b94f639968b25bd794def57ee	106839	PRESENT	data/p0-feasibility/SHA256SUMS	
data/p0-feasibility/results/raw/sweep-eravm-29-ctx_d11_k4-groth16.json	GIT	d4e075b28ba578307da25438d57adabb47eb9a1e5550e00457a71a1e5dd2963e	58605	PRESENT	data/p0-feasibility/SHA256SUMS	
data/p0-feasibility/results/raw/sweep-eravm-29-ctx_d11_k4-plonk.json	GIT	5aca6529923b32e37175cbe9e6508cfe9e81da82d7070e4f13b3861be2b971c2	91687	PRESENT	data/p0-feasibility/SHA256SUMS	
data/p0-feasibility/results/raw/sweep-eravm-29-ctx_d11_k64-groth16.json	GIT	8d05d37340e5d4f9076d4019cf22d0acd41881575a61aff72d0f53f1273154f2	175486	PRESENT	data/p0-feasibility/SHA256SUMS	
data/p0-feasibility/results/raw/sweep-eravm-29-ctx_d11_k64-plonk.json	GIT	c294347e280a53779dfce6f74c4f412e06438572bd91d1d443d92979ebc67c5e	123185	PRESENT	data/p0-feasibility/SHA256SUMS	
data/p0-feasibility/results/raw/sweep-eravm-29-disc_p16x2_d11_k4-groth16.json	GIT	3cff96bc79ce32b029b5da5c31056da22e17cd6f7c84f9cc0eef1cba84866ab8	57678	PRESENT	data/p0-feasibility/SHA256SUMS	
data/p0-feasibility/results/raw/sweep-eravm-29-disc_p16x2_d11_k4-plonk.json	GIT	41cd49d37fd3f9ea99b1a71bd101371aec01fa0588aa9960fe47ec2f2e5a45c3	90760	PRESENT	data/p0-feasibility/SHA256SUMS	
data/p0-feasibility/results/raw/sweep-eravm-29-mini_d0_k1-fflonk.json	GIT	6c848806878c1eeb2682cfd7a52dd912fa67968a833316c190cc1e4a26d277de	69718	PRESENT	data/p0-feasibility/SHA256SUMS	
data/p0-feasibility/results/raw/sweep-eravm-29-mini_d0_k1-groth16.json	GIT	4483a4e97674330a02387fde2426dc164b291ea0ddb6e260efb48a86d5b04f75	51750	PRESENT	data/p0-feasibility/SHA256SUMS	
data/p0-feasibility/results/raw/sweep-eravm-29-mini_d0_k1-plonk.json	GIT	a6f7a2909c51354dc633f2446143e947888cd727a7b54a08b1c133cfbaa04970	89102	PRESENT	data/p0-feasibility/SHA256SUMS	
data/p0-feasibility/results/raw/sweep-eravm-29-mini_d0_k16-fflonk.json	GIT	695e0caa8b2fdcd1de4d4e3fc46f37c000086044693e8ca3db0a7b8638f50bc5	77833	PRESENT	data/p0-feasibility/SHA256SUMS	
data/p0-feasibility/results/raw/sweep-eravm-29-mini_d0_k16-groth16.json	GIT	096c1e8528fabf99003997ac80a52f9e29b654819e703d0f0d647a0d80cb045a	81207	PRESENT	data/p0-feasibility/SHA256SUMS	
data/p0-feasibility/results/raw/sweep-eravm-29-mini_d0_k16-plonk.json	GIT	c899a2b5fcd05d2e42fd62732052c14ec57a774f474d70a1cc4cdd3dc35fe0fd	97215	PRESENT	data/p0-feasibility/SHA256SUMS	
data/p0-feasibility/results/raw/sweep-eravm-29-mini_d0_k2-fflonk.json	GIT	5d0bc22c3a5ce9df381069c3415b637d8be5b0ff22023422080fbb0e828db8c1	70258	PRESENT	data/p0-feasibility/SHA256SUMS	
data/p0-feasibility/results/raw/sweep-eravm-29-mini_d0_k2-groth16.json	GIT	ce751ef6bb12387b1e01adc4562cb03d4f1ba74362019a50df10a115bc51e76c	53713	PRESENT	data/p0-feasibility/SHA256SUMS	
data/p0-feasibility/results/raw/sweep-eravm-29-mini_d0_k2-plonk.json	GIT	efa844efdb858d6d2d2137fc3b7318df8e7faacbc13a1eadf0c409bf840f3d2e	89642	PRESENT	data/p0-feasibility/SHA256SUMS	
data/p0-feasibility/results/raw/sweep-eravm-29-mini_d0_k4-fflonk.json	GIT	3527cb50eed98c852de778517f5df618e88ceb5e235e5c564730989e4359521b	71339	PRESENT	data/p0-feasibility/SHA256SUMS	
data/p0-feasibility/results/raw/sweep-eravm-29-mini_d0_k4-groth16.json	GIT	4b04f238a78b4638006a14b21c04745afa5a3a681328d8d44245647bcb194a4b	57640	PRESENT	data/p0-feasibility/SHA256SUMS	
data/p0-feasibility/results/raw/sweep-eravm-29-mini_d0_k4-plonk.json	GIT	dab32b747f48bcf3277a1ca755b8a9fbb3e5b3b30fa0435a308da854486220c4	90722	PRESENT	data/p0-feasibility/SHA256SUMS	
data/p0-feasibility/results/raw/sweep-eravm-29-v1_d11-groth16.json	GIT	30f72d950841ee06b1b50a339299801412e4517867e2915fb135f3828479fdaa	51746	PRESENT	data/p0-feasibility/SHA256SUMS	
data/p0-feasibility/results/raw/sweep-eravm-29-v1_d11-plonk.json	GIT	e277a296a05b6bcddfe151fb4b63c093bb978dbfbff6681701f53249f3a878a7	89098	PRESENT	data/p0-feasibility/SHA256SUMS	
data/p0-feasibility/results/raw/sweep-evm-osaka-a4_d11-groth16.json	GIT	426b34b983854b0d2eb8811dc379a42679adce119fec695337f5d55f65cfeb88	4859	PRESENT	data/p0-feasibility/SHA256SUMS	
data/p0-feasibility/results/raw/sweep-evm-osaka-a4_d11-plonk.json	GIT	e83d56a2c65a51eba66d1a5716b3dd0d57d5e9b4e32d22c23fdb63a734a1b969	11217	PRESENT	data/p0-feasibility/SHA256SUMS	
data/p0-feasibility/results/raw/sweep-evm-osaka-a8_d11-groth16.json	GIT	5afaaef1b6a319181eb403e097081b91f4ff632ee4abdc106b20f34716708e40	5011	PRESENT	data/p0-feasibility/SHA256SUMS	
data/p0-feasibility/results/raw/sweep-evm-osaka-a8_d11-plonk.json	GIT	f4cc12f7b6994b5e8f529292bd0e76d3e5313aa794ce879754f637ab023f1572	13351	PRESENT	data/p0-feasibility/SHA256SUMS	
data/p0-feasibility/results/raw/sweep-evm-osaka-ctx_d11_k16-groth16.json	GIT	c2bc307af4837055e170ca97eac3c133c72d60581e7cc4dda25dfb4f42312e87	5674	PRESENT	data/p0-feasibility/SHA256SUMS	
data/p0-feasibility/results/raw/sweep-evm-osaka-ctx_d11_k16-plonk.json	GIT	7c5650494738002a4631ad5babeacd43575e2f7f1bd2efa65f97ebd22c3d7ebf	18098	PRESENT	data/p0-feasibility/SHA256SUMS	
data/p0-feasibility/results/raw/sweep-evm-osaka-ctx_d11_k2-groth16.json	GIT	25f156a4255fe8dfdb6e884277806d42e7804539680498195ada74cf321d5bfa	4820	PRESENT	data/p0-feasibility/SHA256SUMS	
data/p0-feasibility/results/raw/sweep-evm-osaka-ctx_d11_k2-plonk.json	GIT	48c9e674341abc76a86b0cd9d8b5a24f898e1efdc5caf5c79c1aac74d50b8f48	10045	PRESENT	data/p0-feasibility/SHA256SUMS	
data/p0-feasibility/results/raw/sweep-evm-osaka-ctx_d11_k32-groth16.json	GIT	e9c7b2813d3771fff1698dc09ed1bc87eea49d92064e5a3c2efd633ff13540ff	6163	PRESENT	data/p0-feasibility/SHA256SUMS	
data/p0-feasibility/results/raw/sweep-evm-osaka-ctx_d11_k32-plonk.json	GIT	dec603b7ebbcf96c226d366bd40d4c03235f2dd94a6926579e9b3ce6f5e58366	26585	PRESENT	data/p0-feasibility/SHA256SUMS	
data/p0-feasibility/results/raw/sweep-evm-osaka-ctx_d11_k4-groth16.json	GIT	605944fe0f7dbdb39bef40496655a149439c9210c43beab3ef47af97450b4e34	5303	PRESENT	data/p0-feasibility/SHA256SUMS	
data/p0-feasibility/results/raw/sweep-evm-osaka-ctx_d11_k4-plonk.json	GIT	3f62964a0402e41d496da43bbb79295e6c3af89f3814c62e879781896c039c1c	11607	PRESENT	data/p0-feasibility/SHA256SUMS	
data/p0-feasibility/results/raw/sweep-evm-osaka-ctx_d11_k64-groth16.json	GIT	36bc85144b541f38e4bc8f64de7e527785ad9a11352e3bfa96ae38451b460d19	6738	PRESENT	data/p0-feasibility/SHA256SUMS	
data/p0-feasibility/results/raw/sweep-evm-osaka-ctx_d11_k64-plonk.json	GIT	c265db34f82d92c37e4dc866f0e220c2d503aeb0e7fa5de8d242312037c41002	43233	PRESENT	data/p0-feasibility/SHA256SUMS	
data/p0-feasibility/results/raw/sweep-evm-osaka-disc_p16x2_d11_k4-groth16.json	GIT	e329103e3efc8bafe2d8af107b7859fc9d82c28dfdfd6dbb2c6afe657cef9c76	4828	PRESENT	data/p0-feasibility/SHA256SUMS	
data/p0-feasibility/results/raw/sweep-evm-osaka-disc_p16x2_d11_k4-plonk.json	GIT	f734376f8f53c2f0363eb59931b50e5e706fd586e60b4ce910c1a4915fc748e3	5617	PRESENT	data/p0-feasibility/SHA256SUMS	
data/p0-feasibility/results/raw/sweep-evm-osaka-mini_d0_k1-fflonk.json	GIT	c296813fb5f1a4633c3d93efc58145b8b64719c434b7d746f0931ff53c958f8b	26243	PRESENT	data/p0-feasibility/SHA256SUMS	
data/p0-feasibility/results/raw/sweep-evm-osaka-mini_d0_k1-groth16.json	GIT	d67dcdfe7188435baf0d468283985018241324fc33b6b059ee018f6025995a8b	4783	PRESENT	data/p0-feasibility/SHA256SUMS	
data/p0-feasibility/results/raw/sweep-evm-osaka-mini_d0_k1-plonk.json	GIT	5b337c00459ae74a5c7ae2ae7e801c36c10e5033bd54cd92f2ec5f942688fe20	9414	PRESENT	data/p0-feasibility/SHA256SUMS	
data/p0-feasibility/results/raw/sweep-evm-osaka-mini_d0_k16-fflonk.json	GIT	a1cef0522501b59ab54b20fc55b48336d7422edce1f7deb699fcc410b8c2c1a3	34371	PRESENT	data/p0-feasibility/SHA256SUMS	
data/p0-feasibility/results/raw/sweep-evm-osaka-mini_d0_k16-groth16.json	GIT	53b4f532d1b14fc080f2e9e651b779990c4c8bc722cb41676bfd588bb2174895	5255	PRESENT	data/p0-feasibility/SHA256SUMS	
data/p0-feasibility/results/raw/sweep-evm-osaka-mini_d0_k16-plonk.json	GIT	09bcbba0aa97707e5d2fa1560dce9124e6f01d874020c7d288314b5c07a050a5	17442	PRESENT	data/p0-feasibility/SHA256SUMS	
data/p0-feasibility/results/raw/sweep-evm-osaka-mini_d0_k2-fflonk.json	GIT	9befdc8b7aa9651354de004b5b951e58cfe359b3e0f366f44a6620a66f370385	26901	PRESENT	data/p0-feasibility/SHA256SUMS	
data/p0-feasibility/results/raw/sweep-evm-osaka-mini_d0_k2-groth16.json	GIT	3ff4f0ae4af0e3089b5b265a42b1c6efbf7192416e751660c45b48fb3d0acdf6	4820	PRESENT	data/p0-feasibility/SHA256SUMS	
data/p0-feasibility/results/raw/sweep-evm-osaka-mini_d0_k2-plonk.json	GIT	5019441dd6ce0059fafc4d0ed3c6e8113a3541dc3c028cddfa192c6811a9fa93	9868	PRESENT	data/p0-feasibility/SHA256SUMS	
data/p0-feasibility/results/raw/sweep-evm-osaka-mini_d0_k4-fflonk.json	GIT	bf1225aeafb4a5436ac1c5089b873de0febd7b954b95be6df2db614b4b027647	27966	PRESENT	data/p0-feasibility/SHA256SUMS	
data/p0-feasibility/results/raw/sweep-evm-osaka-mini_d0_k4-groth16.json	GIT	242b525a6d40dc1555523f0864f358ca1f875be5ce7018abdecce238c954a6d4	4832	PRESENT	data/p0-feasibility/SHA256SUMS	
data/p0-feasibility/results/raw/sweep-evm-osaka-mini_d0_k4-plonk.json	GIT	5d5120008787b5f3a928513d6b3deab552d1bd7445add956d220050c3121d4b4	11010	PRESENT	data/p0-feasibility/SHA256SUMS	
data/p0-feasibility/results/raw/sweep-evm-osaka-v1_d11-groth16.json	GIT	7f00202c5638b10df6a030ac8228d4c00fae3bae9a84faad99b626a28e9fabbe	4833	PRESENT	data/p0-feasibility/SHA256SUMS	
data/p0-feasibility/results/raw/sweep-evm-osaka-v1_d11-plonk.json	GIT	0318fcfdb5520d7dc0ee4ec322e22f4ff34872ea81d623f78b5a2d2a3edaa0a5	9593	PRESENT	data/p0-feasibility/SHA256SUMS	
data/p0-feasibility/results/raw/sweep-evm-petersburg-ctx_d11_k16-groth16.json	GIT	a2cb1ed4c6c58648f4eaa008a294eb1c88117d0be17cda1caa4f87d3992a03b2	5691	PRESENT	data/p0-feasibility/SHA256SUMS	
data/p0-feasibility/results/raw/sweep-evm-petersburg-ctx_d11_k16-plonk.json	GIT	bdfa9d278c51c087a678c1d39237e5e794b9e96056ce1fa9ea178de64c0ae0b6	18114	PRESENT	data/p0-feasibility/SHA256SUMS	
data/p0-feasibility/results/raw/sweep-evm-petersburg-ctx_d11_k4-groth16.json	GIT	6cf05d873f10bc71429217ccf01cbf76f99a39dc93b5be7b97b5de12a775dfa3	5313	PRESENT	data/p0-feasibility/SHA256SUMS	
data/p0-feasibility/results/raw/sweep-evm-petersburg-ctx_d11_k4-plonk.json	GIT	e5c24ec4f97988875c24dc6cebcdaaf54bc945d4409af6740935e0f0afb98916	11622	PRESENT	data/p0-feasibility/SHA256SUMS	
data/p0-feasibility/results/raw/sweep-evm-petersburg-v1_d11-groth16-paris-bytecode.json	GIT	612c914a1ba82c99bf482d4673e01c003fb36e77beee6ac35c11d4a7bb285576	4801	PRESENT	data/p0-feasibility/SHA256SUMS	
data/p0-feasibility/results/raw/sweep-evm-petersburg-v1_d11-groth16-petersburg-bytecode.json	GIT	e88d8f44ae214914bdab8dfbc9902ed0fcc8c69b472d19ac3f3a244ac82521b8	4801	PRESENT	data/p0-feasibility/SHA256SUMS	
data/p0-feasibility/results/raw/sweep-evm-petersburg-v1_d11-plonk-paris-bytecode.json	GIT	265724d1cc9b9ec5b8656786b5e6353b60a43f9f9e1a93e00061e505fade558a	5549	PRESENT	data/p0-feasibility/SHA256SUMS	
data/p0-feasibility/results/raw/sweep-evm-petersburg-v1_d11-plonk-petersburg-bytecode.json	GIT	af0d7a914cfb35c2b0a5b7bdd2fb9fb8c3219d3592d41bd0e281a43479c2015b	5549	PRESENT	data/p0-feasibility/SHA256SUMS	
data/p0-feasibility/results/raw/v1repro-eravm-v29-d11.json	GIT	b9dd337220eb859889ebe0c9d6d1db1b8ec8ce409fd8e297e5f8eb69579e886e	146358	PRESENT	data/p0-feasibility/SHA256SUMS	
data/p0-feasibility/results/raw/v1repro-evm-osaka-d11-paris.json	GIT	4c0ccb49bbfc0e9e077f023d77512e3925bf47cbc9f9d5acac2044ad9d976332	15410	PRESENT	data/p0-feasibility/SHA256SUMS	
data/p0-feasibility/results/raw/zkos-t1-a4_d11-groth16-p0.json	GIT	d441735edbf9962861bcabe3e150bb70f1b748ae0040c18af5203ca43422b5f7	4201	PRESENT	data/p0-feasibility/SHA256SUMS	
data/p0-feasibility/results/raw/zkos-t1-a4_d11-plonk-p0.json	GIT	5bb36596dd408a787a40539242cd270b035707178bc9e8ab6e772a25097fa948	4201	PRESENT	data/p0-feasibility/SHA256SUMS	
data/p0-feasibility/results/raw/zkos-t1-a8_d11-groth16-p0.json	GIT	b9efd7538c5c4bef165e276bbac9917a1c4b1d3004f6bab541d7598821fe22f4	4313	PRESENT	data/p0-feasibility/SHA256SUMS	
data/p0-feasibility/results/raw/zkos-t1-a8_d11-plonk-p0.json	GIT	766d9419738cd36dedaa6bf8ac90412c53159523965b8a26890ce5275fc0f924	4317	PRESENT	data/p0-feasibility/SHA256SUMS	
data/p0-feasibility/results/raw/zkos-t1-ctx_d11_k16-groth16-p0.json	GIT	e415d014468b01d614d5b45185d0c95ddb091269318df4811be7230539a6643f	5780	PRESENT	data/p0-feasibility/SHA256SUMS	
data/p0-feasibility/results/raw/zkos-t1-ctx_d11_k16-plonk-p0.json	GIT	33aa906206f27fcdae45a0a6eaea2815e2a72e5be3fd2b839d71fbbe5d006bf4	5787	PRESENT	data/p0-feasibility/SHA256SUMS	
data/p0-feasibility/results/raw/zkos-t1-ctx_d11_k2-groth16-p0.json	GIT	24869e28b85b992f9530f782ec985910465d63a81eb5e1e3918c258462f29ae1	4149	PRESENT	data/p0-feasibility/SHA256SUMS	
data/p0-feasibility/results/raw/zkos-t1-ctx_d11_k2-plonk-p0.json	GIT	b957574cf974e040ea120a85395efe70c40b669a2e281853b0f084949d937929	4149	PRESENT	data/p0-feasibility/SHA256SUMS	
data/p0-feasibility/results/raw/zkos-t1-ctx_d11_k32-groth16-p0.json	GIT	32cfae72e4c5321ee97cf4c81f8f4e14552ee3c2df808720d6e7c1da8810340a	6274	PRESENT	data/p0-feasibility/SHA256SUMS	
data/p0-feasibility/results/raw/zkos-t1-ctx_d11_k32-plonk-p0.json	GIT	6777d3264f935652bc7f2159b9de55e1bc29e2368f20c83fb66c990903963c5d	6253	PRESENT	data/p0-feasibility/SHA256SUMS	
data/p0-feasibility/results/raw/zkos-t1-ctx_d11_k4-groth16-p0.json	GIT	9910cc41370856b4f982e6fdebe60e280df869d422f98b7135f0f74da3596b7a	5436	PRESENT	data/p0-feasibility/SHA256SUMS	
data/p0-feasibility/results/raw/zkos-t1-ctx_d11_k4-plonk-p0.json	GIT	6f8f337cc25e3dd34ab9e6f1e8a2370d658e3b55e17c5084454be436c258d411	5436	PRESENT	data/p0-feasibility/SHA256SUMS	
data/p0-feasibility/results/raw/zkos-t1-disc_p16x2_d11_k4-groth16-p0.json	GIT	d748a2ac8fcc8ec8cf61170232168b29f7f66ccaabe26da18e21d9d5cf41804d	4212	PRESENT	data/p0-feasibility/SHA256SUMS	
data/p0-feasibility/results/raw/zkos-t1-disc_p16x2_d11_k4-plonk-p0.json	GIT	3753fc0d3e6f060b6a66b474229aa1cfaa5f5c04254826fa264c735944929125	4212	PRESENT	data/p0-feasibility/SHA256SUMS	
data/p0-feasibility/results/raw/zkos-t1-v1_d11-groth16-p0.json	GIT	83048756b963642945b35c8a7a3fe029afb354eaf2d3731a116d5df9069759f0	4117	PRESENT	data/p0-feasibility/SHA256SUMS	
data/p0-feasibility/results/raw/zkos-t1-v1_d11-groth16-p100000000.json	GIT	c5970b3466b7ce3dfe044b3f4fdbdca200d9fcde05f552f2bc7903acb80bb278	4125	PRESENT	data/p0-feasibility/SHA256SUMS	
data/p0-feasibility/results/raw/zkos-t1-v1_d11-groth16-p200000000.json	GIT	cb00b6c46e6077b0aa9d7f697edde4cbb70c06a1b908b90b30c7f6600ecdba53	4125	PRESENT	data/p0-feasibility/SHA256SUMS	
data/p0-feasibility/results/raw/zkos-t1-v1_d11-groth16-p400000000.json	GIT	0db24647062de0f6a50206a634efa7334cca5f93c24e0ecb10ec6a1b2608a724	4125	PRESENT	data/p0-feasibility/SHA256SUMS	
data/p0-feasibility/results/raw/zkos-t1-v1_d11-plonk-p0.json	GIT	2a432fe0d87cd84d93f22477638ab61153a886a10805bb39de5b52ad98938586	4117	PRESENT	data/p0-feasibility/SHA256SUMS	
data/p0-feasibility/results/raw/zkos-t1-v1_d11-plonk-p100000000.json	GIT	53dad41d2898f88528c26b60579862b4f8003afef86986cfabedb5ebc8c1c826	4125	PRESENT	data/p0-feasibility/SHA256SUMS	
data/p0-feasibility/results/raw/zkos-t1-v1_d11-plonk-p200000000.json	GIT	adc614c0532d116dda2e757caf07e49d7e0c4c79c41034ef37a35742a07a9b50	4125	PRESENT	data/p0-feasibility/SHA256SUMS	
data/p0-feasibility/results/raw/zkos-t1-v1_d11-plonk-p400000000.json	GIT	3bb1c936876bdf38154a7f4c61f7fb78910f9cb3decbfae90d49723154a4697d	4125	PRESENT	data/p0-feasibility/SHA256SUMS	
data/p0-feasibility/results/raw/zkos-t2-v1_d11-groth16-p0.json	GIT	0b9fc4c195981d8d1059ce04eddaf792b9cd2dc890692be2a7397d21bed22ba9	4117	PRESENT	data/p0-feasibility/SHA256SUMS	
data/p0-feasibility/results/raw/zkos-t2-v1_d11-plonk-p0.json	GIT	118c81b997cd3773f412f2f231985eeebe5153dc05778852bf117a7e9ce135e1	4117	PRESENT	data/p0-feasibility/SHA256SUMS	
data/p0-feasibility/results/raw/zkos-t3-mini_d0_k1-fflonk-p0.json	GIT	df9ca47424f5d1afd989fc1db32fcbbf2121eb35eff472cd5868a572eecdd232	4125	PRESENT	data/p0-feasibility/SHA256SUMS	
data/p0-feasibility/results/raw/zkos-t3-mini_d0_k1-groth16-p0.json	GIT	f271c485276c6b1c71492445599f6268a5073451433073f5fe4706a1b8366d95	4121	PRESENT	data/p0-feasibility/SHA256SUMS	
data/p0-feasibility/results/raw/zkos-t3-mini_d0_k1-plonk-p0.json	GIT	89cdb53f5b2ee46c4caf55bb46fe68ac5e4fee1c28c56c432a7ba5cdf715eaaa	4121	PRESENT	data/p0-feasibility/SHA256SUMS	
data/p0-feasibility/results/raw/zkos-t3-mini_d0_k16-fflonk-p0.json	GIT	2704f92d3ca979ce91748284bc04c706604f2c41ab272fe95be5564755fbbad6	4557	PRESENT	data/p0-feasibility/SHA256SUMS	
data/p0-feasibility/results/raw/zkos-t3-mini_d0_k16-groth16-p0.json	GIT	3f5069f0cb8cc4b14c95951bb8217443e0bf16fa028524768c3a6fcb92b10b06	4549	PRESENT	data/p0-feasibility/SHA256SUMS	
data/p0-feasibility/results/raw/zkos-t3-mini_d0_k16-plonk-p0.json	GIT	cafae9ae02e1f2e7284cbb616011cf052a10e25f5cd06a6ef1fb81c4b26a6458	4553	PRESENT	data/p0-feasibility/SHA256SUMS	
data/p0-feasibility/results/raw/zkos-t3-mini_d0_k2-fflonk-p0.json	GIT	3a45f61541411a29a5f16a09b9a24bbf2d683f53b8ab84c93102498a33e0206e	4153	PRESENT	data/p0-feasibility/SHA256SUMS	
data/p0-feasibility/results/raw/zkos-t3-mini_d0_k2-groth16-p0.json	GIT	492d8ada1708df0aa8024af204a7ccfb039997f736cc6c78744764faaefd4012	4149	PRESENT	data/p0-feasibility/SHA256SUMS	
data/p0-feasibility/results/raw/zkos-t3-mini_d0_k2-plonk-p0.json	GIT	100fe8f0756e08e06d714853db8988dd3e4a5c64866f2cf094cd1dabdf199f93	4149	PRESENT	data/p0-feasibility/SHA256SUMS	
data/p0-feasibility/results/raw/zkos-t3-mini_d0_k4-fflonk-p0.json	GIT	1e3a3a31a31e1702ce7e0c79dbe85325df5f2fbb6ea5f81282c961491a511225	4209	PRESENT	data/p0-feasibility/SHA256SUMS	
data/p0-feasibility/results/raw/zkos-t3-mini_d0_k4-groth16-p0.json	GIT	e43ed71db03fce9fceb4a5e7940e439661f5309dd23daa0acc3219ef44c46f4e	4205	PRESENT	data/p0-feasibility/SHA256SUMS	
data/p0-feasibility/results/raw/zkos-t3-mini_d0_k4-plonk-p0.json	GIT	7d4023ce8c16d7c6e308053e2732ab1ff0a9315d0d3f3339d7489c6f162956af	4205	PRESENT	data/p0-feasibility/SHA256SUMS	
data/p0-feasibility/results/raw/zkos-t3-v1_d11-groth16-p0.json	GIT	2ede29e226778c5c671f888603ee9783873b954c413ce8dc2d3ccd00e7012a40	4117	PRESENT	data/p0-feasibility/SHA256SUMS	
data/p0-feasibility/results/raw/zkos-t3-v1_d11-plonk-p0.json	GIT	ac71e4e182888f80386286c4797b7b4b0c44ba9f2a9e642025855ce70bec9555	4117	PRESENT	data/p0-feasibility/SHA256SUMS	
data/p0-feasibility/toolchain/PINS.txt	GIT	00a049a97b977b3c0194dbb95506162ef85d6018d257b383b3a3a5fb780b6974	2266	PRESENT	data/p0-feasibility/SHA256SUMS	
data/p0-feasibility/toolchain/zksync-os-v0.3.2-cost_constants.rs	GIT	50309f13acec168d4e6d529d30d586ec405d993ce7e7f3559f47492054114a87	2814	PRESENT	data/p0-feasibility/SHA256SUMS	
data/p0-feasibility/toolchain/zksync-os-v0.3.2-native_resource_constants.rs	GIT	ab3ecc7d9fa68c0c6996bee64793259fe68933173965393f2f824ad4316da030	6040	PRESENT	data/p0-feasibility/SHA256SUMS	
data/p0-feasibility/tools/circ/gen.py	GIT	2c9ed72f4174866fb0f59aa38bbca1e133fcd7874f335cc373382a14e0a66a8a	7633	PRESENT	data/p0-feasibility/SHA256SUMS	
data/p0-feasibility/tools/circ/prove.js	GIT	aba8bafb766dd52c3f062fdf49a13ec5514784b373c5e8caf290bc3c0939ea6a	4062	PRESENT	data/p0-feasibility/SHA256SUMS	
data/p0-feasibility/tools/circ/setup.sh	GIT	f2e33998f76670ad7cd5a59196a995687a0d0d75014f9253d95d5509eea2677c	1044	PRESENT	data/p0-feasibility/SHA256SUMS	
data/p0-feasibility/tools/hh/evm_run.js	GIT	d0aa0a3ab199423f60457f188af77c94b0c8f0c55c4d15780d47cc670ecb6641	4202	PRESENT	data/p0-feasibility/SHA256SUMS	
data/p0-feasibility/tools/hh/hardhat.config.js	GIT	c4e410159398d15f45c067a637827db33997b62c2a044ad2873e61d389712d84	862	PRESENT	data/p0-feasibility/SHA256SUMS	
data/p0-feasibility/tools/lib/eravm.js	GIT	7d632ef10b1e420ebadc866874eec48464c86603b095cb996838534a39ca8417	4910	PRESENT	data/p0-feasibility/SHA256SUMS	
data/p0-feasibility/tools/lib/proofs.js	GIT	196006bc35278ab708ad239b075c55a97e84e543edcb644aaefd4c28f59f152a	1522	PRESENT	data/p0-feasibility/SHA256SUMS	
data/p0-feasibility/tools/lib/solc.js	GIT	6eca7cae0e046315e996c4b18cd75e58a2e1d04397c07eeb1412ee286285fd46	3790	PRESENT	data/p0-feasibility/SHA256SUMS	
data/p0-feasibility/tools/micro/Micro.sol	GIT	2e027fe5f061fec9c1d9fe4cfedb937f23097209f96de239a5c5025facee1e5d	125539	PRESENT	data/p0-feasibility/SHA256SUMS	
data/p0-feasibility/tools/micro/gen.py	GIT	a52c40aeda37eea07cdec5c200f341b38f53e26db5d5f34d4bba8621a815724c	4570	PRESENT	data/p0-feasibility/SHA256SUMS	
data/p0-feasibility/tools/micro/run_eravm.js	GIT	af0bc5b2dec3dae0a3970d1f787e168e7336c92619cc151988ce755321abb179	2263	PRESENT	data/p0-feasibility/SHA256SUMS	
data/p0-feasibility/tools/ptau/mk.sh	GIT	9a958231a09867ba9e85191298cb73ac39d0fe59a1e4a40749bb0f37845b8d6f	663	PRESENT	data/p0-feasibility/SHA256SUMS	
data/p0-feasibility/tools/sweep/batch.sh	GIT	91c522863433639b8f9ad59fc5bbf1b8dc810c8dfca2fdbee2ba42080696284e	372	PRESENT	data/p0-feasibility/SHA256SUMS	
data/p0-feasibility/tools/sweep/contracts.js	GIT	24fb75121ef098ac962c38de1467b0074131768de44ae98dfeb85fa4773d701b	3398	PRESENT	data/p0-feasibility/SHA256SUMS	
data/p0-feasibility/tools/sweep/eravm_frames.py	GIT	0eebc8ca8e336f1c47d97af3dda1b945c1f5b687ed8a8366e058c258357448cd	1597	PRESENT	data/p0-feasibility/SHA256SUMS	
data/p0-feasibility/tools/sweep/eravm_model.py	GIT	7c800f0b8c35c3ae59df9dc84a5e88a5c53e2011831ed45404c14fdae41c131d	2771	PRESENT	data/p0-feasibility/SHA256SUMS	
data/p0-feasibility/tools/sweep/run.js	GIT	fb544a1fa330710e20dba0b0d21638cda8ac83baa1fe7fc78c56603c2923fb1c	7572	PRESENT	data/p0-feasibility/SHA256SUMS	
data/p0-feasibility/tools/sweep/summarize.py	GIT	0d3ae593d1c6506ae32c94a891651db3e3dc5f69e344122e78906eee5e5cf1fb	2923	PRESENT	data/p0-feasibility/SHA256SUMS	
data/p0-feasibility/tools/sweep/zkos_batch.sh	GIT	bec9f763339bf7d560f9eb9b127827a47d693ad8f392b6313a4196e9ecceb5ed	253	PRESENT	data/p0-feasibility/SHA256SUMS	
data/p0-feasibility/tools/sweep/zkos_native_model.py	GIT	621f83742dd0e6aba572ef2b71379733e78398d98aa56ee50227ab4ea358d48d	3673	PRESENT	data/p0-feasibility/SHA256SUMS	
data/p0-feasibility/tools/sweep/zkos_run.js	GIT	8da05d5f00797f29244f83d470db7a6055f9124c463406c179796c3888dad649	5167	PRESENT	data/p0-feasibility/SHA256SUMS	
data/p0-feasibility/tools/v1repro/v1repro_eravm.js	GIT	e8f6f4be9530c3b1b6a9e9685fb005fc7c2ac8d0bc5b9343652dafeb713d5360	4088	PRESENT	data/p0-feasibility/SHA256SUMS	
data/p0-feasibility/tools/v1repro/v1repro_evm.js	GIT	2cfeb34ecb04ebf0f569a93569897973b6fb0379e64277ed5568d64f9c4312e4	3955	PRESENT	data/p0-feasibility/SHA256SUMS	
data/p0-feasibility/tools/zkos/start.sh	GIT	418af47c0ce3df8621cf06bbaaa046734c87bdfaf62e913770266b8258658ce2	1509	PRESENT	data/p0-feasibility/SHA256SUMS	
data/p0-feasibility/verifiers/a4_d11/groth16.vkey.json	GIT	0df78989825c062176dd406b0e204b131c5fa5ebe740244611f734b26c2ee140	3477	PRESENT	data/p0-feasibility/SHA256SUMS	
data/p0-feasibility/verifiers/a4_d11/groth16Verifier.sol	GIT	806aae0178844ebe14d58e59fc0fdf76c3db2cd998f2864ef68b48b002bf12a3	8227	PRESENT	data/p0-feasibility/SHA256SUMS	
data/p0-feasibility/verifiers/a4_d11/plonk.vkey.json	GIT	dd772520360ac8acc0511f34bea160e9138bb12f238af0cc7670138a56146430	2041	PRESENT	data/p0-feasibility/SHA256SUMS	
data/p0-feasibility/verifiers/a4_d11/plonkVerifier.sol	GIT	7c3a975ed752c2cca0b18137178ae57613c2123e6ef4721f19a4ae3fa8bfed39	32829	PRESENT	data/p0-feasibility/SHA256SUMS	
data/p0-feasibility/verifiers/a8_d11/groth16.vkey.json	GIT	eece417ec4d91acd771673736d1e2a51b64f6276db5eb249ac65897889ee9bb0	4205	PRESENT	data/p0-feasibility/SHA256SUMS	
data/p0-feasibility/verifiers/a8_d11/groth16Verifier.sol	GIT	ccc306bbe56801c866a7d84173e1ddf9480b4f33b4a5f001643ea3a9da853617	9779	PRESENT	data/p0-feasibility/SHA256SUMS	
data/p0-feasibility/verifiers/a8_d11/plonk.vkey.json	GIT	3863b3c5ea736435c4d674419c9d65f54e541317966c7b4ca0d97864d8114c4b	2039	PRESENT	data/p0-feasibility/SHA256SUMS	
data/p0-feasibility/verifiers/a8_d11/plonkVerifier.sol	GIT	32e6df51f612e95f52c8c81205d2e3e63fd6e18534467450dff108561fd58e41	39709	PRESENT	data/p0-feasibility/SHA256SUMS	
data/p0-feasibility/verifiers/ctx_d11_k16/groth16.vkey.json	GIT	f57262c9bdec2679982b5f9c79d029f753adcf1aac48dac488c1948da1098ed7	5673	PRESENT	data/p0-feasibility/SHA256SUMS	
data/p0-feasibility/verifiers/ctx_d11_k16/groth16Verifier.sol	GIT	959fa6a22631a2b8010ef110fd254091ac2d30a1de57180f10aa5df0bd824c7b	12923	PRESENT	data/p0-feasibility/SHA256SUMS	
data/p0-feasibility/verifiers/ctx_d11_k16/plonk.vkey.json	GIT	92276820987b4c2724359e236ab677e0d4155defd0fdfd22b069561ac71d0763	2041	PRESENT	data/p0-feasibility/SHA256SUMS	
data/p0-feasibility/verifiers/ctx_d11_k16/plonkVerifier.sol	GIT	c4e91131ab6c27b81aeeea804420d4e2ac6d8cb00361064d2cddd945ae15b1a0	53524	PRESENT	data/p0-feasibility/SHA256SUMS	
data/p0-feasibility/verifiers/ctx_d11_k2/groth16.vkey.json	GIT	c442cd0fcfca4743d5e390963ed9409d552033c1459369134e29e1266974ca3d	3111	PRESENT	data/p0-feasibility/SHA256SUMS	
data/p0-feasibility/verifiers/ctx_d11_k2/groth16Verifier.sol	GIT	08ef1346c834a0a16367361f245eb121e1fd5ce7d1e668c4672facb76b4ee460	7453	PRESENT	data/p0-feasibility/SHA256SUMS	
data/p0-feasibility/verifiers/ctx_d11_k2/plonk.vkey.json	GIT	d14414bbc3c6c700f226421d8806dcb9aa1d161ec2e57466cb177e216e8c16c3	2036	PRESENT	data/p0-feasibility/SHA256SUMS	
data/p0-feasibility/verifiers/ctx_d11_k2/plonkVerifier.sol	GIT	8a25261bb4b591c6eec4d8fcbd1c84bba0dec61e6679b52a96a231fe0db50be0	29388	PRESENT	data/p0-feasibility/SHA256SUMS	
data/p0-feasibility/verifiers/ctx_d11_k32/groth16.vkey.json	GIT	7c083cb03f0ea95b90adfe99ab1944f3130f2129caedc403f8512a0dfb930769	8600	PRESENT	data/p0-feasibility/SHA256SUMS	
data/p0-feasibility/verifiers/ctx_d11_k32/groth16Verifier.sol	GIT	8270931f4c406a6c55208571348305dcb5d0775332f66eafe44fe112bba32525	19210	PRESENT	data/p0-feasibility/SHA256SUMS	
data/p0-feasibility/verifiers/ctx_d11_k32/plonk.vkey.json	GIT	dfe3847f724f1a362e5f50c5cf29d55bca281a93f11fb99f964e97ff3fe595e2	2040	PRESENT	data/p0-feasibility/SHA256SUMS	
data/p0-feasibility/verifiers/ctx_d11_k32/plonkVerifier.sol	GIT	c13afb90b429816b8588260fda759a50895d67c211ee054070df4220ba9e6386	81155	PRESENT	data/p0-feasibility/SHA256SUMS	
data/p0-feasibility/verifiers/ctx_d11_k4/groth16.vkey.json	GIT	58a9b5a3f4a70c2ee70cd2ea9338fe5175a01bdad0b4be8ba200079ab9421f39	3474	PRESENT	data/p0-feasibility/SHA256SUMS	
data/p0-feasibility/verifiers/ctx_d11_k4/groth16Verifier.sol	GIT	f4c4c7e245be04b42c3a57490999dcb40a234522c769d7b8edc727f6cf25b634	8224	PRESENT	data/p0-feasibility/SHA256SUMS	
data/p0-feasibility/verifiers/ctx_d11_k4/plonk.vkey.json	GIT	e7046a46fb257132a10cca9611f282e79c39a1f2ca4285c41c29974cf766ddcd	2042	PRESENT	data/p0-feasibility/SHA256SUMS	
data/p0-feasibility/verifiers/ctx_d11_k4/plonkVerifier.sol	GIT	dac0dba5d5ee731d4431f34ebe0eb87609a8177e7470d9e6486d11909620946c	32830	PRESENT	data/p0-feasibility/SHA256SUMS	
data/p0-feasibility/verifiers/ctx_d11_k64/groth16.vkey.json	GIT	1382b496a9ce7ea275bf8b788005cf5f11c62a433b1508bdde3fb3671f4eeab4	14445	PRESENT	data/p0-feasibility/SHA256SUMS	
data/p0-feasibility/verifiers/ctx_d11_k64/groth16Verifier.sol	GIT	0a59ac0df6442c34d4783266efcbda8400808d8b65b71a82a43a067f00b8b3bd	31839	PRESENT	data/p0-feasibility/SHA256SUMS	
data/p0-feasibility/verifiers/ctx_d11_k64/plonk.vkey.json	GIT	702fcdf0bd61cbb86821fc98065914a8a0cf99d5f5730342affd4f15a218ab8d	2042	PRESENT	data/p0-feasibility/SHA256SUMS	
data/p0-feasibility/verifiers/ctx_d11_k64/plonkVerifier.sol	GIT	947c4b65b536a264922efee6697dfd1e83e85107df51b13d55cf0e07d823939a	136485	PRESENT	data/p0-feasibility/SHA256SUMS	
data/p0-feasibility/verifiers/disc_p16x2_d11_k4/groth16.vkey.json	GIT	7af9020dad28db792c823c6687367f590437043715214ab9e9250e03a8fbaaee	3478	PRESENT	data/p0-feasibility/SHA256SUMS	
data/p0-feasibility/verifiers/disc_p16x2_d11_k4/groth16Verifier.sol	GIT	912f33cf88c8ff2897cff32af56710cfd3f35c8ba89ef5cd65bfe7758874c68a	8228	PRESENT	data/p0-feasibility/SHA256SUMS	
data/p0-feasibility/verifiers/disc_p16x2_d11_k4/plonk.vkey.json	GIT	e61d951f8a95da50913331c842c824f48f478f497439aeb01c734aa12d5f619e	2038	PRESENT	data/p0-feasibility/SHA256SUMS	
data/p0-feasibility/verifiers/disc_p16x2_d11_k4/plonkVerifier.sol	GIT	69fd2f16a84ea852eb4a97d6dc0328dfcc76f2f953d329391f84814057c19eff	32826	PRESENT	data/p0-feasibility/SHA256SUMS	
data/p0-feasibility/verifiers/mini_d0_k1/fflonk.vkey.json	GIT	ff3865c942590d96886319177ad3b41dd87b0ee8e0dfdd0385f5f20f4cd4580a	1103	PRESENT	data/p0-feasibility/SHA256SUMS	
data/p0-feasibility/verifiers/mini_d0_k1/fflonkVerifier.sol	GIT	c84b14a2a61a444bb9dcdbdc45f7a95069464ecb79d44d7134e729a9135b5888	60536	PRESENT	data/p0-feasibility/SHA256SUMS	
data/p0-feasibility/verifiers/mini_d0_k1/groth16.vkey.json	GIT	d092c7c6764fa1fded917ba7d2a5efa2ab22e8955b3122c48eeadfff472856c2	2926	PRESENT	data/p0-feasibility/SHA256SUMS	
data/p0-feasibility/verifiers/mini_d0_k1/groth16Verifier.sol	GIT	01bfab4da1630e36f1b1760c5ee357b3463be96113e45aa9ac6fe8d85234cb9d	7064	PRESENT	data/p0-feasibility/SHA256SUMS	
data/p0-feasibility/verifiers/mini_d0_k1/plonk.vkey.json	GIT	9daca6830752c9ae69f622b3bb0dbed311aaf043ea0d7d48f39139ab5869dc06	2038	PRESENT	data/p0-feasibility/SHA256SUMS	
data/p0-feasibility/verifiers/mini_d0_k1/plonkVerifier.sol	GIT	4a8b1addf655ab87b855ed9040e07ef474c7b7292fe96090837d927616c02f99	27494	PRESENT	data/p0-feasibility/SHA256SUMS	
data/p0-feasibility/verifiers/mini_d0_k16/fflonk.vkey.json	GIT	3d2f5efc1d5d6ce34f196a2a8b800d831798eb77cf8647a12760f17f8901f6ae	1105	PRESENT	data/p0-feasibility/SHA256SUMS	
data/p0-feasibility/verifiers/mini_d0_k16/fflonkVerifier.sol	GIT	7e6dd55e9a73b59f0279fb0156fab36ad967c78658389aefdecd948537e7f6d9	74913	PRESENT	data/p0-feasibility/SHA256SUMS	
data/p0-feasibility/verifiers/mini_d0_k16/groth16.vkey.json	GIT	8fb5bf833437197ae44e9a8296a7b2012e7aa8ef159535cc484bb1695d852b22	5676	PRESENT	data/p0-feasibility/SHA256SUMS	
data/p0-feasibility/verifiers/mini_d0_k16/groth16Verifier.sol	GIT	a68e0782c685ddab5e022dd3c1e4ae11552d5360d7ff1f2b6df6c9484ec3bf59	12926	PRESENT	data/p0-feasibility/SHA256SUMS	
data/p0-feasibility/verifiers/mini_d0_k16/plonk.vkey.json	GIT	38fa38bfe65b7e19202aa5741a77fdce27623400587e2fd93b61066ac5e8361b	2042	PRESENT	data/p0-feasibility/SHA256SUMS	
data/p0-feasibility/verifiers/mini_d0_k16/plonkVerifier.sol	GIT	e0e4282d07cf9899585a1dec7601e116d69b4c6796eeeaa31e1329d6aeb035b5	53347	PRESENT	data/p0-feasibility/SHA256SUMS	
data/p0-feasibility/verifiers/mini_d0_k2/fflonk.vkey.json	GIT	adf25120f19f3ed8bceaaf2afb137306003412afd2c5ec108e6aacc554d85b21	1103	PRESENT	data/p0-feasibility/SHA256SUMS	
data/p0-feasibility/verifiers/mini_d0_k2/fflonkVerifier.sol	GIT	75e23474057ff2bf3e64949e42c78c78fefa8247f77e1e9c2bcf850186100646	61489	PRESENT	data/p0-feasibility/SHA256SUMS	
data/p0-feasibility/verifiers/mini_d0_k2/groth16.vkey.json	GIT	0aba671dcaa6a8bb830d95b53cb4ddf6fb0a2e47ad54f9a096363c1b64b0078e	3110	PRESENT	data/p0-feasibility/SHA256SUMS	
data/p0-feasibility/verifiers/mini_d0_k2/groth16Verifier.sol	GIT	a5637fba8d267e4dbf3d46a1b99971253a1944f47e65d40391d174fb10ba8514	7452	PRESENT	data/p0-feasibility/SHA256SUMS	
data/p0-feasibility/verifiers/mini_d0_k2/plonk.vkey.json	GIT	d645400ea444f393f027ad592506d89dd485a1fe0ce25326874ac0f32f8d3171	2032	PRESENT	data/p0-feasibility/SHA256SUMS	
data/p0-feasibility/verifiers/mini_d0_k2/plonkVerifier.sol	GIT	d83e49f423f4cfdfc4ae5bfaf3231f2bc3ca1a0442d4df40d15168141d3f390b	29206	PRESENT	data/p0-feasibility/SHA256SUMS	
data/p0-feasibility/verifiers/mini_d0_k4/fflonk.vkey.json	GIT	2d91439bd4a1de8a85ffa86e461d024672b7487e8df6e92a5f6a3e8ef4cc5026	1103	PRESENT	data/p0-feasibility/SHA256SUMS	
data/p0-feasibility/verifiers/mini_d0_k4/fflonkVerifier.sol	GIT	a956085732ad4fb6660f0f627aa1fc20cee60e68cae75cfd0c01b433fb6aadfd	63395	PRESENT	data/p0-feasibility/SHA256SUMS	
data/p0-feasibility/verifiers/mini_d0_k4/groth16.vkey.json	GIT	8eac976a3b7049712bce3a690cb61e42f2978de7ca8721dd74cc379a4113b0a6	3479	PRESENT	data/p0-feasibility/SHA256SUMS	
data/p0-feasibility/verifiers/mini_d0_k4/groth16Verifier.sol	GIT	8ea05883448eebe8007e6f9bb46999ecb9462ef4756571796190be91060be7f8	8229	PRESENT	data/p0-feasibility/SHA256SUMS	
data/p0-feasibility/verifiers/mini_d0_k4/plonk.vkey.json	GIT	74bdd8f0f6bd11d7ea6d7a2030e8c027a2eeb6f9863cb7625cb7cee94d17dd10	2041	PRESENT	data/p0-feasibility/SHA256SUMS	
data/p0-feasibility/verifiers/mini_d0_k4/plonkVerifier.sol	GIT	c88a6e82b58f4663fe63ef2494cdc948c3598031b19d270d42cfb21a67736c94	32651	PRESENT	data/p0-feasibility/SHA256SUMS	
data/p0-feasibility/verifiers/pad_d10_p1150/groth16.vkey.json	GIT	39cef1c2847ab1a1add2cb30ba5899aef9b013289089bc8f6653c4c78d1ce895	2928	PRESENT	data/p0-feasibility/SHA256SUMS	
data/p0-feasibility/verifiers/pad_d10_p1150/groth16Verifier.sol	GIT	8c77c5aab7f7861807e48643a584dbd4cb1a22f1db9b32e17d6cc4add42b25dd	7066	PRESENT	data/p0-feasibility/SHA256SUMS	
data/p0-feasibility/verifiers/pad_d10_p1150/plonk.vkey.json	GIT	c20e005308ec7f441bd6427786212fbebbe03103e57f6fa76725727a7bade896	2039	PRESENT	data/p0-feasibility/SHA256SUMS	
data/p0-feasibility/verifiers/pad_d10_p1150/plonkVerifier.sol	GIT	8c16b9ed07083f6a5efcf16d436b16f905bec00a08278007ad0136ff7cfb9d23	27614	PRESENT	data/p0-feasibility/SHA256SUMS	
data/p0-feasibility/verifiers/pad_d10_p1180/groth16.vkey.json	GIT	beb962ef881f47c090d42979015fcb58bc9189d17e041524168d63cda629e521	2927	PRESENT	data/p0-feasibility/SHA256SUMS	
data/p0-feasibility/verifiers/pad_d10_p1180/groth16Verifier.sol	GIT	3202c40e0b6d286c4c3d6478c993424021dcda1d82d2d91ed2e28bba3b19fd91	7065	PRESENT	data/p0-feasibility/SHA256SUMS	
data/p0-feasibility/verifiers/pad_d10_p1180/plonk.vkey.json	GIT	04088c14ddd236acc1ed605ba74e60c1dee4accaefb53faf1635a030162a84ff	2040	PRESENT	data/p0-feasibility/SHA256SUMS	
data/p0-feasibility/verifiers/pad_d10_p1180/plonkVerifier.sol	GIT	1cf08b7328d2e2126814b6a6a1bf2a848189c8a1da1a31d2c9db019736e21c27	27674	PRESENT	data/p0-feasibility/SHA256SUMS	
data/p0-feasibility/verifiers/v1_d11/groth16.vkey.json	GIT	c898a7359860bd197129780f78ce3b575b86b0f20c8fbc9deadf28d6e6ae9d8b	2920	PRESENT	data/p0-feasibility/SHA256SUMS	
data/p0-feasibility/verifiers/v1_d11/groth16Verifier.sol	GIT	1923149724b3933f60117742ebca5a681ea1e449159f5ef7765dd60d1ce22681	7058	PRESENT	data/p0-feasibility/SHA256SUMS	
data/p0-feasibility/verifiers/v1_d11/plonk.vkey.json	GIT	17e0dd435813a4559c78d0f0608d7cf44fce29a3ae7fbae477ac1b774f5a6e1e	2039	PRESENT	data/p0-feasibility/SHA256SUMS	
data/p0-feasibility/verifiers/v1_d11/plonkVerifier.sol	GIT	ae0a21e064243a9755443981c398b5c93cd7f1e663ac4aacbb9098f3261e6b42	27673	PRESENT	data/p0-feasibility/SHA256SUMS	
data/posthoc/heap-retrace/DEVIATIONS.md	GIT	f2cf87723f73ab69f276c114236588af1e6bc33d6ab2f592064b0591516ac0e5	724	PRESENT	data/posthoc/heap-retrace/SHA256SUMS	
data/posthoc/heap-retrace/INPUT-HASHES.txt	GIT	5a52c020ce054449f1856db25094b0977e5afd61724304d0ebdb73d1a4047bb8	4169	PRESENT	data/posthoc/heap-retrace/SHA256SUMS	
data/posthoc/heap-retrace/README.md	GIT	9a2e841d257355b469c1043621c454ad86c810e70607506e6ed6ff952d5c7c7e	1602	PRESENT	data/posthoc/heap-retrace/SHA256SUMS	
data/posthoc/heap-retrace/SHA256SUMS	GIT	2144b9050caf38081cbde864e88396219c2cd99dfcc58839b39e174d151e3e94	5112	PRESENT		
data/posthoc/heap-retrace/out/M7B-A-events.csv	GIT	2a47d2a4441140aa028c2d0b6ff112b410f9962f0d7befeb7f547cbce58a307d	20582	PRESENT	data/posthoc/heap-retrace/SHA256SUMS	
data/posthoc/heap-retrace/out/M7B-A-per-k.csv	GIT	a1df79683f4f5eb279880a2540be0d65621af43d3e9f478d60953c3a3aa080ae	749	PRESENT	data/posthoc/heap-retrace/SHA256SUMS	
data/posthoc/heap-retrace/out/M7B-A-per-proof.csv	GIT	3ec5aca70ff5a53a61aa899c954ac94dbea4370251d029f732b8fd854afa014a	2034	PRESENT	data/posthoc/heap-retrace/SHA256SUMS	
data/posthoc/heap-retrace/out/M7B-A-summary.json	GIT	be0872102ba7baf7126adca7df6aeb6e31a8168bb25cd1e022b1ffea746b884b	3281	PRESENT	data/posthoc/heap-retrace/SHA256SUMS	
data/posthoc/heap-retrace/raw/c1_ctx_k02-groth16-j0.memsize.json.gz	GIT	5a80be9bd6dd75a00d78b7780587315bcd43a07c3b9eca34d8685492c7a4decc	627	PRESENT	data/posthoc/heap-retrace/SHA256SUMS	
data/posthoc/heap-retrace/raw/c1_ctx_k02-groth16-j0.structlogs.json.gz	GIT	df7cd30ffcf2b3c1690a053ff8f24a27c6b61c8d287f3b4ec322f33b9e83e8cf	12156	PRESENT	data/posthoc/heap-retrace/SHA256SUMS	
data/posthoc/heap-retrace/raw/c1_ctx_k02-plonk-j0.memsize.json.gz	GIT	5f88e938dbee3f398dd57c005c3272f24c41eb6c64e8bbba284f17922c8ccb97	2322	PRESENT	data/posthoc/heap-retrace/SHA256SUMS	
data/posthoc/heap-retrace/raw/c1_ctx_k02-plonk-j0.structlogs.json.gz	GIT	c14c46b73b2f0d9d290f652da7d1a03e083c6e630bca206f5407907deafb26d4	203976	PRESENT	data/posthoc/heap-retrace/SHA256SUMS	
data/posthoc/heap-retrace/raw/c1_ctx_k04-groth16-j0.memsize.json.gz	GIT	88823d5912663e368e06dc19d5d326e0603639f7de17b446c9f06262b7b2dc1b	633	PRESENT	data/posthoc/heap-retrace/SHA256SUMS	
data/posthoc/heap-retrace/raw/c1_ctx_k04-groth16-j0.structlogs.json.gz	GIT	226a08c6ea9b76cd4dd58ab2a684c394454fd6a8f57d6e910052fc7027baa48e	16957	PRESENT	data/posthoc/heap-retrace/SHA256SUMS	
data/posthoc/heap-retrace/raw/c1_ctx_k04-plonk-j0.memsize.json.gz	GIT	5746921af384051d38b360bfab2f94bf39f5c1f79fdcb3026d3509ac9ee2c90b	2443	PRESENT	data/posthoc/heap-retrace/SHA256SUMS	
data/posthoc/heap-retrace/raw/c1_ctx_k04-plonk-j0.structlogs.json.gz	GIT	7aecc7fe12d734118204aaa3c210c2e61ef7eedf4336fb85dcde0a223c3bba80	228388	PRESENT	data/posthoc/heap-retrace/SHA256SUMS	
data/posthoc/heap-retrace/raw/c1_ctx_k08-groth16-j0.memsize.json.gz	GIT	4e704bfcf909afa3da643dc36768e208257c5f77a85ce4e60f5487372d3ea39b	684	PRESENT	data/posthoc/heap-retrace/SHA256SUMS	
data/posthoc/heap-retrace/raw/c1_ctx_k08-groth16-j0.structlogs.json.gz	GIT	5799b70a192ac8346e9aa60057e6e06008746838b3125bf0343448dc97d93c08	25813	PRESENT	data/posthoc/heap-retrace/SHA256SUMS	
data/posthoc/heap-retrace/raw/c1_ctx_k08-plonk-j0.memsize.json.gz	GIT	9b0c3a4a2f8461eba6988ec25f5a9f7e19acf735b461df20adf056f2465738b9	2433	PRESENT	data/posthoc/heap-retrace/SHA256SUMS	
data/posthoc/heap-retrace/raw/c1_ctx_k08-plonk-j0.structlogs.json.gz	GIT	2543a71d9419c13184ab38e53667f701f59c89ec635d9fac1b4013cce96ed13d	243875	PRESENT	data/posthoc/heap-retrace/SHA256SUMS	
data/posthoc/heap-retrace/raw/c1_ctx_k12-groth16-j0.memsize.json.gz	GIT	8bb38d82aad001640f35088747300c9cffd80da9e48bd3c416b74666e4df77fe	727	PRESENT	data/posthoc/heap-retrace/SHA256SUMS	
data/posthoc/heap-retrace/raw/c1_ctx_k12-groth16-j0.structlogs.json.gz	GIT	37746ae54841266a0470bc2dde55829327ea46ab7c80cdadcecf37c7701b20ac	34907	PRESENT	data/posthoc/heap-retrace/SHA256SUMS	
data/posthoc/heap-retrace/raw/c1_ctx_k12-plonk-j0.memsize.json.gz	GIT	b567e54eddee600e19ffb05d178bdb8a3deb55e8ca0003a91596eb8343f2eb9c	2454	PRESENT	data/posthoc/heap-retrace/SHA256SUMS	
data/posthoc/heap-retrace/raw/c1_ctx_k12-plonk-j0.structlogs.json.gz	GIT	8797254c319352dce8c9ea500bbb27bb85b9afca7896cfba5036277d8c9ee60a	259729	PRESENT	data/posthoc/heap-retrace/SHA256SUMS	
data/posthoc/heap-retrace/raw/c1_ctx_k16-groth16-j0.memsize.json.gz	GIT	0ad7dfadd07d4805d0cb84a2aad5f055f75d3330b3204028b283075dfe36be74	746	PRESENT	data/posthoc/heap-retrace/SHA256SUMS	
data/posthoc/heap-retrace/raw/c1_ctx_k16-groth16-j0.structlogs.json.gz	GIT	d48f55d0898191bffa6fb32e71ef2f011acbcc8f202228aba7e7d9329800a5cd	43982	PRESENT	data/posthoc/heap-retrace/SHA256SUMS	
data/posthoc/heap-retrace/raw/c1_ctx_k16-plonk-j0.memsize.json.gz	GIT	5336de7b7d3e996312e09716ed07c9153014fda95ef1b77308a3b6cb75735321	2601	PRESENT	data/posthoc/heap-retrace/SHA256SUMS	
data/posthoc/heap-retrace/raw/c1_ctx_k16-plonk-j0.structlogs.json.gz	GIT	5796e9d45fdb308e9baa0461a7feeea6bbc36640448bdd215e57acfbdfae51c4	291043	PRESENT	data/posthoc/heap-retrace/SHA256SUMS	
data/posthoc/heap-retrace/raw/c1_ctx_k24-groth16-j0.memsize.json.gz	GIT	dd5ee2894dc805ea1d6864ac17dbbaa2682e6089d1780fadeec76810376ead0e	799	PRESENT	data/posthoc/heap-retrace/SHA256SUMS	
data/posthoc/heap-retrace/raw/c1_ctx_k24-groth16-j0.structlogs.json.gz	GIT	7e26b52e334513d436ccd327d0f5ab80d897c6210b423f3bc2442c169df26e5a	62114	PRESENT	data/posthoc/heap-retrace/SHA256SUMS	
data/posthoc/heap-retrace/raw/c1_ctx_k24-plonk-j0.memsize.json.gz	GIT	833c07494fc17296209cf7cf7908649dbfffb11c1f46dc00a77d3ab6fa785d47	2762	PRESENT	data/posthoc/heap-retrace/SHA256SUMS	
data/posthoc/heap-retrace/raw/c1_ctx_k24-plonk-j0.structlogs.json.gz	GIT	273a644e23a74007232ca8946243e9e8c4f507856257c4f99af8291b8547315d	339396	PRESENT	data/posthoc/heap-retrace/SHA256SUMS	
data/posthoc/heap-retrace/raw/c1_ctx_k32-groth16-j0.memsize.json.gz	GIT	95c22e2de4d561bb5a47f8646903d9fef36f3a266e84835a49038b04bee1ccaa	842	PRESENT	data/posthoc/heap-retrace/SHA256SUMS	
data/posthoc/heap-retrace/raw/c1_ctx_k32-groth16-j0.structlogs.json.gz	GIT	0a28e307a856e25265bc9cf52705b3baec55700e754486e428027663cd0e97aa	80003	PRESENT	data/posthoc/heap-retrace/SHA256SUMS	
data/posthoc/heap-retrace/raw/c1_ctx_k32-plonk-j0.memsize.json.gz	GIT	2cd98dcf1a07743beec93356ca28c154f3934c935568aee6595e8bf6cb2be15c	2817	PRESENT	data/posthoc/heap-retrace/SHA256SUMS	
data/posthoc/heap-retrace/raw/c1_ctx_k32-plonk-j0.structlogs.json.gz	GIT	71612a367c156c863a04e94a528e973b066bb6ec8fe139d98b5a3a76666d954d	361308	PRESENT	data/posthoc/heap-retrace/SHA256SUMS	
data/posthoc/heap-retrace/raw/c1_ctx_k64-groth16-j0.memsize.json.gz	GIT	c9307ce9727fb043e3a194ed82bdc418942e60323770a38f82a1a2f62a4e1533	1020	PRESENT	data/posthoc/heap-retrace/SHA256SUMS	
data/posthoc/heap-retrace/raw/c1_ctx_k64-groth16-j0.structlogs.json.gz	GIT	f35f9b34418f7feba9a876d0fa1a8a6373cde1fac6f1514a6b51b6a67df8df20	151910	PRESENT	data/posthoc/heap-retrace/SHA256SUMS	
data/posthoc/heap-retrace/raw/c1_ctx_k64-plonk-j0.memsize.json.gz	GIT	cdf155fc022d36f056e8db2f4ea4435ab0dcf07d3574db424dcab6ed4abaf199	3433	PRESENT	data/posthoc/heap-retrace/SHA256SUMS	
data/posthoc/heap-retrace/raw/c1_ctx_k64-plonk-j0.structlogs.json.gz	GIT	a72e4b745d9318a720d4cd059c83927f1116f363fb2588bd27c45305e42bb392	545100	PRESENT	data/posthoc/heap-retrace/SHA256SUMS	
data/posthoc/heap-retrace/raw/c1_k01-groth16-j0.memsize.json.gz	GIT	0d8c84e02f7e0c4d68deecaa49ac548bee3ecb2d4ad9c8aa2ffd35e1a5afbc32	611	PRESENT	data/posthoc/heap-retrace/SHA256SUMS	
data/posthoc/heap-retrace/raw/c1_k01-groth16-j0.structlogs.json.gz	GIT	b7032070c5f96a18010991271377fb33677610e5619dff17dab7ce81f895eab0	9679	PRESENT	data/posthoc/heap-retrace/SHA256SUMS	
data/posthoc/heap-retrace/raw/c1_k01-plonk-j0.memsize.json.gz	GIT	886f24c471def10401423ccd28da3903687e53843f64706be3a0ac1012e6f617	2365	PRESENT	data/posthoc/heap-retrace/SHA256SUMS	
data/posthoc/heap-retrace/raw/c1_k01-plonk-j0.structlogs.json.gz	GIT	84e6a56df2b19d3cc9b5aff3fa51b5ed830cee22c3572770f05ba90f3982d196	223678	PRESENT	data/posthoc/heap-retrace/SHA256SUMS	
data/posthoc/heap-retrace/retrace-mem-summary.json	GIT	80875d270c4434f04d047d4c41d06b7e5d01509d92f05229b058cdbe5a6350b5	5962	PRESENT	data/posthoc/heap-retrace/SHA256SUMS	
data/posthoc/heap-retrace/retrace-summary.json	GIT	5b23766beb19367d60cfd14e491f67118b047c84a96dd786229bfb755c57acf5	181651	PRESENT	data/posthoc/heap-retrace/SHA256SUMS	
data/posthoc/heap-retrace/scripts/hardhat.config.js	GIT	c4e410159398d15f45c067a637827db33997b62c2a044ad2873e61d389712d84	862	PRESENT	data/posthoc/heap-retrace/SHA256SUMS	
data/posthoc/heap-retrace/scripts/m7b_a_count.py	GIT	c60cb9c8e1987f91a0e6f1b3286c579bf00f6cf0793e2bd88127f23fba3d687d	6608	PRESENT	data/posthoc/heap-retrace/SHA256SUMS	
data/posthoc/heap-retrace/scripts/retrace.js	GIT	d8b7b9e021a8d83a62609c0127e80120f46f10c34fe2b54f6089d7f0073951ac	4817	PRESENT	data/posthoc/heap-retrace/SHA256SUMS	
data/posthoc/heap-retrace/scripts/retrace_mem.js	GIT	d8caa1d6357ac19b9f418392c8f2467e28a069f7a24040347e168853663d8e83	3321	PRESENT	data/posthoc/heap-retrace/SHA256SUMS	
data/posthoc/native-cost-audit/INPUT-HASHES.txt	GIT	3942b96f1f4f4a1cf9702606e5d4a66420613810e487d1d080639f30786727d8	927	PRESENT	data/posthoc/native-cost-audit/SHA256SUMS	
data/posthoc/native-cost-audit/README.md	GIT	5bccbb558c1bc0f2bc6332d45e823bce98b01f01284e117e1c3e58919ba7eea4	1097	PRESENT	data/posthoc/native-cost-audit/SHA256SUMS	
data/posthoc/native-cost-audit/SHA256SUMS	GIT	185bb4207a7593df944207dff5f7439d6b9c8f9783d74e6b119395cc9e9f5d1b	604	PRESENT		
data/posthoc/native-cost-audit/SOURCE-FILES-SHA256.txt	GIT	47eb53c9e25dbab86feaea016eaa69e297ac764cc26a86f2f3f4caf4ad3c2fb7	1872	PRESENT	data/posthoc/native-cost-audit/SHA256SUMS	
data/posthoc/native-cost-audit/m7a_f4_audit.py	GIT	59f84aa76510bec0223568800eceefa8235cd77cb0fbb0f7f11693ee9c8634ee	8707	PRESENT	data/posthoc/native-cost-audit/SHA256SUMS	
data/posthoc/native-cost-audit/out/M7A-cells.csv	GIT	cac42afe69cb24ce15b9e88600da5532df11aebed32533873bfd2d03776b029e	2573	PRESENT	data/posthoc/native-cost-audit/SHA256SUMS	
data/posthoc/native-cost-audit/out/M7A-per-proof.csv	GIT	fb447ecab5ccbb73473282ff0c35658c5d25c652f63f6ba4a0c026f6238b293a	33696	PRESENT	data/posthoc/native-cost-audit/SHA256SUMS	
data/posthoc/native-cost-audit/out/M7A-summary.json	GIT	7c3fb436c2cfd0c86c37dc05bd86adfccd03e53b33ff90cefaf7d70fe33bef13	1929	PRESENT	data/posthoc/native-cost-audit/SHA256SUMS	
data/prover/d1/analysis/D1-cells.csv	GIT	ddfe8e40c1640ce0f4854f93ff368a7efbff5b267b69bb523ad7724f488c3458	3590	PRESENT	data/prover/d1/analysis/SHA256SUMS	
data/prover/d1/analysis/D1-ratios.csv	GIT	52024d65736e7e62c2f8c6844c4db14449e0895701277afbe39a85848086bdbc	12700	PRESENT	data/prover/d1/analysis/SHA256SUMS	
data/prover/d1/analysis/D1-summary.json	GIT	4570efa1dd284812e6f8cc5bcce3482670f655ca0feeefa4530163da17f3f23e	3761	PRESENT	data/prover/d1/analysis/SHA256SUMS	
data/prover/d1/analysis/SHA256SUMS	GIT	4aa98d292e4fb66af22ba97d174631b6742f22cf4c7e6df5239bdfbc6b4a581e	413	PRESENT		
data/prover/d1/analysis/run-stdout.txt	GIT	ea72e1fa5197547e4f8368bb211fbe64de0c5b870323e62681fa315b316f0460	61	PRESENT	data/prover/d1/analysis/SHA256SUMS	
data/prover/d1/evidence/FROZEN-UTC.txt	GIT	fbc40ebbf66f1a470a1f45da510b1be6b5b0c48ae4c35208ffcd7bad42d9ec15	329	PRESENT	data/prover/d1/evidence/SHA256SUMS	
data/prover/d1/evidence/SHA256SUMS	GIT	1984894de8652131e3f70de45a0230eaefe81f4e9dee3b0b5fcf6d79ea407045	6148	PRESENT		
data/prover/d1/evidence/ledger.csv	GIT	c2d22dccc45df4df178923ada72c0b984f25085a6dbd2791a86b53e8e2d65d85	1368	PRESENT	data/prover/d1/evidence/SHA256SUMS	
data/prover/d1/evidence/raw/dryrun-r00-a1.csv	GIT	339d0b997c13b17645250e9e6211a022d375478755f0db12e18c52cee8df1d19	1262	PRESENT	data/prover/d1/evidence/SHA256SUMS	
data/prover/d1/evidence/raw/dryrun-r00-a1.meta.json	GIT	3843c96c9b312a48859fe3083c2f5bae18d621d8a24d7386fe8aa4e088c9fdd7	1134	PRESENT	data/prover/d1/evidence/SHA256SUMS	
data/prover/d1/evidence/raw/preflight-r00-a1.meta.json	GIT	1325da9fedeb2919601e32a0c59960a538ed0d350cddfb7f457f63c779ffda8c	1104	PRESENT	data/prover/d1/evidence/SHA256SUMS	
data/prover/d1/evidence/raw/primary-r00-a1.csv	GIT	81e7efab614935e2833941a3872172e07a554fb1836db8b6a5daa5feb64fa27a	1273	PRESENT	data/prover/d1/evidence/SHA256SUMS	
data/prover/d1/evidence/raw/primary-r00-a1.meta.json	GIT	18b13054c0b1f0a4df3066f3764dc7b51b9704c65c2e01dd7e0b98cbd16e45e6	1135	PRESENT	data/prover/d1/evidence/SHA256SUMS	
data/prover/d1/evidence/raw/primary-r01-a1.csv	GIT	336aae8be802cb795a2304bf6f872ad82b81830169357639b62d1e50399e76da	1271	PRESENT	data/prover/d1/evidence/SHA256SUMS	
data/prover/d1/evidence/raw/primary-r01-a1.meta.json	GIT	d3f15d6cc441aaabb2bdfdca1f59f23cae443edfbc42e89fe3f21e000439a478	1135	PRESENT	data/prover/d1/evidence/SHA256SUMS	
data/prover/d1/evidence/raw/primary-r02-a1.csv	GIT	6f70084a296842db40b597bbbf5f1ab1694976fad745043e47145df426cb794f	1274	PRESENT	data/prover/d1/evidence/SHA256SUMS	
data/prover/d1/evidence/raw/primary-r02-a1.meta.json	GIT	af923997b1a6e70020c3b27c589445c7aafe811eadc80866d6ae386c177a961e	1135	PRESENT	data/prover/d1/evidence/SHA256SUMS	
data/prover/d1/evidence/raw/primary-r03-a1.csv	GIT	a3b0cd0abd259cba1c349b3121f25e0ac82f7dc33afdc5ac810f4e6a062b1d01	1277	PRESENT	data/prover/d1/evidence/SHA256SUMS	
data/prover/d1/evidence/raw/primary-r03-a1.meta.json	GIT	4cfa0a946dff5b59338e7a502e829bd0251e8394d5583ce1dd172f967d0c444b	1135	PRESENT	data/prover/d1/evidence/SHA256SUMS	
data/prover/d1/evidence/raw/primary-r04-a1.csv	GIT	3486fced9fa4a367ccc59559e31c4420f8c81722d490a474e538fd033169014d	1273	PRESENT	data/prover/d1/evidence/SHA256SUMS	
data/prover/d1/evidence/raw/primary-r04-a1.meta.json	GIT	5c00de574d0669677bee22d4b8b73a9e3600f9a5f0b6a2efad69898e6b715bda	1135	PRESENT	data/prover/d1/evidence/SHA256SUMS	
data/prover/d1/evidence/raw/primary-r05-a1.csv	GIT	93f9f4d362836e11646bc2d14235fa89f66b04d9a7b89d51c876b51391ec86f1	1268	PRESENT	data/prover/d1/evidence/SHA256SUMS	
data/prover/d1/evidence/raw/primary-r05-a1.meta.json	GIT	7e50dc496a20834d65f1b9e2ab42ba6d2290d86b610162b7e2e4fb142bf45315	1135	PRESENT	data/prover/d1/evidence/SHA256SUMS	
data/prover/d1/evidence/raw/primary-r06-a1.csv	GIT	277478015bf4924a16d612333791de499dda25b57de514cd6e6c5352d7a067f4	1278	PRESENT	data/prover/d1/evidence/SHA256SUMS	
data/prover/d1/evidence/raw/primary-r06-a1.meta.json	GIT	0a1274581c18f22ae2f2d470475bb21e8c6f6bac47afce11d18bf69577f86e6f	1135	PRESENT	data/prover/d1/evidence/SHA256SUMS	
data/prover/d1/evidence/raw/primary-r07-a1.csv	GIT	a06e0fdb83e35d5ed82a6ff179dc59ad7c28021ccb85da00e2cce1680b29a107	1271	PRESENT	data/prover/d1/evidence/SHA256SUMS	
data/prover/d1/evidence/raw/primary-r07-a1.meta.json	GIT	8649a07ef64b8f89bfba56a09ea246c48ed43da0fc9a8a23ac4193a8dd78c8a6	1135	PRESENT	data/prover/d1/evidence/SHA256SUMS	
data/prover/d1/evidence/raw/primary-r08-a1.csv	GIT	163b4bc7f15910b0edd7e2fbc27145dfa3ec2259e179e0ffc92b6a5aaba686bf	1277	PRESENT	data/prover/d1/evidence/SHA256SUMS	
data/prover/d1/evidence/raw/primary-r08-a1.meta.json	GIT	59cc6e1b2e47f29cf65fa7710dacdb8a803151e648fed460ec0789a3699ee1f3	1135	PRESENT	data/prover/d1/evidence/SHA256SUMS	
data/prover/d1/evidence/raw/primary-r09-a1.csv	GIT	7f630489c3d06871e03e779d32ea18f01971af9158754306aa2bcb3873d6043a	1274	PRESENT	data/prover/d1/evidence/SHA256SUMS	
data/prover/d1/evidence/raw/primary-r09-a1.meta.json	GIT	4485ff058602590218d13e2a58db1556ef1db05648ec25388287eedc0330a3aa	1135	PRESENT	data/prover/d1/evidence/SHA256SUMS	
data/prover/d1/evidence/raw/primary-r10-a1.csv	GIT	81dbc3e51bfbf58bdd53f04a0679c428643593acc1d6e749ec8b6045cfce93f7	1277	PRESENT	data/prover/d1/evidence/SHA256SUMS	
data/prover/d1/evidence/raw/primary-r10-a1.meta.json	GIT	528fb07befb95e7a275d3ecd1b95cbd023c0a9faa1d19e6739cbce3cf85d0932	1136	PRESENT	data/prover/d1/evidence/SHA256SUMS	
data/prover/d1/evidence/raw/primary-r11-a1.csv	GIT	c0445dd441b3a622b19cdf18f3c81cd6ee81249fecb3eee3e42ebcc4840acf53	1279	PRESENT	data/prover/d1/evidence/SHA256SUMS	
data/prover/d1/evidence/raw/primary-r11-a1.meta.json	GIT	2da03d871ddbdb6a9c72eba8fccf33180fe6e5c1897fb923aaf5b89c2a4f0b42	1136	PRESENT	data/prover/d1/evidence/SHA256SUMS	
data/prover/d1/evidence/raw/primary-r12-a1.csv	GIT	6c79d9f5a72d375cf4ff9a9482e8ff8e28d189e7d2dab7ff9511d69a15e9b0cf	1274	PRESENT	data/prover/d1/evidence/SHA256SUMS	
data/prover/d1/evidence/raw/primary-r12-a1.meta.json	GIT	f0d9cc10b15c391d40c6411a90be51ad4d2ed50cec35bd63236e201c2d7b0d3c	1136	PRESENT	data/prover/d1/evidence/SHA256SUMS	
data/prover/d1/evidence/raw/primary-r13-a1.csv	GIT	fc89d27577c0322a364f925ecb9d7e46483be7640b48b2c5ab835fadc40cb50c	1278	PRESENT	data/prover/d1/evidence/SHA256SUMS	
data/prover/d1/evidence/raw/primary-r13-a1.meta.json	GIT	4c4d7d8d783a20fb2fd3ea7dc45198832203dfac0ccd3994a9bc01c0147d9623	1136	PRESENT	data/prover/d1/evidence/SHA256SUMS	
data/prover/d1/evidence/raw/primary-r14-a1.csv	GIT	93a6a4b0705c30ae1053b8f21f3831874dc966ee657723a5953ed3fc6f09280c	1285	PRESENT	data/prover/d1/evidence/SHA256SUMS	
data/prover/d1/evidence/raw/primary-r14-a1.meta.json	GIT	e3b4d8727368a33504856e8c7b224b4ba9099b5ca25eabab8c3684ecfc0bebdd	1136	PRESENT	data/prover/d1/evidence/SHA256SUMS	
data/prover/d1/evidence/raw/primary-r15-a1.csv	GIT	823dbe2e9a293cb05a4600149ae40b0a72451e998a6c66804639aeca416fe414	1280	PRESENT	data/prover/d1/evidence/SHA256SUMS	
data/prover/d1/evidence/raw/primary-r15-a1.meta.json	GIT	9b60a341238041d45cafaf034fe435f75d9d89ee88ce78cb6f22f7ce94e32f17	1136	PRESENT	data/prover/d1/evidence/SHA256SUMS	
data/prover/d1/evidence/raw/primary-r16-a1.csv	GIT	db76dfd87ea9e451908159788df033ea85d758c54331f9c078a5c9828775452f	1279	PRESENT	data/prover/d1/evidence/SHA256SUMS	
data/prover/d1/evidence/raw/primary-r16-a1.meta.json	GIT	536ae05813ea9da0c49f9945f0f239cd1cae037b2ef9d1be9731a457ce53806e	1136	PRESENT	data/prover/d1/evidence/SHA256SUMS	
data/prover/d1/evidence/raw/primary-r17-a1.csv	GIT	2fe138e7ff45764f5f3a31fcebb2b4e11115c5296e14698e2633bd24f228f395	1274	PRESENT	data/prover/d1/evidence/SHA256SUMS	
data/prover/d1/evidence/raw/primary-r17-a1.meta.json	GIT	55608f432d151f278471b0e9d0d2169aa003e15711a25b4b821c2e2e5faf7fa1	1136	PRESENT	data/prover/d1/evidence/SHA256SUMS	
data/prover/d1/evidence/raw/primary-r18-a1.csv	GIT	2a33bf7ce5614b518c61a118ad63e3d770a02d96fe339db72a8bba0bdc875b1c	1281	PRESENT	data/prover/d1/evidence/SHA256SUMS	
data/prover/d1/evidence/raw/primary-r18-a1.meta.json	GIT	9a19834c2345dfbeecc28ef9b0ad74975ff01363b24230a95ab536838f8a2ea3	1136	PRESENT	data/prover/d1/evidence/SHA256SUMS	
data/prover/d1/evidence/raw/primary-r19-a1.csv	GIT	7c35f6f76b4f6d901523e32520f812ebf70adabd37dff68575ec06a9b6455ca7	1282	PRESENT	data/prover/d1/evidence/SHA256SUMS	
data/prover/d1/evidence/raw/primary-r19-a1.meta.json	GIT	f0de9054f5f319de9778e9cb9807b68121dcc4f56f60a8d5a439d435e83c2219	1136	PRESENT	data/prover/d1/evidence/SHA256SUMS	
data/prover/d1/evidence/raw/primary-r20-a1.csv	GIT	831d435c1bfdcddaa892417aced0aa797696044d577fd01ddbe72a155d71136c	1280	PRESENT	data/prover/d1/evidence/SHA256SUMS	
data/prover/d1/evidence/raw/primary-r20-a1.meta.json	GIT	524e67b59295438d432f61fb93fed2bed3e4d3538687c0f9488252e5bf9f65c8	1136	PRESENT	data/prover/d1/evidence/SHA256SUMS	
data/prover/d1/evidence/sessions.csv	GIT	8d39438b3a446184a623bdc8d7644bb6942c2b730feaf4aa294e4058fe6e4063	247	PRESENT	data/prover/d1/evidence/SHA256SUMS	
data/prover/d1/evidence/sessions/S20261005T235515Z/docker-build.log	GIT	25313e12911b94cf0eac9918f8a0ed4b8fd496be81e6ccc4e1e0688e7a43c2a6	2111	PRESENT	data/prover/d1/evidence/SHA256SUMS	
data/prover/d1/evidence/sessions/S20261005T235515Z/host-samples.csv	GIT	99f9fcc4f77a15c50fe8d290219d3d6f4a85d26f6871eb6bf4143203c0159118	319	PRESENT	data/prover/d1/evidence/SHA256SUMS	
data/prover/d1/evidence/sessions/S20261005T235515Z/host.txt	GIT	305b7a9c53924a96b708ec3812757b21dbee8e170702596818f39f5531103f64	4428	PRESENT	data/prover/d1/evidence/SHA256SUMS	
data/prover/d1/evidence/sessions/S20261005T235515Z/keys-check.txt	GIT	f47f56380cbb77ccdf1079be469584ee7a52d2cb79a0c96d5bd010171c149ba0	80	PRESENT	data/prover/d1/evidence/SHA256SUMS	
data/prover/d1/evidence/sessions/S20261005T235515Z/protocol-check.txt	GIT	261d8674a5a88cd00ae41d614bb5b45209e1323982cd8a3ec7e8b460e25ef089	1629	PRESENT	data/prover/d1/evidence/SHA256SUMS	
data/prover/d1/evidence/sessions/S20261005T235515Z/runner.log	GIT	9940b24cb7e3473a7bb7204cb9812938876af219317ba275e9ead33bc7c63d71	567	PRESENT	data/prover/d1/evidence/SHA256SUMS	
data/prover/d1/evidence/sessions/S20261005T235719Z/docker-build.log	GIT	9e69fd5475a2fcb82ac7de149c814ff4970db02f7b88a502b160bdf79f29a8fa	1649	PRESENT	data/prover/d1/evidence/SHA256SUMS	
data/prover/d1/evidence/sessions/S20261005T235719Z/host-samples.csv	GIT	a868d1af39d1b6a1e80cd0ee0dc08fc15910d4628baaae759bfea0619db2e595	10445	PRESENT	data/prover/d1/evidence/SHA256SUMS	
data/prover/d1/evidence/sessions/S20261005T235719Z/host.txt	GIT	314303b82c9192a0de37a5ffb5e7db1861c63f12197a800a62522d6f1525aecd	4428	PRESENT	data/prover/d1/evidence/SHA256SUMS	
data/prover/d1/evidence/sessions/S20261005T235719Z/keys-check.txt	GIT	f47f56380cbb77ccdf1079be469584ee7a52d2cb79a0c96d5bd010171c149ba0	80	PRESENT	data/prover/d1/evidence/SHA256SUMS	
data/prover/d1/evidence/sessions/S20261005T235719Z/protocol-check.txt	GIT	261d8674a5a88cd00ae41d614bb5b45209e1323982cd8a3ec7e8b460e25ef089	1629	PRESENT	data/prover/d1/evidence/SHA256SUMS	
data/prover/d1/evidence/sessions/S20261005T235719Z/runner.log	GIT	967e331cd71380770f5b6da62d37eb0753558470fce7e05e1796c8f1d56e10ca	2734	PRESENT	data/prover/d1/evidence/SHA256SUMS	
data/prover/d2/analysis/SHA256SUMS	GIT	c863a1143f15d0b548379b2cd98fa9ae1d23427972fdbdcc02932871c3e883fa	1680	PRESENT		
data/prover/d2/analysis/SHA256SUMS.check-run-20261005T2319Z	GIT	44128f820c572d0f0fdec2a2004f848f7a67a83df963761702201fd927543180	1126	PRESENT		
data/prover/d2/analysis/check/D2-CHECK-RECORD.json	GIT	5cafe093b8f18521cd3a41b0ccd74f1acd944ac80e9ad3ab089a02b09e5791fa	1140	PRESENT	data/prover/d2/analysis/SHA256SUMS	
data/prover/d2/analysis/check/D2-reconciliation.json	GIT	401af07224145c84767d09223b7a5ea889789c85ff46702a4933b2c7759be8ed	97	PRESENT	data/prover/d2/analysis/SHA256SUMS	
data/prover/d2/analysis/check/console.txt	GIT	3184e863ab09b190100df7b09a7dd2254e6767d8afc3530db4effb3c67ad50e4	154	PRESENT	data/prover/d2/analysis/SHA256SUMS	
data/prover/d2/analysis/run/D2-RUN-RECORD.json	GIT	7ead94ffa4b3bc2aae2fab8fd53b48a7e6fff2550f64d9dccdde30c483c44b89	1220	PRESENT	data/prover/d2/analysis/SHA256SUMS	
data/prover/d2/analysis/run/D2-allocation-speedups.csv	GIT	f27aaf01e062db7e2b18ee2d148f2d9cca38a656d1d0f2e276afca7293dd7f0a	134668	PRESENT	data/prover/d2/analysis/SHA256SUMS	
data/prover/d2/analysis/run/D2-backend-ratios.csv	GIT	c085c4a4f7554d9f2558a7f3c049b74d2a36f0e8f961bb1d7a12d9f869cce8c6	18799	PRESENT	data/prover/d2/analysis/SHA256SUMS	
data/prover/d2/analysis/run/D2-cell-stats.csv	GIT	f9c197383ce4c4d8d5ca4f46b9b8b46f59daf7b8cc200615c1262887eceedb26	133832	PRESENT	data/prover/d2/analysis/SHA256SUMS	
data/prover/d2/analysis/run/D2-reconciliation.json	GIT	401af07224145c84767d09223b7a5ea889789c85ff46702a4933b2c7759be8ed	97	PRESENT	data/prover/d2/analysis/SHA256SUMS	
data/prover/d2/analysis/run/D2-zkey-diagnostic.csv	GIT	0ff0e1d624236b9c12ceb9264ea46da0f86923bdce32c3c2db17f450145a0bd9	13863	PRESENT	data/prover/d2/analysis/SHA256SUMS	
data/prover/d2/analysis/run/console.txt	GIT	78fb956c381b5f5fa898ee59d9c85b3dc343bf1c9bff2d081f9120f5614342e6	209	PRESENT	data/prover/d2/analysis/SHA256SUMS	
data/prover/d2/analysis/side-by-side/d2_side_by_side.py	GIT	43fc84f2ed1bc71344fda03fe7b80333228fdc5b92d75cfbbab9af5ec9a75eb2	3146	PRESENT	data/prover/d2/analysis/SHA256SUMS	
data/prover/d2/analysis/side-by-side/side-by-side-allocation-speedups.csv	GIT	bbe5d48ee9700157253a673fbdbde05cd919847fcbcb747ceafdfd3b749ebad8	101958	PRESENT	data/prover/d2/analysis/SHA256SUMS	
data/prover/d2/analysis/side-by-side/side-by-side-backend-ratios.csv	GIT	94d30ac3051a8e8d8b952078bc51fdfc5a70027a3730f299c62abf8160a9ab3d	16270	PRESENT	data/prover/d2/analysis/SHA256SUMS	
data/prover/d2/analysis/side-by-side/side-by-side-cell-stats.csv	GIT	da30d4a699ac49821f90f069eb142a7b6db0f798f429cf776af03e8763cf2a98	174302	PRESENT	data/prover/d2/analysis/SHA256SUMS	
data/prover/d2/analysis/side-by-side/side-by-side-zkey-diagnostic.csv	GIT	06734f5b8e51cf27dc1f1adf9216d3f8f1dbaaaa2df4e998a2e4ac9e50ef1d5e	13628	PRESENT	data/prover/d2/analysis/SHA256SUMS	
data/prover/d2/host-b-records/RECORDS-SHA256SUMS	GIT	1c1c68a0a8d05533e6bde4c7084f5e317ede58800ac64341268d73ec9a87b404	5544	PRESENT		
data/prover/d2/host-b-records/fflonk/FFLONK-STOP.txt	GIT	5ac543bbd93ac8300064c90223c7ff11957314959cf061866a7d733ceb82c0c2	45	PRESENT	data/prover/d2/host-b-records/RECORDS-SHA256SUMS	
data/prover/d2/host-b-records/inputs/INPUTS-RECEIPT.txt	GIT	482415c53da53f12de561daa348eeae7e6f853fe07afb88bbb4a37d5334ba050	212	PRESENT	data/prover/d2/host-b-records/RECORDS-SHA256SUMS	
data/prover/d2/host-b-records/inputs/fflonk-inputs-verify.txt	GIT	1f33c1da42b0a50514cb1aeaeffc4444b0b604cd8736eee56407929afca32043	1312	PRESENT	data/prover/d2/host-b-records/RECORDS-SHA256SUMS	
data/prover/d2/host-b-records/logs/ptau-download.log	GIT	0e035e4a15f95005e578bc30e5285ab4023f761324036c214c15e70e5eaaf3ff	524	PRESENT	data/prover/d2/host-b-records/RECORDS-SHA256SUMS	
data/prover/d2/host-b-records/logs/ptau-source-attempts.tsv	GIT	e51e1cef4a0a84a93aba3b50a5ee79ad98b56a29c0c84b11ae314802f870fac3	298	PRESENT	data/prover/d2/host-b-records/RECORDS-SHA256SUMS	
data/prover/d2/host-b-records/machine/b2sum.txt	GIT	a6aa84e3038750d5e741fda6813e1aed5e332a97a10a719eb10a73af53d37305	348	PRESENT	data/prover/d2/host-b-records/RECORDS-SHA256SUMS	
data/prover/d2/host-b-records/machine/clang.txt	GIT	5a50cf2a1470a615fa3abf3b83062adec29c6f1eea780f7d53dca6a9c8e9d5dc	137	PRESENT	data/prover/d2/host-b-records/RECORDS-SHA256SUMS	
data/prover/d2/host-b-records/machine/cmdline.txt	GIT	c0532b22ff95f37d3cb2bc6bb5ec4ab52d48ff34369fd884f071fa58d1fb5ddc	148	PRESENT	data/prover/d2/host-b-records/RECORDS-SHA256SUMS	
data/prover/d2/host-b-records/machine/cpu-flags-selected.txt	GIT	788c7e2d470d86e6db5902f269c05a35dd86880c5784b147235baad73c4d9dc2	58	PRESENT	data/prover/d2/host-b-records/RECORDS-SHA256SUMS	
data/prover/d2/host-b-records/machine/cpuinfo-head.txt	GIT	73330c3a49fc13eb0392c68a8b57e36666a9b62ff7d3edbc095654b0788db94a	1821	PRESENT	data/prover/d2/host-b-records/RECORDS-SHA256SUMS	
data/prover/d2/host-b-records/machine/curl.txt	GIT	93183b7b1c43997f9ac50a09dc3a1a2ea8b2bafab6a64a5f283135ca5a3d438c	597	PRESENT	data/prover/d2/host-b-records/RECORDS-SHA256SUMS	
data/prover/d2/host-b-records/machine/df.txt	GIT	a2ba9cbecb7d03b9ce669e2b1e7a72c2df5398e026dbf544b5d9fb8d687989d0	544	PRESENT	data/prover/d2/host-b-records/RECORDS-SHA256SUMS	
data/prover/d2/host-b-records/machine/dmi.txt	GIT	b8b3411e4b96071c16d7be00e9833d716e9afc5992e08df742923f2feb76e5da	170	PRESENT	data/prover/d2/host-b-records/RECORDS-SHA256SUMS	
data/prover/d2/host-b-records/machine/docker-info.txt	GIT	0a519632c3e4f6c14d3897bb3cdb72ab81975124b1fac48b7ddfc19c377c6442	1151	PRESENT	data/prover/d2/host-b-records/RECORDS-SHA256SUMS	
data/prover/d2/host-b-records/machine/docker-version.txt	GIT	a786eb958de1fd60d7a02f866bc15807526af534aa20872096ab7e47b928bd2a	727	PRESENT	data/prover/d2/host-b-records/RECORDS-SHA256SUMS	
data/prover/d2/host-b-records/machine/findmnt-workspace.txt	GIT	3bb1cd2ea962d744dd71c6fe725ed24f0077a5e55984e5e75e0de84aec1f5106	141	PRESENT	data/prover/d2/host-b-records/RECORDS-SHA256SUMS	
data/prover/d2/host-b-records/machine/fingerprint-SHA256SUMS	GIT	e148c80acc6260055726a6178d8526ac60de85e407fe29d14c58e209cea72c1c	3303	PRESENT	data/prover/d2/host-b-records/RECORDS-SHA256SUMS	
data/prover/d2/host-b-records/machine/free.txt	GIT	c125b32fd35db690a4a511f520f18f1c9935ffb4564f1f6002eae353370ad4b7	226	PRESENT	data/prover/d2/host-b-records/RECORDS-SHA256SUMS	
data/prover/d2/host-b-records/machine/frequency-governor.txt	GIT	a5829bea6df13cb34a59792ffb5c8e8d86bdcd0c61b144af615c6768a3393f07	277	PRESENT	data/prover/d2/host-b-records/RECORDS-SHA256SUMS	
data/prover/d2/host-b-records/machine/gcc.txt	GIT	4d612cfceaf74f40ebed00474c05270d622e5373c2a8f38a9f3728380934bf97	269	PRESENT	data/prover/d2/host-b-records/RECORDS-SHA256SUMS	
data/prover/d2/host-b-records/machine/git.txt	GIT	6bb6fd122e37cb19270dc6a614000a3fdfb4669515388a1aee04e349a9737639	44	PRESENT	data/prover/d2/host-b-records/RECORDS-SHA256SUMS	
data/prover/d2/host-b-records/machine/go.txt	GIT	47579287fb950d6945f79994a623d8ee0edf927032f7a0539dd7cfb309baf4b9	54	PRESENT	data/prover/d2/host-b-records/RECORDS-SHA256SUMS	
data/prover/d2/host-b-records/machine/hostname.txt	GIT	064d5295670c2203e26992abd5bc8c2024472667a22696f78aebf450f5f8924d	24	PRESENT	data/prover/d2/host-b-records/RECORDS-SHA256SUMS	
data/prover/d2/host-b-records/machine/hostnamectl.txt	GIT	8203c83be9531e21a0b4d91990c98b41ec6155544532707c6a6e5352def5be15	476	PRESENT	data/prover/d2/host-b-records/RECORDS-SHA256SUMS	
data/prover/d2/host-b-records/machine/hypervisor-dmesg-cpuinfo.txt	GIT	2a97a8c73a51db1815686903abe015dd7df317e42cfb0359ee1f8733d4b98f33	48	PRESENT	data/prover/d2/host-b-records/RECORDS-SHA256SUMS	
data/prover/d2/host-b-records/machine/loadavg.txt	GIT	4a78b74f7a5a4c3894c63d2d0801e2ec75f868519647bd9152762cd7c01641ec	63	PRESENT	data/prover/d2/host-b-records/RECORDS-SHA256SUMS	
data/prover/d2/host-b-records/machine/lsb_release.txt	GIT	beeecc6c663d35dc02447b0f8017f30f28d6026b2805195d6e104a5157b95dd4	112	PRESENT	data/prover/d2/host-b-records/RECORDS-SHA256SUMS	
data/prover/d2/host-b-records/machine/lsblk.txt	GIT	e369e30d3497decc6ca5a3aeca9629f592a022ee7dc8892fabbfc3c24131f483	2889	PRESENT	data/prover/d2/host-b-records/RECORDS-SHA256SUMS	
data/prover/d2/host-b-records/machine/lscpu-extended.txt	GIT	31f88221f0d79ecff3eb85a7d1a7edf58cd7d8120408f5269a059724338fa4c1	134	PRESENT	data/prover/d2/host-b-records/RECORDS-SHA256SUMS	
data/prover/d2/host-b-records/machine/lscpu.txt	GIT	d27e1b09695f291456af867f21bb8b0001f4f127c30ba3b6eeaef781ededc5f8	3578	PRESENT	data/prover/d2/host-b-records/RECORDS-SHA256SUMS	
data/prover/d2/host-b-records/machine/meminfo.txt	GIT	65f4f7506b19b194553cdcb7feffd2b32bcdb5b4dda5092304cf72098b1d1df5	594	PRESENT	data/prover/d2/host-b-records/RECORDS-SHA256SUMS	
data/prover/d2/host-b-records/machine/node.txt	GIT	2c0b7c7c6cd34a29e90126330f0f9e3217fe93255c4a1c0aed623c2c1b0bb72c	35	PRESENT	data/prover/d2/host-b-records/RECORDS-SHA256SUMS	
data/prover/d2/host-b-records/machine/nodes.txt	GIT	397982bb1e046b9ab4a4031b477e8208785e8c1074b1ff712c2885a59673e4f2	140	PRESENT	data/prover/d2/host-b-records/RECORDS-SHA256SUMS	
data/prover/d2/host-b-records/machine/npm.txt	GIT	88eaf208d968f2f88202e5ab681bd128006be9d37974bd6bc5b3e8ac68d027e9	32	PRESENT	data/prover/d2/host-b-records/RECORDS-SHA256SUMS	
data/prover/d2/host-b-records/machine/nproc.txt	GIT	6c7e3c81b525fc62eb32fc719622c1f5ad45f6b89b933a0155e563e0dc0535a9	21	PRESENT	data/prover/d2/host-b-records/RECORDS-SHA256SUMS	
data/prover/d2/host-b-records/machine/numa-nodes.txt	GIT	43247fc3b2fbe0d1c277894a0f21656241b6434bd29bf61820f6b27129551f9a	124	PRESENT	data/prover/d2/host-b-records/RECORDS-SHA256SUMS	
data/prover/d2/host-b-records/machine/numactl.txt	GIT	a933d6ad9aba0a41173459c75e9a9aeae94069f5bf32958975cab96941060b3b	561	PRESENT	data/prover/d2/host-b-records/RECORDS-SHA256SUMS	
data/prover/d2/host-b-records/machine/os-release.txt	GIT	92ab843c171a618126bd267f45bb7b2be971a1992c52fcb675fb86d14e00fc01	431	PRESENT	data/prover/d2/host-b-records/RECORDS-SHA256SUMS	
data/prover/d2/host-b-records/machine/python3.txt	GIT	89ee9ad7a1d18e3d0ac2f4c24767e2ba2d71b470426cc965e882e57607741959	43	PRESENT	data/prover/d2/host-b-records/RECORDS-SHA256SUMS	
data/prover/d2/host-b-records/machine/rustc.txt	GIT	f68fa031441b8d3c26a19f01be7f119d3a5e82cbc7767a59302c95bbf3f20c9e	274	PRESENT	data/prover/d2/host-b-records/RECORDS-SHA256SUMS	
data/prover/d2/host-b-records/machine/smt.txt	GIT	16acd3831c0566c5f7042839e04467d4235e2bbeb7eb77bb8a128110fd3afe84	91	PRESENT	data/prover/d2/host-b-records/RECORDS-SHA256SUMS	
data/prover/d2/host-b-records/machine/ulimit.txt	GIT	606c7a04979aedf373da496a3f4ff359ea168f0567b2ef896394546d48f1cb5d	850	PRESENT	data/prover/d2/host-b-records/RECORDS-SHA256SUMS	
data/prover/d2/host-b-records/machine/uname.txt	GIT	17013dfa2b4b7209afc39dc2ee0143578a0bcc6efe044c0dafad594746ceb7c4	164	PRESENT	data/prover/d2/host-b-records/RECORDS-SHA256SUMS	
data/prover/d2/host-b-records/machine/uptime.txt	GIT	c394b6fc8db45e3366cdc5bb9e33fe8500887c9ee3d83ecac9dc53cc4f89c855	83	PRESENT	data/prover/d2/host-b-records/RECORDS-SHA256SUMS	
data/prover/d2/host-b-records/machine/utc.txt	GIT	1cff0154ac7151837dd1230e519dad1878f97662318e42d333ff9667ebd6e04f	21	PRESENT	data/prover/d2/host-b-records/RECORDS-SHA256SUMS	
data/prover/d2/host-b-records/machine/virt-container.txt	GIT	87c4749a945d1c2d138374ef0963fe49151049c909b877b654cc86f5d6e2e6c5	48	PRESENT	data/prover/d2/host-b-records/RECORDS-SHA256SUMS	
data/prover/d2/host-b-records/machine/virt.txt	GIT	1520bafc24f6f3bf0d2e4c5bfe90a9bef002f2a7596c9a62de87d385aae8d72c	36	PRESENT	data/prover/d2/host-b-records/RECORDS-SHA256SUMS	
data/prover/d2/host-b-records/machine/wget.txt	GIT	b865573b56002c98f753c0accb96f15f8e641cec3a83915e51b1e014d16640ff	1783	PRESENT	data/prover/d2/host-b-records/RECORDS-SHA256SUMS	
data/prover/d2/host-b-records/manifests/workspace-init.txt	GIT	3343f1b8ffc0f45de33005528a6af5fcba1efc179710d013b58e0618971af89c	740	PRESENT	data/prover/d2/host-b-records/RECORDS-SHA256SUMS	
data/prover/d2/host-b-records/manifests/workspace-inventory.txt	GIT	1e0b616d8f73ae4b7ea399f92be9a2dfa66ba0122c96139c252b0e75b0ea67dd	5077	PRESENT	data/prover/d2/host-b-records/RECORDS-SHA256SUMS	
data/prover/d2/host-b-records/prover-d2/REDACTION-NOTE.txt	GIT	17622e1717eafdd1727e5ac127702bfe3f3faef6293806146c0129ed0fca02bd	26	PRESENT	data/prover/d2/host-b-records/RECORDS-SHA256SUMS	
data/prover/d2/host-b-records/prover-d2/tooling-check.redacted.txt	GIT	5575e84cbecdc5df049f75dde5d0a33373c577ca1802fdc65f1c0fc242a3377e	3179	PRESENT	data/prover/d2/host-b-records/RECORDS-SHA256SUMS	
data/prover/d2/host-b-records/ptau/PTAU-RECORD.json	GIT	cf12d4c83c0b7f661acc8a20e07a3cc46e7d211163454488b71bbb10e6297cc7	478	PRESENT	data/prover/d2/host-b-records/RECORDS-SHA256SUMS	
data/prover/d2/host-b-records/toolchain/PACKAGE-VERSIONS.txt	GIT	24d340b5c41df810d62453f3db5c2385dbe8c475268338b7e0120d7420c521e9	289	PRESENT	data/prover/d2/host-b-records/RECORDS-SHA256SUMS	
data/prover/d2/host-b-records/toolchain/SHASUMS256.txt	GIT	782c13291346fa7b5ac3ce3d6f0a466a1c9c317a30471a3f65f9ab7f6f7156c0	3777	PRESENT	data/prover/d2/host-b-records/RECORDS-SHA256SUMS	
data/prover/d2/host-b-records/toolchain/TOOLCHAIN-PIN-CHECK.txt	GIT	3a1a56434801d17bbc2bc5103640462eed37a70edd66394673977a4d6d0aac6c	598	PRESENT	data/prover/d2/host-b-records/RECORDS-SHA256SUMS	
data/prover/d2/host-b-records/toolchain/TOOLCHAIN.txt	GIT	d78ad86f116ade35b1f1d64bc642106c12e47f87f6e0776052e73638262f6360	151	PRESENT	data/prover/d2/host-b-records/RECORDS-SHA256SUMS	
data/prover/d2/host-b-records/toolchain/node-bin-dir.txt	GIT	5672c2498f85839efc51be5c3e71da497c6dd0d75c31977ba508e38d09cea6b7	79	PRESENT	data/prover/d2/host-b-records/RECORDS-SHA256SUMS	
data/prover/d2/host-b-records/toolchain/npm-ci.log	GIT	cee40cb5d1ac5171a0d3cef52e3bcd2bb435f68e8f32651988b31a92820efa45	25	PRESENT	data/prover/d2/host-b-records/RECORDS-SHA256SUMS	
data/prover/d2/host-b-records/toolchain/package-lock.json	GIT	c488900775f57c453363d8108c188839bbd9492a60a6b6fc46b89a22fdb13d3a	14605	PRESENT	data/prover/d2/host-b-records/RECORDS-SHA256SUMS	
data/prover/d2/host-b-records/toolchain/package.json	GIT	f2b253ef2fa2b0605114738fd57ac605640eb317b3375d1253500a5640bb1c7c	77	PRESENT	data/prover/d2/host-b-records/RECORDS-SHA256SUMS	
data/prover/d2/timed/SHA256SUMS	GIT	3e0121b14acb895d075878033cca1068689b77a448e47112ff1ba1dad3eee86f	157600	PRESENT		
data/prover/d2/timed/TRANSFER-TGZ.sha256	GIT	9c70ab3c751120d2462dbe4689fe078eebce1c51a15e6cf9f4d0331dbedfee1e	124	PRESENT	data/prover/d2/timed/SHA256SUMS	
data/prover/d2/timed/logs/campaign-20261005T152152Z.log	GIT	785af8015847a6949732bc89e1f5895032f09196e4dfb9f9611fb60c964cf9e6	10661	PRESENT	data/prover/d2/timed/SHA256SUMS	
data/prover/d2/timed/logs/local-session-summary-20261005T145940Z.txt	GIT	f42f44a35e5e40d4860699169e3c680d470435c7acc3c48c0e3e2baa47e47ba4	927	PRESENT	data/prover/d2/timed/SHA256SUMS	
data/prover/d2/timed/logs/resumetest-20261005T141557Z.log	GIT	b425dc5aac309da6353657094b608185499dc7bd06186f78704707450221e1ed	12782	PRESENT	data/prover/d2/timed/SHA256SUMS	
data/prover/d2/timed/logs/setup-20261005T140456Z.log	GIT	dbf2b1120817812c5200355da1509a99a8edd73a70e9dd730308c229928e66eb	2533	PRESENT	data/prover/d2/timed/SHA256SUMS	
data/prover/d2/timed/logs/timed-window-summary-20261005T231131Z.txt	GIT	7c417bc5deea705b4eccd3417a6aa1981241f79c74c07aa26e7223101d60d0ad	402	PRESENT	data/prover/d2/timed/SHA256SUMS	
data/prover/d2/timed/records/imagediff-20261005T140748Z.json	GIT	add01b4e2c6a4fec503b6b8722375b9c8210f5b7d0d21a39bc078a6b70f72da9	2361	PRESENT	data/prover/d2/timed/SHA256SUMS	
data/prover/d2/timed/records/imagediff-20261005T140748Z.txt	GIT	3542873bfbdb3034df22af271133eb75ed6ef6e9e8b2599616340ab42be09103	6016	PRESENT	data/prover/d2/timed/SHA256SUMS	
data/prover/d2/timed/records/unpack-20261005T140443Z.txt	GIT	1d29d2707e6391c670edad8ce5d9876fc90334306b76c7e6c9598aadf5809040	3130	PRESENT	data/prover/d2/timed/SHA256SUMS	
data/prover/d2/timed/relay-1700-freeze.out	GIT	80d48a5fd7d73cc740a7d6deb535839841f430ea22a796750ed5a5ef838be129	990	PRESENT	data/prover/d2/timed/SHA256SUMS	
data/prover/d2/timed/relay-1720-status.out	GIT	8afd4dfc45b31441203f409af6a72cea67521f9a925cacc5521410bf1de9d95a	4095	PRESENT	data/prover/d2/timed/SHA256SUMS	
data/prover/d2/timed/repo/build/campaigns/dryrun-resumetest-20261005T141557Z-othercommit/CAMPAIGN.json	GIT	3d2ea03315424d07f29147d5c6abb348233f234a35aa66febd4d75399584e6c0	5095	PRESENT	data/prover/d2/timed/SHA256SUMS	
data/prover/d2/timed/repo/build/campaigns/dryrun-resumetest-20261005T141557Z-othercommit/derived/prover_diag.csv	GIT	436ee60d05a6ff0b6c504828f7582276af171564aaab8366b4bab08b65a43a19	975	PRESENT	data/prover/d2/timed/SHA256SUMS	
data/prover/d2/timed/repo/build/campaigns/dryrun-resumetest-20261005T141557Z-othercommit/derived/prover_summary.csv	GIT	9ca3f56a5dfc770592cd8b364f9b2a4c5b6997777b33e13d0baebcdbe8d3a649	6062	PRESENT	data/prover/d2/timed/SHA256SUMS	
data/prover/d2/timed/repo/build/campaigns/dryrun-resumetest-20261005T141557Z-othercommit/derived/validation.json	GIT	c26c81b9da8efbd07cc9b1e6ed4c84a38d29d3dea93335fe7d148c1ee19b9e9e	3030	PRESENT	data/prover/d2/timed/SHA256SUMS	
data/prover/d2/timed/repo/build/campaigns/dryrun-resumetest-20261005T141557Z-othercommit/environment/RESULT-S20261005T141557Z.txt	GIT	c341d93319cea017d32b88cb77090c4b8ae2fd76c8928cc830d7f93931eafce5	226	PRESENT	data/prover/d2/timed/SHA256SUMS	
data/prover/d2/timed/repo/build/campaigns/dryrun-resumetest-20261005T141557Z-othercommit/environment/RESULT-S20261005T142620Z.txt	GIT	225aa4d02611b67d9cf48ce529c697a214bb7aef59d36b78c5024a4a79655f34	59	PRESENT	data/prover/d2/timed/SHA256SUMS	
data/prover/d2/timed/repo/build/campaigns/dryrun-resumetest-20261005T141557Z-othercommit/environment/RESULT-S20261005T143431Z.txt	GIT	584987059f04a5695985309362ddcefa2f91968f86b2b7a1074bb053cc03bc95	113	PRESENT	data/prover/d2/timed/SHA256SUMS	
data/prover/d2/timed/repo/build/campaigns/dryrun-resumetest-20261005T141557Z-othercommit/environment/RESULT-S20261005T145746Z.txt	GIT	3e2b29952466b3b3b256467f209f11b48a3671b923dd0bbdf5a7597b3e4adffa	240	PRESENT	data/prover/d2/timed/SHA256SUMS	
data/prover/d2/timed/repo/build/campaigns/dryrun-resumetest-20261005T141557Z-othercommit/environment/RESULT.txt	GIT	3e2b29952466b3b3b256467f209f11b48a3671b923dd0bbdf5a7597b3e4adffa	240	PRESENT	data/prover/d2/timed/SHA256SUMS	
data/prover/d2/timed/repo/build/campaigns/dryrun-resumetest-20261005T141557Z-othercommit/environment/base-image-index.json	GIT	ca3d163bab055381827226140568f3bef7eaac187cebd76878e0b63e9e442356	3	PRESENT	data/prover/d2/timed/SHA256SUMS	
data/prover/d2/timed/repo/build/campaigns/dryrun-resumetest-20261005T141557Z-othercommit/environment/corpus-after-S20261005T141557Z.txt	GIT	69d3ab033a2c67d2cb7d9491a9326d885644b3ce623f73da4941cd0d944e168e	1613	PRESENT	data/prover/d2/timed/SHA256SUMS	
data/prover/d2/timed/repo/build/campaigns/dryrun-resumetest-20261005T141557Z-othercommit/environment/corpus-after-S20261005T143431Z.txt	GIT	69d3ab033a2c67d2cb7d9491a9326d885644b3ce623f73da4941cd0d944e168e	1613	PRESENT	data/prover/d2/timed/SHA256SUMS	
data/prover/d2/timed/repo/build/campaigns/dryrun-resumetest-20261005T141557Z-othercommit/environment/corpus-before-S20261005T141557Z.txt	GIT	69d3ab033a2c67d2cb7d9491a9326d885644b3ce623f73da4941cd0d944e168e	1613	PRESENT	data/prover/d2/timed/SHA256SUMS	
data/prover/d2/timed/repo/build/campaigns/dryrun-resumetest-20261005T141557Z-othercommit/environment/corpus-before-S20261005T142620Z.txt	GIT	69d3ab033a2c67d2cb7d9491a9326d885644b3ce623f73da4941cd0d944e168e	1613	PRESENT	data/prover/d2/timed/SHA256SUMS	
data/prover/d2/timed/repo/build/campaigns/dryrun-resumetest-20261005T141557Z-othercommit/environment/corpus-before-S20261005T143431Z.txt	GIT	69d3ab033a2c67d2cb7d9491a9326d885644b3ce623f73da4941cd0d944e168e	1613	PRESENT	data/prover/d2/timed/SHA256SUMS	
data/prover/d2/timed/repo/build/campaigns/dryrun-resumetest-20261005T141557Z-othercommit/environment/corpus-before-S20261005T145746Z.txt	GIT	69d3ab033a2c67d2cb7d9491a9326d885644b3ce623f73da4941cd0d944e168e	1613	PRESENT	data/prover/d2/timed/SHA256SUMS	
data/prover/d2/timed/repo/build/campaigns/dryrun-resumetest-20261005T141557Z-othercommit/environment/docker-build-S20261005T141557Z.log	GIT	9074929cdefafe8a7056b90d0d86083cc6bfa7e94be80516a8a5ad080cfd473b	1533	PRESENT	data/prover/d2/timed/SHA256SUMS	
data/prover/d2/timed/repo/build/campaigns/dryrun-resumetest-20261005T141557Z-othercommit/environment/docker-info-S20261005T141557Z.json	GIT	8ba0a0ac77b173759c0e2b4c556cf2d8781295e04429f6dc84195b73de230320	9180	PRESENT	data/prover/d2/timed/SHA256SUMS	
data/prover/d2/timed/repo/build/campaigns/dryrun-resumetest-20261005T141557Z-othercommit/environment/docker-info-S20261005T142620Z.json	GIT	c0c4646e8397c87059083cc7e09b7723be197356ae3220059dae6af6dd846bd2	9179	PRESENT	data/prover/d2/timed/SHA256SUMS	
data/prover/d2/timed/repo/build/campaigns/dryrun-resumetest-20261005T141557Z-othercommit/environment/docker-info-S20261005T143431Z.json	GIT	1190e86263480837b6d503527730b79d063f8de91c43a6c794861eb3c4040beb	9180	PRESENT	data/prover/d2/timed/SHA256SUMS	
data/prover/d2/timed/repo/build/campaigns/dryrun-resumetest-20261005T141557Z-othercommit/environment/docker-info-S20261005T145746Z.json	GIT	86fcb9ab8d25f05da69095b9c288148bab54a30be6c868c39de828bf87c5b2ef	9180	PRESENT	data/prover/d2/timed/SHA256SUMS	
data/prover/d2/timed/repo/build/campaigns/dryrun-resumetest-20261005T141557Z-othercommit/environment/docker-version-S20261005T141557Z.json	GIT	976e6b3fd06cf4a028226ec8f3fa7df0cba3583752dcf8e7a226528b84dce015	1007	PRESENT	data/prover/d2/timed/SHA256SUMS	
data/prover/d2/timed/repo/build/campaigns/dryrun-resumetest-20261005T141557Z-othercommit/environment/docker-version-S20261005T142620Z.json	GIT	976e6b3fd06cf4a028226ec8f3fa7df0cba3583752dcf8e7a226528b84dce015	1007	PRESENT	data/prover/d2/timed/SHA256SUMS	
data/prover/d2/timed/repo/build/campaigns/dryrun-resumetest-20261005T141557Z-othercommit/environment/docker-version-S20261005T143431Z.json	GIT	976e6b3fd06cf4a028226ec8f3fa7df0cba3583752dcf8e7a226528b84dce015	1007	PRESENT	data/prover/d2/timed/SHA256SUMS	
data/prover/d2/timed/repo/build/campaigns/dryrun-resumetest-20261005T141557Z-othercommit/environment/docker-version-S20261005T145746Z.json	GIT	976e6b3fd06cf4a028226ec8f3fa7df0cba3583752dcf8e7a226528b84dce015	1007	PRESENT	data/prover/d2/timed/SHA256SUMS	
data/prover/d2/timed/repo/build/campaigns/dryrun-resumetest-20261005T141557Z-othercommit/environment/host-S20261005T141557Z.txt	GIT	910f2ef50d15e95ecc12985834c5d575ffb5bed7888c4702fee8e9d811aed1f7	741	PRESENT	data/prover/d2/timed/SHA256SUMS	
data/prover/d2/timed/repo/build/campaigns/dryrun-resumetest-20261005T141557Z-othercommit/environment/host-S20261005T142620Z.txt	GIT	f40c6d70b171f56143e38ac58f1b3c841b8ac8b7583007c49b02c7c01d25d53a	743	PRESENT	data/prover/d2/timed/SHA256SUMS	
data/prover/d2/timed/repo/build/campaigns/dryrun-resumetest-20261005T141557Z-othercommit/environment/host-S20261005T143431Z.txt	GIT	8db1c4b7ba85ead9d3afc57aa2c9988794f04e9b247f3b00ed5b9ba0d8d547c0	743	PRESENT	data/prover/d2/timed/SHA256SUMS	
data/prover/d2/timed/repo/build/campaigns/dryrun-resumetest-20261005T141557Z-othercommit/environment/host-S20261005T145746Z.txt	GIT	f6d868b8e6e00f4dd5a78415d86da8518c134c1c27cf34f73ff445ce26475364	743	PRESENT	data/prover/d2/timed/SHA256SUMS	
data/prover/d2/timed/repo/build/campaigns/dryrun-resumetest-20261005T141557Z-othercommit/environment/host-detail-S20261005T141557Z.txt	GIT	af8043a025d231a2b6440dbfa51a0c8d0e4b6d426cab9d227af25b75536a854a	4437	PRESENT	data/prover/d2/timed/SHA256SUMS	
data/prover/d2/timed/repo/build/campaigns/dryrun-resumetest-20261005T141557Z-othercommit/environment/host-detail-S20261005T142620Z.txt	GIT	da4251545a6911f9a03a6dabd19ee0d0d104485980cf314a6c80a35dde20d987	4437	PRESENT	data/prover/d2/timed/SHA256SUMS	
data/prover/d2/timed/repo/build/campaigns/dryrun-resumetest-20261005T141557Z-othercommit/environment/host-detail-S20261005T143431Z.txt	GIT	6e01d0f63d605c7c63fc66d0c2e38001387ba67c5a1db6e544f6c9088dc72af3	4437	PRESENT	data/prover/d2/timed/SHA256SUMS	
data/prover/d2/timed/repo/build/campaigns/dryrun-resumetest-20261005T141557Z-othercommit/environment/host-detail-S20261005T145746Z.txt	GIT	afe0a01978e029ea4e5730272e573e10a55de9d063cce4c791c61228970eacc7	4437	PRESENT	data/prover/d2/timed/SHA256SUMS	
data/prover/d2/timed/repo/build/campaigns/dryrun-resumetest-20261005T141557Z-othercommit/environment/host.txt	GIT	f6d868b8e6e00f4dd5a78415d86da8518c134c1c27cf34f73ff445ce26475364	743	PRESENT	data/prover/d2/timed/SHA256SUMS	
data/prover/d2/timed/repo/build/campaigns/dryrun-resumetest-20261005T141557Z-othercommit/environment/integrity-S20261005T141557Z.json	GIT	81b5de4f9e44c2f777e7aa6f5b2050d2837cc42e3b9c4c91fbcf01ddcc35e7d8	371	PRESENT	data/prover/d2/timed/SHA256SUMS	
data/prover/d2/timed/repo/build/campaigns/dryrun-resumetest-20261005T141557Z-othercommit/environment/integrity-S20261005T143431Z.json	GIT	27b676886d47f5f3ab967bac303c1dc03fdba5ffd7e2366703ce70d9aa3bc958	371	PRESENT	data/prover/d2/timed/SHA256SUMS	
data/prover/d2/timed/repo/build/campaigns/dryrun-resumetest-20261005T141557Z-othercommit/environment/integrity.json	GIT	27b676886d47f5f3ab967bac303c1dc03fdba5ffd7e2366703ce70d9aa3bc958	371	PRESENT	data/prover/d2/timed/SHA256SUMS	
data/prover/d2/timed/repo/build/campaigns/dryrun-resumetest-20261005T141557Z-othercommit/environment/manifest-after-S20261005T141557Z.txt	GIT	b5bbd96900ea8376723f209dfc71a93cfadd69693cf68e89a3df2b70db9c4ff3	11158	PRESENT	data/prover/d2/timed/SHA256SUMS	
data/prover/d2/timed/repo/build/campaigns/dryrun-resumetest-20261005T141557Z-othercommit/environment/manifest-after-S20261005T143431Z.txt	GIT	b5bbd96900ea8376723f209dfc71a93cfadd69693cf68e89a3df2b70db9c4ff3	11158	PRESENT	data/prover/d2/timed/SHA256SUMS	
data/prover/d2/timed/repo/build/campaigns/dryrun-resumetest-20261005T141557Z-othercommit/environment/manifest-before-S20261005T141557Z.txt	GIT	b5bbd96900ea8376723f209dfc71a93cfadd69693cf68e89a3df2b70db9c4ff3	11158	PRESENT	data/prover/d2/timed/SHA256SUMS	
data/prover/d2/timed/repo/build/campaigns/dryrun-resumetest-20261005T141557Z-othercommit/environment/manifest-before-S20261005T142620Z.txt	GIT	b5bbd96900ea8376723f209dfc71a93cfadd69693cf68e89a3df2b70db9c4ff3	11158	PRESENT	data/prover/d2/timed/SHA256SUMS	
data/prover/d2/timed/repo/build/campaigns/dryrun-resumetest-20261005T141557Z-othercommit/environment/manifest-before-S20261005T143431Z.txt	GIT	b5bbd96900ea8376723f209dfc71a93cfadd69693cf68e89a3df2b70db9c4ff3	11158	PRESENT	data/prover/d2/timed/SHA256SUMS	
data/prover/d2/timed/repo/build/campaigns/dryrun-resumetest-20261005T141557Z-othercommit/environment/manifest-before-S20261005T145746Z.txt	GIT	b5bbd96900ea8376723f209dfc71a93cfadd69693cf68e89a3df2b70db9c4ff3	11158	PRESENT	data/prover/d2/timed/SHA256SUMS	
data/prover/d2/timed/repo/build/campaigns/dryrun-resumetest-20261005T141557Z-othercommit/environment/preflight/S20261005T141557Z/control-mismatch.err	GIT	79a1068d8d06cd9a7564501aaad7429313e30c0a5dbf8d62fa1dd3d1396e0cd5	74	PRESENT	data/prover/d2/timed/SHA256SUMS	
data/prover/d2/timed/repo/build/campaigns/dryrun-resumetest-20261005T141557Z-othercommit/environment/preflight/S20261005T141557Z/control-mismatch.out	GIT	e3b0c44298fc1c149afbf4c8996fb92427ae41e4649b934ca495991b7852b855	0	PRESENT	data/prover/d2/timed/SHA256SUMS	
data/prover/d2/timed/repo/build/campaigns/dryrun-resumetest-20261005T141557Z-othercommit/environment/preflight/S20261005T141557Z/control-no-adapter.err	GIT	e3b0c44298fc1c149afbf4c8996fb92427ae41e4649b934ca495991b7852b855	0	PRESENT	data/prover/d2/timed/SHA256SUMS	
data/prover/d2/timed/repo/build/campaigns/dryrun-resumetest-20261005T141557Z-othercommit/environment/preflight/S20261005T141557Z/control-no-adapter.out	GIT	51de02c5d1a0ad1ea97780a96d14f237bd44d8bc21823f30888bcf0e30b2e142	1095	PRESENT	data/prover/d2/timed/SHA256SUMS	
data/prover/d2/timed/repo/build/campaigns/dryrun-resumetest-20261005T141557Z-othercommit/environment/preflight/S20261005T141557Z/control-quota-only.err	GIT	048142f28870c7c139f8df828848d7ccccbabce99d24badd8c4c6725f0c5d636	78	PRESENT	data/prover/d2/timed/SHA256SUMS	
data/prover/d2/timed/repo/build/campaigns/dryrun-resumetest-20261005T141557Z-othercommit/environment/preflight/S20261005T141557Z/control-quota-only.out	GIT	e3b0c44298fc1c149afbf4c8996fb92427ae41e4649b934ca495991b7852b855	0	PRESENT	data/prover/d2/timed/SHA256SUMS	
data/prover/d2/timed/repo/build/campaigns/dryrun-resumetest-20261005T141557Z-othercommit/environment/preflight/S20261005T141557Z/controls-exit.txt	GIT	3454e7ce5a045622ed2a6093428139c6438d620781102d7b0e610c3e11901592	46	PRESENT	data/prover/d2/timed/SHA256SUMS	
data/prover/d2/timed/repo/build/campaigns/dryrun-resumetest-20261005T141557Z-othercommit/environment/preflight/S20261005T141557Z/controls.json	GIT	87ad74bdf32ab874853c229675bb443a565cd269e7ac25782238a51ab49b4416	750	PRESENT	data/prover/d2/timed/SHA256SUMS	
data/prover/d2/timed/repo/build/campaigns/dryrun-resumetest-20261005T141557Z-othercommit/environment/preflight/S20261005T141557Z/profile-cpu2.json	GIT	ff1470e4aaeae1ee7026cf361e41d5a6c4f0462ec1471108b7f239b34ea79819	4127	PRESENT	data/prover/d2/timed/SHA256SUMS	
data/prover/d2/timed/repo/build/campaigns/dryrun-resumetest-20261005T141557Z-othercommit/environment/preflight/S20261005T141557Z/profile-cpu4.json	GIT	54e51d5c45cdfcddbc53c5536833a01ac57cd74434d27bc54bfa62292d664f89	4149	PRESENT	data/prover/d2/timed/SHA256SUMS	
data/prover/d2/timed/repo/build/campaigns/dryrun-resumetest-20261005T141557Z-othercommit/environment/preflight/S20261005T141557Z/profile-cpu8.json	GIT	dbf5e8b526b8f4a6e56259a194b71813e8dc968d8811c2f4ee9af6e49f3d417e	4193	PRESENT	data/prover/d2/timed/SHA256SUMS	
data/prover/d2/timed/repo/build/campaigns/dryrun-resumetest-20261005T141557Z-othercommit/environment/preflight/S20261005T142620Z/control-mismatch.err	GIT	79a1068d8d06cd9a7564501aaad7429313e30c0a5dbf8d62fa1dd3d1396e0cd5	74	PRESENT	data/prover/d2/timed/SHA256SUMS	
data/prover/d2/timed/repo/build/campaigns/dryrun-resumetest-20261005T141557Z-othercommit/environment/preflight/S20261005T142620Z/control-mismatch.out	GIT	e3b0c44298fc1c149afbf4c8996fb92427ae41e4649b934ca495991b7852b855	0	PRESENT	data/prover/d2/timed/SHA256SUMS	
data/prover/d2/timed/repo/build/campaigns/dryrun-resumetest-20261005T141557Z-othercommit/environment/preflight/S20261005T142620Z/control-no-adapter.err	GIT	e3b0c44298fc1c149afbf4c8996fb92427ae41e4649b934ca495991b7852b855	0	PRESENT	data/prover/d2/timed/SHA256SUMS	
data/prover/d2/timed/repo/build/campaigns/dryrun-resumetest-20261005T141557Z-othercommit/environment/preflight/S20261005T142620Z/control-no-adapter.out	GIT	0536b606faa2c5d2fa3fe5932eaec9356b22d20860763011eb5f9c3d091e27de	1095	PRESENT	data/prover/d2/timed/SHA256SUMS	
data/prover/d2/timed/repo/build/campaigns/dryrun-resumetest-20261005T141557Z-othercommit/environment/preflight/S20261005T142620Z/control-quota-only.err	GIT	048142f28870c7c139f8df828848d7ccccbabce99d24badd8c4c6725f0c5d636	78	PRESENT	data/prover/d2/timed/SHA256SUMS	
data/prover/d2/timed/repo/build/campaigns/dryrun-resumetest-20261005T141557Z-othercommit/environment/preflight/S20261005T142620Z/control-quota-only.out	GIT	e3b0c44298fc1c149afbf4c8996fb92427ae41e4649b934ca495991b7852b855	0	PRESENT	data/prover/d2/timed/SHA256SUMS	
data/prover/d2/timed/repo/build/campaigns/dryrun-resumetest-20261005T141557Z-othercommit/environment/preflight/S20261005T142620Z/controls-exit.txt	GIT	3454e7ce5a045622ed2a6093428139c6438d620781102d7b0e610c3e11901592	46	PRESENT	data/prover/d2/timed/SHA256SUMS	
data/prover/d2/timed/repo/build/campaigns/dryrun-resumetest-20261005T141557Z-othercommit/environment/preflight/S20261005T142620Z/controls.json	GIT	a9d836481247ef321828d3de7f317ea12508111ff4263bf79e1f4d332f43c8f3	750	PRESENT	data/prover/d2/timed/SHA256SUMS	
data/prover/d2/timed/repo/build/campaigns/dryrun-resumetest-20261005T141557Z-othercommit/environment/preflight/S20261005T142620Z/profile-cpu2.json	GIT	9b2fc02779da5d2fa57ca14fcb53da8678c1c06368d0426624a7549a7a174c7a	4127	PRESENT	data/prover/d2/timed/SHA256SUMS	
data/prover/d2/timed/repo/build/campaigns/dryrun-resumetest-20261005T141557Z-othercommit/environment/preflight/S20261005T142620Z/profile-cpu4.json	GIT	bccf77246a48b0b6490f220f7855660a72d6ca81513654332ea5ba1341bfd265	4149	PRESENT	data/prover/d2/timed/SHA256SUMS	
data/prover/d2/timed/repo/build/campaigns/dryrun-resumetest-20261005T141557Z-othercommit/environment/preflight/S20261005T142620Z/profile-cpu8.json	GIT	d97421deec3e192a51d390bcc0fce583dde0f3200c46d94dbcf84e026ed4ac44	4194	PRESENT	data/prover/d2/timed/SHA256SUMS	
data/prover/d2/timed/repo/build/campaigns/dryrun-resumetest-20261005T141557Z-othercommit/environment/preflight/S20261005T143431Z/control-mismatch.err	GIT	79a1068d8d06cd9a7564501aaad7429313e30c0a5dbf8d62fa1dd3d1396e0cd5	74	PRESENT	data/prover/d2/timed/SHA256SUMS	
data/prover/d2/timed/repo/build/campaigns/dryrun-resumetest-20261005T141557Z-othercommit/environment/preflight/S20261005T143431Z/control-mismatch.out	GIT	e3b0c44298fc1c149afbf4c8996fb92427ae41e4649b934ca495991b7852b855	0	PRESENT	data/prover/d2/timed/SHA256SUMS	
data/prover/d2/timed/repo/build/campaigns/dryrun-resumetest-20261005T141557Z-othercommit/environment/preflight/S20261005T143431Z/control-no-adapter.err	GIT	e3b0c44298fc1c149afbf4c8996fb92427ae41e4649b934ca495991b7852b855	0	PRESENT	data/prover/d2/timed/SHA256SUMS	
data/prover/d2/timed/repo/build/campaigns/dryrun-resumetest-20261005T141557Z-othercommit/environment/preflight/S20261005T143431Z/control-no-adapter.out	GIT	6ff0516ccf4267f100fae80209458669d8575759b127ff406c39eb3581440672	1095	PRESENT	data/prover/d2/timed/SHA256SUMS	
data/prover/d2/timed/repo/build/campaigns/dryrun-resumetest-20261005T141557Z-othercommit/environment/preflight/S20261005T143431Z/control-quota-only.err	GIT	048142f28870c7c139f8df828848d7ccccbabce99d24badd8c4c6725f0c5d636	78	PRESENT	data/prover/d2/timed/SHA256SUMS	
data/prover/d2/timed/repo/build/campaigns/dryrun-resumetest-20261005T141557Z-othercommit/environment/preflight/S20261005T143431Z/control-quota-only.out	GIT	e3b0c44298fc1c149afbf4c8996fb92427ae41e4649b934ca495991b7852b855	0	PRESENT	data/prover/d2/timed/SHA256SUMS	
data/prover/d2/timed/repo/build/campaigns/dryrun-resumetest-20261005T141557Z-othercommit/environment/preflight/S20261005T143431Z/controls-exit.txt	GIT	3454e7ce5a045622ed2a6093428139c6438d620781102d7b0e610c3e11901592	46	PRESENT	data/prover/d2/timed/SHA256SUMS	
data/prover/d2/timed/repo/build/campaigns/dryrun-resumetest-20261005T141557Z-othercommit/environment/preflight/S20261005T143431Z/controls.json	GIT	0530127488cc30b827856c53a4005080b7cb99de5150d40a00643f7f28f19a84	750	PRESENT	data/prover/d2/timed/SHA256SUMS	
data/prover/d2/timed/repo/build/campaigns/dryrun-resumetest-20261005T141557Z-othercommit/environment/preflight/S20261005T143431Z/profile-cpu2.json	GIT	d5061561f37574ebba1fec0ebe1d14bcab243cb04becf7556105348c82696775	4127	PRESENT	data/prover/d2/timed/SHA256SUMS	
data/prover/d2/timed/repo/build/campaigns/dryrun-resumetest-20261005T141557Z-othercommit/environment/preflight/S20261005T143431Z/profile-cpu4.json	GIT	158aaca285490344b0d426142f088cf657c702e0aa9677578f6d7bc1273db771	4149	PRESENT	data/prover/d2/timed/SHA256SUMS	
data/prover/d2/timed/repo/build/campaigns/dryrun-resumetest-20261005T141557Z-othercommit/environment/preflight/S20261005T143431Z/profile-cpu8.json	GIT	889835b6865319282e811a18feb3dd58157a209baec35afa3e8cc0478e46d8c4	4193	PRESENT	data/prover/d2/timed/SHA256SUMS	
data/prover/d2/timed/repo/build/campaigns/dryrun-resumetest-20261005T141557Z-othercommit/environment/quiet-selftest-S20261005T141557Z.txt	GIT	6f7f116b2b60936b6d0b3abe96cb303587a3ea12ec736676426277c6df6b359a	352	PRESENT	data/prover/d2/timed/SHA256SUMS	
data/prover/d2/timed/repo/build/campaigns/dryrun-resumetest-20261005T141557Z-othercommit/environment/quiet-selftest-S20261005T142620Z.txt	GIT	6f7f116b2b60936b6d0b3abe96cb303587a3ea12ec736676426277c6df6b359a	352	PRESENT	data/prover/d2/timed/SHA256SUMS	
data/prover/d2/timed/repo/build/campaigns/dryrun-resumetest-20261005T141557Z-othercommit/environment/quiet-selftest-S20261005T143431Z.txt	GIT	6f7f116b2b60936b6d0b3abe96cb303587a3ea12ec736676426277c6df6b359a	352	PRESENT	data/prover/d2/timed/SHA256SUMS	
data/prover/d2/timed/repo/build/campaigns/dryrun-resumetest-20261005T141557Z-othercommit/environment/quiet-selftest-S20261005T145746Z.txt	GIT	6f7f116b2b60936b6d0b3abe96cb303587a3ea12ec736676426277c6df6b359a	352	PRESENT	data/prover/d2/timed/SHA256SUMS	
data/prover/d2/timed/repo/build/campaigns/dryrun-resumetest-20261005T141557Z-othercommit/environment/quiet/S20261005T141557Z/c0001-during.json	GIT	41581749efe828bd4d1f5e5ccfff5008eee626fdac7493f98c892f5bb611b5d9	595	PRESENT	data/prover/d2/timed/SHA256SUMS	
data/prover/d2/timed/repo/build/campaigns/dryrun-resumetest-20261005T141557Z-othercommit/environment/quiet/S20261005T141557Z/c0001-pre-a.json	GIT	40d8d9abcf9421f5ed2d838e6a58a7e701d95453fb4e8ec9b67af2a66fd02c00	7023	PRESENT	data/prover/d2/timed/SHA256SUMS	
data/prover/d2/timed/repo/build/campaigns/dryrun-resumetest-20261005T141557Z-othercommit/environment/quiet/S20261005T141557Z/c0001-pre-b.json	GIT	3b477f2c04aa5c7bb45aaf8b50ffa44bad0271c292c73ba858412c1d0deaa4a6	7022	PRESENT	data/prover/d2/timed/SHA256SUMS	
data/prover/d2/timed/repo/build/campaigns/dryrun-resumetest-20261005T141557Z-othercommit/environment/quiet/S20261005T141557Z/c0001-pre.json	GIT	3fe28908d7871262c8272cd38a0af299e715c7d4d234cb5e7f5cee96b213c2e7	591	PRESENT	data/prover/d2/timed/SHA256SUMS	
data/prover/d2/timed/repo/build/campaigns/dryrun-resumetest-20261005T141557Z-othercommit/environment/quiet/S20261005T141557Z/c0001-run-a.json	GIT	b5da39f76a6a8e990dc4930ec6674dc219320fa46f34290a9d6246e5bab46905	7023	PRESENT	data/prover/d2/timed/SHA256SUMS	
data/prover/d2/timed/repo/build/campaigns/dryrun-resumetest-20261005T141557Z-othercommit/environment/quiet/S20261005T141557Z/c0001-run-b.json	GIT	6ab4e8c1892e22b912cf0188f2c1c385f53aec81e5fcf13a4335280fe4d6dce9	7023	PRESENT	data/prover/d2/timed/SHA256SUMS	
data/prover/d2/timed/repo/build/campaigns/dryrun-resumetest-20261005T141557Z-othercommit/environment/quiet/S20261005T141557Z/c0002-during.json	GIT	a4d22cbb8a5128c95d4d4e02c46ddf405504b4a964fe911a0958015d4949be23	577	PRESENT	data/prover/d2/timed/SHA256SUMS	
data/prover/d2/timed/repo/build/campaigns/dryrun-resumetest-20261005T141557Z-othercommit/environment/quiet/S20261005T141557Z/c0002-pre-a.json	GIT	91132e5d7f27c46fa989ed530770cd4a0687ec8ae5b46cea652916dfdc436ad8	7022	PRESENT	data/prover/d2/timed/SHA256SUMS	
data/prover/d2/timed/repo/build/campaigns/dryrun-resumetest-20261005T141557Z-othercommit/environment/quiet/S20261005T141557Z/c0002-pre-b.json	GIT	21af145ef02692c272fc485552586de4d8cc52ee46ca012a25af9fb917856b53	7023	PRESENT	data/prover/d2/timed/SHA256SUMS	
data/prover/d2/timed/repo/build/campaigns/dryrun-resumetest-20261005T141557Z-othercommit/environment/quiet/S20261005T141557Z/c0002-pre.json	GIT	091a96df90e82f2d870abf2103b93d4db02f8d1fccb6dae8a09cfc9e0a1081e1	570	PRESENT	data/prover/d2/timed/SHA256SUMS	
data/prover/d2/timed/repo/build/campaigns/dryrun-resumetest-20261005T141557Z-othercommit/environment/quiet/S20261005T141557Z/c0002-run-a.json	GIT	9f33e2d476d555f5259a4aa45fa2274d2a28afa4be9884ca76c6c43290077418	7023	PRESENT	data/prover/d2/timed/SHA256SUMS	
data/prover/d2/timed/repo/build/campaigns/dryrun-resumetest-20261005T141557Z-othercommit/environment/quiet/S20261005T141557Z/c0002-run-b.json	GIT	0364fc2f30b93a95da1425c9bbd882f9679935a72ea80948f11791f09afa7691	7023	PRESENT	data/prover/d2/timed/SHA256SUMS	
data/prover/d2/timed/repo/build/campaigns/dryrun-resumetest-20261005T141557Z-othercommit/environment/quiet/S20261005T141557Z/c0003-during.json	GIT	5ac723446f45ed4275eb173e0d7035ba85f89257053919ab2c47f54840e1b3dc	582	PRESENT	data/prover/d2/timed/SHA256SUMS	
data/prover/d2/timed/repo/build/campaigns/dryrun-resumetest-20261005T141557Z-othercommit/environment/quiet/S20261005T141557Z/c0003-pre-a.json	GIT	4f2dae354902f24c52cab3d4affadfd51ab8f9b98f49b426003697ed2fbc88cd	7023	PRESENT	data/prover/d2/timed/SHA256SUMS	
data/prover/d2/timed/repo/build/campaigns/dryrun-resumetest-20261005T141557Z-othercommit/environment/quiet/S20261005T141557Z/c0003-pre-b.json	GIT	6f2ae22973dd1bca611ca49aad311370a904525f94811db962dd03cdc2997971	7023	PRESENT	data/prover/d2/timed/SHA256SUMS	
data/prover/d2/timed/repo/build/campaigns/dryrun-resumetest-20261005T141557Z-othercommit/environment/quiet/S20261005T141557Z/c0003-pre.json	GIT	fb661fbdabb3e8ebaa1f03585d3af16ceaf7304643f3aeabd442733496e870ec	576	PRESENT	data/prover/d2/timed/SHA256SUMS	
data/prover/d2/timed/repo/build/campaigns/dryrun-resumetest-20261005T141557Z-othercommit/environment/quiet/S20261005T141557Z/c0003-run-a.json	GIT	bc5876fdd551e5267ae0f9acf0eacfcae5af2eceb3346e037928046ec140528c	7023	PRESENT	data/prover/d2/timed/SHA256SUMS	
data/prover/d2/timed/repo/build/campaigns/dryrun-resumetest-20261005T141557Z-othercommit/environment/quiet/S20261005T141557Z/c0003-run-b.json	GIT	31dcf88c3bb1aff1bedfbeb09dd0ba73b8e9bdbf375f5aa9c083eed52d583b11	7022	PRESENT	data/prover/d2/timed/SHA256SUMS	
data/prover/d2/timed/repo/build/campaigns/dryrun-resumetest-20261005T141557Z-othercommit/environment/quiet/S20261005T141557Z/session-a.json	GIT	d3ced16d945c70ad154ec7e11bc1850ce0915ad2028fd3186ceaa034d8d9e086	7022	PRESENT	data/prover/d2/timed/SHA256SUMS	
data/prover/d2/timed/repo/build/campaigns/dryrun-resumetest-20261005T141557Z-othercommit/environment/quiet/S20261005T141557Z/session-b.json	GIT	beb220f11cd9f9c648641734ebfbee6c0a60f90e51cafd7c56d425558d776d68	7020	PRESENT	data/prover/d2/timed/SHA256SUMS	
data/prover/d2/timed/repo/build/campaigns/dryrun-resumetest-20261005T141557Z-othercommit/environment/quiet/S20261005T141557Z/session-check.json	GIT	ac40babb3c90e7d4953e1536c409a04f3f4c1a381d7b1c98709fb784eee7f7d1	583	PRESENT	data/prover/d2/timed/SHA256SUMS	
data/prover/d2/timed/repo/build/campaigns/dryrun-resumetest-20261005T141557Z-othercommit/environment/quiet/S20261005T142620Z/c0001-during.json	GIT	f467914b486d6ee7b783e04cf4db5ca8769c156e10e752095f1bdadb855c765a	583	PRESENT	data/prover/d2/timed/SHA256SUMS	
data/prover/d2/timed/repo/build/campaigns/dryrun-resumetest-20261005T141557Z-othercommit/environment/quiet/S20261005T142620Z/c0001-pre-a.json	GIT	912d91431c4f0f519d61bdd80b507d7350df4b8e37123c7886314f057a06334b	7022	PRESENT	data/prover/d2/timed/SHA256SUMS	
data/prover/d2/timed/repo/build/campaigns/dryrun-resumetest-20261005T141557Z-othercommit/environment/quiet/S20261005T142620Z/c0001-pre-b.json	GIT	48e753d4f959956173acb215a8d3b920961c93e0e59092410c9468363f4aa788	7023	PRESENT	data/prover/d2/timed/SHA256SUMS	
data/prover/d2/timed/repo/build/campaigns/dryrun-resumetest-20261005T141557Z-othercommit/environment/quiet/S20261005T142620Z/c0001-pre.json	GIT	1e0c3967fb3e21da7715b5efbfac75e92c418a78b97662b87b6e016885b2fd54	579	PRESENT	data/prover/d2/timed/SHA256SUMS	
data/prover/d2/timed/repo/build/campaigns/dryrun-resumetest-20261005T141557Z-othercommit/environment/quiet/S20261005T142620Z/c0001-run-a.json	GIT	58204c5890a01fac88b763fe90443c974ff98d33ebb001e28846a4399d6d30cb	7021	PRESENT	data/prover/d2/timed/SHA256SUMS	
data/prover/d2/timed/repo/build/campaigns/dryrun-resumetest-20261005T141557Z-othercommit/environment/quiet/S20261005T142620Z/c0001-run-b.json	GIT	dcb3751c45f575edabf58fba18e0388a7e7a2025e10004320cbcc28b93a1d442	7023	PRESENT	data/prover/d2/timed/SHA256SUMS	
data/prover/d2/timed/repo/build/campaigns/dryrun-resumetest-20261005T141557Z-othercommit/environment/quiet/S20261005T142620Z/session-a.json	GIT	515667e74bcd7e13626ce56d2ad93787fca4d3e732bb00d290da51bc7a8fed41	7023	PRESENT	data/prover/d2/timed/SHA256SUMS	
data/prover/d2/timed/repo/build/campaigns/dryrun-resumetest-20261005T141557Z-othercommit/environment/quiet/S20261005T142620Z/session-b.json	GIT	e11b2192cea9eef622096d5f1669a909ce1ad4d6a2fd7ba26a294c26489d5b91	7023	PRESENT	data/prover/d2/timed/SHA256SUMS	
data/prover/d2/timed/repo/build/campaigns/dryrun-resumetest-20261005T141557Z-othercommit/environment/quiet/S20261005T142620Z/session-check.json	GIT	a67d66f644beec4d1d48a3e0b9f314ba3b8c584ea5b02d625f9add9d8dffec0b	591	PRESENT	data/prover/d2/timed/SHA256SUMS	
data/prover/d2/timed/repo/build/campaigns/dryrun-resumetest-20261005T141557Z-othercommit/environment/quiet/S20261005T143431Z/c0001-during.json	GIT	a1966944377caacc004245377471ccb4ca3a6c4cbb16d6bde90f2f773e2cb411	581	PRESENT	data/prover/d2/timed/SHA256SUMS	
data/prover/d2/timed/repo/build/campaigns/dryrun-resumetest-20261005T141557Z-othercommit/environment/quiet/S20261005T143431Z/c0001-pre-a.json	GIT	742e380141f540e1566db2de30e0ee9bdfdd58e7a547662f6c885dfb3f88ca87	7023	PRESENT	data/prover/d2/timed/SHA256SUMS	
data/prover/d2/timed/repo/build/campaigns/dryrun-resumetest-20261005T141557Z-othercommit/environment/quiet/S20261005T143431Z/c0001-pre-b.json	GIT	419319b93923eaf29732d96412d55b0b6bd2fc22e2fdd1aafbca828f276e3161	7023	PRESENT	data/prover/d2/timed/SHA256SUMS	
data/prover/d2/timed/repo/build/campaigns/dryrun-resumetest-20261005T141557Z-othercommit/environment/quiet/S20261005T143431Z/c0001-pre.json	GIT	80c0ed860883186109647aa8026b5453e1563f55ce949d62b4fd8edde38c0eb1	576	PRESENT	data/prover/d2/timed/SHA256SUMS	
data/prover/d2/timed/repo/build/campaigns/dryrun-resumetest-20261005T141557Z-othercommit/environment/quiet/S20261005T143431Z/c0001-run-a.json	GIT	f22efebbf56712370fff046f9d4d78c744a186fce96567c7ffbf4c75c27ff945	7020	PRESENT	data/prover/d2/timed/SHA256SUMS	
data/prover/d2/timed/repo/build/campaigns/dryrun-resumetest-20261005T141557Z-othercommit/environment/quiet/S20261005T143431Z/c0001-run-b.json	GIT	6cdefc27e0e1b021953f69431e6e8c88ec89b47d58261d9f7bc230e3a7d84dba	7021	PRESENT	data/prover/d2/timed/SHA256SUMS	
data/prover/d2/timed/repo/build/campaigns/dryrun-resumetest-20261005T141557Z-othercommit/environment/quiet/S20261005T143431Z/c0002-during.json	GIT	f21347ce30ce2acbab8e620a7c6b8fabb232b84f7e3e9aa68f3103a7618da70e	594	PRESENT	data/prover/d2/timed/SHA256SUMS	
data/prover/d2/timed/repo/build/campaigns/dryrun-resumetest-20261005T141557Z-othercommit/environment/quiet/S20261005T143431Z/c0002-pre-a.json	GIT	4e00a80bbb0efd61e9ebd0f1d3da2b1fa0ce4e00964ed00eea4dc0f2fb8e3019	7023	PRESENT	data/prover/d2/timed/SHA256SUMS	
data/prover/d2/timed/repo/build/campaigns/dryrun-resumetest-20261005T141557Z-othercommit/environment/quiet/S20261005T143431Z/c0002-pre-b.json	GIT	22cbfd849eeb0a48653c99ac6c64f17d0628a590cf7fe9051e084f5f76247c84	7023	PRESENT	data/prover/d2/timed/SHA256SUMS	
data/prover/d2/timed/repo/build/campaigns/dryrun-resumetest-20261005T141557Z-othercommit/environment/quiet/S20261005T143431Z/c0002-pre.json	GIT	6aa9e43a4bf9aa218c26f271f792df99a0946ff78c2d7ba794799677808985d4	588	PRESENT	data/prover/d2/timed/SHA256SUMS	
data/prover/d2/timed/repo/build/campaigns/dryrun-resumetest-20261005T141557Z-othercommit/environment/quiet/S20261005T143431Z/c0002-run-a.json	GIT	dcb9cfea3601c13531b9c11caf8fffd4fdf0ba72956e37bcf1b8f8d0051c45ce	7021	PRESENT	data/prover/d2/timed/SHA256SUMS	
data/prover/d2/timed/repo/build/campaigns/dryrun-resumetest-20261005T141557Z-othercommit/environment/quiet/S20261005T143431Z/c0002-run-b.json	GIT	7937a753029ddde77bf07d5378ebcc503b6acf31e0d19ea8e018ef70608c1a57	7022	PRESENT	data/prover/d2/timed/SHA256SUMS	
data/prover/d2/timed/repo/build/campaigns/dryrun-resumetest-20261005T141557Z-othercommit/environment/quiet/S20261005T143431Z/c0003-during.json	GIT	91db7fcaab3754a0966e4812b2d7f32d2f00e11261d482e97b3b27e6f0a49156	575	PRESENT	data/prover/d2/timed/SHA256SUMS	
data/prover/d2/timed/repo/build/campaigns/dryrun-resumetest-20261005T141557Z-othercommit/environment/quiet/S20261005T143431Z/c0003-pre-a.json	GIT	5bf44990611549c0308bfe13190903934d16f410f96407091bff2baada1ac6d6	7023	PRESENT	data/prover/d2/timed/SHA256SUMS	
data/prover/d2/timed/repo/build/campaigns/dryrun-resumetest-20261005T141557Z-othercommit/environment/quiet/S20261005T143431Z/c0003-pre-b.json	GIT	e9e93cffd6bedba2a3d1276adeda50cd83100cc9505c7a999c8e6010472add21	7023	PRESENT	data/prover/d2/timed/SHA256SUMS	
data/prover/d2/timed/repo/build/campaigns/dryrun-resumetest-20261005T141557Z-othercommit/environment/quiet/S20261005T143431Z/c0003-pre.json	GIT	585abcb34c97eb0cabfd144ef66b71b4b0316e0c38515a129a4e111a8fe46a48	567	PRESENT	data/prover/d2/timed/SHA256SUMS	
data/prover/d2/timed/repo/build/campaigns/dryrun-resumetest-20261005T141557Z-othercommit/environment/quiet/S20261005T143431Z/c0003-run-a.json	GIT	64a95d2c425a18eab9a0657668f3511edd49f68653578c1190333139a41d7daf	7023	PRESENT	data/prover/d2/timed/SHA256SUMS	
data/prover/d2/timed/repo/build/campaigns/dryrun-resumetest-20261005T141557Z-othercommit/environment/quiet/S20261005T143431Z/c0003-run-b.json	GIT	e54367a3587d648d887b146d791dc680c57a7b790ce8727cf88228f264cb5c66	7021	PRESENT	data/prover/d2/timed/SHA256SUMS	
data/prover/d2/timed/repo/build/campaigns/dryrun-resumetest-20261005T141557Z-othercommit/environment/quiet/S20261005T143431Z/c0004-during.json	GIT	13c077011b2a3bebf05bf2836318c5ecb8dd2c839404e388c6cdfd246d239e2b	577	PRESENT	data/prover/d2/timed/SHA256SUMS	
data/prover/d2/timed/repo/build/campaigns/dryrun-resumetest-20261005T141557Z-othercommit/environment/quiet/S20261005T143431Z/c0004-pre-a.json	GIT	e99c228ad2981584f165758601f59bfc91f2147bcf653d9ac064991ede2da5ff	7021	PRESENT	data/prover/d2/timed/SHA256SUMS	
data/prover/d2/timed/repo/build/campaigns/dryrun-resumetest-20261005T141557Z-othercommit/environment/quiet/S20261005T143431Z/c0004-pre-b.json	GIT	9f4b402f8e044ef82386a9e195d68c0197559ae61d834d8a7315da9caedc8da1	7022	PRESENT	data/prover/d2/timed/SHA256SUMS	
data/prover/d2/timed/repo/build/campaigns/dryrun-resumetest-20261005T141557Z-othercommit/environment/quiet/S20261005T143431Z/c0004-pre.json	GIT	972528a6d38c015769e964aecc0a0d1657c62137530033dea2f193473fffbe06	566	PRESENT	data/prover/d2/timed/SHA256SUMS	
data/prover/d2/timed/repo/build/campaigns/dryrun-resumetest-20261005T141557Z-othercommit/environment/quiet/S20261005T143431Z/c0004-run-a.json	GIT	93af655b8cb1679c2a585f782029d88823ad548fcfe1c752ef965fbc9f78e86c	7023	PRESENT	data/prover/d2/timed/SHA256SUMS	
data/prover/d2/timed/repo/build/campaigns/dryrun-resumetest-20261005T141557Z-othercommit/environment/quiet/S20261005T143431Z/c0004-run-b.json	GIT	8fddf8e3d7c8dd4ca3911c47683f64159a2977d610a8f977647cd044c60663ec	7023	PRESENT	data/prover/d2/timed/SHA256SUMS	
data/prover/d2/timed/repo/build/campaigns/dryrun-resumetest-20261005T141557Z-othercommit/environment/quiet/S20261005T143431Z/c0005-during.json	GIT	914256c149746d4630b1143efe2cd0077935c35b37d9845fc8d753e67af5dbcb	581	PRESENT	data/prover/d2/timed/SHA256SUMS	
data/prover/d2/timed/repo/build/campaigns/dryrun-resumetest-20261005T141557Z-othercommit/environment/quiet/S20261005T143431Z/c0005-pre-a.json	GIT	7325efb8a120e0ec747a99596822b9905baf6bf011514d2321b8a1dec342a49b	7023	PRESENT	data/prover/d2/timed/SHA256SUMS	
data/prover/d2/timed/repo/build/campaigns/dryrun-resumetest-20261005T141557Z-othercommit/environment/quiet/S20261005T143431Z/c0005-pre-b.json	GIT	f7098809ad5fe0a34a2a2f4c3f29bd71833d6deb9292b3b83930095ec9b09d54	7022	PRESENT	data/prover/d2/timed/SHA256SUMS	
data/prover/d2/timed/repo/build/campaigns/dryrun-resumetest-20261005T141557Z-othercommit/environment/quiet/S20261005T143431Z/c0005-pre.json	GIT	992cd912a5902cf278c8019c09c9ea61af6f07a0259ceba5364af619e3ce0960	572	PRESENT	data/prover/d2/timed/SHA256SUMS	
data/prover/d2/timed/repo/build/campaigns/dryrun-resumetest-20261005T141557Z-othercommit/environment/quiet/S20261005T143431Z/c0005-run-a.json	GIT	96ca5b84a962aabf44071f163ec6c7fcecce769d8f18940fa6b8b14a9907bc97	7023	PRESENT	data/prover/d2/timed/SHA256SUMS	
data/prover/d2/timed/repo/build/campaigns/dryrun-resumetest-20261005T141557Z-othercommit/environment/quiet/S20261005T143431Z/c0005-run-b.json	GIT	b4fa15bd3d43f42d7c54da40e3db8f4727c1a5cdb8b2768ade906d54113245df	7020	PRESENT	data/prover/d2/timed/SHA256SUMS	
data/prover/d2/timed/repo/build/campaigns/dryrun-resumetest-20261005T141557Z-othercommit/environment/quiet/S20261005T143431Z/c0006-during.json	GIT	4e7861acf2d2be37c128d7bd1ca3cbb9bbe33aeb87473b945d027bc2d572426e	593	PRESENT	data/prover/d2/timed/SHA256SUMS	
data/prover/d2/timed/repo/build/campaigns/dryrun-resumetest-20261005T141557Z-othercommit/environment/quiet/S20261005T143431Z/c0006-pre-a.json	GIT	35629ba31f68341fe65948e1ff7eefd9082b44e94d0d66693023382a9a26ec1e	7021	PRESENT	data/prover/d2/timed/SHA256SUMS	
data/prover/d2/timed/repo/build/campaigns/dryrun-resumetest-20261005T141557Z-othercommit/environment/quiet/S20261005T143431Z/c0006-pre-b.json	GIT	99f3990cb97c45bbf830c083c1fed126c141ee8da26f86d17a482c0d08a4e2a0	7021	PRESENT	data/prover/d2/timed/SHA256SUMS	
data/prover/d2/timed/repo/build/campaigns/dryrun-resumetest-20261005T141557Z-othercommit/environment/quiet/S20261005T143431Z/c0006-pre.json	GIT	c7aef4b8539e4d949d218cbe0694567fc151521765e765479eab7e8668ed172a	590	PRESENT	data/prover/d2/timed/SHA256SUMS	
data/prover/d2/timed/repo/build/campaigns/dryrun-resumetest-20261005T141557Z-othercommit/environment/quiet/S20261005T143431Z/c0006-run-a.json	GIT	47e07e47ee478b1f32ba669f25047561c97c23e2de87e1f45617ec30020ca7f8	7022	PRESENT	data/prover/d2/timed/SHA256SUMS	
data/prover/d2/timed/repo/build/campaigns/dryrun-resumetest-20261005T141557Z-othercommit/environment/quiet/S20261005T143431Z/c0006-run-b.json	GIT	dc0afaa1a54a278a0ba04654750f37669d40c16d765d84718040b86436f74043	7021	PRESENT	data/prover/d2/timed/SHA256SUMS	
data/prover/d2/timed/repo/build/campaigns/dryrun-resumetest-20261005T141557Z-othercommit/environment/quiet/S20261005T143431Z/c0007-during.json	GIT	3fc1f4d889af5b798198c2d75a41363ee9ddb2a1a4a497557becf14817f7a770	576	PRESENT	data/prover/d2/timed/SHA256SUMS	
data/prover/d2/timed/repo/build/campaigns/dryrun-resumetest-20261005T141557Z-othercommit/environment/quiet/S20261005T143431Z/c0007-pre-a.json	GIT	0958c2c38aef8ab49806fdc7cbab159f547cdb017348d71571535036522fbce9	7023	PRESENT	data/prover/d2/timed/SHA256SUMS	
data/prover/d2/timed/repo/build/campaigns/dryrun-resumetest-20261005T141557Z-othercommit/environment/quiet/S20261005T143431Z/c0007-pre-b.json	GIT	e28517b5daf294f5452246c1474c4c8bcf1e65b89a4b28a4d9dcd9725c996677	7023	PRESENT	data/prover/d2/timed/SHA256SUMS	
data/prover/d2/timed/repo/build/campaigns/dryrun-resumetest-20261005T141557Z-othercommit/environment/quiet/S20261005T143431Z/c0007-pre.json	GIT	ab96b0523f37e9af22440c0b6c5a714795c6e0261555bda188dbd4d5b78091b4	567	PRESENT	data/prover/d2/timed/SHA256SUMS	
data/prover/d2/timed/repo/build/campaigns/dryrun-resumetest-20261005T141557Z-othercommit/environment/quiet/S20261005T143431Z/c0007-run-a.json	GIT	d368a5f92893fb7d94748087bce573f9879dd2a6f56cf1953c46dce914381534	7023	PRESENT	data/prover/d2/timed/SHA256SUMS	
data/prover/d2/timed/repo/build/campaigns/dryrun-resumetest-20261005T141557Z-othercommit/environment/quiet/S20261005T143431Z/c0007-run-b.json	GIT	9e237e39bf1b01456d6eb4bc2fe9564b45238cfbc95e1c5c0d4c61f5d72bf848	7022	PRESENT	data/prover/d2/timed/SHA256SUMS	
data/prover/d2/timed/repo/build/campaigns/dryrun-resumetest-20261005T141557Z-othercommit/environment/quiet/S20261005T143431Z/c0008-during.json	GIT	abcbecd521b5f8e58f514ef274c892b8a760cc33327b282e59a8126736951974	580	PRESENT	data/prover/d2/timed/SHA256SUMS	
data/prover/d2/timed/repo/build/campaigns/dryrun-resumetest-20261005T141557Z-othercommit/environment/quiet/S20261005T143431Z/c0008-pre-a.json	GIT	becd7a1d250715f71c63aea042014e55dcef11898bf471a735a9d44fd06717e8	7023	PRESENT	data/prover/d2/timed/SHA256SUMS	
data/prover/d2/timed/repo/build/campaigns/dryrun-resumetest-20261005T141557Z-othercommit/environment/quiet/S20261005T143431Z/c0008-pre-b.json	GIT	ae1182ec19ea7964432a11bafbdd2be7b82570192eaddb9f28030497c4859d62	7023	PRESENT	data/prover/d2/timed/SHA256SUMS	
data/prover/d2/timed/repo/build/campaigns/dryrun-resumetest-20261005T141557Z-othercommit/environment/quiet/S20261005T143431Z/c0008-pre.json	GIT	0ff0d33449ecd8340eecc85428d220016823c7fcbdbdae9ed0f5e939ee7b2cb2	573	PRESENT	data/prover/d2/timed/SHA256SUMS	
data/prover/d2/timed/repo/build/campaigns/dryrun-resumetest-20261005T141557Z-othercommit/environment/quiet/S20261005T143431Z/c0008-run-a.json	GIT	dfd078570c1c0cfea712f879a5e0931bb25d3629499cd93259269ae51ab1c51e	7023	PRESENT	data/prover/d2/timed/SHA256SUMS	
data/prover/d2/timed/repo/build/campaigns/dryrun-resumetest-20261005T141557Z-othercommit/environment/quiet/S20261005T143431Z/c0008-run-b.json	GIT	6e4a4aa0fc5a05d6267cc87986fb52ac3ee37236a426a19b1185ce3b8ea9609d	7022	PRESENT	data/prover/d2/timed/SHA256SUMS	
data/prover/d2/timed/repo/build/campaigns/dryrun-resumetest-20261005T141557Z-othercommit/environment/quiet/S20261005T143431Z/c0009-during.json	GIT	962545432077032bddce49f99b1ef30c50036d591c70dc75987ca42e70f7634e	593	PRESENT	data/prover/d2/timed/SHA256SUMS	
data/prover/d2/timed/repo/build/campaigns/dryrun-resumetest-20261005T141557Z-othercommit/environment/quiet/S20261005T143431Z/c0009-pre-a.json	GIT	32f223d8a98efbbf687014b457f5ec10fe2df6c71fb5d980794aba5777982b71	7023	PRESENT	data/prover/d2/timed/SHA256SUMS	
data/prover/d2/timed/repo/build/campaigns/dryrun-resumetest-20261005T141557Z-othercommit/environment/quiet/S20261005T143431Z/c0009-pre-b.json	GIT	0016a5645cb3828fe54fa576b4d40d45a092d84fc0052a76f81d4255b409e1c2	7022	PRESENT	data/prover/d2/timed/SHA256SUMS	
data/prover/d2/timed/repo/build/campaigns/dryrun-resumetest-20261005T141557Z-othercommit/environment/quiet/S20261005T143431Z/c0009-pre.json	GIT	29c12e4508dce18cc2cbd392056e0f40834c6922d685e2e69c852376c5b92b47	588	PRESENT	data/prover/d2/timed/SHA256SUMS	
data/prover/d2/timed/repo/build/campaigns/dryrun-resumetest-20261005T141557Z-othercommit/environment/quiet/S20261005T143431Z/c0009-run-a.json	GIT	50261922388097ff441e1a0ba18a8d4c0fae59e5fb898ef6f3e13a1be3d2d36a	7022	PRESENT	data/prover/d2/timed/SHA256SUMS	
data/prover/d2/timed/repo/build/campaigns/dryrun-resumetest-20261005T141557Z-othercommit/environment/quiet/S20261005T143431Z/c0009-run-b.json	GIT	2909c3a41ef0bfb5b8d5625d76cf3c309ea8e40deb6343f7109e8c6b8915f026	7021	PRESENT	data/prover/d2/timed/SHA256SUMS	
data/prover/d2/timed/repo/build/campaigns/dryrun-resumetest-20261005T141557Z-othercommit/environment/quiet/S20261005T143431Z/session-a.json	GIT	ab05f0663f1a577f4f750aae1ab05462f2d055f3b459ba4d3c576d6d2f124bef	7023	PRESENT	data/prover/d2/timed/SHA256SUMS	
data/prover/d2/timed/repo/build/campaigns/dryrun-resumetest-20261005T141557Z-othercommit/environment/quiet/S20261005T143431Z/session-b.json	GIT	39592a500fa7e85b341066bdce686e288e1bda06ad6edd7c261adcad99b84549	7023	PRESENT	data/prover/d2/timed/SHA256SUMS	
data/prover/d2/timed/repo/build/campaigns/dryrun-resumetest-20261005T141557Z-othercommit/environment/quiet/S20261005T143431Z/session-check.json	GIT	c5ccdab3d9c7ac177f2c9009b12b013f4825229f8c6d72761922bdf4c0b7e535	591	PRESENT	data/prover/d2/timed/SHA256SUMS	
data/prover/d2/timed/repo/build/campaigns/dryrun-resumetest-20261005T141557Z-othercommit/environment/quiet/S20261005T145746Z/session-a.json	GIT	4847121dc84a317fe2537fcc78b32b13da895ca6137fdc41989fc939871afcbb	7023	PRESENT	data/prover/d2/timed/SHA256SUMS	
data/prover/d2/timed/repo/build/campaigns/dryrun-resumetest-20261005T141557Z-othercommit/environment/quiet/S20261005T145746Z/session-b.json	GIT	f795a26e6df15c0bc22fc2a8e6e6470e04faa8e7504eec26dbec59f67f3a36d4	7021	PRESENT	data/prover/d2/timed/SHA256SUMS	
data/prover/d2/timed/repo/build/campaigns/dryrun-resumetest-20261005T141557Z-othercommit/environment/quiet/S20261005T145746Z/session-check.json	GIT	27ff10ff34bca9e214a7a85dc5eb46dd0af9d2a82564ae17bef2bcc7b8fe0f68	589	PRESENT	data/prover/d2/timed/SHA256SUMS	
data/prover/d2/timed/repo/build/campaigns/dryrun-resumetest-20261005T141557Z-othercommit/environment/resume-test/harness-refusal.err	GIT	fec25e13794a78021d9881a211df9a50cf9e2f452d4d22a5cd4b3936b34b1e78	64	PRESENT	data/prover/d2/timed/SHA256SUMS	
data/prover/d2/timed/repo/build/campaigns/dryrun-resumetest-20261005T141557Z-othercommit/environment/resume-test/refusal.txt	GIT	1bae16d301a73484ee02cd0f8cc43132d59389cca25255883a2eeeb1051928fa	144	PRESENT	data/prover/d2/timed/SHA256SUMS	
data/prover/d2/timed/repo/build/campaigns/dryrun-resumetest-20261005T141557Z-othercommit/environment/resume-test/tamper.log	GIT	defe98bbed3ec0ce776469a6292d8cf061f591b0a1132cb27ee96ceba67d8481	2137	PRESENT	data/prover/d2/timed/SHA256SUMS	
data/prover/d2/timed/repo/build/campaigns/dryrun-resumetest-20261005T141557Z-othercommit/environment/run-campaign.log	GIT	052b41185b1f5832c4d6f60d836b371593219aca7b7dacb9052b890b327aee1e	13434	PRESENT	data/prover/d2/timed/SHA256SUMS	
data/prover/d2/timed/repo/build/campaigns/dryrun-resumetest-20261005T141557Z-othercommit/environment/sessions.csv	GIT	8d4432bedd989847153c86198efb07f3b20c02d080294938602094a1cd70f588	1992	PRESENT	data/prover/d2/timed/SHA256SUMS	
data/prover/d2/timed/repo/build/campaigns/dryrun-resumetest-20261005T141557Z-othercommit/provenance/p7.json	GIT	3963b30a68fd198fc8641cdd3da199213ca9eed41b99eba3b3c2e960ca34bfe4	3296	PRESENT	data/prover/d2/timed/SHA256SUMS	
data/prover/d2/timed/repo/build/campaigns/dryrun-resumetest-20261005T141557Z-othercommit/prover/cpu2/diag.csv	GIT	6dcd7023082b5202cc484df620f92662fc4a0ba603a1930ac9c5ff238ac117f8	1775	PRESENT	data/prover/d2/timed/SHA256SUMS	
data/prover/d2/timed/repo/build/campaigns/dryrun-resumetest-20261005T141557Z-othercommit/prover/cpu2/rounds.csv	GIT	0172e7425b9bcfa6f16be31aea18242143453d408348981513153d2e2cef097b	1457	PRESENT	data/prover/d2/timed/SHA256SUMS	
data/prover/d2/timed/repo/build/campaigns/dryrun-resumetest-20261005T141557Z-othercommit/prover/cpu2/runs.csv	GIT	e79481f60edde6c6974ffea1da891116144e94cb26ca69a0a9e45afdf48425a4	9310	PRESENT	data/prover/d2/timed/SHA256SUMS	
data/prover/d2/timed/repo/build/campaigns/dryrun-resumetest-20261005T141557Z-othercommit/prover/cpu4/diag.csv	GIT	e2c9dd53d311273a1859de8e2189951728f7c9b13f47510c994c335f69abb2c5	1776	PRESENT	data/prover/d2/timed/SHA256SUMS	
data/prover/d2/timed/repo/build/campaigns/dryrun-resumetest-20261005T141557Z-othercommit/prover/cpu4/rounds.csv	GIT	ad684aaa93f0a9e0f5173d2893f18c11368fca68b23b17d7a35919e559230cfd	1731	PRESENT	data/prover/d2/timed/SHA256SUMS	
data/prover/d2/timed/repo/build/campaigns/dryrun-resumetest-20261005T141557Z-othercommit/prover/cpu4/runs.csv	GIT	e47e969b05f2fa9dca9f646a054462902203c496f428f36b5325b62084d443b4	11848	PRESENT	data/prover/d2/timed/SHA256SUMS	
data/prover/d2/timed/repo/build/campaigns/dryrun-resumetest-20261005T141557Z-othercommit/prover/cpu8/diag.csv	GIT	ec96e44f7969d09bca1dde666121c927c3cde772df1d051bd1d82d2f67000a51	1776	PRESENT	data/prover/d2/timed/SHA256SUMS	
data/prover/d2/timed/repo/build/campaigns/dryrun-resumetest-20261005T141557Z-othercommit/prover/cpu8/rounds.csv	GIT	164f547796aee1cafc97afb948ebd7eec0e33442b723b58f9c2da78e363e744f	1457	PRESENT	data/prover/d2/timed/SHA256SUMS	
data/prover/d2/timed/repo/build/campaigns/dryrun-resumetest-20261005T141557Z-othercommit/prover/cpu8/runs.csv	GIT	5ac4a6c7061e1f03f7e178922ae1624e2b548d5b551995aa3de468015059f9bb	9307	PRESENT	data/prover/d2/timed/SHA256SUMS	
data/prover/d2/timed/repo/build/campaigns/dryrun-resumetest-20261005T141557Z-othercommit/prover/execution_plan.csv	GIT	1c8f022050a56dfa40783f9d4b2feb2dbd8c3110c22dc0c3e0b56517c30f63ed	257	PRESENT	data/prover/d2/timed/SHA256SUMS	
data/prover/d2/timed/repo/build/campaigns/dryrun-resumetest-20261005T141557Z-othercommit/prover/host_samples.csv	GIT	2962391f3416da8baeb6cedc1a5b68666c61f46942b8af4f3663883a92961d60	7419	PRESENT	data/prover/d2/timed/SHA256SUMS	
data/prover/d2/timed/repo/build/campaigns/dryrun-resumetest-20261005T141557Z-othercommit/prover/round_ledger.csv	GIT	77e46f079ef3cbb1951f10df43fb27cc6a4290ca22219a9f276fef1ddbb7fe7f	915	PRESENT	data/prover/d2/timed/SHA256SUMS	
data/prover/d2/timed/repo/build/campaigns/dryrun-resumetest-20261005T141557Z-othercommit/prover/schedule.csv	GIT	cb806e1b3564696c468c3222b427a08385ed27cec3bf960acb3ce76bb0b247eb	653	PRESENT	data/prover/d2/timed/SHA256SUMS	
data/prover/d2/timed/repo/build/campaigns/dryrun-resumetest-20261005T141557Z-othercommit/prover/sessions/S20261005T141557Z/units.csv	GIT	3fd12e08ac62a4bd4b7133c25b1d509cfcc7802e9a8cc5da9d0c7706ba78ee5d	133	PRESENT	data/prover/d2/timed/SHA256SUMS	
data/prover/d2/timed/repo/build/campaigns/dryrun-resumetest-20261005T141557Z-othercommit/prover/sessions/S20261005T142620Z/units.csv	GIT	6bd8367877d1f813970d28bca57c6ec8492624b20eb04172d565bd34b505544f	106	PRESENT	data/prover/d2/timed/SHA256SUMS	
data/prover/d2/timed/repo/build/campaigns/dryrun-resumetest-20261005T141557Z-othercommit/prover/sessions/S20261005T143431Z/units.csv	GIT	cb42eac089b56abb2197a058c1fcb438d767f1cc2eaa14efd37f7cd6575e532f	106	PRESENT	data/prover/d2/timed/SHA256SUMS	
data/prover/d2/timed/repo/build/campaigns/dryrun-resumetest-20261005T141557Z-tampered/CAMPAIGN.json	GIT	cbe1dfd8899fb51e74c4b37a14f31ffbe6b4b16f6d3769a78ac9cf514d94b734	5095	PRESENT	data/prover/d2/timed/SHA256SUMS	
data/prover/d2/timed/repo/build/campaigns/dryrun-resumetest-20261005T141557Z-tampered/derived/prover_diag.csv	GIT	436ee60d05a6ff0b6c504828f7582276af171564aaab8366b4bab08b65a43a19	975	PRESENT	data/prover/d2/timed/SHA256SUMS	
data/prover/d2/timed/repo/build/campaigns/dryrun-resumetest-20261005T141557Z-tampered/derived/prover_summary.csv	GIT	9ca3f56a5dfc770592cd8b364f9b2a4c5b6997777b33e13d0baebcdbe8d3a649	6062	PRESENT	data/prover/d2/timed/SHA256SUMS	
data/prover/d2/timed/repo/build/campaigns/dryrun-resumetest-20261005T141557Z-tampered/derived/validation.json	GIT	c26c81b9da8efbd07cc9b1e6ed4c84a38d29d3dea93335fe7d148c1ee19b9e9e	3030	PRESENT	data/prover/d2/timed/SHA256SUMS	
data/prover/d2/timed/repo/build/campaigns/dryrun-resumetest-20261005T141557Z-tampered/environment/RESULT-S20261005T141557Z.txt	GIT	c341d93319cea017d32b88cb77090c4b8ae2fd76c8928cc830d7f93931eafce5	226	PRESENT	data/prover/d2/timed/SHA256SUMS	
data/prover/d2/timed/repo/build/campaigns/dryrun-resumetest-20261005T141557Z-tampered/environment/RESULT-S20261005T142620Z.txt	GIT	225aa4d02611b67d9cf48ce529c697a214bb7aef59d36b78c5024a4a79655f34	59	PRESENT	data/prover/d2/timed/SHA256SUMS	
data/prover/d2/timed/repo/build/campaigns/dryrun-resumetest-20261005T141557Z-tampered/environment/RESULT-S20261005T143431Z.txt	GIT	584987059f04a5695985309362ddcefa2f91968f86b2b7a1074bb053cc03bc95	113	PRESENT	data/prover/d2/timed/SHA256SUMS	
data/prover/d2/timed/repo/build/campaigns/dryrun-resumetest-20261005T141557Z-tampered/environment/RESULT-S20261005T145037Z.txt	GIT	42b0ebe347a57bbcd5e13ddf2fba57ae39819338bfafd8f91bad4564f1ba3be2	51	PRESENT	data/prover/d2/timed/SHA256SUMS	
data/prover/d2/timed/repo/build/campaigns/dryrun-resumetest-20261005T141557Z-tampered/environment/RESULT.txt	GIT	42b0ebe347a57bbcd5e13ddf2fba57ae39819338bfafd8f91bad4564f1ba3be2	51	PRESENT	data/prover/d2/timed/SHA256SUMS	
data/prover/d2/timed/repo/build/campaigns/dryrun-resumetest-20261005T141557Z-tampered/environment/base-image-index.json	GIT	ca3d163bab055381827226140568f3bef7eaac187cebd76878e0b63e9e442356	3	PRESENT	data/prover/d2/timed/SHA256SUMS	
data/prover/d2/timed/repo/build/campaigns/dryrun-resumetest-20261005T141557Z-tampered/environment/corpus-after-S20261005T141557Z.txt	GIT	69d3ab033a2c67d2cb7d9491a9326d885644b3ce623f73da4941cd0d944e168e	1613	PRESENT	data/prover/d2/timed/SHA256SUMS	
data/prover/d2/timed/repo/build/campaigns/dryrun-resumetest-20261005T141557Z-tampered/environment/corpus-after-S20261005T143431Z.txt	GIT	69d3ab033a2c67d2cb7d9491a9326d885644b3ce623f73da4941cd0d944e168e	1613	PRESENT	data/prover/d2/timed/SHA256SUMS	
data/prover/d2/timed/repo/build/campaigns/dryrun-resumetest-20261005T141557Z-tampered/environment/corpus-before-S20261005T141557Z.txt	GIT	69d3ab033a2c67d2cb7d9491a9326d885644b3ce623f73da4941cd0d944e168e	1613	PRESENT	data/prover/d2/timed/SHA256SUMS	
data/prover/d2/timed/repo/build/campaigns/dryrun-resumetest-20261005T141557Z-tampered/environment/corpus-before-S20261005T142620Z.txt	GIT	69d3ab033a2c67d2cb7d9491a9326d885644b3ce623f73da4941cd0d944e168e	1613	PRESENT	data/prover/d2/timed/SHA256SUMS	
data/prover/d2/timed/repo/build/campaigns/dryrun-resumetest-20261005T141557Z-tampered/environment/corpus-before-S20261005T143431Z.txt	GIT	69d3ab033a2c67d2cb7d9491a9326d885644b3ce623f73da4941cd0d944e168e	1613	PRESENT	data/prover/d2/timed/SHA256SUMS	
data/prover/d2/timed/repo/build/campaigns/dryrun-resumetest-20261005T141557Z-tampered/environment/corpus-before-S20261005T145037Z.txt	GIT	69d3ab033a2c67d2cb7d9491a9326d885644b3ce623f73da4941cd0d944e168e	1613	PRESENT	data/prover/d2/timed/SHA256SUMS	
data/prover/d2/timed/repo/build/campaigns/dryrun-resumetest-20261005T141557Z-tampered/environment/docker-build-S20261005T141557Z.log	GIT	9074929cdefafe8a7056b90d0d86083cc6bfa7e94be80516a8a5ad080cfd473b	1533	PRESENT	data/prover/d2/timed/SHA256SUMS	
data/prover/d2/timed/repo/build/campaigns/dryrun-resumetest-20261005T141557Z-tampered/environment/docker-info-S20261005T141557Z.json	GIT	8ba0a0ac77b173759c0e2b4c556cf2d8781295e04429f6dc84195b73de230320	9180	PRESENT	data/prover/d2/timed/SHA256SUMS	
data/prover/d2/timed/repo/build/campaigns/dryrun-resumetest-20261005T141557Z-tampered/environment/docker-info-S20261005T142620Z.json	GIT	c0c4646e8397c87059083cc7e09b7723be197356ae3220059dae6af6dd846bd2	9179	PRESENT	data/prover/d2/timed/SHA256SUMS	
data/prover/d2/timed/repo/build/campaigns/dryrun-resumetest-20261005T141557Z-tampered/environment/docker-info-S20261005T143431Z.json	GIT	1190e86263480837b6d503527730b79d063f8de91c43a6c794861eb3c4040beb	9180	PRESENT	data/prover/d2/timed/SHA256SUMS	
data/prover/d2/timed/repo/build/campaigns/dryrun-resumetest-20261005T141557Z-tampered/environment/docker-info-S20261005T145037Z.json	GIT	e849bae66dc17fb1f3aff7babfca946729cd0869a2f9d905f68d8dee13da081a	9178	PRESENT	data/prover/d2/timed/SHA256SUMS	
data/prover/d2/timed/repo/build/campaigns/dryrun-resumetest-20261005T141557Z-tampered/environment/docker-version-S20261005T141557Z.json	GIT	976e6b3fd06cf4a028226ec8f3fa7df0cba3583752dcf8e7a226528b84dce015	1007	PRESENT	data/prover/d2/timed/SHA256SUMS	
data/prover/d2/timed/repo/build/campaigns/dryrun-resumetest-20261005T141557Z-tampered/environment/docker-version-S20261005T142620Z.json	GIT	976e6b3fd06cf4a028226ec8f3fa7df0cba3583752dcf8e7a226528b84dce015	1007	PRESENT	data/prover/d2/timed/SHA256SUMS	
data/prover/d2/timed/repo/build/campaigns/dryrun-resumetest-20261005T141557Z-tampered/environment/docker-version-S20261005T143431Z.json	GIT	976e6b3fd06cf4a028226ec8f3fa7df0cba3583752dcf8e7a226528b84dce015	1007	PRESENT	data/prover/d2/timed/SHA256SUMS	
data/prover/d2/timed/repo/build/campaigns/dryrun-resumetest-20261005T141557Z-tampered/environment/docker-version-S20261005T145037Z.json	GIT	976e6b3fd06cf4a028226ec8f3fa7df0cba3583752dcf8e7a226528b84dce015	1007	PRESENT	data/prover/d2/timed/SHA256SUMS	
data/prover/d2/timed/repo/build/campaigns/dryrun-resumetest-20261005T141557Z-tampered/environment/host-S20261005T141557Z.txt	GIT	910f2ef50d15e95ecc12985834c5d575ffb5bed7888c4702fee8e9d811aed1f7	741	PRESENT	data/prover/d2/timed/SHA256SUMS	
data/prover/d2/timed/repo/build/campaigns/dryrun-resumetest-20261005T141557Z-tampered/environment/host-S20261005T142620Z.txt	GIT	f40c6d70b171f56143e38ac58f1b3c841b8ac8b7583007c49b02c7c01d25d53a	743	PRESENT	data/prover/d2/timed/SHA256SUMS	
data/prover/d2/timed/repo/build/campaigns/dryrun-resumetest-20261005T141557Z-tampered/environment/host-S20261005T143431Z.txt	GIT	8db1c4b7ba85ead9d3afc57aa2c9988794f04e9b247f3b00ed5b9ba0d8d547c0	743	PRESENT	data/prover/d2/timed/SHA256SUMS	
data/prover/d2/timed/repo/build/campaigns/dryrun-resumetest-20261005T141557Z-tampered/environment/host-S20261005T145037Z.txt	GIT	faa40bfaeee14b0557915354c1e5aa0f143eb975fe7bb3b2c13bcfe8b0beb6f6	743	PRESENT	data/prover/d2/timed/SHA256SUMS	
data/prover/d2/timed/repo/build/campaigns/dryrun-resumetest-20261005T141557Z-tampered/environment/host-detail-S20261005T141557Z.txt	GIT	af8043a025d231a2b6440dbfa51a0c8d0e4b6d426cab9d227af25b75536a854a	4437	PRESENT	data/prover/d2/timed/SHA256SUMS	
data/prover/d2/timed/repo/build/campaigns/dryrun-resumetest-20261005T141557Z-tampered/environment/host-detail-S20261005T142620Z.txt	GIT	da4251545a6911f9a03a6dabd19ee0d0d104485980cf314a6c80a35dde20d987	4437	PRESENT	data/prover/d2/timed/SHA256SUMS	
data/prover/d2/timed/repo/build/campaigns/dryrun-resumetest-20261005T141557Z-tampered/environment/host-detail-S20261005T143431Z.txt	GIT	6e01d0f63d605c7c63fc66d0c2e38001387ba67c5a1db6e544f6c9088dc72af3	4437	PRESENT	data/prover/d2/timed/SHA256SUMS	
data/prover/d2/timed/repo/build/campaigns/dryrun-resumetest-20261005T141557Z-tampered/environment/host-detail-S20261005T145037Z.txt	GIT	93e3c811f9747308f5dbd2aeb8ccdb7c25fcbec90f1d8245aa69cbb391e55f2d	4437	PRESENT	data/prover/d2/timed/SHA256SUMS	
data/prover/d2/timed/repo/build/campaigns/dryrun-resumetest-20261005T141557Z-tampered/environment/host.txt	GIT	faa40bfaeee14b0557915354c1e5aa0f143eb975fe7bb3b2c13bcfe8b0beb6f6	743	PRESENT	data/prover/d2/timed/SHA256SUMS	
data/prover/d2/timed/repo/build/campaigns/dryrun-resumetest-20261005T141557Z-tampered/environment/integrity-S20261005T141557Z.json	GIT	81b5de4f9e44c2f777e7aa6f5b2050d2837cc42e3b9c4c91fbcf01ddcc35e7d8	371	PRESENT	data/prover/d2/timed/SHA256SUMS	
data/prover/d2/timed/repo/build/campaigns/dryrun-resumetest-20261005T141557Z-tampered/environment/integrity-S20261005T143431Z.json	GIT	27b676886d47f5f3ab967bac303c1dc03fdba5ffd7e2366703ce70d9aa3bc958	371	PRESENT	data/prover/d2/timed/SHA256SUMS	
data/prover/d2/timed/repo/build/campaigns/dryrun-resumetest-20261005T141557Z-tampered/environment/integrity.json	GIT	27b676886d47f5f3ab967bac303c1dc03fdba5ffd7e2366703ce70d9aa3bc958	371	PRESENT	data/prover/d2/timed/SHA256SUMS	
data/prover/d2/timed/repo/build/campaigns/dryrun-resumetest-20261005T141557Z-tampered/environment/manifest-after-S20261005T141557Z.txt	GIT	b5bbd96900ea8376723f209dfc71a93cfadd69693cf68e89a3df2b70db9c4ff3	11158	PRESENT	data/prover/d2/timed/SHA256SUMS	
data/prover/d2/timed/repo/build/campaigns/dryrun-resumetest-20261005T141557Z-tampered/environment/manifest-after-S20261005T143431Z.txt	GIT	b5bbd96900ea8376723f209dfc71a93cfadd69693cf68e89a3df2b70db9c4ff3	11158	PRESENT	data/prover/d2/timed/SHA256SUMS	
data/prover/d2/timed/repo/build/campaigns/dryrun-resumetest-20261005T141557Z-tampered/environment/manifest-before-S20261005T141557Z.txt	GIT	b5bbd96900ea8376723f209dfc71a93cfadd69693cf68e89a3df2b70db9c4ff3	11158	PRESENT	data/prover/d2/timed/SHA256SUMS	
data/prover/d2/timed/repo/build/campaigns/dryrun-resumetest-20261005T141557Z-tampered/environment/manifest-before-S20261005T142620Z.txt	GIT	b5bbd96900ea8376723f209dfc71a93cfadd69693cf68e89a3df2b70db9c4ff3	11158	PRESENT	data/prover/d2/timed/SHA256SUMS	
data/prover/d2/timed/repo/build/campaigns/dryrun-resumetest-20261005T141557Z-tampered/environment/manifest-before-S20261005T143431Z.txt	GIT	b5bbd96900ea8376723f209dfc71a93cfadd69693cf68e89a3df2b70db9c4ff3	11158	PRESENT	data/prover/d2/timed/SHA256SUMS	
data/prover/d2/timed/repo/build/campaigns/dryrun-resumetest-20261005T141557Z-tampered/environment/manifest-before-S20261005T145037Z.txt	GIT	b5bbd96900ea8376723f209dfc71a93cfadd69693cf68e89a3df2b70db9c4ff3	11158	PRESENT	data/prover/d2/timed/SHA256SUMS	
data/prover/d2/timed/repo/build/campaigns/dryrun-resumetest-20261005T141557Z-tampered/environment/preflight/S20261005T141557Z/control-mismatch.err	GIT	79a1068d8d06cd9a7564501aaad7429313e30c0a5dbf8d62fa1dd3d1396e0cd5	74	PRESENT	data/prover/d2/timed/SHA256SUMS	
data/prover/d2/timed/repo/build/campaigns/dryrun-resumetest-20261005T141557Z-tampered/environment/preflight/S20261005T141557Z/control-mismatch.out	GIT	e3b0c44298fc1c149afbf4c8996fb92427ae41e4649b934ca495991b7852b855	0	PRESENT	data/prover/d2/timed/SHA256SUMS	
data/prover/d2/timed/repo/build/campaigns/dryrun-resumetest-20261005T141557Z-tampered/environment/preflight/S20261005T141557Z/control-no-adapter.err	GIT	e3b0c44298fc1c149afbf4c8996fb92427ae41e4649b934ca495991b7852b855	0	PRESENT	data/prover/d2/timed/SHA256SUMS	
data/prover/d2/timed/repo/build/campaigns/dryrun-resumetest-20261005T141557Z-tampered/environment/preflight/S20261005T141557Z/control-no-adapter.out	GIT	51de02c5d1a0ad1ea97780a96d14f237bd44d8bc21823f30888bcf0e30b2e142	1095	PRESENT	data/prover/d2/timed/SHA256SUMS	
data/prover/d2/timed/repo/build/campaigns/dryrun-resumetest-20261005T141557Z-tampered/environment/preflight/S20261005T141557Z/control-quota-only.err	GIT	048142f28870c7c139f8df828848d7ccccbabce99d24badd8c4c6725f0c5d636	78	PRESENT	data/prover/d2/timed/SHA256SUMS	
data/prover/d2/timed/repo/build/campaigns/dryrun-resumetest-20261005T141557Z-tampered/environment/preflight/S20261005T141557Z/control-quota-only.out	GIT	e3b0c44298fc1c149afbf4c8996fb92427ae41e4649b934ca495991b7852b855	0	PRESENT	data/prover/d2/timed/SHA256SUMS	
data/prover/d2/timed/repo/build/campaigns/dryrun-resumetest-20261005T141557Z-tampered/environment/preflight/S20261005T141557Z/controls-exit.txt	GIT	3454e7ce5a045622ed2a6093428139c6438d620781102d7b0e610c3e11901592	46	PRESENT	data/prover/d2/timed/SHA256SUMS	
data/prover/d2/timed/repo/build/campaigns/dryrun-resumetest-20261005T141557Z-tampered/environment/preflight/S20261005T141557Z/controls.json	GIT	87ad74bdf32ab874853c229675bb443a565cd269e7ac25782238a51ab49b4416	750	PRESENT	data/prover/d2/timed/SHA256SUMS	
data/prover/d2/timed/repo/build/campaigns/dryrun-resumetest-20261005T141557Z-tampered/environment/preflight/S20261005T141557Z/profile-cpu2.json	GIT	ff1470e4aaeae1ee7026cf361e41d5a6c4f0462ec1471108b7f239b34ea79819	4127	PRESENT	data/prover/d2/timed/SHA256SUMS	
data/prover/d2/timed/repo/build/campaigns/dryrun-resumetest-20261005T141557Z-tampered/environment/preflight/S20261005T141557Z/profile-cpu4.json	GIT	54e51d5c45cdfcddbc53c5536833a01ac57cd74434d27bc54bfa62292d664f89	4149	PRESENT	data/prover/d2/timed/SHA256SUMS	
data/prover/d2/timed/repo/build/campaigns/dryrun-resumetest-20261005T141557Z-tampered/environment/preflight/S20261005T141557Z/profile-cpu8.json	GIT	dbf5e8b526b8f4a6e56259a194b71813e8dc968d8811c2f4ee9af6e49f3d417e	4193	PRESENT	data/prover/d2/timed/SHA256SUMS	
data/prover/d2/timed/repo/build/campaigns/dryrun-resumetest-20261005T141557Z-tampered/environment/preflight/S20261005T142620Z/control-mismatch.err	GIT	79a1068d8d06cd9a7564501aaad7429313e30c0a5dbf8d62fa1dd3d1396e0cd5	74	PRESENT	data/prover/d2/timed/SHA256SUMS	
data/prover/d2/timed/repo/build/campaigns/dryrun-resumetest-20261005T141557Z-tampered/environment/preflight/S20261005T142620Z/control-mismatch.out	GIT	e3b0c44298fc1c149afbf4c8996fb92427ae41e4649b934ca495991b7852b855	0	PRESENT	data/prover/d2/timed/SHA256SUMS	
data/prover/d2/timed/repo/build/campaigns/dryrun-resumetest-20261005T141557Z-tampered/environment/preflight/S20261005T142620Z/control-no-adapter.err	GIT	e3b0c44298fc1c149afbf4c8996fb92427ae41e4649b934ca495991b7852b855	0	PRESENT	data/prover/d2/timed/SHA256SUMS	
data/prover/d2/timed/repo/build/campaigns/dryrun-resumetest-20261005T141557Z-tampered/environment/preflight/S20261005T142620Z/control-no-adapter.out	GIT	0536b606faa2c5d2fa3fe5932eaec9356b22d20860763011eb5f9c3d091e27de	1095	PRESENT	data/prover/d2/timed/SHA256SUMS	
data/prover/d2/timed/repo/build/campaigns/dryrun-resumetest-20261005T141557Z-tampered/environment/preflight/S20261005T142620Z/control-quota-only.err	GIT	048142f28870c7c139f8df828848d7ccccbabce99d24badd8c4c6725f0c5d636	78	PRESENT	data/prover/d2/timed/SHA256SUMS	
data/prover/d2/timed/repo/build/campaigns/dryrun-resumetest-20261005T141557Z-tampered/environment/preflight/S20261005T142620Z/control-quota-only.out	GIT	e3b0c44298fc1c149afbf4c8996fb92427ae41e4649b934ca495991b7852b855	0	PRESENT	data/prover/d2/timed/SHA256SUMS	
data/prover/d2/timed/repo/build/campaigns/dryrun-resumetest-20261005T141557Z-tampered/environment/preflight/S20261005T142620Z/controls-exit.txt	GIT	3454e7ce5a045622ed2a6093428139c6438d620781102d7b0e610c3e11901592	46	PRESENT	data/prover/d2/timed/SHA256SUMS	
data/prover/d2/timed/repo/build/campaigns/dryrun-resumetest-20261005T141557Z-tampered/environment/preflight/S20261005T142620Z/controls.json	GIT	a9d836481247ef321828d3de7f317ea12508111ff4263bf79e1f4d332f43c8f3	750	PRESENT	data/prover/d2/timed/SHA256SUMS	
data/prover/d2/timed/repo/build/campaigns/dryrun-resumetest-20261005T141557Z-tampered/environment/preflight/S20261005T142620Z/profile-cpu2.json	GIT	9b2fc02779da5d2fa57ca14fcb53da8678c1c06368d0426624a7549a7a174c7a	4127	PRESENT	data/prover/d2/timed/SHA256SUMS	
data/prover/d2/timed/repo/build/campaigns/dryrun-resumetest-20261005T141557Z-tampered/environment/preflight/S20261005T142620Z/profile-cpu4.json	GIT	bccf77246a48b0b6490f220f7855660a72d6ca81513654332ea5ba1341bfd265	4149	PRESENT	data/prover/d2/timed/SHA256SUMS	
data/prover/d2/timed/repo/build/campaigns/dryrun-resumetest-20261005T141557Z-tampered/environment/preflight/S20261005T142620Z/profile-cpu8.json	GIT	d97421deec3e192a51d390bcc0fce583dde0f3200c46d94dbcf84e026ed4ac44	4194	PRESENT	data/prover/d2/timed/SHA256SUMS	
data/prover/d2/timed/repo/build/campaigns/dryrun-resumetest-20261005T141557Z-tampered/environment/preflight/S20261005T143431Z/control-mismatch.err	GIT	79a1068d8d06cd9a7564501aaad7429313e30c0a5dbf8d62fa1dd3d1396e0cd5	74	PRESENT	data/prover/d2/timed/SHA256SUMS	
data/prover/d2/timed/repo/build/campaigns/dryrun-resumetest-20261005T141557Z-tampered/environment/preflight/S20261005T143431Z/control-mismatch.out	GIT	e3b0c44298fc1c149afbf4c8996fb92427ae41e4649b934ca495991b7852b855	0	PRESENT	data/prover/d2/timed/SHA256SUMS	
data/prover/d2/timed/repo/build/campaigns/dryrun-resumetest-20261005T141557Z-tampered/environment/preflight/S20261005T143431Z/control-no-adapter.err	GIT	e3b0c44298fc1c149afbf4c8996fb92427ae41e4649b934ca495991b7852b855	0	PRESENT	data/prover/d2/timed/SHA256SUMS	
data/prover/d2/timed/repo/build/campaigns/dryrun-resumetest-20261005T141557Z-tampered/environment/preflight/S20261005T143431Z/control-no-adapter.out	GIT	6ff0516ccf4267f100fae80209458669d8575759b127ff406c39eb3581440672	1095	PRESENT	data/prover/d2/timed/SHA256SUMS	
data/prover/d2/timed/repo/build/campaigns/dryrun-resumetest-20261005T141557Z-tampered/environment/preflight/S20261005T143431Z/control-quota-only.err	GIT	048142f28870c7c139f8df828848d7ccccbabce99d24badd8c4c6725f0c5d636	78	PRESENT	data/prover/d2/timed/SHA256SUMS	
data/prover/d2/timed/repo/build/campaigns/dryrun-resumetest-20261005T141557Z-tampered/environment/preflight/S20261005T143431Z/control-quota-only.out	GIT	e3b0c44298fc1c149afbf4c8996fb92427ae41e4649b934ca495991b7852b855	0	PRESENT	data/prover/d2/timed/SHA256SUMS	
data/prover/d2/timed/repo/build/campaigns/dryrun-resumetest-20261005T141557Z-tampered/environment/preflight/S20261005T143431Z/controls-exit.txt	GIT	3454e7ce5a045622ed2a6093428139c6438d620781102d7b0e610c3e11901592	46	PRESENT	data/prover/d2/timed/SHA256SUMS	
data/prover/d2/timed/repo/build/campaigns/dryrun-resumetest-20261005T141557Z-tampered/environment/preflight/S20261005T143431Z/controls.json	GIT	0530127488cc30b827856c53a4005080b7cb99de5150d40a00643f7f28f19a84	750	PRESENT	data/prover/d2/timed/SHA256SUMS	
data/prover/d2/timed/repo/build/campaigns/dryrun-resumetest-20261005T141557Z-tampered/environment/preflight/S20261005T143431Z/profile-cpu2.json	GIT	d5061561f37574ebba1fec0ebe1d14bcab243cb04becf7556105348c82696775	4127	PRESENT	data/prover/d2/timed/SHA256SUMS	
data/prover/d2/timed/repo/build/campaigns/dryrun-resumetest-20261005T141557Z-tampered/environment/preflight/S20261005T143431Z/profile-cpu4.json	GIT	158aaca285490344b0d426142f088cf657c702e0aa9677578f6d7bc1273db771	4149	PRESENT	data/prover/d2/timed/SHA256SUMS	
data/prover/d2/timed/repo/build/campaigns/dryrun-resumetest-20261005T141557Z-tampered/environment/preflight/S20261005T143431Z/profile-cpu8.json	GIT	889835b6865319282e811a18feb3dd58157a209baec35afa3e8cc0478e46d8c4	4193	PRESENT	data/prover/d2/timed/SHA256SUMS	
data/prover/d2/timed/repo/build/campaigns/dryrun-resumetest-20261005T141557Z-tampered/environment/preflight/S20261005T145037Z/control-mismatch.err	GIT	79a1068d8d06cd9a7564501aaad7429313e30c0a5dbf8d62fa1dd3d1396e0cd5	74	PRESENT	data/prover/d2/timed/SHA256SUMS	
data/prover/d2/timed/repo/build/campaigns/dryrun-resumetest-20261005T141557Z-tampered/environment/preflight/S20261005T145037Z/control-mismatch.out	GIT	e3b0c44298fc1c149afbf4c8996fb92427ae41e4649b934ca495991b7852b855	0	PRESENT	data/prover/d2/timed/SHA256SUMS	
data/prover/d2/timed/repo/build/campaigns/dryrun-resumetest-20261005T141557Z-tampered/environment/preflight/S20261005T145037Z/control-no-adapter.err	GIT	e3b0c44298fc1c149afbf4c8996fb92427ae41e4649b934ca495991b7852b855	0	PRESENT	data/prover/d2/timed/SHA256SUMS	
data/prover/d2/timed/repo/build/campaigns/dryrun-resumetest-20261005T141557Z-tampered/environment/preflight/S20261005T145037Z/control-no-adapter.out	GIT	c6875e75bac12c3b917497b4c35903ca4f6d1df0f47d71d18df3343c936b56b8	1095	PRESENT	data/prover/d2/timed/SHA256SUMS	
data/prover/d2/timed/repo/build/campaigns/dryrun-resumetest-20261005T141557Z-tampered/environment/preflight/S20261005T145037Z/control-quota-only.err	GIT	048142f28870c7c139f8df828848d7ccccbabce99d24badd8c4c6725f0c5d636	78	PRESENT	data/prover/d2/timed/SHA256SUMS	
data/prover/d2/timed/repo/build/campaigns/dryrun-resumetest-20261005T141557Z-tampered/environment/preflight/S20261005T145037Z/control-quota-only.out	GIT	e3b0c44298fc1c149afbf4c8996fb92427ae41e4649b934ca495991b7852b855	0	PRESENT	data/prover/d2/timed/SHA256SUMS	
data/prover/d2/timed/repo/build/campaigns/dryrun-resumetest-20261005T141557Z-tampered/environment/preflight/S20261005T145037Z/controls-exit.txt	GIT	3454e7ce5a045622ed2a6093428139c6438d620781102d7b0e610c3e11901592	46	PRESENT	data/prover/d2/timed/SHA256SUMS	
data/prover/d2/timed/repo/build/campaigns/dryrun-resumetest-20261005T141557Z-tampered/environment/preflight/S20261005T145037Z/controls.json	GIT	7f2e3618304d4ff0fd0b789d8e86ac7f37c4d99ae36174b460525aa89461d74d	750	PRESENT	data/prover/d2/timed/SHA256SUMS	
data/prover/d2/timed/repo/build/campaigns/dryrun-resumetest-20261005T141557Z-tampered/environment/preflight/S20261005T145037Z/profile-cpu2.json	GIT	b0c2ef3159d9de02e67dc48a815925cf628fab41c82de7a28ad68d85c77b81da	4127	PRESENT	data/prover/d2/timed/SHA256SUMS	
data/prover/d2/timed/repo/build/campaigns/dryrun-resumetest-20261005T141557Z-tampered/environment/preflight/S20261005T145037Z/profile-cpu4.json	GIT	9ce0630b31f0e55c901ef760067df40e6c7c37a0041fc2c404d1959e17dc3291	4149	PRESENT	data/prover/d2/timed/SHA256SUMS	
data/prover/d2/timed/repo/build/campaigns/dryrun-resumetest-20261005T141557Z-tampered/environment/preflight/S20261005T145037Z/profile-cpu8.json	GIT	a31c53c6bd1be373504246a96cbeb9c1281e0b2198db6e8643d3b038e70222c3	4194	PRESENT	data/prover/d2/timed/SHA256SUMS	
data/prover/d2/timed/repo/build/campaigns/dryrun-resumetest-20261005T141557Z-tampered/environment/quiet-selftest-S20261005T141557Z.txt	GIT	6f7f116b2b60936b6d0b3abe96cb303587a3ea12ec736676426277c6df6b359a	352	PRESENT	data/prover/d2/timed/SHA256SUMS	
data/prover/d2/timed/repo/build/campaigns/dryrun-resumetest-20261005T141557Z-tampered/environment/quiet-selftest-S20261005T142620Z.txt	GIT	6f7f116b2b60936b6d0b3abe96cb303587a3ea12ec736676426277c6df6b359a	352	PRESENT	data/prover/d2/timed/SHA256SUMS	
data/prover/d2/timed/repo/build/campaigns/dryrun-resumetest-20261005T141557Z-tampered/environment/quiet-selftest-S20261005T143431Z.txt	GIT	6f7f116b2b60936b6d0b3abe96cb303587a3ea12ec736676426277c6df6b359a	352	PRESENT	data/prover/d2/timed/SHA256SUMS	
data/prover/d2/timed/repo/build/campaigns/dryrun-resumetest-20261005T141557Z-tampered/environment/quiet-selftest-S20261005T145037Z.txt	GIT	6f7f116b2b60936b6d0b3abe96cb303587a3ea12ec736676426277c6df6b359a	352	PRESENT	data/prover/d2/timed/SHA256SUMS	
data/prover/d2/timed/repo/build/campaigns/dryrun-resumetest-20261005T141557Z-tampered/environment/quiet/S20261005T141557Z/c0001-during.json	GIT	41581749efe828bd4d1f5e5ccfff5008eee626fdac7493f98c892f5bb611b5d9	595	PRESENT	data/prover/d2/timed/SHA256SUMS	
data/prover/d2/timed/repo/build/campaigns/dryrun-resumetest-20261005T141557Z-tampered/environment/quiet/S20261005T141557Z/c0001-pre-a.json	GIT	40d8d9abcf9421f5ed2d838e6a58a7e701d95453fb4e8ec9b67af2a66fd02c00	7023	PRESENT	data/prover/d2/timed/SHA256SUMS	
data/prover/d2/timed/repo/build/campaigns/dryrun-resumetest-20261005T141557Z-tampered/environment/quiet/S20261005T141557Z/c0001-pre-b.json	GIT	3b477f2c04aa5c7bb45aaf8b50ffa44bad0271c292c73ba858412c1d0deaa4a6	7022	PRESENT	data/prover/d2/timed/SHA256SUMS	
data/prover/d2/timed/repo/build/campaigns/dryrun-resumetest-20261005T141557Z-tampered/environment/quiet/S20261005T141557Z/c0001-pre.json	GIT	3fe28908d7871262c8272cd38a0af299e715c7d4d234cb5e7f5cee96b213c2e7	591	PRESENT	data/prover/d2/timed/SHA256SUMS	
data/prover/d2/timed/repo/build/campaigns/dryrun-resumetest-20261005T141557Z-tampered/environment/quiet/S20261005T141557Z/c0001-run-a.json	GIT	b5da39f76a6a8e990dc4930ec6674dc219320fa46f34290a9d6246e5bab46905	7023	PRESENT	data/prover/d2/timed/SHA256SUMS	
data/prover/d2/timed/repo/build/campaigns/dryrun-resumetest-20261005T141557Z-tampered/environment/quiet/S20261005T141557Z/c0001-run-b.json	GIT	6ab4e8c1892e22b912cf0188f2c1c385f53aec81e5fcf13a4335280fe4d6dce9	7023	PRESENT	data/prover/d2/timed/SHA256SUMS	
data/prover/d2/timed/repo/build/campaigns/dryrun-resumetest-20261005T141557Z-tampered/environment/quiet/S20261005T141557Z/c0002-during.json	GIT	a4d22cbb8a5128c95d4d4e02c46ddf405504b4a964fe911a0958015d4949be23	577	PRESENT	data/prover/d2/timed/SHA256SUMS	
data/prover/d2/timed/repo/build/campaigns/dryrun-resumetest-20261005T141557Z-tampered/environment/quiet/S20261005T141557Z/c0002-pre-a.json	GIT	91132e5d7f27c46fa989ed530770cd4a0687ec8ae5b46cea652916dfdc436ad8	7022	PRESENT	data/prover/d2/timed/SHA256SUMS	
data/prover/d2/timed/repo/build/campaigns/dryrun-resumetest-20261005T141557Z-tampered/environment/quiet/S20261005T141557Z/c0002-pre-b.json	GIT	21af145ef02692c272fc485552586de4d8cc52ee46ca012a25af9fb917856b53	7023	PRESENT	data/prover/d2/timed/SHA256SUMS	
data/prover/d2/timed/repo/build/campaigns/dryrun-resumetest-20261005T141557Z-tampered/environment/quiet/S20261005T141557Z/c0002-pre.json	GIT	091a96df90e82f2d870abf2103b93d4db02f8d1fccb6dae8a09cfc9e0a1081e1	570	PRESENT	data/prover/d2/timed/SHA256SUMS	
data/prover/d2/timed/repo/build/campaigns/dryrun-resumetest-20261005T141557Z-tampered/environment/quiet/S20261005T141557Z/c0002-run-a.json	GIT	9f33e2d476d555f5259a4aa45fa2274d2a28afa4be9884ca76c6c43290077418	7023	PRESENT	data/prover/d2/timed/SHA256SUMS	
data/prover/d2/timed/repo/build/campaigns/dryrun-resumetest-20261005T141557Z-tampered/environment/quiet/S20261005T141557Z/c0002-run-b.json	GIT	0364fc2f30b93a95da1425c9bbd882f9679935a72ea80948f11791f09afa7691	7023	PRESENT	data/prover/d2/timed/SHA256SUMS	
data/prover/d2/timed/repo/build/campaigns/dryrun-resumetest-20261005T141557Z-tampered/environment/quiet/S20261005T141557Z/c0003-during.json	GIT	5ac723446f45ed4275eb173e0d7035ba85f89257053919ab2c47f54840e1b3dc	582	PRESENT	data/prover/d2/timed/SHA256SUMS	
data/prover/d2/timed/repo/build/campaigns/dryrun-resumetest-20261005T141557Z-tampered/environment/quiet/S20261005T141557Z/c0003-pre-a.json	GIT	4f2dae354902f24c52cab3d4affadfd51ab8f9b98f49b426003697ed2fbc88cd	7023	PRESENT	data/prover/d2/timed/SHA256SUMS	
data/prover/d2/timed/repo/build/campaigns/dryrun-resumetest-20261005T141557Z-tampered/environment/quiet/S20261005T141557Z/c0003-pre-b.json	GIT	6f2ae22973dd1bca611ca49aad311370a904525f94811db962dd03cdc2997971	7023	PRESENT	data/prover/d2/timed/SHA256SUMS	
data/prover/d2/timed/repo/build/campaigns/dryrun-resumetest-20261005T141557Z-tampered/environment/quiet/S20261005T141557Z/c0003-pre.json	GIT	fb661fbdabb3e8ebaa1f03585d3af16ceaf7304643f3aeabd442733496e870ec	576	PRESENT	data/prover/d2/timed/SHA256SUMS	
data/prover/d2/timed/repo/build/campaigns/dryrun-resumetest-20261005T141557Z-tampered/environment/quiet/S20261005T141557Z/c0003-run-a.json	GIT	bc5876fdd551e5267ae0f9acf0eacfcae5af2eceb3346e037928046ec140528c	7023	PRESENT	data/prover/d2/timed/SHA256SUMS	
data/prover/d2/timed/repo/build/campaigns/dryrun-resumetest-20261005T141557Z-tampered/environment/quiet/S20261005T141557Z/c0003-run-b.json	GIT	31dcf88c3bb1aff1bedfbeb09dd0ba73b8e9bdbf375f5aa9c083eed52d583b11	7022	PRESENT	data/prover/d2/timed/SHA256SUMS	
data/prover/d2/timed/repo/build/campaigns/dryrun-resumetest-20261005T141557Z-tampered/environment/quiet/S20261005T141557Z/session-a.json	GIT	d3ced16d945c70ad154ec7e11bc1850ce0915ad2028fd3186ceaa034d8d9e086	7022	PRESENT	data/prover/d2/timed/SHA256SUMS	
data/prover/d2/timed/repo/build/campaigns/dryrun-resumetest-20261005T141557Z-tampered/environment/quiet/S20261005T141557Z/session-b.json	GIT	beb220f11cd9f9c648641734ebfbee6c0a60f90e51cafd7c56d425558d776d68	7020	PRESENT	data/prover/d2/timed/SHA256SUMS	
data/prover/d2/timed/repo/build/campaigns/dryrun-resumetest-20261005T141557Z-tampered/environment/quiet/S20261005T141557Z/session-check.json	GIT	ac40babb3c90e7d4953e1536c409a04f3f4c1a381d7b1c98709fb784eee7f7d1	583	PRESENT	data/prover/d2/timed/SHA256SUMS	
data/prover/d2/timed/repo/build/campaigns/dryrun-resumetest-20261005T141557Z-tampered/environment/quiet/S20261005T142620Z/c0001-during.json	GIT	f467914b486d6ee7b783e04cf4db5ca8769c156e10e752095f1bdadb855c765a	583	PRESENT	data/prover/d2/timed/SHA256SUMS	
data/prover/d2/timed/repo/build/campaigns/dryrun-resumetest-20261005T141557Z-tampered/environment/quiet/S20261005T142620Z/c0001-pre-a.json	GIT	912d91431c4f0f519d61bdd80b507d7350df4b8e37123c7886314f057a06334b	7022	PRESENT	data/prover/d2/timed/SHA256SUMS	
data/prover/d2/timed/repo/build/campaigns/dryrun-resumetest-20261005T141557Z-tampered/environment/quiet/S20261005T142620Z/c0001-pre-b.json	GIT	48e753d4f959956173acb215a8d3b920961c93e0e59092410c9468363f4aa788	7023	PRESENT	data/prover/d2/timed/SHA256SUMS	
data/prover/d2/timed/repo/build/campaigns/dryrun-resumetest-20261005T141557Z-tampered/environment/quiet/S20261005T142620Z/c0001-pre.json	GIT	1e0c3967fb3e21da7715b5efbfac75e92c418a78b97662b87b6e016885b2fd54	579	PRESENT	data/prover/d2/timed/SHA256SUMS	
data/prover/d2/timed/repo/build/campaigns/dryrun-resumetest-20261005T141557Z-tampered/environment/quiet/S20261005T142620Z/c0001-run-a.json	GIT	58204c5890a01fac88b763fe90443c974ff98d33ebb001e28846a4399d6d30cb	7021	PRESENT	data/prover/d2/timed/SHA256SUMS	
data/prover/d2/timed/repo/build/campaigns/dryrun-resumetest-20261005T141557Z-tampered/environment/quiet/S20261005T142620Z/c0001-run-b.json	GIT	dcb3751c45f575edabf58fba18e0388a7e7a2025e10004320cbcc28b93a1d442	7023	PRESENT	data/prover/d2/timed/SHA256SUMS	
data/prover/d2/timed/repo/build/campaigns/dryrun-resumetest-20261005T141557Z-tampered/environment/quiet/S20261005T142620Z/session-a.json	GIT	515667e74bcd7e13626ce56d2ad93787fca4d3e732bb00d290da51bc7a8fed41	7023	PRESENT	data/prover/d2/timed/SHA256SUMS	
data/prover/d2/timed/repo/build/campaigns/dryrun-resumetest-20261005T141557Z-tampered/environment/quiet/S20261005T142620Z/session-b.json	GIT	e11b2192cea9eef622096d5f1669a909ce1ad4d6a2fd7ba26a294c26489d5b91	7023	PRESENT	data/prover/d2/timed/SHA256SUMS	
data/prover/d2/timed/repo/build/campaigns/dryrun-resumetest-20261005T141557Z-tampered/environment/quiet/S20261005T142620Z/session-check.json	GIT	a67d66f644beec4d1d48a3e0b9f314ba3b8c584ea5b02d625f9add9d8dffec0b	591	PRESENT	data/prover/d2/timed/SHA256SUMS	
data/prover/d2/timed/repo/build/campaigns/dryrun-resumetest-20261005T141557Z-tampered/environment/quiet/S20261005T143431Z/c0001-during.json	GIT	a1966944377caacc004245377471ccb4ca3a6c4cbb16d6bde90f2f773e2cb411	581	PRESENT	data/prover/d2/timed/SHA256SUMS	
data/prover/d2/timed/repo/build/campaigns/dryrun-resumetest-20261005T141557Z-tampered/environment/quiet/S20261005T143431Z/c0001-pre-a.json	GIT	742e380141f540e1566db2de30e0ee9bdfdd58e7a547662f6c885dfb3f88ca87	7023	PRESENT	data/prover/d2/timed/SHA256SUMS	
data/prover/d2/timed/repo/build/campaigns/dryrun-resumetest-20261005T141557Z-tampered/environment/quiet/S20261005T143431Z/c0001-pre-b.json	GIT	419319b93923eaf29732d96412d55b0b6bd2fc22e2fdd1aafbca828f276e3161	7023	PRESENT	data/prover/d2/timed/SHA256SUMS	
data/prover/d2/timed/repo/build/campaigns/dryrun-resumetest-20261005T141557Z-tampered/environment/quiet/S20261005T143431Z/c0001-pre.json	GIT	80c0ed860883186109647aa8026b5453e1563f55ce949d62b4fd8edde38c0eb1	576	PRESENT	data/prover/d2/timed/SHA256SUMS	
data/prover/d2/timed/repo/build/campaigns/dryrun-resumetest-20261005T141557Z-tampered/environment/quiet/S20261005T143431Z/c0001-run-a.json	GIT	f22efebbf56712370fff046f9d4d78c744a186fce96567c7ffbf4c75c27ff945	7020	PRESENT	data/prover/d2/timed/SHA256SUMS	
data/prover/d2/timed/repo/build/campaigns/dryrun-resumetest-20261005T141557Z-tampered/environment/quiet/S20261005T143431Z/c0001-run-b.json	GIT	6cdefc27e0e1b021953f69431e6e8c88ec89b47d58261d9f7bc230e3a7d84dba	7021	PRESENT	data/prover/d2/timed/SHA256SUMS	
data/prover/d2/timed/repo/build/campaigns/dryrun-resumetest-20261005T141557Z-tampered/environment/quiet/S20261005T143431Z/c0002-during.json	GIT	f21347ce30ce2acbab8e620a7c6b8fabb232b84f7e3e9aa68f3103a7618da70e	594	PRESENT	data/prover/d2/timed/SHA256SUMS	
data/prover/d2/timed/repo/build/campaigns/dryrun-resumetest-20261005T141557Z-tampered/environment/quiet/S20261005T143431Z/c0002-pre-a.json	GIT	4e00a80bbb0efd61e9ebd0f1d3da2b1fa0ce4e00964ed00eea4dc0f2fb8e3019	7023	PRESENT	data/prover/d2/timed/SHA256SUMS	
data/prover/d2/timed/repo/build/campaigns/dryrun-resumetest-20261005T141557Z-tampered/environment/quiet/S20261005T143431Z/c0002-pre-b.json	GIT	22cbfd849eeb0a48653c99ac6c64f17d0628a590cf7fe9051e084f5f76247c84	7023	PRESENT	data/prover/d2/timed/SHA256SUMS	
data/prover/d2/timed/repo/build/campaigns/dryrun-resumetest-20261005T141557Z-tampered/environment/quiet/S20261005T143431Z/c0002-pre.json	GIT	6aa9e43a4bf9aa218c26f271f792df99a0946ff78c2d7ba794799677808985d4	588	PRESENT	data/prover/d2/timed/SHA256SUMS	
data/prover/d2/timed/repo/build/campaigns/dryrun-resumetest-20261005T141557Z-tampered/environment/quiet/S20261005T143431Z/c0002-run-a.json	GIT	dcb9cfea3601c13531b9c11caf8fffd4fdf0ba72956e37bcf1b8f8d0051c45ce	7021	PRESENT	data/prover/d2/timed/SHA256SUMS	
data/prover/d2/timed/repo/build/campaigns/dryrun-resumetest-20261005T141557Z-tampered/environment/quiet/S20261005T143431Z/c0002-run-b.json	GIT	7937a753029ddde77bf07d5378ebcc503b6acf31e0d19ea8e018ef70608c1a57	7022	PRESENT	data/prover/d2/timed/SHA256SUMS	
data/prover/d2/timed/repo/build/campaigns/dryrun-resumetest-20261005T141557Z-tampered/environment/quiet/S20261005T143431Z/c0003-during.json	GIT	91db7fcaab3754a0966e4812b2d7f32d2f00e11261d482e97b3b27e6f0a49156	575	PRESENT	data/prover/d2/timed/SHA256SUMS	
data/prover/d2/timed/repo/build/campaigns/dryrun-resumetest-20261005T141557Z-tampered/environment/quiet/S20261005T143431Z/c0003-pre-a.json	GIT	5bf44990611549c0308bfe13190903934d16f410f96407091bff2baada1ac6d6	7023	PRESENT	data/prover/d2/timed/SHA256SUMS	
data/prover/d2/timed/repo/build/campaigns/dryrun-resumetest-20261005T141557Z-tampered/environment/quiet/S20261005T143431Z/c0003-pre-b.json	GIT	e9e93cffd6bedba2a3d1276adeda50cd83100cc9505c7a999c8e6010472add21	7023	PRESENT	data/prover/d2/timed/SHA256SUMS	
data/prover/d2/timed/repo/build/campaigns/dryrun-resumetest-20261005T141557Z-tampered/environment/quiet/S20261005T143431Z/c0003-pre.json	GIT	585abcb34c97eb0cabfd144ef66b71b4b0316e0c38515a129a4e111a8fe46a48	567	PRESENT	data/prover/d2/timed/SHA256SUMS	
data/prover/d2/timed/repo/build/campaigns/dryrun-resumetest-20261005T141557Z-tampered/environment/quiet/S20261005T143431Z/c0003-run-a.json	GIT	64a95d2c425a18eab9a0657668f3511edd49f68653578c1190333139a41d7daf	7023	PRESENT	data/prover/d2/timed/SHA256SUMS	
data/prover/d2/timed/repo/build/campaigns/dryrun-resumetest-20261005T141557Z-tampered/environment/quiet/S20261005T143431Z/c0003-run-b.json	GIT	e54367a3587d648d887b146d791dc680c57a7b790ce8727cf88228f264cb5c66	7021	PRESENT	data/prover/d2/timed/SHA256SUMS	
data/prover/d2/timed/repo/build/campaigns/dryrun-resumetest-20261005T141557Z-tampered/environment/quiet/S20261005T143431Z/c0004-during.json	GIT	13c077011b2a3bebf05bf2836318c5ecb8dd2c839404e388c6cdfd246d239e2b	577	PRESENT	data/prover/d2/timed/SHA256SUMS	
data/prover/d2/timed/repo/build/campaigns/dryrun-resumetest-20261005T141557Z-tampered/environment/quiet/S20261005T143431Z/c0004-pre-a.json	GIT	e99c228ad2981584f165758601f59bfc91f2147bcf653d9ac064991ede2da5ff	7021	PRESENT	data/prover/d2/timed/SHA256SUMS	
data/prover/d2/timed/repo/build/campaigns/dryrun-resumetest-20261005T141557Z-tampered/environment/quiet/S20261005T143431Z/c0004-pre-b.json	GIT	9f4b402f8e044ef82386a9e195d68c0197559ae61d834d8a7315da9caedc8da1	7022	PRESENT	data/prover/d2/timed/SHA256SUMS	
data/prover/d2/timed/repo/build/campaigns/dryrun-resumetest-20261005T141557Z-tampered/environment/quiet/S20261005T143431Z/c0004-pre.json	GIT	972528a6d38c015769e964aecc0a0d1657c62137530033dea2f193473fffbe06	566	PRESENT	data/prover/d2/timed/SHA256SUMS	
data/prover/d2/timed/repo/build/campaigns/dryrun-resumetest-20261005T141557Z-tampered/environment/quiet/S20261005T143431Z/c0004-run-a.json	GIT	93af655b8cb1679c2a585f782029d88823ad548fcfe1c752ef965fbc9f78e86c	7023	PRESENT	data/prover/d2/timed/SHA256SUMS	
data/prover/d2/timed/repo/build/campaigns/dryrun-resumetest-20261005T141557Z-tampered/environment/quiet/S20261005T143431Z/c0004-run-b.json	GIT	8fddf8e3d7c8dd4ca3911c47683f64159a2977d610a8f977647cd044c60663ec	7023	PRESENT	data/prover/d2/timed/SHA256SUMS	
data/prover/d2/timed/repo/build/campaigns/dryrun-resumetest-20261005T141557Z-tampered/environment/quiet/S20261005T143431Z/c0005-during.json	GIT	914256c149746d4630b1143efe2cd0077935c35b37d9845fc8d753e67af5dbcb	581	PRESENT	data/prover/d2/timed/SHA256SUMS	
data/prover/d2/timed/repo/build/campaigns/dryrun-resumetest-20261005T141557Z-tampered/environment/quiet/S20261005T143431Z/c0005-pre-a.json	GIT	7325efb8a120e0ec747a99596822b9905baf6bf011514d2321b8a1dec342a49b	7023	PRESENT	data/prover/d2/timed/SHA256SUMS	
data/prover/d2/timed/repo/build/campaigns/dryrun-resumetest-20261005T141557Z-tampered/environment/quiet/S20261005T143431Z/c0005-pre-b.json	GIT	f7098809ad5fe0a34a2a2f4c3f29bd71833d6deb9292b3b83930095ec9b09d54	7022	PRESENT	data/prover/d2/timed/SHA256SUMS	
data/prover/d2/timed/repo/build/campaigns/dryrun-resumetest-20261005T141557Z-tampered/environment/quiet/S20261005T143431Z/c0005-pre.json	GIT	992cd912a5902cf278c8019c09c9ea61af6f07a0259ceba5364af619e3ce0960	572	PRESENT	data/prover/d2/timed/SHA256SUMS	
data/prover/d2/timed/repo/build/campaigns/dryrun-resumetest-20261005T141557Z-tampered/environment/quiet/S20261005T143431Z/c0005-run-a.json	GIT	96ca5b84a962aabf44071f163ec6c7fcecce769d8f18940fa6b8b14a9907bc97	7023	PRESENT	data/prover/d2/timed/SHA256SUMS	
data/prover/d2/timed/repo/build/campaigns/dryrun-resumetest-20261005T141557Z-tampered/environment/quiet/S20261005T143431Z/c0005-run-b.json	GIT	b4fa15bd3d43f42d7c54da40e3db8f4727c1a5cdb8b2768ade906d54113245df	7020	PRESENT	data/prover/d2/timed/SHA256SUMS	
data/prover/d2/timed/repo/build/campaigns/dryrun-resumetest-20261005T141557Z-tampered/environment/quiet/S20261005T143431Z/c0006-during.json	GIT	4e7861acf2d2be37c128d7bd1ca3cbb9bbe33aeb87473b945d027bc2d572426e	593	PRESENT	data/prover/d2/timed/SHA256SUMS	
data/prover/d2/timed/repo/build/campaigns/dryrun-resumetest-20261005T141557Z-tampered/environment/quiet/S20261005T143431Z/c0006-pre-a.json	GIT	35629ba31f68341fe65948e1ff7eefd9082b44e94d0d66693023382a9a26ec1e	7021	PRESENT	data/prover/d2/timed/SHA256SUMS	
data/prover/d2/timed/repo/build/campaigns/dryrun-resumetest-20261005T141557Z-tampered/environment/quiet/S20261005T143431Z/c0006-pre-b.json	GIT	99f3990cb97c45bbf830c083c1fed126c141ee8da26f86d17a482c0d08a4e2a0	7021	PRESENT	data/prover/d2/timed/SHA256SUMS	
data/prover/d2/timed/repo/build/campaigns/dryrun-resumetest-20261005T141557Z-tampered/environment/quiet/S20261005T143431Z/c0006-pre.json	GIT	c7aef4b8539e4d949d218cbe0694567fc151521765e765479eab7e8668ed172a	590	PRESENT	data/prover/d2/timed/SHA256SUMS	
data/prover/d2/timed/repo/build/campaigns/dryrun-resumetest-20261005T141557Z-tampered/environment/quiet/S20261005T143431Z/c0006-run-a.json	GIT	47e07e47ee478b1f32ba669f25047561c97c23e2de87e1f45617ec30020ca7f8	7022	PRESENT	data/prover/d2/timed/SHA256SUMS	
data/prover/d2/timed/repo/build/campaigns/dryrun-resumetest-20261005T141557Z-tampered/environment/quiet/S20261005T143431Z/c0006-run-b.json	GIT	dc0afaa1a54a278a0ba04654750f37669d40c16d765d84718040b86436f74043	7021	PRESENT	data/prover/d2/timed/SHA256SUMS	
data/prover/d2/timed/repo/build/campaigns/dryrun-resumetest-20261005T141557Z-tampered/environment/quiet/S20261005T143431Z/c0007-during.json	GIT	3fc1f4d889af5b798198c2d75a41363ee9ddb2a1a4a497557becf14817f7a770	576	PRESENT	data/prover/d2/timed/SHA256SUMS	
data/prover/d2/timed/repo/build/campaigns/dryrun-resumetest-20261005T141557Z-tampered/environment/quiet/S20261005T143431Z/c0007-pre-a.json	GIT	0958c2c38aef8ab49806fdc7cbab159f547cdb017348d71571535036522fbce9	7023	PRESENT	data/prover/d2/timed/SHA256SUMS	
data/prover/d2/timed/repo/build/campaigns/dryrun-resumetest-20261005T141557Z-tampered/environment/quiet/S20261005T143431Z/c0007-pre-b.json	GIT	e28517b5daf294f5452246c1474c4c8bcf1e65b89a4b28a4d9dcd9725c996677	7023	PRESENT	data/prover/d2/timed/SHA256SUMS	
data/prover/d2/timed/repo/build/campaigns/dryrun-resumetest-20261005T141557Z-tampered/environment/quiet/S20261005T143431Z/c0007-pre.json	GIT	ab96b0523f37e9af22440c0b6c5a714795c6e0261555bda188dbd4d5b78091b4	567	PRESENT	data/prover/d2/timed/SHA256SUMS	
data/prover/d2/timed/repo/build/campaigns/dryrun-resumetest-20261005T141557Z-tampered/environment/quiet/S20261005T143431Z/c0007-run-a.json	GIT	d368a5f92893fb7d94748087bce573f9879dd2a6f56cf1953c46dce914381534	7023	PRESENT	data/prover/d2/timed/SHA256SUMS	
data/prover/d2/timed/repo/build/campaigns/dryrun-resumetest-20261005T141557Z-tampered/environment/quiet/S20261005T143431Z/c0007-run-b.json	GIT	9e237e39bf1b01456d6eb4bc2fe9564b45238cfbc95e1c5c0d4c61f5d72bf848	7022	PRESENT	data/prover/d2/timed/SHA256SUMS	
data/prover/d2/timed/repo/build/campaigns/dryrun-resumetest-20261005T141557Z-tampered/environment/quiet/S20261005T143431Z/c0008-during.json	GIT	abcbecd521b5f8e58f514ef274c892b8a760cc33327b282e59a8126736951974	580	PRESENT	data/prover/d2/timed/SHA256SUMS	
data/prover/d2/timed/repo/build/campaigns/dryrun-resumetest-20261005T141557Z-tampered/environment/quiet/S20261005T143431Z/c0008-pre-a.json	GIT	becd7a1d250715f71c63aea042014e55dcef11898bf471a735a9d44fd06717e8	7023	PRESENT	data/prover/d2/timed/SHA256SUMS	
data/prover/d2/timed/repo/build/campaigns/dryrun-resumetest-20261005T141557Z-tampered/environment/quiet/S20261005T143431Z/c0008-pre-b.json	GIT	ae1182ec19ea7964432a11bafbdd2be7b82570192eaddb9f28030497c4859d62	7023	PRESENT	data/prover/d2/timed/SHA256SUMS	
data/prover/d2/timed/repo/build/campaigns/dryrun-resumetest-20261005T141557Z-tampered/environment/quiet/S20261005T143431Z/c0008-pre.json	GIT	0ff0d33449ecd8340eecc85428d220016823c7fcbdbdae9ed0f5e939ee7b2cb2	573	PRESENT	data/prover/d2/timed/SHA256SUMS	
data/prover/d2/timed/repo/build/campaigns/dryrun-resumetest-20261005T141557Z-tampered/environment/quiet/S20261005T143431Z/c0008-run-a.json	GIT	dfd078570c1c0cfea712f879a5e0931bb25d3629499cd93259269ae51ab1c51e	7023	PRESENT	data/prover/d2/timed/SHA256SUMS	
data/prover/d2/timed/repo/build/campaigns/dryrun-resumetest-20261005T141557Z-tampered/environment/quiet/S20261005T143431Z/c0008-run-b.json	GIT	6e4a4aa0fc5a05d6267cc87986fb52ac3ee37236a426a19b1185ce3b8ea9609d	7022	PRESENT	data/prover/d2/timed/SHA256SUMS	
data/prover/d2/timed/repo/build/campaigns/dryrun-resumetest-20261005T141557Z-tampered/environment/quiet/S20261005T143431Z/c0009-during.json	GIT	962545432077032bddce49f99b1ef30c50036d591c70dc75987ca42e70f7634e	593	PRESENT	data/prover/d2/timed/SHA256SUMS	
data/prover/d2/timed/repo/build/campaigns/dryrun-resumetest-20261005T141557Z-tampered/environment/quiet/S20261005T143431Z/c0009-pre-a.json	GIT	32f223d8a98efbbf687014b457f5ec10fe2df6c71fb5d980794aba5777982b71	7023	PRESENT	data/prover/d2/timed/SHA256SUMS	
data/prover/d2/timed/repo/build/campaigns/dryrun-resumetest-20261005T141557Z-tampered/environment/quiet/S20261005T143431Z/c0009-pre-b.json	GIT	0016a5645cb3828fe54fa576b4d40d45a092d84fc0052a76f81d4255b409e1c2	7022	PRESENT	data/prover/d2/timed/SHA256SUMS	
data/prover/d2/timed/repo/build/campaigns/dryrun-resumetest-20261005T141557Z-tampered/environment/quiet/S20261005T143431Z/c0009-pre.json	GIT	29c12e4508dce18cc2cbd392056e0f40834c6922d685e2e69c852376c5b92b47	588	PRESENT	data/prover/d2/timed/SHA256SUMS	
data/prover/d2/timed/repo/build/campaigns/dryrun-resumetest-20261005T141557Z-tampered/environment/quiet/S20261005T143431Z/c0009-run-a.json	GIT	50261922388097ff441e1a0ba18a8d4c0fae59e5fb898ef6f3e13a1be3d2d36a	7022	PRESENT	data/prover/d2/timed/SHA256SUMS	
data/prover/d2/timed/repo/build/campaigns/dryrun-resumetest-20261005T141557Z-tampered/environment/quiet/S20261005T143431Z/c0009-run-b.json	GIT	2909c3a41ef0bfb5b8d5625d76cf3c309ea8e40deb6343f7109e8c6b8915f026	7021	PRESENT	data/prover/d2/timed/SHA256SUMS	
data/prover/d2/timed/repo/build/campaigns/dryrun-resumetest-20261005T141557Z-tampered/environment/quiet/S20261005T143431Z/session-a.json	GIT	ab05f0663f1a577f4f750aae1ab05462f2d055f3b459ba4d3c576d6d2f124bef	7023	PRESENT	data/prover/d2/timed/SHA256SUMS	
data/prover/d2/timed/repo/build/campaigns/dryrun-resumetest-20261005T141557Z-tampered/environment/quiet/S20261005T143431Z/session-b.json	GIT	39592a500fa7e85b341066bdce686e288e1bda06ad6edd7c261adcad99b84549	7023	PRESENT	data/prover/d2/timed/SHA256SUMS	
data/prover/d2/timed/repo/build/campaigns/dryrun-resumetest-20261005T141557Z-tampered/environment/quiet/S20261005T143431Z/session-check.json	GIT	c5ccdab3d9c7ac177f2c9009b12b013f4825229f8c6d72761922bdf4c0b7e535	591	PRESENT	data/prover/d2/timed/SHA256SUMS	
data/prover/d2/timed/repo/build/campaigns/dryrun-resumetest-20261005T141557Z-tampered/environment/quiet/S20261005T145037Z/session-a.json	GIT	47bac07895fd7bfe6c2cd5d63e3097e3dbf5c9e351b53a900701c5ba6aa954b3	7023	PRESENT	data/prover/d2/timed/SHA256SUMS	
data/prover/d2/timed/repo/build/campaigns/dryrun-resumetest-20261005T141557Z-tampered/environment/quiet/S20261005T145037Z/session-b.json	GIT	63b4318a6b4d3b75bf8e373dddb65ba6afe62ed0b93beb9ef10b1b4f526b0428	7023	PRESENT	data/prover/d2/timed/SHA256SUMS	
data/prover/d2/timed/repo/build/campaigns/dryrun-resumetest-20261005T141557Z-tampered/environment/quiet/S20261005T145037Z/session-check.json	GIT	2a594c69b63e042a2922bf36c7ee4174e9d8b6bab3805203e35767e60d955cd8	591	PRESENT	data/prover/d2/timed/SHA256SUMS	
data/prover/d2/timed/repo/build/campaigns/dryrun-resumetest-20261005T141557Z-tampered/environment/resume-test/harness-refusal.err	GIT	fec25e13794a78021d9881a211df9a50cf9e2f452d4d22a5cd4b3936b34b1e78	64	PRESENT	data/prover/d2/timed/SHA256SUMS	
data/prover/d2/timed/repo/build/campaigns/dryrun-resumetest-20261005T141557Z-tampered/environment/resume-test/refusal.txt	GIT	8a1c58b1d2d1e057bd23e15f8ca2d9d80477fbf96d58b0480362b96c25e4d8fb	44	PRESENT	data/prover/d2/timed/SHA256SUMS	
data/prover/d2/timed/repo/build/campaigns/dryrun-resumetest-20261005T141557Z-tampered/environment/run-campaign.log	GIT	aa80f51e1126173dcf49769389dedeb0f8f3895b63c3c31f1d82fa8883863d53	13521	PRESENT	data/prover/d2/timed/SHA256SUMS	
data/prover/d2/timed/repo/build/campaigns/dryrun-resumetest-20261005T141557Z-tampered/environment/sessions.csv	GIT	9e19af95f2184e378c9b0ae99276059a96f72559134d1eea4c7fba8f37c690e4	1803	PRESENT	data/prover/d2/timed/SHA256SUMS	
data/prover/d2/timed/repo/build/campaigns/dryrun-resumetest-20261005T141557Z-tampered/provenance/p7.json	GIT	3963b30a68fd198fc8641cdd3da199213ca9eed41b99eba3b3c2e960ca34bfe4	3296	PRESENT	data/prover/d2/timed/SHA256SUMS	
data/prover/d2/timed/repo/build/campaigns/dryrun-resumetest-20261005T141557Z-tampered/prover/cpu2/diag.csv	GIT	6dcd7023082b5202cc484df620f92662fc4a0ba603a1930ac9c5ff238ac117f8	1775	PRESENT	data/prover/d2/timed/SHA256SUMS	
data/prover/d2/timed/repo/build/campaigns/dryrun-resumetest-20261005T141557Z-tampered/prover/cpu2/rounds.csv	GIT	0172e7425b9bcfa6f16be31aea18242143453d408348981513153d2e2cef097b	1457	PRESENT	data/prover/d2/timed/SHA256SUMS	
data/prover/d2/timed/repo/build/campaigns/dryrun-resumetest-20261005T141557Z-tampered/prover/cpu2/runs.csv	GIT	e79481f60edde6c6974ffea1da891116144e94cb26ca69a0a9e45afdf48425a4	9310	PRESENT	data/prover/d2/timed/SHA256SUMS	
data/prover/d2/timed/repo/build/campaigns/dryrun-resumetest-20261005T141557Z-tampered/prover/cpu4/diag.csv	GIT	e2c9dd53d311273a1859de8e2189951728f7c9b13f47510c994c335f69abb2c5	1776	PRESENT	data/prover/d2/timed/SHA256SUMS	
data/prover/d2/timed/repo/build/campaigns/dryrun-resumetest-20261005T141557Z-tampered/prover/cpu4/rounds.csv	GIT	ad684aaa93f0a9e0f5173d2893f18c11368fca68b23b17d7a35919e559230cfd	1731	PRESENT	data/prover/d2/timed/SHA256SUMS	
data/prover/d2/timed/repo/build/campaigns/dryrun-resumetest-20261005T141557Z-tampered/prover/cpu4/runs.csv	GIT	e47e969b05f2fa9dca9f646a054462902203c496f428f36b5325b62084d443b4	11848	PRESENT	data/prover/d2/timed/SHA256SUMS	
data/prover/d2/timed/repo/build/campaigns/dryrun-resumetest-20261005T141557Z-tampered/prover/cpu8/diag.csv	GIT	ec96e44f7969d09bca1dde666121c927c3cde772df1d051bd1d82d2f67000a51	1776	PRESENT	data/prover/d2/timed/SHA256SUMS	
data/prover/d2/timed/repo/build/campaigns/dryrun-resumetest-20261005T141557Z-tampered/prover/cpu8/rounds.csv	GIT	164f547796aee1cafc97afb948ebd7eec0e33442b723b58f9c2da78e363e744f	1457	PRESENT	data/prover/d2/timed/SHA256SUMS	
data/prover/d2/timed/repo/build/campaigns/dryrun-resumetest-20261005T141557Z-tampered/prover/cpu8/runs.csv	GIT	5ac4a6c7061e1f03f7e178922ae1624e2b548d5b551995aa3de468015059f9bb	9307	PRESENT	data/prover/d2/timed/SHA256SUMS	
data/prover/d2/timed/repo/build/campaigns/dryrun-resumetest-20261005T141557Z-tampered/prover/execution_plan.csv	GIT	1c8f022050a56dfa40783f9d4b2feb2dbd8c3110c22dc0c3e0b56517c30f63ed	257	PRESENT	data/prover/d2/timed/SHA256SUMS	
data/prover/d2/timed/repo/build/campaigns/dryrun-resumetest-20261005T141557Z-tampered/prover/host_samples.csv	GIT	2962391f3416da8baeb6cedc1a5b68666c61f46942b8af4f3663883a92961d60	7419	PRESENT	data/prover/d2/timed/SHA256SUMS	
data/prover/d2/timed/repo/build/campaigns/dryrun-resumetest-20261005T141557Z-tampered/prover/round_ledger.csv	GIT	77e46f079ef3cbb1951f10df43fb27cc6a4290ca22219a9f276fef1ddbb7fe7f	915	PRESENT	data/prover/d2/timed/SHA256SUMS	
data/prover/d2/timed/repo/build/campaigns/dryrun-resumetest-20261005T141557Z-tampered/prover/schedule.csv	GIT	8b9ba7f82f0409175b32ab8a8198f68bbc10377ce663ae6f18d8b3cd0828745e	653	PRESENT	data/prover/d2/timed/SHA256SUMS	
data/prover/d2/timed/repo/build/campaigns/dryrun-resumetest-20261005T141557Z-tampered/prover/sessions/S20261005T141557Z/units.csv	GIT	3fd12e08ac62a4bd4b7133c25b1d509cfcc7802e9a8cc5da9d0c7706ba78ee5d	133	PRESENT	data/prover/d2/timed/SHA256SUMS	
data/prover/d2/timed/repo/build/campaigns/dryrun-resumetest-20261005T141557Z-tampered/prover/sessions/S20261005T142620Z/units.csv	GIT	6bd8367877d1f813970d28bca57c6ec8492624b20eb04172d565bd34b505544f	106	PRESENT	data/prover/d2/timed/SHA256SUMS	
data/prover/d2/timed/repo/build/campaigns/dryrun-resumetest-20261005T141557Z-tampered/prover/sessions/S20261005T143431Z/units.csv	GIT	cb42eac089b56abb2197a058c1fcb438d767f1cc2eaa14efd37f7cd6575e532f	106	PRESENT	data/prover/d2/timed/SHA256SUMS	
data/prover/d2/timed/repo/build/campaigns/dryrun-resumetest-20261005T141557Z/CAMPAIGN.json	GIT	cbe1dfd8899fb51e74c4b37a14f31ffbe6b4b16f6d3769a78ac9cf514d94b734	5095	PRESENT	data/prover/d2/timed/SHA256SUMS	
data/prover/d2/timed/repo/build/campaigns/dryrun-resumetest-20261005T141557Z/derived/prover_diag.csv	GIT	436ee60d05a6ff0b6c504828f7582276af171564aaab8366b4bab08b65a43a19	975	PRESENT	data/prover/d2/timed/SHA256SUMS	
data/prover/d2/timed/repo/build/campaigns/dryrun-resumetest-20261005T141557Z/derived/prover_summary.csv	GIT	9ca3f56a5dfc770592cd8b364f9b2a4c5b6997777b33e13d0baebcdbe8d3a649	6062	PRESENT	data/prover/d2/timed/SHA256SUMS	
data/prover/d2/timed/repo/build/campaigns/dryrun-resumetest-20261005T141557Z/derived/validation.json	GIT	c26c81b9da8efbd07cc9b1e6ed4c84a38d29d3dea93335fe7d148c1ee19b9e9e	3030	PRESENT	data/prover/d2/timed/SHA256SUMS	
data/prover/d2/timed/repo/build/campaigns/dryrun-resumetest-20261005T141557Z/environment/RESULT-S20261005T141557Z.txt	GIT	c341d93319cea017d32b88cb77090c4b8ae2fd76c8928cc830d7f93931eafce5	226	PRESENT	data/prover/d2/timed/SHA256SUMS	
data/prover/d2/timed/repo/build/campaigns/dryrun-resumetest-20261005T141557Z/environment/RESULT-S20261005T142620Z.txt	GIT	225aa4d02611b67d9cf48ce529c697a214bb7aef59d36b78c5024a4a79655f34	59	PRESENT	data/prover/d2/timed/SHA256SUMS	
data/prover/d2/timed/repo/build/campaigns/dryrun-resumetest-20261005T141557Z/environment/RESULT-S20261005T143431Z.txt	GIT	584987059f04a5695985309362ddcefa2f91968f86b2b7a1074bb053cc03bc95	113	PRESENT	data/prover/d2/timed/SHA256SUMS	
data/prover/d2/timed/repo/build/campaigns/dryrun-resumetest-20261005T141557Z/environment/RESULT.txt	GIT	584987059f04a5695985309362ddcefa2f91968f86b2b7a1074bb053cc03bc95	113	PRESENT	data/prover/d2/timed/SHA256SUMS	
data/prover/d2/timed/repo/build/campaigns/dryrun-resumetest-20261005T141557Z/environment/base-image-index.json	GIT	ca3d163bab055381827226140568f3bef7eaac187cebd76878e0b63e9e442356	3	PRESENT	data/prover/d2/timed/SHA256SUMS	
data/prover/d2/timed/repo/build/campaigns/dryrun-resumetest-20261005T141557Z/environment/corpus-after-S20261005T141557Z.txt	GIT	69d3ab033a2c67d2cb7d9491a9326d885644b3ce623f73da4941cd0d944e168e	1613	PRESENT	data/prover/d2/timed/SHA256SUMS	
data/prover/d2/timed/repo/build/campaigns/dryrun-resumetest-20261005T141557Z/environment/corpus-after-S20261005T143431Z.txt	GIT	69d3ab033a2c67d2cb7d9491a9326d885644b3ce623f73da4941cd0d944e168e	1613	PRESENT	data/prover/d2/timed/SHA256SUMS	
data/prover/d2/timed/repo/build/campaigns/dryrun-resumetest-20261005T141557Z/environment/corpus-before-S20261005T141557Z.txt	GIT	69d3ab033a2c67d2cb7d9491a9326d885644b3ce623f73da4941cd0d944e168e	1613	PRESENT	data/prover/d2/timed/SHA256SUMS	
data/prover/d2/timed/repo/build/campaigns/dryrun-resumetest-20261005T141557Z/environment/corpus-before-S20261005T142620Z.txt	GIT	69d3ab033a2c67d2cb7d9491a9326d885644b3ce623f73da4941cd0d944e168e	1613	PRESENT	data/prover/d2/timed/SHA256SUMS	
data/prover/d2/timed/repo/build/campaigns/dryrun-resumetest-20261005T141557Z/environment/corpus-before-S20261005T143431Z.txt	GIT	69d3ab033a2c67d2cb7d9491a9326d885644b3ce623f73da4941cd0d944e168e	1613	PRESENT	data/prover/d2/timed/SHA256SUMS	
data/prover/d2/timed/repo/build/campaigns/dryrun-resumetest-20261005T141557Z/environment/docker-build-S20261005T141557Z.log	GIT	9074929cdefafe8a7056b90d0d86083cc6bfa7e94be80516a8a5ad080cfd473b	1533	PRESENT	data/prover/d2/timed/SHA256SUMS	
data/prover/d2/timed/repo/build/campaigns/dryrun-resumetest-20261005T141557Z/environment/docker-info-S20261005T141557Z.json	GIT	8ba0a0ac77b173759c0e2b4c556cf2d8781295e04429f6dc84195b73de230320	9180	PRESENT	data/prover/d2/timed/SHA256SUMS	
data/prover/d2/timed/repo/build/campaigns/dryrun-resumetest-20261005T141557Z/environment/docker-info-S20261005T142620Z.json	GIT	c0c4646e8397c87059083cc7e09b7723be197356ae3220059dae6af6dd846bd2	9179	PRESENT	data/prover/d2/timed/SHA256SUMS	
data/prover/d2/timed/repo/build/campaigns/dryrun-resumetest-20261005T141557Z/environment/docker-info-S20261005T143431Z.json	GIT	1190e86263480837b6d503527730b79d063f8de91c43a6c794861eb3c4040beb	9180	PRESENT	data/prover/d2/timed/SHA256SUMS	
data/prover/d2/timed/repo/build/campaigns/dryrun-resumetest-20261005T141557Z/environment/docker-version-S20261005T141557Z.json	GIT	976e6b3fd06cf4a028226ec8f3fa7df0cba3583752dcf8e7a226528b84dce015	1007	PRESENT	data/prover/d2/timed/SHA256SUMS	
data/prover/d2/timed/repo/build/campaigns/dryrun-resumetest-20261005T141557Z/environment/docker-version-S20261005T142620Z.json	GIT	976e6b3fd06cf4a028226ec8f3fa7df0cba3583752dcf8e7a226528b84dce015	1007	PRESENT	data/prover/d2/timed/SHA256SUMS	
data/prover/d2/timed/repo/build/campaigns/dryrun-resumetest-20261005T141557Z/environment/docker-version-S20261005T143431Z.json	GIT	976e6b3fd06cf4a028226ec8f3fa7df0cba3583752dcf8e7a226528b84dce015	1007	PRESENT	data/prover/d2/timed/SHA256SUMS	
data/prover/d2/timed/repo/build/campaigns/dryrun-resumetest-20261005T141557Z/environment/host-S20261005T141557Z.txt	GIT	910f2ef50d15e95ecc12985834c5d575ffb5bed7888c4702fee8e9d811aed1f7	741	PRESENT	data/prover/d2/timed/SHA256SUMS	
data/prover/d2/timed/repo/build/campaigns/dryrun-resumetest-20261005T141557Z/environment/host-S20261005T142620Z.txt	GIT	f40c6d70b171f56143e38ac58f1b3c841b8ac8b7583007c49b02c7c01d25d53a	743	PRESENT	data/prover/d2/timed/SHA256SUMS	
data/prover/d2/timed/repo/build/campaigns/dryrun-resumetest-20261005T141557Z/environment/host-S20261005T143431Z.txt	GIT	8db1c4b7ba85ead9d3afc57aa2c9988794f04e9b247f3b00ed5b9ba0d8d547c0	743	PRESENT	data/prover/d2/timed/SHA256SUMS	
data/prover/d2/timed/repo/build/campaigns/dryrun-resumetest-20261005T141557Z/environment/host-detail-S20261005T141557Z.txt	GIT	af8043a025d231a2b6440dbfa51a0c8d0e4b6d426cab9d227af25b75536a854a	4437	PRESENT	data/prover/d2/timed/SHA256SUMS	
data/prover/d2/timed/repo/build/campaigns/dryrun-resumetest-20261005T141557Z/environment/host-detail-S20261005T142620Z.txt	GIT	da4251545a6911f9a03a6dabd19ee0d0d104485980cf314a6c80a35dde20d987	4437	PRESENT	data/prover/d2/timed/SHA256SUMS	
data/prover/d2/timed/repo/build/campaigns/dryrun-resumetest-20261005T141557Z/environment/host-detail-S20261005T143431Z.txt	GIT	6e01d0f63d605c7c63fc66d0c2e38001387ba67c5a1db6e544f6c9088dc72af3	4437	PRESENT	data/prover/d2/timed/SHA256SUMS	
data/prover/d2/timed/repo/build/campaigns/dryrun-resumetest-20261005T141557Z/environment/host.txt	GIT	8db1c4b7ba85ead9d3afc57aa2c9988794f04e9b247f3b00ed5b9ba0d8d547c0	743	PRESENT	data/prover/d2/timed/SHA256SUMS	
data/prover/d2/timed/repo/build/campaigns/dryrun-resumetest-20261005T141557Z/environment/integrity-S20261005T141557Z.json	GIT	81b5de4f9e44c2f777e7aa6f5b2050d2837cc42e3b9c4c91fbcf01ddcc35e7d8	371	PRESENT	data/prover/d2/timed/SHA256SUMS	
data/prover/d2/timed/repo/build/campaigns/dryrun-resumetest-20261005T141557Z/environment/integrity-S20261005T143431Z.json	GIT	27b676886d47f5f3ab967bac303c1dc03fdba5ffd7e2366703ce70d9aa3bc958	371	PRESENT	data/prover/d2/timed/SHA256SUMS	
data/prover/d2/timed/repo/build/campaigns/dryrun-resumetest-20261005T141557Z/environment/integrity.json	GIT	27b676886d47f5f3ab967bac303c1dc03fdba5ffd7e2366703ce70d9aa3bc958	371	PRESENT	data/prover/d2/timed/SHA256SUMS	
data/prover/d2/timed/repo/build/campaigns/dryrun-resumetest-20261005T141557Z/environment/manifest-after-S20261005T141557Z.txt	GIT	b5bbd96900ea8376723f209dfc71a93cfadd69693cf68e89a3df2b70db9c4ff3	11158	PRESENT	data/prover/d2/timed/SHA256SUMS	
data/prover/d2/timed/repo/build/campaigns/dryrun-resumetest-20261005T141557Z/environment/manifest-after-S20261005T143431Z.txt	GIT	b5bbd96900ea8376723f209dfc71a93cfadd69693cf68e89a3df2b70db9c4ff3	11158	PRESENT	data/prover/d2/timed/SHA256SUMS	
data/prover/d2/timed/repo/build/campaigns/dryrun-resumetest-20261005T141557Z/environment/manifest-before-S20261005T141557Z.txt	GIT	b5bbd96900ea8376723f209dfc71a93cfadd69693cf68e89a3df2b70db9c4ff3	11158	PRESENT	data/prover/d2/timed/SHA256SUMS	
data/prover/d2/timed/repo/build/campaigns/dryrun-resumetest-20261005T141557Z/environment/manifest-before-S20261005T142620Z.txt	GIT	b5bbd96900ea8376723f209dfc71a93cfadd69693cf68e89a3df2b70db9c4ff3	11158	PRESENT	data/prover/d2/timed/SHA256SUMS	
data/prover/d2/timed/repo/build/campaigns/dryrun-resumetest-20261005T141557Z/environment/manifest-before-S20261005T143431Z.txt	GIT	b5bbd96900ea8376723f209dfc71a93cfadd69693cf68e89a3df2b70db9c4ff3	11158	PRESENT	data/prover/d2/timed/SHA256SUMS	
data/prover/d2/timed/repo/build/campaigns/dryrun-resumetest-20261005T141557Z/environment/preflight/S20261005T141557Z/control-mismatch.err	GIT	79a1068d8d06cd9a7564501aaad7429313e30c0a5dbf8d62fa1dd3d1396e0cd5	74	PRESENT	data/prover/d2/timed/SHA256SUMS	
data/prover/d2/timed/repo/build/campaigns/dryrun-resumetest-20261005T141557Z/environment/preflight/S20261005T141557Z/control-mismatch.out	GIT	e3b0c44298fc1c149afbf4c8996fb92427ae41e4649b934ca495991b7852b855	0	PRESENT	data/prover/d2/timed/SHA256SUMS	
data/prover/d2/timed/repo/build/campaigns/dryrun-resumetest-20261005T141557Z/environment/preflight/S20261005T141557Z/control-no-adapter.err	GIT	e3b0c44298fc1c149afbf4c8996fb92427ae41e4649b934ca495991b7852b855	0	PRESENT	data/prover/d2/timed/SHA256SUMS	
data/prover/d2/timed/repo/build/campaigns/dryrun-resumetest-20261005T141557Z/environment/preflight/S20261005T141557Z/control-no-adapter.out	GIT	51de02c5d1a0ad1ea97780a96d14f237bd44d8bc21823f30888bcf0e30b2e142	1095	PRESENT	data/prover/d2/timed/SHA256SUMS	
data/prover/d2/timed/repo/build/campaigns/dryrun-resumetest-20261005T141557Z/environment/preflight/S20261005T141557Z/control-quota-only.err	GIT	048142f28870c7c139f8df828848d7ccccbabce99d24badd8c4c6725f0c5d636	78	PRESENT	data/prover/d2/timed/SHA256SUMS	
data/prover/d2/timed/repo/build/campaigns/dryrun-resumetest-20261005T141557Z/environment/preflight/S20261005T141557Z/control-quota-only.out	GIT	e3b0c44298fc1c149afbf4c8996fb92427ae41e4649b934ca495991b7852b855	0	PRESENT	data/prover/d2/timed/SHA256SUMS	
data/prover/d2/timed/repo/build/campaigns/dryrun-resumetest-20261005T141557Z/environment/preflight/S20261005T141557Z/controls-exit.txt	GIT	3454e7ce5a045622ed2a6093428139c6438d620781102d7b0e610c3e11901592	46	PRESENT	data/prover/d2/timed/SHA256SUMS	
data/prover/d2/timed/repo/build/campaigns/dryrun-resumetest-20261005T141557Z/environment/preflight/S20261005T141557Z/controls.json	GIT	87ad74bdf32ab874853c229675bb443a565cd269e7ac25782238a51ab49b4416	750	PRESENT	data/prover/d2/timed/SHA256SUMS	
data/prover/d2/timed/repo/build/campaigns/dryrun-resumetest-20261005T141557Z/environment/preflight/S20261005T141557Z/profile-cpu2.json	GIT	ff1470e4aaeae1ee7026cf361e41d5a6c4f0462ec1471108b7f239b34ea79819	4127	PRESENT	data/prover/d2/timed/SHA256SUMS	
data/prover/d2/timed/repo/build/campaigns/dryrun-resumetest-20261005T141557Z/environment/preflight/S20261005T141557Z/profile-cpu4.json	GIT	54e51d5c45cdfcddbc53c5536833a01ac57cd74434d27bc54bfa62292d664f89	4149	PRESENT	data/prover/d2/timed/SHA256SUMS	
data/prover/d2/timed/repo/build/campaigns/dryrun-resumetest-20261005T141557Z/environment/preflight/S20261005T141557Z/profile-cpu8.json	GIT	dbf5e8b526b8f4a6e56259a194b71813e8dc968d8811c2f4ee9af6e49f3d417e	4193	PRESENT	data/prover/d2/timed/SHA256SUMS	
data/prover/d2/timed/repo/build/campaigns/dryrun-resumetest-20261005T141557Z/environment/preflight/S20261005T142620Z/control-mismatch.err	GIT	79a1068d8d06cd9a7564501aaad7429313e30c0a5dbf8d62fa1dd3d1396e0cd5	74	PRESENT	data/prover/d2/timed/SHA256SUMS	
data/prover/d2/timed/repo/build/campaigns/dryrun-resumetest-20261005T141557Z/environment/preflight/S20261005T142620Z/control-mismatch.out	GIT	e3b0c44298fc1c149afbf4c8996fb92427ae41e4649b934ca495991b7852b855	0	PRESENT	data/prover/d2/timed/SHA256SUMS	
data/prover/d2/timed/repo/build/campaigns/dryrun-resumetest-20261005T141557Z/environment/preflight/S20261005T142620Z/control-no-adapter.err	GIT	e3b0c44298fc1c149afbf4c8996fb92427ae41e4649b934ca495991b7852b855	0	PRESENT	data/prover/d2/timed/SHA256SUMS	
data/prover/d2/timed/repo/build/campaigns/dryrun-resumetest-20261005T141557Z/environment/preflight/S20261005T142620Z/control-no-adapter.out	GIT	0536b606faa2c5d2fa3fe5932eaec9356b22d20860763011eb5f9c3d091e27de	1095	PRESENT	data/prover/d2/timed/SHA256SUMS	
data/prover/d2/timed/repo/build/campaigns/dryrun-resumetest-20261005T141557Z/environment/preflight/S20261005T142620Z/control-quota-only.err	GIT	048142f28870c7c139f8df828848d7ccccbabce99d24badd8c4c6725f0c5d636	78	PRESENT	data/prover/d2/timed/SHA256SUMS	
data/prover/d2/timed/repo/build/campaigns/dryrun-resumetest-20261005T141557Z/environment/preflight/S20261005T142620Z/control-quota-only.out	GIT	e3b0c44298fc1c149afbf4c8996fb92427ae41e4649b934ca495991b7852b855	0	PRESENT	data/prover/d2/timed/SHA256SUMS	
data/prover/d2/timed/repo/build/campaigns/dryrun-resumetest-20261005T141557Z/environment/preflight/S20261005T142620Z/controls-exit.txt	GIT	3454e7ce5a045622ed2a6093428139c6438d620781102d7b0e610c3e11901592	46	PRESENT	data/prover/d2/timed/SHA256SUMS	
data/prover/d2/timed/repo/build/campaigns/dryrun-resumetest-20261005T141557Z/environment/preflight/S20261005T142620Z/controls.json	GIT	a9d836481247ef321828d3de7f317ea12508111ff4263bf79e1f4d332f43c8f3	750	PRESENT	data/prover/d2/timed/SHA256SUMS	
data/prover/d2/timed/repo/build/campaigns/dryrun-resumetest-20261005T141557Z/environment/preflight/S20261005T142620Z/profile-cpu2.json	GIT	9b2fc02779da5d2fa57ca14fcb53da8678c1c06368d0426624a7549a7a174c7a	4127	PRESENT	data/prover/d2/timed/SHA256SUMS	
data/prover/d2/timed/repo/build/campaigns/dryrun-resumetest-20261005T141557Z/environment/preflight/S20261005T142620Z/profile-cpu4.json	GIT	bccf77246a48b0b6490f220f7855660a72d6ca81513654332ea5ba1341bfd265	4149	PRESENT	data/prover/d2/timed/SHA256SUMS	
data/prover/d2/timed/repo/build/campaigns/dryrun-resumetest-20261005T141557Z/environment/preflight/S20261005T142620Z/profile-cpu8.json	GIT	d97421deec3e192a51d390bcc0fce583dde0f3200c46d94dbcf84e026ed4ac44	4194	PRESENT	data/prover/d2/timed/SHA256SUMS	
data/prover/d2/timed/repo/build/campaigns/dryrun-resumetest-20261005T141557Z/environment/preflight/S20261005T143431Z/control-mismatch.err	GIT	79a1068d8d06cd9a7564501aaad7429313e30c0a5dbf8d62fa1dd3d1396e0cd5	74	PRESENT	data/prover/d2/timed/SHA256SUMS	
data/prover/d2/timed/repo/build/campaigns/dryrun-resumetest-20261005T141557Z/environment/preflight/S20261005T143431Z/control-mismatch.out	GIT	e3b0c44298fc1c149afbf4c8996fb92427ae41e4649b934ca495991b7852b855	0	PRESENT	data/prover/d2/timed/SHA256SUMS	
data/prover/d2/timed/repo/build/campaigns/dryrun-resumetest-20261005T141557Z/environment/preflight/S20261005T143431Z/control-no-adapter.err	GIT	e3b0c44298fc1c149afbf4c8996fb92427ae41e4649b934ca495991b7852b855	0	PRESENT	data/prover/d2/timed/SHA256SUMS	
data/prover/d2/timed/repo/build/campaigns/dryrun-resumetest-20261005T141557Z/environment/preflight/S20261005T143431Z/control-no-adapter.out	GIT	6ff0516ccf4267f100fae80209458669d8575759b127ff406c39eb3581440672	1095	PRESENT	data/prover/d2/timed/SHA256SUMS	
data/prover/d2/timed/repo/build/campaigns/dryrun-resumetest-20261005T141557Z/environment/preflight/S20261005T143431Z/control-quota-only.err	GIT	048142f28870c7c139f8df828848d7ccccbabce99d24badd8c4c6725f0c5d636	78	PRESENT	data/prover/d2/timed/SHA256SUMS	
data/prover/d2/timed/repo/build/campaigns/dryrun-resumetest-20261005T141557Z/environment/preflight/S20261005T143431Z/control-quota-only.out	GIT	e3b0c44298fc1c149afbf4c8996fb92427ae41e4649b934ca495991b7852b855	0	PRESENT	data/prover/d2/timed/SHA256SUMS	
data/prover/d2/timed/repo/build/campaigns/dryrun-resumetest-20261005T141557Z/environment/preflight/S20261005T143431Z/controls-exit.txt	GIT	3454e7ce5a045622ed2a6093428139c6438d620781102d7b0e610c3e11901592	46	PRESENT	data/prover/d2/timed/SHA256SUMS	
data/prover/d2/timed/repo/build/campaigns/dryrun-resumetest-20261005T141557Z/environment/preflight/S20261005T143431Z/controls.json	GIT	0530127488cc30b827856c53a4005080b7cb99de5150d40a00643f7f28f19a84	750	PRESENT	data/prover/d2/timed/SHA256SUMS	
data/prover/d2/timed/repo/build/campaigns/dryrun-resumetest-20261005T141557Z/environment/preflight/S20261005T143431Z/profile-cpu2.json	GIT	d5061561f37574ebba1fec0ebe1d14bcab243cb04becf7556105348c82696775	4127	PRESENT	data/prover/d2/timed/SHA256SUMS	
data/prover/d2/timed/repo/build/campaigns/dryrun-resumetest-20261005T141557Z/environment/preflight/S20261005T143431Z/profile-cpu4.json	GIT	158aaca285490344b0d426142f088cf657c702e0aa9677578f6d7bc1273db771	4149	PRESENT	data/prover/d2/timed/SHA256SUMS	
data/prover/d2/timed/repo/build/campaigns/dryrun-resumetest-20261005T141557Z/environment/preflight/S20261005T143431Z/profile-cpu8.json	GIT	889835b6865319282e811a18feb3dd58157a209baec35afa3e8cc0478e46d8c4	4193	PRESENT	data/prover/d2/timed/SHA256SUMS	
data/prover/d2/timed/repo/build/campaigns/dryrun-resumetest-20261005T141557Z/environment/quiet-selftest-S20261005T141557Z.txt	GIT	6f7f116b2b60936b6d0b3abe96cb303587a3ea12ec736676426277c6df6b359a	352	PRESENT	data/prover/d2/timed/SHA256SUMS	
data/prover/d2/timed/repo/build/campaigns/dryrun-resumetest-20261005T141557Z/environment/quiet-selftest-S20261005T142620Z.txt	GIT	6f7f116b2b60936b6d0b3abe96cb303587a3ea12ec736676426277c6df6b359a	352	PRESENT	data/prover/d2/timed/SHA256SUMS	
data/prover/d2/timed/repo/build/campaigns/dryrun-resumetest-20261005T141557Z/environment/quiet-selftest-S20261005T143431Z.txt	GIT	6f7f116b2b60936b6d0b3abe96cb303587a3ea12ec736676426277c6df6b359a	352	PRESENT	data/prover/d2/timed/SHA256SUMS	
data/prover/d2/timed/repo/build/campaigns/dryrun-resumetest-20261005T141557Z/environment/quiet/S20261005T141557Z/c0001-during.json	GIT	41581749efe828bd4d1f5e5ccfff5008eee626fdac7493f98c892f5bb611b5d9	595	PRESENT	data/prover/d2/timed/SHA256SUMS	
data/prover/d2/timed/repo/build/campaigns/dryrun-resumetest-20261005T141557Z/environment/quiet/S20261005T141557Z/c0001-pre-a.json	GIT	40d8d9abcf9421f5ed2d838e6a58a7e701d95453fb4e8ec9b67af2a66fd02c00	7023	PRESENT	data/prover/d2/timed/SHA256SUMS	
data/prover/d2/timed/repo/build/campaigns/dryrun-resumetest-20261005T141557Z/environment/quiet/S20261005T141557Z/c0001-pre-b.json	GIT	3b477f2c04aa5c7bb45aaf8b50ffa44bad0271c292c73ba858412c1d0deaa4a6	7022	PRESENT	data/prover/d2/timed/SHA256SUMS	
data/prover/d2/timed/repo/build/campaigns/dryrun-resumetest-20261005T141557Z/environment/quiet/S20261005T141557Z/c0001-pre.json	GIT	3fe28908d7871262c8272cd38a0af299e715c7d4d234cb5e7f5cee96b213c2e7	591	PRESENT	data/prover/d2/timed/SHA256SUMS	
data/prover/d2/timed/repo/build/campaigns/dryrun-resumetest-20261005T141557Z/environment/quiet/S20261005T141557Z/c0001-run-a.json	GIT	b5da39f76a6a8e990dc4930ec6674dc219320fa46f34290a9d6246e5bab46905	7023	PRESENT	data/prover/d2/timed/SHA256SUMS	
data/prover/d2/timed/repo/build/campaigns/dryrun-resumetest-20261005T141557Z/environment/quiet/S20261005T141557Z/c0001-run-b.json	GIT	6ab4e8c1892e22b912cf0188f2c1c385f53aec81e5fcf13a4335280fe4d6dce9	7023	PRESENT	data/prover/d2/timed/SHA256SUMS	
data/prover/d2/timed/repo/build/campaigns/dryrun-resumetest-20261005T141557Z/environment/quiet/S20261005T141557Z/c0002-during.json	GIT	a4d22cbb8a5128c95d4d4e02c46ddf405504b4a964fe911a0958015d4949be23	577	PRESENT	data/prover/d2/timed/SHA256SUMS	
data/prover/d2/timed/repo/build/campaigns/dryrun-resumetest-20261005T141557Z/environment/quiet/S20261005T141557Z/c0002-pre-a.json	GIT	91132e5d7f27c46fa989ed530770cd4a0687ec8ae5b46cea652916dfdc436ad8	7022	PRESENT	data/prover/d2/timed/SHA256SUMS	
data/prover/d2/timed/repo/build/campaigns/dryrun-resumetest-20261005T141557Z/environment/quiet/S20261005T141557Z/c0002-pre-b.json	GIT	21af145ef02692c272fc485552586de4d8cc52ee46ca012a25af9fb917856b53	7023	PRESENT	data/prover/d2/timed/SHA256SUMS	
data/prover/d2/timed/repo/build/campaigns/dryrun-resumetest-20261005T141557Z/environment/quiet/S20261005T141557Z/c0002-pre.json	GIT	091a96df90e82f2d870abf2103b93d4db02f8d1fccb6dae8a09cfc9e0a1081e1	570	PRESENT	data/prover/d2/timed/SHA256SUMS	
data/prover/d2/timed/repo/build/campaigns/dryrun-resumetest-20261005T141557Z/environment/quiet/S20261005T141557Z/c0002-run-a.json	GIT	9f33e2d476d555f5259a4aa45fa2274d2a28afa4be9884ca76c6c43290077418	7023	PRESENT	data/prover/d2/timed/SHA256SUMS	
data/prover/d2/timed/repo/build/campaigns/dryrun-resumetest-20261005T141557Z/environment/quiet/S20261005T141557Z/c0002-run-b.json	GIT	0364fc2f30b93a95da1425c9bbd882f9679935a72ea80948f11791f09afa7691	7023	PRESENT	data/prover/d2/timed/SHA256SUMS	
data/prover/d2/timed/repo/build/campaigns/dryrun-resumetest-20261005T141557Z/environment/quiet/S20261005T141557Z/c0003-during.json	GIT	5ac723446f45ed4275eb173e0d7035ba85f89257053919ab2c47f54840e1b3dc	582	PRESENT	data/prover/d2/timed/SHA256SUMS	
data/prover/d2/timed/repo/build/campaigns/dryrun-resumetest-20261005T141557Z/environment/quiet/S20261005T141557Z/c0003-pre-a.json	GIT	4f2dae354902f24c52cab3d4affadfd51ab8f9b98f49b426003697ed2fbc88cd	7023	PRESENT	data/prover/d2/timed/SHA256SUMS	
data/prover/d2/timed/repo/build/campaigns/dryrun-resumetest-20261005T141557Z/environment/quiet/S20261005T141557Z/c0003-pre-b.json	GIT	6f2ae22973dd1bca611ca49aad311370a904525f94811db962dd03cdc2997971	7023	PRESENT	data/prover/d2/timed/SHA256SUMS	
data/prover/d2/timed/repo/build/campaigns/dryrun-resumetest-20261005T141557Z/environment/quiet/S20261005T141557Z/c0003-pre.json	GIT	fb661fbdabb3e8ebaa1f03585d3af16ceaf7304643f3aeabd442733496e870ec	576	PRESENT	data/prover/d2/timed/SHA256SUMS	
data/prover/d2/timed/repo/build/campaigns/dryrun-resumetest-20261005T141557Z/environment/quiet/S20261005T141557Z/c0003-run-a.json	GIT	bc5876fdd551e5267ae0f9acf0eacfcae5af2eceb3346e037928046ec140528c	7023	PRESENT	data/prover/d2/timed/SHA256SUMS	
data/prover/d2/timed/repo/build/campaigns/dryrun-resumetest-20261005T141557Z/environment/quiet/S20261005T141557Z/c0003-run-b.json	GIT	31dcf88c3bb1aff1bedfbeb09dd0ba73b8e9bdbf375f5aa9c083eed52d583b11	7022	PRESENT	data/prover/d2/timed/SHA256SUMS	
data/prover/d2/timed/repo/build/campaigns/dryrun-resumetest-20261005T141557Z/environment/quiet/S20261005T141557Z/session-a.json	GIT	d3ced16d945c70ad154ec7e11bc1850ce0915ad2028fd3186ceaa034d8d9e086	7022	PRESENT	data/prover/d2/timed/SHA256SUMS	
data/prover/d2/timed/repo/build/campaigns/dryrun-resumetest-20261005T141557Z/environment/quiet/S20261005T141557Z/session-b.json	GIT	beb220f11cd9f9c648641734ebfbee6c0a60f90e51cafd7c56d425558d776d68	7020	PRESENT	data/prover/d2/timed/SHA256SUMS	
data/prover/d2/timed/repo/build/campaigns/dryrun-resumetest-20261005T141557Z/environment/quiet/S20261005T141557Z/session-check.json	GIT	ac40babb3c90e7d4953e1536c409a04f3f4c1a381d7b1c98709fb784eee7f7d1	583	PRESENT	data/prover/d2/timed/SHA256SUMS	
data/prover/d2/timed/repo/build/campaigns/dryrun-resumetest-20261005T141557Z/environment/quiet/S20261005T142620Z/c0001-during.json	GIT	f467914b486d6ee7b783e04cf4db5ca8769c156e10e752095f1bdadb855c765a	583	PRESENT	data/prover/d2/timed/SHA256SUMS	
data/prover/d2/timed/repo/build/campaigns/dryrun-resumetest-20261005T141557Z/environment/quiet/S20261005T142620Z/c0001-pre-a.json	GIT	912d91431c4f0f519d61bdd80b507d7350df4b8e37123c7886314f057a06334b	7022	PRESENT	data/prover/d2/timed/SHA256SUMS	
data/prover/d2/timed/repo/build/campaigns/dryrun-resumetest-20261005T141557Z/environment/quiet/S20261005T142620Z/c0001-pre-b.json	GIT	48e753d4f959956173acb215a8d3b920961c93e0e59092410c9468363f4aa788	7023	PRESENT	data/prover/d2/timed/SHA256SUMS	
data/prover/d2/timed/repo/build/campaigns/dryrun-resumetest-20261005T141557Z/environment/quiet/S20261005T142620Z/c0001-pre.json	GIT	1e0c3967fb3e21da7715b5efbfac75e92c418a78b97662b87b6e016885b2fd54	579	PRESENT	data/prover/d2/timed/SHA256SUMS	
data/prover/d2/timed/repo/build/campaigns/dryrun-resumetest-20261005T141557Z/environment/quiet/S20261005T142620Z/c0001-run-a.json	GIT	58204c5890a01fac88b763fe90443c974ff98d33ebb001e28846a4399d6d30cb	7021	PRESENT	data/prover/d2/timed/SHA256SUMS	
data/prover/d2/timed/repo/build/campaigns/dryrun-resumetest-20261005T141557Z/environment/quiet/S20261005T142620Z/c0001-run-b.json	GIT	dcb3751c45f575edabf58fba18e0388a7e7a2025e10004320cbcc28b93a1d442	7023	PRESENT	data/prover/d2/timed/SHA256SUMS	
data/prover/d2/timed/repo/build/campaigns/dryrun-resumetest-20261005T141557Z/environment/quiet/S20261005T142620Z/session-a.json	GIT	515667e74bcd7e13626ce56d2ad93787fca4d3e732bb00d290da51bc7a8fed41	7023	PRESENT	data/prover/d2/timed/SHA256SUMS	
data/prover/d2/timed/repo/build/campaigns/dryrun-resumetest-20261005T141557Z/environment/quiet/S20261005T142620Z/session-b.json	GIT	e11b2192cea9eef622096d5f1669a909ce1ad4d6a2fd7ba26a294c26489d5b91	7023	PRESENT	data/prover/d2/timed/SHA256SUMS	
data/prover/d2/timed/repo/build/campaigns/dryrun-resumetest-20261005T141557Z/environment/quiet/S20261005T142620Z/session-check.json	GIT	a67d66f644beec4d1d48a3e0b9f314ba3b8c584ea5b02d625f9add9d8dffec0b	591	PRESENT	data/prover/d2/timed/SHA256SUMS	
data/prover/d2/timed/repo/build/campaigns/dryrun-resumetest-20261005T141557Z/environment/quiet/S20261005T143431Z/c0001-during.json	GIT	a1966944377caacc004245377471ccb4ca3a6c4cbb16d6bde90f2f773e2cb411	581	PRESENT	data/prover/d2/timed/SHA256SUMS	
data/prover/d2/timed/repo/build/campaigns/dryrun-resumetest-20261005T141557Z/environment/quiet/S20261005T143431Z/c0001-pre-a.json	GIT	742e380141f540e1566db2de30e0ee9bdfdd58e7a547662f6c885dfb3f88ca87	7023	PRESENT	data/prover/d2/timed/SHA256SUMS	
data/prover/d2/timed/repo/build/campaigns/dryrun-resumetest-20261005T141557Z/environment/quiet/S20261005T143431Z/c0001-pre-b.json	GIT	419319b93923eaf29732d96412d55b0b6bd2fc22e2fdd1aafbca828f276e3161	7023	PRESENT	data/prover/d2/timed/SHA256SUMS	
data/prover/d2/timed/repo/build/campaigns/dryrun-resumetest-20261005T141557Z/environment/quiet/S20261005T143431Z/c0001-pre.json	GIT	80c0ed860883186109647aa8026b5453e1563f55ce949d62b4fd8edde38c0eb1	576	PRESENT	data/prover/d2/timed/SHA256SUMS	
data/prover/d2/timed/repo/build/campaigns/dryrun-resumetest-20261005T141557Z/environment/quiet/S20261005T143431Z/c0001-run-a.json	GIT	f22efebbf56712370fff046f9d4d78c744a186fce96567c7ffbf4c75c27ff945	7020	PRESENT	data/prover/d2/timed/SHA256SUMS	
data/prover/d2/timed/repo/build/campaigns/dryrun-resumetest-20261005T141557Z/environment/quiet/S20261005T143431Z/c0001-run-b.json	GIT	6cdefc27e0e1b021953f69431e6e8c88ec89b47d58261d9f7bc230e3a7d84dba	7021	PRESENT	data/prover/d2/timed/SHA256SUMS	
data/prover/d2/timed/repo/build/campaigns/dryrun-resumetest-20261005T141557Z/environment/quiet/S20261005T143431Z/c0002-during.json	GIT	f21347ce30ce2acbab8e620a7c6b8fabb232b84f7e3e9aa68f3103a7618da70e	594	PRESENT	data/prover/d2/timed/SHA256SUMS	
data/prover/d2/timed/repo/build/campaigns/dryrun-resumetest-20261005T141557Z/environment/quiet/S20261005T143431Z/c0002-pre-a.json	GIT	4e00a80bbb0efd61e9ebd0f1d3da2b1fa0ce4e00964ed00eea4dc0f2fb8e3019	7023	PRESENT	data/prover/d2/timed/SHA256SUMS	
data/prover/d2/timed/repo/build/campaigns/dryrun-resumetest-20261005T141557Z/environment/quiet/S20261005T143431Z/c0002-pre-b.json	GIT	22cbfd849eeb0a48653c99ac6c64f17d0628a590cf7fe9051e084f5f76247c84	7023	PRESENT	data/prover/d2/timed/SHA256SUMS	
data/prover/d2/timed/repo/build/campaigns/dryrun-resumetest-20261005T141557Z/environment/quiet/S20261005T143431Z/c0002-pre.json	GIT	6aa9e43a4bf9aa218c26f271f792df99a0946ff78c2d7ba794799677808985d4	588	PRESENT	data/prover/d2/timed/SHA256SUMS	
data/prover/d2/timed/repo/build/campaigns/dryrun-resumetest-20261005T141557Z/environment/quiet/S20261005T143431Z/c0002-run-a.json	GIT	dcb9cfea3601c13531b9c11caf8fffd4fdf0ba72956e37bcf1b8f8d0051c45ce	7021	PRESENT	data/prover/d2/timed/SHA256SUMS	
data/prover/d2/timed/repo/build/campaigns/dryrun-resumetest-20261005T141557Z/environment/quiet/S20261005T143431Z/c0002-run-b.json	GIT	7937a753029ddde77bf07d5378ebcc503b6acf31e0d19ea8e018ef70608c1a57	7022	PRESENT	data/prover/d2/timed/SHA256SUMS	
data/prover/d2/timed/repo/build/campaigns/dryrun-resumetest-20261005T141557Z/environment/quiet/S20261005T143431Z/c0003-during.json	GIT	91db7fcaab3754a0966e4812b2d7f32d2f00e11261d482e97b3b27e6f0a49156	575	PRESENT	data/prover/d2/timed/SHA256SUMS	
data/prover/d2/timed/repo/build/campaigns/dryrun-resumetest-20261005T141557Z/environment/quiet/S20261005T143431Z/c0003-pre-a.json	GIT	5bf44990611549c0308bfe13190903934d16f410f96407091bff2baada1ac6d6	7023	PRESENT	data/prover/d2/timed/SHA256SUMS	
data/prover/d2/timed/repo/build/campaigns/dryrun-resumetest-20261005T141557Z/environment/quiet/S20261005T143431Z/c0003-pre-b.json	GIT	e9e93cffd6bedba2a3d1276adeda50cd83100cc9505c7a999c8e6010472add21	7023	PRESENT	data/prover/d2/timed/SHA256SUMS	
data/prover/d2/timed/repo/build/campaigns/dryrun-resumetest-20261005T141557Z/environment/quiet/S20261005T143431Z/c0003-pre.json	GIT	585abcb34c97eb0cabfd144ef66b71b4b0316e0c38515a129a4e111a8fe46a48	567	PRESENT	data/prover/d2/timed/SHA256SUMS	
data/prover/d2/timed/repo/build/campaigns/dryrun-resumetest-20261005T141557Z/environment/quiet/S20261005T143431Z/c0003-run-a.json	GIT	64a95d2c425a18eab9a0657668f3511edd49f68653578c1190333139a41d7daf	7023	PRESENT	data/prover/d2/timed/SHA256SUMS	
data/prover/d2/timed/repo/build/campaigns/dryrun-resumetest-20261005T141557Z/environment/quiet/S20261005T143431Z/c0003-run-b.json	GIT	e54367a3587d648d887b146d791dc680c57a7b790ce8727cf88228f264cb5c66	7021	PRESENT	data/prover/d2/timed/SHA256SUMS	
data/prover/d2/timed/repo/build/campaigns/dryrun-resumetest-20261005T141557Z/environment/quiet/S20261005T143431Z/c0004-during.json	GIT	13c077011b2a3bebf05bf2836318c5ecb8dd2c839404e388c6cdfd246d239e2b	577	PRESENT	data/prover/d2/timed/SHA256SUMS	
data/prover/d2/timed/repo/build/campaigns/dryrun-resumetest-20261005T141557Z/environment/quiet/S20261005T143431Z/c0004-pre-a.json	GIT	e99c228ad2981584f165758601f59bfc91f2147bcf653d9ac064991ede2da5ff	7021	PRESENT	data/prover/d2/timed/SHA256SUMS	
data/prover/d2/timed/repo/build/campaigns/dryrun-resumetest-20261005T141557Z/environment/quiet/S20261005T143431Z/c0004-pre-b.json	GIT	9f4b402f8e044ef82386a9e195d68c0197559ae61d834d8a7315da9caedc8da1	7022	PRESENT	data/prover/d2/timed/SHA256SUMS	
data/prover/d2/timed/repo/build/campaigns/dryrun-resumetest-20261005T141557Z/environment/quiet/S20261005T143431Z/c0004-pre.json	GIT	972528a6d38c015769e964aecc0a0d1657c62137530033dea2f193473fffbe06	566	PRESENT	data/prover/d2/timed/SHA256SUMS	
data/prover/d2/timed/repo/build/campaigns/dryrun-resumetest-20261005T141557Z/environment/quiet/S20261005T143431Z/c0004-run-a.json	GIT	93af655b8cb1679c2a585f782029d88823ad548fcfe1c752ef965fbc9f78e86c	7023	PRESENT	data/prover/d2/timed/SHA256SUMS	
data/prover/d2/timed/repo/build/campaigns/dryrun-resumetest-20261005T141557Z/environment/quiet/S20261005T143431Z/c0004-run-b.json	GIT	8fddf8e3d7c8dd4ca3911c47683f64159a2977d610a8f977647cd044c60663ec	7023	PRESENT	data/prover/d2/timed/SHA256SUMS	
data/prover/d2/timed/repo/build/campaigns/dryrun-resumetest-20261005T141557Z/environment/quiet/S20261005T143431Z/c0005-during.json	GIT	914256c149746d4630b1143efe2cd0077935c35b37d9845fc8d753e67af5dbcb	581	PRESENT	data/prover/d2/timed/SHA256SUMS	
data/prover/d2/timed/repo/build/campaigns/dryrun-resumetest-20261005T141557Z/environment/quiet/S20261005T143431Z/c0005-pre-a.json	GIT	7325efb8a120e0ec747a99596822b9905baf6bf011514d2321b8a1dec342a49b	7023	PRESENT	data/prover/d2/timed/SHA256SUMS	
data/prover/d2/timed/repo/build/campaigns/dryrun-resumetest-20261005T141557Z/environment/quiet/S20261005T143431Z/c0005-pre-b.json	GIT	f7098809ad5fe0a34a2a2f4c3f29bd71833d6deb9292b3b83930095ec9b09d54	7022	PRESENT	data/prover/d2/timed/SHA256SUMS	
data/prover/d2/timed/repo/build/campaigns/dryrun-resumetest-20261005T141557Z/environment/quiet/S20261005T143431Z/c0005-pre.json	GIT	992cd912a5902cf278c8019c09c9ea61af6f07a0259ceba5364af619e3ce0960	572	PRESENT	data/prover/d2/timed/SHA256SUMS	
data/prover/d2/timed/repo/build/campaigns/dryrun-resumetest-20261005T141557Z/environment/quiet/S20261005T143431Z/c0005-run-a.json	GIT	96ca5b84a962aabf44071f163ec6c7fcecce769d8f18940fa6b8b14a9907bc97	7023	PRESENT	data/prover/d2/timed/SHA256SUMS	
data/prover/d2/timed/repo/build/campaigns/dryrun-resumetest-20261005T141557Z/environment/quiet/S20261005T143431Z/c0005-run-b.json	GIT	b4fa15bd3d43f42d7c54da40e3db8f4727c1a5cdb8b2768ade906d54113245df	7020	PRESENT	data/prover/d2/timed/SHA256SUMS	
data/prover/d2/timed/repo/build/campaigns/dryrun-resumetest-20261005T141557Z/environment/quiet/S20261005T143431Z/c0006-during.json	GIT	4e7861acf2d2be37c128d7bd1ca3cbb9bbe33aeb87473b945d027bc2d572426e	593	PRESENT	data/prover/d2/timed/SHA256SUMS	
data/prover/d2/timed/repo/build/campaigns/dryrun-resumetest-20261005T141557Z/environment/quiet/S20261005T143431Z/c0006-pre-a.json	GIT	35629ba31f68341fe65948e1ff7eefd9082b44e94d0d66693023382a9a26ec1e	7021	PRESENT	data/prover/d2/timed/SHA256SUMS	
data/prover/d2/timed/repo/build/campaigns/dryrun-resumetest-20261005T141557Z/environment/quiet/S20261005T143431Z/c0006-pre-b.json	GIT	99f3990cb97c45bbf830c083c1fed126c141ee8da26f86d17a482c0d08a4e2a0	7021	PRESENT	data/prover/d2/timed/SHA256SUMS	
data/prover/d2/timed/repo/build/campaigns/dryrun-resumetest-20261005T141557Z/environment/quiet/S20261005T143431Z/c0006-pre.json	GIT	c7aef4b8539e4d949d218cbe0694567fc151521765e765479eab7e8668ed172a	590	PRESENT	data/prover/d2/timed/SHA256SUMS	
data/prover/d2/timed/repo/build/campaigns/dryrun-resumetest-20261005T141557Z/environment/quiet/S20261005T143431Z/c0006-run-a.json	GIT	47e07e47ee478b1f32ba669f25047561c97c23e2de87e1f45617ec30020ca7f8	7022	PRESENT	data/prover/d2/timed/SHA256SUMS	
data/prover/d2/timed/repo/build/campaigns/dryrun-resumetest-20261005T141557Z/environment/quiet/S20261005T143431Z/c0006-run-b.json	GIT	dc0afaa1a54a278a0ba04654750f37669d40c16d765d84718040b86436f74043	7021	PRESENT	data/prover/d2/timed/SHA256SUMS	
data/prover/d2/timed/repo/build/campaigns/dryrun-resumetest-20261005T141557Z/environment/quiet/S20261005T143431Z/c0007-during.json	GIT	3fc1f4d889af5b798198c2d75a41363ee9ddb2a1a4a497557becf14817f7a770	576	PRESENT	data/prover/d2/timed/SHA256SUMS	
data/prover/d2/timed/repo/build/campaigns/dryrun-resumetest-20261005T141557Z/environment/quiet/S20261005T143431Z/c0007-pre-a.json	GIT	0958c2c38aef8ab49806fdc7cbab159f547cdb017348d71571535036522fbce9	7023	PRESENT	data/prover/d2/timed/SHA256SUMS	
data/prover/d2/timed/repo/build/campaigns/dryrun-resumetest-20261005T141557Z/environment/quiet/S20261005T143431Z/c0007-pre-b.json	GIT	e28517b5daf294f5452246c1474c4c8bcf1e65b89a4b28a4d9dcd9725c996677	7023	PRESENT	data/prover/d2/timed/SHA256SUMS	
data/prover/d2/timed/repo/build/campaigns/dryrun-resumetest-20261005T141557Z/environment/quiet/S20261005T143431Z/c0007-pre.json	GIT	ab96b0523f37e9af22440c0b6c5a714795c6e0261555bda188dbd4d5b78091b4	567	PRESENT	data/prover/d2/timed/SHA256SUMS	
data/prover/d2/timed/repo/build/campaigns/dryrun-resumetest-20261005T141557Z/environment/quiet/S20261005T143431Z/c0007-run-a.json	GIT	d368a5f92893fb7d94748087bce573f9879dd2a6f56cf1953c46dce914381534	7023	PRESENT	data/prover/d2/timed/SHA256SUMS	
data/prover/d2/timed/repo/build/campaigns/dryrun-resumetest-20261005T141557Z/environment/quiet/S20261005T143431Z/c0007-run-b.json	GIT	9e237e39bf1b01456d6eb4bc2fe9564b45238cfbc95e1c5c0d4c61f5d72bf848	7022	PRESENT	data/prover/d2/timed/SHA256SUMS	
data/prover/d2/timed/repo/build/campaigns/dryrun-resumetest-20261005T141557Z/environment/quiet/S20261005T143431Z/c0008-during.json	GIT	abcbecd521b5f8e58f514ef274c892b8a760cc33327b282e59a8126736951974	580	PRESENT	data/prover/d2/timed/SHA256SUMS	
data/prover/d2/timed/repo/build/campaigns/dryrun-resumetest-20261005T141557Z/environment/quiet/S20261005T143431Z/c0008-pre-a.json	GIT	becd7a1d250715f71c63aea042014e55dcef11898bf471a735a9d44fd06717e8	7023	PRESENT	data/prover/d2/timed/SHA256SUMS	
data/prover/d2/timed/repo/build/campaigns/dryrun-resumetest-20261005T141557Z/environment/quiet/S20261005T143431Z/c0008-pre-b.json	GIT	ae1182ec19ea7964432a11bafbdd2be7b82570192eaddb9f28030497c4859d62	7023	PRESENT	data/prover/d2/timed/SHA256SUMS	
data/prover/d2/timed/repo/build/campaigns/dryrun-resumetest-20261005T141557Z/environment/quiet/S20261005T143431Z/c0008-pre.json	GIT	0ff0d33449ecd8340eecc85428d220016823c7fcbdbdae9ed0f5e939ee7b2cb2	573	PRESENT	data/prover/d2/timed/SHA256SUMS	
data/prover/d2/timed/repo/build/campaigns/dryrun-resumetest-20261005T141557Z/environment/quiet/S20261005T143431Z/c0008-run-a.json	GIT	dfd078570c1c0cfea712f879a5e0931bb25d3629499cd93259269ae51ab1c51e	7023	PRESENT	data/prover/d2/timed/SHA256SUMS	
data/prover/d2/timed/repo/build/campaigns/dryrun-resumetest-20261005T141557Z/environment/quiet/S20261005T143431Z/c0008-run-b.json	GIT	6e4a4aa0fc5a05d6267cc87986fb52ac3ee37236a426a19b1185ce3b8ea9609d	7022	PRESENT	data/prover/d2/timed/SHA256SUMS	
data/prover/d2/timed/repo/build/campaigns/dryrun-resumetest-20261005T141557Z/environment/quiet/S20261005T143431Z/c0009-during.json	GIT	962545432077032bddce49f99b1ef30c50036d591c70dc75987ca42e70f7634e	593	PRESENT	data/prover/d2/timed/SHA256SUMS	
data/prover/d2/timed/repo/build/campaigns/dryrun-resumetest-20261005T141557Z/environment/quiet/S20261005T143431Z/c0009-pre-a.json	GIT	32f223d8a98efbbf687014b457f5ec10fe2df6c71fb5d980794aba5777982b71	7023	PRESENT	data/prover/d2/timed/SHA256SUMS	
data/prover/d2/timed/repo/build/campaigns/dryrun-resumetest-20261005T141557Z/environment/quiet/S20261005T143431Z/c0009-pre-b.json	GIT	0016a5645cb3828fe54fa576b4d40d45a092d84fc0052a76f81d4255b409e1c2	7022	PRESENT	data/prover/d2/timed/SHA256SUMS	
data/prover/d2/timed/repo/build/campaigns/dryrun-resumetest-20261005T141557Z/environment/quiet/S20261005T143431Z/c0009-pre.json	GIT	29c12e4508dce18cc2cbd392056e0f40834c6922d685e2e69c852376c5b92b47	588	PRESENT	data/prover/d2/timed/SHA256SUMS	
data/prover/d2/timed/repo/build/campaigns/dryrun-resumetest-20261005T141557Z/environment/quiet/S20261005T143431Z/c0009-run-a.json	GIT	50261922388097ff441e1a0ba18a8d4c0fae59e5fb898ef6f3e13a1be3d2d36a	7022	PRESENT	data/prover/d2/timed/SHA256SUMS	
data/prover/d2/timed/repo/build/campaigns/dryrun-resumetest-20261005T141557Z/environment/quiet/S20261005T143431Z/c0009-run-b.json	GIT	2909c3a41ef0bfb5b8d5625d76cf3c309ea8e40deb6343f7109e8c6b8915f026	7021	PRESENT	data/prover/d2/timed/SHA256SUMS	
data/prover/d2/timed/repo/build/campaigns/dryrun-resumetest-20261005T141557Z/environment/quiet/S20261005T143431Z/session-a.json	GIT	ab05f0663f1a577f4f750aae1ab05462f2d055f3b459ba4d3c576d6d2f124bef	7023	PRESENT	data/prover/d2/timed/SHA256SUMS	
data/prover/d2/timed/repo/build/campaigns/dryrun-resumetest-20261005T141557Z/environment/quiet/S20261005T143431Z/session-b.json	GIT	39592a500fa7e85b341066bdce686e288e1bda06ad6edd7c261adcad99b84549	7023	PRESENT	data/prover/d2/timed/SHA256SUMS	
data/prover/d2/timed/repo/build/campaigns/dryrun-resumetest-20261005T141557Z/environment/quiet/S20261005T143431Z/session-check.json	GIT	c5ccdab3d9c7ac177f2c9009b12b013f4825229f8c6d72761922bdf4c0b7e535	591	PRESENT	data/prover/d2/timed/SHA256SUMS	
data/prover/d2/timed/repo/build/campaigns/dryrun-resumetest-20261005T141557Z/environment/resume-test/harness-refusal.err	GIT	fec25e13794a78021d9881a211df9a50cf9e2f452d4d22a5cd4b3936b34b1e78	64	PRESENT	data/prover/d2/timed/SHA256SUMS	
data/prover/d2/timed/repo/build/campaigns/dryrun-resumetest-20261005T141557Z/environment/resume-test/othercommit.log	GIT	a3fecc7e69c5578e94cc04319d7a658f2894eeea6aa774d153518c7db6e116ab	2050	PRESENT	data/prover/d2/timed/SHA256SUMS	
data/prover/d2/timed/repo/build/campaigns/dryrun-resumetest-20261005T141557Z/environment/resume-test/refusal.txt	GIT	51d5ead57b33c80ef29b21703afd3cb301abd05346f86576a0f84721b8ae3968	411	PRESENT	data/prover/d2/timed/SHA256SUMS	
data/prover/d2/timed/repo/build/campaigns/dryrun-resumetest-20261005T141557Z/environment/resume-test/resume-test.json	GIT	13b88bd8e89035ba5d17680950e636efc140c8772d04b83bc38d0807bf71b513	6176	PRESENT	data/prover/d2/timed/SHA256SUMS	
data/prover/d2/timed/repo/build/campaigns/dryrun-resumetest-20261005T141557Z/environment/resume-test/tamper.log	GIT	defe98bbed3ec0ce776469a6292d8cf061f591b0a1132cb27ee96ceba67d8481	2137	PRESENT	data/prover/d2/timed/SHA256SUMS	
data/prover/d2/timed/repo/build/campaigns/dryrun-resumetest-20261005T141557Z/environment/run-campaign.log	GIT	99bca4fa7bcc645ebb7a9947c3c43db6c4dab77c60a7e5ec000999bda1d0ab10	11384	PRESENT	data/prover/d2/timed/SHA256SUMS	
data/prover/d2/timed/repo/build/campaigns/dryrun-resumetest-20261005T141557Z/environment/sessions.csv	GIT	ecdb5ca7ecd10106b86a70b45ef75a5f38f0f7bec5c57a7be5909847c2a34fda	1303	PRESENT	data/prover/d2/timed/SHA256SUMS	
data/prover/d2/timed/repo/build/campaigns/dryrun-resumetest-20261005T141557Z/provenance/p7.json	GIT	3963b30a68fd198fc8641cdd3da199213ca9eed41b99eba3b3c2e960ca34bfe4	3296	PRESENT	data/prover/d2/timed/SHA256SUMS	
data/prover/d2/timed/repo/build/campaigns/dryrun-resumetest-20261005T141557Z/prover/cpu2/diag.csv	GIT	6dcd7023082b5202cc484df620f92662fc4a0ba603a1930ac9c5ff238ac117f8	1775	PRESENT	data/prover/d2/timed/SHA256SUMS	
data/prover/d2/timed/repo/build/campaigns/dryrun-resumetest-20261005T141557Z/prover/cpu2/rounds.csv	GIT	0172e7425b9bcfa6f16be31aea18242143453d408348981513153d2e2cef097b	1457	PRESENT	data/prover/d2/timed/SHA256SUMS	
data/prover/d2/timed/repo/build/campaigns/dryrun-resumetest-20261005T141557Z/prover/cpu2/runs.csv	GIT	e79481f60edde6c6974ffea1da891116144e94cb26ca69a0a9e45afdf48425a4	9310	PRESENT	data/prover/d2/timed/SHA256SUMS	
data/prover/d2/timed/repo/build/campaigns/dryrun-resumetest-20261005T141557Z/prover/cpu4/diag.csv	GIT	e2c9dd53d311273a1859de8e2189951728f7c9b13f47510c994c335f69abb2c5	1776	PRESENT	data/prover/d2/timed/SHA256SUMS	
data/prover/d2/timed/repo/build/campaigns/dryrun-resumetest-20261005T141557Z/prover/cpu4/rounds.csv	GIT	ad684aaa93f0a9e0f5173d2893f18c11368fca68b23b17d7a35919e559230cfd	1731	PRESENT	data/prover/d2/timed/SHA256SUMS	
data/prover/d2/timed/repo/build/campaigns/dryrun-resumetest-20261005T141557Z/prover/cpu4/runs.csv	GIT	e47e969b05f2fa9dca9f646a054462902203c496f428f36b5325b62084d443b4	11848	PRESENT	data/prover/d2/timed/SHA256SUMS	
data/prover/d2/timed/repo/build/campaigns/dryrun-resumetest-20261005T141557Z/prover/cpu8/diag.csv	GIT	ec96e44f7969d09bca1dde666121c927c3cde772df1d051bd1d82d2f67000a51	1776	PRESENT	data/prover/d2/timed/SHA256SUMS	
data/prover/d2/timed/repo/build/campaigns/dryrun-resumetest-20261005T141557Z/prover/cpu8/rounds.csv	GIT	164f547796aee1cafc97afb948ebd7eec0e33442b723b58f9c2da78e363e744f	1457	PRESENT	data/prover/d2/timed/SHA256SUMS	
data/prover/d2/timed/repo/build/campaigns/dryrun-resumetest-20261005T141557Z/prover/cpu8/runs.csv	GIT	5ac4a6c7061e1f03f7e178922ae1624e2b548d5b551995aa3de468015059f9bb	9307	PRESENT	data/prover/d2/timed/SHA256SUMS	
data/prover/d2/timed/repo/build/campaigns/dryrun-resumetest-20261005T141557Z/prover/execution_plan.csv	GIT	1c8f022050a56dfa40783f9d4b2feb2dbd8c3110c22dc0c3e0b56517c30f63ed	257	PRESENT	data/prover/d2/timed/SHA256SUMS	
data/prover/d2/timed/repo/build/campaigns/dryrun-resumetest-20261005T141557Z/prover/host_samples.csv	GIT	2962391f3416da8baeb6cedc1a5b68666c61f46942b8af4f3663883a92961d60	7419	PRESENT	data/prover/d2/timed/SHA256SUMS	
data/prover/d2/timed/repo/build/campaigns/dryrun-resumetest-20261005T141557Z/prover/round_ledger.csv	GIT	77e46f079ef3cbb1951f10df43fb27cc6a4290ca22219a9f276fef1ddbb7fe7f	915	PRESENT	data/prover/d2/timed/SHA256SUMS	
data/prover/d2/timed/repo/build/campaigns/dryrun-resumetest-20261005T141557Z/prover/schedule.csv	GIT	cb806e1b3564696c468c3222b427a08385ed27cec3bf960acb3ce76bb0b247eb	653	PRESENT	data/prover/d2/timed/SHA256SUMS	
data/prover/d2/timed/repo/build/campaigns/dryrun-resumetest-20261005T141557Z/prover/sessions/S20261005T141557Z/units.csv	GIT	3fd12e08ac62a4bd4b7133c25b1d509cfcc7802e9a8cc5da9d0c7706ba78ee5d	133	PRESENT	data/prover/d2/timed/SHA256SUMS	
data/prover/d2/timed/repo/build/campaigns/dryrun-resumetest-20261005T141557Z/prover/sessions/S20261005T142620Z/units.csv	GIT	6bd8367877d1f813970d28bca57c6ec8492624b20eb04172d565bd34b505544f	106	PRESENT	data/prover/d2/timed/SHA256SUMS	
data/prover/d2/timed/repo/build/campaigns/dryrun-resumetest-20261005T141557Z/prover/sessions/S20261005T143431Z/units.csv	GIT	cb42eac089b56abb2197a058c1fcb438d767f1cc2eaa14efd37f7cd6575e532f	106	PRESENT	data/prover/d2/timed/SHA256SUMS	
data/prover/d2/timed/repo/build/campaigns/setup-20261005T140456Z/environment/RESULT-S20261005T140456Z.txt	GIT	d5e6ee93b8154da966cfa86234fdf79f5253750b32a81aec4738d78bb5145107	124	PRESENT	data/prover/d2/timed/SHA256SUMS	
data/prover/d2/timed/repo/build/campaigns/setup-20261005T140456Z/environment/RESULT.txt	GIT	d5e6ee93b8154da966cfa86234fdf79f5253750b32a81aec4738d78bb5145107	124	PRESENT	data/prover/d2/timed/SHA256SUMS	
data/prover/d2/timed/repo/build/campaigns/setup-20261005T140456Z/environment/base-image-index.json	GIT	ca3d163bab055381827226140568f3bef7eaac187cebd76878e0b63e9e442356	3	PRESENT	data/prover/d2/timed/SHA256SUMS	
data/prover/d2/timed/repo/build/campaigns/setup-20261005T140456Z/environment/corpus-after-S20261005T140456Z.txt	GIT	69d3ab033a2c67d2cb7d9491a9326d885644b3ce623f73da4941cd0d944e168e	1613	PRESENT	data/prover/d2/timed/SHA256SUMS	
data/prover/d2/timed/repo/build/campaigns/setup-20261005T140456Z/environment/corpus-before-S20261005T140456Z.txt	GIT	69d3ab033a2c67d2cb7d9491a9326d885644b3ce623f73da4941cd0d944e168e	1613	PRESENT	data/prover/d2/timed/SHA256SUMS	
data/prover/d2/timed/repo/build/campaigns/setup-20261005T140456Z/environment/docker-build-S20261005T140456Z.log	GIT	f098e58a4a070685ec4761a3bcaae62a73fd676bad3dda703cb6703d6ba401cc	1639	PRESENT	data/prover/d2/timed/SHA256SUMS	
data/prover/d2/timed/repo/build/campaigns/setup-20261005T140456Z/environment/docker-info-S20261005T140456Z.json	GIT	99c4ec7eace0645615cd6037d347f4f108b9122e7c74af820d9b3262b53f6782	9180	PRESENT	data/prover/d2/timed/SHA256SUMS	
data/prover/d2/timed/repo/build/campaigns/setup-20261005T140456Z/environment/docker-version-S20261005T140456Z.json	GIT	976e6b3fd06cf4a028226ec8f3fa7df0cba3583752dcf8e7a226528b84dce015	1007	PRESENT	data/prover/d2/timed/SHA256SUMS	
data/prover/d2/timed/repo/build/campaigns/setup-20261005T140456Z/environment/host-S20261005T140456Z.txt	GIT	7db7e44949ff046e83084d918c99f42fbdf5017d302b1553bf4b7041fbcc5f8a	741	PRESENT	data/prover/d2/timed/SHA256SUMS	
data/prover/d2/timed/repo/build/campaigns/setup-20261005T140456Z/environment/host-detail-S20261005T140456Z.txt	GIT	4b53e304762b808bb0d1d05fefe4787ac2603066ef4a24782e98f4b25ac4abb8	4437	PRESENT	data/prover/d2/timed/SHA256SUMS	
data/prover/d2/timed/repo/build/campaigns/setup-20261005T140456Z/environment/host.txt	GIT	7db7e44949ff046e83084d918c99f42fbdf5017d302b1553bf4b7041fbcc5f8a	741	PRESENT	data/prover/d2/timed/SHA256SUMS	
data/prover/d2/timed/repo/build/campaigns/setup-20261005T140456Z/environment/integrity-S20261005T140456Z.json	GIT	d4537d2ca28fe9ad9d99107d8ee4006e6472270554a38f66cf85d7af65a2fc1f	371	PRESENT	data/prover/d2/timed/SHA256SUMS	
data/prover/d2/timed/repo/build/campaigns/setup-20261005T140456Z/environment/integrity.json	GIT	d4537d2ca28fe9ad9d99107d8ee4006e6472270554a38f66cf85d7af65a2fc1f	371	PRESENT	data/prover/d2/timed/SHA256SUMS	
data/prover/d2/timed/repo/build/campaigns/setup-20261005T140456Z/environment/manifest-after-S20261005T140456Z.txt	GIT	b5bbd96900ea8376723f209dfc71a93cfadd69693cf68e89a3df2b70db9c4ff3	11158	PRESENT	data/prover/d2/timed/SHA256SUMS	
data/prover/d2/timed/repo/build/campaigns/setup-20261005T140456Z/environment/manifest-before-S20261005T140456Z.txt	GIT	d32f2923d4b036590b37ec786f61e860182a221e8531de23a9bf0859a4599468	12417	PRESENT	data/prover/d2/timed/SHA256SUMS	
data/prover/d2/timed/repo/build/campaigns/setup-20261005T140456Z/environment/manifest-setup-S20261005T140456Z.txt	GIT	b5bbd96900ea8376723f209dfc71a93cfadd69693cf68e89a3df2b70db9c4ff3	11158	PRESENT	data/prover/d2/timed/SHA256SUMS	
data/prover/d2/timed/repo/build/campaigns/setup-20261005T140456Z/environment/quiet-selftest-S20261005T140456Z.txt	GIT	6f7f116b2b60936b6d0b3abe96cb303587a3ea12ec736676426277c6df6b359a	352	PRESENT	data/prover/d2/timed/SHA256SUMS	
data/prover/d2/timed/repo/build/campaigns/setup-20261005T140456Z/environment/quiet/S20261005T140456Z/session-a.json	GIT	51af4c80620f697e20777634a6d757d9cc73eeea1db83c303300dd9616e70eb1	7018	PRESENT	data/prover/d2/timed/SHA256SUMS	
data/prover/d2/timed/repo/build/campaigns/setup-20261005T140456Z/environment/quiet/S20261005T140456Z/session-b.json	GIT	0833832649e6f07b42f35b0d96eb953d0c885542e5456f81ae2642374a028c4f	7021	PRESENT	data/prover/d2/timed/SHA256SUMS	
data/prover/d2/timed/repo/build/campaigns/setup-20261005T140456Z/environment/quiet/S20261005T140456Z/session-check.json	GIT	0df380611bdc141ecc52f69490cef0cf95b724751d15764f4b392b8fed6da6e6	618	PRESENT	data/prover/d2/timed/SHA256SUMS	
data/prover/d2/timed/repo/build/campaigns/setup-20261005T140456Z/environment/run-campaign.log	GIT	dbf2b1120817812c5200355da1509a99a8edd73a70e9dd730308c229928e66eb	2533	PRESENT	data/prover/d2/timed/SHA256SUMS	
data/prover/d2/timed/repo/build/campaigns/setup-20261005T140456Z/environment/sessions.csv	GIT	ac2894d0404c2908a32675058586c650ad51b6a27e8606a2d4954a56fa68211d	593	PRESENT	data/prover/d2/timed/SHA256SUMS	
data/prover/d2/timed/repo/build/campaigns/setup-20261005T140456Z/environment/setup-plonk-S20261005T140456Z.log	GIT	633c630dd92cf2dc2763a43e7ee39f8763036f8809032dc35f5477c7bb3fbb87	842	PRESENT	data/prover/d2/timed/SHA256SUMS	
data/prover/d2/timed/repo/results/V2-PRV-D2-01/CAMPAIGN.json	GIT	423226ee4d9b747c86977a6978dd67a376729809d648b066a478e41928c67cd1	5912	PRESENT	data/prover/d2/timed/SHA256SUMS	
data/prover/d2/timed/repo/results/V2-PRV-D2-01/derived/prover_diag.csv	GIT	6194850efd0c83e0514a08c5bc73241c3820d8f53968c5846bbd9969c6988a5a	3544	PRESENT	data/prover/d2/timed/SHA256SUMS	
data/prover/d2/timed/repo/results/V2-PRV-D2-01/derived/prover_summary.csv	GIT	fba24685e4daca86ddc47931ae10727d91de8a76b8dd125bf4fa9a0af56cb373	71420	PRESENT	data/prover/d2/timed/SHA256SUMS	
data/prover/d2/timed/repo/results/V2-PRV-D2-01/derived/validation.json	GIT	6df05b01c3f889d9b854648d707e2aa8674a4a0999ff05d4602843791a15bcb5	3360	PRESENT	data/prover/d2/timed/SHA256SUMS	
data/prover/d2/timed/repo/results/V2-PRV-D2-01/environment/RESULT-S20261005T152152Z.txt	GIT	967abc6e9d9eb2fb90231bd4a3777100c5cc4b52b7e7c109c397f2b16e634fca	98	PRESENT	data/prover/d2/timed/SHA256SUMS	
data/prover/d2/timed/repo/results/V2-PRV-D2-01/environment/RESULT.txt	GIT	967abc6e9d9eb2fb90231bd4a3777100c5cc4b52b7e7c109c397f2b16e634fca	98	PRESENT	data/prover/d2/timed/SHA256SUMS	
data/prover/d2/timed/repo/results/V2-PRV-D2-01/environment/base-image-index.json	GIT	ca3d163bab055381827226140568f3bef7eaac187cebd76878e0b63e9e442356	3	PRESENT	data/prover/d2/timed/SHA256SUMS	
data/prover/d2/timed/repo/results/V2-PRV-D2-01/environment/corpus-after-S20261005T152152Z.txt	GIT	69d3ab033a2c67d2cb7d9491a9326d885644b3ce623f73da4941cd0d944e168e	1613	PRESENT	data/prover/d2/timed/SHA256SUMS	
data/prover/d2/timed/repo/results/V2-PRV-D2-01/environment/corpus-before-S20261005T152152Z.txt	GIT	69d3ab033a2c67d2cb7d9491a9326d885644b3ce623f73da4941cd0d944e168e	1613	PRESENT	data/prover/d2/timed/SHA256SUMS	
data/prover/d2/timed/repo/results/V2-PRV-D2-01/environment/docker-build-S20261005T152152Z.log	GIT	9074929cdefafe8a7056b90d0d86083cc6bfa7e94be80516a8a5ad080cfd473b	1533	PRESENT	data/prover/d2/timed/SHA256SUMS	
data/prover/d2/timed/repo/results/V2-PRV-D2-01/environment/docker-info-S20261005T152152Z.json	GIT	dd7a126abe20b9d152f219bf258037546f5e31ca3f8daa617eb26fc8b27ded69	9180	PRESENT	data/prover/d2/timed/SHA256SUMS	
data/prover/d2/timed/repo/results/V2-PRV-D2-01/environment/docker-version-S20261005T152152Z.json	GIT	976e6b3fd06cf4a028226ec8f3fa7df0cba3583752dcf8e7a226528b84dce015	1007	PRESENT	data/prover/d2/timed/SHA256SUMS	
data/prover/d2/timed/repo/results/V2-PRV-D2-01/environment/host-S20261005T152152Z.txt	GIT	b067f85e144cb2f7972d36ce0c0cac010c9732798c47d82aa49f221337a54b0d	761	PRESENT	data/prover/d2/timed/SHA256SUMS	
data/prover/d2/timed/repo/results/V2-PRV-D2-01/environment/host-detail-S20261005T152152Z.txt	GIT	4ddcef0dbdbc239c2a2d07465f31d029528b02b6449b022d8c73f3a28a030d46	4437	PRESENT	data/prover/d2/timed/SHA256SUMS	
data/prover/d2/timed/repo/results/V2-PRV-D2-01/environment/host.txt	GIT	b067f85e144cb2f7972d36ce0c0cac010c9732798c47d82aa49f221337a54b0d	761	PRESENT	data/prover/d2/timed/SHA256SUMS	
data/prover/d2/timed/repo/results/V2-PRV-D2-01/environment/integrity-S20261005T152152Z.json	GIT	40440506c9254a7782273800bff2c44b031439bfaddd12f7ff7d52b9afc917fd	371	PRESENT	data/prover/d2/timed/SHA256SUMS	
data/prover/d2/timed/repo/results/V2-PRV-D2-01/environment/integrity.json	GIT	40440506c9254a7782273800bff2c44b031439bfaddd12f7ff7d52b9afc917fd	371	PRESENT	data/prover/d2/timed/SHA256SUMS	
data/prover/d2/timed/repo/results/V2-PRV-D2-01/environment/manifest-after-S20261005T152152Z.txt	GIT	b5bbd96900ea8376723f209dfc71a93cfadd69693cf68e89a3df2b70db9c4ff3	11158	PRESENT	data/prover/d2/timed/SHA256SUMS	
data/prover/d2/timed/repo/results/V2-PRV-D2-01/environment/manifest-before-S20261005T152152Z.txt	GIT	b5bbd96900ea8376723f209dfc71a93cfadd69693cf68e89a3df2b70db9c4ff3	11158	PRESENT	data/prover/d2/timed/SHA256SUMS	
data/prover/d2/timed/repo/results/V2-PRV-D2-01/environment/preflight/S20261005T152152Z/control-mismatch.err	GIT	79a1068d8d06cd9a7564501aaad7429313e30c0a5dbf8d62fa1dd3d1396e0cd5	74	PRESENT	data/prover/d2/timed/SHA256SUMS	
data/prover/d2/timed/repo/results/V2-PRV-D2-01/environment/preflight/S20261005T152152Z/control-mismatch.out	GIT	e3b0c44298fc1c149afbf4c8996fb92427ae41e4649b934ca495991b7852b855	0	PRESENT	data/prover/d2/timed/SHA256SUMS	
data/prover/d2/timed/repo/results/V2-PRV-D2-01/environment/preflight/S20261005T152152Z/control-no-adapter.err	GIT	e3b0c44298fc1c149afbf4c8996fb92427ae41e4649b934ca495991b7852b855	0	PRESENT	data/prover/d2/timed/SHA256SUMS	
data/prover/d2/timed/repo/results/V2-PRV-D2-01/environment/preflight/S20261005T152152Z/control-no-adapter.out	GIT	e615efe0d161303857d18bc5b6c492fbac33e2832b0f27b04a9d374b5abcd862	1095	PRESENT	data/prover/d2/timed/SHA256SUMS	
data/prover/d2/timed/repo/results/V2-PRV-D2-01/environment/preflight/S20261005T152152Z/control-quota-only.err	GIT	048142f28870c7c139f8df828848d7ccccbabce99d24badd8c4c6725f0c5d636	78	PRESENT	data/prover/d2/timed/SHA256SUMS	
data/prover/d2/timed/repo/results/V2-PRV-D2-01/environment/preflight/S20261005T152152Z/control-quota-only.out	GIT	e3b0c44298fc1c149afbf4c8996fb92427ae41e4649b934ca495991b7852b855	0	PRESENT	data/prover/d2/timed/SHA256SUMS	
data/prover/d2/timed/repo/results/V2-PRV-D2-01/environment/preflight/S20261005T152152Z/controls-exit.txt	GIT	3454e7ce5a045622ed2a6093428139c6438d620781102d7b0e610c3e11901592	46	PRESENT	data/prover/d2/timed/SHA256SUMS	
data/prover/d2/timed/repo/results/V2-PRV-D2-01/environment/preflight/S20261005T152152Z/controls.json	GIT	384e603075a050e196320050880ba8d9e7be3c335219172fb45e4f473162c409	750	PRESENT	data/prover/d2/timed/SHA256SUMS	
data/prover/d2/timed/repo/results/V2-PRV-D2-01/environment/preflight/S20261005T152152Z/profile-cpu2.json	GIT	0f646cb776b2d44e144c7facfbfbf00618ec9014755c630759b0f06016306d61	4110	PRESENT	data/prover/d2/timed/SHA256SUMS	
data/prover/d2/timed/repo/results/V2-PRV-D2-01/environment/preflight/S20261005T152152Z/profile-cpu4.json	GIT	94e4f9be1b2d21243ae7618331a14e63c9e5d53a534a90efee6783c77219d28b	4132	PRESENT	data/prover/d2/timed/SHA256SUMS	
data/prover/d2/timed/repo/results/V2-PRV-D2-01/environment/preflight/S20261005T152152Z/profile-cpu8.json	GIT	fe69b85b4dd6a02196ccd6c51d22ee6b49f78f96c6070077ef847472c25e0da5	4177	PRESENT	data/prover/d2/timed/SHA256SUMS	
data/prover/d2/timed/repo/results/V2-PRV-D2-01/environment/quiet-selftest-S20261005T152152Z.txt	GIT	6f7f116b2b60936b6d0b3abe96cb303587a3ea12ec736676426277c6df6b359a	352	PRESENT	data/prover/d2/timed/SHA256SUMS	
data/prover/d2/timed/repo/results/V2-PRV-D2-01/environment/quiet/S20261005T152152Z/c0001-during.json	GIT	ebb4bce31625beca8b617be1b3f64215f4b661a2141946f7a48bb6bc6a8bd82d	595	PRESENT	data/prover/d2/timed/SHA256SUMS	
data/prover/d2/timed/repo/results/V2-PRV-D2-01/environment/quiet/S20261005T152152Z/c0001-pre-a.json	GIT	1014749651b3b60e03deb0b9ae7394c427cdfa7181952126e1eadea436b41288	7023	PRESENT	data/prover/d2/timed/SHA256SUMS	
data/prover/d2/timed/repo/results/V2-PRV-D2-01/environment/quiet/S20261005T152152Z/c0001-pre-b.json	GIT	549ba8626be1d9e0e3c97b95ff711dce558f3f3a895a136d256c17f9daf5b1ee	7021	PRESENT	data/prover/d2/timed/SHA256SUMS	
data/prover/d2/timed/repo/results/V2-PRV-D2-01/environment/quiet/S20261005T152152Z/c0001-pre.json	GIT	a0cb8559fb14e3210bdaa64626b6cf4c8f05947319c510d2f8c0207304d6dc38	587	PRESENT	data/prover/d2/timed/SHA256SUMS	
data/prover/d2/timed/repo/results/V2-PRV-D2-01/environment/quiet/S20261005T152152Z/c0001-run-a.json	GIT	d693ecc548152e4ca0296cf62c284d8dcf75cd8f0118e4d1e189023a1ce84570	7021	PRESENT	data/prover/d2/timed/SHA256SUMS	
data/prover/d2/timed/repo/results/V2-PRV-D2-01/environment/quiet/S20261005T152152Z/c0001-run-b.json	GIT	b8f72a9e12aaa1d527c363002bba6dee19ab211aad2d6e095c580da6832107bf	7023	PRESENT	data/prover/d2/timed/SHA256SUMS	
data/prover/d2/timed/repo/results/V2-PRV-D2-01/environment/quiet/S20261005T152152Z/c0002-during.json	GIT	fd33d6f301ee2025f5dc1554c58584a19949816eac384da1ea1256fce9e3df84	577	PRESENT	data/prover/d2/timed/SHA256SUMS	
data/prover/d2/timed/repo/results/V2-PRV-D2-01/environment/quiet/S20261005T152152Z/c0002-pre-a.json	GIT	fda195e631fbf3e703936a70abd7b4561062ac63e704449db486d5320db938e2	7023	PRESENT	data/prover/d2/timed/SHA256SUMS	
data/prover/d2/timed/repo/results/V2-PRV-D2-01/environment/quiet/S20261005T152152Z/c0002-pre-b.json	GIT	48034b5d4c85109ac1520306d6b09935d53006dc7aecf70378131ac066aaa457	7022	PRESENT	data/prover/d2/timed/SHA256SUMS	
data/prover/d2/timed/repo/results/V2-PRV-D2-01/environment/quiet/S20261005T152152Z/c0002-pre.json	GIT	2c31c4b877c49a8853b5dba6a5d1b52b0d609d9eca89c62cd33a54df58e2c06d	566	PRESENT	data/prover/d2/timed/SHA256SUMS	
data/prover/d2/timed/repo/results/V2-PRV-D2-01/environment/quiet/S20261005T152152Z/c0002-run-a.json	GIT	ceb15703357e758a3dfc5acaf2ff372f03bac5c835790d43cd2e70ff1de0e184	7022	PRESENT	data/prover/d2/timed/SHA256SUMS	
data/prover/d2/timed/repo/results/V2-PRV-D2-01/environment/quiet/S20261005T152152Z/c0002-run-b.json	GIT	e9bb06989521c87e81b676c684cdbdf6c57e1a32bf9b16e0d897e73d66250057	7023	PRESENT	data/prover/d2/timed/SHA256SUMS	
data/prover/d2/timed/repo/results/V2-PRV-D2-01/environment/quiet/S20261005T152152Z/c0003-during.json	GIT	95b3ffb6c0ab2599ec7a9e1e71c038dec688d6fb823eff942295a90f9239842a	583	PRESENT	data/prover/d2/timed/SHA256SUMS	
data/prover/d2/timed/repo/results/V2-PRV-D2-01/environment/quiet/S20261005T152152Z/c0003-pre-a.json	GIT	1d849ea9af1bb8b42a0ff8e048497f563253f9b0ff811b44ec4a9f60fbf8f90d	7023	PRESENT	data/prover/d2/timed/SHA256SUMS	
data/prover/d2/timed/repo/results/V2-PRV-D2-01/environment/quiet/S20261005T152152Z/c0003-pre-b.json	GIT	3014d9c2f9eff8920832091779b4f737341945e35bfb4d0f3a0eed44fda15d78	7020	PRESENT	data/prover/d2/timed/SHA256SUMS	
data/prover/d2/timed/repo/results/V2-PRV-D2-01/environment/quiet/S20261005T152152Z/c0003-pre.json	GIT	3a9482f2793cb340b1dd5f436946352e9f0851343e5701bff0a65ca9198a4fe1	574	PRESENT	data/prover/d2/timed/SHA256SUMS	
data/prover/d2/timed/repo/results/V2-PRV-D2-01/environment/quiet/S20261005T152152Z/c0003-run-a.json	GIT	bf3874171e0f74c3b1423d760dc62d82f06543a64d3913238c9054aa9de4722f	7022	PRESENT	data/prover/d2/timed/SHA256SUMS	
data/prover/d2/timed/repo/results/V2-PRV-D2-01/environment/quiet/S20261005T152152Z/c0003-run-b.json	GIT	a57c6467a5ef3305c469ccb1b7eb400e199f464729b9d0c49bc587bc1e2ed665	7022	PRESENT	data/prover/d2/timed/SHA256SUMS	
data/prover/d2/timed/repo/results/V2-PRV-D2-01/environment/quiet/S20261005T152152Z/c0004-during.json	GIT	132e4e3126c443826e31068b5e61f913b0f223bcda10d842460b2d11c064ac9e	584	PRESENT	data/prover/d2/timed/SHA256SUMS	
data/prover/d2/timed/repo/results/V2-PRV-D2-01/environment/quiet/S20261005T152152Z/c0004-pre-a.json	GIT	962b1bf4667dbc354850fcc3ab70867dfc9f762e8085a511c135944953fb16b6	7022	PRESENT	data/prover/d2/timed/SHA256SUMS	
data/prover/d2/timed/repo/results/V2-PRV-D2-01/environment/quiet/S20261005T152152Z/c0004-pre-b.json	GIT	3ae55b301599a6041fed41a7e4e7e7ee1fda98bdf6b82acecfe827ce87276cd2	7022	PRESENT	data/prover/d2/timed/SHA256SUMS	
data/prover/d2/timed/repo/results/V2-PRV-D2-01/environment/quiet/S20261005T152152Z/c0004-pre.json	GIT	9e6dfe5d6b6d9a0600cb5c4a501b351acb145730482093b180d027a516eb3edf	575	PRESENT	data/prover/d2/timed/SHA256SUMS	
data/prover/d2/timed/repo/results/V2-PRV-D2-01/environment/quiet/S20261005T152152Z/c0004-run-a.json	GIT	c9d310f06308c18d70c1703b2a1e2960b4c49171687da46074995975a45cb631	7021	PRESENT	data/prover/d2/timed/SHA256SUMS	
data/prover/d2/timed/repo/results/V2-PRV-D2-01/environment/quiet/S20261005T152152Z/c0004-run-b.json	GIT	011e0d0d6bd7e056b9bee967ae81666eca532a5cc06d79b955ba5ccaf370e360	7022	PRESENT	data/prover/d2/timed/SHA256SUMS	
data/prover/d2/timed/repo/results/V2-PRV-D2-01/environment/quiet/S20261005T152152Z/c0005-during.json	GIT	147506245069cb204750bbbe25c74467525cc1a9f3ae4d780be673c841a398d6	595	PRESENT	data/prover/d2/timed/SHA256SUMS	
data/prover/d2/timed/repo/results/V2-PRV-D2-01/environment/quiet/S20261005T152152Z/c0005-pre-a.json	GIT	d88385e88e0010ccacd2bad81d8d9649a4e504b108a0df9bf5bf1db06da2d83e	7022	PRESENT	data/prover/d2/timed/SHA256SUMS	
data/prover/d2/timed/repo/results/V2-PRV-D2-01/environment/quiet/S20261005T152152Z/c0005-pre-b.json	GIT	7952e4da14057a6fd06c5f170deda3dffd63ac75e8d86f46dff4d7b72acdcc6e	7021	PRESENT	data/prover/d2/timed/SHA256SUMS	
data/prover/d2/timed/repo/results/V2-PRV-D2-01/environment/quiet/S20261005T152152Z/c0005-pre.json	GIT	2764c5619664ddebbd83535fc851f997e3f2d71f9319e6cfbf420d61fa47033a	583	PRESENT	data/prover/d2/timed/SHA256SUMS	
data/prover/d2/timed/repo/results/V2-PRV-D2-01/environment/quiet/S20261005T152152Z/c0005-run-a.json	GIT	78b837476c5c9456d223c0e671e3e86e4135610fe4c60707f0c22a5f10a3fb94	7023	PRESENT	data/prover/d2/timed/SHA256SUMS	
data/prover/d2/timed/repo/results/V2-PRV-D2-01/environment/quiet/S20261005T152152Z/c0005-run-b.json	GIT	8e6c173164cd6881b50c747bf8e6b63c30d105eab7e0805c044fd2ddb5e42c1b	7022	PRESENT	data/prover/d2/timed/SHA256SUMS	
data/prover/d2/timed/repo/results/V2-PRV-D2-01/environment/quiet/S20261005T152152Z/c0006-during.json	GIT	5418d06c9efbaee3290aeda4ddadbda86de21253280a547320ddee4d4c455c01	577	PRESENT	data/prover/d2/timed/SHA256SUMS	
data/prover/d2/timed/repo/results/V2-PRV-D2-01/environment/quiet/S20261005T152152Z/c0006-pre-a.json	GIT	3231c0fcfab627c2a4379437da4be1087781aed20d25218d4d8e47284126d1a1	7022	PRESENT	data/prover/d2/timed/SHA256SUMS	
data/prover/d2/timed/repo/results/V2-PRV-D2-01/environment/quiet/S20261005T152152Z/c0006-pre-b.json	GIT	491d6d66b4e6037726d4a44e0a47c7d61e23bfa6117c5578731a93035e106e3b	7023	PRESENT	data/prover/d2/timed/SHA256SUMS	
data/prover/d2/timed/repo/results/V2-PRV-D2-01/environment/quiet/S20261005T152152Z/c0006-pre.json	GIT	d93ae9e9584b1f9dffd7279cc238ac74937b77d6a710f63fd1bce9c79738c6ae	567	PRESENT	data/prover/d2/timed/SHA256SUMS	
data/prover/d2/timed/repo/results/V2-PRV-D2-01/environment/quiet/S20261005T152152Z/c0006-run-a.json	GIT	85e8939200dd73a6f7fd4febf36dfac8a50eecaf526537ff6378d1f8f05ab4cd	7021	PRESENT	data/prover/d2/timed/SHA256SUMS	
data/prover/d2/timed/repo/results/V2-PRV-D2-01/environment/quiet/S20261005T152152Z/c0006-run-b.json	GIT	301cbf4045fc7caf64816449ee61bfbab9bd2c449724808d0b7c1e220b284d5c	7023	PRESENT	data/prover/d2/timed/SHA256SUMS	
data/prover/d2/timed/repo/results/V2-PRV-D2-01/environment/quiet/S20261005T152152Z/c0007-during.json	GIT	6bb817f8b7996585ea4bb111a5ef3fbcc72dfcbe7ddfb249fa40f5d8bb15271f	574	PRESENT	data/prover/d2/timed/SHA256SUMS	
data/prover/d2/timed/repo/results/V2-PRV-D2-01/environment/quiet/S20261005T152152Z/c0007-pre-a.json	GIT	961fedfd29c33c9f26decc7681b227ea89d185e4361e6c1c733c69c75bfbc6e0	7023	PRESENT	data/prover/d2/timed/SHA256SUMS	
data/prover/d2/timed/repo/results/V2-PRV-D2-01/environment/quiet/S20261005T152152Z/c0007-pre-b.json	GIT	f2c0f98c6f5b0b1a2b802a22b106871770274aa84643eb89ab9577c7ae6f3b28	7023	PRESENT	data/prover/d2/timed/SHA256SUMS	
data/prover/d2/timed/repo/results/V2-PRV-D2-01/environment/quiet/S20261005T152152Z/c0007-pre.json	GIT	fe9a90fb096ef32ba81d5f737dbade51980691250b35c7575c7e320c9ad600f5	567	PRESENT	data/prover/d2/timed/SHA256SUMS	
data/prover/d2/timed/repo/results/V2-PRV-D2-01/environment/quiet/S20261005T152152Z/c0007-run-a.json	GIT	86bb80be6760dd8a184a077307d5867ae9f36a3a54eb99dad59632668d7b3212	7023	PRESENT	data/prover/d2/timed/SHA256SUMS	
data/prover/d2/timed/repo/results/V2-PRV-D2-01/environment/quiet/S20261005T152152Z/c0007-run-b.json	GIT	fba92f7c00284e3beb2366a1d97be75b098566a5b3f1dc099d24e17463007a95	7022	PRESENT	data/prover/d2/timed/SHA256SUMS	
data/prover/d2/timed/repo/results/V2-PRV-D2-01/environment/quiet/S20261005T152152Z/c0008-during.json	GIT	e6d8d5da77a69d35e8fae66b67da19fdea5c0b480d4e579cb94bf14053f9d861	581	PRESENT	data/prover/d2/timed/SHA256SUMS	
data/prover/d2/timed/repo/results/V2-PRV-D2-01/environment/quiet/S20261005T152152Z/c0008-pre-a.json	GIT	06ecaae1e294204f3e3a9f47ad5b5bfb50011b640586cce342f174a10ab162f7	7021	PRESENT	data/prover/d2/timed/SHA256SUMS	
data/prover/d2/timed/repo/results/V2-PRV-D2-01/environment/quiet/S20261005T152152Z/c0008-pre-b.json	GIT	cb872d3d00fc730239a0e089a20e655bdf6277bce076001c7f89ee054b20e169	7023	PRESENT	data/prover/d2/timed/SHA256SUMS	
data/prover/d2/timed/repo/results/V2-PRV-D2-01/environment/quiet/S20261005T152152Z/c0008-pre.json	GIT	4a193a0f99a530aba9d97de157889c46e80b8d0820e446070b6866de47ed4aab	578	PRESENT	data/prover/d2/timed/SHA256SUMS	
data/prover/d2/timed/repo/results/V2-PRV-D2-01/environment/quiet/S20261005T152152Z/c0008-run-a.json	GIT	f731e09cb1ce33ea2d4140e241b70f803b1486774e2b0eea32039337162f7f4c	7023	PRESENT	data/prover/d2/timed/SHA256SUMS	
data/prover/d2/timed/repo/results/V2-PRV-D2-01/environment/quiet/S20261005T152152Z/c0008-run-b.json	GIT	f558f3c05faf248f12e3b0cf6e734f9c447add2e6fa4e081b49535cf6cfae08b	7023	PRESENT	data/prover/d2/timed/SHA256SUMS	
data/prover/d2/timed/repo/results/V2-PRV-D2-01/environment/quiet/S20261005T152152Z/c0009-during.json	GIT	82038594afde7a7d5a5bc69407f421b455f8e871a3aa3f65d5121383fa9534c9	595	PRESENT	data/prover/d2/timed/SHA256SUMS	
data/prover/d2/timed/repo/results/V2-PRV-D2-01/environment/quiet/S20261005T152152Z/c0009-pre-a.json	GIT	856bd91e2e74568aa1380713bba00c9325e015b6be0a0b7cd900fdb3dc3305bd	7023	PRESENT	data/prover/d2/timed/SHA256SUMS	
data/prover/d2/timed/repo/results/V2-PRV-D2-01/environment/quiet/S20261005T152152Z/c0009-pre-b.json	GIT	6932a938cf2e605c12adad191bd8b397d278e015b99009537241e8f994fe2092	7023	PRESENT	data/prover/d2/timed/SHA256SUMS	
data/prover/d2/timed/repo/results/V2-PRV-D2-01/environment/quiet/S20261005T152152Z/c0009-pre.json	GIT	d090a78a4fe9d224bad508f60f1a71d378d2b5c9ee92753d02e26916bae172a2	591	PRESENT	data/prover/d2/timed/SHA256SUMS	
data/prover/d2/timed/repo/results/V2-PRV-D2-01/environment/quiet/S20261005T152152Z/c0009-run-a.json	GIT	43dd15f149123db4452e91f63af2923d2562a98340f36538a2becb546df2d9a1	7023	PRESENT	data/prover/d2/timed/SHA256SUMS	
data/prover/d2/timed/repo/results/V2-PRV-D2-01/environment/quiet/S20261005T152152Z/c0009-run-b.json	GIT	1307c439cd5490e5d140799b5c9ade3c17feddaed2df0483b238ab785849bc7e	7023	PRESENT	data/prover/d2/timed/SHA256SUMS	
data/prover/d2/timed/repo/results/V2-PRV-D2-01/environment/quiet/S20261005T152152Z/c0010-during.json	GIT	135f88f768a1e67541b6feebda1f4e6a445aecb08cb36e78a274ee4882292677	595	PRESENT	data/prover/d2/timed/SHA256SUMS	
data/prover/d2/timed/repo/results/V2-PRV-D2-01/environment/quiet/S20261005T152152Z/c0010-pre-a.json	GIT	781c0713361df06d674b456e0b212a7d3007c772a5e90589238acf6a4b80872c	7022	PRESENT	data/prover/d2/timed/SHA256SUMS	
data/prover/d2/timed/repo/results/V2-PRV-D2-01/environment/quiet/S20261005T152152Z/c0010-pre-b.json	GIT	52c2c6367371036d9f5f25fe4871b19eb301a010facdc83b48e40194e038aba7	7022	PRESENT	data/prover/d2/timed/SHA256SUMS	
data/prover/d2/timed/repo/results/V2-PRV-D2-01/environment/quiet/S20261005T152152Z/c0010-pre.json	GIT	8063fb594256d286521c72c84c711ae9d9d7ed2d9768f3fcf1b75ee886a2573a	587	PRESENT	data/prover/d2/timed/SHA256SUMS	
data/prover/d2/timed/repo/results/V2-PRV-D2-01/environment/quiet/S20261005T152152Z/c0010-run-a.json	GIT	f20780de6ce0069e1d911a0b927fe765e03a3297068a4afcb15010775c9c4629	7023	PRESENT	data/prover/d2/timed/SHA256SUMS	
data/prover/d2/timed/repo/results/V2-PRV-D2-01/environment/quiet/S20261005T152152Z/c0010-run-b.json	GIT	0eb90c6c093e65bb5cf2cc36557685fca88955c5bb2210ef7c2b83c6e99c51e6	7023	PRESENT	data/prover/d2/timed/SHA256SUMS	
data/prover/d2/timed/repo/results/V2-PRV-D2-01/environment/quiet/S20261005T152152Z/c0011-during.json	GIT	afd4fe6804beead947099767d3078befac6576b1da904e10cee33e09ca4969ea	577	PRESENT	data/prover/d2/timed/SHA256SUMS	
data/prover/d2/timed/repo/results/V2-PRV-D2-01/environment/quiet/S20261005T152152Z/c0011-pre-a.json	GIT	f19820c7220a82f599443b20bbef8dded0138b0d56cc1dc302937f65923cb6c5	7021	PRESENT	data/prover/d2/timed/SHA256SUMS	
data/prover/d2/timed/repo/results/V2-PRV-D2-01/environment/quiet/S20261005T152152Z/c0011-pre-b.json	GIT	83dc475bfd2318e840de8873bf4a4cf34356aae62070f9b90334e01569f06845	7022	PRESENT	data/prover/d2/timed/SHA256SUMS	
data/prover/d2/timed/repo/results/V2-PRV-D2-01/environment/quiet/S20261005T152152Z/c0011-pre.json	GIT	28620769712d0485639b44d1e9f86a9eab22e1bf6f6e33b1beb679c30ac46e68	566	PRESENT	data/prover/d2/timed/SHA256SUMS	
data/prover/d2/timed/repo/results/V2-PRV-D2-01/environment/quiet/S20261005T152152Z/c0011-run-a.json	GIT	3e87385cb0b4298c8b3f0c100c9aede65abe93ac0dc0d09d482116e48cbac2e8	7022	PRESENT	data/prover/d2/timed/SHA256SUMS	
data/prover/d2/timed/repo/results/V2-PRV-D2-01/environment/quiet/S20261005T152152Z/c0011-run-b.json	GIT	bfd07fbbac29fa333d331498aa280abe34eea2848f6f9222fa5bd70b24cbdbd8	7022	PRESENT	data/prover/d2/timed/SHA256SUMS	
data/prover/d2/timed/repo/results/V2-PRV-D2-01/environment/quiet/S20261005T152152Z/c0012-during.json	GIT	4c7c5eac4d703bcb8f1eaa4b127a115a4c04ec1ddced2606421cf3dfa391ba5e	582	PRESENT	data/prover/d2/timed/SHA256SUMS	
data/prover/d2/timed/repo/results/V2-PRV-D2-01/environment/quiet/S20261005T152152Z/c0012-pre-a.json	GIT	274e2e2498c7549ac9c7d9ad0d08ccb7267236575b86252b121f41c235ffcd89	7022	PRESENT	data/prover/d2/timed/SHA256SUMS	
data/prover/d2/timed/repo/results/V2-PRV-D2-01/environment/quiet/S20261005T152152Z/c0012-pre-b.json	GIT	c8d48b725cca9e22de7d1de0c503ac38292562640652b3aadc960c2522d19124	7023	PRESENT	data/prover/d2/timed/SHA256SUMS	
data/prover/d2/timed/repo/results/V2-PRV-D2-01/environment/quiet/S20261005T152152Z/c0012-pre.json	GIT	0096605fc721b1aa15f653791099cafcdc27dc6f3ce321237d6cd5cc2c1cdf2b	572	PRESENT	data/prover/d2/timed/SHA256SUMS	
data/prover/d2/timed/repo/results/V2-PRV-D2-01/environment/quiet/S20261005T152152Z/c0012-run-a.json	GIT	dd75dea25f90680148419af969642997992290215e9a67004309bbd1c2bc64f3	7021	PRESENT	data/prover/d2/timed/SHA256SUMS	
data/prover/d2/timed/repo/results/V2-PRV-D2-01/environment/quiet/S20261005T152152Z/c0012-run-b.json	GIT	d37b425a8d1b4536974914644668da2bb9458f423ba971688d860f7f96e3237c	7021	PRESENT	data/prover/d2/timed/SHA256SUMS	
data/prover/d2/timed/repo/results/V2-PRV-D2-01/environment/quiet/S20261005T152152Z/c0013-during.json	GIT	c10969e2831bd64564f50403bb8367b55e55676693a408cca7fab28fb5b317a5	577	PRESENT	data/prover/d2/timed/SHA256SUMS	
data/prover/d2/timed/repo/results/V2-PRV-D2-01/environment/quiet/S20261005T152152Z/c0013-pre-a.json	GIT	bbcae98d9f7315be0f5fd7504efe5b2fef497e519d801e28c00bbb83d1a1db96	7020	PRESENT	data/prover/d2/timed/SHA256SUMS	
data/prover/d2/timed/repo/results/V2-PRV-D2-01/environment/quiet/S20261005T152152Z/c0013-pre-b.json	GIT	64e3430318338dfb9acb05ef48f297bfdb24ddf3cde4bd7862b5cbf01787bbb7	7021	PRESENT	data/prover/d2/timed/SHA256SUMS	
data/prover/d2/timed/repo/results/V2-PRV-D2-01/environment/quiet/S20261005T152152Z/c0013-pre.json	GIT	b7dbccc6f8d7694b65860cb0689f1de937e95b9c711369d390ceeb5c0020e94e	566	PRESENT	data/prover/d2/timed/SHA256SUMS	
data/prover/d2/timed/repo/results/V2-PRV-D2-01/environment/quiet/S20261005T152152Z/c0013-run-a.json	GIT	9537d4546be79295d835554404c2d31b5349faa0ea6d389094f853b62a84e62c	7023	PRESENT	data/prover/d2/timed/SHA256SUMS	
data/prover/d2/timed/repo/results/V2-PRV-D2-01/environment/quiet/S20261005T152152Z/c0013-run-b.json	GIT	7d39a087ad091714daf8e8b0e779cf9c41a57f756c24fb0db6333a1661d4ed88	7023	PRESENT	data/prover/d2/timed/SHA256SUMS	
data/prover/d2/timed/repo/results/V2-PRV-D2-01/environment/quiet/S20261005T152152Z/c0014-during.json	GIT	f14a46a9920cd4e762de4ce1ccefeefe90edb1bdbaa792863e035b0a74e8823c	582	PRESENT	data/prover/d2/timed/SHA256SUMS	
data/prover/d2/timed/repo/results/V2-PRV-D2-01/environment/quiet/S20261005T152152Z/c0014-pre-a.json	GIT	51e7b1c803e599eb81071c584cd1230caf1be517c9421a49fc9a1bdbdc3a989c	7023	PRESENT	data/prover/d2/timed/SHA256SUMS	
data/prover/d2/timed/repo/results/V2-PRV-D2-01/environment/quiet/S20261005T152152Z/c0014-pre-b.json	GIT	d618f1f298d81ec591a7bfd98f0a7e1a4b517e3eb47d009e0f2e555e59f586d9	7023	PRESENT	data/prover/d2/timed/SHA256SUMS	
data/prover/d2/timed/repo/results/V2-PRV-D2-01/environment/quiet/S20261005T152152Z/c0014-pre.json	GIT	6eb5d83ecc21766523fb7e07cb45119ed253c505537aff100d0786ed12373ef2	579	PRESENT	data/prover/d2/timed/SHA256SUMS	
data/prover/d2/timed/repo/results/V2-PRV-D2-01/environment/quiet/S20261005T152152Z/c0014-run-a.json	GIT	482e00d12e45bf10348dfa857c2e3b25a00fd38bb6ad4c4530c474ae247b0f31	7021	PRESENT	data/prover/d2/timed/SHA256SUMS	
data/prover/d2/timed/repo/results/V2-PRV-D2-01/environment/quiet/S20261005T152152Z/c0014-run-b.json	GIT	d3179e61a8a48d46afca5f4848628804c69a257f6d9722f3fa4854bb92e13ffb	7021	PRESENT	data/prover/d2/timed/SHA256SUMS	
data/prover/d2/timed/repo/results/V2-PRV-D2-01/environment/quiet/S20261005T152152Z/c0015-during.json	GIT	e083b9e688f1eaaa53063b125990d4ab6fc6ed3d25bb1be6cfb1e6f7a01db634	595	PRESENT	data/prover/d2/timed/SHA256SUMS	
data/prover/d2/timed/repo/results/V2-PRV-D2-01/environment/quiet/S20261005T152152Z/c0015-pre-a.json	GIT	5c863648fbddc1fd97f0704b8f01b41a284441305e4893b28738a4db684d9b97	7022	PRESENT	data/prover/d2/timed/SHA256SUMS	
data/prover/d2/timed/repo/results/V2-PRV-D2-01/environment/quiet/S20261005T152152Z/c0015-pre-b.json	GIT	7a0bc14d53b9f0e3e5a871a2092be1c1d0b508596b8ec40920c9ca7d24bd5ff3	7023	PRESENT	data/prover/d2/timed/SHA256SUMS	
data/prover/d2/timed/repo/results/V2-PRV-D2-01/environment/quiet/S20261005T152152Z/c0015-pre.json	GIT	aba16053295aaaa5604ac769cfd958847cfbe03a1d959cbb394bf070c6b56afe	588	PRESENT	data/prover/d2/timed/SHA256SUMS	
data/prover/d2/timed/repo/results/V2-PRV-D2-01/environment/quiet/S20261005T152152Z/c0015-run-a.json	GIT	f8cdb6f31d89499b79299268abda3fd7d33cb298c259f24fbeded269b58cf0b1	7022	PRESENT	data/prover/d2/timed/SHA256SUMS	
data/prover/d2/timed/repo/results/V2-PRV-D2-01/environment/quiet/S20261005T152152Z/c0015-run-b.json	GIT	80393368837cea9375e655b80df8e82e90a6779535a93d98832929ca2848cbbb	7022	PRESENT	data/prover/d2/timed/SHA256SUMS	
data/prover/d2/timed/repo/results/V2-PRV-D2-01/environment/quiet/S20261005T152152Z/c0016-during.json	GIT	1353dce4f0a8bdb76686d2c3d6a1e72cecc958592108483a6fcd7a3688a0382f	596	PRESENT	data/prover/d2/timed/SHA256SUMS	
data/prover/d2/timed/repo/results/V2-PRV-D2-01/environment/quiet/S20261005T152152Z/c0016-pre-a.json	GIT	0da5feb343ee7fd6d034980c60722169b7d2f12c3c696e326b3a3a3994257080	7023	PRESENT	data/prover/d2/timed/SHA256SUMS	
data/prover/d2/timed/repo/results/V2-PRV-D2-01/environment/quiet/S20261005T152152Z/c0016-pre-b.json	GIT	39893cb110f2fc297e878f3df5e4265a98f5e36f14b25f01e8f54b0801032eac	7023	PRESENT	data/prover/d2/timed/SHA256SUMS	
data/prover/d2/timed/repo/results/V2-PRV-D2-01/environment/quiet/S20261005T152152Z/c0016-pre.json	GIT	2a56cf877d5c470d233214e3c587aa66abfeb187ade2f74a581a90b68bd118fd	591	PRESENT	data/prover/d2/timed/SHA256SUMS	
data/prover/d2/timed/repo/results/V2-PRV-D2-01/environment/quiet/S20261005T152152Z/c0016-run-a.json	GIT	3fb4a32abd7a0092651c10318bfa8662ad2a75937d880332357bcf2a36c32328	7023	PRESENT	data/prover/d2/timed/SHA256SUMS	
data/prover/d2/timed/repo/results/V2-PRV-D2-01/environment/quiet/S20261005T152152Z/c0016-run-b.json	GIT	80a085d3204d22f3b5d40757b30e48787fff6bf2e27e0b7b76a7d58e93956171	7023	PRESENT	data/prover/d2/timed/SHA256SUMS	
data/prover/d2/timed/repo/results/V2-PRV-D2-01/environment/quiet/S20261005T152152Z/c0017-during.json	GIT	991302b3e91d76c45344d8b1ce8521e6bac8116db5eddb28a0d2e58b0d8fba67	576	PRESENT	data/prover/d2/timed/SHA256SUMS	
data/prover/d2/timed/repo/results/V2-PRV-D2-01/environment/quiet/S20261005T152152Z/c0017-pre-a.json	GIT	769e0007387bacc9e1cdd5df98fecb4775f3a3030d47ff7aba7be9f51e06c253	7023	PRESENT	data/prover/d2/timed/SHA256SUMS	
data/prover/d2/timed/repo/results/V2-PRV-D2-01/environment/quiet/S20261005T152152Z/c0017-pre-b.json	GIT	1ae370809da447afe5bfa3178d16224a87a7beac1685865d32333b7c5c8bf48b	7021	PRESENT	data/prover/d2/timed/SHA256SUMS	
data/prover/d2/timed/repo/results/V2-PRV-D2-01/environment/quiet/S20261005T152152Z/c0017-pre.json	GIT	71d5e4f5ef013fd52f1da08720d205a2a76c615933df9d9a806812cfdf619a6a	567	PRESENT	data/prover/d2/timed/SHA256SUMS	
data/prover/d2/timed/repo/results/V2-PRV-D2-01/environment/quiet/S20261005T152152Z/c0017-run-a.json	GIT	dd2c60f21d38fb04d65e0af1dd138bef5d60dbacf187fce611af1282e3e7e1ee	7023	PRESENT	data/prover/d2/timed/SHA256SUMS	
data/prover/d2/timed/repo/results/V2-PRV-D2-01/environment/quiet/S20261005T152152Z/c0017-run-b.json	GIT	1df7827e7c022207db06c997d0e25f3ac392852de2ba4dadf27aac57b3cc02f7	7022	PRESENT	data/prover/d2/timed/SHA256SUMS	
data/prover/d2/timed/repo/results/V2-PRV-D2-01/environment/quiet/S20261005T152152Z/c0018-during.json	GIT	cf43667fc41e73a7a5c12d1b7a4431cfe3634767bf3fbe4f31590db8959fc2ab	584	PRESENT	data/prover/d2/timed/SHA256SUMS	
data/prover/d2/timed/repo/results/V2-PRV-D2-01/environment/quiet/S20261005T152152Z/c0018-pre-a.json	GIT	f8a56e789cc13db0e73d1f8f31c71bd454d1df30720ac205615be0da58260696	7023	PRESENT	data/prover/d2/timed/SHA256SUMS	
data/prover/d2/timed/repo/results/V2-PRV-D2-01/environment/quiet/S20261005T152152Z/c0018-pre-b.json	GIT	5bcff231aa8437eca3d5d5517abaef490c980542b16ce04963f4dc02eb12337d	7022	PRESENT	data/prover/d2/timed/SHA256SUMS	
data/prover/d2/timed/repo/results/V2-PRV-D2-01/environment/quiet/S20261005T152152Z/c0018-pre.json	GIT	29c8f7cbd3482062af3467be402d930b38a0b5de421175ecbf5903131e1e12dc	571	PRESENT	data/prover/d2/timed/SHA256SUMS	
data/prover/d2/timed/repo/results/V2-PRV-D2-01/environment/quiet/S20261005T152152Z/c0018-run-a.json	GIT	1a5efd80023525762bcecd41e8e573e4d733bb865496c342c8275e58beda7344	7021	PRESENT	data/prover/d2/timed/SHA256SUMS	
data/prover/d2/timed/repo/results/V2-PRV-D2-01/environment/quiet/S20261005T152152Z/c0018-run-b.json	GIT	f78de4f27ce625bd62b814ac2a4bc15d6466359be0bc850a9fc1689a919abaff	7022	PRESENT	data/prover/d2/timed/SHA256SUMS	
data/prover/d2/timed/repo/results/V2-PRV-D2-01/environment/quiet/S20261005T152152Z/c0019-during.json	GIT	c3f55d44ba1b39dedcb258543972d1ee8560ddb256533df05abcffc0bca1a55a	582	PRESENT	data/prover/d2/timed/SHA256SUMS	
data/prover/d2/timed/repo/results/V2-PRV-D2-01/environment/quiet/S20261005T152152Z/c0019-pre-a.json	GIT	39e51a8fbd8b58617c50955b2b6429889581606456bbbb5c575973d6a03b42c2	7023	PRESENT	data/prover/d2/timed/SHA256SUMS	
data/prover/d2/timed/repo/results/V2-PRV-D2-01/environment/quiet/S20261005T152152Z/c0019-pre-b.json	GIT	02184d716ee3ee4199b570cd456c06c41164490994d6145b15c64d74cac92e33	7022	PRESENT	data/prover/d2/timed/SHA256SUMS	
data/prover/d2/timed/repo/results/V2-PRV-D2-01/environment/quiet/S20261005T152152Z/c0019-pre.json	GIT	63c1cfa5a322c78f9484713085fba34048b45b705ab4edc38eb6e836d329f485	572	PRESENT	data/prover/d2/timed/SHA256SUMS	
data/prover/d2/timed/repo/results/V2-PRV-D2-01/environment/quiet/S20261005T152152Z/c0019-run-a.json	GIT	b8879d688bcb06a75dd8d0c7b5afea82312d2ea51b3274cac4ace15b7d415e8f	7022	PRESENT	data/prover/d2/timed/SHA256SUMS	
data/prover/d2/timed/repo/results/V2-PRV-D2-01/environment/quiet/S20261005T152152Z/c0019-run-b.json	GIT	65321145b088082a6dd0e03fa47ae7a9f6567832c4ade1fb6381f048070109b7	7023	PRESENT	data/prover/d2/timed/SHA256SUMS	
data/prover/d2/timed/repo/results/V2-PRV-D2-01/environment/quiet/S20261005T152152Z/c0020-during.json	GIT	d788a9095d533c0223a60287ae058fd60307d4798b1f94aadc4463cce5b82746	595	PRESENT	data/prover/d2/timed/SHA256SUMS	
data/prover/d2/timed/repo/results/V2-PRV-D2-01/environment/quiet/S20261005T152152Z/c0020-pre-a.json	GIT	54b9fd6f5221b1e9b9257c9b98243787149451c7b2dd1b40839d6b197b637b7c	7023	PRESENT	data/prover/d2/timed/SHA256SUMS	
data/prover/d2/timed/repo/results/V2-PRV-D2-01/environment/quiet/S20261005T152152Z/c0020-pre-b.json	GIT	6e4e648eedc7691b85b7bef4b019c07e4bf73ae3e2984dd9d5006d81a36e0960	7021	PRESENT	data/prover/d2/timed/SHA256SUMS	
data/prover/d2/timed/repo/results/V2-PRV-D2-01/environment/quiet/S20261005T152152Z/c0020-pre.json	GIT	cc2fdd6dd877a9e569e881f22988b8f086e876f9b0a10f65d11224c1d6262a74	589	PRESENT	data/prover/d2/timed/SHA256SUMS	
data/prover/d2/timed/repo/results/V2-PRV-D2-01/environment/quiet/S20261005T152152Z/c0020-run-a.json	GIT	5e510f1c80c73641e5ff62c512ec325848247e74ad90121d0b555a63c4930a68	7021	PRESENT	data/prover/d2/timed/SHA256SUMS	
data/prover/d2/timed/repo/results/V2-PRV-D2-01/environment/quiet/S20261005T152152Z/c0020-run-b.json	GIT	26380f7c34e05d85c537a001fb30a3d4dc38c570f66a84a30099dd66e907b769	7022	PRESENT	data/prover/d2/timed/SHA256SUMS	
data/prover/d2/timed/repo/results/V2-PRV-D2-01/environment/quiet/S20261005T152152Z/c0021-during.json	GIT	d2984ff1d1847d8be614d4b30ef3aec02abaf6c116111922b44aa817d8e182b8	577	PRESENT	data/prover/d2/timed/SHA256SUMS	
data/prover/d2/timed/repo/results/V2-PRV-D2-01/environment/quiet/S20261005T152152Z/c0021-pre-a.json	GIT	c9aea5f672684867e8d9152c76f42945d89c531d7aaa37495ccd06f306697876	7023	PRESENT	data/prover/d2/timed/SHA256SUMS	
data/prover/d2/timed/repo/results/V2-PRV-D2-01/environment/quiet/S20261005T152152Z/c0021-pre-b.json	GIT	24ef5fa6886c029e2da465e1e09539d40296acc4ea7e31ecef81d0412ad3e168	7023	PRESENT	data/prover/d2/timed/SHA256SUMS	
data/prover/d2/timed/repo/results/V2-PRV-D2-01/environment/quiet/S20261005T152152Z/c0021-pre.json	GIT	4168fec1457bb087be8342430e391c506ad3794dc8746e5ae4a85b83f612c7a8	570	PRESENT	data/prover/d2/timed/SHA256SUMS	
data/prover/d2/timed/repo/results/V2-PRV-D2-01/environment/quiet/S20261005T152152Z/c0021-run-a.json	GIT	16b5b884f83f12ab4cadb20d383c2894fad7511cc85e815174f380d722a2b108	7023	PRESENT	data/prover/d2/timed/SHA256SUMS	
data/prover/d2/timed/repo/results/V2-PRV-D2-01/environment/quiet/S20261005T152152Z/c0021-run-b.json	GIT	c5ea32d38826b7513799f552e194a272810cd051f31dea3310fda989e8ed354f	7023	PRESENT	data/prover/d2/timed/SHA256SUMS	
data/prover/d2/timed/repo/results/V2-PRV-D2-01/environment/quiet/S20261005T152152Z/c0022-during.json	GIT	952dd95066cc6661b28556c8db69cb08c8c0c9a9de3759b495ba357f9684b459	595	PRESENT	data/prover/d2/timed/SHA256SUMS	
data/prover/d2/timed/repo/results/V2-PRV-D2-01/environment/quiet/S20261005T152152Z/c0022-pre-a.json	GIT	3e4cffe7afa7c61a2f139ad63ff554a5ecbca50e573491624a71e550be6698d9	7023	PRESENT	data/prover/d2/timed/SHA256SUMS	
data/prover/d2/timed/repo/results/V2-PRV-D2-01/environment/quiet/S20261005T152152Z/c0022-pre-b.json	GIT	0927ca923bd0930ccc5e5b6579f71e2e18d3f46da6fdaa289360895e5e1bc029	7023	PRESENT	data/prover/d2/timed/SHA256SUMS	
data/prover/d2/timed/repo/results/V2-PRV-D2-01/environment/quiet/S20261005T152152Z/c0022-pre.json	GIT	3b15479ba520fc0005b60dae63c59892a3e024769351857b95197db99bf3e41c	586	PRESENT	data/prover/d2/timed/SHA256SUMS	
data/prover/d2/timed/repo/results/V2-PRV-D2-01/environment/quiet/S20261005T152152Z/c0022-run-a.json	GIT	c1adc881d8b5ba69fc17ee58a1ce1087d55245c03960c6068183964fe4ce48c8	7023	PRESENT	data/prover/d2/timed/SHA256SUMS	
data/prover/d2/timed/repo/results/V2-PRV-D2-01/environment/quiet/S20261005T152152Z/c0022-run-b.json	GIT	a2956bc0586be7a9a223d8fc03d6effe771153a740fefabef4f9a5853acb3947	7023	PRESENT	data/prover/d2/timed/SHA256SUMS	
data/prover/d2/timed/repo/results/V2-PRV-D2-01/environment/quiet/S20261005T152152Z/c0023-during.json	GIT	2f45680ccb8781d94d94773240b8a7f077243c030d3c8a8ccdad69a1a60d48b5	577	PRESENT	data/prover/d2/timed/SHA256SUMS	
data/prover/d2/timed/repo/results/V2-PRV-D2-01/environment/quiet/S20261005T152152Z/c0023-pre-a.json	GIT	dc803787d31e89d0abe2e16198d0e0a37bcda69b66e95d064cceacb40e37b046	7023	PRESENT	data/prover/d2/timed/SHA256SUMS	
data/prover/d2/timed/repo/results/V2-PRV-D2-01/environment/quiet/S20261005T152152Z/c0023-pre-b.json	GIT	b14c37f37633ed7c3c0ccbc77fcbc4b11a3cfcb51075287b85ad5928e9f98234	7022	PRESENT	data/prover/d2/timed/SHA256SUMS	
data/prover/d2/timed/repo/results/V2-PRV-D2-01/environment/quiet/S20261005T152152Z/c0023-pre.json	GIT	6b75d561a1128cdedbcf4a1f2506d7688014e86e137de89543516f5f231d298e	566	PRESENT	data/prover/d2/timed/SHA256SUMS	
data/prover/d2/timed/repo/results/V2-PRV-D2-01/environment/quiet/S20261005T152152Z/c0023-run-a.json	GIT	99e2f2d403176f5bb42f26c229681d430d4bccf0490edc28982dc6f0ccef6121	7023	PRESENT	data/prover/d2/timed/SHA256SUMS	
data/prover/d2/timed/repo/results/V2-PRV-D2-01/environment/quiet/S20261005T152152Z/c0023-run-b.json	GIT	2fab05d7bf8ca5e7f2de73f34a20f6deac62232a49fc638bc934b47a7ffad78b	7023	PRESENT	data/prover/d2/timed/SHA256SUMS	
data/prover/d2/timed/repo/results/V2-PRV-D2-01/environment/quiet/S20261005T152152Z/c0024-during.json	GIT	94bc4891c8467452b3bd38301f7b8128bea9f81c1fe02baf153ea7ec9a6e0531	582	PRESENT	data/prover/d2/timed/SHA256SUMS	
data/prover/d2/timed/repo/results/V2-PRV-D2-01/environment/quiet/S20261005T152152Z/c0024-pre-a.json	GIT	53d3f209b99c6f214f18460b4e0f6c4dcb5664c3181ccfcbec8c5309a176cf1e	7022	PRESENT	data/prover/d2/timed/SHA256SUMS	
data/prover/d2/timed/repo/results/V2-PRV-D2-01/environment/quiet/S20261005T152152Z/c0024-pre-b.json	GIT	b4faf892d88a76b7a4c325afa877a0a8dddb8e4ebd0d544fa7ec664dd1873471	7023	PRESENT	data/prover/d2/timed/SHA256SUMS	
data/prover/d2/timed/repo/results/V2-PRV-D2-01/environment/quiet/S20261005T152152Z/c0024-pre.json	GIT	d99c6732463b71117dbe7a6cabac603d948185df8a9fd03ce2a2f0c4f4776730	576	PRESENT	data/prover/d2/timed/SHA256SUMS	
data/prover/d2/timed/repo/results/V2-PRV-D2-01/environment/quiet/S20261005T152152Z/c0024-run-a.json	GIT	c087b8ac8a3cc247cc67b93a5cb734be7e186d767aef6b41f70f3ce57d2b3467	7023	PRESENT	data/prover/d2/timed/SHA256SUMS	
data/prover/d2/timed/repo/results/V2-PRV-D2-01/environment/quiet/S20261005T152152Z/c0024-run-b.json	GIT	815e4bf984cf7759c0712c172b61ccbdbee50d036effd0e778ab23ec01f75084	7022	PRESENT	data/prover/d2/timed/SHA256SUMS	
data/prover/d2/timed/repo/results/V2-PRV-D2-01/environment/quiet/S20261005T152152Z/c0025-during.json	GIT	85e7e36b74d90cb7ad28a9d61d1ee46a9f64bddb2a3dbfc55defd92b6501025e	576	PRESENT	data/prover/d2/timed/SHA256SUMS	
data/prover/d2/timed/repo/results/V2-PRV-D2-01/environment/quiet/S20261005T152152Z/c0025-pre-a.json	GIT	e9f2c27625f48621d229493887d797e0250d9ef43b78bc772786ca9792822468	7021	PRESENT	data/prover/d2/timed/SHA256SUMS	
data/prover/d2/timed/repo/results/V2-PRV-D2-01/environment/quiet/S20261005T152152Z/c0025-pre-b.json	GIT	e468aabe3912dbead1996e986ffd5464a0167ff41a71d7ff3252d2eba1952fe7	7023	PRESENT	data/prover/d2/timed/SHA256SUMS	
data/prover/d2/timed/repo/results/V2-PRV-D2-01/environment/quiet/S20261005T152152Z/c0025-pre.json	GIT	c98fc9579a100de58d08ff6eae84416d174299958539fb7a60d7f87aace68963	569	PRESENT	data/prover/d2/timed/SHA256SUMS	
data/prover/d2/timed/repo/results/V2-PRV-D2-01/environment/quiet/S20261005T152152Z/c0025-run-a.json	GIT	972ffc6134f62a7d794d7d022bfe7a75dace7aafa1f9e49b218aef7deed44533	7023	PRESENT	data/prover/d2/timed/SHA256SUMS	
data/prover/d2/timed/repo/results/V2-PRV-D2-01/environment/quiet/S20261005T152152Z/c0025-run-b.json	GIT	97a1ab8f96f55f4a8a354199531b638bda5b04027913ccb8a7a8e677672a47d7	7023	PRESENT	data/prover/d2/timed/SHA256SUMS	
data/prover/d2/timed/repo/results/V2-PRV-D2-01/environment/quiet/S20261005T152152Z/c0026-during.json	GIT	068cd9a6eb6e03e4dc60e9007521a9b212494e8265d0f33eeebc3cc43dfb4c5f	581	PRESENT	data/prover/d2/timed/SHA256SUMS	
data/prover/d2/timed/repo/results/V2-PRV-D2-01/environment/quiet/S20261005T152152Z/c0026-pre-a.json	GIT	9039e738a459e56367ac7e0e1885a78c491bdfdc024e1e5a022cb126f532809f	7023	PRESENT	data/prover/d2/timed/SHA256SUMS	
data/prover/d2/timed/repo/results/V2-PRV-D2-01/environment/quiet/S20261005T152152Z/c0026-pre-b.json	GIT	7fd9b534d1d0ceab6adc90e19eb2f236543e1e6c6781b564daeddb18f2fcb269	7022	PRESENT	data/prover/d2/timed/SHA256SUMS	
data/prover/d2/timed/repo/results/V2-PRV-D2-01/environment/quiet/S20261005T152152Z/c0026-pre.json	GIT	6ae3ab121650109293dc52c194e632a4ae6f57463c7146c9ae309129906339c9	574	PRESENT	data/prover/d2/timed/SHA256SUMS	
data/prover/d2/timed/repo/results/V2-PRV-D2-01/environment/quiet/S20261005T152152Z/c0026-run-a.json	GIT	f35d3b9f48361015347243c232cfc3544ae6010be9b52b1eb60a3713a0fafd4d	7023	PRESENT	data/prover/d2/timed/SHA256SUMS	
data/prover/d2/timed/repo/results/V2-PRV-D2-01/environment/quiet/S20261005T152152Z/c0026-run-b.json	GIT	1d27dab4cbe55180472015597bd8a66a06d4cd111df90ff7a1ec2878c7513dda	7023	PRESENT	data/prover/d2/timed/SHA256SUMS	
data/prover/d2/timed/repo/results/V2-PRV-D2-01/environment/quiet/S20261005T152152Z/c0027-during.json	GIT	ade8b1e2172641fce1b0956a351aa9221e6da4a6f65b965147c1944fd6669f15	593	PRESENT	data/prover/d2/timed/SHA256SUMS	
data/prover/d2/timed/repo/results/V2-PRV-D2-01/environment/quiet/S20261005T152152Z/c0027-pre-a.json	GIT	2fc118d95ec2795e4b688123a4703fce179470642aa1c093a682e9cb152ac9e9	7020	PRESENT	data/prover/d2/timed/SHA256SUMS	
data/prover/d2/timed/repo/results/V2-PRV-D2-01/environment/quiet/S20261005T152152Z/c0027-pre-b.json	GIT	03cfe4fafd1ab909728a49c79006d2c9f091f8ff90f360350702c5e04e5e66ed	7023	PRESENT	data/prover/d2/timed/SHA256SUMS	
data/prover/d2/timed/repo/results/V2-PRV-D2-01/environment/quiet/S20261005T152152Z/c0027-pre.json	GIT	f64de70ee8cc9d9087bf188545960ed834d20b31e47275adcb4874137808dd70	591	PRESENT	data/prover/d2/timed/SHA256SUMS	
data/prover/d2/timed/repo/results/V2-PRV-D2-01/environment/quiet/S20261005T152152Z/c0027-run-a.json	GIT	9069aeedb832335e6fd84ffb86f01cfa1ced69bf1307b82fa5fa9b0d4bce5594	7023	PRESENT	data/prover/d2/timed/SHA256SUMS	
data/prover/d2/timed/repo/results/V2-PRV-D2-01/environment/quiet/S20261005T152152Z/c0027-run-b.json	GIT	78a329093ed912d6308e0669482e801cbf53e4ea52c23fb3b0ac7997f346978f	7021	PRESENT	data/prover/d2/timed/SHA256SUMS	
data/prover/d2/timed/repo/results/V2-PRV-D2-01/environment/quiet/S20261005T152152Z/c0028-during.json	GIT	b720c670e58f339c5daef8fc9cd4923de68274db9e05ff24896b32768b20e23c	579	PRESENT	data/prover/d2/timed/SHA256SUMS	
data/prover/d2/timed/repo/results/V2-PRV-D2-01/environment/quiet/S20261005T152152Z/c0028-pre-a.json	GIT	0226ee63155d4594595fb3838a1a8d1b9e91a9e2f2ef117cf0edac5e00857ab5	7023	PRESENT	data/prover/d2/timed/SHA256SUMS	
data/prover/d2/timed/repo/results/V2-PRV-D2-01/environment/quiet/S20261005T152152Z/c0028-pre-b.json	GIT	ac2bf532f3f1e71a0a1809a32ec00032f9e02ffd21dbc13279ee9214de0a28a1	7023	PRESENT	data/prover/d2/timed/SHA256SUMS	
data/prover/d2/timed/repo/results/V2-PRV-D2-01/environment/quiet/S20261005T152152Z/c0028-pre.json	GIT	5dd0eaaf2f0ad71840da27ac64a5d514a9a95b6b48a1a05bd2c964db59183a50	576	PRESENT	data/prover/d2/timed/SHA256SUMS	
data/prover/d2/timed/repo/results/V2-PRV-D2-01/environment/quiet/S20261005T152152Z/c0028-run-a.json	GIT	24b30c65a0b133842b05c41619f13afad016f622312bf06aa1b0f0116b91a605	7021	PRESENT	data/prover/d2/timed/SHA256SUMS	
data/prover/d2/timed/repo/results/V2-PRV-D2-01/environment/quiet/S20261005T152152Z/c0028-run-b.json	GIT	a202652ac0217f8990bd1cc29042862804c8c39620668c809c5636787df19693	7023	PRESENT	data/prover/d2/timed/SHA256SUMS	
data/prover/d2/timed/repo/results/V2-PRV-D2-01/environment/quiet/S20261005T152152Z/c0029-during.json	GIT	5dccc95084a86ff1e0d3e4a63a51397c239c579d985a0b3a6d7257b7952fab26	594	PRESENT	data/prover/d2/timed/SHA256SUMS	
data/prover/d2/timed/repo/results/V2-PRV-D2-01/environment/quiet/S20261005T152152Z/c0029-pre-a.json	GIT	32b9ef39daf6de104177dbdd9d97d61072324d9242ce2b6b50053e2d7ea82b5a	7021	PRESENT	data/prover/d2/timed/SHA256SUMS	
data/prover/d2/timed/repo/results/V2-PRV-D2-01/environment/quiet/S20261005T152152Z/c0029-pre-b.json	GIT	db632251a49d8dd096636ebd6213e5a69250e538b6b784f20482f3e3954390fd	7023	PRESENT	data/prover/d2/timed/SHA256SUMS	
data/prover/d2/timed/repo/results/V2-PRV-D2-01/environment/quiet/S20261005T152152Z/c0029-pre.json	GIT	b3f792cd55123c405d5d0275b91fc2a5969c7d7f49bbebee11194f16d6f615eb	591	PRESENT	data/prover/d2/timed/SHA256SUMS	
data/prover/d2/timed/repo/results/V2-PRV-D2-01/environment/quiet/S20261005T152152Z/c0029-run-a.json	GIT	8123658e6cef03195a58e25da9bd0ab22a87fa8b01c69df58bead31c63fee9e3	7021	PRESENT	data/prover/d2/timed/SHA256SUMS	
data/prover/d2/timed/repo/results/V2-PRV-D2-01/environment/quiet/S20261005T152152Z/c0029-run-b.json	GIT	c6bc31e88b4d90b1b1a414266a0c83ce64395a208e3d249183af5dd2fc8ede5b	7022	PRESENT	data/prover/d2/timed/SHA256SUMS	
data/prover/d2/timed/repo/results/V2-PRV-D2-01/environment/quiet/S20261005T152152Z/c0030-during.json	GIT	8789a5b4799628751321918ef0608ef8e3422a521fa803b09aafb1e8fe3e74a5	572	PRESENT	data/prover/d2/timed/SHA256SUMS	
data/prover/d2/timed/repo/results/V2-PRV-D2-01/environment/quiet/S20261005T152152Z/c0030-pre-a.json	GIT	cb57470f09e620d622ef63a69f9a23848f4ea8de994029ccbd3daea7b7aaecc0	7023	PRESENT	data/prover/d2/timed/SHA256SUMS	
data/prover/d2/timed/repo/results/V2-PRV-D2-01/environment/quiet/S20261005T152152Z/c0030-pre-b.json	GIT	740a02d15f237bf9e9633b3de9eeb3311fcde1b81fb93ae1896356d539c77b11	7023	PRESENT	data/prover/d2/timed/SHA256SUMS	
data/prover/d2/timed/repo/results/V2-PRV-D2-01/environment/quiet/S20261005T152152Z/c0030-pre.json	GIT	ab681cb7554c73204850a94417a6f24af15f5a376ef63a9d0f4d881d900ec3f6	567	PRESENT	data/prover/d2/timed/SHA256SUMS	
data/prover/d2/timed/repo/results/V2-PRV-D2-01/environment/quiet/S20261005T152152Z/c0030-run-a.json	GIT	11751746dc612ef8d38c26fb8ea77d96d32e61586462e491312e54ebf78855df	7023	PRESENT	data/prover/d2/timed/SHA256SUMS	
data/prover/d2/timed/repo/results/V2-PRV-D2-01/environment/quiet/S20261005T152152Z/c0030-run-b.json	GIT	752c6af71afca82a113dc2392608a83b44065bcdb7e43ed713d190a83eefb869	7021	PRESENT	data/prover/d2/timed/SHA256SUMS	
data/prover/d2/timed/repo/results/V2-PRV-D2-01/environment/quiet/S20261005T152152Z/c0031-during.json	GIT	364ebecc732252acb424666ebaf2de0115bc3a92c21099cdb6d82742d4e02d35	595	PRESENT	data/prover/d2/timed/SHA256SUMS	
data/prover/d2/timed/repo/results/V2-PRV-D2-01/environment/quiet/S20261005T152152Z/c0031-pre-a.json	GIT	5666dbec4d8d7a10a6c742a693dcb804f8b7a279131c627e192cbc7c98fbd991	7023	PRESENT	data/prover/d2/timed/SHA256SUMS	
data/prover/d2/timed/repo/results/V2-PRV-D2-01/environment/quiet/S20261005T152152Z/c0031-pre-b.json	GIT	ea64c21e7afe36bb95193fb08f0c5317982d6663df6df1e235cc1a477687116b	7021	PRESENT	data/prover/d2/timed/SHA256SUMS	
data/prover/d2/timed/repo/results/V2-PRV-D2-01/environment/quiet/S20261005T152152Z/c0031-pre.json	GIT	8fcc6c68464d91713e522e305b4c7c928682745c6a613f1ac794c32fca98c162	589	PRESENT	data/prover/d2/timed/SHA256SUMS	
data/prover/d2/timed/repo/results/V2-PRV-D2-01/environment/quiet/S20261005T152152Z/c0031-run-a.json	GIT	e0a221f551465d7c67f924e6249e5b7f9b25ab3720f5e9ab7652913ece0cb2b3	7021	PRESENT	data/prover/d2/timed/SHA256SUMS	
data/prover/d2/timed/repo/results/V2-PRV-D2-01/environment/quiet/S20261005T152152Z/c0031-run-b.json	GIT	a5b1f54db8ada941ed687617c0d54e43f8656f6f711db09802be4801f19fef8f	7023	PRESENT	data/prover/d2/timed/SHA256SUMS	
data/prover/d2/timed/repo/results/V2-PRV-D2-01/environment/quiet/S20261005T152152Z/c0032-during.json	GIT	f33341501080a7b84335ee09afbb6fada89626e4cc26d3b2bb7e7db70d630183	573	PRESENT	data/prover/d2/timed/SHA256SUMS	
data/prover/d2/timed/repo/results/V2-PRV-D2-01/environment/quiet/S20261005T152152Z/c0032-pre-a.json	GIT	4f0fe0ea3f0ce7d033e47b59d2da72124a8a800773e668a4377bf58fc44b88b4	7022	PRESENT	data/prover/d2/timed/SHA256SUMS	
data/prover/d2/timed/repo/results/V2-PRV-D2-01/environment/quiet/S20261005T152152Z/c0032-pre-b.json	GIT	4ce98545be2f298a373135fa2da2398d5be65011ee0759ab33f668f9335c97cd	7021	PRESENT	data/prover/d2/timed/SHA256SUMS	
data/prover/d2/timed/repo/results/V2-PRV-D2-01/environment/quiet/S20261005T152152Z/c0032-pre.json	GIT	d80b73c2ecd5570c00789585a70fa9b3cec165c428f2add273e1f6021abaf1cd	563	PRESENT	data/prover/d2/timed/SHA256SUMS	
data/prover/d2/timed/repo/results/V2-PRV-D2-01/environment/quiet/S20261005T152152Z/c0032-run-a.json	GIT	9d5dc4c4e6d1e585effe0d33ae7703a539e3ea18b99c73d26ad4a6b60712e2c1	7022	PRESENT	data/prover/d2/timed/SHA256SUMS	
data/prover/d2/timed/repo/results/V2-PRV-D2-01/environment/quiet/S20261005T152152Z/c0032-run-b.json	GIT	dd23602a14c373ce0f94de7a37de0c0c8be6946cec47871bf699cf6d6fcc8ca2	7023	PRESENT	data/prover/d2/timed/SHA256SUMS	
data/prover/d2/timed/repo/results/V2-PRV-D2-01/environment/quiet/S20261005T152152Z/c0033-during.json	GIT	465718315c53c884433b2a901d6a568603da8a8645ccbcae8e0454c22c158ba2	578	PRESENT	data/prover/d2/timed/SHA256SUMS	
data/prover/d2/timed/repo/results/V2-PRV-D2-01/environment/quiet/S20261005T152152Z/c0033-pre-a.json	GIT	e1e67e46e3008a483ba3966ce1824582356409a9dc5dfe6feb6cbc1cb86b01b5	7022	PRESENT	data/prover/d2/timed/SHA256SUMS	
data/prover/d2/timed/repo/results/V2-PRV-D2-01/environment/quiet/S20261005T152152Z/c0033-pre-b.json	GIT	47972c3972e15850cf86a75945b436185715fb9d92beaace2b12671d38b2c0cf	7021	PRESENT	data/prover/d2/timed/SHA256SUMS	
data/prover/d2/timed/repo/results/V2-PRV-D2-01/environment/quiet/S20261005T152152Z/c0033-pre.json	GIT	4bfcfdcada50639ebf7873203b7a9415041b97b94710cb11b464509cf0b05280	571	PRESENT	data/prover/d2/timed/SHA256SUMS	
data/prover/d2/timed/repo/results/V2-PRV-D2-01/environment/quiet/S20261005T152152Z/c0033-run-a.json	GIT	f54aa54fcea15bbecb30a91a037632ce1911f8d9a41ed3bad64a6118f8ba063f	7021	PRESENT	data/prover/d2/timed/SHA256SUMS	
data/prover/d2/timed/repo/results/V2-PRV-D2-01/environment/quiet/S20261005T152152Z/c0033-run-b.json	GIT	518d10c742397ec9c66783ebc92352a36006d888dbd87d83109508d85325bf35	7021	PRESENT	data/prover/d2/timed/SHA256SUMS	
data/prover/d2/timed/repo/results/V2-PRV-D2-01/environment/quiet/S20261005T152152Z/c0034-during.json	GIT	db334c0504ed62a545d1f498ccfd51d8f48dcf30067603cf3d434dcccb8b5cb0	578	PRESENT	data/prover/d2/timed/SHA256SUMS	
data/prover/d2/timed/repo/results/V2-PRV-D2-01/environment/quiet/S20261005T152152Z/c0034-pre-a.json	GIT	f8e3bec40bdfca0bfe6b00268e998ba72c3e42785b1b6c951ad2d347c3276b95	7023	PRESENT	data/prover/d2/timed/SHA256SUMS	
data/prover/d2/timed/repo/results/V2-PRV-D2-01/environment/quiet/S20261005T152152Z/c0034-pre-b.json	GIT	55a3a11d92952e9494521ed339afbceb55f4ed9452f400e2cdbe18fee679535d	7021	PRESENT	data/prover/d2/timed/SHA256SUMS	
data/prover/d2/timed/repo/results/V2-PRV-D2-01/environment/quiet/S20261005T152152Z/c0034-pre.json	GIT	a6918718e1bafd54ac47e7db7671c01ed89b24b99a9692468d9f4a18fd154fac	566	PRESENT	data/prover/d2/timed/SHA256SUMS	
data/prover/d2/timed/repo/results/V2-PRV-D2-01/environment/quiet/S20261005T152152Z/c0034-run-a.json	GIT	0fe4e6f60b11dbbd352847607ed587ffc4a708760e5ba06f1e1e3d695b90edcb	7022	PRESENT	data/prover/d2/timed/SHA256SUMS	
data/prover/d2/timed/repo/results/V2-PRV-D2-01/environment/quiet/S20261005T152152Z/c0034-run-b.json	GIT	f69c056a7275d678963aacd3fc46779a21ca79751898415e27116306c9617c6e	7022	PRESENT	data/prover/d2/timed/SHA256SUMS	
data/prover/d2/timed/repo/results/V2-PRV-D2-01/environment/quiet/S20261005T152152Z/c0035-during.json	GIT	5b99e59662be71eff9bfb56072140bfcfabc85d91757538350b02c9ef92aca2d	583	PRESENT	data/prover/d2/timed/SHA256SUMS	
data/prover/d2/timed/repo/results/V2-PRV-D2-01/environment/quiet/S20261005T152152Z/c0035-pre-a.json	GIT	7b91b0a9b933fe92de0f9b043ed5d940d9b3c958250a79010682afe6ce8bf1c7	7022	PRESENT	data/prover/d2/timed/SHA256SUMS	
data/prover/d2/timed/repo/results/V2-PRV-D2-01/environment/quiet/S20261005T152152Z/c0035-pre-b.json	GIT	2ce5a10bdcf7024f15e09176ed4ec95acbe947b95b71cde838568d76ff7291bf	7023	PRESENT	data/prover/d2/timed/SHA256SUMS	
data/prover/d2/timed/repo/results/V2-PRV-D2-01/environment/quiet/S20261005T152152Z/c0035-pre.json	GIT	c988280de02a589de687363f5ef8f1fc9dcb2b9a0faa7991c013b86d24206596	572	PRESENT	data/prover/d2/timed/SHA256SUMS	
data/prover/d2/timed/repo/results/V2-PRV-D2-01/environment/quiet/S20261005T152152Z/c0035-run-a.json	GIT	0ecef25f5cd8b74190b6fc5b3e83346642f9a868cdf4f81704e611f8972d9cf8	7022	PRESENT	data/prover/d2/timed/SHA256SUMS	
data/prover/d2/timed/repo/results/V2-PRV-D2-01/environment/quiet/S20261005T152152Z/c0035-run-b.json	GIT	35adbd31485fb5499a182e0e19cdbbc8106859c4dbcd1dfbf45ff821440d8af6	7022	PRESENT	data/prover/d2/timed/SHA256SUMS	
data/prover/d2/timed/repo/results/V2-PRV-D2-01/environment/quiet/S20261005T152152Z/c0036-during.json	GIT	ae456b7e2c736ce1531e9e6f980d2ce5b31a40cacc2366a9b2272420f45e0eaf	596	PRESENT	data/prover/d2/timed/SHA256SUMS	
data/prover/d2/timed/repo/results/V2-PRV-D2-01/environment/quiet/S20261005T152152Z/c0036-pre-a.json	GIT	548d647f0ad970dd71ff6582493d8a98907a6d38ab6e6311c7e9b922c5d6892b	7023	PRESENT	data/prover/d2/timed/SHA256SUMS	
data/prover/d2/timed/repo/results/V2-PRV-D2-01/environment/quiet/S20261005T152152Z/c0036-pre-b.json	GIT	5f5bf1dd505f8f90097cb45eed8a34afe386343c793b6e1fdc18c6f301b220e3	7022	PRESENT	data/prover/d2/timed/SHA256SUMS	
data/prover/d2/timed/repo/results/V2-PRV-D2-01/environment/quiet/S20261005T152152Z/c0036-pre.json	GIT	89adcfa0c268892646ec4d378be0cc2e4fd3b50b5b5a42c9dbbd0b41f8a7f984	587	PRESENT	data/prover/d2/timed/SHA256SUMS	
data/prover/d2/timed/repo/results/V2-PRV-D2-01/environment/quiet/S20261005T152152Z/c0036-run-a.json	GIT	f06ea6b8e1d148eccb7a4c27272a10b09733b9a5ee735d265c59e34dafd01d31	7023	PRESENT	data/prover/d2/timed/SHA256SUMS	
data/prover/d2/timed/repo/results/V2-PRV-D2-01/environment/quiet/S20261005T152152Z/c0036-run-b.json	GIT	385d6531b2aca7761aa4234f4b54f785ca96aa0b805b78bf89e6861e235d1d36	7023	PRESENT	data/prover/d2/timed/SHA256SUMS	
data/prover/d2/timed/repo/results/V2-PRV-D2-01/environment/quiet/S20261005T152152Z/c0037-during.json	GIT	cb58a41e4161248216dca53115857b0d533bae6b2f0727ea731db0b754c330c8	584	PRESENT	data/prover/d2/timed/SHA256SUMS	
data/prover/d2/timed/repo/results/V2-PRV-D2-01/environment/quiet/S20261005T152152Z/c0037-pre-a.json	GIT	21bd0011ae35bee31974083e19e868ff9c19c1c98a04710b1110dafb58a23fd1	7023	PRESENT	data/prover/d2/timed/SHA256SUMS	
data/prover/d2/timed/repo/results/V2-PRV-D2-01/environment/quiet/S20261005T152152Z/c0037-pre-b.json	GIT	625ce58de098d7ac14730d4ba082a1e3025fe1330220e0461f533d5731a93f49	7022	PRESENT	data/prover/d2/timed/SHA256SUMS	
data/prover/d2/timed/repo/results/V2-PRV-D2-01/environment/quiet/S20261005T152152Z/c0037-pre.json	GIT	3d9ef00ee43362664b06ad631522fe718a978419402fd84d60c93d4ebbc01b74	578	PRESENT	data/prover/d2/timed/SHA256SUMS	
data/prover/d2/timed/repo/results/V2-PRV-D2-01/environment/quiet/S20261005T152152Z/c0037-run-a.json	GIT	69c8b1e82fa06cc8e995ed918b53674d8979d85de31b18df025bbc70b4f52487	7023	PRESENT	data/prover/d2/timed/SHA256SUMS	
data/prover/d2/timed/repo/results/V2-PRV-D2-01/environment/quiet/S20261005T152152Z/c0037-run-b.json	GIT	75558c40471be6018fae52e181dbe54552241ef1d18395d31a873c232a735e7a	7023	PRESENT	data/prover/d2/timed/SHA256SUMS	
data/prover/d2/timed/repo/results/V2-PRV-D2-01/environment/quiet/S20261005T152152Z/c0038-during.json	GIT	8eabfc94e41f5df9807e5fbd50e240904b4b8b2bbc8261f9f50a58ed058ce0d5	596	PRESENT	data/prover/d2/timed/SHA256SUMS	
data/prover/d2/timed/repo/results/V2-PRV-D2-01/environment/quiet/S20261005T152152Z/c0038-pre-a.json	GIT	4d22fb5f3b2267716aed4b5815216538feed02f73f1689e78a0f6bacd32e6cf3	7023	PRESENT	data/prover/d2/timed/SHA256SUMS	
data/prover/d2/timed/repo/results/V2-PRV-D2-01/environment/quiet/S20261005T152152Z/c0038-pre-b.json	GIT	29214d389627765c168b1fee23b53a32aff071f1e60e247641a4412a03c7380d	7023	PRESENT	data/prover/d2/timed/SHA256SUMS	
data/prover/d2/timed/repo/results/V2-PRV-D2-01/environment/quiet/S20261005T152152Z/c0038-pre.json	GIT	a6c8758d9733e6eef7c5827a0062ebdf2409e489e60ee0309fa9e1f40243c50e	588	PRESENT	data/prover/d2/timed/SHA256SUMS	
data/prover/d2/timed/repo/results/V2-PRV-D2-01/environment/quiet/S20261005T152152Z/c0038-run-a.json	GIT	aaa11d9f9dfa214492633d2ddd7016870512ebf9d9a2ab7bf0a979a5f9340fd4	7023	PRESENT	data/prover/d2/timed/SHA256SUMS	
data/prover/d2/timed/repo/results/V2-PRV-D2-01/environment/quiet/S20261005T152152Z/c0038-run-b.json	GIT	dcdddc66fdf822d841700a73a92d331d8c9138b2b59f26a60fba9c66fae30b8c	7023	PRESENT	data/prover/d2/timed/SHA256SUMS	
data/prover/d2/timed/repo/results/V2-PRV-D2-01/environment/quiet/S20261005T152152Z/c0039-during.json	GIT	978e2bf15a764c228c0af0a3a0ce17045a09151cb21136cdb3621689943cba43	577	PRESENT	data/prover/d2/timed/SHA256SUMS	
data/prover/d2/timed/repo/results/V2-PRV-D2-01/environment/quiet/S20261005T152152Z/c0039-pre-a.json	GIT	71dbd3b62e96a51d708b12e5b1ac01ce18e0bc59cd97a7c99b604bf8be9a7ddb	7022	PRESENT	data/prover/d2/timed/SHA256SUMS	
data/prover/d2/timed/repo/results/V2-PRV-D2-01/environment/quiet/S20261005T152152Z/c0039-pre-b.json	GIT	8412519a0ae2165aeda7b606bd4cc99d306750cd48a2f9f60c090c702cb9fdf9	7023	PRESENT	data/prover/d2/timed/SHA256SUMS	
data/prover/d2/timed/repo/results/V2-PRV-D2-01/environment/quiet/S20261005T152152Z/c0039-pre.json	GIT	cb1473c7446b21bcc0fc8e23faaa70265a2de9f79d125eb0308e783ebeec4f73	567	PRESENT	data/prover/d2/timed/SHA256SUMS	
data/prover/d2/timed/repo/results/V2-PRV-D2-01/environment/quiet/S20261005T152152Z/c0039-run-a.json	GIT	e47bd34d3bd5e96d282c34ca908bb8f32dc20336342eb04fcf42499ba1df26f4	7022	PRESENT	data/prover/d2/timed/SHA256SUMS	
data/prover/d2/timed/repo/results/V2-PRV-D2-01/environment/quiet/S20261005T152152Z/c0039-run-b.json	GIT	480b6cad9767deeb9ee52595b4373b2935062a00c717da85afdd8f08572615fc	7023	PRESENT	data/prover/d2/timed/SHA256SUMS	
data/prover/d2/timed/repo/results/V2-PRV-D2-01/environment/quiet/S20261005T152152Z/c0040-during.json	GIT	e874d61e7e9a1ddf712bd4145a1ecc2fcb1cf93840c211f9f03f5b65bb935171	596	PRESENT	data/prover/d2/timed/SHA256SUMS	
data/prover/d2/timed/repo/results/V2-PRV-D2-01/environment/quiet/S20261005T152152Z/c0040-pre-a.json	GIT	3f948cea55935478a7d0b3888b9abc4ff7fa1c18af899d8591275fbd7f07de39	7020	PRESENT	data/prover/d2/timed/SHA256SUMS	
data/prover/d2/timed/repo/results/V2-PRV-D2-01/environment/quiet/S20261005T152152Z/c0040-pre-b.json	GIT	946c77f368ac7f85872b95d2580fd4474f8bba0156f0a8784772c3c513920ef8	7022	PRESENT	data/prover/d2/timed/SHA256SUMS	
data/prover/d2/timed/repo/results/V2-PRV-D2-01/environment/quiet/S20261005T152152Z/c0040-pre.json	GIT	f30beb6f38088a63f2c70bc1d5c7dc62c5d30afcf5d138a28b06ab3722f64af5	584	PRESENT	data/prover/d2/timed/SHA256SUMS	
data/prover/d2/timed/repo/results/V2-PRV-D2-01/environment/quiet/S20261005T152152Z/c0040-run-a.json	GIT	3438831e297babcc21cae386e2f65c16a58990772febb6dc847a375dfb253195	7020	PRESENT	data/prover/d2/timed/SHA256SUMS	
data/prover/d2/timed/repo/results/V2-PRV-D2-01/environment/quiet/S20261005T152152Z/c0040-run-b.json	GIT	bc84cd6052bb8860a4801d5ad0d454a94a6b324db91827a0bcdb3e86bf0878dd	7023	PRESENT	data/prover/d2/timed/SHA256SUMS	
data/prover/d2/timed/repo/results/V2-PRV-D2-01/environment/quiet/S20261005T152152Z/c0041-during.json	GIT	da3f46b3bbcd186650308d04c3981983516fd701fcadf22502e75d7b317b0658	578	PRESENT	data/prover/d2/timed/SHA256SUMS	
data/prover/d2/timed/repo/results/V2-PRV-D2-01/environment/quiet/S20261005T152152Z/c0041-pre-a.json	GIT	b0a6ddfdec69951920c47aae7ee542862760098a4e0bb71ad568cf052556f606	7022	PRESENT	data/prover/d2/timed/SHA256SUMS	
data/prover/d2/timed/repo/results/V2-PRV-D2-01/environment/quiet/S20261005T152152Z/c0041-pre-b.json	GIT	3733b1304e1ec47df88cd526f604097f2f1eb14ccc263aba8c945249a511abb8	7022	PRESENT	data/prover/d2/timed/SHA256SUMS	
data/prover/d2/timed/repo/results/V2-PRV-D2-01/environment/quiet/S20261005T152152Z/c0041-pre.json	GIT	03deeb6db05825f938e9c21c9847595f0ae7ab56d533b85de2cefec233e9cff8	566	PRESENT	data/prover/d2/timed/SHA256SUMS	
data/prover/d2/timed/repo/results/V2-PRV-D2-01/environment/quiet/S20261005T152152Z/c0041-run-a.json	GIT	8cfadd557f03197d01b1a09fb882f1c691249654c59eead807a7757862e704d2	7022	PRESENT	data/prover/d2/timed/SHA256SUMS	
data/prover/d2/timed/repo/results/V2-PRV-D2-01/environment/quiet/S20261005T152152Z/c0041-run-b.json	GIT	06826bcbdc225effe18c7b96c9be598f684c4f24f40e3489bffe893b7546f037	7023	PRESENT	data/prover/d2/timed/SHA256SUMS	
data/prover/d2/timed/repo/results/V2-PRV-D2-01/environment/quiet/S20261005T152152Z/c0042-during.json	GIT	487c539113ffd311b0336caf075ecd545707934add72f3648814e826d9423571	583	PRESENT	data/prover/d2/timed/SHA256SUMS	
data/prover/d2/timed/repo/results/V2-PRV-D2-01/environment/quiet/S20261005T152152Z/c0042-pre-a.json	GIT	15f726515f938ecece668140e32ce0567843addfb51abcbf6006c90181a72936	7022	PRESENT	data/prover/d2/timed/SHA256SUMS	
data/prover/d2/timed/repo/results/V2-PRV-D2-01/environment/quiet/S20261005T152152Z/c0042-pre-b.json	GIT	f945aa5db0233ce0cf0e07642c9d74c4317a972ac72518cccdbec703972a2614	7023	PRESENT	data/prover/d2/timed/SHA256SUMS	
data/prover/d2/timed/repo/results/V2-PRV-D2-01/environment/quiet/S20261005T152152Z/c0042-pre.json	GIT	329ef1c7821dbd95459cbaca092e97b23385d36a4f7a3f4609b5b38410c6945e	573	PRESENT	data/prover/d2/timed/SHA256SUMS	
data/prover/d2/timed/repo/results/V2-PRV-D2-01/environment/quiet/S20261005T152152Z/c0042-run-a.json	GIT	5bae6b937dc1dd264a9b03af74bb427037dec7666c02e181a87d3a93786f7ad8	7023	PRESENT	data/prover/d2/timed/SHA256SUMS	
data/prover/d2/timed/repo/results/V2-PRV-D2-01/environment/quiet/S20261005T152152Z/c0042-run-b.json	GIT	ddb86073696cbda5658ab32246c2fd1e935f044af27e133f892e42dcacf2a2fb	7021	PRESENT	data/prover/d2/timed/SHA256SUMS	
data/prover/d2/timed/repo/results/V2-PRV-D2-01/environment/quiet/S20261005T152152Z/c0043-during.json	GIT	4c6929fde76cc8d515a15c6f49a15e9290d46be96d53d492e90fe65b99874881	583	PRESENT	data/prover/d2/timed/SHA256SUMS	
data/prover/d2/timed/repo/results/V2-PRV-D2-01/environment/quiet/S20261005T152152Z/c0043-pre-a.json	GIT	834b3a2f778c91c76de6eade005e20cf9d6328dfb15bd5335bccf4f2e904caa5	7022	PRESENT	data/prover/d2/timed/SHA256SUMS	
data/prover/d2/timed/repo/results/V2-PRV-D2-01/environment/quiet/S20261005T152152Z/c0043-pre-b.json	GIT	2a0b4467c7d528ce12a32ee221413070cf02e7e6a0a78b98a87b911584492abd	7022	PRESENT	data/prover/d2/timed/SHA256SUMS	
data/prover/d2/timed/repo/results/V2-PRV-D2-01/environment/quiet/S20261005T152152Z/c0043-pre.json	GIT	d2bef43e40334cc375b9c036414154f31a1e13d930511e0bdf5fd36ee3e194cb	570	PRESENT	data/prover/d2/timed/SHA256SUMS	
data/prover/d2/timed/repo/results/V2-PRV-D2-01/environment/quiet/S20261005T152152Z/c0043-run-a.json	GIT	5cd17ab11bd56a8a623163c3437155371ded0d7799de10143a958a973c981a38	7022	PRESENT	data/prover/d2/timed/SHA256SUMS	
data/prover/d2/timed/repo/results/V2-PRV-D2-01/environment/quiet/S20261005T152152Z/c0043-run-b.json	GIT	4c4878a0cc3e7d7e000e4ceb9e7c3a5c78e337250a09986591e2e2e93e79da5d	7022	PRESENT	data/prover/d2/timed/SHA256SUMS	
data/prover/d2/timed/repo/results/V2-PRV-D2-01/environment/quiet/S20261005T152152Z/c0044-during.json	GIT	56d602e2e04c5478c445a77714c0aaccce363af76723145b78b718463721a0ba	596	PRESENT	data/prover/d2/timed/SHA256SUMS	
data/prover/d2/timed/repo/results/V2-PRV-D2-01/environment/quiet/S20261005T152152Z/c0044-pre-a.json	GIT	4c1290c1e09383f3ccb0a519b30a2154e00ed5e777b55c8901aff448e1fd4954	7022	PRESENT	data/prover/d2/timed/SHA256SUMS	
data/prover/d2/timed/repo/results/V2-PRV-D2-01/environment/quiet/S20261005T152152Z/c0044-pre-b.json	GIT	a4d3a03e77d451e8fd79561e8b73a71b4bb7d6d854a9503397d007aecc4b139b	7022	PRESENT	data/prover/d2/timed/SHA256SUMS	
data/prover/d2/timed/repo/results/V2-PRV-D2-01/environment/quiet/S20261005T152152Z/c0044-pre.json	GIT	18e8554c0d0d9531e519c304fc90164fc058a7f2176a0d30517d26790923e936	587	PRESENT	data/prover/d2/timed/SHA256SUMS	
data/prover/d2/timed/repo/results/V2-PRV-D2-01/environment/quiet/S20261005T152152Z/c0044-run-a.json	GIT	cc711d0bcdc7511e7537089792289ff5658266b775be632196100dd8881bbe92	7021	PRESENT	data/prover/d2/timed/SHA256SUMS	
data/prover/d2/timed/repo/results/V2-PRV-D2-01/environment/quiet/S20261005T152152Z/c0044-run-b.json	GIT	abcd54cb6d951ef49af782b7046eba6c814197c99fda8bdbc20b7cbff342928d	7023	PRESENT	data/prover/d2/timed/SHA256SUMS	
data/prover/d2/timed/repo/results/V2-PRV-D2-01/environment/quiet/S20261005T152152Z/c0045-during.json	GIT	11904fd76113762e2e9c30db268fef4c08a8369f12936a7314cf39a56f23b5cf	578	PRESENT	data/prover/d2/timed/SHA256SUMS	
data/prover/d2/timed/repo/results/V2-PRV-D2-01/environment/quiet/S20261005T152152Z/c0045-pre-a.json	GIT	5b9029dd1dc519b8c3c63e2d14c7af6b318500fcb4b442d5bd286318a34a57e7	7022	PRESENT	data/prover/d2/timed/SHA256SUMS	
data/prover/d2/timed/repo/results/V2-PRV-D2-01/environment/quiet/S20261005T152152Z/c0045-pre-b.json	GIT	65fe71602b9fe9969ed7ad96274783b273f2aec94dcd506c45760554003c6259	7021	PRESENT	data/prover/d2/timed/SHA256SUMS	
data/prover/d2/timed/repo/results/V2-PRV-D2-01/environment/quiet/S20261005T152152Z/c0045-pre.json	GIT	a71c5246ec2016b0786a7e985d7bd587b61fcfcd3173ca3368033421f1ba136a	564	PRESENT	data/prover/d2/timed/SHA256SUMS	
data/prover/d2/timed/repo/results/V2-PRV-D2-01/environment/quiet/S20261005T152152Z/c0045-run-a.json	GIT	a00c20bc308cdbc41bea8a1f20c2aa119183126d7cba43729378f8a69d2ecd2d	7022	PRESENT	data/prover/d2/timed/SHA256SUMS	
data/prover/d2/timed/repo/results/V2-PRV-D2-01/environment/quiet/S20261005T152152Z/c0045-run-b.json	GIT	432714a75140cc96822da5c0c967d1407dd40e8fbbc9368425bdba82167ff6e3	7023	PRESENT	data/prover/d2/timed/SHA256SUMS	
data/prover/d2/timed/repo/results/V2-PRV-D2-01/environment/quiet/S20261005T152152Z/c0046-during.json	GIT	9d89d03eb2e7b8ed62594599e96f6a6f2605a1de53330a2979a26bf598d6cfa3	594	PRESENT	data/prover/d2/timed/SHA256SUMS	
data/prover/d2/timed/repo/results/V2-PRV-D2-01/environment/quiet/S20261005T152152Z/c0046-pre-a.json	GIT	7d6c71e1ad7704110edc28e765635b5bd278df750d49194546dd7296d3b015e2	7021	PRESENT	data/prover/d2/timed/SHA256SUMS	
data/prover/d2/timed/repo/results/V2-PRV-D2-01/environment/quiet/S20261005T152152Z/c0046-pre-b.json	GIT	0a7942fe5a7cef7ab207591c657793c653df2b9584afe780eb6fdcc0c33d1cf1	7021	PRESENT	data/prover/d2/timed/SHA256SUMS	
data/prover/d2/timed/repo/results/V2-PRV-D2-01/environment/quiet/S20261005T152152Z/c0046-pre.json	GIT	e151a529bd249132bbecd2a3e0a960378bfa60249e3ec9166da088ae27c0b869	586	PRESENT	data/prover/d2/timed/SHA256SUMS	
data/prover/d2/timed/repo/results/V2-PRV-D2-01/environment/quiet/S20261005T152152Z/c0046-run-a.json	GIT	78e953b3cc3054646670116575b16cab32328db00a7dbc6f7e691e6b3aee396b	7023	PRESENT	data/prover/d2/timed/SHA256SUMS	
data/prover/d2/timed/repo/results/V2-PRV-D2-01/environment/quiet/S20261005T152152Z/c0046-run-b.json	GIT	0354b8633d1729d2084841c827e19a45b69b6b59c77dcd2fadcf84a359c9117b	7023	PRESENT	data/prover/d2/timed/SHA256SUMS	
data/prover/d2/timed/repo/results/V2-PRV-D2-01/environment/quiet/S20261005T152152Z/c0047-during.json	GIT	71d50ca2eb56884239401a61024ceed5dbebec0c6fd20788a551235581ed833d	578	PRESENT	data/prover/d2/timed/SHA256SUMS	
data/prover/d2/timed/repo/results/V2-PRV-D2-01/environment/quiet/S20261005T152152Z/c0047-pre-a.json	GIT	f24740852713263a5e87b5e9258027c29bd78fe87b54acb9a10ba292bfc0b859	7023	PRESENT	data/prover/d2/timed/SHA256SUMS	
data/prover/d2/timed/repo/results/V2-PRV-D2-01/environment/quiet/S20261005T152152Z/c0047-pre-b.json	GIT	e9813b3e0563c2c4b32a4d3c4ede0a307cd396174cd6ca8781dae17c96b19b94	7023	PRESENT	data/prover/d2/timed/SHA256SUMS	
data/prover/d2/timed/repo/results/V2-PRV-D2-01/environment/quiet/S20261005T152152Z/c0047-pre.json	GIT	2db5075539e0161fa03f6e624b196377ae76628302d8903b796999d4744a58eb	567	PRESENT	data/prover/d2/timed/SHA256SUMS	
data/prover/d2/timed/repo/results/V2-PRV-D2-01/environment/quiet/S20261005T152152Z/c0047-run-a.json	GIT	aab6375dd64cfe0117a30f44e9d695c852608c8f8efe56c8a336c0cdc759be57	7022	PRESENT	data/prover/d2/timed/SHA256SUMS	
data/prover/d2/timed/repo/results/V2-PRV-D2-01/environment/quiet/S20261005T152152Z/c0047-run-b.json	GIT	b36e3329ef3c8bcedd052b264a33bb9b6633aa3b62b2eeb755afe083cbb036a5	7023	PRESENT	data/prover/d2/timed/SHA256SUMS	
data/prover/d2/timed/repo/results/V2-PRV-D2-01/environment/quiet/S20261005T152152Z/c0048-during.json	GIT	29595de383cabc008a4375131be9b4df0cd72c255ff7a6842f840f776c709d15	584	PRESENT	data/prover/d2/timed/SHA256SUMS	
data/prover/d2/timed/repo/results/V2-PRV-D2-01/environment/quiet/S20261005T152152Z/c0048-pre-a.json	GIT	99fe7ac7b4b1fd117d50968c7b0ec214aac50bc117912045c2cfa44f665c4e5b	7022	PRESENT	data/prover/d2/timed/SHA256SUMS	
data/prover/d2/timed/repo/results/V2-PRV-D2-01/environment/quiet/S20261005T152152Z/c0048-pre-b.json	GIT	fad33d65188c30af332b9bbee210a4e5601645b1672150c0e55edd6de4f8da38	7023	PRESENT	data/prover/d2/timed/SHA256SUMS	
data/prover/d2/timed/repo/results/V2-PRV-D2-01/environment/quiet/S20261005T152152Z/c0048-pre.json	GIT	fe276b2fd74948fac87cd03a70520c35cd550bfc286197f4f678f49a1a42aa05	573	PRESENT	data/prover/d2/timed/SHA256SUMS	
data/prover/d2/timed/repo/results/V2-PRV-D2-01/environment/quiet/S20261005T152152Z/c0048-run-a.json	GIT	f9bcddaddb3a6b42997799c034c8f7154c7f368b4da1a0a10f83c2cce79d4ce3	7022	PRESENT	data/prover/d2/timed/SHA256SUMS	
data/prover/d2/timed/repo/results/V2-PRV-D2-01/environment/quiet/S20261005T152152Z/c0048-run-b.json	GIT	a51ee962f9edef4d29c815aa50a1b168ab8122098fdd174d25aad07316b35373	7023	PRESENT	data/prover/d2/timed/SHA256SUMS	
data/prover/d2/timed/repo/results/V2-PRV-D2-01/environment/quiet/S20261005T152152Z/session-a.json	GIT	a9024629151d531256cfa68e0bb2cf61b40383ea407f69a1fe46228033b6ec2e	7023	PRESENT	data/prover/d2/timed/SHA256SUMS	
data/prover/d2/timed/repo/results/V2-PRV-D2-01/environment/quiet/S20261005T152152Z/session-b.json	GIT	6c9387dd4a2b8e04f327dbe39d25653f39c96e358e8d99b0fbeab896c3b69440	7023	PRESENT	data/prover/d2/timed/SHA256SUMS	
data/prover/d2/timed/repo/results/V2-PRV-D2-01/environment/quiet/S20261005T152152Z/session-check.json	GIT	4842594c3f2c1200853011171babe59772c122a4e4500b0569d780d49a2561fd	588	PRESENT	data/prover/d2/timed/SHA256SUMS	
data/prover/d2/timed/repo/results/V2-PRV-D2-01/environment/run-campaign.log	GIT	785af8015847a6949732bc89e1f5895032f09196e4dfb9f9611fb60c964cf9e6	10661	PRESENT	data/prover/d2/timed/SHA256SUMS	
data/prover/d2/timed/repo/results/V2-PRV-D2-01/environment/sessions.csv	GIT	fc03d5b0fccfefe2eff1c4755d4079de6adee57e7ea09bfce99ef2835ed051f0	611	PRESENT	data/prover/d2/timed/SHA256SUMS	
data/prover/d2/timed/repo/results/V2-PRV-D2-01/provenance/p7.json	GIT	f53a63c997e213b94a87294871c17ddda9d856df39faab125f21207670880243	10755	PRESENT	data/prover/d2/timed/SHA256SUMS	
data/prover/d2/timed/repo/results/V2-PRV-D2-01/prover/cpu2/diag.csv	GIT	04ee2caa13c60ce03895054ce8a6b9116a0b18cc00398cb440c095dd28893541	29039	PRESENT	data/prover/d2/timed/SHA256SUMS	
data/prover/d2/timed/repo/results/V2-PRV-D2-01/prover/cpu2/rounds.csv	GIT	a5a4214d85a02b3f5a04a64ea8ccb8b75718fcd18faab38820f42a5047d6f19e	4478	PRESENT	data/prover/d2/timed/SHA256SUMS	
data/prover/d2/timed/repo/results/V2-PRV-D2-01/prover/cpu2/runs.csv	GIT	21585ce87d6d5b39c6791b9246900e1114815619a3cba1c900f678f0aec6d47e	130724	PRESENT	data/prover/d2/timed/SHA256SUMS	
data/prover/d2/timed/repo/results/V2-PRV-D2-01/prover/cpu4/diag.csv	GIT	45982dd9632178012cff3eb8ae511bac52619a19a4c519be09be6c27f9544795	29030	PRESENT	data/prover/d2/timed/SHA256SUMS	
data/prover/d2/timed/repo/results/V2-PRV-D2-01/prover/cpu4/rounds.csv	GIT	dd07eb12451f699d7d1ea8b138258b6009fc735000b997deb852d3eb1adb4772	4478	PRESENT	data/prover/d2/timed/SHA256SUMS	
data/prover/d2/timed/repo/results/V2-PRV-D2-01/prover/cpu4/runs.csv	GIT	292b7e5c2d16b2a289f833911e5eb9c9c6f30c911aa9eed85d921c0b836393f1	130714	PRESENT	data/prover/d2/timed/SHA256SUMS	
data/prover/d2/timed/repo/results/V2-PRV-D2-01/prover/cpu8/diag.csv	GIT	c1927bdcd5e898bfba3b180fdbefa18dc55a54d470a1dc2cd987b2bbd1b9eb1d	29039	PRESENT	data/prover/d2/timed/SHA256SUMS	
data/prover/d2/timed/repo/results/V2-PRV-D2-01/prover/cpu8/rounds.csv	GIT	afa9080610997734dfc23013b16b7f00b939875e7fe5193da62bebeaa6b5597e	4489	PRESENT	data/prover/d2/timed/SHA256SUMS	
data/prover/d2/timed/repo/results/V2-PRV-D2-01/prover/cpu8/runs.csv	GIT	9d8b18cb3abe5040dd423bd0cf2e76ac2cc4f72522fb0bdef94c12248ef1dfa3	130577	PRESENT	data/prover/d2/timed/SHA256SUMS	
data/prover/d2/timed/repo/results/V2-PRV-D2-01/prover/execution_plan.csv	GIT	99fb360ccb801606ee13a7aa03705522aceb5845a0d62affd647d9a2b0badc94	944	PRESENT	data/prover/d2/timed/SHA256SUMS	
data/prover/d2/timed/repo/results/V2-PRV-D2-01/prover/host_samples.csv	GIT	3c4f96744c35b176b96e81ef8f36796d8fbf9ee0c8405adb44f480cba8728126	25046	PRESENT	data/prover/d2/timed/SHA256SUMS	
data/prover/d2/timed/repo/results/V2-PRV-D2-01/prover/round_ledger.csv	GIT	62eb7e0e02b1a98c9f913abcbfa5f146a68859f8350b5fb0a57b36a69c42b419	2087	PRESENT	data/prover/d2/timed/SHA256SUMS	
data/prover/d2/timed/repo/results/V2-PRV-D2-01/prover/schedule.csv	GIT	f7e6de3bbd1c9d24b0c41909414014c4e9cd1ee2ff2179c845aec8b9464fbb95	10064	PRESENT	data/prover/d2/timed/SHA256SUMS	
data/prover/d2/timed/repo/results/V2-PRV-D2-01/prover/sessions/S20261005T152152Z/units.csv	GIT	f671b2a8b24296d4de2aba3a8211c1956738e32f2998f580cfca8f8dc74274d8	446	PRESENT	data/prover/d2/timed/SHA256SUMS	
data/prover/d3/reanalysis/DEVIATIONS.md	GIT	864fca465805d39a226753057f5ddb6be89f648dddcb0bfccf2680fd745a9fc4	989	PRESENT	data/prover/d3/reanalysis/SHA256SUMS	
data/prover/d3/reanalysis/README.md	GIT	7e2f0e8a8a4a800db9a37712e9683147ddd50840c5ed4e837bcc0cf171c7410c	1574	PRESENT	data/prover/d3/reanalysis/SHA256SUMS	
data/prover/d3/reanalysis/SHA256SUMS	GIT	026e249b2446b7290cdb0d3e98e6187f41fef35bae1a5c1185f0de3f83701a3b	1108	PRESENT		
data/prover/d3/reanalysis/out-attempt-1/D3-input-verification.json	GIT	a5a7315799df867531340afeaef77e416da23619479db73ab2392fe704b114c5	3526	PRESENT	data/prover/d3/reanalysis/SHA256SUMS	
data/prover/d3/reanalysis/out/D3-CHECK-RECORD.json	GIT	e5fd68431c039c0243a76856458ec063eaf8c4931b046b2c1e745237bc4cc8c5	1001	PRESENT	data/prover/d3/reanalysis/SHA256SUMS	
data/prover/d3/reanalysis/out/D3-RUN-RECORD.json	GIT	e8d6db6efe87170d1f81cf3df75aa2e1030c9aafe39acf333d30f5e3ac05c9c8	1081	PRESENT	data/prover/d3/reanalysis/SHA256SUMS	
data/prover/d3/reanalysis/out/D3-allocation-speedups.csv	GIT	a21888b26b6c5591aae1f6b6a436cb128371290e404069f3a8d17b05aa21eb82	134654	PRESENT	data/prover/d3/reanalysis/SHA256SUMS	
data/prover/d3/reanalysis/out/D3-backend-ratios.csv	GIT	17d0ac13cc2cc8831369fbe27754ea7c4dfe7c873c3cf557274e11f6c65edca7	18667	PRESENT	data/prover/d3/reanalysis/SHA256SUMS	
data/prover/d3/reanalysis/out/D3-cell-stats.csv	GIT	a0c6dcfa3a4afc7aa26ab4a7a30de1af90a65d98631ea18929954a9ee44b4423	132285	PRESENT	data/prover/d3/reanalysis/SHA256SUMS	
data/prover/d3/reanalysis/out/D3-input-verification.json	GIT	a5a7315799df867531340afeaef77e416da23619479db73ab2392fe704b114c5	3526	PRESENT	data/prover/d3/reanalysis/SHA256SUMS	
data/prover/d3/reanalysis/out/D3-reconciliation.json	GIT	460cae7ab8ed497cf83b0ea3739b2752ec9913739ab7f5fa58fdcc871fa4eefb	140	PRESENT	data/prover/d3/reanalysis/SHA256SUMS	
data/prover/d3/reanalysis/out/D3-zkey-diagnostic.csv	GIT	cb79d6f50e5aa6eb7dff97e7af787c573796a34bc2ac7965950b43e14fb6352e	13757	PRESENT	data/prover/d3/reanalysis/SHA256SUMS	
data/prover/d3/reanalysis/run-stdout.txt	GIT	f59de3687e8dc5bbf889049b91abdf4e6e8bd7c60c18fbb55c2093c41150a5f6	233	PRESENT	data/prover/d3/reanalysis/SHA256SUMS	
data/prover/d3/source/CAMPAIGN.json	GIT	2f7aa7429902fc57565afeac34781df348e2c6729962fae3dd346ae1b5c39f30	5336	PRESENT		
data/prover/d3/source/derived/prover_diag.csv	GIT	87a0cb5a38000a3645d7e17d054c3f06057c5d398f7f533c248243556796def6	3913	PRESENT		
data/prover/d3/source/derived/prover_summary.csv	GIT	7d047760b4bc80529e9f920cbaa46c3eb6cb4b343e97d599c32137d6008dd686	74560	PRESENT		
data/prover/d3/source/prover/cpu2/diag.csv	GIT	d653aaecf6e37d9b8776ac878e37ac96c113db42cf5fa20e1a01d6d90507ac88	29665	PRESENT		
data/prover/d3/source/prover/cpu2/rounds.csv	GIT	70604fc784c6aa1aafdca6ed1703ea2bc00c7e720c53f128101e18e15a4207f1	4613	PRESENT		
data/prover/d3/source/prover/cpu2/runs.csv	GIT	e20f4def6d96a23615c85a5daa7145a95d58002a6801891ead2a69b03a937e8a	133862	PRESENT		
data/prover/d3/source/prover/cpu4/diag.csv	GIT	fd63b119f59c6414b33c0e9b71265dd93536a7d9bb2d3ab2e77d19b2d4e091a5	29676	PRESENT		
data/prover/d3/source/prover/cpu4/rounds.csv	GIT	331b7b5ed27c24a8208a5e11e844002a29d0b1a75f9d22b712c2a691986b3930	4617	PRESENT		
data/prover/d3/source/prover/cpu4/runs.csv	GIT	f0e5f134c08e440bfdd700f0917371c4976690d1200c5024a142919550f28b5c	133601	PRESENT		
data/prover/d3/source/prover/cpu8/diag.csv	GIT	55e80397e56b7917aac190052dcc398f96bce26ac8437bed59b9320c55631477	29658	PRESENT		
data/prover/d3/source/prover/cpu8/rounds.csv	GIT	690a58e01bf8d6867f68b7a38903d9c5cd8ad9964a69656009187ae4bf0f62f8	4617	PRESENT		
data/prover/d3/source/prover/cpu8/runs.csv	GIT	917f10214dac0dbf713d6bef9327c49ae671aae03830b591e96104498ba63f24	133427	PRESENT		
data/prover/d3/source/prover/execution_plan.csv	GIT	99fb360ccb801606ee13a7aa03705522aceb5845a0d62affd647d9a2b0badc94	944	PRESENT		
data/prover/d3/source/prover/round_ledger.csv	GIT	91f9d2ccb45bc1c572ead9a431d6da09c1f9cad9a0abdb56fbbd8229460d8162	2215	PRESENT		
data/prover/d3/source/prover/schedule.csv	GIT	f7e6de3bbd1c9d24b0c41909414014c4e9cd1ee2ff2179c845aec8b9464fbb95	10064	PRESENT		
data/prover/d3/source/reconciliation/prover_per_round.csv	GIT	2ccd81f097a267f683d6e3f0b1b21c20cea38a28c3bb9a8ab28f6fa193375957	114414	PRESENT		
environment/README.md	GIT	53df46dee861adf2db5d10eb5d255ee455492a06e390ad8f348e0a36cdbad9fb	3572	PRESENT		
environment/requirements-level2.txt	GIT	52a432705e0d86a07b20e58e03bf2419d7260e0b87c16a1e06c1a5e3aca4b72c	149	PRESENT		
figures/FIG1-EXPORT.json	GIT	5d21daa733d4bf63d5e057bd0d4f750e82fbe9854b9317b591565951023fe965	1046	PRESENT		
figures/FIGURES-MANIFEST.json	GIT	4ca21a52ea340bfb85f0d58da33a700e193e5c9d082b925a3e0cbada53d6078c	7656	PRESENT		
figures/Fig1.drawio	GIT	96d711bb73974ebfe69de129fb812bdb6f05cb1c0265d3ec8c412e95cec394a2	27723	PRESENT		
figures/Fig1.pdf	GIT	5cd36ddd70edb9469ff548d4e5e940e02d8ca6d326915d555381dd5af5869c05	109485	PRESENT		
figures/Fig1.svg	GIT	966ed85be418308c97d1bce1b613f1f2ae2365cba665866a4e0e168c49f5b7ec	25119	PRESENT		
figures/Fig2.pdf	GIT	5a6194c3204036d81f29d58dbfd66349df3ca54545f0b3ebb3bbdbbaf9230adb	74261	PRESENT		
figures/Fig2.svg	GIT	d8bbb50b431ac414d9534a0c6bb6f137275a14c84661dc33feea30ba549c999d	306357	PRESENT		
figures/Fig3.pdf	GIT	37e8c6e8e4a5626b20c5599460398942254e43412bd800b5c23e28730c9271dc	47818	PRESENT		
figures/Fig3.svg	GIT	bf72af5509621aba888a4e55b0b5fd0d26d8b519b120382d92130595d129ec96	94959	PRESENT		
figures/Fig4.pdf	GIT	d5d4a4094c4a4786b2bbf55a17a4adef47d6263f3a876ac4d386891ed450ab83	33379	PRESENT		
figures/Fig4.svg	GIT	3b2f0aef3c1fdbb3978c87926c16e0e70036be813c655f4eeb27a7d7df347e05	90490	PRESENT		
figures/Fig5.pdf	GIT	fc253844528e43ed72456a71cc8b9b2eeabb7279d91af64c6c198df0bb12fabf	29304	PRESENT		
figures/Fig5.svg	GIT	6ad6768c30c7d95c7efb920dd8c5a55961a9fa5f1a222428205858865f22426d	40343	PRESENT		
generated/MANIFEST.json	GIT	9ef1d2faa41967fff5a4ab88a402c64c283621fe4642cde0b6113ccaafdf3175	14020	PRESENT		
generated/article-values.tex	GIT	02d9b41b75a6b6e7b1c8de6a35e8208972e3585b1d7f0f49c6879ae02edd9ea6	7909	PRESENT		
generated/article-values.tsv	GIT	28f3a0404d2ebba8d69f10ac607a42ffde225c6443566b151c1bf66829208a2f	20424	PRESENT		
generated/data/crossovers.csv	GIT	f327dbf641d5a0e57c78aae2450248bd69ad635ff65956ea427a1a756a0ed237	487	PRESENT		
generated/data/fig2_design_roles.csv	GIT	a4a09bb7465a992896530512f0a07008c65966c4c770cfe045097ad1b27a3e68	13682	PRESENT		
generated/data/fig3a_ratio_vs_k.csv	GIT	8e1fd07bcc8a278d6a90bf27f1dd3e978cae029607201ac11a40349c0ea0db80	3385	PRESENT		
generated/data/fig3b_npg_meters.csv	GIT	47f5f9d5e88b9f178cb669237d2d2ec30ac63f3ccb45cddb487a9b9c5e43a4d9	2242	PRESENT		
generated/data/fig3b_npg_ranking.csv	GIT	0587b6e935ec7949180d061034bb0ac7bae17ad4dc6e77f143d17b72bfa53ba7	1233	PRESENT		
generated/data/fig3b_switch_intervals.csv	GIT	54a75544bfa7407ca0b819de37e7a94705c647585df6e27c4d9c1acba85cfa41	352	PRESENT		
generated/data/fig4_heldout_summary.csv	GIT	7fc790d9817cfbc2c77d0ba1e2eb2feefe293a1cfc4f1a71426e783ca6d4c5f8	2873	PRESENT		
generated/data/fig4_prediction_errors.csv	GIT	dfd1b47fca951ba63369f18824d128ca5951d70302c0d4483db1958224da0ebd	21241	PRESENT		
generated/data/fig5_d1_cells.csv	GIT	1270682681a729b0320288b15e32e2bbc51ceeb7399f2bcba98a2d1db5e71412	1163	PRESENT		
generated/data/fig5_d1_ratios.csv	GIT	6f6b44b947124225e4d845439a6803b3d23645f13aa8db6abfb40ebd6c763fb6	4327	PRESENT		
generated/data/fig5_d2_d3_context.csv	GIT	1a163c04a0abcb219fe54c77e088d4e5fb51e9d5183858a3ca844e0e29805cf4	1541	PRESENT		
generated/data/fig5_step_ratios.csv	GIT	613765079b58c521e7df9c2615f1d2cd62c479b07d43b22a726e61c6ebf7f196	472	PRESENT		
generated/data/p_misses.csv	GIT	89682bd0a851842ce87bc9b168170e586ab1a689bb499efdc178270c7f17c269	2267	PRESENT		
generated/data/r_misses.csv	GIT	07adf2830f50216882e8a5c7eb6db144bf18173065d6f28ab20f4fd72ef18ad7	214	PRESENT		
generated/data/t1_toolchain_rows.csv	GIT	b9882c3e379e20ecb4f49cef1da504e187fddbeced335b3ca85e25c9e58c47b0	1795	PRESENT		
generated/data/t2_operation_structure.csv	GIT	16a0814ae003dfead7039d06657c98f079fe206782e0e220b797b810e7d666b8	1088	PRESENT		
generated/data/t3_registered_tests.csv	GIT	185c202faf2e776d8def786f29969d59434262fe237d7dadab11d29f28d8aa87	2712	PRESENT		
protocols/README.md	GIT	63e334a6920e5856d74bc6fc528767220a9f9b43b5d16101698ac3dd79489cba	1629	PRESENT		
protocols/c1-amendment-fflonk-setup/AMD-FF-1.md	GIT	6c4c83d431a5b552ed030a30807c902b880c394d4f228db542c305101f4bf908	5276	PRESENT		
protocols/c1-preregistration/01-thesis-and-scope.md	GIT	dbe12ecd54442a13442ce4be44001eee2b7c312f4833c166435dfbce486157ad	5652	PRESENT	protocols/c1-preregistration/SHA256SUMS	
protocols/c1-preregistration/02-research-questions-and-hypotheses.md	GIT	da719f1beac70c4828c83e9fb981b3a1c9ab17c568f6d9fb198ed5b0c191495b	5142	PRESENT	protocols/c1-preregistration/SHA256SUMS	
protocols/c1-preregistration/03-factors-and-configurations.md	GIT	876f3794830d2ba67e132ebeb2ee2663f5975bdbd873a9cedb449b6975384ea9	3923	PRESENT	protocols/c1-preregistration/SHA256SUMS	
protocols/c1-preregistration/04-toolchain-matrix.md	GIT	42b712bf0d3b62775f375b844ec39e3f5103f6446fedfd5c01aa557d59a614a4	3931	PRESENT	protocols/c1-preregistration/SHA256SUMS	
protocols/c1-preregistration/05-relation-specification.md	GIT	aa98bfe8ae3bdf6ef801dd291693efcd66e1a0bde00650520b53adf8518e2313	5147	PRESENT	protocols/c1-preregistration/SHA256SUMS	
protocols/c1-preregistration/06-model-equations.md	GIT	5bffe9617c54d28b2c75ee100f3391230f1a1d2f588fd915bed1aacdcd3a4a47	7884	PRESENT	protocols/c1-preregistration/SHA256SUMS	
protocols/c1-preregistration/07-parameter-ledger.csv	GIT	ffe33b229087df9b2910a49feb6b636874190453b3764b1008dbe8aa12cfa999	22923	PRESENT	protocols/c1-preregistration/SHA256SUMS	
protocols/c1-preregistration/07-parameter-ledger.md	GIT	86999fc7812bf72b219d0758684b5c1171fc0120dc7111e96ddc8813bb490574	2993	PRESENT	protocols/c1-preregistration/SHA256SUMS	
protocols/c1-preregistration/08-calibration-heldout-matrix.csv	GIT	88dc92605c487e8e936d2a046ddfd69d1ad1b0370cfef16008b0bfcec622944c	35890	PRESENT	protocols/c1-preregistration/SHA256SUMS	
protocols/c1-preregistration/08-calibration-heldout-matrix.md	GIT	45a4e35e5d23b5b9e278b0cd4fcbb4ab58ad8f9a6ad6641436b0e07c56d7e13c	1803	PRESENT	protocols/c1-preregistration/SHA256SUMS	
protocols/c1-preregistration/09-numeric-predictions.md	GIT	e777ab239f6a53c8009080bd27f32e6d4fccd8e6bcc82a57f69de3aeca116c9e	9968	PRESENT	protocols/c1-preregistration/SHA256SUMS	
protocols/c1-preregistration/09-numeric-predictions/crossover_intervals.csv	GIT	8058797f1afd344c5864882ed90eade59498d42a7e34fec0aa87e59475930ef3	493	PRESENT	protocols/c1-preregistration/SHA256SUMS	
protocols/c1-preregistration/09-numeric-predictions/equality_bands.csv	GIT	d7e8694e644c879467d79e51f6c3eb97480be6b68f5555c5cc17a63db982c732	711	PRESENT	protocols/c1-preregistration/SHA256SUMS	
protocols/c1-preregistration/09-numeric-predictions/fitted_parameters_and_tolerances.json	GIT	b0b857f060c6b9655d98300aa567cd209472fc2aa3e3aaaf8b23ee46edf6f3ce	8454	PRESENT	protocols/c1-preregistration/SHA256SUMS	
protocols/c1-preregistration/09-numeric-predictions/p0_model_check.csv	GIT	cf99fd987f514a31eddc584610212ee01ff419a0100361438e4b21ee0ed1b464	4554	PRESENT	protocols/c1-preregistration/SHA256SUMS	
protocols/c1-preregistration/09-numeric-predictions/predictions_cells.csv	GIT	154ad24217f596e8eddad93ed75c06698d359ed535da305438d4d46ea6275380	26854	PRESENT	protocols/c1-preregistration/SHA256SUMS	
protocols/c1-preregistration/09-numeric-predictions/predictions_signs.csv	GIT	7c6b45ca9f78932cbe07f22113b958d5e5ee15d47beb99c60fce4408a5d97e68	3904	PRESENT	protocols/c1-preregistration/SHA256SUMS	
protocols/c1-preregistration/09-numeric-predictions/zkos_npg_levels.csv	GIT	acbe3a5b669f4bdf4eb0749f37082d5cf2526db8d88f05f87b08bc1a0b43f170	718	PRESENT	protocols/c1-preregistration/SHA256SUMS	
protocols/c1-preregistration/09-numeric-predictions/zkos_npg_predictions.csv	GIT	0e5048e65a83914005b6c4a403f94bac91019bf80148a75480d31422de11f4c2	2926	PRESENT	protocols/c1-preregistration/SHA256SUMS	
protocols/c1-preregistration/09-numeric-predictions/zkos_switch_intervals.csv	GIT	ceb361479ce87680c43f02f0573165f1c705266dc9a5879db1dc927dfb08a613	926	PRESENT	protocols/c1-preregistration/SHA256SUMS	
protocols/c1-preregistration/10-crossover-intervals.md	GIT	e9cae50b77c91754f124077597609e2e1363ac38565be3b4f126312f71fabaad	2085	PRESENT	protocols/c1-preregistration/SHA256SUMS	
protocols/c1-preregistration/11-zksync-os-switch-intervals.md	GIT	848d6f7a3094c7b312052e0aae39bc71fa2b032d94fd99e204aaf52e61977d60	5601	PRESENT	protocols/c1-preregistration/SHA256SUMS	
protocols/c1-preregistration/12-falsifiers.md	GIT	e4728d00f1cd844cead73f98acbba62de8cb5fe3ea5ec61fdc761fac3792cb10	3042	PRESENT	protocols/c1-preregistration/SHA256SUMS	
protocols/c1-preregistration/13-criteria.md	GIT	0d009442fba9963a2f5bcad3da29937bce1c20d12b0d741e3e2a20237b7a7f01	5759	PRESENT	protocols/c1-preregistration/SHA256SUMS	
protocols/c1-preregistration/13-tolerances.csv	GIT	b800c95e88e20d965a9b714fd5ccc9a17e757868c0aaae546a49078f9fa276af	3716	PRESENT	protocols/c1-preregistration/SHA256SUMS	
protocols/c1-preregistration/14-proof-corpus-spec.md	GIT	a8ccdab57798e9d7335097902f40c4655c61df7f82175c1ac3f0495729548c62	3550	PRESENT	protocols/c1-preregistration/SHA256SUMS	
protocols/c1-preregistration/15-pilot-protocol.md	GIT	4acbc0c483ed97da37f5e80fb9699bbbd60d4a9f5ecfcd8c716708ef83fb79ed	2911	PRESENT	protocols/c1-preregistration/SHA256SUMS	
protocols/c1-preregistration/16-full-protocol.md	GIT	6afee33018ced1f0dcba0d1f2bdd174506513928ba56d0e2fbe0d359c62ad539	4536	PRESENT	protocols/c1-preregistration/SHA256SUMS	
protocols/c1-preregistration/17-negative-control-protocol.md	GIT	cac378018bc444bd37000ae76f9ba7ad1f933c366af36df99ce2997f2d792224	2506	PRESENT	protocols/c1-preregistration/SHA256SUMS	
protocols/c1-preregistration/18-evidence-schema.json	GIT	9547f7a8d91bd1ebdf1dbc4490c4ac4e35490908ce024fc85d010ae23161cb1d	2082	PRESENT	protocols/c1-preregistration/SHA256SUMS	
protocols/c1-preregistration/18-evidence-schema.md	GIT	23d9de9fbe4428eb211be55ddfeee4d0fea2fa8220dd0c6ae23f687a61c859d5	3955	PRESENT	protocols/c1-preregistration/SHA256SUMS	
protocols/c1-preregistration/19-scoring-plan.md	GIT	d50f3752c20e8a1f5e1a17a879a08b58c99cd8c8ed3a86a9b5134ff5fbd55070	2430	PRESENT	protocols/c1-preregistration/SHA256SUMS	
protocols/c1-preregistration/20-deviations-policy.md	GIT	a7b1acec5013b6a7895a58a11ad37cbe829e2c6f92888f2c36a641476e79259b	4149	PRESENT	protocols/c1-preregistration/SHA256SUMS	
protocols/c1-preregistration/21-fflonk-decision-and-ptau-plan.md	GIT	f4e0f536aad5054bb5365670e16ab477ff8157e38c6005bcd863be93dc2d1195	3951	PRESENT	protocols/c1-preregistration/SHA256SUMS	
protocols/c1-preregistration/22-zksync-os-version-selection.md	GIT	6004865f29ecd656b1ba18ab6fc1075d6245153e964a592d2dcc16e936678fcf	3184	PRESENT	protocols/c1-preregistration/SHA256SUMS	
protocols/c1-preregistration/23-external-fact-hygiene.md	GIT	a5b9f57db03cedaa204725976364cbe741f97853663c996a72605b1a97cb057e	1290	PRESENT	protocols/c1-preregistration/SHA256SUMS	
protocols/c1-preregistration/README.md	GIT	86a6d05cc9fa4694b2d9310c0ac0e836a5e3125a6121143952f0d27ec5305511	3677	PRESENT	protocols/c1-preregistration/SHA256SUMS	
protocols/c1-preregistration/SHA256SUMS	GIT	7dac8482aea1420a30b303c3d45b0c46627da67a976e578fa1d09d7c715bfc8f	49945	PRESENT		
protocols/c1-preregistration/circuits/CIRCUITS.csv	GIT	9cc45d57a3ed4412c9a204257770809e36388d744a43aad7027f74e4c5bd8fc1	8465	PRESENT	protocols/c1-preregistration/SHA256SUMS	
protocols/c1-preregistration/circuits/build_all.sh	GIT	303eeb3d941b25b0e2d30016284fc4e7a7c3bea2ef80ac8e12366d81b88a4e81	2448	PRESENT	protocols/c1-preregistration/SHA256SUMS	
protocols/c1-preregistration/circuits/gen.py	GIT	cbb7cb37cb104333028000fb7a3cf41af6fd228b0103c79ca9fd936234310bfb	7847	PRESENT	protocols/c1-preregistration/SHA256SUMS	
protocols/c1-preregistration/circuits/keys/c1_a4/groth16-setup.log	GIT	2c4f5d0a029eb8a373fe45bfef533c81b75e502426ac6d2ed04a3139408a12fa	1484	PRESENT	protocols/c1-preregistration/SHA256SUMS	
protocols/c1-preregistration/circuits/keys/c1_a4/groth16-verify.log	GIT	ce5ce25272dfaade722af256f51561f93205b61e43cf0b185ddbbe020c79798a	1512	PRESENT	protocols/c1-preregistration/SHA256SUMS	
protocols/c1-preregistration/circuits/keys/c1_a4/groth16.vkey.json	GIT	a7dd0fa1246e31b2f29515989293453fd4134bceb8a8406d003876b67ffd3d9a	3478	PRESENT	protocols/c1-preregistration/SHA256SUMS	
protocols/c1-preregistration/circuits/keys/c1_a4/groth16.zkey	GIT	0ee53a8f9d6059f66c345483736c69187588bd88fd582751131269d8f520aeba	2134144	PRESENT	protocols/c1-preregistration/SHA256SUMS	
protocols/c1-preregistration/circuits/keys/c1_a4/groth16Verifier.sol	GIT	23596a558f99220e46c350191c537d586df279add34cbc8a3acebbf02a5e92a7	8228	PRESENT	protocols/c1-preregistration/SHA256SUMS	
protocols/c1-preregistration/circuits/keys/c1_a4/plonk.vkey.json	GIT	dd772520360ac8acc0511f34bea160e9138bb12f238af0cc7670138a56146430	2041	PRESENT	protocols/c1-preregistration/SHA256SUMS	
protocols/c1-preregistration/circuits/keys/c1_a4/plonkVerifier.sol	GIT	7c3a975ed752c2cca0b18137178ae57613c2123e6ef4721f19a4ae3fa8bfed39	32829	PRESENT	protocols/c1-preregistration/SHA256SUMS	
protocols/c1-preregistration/circuits/keys/c1_a8/groth16-setup.log	GIT	df62c76749fb3c2416e9ca48a31360596c79b3ea75b193c6cbcd32af1483e29c	1484	PRESENT	protocols/c1-preregistration/SHA256SUMS	
protocols/c1-preregistration/circuits/keys/c1_a8/groth16-verify.log	GIT	c96fd53958d0ae486f2d19b3c7a42d4222d9d09a6d26b93247edbe734cb3fd14	1512	PRESENT	protocols/c1-preregistration/SHA256SUMS	
protocols/c1-preregistration/circuits/keys/c1_a8/groth16.vkey.json	GIT	b568b6c3c3bbe61d903a102cb7317df3656de6b4e8096320fa97040e114f6ff7	4205	PRESENT	protocols/c1-preregistration/SHA256SUMS	
protocols/c1-preregistration/circuits/keys/c1_a8/groth16.zkey	GIT	491af1b5c88178bcbff8a0b8cc8cf78f132ecc5c855b46617040a2120c115af2	2267480	PRESENT	protocols/c1-preregistration/SHA256SUMS	
protocols/c1-preregistration/circuits/keys/c1_a8/groth16Verifier.sol	GIT	b6a33af11e6168474ea09c60265a9e9eb06e931efac8e5be1ba88938aa74fa97	9779	PRESENT	protocols/c1-preregistration/SHA256SUMS	
protocols/c1-preregistration/circuits/keys/c1_a8/plonk.vkey.json	GIT	3863b3c5ea736435c4d674419c9d65f54e541317966c7b4ca0d97864d8114c4b	2039	PRESENT	protocols/c1-preregistration/SHA256SUMS	
protocols/c1-preregistration/circuits/keys/c1_a8/plonkVerifier.sol	GIT	32e6df51f612e95f52c8c81205d2e3e63fd6e18534467450dff108561fd58e41	39709	PRESENT	protocols/c1-preregistration/SHA256SUMS	
protocols/c1-preregistration/circuits/keys/c1_ctx_k02/groth16-setup.log	GIT	830c3d75d985ca1ae51a2db3fee2cb2dde119c72112b408d0b0fbdd5213b9925	1484	PRESENT	protocols/c1-preregistration/SHA256SUMS	
protocols/c1-preregistration/circuits/keys/c1_ctx_k02/groth16-verify.log	GIT	249b671699ffb0b2ad194ed8486b8048b19f7d99768f53f794075f13ac93d328	1512	PRESENT	protocols/c1-preregistration/SHA256SUMS	
protocols/c1-preregistration/circuits/keys/c1_ctx_k02/groth16.vkey.json	GIT	a6878f81622b6032fc3b57b6944dc7ca73c245c8ea7b523a219d1db79b695d05	3111	PRESENT	protocols/c1-preregistration/SHA256SUMS	
protocols/c1-preregistration/circuits/keys/c1_ctx_k02/groth16.zkey	GIT	b913f281f2310d2b4a23a4d5275c12588f51fe4a6410dff0f38804c2d8cfba57	1988348	PRESENT	protocols/c1-preregistration/SHA256SUMS	
protocols/c1-preregistration/circuits/keys/c1_ctx_k02/groth16Verifier.sol	GIT	52164b56ff9497108046e4310d8bf9d1d85e2595a3dd5f0af94c97ffe087297b	7453	PRESENT	protocols/c1-preregistration/SHA256SUMS	
protocols/c1-preregistration/circuits/keys/c1_ctx_k02/plonk.vkey.json	GIT	d14414bbc3c6c700f226421d8806dcb9aa1d161ec2e57466cb177e216e8c16c3	2036	PRESENT	protocols/c1-preregistration/SHA256SUMS	
protocols/c1-preregistration/circuits/keys/c1_ctx_k02/plonkVerifier.sol	GIT	8a25261bb4b591c6eec4d8fcbd1c84bba0dec61e6679b52a96a231fe0db50be0	29388	PRESENT	protocols/c1-preregistration/SHA256SUMS	
protocols/c1-preregistration/circuits/keys/c1_ctx_k04/groth16-setup.log	GIT	5f53e0d723da19ab0826da0f6172b4c0f7249132867e8fc4c9c7ec96f378a6c4	1484	PRESENT	protocols/c1-preregistration/SHA256SUMS	
protocols/c1-preregistration/circuits/keys/c1_ctx_k04/groth16-verify.log	GIT	822d86bc9659e352f6eede13fcf1f83f6c1b99ba8b8bc7cb30427f15e4da1e1d	1512	PRESENT	protocols/c1-preregistration/SHA256SUMS	
protocols/c1-preregistration/circuits/keys/c1_ctx_k04/groth16.vkey.json	GIT	6bce22d3b08ff6c736fe6c65f70fa04fd4ca857e01c0a8142708acbfd6dc1c8b	3475	PRESENT	protocols/c1-preregistration/SHA256SUMS	
protocols/c1-preregistration/circuits/keys/c1_ctx_k04/groth16.zkey	GIT	6c3629f46c6c2311e6e2f8fe0b9bc56457ed16342c67ca36a1f521831ae4fa39	1989892	PRESENT	protocols/c1-preregistration/SHA256SUMS	
protocols/c1-preregistration/circuits/keys/c1_ctx_k04/groth16Verifier.sol	GIT	a61debcd5d9da6d7cb0e533b50b0e66befb7118e02ee1928385746dc76caab97	8225	PRESENT	protocols/c1-preregistration/SHA256SUMS	
protocols/c1-preregistration/circuits/keys/c1_ctx_k04/plonk.vkey.json	GIT	e7046a46fb257132a10cca9611f282e79c39a1f2ca4285c41c29974cf766ddcd	2042	PRESENT	protocols/c1-preregistration/SHA256SUMS	
protocols/c1-preregistration/circuits/keys/c1_ctx_k04/plonkVerifier.sol	GIT	dac0dba5d5ee731d4431f34ebe0eb87609a8177e7470d9e6486d11909620946c	32830	PRESENT	protocols/c1-preregistration/SHA256SUMS	
protocols/c1-preregistration/circuits/keys/c1_ctx_k06/groth16-setup.log	GIT	3ed908c7d77b8bff3b6c09c1f35a91f4d708ad94aad1d5b6573895697fbda27b	1484	PRESENT	protocols/c1-preregistration/SHA256SUMS	
protocols/c1-preregistration/circuits/keys/c1_ctx_k06/groth16-verify.log	GIT	4594a7281147eff67dfecde03f1dae1bb49ce7c383b8b1417802ed062327631b	1512	PRESENT	protocols/c1-preregistration/SHA256SUMS	
protocols/c1-preregistration/circuits/keys/c1_ctx_k06/groth16.vkey.json	GIT	ce2bea80553712a67b6cb004e2edb86b132b951c6d5b5bb328a168c5bd8fbb56	3847	PRESENT	protocols/c1-preregistration/SHA256SUMS	
protocols/c1-preregistration/circuits/keys/c1_ctx_k06/groth16.zkey	GIT	dd66939799bee59342c1114cb3c3b2e74416abb1726e537522aae44a4570d298	1991436	PRESENT	protocols/c1-preregistration/SHA256SUMS	
protocols/c1-preregistration/circuits/keys/c1_ctx_k06/groth16Verifier.sol	GIT	a8cca5b572b05d859b4b7b46d3b2230a464f19006f98babe704b8c4a806bac4c	9009	PRESENT	protocols/c1-preregistration/SHA256SUMS	
protocols/c1-preregistration/circuits/keys/c1_ctx_k06/plonk.vkey.json	GIT	23774c1af34f69161321abe075b4553430a89b12a2b8ae4c4dfae73640982eeb	2041	PRESENT	protocols/c1-preregistration/SHA256SUMS	
protocols/c1-preregistration/circuits/keys/c1_ctx_k06/plonkVerifier.sol	GIT	5912d55bdafa5897c1975178dd8a2790d86a6978d5fb2c78615e234987dfa2ac	36269	PRESENT	protocols/c1-preregistration/SHA256SUMS	
protocols/c1-preregistration/circuits/keys/c1_ctx_k08/groth16-setup.log	GIT	a7978ad17bb8493f3ecb2c101611814832aa9831bee41534cbaa1e5fe0514d4a	1484	PRESENT	protocols/c1-preregistration/SHA256SUMS	
protocols/c1-preregistration/circuits/keys/c1_ctx_k08/groth16-verify.log	GIT	a5bbac45df84e4c021ddf7266c895992b9ff26875b23dc466a56d3c9205b7f59	1512	PRESENT	protocols/c1-preregistration/SHA256SUMS	
protocols/c1-preregistration/circuits/keys/c1_ctx_k08/groth16.vkey.json	GIT	feca6b09c6935534a7104e556ab2817b71b04b0e60370dc405f02d2c125e4d78	4208	PRESENT	protocols/c1-preregistration/SHA256SUMS	
protocols/c1-preregistration/circuits/keys/c1_ctx_k08/groth16.zkey	GIT	073b696134be376b1daea7128ba0d8dfdee9a58c7ad078da347f9d055764e55c	1992980	PRESENT	protocols/c1-preregistration/SHA256SUMS	
protocols/c1-preregistration/circuits/keys/c1_ctx_k08/groth16Verifier.sol	GIT	de5c75f00f71523b69c5ca301a5809de9bf15e7a59fbd852021ee623a1eb4913	9782	PRESENT	protocols/c1-preregistration/SHA256SUMS	
protocols/c1-preregistration/circuits/keys/c1_ctx_k08/plonk.vkey.json	GIT	873cbd1cb105bcb2323c6e65fe549baffeffa3432af81ea56e0f59764ae8f3e0	2037	PRESENT	protocols/c1-preregistration/SHA256SUMS	
protocols/c1-preregistration/circuits/keys/c1_ctx_k08/plonkVerifier.sol	GIT	802e8fd9d6ce1d45c9f511a9ab8ee3adb07ecb0dd84c6e3de510e99b71b7d992	39707	PRESENT	protocols/c1-preregistration/SHA256SUMS	
protocols/c1-preregistration/circuits/keys/c1_ctx_k12/groth16-setup.log	GIT	4e2e28b534d481822d264530d5a32636a5b00ae1197a3db9faa8a88d4f5d1afc	1484	PRESENT	protocols/c1-preregistration/SHA256SUMS	
protocols/c1-preregistration/circuits/keys/c1_ctx_k12/groth16-verify.log	GIT	a1afc776948cc360bf46f025ff5fdf89a7918091cc43b1d61a8ca3ec1e7dbc48	1512	PRESENT	protocols/c1-preregistration/SHA256SUMS	
protocols/c1-preregistration/circuits/keys/c1_ctx_k12/groth16.vkey.json	GIT	0e9efab4ed183769bc475cd860163e9002342d636accf35c5ebc0c4148c85bfd	4941	PRESENT	protocols/c1-preregistration/SHA256SUMS	
protocols/c1-preregistration/circuits/keys/c1_ctx_k12/groth16.zkey	GIT	af89808d8fd3b09f743a37e8199ccc73017413f666d5817be4e6f6aabf105f2c	1996068	PRESENT	protocols/c1-preregistration/SHA256SUMS	
protocols/c1-preregistration/circuits/keys/c1_ctx_k12/groth16Verifier.sol	GIT	29b45c7729e818fcf49ab03b1c36270403d0cf2a7622a5cf3a4e72b5509e290f	11351	PRESENT	protocols/c1-preregistration/SHA256SUMS	
protocols/c1-preregistration/circuits/keys/c1_ctx_k12/plonk.vkey.json	GIT	3b161d614751f09c41ddd3dd9c20e368786412a8fb51a42eed41278ae724ece9	2042	PRESENT	protocols/c1-preregistration/SHA256SUMS	
protocols/c1-preregistration/circuits/keys/c1_ctx_k12/plonkVerifier.sol	GIT	8e21845ce7738ec1ff06eff0250db45bde50328dd435e0f7730fabf2e5ea5a8e	46617	PRESENT	protocols/c1-preregistration/SHA256SUMS	
protocols/c1-preregistration/circuits/keys/c1_ctx_k16/groth16-setup.log	GIT	cdf882853107ca088fb565ba2ae7040d6eb66957dc33ae0feb7b2aabe161f341	1484	PRESENT	protocols/c1-preregistration/SHA256SUMS	
protocols/c1-preregistration/circuits/keys/c1_ctx_k16/groth16-verify.log	GIT	3e872b4e67668db5f1f105f3a7ef852c51514be1607d105e284a55e02cc9995d	1512	PRESENT	protocols/c1-preregistration/SHA256SUMS	
protocols/c1-preregistration/circuits/keys/c1_ctx_k16/groth16.vkey.json	GIT	fdec4eb34a96a16d9b860a17737e68caecf83f82d87d032b3a69ba4c9bdc7a29	5671	PRESENT	protocols/c1-preregistration/SHA256SUMS	
protocols/c1-preregistration/circuits/keys/c1_ctx_k16/groth16.zkey	GIT	59c00dcc025bdbef8834ee05b1d76e1ddaaebbfe8473b5964deb9a5a5bead1cd	1999156	PRESENT	protocols/c1-preregistration/SHA256SUMS	
protocols/c1-preregistration/circuits/keys/c1_ctx_k16/groth16Verifier.sol	GIT	f5a58af922474a5ed6f86d0820c170b9082bfbed11a4aa9609f7666d888dc624	12921	PRESENT	protocols/c1-preregistration/SHA256SUMS	
protocols/c1-preregistration/circuits/keys/c1_ctx_k16/plonk.vkey.json	GIT	92276820987b4c2724359e236ab677e0d4155defd0fdfd22b069561ac71d0763	2041	PRESENT	protocols/c1-preregistration/SHA256SUMS	
protocols/c1-preregistration/circuits/keys/c1_ctx_k16/plonkVerifier.sol	GIT	c4e91131ab6c27b81aeeea804420d4e2ac6d8cb00361064d2cddd945ae15b1a0	53524	PRESENT	protocols/c1-preregistration/SHA256SUMS	
protocols/c1-preregistration/circuits/keys/c1_ctx_k24/groth16-setup.log	GIT	b5c8e6c049133e091b29fdb0e1b6a7dd134bf1927784b861a6a91c529f09eecf	1484	PRESENT	protocols/c1-preregistration/SHA256SUMS	
protocols/c1-preregistration/circuits/keys/c1_ctx_k24/groth16-verify.log	GIT	d21549c3f246a37c8cf435608fce0bc3d8f199b7f46256aa1b6f27e297327dd3	1512	PRESENT	protocols/c1-preregistration/SHA256SUMS	
protocols/c1-preregistration/circuits/keys/c1_ctx_k24/groth16.vkey.json	GIT	99edfb30f49948c1481332b0c822743f037e454bb5f5760d1621d358e08ae9d1	7138	PRESENT	protocols/c1-preregistration/SHA256SUMS	
protocols/c1-preregistration/circuits/keys/c1_ctx_k24/groth16.zkey	GIT	652bc598ba2a1c6ed65a31b9689048be159650e437e029527a316677b9a6ec0f	2005332	PRESENT	protocols/c1-preregistration/SHA256SUMS	
protocols/c1-preregistration/circuits/keys/c1_ctx_k24/groth16Verifier.sol	GIT	7b156cae649263602629ae16b45567da775305dc43bbd522b26ea245da4cc558	16068	PRESENT	protocols/c1-preregistration/SHA256SUMS	
protocols/c1-preregistration/circuits/keys/c1_ctx_k24/plonk.vkey.json	GIT	298d9432d141532d2bd1f6dea7a3def82ee5e8ba1e85f2b0a941104601c3fc5a	2042	PRESENT	protocols/c1-preregistration/SHA256SUMS	
protocols/c1-preregistration/circuits/keys/c1_ctx_k24/plonkVerifier.sol	GIT	cae31f4f8c0d06cde7f802c0adceecc36b669442003e7f726b1e0ab43f031fe5	67341	PRESENT	protocols/c1-preregistration/SHA256SUMS	
protocols/c1-preregistration/circuits/keys/c1_ctx_k32/groth16-setup.log	GIT	681964c2b2e42d6c563d20239bb2b5a98f6cf3430d812c3d33b8e92cc98d3aba	1484	PRESENT	protocols/c1-preregistration/SHA256SUMS	
protocols/c1-preregistration/circuits/keys/c1_ctx_k32/groth16-verify.log	GIT	514c16efaed62ceb6e0cf42a234f992b64896f98f75510e00ed5e74af4fe9cbb	1512	PRESENT	protocols/c1-preregistration/SHA256SUMS	
protocols/c1-preregistration/circuits/keys/c1_ctx_k32/groth16.vkey.json	GIT	a57d63f8857c6ea7aa7fbacf25ebb0af2e3f0afa12936986f23fe25a22a0186a	8599	PRESENT	protocols/c1-preregistration/SHA256SUMS	
protocols/c1-preregistration/circuits/keys/c1_ctx_k32/groth16.zkey	GIT	f1ebc31737a08accaa2f8a8f3c4349330f2153ca7a0ee0377fb540d8ef642ba2	2011508	PRESENT	protocols/c1-preregistration/SHA256SUMS	
protocols/c1-preregistration/circuits/keys/c1_ctx_k32/groth16Verifier.sol	GIT	86bccbe41389efc1f9ad5a1fca75317af09903912ecc57e578152a36080119be	19209	PRESENT	protocols/c1-preregistration/SHA256SUMS	
protocols/c1-preregistration/circuits/keys/c1_ctx_k32/plonk.vkey.json	GIT	dfe3847f724f1a362e5f50c5cf29d55bca281a93f11fb99f964e97ff3fe595e2	2040	PRESENT	protocols/c1-preregistration/SHA256SUMS	
protocols/c1-preregistration/circuits/keys/c1_ctx_k32/plonkVerifier.sol	GIT	c13afb90b429816b8588260fda759a50895d67c211ee054070df4220ba9e6386	81155	PRESENT	protocols/c1-preregistration/SHA256SUMS	
protocols/c1-preregistration/circuits/keys/c1_ctx_k64/groth16-setup.log	GIT	0520e359c04af225b88b6b7cdfcab8fa4106274cd587c9f0356864acf12329ce	1484	PRESENT	protocols/c1-preregistration/SHA256SUMS	
protocols/c1-preregistration/circuits/keys/c1_ctx_k64/groth16-verify.log	GIT	26e450aba21115ea5336d9e640fbf9166a2d675dd72cbb3eca00850cc960b036	1512	PRESENT	protocols/c1-preregistration/SHA256SUMS	
protocols/c1-preregistration/circuits/keys/c1_ctx_k64/groth16.vkey.json	GIT	eb8fd5f1624130140963d5df3aadf42a126ad7cc73890ff925995c39d0979cd7	14446	PRESENT	protocols/c1-preregistration/SHA256SUMS	
protocols/c1-preregistration/circuits/keys/c1_ctx_k64/groth16.zkey	GIT	2fae7f0b08b8bbfc84e4c6bb1f1db1629147a56a2289ed2c900f96caec24738b	2036212	PRESENT	protocols/c1-preregistration/SHA256SUMS	
protocols/c1-preregistration/circuits/keys/c1_ctx_k64/groth16Verifier.sol	GIT	b1ec7338c6c8e647982701208f0d35371566347fb6bbd530a91760861231c345	31840	PRESENT	protocols/c1-preregistration/SHA256SUMS	
protocols/c1-preregistration/circuits/keys/c1_ctx_k64/plonk.vkey.json	GIT	702fcdf0bd61cbb86821fc98065914a8a0cf99d5f5730342affd4f15a218ab8d	2042	PRESENT	protocols/c1-preregistration/SHA256SUMS	
protocols/c1-preregistration/circuits/keys/c1_ctx_k64/plonkVerifier.sol	GIT	947c4b65b536a264922efee6697dfd1e83e85107df51b13d55cf0e07d823939a	136485	PRESENT	protocols/c1-preregistration/SHA256SUMS	
protocols/c1-preregistration/circuits/keys/c1_disc_k04/groth16-setup.log	GIT	dd0330d1c645dbab05d2808409946d7b500dda5dfc82bedf4676815bcf38964a	1484	PRESENT	protocols/c1-preregistration/SHA256SUMS	
protocols/c1-preregistration/circuits/keys/c1_disc_k04/groth16-verify.log	GIT	a05e842ecf8e2b07ad8943d31ea44249a0c83c34849ae78ec7597323d1ea7675	1512	PRESENT	protocols/c1-preregistration/SHA256SUMS	
protocols/c1-preregistration/circuits/keys/c1_disc_k04/groth16.vkey.json	GIT	7755eeac352a2e6e3899b97c78d0b2749350a5c1521a35d91282646ec2ae87c7	3480	PRESENT	protocols/c1-preregistration/SHA256SUMS	
protocols/c1-preregistration/circuits/keys/c1_disc_k04/groth16.zkey	GIT	e926c6a2745842889ab8997eb535c907c1fc08bee75259605d382c414933f2a8	3800116	PRESENT	protocols/c1-preregistration/SHA256SUMS	
protocols/c1-preregistration/circuits/keys/c1_disc_k04/groth16Verifier.sol	GIT	200f592b3f64edefc1560caa05f0c8df38f728e85e5d57ae9a9fe90fade4c5a2	8230	PRESENT	protocols/c1-preregistration/SHA256SUMS	
protocols/c1-preregistration/circuits/keys/c1_disc_k04/plonk.vkey.json	GIT	e61d951f8a95da50913331c842c824f48f478f497439aeb01c734aa12d5f619e	2038	PRESENT	protocols/c1-preregistration/SHA256SUMS	
protocols/c1-preregistration/circuits/keys/c1_disc_k04/plonkVerifier.sol	GIT	69fd2f16a84ea852eb4a97d6dc0328dfcc76f2f953d329391f84814057c19eff	32826	PRESENT	protocols/c1-preregistration/SHA256SUMS	
protocols/c1-preregistration/circuits/keys/c1_k01/groth16-setup.log	GIT	ba2137922bad17ab6b3fafc7225e8cf0e512f15d67507ceba327f5c835b4feab	1484	PRESENT	protocols/c1-preregistration/SHA256SUMS	
protocols/c1-preregistration/circuits/keys/c1_k01/groth16-verify.log	GIT	69081a9f38e2cfa4ea3ef9706b51c656232177a21eaacea70b7722c6066a47de	1512	PRESENT	protocols/c1-preregistration/SHA256SUMS	
protocols/c1-preregistration/circuits/keys/c1_k01/groth16.vkey.json	GIT	775b03670537d7828310364957df2d1adf05b1d91a3aea65f087bec2d50827df	2921	PRESENT	protocols/c1-preregistration/SHA256SUMS	
protocols/c1-preregistration/circuits/keys/c1_k01/groth16.zkey	GIT	ce899c35228c7047800563c2194ed47474765bd111c9bd783320f5f32643efab	1987576	PRESENT	protocols/c1-preregistration/SHA256SUMS	
protocols/c1-preregistration/circuits/keys/c1_k01/groth16Verifier.sol	GIT	11ab77ff94290885f9414f728878d4189e6a30537a1c75ce9797b00a07b9f224	7059	PRESENT	protocols/c1-preregistration/SHA256SUMS	
protocols/c1-preregistration/circuits/keys/c1_k01/plonk.vkey.json	GIT	17e0dd435813a4559c78d0f0608d7cf44fce29a3ae7fbae477ac1b774f5a6e1e	2039	PRESENT	protocols/c1-preregistration/SHA256SUMS	
protocols/c1-preregistration/circuits/keys/c1_k01/plonkVerifier.sol	GIT	ae0a21e064243a9755443981c398b5c93cd7f1e663ac4aacbb9098f3261e6b42	27673	PRESENT	protocols/c1-preregistration/SHA256SUMS	
protocols/c1-preregistration/circuits/setup-summary.txt	GIT	ff4597329b16e42e21cd06abe66a749168e2e03ddc1d6c37ddbfcd0b894de1a9	661	PRESENT	protocols/c1-preregistration/SHA256SUMS	
protocols/c1-preregistration/circuits/src/c1_a4.circom	GIT	fa9a369fcb6fa1f87d8c108a9158b5a8aeaa038349fab942a53283b59841dbdb	3086	PRESENT	protocols/c1-preregistration/SHA256SUMS	
protocols/c1-preregistration/circuits/src/c1_a8.circom	GIT	debd33d855420a3ae3dd05c40e74689e84ef545f962085f35872f3ba24f98b97	3488	PRESENT	protocols/c1-preregistration/SHA256SUMS	
protocols/c1-preregistration/circuits/src/c1_ctx_k02.circom	GIT	09fe2cf066e7ae339792ff90a6b1c29b729b3ff8117b2078ee0a5b5d4bf7ebd5	3565	PRESENT	protocols/c1-preregistration/SHA256SUMS	
protocols/c1-preregistration/circuits/src/c1_ctx_k04.circom	GIT	5f4094961c785836cc7a44df6bea0e853e1f0bd1afa013dc882eb72dcd13075b	3565	PRESENT	protocols/c1-preregistration/SHA256SUMS	
protocols/c1-preregistration/circuits/src/c1_ctx_k06.circom	GIT	6a25ba436ff50ad535417788fe860fb6fd8c2f3dcc975567caeee01b5daa5d8f	3565	PRESENT	protocols/c1-preregistration/SHA256SUMS	
protocols/c1-preregistration/circuits/src/c1_ctx_k08.circom	GIT	4f4daf972555ae870e5b8592d4e2c1173d78066b98b2ef4caabd171970ee9538	3565	PRESENT	protocols/c1-preregistration/SHA256SUMS	
protocols/c1-preregistration/circuits/src/c1_ctx_k12.circom	GIT	22ee135ab04aaab865a02fde0ac7af91edea7ad75099d38cc47eadb532d77392	3566	PRESENT	protocols/c1-preregistration/SHA256SUMS	
protocols/c1-preregistration/circuits/src/c1_ctx_k16.circom	GIT	fc7b22be95806a7e6e9df8944e9c6f9cc05980007833948d6535ef422a4425cd	3566	PRESENT	protocols/c1-preregistration/SHA256SUMS	
protocols/c1-preregistration/circuits/src/c1_ctx_k24.circom	GIT	c051d7720b0c54f29bae9f3d0553b602567e90c01d20c45449de1abcc1f831b9	3566	PRESENT	protocols/c1-preregistration/SHA256SUMS	
protocols/c1-preregistration/circuits/src/c1_ctx_k32.circom	GIT	b8d1ca7e6bdacbf5bf9d265486ba1dfa202ffa5b82ee004d6a5fdb9deacf89ea	3566	PRESENT	protocols/c1-preregistration/SHA256SUMS	
protocols/c1-preregistration/circuits/src/c1_ctx_k64.circom	GIT	949bb69a6c66138f635b268bc29625e0b75c3b25aedfa55d67200c8331aadc78	3566	PRESENT	protocols/c1-preregistration/SHA256SUMS	
protocols/c1-preregistration/circuits/src/c1_disc_k04.circom	GIT	4b8921e38f8a794dc28c89f86196b85669875b24075a0e514ab509fc0399fc88	2975	PRESENT	protocols/c1-preregistration/SHA256SUMS	
protocols/c1-preregistration/circuits/src/c1_k01.circom	GIT	ab17264c47541b5c52a95dd7c1a4e9e796024a51933237b25d9fe0e50de6b6e4	3511	PRESENT	protocols/c1-preregistration/SHA256SUMS	
protocols/c1-preregistration/configs/design-cells.csv	GIT	a74862ef93e166c79d978ceae336ded5e4efb84abd7d6f207b8d177ec7b74de6	17457	PRESENT	protocols/c1-preregistration/SHA256SUMS	
protocols/c1-preregistration/configs/make_design_cells.py	GIT	e54fff8586a465342da731c7947ee9581a4ad034e6715a42e454fe97741f6d60	2718	PRESENT	protocols/c1-preregistration/SHA256SUMS	
protocols/c1-preregistration/corpus/CORPUS-SHA256SUMS	GIT	92d95aeabb15b9e1321b1f4a24a359b78fcc4d8f47012aa0fbb61eb21c6af3ee	30708	PRESENT	protocols/c1-preregistration/SHA256SUMS	
protocols/c1-preregistration/corpus/corpus-calldata.json	GIT	c790d03f58953ed77b4d2b8cc5a30f9f4f060efb1b975f7144c40cc8ad4ee87f	78611	PRESENT	protocols/c1-preregistration/SHA256SUMS	
protocols/c1-preregistration/corpus/corpus-manifest.json	GIT	5f2928cfaf6a3f2738ec3ad2cbba9fd75792af9355458ecbaf94506bd94f03e3	753	PRESENT	protocols/c1-preregistration/SHA256SUMS	
protocols/c1-preregistration/corpus/corpus_calldata.js	GIT	52d84e418d818c95bcfbb76fa10eb632cc6a4548e1a61c3c9409c3ffbf530ef5	1669	PRESENT	protocols/c1-preregistration/SHA256SUMS	
protocols/c1-preregistration/corpus/gen_corpus.js	GIT	7f53607c3e40cfba4accaf6c5d8468d7c5f6573de53091b0ee8741068c16c37a	4037	PRESENT	protocols/c1-preregistration/SHA256SUMS	
protocols/c1-preregistration/corpus/inputs/a4/j0.json	GIT	d2337b9cd1568cecfa0436323b2c2860bfd9261268d56656b0dcbe69cdd101e7	1613	PRESENT	protocols/c1-preregistration/SHA256SUMS	
protocols/c1-preregistration/corpus/inputs/a4/j1.json	GIT	eee5747e7c4321368235727d7d9076b1adaf0ad19a16efd00a94d3ffe4da4254	1616	PRESENT	protocols/c1-preregistration/SHA256SUMS	
protocols/c1-preregistration/corpus/inputs/a4/j2.json	GIT	d918f69e049b2f85bdee5b192c86b898e7241fce3cd910ba06351a3995c32b35	1608	PRESENT	protocols/c1-preregistration/SHA256SUMS	
protocols/c1-preregistration/corpus/inputs/a4/j3.json	GIT	6f6d8cd363cfbd28a0e56007287153c864bd886a9caf33c99bf2dd758405d9cf	1615	PRESENT	protocols/c1-preregistration/SHA256SUMS	
protocols/c1-preregistration/corpus/inputs/a4/j4.json	GIT	307d36a1fdbeac876bd1247d39bcf4a7400020affc45a25920e4f8d2ecfcea8e	1618	PRESENT	protocols/c1-preregistration/SHA256SUMS	
protocols/c1-preregistration/corpus/inputs/a4/j5.json	GIT	00894fb960d8010ba1077be7553fd4f9c9049f4e189bc3a8030c893fd82bfee9	1617	PRESENT	protocols/c1-preregistration/SHA256SUMS	
protocols/c1-preregistration/corpus/inputs/a4/j6.json	GIT	e83eab98f44a465c254db0232aa865b0eff37a6b26da4b4c3fd774cad880beae	1617	PRESENT	protocols/c1-preregistration/SHA256SUMS	
protocols/c1-preregistration/corpus/inputs/a4/j7.json	GIT	c3d8b6c463a3aa07c062e587b0cad534389723cf4202e1078887c6cdf4960fa6	1615	PRESENT	protocols/c1-preregistration/SHA256SUMS	
protocols/c1-preregistration/corpus/inputs/a8/j0.json	GIT	d6af5314bb584125ff2721a5fff260fc84ac4d4c48b5a630bc3bcd2e76f889be	1724	PRESENT	protocols/c1-preregistration/SHA256SUMS	
protocols/c1-preregistration/corpus/inputs/a8/j1.json	GIT	52e257eea0298367bf9e9983c6d1ab6e099afee6b348cecf196a380f5a3e3542	1728	PRESENT	protocols/c1-preregistration/SHA256SUMS	
protocols/c1-preregistration/corpus/inputs/a8/j2.json	GIT	a9bd2f5b13c0f654182cd27f2a15d65d89b3b1bb6f5ba932a3a9f452de39c55d	1720	PRESENT	protocols/c1-preregistration/SHA256SUMS	
protocols/c1-preregistration/corpus/inputs/a8/j3.json	GIT	b21a316e6f009731425fd388789f6c029954918ab05b52ca2760855c3d114d22	1725	PRESENT	protocols/c1-preregistration/SHA256SUMS	
protocols/c1-preregistration/corpus/inputs/a8/j4.json	GIT	477c3a5544aab52557d25545084b4ee89fc2a3b5979ba5d7a755de252cee0da8	1728	PRESENT	protocols/c1-preregistration/SHA256SUMS	
protocols/c1-preregistration/corpus/inputs/a8/j5.json	GIT	2d8003724d3ac9152bcbb988f6ea197cae39a1fa3cbe47e558091bcc076a249b	1729	PRESENT	protocols/c1-preregistration/SHA256SUMS	
protocols/c1-preregistration/corpus/inputs/a8/j6.json	GIT	0296b455b804f5ac4aed4f14f75799ec62cf67101db0dcce8d031ab873ce60f7	1727	PRESENT	protocols/c1-preregistration/SHA256SUMS	
protocols/c1-preregistration/corpus/inputs/a8/j7.json	GIT	bf87aee8cc8b3e410abe08de336a12d46b9f08c0c4c0080e34f5c0e0f713c5b6	1725	PRESENT	protocols/c1-preregistration/SHA256SUMS	
protocols/c1-preregistration/corpus/inputs/ctx_k12/j0.json	GIT	3c7705742d181391a8d062d635c28c189a71cacd4beae33bf1a93f7bae8550ad	2146	PRESENT	protocols/c1-preregistration/SHA256SUMS	
protocols/c1-preregistration/corpus/inputs/ctx_k12/j1.json	GIT	365390fdc1c5f9d170e006440c76c63ab996e7aa45598d64aca73ff67fe7368b	2144	PRESENT	protocols/c1-preregistration/SHA256SUMS	
protocols/c1-preregistration/corpus/inputs/ctx_k12/j2.json	GIT	d51df25c62be8415654c4dd12f4b6f21669e89e23ad74e501cb71a31af124009	2141	PRESENT	protocols/c1-preregistration/SHA256SUMS	
protocols/c1-preregistration/corpus/inputs/ctx_k12/j3.json	GIT	4e0e52731d9a7e0602c8fe36be9bb3c4f022b8536aa12aa729bf1e321fdc78c4	2145	PRESENT	protocols/c1-preregistration/SHA256SUMS	
protocols/c1-preregistration/corpus/inputs/ctx_k12/j4.json	GIT	d625b8bbf4e64bcb94c4c6f7ed39ca8fa039ae27e7798b2c2efdf150e2b943e9	2150	PRESENT	protocols/c1-preregistration/SHA256SUMS	
protocols/c1-preregistration/corpus/inputs/ctx_k12/j5.json	GIT	1fbab8975d254f7049de1d463670c652d41ac6c4751ef9fbf574ad18b8dae5ba	2148	PRESENT	protocols/c1-preregistration/SHA256SUMS	
protocols/c1-preregistration/corpus/inputs/ctx_k12/j6.json	GIT	02b4843868a85ec6b8daeb0487c75b4b3aa0e5a1ce44263f59f1e269252e5c2c	2148	PRESENT	protocols/c1-preregistration/SHA256SUMS	
protocols/c1-preregistration/corpus/inputs/ctx_k12/j7.json	GIT	900adf00cd5f2d215e76e52d6cf971c139d7ee71a4876632af7e6897769c84fe	2147	PRESENT	protocols/c1-preregistration/SHA256SUMS	
protocols/c1-preregistration/corpus/inputs/ctx_k16/j0.json	GIT	f0309e5abfefe9047c64a4ccadb63ffdd2191cb8e7fecdd495b73b8907de55fd	2469	PRESENT	protocols/c1-preregistration/SHA256SUMS	
protocols/c1-preregistration/corpus/inputs/ctx_k16/j1.json	GIT	1122dd718eec50780053f2794d08c4beb16a215a21ce31b2a1c6d4ee0d5cf694	2467	PRESENT	protocols/c1-preregistration/SHA256SUMS	
protocols/c1-preregistration/corpus/inputs/ctx_k16/j2.json	GIT	306fba50de94466e5a37f4d9c31dae3874ba7e8ce7fc08cf8d031d3501164645	2465	PRESENT	protocols/c1-preregistration/SHA256SUMS	
protocols/c1-preregistration/corpus/inputs/ctx_k16/j3.json	GIT	09397bab4877259aa911d448606c0a2df4ee3408453e1f598a43348d5f69d9d2	2468	PRESENT	protocols/c1-preregistration/SHA256SUMS	
protocols/c1-preregistration/corpus/inputs/ctx_k16/j4.json	GIT	de7aac4e2c8ba9fbeb1165b69ae6868fbf3288a4a9de79d1cc958f98262a3337	2471	PRESENT	protocols/c1-preregistration/SHA256SUMS	
protocols/c1-preregistration/corpus/inputs/ctx_k16/j5.json	GIT	a5fac31cfc4bb1356198e09595be0f1131e3d806be355837770c9d01b0ebaae2	2472	PRESENT	protocols/c1-preregistration/SHA256SUMS	
protocols/c1-preregistration/corpus/inputs/ctx_k16/j6.json	GIT	956713953e2268ac1abee92b0e1a6224c335ca646cbe596a37817b4bdcdfc870	2471	PRESENT	protocols/c1-preregistration/SHA256SUMS	
protocols/c1-preregistration/corpus/inputs/ctx_k16/j7.json	GIT	60617797a3566512a19443d75440d7b67eb1d1d9daac00384041c3b5e85c1972	2471	PRESENT	protocols/c1-preregistration/SHA256SUMS	
protocols/c1-preregistration/corpus/inputs/ctx_k2/j0.json	GIT	05890c04a0dd03c4707b3706f2d4d3926ba61de1a33fa17cd3224006bc82e39f	1338	PRESENT	protocols/c1-preregistration/SHA256SUMS	
protocols/c1-preregistration/corpus/inputs/ctx_k2/j1.json	GIT	25f88b0db33b8b2f88bbb41a861a30bdc6d6e22082f6a9a4a40de6c53b31faab	1340	PRESENT	protocols/c1-preregistration/SHA256SUMS	
protocols/c1-preregistration/corpus/inputs/ctx_k2/j2.json	GIT	7155670c772f634624f746a525b15493992a7c43da82c6b2bceb0e0e05f608a8	1334	PRESENT	protocols/c1-preregistration/SHA256SUMS	
protocols/c1-preregistration/corpus/inputs/ctx_k2/j3.json	GIT	19f2b38ade7332bd95b10a067af9709c1653b8c46a79f74926cafdc701417c2f	1338	PRESENT	protocols/c1-preregistration/SHA256SUMS	
protocols/c1-preregistration/corpus/inputs/ctx_k2/j4.json	GIT	3951ba44bf03b9aad8bb763f8dc1f9f2814053c00ae22cef16b266a35e1ee8b7	1343	PRESENT	protocols/c1-preregistration/SHA256SUMS	
protocols/c1-preregistration/corpus/inputs/ctx_k2/j5.json	GIT	c17e342f5985259c317a6d586f4a8b6d356e8896b5cca52e0f3aef5798b859be	1341	PRESENT	protocols/c1-preregistration/SHA256SUMS	
protocols/c1-preregistration/corpus/inputs/ctx_k2/j6.json	GIT	418505eb40a9bd9d34248fc05c0e71d3243c2cd79d744621541f9ef9e26eba3d	1340	PRESENT	protocols/c1-preregistration/SHA256SUMS	
protocols/c1-preregistration/corpus/inputs/ctx_k2/j7.json	GIT	ed5c4d202352cfd2e095faa370f0005bfc33259513d170b2807a339f96503f24	1339	PRESENT	protocols/c1-preregistration/SHA256SUMS	
protocols/c1-preregistration/corpus/inputs/ctx_k24/j0.json	GIT	68b86867e18b6bfd4eaaf7a98e4746e29a7fecb8dbb8e6666dcd0c2e4dea1324	3115	PRESENT	protocols/c1-preregistration/SHA256SUMS	
protocols/c1-preregistration/corpus/inputs/ctx_k24/j1.json	GIT	a6401be6f924bd6c9330095361105c597f7124cc183bf2313d4e63cf80d8e849	3113	PRESENT	protocols/c1-preregistration/SHA256SUMS	
protocols/c1-preregistration/corpus/inputs/ctx_k24/j2.json	GIT	98967073b2981a99dce4b22fb3e31c6ca13d8b8e9942939c473bd3b6e576002e	3111	PRESENT	protocols/c1-preregistration/SHA256SUMS	
protocols/c1-preregistration/corpus/inputs/ctx_k24/j3.json	GIT	6b6c20dc1a30759ebb86c7565af336dea0a5f39197b2048585f8459b7faf511e	3113	PRESENT	protocols/c1-preregistration/SHA256SUMS	
protocols/c1-preregistration/corpus/inputs/ctx_k24/j4.json	GIT	1975c246ab4116c5a25cd29fb199523c7cab8204329a91e34e054adeba15d89c	3114	PRESENT	protocols/c1-preregistration/SHA256SUMS	
protocols/c1-preregistration/corpus/inputs/ctx_k24/j5.json	GIT	0c3e036e7ba48032c791cdb5daca14de4a2293724c9ae765641a37de4025ddab	3117	PRESENT	protocols/c1-preregistration/SHA256SUMS	
protocols/c1-preregistration/corpus/inputs/ctx_k24/j6.json	GIT	fc499eb49d8ba6641cd17167f605ccf82336a00aca8f9be0cd625edc0a276b5d	3116	PRESENT	protocols/c1-preregistration/SHA256SUMS	
protocols/c1-preregistration/corpus/inputs/ctx_k24/j7.json	GIT	f193e50944a8ad49cc59d2427ef69e815f50bbb994bcf8c7ca4bc2b182b4d72d	3116	PRESENT	protocols/c1-preregistration/SHA256SUMS	
protocols/c1-preregistration/corpus/inputs/ctx_k32/j0.json	GIT	83718148cb37b92571e8f583a98f8cfe96be51401320cd22538c5d9c376e2579	3761	PRESENT	protocols/c1-preregistration/SHA256SUMS	
protocols/c1-preregistration/corpus/inputs/ctx_k32/j1.json	GIT	a1e64c1248b08a603795827b6ab4337972151eac0cb9bad1e33ba7a76ea00da8	3759	PRESENT	protocols/c1-preregistration/SHA256SUMS	
protocols/c1-preregistration/corpus/inputs/ctx_k32/j2.json	GIT	ea82bbded0786a94ff4055b8c9e9c60c20b6ceeef9e22fc41fcd2f7a1715716d	3757	PRESENT	protocols/c1-preregistration/SHA256SUMS	
protocols/c1-preregistration/corpus/inputs/ctx_k32/j3.json	GIT	23ca9aa4f43eec9c0617f5b5dad83221cadc829e8e38bfaad01042b8d0c36ac5	3757	PRESENT	protocols/c1-preregistration/SHA256SUMS	
protocols/c1-preregistration/corpus/inputs/ctx_k32/j4.json	GIT	b1103e7fc2279c78f8841fdb7e7e5dd61b9e92799af79e0c764314a937909a68	3762	PRESENT	protocols/c1-preregistration/SHA256SUMS	
protocols/c1-preregistration/corpus/inputs/ctx_k32/j5.json	GIT	378c5f3f2aae691c6dc4d9c33d09f7bd27e4350bdb3286078dc88512568f3b90	3765	PRESENT	protocols/c1-preregistration/SHA256SUMS	
protocols/c1-preregistration/corpus/inputs/ctx_k32/j6.json	GIT	d6f6246e5313c235c48598492b2bb4b44af2ddc6e1b82f9d179912c7f37c3da5	3761	PRESENT	protocols/c1-preregistration/SHA256SUMS	
protocols/c1-preregistration/corpus/inputs/ctx_k32/j7.json	GIT	20290e28c789df574c2f7613958810f7eb3844ee4e01971aafd86d44a7a0c0c1	3762	PRESENT	protocols/c1-preregistration/SHA256SUMS	
protocols/c1-preregistration/corpus/inputs/ctx_k4/j0.json	GIT	1e849a750e4b304ff6ad7cfafee51b1de53db0cc566e1d6a08df22bb547975ca	1500	PRESENT	protocols/c1-preregistration/SHA256SUMS	
protocols/c1-preregistration/corpus/inputs/ctx_k4/j1.json	GIT	230091f6697d02cda1e9d01852cd6f5092f102ebefd0e416143e41ed5407c08e	1499	PRESENT	protocols/c1-preregistration/SHA256SUMS	
protocols/c1-preregistration/corpus/inputs/ctx_k4/j2.json	GIT	46d5d6eca0feb5226dc0f8c8d013e415798604510d0f329b434a998bb0e5a54e	1495	PRESENT	protocols/c1-preregistration/SHA256SUMS	
protocols/c1-preregistration/corpus/inputs/ctx_k4/j3.json	GIT	7ddc7517f32b51ceca583d6c417175e058834d26267c1079712139c87867ad03	1500	PRESENT	protocols/c1-preregistration/SHA256SUMS	
protocols/c1-preregistration/corpus/inputs/ctx_k4/j4.json	GIT	a67269a22f35635c44d8fbcd8d3bade2c94b8a7b307e70c386cee47cb295e6df	1503	PRESENT	protocols/c1-preregistration/SHA256SUMS	
protocols/c1-preregistration/corpus/inputs/ctx_k4/j5.json	GIT	f08a284c4ddb621fd92587447bf049c176d76934871fef334897db40ffd4869c	1502	PRESENT	protocols/c1-preregistration/SHA256SUMS	
protocols/c1-preregistration/corpus/inputs/ctx_k4/j6.json	GIT	e710ee49c901411f3e09b20e2f5dcc11468677cfc94ad093fe6482b148beddf8	1502	PRESENT	protocols/c1-preregistration/SHA256SUMS	
protocols/c1-preregistration/corpus/inputs/ctx_k4/j7.json	GIT	55bcb503472be3f19d22ba1b6a9d70850b8077f7ed1296e8e7c83a59e840d400	1500	PRESENT	protocols/c1-preregistration/SHA256SUMS	
protocols/c1-preregistration/corpus/inputs/ctx_k6/j0.json	GIT	4c3ebea0df7fc5e73880139ac0c175e4baefa43a51b781162344638c22d9cf48	1661	PRESENT	protocols/c1-preregistration/SHA256SUMS	
protocols/c1-preregistration/corpus/inputs/ctx_k6/j1.json	GIT	97626ebc52e04dd875e6bfd8bcb3af2ae821a2c456d67380feb2d1aed9e802cc	1659	PRESENT	protocols/c1-preregistration/SHA256SUMS	
protocols/c1-preregistration/corpus/inputs/ctx_k6/j2.json	GIT	d3c213c8c37046e37a29e4d7f9968465d8de327d9f0c0431d2ffcafc56ac786d	1657	PRESENT	protocols/c1-preregistration/SHA256SUMS	
protocols/c1-preregistration/corpus/inputs/ctx_k6/j3.json	GIT	910f2a9ac093e3fb019575d44137314a98efc8cfc4a0310c3f51edf13283b3f6	1662	PRESENT	protocols/c1-preregistration/SHA256SUMS	
protocols/c1-preregistration/corpus/inputs/ctx_k6/j4.json	GIT	9e1c5a32dec13de6bedf2cf14dcf03d025646aad2076738a7b28d697adeff93b	1665	PRESENT	protocols/c1-preregistration/SHA256SUMS	
protocols/c1-preregistration/corpus/inputs/ctx_k6/j5.json	GIT	369b85315fe4f1a3e3a15dca46e4aca0ee5aed1b4adb1e66f5e11b70f7a066ab	1663	PRESENT	protocols/c1-preregistration/SHA256SUMS	
protocols/c1-preregistration/corpus/inputs/ctx_k6/j6.json	GIT	d2b3b9732f3eb7f5e5e2909c05739983abdf09d7ed4d6042947253742bebce88	1664	PRESENT	protocols/c1-preregistration/SHA256SUMS	
protocols/c1-preregistration/corpus/inputs/ctx_k6/j7.json	GIT	48a4f575b0b85025f28b3284e26660110a291a2b01b6e7ca01345aff251d9c24	1662	PRESENT	protocols/c1-preregistration/SHA256SUMS	
protocols/c1-preregistration/corpus/inputs/ctx_k64/j0.json	GIT	ec02dbbb47357cadc890dfee749110f8aeb8a65aecc582cd5b8936d55be45e78	6344	PRESENT	protocols/c1-preregistration/SHA256SUMS	
protocols/c1-preregistration/corpus/inputs/ctx_k64/j1.json	GIT	d473e243b4cde204bf15f9c7903d167a1ba57585d438a1bca59659a228fb9bb3	6347	PRESENT	protocols/c1-preregistration/SHA256SUMS	
protocols/c1-preregistration/corpus/inputs/ctx_k64/j2.json	GIT	4c482798a6c818ac6e233c93531f663270528b1925d6aa21f399a380feb1aaaf	6343	PRESENT	protocols/c1-preregistration/SHA256SUMS	
protocols/c1-preregistration/corpus/inputs/ctx_k64/j3.json	GIT	ab4ba7f94c8f363c8d718761db301d6c45f36fe40cd05124d5d033622085cdfd	6338	PRESENT	protocols/c1-preregistration/SHA256SUMS	
protocols/c1-preregistration/corpus/inputs/ctx_k64/j4.json	GIT	25682d6388f8fb5d932bb9d726e6df7c4b40f7c8d72ad040eaae34d2f27941b4	6342	PRESENT	protocols/c1-preregistration/SHA256SUMS	
protocols/c1-preregistration/corpus/inputs/ctx_k64/j5.json	GIT	ca3c5f9e9d22821928eb94b623a675daa3a18b45f7c32c6d75c70f651d2016b8	6346	PRESENT	protocols/c1-preregistration/SHA256SUMS	
protocols/c1-preregistration/corpus/inputs/ctx_k64/j6.json	GIT	0239517de61289ed2ced35f2af6fb0b8f20187156694de9dc9ef461919a9a847	6348	PRESENT	protocols/c1-preregistration/SHA256SUMS	
protocols/c1-preregistration/corpus/inputs/ctx_k64/j7.json	GIT	eac04d40feab3fac34db004b6249f298c8830f32049062e00b4ab6edf0e5f073	6344	PRESENT	protocols/c1-preregistration/SHA256SUMS	
protocols/c1-preregistration/corpus/inputs/ctx_k8/j0.json	GIT	b7a5bbb886e65d1809c581e8e370a5c5e9cf360b32ec2bd8bc5dfdaa9ac29577	1822	PRESENT	protocols/c1-preregistration/SHA256SUMS	
protocols/c1-preregistration/corpus/inputs/ctx_k8/j1.json	GIT	ef4ce7b2f980571805139abc6656115d7fab5e9ccf2da09a7649593dcce3153f	1820	PRESENT	protocols/c1-preregistration/SHA256SUMS	
protocols/c1-preregistration/corpus/inputs/ctx_k8/j2.json	GIT	162b6174dcbbf4c0476c2d9da347a90bbfbb8e9f406b196ec51ad2c6fef0d768	1819	PRESENT	protocols/c1-preregistration/SHA256SUMS	
protocols/c1-preregistration/corpus/inputs/ctx_k8/j3.json	GIT	a9a55a53b54957144b8f0ce8778e17c10b9ec4841a350d6192161b7a6d020f93	1824	PRESENT	protocols/c1-preregistration/SHA256SUMS	
protocols/c1-preregistration/corpus/inputs/ctx_k8/j4.json	GIT	3f50a4998bac0cae7d64747b322adfec02be0d64f037b81b98ac0b878d875223	1827	PRESENT	protocols/c1-preregistration/SHA256SUMS	
protocols/c1-preregistration/corpus/inputs/ctx_k8/j5.json	GIT	12da87900b0148e952186fb227534e88550fc96aaa8e8c8ef40d4e2ab811d3e7	1825	PRESENT	protocols/c1-preregistration/SHA256SUMS	
protocols/c1-preregistration/corpus/inputs/ctx_k8/j6.json	GIT	3276adc327e721ee05af8bd1aa8b61e6fab15d7587469f46bb5443f0a3f69e40	1824	PRESENT	protocols/c1-preregistration/SHA256SUMS	
protocols/c1-preregistration/corpus/inputs/ctx_k8/j7.json	GIT	a6cc00b81a8de9f82bd79deca4632ea39c02d2e1bfd489f6cf638ed3bc616146	1824	PRESENT	protocols/c1-preregistration/SHA256SUMS	
protocols/c1-preregistration/corpus/inputs/disc_k4/j0.json	GIT	fd99ffa0aa944a68cb330d6d2ae20a5a11b9df7722c9b35ed0e70c05e98b576f	3494	PRESENT	protocols/c1-preregistration/SHA256SUMS	
protocols/c1-preregistration/corpus/inputs/disc_k4/j1.json	GIT	23f53145df7f611d1efd60e81ab5464ad9d503f88c84a5780205416dbfce8051	3495	PRESENT	protocols/c1-preregistration/SHA256SUMS	
protocols/c1-preregistration/corpus/inputs/disc_k4/j2.json	GIT	f14d7b76403c281f7c28564edef2bc7e7d7e6447351439ee8db806167bb59ed0	3490	PRESENT	protocols/c1-preregistration/SHA256SUMS	
protocols/c1-preregistration/corpus/inputs/disc_k4/j3.json	GIT	a0913ad3500fc41172b1302ce870c5d769700f7d8ec40f53c905868cfe9dbb5f	3493	PRESENT	protocols/c1-preregistration/SHA256SUMS	
protocols/c1-preregistration/corpus/inputs/disc_k4/j4.json	GIT	242be1c812bbe1c7b6964efd1c4a99c75f9fcc6acc2434f3bcd72957bcdc36ed	3500	PRESENT	protocols/c1-preregistration/SHA256SUMS	
protocols/c1-preregistration/corpus/inputs/disc_k4/j5.json	GIT	068d97011172dd3662d5a696954d2cbdf3f85b2f0d86af5697902050f0cc0a52	3496	PRESENT	protocols/c1-preregistration/SHA256SUMS	
protocols/c1-preregistration/corpus/inputs/disc_k4/j6.json	GIT	a36e967412e6c299cb218bc5356430aef9f7a90e35cd425aa078748f03dfb2fd	3495	PRESENT	protocols/c1-preregistration/SHA256SUMS	
protocols/c1-preregistration/corpus/inputs/disc_k4/j7.json	GIT	d064bf0d415a12f3ccf3ccfdad9d382e1b83178b1749f0edc9d5816af2a9cf4e	3496	PRESENT	protocols/c1-preregistration/SHA256SUMS	
protocols/c1-preregistration/corpus/inputs/v1/j0.json	GIT	644fe1979d809c6517e4bb0ac3714d4eda21223e96e452ba810dd942b8858c2a	1244	PRESENT	protocols/c1-preregistration/SHA256SUMS	
protocols/c1-preregistration/corpus/inputs/v1/j1.json	GIT	11575acf3c8d65e67421e0e40c9fd698d1d889c708a65125ae2cd1eba1797529	1246	PRESENT	protocols/c1-preregistration/SHA256SUMS	
protocols/c1-preregistration/corpus/inputs/v1/j2.json	GIT	4f536ef6ad15e0b681a61fc4d5f1da04677bcd9229a98f0db3590aaeb01b899b	1240	PRESENT	protocols/c1-preregistration/SHA256SUMS	
protocols/c1-preregistration/corpus/inputs/v1/j3.json	GIT	1a0e29fe86603660411ce74c217ad84894ed30ad9621d4eaed7229830f6be4b2	1244	PRESENT	protocols/c1-preregistration/SHA256SUMS	
protocols/c1-preregistration/corpus/inputs/v1/j4.json	GIT	16527c289af0f36464ebd6c2ffa43923ab35f3ef24120f417865278ad5f35b0b	1249	PRESENT	protocols/c1-preregistration/SHA256SUMS	
protocols/c1-preregistration/corpus/inputs/v1/j5.json	GIT	9ee7012cfc6f4d9b577c277b0dbf2176995599251bdbe6b4dccfdf769fa7d861	1247	PRESENT	protocols/c1-preregistration/SHA256SUMS	
protocols/c1-preregistration/corpus/inputs/v1/j6.json	GIT	e51e093330edce7e837aa156f6e667ba488fc056365eec8a52ce6727915f007d	1246	PRESENT	protocols/c1-preregistration/SHA256SUMS	
protocols/c1-preregistration/corpus/inputs/v1/j7.json	GIT	1437dcf756fde11d632937ad0f89bf36c08b1210cd807c79f2e8baca1ba57059	1245	PRESENT	protocols/c1-preregistration/SHA256SUMS	
protocols/c1-preregistration/corpus/proofs/c1_a4/groth16-j0.json	GIT	4b648bd7fd4a3c34276373aef1fa39a9d55734d82ba60a0a2d4f58da6d5c71e3	1089	PRESENT	protocols/c1-preregistration/SHA256SUMS	
protocols/c1-preregistration/corpus/proofs/c1_a4/groth16-j1.json	GIT	7a9e0008ff0d1c766b494775ffcc4b77e90d45c1f6ab3bf8d6524522ccaf6686	1094	PRESENT	protocols/c1-preregistration/SHA256SUMS	
protocols/c1-preregistration/corpus/proofs/c1_a4/groth16-j2.json	GIT	a4b488498fba2286a12c4587a758ffa78950243cd3b1e4e76daecb8090b029c8	1084	PRESENT	protocols/c1-preregistration/SHA256SUMS	
protocols/c1-preregistration/corpus/proofs/c1_a4/groth16-j3.json	GIT	ef5aa8f8861474ef02a3d48f93bbd06e1ecbbb08a8d10cbad40d791fd9e58a9d	1090	PRESENT	protocols/c1-preregistration/SHA256SUMS	
protocols/c1-preregistration/corpus/proofs/c1_a4/groth16-j4.json	GIT	32120057851d4a0aef0e29249e8fe20e959ef5a1675decf965aa6157e496fdcb	1090	PRESENT	protocols/c1-preregistration/SHA256SUMS	
protocols/c1-preregistration/corpus/proofs/c1_a4/groth16-j5.json	GIT	b1db0b423748f6c9017d31aa867d89fe1ae7bc67b4e40f8c9ad3d3570d830a26	1090	PRESENT	protocols/c1-preregistration/SHA256SUMS	
protocols/c1-preregistration/corpus/proofs/c1_a4/groth16-j6.json	GIT	1ac8897edbd587af0aee2738dbd8bd9d61b1786a2bb7a5ce74dcb58c4864fae8	1093	PRESENT	protocols/c1-preregistration/SHA256SUMS	
protocols/c1-preregistration/corpus/proofs/c1_a4/groth16-j7.json	GIT	1fb7c7f7c576bfe590f9515ba235bc026c5079c79275f2392b98abd579c2c472	1092	PRESENT	protocols/c1-preregistration/SHA256SUMS	
protocols/c1-preregistration/corpus/proofs/c1_a4/plonk-j0.json	GIT	be24b7fb538a0170eba1bbcc6642cee2238ab5924f9dc666fe2824b313fb64f2	2467	PRESENT	protocols/c1-preregistration/SHA256SUMS	
protocols/c1-preregistration/corpus/proofs/c1_a4/plonk-j1.json	GIT	17ebec3d24f609d01a1a50245438fa5fcc425666054f14a566654fefa044608a	2460	PRESENT	protocols/c1-preregistration/SHA256SUMS	
protocols/c1-preregistration/corpus/proofs/c1_a4/plonk-j2.json	GIT	2d864d31229364ad80b3cb7f74b7052e5ed5fffbceacaa81634ea5232f47771e	2463	PRESENT	protocols/c1-preregistration/SHA256SUMS	
protocols/c1-preregistration/corpus/proofs/c1_a4/plonk-j3.json	GIT	84e7054948a656cfd9396dca231682673db0b9e1d7d7bdb7726959de0baa65a1	2462	PRESENT	protocols/c1-preregistration/SHA256SUMS	
protocols/c1-preregistration/corpus/proofs/c1_a4/plonk-j4.json	GIT	0292544f87cb553ef489baee56835e6675fe6a140eb40b7bc6504eae194a6e23	2468	PRESENT	protocols/c1-preregistration/SHA256SUMS	
protocols/c1-preregistration/corpus/proofs/c1_a4/plonk-j5.json	GIT	16bf7b639960bfc59d86cf02ee9e6fc41ac2f2fb41e1f781dc6405fa98552742	2463	PRESENT	protocols/c1-preregistration/SHA256SUMS	
protocols/c1-preregistration/corpus/proofs/c1_a4/plonk-j6.json	GIT	9ce6d86319d29f494531ce67b25451e2786dbbd3da149dfee0fd7639e6c22cca	2466	PRESENT	protocols/c1-preregistration/SHA256SUMS	
protocols/c1-preregistration/corpus/proofs/c1_a4/plonk-j7.json	GIT	58bd6bb4ed1e87cdd026e2b028d4101ac3ab367437027436b9e9e57b6a5e31b6	2462	PRESENT	protocols/c1-preregistration/SHA256SUMS	
protocols/c1-preregistration/corpus/proofs/c1_a8/groth16-j0.json	GIT	25bbd25700b3917cc7a2a8988eb9d474a263cdeedd096b6ff801d17c42348d3f	1136	PRESENT	protocols/c1-preregistration/SHA256SUMS	
protocols/c1-preregistration/corpus/proofs/c1_a8/groth16-j1.json	GIT	89f8a0815d8ee9d714faec9854ef0e14e1f95d8adb483a1620a1cc853655d4c5	1141	PRESENT	protocols/c1-preregistration/SHA256SUMS	
protocols/c1-preregistration/corpus/proofs/c1_a8/groth16-j2.json	GIT	03be7ed4892999a71938b438e7d94469c0a8a76bdcac21ec5fbd74e1bbaff417	1135	PRESENT	protocols/c1-preregistration/SHA256SUMS	
protocols/c1-preregistration/corpus/proofs/c1_a8/groth16-j3.json	GIT	9ca953539efc7893fbe6fd652fab41c4b4b02f37ac4d766ec12a159447f97fbf	1138	PRESENT	protocols/c1-preregistration/SHA256SUMS	
protocols/c1-preregistration/corpus/proofs/c1_a8/groth16-j4.json	GIT	4ab8ae4cb437c762cbfa40e194ca6f750c3601aec747aef10813cc2a9c7961e8	1134	PRESENT	protocols/c1-preregistration/SHA256SUMS	
protocols/c1-preregistration/corpus/proofs/c1_a8/groth16-j5.json	GIT	2d634ec3194b3d8627832b5c1065e0eb07a1c960f03dce134891a1966bffab27	1139	PRESENT	protocols/c1-preregistration/SHA256SUMS	
protocols/c1-preregistration/corpus/proofs/c1_a8/groth16-j6.json	GIT	74b189b7f8e95844e82627e4af3ec103f83e28aed279fb2652944b7c872f5a0c	1137	PRESENT	protocols/c1-preregistration/SHA256SUMS	
protocols/c1-preregistration/corpus/proofs/c1_a8/groth16-j7.json	GIT	39cc2b0b2e2aa23e12b6a706b0173ac045cae1b7d63cf9817afeaec281482ab7	1134	PRESENT	protocols/c1-preregistration/SHA256SUMS	
protocols/c1-preregistration/corpus/proofs/c1_a8/plonk-j0.json	GIT	d632404dd2ae76a0b2d784ea05f216b0ebc20ec7251a18bed21863e54cc621b7	2509	PRESENT	protocols/c1-preregistration/SHA256SUMS	
protocols/c1-preregistration/corpus/proofs/c1_a8/plonk-j1.json	GIT	51ee14d81769ccb8d0818b2d66dcb99f51748c4f6781c3704ce648291688da03	2512	PRESENT	protocols/c1-preregistration/SHA256SUMS	
protocols/c1-preregistration/corpus/proofs/c1_a8/plonk-j2.json	GIT	15b54bca2b90c2d3a742f6583776a4c6f29bcc77844474ddfb9e62ca099eef15	2506	PRESENT	protocols/c1-preregistration/SHA256SUMS	
protocols/c1-preregistration/corpus/proofs/c1_a8/plonk-j3.json	GIT	81aac1d0711b7cd91a88fe1c9008d7d3cfedf711b8891f9cf88df792cceab292	2504	PRESENT	protocols/c1-preregistration/SHA256SUMS	
protocols/c1-preregistration/corpus/proofs/c1_a8/plonk-j4.json	GIT	82406f6a1cca5f0deb032d16bddaeb425833a00db7feb54a3721c790e7d2f8fc	2508	PRESENT	protocols/c1-preregistration/SHA256SUMS	
protocols/c1-preregistration/corpus/proofs/c1_a8/plonk-j5.json	GIT	9e9190aaeb6bd92a7a9e11e0d05b9df1f97c3eb4ac1ee657e023a14fbca8c6a1	2511	PRESENT	protocols/c1-preregistration/SHA256SUMS	
protocols/c1-preregistration/corpus/proofs/c1_a8/plonk-j6.json	GIT	4d9e343b4145141ef46b7c0cbceb2f49ed8cfd2f798e09e312129b463f3b5f31	2512	PRESENT	protocols/c1-preregistration/SHA256SUMS	
protocols/c1-preregistration/corpus/proofs/c1_a8/plonk-j7.json	GIT	a30ff82c8da486fa716ea8fdb84555ac070c4dd24c291870cfbe760577bbc97f	2509	PRESENT	protocols/c1-preregistration/SHA256SUMS	
protocols/c1-preregistration/corpus/proofs/c1_ctx_k02/groth16-j0.json	GIT	435d7f4b2f0130edab3820961c7979028f4b6ec276db9413ee0883f26742d27f	935	PRESENT	protocols/c1-preregistration/SHA256SUMS	
protocols/c1-preregistration/corpus/proofs/c1_ctx_k02/groth16-j1.json	GIT	db073cdfcc93bf279ce1ff58e59942d7506b67489fa3e8d91f9e940a4887ef12	938	PRESENT	protocols/c1-preregistration/SHA256SUMS	
protocols/c1-preregistration/corpus/proofs/c1_ctx_k02/groth16-j2.json	GIT	89ed8d33281023887de0d0572739c6cfaa3a0ef910eae580f811332a2af5ae13	937	PRESENT	protocols/c1-preregistration/SHA256SUMS	
protocols/c1-preregistration/corpus/proofs/c1_ctx_k02/groth16-j3.json	GIT	caecdcecd9c66741fbd5626d055efd51a8fb3ee10ef6fea59a4d2efb198c3cc7	938	PRESENT	protocols/c1-preregistration/SHA256SUMS	
protocols/c1-preregistration/corpus/proofs/c1_ctx_k02/groth16-j4.json	GIT	045590b711ae9cee49129f1532f61703925cb93fd472ab89aad3160587f9686e	939	PRESENT	protocols/c1-preregistration/SHA256SUMS	
protocols/c1-preregistration/corpus/proofs/c1_ctx_k02/groth16-j5.json	GIT	37a84e1a719a7effc79c7761fd31a304abf2bb9da7e0934715c4e00d7d090d87	938	PRESENT	protocols/c1-preregistration/SHA256SUMS	
protocols/c1-preregistration/corpus/proofs/c1_ctx_k02/groth16-j6.json	GIT	ee8c82da266719952937d2dabde4affcc570d087103c238659310ed55bb8c681	937	PRESENT	protocols/c1-preregistration/SHA256SUMS	
protocols/c1-preregistration/corpus/proofs/c1_ctx_k02/groth16-j7.json	GIT	cd0acde8b77fc321440fa120fd41e949097696d85197b3cc6dd1318bb117543f	938	PRESENT	protocols/c1-preregistration/SHA256SUMS	
protocols/c1-preregistration/corpus/proofs/c1_ctx_k02/plonk-j0.json	GIT	86b886b4ddb08e82c4d0c6b9ca30a9d598688de25c7e7d521817e6567a0b18c1	2309	PRESENT	protocols/c1-preregistration/SHA256SUMS	
protocols/c1-preregistration/corpus/proofs/c1_ctx_k02/plonk-j1.json	GIT	4ab2c41f72ee5bbc1a656f9b09ca4820d01f03044dd6575323171a0c6bcb448a	2312	PRESENT	protocols/c1-preregistration/SHA256SUMS	
protocols/c1-preregistration/corpus/proofs/c1_ctx_k02/plonk-j2.json	GIT	d73f821908adab9b10c823bc8852bc22c30fc968a690dddf346fe12eb9ea5d08	2313	PRESENT	protocols/c1-preregistration/SHA256SUMS	
protocols/c1-preregistration/corpus/proofs/c1_ctx_k02/plonk-j3.json	GIT	a9287a1d3aa8f446fce834509d0aecb20d9a1b22599f015a7a5c7982ec4cf10b	2311	PRESENT	protocols/c1-preregistration/SHA256SUMS	
protocols/c1-preregistration/corpus/proofs/c1_ctx_k02/plonk-j4.json	GIT	2ae082911c58d85813356c378ca5ee2532fbcc1149acd248cc9ecc56ca25432e	2316	PRESENT	protocols/c1-preregistration/SHA256SUMS	
protocols/c1-preregistration/corpus/proofs/c1_ctx_k02/plonk-j5.json	GIT	2d982adda452c901e8e6e9952ab9816f3b0c6d0ab3e8272eb1747582ed092c20	2308	PRESENT	protocols/c1-preregistration/SHA256SUMS	
protocols/c1-preregistration/corpus/proofs/c1_ctx_k02/plonk-j6.json	GIT	5b0c629022e13111172d6e1974732d4ce54d37703ee78d0d64eefd6a0d5cbea1	2309	PRESENT	protocols/c1-preregistration/SHA256SUMS	
protocols/c1-preregistration/corpus/proofs/c1_ctx_k02/plonk-j7.json	GIT	974d56142de658e66aba3f8cd2665e2dbece54e047df359f2807de9be3ffb4a3	2311	PRESENT	protocols/c1-preregistration/SHA256SUMS	
protocols/c1-preregistration/corpus/proofs/c1_ctx_k04/groth16-j0.json	GIT	4e8803fafa665eb23061e33214066889f3b062b6e95bf60a5e7fe1b98433f5e9	1096	PRESENT	protocols/c1-preregistration/SHA256SUMS	
protocols/c1-preregistration/corpus/proofs/c1_ctx_k04/groth16-j1.json	GIT	f927c8405b6762e6c1b494dfdc7449f727d372540510f7b55ccd291bb327093f	1095	PRESENT	protocols/c1-preregistration/SHA256SUMS	
protocols/c1-preregistration/corpus/proofs/c1_ctx_k04/groth16-j2.json	GIT	14e9e424553db4b5cbbd298aee1bb48bca001493a64b53d90679f40f268e6632	1095	PRESENT	protocols/c1-preregistration/SHA256SUMS	
protocols/c1-preregistration/corpus/proofs/c1_ctx_k04/groth16-j3.json	GIT	15886b2670105b48c43d9750101284c655844e864a6a8c9b0f1479792eba4e1f	1093	PRESENT	protocols/c1-preregistration/SHA256SUMS	
protocols/c1-preregistration/corpus/proofs/c1_ctx_k04/groth16-j4.json	GIT	d0cccc71aac0634ffb52ea9ba4b9cb99cdbae5977dbc9dcd67e8ce194271f140	1091	PRESENT	protocols/c1-preregistration/SHA256SUMS	
protocols/c1-preregistration/corpus/proofs/c1_ctx_k04/groth16-j5.json	GIT	ad921ed68632f03e612a454be63650afded1e606c6bc93e01d50fc3fc882e9fe	1093	PRESENT	protocols/c1-preregistration/SHA256SUMS	
protocols/c1-preregistration/corpus/proofs/c1_ctx_k04/groth16-j6.json	GIT	f43a6a82811bcfdf99063c66f95e42e1fd9af4ddd0e77d872b74c8803f15b6f9	1091	PRESENT	protocols/c1-preregistration/SHA256SUMS	
protocols/c1-preregistration/corpus/proofs/c1_ctx_k04/groth16-j7.json	GIT	245bf3a119190811456660877150af7d920316cfd5d08d3f509683a0f3ea07a3	1092	PRESENT	protocols/c1-preregistration/SHA256SUMS	
protocols/c1-preregistration/corpus/proofs/c1_ctx_k04/plonk-j0.json	GIT	19f7e41a604b75598aee7bc4a0c8fc81b2d5f79f01e23861d1979dfc4636b048	2463	PRESENT	protocols/c1-preregistration/SHA256SUMS	
protocols/c1-preregistration/corpus/proofs/c1_ctx_k04/plonk-j1.json	GIT	0440884b6c9d2666fc423f4efd65372de2729620c006652b82d1d4a3d9926fa6	2462	PRESENT	protocols/c1-preregistration/SHA256SUMS	
protocols/c1-preregistration/corpus/proofs/c1_ctx_k04/plonk-j2.json	GIT	b6c374930640bc67e52ae5bc2b7417e8e3934e815a6c6d3008fcb787f9a37e6b	2463	PRESENT	protocols/c1-preregistration/SHA256SUMS	
protocols/c1-preregistration/corpus/proofs/c1_ctx_k04/plonk-j3.json	GIT	84f0b5f72c506f66db52a18921f400962c151f04c11129269ab721affea7c77c	2466	PRESENT	protocols/c1-preregistration/SHA256SUMS	
protocols/c1-preregistration/corpus/proofs/c1_ctx_k04/plonk-j4.json	GIT	c6bd6f3335855493fe044ce4c6e9abb96c3bd303b0d11c7c3a1079e60ef7a091	2467	PRESENT	protocols/c1-preregistration/SHA256SUMS	
protocols/c1-preregistration/corpus/proofs/c1_ctx_k04/plonk-j5.json	GIT	3f3d6f54efb3ca4e56eee92b06a2f41d62f8550df60b9f128cb3514a4ec66054	2466	PRESENT	protocols/c1-preregistration/SHA256SUMS	
protocols/c1-preregistration/corpus/proofs/c1_ctx_k04/plonk-j6.json	GIT	a107e709aef521e5132c5e8bf654c4c82b3480bc34c67c726bb2ebee17e7b2b2	2464	PRESENT	protocols/c1-preregistration/SHA256SUMS	
protocols/c1-preregistration/corpus/proofs/c1_ctx_k04/plonk-j7.json	GIT	116a4cc8c09180ae40d8a9171065abb4714d380747752d6c50ef56e3ad44885b	2466	PRESENT	protocols/c1-preregistration/SHA256SUMS	
protocols/c1-preregistration/corpus/proofs/c1_ctx_k06/groth16-j0.json	GIT	080075848d6b58ba0a2ef4aeca0bd9f6b8997524e7980ea6adb7354cce56ca2a	1248	PRESENT	protocols/c1-preregistration/SHA256SUMS	
protocols/c1-preregistration/corpus/proofs/c1_ctx_k06/groth16-j1.json	GIT	dca72e1c97cb024a27f2ae272065ce63d089d18b1fdca000f7dfa15a3bb5323d	1249	PRESENT	protocols/c1-preregistration/SHA256SUMS	
protocols/c1-preregistration/corpus/proofs/c1_ctx_k06/groth16-j2.json	GIT	bf122e7c5cc4b4f8d10ef142db1802eef9064cc555c9afec6b76228f85396979	1246	PRESENT	protocols/c1-preregistration/SHA256SUMS	
protocols/c1-preregistration/corpus/proofs/c1_ctx_k06/groth16-j3.json	GIT	696c10bb748b97a30032e717778d4767efc23067fcec3384da73cbf1b1685430	1248	PRESENT	protocols/c1-preregistration/SHA256SUMS	
protocols/c1-preregistration/corpus/proofs/c1_ctx_k06/groth16-j4.json	GIT	70c9421629c2b0c185e4b3153487f6affcd18497f0fb4c524158e2dc52d68c85	1250	PRESENT	protocols/c1-preregistration/SHA256SUMS	
protocols/c1-preregistration/corpus/proofs/c1_ctx_k06/groth16-j5.json	GIT	a301597d46aabf1e14b13642e598c80ae090b9b838f91d9a726fbd545f4179cd	1250	PRESENT	protocols/c1-preregistration/SHA256SUMS	
protocols/c1-preregistration/corpus/proofs/c1_ctx_k06/groth16-j6.json	GIT	66049c86c9135e20f4d0b16ef7b27f5cc5a8c40964e8b7266591c0ab341ec4ad	1252	PRESENT	protocols/c1-preregistration/SHA256SUMS	
protocols/c1-preregistration/corpus/proofs/c1_ctx_k06/groth16-j7.json	GIT	620fd99daa64b4d93346d56bfe01032b751e66f9c7acc28be0b5a2aa2d340923	1249	PRESENT	protocols/c1-preregistration/SHA256SUMS	
protocols/c1-preregistration/corpus/proofs/c1_ctx_k06/plonk-j0.json	GIT	d2526da1c98f956db60dec29fb2dd508198dcfdc34a71dbe5ec8292131ab1bdd	2620	PRESENT	protocols/c1-preregistration/SHA256SUMS	
protocols/c1-preregistration/corpus/proofs/c1_ctx_k06/plonk-j1.json	GIT	b62e645f83d8a8971be365f4328d92c2c072865ba3f8432f38b44982a12fd38e	2621	PRESENT	protocols/c1-preregistration/SHA256SUMS	
protocols/c1-preregistration/corpus/proofs/c1_ctx_k06/plonk-j2.json	GIT	b7ac85733b3934626a9351d48f012089a58d0a779e12498aa83167e83d3b24e9	2618	PRESENT	protocols/c1-preregistration/SHA256SUMS	
protocols/c1-preregistration/corpus/proofs/c1_ctx_k06/plonk-j3.json	GIT	2b38ca4780bac882aeddfcc7f3f521e6aa1fb962995a2f59b2e8c296cc0d6146	2627	PRESENT	protocols/c1-preregistration/SHA256SUMS	
protocols/c1-preregistration/corpus/proofs/c1_ctx_k06/plonk-j4.json	GIT	c09fa145420019fc099599cdbcb82c83b7f0a6927beae490beefeb062b9e965c	2626	PRESENT	protocols/c1-preregistration/SHA256SUMS	
protocols/c1-preregistration/corpus/proofs/c1_ctx_k06/plonk-j5.json	GIT	8bed8cb737b73c6a61f4eed2beae4a4b54aebba018180c1305aaa340417a12ca	2621	PRESENT	protocols/c1-preregistration/SHA256SUMS	
protocols/c1-preregistration/corpus/proofs/c1_ctx_k06/plonk-j6.json	GIT	57d2fe49099c07c8a73e728503178b1da834f952aa05859a12de9dc4a0606a71	2622	PRESENT	protocols/c1-preregistration/SHA256SUMS	
protocols/c1-preregistration/corpus/proofs/c1_ctx_k06/plonk-j7.json	GIT	ce99d750a3e656cbed47f3d8ef88e7b92394f755d61c3a277350fc95c86bbb87	2618	PRESENT	protocols/c1-preregistration/SHA256SUMS	
protocols/c1-preregistration/corpus/proofs/c1_ctx_k08/groth16-j0.json	GIT	e69f80118180bea9f84611a61eedf112e86a16bc3c14f9ccaad9cf2f1aa0bb97	1405	PRESENT	protocols/c1-preregistration/SHA256SUMS	
protocols/c1-preregistration/corpus/proofs/c1_ctx_k08/groth16-j1.json	GIT	bbe409cf98221505830380896fca9e6d3fe256896b51494186b8106f963f872f	1403	PRESENT	protocols/c1-preregistration/SHA256SUMS	
protocols/c1-preregistration/corpus/proofs/c1_ctx_k08/groth16-j2.json	GIT	890fa73cd87d06573f3c07be973276c4cf94cc46eead7006f2e9c5698aebc6b6	1407	PRESENT	protocols/c1-preregistration/SHA256SUMS	
protocols/c1-preregistration/corpus/proofs/c1_ctx_k08/groth16-j3.json	GIT	f1e3fc33ca245449550ae948fcd82cc570480fec947be3f610e68dc9bc03817b	1407	PRESENT	protocols/c1-preregistration/SHA256SUMS	
protocols/c1-preregistration/corpus/proofs/c1_ctx_k08/groth16-j4.json	GIT	4530bfa47b8d27f3f1cc93789d453072c0e5506e97a70e2fc1a7f3baf97c2aba	1405	PRESENT	protocols/c1-preregistration/SHA256SUMS	
protocols/c1-preregistration/corpus/proofs/c1_ctx_k08/groth16-j5.json	GIT	770b21de18daac542dcf8e59af9d170058ecbc216b2ed01c4bab78967c5b9b90	1404	PRESENT	protocols/c1-preregistration/SHA256SUMS	
protocols/c1-preregistration/corpus/proofs/c1_ctx_k08/groth16-j6.json	GIT	14ba9aa992cc38a5c8bcbb02d80c794f95dc2068b4170d87d21f92ced97b43d4	1401	PRESENT	protocols/c1-preregistration/SHA256SUMS	
protocols/c1-preregistration/corpus/proofs/c1_ctx_k08/groth16-j7.json	GIT	8da1c72ea5a9ba8219fc6d0cd2a026073f9572e079b8225e2be97d8a257ebd35	1403	PRESENT	protocols/c1-preregistration/SHA256SUMS	
protocols/c1-preregistration/corpus/proofs/c1_ctx_k08/plonk-j0.json	GIT	9a24e03267a8597a7433bfcdf41f352719c7465bc1f2a08ab2aeac0c078b228c	2777	PRESENT	protocols/c1-preregistration/SHA256SUMS	
protocols/c1-preregistration/corpus/proofs/c1_ctx_k08/plonk-j1.json	GIT	772424818a086f0430966786ce31271155c6cfc35eb318d5e449de7eccaa2b62	2772	PRESENT	protocols/c1-preregistration/SHA256SUMS	
protocols/c1-preregistration/corpus/proofs/c1_ctx_k08/plonk-j2.json	GIT	43a8037c3c10ef40562cd5fdcb26f6f3672d755459ad899a70752fcdb5ad2bfa	2782	PRESENT	protocols/c1-preregistration/SHA256SUMS	
protocols/c1-preregistration/corpus/proofs/c1_ctx_k08/plonk-j3.json	GIT	c1bd153a0fc8919fbc6e6d557c7a9ba300479af89af61c838b840772ecee2539	2778	PRESENT	protocols/c1-preregistration/SHA256SUMS	
protocols/c1-preregistration/corpus/proofs/c1_ctx_k08/plonk-j4.json	GIT	5fb9f1ad057312b40307370b9ef523d21a53420aed2427b00aed66e037f158e7	2778	PRESENT	protocols/c1-preregistration/SHA256SUMS	
protocols/c1-preregistration/corpus/proofs/c1_ctx_k08/plonk-j5.json	GIT	15cfa69da9850535add62db48e6b1d2b375041977e73044503ae693fe5300d72	2777	PRESENT	protocols/c1-preregistration/SHA256SUMS	
protocols/c1-preregistration/corpus/proofs/c1_ctx_k08/plonk-j6.json	GIT	e1acf53f26526c0060116a253932c963b211a3e44f81f2c6a06deb0d94579942	2776	PRESENT	protocols/c1-preregistration/SHA256SUMS	
protocols/c1-preregistration/corpus/proofs/c1_ctx_k08/plonk-j7.json	GIT	4d1f8ea8d74f15595c5e5779420010b2a854889c75de55a56b93dda3bd708114	2782	PRESENT	protocols/c1-preregistration/SHA256SUMS	
protocols/c1-preregistration/corpus/proofs/c1_ctx_k12/groth16-j0.json	GIT	a216dd6b3bf189f390b99d32448a45188314c3127693314acb6a9ad4c8d90799	1714	PRESENT	protocols/c1-preregistration/SHA256SUMS	
protocols/c1-preregistration/corpus/proofs/c1_ctx_k12/groth16-j1.json	GIT	c013cc4bbb283573af4d24d4e7272015556d8d419428d2cb1ce276293a522ade	1715	PRESENT	protocols/c1-preregistration/SHA256SUMS	
protocols/c1-preregistration/corpus/proofs/c1_ctx_k12/groth16-j2.json	GIT	093679189b368cf7ea02193c7531e752b4c56621a53a16adfb11b198ddc0e908	1714	PRESENT	protocols/c1-preregistration/SHA256SUMS	
protocols/c1-preregistration/corpus/proofs/c1_ctx_k12/groth16-j3.json	GIT	c005b145957792046faa16797f411fe74dadb68887452dbf01893ac05b6f7fe4	1711	PRESENT	protocols/c1-preregistration/SHA256SUMS	
protocols/c1-preregistration/corpus/proofs/c1_ctx_k12/groth16-j4.json	GIT	0b515d9d48d9ff92b3040622cbfe64b4d0a76e69971639cb23a348686566ec1c	1718	PRESENT	protocols/c1-preregistration/SHA256SUMS	
protocols/c1-preregistration/corpus/proofs/c1_ctx_k12/groth16-j5.json	GIT	f459dcb7951ba1c114e4e8057cee09884d071e3833e2d1494f093f8543f2d670	1714	PRESENT	protocols/c1-preregistration/SHA256SUMS	
protocols/c1-preregistration/corpus/proofs/c1_ctx_k12/groth16-j6.json	GIT	9a26c7535a14184708e4c06719f48488e4a72a8fa53629dc8e60b3ebc84aa318	1716	PRESENT	protocols/c1-preregistration/SHA256SUMS	
protocols/c1-preregistration/corpus/proofs/c1_ctx_k12/groth16-j7.json	GIT	5505645cbca84d91483c94a9da4197eb6eef676389f74cbe5311b46b743d6607	1719	PRESENT	protocols/c1-preregistration/SHA256SUMS	
protocols/c1-preregistration/corpus/proofs/c1_ctx_k12/plonk-j0.json	GIT	70d882c90587780ab576a6817e8181a2107b5f7516a33488be6a0299de257ca5	3084	PRESENT	protocols/c1-preregistration/SHA256SUMS	
protocols/c1-preregistration/corpus/proofs/c1_ctx_k12/plonk-j1.json	GIT	3f285cb8cbad38481a59cc9453b1b0165882180decb3bff8382f2171997b2aa4	3085	PRESENT	protocols/c1-preregistration/SHA256SUMS	
protocols/c1-preregistration/corpus/proofs/c1_ctx_k12/plonk-j2.json	GIT	78f0f1df88a4c0f3b1981ce73388e6eb67bd1aac3d6681dcb2aa041455dfbcdb	3090	PRESENT	protocols/c1-preregistration/SHA256SUMS	
protocols/c1-preregistration/corpus/proofs/c1_ctx_k12/plonk-j3.json	GIT	8c04130bcf51a24a0a97820bd385acf5ef07f01cce823117b7eefdbac77c616f	3091	PRESENT	protocols/c1-preregistration/SHA256SUMS	
protocols/c1-preregistration/corpus/proofs/c1_ctx_k12/plonk-j4.json	GIT	0deb267c0261819d32335acd0496f47928116888dd550001d16268a2752d25c6	3088	PRESENT	protocols/c1-preregistration/SHA256SUMS	
protocols/c1-preregistration/corpus/proofs/c1_ctx_k12/plonk-j5.json	GIT	33a4a21f8e364fd1e35e7d79dd77396e4bb77474225ee7d4b05da748a9fb722c	3086	PRESENT	protocols/c1-preregistration/SHA256SUMS	
protocols/c1-preregistration/corpus/proofs/c1_ctx_k12/plonk-j6.json	GIT	20838dd1efe07bbee1b06c0975c8d810c0923719ab2caeed4765de21da1baa85	3089	PRESENT	protocols/c1-preregistration/SHA256SUMS	
protocols/c1-preregistration/corpus/proofs/c1_ctx_k12/plonk-j7.json	GIT	4ad66b04690fa474f3101339139f4e7021d64116006fbcac5c86336f80cb14ff	3094	PRESENT	protocols/c1-preregistration/SHA256SUMS	
protocols/c1-preregistration/corpus/proofs/c1_ctx_k16/groth16-j0.json	GIT	9ea6d47f43b4d887f2b83386098d729ba773051a41ca3e2fb6c5469340d67d15	2030	PRESENT	protocols/c1-preregistration/SHA256SUMS	
protocols/c1-preregistration/corpus/proofs/c1_ctx_k16/groth16-j1.json	GIT	87741b37b3b8bb6a3b24ae49e5315b2d5327c52482b1eaec4cf03b25c3aeed1a	2024	PRESENT	protocols/c1-preregistration/SHA256SUMS	
protocols/c1-preregistration/corpus/proofs/c1_ctx_k16/groth16-j2.json	GIT	abc418d1c1573d7567f0cf3658acfc6599d38a9726b87e2afe97e8cb8524bd6e	2027	PRESENT	protocols/c1-preregistration/SHA256SUMS	
protocols/c1-preregistration/corpus/proofs/c1_ctx_k16/groth16-j3.json	GIT	c5718a54ce4eaf9be7e41f4a935fb91a6b00a491fdcbfef5649f6e98e462a06b	2027	PRESENT	protocols/c1-preregistration/SHA256SUMS	
protocols/c1-preregistration/corpus/proofs/c1_ctx_k16/groth16-j4.json	GIT	40cb0c9fa5d4d0c872964af1edb31279227f1c68b0724d8780b94e9c768d1bd7	2024	PRESENT	protocols/c1-preregistration/SHA256SUMS	
protocols/c1-preregistration/corpus/proofs/c1_ctx_k16/groth16-j5.json	GIT	c63e2c987a1f17d87a6dc8db3a831264dadaf23796ef69525f3ce5825cc8b6a9	2028	PRESENT	protocols/c1-preregistration/SHA256SUMS	
protocols/c1-preregistration/corpus/proofs/c1_ctx_k16/groth16-j6.json	GIT	4d538d74df84c236a1768cafa56b825e53938992c295af7b4bde887ddaa8e8d9	2030	PRESENT	protocols/c1-preregistration/SHA256SUMS	
protocols/c1-preregistration/corpus/proofs/c1_ctx_k16/groth16-j7.json	GIT	442de021292babac777cc19f074449e5c3fd088e024969926b8adcfb7536433d	2030	PRESENT	protocols/c1-preregistration/SHA256SUMS	
protocols/c1-preregistration/corpus/proofs/c1_ctx_k16/plonk-j0.json	GIT	26b257ee33e9b8dd1b092ed31615be335bba3957694435995d33786c3cb92ac2	3402	PRESENT	protocols/c1-preregistration/SHA256SUMS	
protocols/c1-preregistration/corpus/proofs/c1_ctx_k16/plonk-j1.json	GIT	4ba593bb20c89468851b69a826b78d86bb74e7a28e86333a0723e25c9bf0d3d9	3405	PRESENT	protocols/c1-preregistration/SHA256SUMS	
protocols/c1-preregistration/corpus/proofs/c1_ctx_k16/plonk-j2.json	GIT	0fddc6b711a9d3cfaf4f48595d7509aebd8c9d4424e4f9ab97b6fc8b407c2172	3399	PRESENT	protocols/c1-preregistration/SHA256SUMS	
protocols/c1-preregistration/corpus/proofs/c1_ctx_k16/plonk-j3.json	GIT	837f0e71c4c332386325b3381eb522eb5a51b49775db6f466eac37f9d7b7b7b6	3397	PRESENT	protocols/c1-preregistration/SHA256SUMS	
protocols/c1-preregistration/corpus/proofs/c1_ctx_k16/plonk-j4.json	GIT	161736c9bc3513f3b43cb328946bc5f767d3673d5c8d482ced3bf47812ffe59b	3403	PRESENT	protocols/c1-preregistration/SHA256SUMS	
protocols/c1-preregistration/corpus/proofs/c1_ctx_k16/plonk-j5.json	GIT	6a72f19df91d4b86d6305bca0571ac6ac165c2a7f44c8237627d121013c539d1	3396	PRESENT	protocols/c1-preregistration/SHA256SUMS	
protocols/c1-preregistration/corpus/proofs/c1_ctx_k16/plonk-j6.json	GIT	a02548cd9ed59988f89275c208d0ae5cc54034492f4ad8b4496bd0b042bfa4ee	3399	PRESENT	protocols/c1-preregistration/SHA256SUMS	
protocols/c1-preregistration/corpus/proofs/c1_ctx_k16/plonk-j7.json	GIT	51c00a125e425a6169ff75f1a48ed32d9005ae9640a7f2b29a0b981773028bd1	3404	PRESENT	protocols/c1-preregistration/SHA256SUMS	
protocols/c1-preregistration/corpus/proofs/c1_ctx_k24/groth16-j0.json	GIT	c116a19f3f4e7c74290c564dc6ddc6ccf8caf058a4968bf284c8ea492caa66b1	2648	PRESENT	protocols/c1-preregistration/SHA256SUMS	
protocols/c1-preregistration/corpus/proofs/c1_ctx_k24/groth16-j1.json	GIT	1017b8bde035fc1c5b57242c600cc3ac7f4a9ab1ae1fafc7e5bbde5c85f1dea0	2646	PRESENT	protocols/c1-preregistration/SHA256SUMS	
protocols/c1-preregistration/corpus/proofs/c1_ctx_k24/groth16-j2.json	GIT	58a380136071a13c06075278cc82796d4a769c0b44c7fc7df7cd7ef094785122	2650	PRESENT	protocols/c1-preregistration/SHA256SUMS	
protocols/c1-preregistration/corpus/proofs/c1_ctx_k24/groth16-j3.json	GIT	a6bb1784d9b1b78c0def846f649550db86614d69761acfb7ec616ed43868365d	2650	PRESENT	protocols/c1-preregistration/SHA256SUMS	
protocols/c1-preregistration/corpus/proofs/c1_ctx_k24/groth16-j4.json	GIT	dd134ece8eebcfb2a743ce752d118792f094b418de22045f0a7a1311ad725b66	2644	PRESENT	protocols/c1-preregistration/SHA256SUMS	
protocols/c1-preregistration/corpus/proofs/c1_ctx_k24/groth16-j5.json	GIT	863b8a40a8d9bf4d91a6c5dbff56608a48b326d3bd892f737ceaf30c63549454	2646	PRESENT	protocols/c1-preregistration/SHA256SUMS	
protocols/c1-preregistration/corpus/proofs/c1_ctx_k24/groth16-j6.json	GIT	66aa9ce567127eb1c7a713595287f2f8dc574d2e60d8c72791bf5c9c04598d09	2644	PRESENT	protocols/c1-preregistration/SHA256SUMS	
protocols/c1-preregistration/corpus/proofs/c1_ctx_k24/groth16-j7.json	GIT	6fbd071c23a6e2fa207fc22b972c97a31bbd3342d3ab29998020baf3be35be7e	2651	PRESENT	protocols/c1-preregistration/SHA256SUMS	
protocols/c1-preregistration/corpus/proofs/c1_ctx_k24/plonk-j0.json	GIT	049e07005c1115373995b42455d75b7f7ab4ea8e05608cbc3946b42e47ff411b	4025	PRESENT	protocols/c1-preregistration/SHA256SUMS	
protocols/c1-preregistration/corpus/proofs/c1_ctx_k24/plonk-j1.json	GIT	f8b4543aac923d0a0edf22dfa2dc3132ec5aa806245143bae5408abae16bd0e1	4020	PRESENT	protocols/c1-preregistration/SHA256SUMS	
protocols/c1-preregistration/corpus/proofs/c1_ctx_k24/plonk-j2.json	GIT	b34c48a57d1216e716f82c383ecf0d4a41e539ba8e366fff667ab1901a668202	4026	PRESENT	protocols/c1-preregistration/SHA256SUMS	
protocols/c1-preregistration/corpus/proofs/c1_ctx_k24/plonk-j3.json	GIT	c76001e5bba1d0584a1be3c59dbccc505e075171ae686c477d75f6408cfd4d4d	4015	PRESENT	protocols/c1-preregistration/SHA256SUMS	
protocols/c1-preregistration/corpus/proofs/c1_ctx_k24/plonk-j4.json	GIT	105bcec1c63ff04dcb69726ca2edc549ccc346426cc363913de70ce9e650e4c5	4015	PRESENT	protocols/c1-preregistration/SHA256SUMS	
protocols/c1-preregistration/corpus/proofs/c1_ctx_k24/plonk-j5.json	GIT	b8cc882fc5b7930e2eee27c0ef4e8c0ad0b655763588d2564809fec8e33d3142	4021	PRESENT	protocols/c1-preregistration/SHA256SUMS	
protocols/c1-preregistration/corpus/proofs/c1_ctx_k24/plonk-j6.json	GIT	f610504aee8ef7df541a67e42dff0d9caf7fc10f877bfa2eb9ea5cb8119bf5d1	4019	PRESENT	protocols/c1-preregistration/SHA256SUMS	
protocols/c1-preregistration/corpus/proofs/c1_ctx_k24/plonk-j7.json	GIT	1861fdbdc44269d6d4a0e422d8402257e546d7f5da296f4608b716f43b8212e5	4017	PRESENT	protocols/c1-preregistration/SHA256SUMS	
protocols/c1-preregistration/corpus/proofs/c1_ctx_k32/groth16-j0.json	GIT	be4b055623a752ab1ea524a757e012020d68c2996202ee8abe9b1ba18f3df4d6	3271	PRESENT	protocols/c1-preregistration/SHA256SUMS	
protocols/c1-preregistration/corpus/proofs/c1_ctx_k32/groth16-j1.json	GIT	955495d3c9995469d60b5b2eaed33190bd69bd33860d99a0fcfa5bbac1645cb6	3267	PRESENT	protocols/c1-preregistration/SHA256SUMS	
protocols/c1-preregistration/corpus/proofs/c1_ctx_k32/groth16-j2.json	GIT	caf89b6599a20023f5eab56a50139638e471ca2da4f5b8ebc4e2702890902b3f	3271	PRESENT	protocols/c1-preregistration/SHA256SUMS	
protocols/c1-preregistration/corpus/proofs/c1_ctx_k32/groth16-j3.json	GIT	a094a4da145cdccd8eeb102a5e96e0e27715c33d81477cca3abd8582c0315f58	3267	PRESENT	protocols/c1-preregistration/SHA256SUMS	
protocols/c1-preregistration/corpus/proofs/c1_ctx_k32/groth16-j4.json	GIT	c0bafeb22093059c9f7ef6b77006b1d3af42f6422a162301552b57ecf4f2ed13	3269	PRESENT	protocols/c1-preregistration/SHA256SUMS	
protocols/c1-preregistration/corpus/proofs/c1_ctx_k32/groth16-j5.json	GIT	73e8b8a973d2831c7c047da0406bee6856bfeb2bb7fd97c3ac010c19e96d16d1	3274	PRESENT	protocols/c1-preregistration/SHA256SUMS	
protocols/c1-preregistration/corpus/proofs/c1_ctx_k32/groth16-j6.json	GIT	ed852ef4e78863e515f9617b56db49b5e73a82e869c1aabecb6970b0397053d0	3270	PRESENT	protocols/c1-preregistration/SHA256SUMS	
protocols/c1-preregistration/corpus/proofs/c1_ctx_k32/groth16-j7.json	GIT	028a3a40031804e080b1d70decb2c66c29af7aa2b9463433c300ccfdde688637	3274	PRESENT	protocols/c1-preregistration/SHA256SUMS	
protocols/c1-preregistration/corpus/proofs/c1_ctx_k32/plonk-j0.json	GIT	01212ad5aecf2f27d6ef78c1b5a6648e3bfb920120770e81dcd3a651aba4d8cd	4649	PRESENT	protocols/c1-preregistration/SHA256SUMS	
protocols/c1-preregistration/corpus/proofs/c1_ctx_k32/plonk-j1.json	GIT	045394e8c228064ef9ff6e57290b392ebc7c7a9658a0510e960ef958b44a0855	4641	PRESENT	protocols/c1-preregistration/SHA256SUMS	
protocols/c1-preregistration/corpus/proofs/c1_ctx_k32/plonk-j2.json	GIT	a4b4d6704fcf62fba95d1ac1f3353923d2c2b009b80b88999686d3f7b026f548	4644	PRESENT	protocols/c1-preregistration/SHA256SUMS	
protocols/c1-preregistration/corpus/proofs/c1_ctx_k32/plonk-j3.json	GIT	329b0498e4bdaa068415b9973d0bdd690fec3f832a423e762a89178d5efe904f	4640	PRESENT	protocols/c1-preregistration/SHA256SUMS	
protocols/c1-preregistration/corpus/proofs/c1_ctx_k32/plonk-j4.json	GIT	aa2a1d173d0a234c21b84056863051206e73fbcb51e7923c5b99dc1af851149c	4644	PRESENT	protocols/c1-preregistration/SHA256SUMS	
protocols/c1-preregistration/corpus/proofs/c1_ctx_k32/plonk-j5.json	GIT	9f04a0934c7635b2d062af0c43508fbbfa336b39fb9fb7a6bde1e974327911b6	4647	PRESENT	protocols/c1-preregistration/SHA256SUMS	
protocols/c1-preregistration/corpus/proofs/c1_ctx_k32/plonk-j6.json	GIT	ef0517ac65264efba2b640f2390dd2834ae528e335daa970db4e44c04c1476bf	4645	PRESENT	protocols/c1-preregistration/SHA256SUMS	
protocols/c1-preregistration/corpus/proofs/c1_ctx_k32/plonk-j7.json	GIT	5a06ce4030b9de2695738806ba5a09e3dd08ee19664f274e2ca497f8b9f239d2	4646	PRESENT	protocols/c1-preregistration/SHA256SUMS	
protocols/c1-preregistration/corpus/proofs/c1_ctx_k64/groth16-j0.json	GIT	242abce9ae4b794cf694859068648027c67a3c3caacd24bfd29b96dd6eefa7e2	5759	PRESENT	protocols/c1-preregistration/SHA256SUMS	
protocols/c1-preregistration/corpus/proofs/c1_ctx_k64/groth16-j1.json	GIT	6d360e76f814b5b94ca9d4d6e95b4dbb19edc2b860f9c855466cf8e1aa4337f1	5758	PRESENT	protocols/c1-preregistration/SHA256SUMS	
protocols/c1-preregistration/corpus/proofs/c1_ctx_k64/groth16-j2.json	GIT	55f568c65aa5281da456d05a8b27de0f2c4cbfab2b0d8086ddf319e27cb277a5	5764	PRESENT	protocols/c1-preregistration/SHA256SUMS	
protocols/c1-preregistration/corpus/proofs/c1_ctx_k64/groth16-j3.json	GIT	3e81144443559805da10cbcb1f1d0805f82c79689355173553e3b79839acc5da	5749	PRESENT	protocols/c1-preregistration/SHA256SUMS	
protocols/c1-preregistration/corpus/proofs/c1_ctx_k64/groth16-j4.json	GIT	04625fbb0ca624d5aaed3c6b3e4ddf5b72ae91f6a63bb7edadc0720e4e27f434	5749	PRESENT	protocols/c1-preregistration/SHA256SUMS	
protocols/c1-preregistration/corpus/proofs/c1_ctx_k64/groth16-j5.json	GIT	059ed58fd3023ac62fd94546180a9321f8ddfbb72440f6cebf48282725c0c565	5756	PRESENT	protocols/c1-preregistration/SHA256SUMS	
protocols/c1-preregistration/corpus/proofs/c1_ctx_k64/groth16-j6.json	GIT	6951b20fb6f9d1bc31cb75d1253a1c04ab3989ff3db81862587269d18ca6d7f4	5758	PRESENT	protocols/c1-preregistration/SHA256SUMS	
protocols/c1-preregistration/corpus/proofs/c1_ctx_k64/groth16-j7.json	GIT	0c6aa3cef121cab76c09a2003a82009c332555557fe81c567a5e69148d1db9b7	5760	PRESENT	protocols/c1-preregistration/SHA256SUMS	
protocols/c1-preregistration/corpus/proofs/c1_ctx_k64/plonk-j0.json	GIT	bd6777be58d2e6416365c24242e94d963b2b0baa7abdf9ab4155fa4f0332fec4	7126	PRESENT	protocols/c1-preregistration/SHA256SUMS	
protocols/c1-preregistration/corpus/proofs/c1_ctx_k64/plonk-j1.json	GIT	16e7b8426e8a11929461ee416f3f9e3562146fda079b4adf9dab6ab620748e79	7137	PRESENT	protocols/c1-preregistration/SHA256SUMS	
protocols/c1-preregistration/corpus/proofs/c1_ctx_k64/plonk-j2.json	GIT	5377b472e9c8abd9faedd2d01986a2cb2a47db3767c802da573ad76c0195513e	7133	PRESENT	protocols/c1-preregistration/SHA256SUMS	
protocols/c1-preregistration/corpus/proofs/c1_ctx_k64/plonk-j3.json	GIT	3fcde1341ac63c6d7f897fead1288251cb0875284c32f6371c7ed2e5fe0000e9	7118	PRESENT	protocols/c1-preregistration/SHA256SUMS	
protocols/c1-preregistration/corpus/proofs/c1_ctx_k64/plonk-j4.json	GIT	4d11989ca8c68476b4e5192ddc4c19aefb07fa60165cdebd3d95117bdb1fc72f	7120	PRESENT	protocols/c1-preregistration/SHA256SUMS	
protocols/c1-preregistration/corpus/proofs/c1_ctx_k64/plonk-j5.json	GIT	32fa60b320d457c95c49ef64e022ba0b4d6ca917296d39573398ca893459fa62	7133	PRESENT	protocols/c1-preregistration/SHA256SUMS	
protocols/c1-preregistration/corpus/proofs/c1_ctx_k64/plonk-j6.json	GIT	3b08196b2c48c4d3bddbe09b4c7428b0444c491ac0a3e0fa35de8dccf77c4561	7134	PRESENT	protocols/c1-preregistration/SHA256SUMS	
protocols/c1-preregistration/corpus/proofs/c1_ctx_k64/plonk-j7.json	GIT	7859a1ddd26567c3f7947cf58217f586bdb092836d661dccedf1cb4198ef8bcf	7134	PRESENT	protocols/c1-preregistration/SHA256SUMS	
protocols/c1-preregistration/corpus/proofs/c1_disc_k04/groth16-j0.json	GIT	64cb7fbcf701b0859d5b51f55157b82b48383ce7cfcefa782bfcefc596d2309e	963	PRESENT	protocols/c1-preregistration/SHA256SUMS	
protocols/c1-preregistration/corpus/proofs/c1_disc_k04/groth16-j1.json	GIT	ae4d9f78e47144c1b9726be2ab6f6e8d0116ca2cb4fa296ccd0e363e1d1a8d83	962	PRESENT	protocols/c1-preregistration/SHA256SUMS	
protocols/c1-preregistration/corpus/proofs/c1_disc_k04/groth16-j2.json	GIT	d496b83bce9ca918fe88fdbd3bd863c842f10381166df45e0e9c7b5ba797c22a	957	PRESENT	protocols/c1-preregistration/SHA256SUMS	
protocols/c1-preregistration/corpus/proofs/c1_disc_k04/groth16-j3.json	GIT	7b193a19cc8bae891fc461ea07b5e15855c5ffa5ef8e6c57ff933fe3673c91c4	961	PRESENT	protocols/c1-preregistration/SHA256SUMS	
protocols/c1-preregistration/corpus/proofs/c1_disc_k04/groth16-j4.json	GIT	eae1a68e0a3c3fd9ed5452d3e4561f2deef174cac50a6a834384922e7cad6a77	963	PRESENT	protocols/c1-preregistration/SHA256SUMS	
protocols/c1-preregistration/corpus/proofs/c1_disc_k04/groth16-j5.json	GIT	abcb23064557ab57e95e14356ebb3585998e329b43347011f4667b825d7840a4	960	PRESENT	protocols/c1-preregistration/SHA256SUMS	
protocols/c1-preregistration/corpus/proofs/c1_disc_k04/groth16-j6.json	GIT	f1be2f41c007cf50ee697b0cea63caf36f342bddcf26fa136ff78a1b34cbf425	960	PRESENT	protocols/c1-preregistration/SHA256SUMS	
protocols/c1-preregistration/corpus/proofs/c1_disc_k04/groth16-j7.json	GIT	24a53fac71334b887f138d04df1c63ab91ca1a1427af337b74a942f53dc10a8e	962	PRESENT	protocols/c1-preregistration/SHA256SUMS	
protocols/c1-preregistration/corpus/proofs/c1_disc_k04/plonk-j0.json	GIT	682461b94ba6bf82cfbe7e6fbaef46ec57d95d83c82cdd695b1f786a24a52347	2336	PRESENT	protocols/c1-preregistration/SHA256SUMS	
protocols/c1-preregistration/corpus/proofs/c1_disc_k04/plonk-j1.json	GIT	ac4a8dcb8a9c659a47908a7d257c71a3fa54a8c4dda1495a9e42d07aabeb497e	2333	PRESENT	protocols/c1-preregistration/SHA256SUMS	
protocols/c1-preregistration/corpus/proofs/c1_disc_k04/plonk-j2.json	GIT	2a5b2c0555fe34fd72f0fd2f24ded9284fb3b2823c106bf48c671a980c7eb73f	2332	PRESENT	protocols/c1-preregistration/SHA256SUMS	
protocols/c1-preregistration/corpus/proofs/c1_disc_k04/plonk-j3.json	GIT	c306ec606fa93e29192b999564247841229cf5cb8a02cba5eb7c19b4c9ba3bf2	2336	PRESENT	protocols/c1-preregistration/SHA256SUMS	
protocols/c1-preregistration/corpus/proofs/c1_disc_k04/plonk-j4.json	GIT	6c7bf8a4287d86484c4215623d846185d36b99a1c5a6c1f045a8ed68b47409eb	2336	PRESENT	protocols/c1-preregistration/SHA256SUMS	
protocols/c1-preregistration/corpus/proofs/c1_disc_k04/plonk-j5.json	GIT	53582612a34ebec32eea506b1ca9da79b3999c408c3a81b24849c71bcf78d6c0	2338	PRESENT	protocols/c1-preregistration/SHA256SUMS	
protocols/c1-preregistration/corpus/proofs/c1_disc_k04/plonk-j6.json	GIT	df531c806d41b824f811a8e5ae2a517288047428093e89c9a8c6c34b32ea60ae	2338	PRESENT	protocols/c1-preregistration/SHA256SUMS	
protocols/c1-preregistration/corpus/proofs/c1_disc_k04/plonk-j7.json	GIT	ab023c31a697527cc3942687352ddff5970274ffa41c3393eaa8263add7aea48	2328	PRESENT	protocols/c1-preregistration/SHA256SUMS	
protocols/c1-preregistration/corpus/proofs/c1_k01/groth16-j0.json	GIT	b31c044d10659f47880fa1e3cecb0c4325a90c2423a92b064d004075a0a03ed2	855	PRESENT	protocols/c1-preregistration/SHA256SUMS	
protocols/c1-preregistration/corpus/proofs/c1_k01/groth16-j1.json	GIT	2ba50033b5ec0bc9b60e987ea8f0ae078e3aa35e26907bef5643d9b8dfe929a7	858	PRESENT	protocols/c1-preregistration/SHA256SUMS	
protocols/c1-preregistration/corpus/proofs/c1_k01/groth16-j2.json	GIT	834601b517eab122b67ff7295ba70d169b9cf73904b9ce62b6dbce3a8a0329a4	856	PRESENT	protocols/c1-preregistration/SHA256SUMS	
protocols/c1-preregistration/corpus/proofs/c1_k01/groth16-j3.json	GIT	0adcabbeb08363f51b21c349d0b6c44df646058c3be8b6bbae882f9005706681	855	PRESENT	protocols/c1-preregistration/SHA256SUMS	
protocols/c1-preregistration/corpus/proofs/c1_k01/groth16-j4.json	GIT	3e82c7b8d0b8c1a0a6e9ca2a8d0e9017d09f833c34ed80ed9277bc2c7cba8a76	856	PRESENT	protocols/c1-preregistration/SHA256SUMS	
protocols/c1-preregistration/corpus/proofs/c1_k01/groth16-j5.json	GIT	f4d63175338f63f081c53ab3671fe3a9069ec7a6e368b60458c1b18519f79547	857	PRESENT	protocols/c1-preregistration/SHA256SUMS	
protocols/c1-preregistration/corpus/proofs/c1_k01/groth16-j6.json	GIT	d2508293953e0e3e4604b95a019be456eb2b5d84bd7af7c6f051e7623298fb01	856	PRESENT	protocols/c1-preregistration/SHA256SUMS	
protocols/c1-preregistration/corpus/proofs/c1_k01/groth16-j7.json	GIT	44edabf7a2548b3bd09eb14a3c2f234c22e8caec15345400a8ae2f7af78fe06e	858	PRESENT	protocols/c1-preregistration/SHA256SUMS	
protocols/c1-preregistration/corpus/proofs/c1_k01/plonk-j0.json	GIT	84e9654be7dcf8aae720cd7cacc1dfaf48fb0603cb8d8874586ca2f815b64fa2	2233	PRESENT	protocols/c1-preregistration/SHA256SUMS	
protocols/c1-preregistration/corpus/proofs/c1_k01/plonk-j1.json	GIT	bb7a4cbab66ed9348c06ec45ad9bb5988798d1a95d6ba3fb4639fb21199ec9cb	2235	PRESENT	protocols/c1-preregistration/SHA256SUMS	
protocols/c1-preregistration/corpus/proofs/c1_k01/plonk-j2.json	GIT	562433704c62530ee3b50601fc212c11e532a2ca9df0083a42e55f57bdfa24c7	2226	PRESENT	protocols/c1-preregistration/SHA256SUMS	
protocols/c1-preregistration/corpus/proofs/c1_k01/plonk-j3.json	GIT	a8a5a4fa1309d0ca100cb012422d7c6442579e0040229da7dc415ec21a0b573e	2233	PRESENT	protocols/c1-preregistration/SHA256SUMS	
protocols/c1-preregistration/corpus/proofs/c1_k01/plonk-j4.json	GIT	f6df3b6863fb1ac15760e89bd401eba2ad3ceea6b71186ac00c7ff3b8b05cf23	2229	PRESENT	protocols/c1-preregistration/SHA256SUMS	
protocols/c1-preregistration/corpus/proofs/c1_k01/plonk-j5.json	GIT	822b273e6643beef834f29ec85b6e93a2c3f89732e53b6d858723971a172b75e	2230	PRESENT	protocols/c1-preregistration/SHA256SUMS	
protocols/c1-preregistration/corpus/proofs/c1_k01/plonk-j6.json	GIT	913b367951b7a132fc41e0d20eecd83f573dee6f98f1832b4c3800d0c36f273a	2227	PRESENT	protocols/c1-preregistration/SHA256SUMS	
protocols/c1-preregistration/corpus/proofs/c1_k01/plonk-j7.json	GIT	a4f27b91211b0d3375b3da5d0436369d064e98c858703e697b1f9be99b9e1cf5	2232	PRESENT	protocols/c1-preregistration/SHA256SUMS	
protocols/c1-preregistration/corpus/prove-log.jsonl	GIT	6cd39cfd247b7d86b8b45bd8c10d1dc3d3b6c884802c5f79ed089735e8f255b9	12146	PRESENT	protocols/c1-preregistration/SHA256SUMS	
protocols/c1-preregistration/corpus/prove_all.sh	GIT	bd17718b0eb5a2c9e84e4e3cf6aac67c019a7ca15e327fdbe6f43fb5a72d01ef	390	PRESENT	protocols/c1-preregistration/SHA256SUMS	
protocols/c1-preregistration/corpus/prove_corpus.js	GIT	f077d49984aa518169cc483f63c755abf9c273681ecaa8bb8a67ed48ad1a4c8a	1818	PRESENT	protocols/c1-preregistration/SHA256SUMS	
protocols/c1-preregistration/model/c1_model.py	GIT	d025954ca15b9a9707967daaca6902192003df3bc27b9f61c4a6890ac515b7dd	2627	PRESENT	protocols/c1-preregistration/SHA256SUMS	
protocols/c1-preregistration/model/c1_predict.py	GIT	730ba8ef742cf1e637ce50869a2579d11d415e9030fa072e4a8e9f7e04c033c4	20406	PRESENT	protocols/c1-preregistration/SHA256SUMS	
protocols/c1-preregistration/model/check_trace_model.py	GIT	6eee1e33da2e9561aeb22f479c6c7ce2817725838b78d3169ce247d2affa5b17	1500	PRESENT	protocols/c1-preregistration/SHA256SUMS	
protocols/c1-preregistration/model/make_ledger.py	GIT	227468bdb444f558a1a0f3f9a5a359fe8da277411731a54224eaca6eb2cc0f3f	7031	PRESENT	protocols/c1-preregistration/SHA256SUMS	
protocols/c1-preregistration/model/make_matrix.py	GIT	5f18b3f77a74f9a5b07ce1e2fbbe600f4dffcac7296901533ec569912ef397a5	2820	PRESENT	protocols/c1-preregistration/SHA256SUMS	
protocols/c1-preregistration/model/render_tables.py	GIT	6a0aa9bab4ffccd995ed35efc6ec95e0f32643bc5ff914ba581752156d71d861	6939	PRESENT	protocols/c1-preregistration/SHA256SUMS	
protocols/c1-preregistration/model/zkos_native_trace_model.py	GIT	47fbc3c3cd349973cc70fd66192e29412c19645ed30daf8ae29d7c727c823c5d	2351	PRESENT	protocols/c1-preregistration/SHA256SUMS	
protocols/c1-preregistration/scoring/score_c1.py	GIT	d9805758578e9c9255c04c84e7ec2e518d3cd8ee1798fc3e89cdd6e30744d1a7	17395	PRESENT	protocols/c1-preregistration/SHA256SUMS	
protocols/c1-preregistration/test/p0_to_mock_evidence.py	GIT	9bc1e34f0d0971f80ae303cd66d9c599335f1ee5df9fadbb3e00ce802f408ead	2796	PRESENT	protocols/c1-preregistration/SHA256SUMS	
protocols/c1-preregistration/test/scorer-selftest-summary.json	GIT	e5dfb59b829a8f4fdfcd57f4a2b8ab97d3c3155bdbd9b04423474a37c001bb65	782	PRESENT	protocols/c1-preregistration/SHA256SUMS	
protocols/c1-preregistration/toolchain/PINS-C1.txt	GIT	e12eeb1b4c2f20b4fe28e8e08dcf38d6625c0ea3177161603b0cb3ebe842b699	3139	PRESENT	protocols/c1-preregistration/SHA256SUMS	
protocols/c1-preregistration/toolchain/zksync-os-v0.4.0-cost_constants.rs	GIT	ff741f539919501f733ee9cde15f5751c9ec0d417c77b7bebd719a8998982472	5262	PRESENT	protocols/c1-preregistration/SHA256SUMS	
protocols/c1-preregistration/toolchain/zksync-os-v0.4.0-native_resource_constants.rs	GIT	c3e722f436d70668e94ae8a021413bc09cc33007f6be1aee8b005d0e460f14b4	6731	PRESENT	protocols/c1-preregistration/SHA256SUMS	
protocols/c1-preregistration/toolchain/zksync-os-v0.4.0-zk_ee_constants.rs	GIT	20b59bad048b7b8e85fd5a0e32e285a0875142452ca40d0f9222ae73c34b6ad7	1744	PRESENT	protocols/c1-preregistration/SHA256SUMS	
protocols/c1-preregistration/version-selection/zkos-v32.0-smoke-runs.json	GIT	2ccb19cfb86a420eb8958f70eca07a4633adf09ae546680b73a65d9cff6793fe	31652	PRESENT	protocols/c1-preregistration/SHA256SUMS	
protocols/c2-forward-test/stage1/01-purpose-chronology-and-claim-boundary.md	GIT	766e18251a1a122fd481a7c54423531b5615675579e7c09ea98a188fe5f3426f	5227	PRESENT	protocols/c2-forward-test/stage1/SHA256SUMS	
protocols/c2-forward-test/stage1/02-model-ledger.csv	GIT	a53c362ac381ea93b0f852249e924cfb96bd8c75b3a57ef45b685ea7cfc7ff4e	2098	PRESENT	protocols/c2-forward-test/stage1/SHA256SUMS	
protocols/c2-forward-test/stage1/02-model-ledger.md	GIT	b0dc60d8f65e75315411c740a603641cdbb85193877fe8e0e3814bff6b826007	4491	PRESENT	protocols/c2-forward-test/stage1/SHA256SUMS	
protocols/c2-forward-test/stage1/03-calibration.md	GIT	904ec0fd8593f12920693379f0311a922bb84d402edf61d2597cb70ee510f5f0	2065	PRESENT	protocols/c2-forward-test/stage1/SHA256SUMS	
protocols/c2-forward-test/stage1/04-prediction-procedure.md	GIT	5478a68a316fbd8065dbe45570effc7a064ddd6712212914aa8a95639177c444	3832	PRESENT	protocols/c2-forward-test/stage1/SHA256SUMS	
protocols/c2-forward-test/stage1/05-target-cells.md	GIT	39eda1657a4e2f1621a489e04538095f3e5666dc74f7ea97b470ca72e9468d3f	946	PRESENT	protocols/c2-forward-test/stage1/SHA256SUMS	
protocols/c2-forward-test/stage1/06-criteria-and-falsifiers.md	GIT	c07c2eca0fe4844372fa21ddd4e6208a2cc116de91847e5b5946c6121cc2b3a1	3483	PRESENT	protocols/c2-forward-test/stage1/SHA256SUMS	
protocols/c2-forward-test/stage1/07-relation-to-C1-H8.md	GIT	294ab9092f9ddec72395d8f27c8b761b4a45197925d9a5c559d6fcd134f8094a	1373	PRESENT	protocols/c2-forward-test/stage1/SHA256SUMS	
protocols/c2-forward-test/stage1/08-deviations-and-amendments.md	GIT	d999e4eeea721ba0913e1d3e064a4348c609f941fcda4173d00c2731b55a15dd	1110	PRESENT	protocols/c2-forward-test/stage1/SHA256SUMS	
protocols/c2-forward-test/stage1/FROZEN-UTC.txt	GIT	842eece30b82c59d84d6b24b9212563418628412209c5fc13926fba1c6b5bb5f	21	PRESENT		
protocols/c2-forward-test/stage1/INPUT-HASHES.txt	GIT	ca9691b7382c54cce8279917a8f03f3e7e66ede5f1caf37419e8f9cc9d666a09	2500	PRESENT	protocols/c2-forward-test/stage1/SHA256SUMS	
protocols/c2-forward-test/stage1/README.md	GIT	99360d92010769d9c0fe9a964156598fa99f3ff51bf4c325a7a68bffe296727a	3008	PRESENT	protocols/c2-forward-test/stage1/SHA256SUMS	
protocols/c2-forward-test/stage1/SHA256SUMS	GIT	dfea3a87a775c067ffaa250d05771fb065d32e6a779063eb43eb1561cc626652	3000	PRESENT		
protocols/c2-forward-test/stage1/SOURCE-FILES-SHA256-M7A.txt	GIT	47eb53c9e25dbab86feaea016eaa69e297ac764cc26a86f2f3f4caf4ad3c2fb7	1872	PRESENT	protocols/c2-forward-test/stage1/SHA256SUMS	
protocols/c2-forward-test/stage1/calibration/C2-CALIBRATION.json	GIT	5615c104edb6f5c3f704822e74a956a4a9a695690d1fda30b26af9e4000f2622	12294	PRESENT	protocols/c2-forward-test/stage1/SHA256SUMS	
protocols/c2-forward-test/stage1/calibration/C2-INTERNAL-CHECK.json	GIT	07ec7eee0c5f2128d962f57fbc1f51bdb68db34387bfd147bcb25ff5c2f86e9c	39120	PRESENT	protocols/c2-forward-test/stage1/SHA256SUMS	
protocols/c2-forward-test/stage1/calibration/calibration-manifest.json	GIT	d2ccced638409a2b2e7d0b63facfb192b116009a89e96729ca042fee10e68f51	4502	PRESENT	protocols/c2-forward-test/stage1/SHA256SUMS	
protocols/c2-forward-test/stage1/calibration/calibration-structural.jsonl	GIT	00bd017a14894ad7ec99659195aab3778682aca3f9bc7626ac895b51710ea34d	89292	PRESENT	protocols/c2-forward-test/stage1/SHA256SUMS	
protocols/c2-forward-test/stage1/calibration/check-manifest.json	GIT	c65e0662e6949249007ecc06237c6892d09074e42b14a045ca7b04b1529b2302	46990	PRESENT	protocols/c2-forward-test/stage1/SHA256SUMS	
protocols/c2-forward-test/stage1/calibration/check-structural.jsonl	GIT	b9f6e80d3a49477747c8f23d8d51fe1235b799a25b9fddab092cfe2b39d713da	831319	PRESENT	protocols/c2-forward-test/stage1/SHA256SUMS	
protocols/c2-forward-test/stage1/code/c2_calibrate.py	GIT	4798e6d3106dda9d494e132af31ca9a237981a24c013e1e1f1d627808c6019ce	4042	PRESENT	protocols/c2-forward-test/stage1/SHA256SUMS	
protocols/c2-forward-test/stage1/code/c2_internal_check.py	GIT	299c570f12417ebc6fb2082a2ea65f8363811f7dfb9e164c1a1e36a3f2f97524	2058	PRESENT	protocols/c2-forward-test/stage1/SHA256SUMS	
protocols/c2-forward-test/stage1/code/c2_model.py	GIT	3253f2036c5c87f5b8e0666939fc35cf157dbc6f665f98a8093cddc050307a15	4577	PRESENT	protocols/c2-forward-test/stage1/SHA256SUMS	
protocols/c2-forward-test/stage1/code/c2_predict.py	GIT	ddfb7724753d16dc77950395e06ff2a6a0c4fab35a5093ed09f24f24a93927c7	5414	PRESENT	protocols/c2-forward-test/stage1/SHA256SUMS	
protocols/c2-forward-test/stage1/code/c2_score.py	GIT	da7624852844377478aee170397d2bc45604da0b710784402420b2735fd432d1	4973	PRESENT	protocols/c2-forward-test/stage1/SHA256SUMS	
protocols/c2-forward-test/stage1/code/c2_structural.js	GIT	e986c6de4bc3bed736596840893b937b7d541d1d7e3252535eaa00576384fd72	5787	PRESENT	protocols/c2-forward-test/stage1/SHA256SUMS	
protocols/c2-forward-test/stage1/code/hardhat.config.js	GIT	c4e410159398d15f45c067a637827db33997b62c2a044ad2873e61d389712d84	862	PRESENT	protocols/c2-forward-test/stage1/SHA256SUMS	
protocols/c2-forward-test/stage1/engineering-tests/ENGINEERING-TESTS.md	GIT	468cb9e07be488f3f3b815bd6f0536b4c3b74ee86bd25d8f3c776bc9057ed664	1526	PRESENT	protocols/c2-forward-test/stage1/SHA256SUMS	
protocols/c2-forward-test/stage1/engineering-tests/eng-target-structural.jsonl	GIT	a77854edf22ce8a83340d1cad50de0c6cf9c3376f63b09acf87c110d1ea11b96	235990	PRESENT	protocols/c2-forward-test/stage1/SHA256SUMS	
protocols/c2-forward-test/stage1/engineering-tests/score-negative/C2-SCORES.json	GIT	87bf9c3ec21f19218e57f35dff3de349914eaed7c110c12b0002a43e46246391	9367	PRESENT	protocols/c2-forward-test/stage1/SHA256SUMS	
protocols/c2-forward-test/stage1/engineering-tests/score-pass/C2-SCORES.json	GIT	6bce0358fcb71e7600b1a604b97637280d9b1bfaec6b222318f3d09736d22b7e	9318	PRESENT	protocols/c2-forward-test/stage1/SHA256SUMS	
protocols/c2-forward-test/stage1/engineering-tests/stage2-pseudo-target/C2-STAGE2-PREDICTIONS.csv	GIT	3de1eca712b092ee7c3d6ce9f7e6c3158812b8abefbe2d8e173815448bcc2c30	7497	PRESENT	protocols/c2-forward-test/stage1/SHA256SUMS	
protocols/c2-forward-test/stage1/engineering-tests/stage2-pseudo-target/C2-STAGE2-PREDICTIONS.json	GIT	351e1cfe814a7f4c65499fbb33c49f8cc921bc15d67896e597cf2c829bf7dcd2	22967	PRESENT	protocols/c2-forward-test/stage1/SHA256SUMS	
protocols/c2-forward-test/stage1/engineering-tests/stage2-pseudo-target/SHA256SUMS	GIT	d32ee4e6a055bf66fd942cfb980e6924ada0a4e4333cadbe71e256b7be49e6ed	185	PRESENT		
protocols/c2-forward-test/stage2/ARTIFACT-HASHES.txt	GIT	4e71980390321e6212cba1f91bcd0e115854e249c41874b2540d43444260324a	7779	PRESENT	protocols/c2-forward-test/stage2/SHA256SUMS	
protocols/c2-forward-test/stage2/C2-STAGE2-MANIFEST.json	GIT	46b152aceb65e06f7b84cc050b43d2e8a5ac843b0c96f1b5da07ec926541a3eb	7538	PRESENT	protocols/c2-forward-test/stage2/SHA256SUMS	
protocols/c2-forward-test/stage2/C2-STAGE2-PREDICTIONS.csv	GIT	6d781006cd4b1617b67da7093e5527bf0012a869518156187bf3ec47a09a5010	7486	PRESENT	protocols/c2-forward-test/stage2/SHA256SUMS	
protocols/c2-forward-test/stage2/C2-STAGE2-PREDICTIONS.json	GIT	b64d2a9dd7b46e35fec4409f9b3ccb0475272681c8bf9542dbd20ca617c1dbd8	23021	PRESENT	protocols/c2-forward-test/stage2/SHA256SUMS	
protocols/c2-forward-test/stage2/FROZEN-UTC.txt	GIT	dd305041167b1f90e9dabe7b4372ce01164ffcb856c8089dec8ea239f23d82bc	21	PRESENT		
protocols/c2-forward-test/stage2/README.md	GIT	fb1fb64963019bbbcdcd18ab054a0ee619d0b2d052ce503f89e0f00b462998c2	5229	PRESENT	protocols/c2-forward-test/stage2/SHA256SUMS	
protocols/c2-forward-test/stage2/SHA256SUMS	GIT	9b4a38856f8e871e8e8b0707da6b6cfa673c1948a160524a79a56f76b752c010	1076	PRESENT		
protocols/c2-forward-test/stage2/TOOL-VERSIONS.txt	GIT	02e1fe7831160aca81495ef6b09227d45e014281cc5e4b98c2e365d5f6662415	959	PRESENT	protocols/c2-forward-test/stage2/SHA256SUMS	
protocols/c2-forward-test/stage2/fflonk-structural.jsonl	GIT	5c3be6fdf14e0e0fb7483659d14aa0590c06baa7f5052fdbb65648951e2067be	384024	PRESENT	protocols/c2-forward-test/stage2/SHA256SUMS	
protocols/c2-forward-test/stage2/run/PREDICTIONS-MOVE-NOTE.txt	GIT	2a0b2f849335c21ef0208926ac85626efa6af96c8970f70f1b308cfbcaac7234	230	PRESENT	protocols/c2-forward-test/stage2/SHA256SUMS	
protocols/c2-forward-test/stage2/run/STRUCTURAL-END-UTC.txt	GIT	70b3ef499a0a7478eadffdc47a74d7346d68bf37722d99d9e0e60efece3313a6	21	PRESENT	protocols/c2-forward-test/stage2/SHA256SUMS	
protocols/c2-forward-test/stage2/run/STRUCTURAL-START-UTC.txt	GIT	c6968f852465485a703257a8d0c01b807e16259498a80e23f362d93b2c16cf62	21	PRESENT	protocols/c2-forward-test/stage2/SHA256SUMS	
protocols/c2-forward-test/stage2/run/predict-stdout.txt	GIT	a33d0dc022852e157da9c185368d7977bac93e11d3f51e9f6ff9a82b51861e0f	3001	PRESENT	protocols/c2-forward-test/stage2/SHA256SUMS	
protocols/c2-forward-test/stage2/run/structural-stdout.txt	GIT	2483bb574bbef6b0baccadff1a3b934b30c3c6286951d95d59ec3da698970eb1	1856	PRESENT	protocols/c2-forward-test/stage2/SHA256SUMS	
protocols/posthoc-heap-retrace/FROZEN-UTC.txt	GIT	20598d2d53cd8af6797b077e83f35f4fb28487aafaa8ee43e6a6e208ef21f449	21	PRESENT		
protocols/posthoc-heap-retrace/M7B-A-PROTOCOL.md	GIT	16012294695ef276d48c69805b5e354da8e521c834477183188b170e6896c7b8	3770	PRESENT	protocols/posthoc-heap-retrace/SHA256SUMS	
protocols/posthoc-heap-retrace/SHA256SUMS	GIT	1d474ebc5efc2b81c9d070780a412d1059f6f9df54ed72c6f63ac0715673963d	84	PRESENT		
protocols/prover-d1/D1-PROTOCOL.md	GIT	d101c3bfef81c13982380389f056e1840500e90bfc3068c1b618a157971bc6f4	6612	PRESENT	protocols/prover-d1/SHA256SUMS	
protocols/prover-d1/SHA256SUMS	GIT	12acbadfe805b6fd714f3f6536ca14d95738444f17a7bb08e1d67a1d5f824083	4729	PRESENT		
protocols/prover-d1/artifacts/ARTIFACTS-SHA256SUMS	GIT	f592757dc7122c24eae420e76c4949d8d497be38274765a53706f4e7e48af147	2103	PRESENT	protocols/prover-d1/SHA256SUMS	
protocols/prover-d1/artifacts/KEYS-SHA256SUMS	GIT	73aa67d51b5c7ed509eb08bd9da559c9548a515813347384b795d9376fee99c5	328	PRESENT	protocols/prover-d1/SHA256SUMS	
protocols/prover-d1/artifacts/d10/circuit.r1cs	GIT	572dc01f6928b685bbdc63be9542dd75914dcb2952250224a15f9d29e7a7e66d	1426228	PRESENT	protocols/prover-d1/SHA256SUMS	
protocols/prover-d1/artifacts/d10/circuit.wasm	GIT	bb2286e24a3b4fdffe9dc2bebe8c1afff86c7853d7b478cd5714ca9c555593e6	2328037	PRESENT	protocols/prover-d1/SHA256SUMS	
protocols/prover-d1/artifacts/d10/groth16.vkey.json	GIT	b2e0c372701c111d3223221d2f2e30ce69644bc52b548c596f97298a6a990da0	2926	PRESENT	protocols/prover-d1/SHA256SUMS	
protocols/prover-d1/artifacts/d10/groth16.zkey	GIT	656d9ee8dd285db6410e0a4b4317201829a1347f7cc3ef6d8de625e8f99f432a	1866675	PRESENT	protocols/prover-d1/SHA256SUMS	
protocols/prover-d1/artifacts/d10/plonk.vkey.json	GIT	51246dbf5c96101372f9f2609a7b14971ea126d2955dd0e21cfa79bb450663e1	2041	PRESENT	protocols/prover-d1/SHA256SUMS	
protocols/prover-d1/artifacts/d11/circuit.r1cs	GIT	670ffb5dece3411e0c542b1757b57d1e072c56abf23f456515f103384fca0b07	1541004	PRESENT	protocols/prover-d1/SHA256SUMS	
protocols/prover-d1/artifacts/d11/circuit.wasm	GIT	64f5296b96407a9fcac7b4b12c595091fff23f50b1d8190b28bd0e13654aac79	2329877	PRESENT	protocols/prover-d1/SHA256SUMS	
protocols/prover-d1/artifacts/d11/groth16.vkey.json	GIT	6caad706874b9cfa54ea45e4671e38375528fb7cccdaa6bc2ecf7f9f703602ff	2920	PRESENT	protocols/prover-d1/SHA256SUMS	
protocols/prover-d1/artifacts/d11/groth16.zkey	GIT	1241508317856e8cb42cf71f43cafeb13e26a2553d595182aefca30b78a5b754	1987127	PRESENT	protocols/prover-d1/SHA256SUMS	
protocols/prover-d1/artifacts/d11/plonk.vkey.json	GIT	17e0dd435813a4559c78d0f0608d7cf44fce29a3ae7fbae477ac1b774f5a6e1e	2039	PRESENT	protocols/prover-d1/SHA256SUMS	
protocols/prover-d1/artifacts/inputs/input_d10.json	GIT	681fca3b49d5f55b734cdfc2cda047fda4c944003b40cd61401bfa772bdc0a98	1156	PRESENT	protocols/prover-d1/SHA256SUMS	
protocols/prover-d1/artifacts/inputs/input_d11.json	GIT	1fb32931455fa2952af52a5daea69466135b87b3746998033ca3e95443fc3972	1242	PRESENT	protocols/prover-d1/SHA256SUMS	
protocols/prover-d1/artifacts/inputs/input_pad.json	GIT	7b99027dade20eae8240b12a11d7effd64186ea8ffe5088920704379c11c2d40	1247	PRESENT	protocols/prover-d1/SHA256SUMS	
protocols/prover-d1/artifacts/p1150/circuit.r1cs	GIT	b8f3c38eb8abb327c69c69779261be765ef71b5c7e4dca608197974a6403e7f2	1573436	PRESENT	protocols/prover-d1/SHA256SUMS	
protocols/prover-d1/artifacts/p1150/circuit.wasm	GIT	270fd50205d938038133e24c9fec919dc34f53096fafd0d38741355fc687797c	2334118	PRESENT	protocols/prover-d1/SHA256SUMS	
protocols/prover-d1/artifacts/p1150/groth16.vkey.json	GIT	35ec7ede91c2fda3aba91e303cf8774f915dc6b69aebc8e9f31b40943d3e251d	2926	PRESENT	protocols/prover-d1/SHA256SUMS	
protocols/prover-d1/artifacts/p1150/groth16.zkey	GIT	9291256289f46196c707ab1b88cf2fc55d906e4909fb4a762e900005cfcbb530	2336252	PRESENT	protocols/prover-d1/SHA256SUMS	
protocols/prover-d1/artifacts/p1150/plonk.vkey.json	GIT	c20e005308ec7f441bd6427786212fbebbe03103e57f6fa76725727a7bade896	2039	PRESENT	protocols/prover-d1/SHA256SUMS	
protocols/prover-d1/artifacts/p1180/circuit.r1cs	GIT	279b1c45b2eb7a29ecc617c4694757daf694f8dc676956a8d347834d55b49c02	1577276	PRESENT	protocols/prover-d1/SHA256SUMS	
protocols/prover-d1/artifacts/p1180/circuit.wasm	GIT	7a194ae9c7da58cdb90b71e0da684bbc6baad521642b8d30bd8247c65cf7e73e	2334271	PRESENT	protocols/prover-d1/SHA256SUMS	
protocols/prover-d1/artifacts/p1180/groth16.vkey.json	GIT	8130f19df1b647ac6860d759caaced6c46d9cab5d05bf0dba33254b10447b548	2927	PRESENT	protocols/prover-d1/SHA256SUMS	
protocols/prover-d1/artifacts/p1180/groth16.zkey	GIT	746da44ac817db7089e7a39a162a182bfcb8df8889a67287c56c55b3a8459d86	2348492	PRESENT	protocols/prover-d1/SHA256SUMS	
protocols/prover-d1/artifacts/p1180/plonk.vkey.json	GIT	04088c14ddd236acc1ed605ba74e60c1dee4accaefb53faf1635a030162a84ff	2040	PRESENT	protocols/prover-d1/SHA256SUMS	
protocols/prover-d1/artifacts/schedule.csv	GIT	2a8ae54283508b988abf56422fd691d57ba0bccd1a8634bcbfd5a024c0ff07c4	2538	PRESENT	protocols/prover-d1/SHA256SUMS	
protocols/prover-d1/build-records/D1-UNTIMED-PROOF-CHECK.json	GIT	39fae39bfa37852deefda97e1070c395ea47233789954c344d1f62c929f86317	1645	PRESENT	protocols/prover-d1/SHA256SUMS	
protocols/prover-d1/build-records/build.log	GIT	da7814a04ee5b3cb789a7dcbdda8ee3b7fd75068ff25f660fb9680301f003c9b	492	PRESENT	protocols/prover-d1/SHA256SUMS	
protocols/prover-d1/build-records/d10/plonk-setup.log	GIT	74edc027dec9b08fc7a16676b084cce67c4bca0053130b815692442ca4789031	161	PRESENT	protocols/prover-d1/SHA256SUMS	
protocols/prover-d1/build-records/d11/plonk-setup.log	GIT	956a616952d0c6bfc18f2ef34a509c4a4aa7ef591c684b02a1bf8d87012eb585	161	PRESENT	protocols/prover-d1/SHA256SUMS	
protocols/prover-d1/build-records/p1150/groth16-beacon.txt	GIT	5588f70b40217a584ca500525d2651248c588e65ddb90405e7675f62c975efb5	65	PRESENT	protocols/prover-d1/SHA256SUMS	
protocols/prover-d1/build-records/p1150/groth16-setup.log	GIT	2505ade54bb0768ff2f914c5ca02cf0e84e3a723c4b0abc030490b7416e2a9b2	871	PRESENT	protocols/prover-d1/SHA256SUMS	
protocols/prover-d1/build-records/p1150/plonk-setup.log	GIT	f70b4509e43bf85fda4f8bd306196fda4f7ee3aa6e81d8328ea7f265ace49f4c	361	PRESENT	protocols/prover-d1/SHA256SUMS	
protocols/prover-d1/build-records/p1180/groth16-beacon.txt	GIT	5ea75bf80ca6f1bdd26bd864aa2a10351d7fb116cca46f2b326377b955ad27f0	65	PRESENT	protocols/prover-d1/SHA256SUMS	
protocols/prover-d1/build-records/p1180/groth16-setup.log	GIT	1e5f247985cdf404bf9650dfa43d8f0defbd61f04d65b2d6e178275f84d41a08	871	PRESENT	protocols/prover-d1/SHA256SUMS	
protocols/prover-d1/build-records/p1180/plonk-setup.log	GIT	ec617c8918be6e9920dd229d65596ca4ed1b6763aea728365cb59f9e11f20d18	361	PRESENT	protocols/prover-d1/SHA256SUMS	
protocols/prover-d1/build-records/untimed-proof-check.log	GIT	3cdfc6ead639dfad07cd7e83ce40aa90a6f2c30e4ec4dbc8dcb137b12a8c433f	1399	PRESENT	protocols/prover-d1/SHA256SUMS	
protocols/prover-d1/kit/Dockerfile	GIT	eef67efc833ab4b1749b556c6ca54c64782b0a557e451b54ab64f1e79d8e4317	798	PRESENT	protocols/prover-d1/SHA256SUMS	
protocols/prover-d1/kit/cpu-visibility.js	GIT	749eea66bb9bf3256f1afbabd0119dd67c1fca95c3174c8373b49f9470942867	3207	PRESENT	protocols/prover-d1/SHA256SUMS	
protocols/prover-d1/kit/d1_analysis.py	GIT	b863d1a64b58f518679c1a2dfffe7f9b8d027256695f0b0a354b066d1a81ee49	4437	PRESENT	protocols/prover-d1/SHA256SUMS	
protocols/prover-d1/kit/d1_harness.js	GIT	c148a558c852a6dbcebe6dbc3c189773fede4993c13aa21380e9ef3c5d501f67	9749	PRESENT	protocols/prover-d1/SHA256SUMS	
protocols/prover-d1/kit/d1_inputs.js	GIT	6fdc439d6b3d9a08d9d8d4ca14866708ef8d400d97c70ff81c1bbf9e5951d029	1987	PRESENT	protocols/prover-d1/SHA256SUMS	
protocols/prover-d1/kit/d1_regen.js	GIT	8d9307efd837a55bf70378ab2839eea08db0ddada46aac1a801da079b8ca153a	900	PRESENT	protocols/prover-d1/SHA256SUMS	
protocols/prover-d1/kit/d1_verify_untimed.js	GIT	69b20717c818b379de292c99897fc2bc5b27dac0e2fb3b5b9f67867c3cb6a547	1401	PRESENT	protocols/prover-d1/SHA256SUMS	
protocols/prover-d1/kit/package-lock.json	GIT	5774be4171d9433dbb49700fcb44053739f086ade74cd8cbec85889a01a104e2	30017	PRESENT	protocols/prover-d1/SHA256SUMS	
protocols/prover-d1/kit/package.json	GIT	c90cd8563f86f0499a2975153f02a0d12b0af58bbdbbee56d331ab22ca93c7d2	330	PRESENT	protocols/prover-d1/SHA256SUMS	
protocols/prover-d1/kit/run-d1.sh	GIT	0d5f9e8d160ab85027b8ab209deb06ab819ede900c4ae7524ca739b1d32169df	6765	PRESENT	protocols/prover-d1/SHA256SUMS	
protocols/prover-d2/amendments/AMD-D2-1-engineering-test/RUN-UTC.txt	GIT	6151171ec044b9e09c28352c3cce18fe89e940cd86be4bcd69b58159eca6484b	21	PRESENT	protocols/prover-d2/amendments/SHA256SUMS	
protocols/prover-d2/amendments/AMD-D2-1-engineering-test/SHA256SUMS	GIT	4dd77c71678d3706785410b5210e78cf539da58f2ae31089899cad8225f122ac	255	PRESENT		
protocols/prover-d2/amendments/AMD-D2-1-engineering-test/gate-replay-results.json	GIT	6e4df7dcef93756b73d59f66fd906538738329bbd0d028f129cc533edcd44266	10486	PRESENT	protocols/prover-d2/amendments/SHA256SUMS	
protocols/prover-d2/amendments/AMD-D2-1-engineering-test/gate_replay_test.py	GIT	af3c289d62d29111018d79f4aacbd0d6ffc9145730ad01c3f179945c9679b3a6	5747	PRESENT	protocols/prover-d2/amendments/SHA256SUMS	
protocols/prover-d2/amendments/AMD-D2-1/AMD-D2-1.md	GIT	0f07484fac8f7c666ebd80ae10bb2b8315289fc7a9f57a227585affb878520b6	5968	PRESENT	protocols/prover-d2/amendments/SHA256SUMS	
protocols/prover-d2/amendments/AMD-D2-1/RECORDED-UTC.txt	GIT	6381f9cf77121c9f7579b021a08ded7bf5e01b5024869e32dadfed91d7ca1275	21	PRESENT	protocols/prover-d2/amendments/SHA256SUMS	
protocols/prover-d2/amendments/AMD-D2-1/SHA256SUMS	GIT	27189f29c0890472f07ad6402f2d544f0bb77d83fb84c6aa5b6b72922e2898a0	164	PRESENT		
protocols/prover-d2/amendments/AMD-D2-1/hostb_quiet.py.diff	GIT	fb46909646a063531929a3633f02badf15cef655a1e4f62f2cee2dda7753f837	1835	PRESENT	protocols/prover-d2/amendments/SHA256SUMS	
protocols/prover-d2/amendments/DEV-D2-1-engineering-test/RUN-UTC.txt	GIT	690403d5394b129b50aeb26369fe012fd138fa98b694c9c4420c661767528f54	21	PRESENT	protocols/prover-d2/amendments/SHA256SUMS	
protocols/prover-d2/amendments/DEV-D2-1-engineering-test/SHA256SUMS	GIT	6d891fa113764012cd8b386ca3b4dbcd06125b13f2f59725314bef837d90fbe0	250	PRESENT		
protocols/prover-d2/amendments/DEV-D2-1-engineering-test/oracle-test-results.json	GIT	5288318b5f9e40a0f22b0d0507777d90ac90891e5f6cd2c2ebc52d6f72fe80c2	3921	PRESENT	protocols/prover-d2/amendments/SHA256SUMS	
protocols/prover-d2/amendments/DEV-D2-1-engineering-test/oracle_test.py	GIT	42236d8aac295323e50b0a4640c27f6af1a740abdb9894e860f1c5a9ade88f0c	3829	PRESENT	protocols/prover-d2/amendments/SHA256SUMS	
protocols/prover-d2/amendments/DEV-D2-1/DEV-D2-1.md	GIT	23ff2c3082d1cc60797f4c52af516a539e6f5bbc6fe09302612eb08f7fcddb8e	5723	PRESENT	protocols/prover-d2/amendments/SHA256SUMS	
protocols/prover-d2/amendments/DEV-D2-1/RECORDED-UTC.txt	GIT	7dad4c820717c51595ab2d6cd51682ff60692f26ebcd49e3128ffcbf5233e677	21	PRESENT	protocols/prover-d2/amendments/SHA256SUMS	
protocols/prover-d2/amendments/DEV-D2-1/SHA256SUMS	GIT	00142f184f9df64fc82ec9197815699afaf33d0e1e8256588e6173a441c01e25	168	PRESENT		
protocols/prover-d2/amendments/DEV-D2-1/record_controls.js.diff	GIT	2429af23b71df19089d898efc75bc13f6135b9c86b9325ce412e3f4d4695896a	605	PRESENT	protocols/prover-d2/amendments/SHA256SUMS	
protocols/prover-d2/amendments/DEV-D2-2-engineering-test/RUN-UTC.txt	GIT	49b7cb149058d185f1aeb6cacb0f3f2f133a45cb64b0b253ddbd6ed3aeb31247	21	PRESENT	protocols/prover-d2/amendments/SHA256SUMS	
protocols/prover-d2/amendments/DEV-D2-2-engineering-test/SHA256SUMS	GIT	0d4551f0a2f9eb8c8152851d20d897319ef0e72e0fe9c848ac352fddcdad7c76	256	PRESENT		
protocols/prover-d2/amendments/DEV-D2-2-engineering-test/validator_test.py	GIT	3e5bec4ab10c37e890ba0953eddd1cb817bc341aa22f37292e3b75ab72850c4c	6309	PRESENT	protocols/prover-d2/amendments/SHA256SUMS	
protocols/prover-d2/amendments/DEV-D2-2/DEV-D2-2.md	GIT	e8fb03584d14d7061f8185fc1701d7c7eadb2e1a19f09a30dca9114600652c89	5644	PRESENT	protocols/prover-d2/amendments/SHA256SUMS	
protocols/prover-d2/amendments/DEV-D2-2/RECORDED-UTC.txt	GIT	0797de47cdbae90e9e582ad0e7ed8b242423a8e96f6d847fe832deef7e1a786f	21	PRESENT	protocols/prover-d2/amendments/SHA256SUMS	
protocols/prover-d2/amendments/DEV-D2-2/SHA256SUMS	GIT	730be99e4cffdfa4ebdc91a8a845942eeccd058f9a1dadb46ddb56a62f0798bc	169	PRESENT		
protocols/prover-d2/amendments/DEV-D2-2/summarize_prover.js.diff	GIT	d2bead29a3d7fd0c7afa643ddf7bb3dc086d871ca3edd6365635e3db1a650d5f	1609	PRESENT	protocols/prover-d2/amendments/SHA256SUMS	
protocols/prover-d2/amendments/DEV-D2-3-engineering-test/RUN-UTC.txt	GIT	7cf807a065b93aef4ca5dd13c74b73303b31a2162a7102d2de8816b389fa492e	21	PRESENT	protocols/prover-d2/amendments/SHA256SUMS	
protocols/prover-d2/amendments/DEV-D2-3-engineering-test/SHA256SUMS	GIT	3ea6db67ac57b22632dd314c1cf3c27d7d2933b1fba8775a3a93652e7da2ff99	346	PRESENT		
protocols/prover-d2/amendments/DEV-D2-3-engineering-test/console.txt	GIT	43fb6b451b3496d7be16ed3c7d2c8f7a8c6158a87b59696d3bda9faf4a82d76c	2421	PRESENT	protocols/prover-d2/amendments/SHA256SUMS	
protocols/prover-d2/amendments/DEV-D2-3-engineering-test/dev-d2-3-oracle-test-results.json	GIT	ffa0bfdba8351328254162c9655258c32e094b71395203cd6a6ac42cfd8752bf	10447	PRESENT	protocols/prover-d2/amendments/SHA256SUMS	
protocols/prover-d2/amendments/DEV-D2-3-engineering-test/dev_d2_3_oracle_test.py	GIT	fdd8842efc02424e7fe703adcc0c9b8d1d6a7aa974279ef25f4a344276646ed2	5925	PRESENT	protocols/prover-d2/amendments/SHA256SUMS	
protocols/prover-d2/amendments/DEV-D2-3/DEV-D2-3.md	GIT	6a84ef3a752459c222a265e645f87a64e4648d39d9f0d9cfd99b6eaee7bbfba0	5303	PRESENT	protocols/prover-d2/amendments/SHA256SUMS	
protocols/prover-d2/amendments/DEV-D2-3/RECORDED-UTC.txt	GIT	7cf807a065b93aef4ca5dd13c74b73303b31a2162a7102d2de8816b389fa492e	21	PRESENT	protocols/prover-d2/amendments/SHA256SUMS	
protocols/prover-d2/amendments/DEV-D2-3/SHA256SUMS	GIT	7bf6ed01c406b0ffa7e33b2c32f6efd83b1518122635f35157647cf510618f26	170	PRESENT		
protocols/prover-d2/amendments/DEV-D2-3/check_resume_test.js.diff	GIT	d354f647b677e244c33c26803fb61d8e3f94f47ea88fdce79bb5a4b196978f85	1627	PRESENT	protocols/prover-d2/amendments/SHA256SUMS	
protocols/prover-d2/amendments/FROZEN-UTC.txt	GIT	f1e41f68ece4e054edd9bc7ba5e8f52af3327c2a84c76f06f79674e1fdbb54a9	21	PRESENT	protocols/prover-d2/amendments/SHA256SUMS	
protocols/prover-d2/amendments/KIT-DIFF-r2-supplement.txt	GIT	2759f4d02fe36a97d5612bd35859bdfb5be0d1124bfd6491d48881cf47046e5c	2064	PRESENT	protocols/prover-d2/amendments/SHA256SUMS	
protocols/prover-d2/amendments/KIT-DIFF-r3-supplement.txt	GIT	1dfdc1ee2e04cc07d7474b4085ed80b9a699de4253814b55aa579bf105d3e1fd	2499	PRESENT	protocols/prover-d2/amendments/SHA256SUMS	
protocols/prover-d2/amendments/KIT-DIFF-r4-supplement.txt	GIT	27d0e287996107995c137b1b2d177a4c4161ab0a513f6b8d30b8188d5b860eda	2327	PRESENT	protocols/prover-d2/amendments/SHA256SUMS	
protocols/prover-d2/amendments/KIT-DIFF-r5-supplement.txt	GIT	d8e833a135cc7af08b385f6478a1f52c6ea36028e2967e31317fb9dd58ab9677	2441	PRESENT	protocols/prover-d2/amendments/SHA256SUMS	
protocols/prover-d2/amendments/KIT-v3-x86-r2.filelist.sha256	GIT	14140ee79aed83bcdf67ac29dca7d460ee6fd17ddb566abb7bea643ded563323	2011	PRESENT	protocols/prover-d2/amendments/SHA256SUMS	
protocols/prover-d2/amendments/KIT-v3-x86-r3.filelist.sha256	GIT	e5099e62f0c10c8d55c2d8d2b904ec395dbdb5fbe66cdeaba3d20d2e4e4e751d	2011	PRESENT	protocols/prover-d2/amendments/SHA256SUMS	
protocols/prover-d2/amendments/KIT-v3-x86-r4.filelist.sha256	GIT	7488b0f67c8797bb7c99d927e35942c6147084f15af810c98441e4f3df3b43c6	2011	PRESENT	protocols/prover-d2/amendments/SHA256SUMS	
protocols/prover-d2/amendments/KIT-v3-x86-r5.filelist.sha256	GIT	5352f80142e364baec65082c39aa59e94f4625dff448989e2cbb8f729f8c1197	2011	PRESENT	protocols/prover-d2/amendments/SHA256SUMS	
protocols/prover-d2/amendments/README.md	GIT	34a4dbf09e4b26870dd2edf339173baaf0f19dc63dc61d41d0a146ced626c5e1	3824	PRESENT	protocols/prover-d2/amendments/SHA256SUMS	
protocols/prover-d2/amendments/SHA256SUMS	GIT	e5158ee65b29dddda9d7fe030c70ca6b3fbb74b443d47cd85230fc208ae18ac3	13245	PRESENT		
protocols/prover-d2/amendments/SHA256SUMS.r2-freeze-20261005T081606Z	GIT	bc9a0018d28106cb782e84f0211648f2fa8ba66909a7643651803d1b501a66f2	3121	PRESENT	protocols/prover-d2/amendments/SHA256SUMS	
protocols/prover-d2/amendments/SHA256SUMS.r3-freeze-20261005T090805Z	GIT	069f1f680c192a195487d3a8410f8fc3b087f1cb9b584a3bcfc50c8bedea0b69	6270	PRESENT	protocols/prover-d2/amendments/SHA256SUMS	
protocols/prover-d2/amendments/SHA256SUMS.r4-freeze-20261005T102639Z	GIT	3a73a303058fd40e2bcd8501f200d9ed8fc42ac9a1ba4e9f7c987bcb9b131146	9264	PRESENT	protocols/prover-d2/amendments/SHA256SUMS	
protocols/prover-d2/amendments/kit-v3-x86-r2/Dockerfile	GIT	2b3460d3ba950f771656f58cee6a62fd8f17834edbd21b1b124db130e9bfbde3	1176	PRESENT	protocols/prover-d2/amendments/SHA256SUMS	
protocols/prover-d2/amendments/kit-v3-x86-r2/README.md	GIT	b178681198a226365b0b04b1fe70671ffad37ec1f94debf5128ee1e918d9f401	6431	PRESENT	protocols/prover-d2/amendments/SHA256SUMS	
protocols/prover-d2/amendments/kit-v3-x86-r2/campaign_state.js	GIT	1387f2d7b5ba5bb96adbb1d6e266c3f71f8b5b84e5f7012e133b20757dde05ea	4697	PRESENT	protocols/prover-d2/amendments/SHA256SUMS	
protocols/prover-d2/amendments/kit-v3-x86-r2/check_resume_test.js	GIT	3a80711d9b6b6e2d7d961747312d4d26ec6e4c3aa6f547509417c7dbeca1c88d	5054	PRESENT	protocols/prover-d2/amendments/SHA256SUMS	
protocols/prover-d2/amendments/kit-v3-x86-r2/compose.yaml	GIT	a2c2cdda159fb0fe72885ad85e84c39f5c26e403c9b4d631c561aec8ee9e88a7	2137	PRESENT	protocols/prover-d2/amendments/SHA256SUMS	
protocols/prover-d2/amendments/kit-v3-x86-r2/harness.js	GIT	9b66a7a5d860145d452afc073db43731601f4a5b8c77d0b9157cf2bf860dd3e7	9934	PRESENT	protocols/prover-d2/amendments/SHA256SUMS	
protocols/prover-d2/amendments/kit-v3-x86-r2/hostb_quiet.py	GIT	932a8986bf1aa6a376426ef6bfc69ec90f2a1815918e566fc4b1b0c2b5efcbe3	9893	PRESENT	protocols/prover-d2/amendments/SHA256SUMS	
protocols/prover-d2/amendments/kit-v3-x86-r2/lib/checks.js	GIT	33b07173a95df764fcb00bca93f295a77af500ede30eb4abbcb501f10e75afdd	3266	PRESENT	protocols/prover-d2/amendments/SHA256SUMS	
protocols/prover-d2/amendments/kit-v3-x86-r2/lib/common.js	GIT	9777629f7f65fb4c3d21725a98b535113d2500381efc1ade4c75b7135a63ee7b	12263	PRESENT	protocols/prover-d2/amendments/SHA256SUMS	
protocols/prover-d2/amendments/kit-v3-x86-r2/lib/cpu-visibility.js	GIT	749eea66bb9bf3256f1afbabd0119dd67c1fca95c3174c8373b49f9470942867	3207	PRESENT	protocols/prover-d2/amendments/SHA256SUMS	
protocols/prover-d2/amendments/kit-v3-x86-r2/lib/pipeline.js	GIT	7b1799bf71c1d90dab966705ae9843920a44b9ba85fa258658ec7677f30504d9	5692	PRESENT	protocols/prover-d2/amendments/SHA256SUMS	
protocols/prover-d2/amendments/kit-v3-x86-r2/lib/schema.js	GIT	bf73cea92de0de1ecaf0540f81ee6cd05bbf2773392d9c553957e813fe0fe2b2	3507	PRESENT	protocols/prover-d2/amendments/SHA256SUMS	
protocols/prover-d2/amendments/kit-v3-x86-r2/lib/validate.js	GIT	40370dd7f8f8bf82239fb3cfb7fc0accbd6bff99f75e9e1f3f468288148316f8	9635	PRESENT	protocols/prover-d2/amendments/SHA256SUMS	
protocols/prover-d2/amendments/kit-v3-x86-r2/make_schedule.js	GIT	2199c2ade870b63b04f6bb099aa5e12a18e708fa942c1f342c7a7582175dcbbd	11969	PRESENT	protocols/prover-d2/amendments/SHA256SUMS	
protocols/prover-d2/amendments/kit-v3-x86-r2/package-lock.json	GIT	5774be4171d9433dbb49700fcb44053739f086ade74cd8cbec85889a01a104e2	30017	PRESENT	protocols/prover-d2/amendments/SHA256SUMS	
protocols/prover-d2/amendments/kit-v3-x86-r2/package.json	GIT	c90cd8563f86f0499a2975153f02a0d12b0af58bbdbbee56d331ab22ca93c7d2	330	PRESENT	protocols/prover-d2/amendments/SHA256SUMS	
protocols/prover-d2/amendments/kit-v3-x86-r2/preflight.js	GIT	1005faf03e6d52b72258be25d83be60eabf8cd607d0de30a74fc26d4400d3fdd	4723	PRESENT	protocols/prover-d2/amendments/SHA256SUMS	
protocols/prover-d2/amendments/kit-v3-x86-r2/provenance.js	GIT	9081ab55c54337a5f51dbc72e1a6ad9e7ff059aab0e2a13ab3e087866d4f9a06	10714	PRESENT	protocols/prover-d2/amendments/SHA256SUMS	
protocols/prover-d2/amendments/kit-v3-x86-r2/record_controls.js	GIT	bd82f6e36fb4101639ce3261f999cba84b414190dd12474ac50bd77b5ddda684	2221	PRESENT	protocols/prover-d2/amendments/SHA256SUMS	
protocols/prover-d2/amendments/kit-v3-x86-r2/run-campaign.sh	GIT	047ea4c904434c6dabe9b4668d6697dd5654dc732bef7cadaa372c892647d1a1	26230	PRESENT	protocols/prover-d2/amendments/SHA256SUMS	
protocols/prover-d2/amendments/kit-v3-x86-r2/setup_plonk_zkeys.js	GIT	d4a961adf82cda98bafe0efab68b3f03f5c12fcea2b15ba9dedeb616a25808ed	1130	PRESENT	protocols/prover-d2/amendments/SHA256SUMS	
protocols/prover-d2/amendments/kit-v3-x86-r2/summarize_prover.js	GIT	3fde442f455f8fb2cef48c03cca53d1717f8efc71761df46a0f365a08cf42a19	11341	PRESENT	protocols/prover-d2/amendments/SHA256SUMS	
protocols/prover-d2/amendments/kit-v3-x86-r2/test-resume.sh	GIT	61a96faf6f240099a4a97bf5bb588b52ad4f81a2a21546fb93549cfcd07be500	4687	PRESENT	protocols/prover-d2/amendments/SHA256SUMS	
protocols/prover-d2/amendments/kit-v3-x86-r2/validate_round.js	GIT	b1314f009a46a8288ad94c38118398f7c8a868ae07514aa9f215b687eef6bff0	2932	PRESENT	protocols/prover-d2/amendments/SHA256SUMS	
protocols/prover-d2/amendments/kit-v3-x86-r3/Dockerfile	GIT	2b3460d3ba950f771656f58cee6a62fd8f17834edbd21b1b124db130e9bfbde3	1176	PRESENT	protocols/prover-d2/amendments/SHA256SUMS	
protocols/prover-d2/amendments/kit-v3-x86-r3/README.md	GIT	b178681198a226365b0b04b1fe70671ffad37ec1f94debf5128ee1e918d9f401	6431	PRESENT	protocols/prover-d2/amendments/SHA256SUMS	
protocols/prover-d2/amendments/kit-v3-x86-r3/campaign_state.js	GIT	1387f2d7b5ba5bb96adbb1d6e266c3f71f8b5b84e5f7012e133b20757dde05ea	4697	PRESENT	protocols/prover-d2/amendments/SHA256SUMS	
protocols/prover-d2/amendments/kit-v3-x86-r3/check_resume_test.js	GIT	3a80711d9b6b6e2d7d961747312d4d26ec6e4c3aa6f547509417c7dbeca1c88d	5054	PRESENT	protocols/prover-d2/amendments/SHA256SUMS	
protocols/prover-d2/amendments/kit-v3-x86-r3/compose.yaml	GIT	a2c2cdda159fb0fe72885ad85e84c39f5c26e403c9b4d631c561aec8ee9e88a7	2137	PRESENT	protocols/prover-d2/amendments/SHA256SUMS	
protocols/prover-d2/amendments/kit-v3-x86-r3/harness.js	GIT	9b66a7a5d860145d452afc073db43731601f4a5b8c77d0b9157cf2bf860dd3e7	9934	PRESENT	protocols/prover-d2/amendments/SHA256SUMS	
protocols/prover-d2/amendments/kit-v3-x86-r3/hostb_quiet.py	GIT	3e74157e789ba2933c308a08d0b16fdc6c16382876e27fd5b02fa10f921e924d	10025	PRESENT	protocols/prover-d2/amendments/SHA256SUMS	
protocols/prover-d2/amendments/kit-v3-x86-r3/lib/checks.js	GIT	33b07173a95df764fcb00bca93f295a77af500ede30eb4abbcb501f10e75afdd	3266	PRESENT	protocols/prover-d2/amendments/SHA256SUMS	
protocols/prover-d2/amendments/kit-v3-x86-r3/lib/common.js	GIT	9777629f7f65fb4c3d21725a98b535113d2500381efc1ade4c75b7135a63ee7b	12263	PRESENT	protocols/prover-d2/amendments/SHA256SUMS	
protocols/prover-d2/amendments/kit-v3-x86-r3/lib/cpu-visibility.js	GIT	749eea66bb9bf3256f1afbabd0119dd67c1fca95c3174c8373b49f9470942867	3207	PRESENT	protocols/prover-d2/amendments/SHA256SUMS	
protocols/prover-d2/amendments/kit-v3-x86-r3/lib/pipeline.js	GIT	7b1799bf71c1d90dab966705ae9843920a44b9ba85fa258658ec7677f30504d9	5692	PRESENT	protocols/prover-d2/amendments/SHA256SUMS	
protocols/prover-d2/amendments/kit-v3-x86-r3/lib/schema.js	GIT	bf73cea92de0de1ecaf0540f81ee6cd05bbf2773392d9c553957e813fe0fe2b2	3507	PRESENT	protocols/prover-d2/amendments/SHA256SUMS	
protocols/prover-d2/amendments/kit-v3-x86-r3/lib/validate.js	GIT	40370dd7f8f8bf82239fb3cfb7fc0accbd6bff99f75e9e1f3f468288148316f8	9635	PRESENT	protocols/prover-d2/amendments/SHA256SUMS	
protocols/prover-d2/amendments/kit-v3-x86-r3/make_schedule.js	GIT	2199c2ade870b63b04f6bb099aa5e12a18e708fa942c1f342c7a7582175dcbbd	11969	PRESENT	protocols/prover-d2/amendments/SHA256SUMS	
protocols/prover-d2/amendments/kit-v3-x86-r3/package-lock.json	GIT	5774be4171d9433dbb49700fcb44053739f086ade74cd8cbec85889a01a104e2	30017	PRESENT	protocols/prover-d2/amendments/SHA256SUMS	
protocols/prover-d2/amendments/kit-v3-x86-r3/package.json	GIT	c90cd8563f86f0499a2975153f02a0d12b0af58bbdbbee56d331ab22ca93c7d2	330	PRESENT	protocols/prover-d2/amendments/SHA256SUMS	
protocols/prover-d2/amendments/kit-v3-x86-r3/preflight.js	GIT	1005faf03e6d52b72258be25d83be60eabf8cd607d0de30a74fc26d4400d3fdd	4723	PRESENT	protocols/prover-d2/amendments/SHA256SUMS	
protocols/prover-d2/amendments/kit-v3-x86-r3/provenance.js	GIT	9081ab55c54337a5f51dbc72e1a6ad9e7ff059aab0e2a13ab3e087866d4f9a06	10714	PRESENT	protocols/prover-d2/amendments/SHA256SUMS	
protocols/prover-d2/amendments/kit-v3-x86-r3/record_controls.js	GIT	bd82f6e36fb4101639ce3261f999cba84b414190dd12474ac50bd77b5ddda684	2221	PRESENT	protocols/prover-d2/amendments/SHA256SUMS	
protocols/prover-d2/amendments/kit-v3-x86-r3/run-campaign.sh	GIT	047ea4c904434c6dabe9b4668d6697dd5654dc732bef7cadaa372c892647d1a1	26230	PRESENT	protocols/prover-d2/amendments/SHA256SUMS	
protocols/prover-d2/amendments/kit-v3-x86-r3/setup_plonk_zkeys.js	GIT	d4a961adf82cda98bafe0efab68b3f03f5c12fcea2b15ba9dedeb616a25808ed	1130	PRESENT	protocols/prover-d2/amendments/SHA256SUMS	
protocols/prover-d2/amendments/kit-v3-x86-r3/summarize_prover.js	GIT	3fde442f455f8fb2cef48c03cca53d1717f8efc71761df46a0f365a08cf42a19	11341	PRESENT	protocols/prover-d2/amendments/SHA256SUMS	
protocols/prover-d2/amendments/kit-v3-x86-r3/test-resume.sh	GIT	61a96faf6f240099a4a97bf5bb588b52ad4f81a2a21546fb93549cfcd07be500	4687	PRESENT	protocols/prover-d2/amendments/SHA256SUMS	
protocols/prover-d2/amendments/kit-v3-x86-r3/validate_round.js	GIT	b1314f009a46a8288ad94c38118398f7c8a868ae07514aa9f215b687eef6bff0	2932	PRESENT	protocols/prover-d2/amendments/SHA256SUMS	
protocols/prover-d2/amendments/kit-v3-x86-r4/Dockerfile	GIT	2b3460d3ba950f771656f58cee6a62fd8f17834edbd21b1b124db130e9bfbde3	1176	PRESENT	protocols/prover-d2/amendments/SHA256SUMS	
protocols/prover-d2/amendments/kit-v3-x86-r4/README.md	GIT	b178681198a226365b0b04b1fe70671ffad37ec1f94debf5128ee1e918d9f401	6431	PRESENT	protocols/prover-d2/amendments/SHA256SUMS	
protocols/prover-d2/amendments/kit-v3-x86-r4/campaign_state.js	GIT	1387f2d7b5ba5bb96adbb1d6e266c3f71f8b5b84e5f7012e133b20757dde05ea	4697	PRESENT	protocols/prover-d2/amendments/SHA256SUMS	
protocols/prover-d2/amendments/kit-v3-x86-r4/check_resume_test.js	GIT	3a80711d9b6b6e2d7d961747312d4d26ec6e4c3aa6f547509417c7dbeca1c88d	5054	PRESENT	protocols/prover-d2/amendments/SHA256SUMS	
protocols/prover-d2/amendments/kit-v3-x86-r4/compose.yaml	GIT	a2c2cdda159fb0fe72885ad85e84c39f5c26e403c9b4d631c561aec8ee9e88a7	2137	PRESENT	protocols/prover-d2/amendments/SHA256SUMS	
protocols/prover-d2/amendments/kit-v3-x86-r4/harness.js	GIT	9b66a7a5d860145d452afc073db43731601f4a5b8c77d0b9157cf2bf860dd3e7	9934	PRESENT	protocols/prover-d2/amendments/SHA256SUMS	
protocols/prover-d2/amendments/kit-v3-x86-r4/hostb_quiet.py	GIT	3e74157e789ba2933c308a08d0b16fdc6c16382876e27fd5b02fa10f921e924d	10025	PRESENT	protocols/prover-d2/amendments/SHA256SUMS	
protocols/prover-d2/amendments/kit-v3-x86-r4/lib/checks.js	GIT	33b07173a95df764fcb00bca93f295a77af500ede30eb4abbcb501f10e75afdd	3266	PRESENT	protocols/prover-d2/amendments/SHA256SUMS	
protocols/prover-d2/amendments/kit-v3-x86-r4/lib/common.js	GIT	9777629f7f65fb4c3d21725a98b535113d2500381efc1ade4c75b7135a63ee7b	12263	PRESENT	protocols/prover-d2/amendments/SHA256SUMS	
protocols/prover-d2/amendments/kit-v3-x86-r4/lib/cpu-visibility.js	GIT	749eea66bb9bf3256f1afbabd0119dd67c1fca95c3174c8373b49f9470942867	3207	PRESENT	protocols/prover-d2/amendments/SHA256SUMS	
protocols/prover-d2/amendments/kit-v3-x86-r4/lib/pipeline.js	GIT	7b1799bf71c1d90dab966705ae9843920a44b9ba85fa258658ec7677f30504d9	5692	PRESENT	protocols/prover-d2/amendments/SHA256SUMS	
protocols/prover-d2/amendments/kit-v3-x86-r4/lib/schema.js	GIT	bf73cea92de0de1ecaf0540f81ee6cd05bbf2773392d9c553957e813fe0fe2b2	3507	PRESENT	protocols/prover-d2/amendments/SHA256SUMS	
protocols/prover-d2/amendments/kit-v3-x86-r4/lib/validate.js	GIT	40370dd7f8f8bf82239fb3cfb7fc0accbd6bff99f75e9e1f3f468288148316f8	9635	PRESENT	protocols/prover-d2/amendments/SHA256SUMS	
protocols/prover-d2/amendments/kit-v3-x86-r4/make_schedule.js	GIT	2199c2ade870b63b04f6bb099aa5e12a18e708fa942c1f342c7a7582175dcbbd	11969	PRESENT	protocols/prover-d2/amendments/SHA256SUMS	
protocols/prover-d2/amendments/kit-v3-x86-r4/package-lock.json	GIT	5774be4171d9433dbb49700fcb44053739f086ade74cd8cbec85889a01a104e2	30017	PRESENT	protocols/prover-d2/amendments/SHA256SUMS	
protocols/prover-d2/amendments/kit-v3-x86-r4/package.json	GIT	c90cd8563f86f0499a2975153f02a0d12b0af58bbdbbee56d331ab22ca93c7d2	330	PRESENT	protocols/prover-d2/amendments/SHA256SUMS	
protocols/prover-d2/amendments/kit-v3-x86-r4/preflight.js	GIT	1005faf03e6d52b72258be25d83be60eabf8cd607d0de30a74fc26d4400d3fdd	4723	PRESENT	protocols/prover-d2/amendments/SHA256SUMS	
protocols/prover-d2/amendments/kit-v3-x86-r4/provenance.js	GIT	9081ab55c54337a5f51dbc72e1a6ad9e7ff059aab0e2a13ab3e087866d4f9a06	10714	PRESENT	protocols/prover-d2/amendments/SHA256SUMS	
protocols/prover-d2/amendments/kit-v3-x86-r4/record_controls.js	GIT	bd82f6e36fb4101639ce3261f999cba84b414190dd12474ac50bd77b5ddda684	2221	PRESENT	protocols/prover-d2/amendments/SHA256SUMS	
protocols/prover-d2/amendments/kit-v3-x86-r4/run-campaign.sh	GIT	047ea4c904434c6dabe9b4668d6697dd5654dc732bef7cadaa372c892647d1a1	26230	PRESENT	protocols/prover-d2/amendments/SHA256SUMS	
protocols/prover-d2/amendments/kit-v3-x86-r4/setup_plonk_zkeys.js	GIT	d4a961adf82cda98bafe0efab68b3f03f5c12fcea2b15ba9dedeb616a25808ed	1130	PRESENT	protocols/prover-d2/amendments/SHA256SUMS	
protocols/prover-d2/amendments/kit-v3-x86-r4/summarize_prover.js	GIT	10d0fd6219dbe52a7edee906d675817f76af39b9c2b17524eab81e69a988fae0	11324	PRESENT	protocols/prover-d2/amendments/SHA256SUMS	
protocols/prover-d2/amendments/kit-v3-x86-r4/test-resume.sh	GIT	61a96faf6f240099a4a97bf5bb588b52ad4f81a2a21546fb93549cfcd07be500	4687	PRESENT	protocols/prover-d2/amendments/SHA256SUMS	
protocols/prover-d2/amendments/kit-v3-x86-r4/validate_round.js	GIT	b1314f009a46a8288ad94c38118398f7c8a868ae07514aa9f215b687eef6bff0	2932	PRESENT	protocols/prover-d2/amendments/SHA256SUMS	
protocols/prover-d2/amendments/kit-v3-x86-r5/Dockerfile	GIT	2b3460d3ba950f771656f58cee6a62fd8f17834edbd21b1b124db130e9bfbde3	1176	PRESENT	protocols/prover-d2/amendments/SHA256SUMS	
protocols/prover-d2/amendments/kit-v3-x86-r5/README.md	GIT	b178681198a226365b0b04b1fe70671ffad37ec1f94debf5128ee1e918d9f401	6431	PRESENT	protocols/prover-d2/amendments/SHA256SUMS	
protocols/prover-d2/amendments/kit-v3-x86-r5/campaign_state.js	GIT	1387f2d7b5ba5bb96adbb1d6e266c3f71f8b5b84e5f7012e133b20757dde05ea	4697	PRESENT	protocols/prover-d2/amendments/SHA256SUMS	
protocols/prover-d2/amendments/kit-v3-x86-r5/check_resume_test.js	GIT	b0f83a6431fbaa28b80dd293b42d403923ee08c8d5763da4fe3b59bcbc9ea849	5183	PRESENT	protocols/prover-d2/amendments/SHA256SUMS	
protocols/prover-d2/amendments/kit-v3-x86-r5/compose.yaml	GIT	a2c2cdda159fb0fe72885ad85e84c39f5c26e403c9b4d631c561aec8ee9e88a7	2137	PRESENT	protocols/prover-d2/amendments/SHA256SUMS	
protocols/prover-d2/amendments/kit-v3-x86-r5/harness.js	GIT	9b66a7a5d860145d452afc073db43731601f4a5b8c77d0b9157cf2bf860dd3e7	9934	PRESENT	protocols/prover-d2/amendments/SHA256SUMS	
protocols/prover-d2/amendments/kit-v3-x86-r5/hostb_quiet.py	GIT	3e74157e789ba2933c308a08d0b16fdc6c16382876e27fd5b02fa10f921e924d	10025	PRESENT	protocols/prover-d2/amendments/SHA256SUMS	
protocols/prover-d2/amendments/kit-v3-x86-r5/lib/checks.js	GIT	33b07173a95df764fcb00bca93f295a77af500ede30eb4abbcb501f10e75afdd	3266	PRESENT	protocols/prover-d2/amendments/SHA256SUMS	
protocols/prover-d2/amendments/kit-v3-x86-r5/lib/common.js	GIT	9777629f7f65fb4c3d21725a98b535113d2500381efc1ade4c75b7135a63ee7b	12263	PRESENT	protocols/prover-d2/amendments/SHA256SUMS	
protocols/prover-d2/amendments/kit-v3-x86-r5/lib/cpu-visibility.js	GIT	749eea66bb9bf3256f1afbabd0119dd67c1fca95c3174c8373b49f9470942867	3207	PRESENT	protocols/prover-d2/amendments/SHA256SUMS	
protocols/prover-d2/amendments/kit-v3-x86-r5/lib/pipeline.js	GIT	7b1799bf71c1d90dab966705ae9843920a44b9ba85fa258658ec7677f30504d9	5692	PRESENT	protocols/prover-d2/amendments/SHA256SUMS	
protocols/prover-d2/amendments/kit-v3-x86-r5/lib/schema.js	GIT	bf73cea92de0de1ecaf0540f81ee6cd05bbf2773392d9c553957e813fe0fe2b2	3507	PRESENT	protocols/prover-d2/amendments/SHA256SUMS	
protocols/prover-d2/amendments/kit-v3-x86-r5/lib/validate.js	GIT	40370dd7f8f8bf82239fb3cfb7fc0accbd6bff99f75e9e1f3f468288148316f8	9635	PRESENT	protocols/prover-d2/amendments/SHA256SUMS	
protocols/prover-d2/amendments/kit-v3-x86-r5/make_schedule.js	GIT	2199c2ade870b63b04f6bb099aa5e12a18e708fa942c1f342c7a7582175dcbbd	11969	PRESENT	protocols/prover-d2/amendments/SHA256SUMS	
protocols/prover-d2/amendments/kit-v3-x86-r5/package-lock.json	GIT	5774be4171d9433dbb49700fcb44053739f086ade74cd8cbec85889a01a104e2	30017	PRESENT	protocols/prover-d2/amendments/SHA256SUMS	
protocols/prover-d2/amendments/kit-v3-x86-r5/package.json	GIT	c90cd8563f86f0499a2975153f02a0d12b0af58bbdbbee56d331ab22ca93c7d2	330	PRESENT	protocols/prover-d2/amendments/SHA256SUMS	
protocols/prover-d2/amendments/kit-v3-x86-r5/preflight.js	GIT	1005faf03e6d52b72258be25d83be60eabf8cd607d0de30a74fc26d4400d3fdd	4723	PRESENT	protocols/prover-d2/amendments/SHA256SUMS	
protocols/prover-d2/amendments/kit-v3-x86-r5/provenance.js	GIT	9081ab55c54337a5f51dbc72e1a6ad9e7ff059aab0e2a13ab3e087866d4f9a06	10714	PRESENT	protocols/prover-d2/amendments/SHA256SUMS	
protocols/prover-d2/amendments/kit-v3-x86-r5/record_controls.js	GIT	bd82f6e36fb4101639ce3261f999cba84b414190dd12474ac50bd77b5ddda684	2221	PRESENT	protocols/prover-d2/amendments/SHA256SUMS	
protocols/prover-d2/amendments/kit-v3-x86-r5/run-campaign.sh	GIT	047ea4c904434c6dabe9b4668d6697dd5654dc732bef7cadaa372c892647d1a1	26230	PRESENT	protocols/prover-d2/amendments/SHA256SUMS	
protocols/prover-d2/amendments/kit-v3-x86-r5/setup_plonk_zkeys.js	GIT	d4a961adf82cda98bafe0efab68b3f03f5c12fcea2b15ba9dedeb616a25808ed	1130	PRESENT	protocols/prover-d2/amendments/SHA256SUMS	
protocols/prover-d2/amendments/kit-v3-x86-r5/summarize_prover.js	GIT	10d0fd6219dbe52a7edee906d675817f76af39b9c2b17524eab81e69a988fae0	11324	PRESENT	protocols/prover-d2/amendments/SHA256SUMS	
protocols/prover-d2/amendments/kit-v3-x86-r5/test-resume.sh	GIT	61a96faf6f240099a4a97bf5bb588b52ad4f81a2a21546fb93549cfcd07be500	4687	PRESENT	protocols/prover-d2/amendments/SHA256SUMS	
protocols/prover-d2/amendments/kit-v3-x86-r5/validate_round.js	GIT	b1314f009a46a8288ad94c38118398f7c8a868ae07514aa9f215b687eef6bff0	2932	PRESENT	protocols/prover-d2/amendments/SHA256SUMS	
protocols/prover-d2/final/FINAL-FREEZE.md	GIT	f9bc29ee41ecb7cbcda5534d73497edba5b2b22819c0db02eeeb8b8488e1dbb7	6127	PRESENT	protocols/prover-d2/final/SHA256SUMS	
protocols/prover-d2/final/FROZEN-UTC.txt	GIT	37809e51e96b11ddbcf910293538e3460325b2b46b02a6352d6bc56e97a31779	21	PRESENT	protocols/prover-d2/final/SHA256SUMS	
protocols/prover-d2/final/IMAGE-r5.json	GIT	f56944c7d75199d119b14b2dfa95e98f409380531cc4d75ffaee53689f73b937	2029	PRESENT	protocols/prover-d2/final/SHA256SUMS	
protocols/prover-d2/final/KIT-v3-x86-r5.filelist.sha256	GIT	5352f80142e364baec65082c39aa59e94f4625dff448989e2cbb8f729f8c1197	2011	PRESENT	protocols/prover-d2/final/SHA256SUMS	
protocols/prover-d2/final/PAYLOAD-AND-TREE-r5.json	GIT	2f21c95c0a6647148aa8ed345557de06235dec3307b489bacf870581b1a66a31	1283	PRESENT	protocols/prover-d2/final/SHA256SUMS	
protocols/prover-d2/final/SHA256SUMS	GIT	7fcccbecc76079713fe0f5c4ea21667026c93ce28949421ba4795ba316fb864f	1335	PRESENT		
protocols/prover-d2/final/d2-analysis-engineering-test/PYTHON-VERSION.txt	GIT	59cd171bfba8dfdcbe3343f94efd5294eb6c2298fe7afad8da1d54834089d7dc	8	PRESENT	protocols/prover-d2/final/SHA256SUMS	
protocols/prover-d2/final/d2-analysis-engineering-test/RUN-UTC.txt	GIT	d8156e5607f662e648785233d7aa4a5875b199c8cab4463c3db3a92d52902f2a	21	PRESENT	protocols/prover-d2/final/SHA256SUMS	
protocols/prover-d2/final/d2-analysis-engineering-test/SHA256SUMS	GIT	cf10a30a0600a97f693faeb8fd52e8d8cc7b4c4a351ca563b5b044ce5b7bfd77	447	PRESENT	protocols/prover-d2/final/SHA256SUMS	
protocols/prover-d2/final/d2-analysis-engineering-test/console.txt	GIT	2179fe9d9ad7e392befe16406cbffb2874046919d5102dd585b631409084951b	101	PRESENT	protocols/prover-d2/final/SHA256SUMS	
protocols/prover-d2/final/d2-analysis-engineering-test/d2-analysis-engineering-test-results.json	GIT	e3f34aec28c173c10ecdb291af6a67dc8b358bfd04639533286e12cfc3d1f7a4	4485	PRESENT	protocols/prover-d2/final/SHA256SUMS	
protocols/prover-d2/final/d2-analysis-engineering-test/d2_analysis_engineering_test.py	GIT	35da81149e1c67feefef2611ca153788efd764683a2fd5beefce375187c3f8d1	7400	PRESENT	protocols/prover-d2/final/SHA256SUMS	
protocols/prover-d2/final/d2_analysis-vs-d3_reanalysis.diff	GIT	16d9e475d85f3aebf0ea9d36746e99d8baec3f7197c15c8e06b0ffd9a0db7faf	21392	PRESENT	protocols/prover-d2/final/SHA256SUMS	
protocols/prover-d2/final/d2_analysis.py	GIT	3f80cc8f45ce381c9832be6bc809d05f244c79621e5071c86335de6f907d5fa4	15548	PRESENT	protocols/prover-d2/final/SHA256SUMS	
protocols/prover-d2/preregistration/D2-PREREGISTRATION.md	GIT	a4a4e2f499a72c4e138c7727da08c3559acb6682293f15c89bf99567bba4fa91	12424	PRESENT	protocols/prover-d2/preregistration/SHA256SUMS	
protocols/prover-d2/preregistration/KIT-DIFF-vs-v3.txt	GIT	e91e90b07dadbf93c69d2dec7aad895e55908422b6069ab1a45b4449d69c7bbc	73252	PRESENT	protocols/prover-d2/preregistration/SHA256SUMS	
protocols/prover-d2/preregistration/SHA256SUMS	GIT	97a05eca76af2083b304eb443f2067ffbaaac2398a2c94a1f25a7fd5765c72b4	3571	PRESENT		
protocols/prover-d2/preregistration/engineering-tests/ET2-execution_plan.csv	GIT	99fb360ccb801606ee13a7aa03705522aceb5845a0d62affd647d9a2b0badc94	944	PRESENT	protocols/prover-d2/preregistration/SHA256SUMS	
protocols/prover-d2/preregistration/engineering-tests/ET2-make_schedule-CAMPAIGN.json	GIT	807a480ea790c19c7a720268269a57e2e45aaae5f652286419d4f2a3d9900d79	5296	PRESENT	protocols/prover-d2/preregistration/SHA256SUMS	
protocols/prover-d2/preregistration/engineering-tests/ET2-schedule.csv	GIT	f7e6de3bbd1c9d24b0c41909414014c4e9cd1ee2ff2179c845aec8b9464fbb95	10064	PRESENT	protocols/prover-d2/preregistration/SHA256SUMS	
protocols/prover-d2/preregistration/engineering-tests/ET3-pipe_test.js	GIT	828a970770a9cfe034935e8c0fcdfd603618547e39659b001570413b37aab10e	1416	PRESENT	protocols/prover-d2/preregistration/SHA256SUMS	
protocols/prover-d2/preregistration/engineering-tests/ET4-quiet-selftest.txt	GIT	43f07937c3d3e2937610d1bfb95b915309d72275397847577a79dec13170bb0f	320	PRESENT	protocols/prover-d2/preregistration/SHA256SUMS	
protocols/prover-d2/preregistration/kit-v3-x86/Dockerfile	GIT	2b3460d3ba950f771656f58cee6a62fd8f17834edbd21b1b124db130e9bfbde3	1176	PRESENT	protocols/prover-d2/preregistration/SHA256SUMS	
protocols/prover-d2/preregistration/kit-v3-x86/README.md	GIT	b178681198a226365b0b04b1fe70671ffad37ec1f94debf5128ee1e918d9f401	6431	PRESENT	protocols/prover-d2/preregistration/SHA256SUMS	
protocols/prover-d2/preregistration/kit-v3-x86/campaign_state.js	GIT	1387f2d7b5ba5bb96adbb1d6e266c3f71f8b5b84e5f7012e133b20757dde05ea	4697	PRESENT	protocols/prover-d2/preregistration/SHA256SUMS	
protocols/prover-d2/preregistration/kit-v3-x86/check_resume_test.js	GIT	3a80711d9b6b6e2d7d961747312d4d26ec6e4c3aa6f547509417c7dbeca1c88d	5054	PRESENT	protocols/prover-d2/preregistration/SHA256SUMS	
protocols/prover-d2/preregistration/kit-v3-x86/compose.yaml	GIT	a2c2cdda159fb0fe72885ad85e84c39f5c26e403c9b4d631c561aec8ee9e88a7	2137	PRESENT	protocols/prover-d2/preregistration/SHA256SUMS	
protocols/prover-d2/preregistration/kit-v3-x86/harness.js	GIT	9b66a7a5d860145d452afc073db43731601f4a5b8c77d0b9157cf2bf860dd3e7	9934	PRESENT	protocols/prover-d2/preregistration/SHA256SUMS	
protocols/prover-d2/preregistration/kit-v3-x86/hostb_quiet.py	GIT	932a8986bf1aa6a376426ef6bfc69ec90f2a1815918e566fc4b1b0c2b5efcbe3	9893	PRESENT	protocols/prover-d2/preregistration/SHA256SUMS	
protocols/prover-d2/preregistration/kit-v3-x86/lib/checks.js	GIT	33b07173a95df764fcb00bca93f295a77af500ede30eb4abbcb501f10e75afdd	3266	PRESENT	protocols/prover-d2/preregistration/SHA256SUMS	
protocols/prover-d2/preregistration/kit-v3-x86/lib/common.js	GIT	9777629f7f65fb4c3d21725a98b535113d2500381efc1ade4c75b7135a63ee7b	12263	PRESENT	protocols/prover-d2/preregistration/SHA256SUMS	
protocols/prover-d2/preregistration/kit-v3-x86/lib/cpu-visibility.js	GIT	749eea66bb9bf3256f1afbabd0119dd67c1fca95c3174c8373b49f9470942867	3207	PRESENT	protocols/prover-d2/preregistration/SHA256SUMS	
protocols/prover-d2/preregistration/kit-v3-x86/lib/pipeline.js	GIT	7b1799bf71c1d90dab966705ae9843920a44b9ba85fa258658ec7677f30504d9	5692	PRESENT	protocols/prover-d2/preregistration/SHA256SUMS	
protocols/prover-d2/preregistration/kit-v3-x86/lib/schema.js	GIT	bf73cea92de0de1ecaf0540f81ee6cd05bbf2773392d9c553957e813fe0fe2b2	3507	PRESENT	protocols/prover-d2/preregistration/SHA256SUMS	
protocols/prover-d2/preregistration/kit-v3-x86/lib/validate.js	GIT	40370dd7f8f8bf82239fb3cfb7fc0accbd6bff99f75e9e1f3f468288148316f8	9635	PRESENT	protocols/prover-d2/preregistration/SHA256SUMS	
protocols/prover-d2/preregistration/kit-v3-x86/make_schedule.js	GIT	2199c2ade870b63b04f6bb099aa5e12a18e708fa942c1f342c7a7582175dcbbd	11969	PRESENT	protocols/prover-d2/preregistration/SHA256SUMS	
protocols/prover-d2/preregistration/kit-v3-x86/package-lock.json	GIT	5774be4171d9433dbb49700fcb44053739f086ade74cd8cbec85889a01a104e2	30017	PRESENT	protocols/prover-d2/preregistration/SHA256SUMS	
protocols/prover-d2/preregistration/kit-v3-x86/package.json	GIT	c90cd8563f86f0499a2975153f02a0d12b0af58bbdbbee56d331ab22ca93c7d2	330	PRESENT	protocols/prover-d2/preregistration/SHA256SUMS	
protocols/prover-d2/preregistration/kit-v3-x86/preflight.js	GIT	1005faf03e6d52b72258be25d83be60eabf8cd607d0de30a74fc26d4400d3fdd	4723	PRESENT	protocols/prover-d2/preregistration/SHA256SUMS	
protocols/prover-d2/preregistration/kit-v3-x86/provenance.js	GIT	9081ab55c54337a5f51dbc72e1a6ad9e7ff059aab0e2a13ab3e087866d4f9a06	10714	PRESENT	protocols/prover-d2/preregistration/SHA256SUMS	
protocols/prover-d2/preregistration/kit-v3-x86/record_controls.js	GIT	acf81fe1cc308352e0c43ded8285ea15ee2101b4fbf2a52a9d9788f02797172e	2207	PRESENT	protocols/prover-d2/preregistration/SHA256SUMS	
protocols/prover-d2/preregistration/kit-v3-x86/run-campaign.sh	GIT	047ea4c904434c6dabe9b4668d6697dd5654dc732bef7cadaa372c892647d1a1	26230	PRESENT	protocols/prover-d2/preregistration/SHA256SUMS	
protocols/prover-d2/preregistration/kit-v3-x86/setup_plonk_zkeys.js	GIT	d4a961adf82cda98bafe0efab68b3f03f5c12fcea2b15ba9dedeb616a25808ed	1130	PRESENT	protocols/prover-d2/preregistration/SHA256SUMS	
protocols/prover-d2/preregistration/kit-v3-x86/summarize_prover.js	GIT	3fde442f455f8fb2cef48c03cca53d1717f8efc71761df46a0f365a08cf42a19	11341	PRESENT	protocols/prover-d2/preregistration/SHA256SUMS	
protocols/prover-d2/preregistration/kit-v3-x86/test-resume.sh	GIT	61a96faf6f240099a4a97bf5bb588b52ad4f81a2a21546fb93549cfcd07be500	4687	PRESENT	protocols/prover-d2/preregistration/SHA256SUMS	
protocols/prover-d2/preregistration/kit-v3-x86/validate_round.js	GIT	b1314f009a46a8288ad94c38118398f7c8a868ae07514aa9f215b687eef6bff0	2932	PRESENT	protocols/prover-d2/preregistration/SHA256SUMS	
protocols/prover-d2/preregistration/synthetic-corpus/CORPUS-ENGINEERING-CHECK.json	GIT	26ceafe4a0b3afef4343b2f91914872bf230f8ee7c41e47562940ad954b05f08	877	PRESENT	protocols/prover-d2/preregistration/SHA256SUMS	
protocols/prover-d2/preregistration/synthetic-corpus/SYNTHETIC-CORPUS.sha256	GIT	c7203a12c0e9619576a223356af42082f7db4304f05bb678f158860e1ccadc23	3659	PRESENT	protocols/prover-d2/preregistration/SHA256SUMS	
protocols/prover-d2/preregistration/synthetic-corpus/d2_synthetic_corpus.js	GIT	0367e14727db78051ff9040a56eafffdfb36d766b4d3f7d835ee8b16d77a8e11	4145	PRESENT	protocols/prover-d2/preregistration/SHA256SUMS	
protocols/prover-d2/preregistration/synthetic-corpus/synthetic-corpus-data.tgz	GIT	d871da53ac00101cb33155e3d2f30959668341f809652fd0654fe7f0d88e31cb	15236186	PRESENT	protocols/prover-d2/preregistration/SHA256SUMS	
protocols/prover-d3/D3-PROTOCOL.md	GIT	bd0faab3a162d6e42d957e478e12a6f62c052ce1d5d3156606761a28bc0a6f50	5002	PRESENT	protocols/prover-d3/SHA256SUMS	
protocols/prover-d3/SHA256SUMS	GIT	cdbb72567997f285ee0b2cc4524cb7f894e14b37b92e55b797b9b898a149e62d	366	PRESENT		
protocols/prover-d3/d3_reanalysis.py	GIT	94c3ad06fcf027ca3e6c0a1155e40c97286e1de3db40e08a3577b512a64f0f21	16803	PRESENT	protocols/prover-d3/SHA256SUMS	
protocols/prover-d3/engineering-test/README.md	GIT	75a59156430aa788e8fda8379ba2033c7a81892cbe07b0229a516804c4985b2b	357	PRESENT	protocols/prover-d3/SHA256SUMS	
protocols/prover-d3/engineering-test/synthetic_test.py	GIT	deeb754ab615bf30b2c620990450be7429724e91018e9fbd1cec403a2d84d3b7	5526	PRESENT	protocols/prover-d3/SHA256SUMS	
protocols/prover-procedure/PROVER-PROCEDURE-v3-EXTRACT.md	GIT	a6bec4abe7a6e38fa7a72a26d840e88a8674c8d39e265b0c1fedc421a2134ca0	35634	PRESENT		
protocols/prover-procedure/kit/.dockerignore	GIT	ece27d7bf47ff01aad596d5b3d00b9798125968838e2f85056f98b6c9a2f1438	18	PRESENT		
protocols/prover-procedure/kit/Dockerfile	GIT	cacd85666c51ecd7f0f75f6c6252a9750989415c8bc06f9d5d110c3a6f2af728	998	PRESENT		
protocols/prover-procedure/kit/README.md	GIT	8437839db5bed0192764c65163398067bff8b36e9b57e9656560ecbba4c93fed	5153	PRESENT		
protocols/prover-procedure/kit/campaign_state.js	GIT	1387f2d7b5ba5bb96adbb1d6e266c3f71f8b5b84e5f7012e133b20757dde05ea	4697	PRESENT		
protocols/prover-procedure/kit/check_resume_test.js	GIT	440eaf26af6dd76921e7c7e0c59acb8b6f6aafcc5c33808c45ae34eb89440a1d	5005	PRESENT		
protocols/prover-procedure/kit/compose.yaml	GIT	ea721f6e792fda4fe0646138544a3d1d3ae9bfa99d562a4c23b4bd1003e50e13	1905	PRESENT		
protocols/prover-procedure/kit/harness.js	GIT	3ab8a67a35f0da6979d247589d0cf776af0a08f724996e41296f1aa884215535	9267	PRESENT		
protocols/prover-procedure/kit/lib/checks.js	GIT	24a2d289b4bedfeb811cd4b9bf3b53d3fc6dc002805b9ef7cf786668c65f5111	2927	PRESENT		
protocols/prover-procedure/kit/lib/common.js	GIT	a8b02465922646ce80cfd466a849d36e974cbaf74afc11fa2973868721a96823	11276	PRESENT		
protocols/prover-procedure/kit/lib/cpu-visibility.js	GIT	749eea66bb9bf3256f1afbabd0119dd67c1fca95c3174c8373b49f9470942867	3207	PRESENT		
protocols/prover-procedure/kit/lib/pipeline.js	GIT	d8df078a337658d02fdd3efbccb417921b2119f794774f971b2cf30525cb3fec	5672	PRESENT		
protocols/prover-procedure/kit/lib/schema.js	GIT	031f746388c9708080e2ab1b74e40bd6d1cce76cdd399dc2369d5611f0b31da8	3030	PRESENT		
protocols/prover-procedure/kit/lib/validate.js	GIT	40370dd7f8f8bf82239fb3cfb7fc0accbd6bff99f75e9e1f3f468288148316f8	9635	PRESENT		
protocols/prover-procedure/kit/make_schedule.js	GIT	2536dc53ce326433db4cd36fe564bb5bfce17285d4f47a94922e6f9f2013d6cc	10229	PRESENT		
protocols/prover-procedure/kit/package-lock.json	GIT	5774be4171d9433dbb49700fcb44053739f086ade74cd8cbec85889a01a104e2	30017	PRESENT		
protocols/prover-procedure/kit/package.json	GIT	c90cd8563f86f0499a2975153f02a0d12b0af58bbdbbee56d331ab22ca93c7d2	330	PRESENT		
protocols/prover-procedure/kit/preflight.js	GIT	8f785894c8e823b93f1badb72654fee61fde021281a689bc04235919a0d2d508	4705	PRESENT		
protocols/prover-procedure/kit/provenance.js	GIT	10d4f5a2ad7317a6f064b99c2122293f113d0567f156e65af2110533795755a2	9698	PRESENT		
protocols/prover-procedure/kit/record_controls.js	GIT	acf81fe1cc308352e0c43ded8285ea15ee2101b4fbf2a52a9d9788f02797172e	2207	PRESENT		
protocols/prover-procedure/kit/run-campaign.sh	GIT	66616d03b0b8b7f53d251a7dfa0ea2112e2785ee72960c0fee335d51aede7133	25351	PRESENT		
protocols/prover-procedure/kit/summarize_prover.js	GIT	3fde442f455f8fb2cef48c03cca53d1717f8efc71761df46a0f365a08cf42a19	11341	PRESENT		
protocols/prover-procedure/kit/test-resume.sh	GIT	9ca2a31a4d37918120948fc50e4dafe1899aeab0e72e21936885feead7b83acf	4306	PRESENT		
protocols/prover-procedure/kit/validate_round.js	GIT	b9754e4216e4a1b2277bc9ebb1492a92825fdcfdd9a4c5b36c0209a0d79c6d31	2776	PRESENT		
provenance/EXTERNAL-PINS.tsv	GIT	ebc6fb19aac57e494a0fb4ced3e5d3a6a88ae6f2eb8adae8ef4d665f99856f9f	5734	PRESENT		
provenance/EXTRACTS.tsv	GIT	5f4dbba8d2c880183f506f1b81cc768d0370f4d1466ef6b4805a1395a5c6523e	791	PRESENT		
provenance/LABELS.md	GIT	6ae0e96f1737f14ea57d070d0c9972d2322c0964e0231a566a1443572e735faf	1825	PRESENT		
provenance/LFS-OBJECTS.tsv	GIT	b3f4d2ec1612486e50ffc13e66c7357ddc36369faaa3dadeb5b74d42a80fbf6d	3144	PRESENT		
provenance/LICENSE-MAP.tsv	GIT	fcb434f6720c3057020edd8bf3317f0b7238e47358e9b405d131e852796ff54f	392765	PRESENT		
provenance/PACKAGES.tsv	GIT	5057c40b6320d318fc2731674c0eeea1252d3df886f6f579c9c819b46517adb3	4697	PRESENT		
provenance/PATH-MAP.tsv	GIT	784fc9e61f0296b6cd9348e3579016aa1e4510414b0b810a2270312da00406aa	8776	PRESENT		
provenance/README.md	GIT	f94a60cde6f09716ccb57685e1eedad27ad21690b265e10557271394e77ab179	2140	PRESENT		
provenance/REGENERABLE.tsv	GIT	8e6e6d60d01cd5e3740984ffe09352ba4b2911a71b7d09147d82b7f06625f8db	6791	PRESENT		
provenance/WITHHELD.tsv	GIT	00ff4a909cf910fee3b8faaa43119f0705a9e86ada3d3f1b03e6e721962fbb43	1604	PRESENT		
scoring/README.md	GIT	5dad40557b29a625f19319b1b78240333632ea1a55055833270f73688a062a99	3564	PRESENT		
scoring/rescore.py	GIT	1df148dba04df6eb86c532ab9745bf6220c7495572573f71cb48aa2a785307d1	18641	PRESENT		
scripts/classify_licences.py	GIT	18f2ba3c8dd9c512eacf2741b9e435bb85d49949a0ab3ac8bcd6e6f9fdc9f9f7	5066	PRESENT		
scripts/regenerate-keys.sh	GIT	da5a444cc7c01acd5ba807ae61357acefac8ec9206de1341dc4bcb5da9a82215	435	PRESENT		
scripts/regenerate-outputs.sh	GIT	5b43d69220bc632efce64a4c1e01bbdda59ae8105ae3959ce0d001de27b2c063	1231	PRESENT		
scripts/regenerate_keys.py	GIT	b9b2d44d88c25b5e295ccf99126bd134f4098c572f1dd409576b8929170ed049	4603	PRESENT		
scripts/verify-artifact.sh	GIT	d659b1011650031eba582741916e360951452dd855f393f5744f9f72ead48f30	422	PRESENT		
scripts/verify_artifact.py	GIT	419fa265fe95b45e66ef82df5d588dd718a005a2ac23fc8e7f1960074b50d670	10922	PRESENT		
setup/README.md	GIT	67a8f627dc703b1f60c6cfb08c6b3df49b59500482ef1665caa8dae4a262d79e	1336	PRESENT		
setup/fflonk/TRANSFER-SHA256SUMS	GIT	67e46cc366f1609cd707ba0619037af0ba5d5db810d83fad672edba3ffca3953	6855	PRESENT		
setup/fflonk/compiled-verifiers/AMD-FF-1-G3-cloud-verify.json	GIT	685fd14d487b8fe7f48668c16ebbfd934de5ab8c29b3c5c8f370d290eb668ea9	8290	PRESENT	setup/fflonk/compiled-verifiers/SHA256SUMS	
setup/fflonk/compiled-verifiers/SHA256SUMS	GIT	cbd3312180ee3ade1786813469c687c56e7aa2729d47c19dde3a25f4499ac5e2	609	PRESENT		
setup/fflonk/compiled-verifiers/compiled-fflonk/c1_ff_k01-fflonk.json	GIT	3e72ef94b92e4850b5ba572b8156b1b202e090ca263fc95020ead4a1a3d1ec2a	412022	PRESENT	setup/fflonk/compiled-verifiers/SHA256SUMS	
setup/fflonk/compiled-verifiers/compiled-fflonk/c1_ff_k04-fflonk.json	GIT	df60f95e54d8767d7bc9aeaba8104b9123025be1820563922f0fb747427ee109	431614	PRESENT	setup/fflonk/compiled-verifiers/SHA256SUMS	
setup/fflonk/compiled-verifiers/compiled-fflonk/c1_ff_k16-fflonk.json	GIT	10f39c68413bc5418f1b83d2a41803bfe2fd619b4b2caaa0a078dccfe77b85b0	509452	PRESENT	setup/fflonk/compiled-verifiers/SHA256SUMS	
setup/fflonk/compiled-verifiers/compiled-fflonk/c1_ff_k32-fflonk.json	GIT	c6d8f4a2890485f3a4d86b51f3fbe8d794c6b8dad9a1c657a1e36636963044f6	613390	PRESENT	setup/fflonk/compiled-verifiers/SHA256SUMS	
setup/fflonk/compiled-verifiers/ff_cloud_verify.js	GIT	19d09febb3e83f06de9bd507561674784d393a73c67bbc8a0571c054e638b051	2087	PRESENT	setup/fflonk/compiled-verifiers/SHA256SUMS	
setup/fflonk/keys/c1_ff_k01/fflonk.vkey.json	GIT	8ed732225127e4a3270ab97be8787c99f3b2276e31f71ae7eff4626e1b8c9292	1107	PRESENT	setup/fflonk/TRANSFER-SHA256SUMS	
setup/fflonk/keys/c1_ff_k01/fflonkVerifier.sol	GIT	1ced35ab600629bfbe48d988937372fcee60363366d2812185751635073a6da3	60718	PRESENT	setup/fflonk/TRANSFER-SHA256SUMS	
setup/fflonk/keys/c1_ff_k01/prove.log	GIT	e3b0c44298fc1c149afbf4c8996fb92427ae41e4649b934ca495991b7852b855	0	PRESENT	setup/fflonk/TRANSFER-SHA256SUMS	
setup/fflonk/keys/c1_ff_k01/setup.log	GIT	f0f6fea4a65b8ebc38e681230f1653ab63c6f53fee3799ede1486dfa3be13f5d	2983	PRESENT	setup/fflonk/TRANSFER-SHA256SUMS	
setup/fflonk/keys/c1_ff_k04/fflonk.vkey.json	GIT	a0c5f6f2ac0ee9fe0ddb13ce2008a26825021143c61c2f1f964aabb9f9495b16	1106	PRESENT	setup/fflonk/TRANSFER-SHA256SUMS	
setup/fflonk/keys/c1_ff_k04/fflonkVerifier.sol	GIT	228e2ca26858c2976bfaea201fa6210168f81a7ab65bd54b914e5f405464fee0	63576	PRESENT	setup/fflonk/TRANSFER-SHA256SUMS	
setup/fflonk/keys/c1_ff_k04/prove.log	GIT	e3b0c44298fc1c149afbf4c8996fb92427ae41e4649b934ca495991b7852b855	0	PRESENT	setup/fflonk/TRANSFER-SHA256SUMS	
setup/fflonk/keys/c1_ff_k04/setup.log	GIT	1ec0689fab5a83edf578d5fcfccdbf445ed40a53a4648886135f1750f9d87ac8	2983	PRESENT	setup/fflonk/TRANSFER-SHA256SUMS	
setup/fflonk/keys/c1_ff_k16/fflonk.vkey.json	GIT	2884be29447a0d857bc31cac129a5ae09cae252facd1881184dabe795cd7fc6d	1107	PRESENT	setup/fflonk/TRANSFER-SHA256SUMS	
setup/fflonk/keys/c1_ff_k16/fflonkVerifier.sol	GIT	509a652fc9e065f780e008a28eee9804b869f928d4120569ba80bbc28ab72530	75093	PRESENT	setup/fflonk/TRANSFER-SHA256SUMS	
setup/fflonk/keys/c1_ff_k16/prove.log	GIT	e3b0c44298fc1c149afbf4c8996fb92427ae41e4649b934ca495991b7852b855	0	PRESENT	setup/fflonk/TRANSFER-SHA256SUMS	
setup/fflonk/keys/c1_ff_k16/setup.log	GIT	365c4ae9ec17ad4aad6c8c11432d55c701b63f2bc671cf8158d4be72668382be	2984	PRESENT	setup/fflonk/TRANSFER-SHA256SUMS	
setup/fflonk/keys/c1_ff_k32/fflonk.vkey.json	GIT	cdaead6ca3ff4e2e5a37a32dcfd725cce2b990f811bbdf31e06464642ea851a9	1107	PRESENT	setup/fflonk/TRANSFER-SHA256SUMS	
setup/fflonk/keys/c1_ff_k32/fflonkVerifier.sol	GIT	86ff588cba82ffea492dfd82f0847cdda28a6994f1f3d55a92dc23e245a1f8ce	90502	PRESENT	setup/fflonk/TRANSFER-SHA256SUMS	
setup/fflonk/keys/c1_ff_k32/prove.log	GIT	e3b0c44298fc1c149afbf4c8996fb92427ae41e4649b934ca495991b7852b855	0	PRESENT	setup/fflonk/TRANSFER-SHA256SUMS	
setup/fflonk/keys/c1_ff_k32/setup.log	GIT	0f8d0343493bea7d010ddfafc7626ed17711e1eae5abd9bf21b17d40e82c5fba	2984	PRESENT	setup/fflonk/TRANSFER-SHA256SUMS	
setup/fflonk/proofs/c1_ff_k01/fflonk-j0.json	GIT	5f4f4506b11ce851bc37a6eb3ba621ad07ce047c152ef8c729ac4712d6d9f7f7	2238	PRESENT	setup/fflonk/TRANSFER-SHA256SUMS	
setup/fflonk/proofs/c1_ff_k01/fflonk-j1.json	GIT	381816e5f467bcdd00be8531a2d947555a33e3822d0038dead5b0aa8422d506b	2237	PRESENT	setup/fflonk/TRANSFER-SHA256SUMS	
setup/fflonk/proofs/c1_ff_k01/fflonk-j2.json	GIT	c26cde0492f0d2077e28c2b22148fa070a96f07161f0e2c3ff94bdd7df4d2ce4	2234	PRESENT	setup/fflonk/TRANSFER-SHA256SUMS	
setup/fflonk/proofs/c1_ff_k01/fflonk-j3.json	GIT	ff8721494836d65b8978f09e4927124d3faaed502ed68b9f953b9c8cabfc6ac9	2230	PRESENT	setup/fflonk/TRANSFER-SHA256SUMS	
setup/fflonk/proofs/c1_ff_k01/fflonk-j4.json	GIT	c60a9db688687f60662c6f9b263825cf5fb1d96061104ef0b025c394b1bf7fa1	2234	PRESENT	setup/fflonk/TRANSFER-SHA256SUMS	
setup/fflonk/proofs/c1_ff_k01/fflonk-j5.json	GIT	a62a69c116ef6ef1fc66411bccae4de07f9001653df767bd2aff899f4a6f619d	2235	PRESENT	setup/fflonk/TRANSFER-SHA256SUMS	
setup/fflonk/proofs/c1_ff_k01/fflonk-j6.json	GIT	7ff816958f398c0502d208e40c637db8d53d94522502be546beee2e75af25108	2237	PRESENT	setup/fflonk/TRANSFER-SHA256SUMS	
setup/fflonk/proofs/c1_ff_k01/fflonk-j7.json	GIT	ba2a03c04b66073c18c83f3a74e0883e2855411767e6a746c6fed69bc6df8d9c	2231	PRESENT	setup/fflonk/TRANSFER-SHA256SUMS	
setup/fflonk/proofs/c1_ff_k04/fflonk-j0.json	GIT	30327cdbd2fdf4677d4df750191b2fe0f3df944077534a77654870611bb8dacb	2469	PRESENT	setup/fflonk/TRANSFER-SHA256SUMS	
setup/fflonk/proofs/c1_ff_k04/fflonk-j1.json	GIT	7ae69b669d59b4a475f4f135b7e6ef5e905664e74c859d1f7e682758c2b0df4c	2472	PRESENT	setup/fflonk/TRANSFER-SHA256SUMS	
setup/fflonk/proofs/c1_ff_k04/fflonk-j2.json	GIT	a6da038c2e918c00e3281eecea7eee0af1f9059128c382535003c9a05cdc09b3	2469	PRESENT	setup/fflonk/TRANSFER-SHA256SUMS	
setup/fflonk/proofs/c1_ff_k04/fflonk-j3.json	GIT	07a397381b6c495b1f9c82f18d5216abf75b495e23bab982109619a6993e3cfc	2470	PRESENT	setup/fflonk/TRANSFER-SHA256SUMS	
setup/fflonk/proofs/c1_ff_k04/fflonk-j4.json	GIT	a339fcc50f1d527a5bd3d98ca9bc02c91cc2075ff1d2feeb538eede7f0ae1c89	2471	PRESENT	setup/fflonk/TRANSFER-SHA256SUMS	
setup/fflonk/proofs/c1_ff_k04/fflonk-j5.json	GIT	56fe878487838d6682a038b2a703256903f14f5e3e8e9eec0e35f5b2ddab0de3	2470	PRESENT	setup/fflonk/TRANSFER-SHA256SUMS	
setup/fflonk/proofs/c1_ff_k04/fflonk-j6.json	GIT	044bb5874746b91ce9eb37873f44878c4be4f9eb3d70fdbd9b2c79abb7cbb508	2465	PRESENT	setup/fflonk/TRANSFER-SHA256SUMS	
setup/fflonk/proofs/c1_ff_k04/fflonk-j7.json	GIT	d4ad5f722e917fb9a749304f671be75934446fa2a365dda9f4b633a8b90fb262	2470	PRESENT	setup/fflonk/TRANSFER-SHA256SUMS	
setup/fflonk/proofs/c1_ff_k16/fflonk-j0.json	GIT	350b621e0f4c481777b539a9b8e966b02d07f56c6ca98affd226d0b1a0476692	3404	PRESENT	setup/fflonk/TRANSFER-SHA256SUMS	
setup/fflonk/proofs/c1_ff_k16/fflonk-j1.json	GIT	14ad3e91a6e7d9577aeb147f351d039f3cc5f29881e47b8ba8ae12a2f21314bf	3400	PRESENT	setup/fflonk/TRANSFER-SHA256SUMS	
setup/fflonk/proofs/c1_ff_k16/fflonk-j2.json	GIT	8599e759e3144f080faf325268e55f7a3226bbcded07e64f34b6d3a879a7dcbd	3402	PRESENT	setup/fflonk/TRANSFER-SHA256SUMS	
setup/fflonk/proofs/c1_ff_k16/fflonk-j3.json	GIT	db38c492ea5ea1860ac4cfc9909c7837efdd4256402755017724499f35eadbbc	3399	PRESENT	setup/fflonk/TRANSFER-SHA256SUMS	
setup/fflonk/proofs/c1_ff_k16/fflonk-j4.json	GIT	886565106951bd91a49eabf1225b97cb0df2a1a588f8d2e2e2fc9de1d4b4267d	3398	PRESENT	setup/fflonk/TRANSFER-SHA256SUMS	
setup/fflonk/proofs/c1_ff_k16/fflonk-j5.json	GIT	ed8fbdaa0dce03d66817e645bb65544b2ca6c07071c7074ede093e3280192d62	3400	PRESENT	setup/fflonk/TRANSFER-SHA256SUMS	
setup/fflonk/proofs/c1_ff_k16/fflonk-j6.json	GIT	49c6461c5a70c7378fe7a1b813c0ec7da2c26eb0a20e5bfc97def2950cd9a9be	3402	PRESENT	setup/fflonk/TRANSFER-SHA256SUMS	
setup/fflonk/proofs/c1_ff_k16/fflonk-j7.json	GIT	770827b136bed4eb3cb93ec15aa3751c328aebf209a8c4e13ac6fdd0d00531ab	3405	PRESENT	setup/fflonk/TRANSFER-SHA256SUMS	
setup/fflonk/proofs/c1_ff_k32/fflonk-j0.json	GIT	47f8e0133a4c92507f11845a248b44cb01bd19270d361d7f1a5aed7d808707bb	4651	PRESENT	setup/fflonk/TRANSFER-SHA256SUMS	
setup/fflonk/proofs/c1_ff_k32/fflonk-j1.json	GIT	5793c7571ab3d4ff5debf3a67e67ae795ebd9fdc7c8f78d3be8d9d9c33bdf7c4	4640	PRESENT	setup/fflonk/TRANSFER-SHA256SUMS	
setup/fflonk/proofs/c1_ff_k32/fflonk-j2.json	GIT	c93045ad399a2898ae6cf2f018c27359a962f8315e45e621b57aebe1ca4bd68d	4651	PRESENT	setup/fflonk/TRANSFER-SHA256SUMS	
setup/fflonk/proofs/c1_ff_k32/fflonk-j3.json	GIT	59cb21aff5afc6b8b465cdfb6cb7cfc5a6f1fe9e4d7b890173dfcf928ab2cc57	4645	PRESENT	setup/fflonk/TRANSFER-SHA256SUMS	
setup/fflonk/proofs/c1_ff_k32/fflonk-j4.json	GIT	3d9a4915cfc4e3547f4febfb5497ab839a88ddab426becb44da69562facc8128	4645	PRESENT	setup/fflonk/TRANSFER-SHA256SUMS	
setup/fflonk/proofs/c1_ff_k32/fflonk-j5.json	GIT	f867c6311892108c5a11b54399727d1b175c9fe69556455809884d71ed44f9e0	4646	PRESENT	setup/fflonk/TRANSFER-SHA256SUMS	
setup/fflonk/proofs/c1_ff_k32/fflonk-j6.json	GIT	5aad947ed4cc2d3dc0afda990956a58b15953df4bd00a934e4233e007fa75899	4648	PRESENT	setup/fflonk/TRANSFER-SHA256SUMS	
setup/fflonk/proofs/c1_ff_k32/fflonk-j7.json	GIT	555311f7641471844476f1f8e75468f163a68b79a9d68759eef4cbabc09ba21f	4645	PRESENT	setup/fflonk/TRANSFER-SHA256SUMS	
setup/fflonk/ptau-local/PTAU-LOCAL-RECORD.json	GIT	01521722c713da2c903ab610b3e043a147cd0bd17511779190b1000da018a674	1053	PRESENT	setup/fflonk/TRANSFER-SHA256SUMS	
setup/fflonk/ptau-local/PTAU-LOCAL-SHA256SUMS	GIT	1db494c3930026f1b104536f2b4ddc0358736df94990f02c7f9189e9536e376d	1020	PRESENT	setup/fflonk/TRANSFER-SHA256SUMS	
setup/fflonk/ptau-local/STATUS	GIT	47d1fd3ebe923400f374529cf7db4db789b08eb1beb3a66db886d3c74875c6ea	397	PRESENT	setup/fflonk/TRANSFER-SHA256SUMS	
setup/fflonk/ptau-local/TOOL-VERSIONS.txt	GIT	9a14356d2c060b3b47c928bebb05f0d62bd80af8918f9afdd234dac1f6c25293	357	PRESENT	setup/fflonk/TRANSFER-SHA256SUMS	
setup/fflonk/ptau-local/beacon-hash.txt	GIT	8a7951339edff2af45bdb77fc7f8e7b35776e384c7af40a1cf01a0d1c87222a3	65	PRESENT	setup/fflonk/TRANSFER-SHA256SUMS	
setup/fflonk/ptau-local/entropy-sha256-commitment.txt	GIT	5770986a7bf0009f9b96dfe680c70336d856c8aa3d1b6a3d1d80fa96fc35f745	65	PRESENT	setup/fflonk/TRANSFER-SHA256SUMS	
setup/fflonk/ptau-local/gen_ptau19.sh	GIT	9f3987459a8a45ebcd151b43a1a19e8e50f76afce156b6d330c36b9457bc7d11	3505	PRESENT	setup/fflonk/TRANSFER-SHA256SUMS	
setup/fflonk/ptau-local/log-beacon.txt	GIT	7342d56134f7a9ab546acbe2bac198544aa00d2c8527d2fb7868ab7033a9c11e	15161	PRESENT	setup/fflonk/TRANSFER-SHA256SUMS	
setup/fflonk/ptau-local/log-contribute.txt	GIT	b274f68b7c323ea303ad357acbf6e3474a96fe5c8696a3444a9ad19a0f07a08f	15558	PRESENT	setup/fflonk/TRANSFER-SHA256SUMS	
setup/fflonk/ptau-local/log-new.txt	GIT	6ff553ed80b119e2bda8e5382cd7dd620abc0590786e412f8a46c60e2944138c	2546	PRESENT	setup/fflonk/TRANSFER-SHA256SUMS	
setup/fflonk/ptau-local/log-prepare.txt	GIT	2d46b69ee51fa363610a1f4c74d7d8fc32d2eef34c3ade847e6d926596e0bf13	1122075	PRESENT	setup/fflonk/TRANSFER-SHA256SUMS	
setup/fflonk/ptau-local/log-verify.txt	GIT	4a0e4f6bb1f3335a41106ced92a521ebad4b56c62447ff995a51a4453831cf74	169800	PRESENT	setup/fflonk/TRANSFER-SHA256SUMS	
setup/fflonk/records/FFLONK-ARTIFACTS-SHA256SUMS	GIT	ee4a2ee7b70ca05a58e3163c491cf9d4f1a277fc55966aee187709a66024ad27	5028	PRESENT	setup/fflonk/TRANSFER-SHA256SUMS	
setup/fflonk/records/FFLONK-RESUME.txt	GIT	883f928daedb3e1deef4c8bc70bedd7e08e40d1caa5cb00cd9ca6c9aa34376ff	66	PRESENT	setup/fflonk/TRANSFER-SHA256SUMS	
setup/fflonk/records/FFLONK-STOP.G1-published-file.txt	GIT	5ac543bbd93ac8300064c90223c7ff11957314959cf061866a7d733ceb82c0c2	45	PRESENT	setup/fflonk/TRANSFER-SHA256SUMS	
setup/fflonk/records/PACKAGE-VERSIONS.txt	GIT	24d340b5c41df810d62453f3db5c2385dbe8c475268338b7e0120d7420c521e9	289	PRESENT	setup/fflonk/TRANSFER-SHA256SUMS	
setup/fflonk/records/STATUS	GIT	9c8b387ee3b9771d7b49493ba96fdce3c5b83080dedd76d0c14da89ece0078bc	889	PRESENT	setup/fflonk/TRANSFER-SHA256SUMS	
setup/fflonk/records/TOOLCHAIN-PIN-CHECK.txt	GIT	3a1a56434801d17bbc2bc5103640462eed37a70edd66394673977a4d6d0aac6c	598	PRESENT	setup/fflonk/TRANSFER-SHA256SUMS	
setup/fflonk/records/TOOLCHAIN.txt	GIT	d78ad86f116ade35b1f1d64bc642106c12e47f87f6e0776052e73638262f6360	151	PRESENT	setup/fflonk/TRANSFER-SHA256SUMS	
setup/fflonk/records/prove-log.jsonl	GIT	ef05ed877d7fbffe48071f9c7a7a02e3ada6e1e1154851386e398560ec5dd526	1552	PRESENT	setup/fflonk/TRANSFER-SHA256SUMS	
setup/fflonk/records/prove_ff.js	GIT	0046fcebe026dfc043900dd8542521720eec57578fe63f2a3dae0437b1ce7402	1590	PRESENT	setup/fflonk/TRANSFER-SHA256SUMS	
setup/fflonk/records/run_fflonk.sh	GIT	aa6ba83b26656021dba123ee80b5e155efc7a0d51fcca93c2820a8d2de0d7796	1665	PRESENT	setup/fflonk/TRANSFER-SHA256SUMS	
setup/prover-objects/ARTIFACTS.sha256	GIT	9a7829fe2584259f1dd0dc45cf73c5ce904fce7e61e964fb7958826f156b43be	21140	PRESENT		
setup/prover-objects/circuits/CredentialVerifier.circom	GIT	d53109552c5b9bd314db099228062a8a203abe3b8943af643bc1679bdc43253a	3545	PRESENT	setup/prover-objects/ARTIFACTS.sha256	
setup/prover-objects/circuits/CredentialVerifier_Depth10.circom	GIT	301b93500418c1339530b9d98f5785e46f5e8d6c4b5d70232e19a6de2544dc56	3546	PRESENT	setup/prover-objects/ARTIFACTS.sha256	
setup/prover-objects/circuits/CredentialVerifier_Depth11.circom	GIT	b9bbb487b0acea3eaafeff18b5ce1d4525ba8cb5a920e7096087333ac95fafb6	3546	PRESENT	setup/prover-objects/ARTIFACTS.sha256	
setup/prover-objects/circuits/CredentialVerifier_Depth12.circom	GIT	2de40feae68cff002577dc708e2e299079207f327d81e042fa2b0216db120837	3546	PRESENT	setup/prover-objects/ARTIFACTS.sha256	
setup/prover-objects/circuits/CredentialVerifier_Depth13.circom	GIT	1a3633c2c3eb6c37125344b632ce305cdbca85c5f1fce7e4b95a8fb76b5ebad9	3546	PRESENT	setup/prover-objects/ARTIFACTS.sha256	
setup/prover-objects/circuits/CredentialVerifier_Depth14.circom	GIT	3e40bd63a5770f50650b2907bcc2690668c780051f3c662caf5da6c7ef5464bd	3546	PRESENT	setup/prover-objects/ARTIFACTS.sha256	
setup/prover-objects/circuits/CredentialVerifier_Depth15.circom	GIT	8b0f7257d04dfdf126cbdaa3122c642d1bbaef22b8d4d26aa66865a3aea80353	3546	PRESENT	setup/prover-objects/ARTIFACTS.sha256	
setup/prover-objects/circuits/CredentialVerifier_Depth5.circom	GIT	d53109552c5b9bd314db099228062a8a203abe3b8943af643bc1679bdc43253a	3545	PRESENT	setup/prover-objects/ARTIFACTS.sha256	
setup/prover-objects/circuits/CredentialVerifier_Depth6.circom	GIT	b46dca7e93c74a1df7c3f41c03f4a4c3bcd9bc66c5c5d2e5c4dc29738f1c80b6	3545	PRESENT	setup/prover-objects/ARTIFACTS.sha256	
setup/prover-objects/circuits/CredentialVerifier_Depth7.circom	GIT	4c0cc0588582aec9006173f8c0f59964d9dd2091afa3e9b6a117b01b9a5d4644	3545	PRESENT	setup/prover-objects/ARTIFACTS.sha256	
setup/prover-objects/circuits/CredentialVerifier_Depth8.circom	GIT	d66a40f3359e27dccf92670ac4a770dd0bd3a4a3561e63d208082d08ce42a71a	3545	PRESENT	setup/prover-objects/ARTIFACTS.sha256	
setup/prover-objects/circuits/CredentialVerifier_Depth9.circom	GIT	7d202c5cf475251cbc1b77b9567b5318ae93249ffa5e9572b0a52ba0409619f6	3545	PRESENT	setup/prover-objects/ARTIFACTS.sha256	
setup/prover-objects/contracts/Groth16LegacyVerifierDepth10.sol	GIT	6f57bdf058976e33bd3d014ae7888d0b3a19281d86a7f06b65a73f736bc04d57	7077	PRESENT	setup/prover-objects/ARTIFACTS.sha256	
setup/prover-objects/contracts/Groth16LegacyVerifierDepth11.sol	GIT	da6e3075c9d17039615579eb1c0946423cae0651a57dca2256561a362fbf3dd7	7071	PRESENT	setup/prover-objects/ARTIFACTS.sha256	
setup/prover-objects/contracts/Groth16LegacyVerifierDepth12.sol	GIT	575089f2592292ca8bc33c395df210dfa8df55943211d64f7f9cfa49e0d4081e	7078	PRESENT	setup/prover-objects/ARTIFACTS.sha256	
setup/prover-objects/contracts/Groth16LegacyVerifierDepth13.sol	GIT	8b51648490813c526f93ca62ee1aacd404a048de9fbcd1d88aa90a234bdf9eb1	7079	PRESENT	setup/prover-objects/ARTIFACTS.sha256	
setup/prover-objects/contracts/Groth16LegacyVerifierDepth14.sol	GIT	854d4501db66c5cf31e6953f80e174971068040e2380448b4da7582c0e9d8c4e	7078	PRESENT	setup/prover-objects/ARTIFACTS.sha256	
setup/prover-objects/contracts/Groth16LegacyVerifierDepth15.sol	GIT	3c29dd4aece8ef7f996f7b23994240cb12d5fb65d51a11665996bddcc0b15c1f	7079	PRESENT	setup/prover-objects/ARTIFACTS.sha256	
setup/prover-objects/contracts/Groth16LegacyVerifierDepth5.sol	GIT	bf43826b8afcc6fd43c77d760db3f2f7bad230a88301ecb12bfa0458b8b9bfad	7075	PRESENT	setup/prover-objects/ARTIFACTS.sha256	
setup/prover-objects/contracts/Groth16LegacyVerifierDepth6.sol	GIT	9fddbf723f16f05ec11bd6b61669c79fded63f3605e85c7bcd2c71af1a49a954	7077	PRESENT	setup/prover-objects/ARTIFACTS.sha256	
setup/prover-objects/contracts/Groth16LegacyVerifierDepth7.sol	GIT	d748e1f7bcbe1de061e410f774b010966f0d6339f344c5578bae45628ca221bf	7075	PRESENT	setup/prover-objects/ARTIFACTS.sha256	
setup/prover-objects/contracts/Groth16LegacyVerifierDepth8.sol	GIT	de0fbb11c80411a9bc9cdfb325d61fbbb3322f3cc52390dbb7899d96868fdb0f	7079	PRESENT	setup/prover-objects/ARTIFACTS.sha256	
setup/prover-objects/contracts/Groth16LegacyVerifierDepth9.sol	GIT	330de7a73c5926869f00c8353d15e276351f24816c4ff7c226e476aa3f578456	7077	PRESENT	setup/prover-objects/ARTIFACTS.sha256	
setup/prover-objects/data/groth16-public-proof/proof_depth_10_index_0.json	GIT	11108127ec193f2fdd8b89c0d64b8c52acbe29692e87f22f4625fbcb41700014	806	PRESENT	setup/prover-objects/ARTIFACTS.sha256	
setup/prover-objects/data/groth16-public-proof/proof_depth_11_index_0.json	GIT	c40e1c1785c98bca699cf317baaa3f6d6b69aab1ada2c13c35b6339a3ef28a4d	802	PRESENT	setup/prover-objects/ARTIFACTS.sha256	
setup/prover-objects/data/groth16-public-proof/proof_depth_12_index_0.json	GIT	b3ecfa848a009b0cebe4b7f0d92dcab544f1c8e9128754281d10992ed6659440	806	PRESENT	setup/prover-objects/ARTIFACTS.sha256	
setup/prover-objects/data/groth16-public-proof/proof_depth_13_index_0.json	GIT	de781f5a419ada1e822a71288b3404d45138b495b5e36fb0268daf14bb23e020	804	PRESENT	setup/prover-objects/ARTIFACTS.sha256	
setup/prover-objects/data/groth16-public-proof/proof_depth_14_index_0.json	GIT	80ee37d0d8020ac0ada6f4453fbb7d98abfff9e5879c87c1d12978210f6c1303	804	PRESENT	setup/prover-objects/ARTIFACTS.sha256	
setup/prover-objects/data/groth16-public-proof/proof_depth_15_index_0.json	GIT	85f35664b2faff9466a4c1265c0fa38d489fac7631ee6a947607f0dea3395c0d	803	PRESENT	setup/prover-objects/ARTIFACTS.sha256	
setup/prover-objects/data/groth16-public-proof/proof_depth_5_index_0.json	GIT	76349cc7e55ae3ea79d837370498c21a5a57944da11d7e9996264db65fa24735	807	PRESENT	setup/prover-objects/ARTIFACTS.sha256	
setup/prover-objects/data/groth16-public-proof/proof_depth_6_index_0.json	GIT	309967e86480508f8c68e50bce79b854ce6a96bb454880a4b9a7a22c63a57c2e	805	PRESENT	setup/prover-objects/ARTIFACTS.sha256	
setup/prover-objects/data/groth16-public-proof/proof_depth_7_index_0.json	GIT	d17073dfc0d24d3f63eff287f09842f94cc787255d9b56cb06ccce5212b3ab4e	807	PRESENT	setup/prover-objects/ARTIFACTS.sha256	
setup/prover-objects/data/groth16-public-proof/proof_depth_8_index_0.json	GIT	d3400f687a1871ed3e7a0bf5a54a7f5d7b72dad45adf02842e4de6bb1553e6e9	804	PRESENT	setup/prover-objects/ARTIFACTS.sha256	
setup/prover-objects/data/groth16-public-proof/proof_depth_9_index_0.json	GIT	bbb73a2984586565401c44b4195e5a8a37e05210b453b5b8878e8f1ec12c4d61	809	PRESENT	setup/prover-objects/ARTIFACTS.sha256	
setup/prover-objects/data/groth16-public-proof/public_depth_10_index_0.json	GIT	abed6427a7e1c8f4483b987cedfe6ce35ea37da0d14ef622f6d0408fcd547fbe	83	PRESENT	setup/prover-objects/ARTIFACTS.sha256	
setup/prover-objects/data/groth16-public-proof/public_depth_11_index_0.json	GIT	35ab1ba086649701c5768a03feb2150e0c5c60a224cb377c69076766b66e9401	84	PRESENT	setup/prover-objects/ARTIFACTS.sha256	
setup/prover-objects/data/groth16-public-proof/public_depth_12_index_0.json	GIT	a251848bdb54eed7d30164693c8f2d4baafe77da63e3125867737111325aea5c	83	PRESENT	setup/prover-objects/ARTIFACTS.sha256	
setup/prover-objects/data/groth16-public-proof/public_depth_13_index_0.json	GIT	b6e05fac87f7fb7787e19cd1d885bdd92e7723fd156ce134503f8ba99f822a0f	83	PRESENT	setup/prover-objects/ARTIFACTS.sha256	
setup/prover-objects/data/groth16-public-proof/public_depth_14_index_0.json	GIT	803e24b593ebea6bb03462ac49e408fd693ff96e0e761ff359cb36f174ca15a6	84	PRESENT	setup/prover-objects/ARTIFACTS.sha256	
setup/prover-objects/data/groth16-public-proof/public_depth_15_index_0.json	GIT	f992bf49d47c4e51e3363f67f283e69a21f367fae2d844b25ff893d0871d9e5b	84	PRESENT	setup/prover-objects/ARTIFACTS.sha256	
setup/prover-objects/data/groth16-public-proof/public_depth_5_index_0.json	GIT	f10988928fbf00d96464a78a8709fbeb3b2eef55d4376fd5a430b27a8e87ec58	83	PRESENT	setup/prover-objects/ARTIFACTS.sha256	
setup/prover-objects/data/groth16-public-proof/public_depth_6_index_0.json	GIT	09cc8e9eb45548713885535ab6c21cfac12e455c2ae62c4fce145f63656e69a3	83	PRESENT	setup/prover-objects/ARTIFACTS.sha256	
setup/prover-objects/data/groth16-public-proof/public_depth_7_index_0.json	GIT	9273e4af12bdda5a98bc688cd7b32f4b77dfda72ece72c4ca6a98d41ee33920f	83	PRESENT	setup/prover-objects/ARTIFACTS.sha256	
setup/prover-objects/data/groth16-public-proof/public_depth_8_index_0.json	GIT	f17f59865c25b81472129de3b2af25c33fb7d902ea37dabd8ce13e69ee35e146	83	PRESENT	setup/prover-objects/ARTIFACTS.sha256	
setup/prover-objects/data/groth16-public-proof/public_depth_9_index_0.json	GIT	500af9ee6c7a537ecb7f22934c26a370db11bbcd044e8818f45c7f43a5b139fd	84	PRESENT	setup/prover-objects/ARTIFACTS.sha256	
setup/prover-objects/data/groth16-vkeys/CredentialVerifier_Depth10_vkey.json	GIT	b2e0c372701c111d3223221d2f2e30ce69644bc52b548c596f97298a6a990da0	2926	PRESENT	setup/prover-objects/ARTIFACTS.sha256	
setup/prover-objects/data/groth16-vkeys/CredentialVerifier_Depth11_vkey.json	GIT	6caad706874b9cfa54ea45e4671e38375528fb7cccdaa6bc2ecf7f9f703602ff	2920	PRESENT	setup/prover-objects/ARTIFACTS.sha256	
setup/prover-objects/data/groth16-vkeys/CredentialVerifier_Depth12_vkey.json	GIT	c6402d1a61d51effc9cb0b26734b8925ed7a267f8d64f818cdf8dbc7cd8d2e2d	2927	PRESENT	setup/prover-objects/ARTIFACTS.sha256	
setup/prover-objects/data/groth16-vkeys/CredentialVerifier_Depth13_vkey.json	GIT	8b0f576e38003f2410e624f481b8fd640b0cbe557cedea8cdaf2c89def192172	2928	PRESENT	setup/prover-objects/ARTIFACTS.sha256	
setup/prover-objects/data/groth16-vkeys/CredentialVerifier_Depth14_vkey.json	GIT	495ff4497749682a488274d5d88baf5c21948070b2c60f5a8beea99df817eb40	2927	PRESENT	setup/prover-objects/ARTIFACTS.sha256	
setup/prover-objects/data/groth16-vkeys/CredentialVerifier_Depth15_vkey.json	GIT	0cf7b5b8a6f24510d5ecb153a96f543527e6ef0e53fd71dc4e3e0c6d63b11e0e	2928	PRESENT	setup/prover-objects/ARTIFACTS.sha256	
setup/prover-objects/data/groth16-vkeys/CredentialVerifier_Depth5_vkey.json	GIT	29db25872edc00211232ad17b7823af28973552a03e201a1929adb695c750560	2925	PRESENT	setup/prover-objects/ARTIFACTS.sha256	
setup/prover-objects/data/groth16-vkeys/CredentialVerifier_Depth6_vkey.json	GIT	cec5e7b8e77ed78b2457aa0a1ac5e68e25513e3971cd2e483ff5a1adf69d17b3	2927	PRESENT	setup/prover-objects/ARTIFACTS.sha256	
setup/prover-objects/data/groth16-vkeys/CredentialVerifier_Depth7_vkey.json	GIT	13e78fdf00ed55e9e33c688e9076be8f902127c8a85c5b29da80b74fc21cf3fd	2925	PRESENT	setup/prover-objects/ARTIFACTS.sha256	
setup/prover-objects/data/groth16-vkeys/CredentialVerifier_Depth8_vkey.json	GIT	2cb26870b4a184aefcfa09bf8e7b473f3e38379389276a521f52af299274e75b	2929	PRESENT	setup/prover-objects/ARTIFACTS.sha256	
setup/prover-objects/data/groth16-vkeys/CredentialVerifier_Depth9_vkey.json	GIT	e66d7224e8918af233e3637824b57f49c50fa68d90ecde97b82aee3292f1e598	2927	PRESENT	setup/prover-objects/ARTIFACTS.sha256	
setup/prover-objects/data/plonk-public-proof/proof_depth_10_index_0.json	GIT	8543bac63a401f45554dc360539691a9dc3d435606465b652802f2ea85adb3f1	2250	PRESENT	setup/prover-objects/ARTIFACTS.sha256	
setup/prover-objects/data/plonk-public-proof/proof_depth_11_index_0.json	GIT	16394140530e2f5bdc78e8332e29fc20962a2977b35ea217fe841a2e3c9842ba	2247	PRESENT	setup/prover-objects/ARTIFACTS.sha256	
setup/prover-objects/data/plonk-public-proof/proof_depth_12_index_0.json	GIT	8261c17e2971936b1b0cd0e6e3738e284d7b767060ace42e8b3f2cc1325e0638	2253	PRESENT	setup/prover-objects/ARTIFACTS.sha256	
setup/prover-objects/data/plonk-public-proof/proof_depth_13_index_0.json	GIT	9fa9c5d1f833ae4fb48eb46418f78166aa5ed378f309027a701fd2cd3b1daa80	2252	PRESENT	setup/prover-objects/ARTIFACTS.sha256	
setup/prover-objects/data/plonk-public-proof/proof_depth_14_index_0.json	GIT	5991ecfffab02b81dcc63ef88cbcdf962aafe837571e66e177c7c98aeb7649e6	2252	PRESENT	setup/prover-objects/ARTIFACTS.sha256	
setup/prover-objects/data/plonk-public-proof/proof_depth_15_index_0.json	GIT	6e9cecdf6ca1c4cea5bf73888b0a01e95fe50286c7e4f31f23d3e10c223fbbc1	2245	PRESENT	setup/prover-objects/ARTIFACTS.sha256	
setup/prover-objects/data/plonk-public-proof/proof_depth_5_index_0.json	GIT	95d4be5c432f7264e8840d98a6db5c95d0c03539ac8c7b3549c942a973312611	2245	PRESENT	setup/prover-objects/ARTIFACTS.sha256	
setup/prover-objects/data/plonk-public-proof/proof_depth_6_index_0.json	GIT	ec7185ce8f317c49f16944a38561046ad5a10b2b0681bd71babe5250d50c663e	2250	PRESENT	setup/prover-objects/ARTIFACTS.sha256	
setup/prover-objects/data/plonk-public-proof/proof_depth_7_index_0.json	GIT	36d0dacdf06c7297a146d3f6be7ad9ecf1931e7eb6ebf84f7af6dcb936af8064	2246	PRESENT	setup/prover-objects/ARTIFACTS.sha256	
setup/prover-objects/data/plonk-public-proof/proof_depth_8_index_0.json	GIT	74e88085de3eb1756d6e5e3afc1427fafee613690270363c53976794aa58c8ef	2250	PRESENT	setup/prover-objects/ARTIFACTS.sha256	
setup/prover-objects/data/plonk-public-proof/proof_depth_9_index_0.json	GIT	34577b15b461b6a7bebb1f3ca4d6d62973560b835e46322d7f4bb1078b6f076b	2253	PRESENT	setup/prover-objects/ARTIFACTS.sha256	
setup/prover-objects/data/plonk-public-proof/public_depth_10_index_0.json	GIT	abed6427a7e1c8f4483b987cedfe6ce35ea37da0d14ef622f6d0408fcd547fbe	83	PRESENT	setup/prover-objects/ARTIFACTS.sha256	
setup/prover-objects/data/plonk-public-proof/public_depth_11_index_0.json	GIT	35ab1ba086649701c5768a03feb2150e0c5c60a224cb377c69076766b66e9401	84	PRESENT	setup/prover-objects/ARTIFACTS.sha256	
setup/prover-objects/data/plonk-public-proof/public_depth_12_index_0.json	GIT	a251848bdb54eed7d30164693c8f2d4baafe77da63e3125867737111325aea5c	83	PRESENT	setup/prover-objects/ARTIFACTS.sha256	
setup/prover-objects/data/plonk-public-proof/public_depth_13_index_0.json	GIT	b6e05fac87f7fb7787e19cd1d885bdd92e7723fd156ce134503f8ba99f822a0f	83	PRESENT	setup/prover-objects/ARTIFACTS.sha256	
setup/prover-objects/data/plonk-public-proof/public_depth_14_index_0.json	GIT	803e24b593ebea6bb03462ac49e408fd693ff96e0e761ff359cb36f174ca15a6	84	PRESENT	setup/prover-objects/ARTIFACTS.sha256	
setup/prover-objects/data/plonk-public-proof/public_depth_15_index_0.json	GIT	f992bf49d47c4e51e3363f67f283e69a21f367fae2d844b25ff893d0871d9e5b	84	PRESENT	setup/prover-objects/ARTIFACTS.sha256	
setup/prover-objects/data/plonk-public-proof/public_depth_5_index_0.json	GIT	f10988928fbf00d96464a78a8709fbeb3b2eef55d4376fd5a430b27a8e87ec58	83	PRESENT	setup/prover-objects/ARTIFACTS.sha256	
setup/prover-objects/data/plonk-public-proof/public_depth_6_index_0.json	GIT	09cc8e9eb45548713885535ab6c21cfac12e455c2ae62c4fce145f63656e69a3	83	PRESENT	setup/prover-objects/ARTIFACTS.sha256	
setup/prover-objects/data/plonk-public-proof/public_depth_7_index_0.json	GIT	9273e4af12bdda5a98bc688cd7b32f4b77dfda72ece72c4ca6a98d41ee33920f	83	PRESENT	setup/prover-objects/ARTIFACTS.sha256	
setup/prover-objects/data/plonk-public-proof/public_depth_8_index_0.json	GIT	f17f59865c25b81472129de3b2af25c33fb7d902ea37dabd8ce13e69ee35e146	83	PRESENT	setup/prover-objects/ARTIFACTS.sha256	
setup/prover-objects/data/plonk-public-proof/public_depth_9_index_0.json	GIT	500af9ee6c7a537ecb7f22934c26a370db11bbcd044e8818f45c7f43a5b139fd	84	PRESENT	setup/prover-objects/ARTIFACTS.sha256	
setup/prover-objects/data/plonk-vkeys/CredentialVerifier_Depth10_plonk_vkey.json	GIT	51246dbf5c96101372f9f2609a7b14971ea126d2955dd0e21cfa79bb450663e1	2041	PRESENT	setup/prover-objects/ARTIFACTS.sha256	
setup/prover-objects/data/plonk-vkeys/CredentialVerifier_Depth11_plonk_vkey.json	GIT	17e0dd435813a4559c78d0f0608d7cf44fce29a3ae7fbae477ac1b774f5a6e1e	2039	PRESENT	setup/prover-objects/ARTIFACTS.sha256	
setup/prover-objects/data/plonk-vkeys/CredentialVerifier_Depth12_plonk_vkey.json	GIT	56775eb1fc6d8346500d69940b3cd5acb59548d007678b00450a8fa7b929f8e7	2037	PRESENT	setup/prover-objects/ARTIFACTS.sha256	
setup/prover-objects/data/plonk-vkeys/CredentialVerifier_Depth13_plonk_vkey.json	GIT	a9d000a392f47a5121302cebae376502d26e5267562b16951db9835af0643d95	2036	PRESENT	setup/prover-objects/ARTIFACTS.sha256	
setup/prover-objects/data/plonk-vkeys/CredentialVerifier_Depth14_plonk_vkey.json	GIT	471609c6e03a3e22a4118ef1ddacd0e921f3735a24ba66218f7c14ef97128d8b	2040	PRESENT	setup/prover-objects/ARTIFACTS.sha256	
setup/prover-objects/data/plonk-vkeys/CredentialVerifier_Depth15_plonk_vkey.json	GIT	6a6600229bbab5a3532be08ba19a1ae6b471eacb317c0d911665618d144d6fc0	2040	PRESENT	setup/prover-objects/ARTIFACTS.sha256	
setup/prover-objects/data/plonk-vkeys/CredentialVerifier_Depth5_plonk_vkey.json	GIT	9424cc86468f25ed703a6a03b759ffde4ecbbd6b2fe07d8cebda7af5af748849	2041	PRESENT	setup/prover-objects/ARTIFACTS.sha256	
setup/prover-objects/data/plonk-vkeys/CredentialVerifier_Depth6_plonk_vkey.json	GIT	a9ba2a0ccfde2a7908c317e860fe8d799550142b6484bb22ff85c57e54558007	2041	PRESENT	setup/prover-objects/ARTIFACTS.sha256	
setup/prover-objects/data/plonk-vkeys/CredentialVerifier_Depth7_plonk_vkey.json	GIT	f4397d0590fa948705c4d7ae492980138dfe695230bc325cd272a4c29b334aef	2043	PRESENT	setup/prover-objects/ARTIFACTS.sha256	
setup/prover-objects/data/plonk-vkeys/CredentialVerifier_Depth8_plonk_vkey.json	GIT	bcb0afa954b9699388d7310f6db0692b1ac8cf59acc46a2a7838b3ef5efe4c0d	2040	PRESENT	setup/prover-objects/ARTIFACTS.sha256	
setup/prover-objects/data/plonk-vkeys/CredentialVerifier_Depth9_plonk_vkey.json	GIT	745a05df7591e93bfeb2a1d67b3d017c6e965887b9ef9fc0e56c84d6df133d78	2041	PRESENT	setup/prover-objects/ARTIFACTS.sha256	
setup/prover-objects/data/zkp-circuits/CredentialVerifier_Depth10/CredentialVerifier_Depth10.r1cs	GIT	572dc01f6928b685bbdc63be9542dd75914dcb2952250224a15f9d29e7a7e66d	1426228	PRESENT	setup/prover-objects/ARTIFACTS.sha256	
setup/prover-objects/data/zkp-circuits/CredentialVerifier_Depth10/CredentialVerifier_Depth10_0001.zkey	GIT	656d9ee8dd285db6410e0a4b4317201829a1347f7cc3ef6d8de625e8f99f432a	1866675	PRESENT	setup/prover-objects/ARTIFACTS.sha256	
setup/prover-objects/data/zkp-circuits/CredentialVerifier_Depth10/CredentialVerifier_Depth10_js/CredentialVerifier_Depth10.wasm	GIT	bb2286e24a3b4fdffe9dc2bebe8c1afff86c7853d7b478cd5714ca9c555593e6	2328037	PRESENT	setup/prover-objects/ARTIFACTS.sha256	
setup/prover-objects/data/zkp-circuits/CredentialVerifier_Depth10/CredentialVerifier_Depth10_js/generate_witness.js	GIT	e9f90211859797466368231b5f02afeb84afa497c3ccd04129e0a57a5c5a3eff	698	PRESENT	setup/prover-objects/ARTIFACTS.sha256	
setup/prover-objects/data/zkp-circuits/CredentialVerifier_Depth10/CredentialVerifier_Depth10_js/witness_calculator.js	GIT	2bf018b05cb6dc399e72f57721d0f7b236b1a4a2d438d8b1c6763e9cd38ac8a8	9181	PRESENT	setup/prover-objects/ARTIFACTS.sha256	
setup/prover-objects/data/zkp-circuits/CredentialVerifier_Depth11/CredentialVerifier_Depth11.r1cs	GIT	670ffb5dece3411e0c542b1757b57d1e072c56abf23f456515f103384fca0b07	1541004	PRESENT	setup/prover-objects/ARTIFACTS.sha256	
setup/prover-objects/data/zkp-circuits/CredentialVerifier_Depth11/CredentialVerifier_Depth11_0001.zkey	GIT	1241508317856e8cb42cf71f43cafeb13e26a2553d595182aefca30b78a5b754	1987127	PRESENT	setup/prover-objects/ARTIFACTS.sha256	
setup/prover-objects/data/zkp-circuits/CredentialVerifier_Depth11/CredentialVerifier_Depth11_js/CredentialVerifier_Depth11.wasm	GIT	64f5296b96407a9fcac7b4b12c595091fff23f50b1d8190b28bd0e13654aac79	2329877	PRESENT	setup/prover-objects/ARTIFACTS.sha256	
setup/prover-objects/data/zkp-circuits/CredentialVerifier_Depth11/CredentialVerifier_Depth11_js/generate_witness.js	GIT	e9f90211859797466368231b5f02afeb84afa497c3ccd04129e0a57a5c5a3eff	698	PRESENT	setup/prover-objects/ARTIFACTS.sha256	
setup/prover-objects/data/zkp-circuits/CredentialVerifier_Depth11/CredentialVerifier_Depth11_js/witness_calculator.js	GIT	2bf018b05cb6dc399e72f57721d0f7b236b1a4a2d438d8b1c6763e9cd38ac8a8	9181	PRESENT	setup/prover-objects/ARTIFACTS.sha256	
setup/prover-objects/data/zkp-circuits/CredentialVerifier_Depth12/CredentialVerifier_Depth12.r1cs	GIT	b75dda2caac62c6ec449252776d5f71cdecd471fe716efb6eca14ec66c1ff457	1655780	PRESENT	setup/prover-objects/ARTIFACTS.sha256	
setup/prover-objects/data/zkp-circuits/CredentialVerifier_Depth12/CredentialVerifier_Depth12_0001.zkey	GIT	3fdb01845d81a3cdbbba88fcf45b948195abf01ba68c30be8a5f3e3546d4e81e	2107579	PRESENT	setup/prover-objects/ARTIFACTS.sha256	
setup/prover-objects/data/zkp-circuits/CredentialVerifier_Depth12/CredentialVerifier_Depth12_js/CredentialVerifier_Depth12.wasm	GIT	5e90eb1e8ea274b5a393ae883d6b1fb88d6df690d8468f69c9f9199168da9be8	2331711	PRESENT	setup/prover-objects/ARTIFACTS.sha256	
setup/prover-objects/data/zkp-circuits/CredentialVerifier_Depth12/CredentialVerifier_Depth12_js/generate_witness.js	GIT	e9f90211859797466368231b5f02afeb84afa497c3ccd04129e0a57a5c5a3eff	698	PRESENT	setup/prover-objects/ARTIFACTS.sha256	
setup/prover-objects/data/zkp-circuits/CredentialVerifier_Depth12/CredentialVerifier_Depth12_js/witness_calculator.js	GIT	2bf018b05cb6dc399e72f57721d0f7b236b1a4a2d438d8b1c6763e9cd38ac8a8	9181	PRESENT	setup/prover-objects/ARTIFACTS.sha256	
setup/prover-objects/data/zkp-circuits/CredentialVerifier_Depth13/CredentialVerifier_Depth13.r1cs	GIT	eeb874a131e82202a2815090aad93ca47e23a6970d161db20b229b5b01c1589a	1770556	PRESENT	setup/prover-objects/ARTIFACTS.sha256	
setup/prover-objects/data/zkp-circuits/CredentialVerifier_Depth13/CredentialVerifier_Depth13_0001.zkey	GIT	53cbdd1f02a65121d6c7044031c6cfa4c6ce66c0b9712dd28fe86ef4c6512c1b	2228031	PRESENT	setup/prover-objects/ARTIFACTS.sha256	
setup/prover-objects/data/zkp-circuits/CredentialVerifier_Depth13/CredentialVerifier_Depth13_js/CredentialVerifier_Depth13.wasm	GIT	1780168f6b178404013b86672c4e0cdb7641e65f25e24f9470e9a485cbfb3cc0	2333402	PRESENT	setup/prover-objects/ARTIFACTS.sha256	
setup/prover-objects/data/zkp-circuits/CredentialVerifier_Depth13/CredentialVerifier_Depth13_js/generate_witness.js	GIT	e9f90211859797466368231b5f02afeb84afa497c3ccd04129e0a57a5c5a3eff	698	PRESENT	setup/prover-objects/ARTIFACTS.sha256	
setup/prover-objects/data/zkp-circuits/CredentialVerifier_Depth13/CredentialVerifier_Depth13_js/witness_calculator.js	GIT	2bf018b05cb6dc399e72f57721d0f7b236b1a4a2d438d8b1c6763e9cd38ac8a8	9181	PRESENT	setup/prover-objects/ARTIFACTS.sha256	
setup/prover-objects/data/zkp-circuits/CredentialVerifier_Depth14/CredentialVerifier_Depth14.r1cs	GIT	13f5132ccc0a9e84ad2bfe6b6062c69bcabf1be99ab7bd6128d7159aee7f3149	1885332	PRESENT	setup/prover-objects/ARTIFACTS.sha256	
setup/prover-objects/data/zkp-circuits/CredentialVerifier_Depth14/CredentialVerifier_Depth14_0001.zkey	GIT	b0be38259edaa109196790233512dc26d29f0e31a9506021bad97c60834e4df2	2348483	PRESENT	setup/prover-objects/ARTIFACTS.sha256	
setup/prover-objects/data/zkp-circuits/CredentialVerifier_Depth14/CredentialVerifier_Depth14_js/CredentialVerifier_Depth14.wasm	GIT	e2e9842096afea84c6e6e8c7b2cdda54e31d772da02945e53aba96acc26bedcf	2335319	PRESENT	setup/prover-objects/ARTIFACTS.sha256	
setup/prover-objects/data/zkp-circuits/CredentialVerifier_Depth14/CredentialVerifier_Depth14_js/generate_witness.js	GIT	e9f90211859797466368231b5f02afeb84afa497c3ccd04129e0a57a5c5a3eff	698	PRESENT	setup/prover-objects/ARTIFACTS.sha256	
setup/prover-objects/data/zkp-circuits/CredentialVerifier_Depth14/CredentialVerifier_Depth14_js/witness_calculator.js	GIT	2bf018b05cb6dc399e72f57721d0f7b236b1a4a2d438d8b1c6763e9cd38ac8a8	9181	PRESENT	setup/prover-objects/ARTIFACTS.sha256	
setup/prover-objects/data/zkp-circuits/CredentialVerifier_Depth15/CredentialVerifier_Depth15.r1cs	GIT	4ab1fc17df70d21e5e7735040524a79006d2cb6f69be0f95561d124c5b950a1e	2000108	PRESENT	setup/prover-objects/ARTIFACTS.sha256	
setup/prover-objects/data/zkp-circuits/CredentialVerifier_Depth15/CredentialVerifier_Depth15_0001.zkey	GIT	d6be53096894f276c29d0702fcead9cafd5a510db26c6b563aa91a72f3a7c974	2468935	PRESENT	setup/prover-objects/ARTIFACTS.sha256	
setup/prover-objects/data/zkp-circuits/CredentialVerifier_Depth15/CredentialVerifier_Depth15_js/CredentialVerifier_Depth15.wasm	GIT	2c3b95467ac8c265ec86c16f35a8a14ceee149b346caf66a5800f478e59f32e5	2337160	PRESENT	setup/prover-objects/ARTIFACTS.sha256	
setup/prover-objects/data/zkp-circuits/CredentialVerifier_Depth15/CredentialVerifier_Depth15_js/generate_witness.js	GIT	e9f90211859797466368231b5f02afeb84afa497c3ccd04129e0a57a5c5a3eff	698	PRESENT	setup/prover-objects/ARTIFACTS.sha256	
setup/prover-objects/data/zkp-circuits/CredentialVerifier_Depth15/CredentialVerifier_Depth15_js/witness_calculator.js	GIT	2bf018b05cb6dc399e72f57721d0f7b236b1a4a2d438d8b1c6763e9cd38ac8a8	9181	PRESENT	setup/prover-objects/ARTIFACTS.sha256	
setup/prover-objects/data/zkp-circuits/CredentialVerifier_Depth5/CredentialVerifier_Depth5.r1cs	GIT	2beaaa572b78b77315e61fb4549f7f5b549b992081b3ad870f3008ecdb3c2340	852348	PRESENT	setup/prover-objects/ARTIFACTS.sha256	
setup/prover-objects/data/zkp-circuits/CredentialVerifier_Depth5/CredentialVerifier_Depth5_0001.zkey	GIT	41c7636150900ee72cf6323930dd506bd0fc015a94a20905cc61c856b4fe919a	1133343	PRESENT	setup/prover-objects/ARTIFACTS.sha256	
setup/prover-objects/data/zkp-circuits/CredentialVerifier_Depth5/CredentialVerifier_Depth5_js/CredentialVerifier_Depth5.wasm	GIT	d55a45dca0a237648b31a53a5b8c9694489748ca4ac7359bd3898e68cb7ccfb2	2318956	PRESENT	setup/prover-objects/ARTIFACTS.sha256	
setup/prover-objects/data/zkp-circuits/CredentialVerifier_Depth5/CredentialVerifier_Depth5_js/generate_witness.js	GIT	e9f90211859797466368231b5f02afeb84afa497c3ccd04129e0a57a5c5a3eff	698	PRESENT	setup/prover-objects/ARTIFACTS.sha256	
setup/prover-objects/data/zkp-circuits/CredentialVerifier_Depth5/CredentialVerifier_Depth5_js/witness_calculator.js	GIT	2bf018b05cb6dc399e72f57721d0f7b236b1a4a2d438d8b1c6763e9cd38ac8a8	9181	PRESENT	setup/prover-objects/ARTIFACTS.sha256	
setup/prover-objects/data/zkp-circuits/CredentialVerifier_Depth6/CredentialVerifier_Depth6.r1cs	GIT	01a2eeec6e89e7a0d5d470193f1b7345daa212ead54feea5d7d1cbc60c6b9f28	967124	PRESENT	setup/prover-objects/ARTIFACTS.sha256	
setup/prover-objects/data/zkp-circuits/CredentialVerifier_Depth6/CredentialVerifier_Depth6_0001.zkey	GIT	ea2368c5701f4885dc1bd9120ebd0b3419c495066983d2c215030506b1968bd4	1253795	PRESENT	setup/prover-objects/ARTIFACTS.sha256	
setup/prover-objects/data/zkp-circuits/CredentialVerifier_Depth6/CredentialVerifier_Depth6_js/CredentialVerifier_Depth6.wasm	GIT	7b623974431fcdc4b0c0235a43ab6bbb136dc1db25a0c20b44a90ad6fd779b4e	2320786	PRESENT	setup/prover-objects/ARTIFACTS.sha256	
setup/prover-objects/data/zkp-circuits/CredentialVerifier_Depth6/CredentialVerifier_Depth6_js/generate_witness.js	GIT	e9f90211859797466368231b5f02afeb84afa497c3ccd04129e0a57a5c5a3eff	698	PRESENT	setup/prover-objects/ARTIFACTS.sha256	
setup/prover-objects/data/zkp-circuits/CredentialVerifier_Depth6/CredentialVerifier_Depth6_js/witness_calculator.js	GIT	2bf018b05cb6dc399e72f57721d0f7b236b1a4a2d438d8b1c6763e9cd38ac8a8	9181	PRESENT	setup/prover-objects/ARTIFACTS.sha256	
setup/prover-objects/data/zkp-circuits/CredentialVerifier_Depth7/CredentialVerifier_Depth7.r1cs	GIT	7b614d17657992a2e460804212cb1fa08790a6e5ebef2fab74fa67611b714fc2	1081900	PRESENT	setup/prover-objects/ARTIFACTS.sha256	
setup/prover-objects/data/zkp-circuits/CredentialVerifier_Depth7/CredentialVerifier_Depth7_0001.zkey	GIT	c0f6d8c4ac9fa282780a2c229d7d086f87e26be62a3eefceb9f801e5076843aa	1374247	PRESENT	setup/prover-objects/ARTIFACTS.sha256	
setup/prover-objects/data/zkp-circuits/CredentialVerifier_Depth7/CredentialVerifier_Depth7_js/CredentialVerifier_Depth7.wasm	GIT	b3512e6617c86c2ee0dd089d9d280d787764e22e6f089b0eab7845be7d754f53	2322628	PRESENT	setup/prover-objects/ARTIFACTS.sha256	
setup/prover-objects/data/zkp-circuits/CredentialVerifier_Depth7/CredentialVerifier_Depth7_js/generate_witness.js	GIT	e9f90211859797466368231b5f02afeb84afa497c3ccd04129e0a57a5c5a3eff	698	PRESENT	setup/prover-objects/ARTIFACTS.sha256	
setup/prover-objects/data/zkp-circuits/CredentialVerifier_Depth7/CredentialVerifier_Depth7_js/witness_calculator.js	GIT	2bf018b05cb6dc399e72f57721d0f7b236b1a4a2d438d8b1c6763e9cd38ac8a8	9181	PRESENT	setup/prover-objects/ARTIFACTS.sha256	
setup/prover-objects/data/zkp-circuits/CredentialVerifier_Depth8/CredentialVerifier_Depth8.r1cs	GIT	f90d9b13abed7c264de2aaefea9e0d5954ab80b829bce6feb9a9a6a1d7553747	1196676	PRESENT	setup/prover-objects/ARTIFACTS.sha256	
setup/prover-objects/data/zkp-circuits/CredentialVerifier_Depth8/CredentialVerifier_Depth8_0001.zkey	GIT	5ed3b83d5f5aad4ca7fa25c79bc0fa86d421d2202a7e7054079f14b9e1c2f4cd	1625771	PRESENT	setup/prover-objects/ARTIFACTS.sha256	
setup/prover-objects/data/zkp-circuits/CredentialVerifier_Depth8/CredentialVerifier_Depth8_js/CredentialVerifier_Depth8.wasm	GIT	f5db2487fe585a0b578e441b0080bc41d6412d8fad345871c98f3ec4c3046cae	2324547	PRESENT	setup/prover-objects/ARTIFACTS.sha256	
setup/prover-objects/data/zkp-circuits/CredentialVerifier_Depth8/CredentialVerifier_Depth8_js/generate_witness.js	GIT	e9f90211859797466368231b5f02afeb84afa497c3ccd04129e0a57a5c5a3eff	698	PRESENT	setup/prover-objects/ARTIFACTS.sha256	
setup/prover-objects/data/zkp-circuits/CredentialVerifier_Depth8/CredentialVerifier_Depth8_js/witness_calculator.js	GIT	2bf018b05cb6dc399e72f57721d0f7b236b1a4a2d438d8b1c6763e9cd38ac8a8	9181	PRESENT	setup/prover-objects/ARTIFACTS.sha256	
setup/prover-objects/data/zkp-circuits/CredentialVerifier_Depth9/CredentialVerifier_Depth9.r1cs	GIT	a663df96b83ecc1bad117a9da1c3c0fb6b2b5993c17d2e10fb6b615440674a56	1311452	PRESENT	setup/prover-objects/ARTIFACTS.sha256	
setup/prover-objects/data/zkp-circuits/CredentialVerifier_Depth9/CredentialVerifier_Depth9_0001.zkey	GIT	b211630d00c7c2d0e5309876a16c72ad66909d7301385d4da830c4a8d71e391e	1746223	PRESENT	setup/prover-objects/ARTIFACTS.sha256	
setup/prover-objects/data/zkp-circuits/CredentialVerifier_Depth9/CredentialVerifier_Depth9_js/CredentialVerifier_Depth9.wasm	GIT	67d37e07069ed7437ad5da87a495453f1b51b1939c2790dae590362540d3b2cf	2326387	PRESENT	setup/prover-objects/ARTIFACTS.sha256	
setup/prover-objects/data/zkp-circuits/CredentialVerifier_Depth9/CredentialVerifier_Depth9_js/generate_witness.js	GIT	e9f90211859797466368231b5f02afeb84afa497c3ccd04129e0a57a5c5a3eff	698	PRESENT	setup/prover-objects/ARTIFACTS.sha256	
setup/prover-objects/data/zkp-circuits/CredentialVerifier_Depth9/CredentialVerifier_Depth9_js/witness_calculator.js	GIT	2bf018b05cb6dc399e72f57721d0f7b236b1a4a2d438d8b1c6763e9cd38ac8a8	9181	PRESENT	setup/prover-objects/ARTIFACTS.sha256	
setup/prover-objects/results/constraints/4.2.1-The-Growth-of-Depth-Parameterized-Circuit/20260920T120000-depth5-15-constraints.csv	GIT	55e1be6fed6eca938692752f5368a81d5f7d25e96305e41c84f4ca87da5fb03e	463	PRESENT	setup/prover-objects/ARTIFACTS.sha256	
setup/prover-objects/results/constraints/4.2.1-The-Growth-of-Depth-Parameterized-Circuit/Figure_6.pdf	GIT	9139555687eeeaf4cc7f8aafceb8b107a211609246824ab39c86842a25458d13	23343	PRESENT	setup/prover-objects/ARTIFACTS.sha256	
setup/prover-objects/results/constraints/4.2.1-The-Growth-of-Depth-Parameterized-Circuit/README.md	GIT	94a2ca75cbf055f1ea2a5ab378d391d91438c96775625d6721083119e7583116	1541	PRESENT	setup/prover-objects/ARTIFACTS.sha256	
setup/prover-objects/scripts/constraints/plot_constraints.py	GIT	0e482e344e91f02b84d7ecaf39609e438ddd40f8a335efb4c1d8f63ce9f50c1d	2059	PRESENT	setup/prover-objects/ARTIFACTS.sha256	
setup/prover-objects/scripts/setup/compile_depth_circuits.js	GIT	c2f7c6307d24f4f4db2b639a3c99bf2b7f91853e2c1c61cb951a1a7c6834a615	1554	PRESENT		
setup/prover-objects/scripts/setup/generate_depth_circuits.js	GIT	b80ca13fd36b02afc79c1bbd2f2b54b7f2164c8853dcd9d40d5cd5795c72ae94	1741	PRESENT		
setup/prover-objects/scripts/setup/generate_input_all_depths.js	GIT	591db92876a73575373c8b7bbd2a6d5297cb03a619ef1bc37f7fd14c2edd6962	3616	PRESENT		
setup/prover-objects/scripts/setup/generate_input_depth.js	GIT	4d3f34f781b087f432ccf74a0f0d3ec68018f396ab9efb77f5aa7efa028f7f44	4752	PRESENT		
setup/prover-objects/scripts/setup/paths.js	GIT	004b6e77f5b2298c08506930a4281134649e96575f42038718e34aad6493be3b	6271	PRESENT		
setup/prover-objects/scripts/setup/prepare_diploma_data.js	GIT	ea534cd18b6cb29fbfff791daaae93a1141afc051031ac2850462324c0a1f0c1	2633	PRESENT		
setup/prover-objects/scripts/setup/setup_circuits_all.js	GIT	204821cdf4fc27710e7511255be4d2ae795cf59a3bd78320e233e5bd4d8d9bf9	4690	PRESENT		
setup/prover-objects/scripts/setup/setup_groth16_depth.js	GIT	a7b4616269886fd42827cb9ed801c9a599c461e1444e30547e1d9e0450ac3c40	3470	PRESENT		
setup/prover-objects/test/circuit.selector.negative.js	GIT	335d7612b22028eb643aa69a02a522aaa597229456ba7b7eb92065f8301da6a0	7408	PRESENT	setup/prover-objects/ARTIFACTS.sha256	
setup/ptau/pot16_final.ptau	GIT	4a64b121623021d5bcb19eee0a716d50ecb936e04b2cd021e71e74a86441439e	75498920	PRESENT	setup/prover-objects/ARTIFACTS.sha256	
tables/T1-regimes.tex	GIT	2faa47f90c8874b714924fc68e32d4c9fa6cba38b6a048ff763acb5fda1f1296	1351	PRESENT		
tables/T2-structure.tex	GIT	0175d75aa6cc30aca9700304b67ed04868695b80326e9ea7abf09197b04d5aa6	665	PRESENT		
tables/T3-tests.tex	GIT	247fb8818e863175a38f92b10cd3b564d3e5e1c2f75ac82debb22d32def49f5f	3463	PRESENT		
tables/TABLES-MANIFEST.json	GIT	67e5f2f9584fb944d6216e85aaf093c2cf901669592885606974ee63b6290188	790	PRESENT		
tables/supplement/S01-toolchain.tex	GIT	5701af5141f261f9e0aa9af7e62fffbdee0311b92a81877dd0195a7a6233fb7f	1979	PRESENT		
tables/supplement/S02-ledger-prices.tex	GIT	e5b63fa429ac89c3c4f00c43bbee2b1cb423d1844ee2d72511d0687e8765013e	4027	PRESENT		
tables/supplement/S03-role-matrix.tex	GIT	da8418e8d302312bba2361c6808988467ec77604ba973903ad900173ccb90c63	9514	PRESENT		
tables/supplement/S04-npg-levels.tex	GIT	46947f6cb956c6bb56347948d7da87105b6bd6b65085c6f42ea492dbb1d3d754	1064	PRESENT		
tables/supplement/S05-tolerances.tex	GIT	0f71ecd9ca89522e7412a080d88d811e5d758325adb2affb66e1daa3f0a0127c	1501	PRESENT		
tables/supplement/S06-equality-bands.tex	GIT	89747fff14d6df30c2831169e865608c1f08982106b8f70bad37404c5dc1cc77	483	PRESENT		
tables/supplement/S07-controls.tex	GIT	a1a7e01cac78c157ca1068c5192a62cb052161d26f2837530d3d8228b4ed0afd	1205	PRESENT		
tables/supplement/S08-packages.tex	GIT	9658eefd0c0a6c2c2deee53421768077529bb42475ea6897bd4e61bbe9de6c7d	3194	PRESENT		
tables/supplement/S09-crossovers.tex	GIT	5284743a12263491c03bd97565827c2b36c6132479705b1dffa4869e54863c94	659	PRESENT		
tables/supplement/S10-heldout-summary.tex	GIT	b641908c7fb23ebdcfc81da6c917b426d3203c2766d96c6255a201dd02540530	4155	PRESENT		
tables/supplement/S11-r-scoring.tex	GIT	bc4970eaf0605f3506df6f38c374749eb5fe497212e9d0f7d280587add9a8356	8623	PRESENT		
tables/supplement/S12-p-scoring.tex	GIT	86fa4f8cb8920aac7003f65f7f2c3f839b04af3654be60f574dfd0004375d21b	26680	PRESENT		
tables/supplement/S13-zc-scoring.tex	GIT	e59e4582cc74194888a6a4643740712fdd5249e2496eee8c0e0ffe7d9698ee87	20996	PRESENT		
tables/supplement/S14-npg-ranking.tex	GIT	3eb1564a545e1e542fadb2e09307e56264f994baec787a6399f9ec468d9846c7	1762	PRESENT		
tables/supplement/S15-switch-intervals.tex	GIT	670098886a7166f226d3231be3d1f1366f1b6e4ddebed2826c6c35cdc61ec95e	674	PRESENT		
tables/supplement/S16-cell-summary.tex	GIT	5dc6bf48555d1c4c72af7698827c7d27449c350fbb61e43dad24f6af531032bb	42297	PRESENT		
tables/supplement/S17-fflonk-setp.tex	GIT	829153fe3d8c6ff5662918bb621b5041e9792740785536ada6d1e403dd0e8547	26817	PRESENT		
tables/supplement/S18-fflonk-proofs.tex	GIT	183b8cc3501f0bd58935bf968a2986fed80ae2349361481114765d35277c1d33	3756	PRESENT		
tables/supplement/S19-residual-posthoc.tex	GIT	995f7b3f886aef0f0fd196e2f9f1df112cc69c97e439c34f3fb5fe6a68753143	1657	PRESENT		
tables/supplement/S20-c2-rank.tex	GIT	423feb241e271a3862f110a51e799fe6b7b8514a6c11ba5ea2d10adc248bcf31	1247	PRESENT		
tables/supplement/S21-d1-cells.tex	GIT	3240302e34f84ba67e9f5dead659787c70afaca304494b80b084fd7c62325aa3	1004	PRESENT		
tables/supplement/S22-d1-ratios.tex	GIT	e1064acb11fffd9d2b0e661c7a1d24f60bf6a72dc5d2543e29d5e3b0bb32acb5	843	PRESENT		
tables/supplement/S23-step-ratios.tex	GIT	5e7fc7cf71403584c19fe7cf8014b08f42c50ddb55d627e6a4fb810e7c1d44cb	677	PRESENT		
tables/supplement/S24-d2-d3-context.tex	GIT	2cf33522397334e026c63ac8f523653ec1b149a58f7ea23920bad5ec941bfc09	1330	PRESENT		
tables/supplement/S25-d3-inputs.tex	GIT	dc2d9bc4597c5d61c91b2c5f1705fa40b254f2a4f50cb56bc2c5d3c6f744681d	1763	PRESENT		
tables/supplement/SUPPLEMENT-MANIFEST.json	GIT	662af0f8a7d780b7ad3713873360092f01e4735c2640dcd18df9ce20944526a7	10104	PRESENT		
protocols/prover-d2/preregistration/engineering-tests/ENGINEERING-TESTS.md	WITHHELD	aa1d6b839e62457457198555b7d1c375d9e1552006ca550986737a7a44305f1c	1810	NOT PUBLISHED	protocols/prover-d2/preregistration/SHA256SUMS	non-scientific execution-environment record withheld
protocols/prover-d2/preregistration/synthetic-corpus/corpus_check.js	WITHHELD	f9653ec7bc064e3fe6aa21b254b5ce92015fc8f19aa97d0415a518e890f05002	1916	NOT PUBLISHED	protocols/prover-d2/preregistration/SHA256SUMS	non-scientific execution-environment record withheld
protocols/prover-d2/amendments/DEV-D2-2-engineering-test/validator-test-results.json	WITHHELD	4ba234a0ea6d7e6134f365bf971e8cbe61987dd2acd8e3fb634c509c33c5546d	11486	NOT PUBLISHED	protocols/prover-d2/amendments/SHA256SUMS	non-scientific execution-environment record withheld
data/prover/d2/analysis/run/D2-input-verification.json	WITHHELD	bb6ccd2852fce3d026bffd2de27df6174b05c1aedc98e8241d5843004e8deaad	3589	NOT PUBLISHED	data/prover/d2/analysis/SHA256SUMS	non-scientific execution-environment record withheld
data/prover/d2/analysis/check/D2-input-verification.json	WITHHELD	bb6ccd2852fce3d026bffd2de27df6174b05c1aedc98e8241d5843004e8deaad	3589	NOT PUBLISHED	data/prover/d2/analysis/SHA256SUMS	non-scientific execution-environment record withheld
protocols/prover-d1/build-records/D1-ENGINEERING-TEST.md	WITHHELD	a4f8814c27cf6b43a2a8321afe27d40987173aa2eb0ff2ee84ddc302d4961766	713	NOT PUBLISHED	protocols/prover-d1/SHA256SUMS	non-scientific execution-environment record withheld
data/prover/d1/analysis/RUN-RECORD.txt	WITHHELD	73296b2c045a0c6f1fd52fd3352c9bff0e925580891cf5ea749646d7ea2fbe7d	1306	NOT PUBLISHED	data/prover/d1/analysis/SHA256SUMS	non-scientific execution-environment record withheld
protocols/prover-d1/build-records/build_d1.sh	WITHHELD	de8dd9c43403f59e92db59565453bc88b97d1e6f2f50ba66b9ea8ce020a59848	2284	NOT PUBLISHED	protocols/prover-d1/SHA256SUMS	non-scientific execution-environment record withheld
data/prover/d1/evidence/keys/d10/plonk.zkey	REGENERABLE	bebeabf9a0c71095a0054d8bd4225201a55744b4b0560ef0825703d4931d0ced	51742588	NOT STORED (scripts/regenerate-keys.sh)	data/prover/d1/evidence/SHA256SUMS	D1 PLONK proving key
data/prover/d1/evidence/keys/d11/plonk.zkey	REGENERABLE	55b85a8c273635d0f8f2cdda0e7ce81b35231792d5212b770681d612dbf1c56a	101216064	NOT STORED (scripts/regenerate-keys.sh)	data/prover/d1/evidence/SHA256SUMS	D1 PLONK proving key
data/prover/d1/evidence/keys/p1150/plonk.zkey	REGENERABLE	375a0a086b13081114fe5806c596ef1a5711e89b312f3c619a9e24ea81922343	51756388	NOT STORED (scripts/regenerate-keys.sh)	data/prover/d1/evidence/SHA256SUMS	D1 PLONK proving key
data/prover/d1/evidence/keys/p1180/plonk.zkey	REGENERABLE	734481a30b9f03a5cb1249dce623fe078d93e4678c5b256f47c5be91961a84aa	101039820	NOT STORED (scripts/regenerate-keys.sh)	data/prover/d1/evidence/SHA256SUMS	D1 PLONK proving key
setup/prover-objects/data/plonk-zkeys/CredentialVerifier_Depth5_plonk.zkey	REGENERABLE	8b7d89ef154d0704a4a5fb8df978ea728f0decad61374b1d3a80a026ad357fec		NOT STORED (scripts/regenerate-keys.sh)	setup/prover-objects/ARTIFACTS.sha256	prover-object PLONK proving key; size not recorded
setup/prover-objects/data/plonk-zkeys/CredentialVerifier_Depth6_plonk.zkey	REGENERABLE	75b0f7800ba9bbd996a5aba5e02258e755536462dae72897fb9805a733486612		NOT STORED (scripts/regenerate-keys.sh)	setup/prover-objects/ARTIFACTS.sha256	prover-object PLONK proving key; size not recorded
setup/prover-objects/data/plonk-zkeys/CredentialVerifier_Depth7_plonk.zkey	REGENERABLE	e601552aba9f4692ef0f1d2d75ceade0e48da52ddad45690306a402c03eb810f		NOT STORED (scripts/regenerate-keys.sh)	setup/prover-objects/ARTIFACTS.sha256	prover-object PLONK proving key; size not recorded
setup/prover-objects/data/plonk-zkeys/CredentialVerifier_Depth8_plonk.zkey	REGENERABLE	42dce5eab9336cf59161d106dd2c9da704b3a453c67dc5f6a284a94331eca87c		NOT STORED (scripts/regenerate-keys.sh)	setup/prover-objects/ARTIFACTS.sha256	prover-object PLONK proving key; size not recorded
setup/prover-objects/data/plonk-zkeys/CredentialVerifier_Depth9_plonk.zkey	REGENERABLE	9dc1fed4ae801e210c410e345557301925ad182187f5f64aedebb0ef6a13cf67		NOT STORED (scripts/regenerate-keys.sh)	setup/prover-objects/ARTIFACTS.sha256	prover-object PLONK proving key; size not recorded
setup/prover-objects/data/plonk-zkeys/CredentialVerifier_Depth10_plonk.zkey	REGENERABLE	bebeabf9a0c71095a0054d8bd4225201a55744b4b0560ef0825703d4931d0ced	51742588	NOT STORED (scripts/regenerate-keys.sh)	setup/prover-objects/ARTIFACTS.sha256	prover-object PLONK proving key (identical to a D1 key)
setup/prover-objects/data/plonk-zkeys/CredentialVerifier_Depth11_plonk.zkey	REGENERABLE	55b85a8c273635d0f8f2cdda0e7ce81b35231792d5212b770681d612dbf1c56a	101216064	NOT STORED (scripts/regenerate-keys.sh)	setup/prover-objects/ARTIFACTS.sha256	prover-object PLONK proving key (identical to a D1 key)
setup/prover-objects/data/plonk-zkeys/CredentialVerifier_Depth12_plonk.zkey	REGENERABLE	ac66b87842b1343c8548cf4e922c1ee3249b5519daa07857ea88621896f01c1d		NOT STORED (scripts/regenerate-keys.sh)	setup/prover-objects/ARTIFACTS.sha256	prover-object PLONK proving key; size not recorded
setup/prover-objects/data/plonk-zkeys/CredentialVerifier_Depth13_plonk.zkey	REGENERABLE	ecc4eb82a5958bf47b7b157e77ed7abc103fb2ebeec94211db85c4d20c7c607c		NOT STORED (scripts/regenerate-keys.sh)	setup/prover-objects/ARTIFACTS.sha256	prover-object PLONK proving key; size not recorded
setup/prover-objects/data/plonk-zkeys/CredentialVerifier_Depth14_plonk.zkey	REGENERABLE	61d7365d9163bc99ded1dfbd03499b9283c2947715292debbde41b3796b6b916		NOT STORED (scripts/regenerate-keys.sh)	setup/prover-objects/ARTIFACTS.sha256	prover-object PLONK proving key; size not recorded
setup/prover-objects/data/plonk-zkeys/CredentialVerifier_Depth15_plonk.zkey	REGENERABLE	590ecdca303cbdece71bd9566d50ed9ad6168b343d2955edb57da417b966d08b		NOT STORED (scripts/regenerate-keys.sh)	setup/prover-objects/ARTIFACTS.sha256	prover-object PLONK proving key; size not recorded
setup/fflonk/ptau-local/powersOfTau19_v2_local_research.ptau	GIT-LFS	8fc8e14afd97f0a580c904a54ab2cf4f9cd8df97ed54218f83861d91b62457a8	603982838	GIT LFS OBJECT (identity verified; provenance/LFS-OBJECTS.tsv)	setup/fflonk/ptau-local/PTAU-LOCAL-SHA256SUMS	research powers-of-tau (power 19) of the FFLONK setup; contribution entropy discarded, not regenerable; larger than the GitHub per-file limit
setup/fflonk/keys/c1_ff_k01/fflonk.zkey	GIT-LFS	9983d751d78fb8e963918fde31afbc1dc8cabf1a61e7e8c493862be964ee782c	151548196	GIT LFS OBJECT (identity verified; provenance/LFS-OBJECTS.tsv)	setup/fflonk/records/FFLONK-ARTIFACTS-SHA256SUMS	FFLONK proving key; larger than the GitHub per-file limit; independent regeneration not established and not claimed
setup/fflonk/keys/c1_ff_k04/fflonk.zkey	GIT-LFS	7c3daa3611a9c832373690a34a6b0d0886f5ad2008e44de289d2be8db5df3c72	183005548	GIT LFS OBJECT (identity verified; provenance/LFS-OBJECTS.tsv)	setup/fflonk/records/FFLONK-ARTIFACTS-SHA256SUMS	FFLONK proving key; larger than the GitHub per-file limit; independent regeneration not established and not claimed
setup/fflonk/keys/c1_ff_k16/fflonk.zkey	GIT-LFS	6350907f356c35c675ff7f55c9473f065b1697006f957b2c0c650dd94fc28518	308834956	GIT LFS OBJECT (identity verified; provenance/LFS-OBJECTS.tsv)	setup/fflonk/records/FFLONK-ARTIFACTS-SHA256SUMS	FFLONK proving key; larger than the GitHub per-file limit; independent regeneration not established and not claimed
setup/fflonk/keys/c1_ff_k32/fflonk.zkey	GIT-LFS	5ab16d4221e58c4675a4b46703181ebc5bd6f1132e383e2f46dc404c403e9b8f	476607500	GIT LFS OBJECT (identity verified; provenance/LFS-OBJECTS.tsv)	setup/fflonk/records/FFLONK-ARTIFACTS-SHA256SUMS	FFLONK proving key; larger than the GitHub per-file limit; independent regeneration not established and not claimed
pin:circom	EXTERNAL-PIN	f3958483caaaa0cdd3912df5049e2e635eab4d09b9a66807be9633d547859f12		NOT DISTRIBUTED (upstream)	protocols/c1-preregistration/toolchain/PINS-C1.txt	circom compiler 2.1.6 (circom-linux-amd64)
pin:solc	EXTERNAL-PIN	0479d44fdf9c501c25337fdc540419f1593b884a87b47f023da4f1c700fda782		NOT DISTRIBUTED (upstream)	protocols/c1-preregistration/toolchain/PINS-C1.txt	Solidity compiler (static Linux build) 0.8.20
pin:zksolc	EXTERNAL-PIN	b52df6ae7e64903deb4972f8a41c9c666a7ce1dfdce38680f387df01afe51b4b		NOT DISTRIBUTED (upstream)	protocols/c1-preregistration/toolchain/PINS-C1.txt	ZKsync Solidity compiler 1.5.15
pin:era-solc	EXTERNAL-PIN	9516f4eea50d90d83972bea5a63f3dd8ffdc50543917a56176fe8329addc8756		NOT DISTRIBUTED (upstream)	protocols/c1-preregistration/toolchain/PINS-C1.txt	ZKsync fork of solc 0.8.20-1.0.2
pin:anvil-zksync	EXTERNAL-PIN	4a801b25f543099838fa88df50f0e59f5e5c93b7a22330948ca7ed029f48228b		NOT DISTRIBUTED (upstream)	protocols/c1-preregistration/toolchain/PINS-C1.txt	EraVM local node 0.6.11 (release archive sha256 127f1a75b6c4ccc5eaef00ca62753f243a76ba927cbd64a7b1bd99a5b5fb8728)
pin:zksync-os-server	EXTERNAL-PIN	5a319871ac220704a23828792f0d394ab690e98c5ecde3e24e195778c7eb678d		NOT DISTRIBUTED (upstream)	protocols/c1-preregistration/toolchain/PINS-C1.txt	ZKsync OS node (prebuilt x86_64 release) v0.23.0, commit 610bfa2b629410e8012e713ef9c659ae97baebd2 (release archive sha256 07bd7e50d12364040df0e3e719bf637c3551f27e594296606179ae3a4df63004)
pin:foundry-anvil	EXTERNAL-PIN	b47362d2159aa0f2f575320e5e529bb5a91093cb62dc6bd30c0022018aa9f738		NOT DISTRIBUTED (upstream)	protocols/c1-preregistration/toolchain/PINS-C1.txt	Foundry anvil (L1 for the ZKsync OS local chain) 1.5.1 (release archive sha256 73640b01bd9ed29fdb4965085099371f8cf0dbbec3e2086cf54564efc4dcfe88)
pin:zksync-os-v0.4.0	EXTERNAL-PIN			NOT DISTRIBUTED (upstream)	protocols/c1-preregistration/toolchain/PINS-C1.txt; data/posthoc/native-cost-audit/SOURCE-FILES-SHA256.txt	ZKsync OS VM source tag v0.4.0, commit 69bc430549e88f9264066d14f2001707572c5d33
pin:zksync-os-v0.3.2	EXTERNAL-PIN			NOT DISTRIBUTED (upstream)	data/p0-feasibility/toolchain/PINS.txt	ZKsync OS VM source tag v0.3.2-interface-v0.1.3, commit b76084f3
pin:resolc	EXTERNAL-PIN	74e051ce27300c77e82e323f5c47acf2c452819b6a8d0eb21bf5b9111e7a686d		NOT DISTRIBUTED (upstream)	data/p0-feasibility/toolchain/PINS.txt	revive compiler with solc 0.8.34 resolc 1.4.0 (sha256 of solc 0.8.34: d40adc6f9fdbb22a97d32a02fa05688bf2ee7886affc48c9851b0afd4a726b39)
pin:npm-snarkjs	EXTERNAL-PIN	5574a6c1e1c4770da0bad3bcd44cc6af8d4a84871802553acb328385294fb084		NOT DISTRIBUTED (upstream)	protocols/c1-preregistration/toolchain/PINS-C1.txt	snarkjs 0.7.5 (cli.js ce5d4938e03a798a416d062f0b689b8d0220d36ab1feea34618211b241082a53; build/main.cjs e99bbb85ee536fd64476f87492665d1a382e930e4e412278a3fd8e2f987c283f)
pin:npm-js-stack	EXTERNAL-PIN			NOT DISTRIBUTED (upstream)	protocols/c1-preregistration/toolchain/PINS-C1.txt	circomlib, circomlibjs, ffjavascript, ethers, hardhat, EDR, hardhat-ethers circomlib 2.0.5; circomlibjs 0.1.7; ffjavascript 0.3.1; ethers 6.13.5; hardhat 2.29.1; @nomicfoundation/edr 0.12.0-next.23; @nomicfoundation/hardhat-ethers 3.0.8
pin:node	EXTERNAL-PIN			NOT DISTRIBUTED (upstream)	protocols/c1-preregistration/toolchain/PINS-C1.txt; protocols/prover-d1/kit/Dockerfile	Node.js 22.22.0 (measurement harnesses); 18.20.8 inside the prover images
pin:prover-base-image	EXTERNAL-PIN			NOT DISTRIBUTED (upstream)	protocols/prover-d1/kit/Dockerfile; protocols/prover-d2/final/IMAGE-r5.json	Docker base image of the prover kits node:18.20.8-bookworm-slim@sha256:f9ab18e354e6855ae56ef2b290dd225c1e51a564f87584b9bd21dd651838830e
pin:python-level2	EXTERNAL-PIN			NOT DISTRIBUTED (upstream)	environment/README.md	Python and plotting stack for Level 2 Python 3.10.12; matplotlib 3.10.9; numpy 2.2.6
pin:fonts-liberation	EXTERNAL-PIN			NOT DISTRIBUTED (upstream)	figures/FIGURES-MANIFEST.json	Liberation Sans 2.x (TrueType) LiberationSans-{Regular,Bold,Italic,BoldItalic}.ttf in /usr/share/fonts/truetype/liberation2
pin:poppler-utils	EXTERNAL-PIN			NOT DISTRIBUTED (upstream)	analysis/figures/src/build_figures.py	pdffonts, pdfimages any recent version
pin:drawio	EXTERNAL-PIN			NOT DISTRIBUTED (upstream)	figures/FIG1-EXPORT.json	draw.io Desktop 31.7.0
