# allocations on one host each (Host A: Apple M5, Docker Desktop VM, arm64; Host B: 2x Xeon 8173M, native Docker, amd64; cpusets 1-2/1-4/1-8); side by side, never pooled; values copied from the frozen D3 / D2 outputs; PLONK n = 5 coarse
allocation_profile,backend,depth,rounds,stage,hostA_n,hostB_n,hostA_median,hostB_median,hostA_q1,hostB_q1,hostA_q3,hostB_q3,hostA_iqr,hostB_iqr,hostA_cv,hostB_cv,hostA_min,hostB_min,hostA_max,hostB_max,hostA_boot_median_lo95,hostB_boot_median_lo95,hostA_boot_median_hi95,hostB_boot_median_hi95,hostA_precision,hostB_precision
cpu2,groth16,5,1-10,input_ms,10,10,0.7975000000000001,0.73,0.774,0.702,0.84925,0.74875,0.07524999999999993,0.04675000000000007,0.3400174297291741,0.1095668457576757,0.606,0.528,1.502,0.837,0.745,0.6955,1.1545,0.752,n = 10,n = 10
cpu2,groth16,5,1-10,prove_ms,10,10,266.3995,395.5045,250.8085,377.73400000000004,271.62350000000004,409.365,20.815000000000026,31.630999999999972,0.05929285819882393,0.05468501247442155,237.506,354.1,281.181,420.164,248.276,375.682,274.7125,411.134,n = 10,n = 10
cpu2,groth16,5,1-10,stage_sum_ms,10,10,303.046,470.3215,291.0355,455.75874999999996,309.43949999999995,482.9235,18.40399999999994,27.164750000000026,0.050070161866372996,0.053161157166170286,271.101,426.153,315.03,510.564,286.808,452.714,310.698,487.255,n = 10,n = 10
cpu2,groth16,5,1-10,verify_first_ms,10,10,11.8895,21.4775,10.29175,19.72775,13.812,22.481,3.520249999999999,2.7532500000000013,0.22812023062296588,0.18806710537870774,9.759,18.159,17.979,32.638,10.245,19.154,14.842500000000001,23.098,n = 10,n = 10
cpu2,groth16,5,1-10,verify_steady_ms,10,10,11.017,20.1985,10.1465,19.76175,11.40825,20.69175,1.261750000000001,0.9299999999999997,0.08898322988649231,0.039551698532628576,9.649,18.805,12.505,21.324,10.1,19.467,11.7915,20.779,n = 10,n = 10
cpu2,groth16,5,1-10,wall_ms,10,10,303.0625,470.382,291.06475,455.82275000000004,309.463,482.97499999999997,18.39825000000002,27.152249999999924,0.05006485320538232,0.05315485203712121,271.121,426.206,315.048,510.625,286.83299999999997,452.773,310.718,487.307,n = 10,n = 10
cpu2,groth16,5,1-10,witness_ms,10,10,22.487499999999997,48.698,21.58025,46.20625,24.94325,61.046,3.3629999999999995,14.839750000000002,0.11171141498008451,0.199276210321996,19.745,44.538,27.562,73.113,21.466,46.0215,25.488,65.60849999999999,n = 10,n = 10
cpu2,groth16,5,1-5,input_ms,5,5,0.844,0.724,0.803,0.711,0.851,0.736,0.04799999999999993,0.025000000000000022,0.3227183173322734,0.02863566225071566,0.771,0.699,1.502,0.752,0.771,0.699,1.502,0.752,COARSE (n = 5),COARSE (n = 5)
cpu2,groth16,5,1-5,prove_ms,5,5,248.817,375.903,239.769,368.137,256.783,396.656,17.01400000000001,28.519000000000005,0.06566558265255353,0.06751060085770931,237.506,354.1,278.562,420.164,237.506,354.1,278.562,420.164,COARSE (n = 5),COARSE (n = 5)
cpu2,groth16,5,1-5,stage_sum_ms,5,5,289.607,452.714,278.295,442.302,295.321,464.921,17.02600000000001,22.61899999999997,0.0584706165524466,0.04833172781654192,271.101,426.153,315.03,483.877,271.101,426.153,315.03,483.877,COARSE (n = 5),COARSE (n = 5)
cpu2,groth16,5,1-5,verify_first_ms,5,5,12.975,21.449,10.133,18.451,16.71,21.495,6.577000000000002,3.0440000000000005,0.2768615796021788,0.09989157187378815,9.759,18.159,17.979,22.77,9.759,18.159,17.979,22.77,COARSE (n = 5),COARSE (n = 5)
cpu2,groth16,5,1-5,verify_steady_ms,5,5,10.843,20.779,10.286,20.084,11.271,20.818,0.9850000000000012,0.7340000000000018,0.09890733014793404,0.04792297486668852,9.649,18.805,12.505,21.324,9.649,18.805,12.505,21.324,COARSE (n = 5),COARSE (n = 5)
cpu2,groth16,5,1-5,wall_ms,5,5,289.636,452.773,278.315,442.356,295.351,464.972,17.036,22.615999999999985,0.058465992157312276,0.04832421715296372,271.121,426.206,315.048,483.929,271.121,426.206,315.048,483.929,COARSE (n = 5),COARSE (n = 5)
cpu2,groth16,5,1-5,witness_ms,5,5,22.641,47.504,22.334,46.071,23.309,49.892,0.9750000000000014,3.821000000000005,0.12235576424569065,0.132234999998751,19.745,44.538,27.562,61.055,19.745,44.538,27.562,61.055,COARSE (n = 5),COARSE (n = 5)
cpu2,groth16,6,1-10,input_ms,10,10,0.822,0.78,0.77325,0.63575,1.3940000000000001,0.8117500000000001,0.6207500000000001,0.17600000000000005,0.3885381327873588,0.458709866300837,0.673,0.556,1.845,1.9,0.74,0.591,1.415,0.8255,n = 10,n = 10
cpu2,groth16,6,1-10,prove_ms,10,10,286.1065,428.5775,278.6915,426.4055,295.29625,451.71125,16.604749999999967,25.30574999999999,0.059202336868246656,0.04558449484247626,241.397,412.164,299.423,467.726,277.851,421.585,297.15,455.528,n = 10,n = 10
cpu2,groth16,6,1-10,stage_sum_ms,10,10,322.9945,506.361,313.69525,494.37025,329.90675,520.83825,16.2115,26.468000000000018,0.04916250666936284,0.03973777015800368,281.553,477.8,334.482,536.703,312.742,488.5215,331.5875,524.479,n = 10,n = 10
cpu2,groth16,6,1-10,verify_first_ms,10,10,12.459,19.504,10.959249999999999,18.79,12.70375,20.1405,1.7445000000000004,1.3505000000000003,0.15034788233814697,0.09179954147365488,9.936,16.78,16.464,22.366,10.825,18.110500000000002,12.9205,20.994999999999997,n = 10,n = 10
cpu2,groth16,6,1-10,verify_steady_ms,10,10,10.6415,19.5165,10.18525,18.16375,11.0095,19.69675,0.8242499999999993,1.5330000000000013,0.09627984829228092,0.08590181811024912,9.607,16.243,13.427,21.3,10.057,17.998,11.036000000000001,20.416,n = 10,n = 10
cpu2,groth16,6,1-10,wall_ms,10,10,323.00750000000005,506.4305,313.71025,494.41825,329.92475,520.92125,16.214500000000044,26.502999999999986,0.049159245941950896,0.03973509532970234,281.572,477.864,334.5,536.75,312.757,488.571,331.608,524.575,n = 10,n = 10
cpu2,groth16,6,1-10,witness_ms,10,10,22.898,47.198499999999996,22.5055,44.913250000000005,23.949,50.82425,1.4435000000000002,5.910999999999994,0.07151719614156521,0.12609820408437608,19.535,43.669,25.908,61.334,22.4015,44.459,24.132,53.8405,n = 10,n = 10
cpu2,groth16,6,1-5,input_ms,5,5,0.821,0.811,0.798,0.786,0.823,0.812,0.02499999999999991,0.026000000000000023,0.28362770706899637,0.48603683804770964,0.682,0.774,1.331,1.9,0.682,0.774,1.331,1.9,COARSE (n = 5),COARSE (n = 5)
cpu2,groth16,6,1-5,prove_ms,5,5,289.735,428.33,277.851,425.764,297.15,428.454,19.298999999999978,2.6899999999999977,0.084458643109358,0.016715021992058862,241.397,412.164,299.423,428.701,241.397,412.164,299.423,428.701,COARSE (n = 5),COARSE (n = 5)
cpu2,groth16,6,1-5,stage_sum_ms,5,5,328.844,495.967,312.742,493.838,330.261,505.555,17.519000000000005,11.716999999999985,0.06844647626849601,0.023678754209308237,281.553,477.8,334.331,507.167,281.553,477.8,334.331,507.167,COARSE (n = 5),COARSE (n = 5)
cpu2,groth16,6,1-5,verify_first_ms,5,5,11.362,20.067,10.825,19.295,13.288,20.165,2.463000000000001,0.8699999999999974,0.20967664991758417,0.09559415310686281,9.936,17.101,16.464,22.366,9.936,17.101,16.464,22.366,COARSE (n = 5),COARSE (n = 5)
cpu2,groth16,6,1-5,verify_steady_ms,5,5,11.013,17.998,10.615,16.986,11.073,21.163,0.4580000000000002,4.177,0.11548769147177544,0.1259704438127527,10.025,16.243,13.427,21.3,10.025,16.243,13.427,21.3,COARSE (n = 5),COARSE (n = 5)
cpu2,groth16,6,1-5,wall_ms,5,5,328.871,496.015,312.757,493.886,330.276,505.645,17.519000000000005,11.758999999999958,0.06844168654884411,0.023680965162581013,281.572,477.864,334.345,507.216,281.572,477.864,334.345,507.216,COARSE (n = 5),COARSE (n = 5)
cpu2,groth16,6,1-5,witness_ms,5,5,23.4,44.459,22.872,44.16,24.132,59.214,1.2600000000000016,15.054000000000002,0.10070577919992532,0.17594747398695948,19.535,43.669,25.908,61.334,19.535,43.669,25.908,61.334,COARSE (n = 5),COARSE (n = 5)
cpu2,groth16,7,1-10,input_ms,10,10,0.87,1.0625,0.85825,1.03225,0.9297500000000001,1.21075,0.07150000000000012,0.1785000000000001,0.27061072990164425,0.11152335845918952,0.758,0.956,1.667,1.289,0.838,1.0055,0.9585,1.231,n = 10,n = 10
cpu2,groth16,7,1-10,prove_ms,10,10,294.82,452.19100000000003,293.50575000000003,444.00750000000005,302.06375,461.20000000000005,8.557999999999993,17.192499999999995,0.07073846418799007,0.030394572879778883,269.96,432.078,343.581,474.961,284.845,442.636,308.91949999999997,462.867,n = 10,n = 10
cpu2,groth16,7,1-10,stage_sum_ms,10,10,333.1,531.6455000000001,328.1595,521.83575,339.022,536.5372500000001,10.862500000000011,14.701500000000124,0.06247296653126448,0.02517909595208918,309.636,503.958,379.234,541.475,320.885,516.583,347.5905,537.383,n = 10,n = 10
cpu2,groth16,7,1-10,verify_first_ms,10,10,11.682500000000001,22.021,10.025,19.76125,13.0025,25.98575,2.977499999999999,6.224499999999999,0.1899983428404408,0.1920261392234983,9.667,18.682,16.736,31.586,9.968499999999999,19.6355,13.3145,26.7,n = 10,n = 10
cpu2,groth16,7,1-10,verify_steady_ms,10,10,10.731,19.9545,10.223749999999999,19.3975,11.6605,20.0305,1.4367500000000017,0.6329999999999991,0.08395919511182534,0.07019190792189331,9.785,17.736,12.237,22.47,10.122499999999999,19.0745,11.916,20.795499999999997,n = 10,n = 10
cpu2,groth16,7,1-10,wall_ms,10,10,333.115,531.703,328.17375,521.88425,339.03725,536.59225,10.863499999999988,14.708000000000084,0.06246936932242253,0.025152542482388983,309.652,504.056,379.254,541.528,320.9065,516.6495,348.77,537.437,n = 10,n = 10
cpu2,groth16,7,1-10,witness_ms,10,10,23.6955,49.1435,22.253,47.544250000000005,25.73125,50.43675,3.478249999999999,2.8924999999999983,0.09688007965850462,0.1093171758109501,21.643,45.523,28.681,65.002,22.082,47.508,25.878500000000003,50.9285,n = 10,n = 10
cpu2,groth16,7,1-5,input_ms,5,5,0.858,1.043,0.817,0.972,0.859,1.082,0.04200000000000004,0.1100000000000001,0.07514668484143791,0.07680541382609408,0.758,0.956,0.931,1.15,0.758,0.956,0.931,1.15,COARSE (n = 5),COARSE (n = 5)
cpu2,groth16,7,1-5,prove_ms,5,5,293.379,442.636,275.804,434.463,294.262,451.524,18.458000000000027,17.06099999999998,0.07037435140322648,0.02855365693612762,269.96,432.078,322.461,462.867,269.96,432.078,322.461,462.867,COARSE (n = 5),COARSE (n = 5)
cpu2,groth16,7,1-5,stage_sum_ms,5,5,330.54,528.12,311.23,505.046,332.595,531.845,21.36500000000001,26.799000000000035,0.0638645722980672,0.030047547965346023,309.636,503.958,361.576,537.383,309.636,503.958,361.576,537.383,COARSE (n = 5),COARSE (n = 5)
cpu2,groth16,7,1-5,verify_first_ms,5,5,12.405,19.939,10.16,19.332,12.938,23.843,2.7780000000000005,4.510999999999999,0.22440541436915426,0.2368387434378482,9.777,18.682,16.736,31.586,9.777,18.682,16.736,31.586,COARSE (n = 5),COARSE (n = 5)
cpu2,groth16,7,1-5,verify_steady_ms,5,5,10.607,19.97,10.229,19.867,12.2,20.043,1.971,0.17599999999999838,0.10348945527251999,0.04379172326502855,9.785,19.241,12.237,21.621,9.785,19.241,12.237,21.621,COARSE (n = 5),COARSE (n = 5)
cpu2,groth16,7,1-5,wall_ms,5,5,330.555,528.17,311.258,505.129,332.609,531.903,21.351,26.774,0.06385646431499478,0.03000632733220712,309.652,504.056,361.595,537.437,309.652,504.056,361.595,537.437,COARSE (n = 5),COARSE (n = 5)
cpu2,groth16,7,1-5,witness_ms,5,5,24.336,49.701,23.055,49.688,25.318,52.156,2.2630000000000017,2.4679999999999964,0.10308858547643046,0.1321625936885632,22.082,47.653,28.681,65.002,22.082,47.653,28.681,65.002,COARSE (n = 5),COARSE (n = 5)
cpu2,groth16,8,1-10,input_ms,10,10,1.2565,1.6404999999999998,1.14025,1.6215000000000002,1.8944999999999999,1.68425,0.7542499999999999,0.06274999999999986,0.31188041977709346,0.086655760998248,1.005,1.41,2.1,1.894,1.117,1.5185,2.069,1.6965,n = 10,n = 10
cpu2,groth16,8,1-10,prove_ms,10,10,339.263,503.4805,327.61525,492.322,347.49975,515.733,19.884500000000003,23.410999999999945,0.039443522214030906,0.02862856373362132,314.891,482.007,353.993,521.644,325.044,490.757,348.867,517.679,n = 10,n = 10
cpu2,groth16,8,1-10,stage_sum_ms,10,10,376.3035,574.1975,363.31625,569.96775,384.52700000000004,588.8385,21.21075000000002,18.87074999999993,0.0368392320606112,0.02595962356490193,351.771,553.139,391.001,597.27,360.331,564.692,386.629,590.933,n = 10,n = 10
cpu2,groth16,8,1-10,verify_first_ms,10,10,11.189,21.616,10.682,20.3015,12.325,23.14275,1.642999999999999,2.8412499999999987,0.13066213446329927,0.18191145512428702,9.78,16.97,15.014,32.003,10.495000000000001,19.7135,12.35,23.294,n = 10,n = 10
cpu2,groth16,8,1-10,verify_steady_ms,10,10,11.1525,20.0505,10.75375,19.761000000000003,11.54025,22.46725,0.7865000000000002,2.706249999999997,0.052652097916252145,0.09440884302963491,10.432,17.908,12.137,23.851,10.676,19.573,11.7275,22.7285,n = 10,n = 10
cpu2,groth16,8,1-10,wall_ms,10,10,376.32050000000004,574.2545,363.33125,570.0260000000001,384.54925000000003,588.89825,21.218000000000018,18.872249999999894,0.03684339994581926,0.025955754511780955,351.787,553.19,391.022,597.317,360.346,564.75,386.653,590.98,n = 10,n = 10
cpu2,groth16,8,1-10,witness_ms,10,10,23.7065,49.7255,23.1755,48.816,24.5785,51.006,1.4029999999999987,2.1899999999999977,0.06319167931961223,0.05781780461710763,20.463,42.663,25.679,52.825,23.1025,48.3435,24.694,51.3995,n = 10,n = 10
cpu2,groth16,8,1-5,input_ms,5,5,1.171,1.644,1.13,1.626,1.179,1.723,0.049000000000000155,0.0970000000000002,0.11238492618328694,0.10551798529434406,1.005,1.41,1.371,1.894,1.005,1.41,1.371,1.894,COARSE (n = 5),COARSE (n = 5)
cpu2,groth16,8,1-5,prove_ms,5,5,339.162,499.252,325.044,487.076,349.255,507.709,24.211000000000013,20.63299999999998,0.04869900385095074,0.02932140480355841,314.891,482.007,353.993,517.679,314.891,482.007,353.993,517.679,COARSE (n = 5),COARSE (n = 5)
cpu2,groth16,8,1-5,stage_sum_ms,5,5,378.221,571.985,360.331,569.596,387.811,576.41,27.47999999999996,6.8139999999999645,0.045914351545016566,0.023738719302241768,351.771,553.139,391.001,590.933,351.771,553.139,391.001,590.933,COARSE (n = 5),COARSE (n = 5)
cpu2,groth16,8,1-5,verify_first_ms,5,5,12.35,22.689,12.25,20.203,12.376,23.826,0.12599999999999945,3.623000000000001,0.12118049783942152,0.21869593760164627,10.808,18.83,15.014,32.003,10.808,18.83,15.014,32.003,COARSE (n = 5),COARSE (n = 5)
cpu2,groth16,8,1-5,verify_steady_ms,5,5,11.236,21.934,11.069,20.099,11.484,22.645,0.41499999999999915,2.5459999999999994,0.0502564422608798,0.0796144425183408,10.432,19.76,11.971,23.851,10.432,19.76,11.971,23.851,COARSE (n = 5),COARSE (n = 5)
cpu2,groth16,8,1-5,wall_ms,5,5,378.238,572.05,360.346,569.652,387.833,576.459,27.487000000000023,6.806999999999903,0.04591942801870479,0.023733216951012284,351.787,553.19,391.022,590.98,351.787,553.19,391.022,590.98,COARSE (n = 5),COARSE (n = 5)
cpu2,groth16,8,1-5,witness_ms,5,5,23.3,48.793,23.134,47.802,25.561,50.408,2.4269999999999996,2.6060000000000016,0.09055682102187175,0.07782919702049594,20.463,42.663,25.679,52.825,20.463,42.663,25.679,52.825,COARSE (n = 5),COARSE (n = 5)
cpu2,groth16,9,1-10,input_ms,10,10,1.8295,3.0075,1.7705,2.7962499999999997,1.96925,3.332,0.19874999999999998,0.5357500000000002,0.46713444716573105,0.8529458890929575,1.745,2.433,5.121,13.964,1.763,2.763,2.2475,3.387,n = 10,n = 10
cpu2,groth16,9,1-10,prove_ms,10,10,359.0625,542.102,347.64,521.9675,368.868,552.853,21.22800000000001,30.88549999999998,0.03937264061782178,0.045561486200152726,340.759,517.594,380.506,596.717,345.742,520.062,371.353,554.789,n = 10,n = 10
cpu2,groth16,9,1-10,stage_sum_ms,10,10,397.318,612.9645,389.33574999999996,596.88375,411.63025,623.9807500000001,22.294500000000028,27.097000000000094,0.037412352972566586,0.04876714989110627,377.499,582.939,420.346,680.405,387.26,595.5325,414.959,638.229,n = 10,n = 10
cpu2,groth16,9,1-10,verify_first_ms,10,10,11.058,20.5295,10.50775,19.153750000000002,12.73275,21.3985,2.2249999999999996,2.2447499999999962,0.1959761723009241,0.19030949796860788,10.111,17.654,16.936,32.157,10.381,19.092,14.184000000000001,21.8275,n = 10,n = 10
cpu2,groth16,9,1-10,verify_steady_ms,10,10,10.344000000000001,19.365,9.888,18.35,11.338249999999999,19.87,1.4502499999999987,1.5199999999999996,0.09641545184149385,0.060482063417372216,9.569,17.097,12.318,20.578,9.872,18.069499999999998,11.7305,19.945999999999998,n = 10,n = 10
cpu2,groth16,9,1-10,wall_ms,10,10,397.34000000000003,613.011,389.35125000000005,596.93475,411.6475,624.03125,22.29624999999993,27.096499999999992,0.03740855534058455,0.048762312688559996,377.517,582.987,420.361,680.467,387.27750000000003,595.605,414.976,638.2855,n = 10,n = 10
cpu2,groth16,9,1-10,witness_ms,10,10,24.448999999999998,50.309,23.250500000000002,47.55975,26.988,50.945750000000004,3.737499999999997,3.386000000000003,0.09538367768139105,0.06939781629320711,22.053,44.269,28.899,55.67,23.195,46.263000000000005,27.598,51.033,n = 10,n = 10
cpu2,groth16,9,1-5,input_ms,5,5,1.961,2.767,1.824,2.642,1.972,3.034,0.1479999999999999,0.3919999999999999,0.5743863044802926,1.0132082985998647,1.763,2.433,5.121,13.964,1.763,2.433,5.121,13.964,COARSE (n = 5),COARSE (n = 5)
cpu2,groth16,9,1-5,prove_ms,5,5,345.742,527.684,344.037,520.062,371.353,537.399,27.31600000000003,17.33699999999999,0.05087684814803555,0.06039955723582933,340.759,518.044,380.506,596.717,340.759,518.044,380.506,596.717,COARSE (n = 5),COARSE (n = 5)
cpu2,groth16,9,1-5,stage_sum_ms,5,5,387.955,600.486,381.042,595.683,414.959,606.661,33.91700000000003,10.977999999999952,0.05017885395791604,0.06285846189063034,377.499,582.939,420.346,680.405,377.499,582.939,420.346,680.405,COARSE (n = 5),COARSE (n = 5)
cpu2,groth16,9,1-5,verify_first_ms,5,5,12.726,20.376,10.381,19.099,12.735,21.304,2.353999999999999,2.2049999999999983,0.2173659985099815,0.09134894659069567,10.12,17.654,16.936,22.351,10.12,17.654,16.936,22.351,COARSE (n = 5),COARSE (n = 5)
cpu2,groth16,9,1-5,verify_steady_ms,5,5,9.936,18.476,9.872,17.663,10.624,19.864,0.7520000000000007,2.2010000000000005,0.10554825512306963,0.078128221986511,9.569,17.097,12.314,20.578,9.569,17.097,12.314,20.578,COARSE (n = 5),COARSE (n = 5)
cpu2,groth16,9,1-5,wall_ms,5,5,387.97,600.531,381.06,595.736,414.976,606.707,33.916,10.971000000000004,0.05017468053500373,0.06286281559531529,377.517,582.987,420.361,680.467,377.517,582.987,420.361,680.467,COARSE (n = 5),COARSE (n = 5)
cpu2,groth16,9,1-5,witness_ms,5,5,24.338,49.993,23.417,44.475,25.158,50.625,1.7409999999999997,6.149999999999999,0.10409255395856477,0.07190299629613156,22.053,44.269,28.899,51.283,22.053,44.269,28.899,51.283,COARSE (n = 5),COARSE (n = 5)
cpu2,groth16,10,1-10,input_ms,10,10,2.8034999999999997,5.0965,2.66625,5.0275,3.023,5.27425,0.35675000000000034,0.24675000000000047,0.09524723092844932,0.026701334903901242,2.594,4.97,3.459,5.334,2.661,5.0205,3.055,5.283,n = 10,n = 10
cpu2,groth16,10,1-10,prove_ms,10,10,380.75300000000004,558.4375,373.515,553.538,391.85425,580.79475,18.339249999999993,27.25675000000001,0.03767616650047349,0.04510149914804015,353.367,545.124,398.882,622.442,370.682,552.9335,394.638,586.582,n = 10,n = 10
cpu2,groth16,10,1-10,stage_sum_ms,10,10,419.9045,633.7035000000001,410.165,632.34875,433.091,665.12475,22.925999999999988,32.775999999999954,0.03932066557855928,0.03919098400338075,391.467,621.916,441.081,699.28,408.896,630.957,434.603,667.501,n = 10,n = 10
cpu2,groth16,10,1-10,verify_first_ms,10,10,11.168,21.808,10.827,20.12725,11.87325,22.4325,1.0462500000000006,2.305250000000001,0.2865027157059014,0.19306938374027047,9.812,17.643,21.82,33.389,10.489999999999998,19.922,11.9,23.174,n = 10,n = 10
cpu2,groth16,10,1-10,verify_steady_ms,10,10,10.7375,19.2915,10.15325,18.7335,11.70275,19.76025,1.5495,1.0267499999999998,0.07999046609906328,0.05681368206942046,9.991,17.989,12.214,21.952,10.041,18.65,11.999,19.813,n = 10,n = 10
cpu2,groth16,10,1-10,wall_ms,10,10,419.92,633.7525,410.18375000000003,632.394,433.11475,665.184,22.930999999999983,32.789999999999964,0.039319663170177925,0.03918794611791868,391.486,621.968,441.097,699.327,407.99649999999997,631.0085,434.627,667.5609999999999,n = 10,n = 10
cpu2,groth16,10,1-10,witness_ms,10,10,24.813499999999998,51.5605,22.36025,48.96125,26.53425,54.114999999999995,4.1739999999999995,5.153749999999995,0.11673021429342696,0.06992634323560068,21.351,45.946,30.308,57.093,22.023,48.295,26.598,54.492,n = 10,n = 10
cpu2,groth16,10,1-5,input_ms,5,5,2.864,5.044,2.743,5.022,2.927,5.248,0.18400000000000016,0.22599999999999998,0.06405402392501332,0.02961423446649034,2.661,4.997,3.138,5.334,2.661,4.997,3.138,5.334,COARSE (n = 5),COARSE (n = 5)
cpu2,groth16,10,1-5,prove_ms,5,5,378.158,560.475,372.856,556.4,394.638,603.096,21.781999999999982,46.696000000000026,0.03708678433241553,0.05780859767817137,365.872,545.124,398.882,622.442,365.872,545.124,398.882,622.442,COARSE (n = 5),COARSE (n = 5)
cpu2,groth16,10,1-5,stage_sum_ms,5,5,418.7,632.582,408.896,632.271,428.555,675.803,19.658999999999992,43.53200000000004,0.037032954315124274,0.04875466208368703,401.986,629.332,441.081,699.28,401.986,629.332,441.081,699.28,COARSE (n = 5),COARSE (n = 5)
cpu2,groth16,10,1-5,verify_first_ms,5,5,11.274,21.764,11.062,19.922,11.9,21.852,0.838000000000001,1.9299999999999997,0.08810829105595637,0.09478886299312494,9.812,19.209,12.455,24.433,9.812,19.209,12.455,24.433,COARSE (n = 5),COARSE (n = 5)
cpu2,groth16,10,1-5,verify_steady_ms,5,5,10.698,18.65,10.04,18.365,10.777,19.813,0.7370000000000001,1.4480000000000004,0.08359596550902575,0.046278279199339606,9.991,17.989,12.214,19.938,9.991,17.989,12.214,19.938,COARSE (n = 5),COARSE (n = 5)
cpu2,groth16,10,1-5,wall_ms,5,5,418.716,632.625,408.915,632.317,428.578,675.848,19.662999999999954,43.53099999999995,0.03703174335364249,0.04874799895397248,402.003,629.392,441.097,699.327,402.003,629.392,441.097,699.327,COARSE (n = 5),COARSE (n = 5)
cpu2,groth16,10,1-5,witness_ms,5,5,22.023,49.739,21.443,46.851,26.343,51.638,4.899999999999999,4.786999999999999,0.11620204950435238,0.07190708034495256,21.351,45.946,26.817,54.732,21.351,45.946,26.817,54.732,COARSE (n = 5),COARSE (n = 5)
cpu2,groth16,11,1-10,input_ms,10,10,6.436999999999999,13.083,5.78475,12.857000000000001,7.1615,13.8555,1.3767500000000004,0.9984999999999982,0.1278476566677959,0.0448209674063771,5.535,12.636,7.681,14.165,5.677,12.782,7.3595,13.914,n = 10,n = 10
cpu2,groth16,11,1-10,prove_ms,10,10,387.7685,587.6855,378.5335,580.29875,405.8725,607.3565,27.339,27.057749999999942,0.05623298046652386,0.0343860132425874,360.047,565.008,429.876,628.298,376.89250000000004,578.357,410.435,609.819,n = 10,n = 10
cpu2,groth16,11,1-10,stage_sum_ms,10,10,432.3645,675.491,422.08225,670.739,447.5175,691.33925,25.435249999999996,20.60024999999996,0.05229575228867751,0.0311557338651377,407.836,644.449,476.966,713.996,421.667,668.1375,457.7375,699.0975,n = 10,n = 10
cpu2,groth16,11,1-10,verify_first_ms,10,10,11.087,19.932000000000002,10.687999999999999,19.211750000000002,11.62975,21.14575,0.9417500000000008,1.9339999999999975,0.06790118873196431,0.08481433542586683,10.38,17.371,12.682,23.455,10.613,19.013,11.8625,21.3555,n = 10,n = 10
cpu2,groth16,11,1-10,verify_steady_ms,10,10,10.353,19.680999999999997,9.95125,19.369,10.895499999999998,19.910249999999998,0.9442499999999985,0.541249999999998,0.09119582240412955,0.04208577482424479,9.408,19.017,12.718,21.779,9.937,19.205,11.041,20.204,n = 10,n = 10
cpu2,groth16,11,1-10,wall_ms,10,10,432.384,675.549,422.09975000000003,670.78775,447.53700000000003,691.386,25.437250000000006,20.598250000000007,0.052292464260056744,0.03115425442051299,407.857,644.496,476.987,714.05,419.9895,668.187,452.9975,699.1465000000001,n = 10,n = 10
cpu2,groth16,11,1-10,witness_ms,10,10,27.122999999999998,51.0215,24.9785,47.2085,28.50875,58.20075,3.5302499999999988,10.992249999999999,0.08716739100420848,0.16073736734103272,24.248,43.938,30.73,69.727,24.8125,46.789,28.836,61.113,n = 10,n = 10
cpu2,groth16,11,1-5,input_ms,5,5,6.683,12.851,6.191,12.689,7.055,12.984,0.8639999999999999,0.29499999999999993,0.12347278157007285,0.03507318888108041,5.535,12.636,7.681,13.761,5.535,12.636,7.681,13.761,COARSE (n = 5),COARSE (n = 5)
cpu2,groth16,11,1-5,prove_ms,5,5,379.045,582.11,378.363,579.695,383.707,609.819,5.343999999999994,30.12399999999991,0.030847600076036152,0.03794848607447205,360.047,565.008,391.83,618.859,360.047,565.008,391.83,618.859,COARSE (n = 5),COARSE (n = 5)
cpu2,groth16,11,1-5,stage_sum_ms,5,5,423.328,673.978,421.667,671.309,430.299,692.857,8.632000000000005,21.548000000000002,0.024034528916210416,0.03697893398513507,407.836,644.449,434.43,711.409,407.836,644.449,434.43,711.409,COARSE (n = 5),COARSE (n = 5)
cpu2,groth16,11,1-5,verify_first_ms,5,5,10.913,19.849,10.613,19.013,11.705,20.015,1.0920000000000005,1.001999999999999,0.08348130309733048,0.07963231819991158,10.38,17.371,12.682,21.644,10.38,17.371,12.682,21.644,COARSE (n = 5),COARSE (n = 5)
cpu2,groth16,11,1-5,verify_steady_ms,5,5,9.937,19.615,9.909,19.017,10.245,19.764,0.3359999999999985,0.7469999999999999,0.0398734599823761,0.022337064019392533,9.408,19.017,10.461,19.959,9.408,19.017,10.461,19.959,COARSE (n = 5),COARSE (n = 5)
cpu2,groth16,11,1-5,wall_ms,5,5,423.347,674.028,421.684,671.357,430.319,692.903,8.634999999999991,21.54600000000005,0.024032229038493953,0.036976747783643966,407.857,644.496,434.449,711.458,407.857,644.496,434.449,711.458,COARSE (n = 5),COARSE (n = 5)
cpu2,groth16,11,1-5,witness_ms,5,5,27.479,56.463,25.244,46.789,27.833,58.78,2.5889999999999986,11.991,0.08489766000400391,0.1865006984917196,24.381,43.938,30.193,69.727,24.381,43.938,30.193,69.727,COARSE (n = 5),COARSE (n = 5)
cpu2,groth16,12,1-10,input_ms,10,10,16.1375,37.641999999999996,10.1785,19.5955,16.832,39.0525,6.653500000000001,19.457,0.2763508197626001,0.32725621041506714,8.907,19.377,18.652,42.036,9.809,19.557000000000002,17.619,39.334,n = 10,n = 10
cpu2,groth16,12,1-10,prove_ms,10,10,417.63599999999997,605.9955,414.133,598.673,419.422,613.59025,5.289000000000044,14.917249999999967,0.021221741783638667,0.024225241023498757,398.655,595.675,429.451,645.098,408.553,598.396,419.528,615.798,n = 10,n = 10
cpu2,groth16,12,1-10,stage_sum_ms,10,10,470.6195,717.537,463.60175,704.4567499999999,472.05325,731.1275,8.45150000000001,26.670750000000112,0.024171047210709666,0.035787747953275766,445.241,687.669,487.056,770.852,460.2315,698.5274999999999,473.40250000000003,737.356,n = 10,n = 10
cpu2,groth16,12,1-10,verify_first_ms,10,10,10.913499999999999,21.82,10.32225,21.177,11.94625,21.977,1.6239999999999988,0.8000000000000007,0.09288666832619204,0.11845223415041808,9.973,18.539,12.811,28.005,10.244,20.417499999999997,12.071,22.8235,n = 10,n = 10
cpu2,groth16,12,1-10,verify_steady_ms,10,10,10.725000000000001,20.081,10.039,19.241999999999997,10.978,20.40475,0.9390000000000001,1.1627500000000026,0.08079096381865225,0.07178426310477821,9.875,17.392,12.673,22.827,10.022,19.185,11.219999999999999,20.441087499999984,n = 10,n = 10
cpu2,groth16,12,1-10,wall_ms,10,10,470.64149999999995,717.5875,463.6235,704.50825,472.07325000000003,731.1812500000001,8.449750000000051,26.673000000000116,0.024167299125170988,0.03578270632999922,445.272,687.739,487.083,770.906,460.254,698.5844999999999,473.4266624999999,737.4145,n = 10,n = 10
cpu2,groth16,12,1-10,witness_ms,10,10,26.814,55.5965,25.261,51.494,28.2485,64.03475,2.9875000000000007,12.540750000000003,0.09492860208883803,0.1185599520908964,22.84,49.517,31.883,66.646,24.829,50.972,28.358,64.3065,n = 10,n = 10
cpu2,groth16,12,1-5,input_ms,5,5,9.809,19.595,9.31,19.517,15.945,37.594,6.635,18.077,0.3099630170514724,0.37549604667351166,8.907,19.377,16.33,38.217,8.907,19.377,16.33,38.217,COARSE (n = 5),COARSE (n = 5)
cpu2,groth16,12,1-5,prove_ms,5,5,419.104,599.504,414.073,598.396,419.528,613.736,5.455000000000041,15.340000000000032,0.017379747323092096,0.01688631298346949,402.793,595.675,419.57,618.443,402.793,595.675,419.57,618.443,COARSE (n = 5),COARSE (n = 5)
cpu2,groth16,12,1-5,stage_sum_ms,5,5,464.159,707.438,463.416,689.617,472.003,710.312,8.586999999999989,20.69500000000005,0.02494669533879131,0.021964238429348547,445.241,687.669,474.933,724.762,445.241,687.669,474.933,724.762,COARSE (n = 5),COARSE (n = 5)
cpu2,groth16,12,1-5,verify_first_ms,5,5,10.395,21.109,10.298,19.054,11.069,21.381,0.7710000000000008,2.3270000000000017,0.09411879551410716,0.07303009008457959,9.973,18.539,12.537,21.859,9.973,18.539,12.537,21.859,COARSE (n = 5),COARSE (n = 5)
cpu2,groth16,12,1-5,verify_steady_ms,5,5,11.023,19.983,10.09,19.413,11.597,20.668,1.5069999999999997,1.254999999999999,0.10352762335833476,0.07876000549777382,9.875,18.621,12.673,22.827,9.875,18.621,12.673,22.827,COARSE (n = 5),COARSE (n = 5)
cpu2,groth16,12,1-5,wall_ms,5,5,464.18,707.497,463.438,689.672,472.026,710.362,8.588000000000022,20.68999999999994,0.024938943494218862,0.02195452870273703,445.272,687.739,474.957,724.813,445.272,687.739,474.957,724.813,COARSE (n = 5),COARSE (n = 5)
cpu2,groth16,12,1-5,witness_ms,5,5,26.557,50.972,24.613,49.986,26.997,53.06,2.3840000000000003,3.074000000000005,0.0918514728096153,0.0394927951727657,22.84,49.517,29.105,54.269,22.84,49.517,29.105,54.269,COARSE (n = 5),COARSE (n = 5)
cpu2,groth16,13,1-10,input_ms,10,10,31.0885,82.441,27.533,70.378,31.590249999999997,83.94325,4.057249999999996,13.565250000000006,0.10508512498998328,0.11439772204402954,24.827,64.787,33.549,88.536,26.3575,67.151,31.812899999999928,85.6565,n = 10,n = 10
cpu2,groth16,13,1-10,prove_ms,10,10,441.95,642.1145,425.33375,629.559,454.242,647.068,28.90825000000001,17.509000000000015,0.04547923500665606,0.027963557811687998,407.386,623.35,472.125,683.662,421.178,628.351,457.194,650.1055,n = 10,n = 10
cpu2,groth16,13,1-10,stage_sum_ms,10,10,515.124,799.9935,497.33950000000004,794.749,527.6460000000001,817.79675,30.306500000000028,23.04774999999995,0.04245589506629526,0.019941681854047308,479.467,785.136,545.989,834.463,494.41,793.851,532.9275,820.665,n = 10,n = 10
cpu2,groth16,13,1-10,verify_first_ms,10,10,11.679,19.582,10.5035,19.3625,12.74125,20.66275,2.23775,1.3002499999999984,0.27144708922656896,0.18587957259237262,9.563,16.083,21.388,30.599,10.442,19.34,12.779,22.036,n = 10,n = 10
cpu2,groth16,13,1-10,verify_steady_ms,10,10,10.5085,19.323,10.42475,19.088500000000003,10.83325,19.804000000000002,0.4085000000000001,0.7154999999999987,0.03962286132962143,0.05281885719868506,10.108,17.594,11.615,21.364,10.41,19.077,10.884,20.145,n = 10,n = 10
cpu2,groth16,13,1-10,wall_ms,10,10,515.1514999999999,800.0635,497.3675,794.8127499999999,527.6804999999999,817.8599999999999,30.31299999999993,23.047249999999963,0.04245393841170446,0.01993816335737274,479.495,785.207,546.012,834.532,494.437,793.915,532.9535000000001,820.728,n = 10,n = 10
cpu2,groth16,13,1-10,witness_ms,10,10,30.775,64.2845,29.8075,61.378750000000004,32.63275,66.781,2.8252500000000005,5.402250000000002,0.10119076175844507,0.08549233117197357,28.08,54.574,38.354,71.306,29.279,59.69,33.8235,68.49600000000001,n = 10,n = 10
cpu2,groth16,13,1-5,input_ms,5,5,27.602,80.059,27.51,67.002,31.54,83.068,4.029999999999998,16.066000000000003,0.11720106908782621,0.12172412671483712,25.113,64.787,33.549,84.235,25.113,64.787,33.549,84.235,COARSE (n = 5),COARSE (n = 5)
cpu2,groth16,13,1-5,prove_ms,5,5,437.801,644.13,421.178,640.099,445.386,644.251,24.208000000000027,4.15199999999993,0.04860006611906712,0.03091080051591105,419.861,632.199,472.125,683.662,419.861,632.199,472.125,683.662,COARSE (n = 5),COARSE (n = 5)
cpu2,groth16,13,1-5,stage_sum_ms,5,5,506.128,798.534,494.41,793.851,524.196,809.192,29.786,15.341000000000008,0.04467785604288914,0.023620057630283294,490.829,785.136,545.989,834.463,490.829,785.136,545.989,834.463,COARSE (n = 5),COARSE (n = 5)
cpu2,groth16,13,1-5,verify_first_ms,5,5,10.442,19.626,10.357,19.538,12.779,20.566,2.4220000000000006,1.0279999999999987,0.13537592920124822,0.03375403815884987,9.563,19.173,12.854,20.695,9.563,19.173,12.854,20.695,COARSE (n = 5),COARSE (n = 5)
cpu2,groth16,13,1-5,verify_steady_ms,5,5,10.469,19.077,10.407,19.043,10.517,19.302,0.10999999999999943,0.25900000000000034,0.03135373153910148,0.03850552871217318,10.108,17.594,11.02,19.344,10.108,17.594,11.02,19.344,COARSE (n = 5),COARSE (n = 5)
cpu2,groth16,13,1-5,wall_ms,5,5,506.159,798.598,494.437,793.915,524.22,809.256,29.783000000000015,15.341000000000008,0.04467282112371565,0.023618393460732513,490.853,785.207,546.012,834.532,490.853,785.207,546.012,834.532,COARSE (n = 5),COARSE (n = 5)
cpu2,groth16,13,1-5,witness_ms,5,5,32.578,60.898,30.435,56.559,32.651,62.821,2.2160000000000046,6.2620000000000005,0.10242147343073314,0.06483719858200751,29.872,54.574,38.354,63.233,29.872,54.574,38.354,63.233,COARSE (n = 5),COARSE (n = 5)
cpu2,groth16,14,1-10,input_ms,10,10,55.9765,150.2815,50.581250000000004,126.73349999999999,58.4925,158.89625,7.9112499999999955,32.16275000000002,0.09340613555674313,0.13255511773067255,46.333,115.577,59.236,163.557,49.572,120.035,58.713,160.117,n = 10,n = 10
cpu2,groth16,14,1-10,prove_ms,10,10,455.53999999999996,664.1795,441.73,654.8025,468.25075000000004,678.6469999999999,26.52075000000002,23.844499999999925,0.03812173166901925,0.024203085562414454,433.028,645.43,486.352,696.17,439.296,654.1385,468.961,681.829,n = 10,n = 10
cpu2,groth16,14,1-10,stage_sum_ms,10,10,548.742,890.7475,540.8905,867.15925,561.53675,917.29225,20.64625000000001,50.132999999999925,0.03071330054463094,0.0349644730101995,528.593,852.773,588.102,941.035,540.224,864.743,564.688,924.001,n = 10,n = 10
cpu2,groth16,14,1-10,verify_first_ms,10,10,10.973500000000001,21.284,10.0125,19.6,12.603,22.386499999999998,2.5905000000000005,2.7864999999999966,0.14063985652206173,0.09831750216047576,9.814,17.369,14.361,23.846,9.959,19.433,12.871,22.535624999999925,n = 10,n = 10
cpu2,groth16,14,1-10,verify_steady_ms,10,10,10.5875,19.6175,10.0525,19.32125,10.996500000000001,20.385,0.9440000000000008,1.0637500000000024,0.08374248876489364,0.07361690692750547,9.797,16.902,12.631,21.46,10.05,18.3285,11.212,20.454,n = 10,n = 10
cpu2,groth16,14,1-10,wall_ms,10,10,548.7660000000001,890.8265,540.912,867.226,561.5605,917.3595,20.648500000000013,50.133500000000026,0.030714402723130745,0.03496236319779726,528.615,852.834,588.13,941.103,540.245,864.809,564.712,924.067,n = 10,n = 10
cpu2,groth16,14,1-10,witness_ms,10,10,29.8555,61.335,28.24475,57.1185,30.408250000000002,63.28425,2.1635000000000026,6.165750000000003,0.11972899016520439,0.06249347744512061,25.99,54.392,38.871,65.133,27.762,56.577,31.484,63.542,n = 10,n = 10
cpu2,groth16,14,1-5,input_ms,5,5,49.572,120.035,46.602,117.805,53.609,149.098,7.007000000000005,31.293000000000006,0.1062501737281914,0.13667878101684866,46.333,115.577,59.236,151.465,46.333,115.577,59.236,151.465,COARSE (n = 5),COARSE (n = 5)
cpu2,groth16,14,1-5,prove_ms,5,5,439.296,661.342,435.423,652.63,459.962,667.017,24.538999999999987,14.387000000000057,0.03398083868925679,0.015104734711570563,433.028,645.43,466.12,669.101,433.028,645.43,466.12,669.101,COARSE (n = 5),COARSE (n = 5)
cpu2,groth16,14,1-5,stage_sum_ms,5,5,540.224,864.743,539.869,857.618,546.34,874.408,6.471000000000004,16.789999999999964,0.016161782559860293,0.01953851920887349,528.593,852.773,552.083,895.703,528.593,852.773,552.083,895.703,COARSE (n = 5),COARSE (n = 5)
cpu2,groth16,14,1-5,verify_first_ms,5,5,11.799,21.215,9.959,20.101,13.108,21.353,3.149000000000001,1.2520000000000024,0.1643310013665978,0.07951173640353551,9.937,19.433,14.361,23.846,9.937,19.433,14.361,23.846,COARSE (n = 5),COARSE (n = 5)
cpu2,groth16,14,1-5,verify_steady_ms,5,5,10.477,19.532,10.06,17.221,10.698,20.624,0.6379999999999999,3.4029999999999987,0.0676550783678108,0.10584238193869856,9.917,16.902,11.726,21.46,9.917,16.902,11.726,21.46,COARSE (n = 5),COARSE (n = 5)
cpu2,groth16,14,1-5,wall_ms,5,5,540.245,864.809,539.901,857.688,546.363,874.477,6.462000000000103,16.788999999999987,0.016161128201883677,0.019546844027326683,528.615,852.834,552.106,895.789,528.615,852.834,552.106,895.789,COARSE (n = 5),COARSE (n = 5)
cpu2,groth16,14,1-5,witness_ms,5,5,29.893,57.118,29.818,56.034,30.489,57.12,0.6709999999999994,1.0859999999999985,0.12568844116589134,0.07181801424641882,29.693,54.392,38.871,65.133,29.693,54.392,38.871,65.133,COARSE (n = 5),COARSE (n = 5)
cpu2,groth16,15,1-10,input_ms,10,10,120.7225,311.0585,118.2995,298.94425,124.0595,312.7595,5.760000000000005,13.815249999999992,0.06950430645337925,0.06866697444721247,100.964,272.678,126.812,352.293,113.682,296.108,125.11500000000001,315.12699999999995,n = 10,n = 10
cpu2,groth16,15,1-10,prove_ms,10,10,485.759,677.254,471.02,673.403,490.05975,684.5595000000001,19.039750000000026,11.156500000000051,0.03828973260799025,0.013575495425174399,444.303,668.222,504.173,696.965,466.3655,672.936,493.9605,686.2239999999999,n = 10,n = 10
cpu2,groth16,15,1-10,stage_sum_ms,10,10,651.394,1088.0275000000001,628.7645,1074.2404999999999,658.546,1104.532,29.78150000000005,30.291500000000042,0.03346191721728872,0.02797234374685173,605.69,1031.079,667.609,1129.096,624.711,1060.3274999999999,659.4259999999999,1104.829,n = 10,n = 10
cpu2,groth16,15,1-10,verify_first_ms,10,10,12.6725,21.1795,11.06425,20.966749999999998,13.5885,21.72775,2.5242500000000003,0.7610000000000028,0.20784726286415284,0.18689561121442644,10.044,18.405,19.236,33.258,10.761,20.006999999999998,13.794,22.592,n = 10,n = 10
cpu2,groth16,15,1-10,verify_steady_ms,10,10,11.0095,19.592,10.3455,19.38525,12.313500000000001,20.0825,1.9680000000000017,0.6972500000000004,0.09549914806243111,0.047633571767605125,9.828,18.68,12.698,22.119,10.2935,19.363,12.367,20.192,n = 10,n = 10
cpu2,groth16,15,1-10,wall_ms,10,10,651.4245,1088.1129999999998,628.79125,1074.3215,658.5730000000001,1104.61375,29.781750000000102,30.292249999999967,0.03345939671849497,0.027969355028890332,605.72,1031.146,667.636,1129.168,624.7460000000001,1060.4065,661.8575000000001,1106.551,n = 10,n = 10
cpu2,groth16,15,1-10,witness_ms,10,10,29.8945,70.718,28.69125,67.84925,35.6505,77.10825,6.959250000000001,9.259,0.13724618896059096,0.16628244840714512,27.148,63.766,38.882,105.197,28.038,66.9675,36.618,79.125,n = 10,n = 10
cpu2,groth16,15,1-5,input_ms,5,5,119.111,296.108,118.029,285.406,120.613,307.453,2.584000000000003,22.04699999999997,0.05585713685356326,0.05382265625515381,108.253,272.678,126.577,311.116,108.253,272.678,126.577,311.116,COARSE (n = 5),COARSE (n = 5)
cpu2,groth16,15,1-5,prove_ms,5,5,490.249,672.936,489.492,672.925,498.429,675.057,8.936999999999955,2.132000000000062,0.013916272245704608,0.009837875438301415,488.365,668.222,504.173,686.041,488.365,668.222,504.173,686.041,COARSE (n = 5),COARSE (n = 5)
cpu2,groth16,15,1-5,stage_sum_ms,5,5,658.971,1073.0,657.271,1042.693,666.379,1103.641,9.108000000000061,60.94800000000009,0.009643072222967907,0.03274350129109622,652.473,1031.079,667.609,1109.313,652.473,1031.079,667.609,1109.313,COARSE (n = 5),COARSE (n = 5)
cpu2,groth16,15,1-5,verify_first_ms,5,5,12.972,21.818,12.568,21.457,14.221,23.727,1.6530000000000005,2.2699999999999996,0.24411503430029083,0.21171108661766683,10.111,21.03,19.236,33.258,10.111,21.03,19.236,33.258,COARSE (n = 5),COARSE (n = 5)
cpu2,groth16,15,1-5,verify_steady_ms,5,5,12.367,19.754,10.431,19.431,12.403,20.591,1.9720000000000013,1.1600000000000001,0.10017924295472434,0.05761068063560359,10.317,19.295,12.698,22.119,10.317,19.295,12.698,22.119,COARSE (n = 5),COARSE (n = 5)
cpu2,groth16,15,1-5,wall_ms,5,5,658.998,1073.084,657.298,1042.779,666.417,1103.716,9.119000000000028,60.9369999999999,0.00964308906444369,0.032740751029740424,652.507,1031.146,667.636,1109.386,652.507,1031.146,667.636,1109.386,COARSE (n = 5),COARSE (n = 5)
cpu2,groth16,15,1-5,witness_ms,5,5,36.618,68.576,30.334,67.607,37.097,84.666,6.763000000000002,17.058999999999997,0.1450478222034238,0.21848240334207944,27.372,64.446,38.882,105.197,27.372,64.446,38.882,105.197,COARSE (n = 5),COARSE (n = 5)
cpu2,plonk,5,1-5,input_ms,5,5,0.797,0.709,0.759,0.664,1.175,0.738,0.41600000000000004,0.07399999999999995,0.33445858594476313,0.1885028600232444,0.745,0.445,1.498,0.745,0.745,0.445,1.498,0.745,COARSE (n = 5),COARSE (n = 5)
cpu2,plonk,5,1-5,prove_ms,5,5,12301.899,25003.603,12045.394,24940.884,12936.25,25034.691,890.8559999999998,93.8070000000007,0.048215828680974855,0.0026475643238668043,11890.7,24900.802,13302.837,25060.529,11890.7,24900.802,13302.837,25060.529,COARSE (n = 5),COARSE (n = 5)
cpu2,plonk,5,1-5,stage_sum_ms,5,5,12331.396,25064.162,12078.594,25002.335,12972.906,25096.864,894.3120000000017,94.52900000000227,0.048033244929976626,0.0027204999101862587,11931.003,24965.057,13336.709,25131.96,11931.003,24965.057,13336.709,25131.96,COARSE (n = 5),COARSE (n = 5)
cpu2,plonk,5,1-5,verify_first_ms,5,5,10.089,15.683,9.22,13.961,10.306,20.349,1.0859999999999985,6.388,0.07626644254074103,0.3017415582634844,9.205,13.551,10.987,26.421,9.205,13.551,10.987,26.421,COARSE (n = 5),COARSE (n = 5)
cpu2,plonk,5,1-5,verify_steady_ms,5,5,7.363,12.41,7.327,11.45,7.738,12.691,0.4110000000000005,1.2410000000000014,0.031531493519944366,0.08166892190305747,7.281,10.862,7.765,13.346,7.281,10.862,7.765,13.346,COARSE (n = 5),COARSE (n = 5)
cpu2,plonk,5,1-5,wall_ms,5,5,12331.415,25064.214,12078.611,25002.396,12972.925,25096.914,894.3139999999985,94.51800000000003,0.048033172248832676,0.0027204738288158586,11931.021,24965.109,13336.726,25132.017,11931.021,24965.109,13336.726,25132.017,COARSE (n = 5),COARSE (n = 5)
cpu2,plonk,5,1-5,witness_ms,5,5,22.986,45.059,22.149,44.272,26.261,47.548,4.111999999999998,3.2760000000000034,0.1591198903877205,0.0843804078243576,18.793,39.766,28.556,49.959,18.793,39.766,28.556,49.959,COARSE (n = 5),COARSE (n = 5)
cpu2,plonk,6,1-5,input_ms,5,5,1.362,0.797,0.882,0.796,1.426,0.825,0.5439999999999999,0.028999999999999915,0.2681770549313154,0.02467600418812931,0.793,0.795,1.443,0.838,0.793,0.795,1.443,0.838,COARSE (n = 5),COARSE (n = 5)
cpu2,plonk,6,1-5,prove_ms,5,5,12110.281,25010.636,12108.401,24968.196,12232.353,25030.458,123.95199999999932,62.26199999999881,0.04487009638061007,0.0029856831930093757,11945.082,24879.43,13316.157,25076.941,11945.082,24879.43,13316.157,25076.941,COARSE (n = 5),COARSE (n = 5)
cpu2,plonk,6,1-5,stage_sum_ms,5,5,12150.074,25080.752,12148.649,25047.942,12270.529,25094.153,121.88000000000102,46.21099999999933,0.0445898692992883,0.002670328633743137,11976.499,24960.991,13348.246,25140.581,11976.499,24960.991,13348.246,25140.581,COARSE (n = 5),COARSE (n = 5)
cpu2,plonk,6,1-5,verify_first_ms,5,5,11.2,16.162,11.127,15.451,11.402,20.969,0.2749999999999986,5.518000000000001,0.15380396174078148,0.18754273557448653,7.742,15.386,11.727,22.542,7.742,15.386,11.727,22.542,COARSE (n = 5),COARSE (n = 5)
cpu2,plonk,6,1-5,verify_steady_ms,5,5,7.536,11.036,7.325,10.999,8.544,11.087,1.2190000000000003,0.08799999999999919,0.08346426532129753,0.009933523499849778,7.275,10.957,8.579,11.241,7.275,10.957,8.579,11.241,COARSE (n = 5),COARSE (n = 5)
cpu2,plonk,6,1-5,wall_ms,5,5,12150.089,25080.804,12148.665,25047.989,12270.545,25094.201,121.8799999999992,46.211999999999534,0.04458975125408118,0.002670150705732458,11976.515,24961.056,13348.26,25140.636,11976.515,24961.056,13348.26,25140.636,COARSE (n = 5),COARSE (n = 5)
cpu2,plonk,6,1-5,witness_ms,5,5,25.607,47.511,22.249,46.735,25.759,59.796,3.5100000000000016,13.061,0.13935558609157672,0.15432891903783488,20.095,46.653,28.909,63.501,20.095,46.653,28.909,63.501,COARSE (n = 5),COARSE (n = 5)
cpu2,plonk,7,1-5,input_ms,5,5,0.946,1.018,0.941,1.015,0.995,1.029,0.05400000000000005,0.014000000000000012,0.13109065506723935,0.10942207867635992,0.708,0.787,0.999,1.039,0.708,0.787,0.999,1.039,COARSE (n = 5),COARSE (n = 5)
cpu2,plonk,7,1-5,prove_ms,5,5,12228.419,25088.262,12072.599,25007.811,12271.556,25094.481,198.95700000000033,86.66999999999825,0.04269990991596373,0.002728705589939389,12027.385,24992.596,13309.828,25159.09,12027.385,24992.596,13309.828,25159.09,COARSE (n = 5),COARSE (n = 5)
cpu2,plonk,7,1-5,stage_sum_ms,5,5,12265.5,25157.998,12105.953,25069.053,12306.764,25168.628,200.8109999999997,99.57500000000073,0.04262403866712912,0.00275665063129716,12060.341,25059.041,13345.099,25221.171,12060.341,25059.041,13345.099,25221.171,COARSE (n = 5),COARSE (n = 5)
cpu2,plonk,7,1-5,verify_first_ms,5,5,9.529,15.54,9.33,15.004,10.12,16.091,0.7899999999999991,1.0870000000000015,0.12050788475729868,0.15758994399023654,9.233,14.458,12.156,20.889,9.233,14.458,12.156,20.889,COARSE (n = 5),COARSE (n = 5)
cpu2,plonk,7,1-5,verify_steady_ms,5,5,7.313,11.11,7.283,11.034,7.729,11.264,0.44599999999999973,0.22999999999999865,0.07199017209866301,0.011273605197853552,7.202,11.018,8.518,11.284,7.202,11.018,8.518,11.284,COARSE (n = 5),COARSE (n = 5)
cpu2,plonk,7,1-5,wall_ms,5,5,12265.514,25158.05,12105.969,25069.169,12306.794,25168.701,200.82500000000073,99.53199999999924,0.042623963076245906,0.0027559832099693913,12060.357,25059.107,13345.116,25221.223,12060.357,25059.107,13345.116,25221.223,COARSE (n = 5),COARSE (n = 5)
cpu2,plonk,7,1-5,witness_ms,5,5,24.146,45.451,23.025,44.95,24.218,53.167,1.1930000000000014,8.216999999999999,0.03539763678967619,0.12780072148685864,22.778,44.54,24.747,58.671,22.778,44.54,24.747,58.671,COARSE (n = 5),COARSE (n = 5)
cpu2,plonk,8,1-5,input_ms,5,5,1.2,1.839,1.193,1.784,1.242,1.875,0.04899999999999993,0.09099999999999997,0.22177723011810094,0.06797039774960126,0.977,1.614,1.739,1.938,0.977,1.614,1.739,1.938,COARSE (n = 5),COARSE (n = 5)
cpu2,plonk,8,1-5,prove_ms,5,5,12260.338,25016.796,12086.757,24926.52,12298.691,25112.121,211.9340000000011,185.60099999999875,0.04310248711609026,0.003810378886114299,12053.747,24921.667,13347.106,25117.233,12053.747,24921.667,13347.106,25117.233,COARSE (n = 5),COARSE (n = 5)
cpu2,plonk,8,1-5,stage_sum_ms,5,5,12300.803,25072.58,12122.209,25009.92,12338.064,25178.888,215.85499999999956,168.96800000000076,0.0428597038778142,0.0035883017668475272,12088.565,24994.65,13380.271,25183.433,12088.565,24994.65,13380.271,25183.433,COARSE (n = 5),COARSE (n = 5)
cpu2,plonk,8,1-5,verify_first_ms,5,5,10.821,20.057,10.424,14.61,11.195,20.265,0.7710000000000008,5.655000000000001,0.04808064310413385,0.20125732488963186,10.031,13.057,11.241,20.424,10.031,13.057,11.241,20.424,COARSE (n = 5),COARSE (n = 5)
cpu2,plonk,8,1-5,verify_steady_ms,5,5,7.815,11.043,7.309,11.029,7.867,11.22,0.5579999999999998,0.19100000000000072,0.07170662820643021,0.07755629169480502,7.202,11.019,8.602,13.059,7.202,11.019,8.602,13.059,COARSE (n = 5),COARSE (n = 5)
cpu2,plonk,8,1-5,wall_ms,5,5,12300.819,25072.649,12122.236,25010.015,12338.087,25178.947,215.85099999999875,168.9320000000007,0.04285954281154453,0.0035880995395765084,12088.581,24994.699,13380.289,25183.495,12088.581,24994.699,13380.289,25183.495,COARSE (n = 5),COARSE (n = 5)
cpu2,plonk,8,1-5,witness_ms,5,5,24.051,46.235,23.586,44.627,27.359,49.806,3.7730000000000032,5.178999999999995,0.11521735859156564,0.1950782365434995,20.728,41.113,27.484,65.891,20.728,41.113,27.484,65.891,COARSE (n = 5),COARSE (n = 5)
cpu2,plonk,9,1-5,input_ms,5,5,1.995,2.829,1.864,2.805,2.208,3.123,0.3440000000000001,0.31800000000000006,0.1219041176344268,0.07951115099790641,1.69,2.587,2.287,3.124,1.69,2.587,2.287,3.124,COARSE (n = 5),COARSE (n = 5)
cpu2,plonk,9,1-5,prove_ms,5,5,12163.975,25072.99,12144.197,25058.387,12387.402,25083.001,243.20499999999993,24.614000000001397,0.042141421688154296,0.0029233131510820825,12012.094,24933.976,13306.09,25130.477,12012.094,24933.976,13306.09,25130.477,COARSE (n = 5),COARSE (n = 5)
cpu2,plonk,9,1-5,stage_sum_ms,5,5,12194.407,25144.339,12183.095,25129.424,12423.909,25148.887,240.8140000000003,19.462999999999738,0.042255354161326523,0.002906020130881953,12047.714,25003.372,13348.13,25199.611,12047.714,25003.372,13348.13,25199.611,COARSE (n = 5),COARSE (n = 5)
cpu2,plonk,9,1-5,verify_first_ms,5,5,10.775,20.001,9.959,17.497,10.835,20.044,0.8760000000000012,2.5470000000000006,0.14521418490158558,0.15339323870133206,7.681,14.57,11.446,22.092,7.681,14.57,11.446,22.092,COARSE (n = 5),COARSE (n = 5)
cpu2,plonk,9,1-5,verify_steady_ms,5,5,7.296,11.568,7.251,11.451,7.315,11.735,0.06400000000000006,0.2839999999999989,0.07995384365105239,0.06433784592203004,7.086,11.086,8.563,13.069,7.086,11.086,8.563,13.069,COARSE (n = 5),COARSE (n = 5)
cpu2,plonk,9,1-5,wall_ms,5,5,12194.423,25144.387,12183.113,25129.474,12423.927,25148.938,240.8140000000003,19.463999999999942,0.042255260644841086,0.0029059791418119202,12047.731,25003.424,13348.146,25199.661,12047.731,25003.424,13348.146,25199.661,COARSE (n = 5),COARSE (n = 5)
cpu2,plonk,9,1-5,witness_ms,5,5,23.868,48.188,23.096,46.305,25.166,48.193,2.0700000000000003,1.8879999999999981,0.14351552297158574,0.02865112595150912,20.543,46.135,30.086,49.312,20.543,46.135,30.086,49.312,COARSE (n = 5),COARSE (n = 5)
cpu2,plonk,10,1-5,input_ms,5,5,2.945,5.174,2.811,5.159,3.535,5.192,0.7240000000000002,0.03300000000000036,0.16104416187626533,0.05434700855374627,2.75,4.839,3.926,5.632,2.75,4.839,3.926,5.632,COARSE (n = 5),COARSE (n = 5)
cpu2,plonk,10,1-5,prove_ms,5,5,12203.378,25033.764,12114.778,25033.368,12223.677,25145.672,108.89899999999943,112.30400000000009,0.045368809848233854,0.004431694908611532,12047.79,24932.506,13395.1,25218.796,12047.79,24932.506,13395.1,25218.796,COARSE (n = 5),COARSE (n = 5)
cpu2,plonk,10,1-5,stage_sum_ms,5,5,12244.774,25130.484,12155.457,25104.59,12265.102,25217.972,109.64500000000044,113.38200000000143,0.045160184258103975,0.004346275203557007,12088.006,25006.709,13434.184,25292.128,12088.006,25006.709,13434.184,25292.128,COARSE (n = 5),COARSE (n = 5)
cpu2,plonk,10,1-5,verify_first_ms,5,5,10.027,18.645,9.471,17.781,10.042,19.007,0.5709999999999997,1.2260000000000026,0.1498023644392917,0.10187372785309533,7.729,16.555,11.838,21.707,7.729,16.555,11.838,21.707,COARSE (n = 5),COARSE (n = 5)
cpu2,plonk,10,1-5,verify_steady_ms,5,5,7.306,11.119,7.267,11.04,7.341,11.217,0.07399999999999984,0.17700000000000138,0.07336293235375459,0.019949952172171066,7.202,11.037,8.508,11.575,7.202,11.037,8.508,11.575,COARSE (n = 5),COARSE (n = 5)
cpu2,plonk,10,1-5,wall_ms,5,5,12244.79,25130.53,12155.478,25104.647,12265.125,25218.034,109.64700000000084,113.3869999999988,0.045160053976261265,0.004346331735459379,12088.025,25006.755,13434.202,25292.175,12088.025,25006.755,13434.202,25292.175,COARSE (n = 5),COARSE (n = 5)
cpu2,plonk,10,1-5,witness_ms,5,5,27.428,49.475,26.077,48.816,28.648,50.037,2.570999999999998,1.2209999999999965,0.06928718632220973,0.2068612948770658,25.433,46.451,30.138,73.307,25.433,46.451,30.138,73.307,COARSE (n = 5),COARSE (n = 5)
cpu2,plonk,11,1-5,input_ms,5,5,6.28,12.829,5.96,9.804,6.43,13.033,0.46999999999999975,3.228999999999999,0.1723181725297581,0.15750562344602909,5.258,9.694,8.247,13.455,5.258,9.694,8.247,13.455,COARSE (n = 5),COARSE (n = 5)
cpu2,plonk,11,1-5,prove_ms,5,5,23521.395,48992.924,23298.578,48963.934,23695.524,49229.57,396.9459999999999,265.6359999999986,0.050622179928549234,0.005056290759885596,23140.082,48805.418,26083.025,49437.42,23140.082,48805.418,26083.025,49437.42,COARSE (n = 5),COARSE (n = 5)
cpu2,plonk,11,1-5,stage_sum_ms,5,5,23560.38,49064.212,23341.455,49056.098,23743.011,49306.396,401.55599999999686,250.2980000000025,0.050541830996721264,0.0049084231369728275,23178.321,48896.275,26124.328,49509.599,23178.321,48896.275,26124.328,49509.599,COARSE (n = 5),COARSE (n = 5)
cpu2,plonk,11,1-5,verify_first_ms,5,5,10.182,15.945,9.022,14.865,10.285,16.234,1.263,1.3690000000000015,0.16207728009451275,0.16229623466380572,8.99,13.845,13.096,20.759,8.99,13.845,13.096,20.759,COARSE (n = 5),COARSE (n = 5)
cpu2,plonk,11,1-5,verify_steady_ms,5,5,7.297,13.041,7.257,12.758,8.322,15.173,1.0649999999999995,2.415000000000001,0.08427733975590644,0.15390745307611925,7.13,11.223,8.483,16.584,7.13,11.223,8.483,16.584,COARSE (n = 5),COARSE (n = 5)
cpu2,plonk,11,1-5,wall_ms,5,5,23560.413,49064.262,23341.474,49056.146,23743.032,49306.453,401.5580000000009,250.3070000000007,0.05054175995473374,0.004908461965900878,23178.343,48896.323,26124.35,49509.65,23178.343,48896.323,26124.35,49509.65,COARSE (n = 5),COARSE (n = 5)
cpu2,plonk,11,1-5,witness_ms,5,5,25.059,52.267,23.533,45.505,26.144,57.95,2.610999999999997,12.445,0.10383903611826116,0.17388815660833912,21.777,42.31,28.629,64.819,21.777,42.31,28.629,64.819,COARSE (n = 5),COARSE (n = 5)
cpu2,plonk,12,1-5,input_ms,5,5,16.579,38.369,16.499,21.785,17.897,38.533,1.3979999999999997,16.748,0.17976134032970326,0.3146864349917641,11.1,19.532,18.285,39.112,11.1,19.532,18.285,39.112,COARSE (n = 5),COARSE (n = 5)
cpu2,plonk,12,1-5,prove_ms,5,5,23398.957,49045.619,23320.812,48955.06,23481.457,49249.123,160.6449999999968,294.0630000000019,0.048293512569103546,0.004424548053919595,23112.58,48790.153,25884.557,49323.782,23112.58,48790.153,25884.557,49323.782,COARSE (n = 5),COARSE (n = 5)
cpu2,plonk,12,1-5,stage_sum_ms,5,5,23444.869,49157.19,23371.139,49066.461,23541.197,49340.952,170.0580000000009,274.49099999999453,0.04814486629171093,0.004194559111796152,23173.667,48895.675,25937.237,49404.199,23173.667,48895.675,25937.237,49404.199,COARSE (n = 5),COARSE (n = 5)
cpu2,plonk,12,1-5,verify_first_ms,5,5,9.876,14.212,8.987,13.62,10.234,15.956,1.2469999999999999,2.3360000000000003,0.18600204786139177,0.10135675655709063,8.961,13.273,13.631,16.683,8.961,13.273,13.631,16.683,COARSE (n = 5),COARSE (n = 5)
cpu2,plonk,12,1-5,verify_steady_ms,5,5,7.223,11.229,7.222,11.038,7.711,11.324,0.4889999999999999,0.2859999999999996,0.07823930801686578,0.039928813831358274,7.218,10.953,8.584,12.092,7.218,10.953,8.584,12.092,COARSE (n = 5),COARSE (n = 5)
cpu2,plonk,12,1-5,wall_ms,5,5,23444.895,49157.25,23371.166,49066.522,23541.22,49341.003,170.0540000000001,274.48099999999977,0.04814482919350584,0.004194517868755783,23173.689,48895.727,25937.262,49404.25,23173.689,48895.727,25937.262,49404.25,COARSE (n = 5),COARSE (n = 5)
cpu2,plonk,12,1-5,witness_ms,5,5,25.434,55.832,24.936,53.136,29.53,56.185,4.594000000000001,3.0489999999999995,0.13065579297995925,0.07460385128532807,24.842,47.265,32.956,57.247,24.842,47.265,32.956,57.247,COARSE (n = 5),COARSE (n = 5)
cpu2,plonk,13,1-5,input_ms,5,5,25.797,64.16,24.769,64.121,26.351,66.863,1.5820000000000007,2.7420000000000044,0.034647232519973696,0.026630778847409754,24.748,63.862,26.681,67.513,24.748,63.862,26.681,67.513,COARSE (n = 5),COARSE (n = 5)
cpu2,plonk,13,1-5,prove_ms,5,5,23422.755,49147.564,23348.562,49106.998,23519.202,49223.443,170.63999999999942,116.44499999999971,0.04466019847336487,0.005358843074397729,23066.196,48706.35,25686.631,49427.361,23066.196,48706.35,25686.631,49427.361,COARSE (n = 5),COARSE (n = 5)
cpu2,plonk,13,1-5,stage_sum_ms,5,5,23490.013,49299.133,23412.503,49245.971,23586.074,49363.458,173.5709999999999,117.48700000000099,0.044607332468782,0.005420220243133849,23134.466,48840.921,25757.374,49571.829,23134.466,48840.921,25757.374,49571.829,COARSE (n = 5),COARSE (n = 5)
cpu2,plonk,13,1-5,verify_first_ms,5,5,9.882,15.154,9.228,13.868,10.951,15.562,1.7230000000000008,1.693999999999999,0.14951898872229638,0.19717106356685268,9.041,11.988,12.819,20.149,9.041,11.988,12.819,20.149,COARSE (n = 5),COARSE (n = 5)
cpu2,plonk,13,1-5,verify_steady_ms,5,5,7.309,11.793,7.244,11.34,8.542,12.685,1.298,1.3450000000000006,0.09369725544512132,0.07658279046443708,7.216,10.721,8.63,12.892,7.216,10.721,8.63,12.892,COARSE (n = 5),COARSE (n = 5)
cpu2,plonk,13,1-5,wall_ms,5,5,23490.037,49299.219,23412.529,49246.054,23586.095,49363.517,173.56600000000253,117.46300000000338,0.044607166887611856,0.005420313111231448,23134.501,48840.981,25757.396,49571.905,23134.501,48840.981,25757.396,49571.905,COARSE (n = 5),COARSE (n = 5)
cpu2,plonk,13,1-5,witness_ms,5,5,31.349,61.242,31.153,58.462,32.127,62.451,0.9740000000000038,3.988999999999997,0.07761227693264217,0.07844702549605062,27.709,55.706,34.481,68.493,27.709,55.706,34.481,68.493,COARSE (n = 5),COARSE (n = 5)
cpu2,plonk,14,1-5,input_ms,5,5,49.307,123.033,44.23,115.594,53.121,147.514,8.891000000000005,31.920000000000016,0.1302329868222472,0.13962528158330995,43.84,113.923,59.38,152.552,43.84,113.923,59.38,152.552,COARSE (n = 5),COARSE (n = 5)
cpu2,plonk,14,1-5,prove_ms,5,5,23625.619,49269.826,23310.092,49266.165,23689.972,49320.507,379.880000000001,54.341999999996915,0.03563693688344262,0.0026742204535860946,23307.641,49075.814,25343.121,49441.146,23307.641,49075.814,25343.121,49441.146,COARSE (n = 5),COARSE (n = 5)
cpu2,plonk,14,1-5,stage_sum_ms,5,5,23712.496,49501.864,23393.071,49456.633,23793.333,49536.834,400.2619999999988,80.20100000000093,0.03560507871534081,0.0026996200680515984,23386.696,49267.92,25432.871,49628.82,23386.696,49267.92,25432.871,49628.82,COARSE (n = 5),COARSE (n = 5)
cpu2,plonk,14,1-5,verify_first_ms,5,5,11.251,13.93,10.068,12.031,13.726,15.741,3.6580000000000013,3.709999999999999,0.19406713467973005,0.23986048691027992,9.939,11.952,15.213,20.571,9.939,11.952,15.213,20.571,COARSE (n = 5),COARSE (n = 5)
cpu2,plonk,14,1-5,verify_steady_ms,5,5,7.272,11.238,7.261,11.083,7.831,11.47,0.5700000000000003,0.38700000000000045,0.0629563884425884,0.08206968374351398,7.213,11.02,8.298,13.3,7.213,11.02,8.298,13.3,COARSE (n = 5),COARSE (n = 5)
cpu2,plonk,14,1-5,wall_ms,5,5,23712.52,49501.947,23393.095,49456.697,23793.363,49536.9,400.26800000000003,80.20300000000134,0.03560494077355105,0.002699623973881447,23386.725,49267.985,25432.892,49628.883,23386.725,49267.985,25432.892,49628.883,COARSE (n = 5),COARSE (n = 5)
cpu2,plonk,14,1-5,witness_ms,5,5,25.413,55.483,25.378,54.882,27.502,60.77,2.1239999999999988,5.888000000000005,0.06320732323118598,0.09982977082457206,24.887,53.179,28.768,67.455,24.887,53.179,28.768,67.455,COARSE (n = 5),COARSE (n = 5)
cpu2,plonk,15,1-5,input_ms,5,5,123.152,307.831,112.633,302.714,123.859,308.33,11.225999999999999,5.6159999999999854,0.07004399231841055,0.0359168524355367,106.205,283.373,124.711,309.09,106.205,283.373,124.711,309.09,COARSE (n = 5),COARSE (n = 5)
cpu2,plonk,15,1-5,prove_ms,5,5,23338.579,49117.535,23256.403,49055.739,24114.279,49243.579,857.8760000000002,187.8399999999965,0.04762067470143213,0.004384819526662945,23126.733,48795.927,25857.661,49367.339,23126.733,48795.927,25857.661,49367.339,COARSE (n = 5),COARSE (n = 5)
cpu2,plonk,15,1-5,stage_sum_ms,5,5,23495.133,49539.281,23420.528,49457.44,24280.813,49655.067,860.2849999999999,197.6270000000004,0.047438868887250685,0.004507198415661958,23278.063,49171.272,26021.501,49754.922,23278.063,49171.272,26021.501,49754.922,COARSE (n = 5),COARSE (n = 5)
cpu2,plonk,15,1-5,verify_first_ms,5,5,10.126,16.318,10.126,15.317,10.899,19.715,0.7729999999999997,4.398,0.10940633910488767,0.22863730945742575,9.083,11.597,12.178,21.448,9.083,11.597,12.178,21.448,COARSE (n = 5),COARSE (n = 5)
cpu2,plonk,15,1-5,verify_steady_ms,5,5,7.278,12.731,7.197,11.187,7.536,12.773,0.3389999999999995,1.5860000000000003,0.07873313758281418,0.15067255102843755,7.165,11.04,8.583,15.8,7.165,11.04,8.583,15.8,COARSE (n = 5),COARSE (n = 5)
cpu2,plonk,15,1-5,wall_ms,5,5,23495.159,49539.372,23420.554,49457.525,24280.846,49655.142,860.2920000000013,197.61699999999837,0.04743882648630279,0.004507212942029786,23278.089,49171.345,26021.527,49754.999,23278.089,49171.345,26021.527,49754.999,COARSE (n = 5),COARSE (n = 5)
cpu2,plonk,15,1-5,witness_ms,5,5,32.483,76.655,30.046,71.162,33.795,94.199,3.7490000000000023,23.036999999999992,0.08802161731369745,0.18403762990362846,28.088,62.933,34.999,97.176,28.088,62.933,34.999,97.176,COARSE (n = 5),COARSE (n = 5)
cpu4,groth16,5,1-10,input_ms,10,10,0.791,0.7264999999999999,0.78625,0.701,0.8185,0.87625,0.03225,0.17525000000000002,0.15484104680575886,1.2728938099645506,0.603,0.539,1.096,6.417,0.744,0.7,0.826,1.366,n = 10,n = 10
cpu4,groth16,5,1-10,prove_ms,10,10,143.88299999999998,228.421,142.72725,224.2295,145.676,231.413,2.9487499999999898,7.183500000000009,0.0288259934137699,0.024928345404777334,135.868,218.492,152.085,236.999,142.555,223.452,146.344,232.78300000000002,n = 10,n = 10
cpu4,groth16,5,1-10,stage_sum_ms,10,10,167.77300000000002,277.29949999999997,166.29575,272.32075000000003,168.71775,283.35975,2.421999999999997,11.038999999999987,0.028445345875012757,0.02627754131788924,157.766,266.479,176.305,286.992,165.688,270.872,170.1845,283.851,n = 10,n = 10
cpu4,groth16,5,1-10,verify_first_ms,10,10,7.619,13.319500000000001,7.0489999999999995,12.18075,7.84175,13.54175,0.7927500000000007,1.3610000000000007,0.06582907115221488,0.10690727097153746,6.725,10.647,8.012,15.381,6.9525,11.937000000000001,7.912,13.858,n = 10,n = 10
cpu4,groth16,5,1-10,verify_steady_ms,10,10,6.915,10.9955,6.557,10.8295,7.271,12.372,0.7139999999999995,1.5425000000000004,0.09665303777531027,0.11967784630308563,5.937,10.391,8.292,14.788,6.5095,10.651499999999999,7.3919999999999995,12.625,n = 10,n = 10
cpu4,groth16,5,1-10,wall_ms,10,10,167.7925,277.3515,166.31300000000002,272.37175,168.73624999999998,283.41525,2.4232499999999675,11.043499999999995,0.02844043469323804,0.026273903194996506,157.783,266.533,176.323,287.045,165.7095,271.206,170.204,283.908,n = 10,n = 10
cpu4,groth16,5,1-10,witness_ms,10,10,15.481,34.5415,14.442,30.9225,15.97475,36.6565,1.53275,5.734000000000002,0.08325668743651725,0.13513220765753345,12.968,28.584,16.666,42.878,14.0465,30.114,15.998,37.920500000000004,n = 10,n = 10
cpu4,groth16,5,1-5,input_ms,5,5,0.796,0.723,0.792,0.701,0.826,0.811,0.03399999999999992,0.1100000000000001,0.15511074507367484,1.3588792424467184,0.786,0.701,1.096,6.417,0.786,0.701,1.096,6.417,COARSE (n = 5),COARSE (n = 5)
cpu4,groth16,5,1-5,prove_ms,5,5,142.555,226.562,142.351,222.722,143.702,227.923,1.350999999999999,5.200999999999993,0.024658575732300517,0.019104220918904978,135.868,218.492,144.848,228.919,135.868,218.492,144.848,228.919,COARSE (n = 5),COARSE (n = 5)
cpu4,groth16,5,1-5,stage_sum_ms,5,5,166.745,279.604,164.631,271.617,166.949,281.886,2.318000000000012,10.269000000000005,0.025763661662716653,0.028613933171850466,157.766,267.312,168.597,286.992,157.766,267.312,168.597,286.992,COARSE (n = 5),COARSE (n = 5)
cpu4,groth16,5,1-5,verify_first_ms,5,5,7.835,12.558,7.586,12.055,7.844,13.532,0.258,1.4770000000000003,0.04895581561301762,0.12113615939727135,7.052,11.316,8.012,15.381,7.052,11.316,8.012,15.381,COARSE (n = 5),COARSE (n = 5)
cpu4,groth16,5,1-5,verify_steady_ms,5,5,6.593,10.876,6.545,10.814,7.2,12.625,0.6550000000000002,1.811,0.08147984588433041,0.09774668151156471,5.937,10.427,7.273,12.839,5.937,10.427,7.273,12.839,COARSE (n = 5),COARSE (n = 5)
cpu4,groth16,5,1-5,wall_ms,5,5,166.763,279.657,164.656,271.668,166.968,281.937,2.3119999999999834,10.269000000000005,0.025765695543473518,0.028607708878290193,157.783,267.366,168.617,287.045,157.783,267.366,168.617,287.045,COARSE (n = 5),COARSE (n = 5)
cpu4,groth16,5,1-5,witness_ms,5,5,14.835,36.856,13.258,34.588,15.773,39.783,2.5150000000000006,5.195,0.09465615028393096,0.09541935050784069,12.968,34.495,15.905,42.878,12.968,34.495,15.905,42.878,COARSE (n = 5),COARSE (n = 5)
cpu4,groth16,6,1-10,input_ms,10,10,0.8095,0.802,0.7945,0.645,0.88,0.85,0.08550000000000002,0.20499999999999996,0.07467072140218775,0.18710269106246652,0.71,0.544,0.903,0.953,0.792,0.593,0.897,0.859,n = 10,n = 10
cpu4,groth16,6,1-10,prove_ms,10,10,158.756,247.7715,156.459,238.00875000000002,164.67475,250.82475,8.215749999999986,12.815999999999974,0.05234719042494171,0.03659345939594705,152.142,232.484,178.109,257.104,155.99650000000003,235.7175,167.946,252.417,n = 10,n = 10
cpu4,groth16,6,1-10,stage_sum_ms,10,10,182.53449999999998,289.6015,179.00225,282.44,186.42525,296.081,7.423000000000002,13.64100000000002,0.053106535375272546,0.028020754293888017,174.195,276.659,205.169,297.884,178.75,280.7745,191.74200000000002,296.872,n = 10,n = 10
cpu4,groth16,6,1-10,verify_first_ms,10,10,7.6645,11.3135,6.71675,10.901250000000001,7.822,11.975249999999999,1.1052499999999998,1.073999999999998,0.1552169582725485,0.08388977473144478,6.22,10.665,10.358,13.893,6.436,10.842,7.8415,12.032,n = 10,n = 10
cpu4,groth16,6,1-10,verify_steady_ms,10,10,7.1645,10.8905,6.718999999999999,10.564250000000001,7.39825,11.56725,0.6792500000000006,1.0029999999999983,0.06581244113271087,0.054051252509166134,6.101,10.326,7.49,12.043,6.67,10.5595,7.424,11.695,n = 10,n = 10
cpu4,groth16,6,1-10,wall_ms,10,10,182.5515,289.652,179.01799999999997,282.48900000000003,186.4405,296.12825,7.422500000000014,13.639249999999947,0.05310154984539059,0.028014431429202853,174.211,276.707,205.184,297.931,178.765,280.822,191.49900000000002,296.92,n = 10,n = 10
cpu4,groth16,6,1-10,witness_ms,10,10,15.008,31.087000000000003,14.16675,29.43825,15.743,32.13475,1.57625,2.696499999999997,0.08542235083158298,0.06824699177858952,13.305,28.707,17.1,35.233,13.938500000000001,29.166,16.005499999999998,32.595,n = 10,n = 10
cpu4,groth16,6,1-5,input_ms,5,5,0.806,0.802,0.792,0.801,0.829,0.802,0.03699999999999992,0.0010000000000000009,0.08603488263088906,0.15638929356428552,0.71,0.544,0.903,0.823,0.71,0.544,0.903,0.823,COARSE (n = 5),COARSE (n = 5)
cpu4,groth16,6,1-5,prove_ms,5,5,157.698,237.937,156.046,233.211,158.127,238.224,2.0810000000000173,5.012999999999977,0.023317060552622868,0.02157336020104955,152.142,232.484,162.277,245.291,152.142,232.484,162.277,245.291,COARSE (n = 5),COARSE (n = 5)
cpu4,groth16,6,1-5,stage_sum_ms,5,5,179.759,282.114,178.75,278.131,181.542,283.418,2.7920000000000016,5.287000000000035,0.020354743625327895,0.015833764315769994,174.195,276.659,184.047,287.888,174.195,276.659,184.047,287.888,COARSE (n = 5),COARSE (n = 5)
cpu4,groth16,6,1-5,verify_first_ms,5,5,7.676,10.842,6.436,10.795,7.774,11.507,1.338,0.7119999999999997,0.11011667045089783,0.11742520778534282,6.22,10.665,7.838,13.893,6.22,10.665,7.838,13.893,COARSE (n = 5),COARSE (n = 5)
cpu4,groth16,6,1-5,verify_steady_ms,5,5,7.149,10.865,6.67,10.577,7.18,10.916,0.5099999999999998,0.3390000000000004,0.048512500997544714,0.030646500371247967,6.559,10.326,7.321,11.184,6.559,10.326,7.321,11.184,COARSE (n = 5),COARSE (n = 5)
cpu4,groth16,6,1-5,wall_ms,5,5,179.777,282.163,178.765,278.177,181.56,283.467,2.795000000000016,5.289999999999964,0.020354719681230243,0.015835375053816603,174.211,276.707,184.063,287.938,174.211,276.707,184.063,287.938,COARSE (n = 5),COARSE (n = 5)
cpu4,groth16,6,1-5,witness_ms,5,5,14.292,31.867,14.125,31.388,14.839,32.224,0.7140000000000004,0.835999999999995,0.04318871574270112,0.02985710402143939,13.585,30.786,15.177,33.323,13.585,30.786,15.177,33.323,COARSE (n = 5),COARSE (n = 5)
cpu4,groth16,7,1-10,input_ms,10,10,0.9,1.1455,0.87775,1.068,1.1275,1.693,0.24974999999999992,0.625,0.8712638146196368,0.7962666647364868,0.782,0.986,4.763,5.372,0.8714999999999999,1.051,1.919,1.86,n = 10,n = 10
cpu4,groth16,7,1-10,prove_ms,10,10,170.1885,262.917,167.44925,260.9995,173.8845,264.77375,6.435249999999996,3.774249999999995,0.026793861216972616,0.027526636476387468,164.982,251.463,178.113,278.158,166.773,260.1495,174.767,268.0795,n = 10,n = 10
cpu4,groth16,7,1-10,stage_sum_ms,10,10,195.11849999999998,311.879,192.50175000000002,306.39275000000004,196.65200000000002,318.42674999999997,4.15025,12.033999999999935,0.021246468474959375,0.029199791584614564,188.481,293.306,202.34,321.719,192.40300000000002,305.076,198.087,319.9,n = 10,n = 10
cpu4,groth16,7,1-10,verify_first_ms,10,10,7.5805,12.229,7.346,11.068000000000001,7.661250000000001,12.829,0.3152500000000007,1.7609999999999992,0.027116488630788946,0.08582498455915238,7.267,10.53,7.823,13.341,7.288,10.957,7.719,12.897,n = 10,n = 10
cpu4,groth16,7,1-10,verify_steady_ms,10,10,7.1935,11.332,7.14725,11.070500000000001,7.56325,13.445,0.41600000000000037,2.3744999999999994,0.12458783958221484,0.18017224363661644,6.57,10.537,9.86,16.651,6.98,10.9025,7.881,13.9445,n = 10,n = 10
cpu4,groth16,7,1-10,wall_ms,10,10,195.13400000000001,311.929,192.51725,306.44025,196.6675,318.4875,4.15025,12.04725000000002,0.021248917064107378,0.029200139895219274,188.496,293.355,202.358,321.77,192.418,305.124,198.356,319.964,n = 10,n = 10
cpu4,groth16,7,1-10,witness_ms,10,10,14.856,33.003,14.593,29.67025,15.937249999999999,35.917249999999996,1.3442499999999988,6.246999999999996,0.06787883448201118,0.13985527386152288,14.218,28.537,17.049,43.679,14.567,29.368,16.319,35.991,n = 10,n = 10
cpu4,groth16,7,1-5,input_ms,5,5,0.889,1.119,0.875,1.019,1.174,1.192,0.29899999999999993,0.17300000000000004,0.6808053215889882,0.9917528013153333,0.782,0.986,2.927,5.372,0.782,0.986,2.927,5.372,COARSE (n = 5),COARSE (n = 5)
cpu4,groth16,7,1-5,prove_ms,5,5,168.793,263.03,167.951,262.804,173.022,265.086,5.070999999999998,2.282000000000039,0.02991541733678659,0.02565508221146087,164.982,261.652,178.113,278.158,164.982,261.652,178.113,278.158,COARSE (n = 5),COARSE (n = 5)
cpu4,groth16,7,1-5,stage_sum_ms,5,5,192.774,312.37,192.411,311.388,195.869,319.9,3.4579999999999984,8.512,0.01898522910487948,0.015788486228425037,192.032,310.343,200.807,320.767,192.032,310.343,200.807,320.767,COARSE (n = 5),COARSE (n = 5)
cpu4,groth16,7,1-5,verify_first_ms,5,5,7.52,12.625,7.287,12.433,7.601,12.897,0.31400000000000006,0.4640000000000004,0.030884018962175807,0.057577231234288706,7.267,11.401,7.823,13.341,7.267,11.401,7.823,13.341,COARSE (n = 5),COARSE (n = 5)
cpu4,groth16,7,1-5,verify_steady_ms,5,5,7.178,11.433,7.148,11.231,7.507,13.934,0.359,2.7029999999999994,0.1599433833342857,0.18543425559764173,6.812,11.228,9.86,16.651,6.812,11.228,9.86,16.651,COARSE (n = 5),COARSE (n = 5)
cpu4,groth16,7,1-5,wall_ms,5,5,192.791,312.42,192.426,311.438,195.889,319.964,3.4630000000000223,8.52600000000001,0.018988153760468064,0.015800801416921955,192.045,310.389,200.823,320.818,192.045,310.389,200.823,320.818,COARSE (n = 5),COARSE (n = 5)
cpu4,groth16,7,1-5,witness_ms,5,5,14.984,35.696,14.671,34.365,16.031,35.991,1.3599999999999994,1.6259999999999977,0.0727065765304842,0.08900590167007436,14.218,29.056,16.982,36.545,14.218,29.056,16.982,36.545,COARSE (n = 5),COARSE (n = 5)
cpu4,groth16,8,1-10,input_ms,10,10,1.202,1.744,1.1837499999999999,1.669,1.3127499999999999,1.85125,0.129,0.18225000000000002,0.09923072039339054,0.09532875247858988,1.027,1.408,1.415,1.976,1.1275,1.658,1.331,1.8915000000000002,n = 10,n = 10
cpu4,groth16,8,1-10,prove_ms,10,10,197.54899999999998,297.9135,196.078,294.81600000000003,200.23149999999998,303.55175,4.15349999999998,8.735749999999996,0.022121382829806444,0.022648974813666248,188.156,292.242,202.269,312.999,194.558,294.379,200.678,303.968,n = 10,n = 10
cpu4,groth16,8,1-10,stage_sum_ms,10,10,222.3125,347.443,220.98775,339.47625,223.78975,351.8995,2.8019999999999925,12.423249999999996,0.01749901471269388,0.020319324352239407,214.314,335.176,224.926,355.174,218.0565,338.646,224.102,352.254,n = 10,n = 10
cpu4,groth16,8,1-10,verify_first_ms,10,10,7.5815,11.0885,7.24625,10.84875,7.74375,12.18725,0.4975000000000005,1.3384999999999998,0.07627751706969378,0.11600396434263423,6.374,10.765,7.997,14.899,7.0329999999999995,10.832,7.7995,12.41,n = 10,n = 10
cpu4,groth16,8,1-10,verify_steady_ms,10,10,7.089499999999999,11.225,6.7444999999999995,10.41875,7.419,12.415500000000002,0.6745000000000001,1.9967500000000022,0.08427344143892683,0.13747112022760305,6.416,10.04,8.536,15.239,6.712,10.395,7.441,12.569,n = 10,n = 10
cpu4,groth16,8,1-10,wall_ms,10,10,222.328,347.4935,221.00475,339.526,223.80475,351.95550000000003,2.8000000000000114,12.429500000000019,0.017496050466856327,0.020320036907256027,214.332,335.224,224.944,355.222,218.073,338.696,224.1175,352.312,n = 10,n = 10
cpu4,groth16,8,1-10,witness_ms,10,10,15.7045,30.505499999999998,14.00975,29.68425,16.767,35.39275,2.757249999999999,5.708500000000001,0.09772220470856265,0.10204189914181439,13.241,29.436,16.966,37.236,13.695,29.645,16.835,35.546,n = 10,n = 10
cpu4,groth16,8,1-5,input_ms,5,5,1.195,1.707,1.18,1.644,1.202,1.834,0.02200000000000002,0.19000000000000017,0.10589303540924802,0.10690016880633613,1.06,1.408,1.415,1.857,1.06,1.408,1.415,1.857,COARSE (n = 5),COARSE (n = 5)
cpu4,groth16,8,1-5,prove_ms,5,5,196.465,294.379,195.949,294.269,200.678,297.18,4.728999999999985,2.9110000000000014,0.027898110397202983,0.015441720429384945,188.156,292.242,202.269,303.968,188.156,292.242,202.269,303.968,COARSE (n = 5),COARSE (n = 5)
cpu4,groth16,8,1-5,stage_sum_ms,5,5,221.632,346.624,220.773,338.235,223.342,348.262,2.569000000000017,10.026999999999987,0.018319018350541196,0.020764303058770296,214.314,335.176,224.862,352.254,214.314,335.176,224.862,352.254,COARSE (n = 5),COARSE (n = 5)
cpu4,groth16,8,1-5,verify_first_ms,5,5,7.788,11.519,7.197,11.001,7.997,12.41,0.7999999999999998,1.4090000000000007,0.08589816111447293,0.1371737398306577,6.505,10.832,7.997,14.899,6.505,10.832,7.997,14.899,COARSE (n = 5),COARSE (n = 5)
cpu4,groth16,8,1-5,verify_steady_ms,5,5,7.353,11.955,6.922,11.02,7.441,12.569,0.5190000000000001,1.5490000000000013,0.10713231074379762,0.15120227888961138,6.416,10.49,8.536,15.239,6.416,10.49,8.536,15.239,COARSE (n = 5),COARSE (n = 5)
cpu4,groth16,8,1-5,wall_ms,5,5,221.649,346.671,220.79,338.283,223.357,348.316,2.5670000000000073,10.032999999999959,0.018313377625290755,0.02077178424811057,214.332,335.224,224.878,352.312,214.332,335.224,224.878,352.312,COARSE (n = 5),COARSE (n = 5)
cpu4,groth16,8,1-5,witness_ms,5,5,16.767,34.933,13.695,30.524,16.903,36.905,3.2079999999999984,6.381,0.11489667487330961,0.10374232063221055,13.537,29.802,16.966,37.236,13.537,29.802,16.966,37.236,COARSE (n = 5),COARSE (n = 5)
cpu4,groth16,9,1-10,input_ms,10,10,1.8925,3.036,1.866,2.8972499999999997,2.01525,3.06775,0.14924999999999988,0.17050000000000054,0.08450415127675086,0.38644059668317104,1.733,2.636,2.274,7.117,1.804,2.868,2.0415,3.4379999999999997,n = 10,n = 10
cpu4,groth16,9,1-10,prove_ms,10,10,209.21949999999998,322.5055,206.933,314.80125,211.05849999999998,326.86625000000004,4.125499999999988,12.065000000000055,0.021364954040090256,0.029777139667178095,204.047,303.949,219.382,329.556,206.655,313.33000000000004,211.94,327.627,n = 10,n = 10
cpu4,groth16,9,1-10,stage_sum_ms,10,10,233.742,371.18100000000004,232.3265,363.68025,237.3455,376.59325,5.018999999999977,12.913000000000011,0.020189625032389573,0.02351601597027995,228.419,354.395,244.605,378.66,231.5095,362.304,238.224,377.147,n = 10,n = 10
cpu4,groth16,9,1-10,verify_first_ms,10,10,7.7285,11.693,7.63375,11.087,7.79625,12.47875,0.16249999999999964,1.39175,0.06529888467964168,0.09213492057049529,6.208,10.66,7.925,13.67,7.6205,10.937999999999999,7.8075,12.7895,n = 10,n = 10
cpu4,groth16,9,1-10,verify_steady_ms,10,10,7.0605,10.8335,7.03,10.64275,7.121,12.002,0.09100000000000019,1.3592500000000012,0.20962087383141717,0.1654497157524356,5.993,10.326,11.755,16.368,7.009,10.5675,7.132,12.434,n = 10,n = 10
cpu4,groth16,9,1-10,wall_ms,10,10,233.7585,371.22900000000004,232.34125,363.72775,237.3615,376.64,5.020250000000004,12.912249999999972,0.020187323037012133,0.023510511122996573,228.434,354.449,244.621,378.711,231.29950000000002,362.351,238.24,377.194,n = 10,n = 10
cpu4,groth16,9,1-10,witness_ms,10,10,15.343,33.718500000000006,14.83925,31.46,15.682749999999999,36.15925,0.8434999999999988,4.699249999999999,0.06692423801081841,0.09517261116086624,14.309,30.574,17.937,39.282,14.680499999999999,31.28,15.773,37.394,n = 10,n = 10
cpu4,groth16,9,1-5,input_ms,5,5,2.016,2.937,2.013,2.884,2.07,3.025,0.05699999999999994,0.14100000000000001,0.07199035242714846,0.1470732796438115,1.866,2.636,2.274,3.824,1.866,2.636,2.274,3.824,COARSE (n = 5),COARSE (n = 5)
cpu4,groth16,9,1-5,prove_ms,5,5,206.655,313.526,205.601,304.31,208.878,322.661,3.276999999999987,18.351,0.011311912678076637,0.03114112434204012,204.047,303.949,209.758,324.584,204.047,303.949,209.758,324.584,COARSE (n = 5),COARSE (n = 5)
cpu4,groth16,9,1-5,stage_sum_ms,5,5,232.266,362.304,230.056,357.163,232.963,369.946,2.9069999999999823,12.783000000000015,0.010669478298519488,0.021554557357446963,228.419,354.395,234.71,372.416,228.419,354.395,234.71,372.416,COARSE (n = 5),COARSE (n = 5)
cpu4,groth16,9,1-5,verify_first_ms,5,5,7.779,11.189,7.772,11.053,7.836,11.446,0.06400000000000006,0.3929999999999989,0.09689114864859644,0.04148253833641899,6.208,10.687,7.925,11.94,6.208,10.687,7.925,11.94,COARSE (n = 5),COARSE (n = 5)
cpu4,groth16,9,1-5,verify_steady_ms,5,5,7.062,10.841,7.033,10.826,7.118,11.903,0.08499999999999996,1.077,0.008219793201519774,0.12133165717598503,6.985,10.675,7.122,14.027,6.985,10.675,7.122,14.027,COARSE (n = 5),COARSE (n = 5)
cpu4,groth16,9,1-5,wall_ms,5,5,232.28,362.351,230.074,357.211,232.982,369.992,2.907999999999987,12.781000000000006,0.01066989851180401,0.02154750147195192,228.434,354.449,234.726,372.466,228.434,354.449,234.726,372.466,COARSE (n = 5),COARSE (n = 5)
cpu4,groth16,9,1-5,witness_ms,5,5,14.927,35.677,14.81,33.014,15.565,36.32,0.754999999999999,3.3059999999999974,0.040981227307533084,0.08806758128441962,14.434,31.28,15.981,39.282,14.434,31.28,15.981,39.282,COARSE (n = 5),COARSE (n = 5)
cpu4,groth16,10,1-10,input_ms,10,10,2.9154999999999998,5.282,2.7455,5.2215,3.10925,5.49225,0.36375,0.2707500000000005,0.17575282493223304,0.6022084557465673,2.644,5.042,4.444,17.848,2.725,5.201,3.2510000000000003,5.6285,n = 10,n = 10
cpu4,groth16,10,1-10,prove_ms,10,10,219.4845,330.3485,217.52300000000002,325.26599999999996,222.19725,332.83925,4.674249999999972,7.57325000000003,0.013993763780696989,0.0318173249675959,214.977,322.126,223.619,358.182,217.05,323.914,222.63850000000002,335.12,n = 10,n = 10
cpu4,groth16,10,1-10,stage_sum_ms,10,10,248.713,378.517,243.15325,375.75374999999997,249.71275,389.0975,6.559499999999986,13.343750000000057,0.017576320309611367,0.036866371719226396,239.835,368.783,251.137,413.36,241.55,375.424,250.08249999999998,395.159,n = 10,n = 10
cpu4,groth16,10,1-10,verify_first_ms,10,10,7.506,11.323,7.279,10.727,7.79825,11.825500000000002,0.5192500000000004,1.0985000000000014,0.04531923733396058,0.07758404256305003,7.048,10.425,8.076,12.907,7.242,10.644,7.8095,12.286000000000001,n = 10,n = 10
cpu4,groth16,10,1-10,verify_steady_ms,10,10,7.0675,10.717,6.9245,10.63825,7.344,12.12375,0.4195000000000002,1.4855,0.09827201043480426,0.17344967830481495,6.196,10.169,8.968,16.585,6.894,10.556000000000001,7.4285,12.494,n = 10,n = 10
cpu4,groth16,10,1-10,wall_ms,10,10,248.73149999999998,378.56600000000003,243.16975,375.80475,249.72924999999998,389.14925,6.559499999999986,13.344499999999982,0.017577119934306305,0.036858168385040385,239.852,368.833,251.154,413.405,241.566,375.476,250.09949999999998,395.206,n = 10,n = 10
cpu4,groth16,10,1-10,witness_ms,10,10,16.365000000000002,33.483000000000004,15.1625,31.30825,17.929,36.40325,2.766499999999999,5.094999999999999,0.10808175772371507,0.12746518698745962,14.452,29.306,19.881,43.923,15.083,30.967,18.293,37.35850000000001,n = 10,n = 10
cpu4,groth16,10,1-5,input_ms,5,5,2.807,5.207,2.671,5.137,3.015,5.265,0.3440000000000003,0.1280000000000001,0.06715126531901207,0.01895494195255756,2.644,5.042,3.056,5.28,2.644,5.042,3.056,5.28,COARSE (n = 5),COARSE (n = 5)
cpu4,groth16,10,1-5,prove_ms,5,5,217.05,330.242,215.918,329.322,221.835,331.232,5.917000000000002,1.910000000000025,0.017207769313246333,0.012946477583879805,214.977,322.126,223.442,333.375,214.977,322.126,223.442,333.375,COARSE (n = 5),COARSE (n = 5)
cpu4,groth16,10,1-5,stage_sum_ms,5,5,241.55,378.28,241.071,376.743,248.981,378.754,7.909999999999997,2.011000000000024,0.018645975658188003,0.01645400108728226,239.835,368.783,249.118,386.225,239.835,368.783,249.118,386.225,COARSE (n = 5),COARSE (n = 5)
cpu4,groth16,10,1-5,verify_first_ms,5,5,7.242,11.277,7.138,10.569,7.39,11.369,0.2519999999999998,0.7999999999999989,0.038954289441794354,0.08716728720777732,7.048,10.425,7.775,12.907,7.048,10.425,7.775,12.907,COARSE (n = 5),COARSE (n = 5)
cpu4,groth16,10,1-5,verify_steady_ms,5,5,7.031,11.013,7.016,10.704,7.104,12.494,0.08800000000000008,1.7899999999999991,0.06295268539503339,0.11951154331320654,6.196,10.461,7.351,13.742,6.196,10.461,7.351,13.742,COARSE (n = 5),COARSE (n = 5)
cpu4,groth16,10,1-5,wall_ms,5,5,241.566,378.33,241.086,376.791,249.001,378.802,7.914999999999992,2.011000000000024,0.018651020108778792,0.016447398267462224,239.852,368.833,249.136,386.27,239.852,368.833,249.136,386.27,COARSE (n = 5),COARSE (n = 5)
cpu4,groth16,10,1-5,witness_ms,5,5,15.093,30.967,14.795,30.874,15.371,32.332,0.5760000000000005,1.458000000000002,0.060078165942265054,0.08590764717072538,14.452,29.306,16.837,36.531,14.452,29.306,16.837,36.531,COARSE (n = 5),COARSE (n = 5)
cpu4,groth16,11,1-10,input_ms,10,10,6.587,12.789000000000001,5.8895,12.59525,7.05375,13.15025,1.16425,0.5549999999999997,0.11444976715024657,0.06907280023028955,5.456,10.377,7.461,13.436,5.7330000000000005,12.435500000000001,7.161,13.247,n = 10,n = 10
cpu4,groth16,11,1-10,prove_ms,10,10,231.8655,344.04,228.742,339.87800000000004,233.42125,349.5485,4.679249999999996,9.670499999999947,0.026567998048643685,0.020725312531488654,220.027,333.722,241.443,356.107,228.651,338.706,236.76749999999998,350.121,n = 10,n = 10
cpu4,groth16,11,1-10,stage_sum_ms,10,10,261.7545,399.29,259.78875,395.99474999999995,263.53625,407.4575,3.7475000000000023,11.462750000000028,0.023966822771336264,0.020270722967944656,252.095,389.233,273.002,414.743,259.423,395.597,267.7265,410.036,n = 10,n = 10
cpu4,groth16,11,1-10,verify_first_ms,10,10,7.644,11.5475,7.26875,11.2065,7.93025,11.70675,0.6615000000000002,0.5002499999999994,0.16791319428064516,0.06377298522685093,6.236,10.771,10.988,13.208,6.929,11.164,7.988,12.088000000000001,n = 10,n = 10
cpu4,groth16,11,1-10,verify_steady_ms,10,10,7.115,10.908000000000001,6.888999999999999,10.387250000000002,7.308999999999999,11.61175,0.41999999999999993,1.224499999999999,0.042339635896843676,0.08114931974991162,6.455,10.218,7.378,12.661,6.8415,10.351,7.342,11.831,n = 10,n = 10
cpu4,groth16,11,1-10,wall_ms,10,10,261.7735,399.3425,259.81225,396.04725,263.555,407.50649999999996,3.742750000000001,11.45924999999994,0.023968054849981785,0.02026649722245464,252.115,389.286,273.024,414.794,259.349,395.649,267.4954624999999,410.085,n = 10,n = 10
cpu4,groth16,11,1-10,witness_ms,10,10,16.001,32.7485,15.432749999999999,29.74275,17.609499999999997,34.69775,2.1767499999999984,4.954999999999998,0.11487502038999206,0.09311729872309099,14.206,27.98,20.436,36.043,15.0855,29.4745,17.7755,35.343500000000006,n = 10,n = 10
cpu4,groth16,11,1-5,input_ms,5,5,6.732,12.768,6.478,12.565,7.161,12.81,0.6829999999999998,0.245000000000001,0.1122689968879575,0.03135496436094223,5.456,12.185,7.356,13.282,5.456,12.185,7.356,13.282,COARSE (n = 5),COARSE (n = 5)
cpu4,groth16,11,1-5,prove_ms,5,5,233.041,346.088,232.063,341.678,233.548,347.831,1.4850000000000136,6.15300000000002,0.018222407010646972,0.017330680213586105,228.88,335.734,240.494,351.145,228.88,335.734,240.494,351.145,COARSE (n = 5),COARSE (n = 5)
cpu4,groth16,11,1-5,stage_sum_ms,5,5,261.937,399.331,261.572,395.597,263.741,399.722,2.1689999999999827,4.125,0.02156903302002376,0.0189804612302204,257.768,389.233,273.002,410.036,257.768,389.233,273.002,410.036,COARSE (n = 5),COARSE (n = 5)
cpu4,groth16,11,1-5,verify_first_ms,5,5,7.985,11.334,7.451,11.164,8.21,11.605,0.7590000000000012,0.4410000000000007,0.20742131500906344,0.03117095895473559,6.407,10.771,10.988,11.622,6.407,10.771,10.988,11.622,COARSE (n = 5),COARSE (n = 5)
cpu4,groth16,11,1-5,verify_steady_ms,5,5,7.21,10.496,7.089,10.351,7.349,10.925,0.2599999999999998,0.5739999999999998,0.053077605815027705,0.08492203027061442,6.455,10.218,7.378,12.479,6.455,10.218,7.378,12.479,COARSE (n = 5),COARSE (n = 5)
cpu4,groth16,11,1-5,wall_ms,5,5,261.954,399.379,261.593,395.649,263.76,399.771,2.166999999999973,4.122000000000014,0.0215720109299821,0.018974071766403474,257.787,389.286,273.024,410.085,257.787,389.286,273.024,410.085,COARSE (n = 5),COARSE (n = 5)
cpu4,groth16,11,1-5,witness_ms,5,5,15.328,29.702,14.424,29.084,15.747,29.865,1.3230000000000004,0.7809999999999988,0.0536448791874373,0.0855163254653017,14.206,27.98,16.065,34.704,14.206,27.98,16.065,34.704,COARSE (n = 5),COARSE (n = 5)
cpu4,groth16,12,1-10,input_ms,10,10,14.573,34.516999999999996,10.34375,22.7915,15.09125,34.81125,4.7475000000000005,12.019750000000002,0.24435463165784757,0.22615416061835666,8.72,20.148,17.148,35.702,8.956,20.809,15.8755,34.93000000000001,n = 10,n = 10
cpu4,groth16,12,1-10,prove_ms,10,10,243.7865,357.53,236.40925,352.836,245.6975,359.18075,9.288250000000005,6.344749999999976,0.023947486794748684,0.01332776213398752,234.038,348.975,251.717,363.157,235.709,351.26099999999997,245.781,359.493,n = 10,n = 10
cpu4,groth16,12,1-10,stage_sum_ms,10,10,281.74,438.615,277.43649999999997,431.07825,283.20425,448.31775,5.767750000000035,17.239499999999964,0.018782424689217123,0.026726445148760863,272.849,419.406,290.506,455.11,276.804,429.309,284.8375,449.4225,n = 10,n = 10
cpu4,groth16,12,1-10,verify_first_ms,10,10,7.547499999999999,11.881,7.278499999999999,11.0885,7.6355,12.5775,0.3570000000000011,1.4890000000000008,0.05212038436080243,0.0853778857433093,6.625,10.898,7.948,13.793,7.196,11.071,7.731,12.922999999999998,n = 10,n = 10
cpu4,groth16,12,1-10,verify_steady_ms,10,10,6.8625,10.8225,6.52775,10.56375,7.167,11.8915,0.6392499999999997,1.32775,0.07258484777409162,0.08358968484398996,5.899,9.836,7.35,12.756,6.447,10.488,7.206,12.118,n = 10,n = 10
cpu4,groth16,12,1-10,wall_ms,10,10,281.7615,438.6705,277.4575,431.1315,283.22625,448.37725,5.768750000000011,17.245749999999987,0.01878616351015247,0.026730367086166083,272.872,419.456,290.534,455.168,276.825,429.362,284.8615,449.47799999999995,n = 10,n = 10
cpu4,groth16,12,1-10,witness_ms,10,10,18.098,40.0055,16.98975,38.245000000000005,19.78875,44.488749999999996,2.7989999999999995,6.2437499999999915,0.11520301438413123,0.12134266036484188,15.363,34.218,21.694,50.838,16.5466875,37.900999999999996,20.04,45.663,n = 10,n = 10
cpu4,groth16,12,1-5,input_ms,5,5,8.956,28.739,8.953,20.809,14.507,34.485,5.554,13.675999999999998,0.29098641587066015,0.24701301487688437,8.72,20.781,15.176,34.584,8.72,20.781,15.176,34.584,COARSE (n = 5),COARSE (n = 5)
cpu4,groth16,12,1-5,prove_ms,5,5,244.651,359.493,242.922,357.824,245.447,360.178,2.5250000000000057,2.353999999999985,0.026121967415194274,0.010706542446725135,234.038,352.738,251.717,363.157,234.038,352.738,251.717,363.157,COARSE (n = 5),COARSE (n = 5)
cpu4,groth16,12,1-5,stage_sum_ms,5,5,279.334,436.386,276.804,429.309,282.052,445.752,5.248000000000047,16.442999999999984,0.015222250273605173,0.025171046226426495,272.849,426.986,283.479,453.093,272.849,426.986,283.479,453.093,COARSE (n = 5),COARSE (n = 5)
cpu4,groth16,12,1-5,verify_first_ms,5,5,7.196,12.54,7.099,12.048,7.531,12.59,0.4319999999999995,0.5419999999999998,0.06792580827803127,0.08449636360104207,6.625,10.898,7.948,13.793,6.625,10.898,7.948,13.793,COARSE (n = 5),COARSE (n = 5)
cpu4,groth16,12,1-5,verify_steady_ms,5,5,6.447,10.905,6.153,10.566,6.77,11.212,0.617,0.645999999999999,0.07909457757044822,0.06076663237714278,5.899,10.563,7.206,12.192,5.899,10.563,7.206,12.192,COARSE (n = 5),COARSE (n = 5)
cpu4,groth16,12,1-5,wall_ms,5,5,279.355,436.44,276.825,429.362,282.072,445.804,5.247000000000014,16.44199999999995,0.015217872340639179,0.025173826718556308,272.872,427.036,283.5,453.152,272.872,427.036,283.5,453.152,COARSE (n = 5),COARSE (n = 5)
cpu4,groth16,12,1-5,witness_ms,5,5,16.983,38.137,15.942,37.233,17.01,40.899,1.0680000000000014,3.666000000000004,0.05683860955737002,0.11648065305975978,15.363,34.218,17.734,46.382,15.363,34.218,17.734,46.382,COARSE (n = 5),COARSE (n = 5)
cpu4,groth16,13,1-10,input_ms,10,10,28.2955,75.0255,24.0735,72.7265,29.667,76.35425000000001,5.593500000000002,3.627750000000006,0.11123627181099818,0.11341873670126014,22.88,57.262,30.691,80.125,23.548,65.8125,29.684,77.84700000000001,n = 10,n = 10
cpu4,groth16,13,1-10,prove_ms,10,10,251.5245,372.64599999999996,248.12775,369.77250000000004,251.75275,379.784,3.625,10.011499999999955,0.021863505360732057,0.016640437815461942,238.301,363.841,256.981,382.652,246.4655,369.3375,252.129,380.754,n = 10,n = 10
cpu4,groth16,13,1-10,stage_sum_ms,10,10,306.8985,502.1935,300.44075,492.50275,311.62149999999997,510.747,11.180749999999989,18.244250000000022,0.021571319366034358,0.020964082063129944,293.708,484.157,311.874,514.754,298.95,491.078,311.741,511.391,n = 10,n = 10
cpu4,groth16,13,1-10,verify_first_ms,10,10,7.9135,11.136,7.738,10.1455,8.1995,11.670250000000001,0.4615,1.524750000000001,0.055485408246294415,0.18783476481179487,6.976,9.635,8.558,17.119,7.702999999999999,10.132,8.259,11.925,n = 10,n = 10
cpu4,groth16,13,1-10,verify_steady_ms,10,10,7.096,10.585,6.68075,10.162,7.19475,11.34825,0.5140000000000002,1.1862499999999994,0.09981176150338274,0.1544443003728884,5.971,9.801,8.63,15.652,6.622,10.108,7.2755,11.511,n = 10,n = 10
cpu4,groth16,13,1-10,wall_ms,10,10,306.922,502.26300000000003,300.46425,492.56775,311.64750000000004,510.81425,11.183250000000044,18.246500000000026,0.02157144591741101,0.020953882879847344,293.731,484.233,311.898,514.817,298.973,491.143,311.766,511.46,n = 10,n = 10
cpu4,groth16,13,1-10,witness_ms,10,10,21.2275,43.444500000000005,20.78225,42.15525,22.587000000000003,44.259,1.804750000000002,2.103749999999998,0.09213275585212075,0.058239095017352104,17.013,39.747,23.325,49.382,19.9045,42.0155,22.728,44.4105,n = 10,n = 10
cpu4,groth16,13,1-5,input_ms,5,5,25.65,73.877,23.548,57.748,29.616,75.236,6.068000000000001,17.488000000000007,0.13328165621807625,0.14323863241049084,22.88,57.262,30.691,76.596,22.88,57.262,30.691,76.596,COARSE (n = 5),COARSE (n = 5)
cpu4,groth16,13,1-5,prove_ms,5,5,247.282,372.635,242.266,370.305,252.617,380.754,10.350999999999999,10.449000000000012,0.030514809585741366,0.017037897651341137,238.301,368.37,256.981,382.652,238.301,368.37,256.981,382.652,COARSE (n = 5),COARSE (n = 5)
cpu4,groth16,13,1-5,stage_sum_ms,5,5,298.95,496.777,298.622,489.834,304.913,502.136,6.290999999999997,12.302000000000021,0.022401915166107005,0.02370758758148669,293.708,484.157,311.263,514.754,293.708,484.157,311.263,514.754,COARSE (n = 5),COARSE (n = 5)
cpu4,groth16,13,1-5,verify_first_ms,5,5,7.843,11.498,7.703,10.186,7.876,11.72,0.17300000000000004,1.5340000000000007,0.02238999506526547,0.23886081121421107,7.563,10.063,8.021,17.119,7.563,10.063,8.021,17.119,COARSE (n = 5),COARSE (n = 5)
cpu4,groth16,13,1-5,verify_steady_ms,5,5,7.129,10.324,6.857,10.108,7.167,10.548,0.3099999999999996,0.4399999999999995,0.0755126681875863,0.03925689664215562,5.971,9.801,7.204,10.86,5.971,9.801,7.204,10.86,COARSE (n = 5),COARSE (n = 5)
cpu4,groth16,13,1-5,wall_ms,5,5,298.973,496.842,298.649,489.913,304.938,502.2,6.288999999999987,12.286999999999978,0.02240665762960098,0.023691762609445274,293.731,484.233,311.292,514.817,293.731,484.233,311.292,514.817,COARSE (n = 5),COARSE (n = 5)
cpu4,groth16,13,1-5,witness_ms,5,5,20.728,42.276,18.864,41.755,20.945,43.515,2.0809999999999995,1.759999999999998,0.08925607065600857,0.04170698434767327,17.013,39.747,21.069,44.344,17.013,39.747,21.069,44.344,COARSE (n = 5),COARSE (n = 5)
cpu4,groth16,14,1-10,input_ms,10,10,50.667500000000004,134.89100000000002,46.75375,123.8185,51.3195,142.41825,4.565750000000001,18.59975,0.08583293313672126,0.11017103601563347,41.74,108.884,55.612,152.215,45.818,120.675,52.8625,143.574,n = 10,n = 10
cpu4,groth16,14,1-10,prove_ms,10,10,258.2935,391.3625,255.739,389.03625,260.88675,393.74375,5.147750000000002,4.707499999999982,0.02026442765967651,0.010350123165224963,251.347,381.661,268.617,395.137,254.55062500000003,388.542,261.767,393.822,n = 10,n = 10
cpu4,groth16,14,1-10,stage_sum_ms,10,10,336.3315,580.0575,328.81425,574.64725,340.12350000000004,595.318,11.30925000000002,20.670749999999998,0.02550968024207446,0.0319451357146304,322.451,549.869,350.48,604.24,328.265,565.324,340.163,596.491,n = 10,n = 10
cpu4,groth16,14,1-10,verify_first_ms,10,10,7.6385000000000005,11.105,6.724,10.537749999999999,7.7065,12.4765,0.9824999999999999,1.9387500000000006,0.09023648895677665,0.2035822021765093,6.186,9.899,8.082,17.484,6.514,10.421,7.713,13.4345,n = 10,n = 10
cpu4,groth16,14,1-10,verify_steady_ms,10,10,6.995,11.176,6.79075,10.806,7.25425,11.7,0.4634999999999998,0.8940000000000001,0.06960479070082866,0.0827283899481695,6.063,10.013,7.507,13.3,6.5565,10.596499999999999,7.326,11.757,n = 10,n = 10
cpu4,groth16,14,1-10,wall_ms,10,10,336.356,580.124,328.841,574.715,340.147,595.389,11.305999999999983,20.673999999999978,0.02550599508591574,0.03194751039368069,322.476,549.928,350.503,604.311,328.067,565.3895,341.12649999999996,596.562,n = 10,n = 10
cpu4,groth16,14,1-10,witness_ms,10,10,19.099,44.503,18.88175,43.556250000000006,20.3485,48.76275,1.466750000000001,5.206499999999991,0.08626619139507274,0.07076513332694584,17.925,42.049,23.338,50.762,18.4755,43.25,20.8745,49.128,n = 10,n = 10
cpu4,groth16,14,1-5,input_ms,5,5,45.818,120.675,45.318,110.027,51.376,136.163,6.058,26.13600000000001,0.10751568601374968,0.12709178124730053,41.74,108.884,54.575,144.267,41.74,108.884,54.575,144.267,COARSE (n = 5),COARSE (n = 5)
cpu4,groth16,14,1-5,prove_ms,5,5,257.439,390.519,257.209,388.542,260.205,393.509,2.995999999999981,4.967000000000041,0.014329989200609499,0.007420759552451166,251.668,387.833,261.114,394.329,251.668,387.833,261.114,394.329,COARSE (n = 5),COARSE (n = 5)
cpu4,groth16,14,1-5,stage_sum_ms,5,5,330.462,577.165,325.622,553.483,340.005,581.214,14.382999999999981,27.73100000000011,0.02616885371630428,0.03436252183204141,322.451,549.869,342.198,596.491,322.451,549.869,342.198,596.491,COARSE (n = 5),COARSE (n = 5)
cpu4,groth16,14,1-5,verify_first_ms,5,5,6.514,12.754,6.461,10.98,7.591,15.225,1.13,4.244999999999999,0.11801154309362577,0.21190669710765625,6.186,10.888,8.082,17.484,6.186,10.888,8.082,17.484,COARSE (n = 5),COARSE (n = 5)
cpu4,groth16,14,1-5,verify_steady_ms,5,5,6.736,11.173,6.158,10.764,6.996,11.529,0.8380000000000001,0.7650000000000006,0.08310582354608705,0.05402803712585114,6.063,10.261,7.367,11.757,6.063,10.261,7.367,11.757,COARSE (n = 5),COARSE (n = 5)
cpu4,groth16,14,1-5,wall_ms,5,5,330.488,577.235,325.646,553.544,340.03,581.283,14.383999999999958,27.739000000000033,0.026167303365738623,0.0343678660765797,322.476,549.928,342.223,596.562,322.476,549.928,342.223,596.562,COARSE (n = 5),COARSE (n = 5)
cpu4,groth16,14,1-5,witness_ms,5,5,19.28,43.49,18.918,42.171,19.981,43.755,1.0630000000000024,1.5840000000000032,0.10388468975794876,0.025742252488760872,17.925,42.049,23.338,44.677,17.925,42.049,23.338,44.677,COARSE (n = 5),COARSE (n = 5)
cpu4,groth16,15,1-10,input_ms,10,10,115.6815,282.489,108.721,267.07025,116.0525,293.27475000000004,7.331499999999991,26.204500000000053,0.05166160272356237,0.08600496984157915,101.977,250.15,117.424,332.827,107.43,263.9895,116.582,296.2755,n = 10,n = 10
cpu4,groth16,15,1-10,prove_ms,10,10,269.76800000000003,400.61,265.63375,396.36625,273.986,402.25225,8.35224999999997,5.886000000000024,0.027187846503303352,0.011465250782667216,262.49,392.746,287.616,405.546,264.833,395.68449999999996,275.251,403.84000000000003,n = 10,n = 10
cpu4,groth16,15,1-10,stage_sum_ms,10,10,413.777,751.0595000000001,410.567,737.2095,419.4365,761.15375,8.869500000000016,23.944249999999897,0.0240098148378031,0.03471843833924881,398.228,704.755,434.157,797.676,408.6305,735.172,421.2095,768.6395,n = 10,n = 10
cpu4,groth16,15,1-10,verify_first_ms,10,10,6.991,10.853,6.3795,10.600249999999999,7.231,12.241,0.8514999999999997,1.6407500000000006,0.078309883066077,0.11561446315138073,6.172,10.07,7.669,14.098,6.338,10.535,7.35,12.422,n = 10,n = 10
cpu4,groth16,15,1-10,verify_steady_ms,10,10,7.0555,11.132,7.0395,10.997,7.2989999999999995,12.135,0.2594999999999992,1.138,0.1890461359682142,0.14157915632357376,6.432,9.726,11.458,15.165,6.956,10.445,7.390499999999999,12.775,n = 10,n = 10
cpu4,groth16,15,1-10,wall_ms,10,10,413.806,751.1335,410.59425,737.28275,419.4625,761.22425,8.868249999999989,23.94150000000002,0.024005614518288833,0.03471263677336595,398.259,704.828,434.182,797.743,408.6575,735.245,421.2355,768.7094999999999,n = 10,n = 10
cpu4,groth16,15,1-10,witness_ms,10,10,24.7895,55.5985,23.54575,53.77375,26.265749999999997,57.13975,2.7199999999999953,3.3659999999999997,0.09546939288658172,0.09427032426852505,20.103,50.353,27.677,68.669,22.8315,53.54,26.461,60.32,n = 10,n = 10
cpu4,groth16,15,1-5,input_ms,5,5,107.43,266.009,103.793,257.725,115.365,270.254,11.571999999999989,12.528999999999996,0.06236166414005122,0.05931772899181544,101.977,250.15,117.122,291.975,101.977,250.15,117.122,291.975,COARSE (n = 5),COARSE (n = 5)
cpu4,groth16,15,1-5,prove_ms,5,5,269.27,402.266,264.833,395.839,270.266,405.469,5.432999999999993,9.629999999999995,0.016343860393523608,0.013963756798480397,262.49,393.421,273.446,405.546,262.49,393.421,273.446,405.546,COARSE (n = 5),COARSE (n = 5)
cpu4,groth16,15,1-5,stage_sum_ms,5,5,410.338,735.172,406.007,727.637,411.254,743.322,5.247000000000014,15.68500000000006,0.017663991574326895,0.03526596204456065,398.228,704.755,417.776,776.183,398.228,704.755,417.776,776.183,COARSE (n = 5),COARSE (n = 5)
cpu4,groth16,15,1-5,verify_first_ms,5,5,6.877,10.831,6.338,10.469,7.105,12.422,0.7670000000000003,1.9530000000000012,0.06122091844815419,0.1440391062680572,6.29,10.07,7.15,14.098,6.29,10.07,7.15,14.098,COARSE (n = 5),COARSE (n = 5)
cpu4,groth16,15,1-5,verify_steady_ms,5,5,7.053,12.003,6.871,11.016,7.313,13.547,0.4419999999999993,2.5310000000000006,0.2627251390675536,0.14322105578933284,6.432,10.992,11.458,15.165,6.432,10.992,11.458,15.165,COARSE (n = 5),COARSE (n = 5)
cpu4,groth16,15,1-5,wall_ms,5,5,410.365,735.245,406.033,727.712,411.282,743.396,5.248999999999967,15.683999999999969,0.01765664546579435,0.035262760509039176,398.259,704.828,417.799,776.257,398.259,704.828,417.799,776.257,COARSE (n = 5),COARSE (n = 5)
cpu4,groth16,15,1-5,witness_ms,5,5,25.659,54.475,23.803,53.424,26.611,63.603,2.808,10.179000000000002,0.12000656650737626,0.13247677252331705,20.103,50.353,27.677,68.669,20.103,50.353,27.677,68.669,COARSE (n = 5),COARSE (n = 5)
cpu4,plonk,5,1-5,input_ms,5,5,0.794,0.709,0.7,0.698,0.799,0.849,0.09900000000000009,0.15100000000000002,0.1044069313209894,1.5898917009269469,0.651,0.469,0.843,9.043,0.651,0.469,0.843,9.043,COARSE (n = 5),COARSE (n = 5)
cpu4,plonk,5,1-5,prove_ms,5,5,10206.052,22849.328,10109.749,22673.946,10463.289,22875.17,353.5400000000009,201.22399999999834,0.0559562402196247,0.006467870098619963,10109.233,22561.908,11492.293,22900.05,10109.233,22561.908,11492.293,22900.05,COARSE (n = 5),COARSE (n = 5)
cpu4,plonk,5,1-5,stage_sum_ms,5,5,10229.278,22898.495,10134.495,22720.049,10485.23,22919.246,350.73499999999876,199.19700000000012,0.055856467539905544,0.006441504368688529,10132.608,22613.852,11516.725,22953.965,10132.608,22613.852,11516.725,22953.965,COARSE (n = 5),COARSE (n = 5)
cpu4,plonk,5,1-5,verify_first_ms,5,5,7.75,15.491,7.652,14.038,7.792,15.999,0.13999999999999968,1.9610000000000003,0.02752043184083832,0.09452469697136959,7.511,13.709,8.088,17.226,7.511,13.709,8.088,17.226,COARSE (n = 5),COARSE (n = 5)
cpu4,plonk,5,1-5,verify_steady_ms,5,5,7.264,11.33,7.239,11.198,7.276,11.349,0.03699999999999992,0.1509999999999998,0.005820907994340975,0.008111075230578219,7.177,11.172,7.279,11.369,7.177,11.172,7.279,11.369,COARSE (n = 5),COARSE (n = 5)
cpu4,plonk,5,1-5,wall_ms,5,5,10229.299,22898.549,10134.516,22720.101,10485.25,22919.302,350.7340000000004,199.20100000000093,0.05585630128010673,0.006441545636350368,10132.63,22613.903,11516.745,22954.017,10132.63,22613.903,11516.745,22954.017,COARSE (n = 5),COARSE (n = 5)
cpu4,plonk,5,1-5,witness_ms,5,5,14.591,31.242,13.971,28.863,16.079,31.544,2.1080000000000005,2.681000000000001,0.08694735295656361,0.12411572450168114,13.779,27.609,16.718,37.715,13.779,27.609,16.718,37.715,COARSE (n = 5),COARSE (n = 5)
cpu4,plonk,6,1-5,input_ms,5,5,0.874,0.801,0.82,0.8,0.882,0.804,0.062000000000000055,0.0040000000000000036,0.0652910234260739,0.00816342761856558,0.763,0.792,0.897,0.81,0.763,0.792,0.897,0.81,COARSE (n = 5),COARSE (n = 5)
cpu4,plonk,6,1-5,prove_ms,5,5,10220.468,22686.057,10163.384,22680.297,10290.249,22867.875,126.86499999999978,187.57800000000134,0.05402358293793774,0.005635926931767222,10136.729,22579.151,11458.655,22870.52,10136.729,22579.151,11458.655,22870.52,COARSE (n = 5),COARSE (n = 5)
cpu4,plonk,6,1-5,stage_sum_ms,5,5,10245.092,22732.536,10185.929,22725.855,10315.012,22914.787,129.08300000000054,188.9320000000007,0.05390113695910014,0.005701705816389019,10161.373,22627.519,11482.752,22925.055,10161.373,22627.519,11482.752,22925.055,COARSE (n = 5),COARSE (n = 5)
cpu4,plonk,6,1-5,verify_first_ms,5,5,8.648,14.478,7.873,14.02,8.739,14.564,0.8660000000000005,0.5440000000000005,0.09239626936327217,0.0531233873279022,7.672,13.61,9.649,15.658,7.672,13.61,9.649,15.658,COARSE (n = 5),COARSE (n = 5)
cpu4,plonk,6,1-5,verify_steady_ms,5,5,7.269,11.314,7.202,11.23,7.289,11.331,0.08699999999999974,0.10099999999999909,0.013097433889617913,0.006545695201606008,7.081,11.187,7.319,11.364,7.081,11.187,7.319,11.364,COARSE (n = 5),COARSE (n = 5)
cpu4,plonk,6,1-5,wall_ms,5,5,10245.106,22732.591,10185.943,22725.904,10315.027,22914.843,129.08400000000074,188.93900000000212,0.053900939973477606,0.005701845580868169,10161.398,22627.57,11482.767,22925.115,10161.398,22627.57,11482.767,22925.115,COARSE (n = 5),COARSE (n = 5)
cpu4,plonk,6,1-5,witness_ms,5,5,15.01,31.114,14.11,30.746,15.232,33.09,1.1219999999999999,2.3440000000000047,0.042281798396438135,0.12254207556554275,14.098,30.444,15.404,40.12,14.098,30.444,15.404,40.12,COARSE (n = 5),COARSE (n = 5)
cpu4,plonk,7,1-5,input_ms,5,5,1.075,1.137,0.86,1.072,2.701,1.181,1.8410000000000002,0.10899999999999999,0.9880146343226033,0.29426882052075687,0.798,1.029,6.186,1.93,0.798,1.029,6.186,1.93,COARSE (n = 5),COARSE (n = 5)
cpu4,plonk,7,1-5,prove_ms,5,5,10298.39,22798.08,10191.728,22645.822,10938.72,22833.987,746.9920000000002,188.16500000000087,0.06973635347883263,0.005671642323565194,10178.367,22619.092,11916.768,22924.17,10178.367,22619.092,11916.768,22924.17,COARSE (n = 5),COARSE (n = 5)
cpu4,plonk,7,1-5,stage_sum_ms,5,5,10328.596,22841.61,10215.032,22696.535,10961.038,22891.317,746.0060000000012,194.78199999999924,0.0693932700087323,0.005685483054535414,10203.374,22669.927,11938.444,22975.282,10203.374,22669.927,11938.444,22975.282,COARSE (n = 5),COARSE (n = 5)
cpu4,plonk,7,1-5,verify_first_ms,5,5,7.823,17.647,7.658,14.773,8.298,18.974,0.6399999999999997,4.2010000000000005,0.07166677112233438,0.15723829874864423,7.573,13.179,8.968,19.041,7.573,13.179,8.968,19.041,COARSE (n = 5),COARSE (n = 5)
cpu4,plonk,7,1-5,verify_steady_ms,5,5,7.235,11.221,7.228,11.092,7.238,11.243,0.010000000000000675,0.1509999999999998,0.006817683524944688,0.014023792075748753,7.161,10.941,7.3,11.348,7.161,10.941,7.3,11.348,COARSE (n = 5),COARSE (n = 5)
cpu4,plonk,7,1-5,wall_ms,5,5,10328.614,22841.678,10215.047,22696.585,10961.052,22891.37,746.0049999999992,194.78499999999985,0.06939179311482599,0.0056855306733906465,10203.462,22669.978,11938.458,22975.333,10203.462,22669.978,11938.458,22975.333,COARSE (n = 5),COARSE (n = 5)
cpu4,plonk,7,1-5,witness_ms,5,5,14.007,31.929,13.635,30.889,14.657,34.99,1.0220000000000002,4.101000000000003,0.05274248325353428,0.10682789022537557,13.22,28.421,15.053,37.328,13.22,28.421,15.053,37.328,COARSE (n = 5),COARSE (n = 5)
cpu4,plonk,8,1-5,input_ms,5,5,1.171,1.847,1.148,1.794,1.199,1.871,0.051000000000000156,0.07699999999999996,0.06879037481055622,0.1024015760063387,1.052,1.454,1.273,1.893,1.052,1.454,1.273,1.893,COARSE (n = 5),COARSE (n = 5)
cpu4,plonk,8,1-5,prove_ms,5,5,10242.538,22857.997,10166.785,22820.052,10262.81,22862.105,96.02499999999964,42.052999999999884,0.005739127967783987,0.006515956612014215,10143.488,22541.842,10272.501,22918.394,10143.488,22541.842,10272.501,22918.394,COARSE (n = 5),COARSE (n = 5)
cpu4,plonk,8,1-5,stage_sum_ms,5,5,10267.307,22914.083,10191.905,22865.319,10287.139,22917.687,95.23399999999856,52.36800000000221,0.005790819788533812,0.00652041816481586,10165.936,22593.11,10297.653,22967.917,10165.936,22593.11,10297.653,22967.917,COARSE (n = 5),COARSE (n = 5)
cpu4,plonk,8,1-5,verify_first_ms,5,5,8.11,17.855,7.743,16.845,8.838,18.132,1.0949999999999989,1.2870000000000026,0.07176153745837509,0.08013005428212366,7.714,15.172,8.959,18.714,7.714,15.172,8.959,18.714,COARSE (n = 5),COARSE (n = 5)
cpu4,plonk,8,1-5,verify_steady_ms,5,5,7.288,11.282,7.202,11.241,7.293,11.336,0.09100000000000019,0.09500000000000064,0.0076614654455067314,0.036729356488717856,7.183,11.147,7.298,12.178,7.183,11.147,7.298,12.178,COARSE (n = 5),COARSE (n = 5)
cpu4,plonk,8,1-5,wall_ms,5,5,10267.323,22914.135,10191.921,22865.385,10287.155,22917.744,95.23400000000038,52.35900000000038,0.005790956139264463,0.006520286200815626,10165.951,22593.171,10297.674,22967.971,10165.951,22593.171,10297.674,22967.971,COARSE (n = 5),COARSE (n = 5)
cpu4,plonk,8,1-5,witness_ms,5,5,15.013,32.503,14.761,31.243,15.314,34.997,0.5530000000000008,3.7540000000000013,0.05377990567199779,0.11319450194466353,13.681,26.968,15.843,36.438,13.681,26.968,15.843,36.438,COARSE (n = 5),COARSE (n = 5)
cpu4,plonk,9,1-5,input_ms,5,5,1.825,2.879,1.799,2.809,1.975,2.895,0.17600000000000016,0.08599999999999985,0.08587863228397645,0.0504317762763835,1.725,2.654,2.132,3.051,1.725,2.654,2.132,3.051,COARSE (n = 5),COARSE (n = 5)
cpu4,plonk,9,1-5,prove_ms,5,5,10219.908,22694.42,10202.115,22687.305,10257.965,22888.955,55.850000000000364,201.65000000000146,0.05259520113654941,0.008700267492348158,10200.581,22565.887,11449.937,23068.981,10200.581,22565.887,11449.937,23068.981,COARSE (n = 5),COARSE (n = 5)
cpu4,plonk,9,1-5,stage_sum_ms,5,5,10245.503,22748.783,10228.409,22734.356,10282.955,22943.23,54.54600000000028,208.8739999999998,0.0524935574742072,0.008572112184230728,10228.359,22623.894,11476.89,23116.802,10228.359,22623.894,11476.89,23116.802,COARSE (n = 5),COARSE (n = 5)
cpu4,plonk,9,1-5,verify_first_ms,5,5,8.537,17.796,7.585,14.095,9.15,17.847,1.5650000000000004,3.7520000000000007,0.1102226348217192,0.18329810074360564,7.575,12.842,9.683,20.278,7.575,12.842,9.683,20.278,COARSE (n = 5),COARSE (n = 5)
cpu4,plonk,9,1-5,verify_steady_ms,5,5,7.228,11.247,7.222,11.178,7.268,11.587,0.045999999999999375,0.4089999999999989,0.007789510631337668,0.027971978079711576,7.172,10.962,7.323,11.745,7.172,10.962,7.323,11.745,COARSE (n = 5),COARSE (n = 5)
cpu4,plonk,9,1-5,wall_ms,5,5,10245.517,22748.832,10228.429,22734.4,10282.972,22943.282,54.542999999999665,208.8819999999978,0.05249350747716581,0.008572159682477896,10228.373,22623.94,11476.907,23116.85,10228.373,22623.94,11476.907,23116.85,COARSE (n = 5),COARSE (n = 5)
cpu4,plonk,9,1-5,witness_ms,5,5,15.732,33.428,15.445,31.401,16.295,33.636,0.8500000000000014,2.235000000000003,0.04141348578261991,0.04844670295724983,15.273,31.072,16.879,34.834,15.273,31.072,16.879,34.834,COARSE (n = 5),COARSE (n = 5)
cpu4,plonk,10,1-5,input_ms,5,5,2.875,5.194,2.797,4.962,3.536,5.246,0.7389999999999999,0.2840000000000007,0.1331487110571184,0.03363686668798581,2.712,4.897,3.542,5.27,2.712,4.897,3.542,5.27,COARSE (n = 5),COARSE (n = 5)
cpu4,plonk,10,1-5,prove_ms,5,5,10236.819,22822.673,10212.19,22666.879,10336.385,22857.545,124.19499999999971,190.66599999999744,0.053199176022762494,0.005182616331007882,10102.562,22623.691,11453.297,22885.054,10102.562,22623.691,11453.297,22885.054,COARSE (n = 5),COARSE (n = 5)
cpu4,plonk,10,1-5,stage_sum_ms,5,5,10263.055,22881.258,10237.892,22723.483,10365.9,22912.523,128.0079999999998,189.04000000000087,0.05309484036979476,0.005193374751462246,10129.658,22676.548,11480.949,22939.271,10129.658,22676.548,11480.949,22939.271,COARSE (n = 5),COARSE (n = 5)
cpu4,plonk,10,1-5,verify_first_ms,5,5,7.943,16.789,7.594,16.642,8.655,18.86,1.060999999999999,2.218,0.08824268925156928,0.10382753734345858,7.588,14.811,9.24,19.178,7.588,14.811,9.24,19.178,COARSE (n = 5),COARSE (n = 5)
cpu4,plonk,10,1-5,verify_steady_ms,5,5,7.216,11.83,7.2,11.454,7.228,11.855,0.02799999999999958,0.4009999999999998,0.010917630608095641,0.03225809123943516,7.107,11.083,7.328,12.011,7.107,11.083,7.328,12.011,COARSE (n = 5),COARSE (n = 5)
cpu4,plonk,10,1-5,wall_ms,5,5,10263.071,22881.313,10237.909,22723.53,10365.917,22912.568,128.0079999999998,189.03800000000047,0.05309483089052601,0.005193332660908023,10129.676,22676.599,11480.968,22939.318,10129.676,22676.599,11480.968,22939.318,COARSE (n = 5),COARSE (n = 5)
cpu4,plonk,10,1-5,witness_ms,5,5,15.644,34.763,15.24,32.531,16.739,34.769,1.4990000000000006,2.2379999999999995,0.06728701152231654,0.08441403642150944,14.751,28.41,17.345,34.922,14.751,28.41,17.345,34.922,COARSE (n = 5),COARSE (n = 5)
cpu4,plonk,11,1-5,input_ms,5,5,5.904,12.539,5.76,10.07,6.15,12.764,0.39000000000000057,2.693999999999999,0.06138445262568133,0.13887961860570944,5.673,10.032,6.592,13.572,5.673,10.032,6.592,13.572,COARSE (n = 5),COARSE (n = 5)
cpu4,plonk,11,1-5,prove_ms,5,5,19747.795,44139.295,19662.624,44099.146,19924.481,44164.176,261.85699999999997,65.02999999999884,0.05390230477419096,0.006493695257148653,19512.09,43845.404,22122.791,44636.977,19512.09,43845.404,22122.791,44636.977,COARSE (n = 5),COARSE (n = 5)
cpu4,plonk,11,1-5,stage_sum_ms,5,5,19783.613,44197.652,19692.118,44159.938,19953.681,44227.715,261.5630000000019,67.77699999999459,0.05381950323264512,0.006473470781150556,19542.765,43902.726,22154.146,44693.842,19542.765,43902.726,22154.146,44693.842,COARSE (n = 5),COARSE (n = 5)
cpu4,plonk,11,1-5,verify_first_ms,5,5,7.98,14.321,7.871,11.81,8.176,14.526,0.3049999999999997,2.7159999999999993,0.2671159553896556,0.15219224250037627,7.752,11.728,13.321,16.743,7.752,11.728,13.321,16.743,COARSE (n = 5),COARSE (n = 5)
cpu4,plonk,11,1-5,verify_steady_ms,5,5,7.256,10.971,7.253,10.957,7.304,11.425,0.051000000000000156,0.46799999999999997,0.004783422634592543,0.03504215716464766,7.232,10.938,7.312,11.825,7.232,10.938,7.312,11.825,COARSE (n = 5),COARSE (n = 5)
cpu4,plonk,11,1-5,wall_ms,5,5,19783.635,44197.7,19692.135,44159.985,19953.701,44227.764,261.56600000000253,67.77900000000227,0.053819386280245546,0.006473459022109295,19542.786,43902.779,22154.163,44693.893,19542.786,43902.779,22154.163,44693.893,COARSE (n = 5),COARSE (n = 5)
cpu4,plonk,11,1-5,witness_ms,5,5,16.738,33.783,15.646,31.564,16.783,36.438,1.1370000000000005,4.874000000000002,0.04568954461067808,0.12532169022770995,15.299,28.041,16.9,38.944,15.299,28.041,16.9,38.944,COARSE (n = 5),COARSE (n = 5)
cpu4,plonk,12,1-5,input_ms,5,5,14.557,34.598,11.049,21.065,16.99,34.955,5.940999999999999,13.889999999999997,0.2659047919273238,0.27637811800484563,8.956,19.558,17.227,35.31,8.956,19.558,17.227,35.31,COARSE (n = 5),COARSE (n = 5)
cpu4,plonk,12,1-5,prove_ms,5,5,19680.475,44055.481,19642.635,43964.987,19690.721,44630.603,48.08600000000297,665.6160000000018,0.05360195344923936,0.00939424891886441,19613.676,43934.946,22069.767,44828.318,19613.676,43934.946,22069.767,44828.318,COARSE (n = 5),COARSE (n = 5)
cpu4,plonk,12,1-5,stage_sum_ms,5,5,19718.98,44124.446,19683.265,44054.735,19732.918,44722.033,49.653000000002066,667.2980000000025,0.05326745725304514,0.009339132776223858,19662.089,44020.748,22102.109,44900.305,19662.089,44020.748,22102.109,44900.305,COARSE (n = 5),COARSE (n = 5)
cpu4,plonk,12,1-5,verify_first_ms,5,5,9.315,11.879,8.844,11.853,9.864,11.901,1.0200000000000014,0.04800000000000004,0.17515819787820594,0.06705332729055204,7.935,11.821,12.434,13.696,7.935,11.821,12.434,13.696,COARSE (n = 5),COARSE (n = 5)
cpu4,plonk,12,1-5,verify_steady_ms,5,5,7.231,11.322,7.149,11.264,7.246,11.894,0.09700000000000042,0.6300000000000008,0.016934353299411963,0.03554090542146149,7.053,11.155,7.382,12.065,7.053,11.155,7.382,12.065,COARSE (n = 5),COARSE (n = 5)
cpu4,plonk,12,1-5,wall_ms,5,5,19719.005,44124.496,19683.288,44054.792,19732.94,44722.093,49.651999999998225,667.3009999999995,0.053267368915398156,0.009339119627573255,19662.112,44020.804,22102.131,44900.356,19662.112,44020.804,22102.131,44900.356,COARSE (n = 5),COARSE (n = 5)
cpu4,plonk,12,1-5,witness_ms,5,5,17.229,39.021,15.452,38.639,18.142,42.913,2.6899999999999995,4.273999999999994,0.09107544809490335,0.09165834822036266,15.342,35.711,18.752,45.011,15.342,35.711,18.752,45.011,COARSE (n = 5),COARSE (n = 5)
cpu4,plonk,13,1-5,input_ms,5,5,23.326,58.398,22.496,57.818,23.464,60.218,0.968,2.4000000000000057,0.03362777606391896,0.12847797777143072,22.112,55.782,24.042,75.369,22.112,55.782,24.042,75.369,COARSE (n = 5),COARSE (n = 5)
cpu4,plonk,13,1-5,prove_ms,5,5,19755.951,43948.142,19605.421,43895.76,19999.855,44017.056,394.4340000000011,121.29599999999482,0.05428171128089671,0.008678011889152178,19521.15,43827.774,22138.993,44763.535,19521.15,43827.774,22138.993,44763.535,COARSE (n = 5),COARSE (n = 5)
cpu4,plonk,13,1-5,stage_sum_ms,5,5,19804.873,44058.789,19657.738,44033.219,20051.904,44143.346,394.16599999999744,110.12700000000041,0.05413169163698045,0.008564963728193027,19571.492,43941.902,22189.153,44875.662,19571.492,43941.902,22189.153,44875.662,COARSE (n = 5),COARSE (n = 5)
cpu4,plonk,13,1-5,verify_first_ms,5,5,7.969,13.024,7.774,12.022,8.076,13.257,0.3020000000000005,1.2349999999999994,0.09319261595196761,0.11070901896639103,7.745,11.853,9.578,15.489,7.745,11.853,9.578,15.489,COARSE (n = 5),COARSE (n = 5)
cpu4,plonk,13,1-5,verify_steady_ms,5,5,7.265,11.275,7.16,11.241,7.272,11.921,0.1120000000000001,0.6799999999999997,0.015477733576132675,0.03693250868056447,7.058,11.185,7.344,12.084,7.058,11.185,7.344,12.084,COARSE (n = 5),COARSE (n = 5)
cpu4,plonk,13,1-5,wall_ms,5,5,19804.896,44058.852,19657.772,44033.283,20051.93,44143.411,394.15799999999945,110.12799999999697,0.05413143833716439,0.008565075361618178,19571.525,43941.965,22189.175,44875.738,19571.525,43941.965,22189.175,44875.738,COARSE (n = 5),COARSE (n = 5)
cpu4,plonk,13,1-5,witness_ms,5,5,19.065,44.323,18.758,40.976,19.274,49.066,0.5160000000000018,8.090000000000003,0.06331756345954505,0.11301158535809092,18.526,40.654,21.583,52.402,18.526,40.654,21.583,52.402,COARSE (n = 5),COARSE (n = 5)
cpu4,plonk,14,1-5,input_ms,5,5,45.064,115.208,43.021,111.87,47.145,134.446,4.124000000000002,22.575999999999993,0.13168444889426847,0.10470628362264876,40.808,109.263,56.662,135.478,40.808,109.263,56.662,135.478,COARSE (n = 5),COARSE (n = 5)
cpu4,plonk,14,1-5,prove_ms,5,5,19609.663,44253.106,19584.503,44186.364,20041.854,44358.755,457.35099999999875,172.39099999999598,0.05546183938722389,0.0054676223740119535,19457.551,43872.668,22124.977,44526.269,19457.551,43872.668,22124.977,44526.269,COARSE (n = 5),COARSE (n = 5)
cpu4,plonk,14,1-5,stage_sum_ms,5,5,19679.2,44424.289,19660.461,44351.103,20111.608,44547.355,451.14700000000084,196.2520000000004,0.05553256485474942,0.005305680946299131,19528.388,44064.19,22209.523,44693.187,19528.388,44064.19,22209.523,44693.187,COARSE (n = 5),COARSE (n = 5)
cpu4,plonk,14,1-5,verify_first_ms,5,5,7.815,11.949,7.764,11.931,9.351,12.828,1.5870000000000006,0.8970000000000002,0.15132147386125888,0.05339694758820554,7.701,11.768,10.647,13.264,7.701,11.768,10.647,13.264,COARSE (n = 5),COARSE (n = 5)
cpu4,plonk,14,1-5,verify_steady_ms,5,5,7.233,11.154,7.225,11.014,7.294,11.324,0.06899999999999995,0.3100000000000005,0.01093219991177257,0.01859514030198524,7.119,10.979,7.325,11.47,7.119,10.979,7.325,11.47,COARSE (n = 5),COARSE (n = 5)
cpu4,plonk,14,1-5,wall_ms,5,5,19679.226,44424.353,19660.487,44351.168,20111.633,44547.434,451.14600000000064,196.26600000000326,0.05553259271702398,0.005305688375405106,19528.415,44064.256,22209.554,44693.249,19528.415,44064.256,22209.554,44693.249,COARSE (n = 5),COARSE (n = 5)
cpu4,plonk,14,1-5,witness_ms,5,5,18.753,43.216,18.534,42.224,19.383,43.281,0.8490000000000002,1.0570000000000022,0.08087868910196672,0.018021353318718798,16.874,42.212,21.111,44.026,16.874,42.212,21.111,44.026,COARSE (n = 5),COARSE (n = 5)
cpu4,plonk,15,1-5,input_ms,5,5,111.103,263.703,100.757,260.412,113.114,267.174,12.357,6.7620000000000005,0.06433401061769319,0.01893014082113115,100.347,257.322,114.811,269.708,100.347,257.322,114.811,269.708,COARSE (n = 5),COARSE (n = 5)
cpu4,plonk,15,1-5,prove_ms,5,5,19734.895,44102.236,19643.551,44090.215,19879.637,44592.418,236.08599999999933,502.20300000000134,0.056249391453293426,0.00642841000679881,19515.104,44076.525,22216.288,44625.303,19515.104,44076.525,22216.288,44625.303,COARSE (n = 5),COARSE (n = 5)
cpu4,plonk,15,1-5,stage_sum_ms,5,5,19869.029,44427.116,19784.737,44416.583,20015.958,44920.24,231.22099999999773,503.65699999999924,0.05590287833095363,0.006569624977872929,19661.632,44395.504,22358.752,44973.424,19661.632,44395.504,22358.752,44973.424,COARSE (n = 5),COARSE (n = 5)
cpu4,plonk,15,1-5,verify_first_ms,5,5,7.764,12.624,7.753,11.733,8.319,13.071,0.5660000000000007,1.3379999999999992,0.14103088964636795,0.0659906404055416,7.689,11.549,10.468,13.439,7.689,11.549,10.468,13.439,COARSE (n = 5),COARSE (n = 5)
cpu4,plonk,15,1-5,verify_steady_ms,5,5,7.209,11.1,7.146,10.863,7.271,11.276,0.125,0.41300000000000026,0.01441627474595685,0.02066212003637222,7.081,10.806,7.347,11.301,7.081,10.806,7.347,11.301,COARSE (n = 5),COARSE (n = 5)
cpu4,plonk,15,1-5,wall_ms,5,5,19869.055,44427.196,19784.761,44416.654,20015.982,44920.611,231.22100000000137,503.9569999999949,0.05590282012932003,0.00657133844161653,19661.659,44395.577,22358.778,44973.509,19661.659,44395.577,22358.778,44973.509,COARSE (n = 5),COARSE (n = 5)
cpu4,plonk,15,1-5,witness_ms,5,5,23.964,50.109,20.893,49.227,25.058,51.844,4.164999999999999,2.6170000000000044,0.13725039192315946,0.1308157104137144,20.308,48.914,28.286,65.342,20.308,48.914,28.286,65.342,COARSE (n = 5),COARSE (n = 5)
cpu8,groth16,5,1-10,input_ms,10,10,0.7665,0.736,0.74325,0.718,0.8495,0.7575000000000001,0.10625000000000007,0.03950000000000009,1.2365566763449325,0.11700519745328071,0.537,0.544,6.552,0.873,0.7190000000000001,0.7155,1.754,0.7929999999999999,n = 10,n = 10
cpu8,groth16,5,1-10,prove_ms,10,10,104.11,150.3625,102.99225,148.369,105.65950000000001,152.57325,2.66725000000001,4.204250000000002,0.026495359960014436,0.03267029207437051,101.698,144.448,110.457,162.613,102.721,147.838,106.4685,153.163,n = 10,n = 10
cpu8,groth16,5,1-10,stage_sum_ms,10,10,126.1905,190.6205,123.8235,189.19675,129.24325,194.58075,5.419749999999993,5.383999999999986,0.026293962381818185,0.029985356018626032,121.374,182.373,131.273,202.687,123.724,188.2895,129.5335,196.0735,n = 10,n = 10
cpu8,groth16,5,1-10,verify_first_ms,10,10,6.3614999999999995,10.7295,6.23175,10.551,6.46325,10.995249999999999,0.23150000000000048,0.4442499999999985,0.12447483498335657,0.08183457242423853,5.802,9.734,8.756,12.885,6.196,10.382000000000001,6.5344999999999995,11.4345,n = 10,n = 10
cpu8,groth16,5,1-10,verify_steady_ms,10,10,6.031499999999999,10.0545,5.84,9.894,6.26675,10.316500000000001,0.4267500000000002,0.4225000000000012,0.06978054016793145,0.056881843933901416,5.76,9.604,7.174,11.358,5.804,9.7545,6.331,10.6655,n = 10,n = 10
cpu8,groth16,5,1-10,wall_ms,10,10,126.211,190.676,123.842,189.2485,129.266,194.63725,5.423999999999992,5.3887499999999875,0.02629741162844555,0.02998249604066039,121.393,182.423,131.293,202.74,123.743,188.54915000000003,129.5525,196.12650000000002,n = 10,n = 10
cpu8,groth16,5,1-10,witness_ms,10,10,13.2025,28.2845,12.716000000000001,27.98675,13.78325,29.8245,1.0672499999999996,1.8377499999999998,0.0910965700542357,0.06763495163975178,12.561,27.464,16.088,32.644,12.676,27.7915,14.6495,30.6095,n = 10,n = 10
cpu8,groth16,5,1-5,input_ms,5,5,0.794,0.721,0.773,0.717,0.868,0.725,0.09499999999999997,0.008000000000000007,1.3239418098866704,0.025822958933584925,0.74,0.706,6.552,0.756,0.74,0.706,6.552,0.756,COARSE (n = 5),COARSE (n = 5)
cpu8,groth16,5,1-5,prove_ms,5,5,103.902,147.838,102.175,146.992,106.033,150.443,3.858000000000004,3.451000000000022,0.03399677920463625,0.04731519859388028,101.698,144.448,110.457,162.613,101.698,144.448,110.457,162.613,COARSE (n = 5),COARSE (n = 5)
cpu8,groth16,5,1-5,stage_sum_ms,5,5,128.815,189.613,123.724,186.966,129.386,190.034,5.661999999999992,3.0679999999999836,0.03286566302293925,0.039659800235226444,121.374,182.373,131.273,202.687,121.374,182.373,131.273,202.687,COARSE (n = 5),COARSE (n = 5)
cpu8,groth16,5,1-5,verify_first_ms,5,5,6.396,10.609,6.327,10.608,6.41,10.85,0.08300000000000018,0.2419999999999991,0.02356522066395294,0.046667393026598586,6.261,9.734,6.659,11.008,6.261,9.734,6.659,11.008,COARSE (n = 5),COARSE (n = 5)
cpu8,groth16,5,1-5,verify_steady_ms,5,5,6.056,9.893,5.804,9.612,6.074,10.329,0.2699999999999996,0.7170000000000005,0.03834305143016679,0.07207299803409342,5.764,9.604,6.331,11.358,5.764,9.604,6.331,11.358,COARSE (n = 5),COARSE (n = 5)
cpu8,groth16,5,1-5,wall_ms,5,5,128.837,189.664,123.743,187.017,129.409,190.092,5.665999999999997,3.075000000000017,0.032869749524284037,0.039654162700534706,121.393,182.423,131.293,202.74,121.393,182.423,131.293,202.74,COARSE (n = 5),COARSE (n = 5)
cpu8,groth16,5,1-5,witness_ms,5,5,13.384,28.311,12.676,28.258,13.76,28.644,1.0839999999999996,0.38599999999999923,0.10336578173579392,0.03536420279980628,12.617,27.474,16.088,30.218,12.617,27.474,16.088,30.218,COARSE (n = 5),COARSE (n = 5)
cpu8,groth16,6,1-10,input_ms,10,10,0.791,0.835,0.7495,0.80825,0.834,0.856,0.08449999999999991,0.04774999999999996,0.10351722561657689,0.1068228818935388,0.643,0.616,0.89,0.95,0.7075,0.806,0.84,0.883,n = 10,n = 10
cpu8,groth16,6,1-10,prove_ms,10,10,111.91900000000001,159.9425,110.24875,156.7065,112.38550000000001,162.735,2.1367500000000064,6.028500000000008,0.014665969921764936,0.02791200756627768,109.354,152.403,114.761,164.804,110.118,156.0965,112.4,163.31,n = 10,n = 10
cpu8,groth16,6,1-10,stage_sum_ms,10,10,132.31150000000002,199.483,131.705,196.16025000000002,133.0085,202.389,1.3034999999999854,6.228749999999991,0.010891472612054946,0.0234153501012796,129.771,191.294,135.101,204.636,131.4355,195.175,133.136,202.76,n = 10,n = 10
cpu8,groth16,6,1-10,verify_first_ms,10,10,6.3045,10.4195,6.26975,10.27625,6.56375,10.603,0.2939999999999996,0.32675000000000054,0.04094372170582138,0.04236549466334396,6.1,9.631,6.891,11.033,6.2585,10.005500000000001,6.62,10.663,n = 10,n = 10
cpu8,groth16,6,1-10,verify_steady_ms,10,10,5.910500000000001,9.834499999999998,5.78425,9.692250000000001,6.09975,9.8795,0.3155000000000001,0.1872499999999988,0.030582447549819564,0.02091607289922553,5.709,9.544,6.213,10.164,5.771,9.662,6.151,9.996500000000001,n = 10,n = 10
cpu8,groth16,6,1-10,wall_ms,10,10,132.3265,199.53050000000002,131.71949999999998,196.21175,133.02225,202.43550000000002,1.3027500000000316,6.223750000000024,0.01089353963388679,0.02340353931263015,129.785,191.342,135.118,204.681,131.45100000000002,195.223,133.15,202.806,n = 10,n = 10
cpu8,groth16,6,1-10,witness_ms,10,10,13.401,28.384,13.221499999999999,27.6795,13.756,29.1485,0.5345000000000013,1.4689999999999976,0.043364375226232175,0.03237098781263915,12.83,27.249,14.836,29.856,13.178,27.547,13.954,29.293,n = 10,n = 10
cpu8,groth16,6,1-5,input_ms,5,5,0.84,0.815,0.816,0.806,0.854,0.833,0.038000000000000034,0.026999999999999913,0.11918529903329736,0.02470823724129204,0.643,0.801,0.89,0.85,0.643,0.801,0.89,0.85,COARSE (n = 5),COARSE (n = 5)
cpu8,groth16,6,1-5,prove_ms,5,5,110.118,156.591,109.663,152.923,110.641,160.615,0.9780000000000086,7.692000000000007,0.008230904893279054,0.03029162504057421,109.354,152.403,111.659,163.31,109.354,152.403,111.659,163.31,COARSE (n = 5),COARSE (n = 5)
cpu8,groth16,6,1-5,stage_sum_ms,5,5,131.656,198.313,131.019,192.449,131.852,200.653,0.8329999999999984,8.20399999999998,0.007126272718084129,0.027503158742678245,129.771,191.294,132.109,204.082,129.771,191.294,132.109,204.082,COARSE (n = 5),COARSE (n = 5)
cpu8,groth16,6,1-5,verify_first_ms,5,5,6.317,10.663,6.275,10.419,6.813,10.719,0.5379999999999994,0.29999999999999893,0.048668821690686426,0.05043104351428237,6.242,9.631,6.891,11.033,6.242,9.631,6.891,11.033,COARSE (n = 5),COARSE (n = 5)
cpu8,groth16,6,1-5,verify_steady_ms,5,5,5.824,9.662,5.771,9.566,5.905,9.854,0.13400000000000034,0.2879999999999985,0.02698626620791655,0.024494630649903166,5.771,9.544,6.151,10.115,5.771,9.544,6.151,10.115,COARSE (n = 5),COARSE (n = 5)
cpu8,groth16,6,1-5,wall_ms,5,5,131.671,198.36,131.037,192.498,131.865,200.701,0.828000000000003,8.203000000000003,0.0071212770164619885,0.027493562364671452,129.785,191.342,132.122,204.129,129.785,191.342,132.122,204.129,COARSE (n = 5),COARSE (n = 5)
cpu8,groth16,6,1-5,witness_ms,5,5,13.309,29.203,13.289,28.306,13.761,29.601,0.47199999999999953,1.2949999999999982,0.04991544733496501,0.03488220438766103,13.199,27.413,14.836,29.856,13.199,27.413,14.836,29.856,COARSE (n = 5),COARSE (n = 5)
cpu8,groth16,7,1-10,input_ms,10,10,0.9285,1.1475,0.81725,1.01475,1.34,1.1744999999999999,0.52275,0.15974999999999984,0.8159736104583967,0.20821967094490254,0.739,0.866,3.924,1.681,0.799,0.943,2.4945,1.2395,n = 10,n = 10
cpu8,groth16,7,1-10,prove_ms,10,10,121.194,171.293,119.67125,168.6615,122.47825,174.65725,2.807000000000002,5.995750000000015,0.03758577950302836,0.027359416960987336,116.686,163.429,133.431,179.236,119.155,168.376,122.63749999999999,175.465,n = 10,n = 10
cpu8,groth16,7,1-10,stage_sum_ms,10,10,141.78250000000003,212.753,140.20299999999997,208.093,145.42425,215.7745,5.221250000000026,7.6815,0.03900168792215343,0.026757859404169464,139.343,206.257,157.358,221.907,139.932,206.813,146.289,217.44,n = 10,n = 10
cpu8,groth16,7,1-10,verify_first_ms,10,10,6.34,10.661999999999999,6.2275,10.41925,6.635,10.967500000000001,0.40749999999999975,0.5482500000000012,0.1259532868574859,0.0465057359133211,6.063,10.196,8.828,11.721,6.22,10.359,6.95,11.1735,n = 10,n = 10
cpu8,groth16,7,1-10,verify_steady_ms,10,10,6.024,9.972000000000001,5.873,9.862,6.03875,10.073250000000002,0.16575000000000006,0.2112500000000015,0.09494172593720177,0.04605078538347481,5.697,9.316,7.737,11.128,5.832,9.831,6.162,10.129000000000001,n = 10,n = 10
cpu8,groth16,7,1-10,wall_ms,10,10,141.7985,212.8025,140.2265,208.13975,145.44150000000002,215.821,5.215000000000032,7.681250000000006,0.03900034697377681,0.026755488255795032,139.356,206.306,157.375,221.96,139.958,206.859,146.307,217.4885,n = 10,n = 10
cpu8,groth16,7,1-10,witness_ms,10,10,14.057,28.808999999999997,13.30775,28.0775,14.42175,30.602999999999998,1.113999999999999,2.5254999999999974,0.06904019759804482,0.07885325360192433,12.294,26.417,15.75,34.231,13.239,27.7845,14.442,30.996000000000002,n = 10,n = 10
cpu8,groth16,7,1-5,input_ms,5,5,0.942,1.138,0.915,1.017,1.401,1.322,0.486,0.30500000000000016,0.8201076479569271,0.2263446959065436,0.758,1.014,3.832,1.681,0.758,1.014,3.832,1.681,COARSE (n = 5),COARSE (n = 5)
cpu8,groth16,7,1-5,prove_ms,5,5,119.38,169.518,117.765,168.376,120.545,170.219,2.780000000000001,1.8429999999999893,0.021185577426934638,0.03366823096624051,116.686,163.429,123.189,179.236,116.686,163.429,123.189,179.236,COARSE (n = 5),COARSE (n = 5)
cpu8,groth16,7,1-5,stage_sum_ms,5,5,139.932,211.933,139.66,206.583,141.016,213.131,1.3559999999999945,6.548000000000002,0.019637465157001172,0.029412397560707626,139.343,206.257,146.026,221.582,139.343,206.257,146.026,221.582,COARSE (n = 5),COARSE (n = 5)
cpu8,groth16,7,1-5,verify_first_ms,5,5,6.406,10.912,6.274,10.596,6.509,10.986,0.23500000000000032,0.39000000000000057,0.07813107883489788,0.03526449254220841,6.063,10.447,7.391,11.435,6.063,10.447,7.391,11.435,COARSE (n = 5),COARSE (n = 5)
cpu8,groth16,7,1-5,verify_steady_ms,5,5,5.996,10.038,5.779,9.831,6.292,10.272,0.5129999999999999,0.4410000000000007,0.13262095946613014,0.0658587257547689,5.697,9.316,7.737,11.128,5.697,9.316,7.737,11.128,COARSE (n = 5),COARSE (n = 5)
cpu8,groth16,7,1-5,wall_ms,5,5,139.958,211.982,139.674,206.632,141.032,213.178,1.358000000000004,6.545999999999992,0.019638690184786124,0.02940518646340491,139.356,206.306,146.044,221.631,139.356,206.306,146.044,221.631,COARSE (n = 5),COARSE (n = 5)
cpu8,groth16,7,1-5,witness_ms,5,5,13.96,30.297,13.009,29.046,14.154,30.705,1.1449999999999996,1.658999999999999,0.06693902014162853,0.06860159621404559,12.294,26.417,14.504,31.695,12.294,26.417,14.504,31.695,COARSE (n = 5),COARSE (n = 5)
cpu8,groth16,8,1-10,input_ms,10,10,1.1945000000000001,1.7690000000000001,1.12775,1.5899999999999999,1.42575,1.8792499999999999,0.29800000000000004,0.28925,0.777861437091591,0.1559388603972486,1.015,1.437,5.291,2.403,1.104,1.5665,1.596,1.908,n = 10,n = 10
cpu8,groth16,8,1-10,prove_ms,10,10,142.1515,194.846,141.42375,192.66325,144.215,197.82925,2.791249999999991,5.165999999999997,0.01645918748717786,0.028514257228442405,138.392,187.412,145.044,205.738,140.1445,192.43,144.33,200.75037499999996,n = 10,n = 10
cpu8,groth16,8,1-10,stage_sum_ms,10,10,165.76999999999998,236.199,161.75375,234.173,166.3545,242.8195,4.600750000000005,8.646500000000003,0.021084958968735277,0.022103708168782852,159.264,232.384,169.946,246.596,160.974,233.651,166.45350000000002,244.168,n = 10,n = 10
cpu8,groth16,8,1-10,verify_first_ms,10,10,6.092499999999999,10.436,6.04175,10.203,6.61525,10.655750000000001,0.5734999999999992,0.45275000000000176,0.28674620046081745,0.06486866529600102,5.856,9.632,12.309,11.817,5.9925,10.1615,6.774,11.083,n = 10,n = 10
cpu8,groth16,8,1-10,verify_steady_ms,10,10,6.1545000000000005,10.3335,6.0329999999999995,10.11475,6.23675,10.48475,0.20375000000000032,0.3699999999999992,0.03517748130439616,0.04015784446520517,5.905,9.848,6.583,11.368,6.015000000000001,10.052,6.3375,10.519,n = 10,n = 10
cpu8,groth16,8,1-10,wall_ms,10,10,165.78750000000002,236.2535,161.76975,234.2195,166.37125,242.8755,4.601500000000016,8.655999999999977,0.021085866502945187,0.02209374046180777,159.28,232.434,169.963,246.644,160.99,233.698,166.471,244.226,n = 10,n = 10
cpu8,groth16,8,1-10,witness_ms,10,10,13.751999999999999,29.5745,13.48475,28.517,14.00475,31.49625,0.5199999999999996,2.9792500000000004,0.0411241998290296,0.07126675562463679,12.65,26.631,14.423,32.568,13.187999999999999,27.811,14.016,31.636,n = 10,n = 10
cpu8,groth16,8,1-5,input_ms,5,5,1.219,1.793,1.117,1.745,1.404,1.793,0.2869999999999999,0.04799999999999982,0.9107039489880799,0.1027541721650476,1.048,1.437,5.291,1.913,1.048,1.437,5.291,1.913,COARSE (n = 5),COARSE (n = 5)
cpu8,groth16,8,1-5,prove_ms,5,5,141.347,193.363,138.635,192.2,141.654,195.76,3.0190000000000055,3.5600000000000023,0.016251290301043452,0.019738408950077717,138.392,187.412,143.87,197.335,138.392,187.412,143.87,197.335,COARSE (n = 5),COARSE (n = 5)
cpu8,groth16,8,1-5,stage_sum_ms,5,5,161.603,236.114,159.742,232.574,166.435,236.284,6.693000000000012,3.7099999999999795,0.028340740961823728,0.011565824603495716,159.264,232.384,169.946,238.774,159.264,232.384,169.946,238.774,COARSE (n = 5),COARSE (n = 5)
cpu8,groth16,8,1-5,verify_first_ms,5,5,6.098,10.49,5.917,10.051,6.139,10.711,0.22200000000000042,0.6600000000000001,0.3886198210224261,0.07832284305413953,5.856,9.632,12.309,11.817,5.856,9.632,12.309,11.817,COARSE (n = 5),COARSE (n = 5)
cpu8,groth16,8,1-5,verify_steady_ms,5,5,6.072,10.358,6.02,10.303,6.194,10.519,0.17400000000000038,0.2159999999999993,0.04039344788105763,0.026721618805799065,5.958,9.848,6.583,10.52,5.958,9.848,6.583,10.52,COARSE (n = 5),COARSE (n = 5)
cpu8,groth16,8,1-5,wall_ms,5,5,161.619,236.162,159.758,232.636,166.451,236.345,6.692999999999984,3.709000000000003,0.02834009468491268,0.011554614831302105,159.28,232.434,169.963,238.824,159.28,232.434,169.963,238.824,COARSE (n = 5),COARSE (n = 5)
cpu8,groth16,8,1-5,witness_ms,5,5,13.613,31.077,12.763,26.763,13.699,31.636,0.9359999999999999,4.8729999999999976,0.04451861731780768,0.09498468389693124,12.65,26.631,13.971,32.568,12.65,26.631,13.971,32.568,COARSE (n = 5),COARSE (n = 5)
cpu8,groth16,9,1-10,input_ms,10,10,1.9705,3.0715000000000003,1.87025,2.9195,2.19425,3.11675,0.32399999999999984,0.19724999999999993,0.1346592953559225,0.06871869436727625,1.685,2.677,2.459,3.454,1.7930000000000001,2.886,2.2625,3.153,n = 10,n = 10
cpu8,groth16,9,1-10,prove_ms,10,10,148.50799999999998,205.192,147.074,200.6905,151.3965,208.861,4.322499999999991,8.170500000000004,0.016719428836129258,0.03279118017564477,146.274,191.731,152.804,214.537,146.798,200.206,151.815,209.556,n = 10,n = 10
cpu8,groth16,9,1-10,stage_sum_ms,10,10,170.6945,249.163,168.89249999999998,246.3855,173.2575,253.2825,4.365000000000009,6.896999999999991,0.015448443770570058,0.02626217399795968,167.815,234.409,174.894,256.814,168.391,245.603,173.995,254.181,n = 10,n = 10
cpu8,groth16,9,1-10,verify_first_ms,10,10,5.971500000000001,9.9685,5.859,9.723749999999999,6.0615000000000006,10.309000000000001,0.20250000000000057,0.585250000000002,0.027471337751761592,0.03309523027446663,5.827,9.528,6.36,10.377,5.848,9.717500000000001,6.07,10.335,n = 10,n = 10
cpu8,groth16,9,1-10,verify_steady_ms,10,10,6.0235,10.0025,5.8805,9.870999999999999,6.1565,10.2715,0.2760000000000007,0.40050000000000097,0.04390862963439873,0.028382356629718507,5.687,9.548,6.53,10.499,5.7935,9.847,6.2245,10.292,n = 10,n = 10
cpu8,groth16,9,1-10,wall_ms,10,10,170.7115,249.214,168.9105,246.4565,173.27375,253.328,4.363249999999994,6.8714999999999975,0.015454514907520703,0.0262482828374914,167.83,234.455,174.919,256.861,168.41,245.663,174.011,254.227,n = 10,n = 10
cpu8,groth16,9,1-10,witness_ms,10,10,14.056000000000001,30.33,13.971,29.853,14.2915,32.35125,0.3204999999999991,2.4982499999999987,0.047193778824166796,0.07594409957581091,12.476,27.53,14.678,35.317,13.549,29.4525,14.321,32.762,n = 10,n = 10
cpu8,groth16,9,1-5,input_ms,5,5,2.096,2.886,1.991,2.874,2.227,3.194,0.23599999999999977,0.31999999999999984,0.10740815521724364,0.10155569698072967,1.864,2.677,2.459,3.454,1.864,2.677,2.459,3.454,COARSE (n = 5),COARSE (n = 5)
cpu8,groth16,9,1-5,prove_ms,5,5,146.798,202.144,146.533,199.263,148.082,203.282,1.5490000000000066,4.0190000000000055,0.01083366174620636,0.03185314594064123,146.274,191.731,150.141,209.298,146.274,191.731,150.141,209.298,COARSE (n = 5),COARSE (n = 5)
cpu8,groth16,9,1-5,stage_sum_ms,5,5,168.391,245.971,168.382,243.577,170.397,247.629,2.0149999999999864,4.0519999999999925,0.0075281061374449995,0.023992472793758712,167.815,234.409,170.56,249.313,167.815,234.409,170.56,249.313,COARSE (n = 5),COARSE (n = 5)
cpu8,groth16,9,1-5,verify_first_ms,5,5,5.862,9.718,5.834,9.628,5.916,9.741,0.08200000000000074,0.11299999999999955,0.017071272873269403,0.0111936117085618,5.827,9.528,6.071,9.807,5.827,9.528,6.071,9.807,COARSE (n = 5),COARSE (n = 5)
cpu8,groth16,9,1-5,verify_steady_ms,5,5,5.988,9.997,5.874,9.788,6.059,10.21,0.1850000000000005,0.4220000000000006,0.030178164169371562,0.030645195672624692,5.687,9.548,6.152,10.292,5.687,9.548,6.152,10.292,COARSE (n = 5),COARSE (n = 5)
cpu8,groth16,9,1-5,wall_ms,5,5,168.41,246.043,168.4,243.629,170.412,247.697,2.0120000000000005,4.068000000000012,0.007523191379785473,0.024010324972854467,167.83,234.455,170.576,249.362,167.83,234.455,170.576,249.362,COARSE (n = 5),COARSE (n = 5)
cpu8,groth16,9,1-5,witness_ms,5,5,13.948,30.176,13.058,30.084,14.04,31.119,0.9819999999999993,1.0350000000000001,0.05276113301333062,0.06268172765760727,12.476,27.53,14.046,32.762,12.476,27.53,14.046,32.762,COARSE (n = 5),COARSE (n = 5)
cpu8,groth16,10,1-10,input_ms,10,10,2.8899999999999997,5.253,2.7215000000000003,5.0832500000000005,3.0774999999999997,5.5295000000000005,0.35599999999999943,0.44625000000000004,0.20647315208407033,0.061562288334611776,2.633,4.935,4.762,5.91,2.707,5.07,3.1710000000000003,5.627000000000001,n = 10,n = 10
cpu8,groth16,10,1-10,prove_ms,10,10,156.8845,213.643,155.81975,209.611,157.7735,220.00225,1.9537500000000136,10.391250000000014,0.011599825530896151,0.032951937105676,154.238,201.458,160.616,223.11,155.51,209.07557500000001,157.907,220.749,n = 10,n = 10
cpu8,groth16,10,1-10,stage_sum_ms,10,10,180.786,260.3965,178.50375,254.429,182.182,266.6735,3.6782499999999914,12.244499999999988,0.015254038726296357,0.03403143624221681,177.211,245.026,186.129,273.147,177.896,253.77,182.563,268.145,n = 10,n = 10
cpu8,groth16,10,1-10,verify_first_ms,10,10,5.9435,10.021,5.80125,9.784,6.06825,10.41775,0.26700000000000035,0.6337499999999991,0.032429691152267064,0.03535323254666222,5.748,9.662,6.359,10.621,5.771,9.756,6.082,10.442,n = 10,n = 10
cpu8,groth16,10,1-10,verify_steady_ms,10,10,5.9205000000000005,9.995000000000001,5.8175,9.663,6.00725,10.26525,0.18975000000000009,0.6022499999999997,0.03960375827365513,0.032697712047175906,5.726,9.569,6.562,10.421,5.797,9.629,6.041,10.331,n = 10,n = 10
cpu8,groth16,10,1-10,wall_ms,10,10,180.803,260.4475,178.5215,254.474,182.20325000000003,266.72425000000004,3.6817500000000223,12.250250000000051,0.015253042492788901,0.034031783275329595,177.228,245.072,186.145,273.196,177.914,253.815,182.586,268.19500000000005,n = 10,n = 10
cpu8,groth16,10,1-10,witness_ms,10,10,14.8055,30.8455,13.8065,29.081,15.38875,33.3075,1.5822500000000002,4.226499999999998,0.06963759208626094,0.08490994732813041,13.639,28.046,16.772,36.22,13.718,28.886,15.455,33.663,n = 10,n = 10
cpu8,groth16,10,1-5,input_ms,5,5,2.84,5.07,2.712,5.021,2.94,5.123,0.22799999999999976,0.10200000000000031,0.048800266078759584,0.030829816439218505,2.664,4.935,2.98,5.353,2.664,4.935,2.98,5.353,COARSE (n = 5),COARSE (n = 5)
cpu8,groth16,10,1-5,prove_ms,5,5,155.51,209.078,154.791,206.752,156.954,213.137,2.163000000000011,6.384999999999991,0.00977195456249456,0.024586286404830526,154.238,201.458,157.907,214.149,154.238,201.458,157.907,214.149,COARSE (n = 5),COARSE (n = 5)
cpu8,groth16,10,1-5,stage_sum_ms,5,5,177.896,253.77,177.531,253.708,180.696,256.406,3.164999999999992,2.6980000000000075,0.010021271160164283,0.021419603672248266,177.211,245.026,180.876,259.664,177.211,245.026,180.876,259.664,COARSE (n = 5),COARSE (n = 5)
cpu8,groth16,10,1-5,verify_first_ms,5,5,5.892,10.153,5.767,9.889,6.082,10.496,0.3149999999999995,0.6070000000000011,0.04274443850283626,0.03672702642241698,5.748,9.756,6.359,10.621,5.748,9.756,6.359,10.621,COARSE (n = 5),COARSE (n = 5)
cpu8,groth16,10,1-5,verify_steady_ms,5,5,5.797,10.331,5.788,9.765,5.931,10.371,0.1429999999999998,0.6059999999999999,0.024761746585026573,0.0391284144607704,5.726,9.569,6.089,10.421,5.726,9.569,6.089,10.421,COARSE (n = 5),COARSE (n = 5)
cpu8,groth16,10,1-5,wall_ms,5,5,177.914,253.815,177.548,253.755,180.715,256.451,3.1670000000000016,2.6960000000000264,0.010019292300984806,0.02141630061160804,177.228,245.072,180.891,259.711,177.228,245.072,180.891,259.711,COARSE (n = 5),COARSE (n = 5)
cpu8,groth16,10,1-5,witness_ms,5,5,13.718,28.886,13.692,28.743,14.586,29.666,0.8940000000000001,0.9230000000000018,0.04901352643409992,0.0551607648122772,13.639,28.046,15.19,32.241,13.639,28.046,15.19,32.241,COARSE (n = 5),COARSE (n = 5)
cpu8,groth16,11,1-10,input_ms,10,10,6.809,12.538499999999999,5.90325,12.244499999999999,7.093249999999999,12.796000000000001,1.1899999999999995,0.5515000000000025,0.1063847689193454,0.0660329137770479,5.627,10.532,7.457,13.773,5.83,12.229,7.1835,12.888,n = 10,n = 10
cpu8,groth16,11,1-10,prove_ms,10,10,164.539,220.73250000000002,162.76,218.553,166.46825,224.15775000000002,3.708250000000021,5.604750000000024,0.015209812761330328,0.02267617386717084,160.566,214.534,168.123,230.89,162.4455,218.285,166.619,225.10950000000003,n = 10,n = 10
cpu8,groth16,11,1-10,stage_sum_ms,10,10,191.7135,273.2955,190.2175,270.83,194.38925,276.4435,4.171750000000003,5.613499999999988,0.018406324054021032,0.020873130632209472,186.395,265.054,198.343,284.815,189.6485,270.387,194.863,278.06600000000003,n = 10,n = 10
cpu8,groth16,11,1-10,verify_first_ms,10,10,6.03,9.8095,5.80675,9.66325,6.111,9.873249999999999,0.3042499999999997,0.20999999999999908,0.16415876531510865,0.033129072074000517,5.724,9.512,9.034,10.689,5.767,9.658,6.7425,9.925999999999998,n = 10,n = 10
cpu8,groth16,11,1-10,verify_steady_ms,10,10,6.042999999999999,10.196,5.994,9.69075,6.165,10.3475,0.17100000000000026,0.6567500000000006,0.08306011239913338,0.03940539180355935,5.851,9.622,7.635,10.696,5.984,9.652,6.199,10.435500000000001,n = 10,n = 10
cpu8,groth16,11,1-10,wall_ms,10,10,191.7355,273.345,190.23775,270.8795,194.41125,276.499,4.17349999999999,5.619500000000016,0.018406496908944525,0.02087433955418597,186.414,265.103,198.363,284.867,189.67000000000002,270.436,194.885,278.122,n = 10,n = 10
cpu8,groth16,11,1-10,witness_ms,10,10,14.09,29.9955,13.92475,28.822,15.55875,31.001250000000002,1.6340000000000003,2.1792500000000032,0.08661648098706946,0.045771370848521974,13.416,27.938,17.321,31.858,13.8635,28.584,15.942,31.296,n = 10,n = 10
cpu8,groth16,11,1-5,input_ms,5,5,7.055,12.498,6.689,12.291,7.106,12.775,0.4169999999999998,0.484,0.07347654437176444,0.026102431081241252,6.123,12.224,7.457,13.001,6.123,12.224,7.457,13.001,COARSE (n = 5),COARSE (n = 5)
cpu8,groth16,11,1-5,prove_ms,5,5,162.463,219.647,161.24,219.357,163.651,223.251,2.4110000000000014,3.8940000000000055,0.008949573932332132,0.01766693019153895,160.566,214.534,163.875,224.46,160.566,214.534,163.875,224.46,COARSE (n = 5),COARSE (n = 5)
cpu8,groth16,11,1-5,stage_sum_ms,5,5,190.059,270.387,188.604,269.526,190.693,275.074,2.0889999999999986,5.548000000000002,0.009735542756102524,0.017337693747839146,186.395,265.054,190.765,276.9,186.395,265.054,190.765,276.9,COARSE (n = 5),COARSE (n = 5)
cpu8,groth16,11,1-5,verify_first_ms,5,5,5.767,9.658,5.747,9.642,5.926,9.776,0.17900000000000027,0.13400000000000034,0.02834895799100936,0.019198460388284346,5.724,9.512,6.117,10.008,5.724,9.512,6.117,10.008,COARSE (n = 5),COARSE (n = 5)
cpu8,groth16,11,1-5,verify_steady_ms,5,5,5.984,10.18,5.956,9.807,6.06,10.313,0.1039999999999992,0.5060000000000002,0.02179010314620279,0.03236006324675718,5.851,9.622,6.203,10.359,5.851,9.622,6.203,10.359,COARSE (n = 5),COARSE (n = 5)
cpu8,groth16,11,1-5,wall_ms,5,5,190.078,270.436,188.623,269.575,190.717,275.134,2.0940000000000225,5.559000000000026,0.009741571770031333,0.017347694284189807,186.414,265.103,190.786,276.954,186.414,265.103,190.786,276.954,COARSE (n = 5),COARSE (n = 5)
cpu8,groth16,11,1-5,witness_ms,5,5,13.901,28.584,13.731,28.453,13.996,29.536,0.26500000000000057,1.083000000000002,0.07112160433843018,0.026977761007601554,13.416,27.938,15.965,29.796,13.416,27.938,15.965,29.796,COARSE (n = 5),COARSE (n = 5)
cpu8,groth16,12,1-10,input_ms,10,10,15.0395,34.262,10.3885,19.695,15.862,34.50075,5.4735,14.805749999999996,0.25322756849955114,0.2719822703176713,8.804,19.195,17.718,35.002,8.948,19.535,16.302,34.583,n = 10,n = 10
cpu8,groth16,12,1-10,prove_ms,10,10,172.32150000000001,231.82150000000001,171.1435,228.32274999999998,173.71675,236.016,2.5732500000000016,7.693250000000006,0.013014650930009008,0.021369767314661246,170.462,224.55,178.151,238.823,170.982,227.67,173.918,236.308,n = 10,n = 10
cpu8,groth16,12,1-10,stage_sum_ms,10,10,211.43099999999998,312.3075,202.4095,297.82175,213.767,317.42325,11.357499999999987,19.601499999999987,0.03506662530718097,0.04632884139356316,199.837,287.315,220.744,330.923,200.663,295.624,214.839,318.917,n = 10,n = 10
cpu8,groth16,12,1-10,verify_first_ms,10,10,5.984,10.0185,5.91175,9.711,6.0705,10.722750000000001,0.1587500000000004,1.011750000000001,0.028455061468183843,0.056636952195672524,5.732,9.516,6.334,11.074,5.902,9.641,6.136,10.893,n = 10,n = 10
cpu8,groth16,12,1-10,verify_steady_ms,10,10,6.04,9.7365,5.8835,9.6215,6.066,10.26225,0.1825000000000001,0.6407500000000006,0.02062045881493187,0.040610522401089894,5.828,9.394,6.174,10.517,5.877,9.5505,6.103012499999999,10.304,n = 10,n = 10
cpu8,groth16,12,1-10,wall_ms,10,10,211.45499999999998,312.37,202.4365,297.87675,213.79525,317.476,11.358750000000015,19.599249999999984,0.03506842971799433,0.04632586041092349,199.859,287.37,220.767,330.978,200.689,295.677,214.868,318.969,n = 10,n = 10
cpu8,groth16,12,1-10,witness_ms,10,10,16.7885,35.208,14.885250000000001,34.34675,19.1055,38.91675,4.220249999999998,4.57,0.1376050670615988,0.14015587572709198,14.179,33.07,20.291,49.639,14.765,34.241,19.234,40.6185,n = 10,n = 10
cpu8,groth16,12,1-5,input_ms,5,5,8.948,19.535,8.92,19.209,15.206,34.217,6.286,15.008,0.31704076037029333,0.3238076825639185,8.804,19.195,15.925,34.311,8.804,19.195,15.925,34.311,COARSE (n = 5),COARSE (n = 5)
cpu8,groth16,12,1-5,prove_ms,5,5,170.982,232.131,170.958,225.194,171.628,235.14,0.6699999999999875,9.945999999999998,0.003678921010818056,0.02435256959725767,170.462,224.55,172.069,236.735,170.462,224.55,172.069,236.735,COARSE (n = 5),COARSE (n = 5)
cpu8,groth16,12,1-5,stage_sum_ms,5,5,200.663,295.624,200.163,287.908,207.649,312.942,7.48599999999999,25.033999999999992,0.02438957984513595,0.04906838276286754,199.837,287.315,210.524,319.465,199.837,287.315,210.524,319.465,COARSE (n = 5),COARSE (n = 5)
cpu8,groth16,12,1-5,verify_first_ms,5,5,5.902,9.641,5.897,9.62,6.017,9.921,0.1200000000000001,0.30100000000000016,0.029971387159715403,0.05719703549605831,5.732,9.516,6.215,10.898,5.732,9.516,6.215,10.898,COARSE (n = 5),COARSE (n = 5)
cpu8,groth16,12,1-5,verify_steady_ms,5,5,6.021,9.798,5.877,9.665,6.059,10.137,0.18200000000000038,0.4720000000000013,0.01852557029375158,0.03726126065002228,5.828,9.394,6.068,10.312,5.828,9.394,6.068,10.312,COARSE (n = 5),COARSE (n = 5)
cpu8,groth16,12,1-5,wall_ms,5,5,200.689,295.677,200.185,287.958,207.679,312.997,7.494,25.038999999999987,0.024396195429752878,0.04907201577066272,199.859,287.37,210.549,319.528,199.859,287.37,210.549,319.528,COARSE (n = 5),COARSE (n = 5)
cpu8,groth16,12,1-5,witness_ms,5,5,14.765,34.241,14.355,33.943,15.246,34.664,0.891,0.7210000000000036,0.06525594216473912,0.04866658461877342,14.179,33.07,16.628,37.521,14.179,33.07,16.628,37.521,COARSE (n = 5),COARSE (n = 5)
cpu8,groth16,13,1-10,input_ms,10,10,30.864,75.488,26.6355,58.243,31.666,76.74925,5.0305,18.50625,0.12280201380402071,0.14663562965821716,22.255,54.208,32.273,77.216,25.546,57.496,31.786,77.009,n = 10,n = 10
cpu8,groth16,13,1-10,prove_ms,10,10,179.058,238.985,178.476,235.752,180.96925,241.97125,2.493249999999989,6.219249999999988,0.07759402628114787,0.026729070327989574,177.44,227.289,224.393,246.555,178.36450000000002,233.611,182.3275,242.8525,n = 10,n = 10
cpu8,groth16,13,1-10,stage_sum_ms,10,10,234.201,361.4615,230.04625,344.30449999999996,237.63975,367.49899999999997,7.593500000000006,23.194500000000005,0.06461333347268965,0.04476225153020932,226.171,333.807,279.804,382.355,228.964,342.74850000000004,239.066,369.019,n = 10,n = 10
cpu8,groth16,13,1-10,verify_first_ms,10,10,5.9239999999999995,9.6475,5.88225,9.61375,6.1925,9.8935,0.3102499999999999,0.27974999999999994,0.0997309991951847,0.04734591321406096,5.783,9.442,7.854,11.041,5.8705,9.5765,6.215,9.9915,n = 10,n = 10
cpu8,groth16,13,1-10,verify_steady_ms,10,10,5.8629999999999995,9.4825,5.777,9.476750000000001,6.0055,9.78725,0.22849999999999948,0.31049999999999933,0.03122162571083557,0.0643655173548868,5.717,9.455,6.303,11.295,5.769,9.474499999999999,6.012,10.099499999999999,n = 10,n = 10
cpu8,groth16,13,1-10,wall_ms,10,10,234.23000000000002,361.524,230.07175,344.37225,237.6665,367.5635,7.594750000000005,23.191249999999968,0.06460990634719962,0.04474452447858364,226.195,333.879,279.832,382.423,228.99,342.96,239.094,369.08500000000004,n = 10,n = 10
cpu8,groth16,13,1-10,witness_ms,10,10,18.988,39.0905,18.206500000000002,37.655,19.497500000000002,43.362249999999996,1.2910000000000004,5.707249999999995,0.06328508656425601,0.09414558714091241,16.365,37.065,20.062,47.75,17.942,37.532,19.573,43.913,n = 10,n = 10
cpu8,groth16,13,1-5,input_ms,5,5,30.858,75.137,24.789,56.381,31.986,75.839,7.196999999999999,19.458,0.16184233838540432,0.16560304240909599,22.255,54.208,32.273,75.97,22.255,54.208,32.273,75.97,COARSE (n = 5),COARSE (n = 5)
cpu8,groth16,13,1-5,prove_ms,5,5,178.872,239.513,178.472,238.457,179.244,242.532,0.7719999999999914,4.075000000000017,0.0072263908571148444,0.016015121599316458,177.44,235.395,180.976,245.416,177.44,235.395,180.976,245.416,COARSE (n = 5),COARSE (n = 5)
cpu8,groth16,13,1-5,stage_sum_ms,5,5,233.293,361.829,228.171,342.89,233.396,367.061,5.224999999999994,24.170999999999992,0.018726931185831328,0.04040161719832305,226.171,336.949,236.883,367.645,226.171,336.949,236.883,367.645,COARSE (n = 5),COARSE (n = 5)
cpu8,groth16,13,1-5,verify_first_ms,5,5,5.881,9.667,5.827,9.611,5.914,9.862,0.08699999999999974,0.25099999999999945,0.028736517810488374,0.01952496899065997,5.783,9.442,6.215,9.904,5.783,9.442,6.215,9.904,COARSE (n = 5),COARSE (n = 5)
cpu8,groth16,13,1-5,verify_steady_ms,5,5,5.775,9.479,5.755,9.47,5.783,9.482,0.02800000000000047,0.011999999999998678,0.02008119549472763,0.05300052043010439,5.717,9.455,6.012,10.621,5.717,9.455,6.012,10.621,COARSE (n = 5),COARSE (n = 5)
cpu8,groth16,13,1-5,wall_ms,5,5,233.317,361.895,228.195,342.96,233.425,367.127,5.230000000000018,24.16700000000003,0.018729774025240124,0.040375692470081874,226.195,337.031,236.909,367.709,226.195,337.031,236.909,367.709,COARSE (n = 5),COARSE (n = 5)
cpu8,groth16,13,1-5,witness_ms,5,5,18.007,37.628,17.079,37.328,19.617,37.736,2.5380000000000003,0.40799999999999415,0.08732539222131389,0.022866997566592683,16.365,37.065,20.062,39.281,16.365,37.065,20.062,39.281,COARSE (n = 5),COARSE (n = 5)
cpu8,groth16,14,1-10,input_ms,10,10,52.604,144.57999999999998,47.16075,124.65299999999999,53.419,146.727,6.258249999999997,22.074000000000012,0.08790495918799315,0.12812631687801007,42.085,112.998,55.313,169.781,46.719,119.904,53.887,148.125,n = 10,n = 10
cpu8,groth16,14,1-10,prove_ms,10,10,187.90249999999997,248.816,186.27325,248.02775,188.69975,252.178,2.4265000000000043,4.15025,0.008702521629810483,0.0215297571111702,184.804,237.628,189.366,256.775,185.944,246.923,188.82,253.4155,n = 10,n = 10
cpu8,groth16,14,1-10,stage_sum_ms,10,10,264.8425,447.9625,258.40275,424.954,265.94325000000003,451.022,7.540500000000009,26.067999999999984,0.022645502745595767,0.04605840982504575,249.553,407.421,268.756,470.719,257.8515,418.978,266.092,451.192,n = 10,n = 10
cpu8,groth16,14,1-10,verify_first_ms,10,10,5.955,9.6355,5.830500000000001,9.6025,6.115,9.72575,0.28449999999999953,0.12325000000000053,0.06294153763844829,0.2103394819601402,5.762,9.55,7.071,16.556,5.823,9.5945,6.128,9.874,n = 10,n = 10
cpu8,groth16,14,1-10,verify_steady_ms,10,10,5.8945,9.9185,5.85325,9.69425,6.0355,10.07725,0.1822499999999998,0.3829999999999991,0.02176610408076539,0.02665530221767326,5.799,9.655,6.158,10.396,5.849,9.688,6.0555,10.1705,n = 10,n = 10
cpu8,groth16,14,1-10,wall_ms,10,10,264.8685,448.03099999999995,258.43,425.017,265.96799999999996,451.0915,7.537999999999954,26.0745,0.022646122067444437,0.046055083569910414,249.579,407.492,268.781,470.789,257.8775,419.039,266.125,451.261,n = 10,n = 10
cpu8,groth16,14,1-10,witness_ms,10,10,17.8935,41.1965,17.1505,40.05175,18.059749999999998,42.28525,0.9092499999999966,2.2334999999999994,0.06913745888580144,0.047013778184209515,16.742,39.629,20.933,45.725,16.973,39.977,18.5875,42.929,n = 10,n = 10
cpu8,groth16,14,1-5,input_ms,5,5,46.719,119.904,45.726,115.42,53.113,138.9,7.3870000000000005,23.480000000000004,0.10882483257192693,0.11993922474622201,42.085,112.998,54.661,147.102,42.085,112.998,54.661,147.102,COARSE (n = 5),COARSE (n = 5)
cpu8,groth16,14,1-5,prove_ms,5,5,187.64,247.882,185.944,245.381,188.165,255.079,2.2210000000000036,9.698000000000008,0.00914322178502302,0.031168468978225318,184.804,237.628,189.017,256.775,184.804,237.628,189.017,256.775,COARSE (n = 5),COARSE (n = 5)
cpu8,groth16,14,1-5,stage_sum_ms,5,5,258.3,418.978,256.992,412.736,264.305,442.882,7.312999999999988,30.146000000000015,0.028269693294588713,0.044717129878135954,249.553,407.421,268.756,450.512,249.553,407.421,268.756,450.512,COARSE (n = 5),COARSE (n = 5)
cpu8,groth16,14,1-5,verify_first_ms,5,5,6.017,9.617,5.821,9.613,6.128,9.654,0.3070000000000004,0.04100000000000037,0.08608458103705298,0.282120872563133,5.762,9.576,7.071,16.556,5.762,9.576,7.071,16.556,COARSE (n = 5),COARSE (n = 5)
cpu8,groth16,14,1-5,verify_steady_ms,5,5,5.894,10.048,5.866,9.713,6.05,10.087,0.18400000000000016,0.37400000000000055,0.024657926790531158,0.03031196569895986,5.799,9.655,6.158,10.396,5.799,9.655,6.158,10.396,COARSE (n = 5),COARSE (n = 5)
cpu8,groth16,14,1-5,wall_ms,5,5,258.327,419.039,257.016,412.8,264.33,442.951,7.3139999999999645,30.15100000000001,0.02826561521460274,0.04471435510938485,249.579,407.492,268.781,450.583,249.579,407.492,268.781,450.583,COARSE (n = 5),COARSE (n = 5)
cpu8,groth16,14,1-5,witness_ms,5,5,16.973,39.977,16.901,39.78,17.683,40.276,0.782,0.4960000000000022,0.09877722441852713,0.01139591761368588,16.742,39.629,20.933,40.782,16.742,39.629,20.933,40.782,COARSE (n = 5),COARSE (n = 5)
cpu8,groth16,15,1-10,input_ms,10,10,117.31700000000001,280.99649999999997,105.58949999999999,278.226,119.015,285.0585,13.425500000000014,6.832499999999982,0.0735988460518626,0.02506154229696919,100.476,263.116,120.565,286.78,102.71,277.3265,119.255,285.819,n = 10,n = 10
cpu8,groth16,15,1-10,prove_ms,10,10,195.33249999999998,251.94549999999998,192.9895,250.3845,197.47899999999998,259.7445,4.4894999999999925,9.360000000000014,0.019407737005875933,0.027043299133377805,188.058,242.003,200.492,262.46,192.5895,248.8155,198.09199999999998,261.764,n = 10,n = 10
cpu8,groth16,15,1-10,stage_sum_ms,10,10,341.36400000000003,597.9905,329.4475,591.95325,343.86625,611.3135,14.418749999999989,19.36024999999995,0.029241757654124782,0.023745894652438003,320.469,573.114,348.988,617.647,326.979,590.6215,344.351,613.084,n = 10,n = 10
cpu8,groth16,15,1-10,verify_first_ms,10,10,6.131,9.912500000000001,5.964,9.73025,6.898999999999999,10.2655,0.9349999999999987,0.5352499999999996,0.22959248006904043,0.1680330504557793,5.791,9.543,9.92,15.443,5.9245,9.729,7.964,10.5415,n = 10,n = 10
cpu8,groth16,15,1-10,verify_steady_ms,10,10,5.994999999999999,10.121500000000001,5.80575,10.05575,6.156000000000001,10.207749999999999,0.35025000000000084,0.15199999999999925,0.038753733039504606,0.02818723512125514,5.717,9.684,6.463,10.654,5.781,9.9245,6.163,10.32,n = 10,n = 10
cpu8,groth16,15,1-10,wall_ms,10,10,341.3945,598.0615,329.4735,592.02775,343.8935,611.38625,14.420000000000016,19.35850000000005,0.02923549315458516,0.02374357203836287,320.494,573.183,349.014,617.724,327.005,590.6959999999999,344.379,613.159,n = 10,n = 10
cpu8,groth16,15,1-10,witness_ms,10,10,21.421,54.3845,20.99025,53.598749999999995,23.6615,58.695,2.6712500000000006,5.096250000000005,0.10038360724034713,0.08095629703078455,19.76,48.656,26.923,63.917,20.986,52.9165,24.334,59.487,n = 10,n = 10
cpu8,groth16,15,1-5,input_ms,5,5,102.71,281.616,100.812,279.582,118.295,285.819,17.483000000000004,6.237000000000023,0.09193163983553132,0.016410416027861505,100.476,275.071,120.565,286.179,100.476,275.071,120.565,286.179,COARSE (n = 5),COARSE (n = 5)
cpu8,groth16,15,1-5,prove_ms,5,5,192.641,251.797,191.144,250.875,194.144,253.686,3.0,2.811000000000007,0.018181325147521195,0.02801643846023267,188.058,242.003,197.5,261.764,188.058,242.003,197.5,261.764,COARSE (n = 5),COARSE (n = 5)
cpu8,groth16,15,1-5,stage_sum_ms,5,5,326.979,597.398,324.647,591.074,336.853,613.084,12.206000000000017,22.00999999999999,0.034501992144451675,0.022630531751252143,320.469,586.652,348.988,617.647,320.469,586.652,348.988,617.647,COARSE (n = 5),COARSE (n = 5)
cpu8,groth16,15,1-5,verify_first_ms,5,5,6.158,9.928,6.104,9.897,7.004,10.216,0.8999999999999995,0.31899999999999906,0.2423829414097314,0.025314312769366066,5.791,9.662,9.92,10.282,5.791,9.662,9.92,10.282,COARSE (n = 5),COARSE (n = 5)
cpu8,groth16,15,1-5,verify_steady_ms,5,5,5.88,10.222,5.759,10.067,5.986,10.475,0.22699999999999942,0.4079999999999995,0.05029426316173199,0.025593241459375648,5.717,10.052,6.463,10.654,5.717,10.052,6.463,10.654,COARSE (n = 5),COARSE (n = 5)
cpu8,groth16,15,1-5,wall_ms,5,5,327.005,597.47,324.686,591.15,336.879,613.159,12.19300000000004,22.009000000000015,0.03449382889475827,0.022626948572917728,320.494,586.731,349.014,617.724,320.494,586.731,349.014,617.724,COARSE (n = 5),COARSE (n = 5)
cpu8,groth16,15,1-5,witness_ms,5,5,24.334,59.487,21.003,54.785,24.596,60.634,3.593,5.849000000000004,0.124413649738147,0.10309245559615843,19.76,48.656,26.923,63.917,19.76,48.656,26.923,63.917,COARSE (n = 5),COARSE (n = 5)
cpu8,plonk,5,1-5,input_ms,5,5,0.772,0.709,0.663,0.707,0.78,0.728,0.11699999999999999,0.02100000000000002,0.1428517096448481,0.0898788754313165,0.639,0.672,0.908,0.844,0.639,0.672,0.908,0.844,COARSE (n = 5),COARSE (n = 5)
cpu8,plonk,5,1-5,prove_ms,5,5,9537.429,21494.312,9473.726,21406.662,9593.857,21756.179,120.1309999999994,349.5169999999998,0.013468516976061143,0.011593580331989036,9455.586,21291.39,9776.067,21894.701,9455.586,21291.39,9776.067,21894.701,COARSE (n = 5),COARSE (n = 5)
cpu8,plonk,5,1-5,stage_sum_ms,5,5,9560.432,21533.777,9495.61,21453.313,9614.865,21797.527,119.2549999999992,344.21399999999994,0.013427857662548382,0.01151178885955711,9475.732,21333.431,9797.03,21934.874,9475.732,21333.431,9797.03,21934.874,COARSE (n = 5),COARSE (n = 5)
cpu8,plonk,5,1-5,verify_first_ms,5,5,7.823,13.621,7.804,12.698,7.947,14.293,0.1429999999999998,1.5949999999999989,0.14082391516313425,0.11333102459853629,7.787,12.658,10.471,16.508,7.787,12.658,10.471,16.508,COARSE (n = 5),COARSE (n = 5)
cpu8,plonk,5,1-5,verify_steady_ms,5,5,7.297,11.308,7.283,11.192,7.316,11.308,0.032999999999999474,0.11599999999999966,0.008176098206647824,0.008285079791588063,7.176,11.18,7.322,11.405,7.176,11.18,7.322,11.405,COARSE (n = 5),COARSE (n = 5)
cpu8,plonk,5,1-5,wall_ms,5,5,9560.451,21533.83,9495.631,21453.367,9614.885,21797.58,119.25400000000081,344.2130000000034,0.013427690833939345,0.011511932887740104,9475.752,21333.484,9797.047,21934.939,9475.752,21333.484,9797.047,21934.939,COARSE (n = 5),COARSE (n = 5)
cpu8,plonk,5,1-5,witness_ms,5,5,12.352,27.018,11.752,26.096,12.432,28.676,0.6799999999999997,2.5799999999999983,0.047901794452110784,0.06619342359480987,11.72,25.035,13.154,29.415,11.72,25.035,13.154,29.415,COARSE (n = 5),COARSE (n = 5)
cpu8,plonk,6,1-5,input_ms,5,5,0.837,0.809,0.821,0.806,0.883,0.811,0.062000000000000055,0.0050000000000000044,0.054440888456603984,0.006873783163987632,0.819,0.805,0.927,0.819,0.819,0.805,0.927,0.819,COARSE (n = 5),COARSE (n = 5)
cpu8,plonk,6,1-5,prove_ms,5,5,9602.147,21675.689,9510.247,21381.149,9741.263,21759.424,231.01600000000144,378.2749999999978,0.014368904032053723,0.01206352933521062,9437.929,21270.669,9749.309,21889.97,9437.929,21270.669,9749.309,21889.97,COARSE (n = 5),COARSE (n = 5)
cpu8,plonk,6,1-5,stage_sum_ms,5,5,9623.544,21721.753,9532.244,21423.995,9762.746,21801.45,230.5019999999986,377.45500000000175,0.014354399311072776,0.012026844811945912,9459.115,21317.347,9771.455,21935.688,9459.115,21317.347,9771.455,21935.688,COARSE (n = 5),COARSE (n = 5)
cpu8,plonk,6,1-5,verify_first_ms,5,5,7.67,14.728,7.668,13.453,7.711,15.267,0.04300000000000015,1.814,0.013471564271492988,0.08610892929760605,7.609,12.605,7.882,15.466,7.609,12.605,7.882,15.466,COARSE (n = 5),COARSE (n = 5)
cpu8,plonk,6,1-5,verify_steady_ms,5,5,7.317,11.289,7.261,11.192,7.432,11.334,0.17100000000000026,0.14199999999999946,0.013585440368452304,0.02239172903171568,7.238,10.992,7.459,11.685,7.238,10.992,7.459,11.685,COARSE (n = 5),COARSE (n = 5)
cpu8,plonk,6,1-5,wall_ms,5,5,9623.559,21721.802,9532.259,21424.045,9762.76,21801.504,230.5010000000002,377.45900000000256,0.014354313871165005,0.01202696025249766,9459.132,21317.396,9771.471,21935.746,9459.132,21317.396,9771.471,21935.746,COARSE (n = 5),COARSE (n = 5)
cpu8,plonk,6,1-5,witness_ms,5,5,12.952,29.434,12.906,29.43,13.232,29.992,0.32599999999999874,0.5620000000000012,0.028851202832431876,0.04119979402879418,12.65,27.768,13.641,31.141,12.65,27.768,13.641,31.141,COARSE (n = 5),COARSE (n = 5)
cpu8,plonk,7,1-5,input_ms,5,5,0.928,1.087,0.857,1.035,0.933,1.151,0.07600000000000007,0.1160000000000001,0.06693443507091756,0.06427878929513378,0.842,1.015,0.991,1.176,0.842,1.015,0.991,1.176,COARSE (n = 5),COARSE (n = 5)
cpu8,plonk,7,1-5,prove_ms,5,5,9621.122,21737.701,9519.283,21630.094,9650.937,21749.234,131.65400000000045,119.13999999999942,0.011789386174155621,0.010318520055141745,9459.999,21248.472,9748.596,21797.193,9459.999,21248.472,9748.596,21797.193,COARSE (n = 5),COARSE (n = 5)
cpu8,plonk,7,1-5,stage_sum_ms,5,5,9642.578,21781.794,9541.669,21674.186,9672.72,21790.431,131.05099999999948,116.24499999999898,0.011752441930051458,0.010209866351996328,9481.702,21296.33,9770.377,21841.807,9481.702,21296.33,9770.377,21841.807,COARSE (n = 5),COARSE (n = 5)
cpu8,plonk,7,1-5,verify_first_ms,5,5,7.684,14.487,7.651,14.015,7.707,15.493,0.05600000000000005,1.4779999999999998,0.013001407192248692,0.055114564032219586,7.596,13.856,7.863,15.575,7.596,13.856,7.863,15.575,COARSE (n = 5),COARSE (n = 5)
cpu8,plonk,7,1-5,verify_steady_ms,5,5,7.256,11.183,7.219,11.123,7.278,11.294,0.058999999999999275,0.17100000000000115,0.007525245857243076,0.026566263642710034,7.187,11.023,7.329,11.789,7.187,11.023,7.329,11.789,COARSE (n = 5),COARSE (n = 5)
cpu8,plonk,7,1-5,wall_ms,5,5,9642.593,21781.842,9541.682,21674.234,9672.738,21790.48,131.05599999999868,116.24599999999919,0.011752561616320045,0.010209769572782728,9481.716,21296.385,9770.393,21841.862,9481.716,21296.385,9770.393,21841.862,COARSE (n = 5),COARSE (n = 5)
cpu8,plonk,7,1-5,witness_ms,5,5,13.085,29.093,12.927,27.343,13.239,29.221,0.31200000000000117,1.8780000000000001,0.030556141130464332,0.06991456501420606,12.912,26.03,13.893,31.278,12.912,26.03,13.893,31.278,COARSE (n = 5),COARSE (n = 5)
cpu8,plonk,8,1-5,input_ms,5,5,1.17,1.894,1.15,1.86,1.242,1.962,0.09200000000000008,0.10199999999999987,0.4952790392069603,0.12068830924468839,0.94,1.464,2.701,2.036,0.94,1.464,2.701,2.036,COARSE (n = 5),COARSE (n = 5)
cpu8,plonk,8,1-5,prove_ms,5,5,9569.4,21597.513,9470.952,21516.424,9624.805,21693.457,153.85300000000097,177.03299999999945,0.010952455620607622,0.009879969582852997,9453.361,21272.627,9702.806,21845.23,9453.361,21272.627,9702.806,21845.23,COARSE (n = 5),COARSE (n = 5)
cpu8,plonk,8,1-5,stage_sum_ms,5,5,9590.519,21645.791,9493.782,21557.337,9649.572,21740.62,155.79000000000087,183.28299999999945,0.010934786942585902,0.0098334225970974,9475.714,21320.863,9724.68,21890.093,9475.714,21320.863,9724.68,21890.093,COARSE (n = 5),COARSE (n = 5)
cpu8,plonk,8,1-5,verify_first_ms,5,5,7.713,13.972,7.671,13.831,7.727,14.062,0.05600000000000005,0.23099999999999987,0.01962064371482589,0.06938451118939207,7.611,12.043,8.005,14.499,7.611,12.043,8.005,14.499,COARSE (n = 5),COARSE (n = 5)
cpu8,plonk,8,1-5,verify_steady_ms,5,5,7.287,11.273,7.224,11.228,7.312,11.295,0.08800000000000008,0.06700000000000017,0.007485670182824978,0.02825646095377184,7.201,11.189,7.324,11.96,7.201,11.189,7.324,11.96,COARSE (n = 5),COARSE (n = 5)
cpu8,plonk,8,1-5,wall_ms,5,5,9590.536,21645.846,9493.8,21557.405,9649.59,21740.67,155.79000000000087,183.26499999999942,0.010934821478145439,0.00983331289000245,9475.73,21320.914,9724.698,21890.143,9475.73,21320.914,9724.698,21890.143,COARSE (n = 5),COARSE (n = 5)
cpu8,plonk,8,1-5,witness_ms,5,5,13.571,31.155,13.011,28.907,13.861,31.876,0.8500000000000014,2.969000000000001,0.0475394401944481,0.07040185097028206,12.509,27.407,14.061,32.486,12.509,27.407,14.061,32.486,COARSE (n = 5),COARSE (n = 5)
cpu8,plonk,9,1-5,input_ms,5,5,1.755,2.864,1.711,2.85,1.889,2.895,0.17799999999999994,0.04499999999999993,0.09808554298421676,0.02116565388226608,1.603,2.764,2.062,2.924,1.603,2.764,2.062,2.924,COARSE (n = 5),COARSE (n = 5)
cpu8,plonk,9,1-5,prove_ms,5,5,9618.068,21361.394,9590.379,21356.661,9686.901,21486.625,96.52199999999903,129.96399999999994,0.010253302926720569,0.01142846385027522,9532.95,21318.787,9790.25,21911.434,9532.95,21318.787,9790.25,21911.434,COARSE (n = 5),COARSE (n = 5)
cpu8,plonk,9,1-5,stage_sum_ms,5,5,9641.254,21410.607,9613.902,21402.162,9709.78,21533.532,95.87800000000061,131.36999999999898,0.010207043504653138,0.011383347184674963,9557.591,21362.734,9814.19,21956.371,9557.591,21362.734,9814.19,21956.371,COARSE (n = 5),COARSE (n = 5)
cpu8,plonk,9,1-5,verify_first_ms,5,5,7.752,14.0,7.608,13.5,7.866,14.275,0.258,0.7750000000000004,0.01871967296541343,0.06963984551776045,7.581,12.933,7.899,15.542,7.581,12.933,7.899,15.542,COARSE (n = 5),COARSE (n = 5)
cpu8,plonk,9,1-5,verify_steady_ms,5,5,7.287,11.225,7.175,11.199,7.385,11.252,0.20999999999999996,0.053000000000000824,0.025896947328524322,0.012096955113307658,7.13,11.026,7.605,11.406,7.13,11.026,7.605,11.406,COARSE (n = 5),COARSE (n = 5)
cpu8,plonk,9,1-5,wall_ms,5,5,9641.269,21410.655,9613.919,21402.208,9709.796,21533.581,95.87700000000041,131.3729999999996,0.010206912846469997,0.01138335428227292,9557.612,21362.782,9814.207,21956.42,9557.612,21362.782,9814.207,21956.42,COARSE (n = 5),COARSE (n = 5)
cpu8,plonk,9,1-5,witness_ms,5,5,13.852,29.106,13.718,27.898,14.299,30.822,0.5809999999999995,2.9239999999999995,0.04234128153198424,0.06110118346927443,13.543,27.023,15.031,31.111,13.543,27.023,15.031,31.111,COARSE (n = 5),COARSE (n = 5)
cpu8,plonk,10,1-5,input_ms,5,5,2.935,5.27,2.718,5.203,3.376,5.29,0.6579999999999999,0.08699999999999974,0.12323873174630104,0.032300421460528875,2.619,4.965,3.428,5.425,2.619,4.965,3.428,5.425,COARSE (n = 5),COARSE (n = 5)
cpu8,plonk,10,1-5,prove_ms,5,5,9668.27,21343.936,9482.459,21340.637,9748.811,21585.294,266.35199999999895,244.65700000000288,0.014829385975649556,0.009171142542959443,9471.368,21277.823,9768.019,21739.876,9471.368,21277.823,9768.019,21739.876,COARSE (n = 5),COARSE (n = 5)
cpu8,plonk,10,1-5,stage_sum_ms,5,5,9693.075,21395.741,9507.491,21390.087,9772.196,21633.38,264.7049999999999,243.29300000000148,0.014788281762480829,0.00910528886224532,9496.059,21329.05,9794.026,21789.342,9496.059,21329.05,9794.026,21789.342,COARSE (n = 5),COARSE (n = 5)
cpu8,plonk,10,1-5,verify_first_ms,5,5,7.665,15.675,7.644,13.745,7.666,16.162,0.02200000000000024,2.417,0.016629120583836022,0.08621214979582253,7.59,13.691,7.919,16.333,7.59,13.691,7.919,16.333,COARSE (n = 5),COARSE (n = 5)
cpu8,plonk,10,1-5,verify_steady_ms,5,5,7.243,11.222,7.19,11.217,7.25,11.304,0.05999999999999961,0.08699999999999974,0.007070047120557805,0.015285552913117366,7.155,11.147,7.283,11.588,7.155,11.147,7.283,11.588,COARSE (n = 5),COARSE (n = 5)
cpu8,plonk,10,1-5,wall_ms,5,5,9693.095,21395.788,9507.51,21390.135,9772.213,21633.433,264.7029999999995,243.2980000000025,0.014788277651633892,0.00910525283618945,9496.075,21329.102,9794.044,21789.389,9496.075,21329.102,9794.044,21789.389,COARSE (n = 5),COARSE (n = 5)
cpu8,plonk,10,1-5,witness_ms,5,5,13.725,29.051,13.711,28.825,14.453,30.268,0.7419999999999991,1.4430000000000014,0.06185049152157363,0.05707338805156411,13.099,27.863,15.371,32.266,13.099,27.863,15.371,32.266,COARSE (n = 5),COARSE (n = 5)
cpu8,plonk,11,1-5,input_ms,5,5,5.75,12.39,5.645,12.27,6.649,12.554,1.0040000000000004,0.2840000000000007,0.10338020884586674,0.1236301205522187,5.639,9.737,6.977,13.88,5.639,9.737,6.977,13.88,COARSE (n = 5),COARSE (n = 5)
cpu8,plonk,11,1-5,prove_ms,5,5,19021.382,42362.444,18815.917,42068.162,19027.235,42738.978,211.3179999999993,670.8160000000062,0.012605202417371687,0.01087587138594197,18540.399,42012.729,19145.941,43101.862,18540.399,42012.729,19145.941,43101.862,COARSE (n = 5),COARSE (n = 5)
cpu8,plonk,11,1-5,stage_sum_ms,5,5,19050.656,42425.029,18844.194,42121.811,19054.919,42795.722,210.72500000000218,673.9110000000001,0.012570134374919172,0.010859605187092414,18569.989,42070.426,19174.877,43158.025,18569.989,42070.426,19174.877,43158.025,COARSE (n = 5),COARSE (n = 5)
cpu8,plonk,11,1-5,verify_first_ms,5,5,7.84,14.133,7.743,14.089,7.884,16.085,0.14100000000000001,1.9960000000000004,0.10327831258640487,0.1054174889971903,7.706,12.7,9.673,16.425,7.706,12.7,9.673,16.425,COARSE (n = 5),COARSE (n = 5)
cpu8,plonk,11,1-5,verify_steady_ms,5,5,7.396,11.268,7.346,11.185,7.413,11.292,0.06700000000000017,0.10699999999999932,0.009122322823885604,0.015689724070727728,7.29,11.164,7.467,11.605,7.29,11.164,7.467,11.605,COARSE (n = 5),COARSE (n = 5)
cpu8,plonk,11,1-5,wall_ms,5,5,19050.677,42425.079,18844.215,42121.858,19054.937,42795.773,210.72200000000157,673.9150000000009,0.01257000623121847,0.01085967139779106,18570.014,42070.474,19174.897,43158.081,18570.014,42070.474,19174.897,43158.081,COARSE (n = 5),COARSE (n = 5)
cpu8,plonk,11,1-5,witness_ms,5,5,14.217,31.053,14.16,28.731,14.792,31.212,0.6319999999999997,2.480999999999998,0.038359498150005555,0.07917164226493273,13.852,27.687,15.235,33.89,13.852,27.687,15.235,33.89,COARSE (n = 5),COARSE (n = 5)
cpu8,plonk,12,1-5,input_ms,5,5,15.067,34.058,10.923,20.978,17.186,34.086,6.263,13.107999999999997,0.27397397565640436,0.2577387859414144,8.832,20.41,17.189,34.6,8.832,20.41,17.189,34.6,COARSE (n = 5),COARSE (n = 5)
cpu8,plonk,12,1-5,prove_ms,5,5,18787.839,42141.637,18606.329,42132.325,18924.916,42655.599,318.58699999999953,523.2740000000049,0.010913799266880055,0.011520368157647511,18584.003,41896.659,19061.914,43105.423,18584.003,41896.659,19061.914,43105.423,COARSE (n = 5),COARSE (n = 5)
cpu8,plonk,12,1-5,stage_sum_ms,5,5,18827.314,42231.433,18663.047,42217.628,18955.942,42744.285,292.89500000000044,526.6570000000065,0.010706371483923142,0.011501400083016014,18617.162,41962.737,19101.339,43177.915,18617.162,41962.737,19101.339,43177.915,COARSE (n = 5),COARSE (n = 5)
cpu8,plonk,12,1-5,verify_first_ms,5,5,7.692,14.545,7.655,14.176,7.849,14.905,0.19399999999999995,0.7289999999999992,0.015787556227304225,0.0975997814077653,7.601,12.622,7.878,16.575,7.601,12.622,7.878,16.575,COARSE (n = 5),COARSE (n = 5)
cpu8,plonk,12,1-5,verify_steady_ms,5,5,7.235,11.253,7.195,11.222,7.329,11.281,0.13399999999999945,0.05900000000000105,0.010034632756351207,0.014492459358102292,7.19,11.17,7.342,11.586,7.19,11.17,7.342,11.586,COARSE (n = 5),COARSE (n = 5)
cpu8,plonk,12,1-5,wall_ms,5,5,18827.339,42231.493,18663.07,42217.697,18955.962,42744.351,292.8919999999998,526.6540000000023,0.010706418031383301,0.011501357993580206,18617.184,41962.793,19101.366,43177.97,18617.184,41962.793,19101.366,43177.97,COARSE (n = 5),COARSE (n = 5)
cpu8,plonk,12,1-5,witness_ms,5,5,14.687,36.7,14.502,34.939,16.509,39.18,2.0069999999999997,4.241,0.4128307651064308,0.09070678352284137,14.359,33.046,31.875,41.534,14.359,33.046,31.875,41.534,COARSE (n = 5),COARSE (n = 5)
cpu8,plonk,13,1-5,input_ms,5,5,23.167,56.387,22.268,56.262,23.297,56.44,1.029,0.17799999999999727,0.0358798536938683,0.01908146066532996,21.94,54.019,23.978,56.499,21.94,54.019,23.978,56.499,COARSE (n = 5),COARSE (n = 5)
cpu8,plonk,13,1-5,prove_ms,5,5,18692.25,42436.003,18599.263,41896.533,18795.585,42475.57,196.32200000000012,579.0369999999966,0.00671364357801256,0.01481129387457928,18508.534,41613.433,18796.125,43245.891,18508.534,41613.433,18796.125,43245.891,COARSE (n = 5),COARSE (n = 5)
cpu8,plonk,13,1-5,stage_sum_ms,5,5,18739.407,42549.815,18645.861,42007.59,18845.426,42581.939,199.5649999999987,574.349000000002,0.006736241956964258,0.014758261971670907,18558.402,41721.839,18847.29,43353.527,18558.402,41721.839,18847.29,43353.527,COARSE (n = 5),COARSE (n = 5)
cpu8,plonk,13,1-5,verify_first_ms,5,5,7.694,15.099,7.621,15.065,7.759,15.814,0.1379999999999999,0.7490000000000006,0.02005598662570237,0.07081279725966004,7.59,13.403,7.98,16.192,7.59,13.403,7.98,16.192,COARSE (n = 5),COARSE (n = 5)
cpu8,plonk,13,1-5,verify_steady_ms,5,5,7.278,11.249,7.242,11.235,7.367,11.366,0.125,0.13100000000000023,0.017813073693709186,0.007884496790043657,7.233,11.223,7.547,11.421,7.233,11.223,7.547,11.421,COARSE (n = 5),COARSE (n = 5)
cpu8,plonk,13,1-5,wall_ms,5,5,18739.433,42549.881,18645.887,42007.654,18845.45,42582.006,199.56300000000192,574.351999999999,0.006736238314050892,0.014758299545854817,18558.427,41721.905,18847.317,43353.599,18558.427,41721.905,18847.317,43353.599,COARSE (n = 5),COARSE (n = 5)
cpu8,plonk,13,1-5,witness_ms,5,5,17.911,39.323,17.3,37.791,18.31,39.571,1.009999999999998,1.7800000000000011,0.08161724251537092,0.07152881122695852,17.037,34.057,20.78,41.359,17.037,34.057,20.78,41.359,COARSE (n = 5),COARSE (n = 5)
cpu8,plonk,14,1-5,input_ms,5,5,45.013,119.458,44.191,115.699,47.441,139.92,3.25,24.22099999999999,0.11347390104999522,0.12106360215728647,41.967,109.959,55.709,144.122,41.967,109.959,55.709,144.122,COARSE (n = 5),COARSE (n = 5)
cpu8,plonk,14,1-5,prove_ms,5,5,18736.518,42698.165,18591.235,42499.131,19247.897,43167.259,656.6620000000003,668.127999999997,0.019013213462535088,0.01050968963478214,18570.853,42128.76,19306.235,43177.132,18570.853,42128.76,19306.235,43177.132,COARSE (n = 5),COARSE (n = 5)
cpu8,plonk,14,1-5,stage_sum_ms,5,5,18808.683,42872.079,18660.531,42698.403,19314.718,43346.94,654.1870000000017,648.5370000000039,0.019079635731621244,0.01055802027848019,18640.384,42293.893,19387.853,43362.299,18640.384,42293.893,19387.853,43362.299,COARSE (n = 5),COARSE (n = 5)
cpu8,plonk,14,1-5,verify_first_ms,5,5,7.628,14.428,7.616,14.127,7.631,14.702,0.015000000000000568,0.5749999999999993,0.03540439437106162,0.07659251453102167,7.61,12.871,8.234,15.94,7.61,12.871,8.234,15.94,COARSE (n = 5),COARSE (n = 5)
cpu8,plonk,14,1-5,verify_steady_ms,5,5,7.383,11.311,7.377,11.238,7.384,11.371,0.007000000000000561,0.1330000000000009,0.012078140005593355,0.00939143170557526,7.233,11.167,7.482,11.436,7.233,11.167,7.482,11.436,COARSE (n = 5),COARSE (n = 5)
cpu8,plonk,14,1-5,wall_ms,5,5,18808.708,42872.157,18660.556,42698.485,19314.745,43347.005,654.1889999999985,648.5199999999968,0.019079712355073778,0.010558012435074595,18640.409,42293.955,19387.883,43362.371,18640.409,42293.955,19387.883,43362.371,COARSE (n = 5),COARSE (n = 5)
cpu8,plonk,14,1-5,witness_ms,5,5,17.096,40.448,16.908,40.028,17.489,41.046,0.5809999999999995,1.0180000000000007,0.037106341973562516,0.020522030627298748,16.621,39.18,18.277,41.238,16.621,39.18,18.277,41.238,COARSE (n = 5),COARSE (n = 5)
cpu8,plonk,15,1-5,input_ms,5,5,116.38,275.171,100.993,274.311,116.768,276.159,15.775000000000006,1.8480000000000132,0.08496949215114115,0.008109651198990745,98.982,273.067,117.865,278.979,98.982,273.067,117.865,278.979,COARSE (n = 5),COARSE (n = 5)
cpu8,plonk,15,1-5,prove_ms,5,5,18924.527,42791.412,18488.716,42272.906,18990.498,42803.416,501.78199999999924,530.5099999999948,0.01753941608298491,0.0089748495457521,18463.128,42025.949,19218.305,42881.178,18463.128,42025.949,19218.305,42881.178,COARSE (n = 5),COARSE (n = 5)
cpu8,plonk,15,1-5,stage_sum_ms,5,5,19068.828,43142.602,18620.406,42611.637,19135.54,43147.253,515.1340000000018,535.6159999999945,0.017716964660537297,0.008857327053643345,18596.631,42376.724,19361.533,43217.105,18596.631,42376.724,19361.533,43217.105,COARSE (n = 5),COARSE (n = 5)
cpu8,plonk,15,1-5,verify_first_ms,5,5,7.633,14.432,7.565,13.779,7.737,14.786,0.1719999999999997,1.0069999999999997,0.012845932600939126,0.04122154585077794,7.553,13.686,7.769,15.009,7.553,13.686,7.769,15.009,COARSE (n = 5),COARSE (n = 5)
cpu8,plonk,15,1-5,verify_steady_ms,5,5,7.336,11.264,7.257,11.2,7.36,11.278,0.10300000000000065,0.07800000000000118,0.008743749652788596,0.008040865809612448,7.23,11.07,7.373,11.286,7.23,11.07,7.373,11.286,COARSE (n = 5),COARSE (n = 5)
cpu8,plonk,15,1-5,wall_ms,5,5,19068.857,43142.685,18620.431,42611.705,19135.566,43147.327,515.1349999999984,535.6219999999958,0.017716920660525,0.008857307350032996,18596.658,42376.812,19361.557,43217.189,18596.658,42376.812,19361.557,43217.189,COARSE (n = 5),COARSE (n = 5)
cpu8,plonk,15,1-5,witness_ms,5,5,20.152,51.079,19.623,49.411,24.945,60.93,5.321999999999999,11.518999999999998,0.13859740468524392,0.11693055700586559,18.827,48.427,24.971,61.233,18.827,48.427,24.971,61.233,COARSE (n = 5),COARSE (n = 5)
