# allocations on one host each (Host A: Apple M5, Docker Desktop VM, arm64; Host B: 2x Xeon 8173M, native Docker, amd64; cpusets 1-2/1-4/1-8); side by side, never pooled; values copied from the frozen D3 / D2 outputs; PLONK n = 5 coarse
backend,stage,depth,allocation_from,allocation_to,hostA_median,hostB_median,hostA_min,hostB_min,hostA_max,hostB_max,hostA_boot_median_lo95,hostB_boot_median_lo95,hostA_boot_median_hi95,hostB_boot_median_hi95
groth16,input_ms,5,cpu2,cpu4,1.0690954773869346,1.014265335235378,0.7326642335766423,0.11718871746922238,1.8964646464646464,1.0328102710413696,0.7326642335766423,0.11718871746922238,1.8964646464646464,1.0328102710413696
groth16,input_ms,5,cpu2,cpu8,1.0717884130982367,0.9806896551724138,0.12255799755799757,0.9576719576719577,1.9430789133247088,1.0651558073654392,0.12255799755799757,0.9576719576719577,1.9430789133247088,1.0651558073654392
groth16,input_ms,5,cpu4,cpu8,1.0025188916876575,1.00836820083682,0.1672771672771673,0.9272486772486772,1.0621621621621622,9.089235127478753,0.1672771672771673,0.9272486772486772,1.0621621621621622,9.089235127478753
groth16,input_ms,6,cpu2,cpu4,1.0186104218362282,1.0112219451371571,0.8837209302325582,0.9550425273390037,1.6055488540410132,3.492647058823529,0.8837209302325582,0.9550425273390037,1.6055488540410132,3.492647058823529
groth16,input_ms,6,cpu2,cpu8,0.9773809523809524,0.9747899159663866,0.9247191011235955,0.9247058823529413,1.6311274509803921,2.372034956304619,0.9247191011235955,0.9247058823529413,1.6311274509803921,2.372034956304619
groth16,input_ms,6,cpu4,cpu8,1.0159313725490196,0.9682352941176471,0.8898876404494382,0.6791510611735331,1.1041990668740278,0.9937965260545906,0.8898876404494382,0.6791510611735331,1.1041990668740278,0.9937965260545906
groth16,input_ms,7,cpu2,cpu4,0.8526434195725534,0.875,0.29313290058079944,0.20141474311243487,1.0447570332480818,1.1663286004056794,0.29313290058079944,0.20141474311243487,1.0447570332480818,1.1663286004056794
groth16,input_ms,7,cpu2,cpu8,0.8673036093418259,0.9400196656833826,0.22390396659707726,0.620464009518144,1.0,0.9585798816568047,0.22390396659707726,0.620464009518144,1.0,0.9585798816568047
groth16,input_ms,7,cpu4,cpu8,0.8379728765167737,1.004930966469428,0.7638308977035491,0.709101725163593,1.1728232189973615,4.720562390158173,0.7638308977035491,0.709101725163593,1.1728232189973615,4.720562390158173
groth16,input_ms,8,cpu2,cpu4,0.9689045936395759,0.9630931458699472,0.9481132075471697,0.8576642335766423,0.9808652246256241,1.1548295454545454,0.9481132075471697,0.8576642335766423,0.9808652246256241,1.1548295454545454
groth16,input_ms,8,cpu2,cpu8,0.9671862182116489,0.9609592861126605,0.2213192213192213,0.7863915225878416,1.07824427480916,1.1315240083507305,0.2213192213192213,0.7863915225878416,1.07824427480916,1.1315240083507305
groth16,input_ms,8,cpu4,cpu8,0.9860541427399506,0.9782234957020057,0.22585522585522586,0.9168990518683771,1.1259541984732824,1.0356943669827106,0.22585522585522586,0.9168990518683771,1.1259541984732824,1.0356943669827106
groth16,input_ms,9,cpu2,cpu4,0.972718253968254,0.9594313453536755,0.8021108179419525,0.6908995815899581,2.4739130434782615,4.7545114061968,0.8021108179419525,0.6908995815899581,2.4739130434782615,4.7545114061968
groth16,input_ms,9,cpu2,cpu8,0.9785407725321889,0.949906073888541,0.7916479568926807,0.764910248986682,2.4432251908396947,4.838530838530838,0.7916479568926807,0.764910248986682,2.4432251908396947,4.838530838530838
groth16,input_ms,9,cpu4,cpu8,0.9875954198473281,1.0034794711203896,0.8186254575030499,0.9470882905447714,1.2199570815450642,1.1071221771858712,0.8186254575030499,0.9470882905447714,1.2199570815450642,1.1071221771858712
groth16,input_ms,10,cpu2,cpu4,1.0203063769148557,0.9686959861724601,0.9577879581151832,0.9490978157644825,1.0407960199004975,1.0408568028560097,0.9577879581151832,0.9490978157644825,1.0407960199004975,1.0408568028560097
groth16,input_ms,10,cpu2,cpu8,1.0114306784660765,1.0220871327254306,0.9741496598639455,0.9334952363160844,1.053020134228188,1.0520710059171596,0.9741496598639455,0.9334952363160844,1.053020134228188,1.0520710059171596
groth16,input_ms,10,cpu4,cpu8,0.9924924924924925,1.013214990138067,0.9547619047619048,0.9835606202129646,1.0760563380281691,1.0551165146909829,0.9547619047619048,0.9835606202129646,1.0760563380281691,1.0551165146909829
groth16,input_ms,11,cpu2,cpu4,0.985197598100824,1.0227616394747314,0.9085100598151169,0.9896616541353382,1.1409685086155674,1.0655724251128436,0.9085100598151169,0.9896616541353382,1.1409685086155674,1.0655724251128436
groth16,input_ms,11,cpu2,cpu8,0.9255494094782478,1.0323814172972092,0.8962049081400026,1.0059491193737768,1.088731396172927,1.0621727748691099,0.8962049081400026,1.0059491193737768,1.088731396172927,1.0621727748691099
groth16,input_ms,11,cpu4,cpu8,0.9684556734937957,1.0216034565530485,0.8910664706843051,0.9835616438356164,1.0077399380804952,1.0422260190383208,0.8910664706843051,0.9835616438356164,1.0077399380804952,1.0422260190383208
groth16,input_ms,12,cpu2,cpu4,1.0506721138639958,0.9429286367354796,1.0214449541284403,0.6742405790041407,1.1256634728062314,1.1050485773768215,1.0214449541284403,0.6742405790041407,1.1256634728062314,1.1050485773768215
groth16,input_ms,12,cpu2,cpu8,1.0574738755111313,1.0200947472538913,0.9954179704962002,0.9919119529050422,1.0996636771300448,1.1169009556653127,0.9954179704962002,0.9919119529050422,1.0996636771300448,1.1169009556653127
groth16,input_ms,12,cpu4,cpu8,0.9745194456861869,1.0818366390754333,0.9529670329670329,1.00507125994579,1.0169241253975465,1.4711543383670336,0.9529670329670329,1.00507125994579,1.0169241253975465,1.4711543383670336
groth16,input_ms,13,cpu2,cpu4,1.0931217620800886,1.1218916672438874,1.0649648838465695,1.0452112381847616,1.1721589943944286,1.170095351192763,1.0649648838465695,1.0452112381847616,1.1721589943944286,1.170095351192763
groth16,input_ms,13,cpu2,cpu8,1.0395376940476557,1.1210854838495015,0.8629400362658664,1.0538238778465183,1.1284205796450235,1.2360168240850058,0.8629400362658664,1.0538238778465183,1.1284205796450235,1.2360168240850058
groth16,input_ms,13,cpu4,cpu8,0.9597511180244993,1.0082400947742531,0.7361970862252235,0.9741294057147377,1.0347331477671546,1.0563385478158205,0.7361970862252235,0.9741294057147377,1.0347331477671546,1.0563385478158205
groth16,input_ms,14,cpu2,cpu4,1.0819328648129558,1.061469086367143,1.028333112670462,0.9762171120778953,1.1100383325347387,1.0949964380925803,1.028333112670462,0.9762171120778953,1.1100383325347387,1.0949964380925803
groth16,input_ms,14,cpu2,cpu8,1.061067231747255,1.013568816195565,1.0093385800086607,0.9824943287963706,1.100938576690032,1.090460763138949,1.0093385800086607,0.9824943287963706,1.100938576690032,1.090460763138949
groth16,input_ms,14,cpu4,cpu8,0.9910772864453483,0.9737074992477742,0.9672961421874117,0.9256366330845265,0.9984266661788113,1.0386393088552914,0.9672961421874117,0.9256366330845265,0.9984266661788113,1.0386393088552914
groth16,input_ms,15,cpu2,cpu4,1.0807277881183723,1.0900579652208675,1.0454904000346725,1.053011387961298,1.147582206892565,1.2071626733921814,1.0454904000346725,1.053011387961298,1.147582206892565,1.2071626733921814
groth16,input_ms,15,cpu2,cpu8,1.0774015685337792,1.0346950684711318,1.000398125492473,0.9682617464916766,1.1707832400904654,1.131038895412457,1.000398125492473,0.9682617464916766,1.1707832400904654,1.131038895412457
groth16,input_ms,15,cpu4,cpu8,1.0105442508032325,0.9443530098295124,0.9568697383154315,0.8882662916879723,1.0656469467920486,1.021538106284047,0.9568697383154315,0.8882662916879723,1.0656469467920486,1.021538106284047
groth16,prove_ms,5,cpu2,cpu4,1.731479032998845,1.687767710419267,1.6396912625648954,1.608153975860457,2.050239938764095,1.8545210582533698,1.6396912625648954,1.608153975860457,2.050239938764095,1.8545210582533698
groth16,prove_ms,5,cpu2,cpu8,2.34665035478346,2.5838278612411063,2.1502122998089757,2.353715360634925,2.6810071028469133,2.6984869924893875,2.1502122998089757,2.353715360634925,2.6810071028469133,2.6984869924893875
groth16,prove_ms,5,cpu4,cpu8,1.355257325549593,1.5418835844040761,1.3076552905622605,1.3932588415440341,1.3997423744813076,1.5505809839991294,1.3076552905622605,1.3932588415440341,1.3997423744813076,1.5505809839991294
groth16,prove_ms,6,cpu2,cpu4,1.837277581199508,1.8001824012238532,1.5469605116440024,1.6803062484966835,1.8791857178091025,1.838253770190943,1.5469605116440024,1.6803062484966835,1.8791857178091025,1.838253770190943
groth16,prove_ms,6,cpu2,cpu8,2.6186946972641243,2.6952387803011972,2.2012620482751704,2.6235625497520054,2.717321725771348,2.810508979482031,2.2012620482751704,2.6235625497520054,2.717321725771348,2.810508979482031
groth16,prove_ms,6,cpu4,cpu8,1.4253124971755498,1.4893001513496944,1.3816269819648015,1.4474613205491391,1.4533266463070598,1.604016400410664,1.3816269819648015,1.4474613205491391,1.4533266463070598,1.604016400410664
groth16,prove_ms,7,cpu2,cpu4,1.695616742379582,1.691697369024506,1.633977712345891,1.5619288318150115,1.8104293341867241,1.7597498384214731,1.633977712345891,1.5619288318150115,1.8104293341867241,1.7597498384214731
groth16,prove_ms,7,cpu2,cpu8,2.3887035368417635,2.5803142965743335,2.3103032333724243,2.519159097502734,2.7381734810852123,2.83222071970091,2.3103032333724243,2.519159097502734,2.7381734810852123,2.83222071970091
groth16,prove_ms,7,cpu4,cpu8,1.4139135533590217,1.543916954041558,1.3633603649676513,1.4789774375683458,1.5124442746146987,1.652005036347223,1.3633603649676513,1.4789774375683458,1.5124442746146987,1.652005036347223
groth16,prove_ms,8,cpu2,cpu4,1.6900806266755697,1.6799650043744532,1.6070048839238782,1.5857162596062742,1.8561991113756668,1.77140520527508,1.6070048839238782,1.5857162596062742,1.8561991113756668,1.77140520527508
groth16,prove_ms,8,cpu2,cpu8,2.394298784361896,2.5719110836019037,2.2753555118792996,2.5189720887656897,2.470904936079294,2.6415660770031217,2.2753555118792996,2.5189720887656897,2.470904936079294,2.6415660770031217
groth16,prove_ms,8,cpu4,cpu8,1.4158983178218396,1.5218475096062847,1.3311637318089524,1.4809435731117135,1.4171385292314351,1.6219238896121915,1.3311637318089524,1.4809435731117135,1.4171385292314351,1.6219238896121915
groth16,prove_ms,9,cpu2,cpu4,1.681616334550902,1.7023561499786402,1.631378125029922,1.6117907029358987,1.819938543570844,1.9632142234388004,1.631378125029922,1.6117907029358987,1.819938543570844,1.9632142234388004
groth16,prove_ms,9,cpu2,cpu8,2.3636599805843828,2.696933198837717,2.291426059504066,2.521208993874762,2.5920380386653767,2.935414842435631,2.291426059504066,2.521208993874762,2.5920380386653767,2.935414842435631
groth16,prove_ms,9,cpu4,cpu8,1.4055881428004977,1.5734280824839533,1.3764061781924992,1.4952086264401176,1.4288886769574518,1.5961938024378661,1.3764061781924992,1.4952086264401176,1.4288886769574518,1.5961938024378661
groth16,prove_ms,10,cpu2,cpu4,1.7590625973941398,1.6920919476379093,1.6686925466116487,1.6552917812961174,1.8277216350651635,1.8722363298833378,1.6686925466116487,1.6552917812961174,1.8277216350651635,1.8722363298833378
groth16,prove_ms,10,cpu2,cpu8,2.4430231731819037,2.705894032503053,2.3612379438530273,2.6105275010908477,2.5413942938695415,3.0105730537068562,2.3612379438530273,2.6105275010908477,2.5413942938695415,3.0105730537068562
groth16,prove_ms,10,cpu4,cpu8,1.407240757789909,1.584250853748362,1.3884509034788761,1.504214355425428,1.41502276656513,1.6346930873929058,1.3884509034788761,1.504214355425428,1.41502276656513,1.6346930873929058
groth16,prove_ms,11,cpu2,cpu4,1.629271416334711,1.7036800730512354,1.5515054101687906,1.6325558817410601,1.6560861586857742,1.8433015422924104,1.5515054101687906,1.6325558817410601,1.6560861586857742,1.8433015422924104
groth16,prove_ms,11,cpu2,cpu8,2.3606803432856274,2.6427011675032026,2.200090436355415,2.5723456273019893,2.41181068920308,2.884666299980423,2.200090436355415,2.5723456273019893,2.41181068920308,2.884666299980423
groth16,prove_ms,11,cpu4,cpu8,1.4254574442908212,1.5728708941953227,1.4180359423407127,1.5222222222222221,1.4803001298757257,1.58568452340249,1.4180359423407127,1.5222222222222221,1.4803001298757257,1.58568452340249
groth16,prove_ms,12,cpu2,cpu4,1.6870159341935325,1.672319352530853,1.6581165970970106,1.6538350482261548,1.7925636007827788,1.7532644625756226,1.6581165970970106,1.6538350482261548,1.7925636007827788,1.7532644625756226
groth16,prove_ms,12,cpu2,cpu8,2.4381381887498623,2.610087607382836,2.3560933094678225,2.5162101083489974,2.4511586014902154,2.7541438432420393,2.3560933094678225,2.5162101083489974,2.4511586014902154,2.7541438432420393
groth16,prove_ms,12,cpu4,cpu8,1.4308582189938124,1.548664331778177,1.3601404087894975,1.521439584345365,1.4666429720092296,1.5889588532554155,1.3601404087894975,1.521439584345365,1.4666429720092296,1.5889588532554155
groth16,prove_ms,13,cpu2,cpu4,1.763087994869704,1.7289063024138902,1.6389460699429141,1.6727966925561608,1.9812128358672436,1.7955477815072198,1.6389460699429141,1.6727966925561608,1.9812128358672436,1.7955477815072198
groth16,prove_ms,13,cpu2,cpu8,2.4530514590524004,2.689837294844121,2.3423991876994488,2.6066622136460342,2.6394572655306585,2.9043182735402198,2.3423991876994488,2.6066622136460342,2.6394572655306585,2.9043182735402198
groth16,prove_ms,13,cpu4,cpu8,1.3855506746156259,1.5558028165485798,1.3322431682991187,1.5268294493097818,1.448269837691614,1.6175109921621105,1.3322431682991187,1.5268294493097818,1.448269837691614,1.6175109921621105
groth16,prove_ms,14,cpu2,cpu4,1.683564727517311,1.6827603633522674,1.673384446878423,1.6611588965929036,1.8276538932244066,1.7133634983189039,1.673384446878423,1.6611588965929036,1.8276538932244066,1.7133634983189039
groth16,prove_ms,14,cpu2,cpu8,2.362517747278751,2.6303177507630986,2.3036181930725808,2.60578716775387,2.5222397783597756,2.7830979514198666,2.3036181930725808,2.60578716775387,2.5222397783597756,2.7830979514198666
groth16,prove_ms,14,cpu4,cpu8,1.376622208584413,1.564587182611081,1.3374857173225627,1.5208606756888328,1.404261498085445,1.6594382816839768,1.3374857173225627,1.5208606756888328,1.404261498085445,1.6594382816839768
groth16,prove_ms,15,cpu2,cpu4,1.84421643861973,1.6645633294373512,1.7900865253102989,1.6596484564787939,1.9037393376203116,1.733131399382072,1.7900865253102989,1.6596484564787939,1.9037393376203116,1.733131399382072
groth16,prove_ms,15,cpu2,cpu8,2.5549585652701627,2.6823119083208766,2.540954417803064,2.578876392475665,2.6069031894415553,2.7612137039623477,2.540954417803064,2.578876392475665,2.6069031894415553,2.7612137039623477
groth16,prove_ms,15,cpu4,cpu8,1.392090407120488,1.5720560610332928,1.340926582278481,1.5492810317690744,1.4318454944751087,1.662235592120759,1.340926582278481,1.5492810317690744,1.4318454944751087,1.662235592120759
groth16,stage_sum_ms,5,cpu2,cpu4,1.7347034124193617,1.6199789541171878,1.6079823484403637,1.594215747890106,1.996818072334977,1.7305796769717172,1.6079823484403637,1.594215747890106,1.996818072334977,1.7305796769717172
groth16,stage_sum_ms,5,cpu2,cpu8,2.2383179014731116,2.387568362928702,2.0651695321962626,2.2425092351894924,2.5462319355985903,2.4866606762726913,2.0651695321962626,2.2425092351894924,2.5462319355985903,2.4866606762726913
groth16,stage_sum_ms,5,cpu4,cpu8,1.2843235090231808,1.486638574359353,1.275144676861401,1.3794865975617576,1.3738115247087515,1.5349956676615,1.275144676861401,1.3794865975617576,1.3738115247087515,1.5349956676615
groth16,stage_sum_ms,6,cpu2,cpu4,1.8165522937075858,1.7755589991766472,1.5751216783216784,1.659673206246874,1.829360421453168,1.8331845340292563,1.5751216783216784,1.659673206246874,1.829360421453168,1.8331845340292563
groth16,stage_sum_ms,6,cpu2,cpu8,2.499912950669523,2.490194793079627,2.138550464847785,2.477215041012926,2.5356536116251553,2.592695013957573,2.138550464847785,2.477215041012926,2.5356536116251553,2.592695013957573
groth16,stage_sum_ms,6,cpu4,cpu8,1.3741834394325896,1.4024849606430239,1.329539990383074,1.3787932400711675,1.3958605102690895,1.495918399160297,1.329539990383074,1.3787932400711675,1.3958605102690895,1.495918399160297
groth16,stage_sum_ms,7,cpu2,cpu4,1.6980481852666836,1.6625351672397626,1.6092427148136021,1.57449488257832,1.8006145204101454,1.7203412619649776,1.6092427148136021,1.57449488257832,1.8006145204101454,1.7203412619649776
groth16,stage_sum_ms,7,cpu2,cpu8,2.2635695013216823,2.448624773947066,2.207054518636183,2.377911887247385,2.5948630358180895,2.6012934268550656,2.207054518636183,2.377911887247385,2.5948630358180895,2.6012934268550656
groth16,stage_sum_ms,7,cpu4,cpu8,1.3750321584769747,1.4692756673099516,1.3150534836262036,1.4437093265698477,1.4410985840695263,1.5551811574879881,1.3150534836262036,1.4437093265698477,1.4410985840695263,1.5551811574879881
groth16,stage_sum_ms,8,cpu2,cpu4,1.6934611492688343,1.6629258216395861,1.5933606011604682,1.570284510608822,1.8244305085062105,1.7630528438790367,1.5933606011604682,1.570284510608822,1.8244305085062105,1.7630528438790367
groth16,stage_sum_ms,8,cpu2,cpu8,2.2819660362703447,2.414040054612311,2.2087289029535864,2.380280053704214,2.3492714873674405,2.502744437009241,2.2087289029535864,2.380280053704214,2.3492714873674405,2.502744437009241
groth16,stage_sum_ms,8,cpu4,cpu8,1.3820411749781873,1.454311315968251,1.2876738666746776,1.4195515725454653,1.3874372425536179,1.5158272514458828,1.2876738666746776,1.4195515725454653,1.3874372425536179,1.5158272514458828
groth16,stage_sum_ms,9,cpu2,cpu4,1.6703047368103812,1.632137147464883,1.6083635124195816,1.5995096880907371,1.8166571082090368,1.9199057548780316,1.6083635124195816,1.5995096880907371,1.8166571082090368,1.9199057548780316
groth16,stage_sum_ms,9,cpu2,cpu8,2.27677130465912,2.4868456415922595,2.241800333747053,2.4055462001623398,2.504817805321336,2.766200080497294,2.241800333747053,2.4055462001623398,2.504817805321336,2.766200080497294
groth16,stage_sum_ms,9,cpu4,cpu8,1.3662743048544381,1.4874310792890952,1.3392295966228893,1.4407999316992652,1.3938393382069114,1.5236744322956883,1.3392295966228893,1.4407999316992652,1.3938393382069114,1.5236744322956883
groth16,stage_sum_ms,10,cpu2,cpu4,1.7457835595305105,1.6722586443903988,1.6422779248215729,1.6693447461940993,1.777712790007923,1.832522106496232,1.6422779248215729,1.6693447461940993,1.777712790007923,1.832522106496232
groth16,stage_sum_ms,10,cpu2,cpu8,2.3627201471691937,2.5684294727906427,2.2628945853809714,2.467110754038517,2.4385822331320903,2.755566063758521,2.2628945853809714,2.467110754038517,2.4385822331320903,2.755566063758521
groth16,stage_sum_ms,10,cpu4,cpu8,1.3606074432071018,1.4928736973213301,1.35338664078415,1.4202315299772015,1.3778998981715145,1.5375633606229542,1.35338664078415,1.4202315299772015,1.3778998981715145,1.5375633606229542
groth16,stage_sum_ms,11,cpu2,cpu4,1.6098031205977008,1.7036984608073367,1.5591730001682138,1.6122430088911794,1.6422829831476367,1.7800571893955548,1.5591730001682138,1.6122430088911794,1.6422829831476367,1.7800571893955548
groth16,stage_sum_ms,11,cpu2,cpu8,2.2640285385064636,2.4907021957065365,2.137897413047467,2.383431895764219,2.3033975949608703,2.61402204833732,2.137897413047467,2.383431895764219,2.3033975949608703,2.61402204833732
groth16,stage_sum_ms,11,cpu4,cpu8,1.3829126317766032,1.4783329080170273,1.3711739574869606,1.428663777537017,1.4474878581578332,1.4906388826279473,1.3711739574869606,1.428663777537017,1.4474878581578332,1.4906388826279473
groth16,stage_sum_ms,12,cpu2,cpu4,1.6590032004696886,1.6018042948086342,1.6085063799656076,1.5613527465663781,1.7299055521552213,1.6635486877789905,1.6085063799656076,1.5613527465663781,1.7299055521552213,1.6635486877789905
groth16,stage_sum_ms,12,cpu2,cpu8,2.2871913661996928,2.326160934159608,2.2280208369821404,2.2144460269513093,2.3151931176091485,2.4671492282256833,2.2280208369821404,2.2144460269513093,2.3151931176091485,2.4671492282256833
groth16,stage_sum_ms,12,cpu4,cpu8,1.3851488963505256,1.4522129461748707,1.2960470065170717,1.418286823282676,1.4127118601834916,1.5188416894349408,1.2960470065170717,1.418286823282676,1.4127118601834916,1.5188416894349408
groth16,stage_sum_ms,13,cpu2,cpu4,1.6930188994815187,1.6216557852101694,1.576894780298333,1.5512924620304067,1.858951747994607,1.7035628396558833,1.576894780298333,1.5512924620304067,1.858951747994607,1.7035628396558833
groth16,stage_sum_ms,13,cpu2,cpu8,2.212889907675941,2.236393434467663,2.1183310767965176,2.1592868120061475,2.3403574046370874,2.4765261211637366,2.1183310767965176,2.1592868120061475,2.3403574046370874,2.4765261211637366
groth16,stage_sum_ms,13,cpu4,cpu8,1.287188189950313,1.4023663641738022,1.2589661927276001,1.3658175685783842,1.3641654723869379,1.4537333543058444,1.2589661927276001,1.3658175685783842,1.3641654723869379,1.4537333543058444
groth16,stage_sum_ms,14,cpu2,cpu4,1.5995575890722684,1.5044510283647674,1.5786883617087186,1.4859147730718254,1.695472050414284,1.5623659624595518,1.5786883617087186,1.4859147730718254,1.695472050414284,1.5623659624595518
groth16,stage_sum_ms,14,cpu2,cpu8,2.0464305071622144,2.0639341445135546,2.00877003676197,1.9743588585672933,2.212287570175474,2.1049921334442754,2.00877003676197,1.9743588585672933,2.212287570175474,2.1049921334442754
groth16,stage_sum_ms,14,cpu4,cpu8,1.2793728222996514,1.3240291046631387,1.2547122089403562,1.3123450490198294,1.304821019983731,1.4166304633290872,1.2547122089403562,1.3123450490198294,1.304821019983731,1.4166304633290872
groth16,stage_sum_ms,15,cpu2,cpu4,1.623975844303964,1.4435197666690882,1.5773309141741028,1.418298030936978,1.6443287923607228,1.5167466745094054,1.5773309141741028,1.418298030936978,1.6443287923607228,1.5167466745094054
groth16,stage_sum_ms,15,cpu2,cpu8,2.009792174269283,1.7773620476875556,1.9094610702946806,1.737238260689358,2.0509659280616845,1.8474132822674332,1.9094610702946806,1.737238260689358,2.0509659280616845,1.8474132822674332
groth16,stage_sum_ms,15,cpu4,cpu8,1.2402323862337576,1.218010438602071,1.1757940101092301,1.1923295560285176,1.2832879311259435,1.266030429761664,1.1757940101092301,1.1923295560285176,1.2832879311259435,1.266030429761664
groth16,verify_first_ms,5,cpu2,cpu4,1.6541305456399795,1.585057641146911,1.2932992980216973,1.397503413302126,2.2440089865202193,1.888842803815844,1.2932992980216973,1.397503413302126,2.2440089865202193,1.888842803815844
groth16,verify_first_ms,5,cpu2,cpu8,2.0241809672386895,2.0219645550527905,1.4655353656705212,1.6761446220930234,2.8416311047889993,2.0986175115207373,1.4655353656705212,1.6761446220930234,2.8416311047889993,2.0986175115207373
groth16,verify_first_ms,5,cpu4,cpu8,1.2237129485179408,1.162523114855147,1.0590178705511337,1.1110599078341015,1.266318950529477,1.4498067678386275,1.0590178705511337,1.1110599078341015,1.266318950529477,1.4498067678386275
groth16,verify_first_ms,6,cpu2,cpu4,1.740353697749196,1.6768054227861304,1.2944241792600313,1.577292012543811,2.1178286596346796,1.8815752461322084,1.2944241792600313,1.577292012543811,2.1178286596346796,1.8815752461322084
groth16,verify_first_ms,6,cpu2,cpu8,1.8106772908366533,1.9260005758710048,1.4583883751651256,1.5953913611344341,2.6063004590786765,2.0975335271499578,1.4583883751651256,1.5953913611344341,2.6063004590786765,2.0975335271499578
groth16,verify_first_ms,6,cpu4,cpu8,1.126669602231029,1.023610711200691,0.9964754886254406,0.9784283513097073,1.2306474592369796,1.3029166275907345,0.9964754886254406,0.9784283513097073,1.2306474592369796,1.3029166275907345
groth16,verify_first_ms,7,cpu2,cpu4,1.7021444546770164,1.6386281905096043,1.2987345008308833,1.4490667865977065,2.225531914893617,2.449096689152516,1.2987345008308833,1.4490667865977065,2.225531914893617,2.449096689152516
groth16,verify_first_ms,7,cpu2,cpu8,1.6783926396969286,1.9085861969943525,1.6125680356259278,1.7005279446568358,2.6125507336871685,2.894611436950146,1.6125680356259278,1.7005279446568358,2.6125507336871685,2.894611436950146
groth16,verify_first_ms,7,cpu4,cpu8,1.1738994692475804,1.1819098240469208,0.9832228385874713,1.037775350446022,1.2468919349697163,1.2590600226500566,0.9832228385874713,1.037775350446022,1.2468919349697163,1.2590600226500566
groth16,verify_first_ms,8,cpu2,cpu4,1.5729327170005136,2.0946270310192023,1.5017368347922746,1.6279613215149074,1.9025365103766334,2.1658031088082903,1.5017368347922746,1.6279613215149074,1.9025365103766334,2.1658031088082903
groth16,verify_first_ms,8,cpu2,cpu8,1.9954389965792474,2.224442162263094,1.0033308960922902,1.7096555809427096,2.4621187274516236,3.184061287434086,1.0033308960922902,1.7096555809427096,2.4621187274516236,3.184061287434086
groth16,verify_first_ms,8,cpu4,cpu8,1.2163258407977016,1.098093422306959,0.6496872207327972,1.0270749696573616,1.311413578222368,1.4823400656651078,0.6496872207327972,1.0270749696573616,1.311413578222368,1.4823400656651078
groth16,verify_first_ms,9,cpu2,cpu4,1.6240428790199082,1.7801852175432467,1.3009384239619488,1.6519135398147282,2.1791044776119404,1.927440513887632,1.3009384239619488,1.6519135398147282,2.1791044776119404,1.927440513887632
groth16,verify_first_ms,9,cpu2,cpu8,2.0976774831164553,2.07769960232487,1.734658896126157,1.8336103032820938,2.8627450980392153,2.2945282825171955,1.734658896126157,1.8336103032820938,2.8627450980392153,2.2945282825171955
groth16,verify_first_ms,9,cpu4,cpu8,1.3137254901960784,1.160054575986566,1.0590242238143979,1.109991690901537,1.3447743264115326,1.2257468432399137,1.0590242238143979,1.109991690901537,1.3447743264115326,1.2257468432399137
groth16,verify_first_ms,10,cpu2,cpu4,1.5695232690124856,1.893003796389556,1.3746147380218547,1.7523089101943883,1.6853856562922869,2.087673860911271,1.3746147380218547,1.7523089101943883,1.6853856562922869,2.087673860911271
groth16,verify_first_ms,10,cpu2,cpu8,1.9244954766875433,2.0735518292682924,1.6132851035843472,1.8757179173335843,2.1138832315003393,2.4707250480331684,1.6132851035843472,1.8757179173335843,2.1138832315003393,2.4707250480331684
groth16,verify_first_ms,10,cpu4,cpu8,1.2261656228253306,1.0704265135109687,1.173627096349885,0.993235518292683,1.255765562684238,1.3051875821619983,1.173627096349885,0.993235518292683,1.255765562684238,1.3051875821619983
groth16,verify_first_ms,11,cpu2,cpu4,1.3931015971010605,1.751279336509617,1.1541681834728796,1.4968548039638085,1.7032932729826753,2.00946987280661,1.1541681834728796,1.4968548039638085,1.7032932729826753,2.00946987280661
groth16,verify_first_ms,11,cpu2,cpu8,1.8541229909154435,1.9988435660218673,1.7998959597711115,1.7769026186579377,2.0732385156122284,2.244762497407177,1.7998959597711115,1.7769026186579377,2.0732385156122284,2.244762497407177
groth16,verify_first_ms,11,cpu4,cpu8,1.395003494060098,1.1559329053634293,1.0811677354033074,1.1170918896494504,1.7963053784534901,1.2218250630782168,1.0811677354033074,1.1170918896494504,1.7963053784534901,1.2218250630782168
groth16,verify_first_ms,12,cpu2,cpu4,1.5053584905660378,1.736219221604448,1.3802947815695126,1.344087580656855,1.5773779567186714,1.7520750332005313,1.3802947815695126,1.344087580656855,1.5773779567186714,1.7520750332005313
groth16,verify_first_ms,12,cpu2,cpu8,1.7463116839070714,1.9806652806652807,1.6725663716814159,1.9229333056736855,2.083596476649493,2.297078604455654,1.6725663716814159,1.9229333056736855,2.083596476649493,2.297078604455654
groth16,verify_first_ms,12,cpu4,cpu8,1.2202814990673223,1.2639854853341397,1.1225008471704507,1.1055239493485043,1.3209240485291673,1.43066071984234,1.1225008471704507,1.1055239493485043,1.3209240485291673,1.43066071984234
groth16,verify_first_ms,13,cpu2,cpu4,1.355575749707906,1.7657849829351535,1.2644453259288644,1.1464454699456745,1.6293510136427387,2.043724535426811,1.2644453259288644,1.1464454699456745,1.6293510136427387,2.043724535426811
groth16,verify_first_ms,13,cpu2,cpu8,1.8056372125194535,2.078585045541199,1.6260839993198437,1.935884491114701,2.1930667581946115,2.1398397669337217,1.6260839993198437,1.935884491114701,2.1930667581946115,2.1398397669337217
groth16,verify_first_ms,13,cpu4,cpu8,1.3320076085076948,1.1883999188805516,1.2672566371681417,1.0284733441033926,1.356273249915455,1.8130692649862317,1.2672566371681417,1.0284733441033926,1.356273249915455,1.8130692649862317
groth16,verify_first_ms,14,cpu2,cpu4,1.6099256385386356,1.7698542805100181,1.5379972140535518,1.221288034774651,2.012281240405281,1.9484753857457753,1.5379972140535518,1.221288034774651,2.012281240405281,1.9484753857457753
groth16,verify_first_ms,14,cpu2,cpu8,1.9609439920226024,2.2154344193817876,1.62516318537859,1.2141217685431263,2.25184676172479,2.479567432671311,1.62516318537859,1.2141217685431263,2.25184676172479,2.479567432671311
groth16,verify_first_ms,14,cpu4,cpu8,1.1213120444290179,1.1373523927905531,1.0094647519582245,0.9196061850688572,1.2615921555592489,1.8187870591906796,1.0094647519582245,0.9196061850688572,1.2615921555592489,1.8187870591906796
groth16,verify_first_ms,15,cpu2,cpu4,2.062321144674086,2.084057694144618,1.470263196161117,1.7273385928191918,2.6903496503496505,2.359058022414527,1.470263196161117,1.7273385928191918,2.6903496503496505,2.359058022414527
groth16,verify_first_ms,15,cpu2,cpu8,2.040922377395258,2.2045064160856827,1.4335685483870968,2.086850807235946,3.1513761467889907,3.255481597494127,1.4335685483870968,2.086850807235946,3.1513761467889907,3.255481597494127
groth16,verify_first_ms,15,cpu4,cpu8,1.0861681920221031,1.090954875100725,0.6389112903225806,1.0422272821362035,1.1713630406290958,1.3799921691464372,0.6389112903225806,1.0422272821362035,1.1713630406290958,1.3799921691464372
groth16,verify_steady_ms,5,cpu2,cpu4,1.6252315984503956,1.738949509894581,1.41427196480132,1.621465846249708,1.9106187929717342,1.9606472968002944,1.41427196480132,1.621465846249708,1.9106187929717342,1.9606472968002944
groth16,verify_steady_ms,5,cpu2,cpu8,1.780287474332649,2.0117145899893503,1.5885742509054988,1.8774432118330693,2.1545485871812544,2.1658343736995422,1.5885742509054988,1.8774432118330693,2.1545485871812544,2.1658343736995422
groth16,verify_steady_ms,5,cpu4,cpu8,1.1372610961933343,1.0930961285757606,0.9774448468883767,0.957562951223807,1.2009577278731836,1.3357261756138161,0.9774448468883767,0.957562951223807,1.2009577278731836,1.3357261756138161
groth16,verify_steady_ms,6,cpu2,cpu4,1.5488879563575326,1.7016167155147963,1.5043026908892227,1.4523426323319026,1.8700557103064066,2.062754212667054,1.5043026908892227,1.4523426323319026,1.8700557103064066,2.062754212667054
groth16,verify_steady_ms,6,cpu2,cpu8,1.865029635901778,1.8814551536692452,1.6298162900341409,1.6792881858625803,2.3266331658291457,2.2317686504610226,1.6298162900341409,1.6792881858625803,2.3266331658291457,2.2317686504610226
groth16,verify_steady_ms,6,cpu4,cpu8,1.2387801074337204,1.1025979297747108,1.0663306779385466,1.0791893227879388,1.2441517934500086,1.1575243220865243,1.0663306779385466,1.0791893227879388,1.2441517934500086,1.1575243220865243
groth16,verify_steady_ms,7,cpu2,cpu4,1.4777096684313178,1.7136622728892055,0.9923935091277891,1.1931415530598763,1.7909571344685846,1.8911046969299397,0.9923935091277891,1.1931415530598763,1.7909571344685846,1.8911046969299397
groth16,verify_steady_ms,7,cpu2,cpu8,1.6931995154871085,2.0208524056555794,1.3220886648571797,1.8011322789360171,2.1479726171669298,2.1436238729068267,1.3220886648571797,1.8011322789360171,2.1479726171669298,2.1436238729068267
groth16,verify_steady_ms,7,cpu4,cpu8,1.1408137317228226,1.205560326320309,0.9702727155228124,1.1130257009345794,1.7061775393666723,1.6937239344929307,0.9702727155228124,1.1130257009345794,1.7061775393666723,1.6937239344929307
groth16,verify_steady_ms,8,cpu2,cpu4,1.5280837753297976,1.7931034482758623,1.2221180880974696,1.485989894350023,1.8658042394014962,1.9950648264324549,1.2221180880974696,1.485989894350023,1.8658042394014962,1.9950648264324549
groth16,verify_steady_ms,8,cpu2,cpu8,1.8664451827242527,2.1175902683915813,1.5846878322953062,1.9107329594067877,1.9326767839845012,2.2994516653127537,1.5846878322953062,1.9107329594067877,1.9326767839845012,2.2994516653127537
groth16,verify_steady_ms,8,cpu4,cpu8,1.2214285714285715,1.1364068441064639,1.0358411365837907,0.9972430839433406,1.2966732492784443,1.5474207961007311,1.0358411365837907,0.9972430839433406,1.2966732492784443,1.5474207961007311
groth16,verify_steady_ms,9,cpu2,cpu4,1.4133142448103078,1.6688229858018986,1.3549985839705467,1.218863620161118,1.7299803315538071,1.8981643759800757,1.3549985839705467,1.218863620161118,1.7299803315538071,1.8981643759800757
groth16,verify_steady_ms,9,cpu2,cpu8,1.7269180754226268,1.8499162128194386,1.5793035154315895,1.710213063919176,2.056446225784903,2.1023702492848386,1.5793035154315895,1.710213063919176,2.056446225784903,2.1023702492848386
groth16,verify_steady_ms,9,cpu4,cpu8,1.1887107548430194,1.118035190615836,1.157672301690507,1.0518849591916053,1.2282398452611218,1.4031209362808843,1.157672301690507,1.0518849591916053,1.2282398452611218,1.4031209362808843
groth16,verify_steady_ms,10,cpu2,cpu4,1.536060433295325,1.7157137518684602,1.3658005713508365,1.3090525396594381,1.7265978050355069,1.9059363349584169,1.3658005713508365,1.3090525396594381,1.7265978050355069,1.9059363349584169
groth16,verify_steady_ms,10,cpu2,cpu8,1.8170628899005226,1.913252087131753,1.6488750205288223,1.798283675633979,2.106951871657754,1.91921830912321,1.6488750205288223,1.798283675633979,2.106951871657754,1.91921830912321
groth16,verify_steady_ms,10,cpu4,cpu8,1.2072589916242404,1.1186121851813147,1.0704906703524533,1.0038384032242589,1.2279077890324834,1.4072708653353814,1.0704906703524533,1.0038384032242589,1.2279077890324834,1.4072708653353814
groth16,verify_steady_ms,11,cpu2,cpu4,1.417863919761453,1.8611274221961245,1.2801741733569192,1.5837807516627935,1.5350890782339273,1.9015815548780486,1.2801741733569192,1.5837807516627935,1.5350890782339273,1.9015815548780486
groth16,verify_steady_ms,11,cpu2,cpu8,1.660594919786096,1.9391251147139796,1.5974528453973884,1.8439833220207504,1.7262376237623764,2.038557472458948,1.5974528453973884,1.8439833220207504,1.7262376237623764,2.038557472458948
groth16,verify_steady_ms,11,cpu4,cpu8,1.204879679144385,1.059342577329584,1.0406255037884895,1.0132252147890723,1.2560246111775766,1.2258349705304519,1.0406255037884895,1.0132252147890723,1.2560246111775766,1.2258349705304519
groth16,verify_steady_ms,12,cpu2,cpu4,1.6282127031019202,1.7822868355333572,1.6049081748740452,1.592273622047244,1.9657204901504575,2.093259972489684,1.6049081748740452,1.592273622047244,1.9657204901504575,2.093259972489684
groth16,verify_steady_ms,12,cpu2,cpu8,1.8165787738958472,2.03949785670545,1.6944063143445436,1.8057602792862684,2.091599273807559,2.4299552906110287,1.6944063143445436,1.8057602792862684,2.091599273807559,2.4299552906110287
groth16,verify_steady_ms,12,cpu4,cpu8,1.0640369697969962,1.1443151663604818,1.003743406499915,1.0243405740884408,1.1968111609367216,1.2027226990233797,1.003743406499915,1.0243405740884408,1.1968111609367216,1.2027226990233797
groth16,verify_steady_ms,13,cpu2,cpu4,1.4685089072801234,1.8478302983339794,1.4446141032759579,1.6200736648250462,1.845587003851951,1.9693908784817875,1.4446141032759579,1.6200736648250462,1.845587003851951,1.9693908784817875
groth16,verify_steady_ms,13,cpu2,cpu8,1.810306069514093,2.0125540668846926,1.6813040585495678,1.792957348648903,1.908225108225108,2.0459016393442626,1.6813040585495678,1.792957348648903,1.908225108225108,2.0459016393442626
groth16,verify_steady_ms,13,cpu4,cpu8,1.2327511672142486,1.0891444245173543,1.033939393939394,0.9516994633273703,1.2536295259751618,1.146779303062302,1.033939393939394,0.9516994633273703,1.2536295259751618,1.146779303062302
groth16,verify_steady_ms,14,cpu2,cpu4,1.591692683588978,1.7888802151097232,1.4175242995997712,1.5127539604403473,1.7013640792465086,1.903518175616412,1.4175242995997712,1.5127539604403473,1.7013640792465086,1.903518175616412
groth16,verify_steady_ms,14,cpu2,cpu8,1.7860552335492672,1.9838399384378604,1.6391735537190082,1.682125796178344,1.9041896719714193,2.127490829780906,1.6391735537190082,1.682125796178344,1.9041896719714193,2.127490829780906
groth16,verify_steady_ms,14,cpu4,cpu8,1.1563636363636365,1.1119625796178343,1.028673227010519,1.0564192319571708,1.1963299772653457,1.1655596312084862,1.028673227010519,1.0564192319571708,1.1963299772653457,1.1655596312084862
groth16,verify_steady_ms,15,cpu2,cpu4,1.5015281618396157,1.6457552278597019,1.079333216966312,1.4343397062080165,1.9741915422885572,1.8732714701601163,1.079333216966312,1.4343397062080165,1.9741915422885572,1.8732714701601163
groth16,verify_steady_ms,15,cpu2,cpu8,2.0659873037086536,1.9301678752359195,1.6139563670122232,1.88582338902148,2.221094979884555,2.0761216444527877,1.6139563670122232,1.88582338902148,2.221094979884555,2.0761216444527877
groth16,verify_steady_ms,15,cpu4,cpu8,1.1685374149659864,1.1458711217183772,1.1250655938429248,1.0753277245157504,1.9141329769462079,1.4234090482447905,1.1250655938429248,1.0753277245157504,1.9141329769462079,1.4234090482447905
groth16,wall_ms,5,cpu2,cpu4,1.73467969910402,1.6198575136302669,1.6079102344366227,1.5940919937464002,1.9967170100707936,1.7304376432558455,1.6079102344366227,1.5940919937464002,1.9967170100707936,1.7304376432558455
groth16,wall_ms,5,cpu2,cpu8,2.2381441785347236,2.3872374304032395,2.065007273807438,2.2421038234118216,2.5459864396369896,2.4862552602169856,2.065007273807438,2.2421038234118216,2.5459864396369896,2.4862552602169856
groth16,wall_ms,5,cpu4,cpu8,1.2842801977256975,1.486507718913447,1.2750862675060406,1.3793873927197393,1.3737447793530104,1.534860467230252,1.2750862675060406,1.3793873927197393,1.3737447793530104,1.534860467230252
groth16,wall_ms,6,cpu2,cpu4,1.8164704476184788,1.7754379405917815,1.575095796156966,1.659607276566483,1.8293274445563115,1.8330436165330115,1.575095796156966,1.659607276566483,1.8293274445563115,1.8330436165330115
groth16,wall_ms,6,cpu2,cpu8,2.4997805058960654,2.4898467432950193,2.138451139582748,2.4770855684395654,2.5355098016911235,2.592295470936856,2.138451139582748,2.4770855684395654,2.5355098016911235,2.592295470936856
groth16,wall_ms,6,cpu4,cpu8,1.3741844658724511,1.4023845533373664,1.3294794599998474,1.3787026472214887,1.3958442346339057,1.4957973589335993,1.3294794599998474,1.3787026472214887,1.3958442346339057,1.4957973589335993
groth16,wall_ms,7,cpu2,cpu4,1.6979462859068144,1.6623838931879837,1.6092004199016765,1.57450330093698,1.8005656722586556,1.7202387811279687,1.6092004199016765,1.57450330093698,1.8005656722586556,1.7202387811279687
groth16,wall_ms,7,cpu2,cpu8,2.2633932239599024,2.4484455129758707,2.207002666061603,2.377824532271608,2.5947573122075838,2.600937899260521,2.207002666061603,2.377824532271608,2.5947573122075838,2.600937899260521
groth16,wall_ms,7,cpu4,cpu8,1.3748838937395504,1.4691719108226169,1.314980416860672,1.4436789077340264,1.441078963230862,1.5550589900439151,1.314980416860672,1.4436789077340264,1.441078963230862,1.5550589900439151
groth16,wall_ms,8,cpu2,cpu4,1.6934235327301137,1.662841714478569,1.5933103854341228,1.5701707577374602,1.8243752682753858,1.7629406009116293,1.5933103854341228,1.5701707577374602,1.8243752682753858,1.7629406009116293
groth16,wall_ms,8,cpu2,cpu8,2.2818672299265135,2.4137398251432014,2.2086074836765444,2.379987437294028,2.3491718283458796,2.5024347693532407,2.2086074836765444,2.379987437294028,2.3491718283458796,2.5024347693532407
groth16,wall_ms,8,cpu4,cpu8,1.381997166174769,1.4541300572568305,1.2876582297492956,1.4194662985577695,1.3874046996081573,1.5157507077277852,1.2876582297492956,1.4194662985577695,1.3874046996081573,1.5157507077277852
groth16,wall_ms,9,cpu2,cpu4,1.670268641294989,1.6320522044393928,1.6083305641471333,1.5994372640724253,1.8166122381081626,1.9197881782710629,1.6083305641471333,1.5994372640724253,1.8166122381081626,1.9197881782710629
groth16,wall_ms,9,cpu2,cpu8,2.276658920733282,2.4865624533492565,2.2416542960631793,2.405099779165674,2.5046833104927604,2.7656425909292275,2.2416542960631793,2.405099779165674,2.5046833104927604,2.7656425909292275
groth16,wall_ms,9,cpu4,cpu8,1.3662351543942992,1.4873065193388308,1.339191914454554,1.4405977816885667,1.3937770916216377,1.5235802179522722,1.339191914454554,1.4405977816885667,1.3937770916216377,1.5235802179522722
groth16,wall_ms,10,cpu2,cpu4,1.745726531361006,1.6721512964871939,1.6422223203922877,1.669254650186641,1.7776975850941157,1.8323956912749129,1.6422223203922877,1.669254650186641,1.7776975850941157,1.8323956912749129
groth16,wall_ms,10,cpu2,cpu8,2.3625837903717244,2.5681922047398316,2.262761807265584,2.4668455182471503,2.438468469962574,2.7552626913302998,2.262761807265584,2.4668455182471503,2.438468469962574,2.7552626913302998
groth16,wall_ms,10,cpu4,cpu8,1.3605672832135536,1.4927863490374575,1.3533527433588373,1.4201670318161341,1.3778657001355725,1.537470620878762,1.3533527433588373,1.4201670318161341,1.3778657001355725,1.537470620878762
groth16,wall_ms,11,cpu2,cpu4,1.6097635462714828,1.7036009189963832,1.5591281112262179,1.6121629632964871,1.6422356441558341,1.7799330055537574,1.5591281112262179,1.6121629632964871,1.6422356441558341,1.7799330055537574
groth16,wall_ms,11,cpu2,cpu8,2.2639074485211337,2.4904275248075676,2.137772163575944,2.3831738378026595,2.303266303685129,2.6137124061213943,2.137772163575944,2.3831738378026595,2.303266303685129,2.6137124061213943
groth16,wall_ms,11,cpu4,cpu8,1.3828736039138692,1.4782462394059963,1.3711331020095816,1.428572976017678,1.4474586874347244,1.490491905762283,1.3711331020095816,1.428572976017678,1.4474586874347244,1.490491905762283
groth16,wall_ms,12,cpu2,cpu4,1.6589572407868123,1.6017696023402164,1.6084963424546195,1.5612796589223925,1.7298440294350463,1.6634709954195899,1.6084963424546195,1.5612796589223925,1.7298440294350463,1.6634709954195899
groth16,wall_ms,12,cpu2,cpu8,2.286976535903967,2.325980715442865,2.2279306911372516,2.2141940612403292,2.3150485800634413,2.4668944776668815,2.2279306911372516,2.2141940612403292,2.3150485800634413,2.4668944776668815
groth16,wall_ms,12,cpu4,cpu8,1.3851014965550712,1.4521318871606517,1.2960023557461684,1.4181918329536065,1.412633477669429,1.5187389080279778,1.2960023557461684,1.4181918329536065,1.412633477669429,1.5187389080279778
groth16,wall_ms,13,cpu2,cpu4,1.6929923437902419,1.6215478912011365,1.5768249746218985,1.551226940835287,1.8588844895499623,1.703428976165156,1.5768249746218985,1.551226940835287,1.8588844895499623,1.703428976165156
groth16,wall_ms,13,cpu2,cpu8,2.2127483548535514,2.236162422802194,2.1181835707400665,2.1590850373529067,2.340215243638483,2.476128308671903,2.1181835707400665,2.1590850373529067,2.340215243638483,2.476128308671903
groth16,wall_ms,13,cpu4,cpu8,1.2871524509410786,1.4022858574825605,1.2589352683259256,1.3657538977833015,1.3641490830211003,1.4536140592408413,1.2589352683259256,1.3657538977833015,1.3641490830211003,1.4536140592408413
groth16,wall_ms,14,cpu2,cpu4,1.5994983176393698,1.5043911485455448,1.5786343992075342,1.4858558472719083,1.695417723540286,1.5623130229936555,1.5786343992075342,1.4858558472719083,1.695417723540286,1.5623130229936555
groth16,wall_ms,14,cpu2,cpu8,2.0463017803017105,2.0637911984326043,2.008702252019302,1.9742070793383466,2.21214925935275,2.10479714939189,2.008702252019302,1.9742070793383466,2.21214925935275,2.10479714939189
groth16,wall_ms,14,cpu4,cpu8,1.2793397515551994,1.3239780462201192,1.2546923148753384,1.3122963939577967,1.304781251627741,1.4165554170388621,1.2546923148753384,1.3122963939577967,1.304781251627741,1.4165554170388621
groth16,wall_ms,15,cpu2,cpu4,1.6239615951652797,1.4434890690829654,1.5773087058609525,1.4182741807152717,1.644289996133319,1.5166934171760256,1.5773087058609525,1.4182741807152717,1.644289996133319,1.5166934171760256
groth16,wall_ms,15,cpu2,cpu8,2.0096554825277346,1.7772693108085307,1.9094277020406059,1.7371576950223724,2.0508901882718553,1.8473161832393257,1.9094277020406059,1.7371576950223724,2.0508901882718553,1.8473161832393257
groth16,wall_ms,15,cpu4,cpu8,1.2402049400526598,1.2179891877416438,1.1757837794472428,1.1922997547153853,1.2832751939193867,1.2659962587191902,1.1757837794472428,1.1922997547153853,1.2832751939193867,1.2659962587191902
groth16,witness_ms,5,cpu2,cpu4,1.571216717222784,1.2889081831994789,1.4042125117887456,1.0744670926815616,1.7474164711849365,1.7699666618350487,1.4042125117887456,1.0744670926815616,1.7474164711849365,1.7699666618350487
groth16,witness_ms,5,cpu2,cpu8,1.6687089061566047,1.7290529227633398,1.4349563953488373,1.5731694394405,2.174345219312086,2.0204844794493346,1.4349563953488373,1.5731694394405,2.174345219312086,2.0204844794493346
groth16,witness_ms,5,cpu4,cpu8,1.0508044701593087,1.3414864963237971,0.9221158627548484,1.1415381560659208,1.2443199747554434,1.4969278033794164,0.9221158627548484,1.1415381560659208,1.2443199747554434,1.4969278033794164
groth16,witness_ms,6,cpu2,cpu4,1.6192566371681416,1.4441304489053466,1.3668485866218865,1.3252108153527593,1.776370997423629,1.9246869802617128,1.3668485866218865,1.3252108153527593,1.776370997423629,1.9246869802617128
groth16,witness_ms,6,cpu2,cpu8,1.7582087309339545,1.6218217633969285,1.4700127925351796,1.4790996784565915,1.8827120122084153,2.0720245937637243,1.4700127925351796,1.4790996784565915,1.8827120122084153,2.0720245937637243
groth16,witness_ms,6,cpu4,cpu8,1.0754759575588833,1.1088815092206599,0.9520760312752763,1.0765514678558157,1.1149598016379894,1.1230438113303907,0.9520760312752763,1.0765514678558157,1.1149598016379894,1.1230438113303907
groth16,witness_ms,7,cpu2,cpu4,1.6241324079017618,1.449140062793476,1.3003179837474974,1.303954029278971,1.9549451298479996,1.8915175323730538,1.3003179837474974,1.303954029278971,1.9549451298479996,1.8915175323730538
groth16,witness_ms,7,cpu2,cpu8,1.743266475644699,1.7956345107760106,1.589561500275786,1.572861999537908,2.3329266308768504,2.050859757059473,1.589561500275786,1.572861999537908,2.3329266308768504,2.050859757059473
groth16,witness_ms,7,cpu4,cpu8,1.105281301709873,1.1625468164794008,1.0045216899816307,1.0842404164694748,1.3054039511107693,1.2391034910142533,1.0045216899816307,1.0842404164694748,1.3054039511107693,1.2391034910142533
groth16,witness_ms,8,cpu2,cpu4,1.5066014381704584,1.4315482182403865,1.3686327870792168,1.3103716833172199,1.8750638919313616,1.566046389726117,1.3686327870792168,1.3103716833172199,1.8750638919313616,1.566046389726117
groth16,witness_ms,8,cpu2,cpu8,1.6994049805333138,1.5941038000224188,1.6176284584980238,1.5477769589781383,2.011987777168377,1.7949757801058916,1.6176284584980238,1.5477769589781383,2.011987777168377,1.7949757801058916
groth16,witness_ms,8,cpu4,cpu8,1.2001288383079236,1.1461830197889677,1.070118577075099,1.072617293048391,1.2416807463454052,1.1981851530070469,1.070118577075099,1.072617293048391,1.2416807463454052,1.1981851530070469
groth16,witness_ms,9,cpu2,cpu4,1.6163186636684872,1.3938601321585904,1.3799511920405483,1.1321979532610358,2.002147706803381,1.5982416879795396,1.3799511920405483,1.1321979532610358,2.002147706803381,1.5982416879795396
groth16,witness_ms,9,cpu2,cpu8,1.863838260070455,1.5653195775593676,1.570726495726496,1.4225714193900831,2.0719099512474908,1.8159462404649473,1.570726495726496,1.4225714193900831,2.0719099512474908,1.8159462404649473
groth16,witness_ms,9,cpu4,cpu8,1.1382478632478632,1.1362150381402107,1.0348437051907082,1.0608952729843506,1.2475953831356204,1.3017629904559915,1.0348437051907082,1.0608952729843506,1.2475953831356204,1.3017629904559915
groth16,witness_ms,10,cpu2,cpu4,1.4773733739274841,1.5174904450346571,1.3950296011970595,1.361555938791711,1.7805339641770868,1.8676039036374803,1.3950296011970595,1.361555938791711,1.7805339641770868,1.8676039036374803
groth16,witness_ms,10,cpu2,cpu8,1.6054089517422365,1.6219275773731219,1.4638009049773755,1.542725101578735,1.9239702015775635,1.9041853668719342,1.4638009049773755,1.542725101578735,1.9239702015775635,1.9041853668719342
groth16,witness_ms,10,cpu4,cpu8,1.1002332701559994,1.0688222668420688,0.9908131084601672,1.0195873777963331,1.1269887821687807,1.1528203665406833,0.9908131084601672,1.0195873777963331,1.1269887821687807,1.1528203665406833
groth16,witness_ms,11,cpu2,cpu4,1.8158272442588725,1.89060773480663,1.5176470588235293,1.5107275477926008,1.9173810884612943,2.100786275911365,1.5176470588235293,1.5107275477926008,1.9173810884612943,2.100786275911365
groth16,witness_ms,11,cpu2,cpu8,1.8036581880537295,1.8949859041482078,1.7433761352959598,1.5442308368186133,2.198893015803656,2.3607462080173347,1.7433761352959598,1.5442308368186133,2.198893015803656,2.3607462080173347
groth16,witness_ms,11,cpu4,cpu8,1.0751341681574238,1.0221769233472744,0.9601002192295647,1.0015033287994846,1.155672253794691,1.174972914409534,0.9601002192295647,1.0015033287994846,1.155672253794691,1.174972914409534
groth16,witness_ms,12,cpu2,cpu4,1.5612580834803054,1.2983978813226003,1.2879215067102738,1.1439782674313312,1.8944867538892145,1.5859781401601494,1.2879215067102738,1.1439782674313312,1.8944867538892145,1.5859781401601494
groth16,witness_ms,12,cpu2,cpu8,1.7145942180424938,1.4886247481089923,1.5971253307673803,1.4141414141414141,1.909025318116227,1.5988274460124328,1.5971253307673803,1.4141414141414141,1.909025318116227,1.5988274460124328
groth16,witness_ms,12,cpu4,cpu8,1.1105538140020899,1.1258844874508618,1.0076741440377803,1.0081018177532926,1.2507229000634743,1.2361610831267822,1.0076741440377803,1.0081018177532926,1.2507229000634743,1.2361610831267822
groth16,witness_ms,13,cpu2,cpu4,1.7308630195080579,1.3994714466275997,1.4530914299355453,1.3378512631280157,1.8503473562331145,1.5143815111962637,1.4530914299355453,1.3378512631280157,1.8503473562331145,1.5143815111962637
groth16,witness_ms,13,cpu2,cpu8,1.8253589978612894,1.5503169471245641,1.5514604679614619,1.4723863483070283,2.129949464097295,1.6756677973288108,1.5514604679614619,1.4723863483070283,2.129949464097295,1.6756677973288108
groth16,witness_ms,13,cpu4,cpu8,1.067696385787837,1.1077874799521397,1.0395967002749773,1.0723593686766493,1.151107902482368,1.178484107579462,1.0395967002749773,1.0723593686766493,1.151107902482368,1.178484107579462
groth16,witness_ms,14,cpu2,cpu4,1.5801353208584419,1.2935384908083427,1.4860617586707372,1.2784654296394118,1.7009205020920501,1.5444974034288965,1.4860617586707372,1.2784654296394118,1.7009205020920501,1.5444974034288965
groth16,witness_ms,14,cpu2,cpu8,1.7568782912253713,1.4181646638196443,1.6904936945088505,1.372530217769815,1.856924473319639,1.6373303167420812,1.6904936945088505,1.372530217769815,1.856924473319639,1.6373303167420812
groth16,witness_ms,14,cpu4,cpu8,1.11489036449625,1.0728998087391497,1.0698410903127298,1.060105580693816,1.1822377374119877,1.1092710298937332,1.0698410903127298,1.060105580693816,1.1822377374119877,1.1092710298937332
groth16,witness_ms,15,cpu2,cpu4,1.4048487914152545,1.2836178496555855,1.1499390833088265,1.2410647085819182,1.5089290155698154,1.5319430893124992,1.1499390833088265,1.2410647085819182,1.5089290155698154,1.5319430893124992
groth16,witness_ms,15,cpu2,cpu8,1.5244924796580916,1.324523183163433,1.3032423939437223,1.1527896851412913,1.5808261505935923,1.645837570599371,1.3032423939437223,1.1527896851412913,1.5808261505935923,1.645837570599371
groth16,witness_ms,15,cpu4,cpu8,1.0544505629982739,1.034877507398882,0.98841139546113,0.8980785717887941,1.1333142884349856,1.0743464180108577,0.98841139546113,0.8980785717887941,1.1333142884349856,1.0743464180108577
plonk,input_ms,5,cpu2,cpu4,0.9974968710888611,0.9488272921108742,0.900355871886121,0.08161008514873383,2.14,1.0507757404795488,0.900355871886121,0.08161008514873383,2.14,1.0507757404795488
plonk,input_ms,5,cpu2,cpu8,1.0217948717948717,0.9880952380952381,0.8359030837004405,0.5272511848341233,2.2594268476621417,1.0537482319660538,0.8359030837004405,0.5272511848341233,2.2594268476621417,1.0537482319660538
plonk,input_ms,5,cpu4,cpu8,1.0243589743589743,1.002828854314003,0.9284140969162995,0.5556872037914692,1.0558069381598791,12.754583921015515,0.9284140969162995,0.5556872037914692,1.0558069381598791,12.754583921015515
plonk,input_ms,6,cpu2,cpu4,1.5897435897435896,1.005050505050505,1.0091533180778032,0.9888059701492538,1.6609756097560977,1.0345679012345679,1.0091533180778032,0.9888059701492538,1.6609756097560977,1.0345679012345679
plonk,input_ms,6,cpu2,cpu8,1.5382955771305284,0.9900621118012423,0.9658952496954935,0.9815043156596794,1.6342015855039638,1.0235732009925558,0.9658952496954935,0.9815043156596794,1.6342015855039638,1.0235732009925558
plonk,input_ms,6,cpu4,cpu8,0.9796893667861409,0.9937888198757764,0.9293544457978076,0.9765721331689272,1.0671550671550671,0.9938195302843016,0.9293544457978076,0.9765721331689272,1.0671550671550671,0.9938195302843016
plonk,input_ms,7,cpu2,cpu4,0.8872180451127819,0.8953386103781882,0.1529259618493372,0.533160621761658,1.0941860465116278,0.9863945578231292,0.1529259618493372,0.533160621761658,1.0941860465116278,0.9863945578231292
plonk,input_ms,7,cpu2,cpu8,1.014008620689655,0.9337626494940202,0.8261376896149358,0.68375325803649,1.1235154394299287,1.0038647342995168,0.8261376896149358,0.68375325803649,1.1235154394299287,1.0038647342995168
plonk,input_ms,7,cpu4,cpu8,1.084762865792129,1.0357487922705315,0.9267241379310345,0.9466421343146274,7.346793349168646,1.6411564625850341,0.9267241379310345,0.9466421343146274,7.346793349168646,1.6411564625850341
plonk,input_ms,8,cpu2,cpu4,1.0452961672473868,0.9944258639910813,0.9287072243346007,0.982896846606093,1.4503753127606338,1.110041265474553,0.9287072243346007,0.982896846606093,1.4503753127606338,1.110041265474553
plonk,input_ms,8,cpu2,cpu8,1.0393617021276595,0.9887096774193548,0.44168826360607183,0.90927624872579,1.4863247863247866,1.1024590163934427,0.44168826360607183,0.90927624872579,1.4863247863247866,1.1024590163934427
plonk,input_ms,8,cpu4,cpu8,1.0182608695652176,0.9931693989071039,0.4713069233617178,0.9071709233791748,1.119148936170213,1.0059139784946236,0.4713069233617178,0.9071709233791748,1.119148936170213,1.0059139784946236
plonk,input_ms,9,cpu2,cpu4,1.0213698630136987,1.0239265814487053,0.9394107837687604,0.9209683161267355,1.28,1.078756476683938,0.9394107837687604,0.9209683161267355,1.28,1.078756476683938
plonk,input_ms,9,cpu2,cpu8,0.9877264757451781,1.0235166425470335,0.9675072744907858,0.8936096718480139,1.3774173424828449,1.096140350877193,0.9675072744907858,0.8936096718480139,1.3774173424828449,1.096140350877193
plonk,input_ms,9,cpu4,cpu8,1.0514319111630626,0.9900820793433652,0.9578079534432591,0.9602026049204052,1.214814814814815,1.0705263157894738,0.9578079534432591,0.9602026049204052,1.214814814814815,1.0705263157894738
plonk,input_ms,10,cpu2,cpu4,1.0140117994100295,0.9961494031574895,0.9980237154150199,0.9789373814041746,1.1102941176470589,1.0735798703774302,0.9980237154150199,0.9789373814041746,1.1102941176470589,1.0735798703774302
plonk,input_ms,10,cpu2,cpu8,1.0312135355892649,0.9814744801512287,1.0034071550255537,0.9509677419354838,1.1629146919431281,1.0686907020872864,1.0034071550255537,0.9509677419354838,1.1629146919431281,1.0686907020872864
plonk,input_ms,10,cpu4,cpu8,1.0332555425904317,0.9863041289023163,0.979557069846678,0.9379962192816634,1.0679648720885835,0.9982702287142032,0.979557069846678,0.9379962192816634,1.0679648720885835,0.9982702287142032
plonk,input_ms,11,cpu2,cpu4,1.0455284552845527,0.9772727272727273,0.9268464657147893,0.9602858826996759,1.2510618932038835,1.0541366342839236,0.9268464657147893,0.9602858826996759,1.2510618932038835,1.0541366342839236
plonk,input_ms,11,cpu2,cpu8,1.0558015943312666,1.006880969497792,0.932434828870367,0.7900570497147515,1.1820266590225024,1.0717699537995857,0.932434828870367,0.7900570497147515,1.1820266590225024,1.0717699537995857
plonk,input_ms,11,cpu4,cpu8,1.0017391304347825,1.0120258272800644,0.9249511204692435,0.8207008964955176,1.045881310894597,1.0302968059977407,0.9249511204692435,0.8207008964955176,1.045881310894597,1.0302968059977407
plonk,input_ms,12,cpu2,cpu4,1.0762213066509714,1.1076748796374964,1.0046158023350529,0.9272252551625919,1.8511612326931668,1.113866448512118,1.0046158023350529,0.9272252551625919,1.8511612326931668,1.113866448512118
plonk,input_ms,12,cpu2,cpu8,1.0639473990457349,1.1089306358381503,1.0162043394671794,0.9310706454380779,1.877151268115942,1.1483939162604968,1.0162043394671794,0.9310706454380779,1.877151268115942,1.1483939162604968
plonk,input_ms,12,cpu4,cpu8,1.002210716155681,1.0102601156069364,0.9661511913453242,0.9582557569818716,1.0140398550724636,1.0367608197780258,0.9661511913453242,0.9582557569818716,1.0140398550724636,1.0367608197780258
plonk,input_ms,13,cpu2,cpu4,1.123039549948858,1.1090144937562696,1.0293652774311621,0.8871419283790418,1.1666515918958034,1.156084112469605,1.0293652774311621,0.8871419283790418,1.1666515918958034,1.156084112469605
plonk,input_ms,13,cpu2,cpu8,1.137436871411922,1.1857875042119637,1.0321127700392025,1.1315024805102765,1.1757976298997266,1.1999751164196084,1.0321127700392025,1.1315024805102765,1.1757976298997266,1.1999751164196084
plonk,input_ms,13,cpu4,cpu8,1.0078395624430263,1.0379652340833956,1.0012447954672274,0.9883416017009213,1.0128199594250442,1.3366378775249614,1.0012447954672274,0.9883416017009213,1.0128199594250442,1.3366378775249614
plonk,input_ms,14,cpu2,cpu4,1.0742991570280338,1.0888409926334903,1.0281025545663744,0.988846260676342,1.1267578746420617,1.1346711690939113,1.0281025545663744,0.988846260676342,1.1267578746420617,1.1346711690939113
plonk,input_ms,14,cpu2,cpu8,1.065895995261089,1.0542738707833048,1.0008825326423931,0.967653903463979,1.119727661727198,1.063388620472087,1.0008825326423931,0.967653903463979,1.119727661727198,1.063388620472087
plonk,input_ms,14,cpu4,cpu8,0.9937606711494277,0.9669055048012516,0.9723830628827412,0.9146561971571598,1.0171067511533145,1.0477359743177002,0.9723830628827412,0.9146561971571598,1.0171067511533145,1.0477359743177002
plonk,input_ms,15,cpu2,cpu4,1.1025248863977932,1.1413491627982855,1.054070684915192,1.1012389146672261,1.122435150029398,1.1840084174308405,1.054070684915192,1.1012389146672261,1.122435150029398,1.1840084174308405
plonk,input_ms,15,cpu2,cpu8,1.0581886922151573,1.1079328551611412,1.0508547914987485,1.0330354962068602,1.1379139641550988,1.1291368052529231,1.0508547914987485,1.0330354962068602,1.1379139641550988,1.1291368052529231
plonk,input_ms,15,cpu4,cpu8,0.9740890001272643,0.9536560624315643,0.9546571575872143,0.9380666469809815,1.0137903861308115,0.9766402688306376,0.9546571575872143,0.9380666469809815,1.0137903861308115,0.9766402688306376
plonk,prove_ms,5,cpu2,cpu4,1.1915240256110429,1.0930455598799922,1.070447733972672,1.087368892207659,1.3158424605793873,1.1107451107415205,1.070447733972672,1.087368892207659,1.3158424605793873,1.1107451107415205
plonk,prove_ms,5,cpu2,cpu8,1.2583689330279755,1.1647123666949655,1.2551239079534282,1.1419933526381565,1.3948032535812325,1.1695244885373852,1.2551239079534282,1.1419933526381565,1.3948032535812325,1.1695244885373852
plonk,prove_ms,5,cpu4,cpu8,1.0773007367956386,1.0548812169470694,1.0537193748041065,1.0370344902935391,1.1755538295717491,1.0755544847001535,1.0537193748041065,1.0370344902935391,1.1755538295717491,1.0755544847001535
plonk,prove_ms,6,cpu2,cpu4,1.1849047421311822,1.096962266411238,1.0567035136322718,1.0917196460771332,1.3102089815754279,1.11062373425821,1.0567035136322718,1.0917196460771332,1.3102089815754279,1.11062373425821
plonk,prove_ms,6,cpu2,cpu8,1.2656465205449203,1.1547710432641842,1.2419753030701972,1.142561456228583,1.386789537798161,1.1738321911736767,1.2419753030701972,1.142561456228583,1.386789537798161,1.1738321911736767
plonk,prove_ms,6,cpu4,cpu8,1.07404166740394,1.0466129588775703,1.0491933130231674,1.0376722747808031,1.1753299644108113,1.0752139483718166,1.0491933130231674,1.0376722747808031,1.1753299644108113,1.0752139483718166
plonk,prove_ms,7,cpu2,cpu4,1.1678898352072509,1.1004550383190161,1.0261523090824627,1.090892756422588,1.30765848784977,1.1122944280875642,1.0261523090824627,1.090892756422588,1.30765848784977,1.1122944280875642
plonk,prove_ms,7,cpu2,cpu8,1.263475936160318,1.1542353182815788,1.250925065617981,1.1498249087760977,1.3833966558162343,1.1762067408894155,1.250925065617981,1.1498249087760977,1.3833966558162343,1.1762067408894155
plonk,prove_ms,7,cpu4,cpu8,1.0818451347648768,1.0487806415223027,1.0560350772158185,1.0377066441536762,1.2224086422290965,1.0746178360495757,1.0560350772158185,1.0377066441536762,1.2224086422290965,1.0746178360495757
plonk,prove_ms,8,cpu2,cpu4,1.1935105190060336,1.0962637596093119,1.185600659402161,1.0874089606802293,1.3031053436169824,1.1140225807633644,1.185600659402161,1.0874089606802293,1.3031053436169824,1.1140225807633644
plonk,prove_ms,8,cpu2,cpu8,1.277811966060611,1.1626837247676471,1.2630632014546366,1.1488103071815619,1.3755923801836292,1.1717650104991735,1.2630632014546366,1.1488103071815619,1.3755923801836292,1.1717650104991735
plonk,prove_ms,8,cpu4,cpu8,1.0662875767353208,1.058362460529599,1.0556263827185661,1.0318885175390693,1.0866506631874102,1.0747194034850513,1.0556263827185661,1.0318885175390693,1.0866506631874102,1.0747194034850513
plonk,prove_ms,9,cpu2,cpu4,1.1838797461289836,1.0990276720835728,1.081875122981026,1.0893622479467124,1.3042481877532257,1.1111014603591698,1.081875122981026,1.0893622479467124,1.3042481877532257,1.1111014603591698
plonk,prove_ms,9,cpu2,cpu8,1.264700457513921,1.1675034781888423,1.2536720464057598,1.1469115622464507,1.387441518213201,1.1760983399290026,1.2536720464057598,1.1469115622464507,1.387441518213201,1.1760983399290026
plonk,prove_ms,9,cpu4,cpu8,1.0637864259587655,1.0584976997049598,1.058952187082329,1.052828445641668,1.169524475881617,1.071510361168377,1.058952187082329,1.052828445641668,1.169524475881617,1.071510361168377
plonk,prove_ms,10,cpu2,cpu4,1.1806233997669398,1.0987814142802546,1.0672627279289097,1.0952079061859006,1.3085217194911818,1.1125835188867421,1.0672627279289097,1.0952079061859006,1.3085217194911818,1.1125835188867421
plonk,prove_ms,10,cpu2,cpu8,1.2705343624475465,1.1683112364452852,1.2426928781366262,1.156661243146005,1.3854702030456327,1.1815438352138985,1.2426928781366262,1.156661243146005,1.3854702030456327,1.1815438352138985
plonk,prove_ms,10,cpu4,cpu8,1.0769558824351362,1.060122572723579,1.0362865789479354,1.052676381410823,1.172530172187421,1.0742426516096124,1.0362865789479354,1.052676381410823,1.172530172187421,1.0742426516096124
plonk,prove_ms,11,cpu2,cpu4,1.1805273622936527,1.1093048495677151,1.0710910752626104,1.0975860663682488,1.3367622330565307,1.1275393881648348,1.0710910752626104,1.0975860663682488,1.3367622330565307,1.1275393881648348
plonk,prove_ms,11,cpu2,cpu8,1.2376265026618438,1.1601509474076857,1.2165300081771133,1.1463288616775065,1.3862213040161688,1.1654547363490717,1.2165300081771133,1.1463288616775065,1.3862213040161688,1.1654547363490717
plonk,prove_ms,11,cpu4,cpu8,1.0381892861412487,1.044409087180325,1.0333936591417512,1.017250809257382,1.155482041859421,1.0506171831875049,1.0333936591417512,1.017250809257382,1.155482041859421,1.0506171831875049
plonk,prove_ms,12,cpu2,cpu4,1.1872547649538874,1.1105090011946297,1.063964880100456,1.0968944336243898,1.3145560794853575,1.1178886686085665,1.063964880100456,1.0968944336243898,1.3145560794853575,1.1178886686085665
plonk,prove_ms,12,cpu2,cpu8,1.2421891497242685,1.1580218513932,1.223424468287917,1.144259319761228,1.3777293386429381,1.1754904609458239,1.223424468287917,1.144259319761228,1.3777293386429381,1.1754904609458239
plonk,prove_ms,12,cpu4,cpu8,1.0541400187000884,1.0427847501888396,1.030464988982743,1.0306967439374137,1.16617516294392,1.0590619201622375,1.030464988982743,1.0306967439374137,1.16617516294392,1.0590619201622375
plonk,prove_ms,13,cpu2,cpu4,1.1816002643286896,1.1165572727081066,1.0579864675868502,1.097031277802345,1.3001971405982937,1.126016749681518,1.0579864675868502,1.097031277802345,1.3001971405982937,1.126016749681518
plonk,prove_ms,13,cpu2,cpu8,1.2462465152561515,1.158157237381664,1.2422365145857392,1.1355298009699926,1.381056389169829,1.1828738811335273,1.2422365145857392,1.1355298009699926,1.381056389169829,1.1828738811335273
plonk,prove_ms,13,cpu4,cpu8,1.0621899910765282,1.0372573496141944,1.0430865014310542,1.03466868131493,1.1778487853214425,1.0532121682919071,1.0430865014310542,1.03466868131493,1.1778487853214425,1.0532121682919071
plonk,prove_ms,14,cpu2,cpu4,1.1885793753824325,1.1107125526854846,1.0707343108198486,1.1064516768741617,1.2940395270689278,1.1241738706203142,1.0707343108198486,1.1064516768741617,1.2940395270689278,1.1241738706203142
plonk,prove_ms,14,cpu2,cpu8,1.2536897629447425,1.1493658802433313,1.2110461729923014,1.1410244895376562,1.3526056976008027,1.1735723054749296,1.2110461729923014,1.1410244895376562,1.3526056976008027,1.1735723054749296
plonk,prove_ms,14,cpu4,cpu8,1.0547800078908152,1.0348539334184501,1.0108923068322737,1.0163412970001175,1.1460016414386336,1.0504250777853419,1.0108923068322737,1.0163412970001175,1.1460016414386336,1.0504250777853419
plonk,prove_ms,15,cpu2,cpu4,1.1739942233351646,1.1070729146637581,1.0854324088704648,1.1006655797944946,1.316343516505748,1.1193840375803168,1.0854324088704648,1.1006655797944946,1.316343516505748,1.1193840375803168
plonk,prove_ms,15,cpu2,cpu8,1.2623147545778735,1.1512589276348706,1.2246336562632534,1.1460706547346595,1.34547042520139,1.1687430306451856,1.2246336562632534,1.1460706547346595,1.34547042520139,1.1687430306451856
plonk,prove_ms,15,cpu4,cpu8,1.068881448473953,1.0420880245783897,1.022127133480294,1.0284753837686083,1.1739415204406431,1.0618511672395547,1.022127133480294,1.0284753837686083,1.1739415204406431,1.0618511672395547
plonk,stage_sum_ms,5,cpu2,cpu4,1.1918298839754717,1.0935858012082946,1.0707380787506866,1.0876141442230134,1.3162168120981292,1.1113524577767644,1.0707380787506866,1.0876141442230134,1.3162168120981292,1.1113524577767644
plonk,stage_sum_ms,5,cpu2,cpu8,1.2586871735617835,1.1654300200626355,1.2562416632994846,1.1426626840892726,1.3949902054635188,1.170231689408047,1.2562416632994846,1.1426626840892726,1.3949902054635188,1.170231689408047
plonk,stage_sum_ms,5,cpu4,cpu8,1.077263914587899,1.0550888959238318,1.054044440561568,1.037450349298799,1.1755322786599611,1.0759621834856288,1.054044440561568,1.037450349298799,1.1755322786599611,1.0759621834856288
plonk,stage_sum_ms,6,cpu2,cpu4,1.1858018454104657,1.0983521192051962,1.0581151626369707,1.0926011736940215,1.3104593601624357,1.1110621982021094,1.0581151626369707,1.0926011736940215,1.3104593601624357,1.1110621982021094
plonk,stage_sum_ms,6,cpu2,cpu8,1.2661331424768596,1.155254504551267,1.2434252626655908,1.1433765834014415,1.3870405746573196,1.175002780599293,1.2434252626655908,1.1433765834014415,1.3870405746573196,1.175002780599293
plonk,stage_sum_ms,6,cpu4,cpu8,1.074241406304924,1.0465332148837159,1.0494067959977655,1.0378905531512812,1.1751322602416938,1.0754178275561213,1.0494067959977655,1.0378905531512812,1.1751322602416938,1.0754178275561213
plonk,stage_sum_ms,7,cpu2,cpu4,1.16766509213837,1.1014108900379613,1.0273951948846936,1.0911314603233162,1.3079104029706252,1.1125386949856522,1.0273951948846936,1.0911314603233162,1.3079104029706252,1.1125386949856522
plonk,stage_sum_ms,7,cpu2,cpu8,1.2639655599036186,1.1550011904437254,1.251556232373107,1.1504615489248469,1.383976256142289,1.1766835412486565,1.251556232373107,1.1504615489248469,1.383976256142289,1.1766835412486565
plonk,stage_sum_ms,7,cpu4,cpu8,1.082472678521965,1.0486560473393514,1.0560661323805507,1.037914445448584,1.2219020821816804,1.0748949232097735,1.0560661323805507,1.037914445448584,1.2219020821816804,1.0748949232097735
plonk,stage_sum_ms,8,cpu2,cpu4,1.194524907762963,1.0965331382431185,1.1860947487246005,1.088906756324485,1.3031918691045277,1.1144498477633225,1.1860947487246005,1.088906756324485,1.3031918691045277,1.1144498477633225
plonk,stage_sum_ms,8,cpu2,cpu8,1.2786125643707307,1.1630648071234402,1.263978414515419,1.150241252972292,1.3759086160161569,1.172309488598093,1.263978414515419,1.150241252972292,1.3759086160161569,1.172309488598093
plonk,stage_sum_ms,8,cpu4,cpu8,1.066072049620439,1.0585930077584136,1.0557989568808435,1.032115761225866,1.0867416428988887,1.0748949045824272,1.0557989568808435,1.032115761225866,1.0867416428988887,1.0748949045824272
plonk,stage_sum_ms,9,cpu2,cpu4,1.1847854045845772,1.0998055981880464,1.0825152981339021,1.090099357168868,1.3050118792271566,1.1114063299624724,1.0825152981339021,1.090099357168868,1.3050118792271566,1.1114063299624724
plonk,stage_sum_ms,9,cpu2,cpu8,1.2648154482808978,1.1682638417558002,1.254724102914793,1.147712934892565,1.3884196031954559,1.1770187748440812,1.254724102914793,1.147712934892565,1.3884196031954559,1.1770187748440812
plonk,stage_sum_ms,9,cpu4,cpu8,1.063913382932341,1.0590355148362565,1.0590306886458807,1.052851675716356,1.1694179550222688,1.0715824170701933,1.0590306886458807,1.052851675716356,1.1694179550222688,1.0715824170701933
plonk,stage_sum_ms,10,cpu2,cpu4,1.1812552696823237,1.0993362430741587,1.068300364368834,1.0968012558023401,1.3089848977716674,1.1130392290653681,1.068300364368834,1.0968012558023401,1.3089848977716674,1.1130392290653681
plonk,stage_sum_ms,10,cpu2,cpu8,1.2714191367627905,1.1690793497006347,1.2438818255384971,1.1573535355037339,1.385956881588144,1.1821104022524855,1.2438818255384971,1.1573535355037339,1.385956881588144,1.1821104022524855
plonk,stage_sum_ms,10,cpu4,cpu8,1.0768237382501862,1.0601428596339977,1.0365794955402041,1.0527748382672593,1.1722399960955792,1.0742402029157418,1.0365794955402041,1.0527748382672593,1.1722399960955792,1.0742402029157418
plonk,stage_sum_ms,11,cpu2,cpu4,1.1807535662216913,1.1099254322378935,1.071718630002709,1.09778461202776,1.3367774723791646,1.1277112724162048,1.071718630002709,1.09778461202776,1.3367774723791646,1.1277112724162048
plonk,stage_sum_ms,11,cpu2,cpu8,1.2382353743390373,1.160830311878091,1.2166678669752895,1.1464746873530958,1.386332999968054,1.1660470944601322,1.2166678669752895,1.1464746873530958,1.386332999968054,1.1660470944601322
plonk,stage_sum_ms,11,cpu4,cpu8,1.0384741081881905,1.0443530313614056,1.033440131653144,1.0172552149918817,1.155373565108136,1.0505634528159995,1.033440131653144,1.0172552149918817,1.155373565108136,1.0505634528159995
plonk,stage_sum_ms,12,cpu2,cpu4,1.1873608875356807,1.110741575767863,1.0651108905489517,1.097142900458036,1.314414675011572,1.118222583463144,1.0651108905489517,1.097142900458036,1.314414675011572,1.118222583463144
plonk,stage_sum_ms,12,cpu2,cpu8,1.2418901155110098,1.1581814828630355,1.2235340674284667,1.1442006636957807,1.3776387327475392,1.1758277826348646,1.2235340674284667,1.1442006636957807,1.3776387327475392,1.1758277826348646
plonk,stage_sum_ms,12,cpu4,cpu8,1.0535304872778812,1.042710120994955,1.030465194089273,1.0306578996467013,1.165972601097851,1.058975029334193,1.030465194089273,1.0306578996467013,1.165972601097851,1.058975029334193
plonk,stage_sum_ms,13,cpu2,cpu4,1.182049176424567,1.1167964702992836,1.0586259421438935,1.097387064730098,1.3005573931223897,1.1257825370432264,1.0586259421438935,1.097387064730098,1.3005573931223897,1.1257825370432264
plonk,stage_sum_ms,13,cpu2,cpu8,1.2465764024294765,1.1586215592241704,1.242221189359319,1.1359161389568142,1.3813990139688372,1.183156332107029,1.242221189359319,1.1359161389568142,1.3813990139688372,1.183156332107029
plonk,stage_sum_ms,13,cpu4,cpu8,1.0621592105615287,1.0374509501392661,1.0430007709331155,1.03468254463471,1.1774291013639064,1.0532110533286896,1.0430007709331155,1.03468254463471,1.1774291013639064,1.0532110533286896
plonk,stage_sum_ms,14,cpu2,cpu4,1.1883966827919834,1.1112189264660044,1.0713122024277604,1.1065810321380751,1.2936050177053326,1.1241970861145978,1.0713122024277604,1.1065810321380751,1.2936050177053326,1.1241970861145978
plonk,stage_sum_ms,14,cpu2,cpu8,1.253270659875649,1.1491842977803806,1.2111526039365421,1.1409486575061585,1.3521877634919999,1.1734275678996966,1.2111526039365421,1.1409486575061585,1.3521877634919999,1.1734275678996966
plonk,stage_sum_ms,14,cpu4,cpu8,1.0545894969441116,1.0344985369149,1.0110625482598294,1.016186664826051,1.1455380335305825,1.050371243905119,1.0110625482598294,1.016186664826051,1.1455380335305825,1.050371243905119
plonk,stage_sum_ms,15,cpu2,cpu4,1.1738200589749441,1.1075732353438312,1.085964592299248,1.1015234463802446,1.3152310793921598,1.119922391541238,1.085964592299248,1.1015234463802446,1.3152310793921598,1.119922391541238
plonk,stage_sum_ms,15,cpu2,cpu8,1.261794882453154,1.1512784579161421,1.2239282507836202,1.1462477112969396,1.3439793739473007,1.1690210172924174,1.2239282507836202,1.1462477112969396,1.3439793739473007,1.1690210172924174
plonk,stage_sum_ms,15,cpu4,cpu8,1.068420887632819,1.0412037734766206,1.0218579799440468,1.0279984279372716,1.1725289042409948,1.0612765630490926,1.0218579799440468,1.0279984279372716,1.1725289042409948,1.0612765630490926
plonk,verify_first_ms,5,cpu2,cpu4,1.2474035608308607,1.0183820847618354,1.2029534762153684,0.8747659931573172,1.4100359342915811,1.882105713064539,1.2029534762153684,0.8747659931573172,1.4100359342915811,1.882105713064539
plonk,verify_first_ms,5,cpu2,cpu8,1.1840246564787467,1.0994644825956843,0.9635182886066279,0.9500242306760359,1.4044484213217434,1.9397254239776813,0.9635182886066279,0.9500242306760359,1.4044484213217434,1.9397254239776813
plonk,verify_first_ms,5,cpu4,cpu8,0.9645563118017209,1.0796188376122224,0.7724190621717123,1.030614492328023,0.9960373258340789,1.2238110285985149,0.7724190621717123,1.030614492328023,0.9960373258340789,1.2238110285985149
plonk,verify_first_ms,6,cpu2,cpu4,1.3419155509783727,1.1352681851579722,0.8023629391646804,1.0564405383136501,1.4598540145985401,1.49564907275321,0.8023629391646804,1.0564405383136501,1.4598540145985401,1.49564907275321
plonk,verify_first_ms,6,cpu2,cpu8,1.4602346805736635,1.201367724671077,1.0174793008279668,1.007794589637781,1.5208144209570742,1.663546211820706,1.0174793008279668,1.007794589637781,1.5208144209570742,1.663546211820706
plonk,verify_first_ms,6,cpu4,cpu8,1.0971834559756406,1.0124143282038018,1.0002607561929595,0.9240901683867463,1.2681035615718228,1.1122570408568029,1.0002607561929595,0.9240901683867463,1.2681035615718228,1.1122570408568029
plonk,verify_first_ms,7,cpu2,cpu4,1.2320084510761917,1.0892168144588101,1.029549509366637,0.7879838243789716,1.5873596239226953,1.1791486455725015,1.029549509366637,0.7879838243789716,1.5873596239226953,1.1791486455725015
plonk,verify_first_ms,7,cpu2,cpu8,1.2544760400210637,1.0705672493756688,1.2067703568161026,0.9977528089887641,1.581988547631442,1.348286322855483,1.2067703568161026,0.9977528089887641,1.581988547631442,1.348286322855483
plonk,verify_first_ms,7,cpu4,cpu8,0.9966163456533056,1.224682114503324,0.982613208771247,0.8461637239165329,1.1721343615213697,1.3586157688191223,0.982613208771247,0.8461637239165329,1.1721343615213697,1.3586157688191223
plonk,verify_first_ms,8,cpu2,cpu4,1.3513093077521388,1.0717644544191514,1.1196562116307625,0.7751261501929356,1.397520340953119,1.346163986290535,1.1196562116307625,0.7751261501929356,1.397520340953119,1.346163986290535
plonk,verify_first_ms,8,cpu2,cpu8,1.3588841089818797,1.3833367818470237,1.29817522971399,1.0563227532354855,1.476941269215609,1.4617807042656743,1.29817522971399,1.0563227532354855,1.476941269215609,1.4617807042656743
plonk,verify_first_ms,8,cpu4,cpu8,1.0655630009197214,1.2907097041175253,0.9672704559650218,1.0858860578299456,1.1594409214442862,1.398737856015943,0.9672704559650218,1.0858860578299456,1.1594409214442862,1.398737856015943
plonk,verify_first_ms,9,cpu2,cpu4,1.1665690523603138,1.1231019218916345,1.013993399339934,0.8187233086086761,1.5090309822017138,1.4190138346931536,1.013993399339934,0.8187233086086761,1.5090309822017138,1.4190138346931536
plonk,verify_first_ms,9,cpu2,cpu8,1.3716926193189012,1.401120840630473,0.9764810577167558,0.9374597863852786,1.509827199577892,1.5779999999999998,0.9764810577167558,0.9374597863852786,1.509827199577892,1.5779999999999998
plonk,verify_first_ms,9,cpu4,cpu8,1.1221083070452158,1.1450263801312572,0.9630053394355454,0.9512592592592592,1.2490970072239422,1.4484285714285714,0.9630053394355454,0.9512592592592592,1.2490970072239422,1.4484285714285714
plonk,verify_first_ms,10,cpu2,cpu4,1.1923706408158128,1.1105485734707248,0.8930098209127673,0.8777836691410392,1.5600948866631523,1.3043504386492009,0.8930098209127673,0.8777836691410392,1.5600948866631523,1.3043504386492009
plonk,verify_first_ms,10,cpu2,cpu8,1.266195226670034,1.204437977446344,1.0082181059222541,1.176030194282886,1.5486656200941913,1.3290271230025104,1.0082181059222541,1.176030194282886,1.5486656200941913,1.3290271230025104
plonk,verify_first_ms,10,cpu4,cpu8,1.0362687540769733,1.081805565700095,0.958959464578861,1.0189187534439479,1.2173913043478262,1.3721353219352492,0.958959464578861,1.0189187534439479,1.2173913043478262,1.3721353219352492
plonk,verify_first_ms,11,cpu2,cpu4,1.163828689370485,1.1335800572585715,0.7643570302529841,0.8269127396523922,1.6411027568922305,1.7577476714648603,0.7643570302529841,0.8269127396523922,1.6411027568922305,1.7577476714648603
plonk,verify_first_ms,11,cpu2,cpu8,1.1707760186867375,1.128210571004033,1.052620696784865,0.8607398197078023,1.6913341082267854,1.4734189793455887,1.052620696784865,0.8607398197078023,1.6913341082267854,1.4734189793455887
plonk,verify_first_ms,11,cpu4,cpu8,1.030608291359938,0.8843835616438356,1.003954081632653,0.8298308922380245,1.3771322237154968,1.1276377952755905,1.003954081632653,0.8298308922380245,1.3771322237154968,1.1276377952755905
plonk,verify_first_ms,12,cpu2,cpu4,1.0161691542288558,1.1444416435593647,0.8230657873572463,1.0376752336448598,1.7178323881537494,1.4113019203113104,0.8230657873572463,1.0376752336448598,1.7178323881537494,1.4113019203113104
plonk,verify_first_ms,12,cpu2,cpu8,1.2536176694592536,1.0705132505870514,1.1449866224996814,0.8217194570135746,1.7721008840353614,1.1768481941309255,1.1449866224996814,0.8217194570135746,1.7721008840353614,1.1768481941309255
plonk,verify_first_ms,12,cpu4,cpu8,1.1824067022086824,0.814919216225507,1.031591263650546,0.7180090497737557,1.624297844546048,1.0850895262240532,1.031591263650546,0.7180090497737557,1.624297844546048,1.0850895262240532
plonk,verify_first_ms,13,cpu2,cpu4,1.1629791613069205,1.1535518216602896,1.0317394027980789,1.0047130221447478,1.6551323434473855,1.5198762917703856,1.0317394027980789,1.0047130221447478,1.6551323434473855,1.5198762917703856
plonk,verify_first_ms,13,cpu2,cpu8,1.2736177342441035,1.0036426253394264,1.1329573934837092,0.7580624762868344,1.6820627214276342,1.3374709591769003,1.1329573934837092,0.7580624762868344,1.6820627214276342,1.3374709591769003
plonk,verify_first_ms,13,cpu4,cpu8,1.0496490772030154,0.8799867241951543,0.9741854636591478,0.7495257366890097,1.2344374275035441,0.9565834980237155,0.9741854636591478,0.7495257366890097,1.2344374275035441,0.9565834980237155
plonk,verify_first_ms,14,cpu2,cpu4,1.289189443035597,1.0859058309946992,1.2801391035548686,1.0083815271142402,1.62688482515239,1.7215666582977656,1.2801391035548686,1.0083815271142402,1.62688482515239,1.7215666582977656
plonk,verify_first_ms,14,cpu2,cpu8,1.4749606712113266,0.9285991764431668,1.305015756302521,0.8183240375459122,1.9935788232210718,1.4561478020811214,1.305015756302521,0.8183240375459122,1.9935788232210718,1.4561478020811214
plonk,verify_first_ms,14,cpu4,cpu8,1.0269382391590014,0.8458271395200679,1.0095700052438383,0.8047678795483061,1.2930531940733545,0.9193235375658441,1.0095700052438383,0.8047678795483061,1.2930531940733545,0.9193235375658441
plonk,verify_first_ms,15,cpu2,cpu4,1.217213607404736,1.3262620140271886,1.0411730989682841,0.9884087616125458,1.570746807687347,1.59595207976784,1.0411730989682841,0.9884087616125458,1.570746807687347,1.59595207976784
plonk,verify_first_ms,15,cpu2,cpu8,1.3385327164573693,1.1306818181818183,1.1899646272763003,0.7843230082510483,1.6123394677611547,1.5565715944553307,1.1899646272763003,0.7843230082510483,1.6123394677611547,1.5565715944553307
plonk,verify_first_ms,15,cpu4,cpu8,1.0264795445518338,0.8747228381374723,0.9937960449786739,0.7694716503431274,1.347406358604711,0.9753247695768924,0.9937960449786739,0.7694716503431274,1.347406358604711,0.9753247695768924
plonk,verify_steady_ms,5,cpu2,cpu4,1.0171294377676476,1.0953221535745807,1.000274763016898,0.9570887302846066,1.0819283823324508,1.1738939220687836,1.000274763016898,0.9570887302846066,1.0819283823324508,1.1738939220687836
plonk,verify_steady_ms,5,cpu2,cpu8,1.0146321070234112,1.088119245944761,1.0015035538545654,0.9705146533238027,1.060502594919421,1.1802263883975948,1.0015035538545654,0.9705146533238027,1.060502594919421,1.1802263883975948
plonk,verify_steady_ms,5,cpu4,cpu8,0.9939585335713305,0.9992844364937389,0.9801966675771646,0.9902723735408561,1.0143534002229655,1.0140278770550393,0.9801966675771646,0.9902723735408561,1.0143534002229655,1.0140278770550393
plonk,verify_steady_ms,6,cpu2,cpu4,1.03445840982912,0.9756247800070397,1.0008254230293026,0.9684461728831537,1.1911968897528464,1.000979519145147,1.0008254230293026,0.9684461728831537,1.1911968897528464,1.000979519145147
plonk,verify_steady_ms,6,cpu2,cpu8,1.0378735711334526,0.9743112764638144,0.9788751345532831,0.962002567394095,1.1852721746338768,0.9968158660844251,0.9788751345532831,0.962002567394095,1.1852721746338768,0.9968158660844251
plonk,verify_steady_ms,6,cpu4,cpu8,0.981230727979622,1.003720435822482,0.967746344130108,0.961061189559264,1.0038562181517696,1.0292940320232895,0.967746344130108,0.961061189559264,1.0038562181517696,1.0292940320232895
plonk,verify_steady_ms,7,cpu2,cpu4,1.0066344160331722,0.9933285250631085,0.9964028776978417,0.9833348186436147,1.1894986733696413,1.0295219815373364,0.9964028776978417,0.9833348186436147,1.1894986733696413,1.0295219815373364
plonk,verify_steady_ms,7,cpu2,cpu8,1.0175316543759565,0.9934722346418671,0.9925578831312017,0.9554669607261006,1.1703764770541358,1.000997913453688,0.9925578831312017,0.9554669607261006,1.1703764770541358,1.000997913453688
plonk,verify_steady_ms,7,cpu4,cpu8,0.996141124586549,1.0047812998052064,0.983924154987634,0.9280685384680636,1.0157228328927228,1.0179624421663793,0.983924154987634,0.9280685384680636,1.0157228328927228,1.0179624421663793
plonk,verify_steady_ms,8,cpu2,cpu4,1.0715754833401891,0.9894141921593254,1.0026451343449811,0.974153140437544,1.1943904470980284,1.0723435703728033,1.0026451343449811,0.974153140437544,1.1943904470980284,1.0723435703728033
plonk,verify_steady_ms,8,cpu2,cpu8,1.0670398689240852,0.9857002413084279,1.0001388696014444,0.9795972678080369,1.1764223194748358,1.0918896321070233,1.0001388696014444,0.9795972678080369,1.1764223194748358,1.0918896321070233
plonk,verify_steady_ms,8,cpu4,cpu8,0.9975003471740036,1.0011578197363733,0.9849562363238512,0.9962463133434624,1.008859357696567,1.0182274247491638,0.9849562363238512,0.9962463133434624,1.008859357696567,1.0182274247491638
plonk,verify_steady_ms,9,cpu2,cpu4,0.9989075515499113,1.0285409442518005,0.9803541781959049,0.9567618883231208,1.185682636388812,1.1691715870459831,0.9803541781959049,0.9567618883231208,1.185682636388812,1.1691715870459831
plonk,verify_steady_ms,9,cpu2,cpu8,0.9938288920056102,1.0305567928730512,0.9618671926364234,0.9899098133761943,1.1751063537807054,1.1614824031283328,0.9618671926364234,0.9899098133761943,1.1751063537807054,1.1614824031283328
plonk,verify_steady_ms,9,cpu4,cpu8,0.9910800054892275,1.0019599109131403,0.9629191321499013,0.993423391397085,1.0137447405329594,1.0346459505312975,0.9629191321499013,0.993423391397085,1.0137447405329594,1.0346459505312975
plonk,verify_steady_ms,10,cpu2,cpu4,1.0093055555555557,0.9636999417200899,0.9964028776978417,0.9309995782370308,1.1971295905445334,1.0032482179915185,0.9964028776978417,0.9309995782370308,1.1971295905445334,1.0032482179915185
plonk,verify_steady_ms,10,cpu2,cpu8,1.003313544111556,0.9836341118188251,1.0016689847009734,0.9679841215050053,1.1735172413793102,1.0319158420254968,1.0016689847009734,0.9679841215050053,1.1735172413793102,1.0319158420254968
plonk,verify_steady_ms,10,cpu4,cpu8,1.0052851182197495,1.0564070575654965,0.9802758620689656,0.980449398443029,1.0085255066387142,1.0707854149950966,0.9802758620689656,0.980449398443029,1.0085255066387142,1.0707854149950966
plonk,verify_steady_ms,11,cpu2,cpu4,1.0060664552598924,1.1901980469106508,0.9751094091903719,0.9823194748358862,1.1729811946902655,1.5161821173889192,0.9751094091903719,0.9823194748358862,1.1729811946902655,1.5161821173889192
plonk,verify_steady_ms,11,cpu2,cpu8,0.9878845630274979,1.1548884165781084,0.9780521262002744,1.0052848441418847,1.136065354225258,1.4290392072382594,0.9780521262002744,1.0052848441418847,1.136065354225258,1.4290392072382594
plonk,verify_steady_ms,11,cpu4,cpu8,0.9810708491076258,0.9808672329012069,0.9685281907057721,0.9425247738043947,1.0030178326474624,1.0494320198793041,0.9685281907057721,0.9425247738043947,1.0030178326474624,1.0494320198793041
plonk,verify_steady_ms,12,cpu2,cpu4,1.0241032184885863,0.9723899147727273,0.9783256570035221,0.9307086614173228,1.1871110496473516,1.0680091856562446,0.9783256570035221,0.9307086614173228,1.1871110496473516,1.0680091856562446
plonk,verify_steady_ms,12,cpu2,cpu8,1.0038915913829047,0.9953904795674141,0.9836556796513213,0.9805729632945389,1.1938803894297634,1.0436733989297429,0.9836556796513213,0.9805729632945389,1.1938803894297634,1.0436733989297429
plonk,verify_steady_ms,12,cpu4,cpu8,1.001520387007602,1.0084153983885407,0.975440032746623,0.9772138788192646,1.005702364394993,1.0694973849836007,0.975440032746623,0.9772138788192646,1.005702364394993,1.0694973849836007
plonk,verify_steady_ms,13,cpu2,cpu4,1.0208100558659219,1.0057649667405764,0.9863834422657951,0.9585158694680375,1.222725984698215,1.1468730539987546,0.9863834422657951,0.9585158694680375,1.222725984698215,1.1468730539987546
plonk,verify_steady_ms,13,cpu2,cpu8,0.9964098315382491,1.03756818581735,0.9921270530745215,0.9542501112594571,1.1931425411309278,1.1460574273268733,0.9921270530745215,0.9542501112594571,1.1931425411309278,1.1460574273268733
plonk,verify_steady_ms,13,cpu4,cpu8,0.9758053366514586,1.004633342243607,0.9626341592685835,0.9955496217178461,1.0090684253915911,1.0631708604610242,0.9626341592685835,0.9955496217178461,1.0090684253915911,1.0631708604610242
plonk,verify_steady_ms,14,cpu2,cpu4,1.0049826989619377,1.0005447612130016,0.9969838223197149,0.9787177675732956,1.1328327645051195,1.1923973462435002,0.9969838223197149,0.9787177675732956,1.1328327645051195,1.1923973462435002
plonk,verify_steady_ms,14,cpu2,cpu8,0.9834755519436543,0.9935461055609583,0.9719326383319968,0.9691320024624043,1.1472418083782663,1.1629940538649879,0.9719326383319968,0.9691320024624043,1.1472418083782663,1.1629940538649879
plonk,verify_steady_ms,14,cpu4,cpu8,0.9785994853040769,0.9769531945185976,0.9650264335095567,0.9686043443848386,1.012719480160376,1.0140592818124832,0.9650264335095567,0.9686043443848386,1.012719480160376,1.0140592818124832
plonk,verify_steady_ms,15,cpu2,cpu4,1.0184718723761546,1.1507207207207206,0.9898225828634301,0.9899123971329971,1.1682319314005716,1.4012061014544166,0.9898225828634301,0.9899123971329971,1.1682319314005716,1.4012061014544166
plonk,verify_steady_ms,15,cpu2,cpu8,0.9954356846473028,1.1366964285714287,0.9871151498711515,0.9782030834662413,1.1699836423118866,1.4009576165986877,0.9871151498711515,0.9782030834662413,1.1699836423118866,1.4009576165986877
plonk,verify_steady_ms,15,cpu4,cpu8,0.9794836956521739,0.9998226635928356,0.9692119896921199,0.9625199362041468,1.00567081604426,1.0032848011363638,0.9692119896921199,0.9625199362041468,1.00567081604426,1.0032848011363638
plonk,wall_ms,5,cpu2,cpu4,1.1918290917888927,1.0935853980195382,1.0707378690767226,1.087613945742046,1.3162156320718315,1.1113524719726622,1.0707378690767226,1.087613945742046,1.3162156320718315,1.1113524719726622
plonk,wall_ms,5,cpu2,cpu8,1.258686928826615,1.1654299299499236,1.2562408182729174,1.1426616686738906,1.3949892112830244,1.1702312196170115,1.2562408182729174,1.1426616686738906,1.3949892112830244,1.1702312196170115
plonk,wall_ms,5,cpu4,cpu8,1.0772637437153993,1.055088713898085,1.0540444321486944,1.0374501664863713,1.1755322802881318,1.075961947893743,1.0540444321486944,1.0374501664863713,1.1755322802881318,1.075961947893743
plonk,wall_ms,6,cpu2,cpu4,1.1858017867262673,1.0983526111876563,1.0581150867208227,1.0926003642729818,1.3104589334536823,1.1110621246558954,1.0581150867208227,1.0926003642729818,1.3104589334536823,1.1110621246558954
plonk,wall_ms,6,cpu2,cpu8,1.266132558463081,1.1552541082917522,1.2434247617375112,1.1433759307752744,1.3870398674752242,1.1750022845191785,1.2434247617375112,1.1433759307752744,1.3870398674752242,1.1750022845191785
plonk,wall_ms,6,cpu4,cpu8,1.0742421186214548,1.0465333861343549,1.0494067251473969,1.037890321695237,1.175131871137928,1.075418170211784,1.0494067251473969,1.037890321695237,1.175131871137928,1.075418170211784
plonk,wall_ms,7,cpu2,cpu4,1.1676646063063254,1.1014098876623688,1.0273951627588755,1.0911340871533832,1.3079007889675094,1.1125384859217773,1.0273951627588755,1.0911340871533832,1.3079007889675094,1.1125384859217773
plonk,wall_ms,7,cpu2,cpu8,1.2639655146755047,1.1550010325113917,1.251555557485378,1.1504642853209293,1.3839758662426174,1.176683601465695,1.251555557485378,1.1504642853209293,1.3839758662426174,1.176683601465695
plonk,wall_ms,7,cpu4,cpu8,1.082473090174248,1.0486568583134521,1.0560657178970423,1.0379141668416365,1.2219015140946736,1.074894635873647,1.0560657178970423,1.0379141668416365,1.2219015140946736,1.074894635873647
plonk,wall_ms,8,cpu2,cpu4,1.1945240255226568,1.0965329908068464,1.1860944565798734,1.0889083323903535,1.3031915914206653,1.114449450234321,1.1860944565798734,1.0889083323903535,1.3031915914206653,1.114449450234321
plonk,wall_ms,8,cpu2,cpu8,1.2786125628135496,1.1630643391447162,1.2639789892869389,1.150241320945231,1.375907920225389,1.172308982626167,1.2639789892869389,1.150241320945231,1.375907920225389,1.172308982626167
plonk,wall_ms,8,cpu4,cpu8,1.0660717191093094,1.0585927202845293,1.0557986479374475,1.032116190378473,1.086742024097352,1.0748950068463292,1.0557986479374475,1.032116190378473,1.086742024097352,1.0748950068463292
plonk,wall_ms,9,cpu2,cpu4,1.1847851963420692,1.0998057569146316,1.0825152630408175,1.0900992566028678,1.3050116572792174,1.1114061918481042,1.0825152630408175,1.0900992566028678,1.3050116572792174,1.1114061918481042
plonk,wall_ms,9,cpu2,cpu8,1.2648151399986869,1.168263760449389,1.254723889152769,1.1477126507873325,1.3884188123490535,1.177018377100885,1.254723889152769,1.1477126507873325,1.3884188123490535,1.177018377100885
plonk,wall_ms,9,cpu4,cpu8,1.0639129578686901,1.0590352885686891,1.0590306943626828,1.0528515122228488,1.1694176615594107,1.071582443414272,1.0590306943626828,1.0528515122228488,1.1694176615594107,1.071582443414272
plonk,wall_ms,10,cpu2,cpu4,1.1812548759554993,1.0993366934448532,1.0683005997403703,1.096801109330041,1.3089846109415009,1.1130389952617397,1.0683005997403703,1.096801109330041,1.3089846109415009,1.1130389952617397
plonk,wall_ms,10,cpu2,cpu8,1.2714185943533058,1.1690788767812827,1.2438818105990934,1.1573538844985511,1.3859558789014241,1.1821100022116502,1.2438818105990934,1.1573538844985511,1.3859558789014241,1.1821100022116502
plonk,wall_ms,10,cpu4,cpu8,1.0768233743640554,1.0601428649234799,1.0365795342365132,1.0527747244312358,1.1722397816468868,1.074239693729253,1.0365795342365132,1.0527747244312358,1.1722397816468868,1.074239693729253
plonk,wall_ms,11,cpu2,cpu4,1.1807540365569273,1.1099253128556463,1.071718755522382,1.0977844780717583,1.3367771616595505,1.1277110726863098,1.071718755522382,1.0977844780717583,1.3367771616595505,1.1277110726863098
plonk,wall_ms,11,cpu2,cpu8,1.2382351780038243,1.1608301561626269,1.2166676806288828,1.146474489431468,1.386332622505103,1.1660469050099127,1.2166676806288828,1.146474489431468,1.386332622505103,1.1660469050099127
plonk,wall_ms,11,cpu4,cpu8,1.0384741182688677,1.0443529785056107,1.0334400475845182,1.0172551230903897,1.155373246594232,1.0505633951259972,1.0334400475845182,1.0172551230903897,1.155373246594232,1.0505633951259972
plonk,wall_ms,12,cpu2,cpu4,1.1873608718218216,1.1107413440245208,1.065110870983436,1.097142792489609,1.3144144765047683,1.118222472161495,1.065110870983436,1.097142792489609,1.3144144765047683,1.118222472161495
plonk,wall_ms,12,cpu2,cpu8,1.24189001855986,1.1581808216587466,1.2235337514604976,1.1442003873734685,1.3776382312975828,1.1758274288367794,1.2235337514604976,1.1442003873734685,1.3776382312975828,1.1758274288367794
plonk,wall_ms,12,cpu4,cpu8,1.0535304213079628,1.0427097432624048,1.0304649416172644,1.0306576417548134,1.1659725314916753,1.0589749455459696,1.0304649416172644,1.0306576417548134,1.1659725314916753,1.0589749455459696
plonk,wall_ms,13,cpu2,cpu4,1.1820489716565263,1.1167967740417704,1.0586259741518105,1.0973870557850214,1.3005569935838088,1.1257826267462272,1.0586259741518105,1.0973870557850214,1.3005569935838088,1.1257826267462272
plonk,wall_ms,13,cpu2,cpu8,1.2465766091059334,1.1586217832195582,1.2422207893038568,1.1359161669599793,1.3813982676179473,1.1831558745939335,1.2422207893038568,1.1359161669599793,1.3813982676179473,1.1831558745939335
plonk,wall_ms,13,cpu4,cpu8,1.0621589629927501,1.037450868546495,1.0430010807373804,1.0346823961276037,1.1774287692785261,1.0532108972492986,1.0430010807373804,1.0346823961276037,1.1774287692785261,1.0532108972492986
plonk,wall_ms,14,cpu2,cpu4,1.1883965863291575,1.1112188190233359,1.071312057864827,1.1065809290347184,1.2936043751103419,1.1241969000906313,1.071312057864827,1.1065809290347184,1.2936043751103419,1.1241969000906313
plonk,wall_ms,14,cpu2,cpu8,1.2532705349186808,1.1491837231329416,1.2111521534454637,1.1409484230802105,1.3521870827065847,1.1734273373109703,1.2111521534454637,1.1409484230802105,1.3521870827065847,1.1734273373109703
plonk,wall_ms,14,cpu4,cpu8,1.0545894773982083,1.0344981709224474,1.0110625327955405,1.0161864995804772,1.1455378599097177,1.0503712173524562,1.0110625327955405,1.0161864995804772,1.1455378599097177,1.0503712173524562
plonk,wall_ms,15,cpu2,cpu4,1.1738199504775733,1.1075730584603056,1.0859648054111009,1.101523387912649,1.3152307980874776,1.1199221080709212,1.0859648054111009,1.101523387912649,1.3152307980874776,1.1199221080709212
plonk,wall_ms,15,cpu2,cpu8,1.261794584668851,1.151278001907991,1.2239279465263793,1.1462477154146768,1.343979050858358,1.1690207370955608,1.2239279465263793,1.1462477154146768,1.343979050858358,1.1690207370955608
plonk,wall_ms,15,cpu4,cpu8,1.0684207345212242,1.0412103697301176,1.0218579528495564,1.027998280961772,1.1725284845337085,1.0612763650082975,1.0218579528495564,1.027998280961772,1.1725284845337085,1.0612763650082975
plonk,witness_ms,5,cpu2,cpu4,1.6452651921838093,1.4422572178477688,1.1687915915168854,1.324645366565027,1.9570968405181277,1.533866888403839,1.1687915915168854,1.324645366565027,1.9570968405181277,1.533866888403839
plonk,witness_ms,5,cpu2,cpu8,1.9559223961878829,1.6386112961729216,1.5214540155440412,1.5318374978752336,2.2406996587030714,1.8220416922133662,1.5214540155440412,1.5318374978752336,2.2406996587030714,1.8220416922133662
plonk,witness_ms,5,cpu4,cpu8,1.1888189244383933,1.1028160575194728,1.1092443363235518,1.0621111677715451,1.3447554697554698,1.315211326544846,1.1092443363235518,1.0621111677715451,1.3447554697554698,1.315211326544846
plonk,witness_ms,6,cpu2,cpu4,1.6811318277310925,1.5351136512941794,1.4241672572643516,1.40988213961922,1.8767203323811996,1.944838352956482,1.4241672572643516,1.40988213961922,1.8767203323811996,1.944838352956482
plonk,witness_ms,6,cpu2,cpu8,1.9352327690447402,1.6800993949870353,1.5570277390361071,1.5841224326487064,2.1192727805879334,2.0391445361420635,1.5570277390361071,1.5841224326487064,2.1192727805879334,2.0391445361420635
plonk,witness_ms,6,cpu4,cpu8,1.129242724140459,1.0447162759089363,1.0932899426623275,1.0343140585717197,1.1588943792464483,1.2883337079734112,1.0932899426623275,1.0343140585717197,1.1588943792464483,1.2883337079734112
plonk,witness_ms,7,cpu2,cpu4,1.766759477404155,1.4714299588850401,1.5131867401846806,1.19320617231033,1.8319213313161875,1.8706942049892685,1.5131867401846806,1.19320617231033,1.8319213313161875,1.8706942049892685
plonk,witness_ms,7,cpu2,cpu8,1.8292922426165117,1.7461006530925853,1.6395306989131215,1.4240040923332695,1.914365281967974,2.007836829677287,1.6395306989131215,1.4240040923332695,1.914365281967974,2.007836829677287
plonk,witness_ms,7,cpu4,cpu8,1.0834952853955229,1.1866692278140607,0.998564846287484,1.0394250813736605,1.1201375620940006,1.2026948063107965,0.998564846287484,1.0394250813736605,1.1201375620940006,1.2026948063107965
plonk,witness_ms,8,cpu2,cpu4,1.7347724547118601,1.4283839580065936,1.4042409050877314,1.3211132382775665,1.7865351965521745,2.027228255853306,1.4042409050877314,1.3211132382775665,1.7865351965521745,2.027228255853306
plonk,witness_ms,8,cpu2,cpu8,1.9226956591254296,1.533152742719941,1.593113519329798,1.450464299159242,2.0252007958146048,2.114941421922645,1.593113519329798,1.450464299159242,2.0252007958146048,2.114941421922645
plonk,witness_ms,8,cpu4,cpu8,1.0936925413702134,1.0808108762583457,1.083110886660414,0.9839821943299157,1.167415813130941,1.1216524041125409,1.083110886660414,0.9839821943299157,1.167415813130941,1.1216524041125409
plonk,witness_ms,9,cpu2,cpu4,1.545354483651667,1.4416955845399066,1.260693464252838,1.3244244129298959,1.9124078311721333,1.5703958472660107,1.260693464252838,1.3244244129298959,1.9124078311721333,1.5703958472660107
plonk,witness_ms,9,cpu2,cpu8,1.6692076368976851,1.6597964011757116,1.497521504592506,1.5489055318054707,2.1719607276927517,1.7072493801576434,1.497521504592506,1.5489055318054707,2.1719607276927517,1.7072493801576434
plonk,witness_ms,9,cpu4,cpu8,1.1277412685520196,1.084549996755564,1.0801454647178126,1.0788497217068644,1.1878553725032805,1.2890500684602006,1.0801454647178126,1.0788497217068644,1.1878553725032805,1.2890500684602006
plonk,witness_ms,10,cpu2,cpu4,1.6688320209973753,1.500599428237681,1.6385686122229524,1.3359889556789095,1.9264893889030938,2.0991638508676482,1.6385686122229524,1.3359889556789095,1.9264893889030938,2.0991638508676482
plonk,witness_ms,10,cpu2,cpu8,1.9019035810662972,1.7030394822897663,1.7597038677091261,1.5346570635654817,2.300786319566379,2.2719580983078163,1.7597038677091261,1.5346570635654817,2.300786319566379,2.2719580983078163
plonk,witness_ms,10,cpu4,cpu8,1.128423654934617,1.1285689505637468,1.054452362831246,1.0196317697304669,1.21959927140255,1.1966197377026608,1.054452362831246,1.0196317697304669,1.21959927140255,1.1966197377026608
plonk,witness_ms,11,cpu2,cpu4,1.5382051114451927,1.6228023251667203,1.3010514995817901,1.3404511468761882,1.829796753163748,1.7788846808277072,1.3010514995817901,1.3404511468761882,1.829796753163748,1.7788846808277072
plonk,witness_ms,11,cpu2,cpu8,1.6940914007571661,1.643551125076751,1.5446668854611094,1.4726253872124186,2.0218220338983053,2.076733307702166,1.5446668854611094,1.4726253872124186,2.0218220338983053,2.076733307702166
plonk,witness_ms,11,cpu4,cpu8,1.142509464575446,1.098604295012356,1.0042008532983262,1.012785783941922,1.2083453652902107,1.1674356016916572,1.0042008532983262,1.012785783941922,1.2083453652902107,1.1674356016916572
plonk,witness_ms,12,cpu2,cpu4,1.657802111849824,1.3340246545335914,1.3744901333921289,1.2112708541554547,1.911079471913021,1.5634398364649549,1.3744901333921289,1.2112708541554547,1.911079471913021,1.5634398364649549
plonk,witness_ms,12,cpu2,cpu8,1.7317355484442025,1.4478474114441418,1.0339137254901962,1.35274714691578,2.0362708591918355,1.6895236942443868,1.0339137254901962,1.35274714691578,2.0362708591918355,1.6895236942443868
plonk,witness_ms,12,cpu4,cpu8,1.044597262885545,1.0837145471180238,0.5882980392156862,1.0528337874659401,1.2634584581098962,1.1168321932510947,0.5882980392156862,1.0528337874659401,1.2634584581098962,1.1168321932510947
plonk,witness_ms,13,cpu2,cpu4,1.6712336069943492,1.3702464702120332,1.437636193836256,1.272795826030245,1.8612220662852208,1.426737602499024,1.437636193836256,1.272795826030245,1.8612220662852208,1.426737602499024
plonk,witness_ms,13,cpu2,cpu8,1.800751445086705,1.6205445741049458,1.3334456207892202,1.416626401851334,1.9251298084975712,1.716592770942831,1.3334456207892202,1.416626401851334,1.9251298084975712,1.716592770942831
plonk,witness_ms,13,cpu4,cpu8,1.03433644129306,1.2031594092257096,0.9275264677574591,1.033847875289271,1.2475722543352599,1.2670035542445417,0.9275264677574591,1.033847875289271,1.2475722543352599,1.2670035542445417
plonk,witness_ms,14,cpu2,cpu4,1.327094331573615,1.2819250941521683,1.2021221164321918,1.207899877345205,1.629844731539647,1.597551155740811,1.2021221164321918,1.207899877345205,1.629844731539647,1.597551155740811
plonk,witness_ms,14,cpu2,cpu8,1.528969376090488,1.4007656967840734,1.4230087483561096,1.2955951858890027,1.6265673054175536,1.667696795886076,1.4230087483561096,1.2955951858890027,1.6265673054175536,1.667696795886076
plonk,witness_ms,14,cpu4,cpu8,1.0722740008005032,1.0545618067352853,0.997989117577478,1.0439082278481011,1.2348502573701452,1.1030117406840225,0.997989117577478,1.0439082278481011,1.2348502573701452,1.1030117406840225
plonk,witness_ms,15,cpu2,cpu4,1.3967196105036317,1.4455888028927217,1.172091470539142,1.2138916750250752,1.5547312497008565,1.9866704828883346,1.172091470539142,1.2138916750250752,1.5547312497008565,1.9866704828883346
plonk,witness_ms,15,cpu2,cpu8,1.4313815420679814,1.546020022977187,1.3533699090945497,1.2995436430090652,1.6118995633187772,1.5869874087501838,1.3533699090945497,1.2995436430090652,1.6118995633187772,1.5869874087501838
plonk,witness_ms,15,cpu4,cpu8,1.0786636213948053,1.0141264090991884,1.004529965925035,0.7988176310159555,1.2212199969423634,1.0724109634006236,1.004529965925035,0.7988176310159555,1.2212199969423634,1.0724109634006236
