campaign_id,session_id,profile_id,container_id,kind,run_id,round,round_attempt,order_in_round,seed,is_warmup,warmup_kind,backend,depth,leaf_index,started_at_utc,input_ms,witness_ms,prove_ms,verify_first_ms,verify_steady_ms,stage_sum_ms,wall_ms,zkey_bytes,zkey_sha256,proof_valid,root_matches,input_matches_committed,public_root,expected_root,heap_used_mb,rss_mb,image_id,manifest_sha256,status,error
campaign-20260925T060607Z,S20260925T060607Z,cpu8,89f26c2f8588,primary,campaign-20260925T060607Z/cpu8/primary0a1/in_process1,0,1,1,0,1,in_process,groth16,5,0,2026-09-25T06:11:42.957Z,0.532,14.177,246.1,7.128,6.854,267.936,267.952,1133343,41c7636150900ee72cf6323930dd506bd0fc015a94a20905cc61c856b4fe919a,1,1,1,8772061116891597512098326450504850663371859585885077427179882578819842555696,8772061116891597512098326450504850663371859585885077427179882578819842555696,11.563,224.059,sha256:50c5f26d2c05b460aa702d89700b74f817ea4adce9d64a5abacaae7a9bb671c8,9a7829fe2584259f1dd0dc45cf73c5ce904fce7e61e964fb7958826f156b43be,ok,
campaign-20260925T060607Z,S20260925T060607Z,cpu8,89f26c2f8588,primary,campaign-20260925T060607Z/cpu8/primary0a1/in_process2,0,1,2,0,1,in_process,plonk,5,0,2026-09-25T06:11:43.248Z,0.596,12.645,9464.045,7.914,7.211,9485.2,9485.223,50790568,8b7d89ef154d0704a4a5fb8df978ea728f0decad61374b1d3a80a026ad357fec,1,1,1,8772061116891597512098326450504850663371859585885077427179882578819842555696,8772061116891597512098326450504850663371859585885077427179882578819842555696,10.836,631.91,sha256:50c5f26d2c05b460aa702d89700b74f817ea4adce9d64a5abacaae7a9bb671c8,9a7829fe2584259f1dd0dc45cf73c5ce904fce7e61e964fb7958826f156b43be,ok,
campaign-20260925T060607Z,S20260925T060607Z,cpu8,89f26c2f8588,primary,campaign-20260925T060607Z/cpu8/primary0a1/round01,0,1,1,0,1,round0,plonk,14,0,2026-09-25T06:11:52.757Z,46.573,16.425,18670.916,9.526,7.131,18743.44,18743.468,101787276,61d7365d9163bc99ded1dfbd03499b9283c2947715292debbde41b3796b6b916,1,1,1,12582151698735550891927690128793622813383487692593364506314066026947547425304,12582151698735550891927690128793622813383487692593364506314066026947547425304,10.225,709.309,sha256:50c5f26d2c05b460aa702d89700b74f817ea4adce9d64a5abacaae7a9bb671c8,9a7829fe2584259f1dd0dc45cf73c5ce904fce7e61e964fb7958826f156b43be,ok,
campaign-20260925T060607Z,S20260925T060607Z,cpu8,89f26c2f8588,primary,campaign-20260925T060607Z/cpu8/primary0a1/round02,0,1,2,0,1,round0,plonk,10,0,2026-09-25T06:12:11.524Z,3.175,14.403,9519.866,8.306,7.294,9545.75,9545.77,51742588,bebeabf9a0c71095a0054d8bd4225201a55744b4b0560ef0825703d4931d0ced,1,1,1,5493694120516454304625833950804950714434791624469988248149691492887491269863,5493694120516454304625833950804950714434791624469988248149691492887491269863,10.263,716.805,sha256:50c5f26d2c05b460aa702d89700b74f817ea4adce9d64a5abacaae7a9bb671c8,9a7829fe2584259f1dd0dc45cf73c5ce904fce7e61e964fb7958826f156b43be,ok,
campaign-20260925T060607Z,S20260925T060607Z,cpu8,89f26c2f8588,primary,campaign-20260925T060607Z/cpu8/primary0a1/round03,0,1,3,0,1,round0,groth16,7,0,2026-09-25T06:12:21.094Z,1.12,13.364,121.441,6.419,5.77,142.344,142.359,1374247,c0f6d8c4ac9fa282780a2c229d7d086f87e26be62a3eefceb9f801e5076843aa,1,1,1,6834760395900399403843817083005722754930321299301222295483199499696193022453,6834760395900399403843817083005722754930321299301222295483199499696193022453,11.487,693.938,sha256:50c5f26d2c05b460aa702d89700b74f817ea4adce9d64a5abacaae7a9bb671c8,9a7829fe2584259f1dd0dc45cf73c5ce904fce7e61e964fb7958826f156b43be,ok,
campaign-20260925T060607Z,S20260925T060607Z,cpu8,89f26c2f8588,primary,campaign-20260925T060607Z/cpu8/primary0a1/round04,0,1,4,0,1,round0,groth16,10,0,2026-09-25T06:12:21.260Z,2.779,13.06,158.539,6.217,6.075,180.595,180.61,1866675,656d9ee8dd285db6410e0a4b4317201829a1347f7cc3ef6d8de625e8f99f432a,1,1,1,5493694120516454304625833950804950714434791624469988248149691492887491269863,5493694120516454304625833950804950714434791624469988248149691492887491269863,9.713,692.941,sha256:50c5f26d2c05b460aa702d89700b74f817ea4adce9d64a5abacaae7a9bb671c8,9a7829fe2584259f1dd0dc45cf73c5ce904fce7e61e964fb7958826f156b43be,ok,
campaign-20260925T060607Z,S20260925T060607Z,cpu8,89f26c2f8588,primary,campaign-20260925T060607Z/cpu8/primary0a1/round05,0,1,5,0,1,round0,plonk,9,0,2026-09-25T06:12:21.461Z,1.906,12.982,9584.027,8.2,7.202,9607.115,9607.134,51552184,9dc1fed4ae801e210c410e345557301925ad182187f5f64aedebb0ef6a13cf67,1,1,1,20121159957847147921812141654231982941331816397431355682788233457047980505218,20121159957847147921812141654231982941331816397431355682788233457047980505218,10.319,727.066,sha256:50c5f26d2c05b460aa702d89700b74f817ea4adce9d64a5abacaae7a9bb671c8,9a7829fe2584259f1dd0dc45cf73c5ce904fce7e61e964fb7958826f156b43be,ok,
campaign-20260925T060607Z,S20260925T060607Z,cpu8,89f26c2f8588,primary,campaign-20260925T060607Z/cpu8/primary0a1/round06,0,1,6,0,1,round0,groth16,8,0,2026-09-25T06:12:31.092Z,1.633,13.139,140.911,5.911,5.951,161.594,161.608,1625771,5ed3b83d5f5aad4ca7fa25c79bc0fa86d421d2202a7e7054079f14b9e1c2f4cd,1,1,1,4202603041571593097755192347734702907906852554209131907104891159135181794540,4202603041571593097755192347734702907906852554209131907104891159135181794540,9.64,702.848,sha256:50c5f26d2c05b460aa702d89700b74f817ea4adce9d64a5abacaae7a9bb671c8,9a7829fe2584259f1dd0dc45cf73c5ce904fce7e61e964fb7958826f156b43be,ok,
campaign-20260925T060607Z,S20260925T060607Z,cpu8,89f26c2f8588,primary,campaign-20260925T060607Z/cpu8/primary0a1/round07,0,1,7,0,1,round0,groth16,12,0,2026-09-25T06:12:31.274Z,15.305,15.07,174.388,5.886,5.923,210.65,210.674,2107579,3fdb01845d81a3cdbbba88fcf45b948195abf01ba68c30be8a5f3e3546d4e81e,1,1,1,1305120659341908565283217195273270415919492373288777814091321905738895669205,1305120659341908565283217195273270415919492373288777814091321905738895669205,9.853,702.582,sha256:50c5f26d2c05b460aa702d89700b74f817ea4adce9d64a5abacaae7a9bb671c8,9a7829fe2584259f1dd0dc45cf73c5ce904fce7e61e964fb7958826f156b43be,ok,
campaign-20260925T060607Z,S20260925T060607Z,cpu8,89f26c2f8588,primary,campaign-20260925T060607Z/cpu8/primary0a1/round08,0,1,8,0,1,round0,plonk,12,0,2026-09-25T06:12:31.504Z,15.91,14.965,18733.408,8.997,7.264,18773.279,18773.303,101406468,ac66b87842b1343c8548cf4e922c1ee3249b5519daa07857ea88621896f01c1d,1,1,1,1305120659341908565283217195273270415919492373288777814091321905738895669205,1305120659341908565283217195273270415919492373288777814091321905738895669205,10.294,732.984,sha256:50c5f26d2c05b460aa702d89700b74f817ea4adce9d64a5abacaae7a9bb671c8,9a7829fe2584259f1dd0dc45cf73c5ce904fce7e61e964fb7958826f156b43be,ok,
campaign-20260925T060607Z,S20260925T060607Z,cpu8,89f26c2f8588,primary,campaign-20260925T060607Z/cpu8/primary0a1/round09,0,1,9,0,1,round0,groth16,6,0,2026-09-25T06:12:50.301Z,1.175,12.437,111.817,6.377,5.764,131.806,131.821,1253795,ea2368c5701f4885dc1bd9120ebd0b3419c495066983d2c215030506b1968bd4,1,1,1,4563221289370828604205089111471170542583263583412968862519466540084840336910,4563221289370828604205089111471170542583263583412968862519466540084840336910,9.846,709.758,sha256:50c5f26d2c05b460aa702d89700b74f817ea4adce9d64a5abacaae7a9bb671c8,9a7829fe2584259f1dd0dc45cf73c5ce904fce7e61e964fb7958826f156b43be,ok,
campaign-20260925T060607Z,S20260925T060607Z,cpu8,89f26c2f8588,primary,campaign-20260925T060607Z/cpu8/primary0a1/round010,0,1,10,0,1,round0,plonk,15,0,2026-09-25T06:12:50.453Z,117.444,20.107,18837.819,8.583,7.141,18983.954,18983.985,101977680,590ecdca303cbdece71bd9566d50ed9ad6168b343d2955edb57da417b966d08b,1,1,1,16175814224772832097117886582757018531876340808696504341109560169071733404932,16175814224772832097117886582757018531876340808696504341109560169071733404932,10.366,743.961,sha256:50c5f26d2c05b460aa702d89700b74f817ea4adce9d64a5abacaae7a9bb671c8,9a7829fe2584259f1dd0dc45cf73c5ce904fce7e61e964fb7958826f156b43be,ok,
campaign-20260925T060607Z,S20260925T060607Z,cpu8,89f26c2f8588,primary,campaign-20260925T060607Z/cpu8/primary0a1/round011,0,1,11,0,1,round0,plonk,8,0,2026-09-25T06:13:09.461Z,1.258,14.091,9553.756,7.709,7.306,9576.814,9576.829,51361780,42dce5eab9336cf59161d106dd2c9da704b3a453c67dc5f6a284a94331eca87c,1,1,1,4202603041571593097755192347734702907906852554209131907104891159135181794540,4202603041571593097755192347734702907906852554209131907104891159135181794540,10.277,750.57,sha256:50c5f26d2c05b460aa702d89700b74f817ea4adce9d64a5abacaae7a9bb671c8,9a7829fe2584259f1dd0dc45cf73c5ce904fce7e61e964fb7958826f156b43be,ok,
campaign-20260925T060607Z,S20260925T060607Z,cpu8,89f26c2f8588,primary,campaign-20260925T060607Z/cpu8/primary0a1/round012,0,1,12,0,1,round0,plonk,11,0,2026-09-25T06:13:19.062Z,4.88,14.316,18770.887,8.411,7.102,18798.494,18798.513,101216064,55b85a8c273635d0f8f2cdda0e7ce81b35231792d5212b770681d612dbf1c56a,1,1,1,13741875541804146615197212471377989082753334180286662970428373142262333549779,13741875541804146615197212471377989082753334180286662970428373142262333549779,10.407,749.414,sha256:50c5f26d2c05b460aa702d89700b74f817ea4adce9d64a5abacaae7a9bb671c8,9a7829fe2584259f1dd0dc45cf73c5ce904fce7e61e964fb7958826f156b43be,ok,
campaign-20260925T060607Z,S20260925T060607Z,cpu8,89f26c2f8588,primary,campaign-20260925T060607Z/cpu8/primary0a1/round013,0,1,13,0,1,round0,groth16,15,0,2026-09-25T06:13:37.885Z,107.554,23.804,192.942,6.175,5.982,330.474,330.501,2468935,d6be53096894f276c29d0702fcead9cafd5a510db26c6b563aa91a72f3a7c974,1,1,1,16175814224772832097117886582757018531876340808696504341109560169071733404932,16175814224772832097117886582757018531876340808696504341109560169071733404932,13.719,754.902,sha256:50c5f26d2c05b460aa702d89700b74f817ea4adce9d64a5abacaae7a9bb671c8,9a7829fe2584259f1dd0dc45cf73c5ce904fce7e61e964fb7958826f156b43be,ok,
campaign-20260925T060607Z,S20260925T060607Z,cpu8,89f26c2f8588,primary,campaign-20260925T060607Z/cpu8/primary0a1/round014,0,1,14,0,1,round0,plonk,5,0,2026-09-25T06:13:38.236Z,0.996,12.139,9518.194,8.492,7.188,9539.821,9539.839,50790568,8b7d89ef154d0704a4a5fb8df978ea728f0decad61374b1d3a80a026ad357fec,1,1,1,8772061116891597512098326450504850663371859585885077427179882578819842555696,8772061116891597512098326450504850663371859585885077427179882578819842555696,10.406,754.871,sha256:50c5f26d2c05b460aa702d89700b74f817ea4adce9d64a5abacaae7a9bb671c8,9a7829fe2584259f1dd0dc45cf73c5ce904fce7e61e964fb7958826f156b43be,ok,
campaign-20260925T060607Z,S20260925T060607Z,cpu8,89f26c2f8588,primary,campaign-20260925T060607Z/cpu8/primary0a1/round015,0,1,15,0,1,round0,groth16,9,0,2026-09-25T06:13:47.799Z,1.774,13.613,151.501,6.27,6.257,173.159,173.179,1746223,b211630d00c7c2d0e5309876a16c72ad66909d7301385d4da830c4a8d71e391e,1,1,1,20121159957847147921812141654231982941331816397431355682788233457047980505218,20121159957847147921812141654231982941331816397431355682788233457047980505218,10.062,730.027,sha256:50c5f26d2c05b460aa702d89700b74f817ea4adce9d64a5abacaae7a9bb671c8,9a7829fe2584259f1dd0dc45cf73c5ce904fce7e61e964fb7958826f156b43be,ok,
campaign-20260925T060607Z,S20260925T060607Z,cpu8,89f26c2f8588,primary,campaign-20260925T060607Z/cpu8/primary0a1/round016,0,1,16,0,1,round0,groth16,5,0,2026-09-25T06:13:47.993Z,0.631,11.759,103.536,6.262,5.923,122.188,122.208,1133343,41c7636150900ee72cf6323930dd506bd0fc015a94a20905cc61c856b4fe919a,1,1,1,8772061116891597512098326450504850663371859585885077427179882578819842555696,8772061116891597512098326450504850663371859585885077427179882578819842555696,11.619,733.184,sha256:50c5f26d2c05b460aa702d89700b74f817ea4adce9d64a5abacaae7a9bb671c8,9a7829fe2584259f1dd0dc45cf73c5ce904fce7e61e964fb7958826f156b43be,ok,
campaign-20260925T060607Z,S20260925T060607Z,cpu8,89f26c2f8588,primary,campaign-20260925T060607Z/cpu8/primary0a1/round017,0,1,17,0,1,round0,plonk,7,0,2026-09-25T06:13:48.135Z,0.763,12.552,9577.096,7.815,7.217,9598.225,9598.241,51171376,e601552aba9f4692ef0f1d2d75ceade0e48da52ddad45690306a402c03eb810f,1,1,1,6834760395900399403843817083005722754930321299301222295483199499696193022453,6834760395900399403843817083005722754930321299301222295483199499696193022453,10.389,757.871,sha256:50c5f26d2c05b460aa702d89700b74f817ea4adce9d64a5abacaae7a9bb671c8,9a7829fe2584259f1dd0dc45cf73c5ce904fce7e61e964fb7958826f156b43be,ok,
campaign-20260925T060607Z,S20260925T060607Z,cpu8,89f26c2f8588,primary,campaign-20260925T060607Z/cpu8/primary0a1/round018,0,1,18,0,1,round0,groth16,13,0,2026-09-25T06:13:57.757Z,22.705,16.555,178.615,7.197,5.738,225.073,225.119,2228031,53cbdd1f02a65121d6c7044031c6cfa4c6ce66c0b9712dd28fe86ef4c6512c1b,1,1,1,2070900789261900884480134887764693608718732168760920549200296856627754794354,2070900789261900884480134887764693608718732168760920549200296856627754794354,13.961,762.211,sha256:50c5f26d2c05b460aa702d89700b74f817ea4adce9d64a5abacaae7a9bb671c8,9a7829fe2584259f1dd0dc45cf73c5ce904fce7e61e964fb7958826f156b43be,ok,
campaign-20260925T060607Z,S20260925T060607Z,cpu8,89f26c2f8588,primary,campaign-20260925T060607Z/cpu8/primary0a1/round019,0,1,19,0,1,round0,groth16,11,0,2026-09-25T06:13:58.002Z,6.201,13.945,164.63,5.751,6.013,190.526,190.546,1987127,1241508317856e8cb42cf71f43cafeb13e26a2553d595182aefca30b78a5b754,1,1,1,13741875541804146615197212471377989082753334180286662970428373142262333549779,13741875541804146615197212471377989082753334180286662970428373142262333549779,10.045,733.941,sha256:50c5f26d2c05b460aa702d89700b74f817ea4adce9d64a5abacaae7a9bb671c8,9a7829fe2584259f1dd0dc45cf73c5ce904fce7e61e964fb7958826f156b43be,ok,
campaign-20260925T060607Z,S20260925T060607Z,cpu8,89f26c2f8588,primary,campaign-20260925T060607Z/cpu8/primary0a1/round020,0,1,20,0,1,round0,groth16,14,0,2026-09-25T06:13:58.213Z,53.504,17.392,189.485,6.092,6.072,266.473,266.504,2348483,b0be38259edaa109196790233512dc26d29f0e31a9506021bad97c60834e4df2,1,1,1,12582151698735550891927690128793622813383487692593364506314066026947547425304,12582151698735550891927690128793622813383487692593364506314066026947547425304,10.238,733.535,sha256:50c5f26d2c05b460aa702d89700b74f817ea4adce9d64a5abacaae7a9bb671c8,9a7829fe2584259f1dd0dc45cf73c5ce904fce7e61e964fb7958826f156b43be,ok,
campaign-20260925T060607Z,S20260925T060607Z,cpu8,89f26c2f8588,primary,campaign-20260925T060607Z/cpu8/primary0a1/round021,0,1,21,0,1,round0,plonk,13,0,2026-09-25T06:13:58.499Z,31.363,15.817,18884.677,9.687,7.154,18941.544,18941.569,101596872,ecc4eb82a5958bf47b7b157e77ed7abc103fb2ebeec94211db85c4d20c7c607c,1,1,1,2070900789261900884480134887764693608718732168760920549200296856627754794354,2070900789261900884480134887764693608718732168760920549200296856627754794354,10.549,750.129,sha256:50c5f26d2c05b460aa702d89700b74f817ea4adce9d64a5abacaae7a9bb671c8,9a7829fe2584259f1dd0dc45cf73c5ce904fce7e61e964fb7958826f156b43be,ok,
campaign-20260925T060607Z,S20260925T060607Z,cpu8,89f26c2f8588,primary,campaign-20260925T060607Z/cpu8/primary0a1/round022,0,1,22,0,1,round0,plonk,6,0,2026-09-25T06:14:17.465Z,1.273,12.41,9622.156,7.629,7.223,9643.469,9643.483,50980972,75b0f7800ba9bbd996a5aba5e02258e755536462dae72897fb9805a733486612,1,1,1,4563221289370828604205089111471170542583263583412968862519466540084840336910,4563221289370828604205089111471170542583263583412968862519466540084840336910,10.416,761.172,sha256:50c5f26d2c05b460aa702d89700b74f817ea4adce9d64a5abacaae7a9bb671c8,9a7829fe2584259f1dd0dc45cf73c5ce904fce7e61e964fb7958826f156b43be,ok,
campaign-20260925T060607Z,S20260925T060607Z,cpu8,702b166b8e8f,primary,campaign-20260925T060607Z/cpu8/primary1a1/in_process1,1,1,1,1,1,in_process,groth16,5,0,2026-09-25T06:23:55.487Z,0.555,14.022,239.522,8.962,6.912,263.062,263.079,1133343,41c7636150900ee72cf6323930dd506bd0fc015a94a20905cc61c856b4fe919a,1,1,1,8772061116891597512098326450504850663371859585885077427179882578819842555696,8772061116891597512098326450504850663371859585885077427179882578819842555696,11.782,236.398,sha256:50c5f26d2c05b460aa702d89700b74f817ea4adce9d64a5abacaae7a9bb671c8,9a7829fe2584259f1dd0dc45cf73c5ce904fce7e61e964fb7958826f156b43be,ok,
campaign-20260925T060607Z,S20260925T060607Z,cpu8,702b166b8e8f,primary,campaign-20260925T060607Z/cpu8/primary1a1/in_process2,1,1,2,1,1,in_process,plonk,5,0,2026-09-25T06:23:55.773Z,0.65,12.467,9432.515,8.001,7.325,9453.633,9453.652,50790568,8b7d89ef154d0704a4a5fb8df978ea728f0decad61374b1d3a80a026ad357fec,1,1,1,8772061116891597512098326450504850663371859585885077427179882578819842555696,8772061116891597512098326450504850663371859585885077427179882578819842555696,11.8,676.535,sha256:50c5f26d2c05b460aa702d89700b74f817ea4adce9d64a5abacaae7a9bb671c8,9a7829fe2584259f1dd0dc45cf73c5ce904fce7e61e964fb7958826f156b43be,ok,
campaign-20260925T060607Z,S20260925T060607Z,cpu8,702b166b8e8f,primary,campaign-20260925T060607Z/cpu8/primary1a1/m1,1,1,1,1,0,,groth16,7,0,2026-09-25T06:24:05.251Z,3.832,13.009,116.686,6.406,5.779,139.932,139.958,1374247,c0f6d8c4ac9fa282780a2c229d7d086f87e26be62a3eefceb9f801e5076843aa,1,1,1,6834760395900399403843817083005722754930321299301222295483199499696193022453,6834760395900399403843817083005722754930321299301222295483199499696193022453,12.626,553.004,sha256:50c5f26d2c05b460aa702d89700b74f817ea4adce9d64a5abacaae7a9bb671c8,9a7829fe2584259f1dd0dc45cf73c5ce904fce7e61e964fb7958826f156b43be,ok,
campaign-20260925T060607Z,S20260925T060607Z,cpu8,702b166b8e8f,primary,campaign-20260925T060607Z/cpu8/primary1a1/m2,1,1,2,1,0,,groth16,8,0,2026-09-25T06:24:05.412Z,1.117,12.65,143.87,12.309,6.194,169.946,169.963,1625771,5ed3b83d5f5aad4ca7fa25c79bc0fa86d421d2202a7e7054079f14b9e1c2f4cd,1,1,1,4202603041571593097755192347734702907906852554209131907104891159135181794540,4202603041571593097755192347734702907906852554209131907104891159135181794540,12.17,502.133,sha256:50c5f26d2c05b460aa702d89700b74f817ea4adce9d64a5abacaae7a9bb671c8,9a7829fe2584259f1dd0dc45cf73c5ce904fce7e61e964fb7958826f156b43be,ok,
campaign-20260925T060607Z,S20260925T060607Z,cpu8,702b166b8e8f,primary,campaign-20260925T060607Z/cpu8/primary1a1/m3,1,1,3,1,0,,plonk,14,0,2026-09-25T06:24:05.603Z,47.441,17.096,18736.518,7.628,7.482,18808.683,18808.708,101787276,61d7365d9163bc99ded1dfbd03499b9283c2947715292debbde41b3796b6b916,1,1,1,12582151698735550891927690128793622813383487692593364506314066026947547425304,12582151698735550891927690128793622813383487692593364506314066026947547425304,11.293,751.262,sha256:50c5f26d2c05b460aa702d89700b74f817ea4adce9d64a5abacaae7a9bb671c8,9a7829fe2584259f1dd0dc45cf73c5ce904fce7e61e964fb7958826f156b43be,ok,
campaign-20260925T060607Z,S20260925T060607Z,cpu8,702b166b8e8f,primary,campaign-20260925T060607Z/cpu8/primary1a1/m4,1,1,4,1,0,,groth16,6,0,2026-09-25T06:24:24.437Z,0.84,14.836,109.663,6.317,5.771,131.656,131.671,1253795,ea2368c5701f4885dc1bd9120ebd0b3419c495066983d2c215030506b1968bd4,1,1,1,4563221289370828604205089111471170542583263583412968862519466540084840336910,4563221289370828604205089111471170542583263583412968862519466540084840336910,12.507,664.293,sha256:50c5f26d2c05b460aa702d89700b74f817ea4adce9d64a5abacaae7a9bb671c8,9a7829fe2584259f1dd0dc45cf73c5ce904fce7e61e964fb7958826f156b43be,ok,
campaign-20260925T060607Z,S20260925T060607Z,cpu8,702b166b8e8f,primary,campaign-20260925T060607Z/cpu8/primary1a1/m5,1,1,5,1,0,,plonk,11,0,2026-09-25T06:24:24.588Z,5.645,14.792,18815.917,7.84,7.346,18844.194,18844.215,101216064,55b85a8c273635d0f8f2cdda0e7ce81b35231792d5212b770681d612dbf1c56a,1,1,1,13741875541804146615197212471377989082753334180286662970428373142262333549779,13741875541804146615197212471377989082753334180286662970428373142262333549779,11.307,707.438,sha256:50c5f26d2c05b460aa702d89700b74f817ea4adce9d64a5abacaae7a9bb671c8,9a7829fe2584259f1dd0dc45cf73c5ce904fce7e61e964fb7958826f156b43be,ok,
campaign-20260925T060607Z,S20260925T060607Z,cpu8,702b166b8e8f,primary,campaign-20260925T060607Z/cpu8/primary1a1/m6,1,1,6,1,0,,plonk,7,0,2026-09-25T06:24:43.460Z,0.933,12.927,9621.122,7.596,7.278,9642.578,9642.593,51171376,e601552aba9f4692ef0f1d2d75ceade0e48da52ddad45690306a402c03eb810f,1,1,1,6834760395900399403843817083005722754930321299301222295483199499696193022453,6834760395900399403843817083005722754930321299301222295483199499696193022453,11.241,701.285,sha256:50c5f26d2c05b460aa702d89700b74f817ea4adce9d64a5abacaae7a9bb671c8,9a7829fe2584259f1dd0dc45cf73c5ce904fce7e61e964fb7958826f156b43be,ok,
campaign-20260925T060607Z,S20260925T060607Z,cpu8,702b166b8e8f,primary,campaign-20260925T060607Z/cpu8/primary1a1/m7,1,1,7,1,0,,groth16,5,0,2026-09-25T06:24:53.128Z,0.794,12.617,103.902,6.41,5.804,123.724,123.743,1133343,41c7636150900ee72cf6323930dd506bd0fc015a94a20905cc61c856b4fe919a,1,1,1,8772061116891597512098326450504850663371859585885077427179882578819842555696,8772061116891597512098326450504850663371859585885077427179882578819842555696,12.586,676.055,sha256:50c5f26d2c05b460aa702d89700b74f817ea4adce9d64a5abacaae7a9bb671c8,9a7829fe2584259f1dd0dc45cf73c5ce904fce7e61e964fb7958826f156b43be,ok,
campaign-20260925T060607Z,S20260925T060607Z,cpu8,702b166b8e8f,primary,campaign-20260925T060607Z/cpu8/primary1a1/m8,1,1,8,1,0,,plonk,15,0,2026-09-25T06:24:53.272Z,116.768,18.827,19218.305,7.633,7.36,19361.533,19361.557,101977680,590ecdca303cbdece71bd9566d50ed9ad6168b343d2955edb57da417b966d08b,1,1,1,16175814224772832097117886582757018531876340808696504341109560169071733404932,16175814224772832097117886582757018531876340808696504341109560169071733404932,11.325,704.461,sha256:50c5f26d2c05b460aa702d89700b74f817ea4adce9d64a5abacaae7a9bb671c8,9a7829fe2584259f1dd0dc45cf73c5ce904fce7e61e964fb7958826f156b43be,ok,
campaign-20260925T060607Z,S20260925T060607Z,cpu8,702b166b8e8f,primary,campaign-20260925T060607Z/cpu8/primary1a1/m9,1,1,9,1,0,,plonk,5,0,2026-09-25T06:25:12.662Z,0.78,11.752,9537.429,10.471,7.176,9560.432,9560.451,50790568,8b7d89ef154d0704a4a5fb8df978ea728f0decad61374b1d3a80a026ad357fec,1,1,1,8772061116891597512098326450504850663371859585885077427179882578819842555696,8772061116891597512098326450504850663371859585885077427179882578819842555696,11.505,704.633,sha256:50c5f26d2c05b460aa702d89700b74f817ea4adce9d64a5abacaae7a9bb671c8,9a7829fe2584259f1dd0dc45cf73c5ce904fce7e61e964fb7958826f156b43be,ok,
campaign-20260925T060607Z,S20260925T060607Z,cpu8,702b166b8e8f,primary,campaign-20260925T060607Z/cpu8/primary1a1/m10,1,1,10,1,0,,plonk,6,0,2026-09-25T06:25:22.246Z,0.821,12.906,9602.147,7.67,7.238,9623.544,9623.559,50980972,75b0f7800ba9bbd996a5aba5e02258e755536462dae72897fb9805a733486612,1,1,1,4563221289370828604205089111471170542583263583412968862519466540084840336910,4563221289370828604205089111471170542583263583412968862519466540084840336910,11.306,704.465,sha256:50c5f26d2c05b460aa702d89700b74f817ea4adce9d64a5abacaae7a9bb671c8,9a7829fe2584259f1dd0dc45cf73c5ce904fce7e61e964fb7958826f156b43be,ok,
campaign-20260925T060607Z,S20260925T060607Z,cpu8,702b166b8e8f,primary,campaign-20260925T060607Z/cpu8/primary1a1/m11,1,1,11,1,0,,plonk,8,0,2026-09-25T06:25:31.895Z,1.15,13.011,9702.806,7.713,7.324,9724.68,9724.698,51361780,42dce5eab9336cf59161d106dd2c9da704b3a453c67dc5f6a284a94331eca87c,1,1,1,4202603041571593097755192347734702907906852554209131907104891159135181794540,4202603041571593097755192347734702907906852554209131907104891159135181794540,11.462,704.852,sha256:50c5f26d2c05b460aa702d89700b74f817ea4adce9d64a5abacaae7a9bb671c8,9a7829fe2584259f1dd0dc45cf73c5ce904fce7e61e964fb7958826f156b43be,ok,
campaign-20260925T060607Z,S20260925T060607Z,cpu8,702b166b8e8f,primary,campaign-20260925T060607Z/cpu8/primary1a1/m12,1,1,12,1,0,,plonk,13,0,2026-09-25T06:25:41.645Z,21.94,17.037,18599.263,7.621,7.242,18645.861,18645.887,101596872,ecc4eb82a5958bf47b7b157e77ed7abc103fb2ebeec94211db85c4d20c7c607c,1,1,1,2070900789261900884480134887764693608718732168760920549200296856627754794354,2070900789261900884480134887764693608718732168760920549200296856627754794354,11.523,848.914,sha256:50c5f26d2c05b460aa702d89700b74f817ea4adce9d64a5abacaae7a9bb671c8,9a7829fe2584259f1dd0dc45cf73c5ce904fce7e61e964fb7958826f156b43be,ok,
campaign-20260925T060607Z,S20260925T060607Z,cpu8,702b166b8e8f,primary,campaign-20260925T060607Z/cpu8/primary1a1/m13,1,1,13,1,0,,plonk,10,0,2026-09-25T06:26:00.315Z,3.428,13.711,9668.27,7.665,7.155,9693.075,9693.095,51742588,bebeabf9a0c71095a0054d8bd4225201a55744b4b0560ef0825703d4931d0ced,1,1,1,5493694120516454304625833950804950714434791624469988248149691492887491269863,5493694120516454304625833950804950714434791624469988248149691492887491269863,11.409,704.477,sha256:50c5f26d2c05b460aa702d89700b74f817ea4adce9d64a5abacaae7a9bb671c8,9a7829fe2584259f1dd0dc45cf73c5ce904fce7e61e964fb7958826f156b43be,ok,
campaign-20260925T060607Z,S20260925T060607Z,cpu8,702b166b8e8f,primary,campaign-20260925T060607Z/cpu8/primary1a1/m14,1,1,14,1,0,,groth16,15,0,2026-09-25T06:26:10.036Z,102.71,24.334,194.144,5.791,5.759,326.979,327.005,2468935,d6be53096894f276c29d0702fcead9cafd5a510db26c6b563aa91a72f3a7c974,1,1,1,16175814224772832097117886582757018531876340808696504341109560169071733404932,16175814224772832097117886582757018531876340808696504341109560169071733404932,14.648,708.07,sha256:50c5f26d2c05b460aa702d89700b74f817ea4adce9d64a5abacaae7a9bb671c8,9a7829fe2584259f1dd0dc45cf73c5ce904fce7e61e964fb7958826f156b43be,ok,
campaign-20260925T060607Z,S20260925T060607Z,cpu8,702b166b8e8f,primary,campaign-20260925T060607Z/cpu8/primary1a1/m15,1,1,15,1,0,,plonk,9,0,2026-09-25T06:26:10.383Z,2.062,13.852,9590.379,7.608,7.175,9613.902,9613.919,51552184,9dc1fed4ae801e210c410e345557301925ad182187f5f64aedebb0ef6a13cf67,1,1,1,20121159957847147921812141654231982941331816397431355682788233457047980505218,20121159957847147921812141654231982941331816397431355682788233457047980505218,11.45,712.715,sha256:50c5f26d2c05b460aa702d89700b74f817ea4adce9d64a5abacaae7a9bb671c8,9a7829fe2584259f1dd0dc45cf73c5ce904fce7e61e964fb7958826f156b43be,ok,
campaign-20260925T060607Z,S20260925T060607Z,cpu8,702b166b8e8f,primary,campaign-20260925T060607Z/cpu8/primary1a1/m16,1,1,16,1,0,,groth16,14,0,2026-09-25T06:26:20.023Z,42.085,16.901,184.804,5.762,5.894,249.553,249.579,2348483,b0be38259edaa109196790233512dc26d29f0e31a9506021bad97c60834e4df2,1,1,1,12582151698735550891927690128793622813383487692593364506314066026947547425304,12582151698735550891927690128793622813383487692593364506314066026947547425304,11.016,689.156,sha256:50c5f26d2c05b460aa702d89700b74f817ea4adce9d64a5abacaae7a9bb671c8,9a7829fe2584259f1dd0dc45cf73c5ce904fce7e61e964fb7958826f156b43be,ok,
campaign-20260925T060607Z,S20260925T060607Z,cpu8,702b166b8e8f,primary,campaign-20260925T060607Z/cpu8/primary1a1/m17,1,1,17,1,0,,groth16,12,0,2026-09-25T06:26:20.292Z,15.206,15.246,170.982,6.215,6.068,207.649,207.679,2107579,3fdb01845d81a3cdbbba88fcf45b948195abf01ba68c30be8a5f3e3546d4e81e,1,1,1,1305120659341908565283217195273270415919492373288777814091321905738895669205,1305120659341908565283217195273270415919492373288777814091321905738895669205,12.901,688.824,sha256:50c5f26d2c05b460aa702d89700b74f817ea4adce9d64a5abacaae7a9bb671c8,9a7829fe2584259f1dd0dc45cf73c5ce904fce7e61e964fb7958826f156b43be,ok,
campaign-20260925T060607Z,S20260925T060607Z,cpu8,702b166b8e8f,primary,campaign-20260925T060607Z/cpu8/primary1a1/m18,1,1,18,1,0,,groth16,10,0,2026-09-25T06:26:20.520Z,2.98,13.692,154.791,5.748,5.726,177.211,177.228,1866675,656d9ee8dd285db6410e0a4b4317201829a1347f7cc3ef6d8de625e8f99f432a,1,1,1,5493694120516454304625833950804950714434791624469988248149691492887491269863,5493694120516454304625833950804950714434791624469988248149691492887491269863,13.199,692.27,sha256:50c5f26d2c05b460aa702d89700b74f817ea4adce9d64a5abacaae7a9bb671c8,9a7829fe2584259f1dd0dc45cf73c5ce904fce7e61e964fb7958826f156b43be,ok,
campaign-20260925T060607Z,S20260925T060607Z,cpu8,702b166b8e8f,primary,campaign-20260925T060607Z/cpu8/primary1a1/m19,1,1,19,1,0,,groth16,13,0,2026-09-25T06:26:20.718Z,32.273,16.365,178.872,5.783,6.012,233.293,233.317,2228031,53cbdd1f02a65121d6c7044031c6cfa4c6ce66c0b9712dd28fe86ef4c6512c1b,1,1,1,2070900789261900884480134887764693608718732168760920549200296856627754794354,2070900789261900884480134887764693608718732168760920549200296856627754794354,11.478,688.539,sha256:50c5f26d2c05b460aa702d89700b74f817ea4adce9d64a5abacaae7a9bb671c8,9a7829fe2584259f1dd0dc45cf73c5ce904fce7e61e964fb7958826f156b43be,ok,
campaign-20260925T060607Z,S20260925T060607Z,cpu8,702b166b8e8f,primary,campaign-20260925T060607Z/cpu8/primary1a1/m20,1,1,20,1,0,,plonk,12,0,2026-09-25T06:26:20.971Z,17.186,14.687,18787.839,7.601,7.195,18827.314,18827.339,101406468,ac66b87842b1343c8548cf4e922c1ee3249b5519daa07857ea88621896f01c1d,1,1,1,1305120659341908565283217195273270415919492373288777814091321905738895669205,1305120659341908565283217195273270415919492373288777814091321905738895669205,11.638,708.789,sha256:50c5f26d2c05b460aa702d89700b74f817ea4adce9d64a5abacaae7a9bb671c8,9a7829fe2584259f1dd0dc45cf73c5ce904fce7e61e964fb7958826f156b43be,ok,
campaign-20260925T060607Z,S20260925T060607Z,cpu8,702b166b8e8f,primary,campaign-20260925T060607Z/cpu8/primary1a1/m21,1,1,21,1,0,,groth16,9,0,2026-09-25T06:26:39.827Z,2.096,13.058,146.798,5.862,5.687,167.815,167.83,1746223,b211630d00c7c2d0e5309876a16c72ad66909d7301385d4da830c4a8d71e391e,1,1,1,20121159957847147921812141654231982941331816397431355682788233457047980505218,20121159957847147921812141654231982941331816397431355682788233457047980505218,12.816,684.422,sha256:50c5f26d2c05b460aa702d89700b74f817ea4adce9d64a5abacaae7a9bb671c8,9a7829fe2584259f1dd0dc45cf73c5ce904fce7e61e964fb7958826f156b43be,ok,
campaign-20260925T060607Z,S20260925T060607Z,cpu8,702b166b8e8f,primary,campaign-20260925T060607Z/cpu8/primary1a1/m22,1,1,22,1,0,,groth16,11,0,2026-09-25T06:26:40.014Z,7.055,13.996,163.875,5.767,5.984,190.693,190.717,1987127,1241508317856e8cb42cf71f43cafeb13e26a2553d595182aefca30b78a5b754,1,1,1,13741875541804146615197212471377989082753334180286662970428373142262333549779,13741875541804146615197212471377989082753334180286662970428373142262333549779,11.222,689.422,sha256:50c5f26d2c05b460aa702d89700b74f817ea4adce9d64a5abacaae7a9bb671c8,9a7829fe2584259f1dd0dc45cf73c5ce904fce7e61e964fb7958826f156b43be,ok,
campaign-20260925T060607Z,S20260925T060607Z,cpu8,4d3e78e963d1,primary,campaign-20260925T060607Z/cpu8/primary2a1/in_process1,2,1,1,2,1,in_process,groth16,5,0,2026-09-25T06:36:53.874Z,0.543,13.929,241.118,7.589,6.794,263.179,263.195,1133343,41c7636150900ee72cf6323930dd506bd0fc015a94a20905cc61c856b4fe919a,1,1,1,8772061116891597512098326450504850663371859585885077427179882578819842555696,8772061116891597512098326450504850663371859585885077427179882578819842555696,12.755,245.863,sha256:50c5f26d2c05b460aa702d89700b74f817ea4adce9d64a5abacaae7a9bb671c8,9a7829fe2584259f1dd0dc45cf73c5ce904fce7e61e964fb7958826f156b43be,ok,
campaign-20260925T060607Z,S20260925T060607Z,cpu8,4d3e78e963d1,primary,campaign-20260925T060607Z/cpu8/primary2a1/in_process2,2,1,2,2,1,in_process,plonk,5,0,2026-09-25T06:36:54.160Z,0.652,12.795,9597.073,8.017,7.457,9618.537,9618.559,50790568,8b7d89ef154d0704a4a5fb8df978ea728f0decad61374b1d3a80a026ad357fec,1,1,1,8772061116891597512098326450504850663371859585885077427179882578819842555696,8772061116891597512098326450504850663371859585885077427179882578819842555696,12.973,682.594,sha256:50c5f26d2c05b460aa702d89700b74f817ea4adce9d64a5abacaae7a9bb671c8,9a7829fe2584259f1dd0dc45cf73c5ce904fce7e61e964fb7958826f156b43be,ok,
campaign-20260925T060607Z,S20260925T060607Z,cpu8,4d3e78e963d1,primary,campaign-20260925T060607Z/cpu8/primary2a1/m1,2,1,1,2,0,,groth16,8,0,2026-09-25T06:37:03.804Z,5.291,13.699,141.347,6.098,6.583,166.435,166.451,1625771,5ed3b83d5f5aad4ca7fa25c79bc0fa86d421d2202a7e7054079f14b9e1c2f4cd,1,1,1,4202603041571593097755192347734702907906852554209131907104891159135181794540,4202603041571593097755192347734702907906852554209131907104891159135181794540,11.947,496.145,sha256:50c5f26d2c05b460aa702d89700b74f817ea4adce9d64a5abacaae7a9bb671c8,9a7829fe2584259f1dd0dc45cf73c5ce904fce7e61e964fb7958826f156b43be,ok,
campaign-20260925T060607Z,S20260925T060607Z,cpu8,4d3e78e963d1,primary,campaign-20260925T060607Z/cpu8/primary2a1/m2,2,1,2,2,0,,plonk,8,0,2026-09-25T06:37:03.992Z,0.94,12.509,9569.4,7.671,7.312,9590.519,9590.536,51361780,42dce5eab9336cf59161d106dd2c9da704b3a453c67dc5f6a284a94331eca87c,1,1,1,4202603041571593097755192347734702907906852554209131907104891159135181794540,4202603041571593097755192347734702907906852554209131907104891159135181794540,12.61,634.363,sha256:50c5f26d2c05b460aa702d89700b74f817ea4adce9d64a5abacaae7a9bb671c8,9a7829fe2584259f1dd0dc45cf73c5ce904fce7e61e964fb7958826f156b43be,ok,
campaign-20260925T060607Z,S20260925T060607Z,cpu8,4d3e78e963d1,primary,campaign-20260925T060607Z/cpu8/primary2a1/m3,2,1,3,2,0,,plonk,5,0,2026-09-25T06:37:13.608Z,0.772,12.432,9593.857,7.804,7.283,9614.865,9614.885,50790568,8b7d89ef154d0704a4a5fb8df978ea728f0decad61374b1d3a80a026ad357fec,1,1,1,8772061116891597512098326450504850663371859585885077427179882578819842555696,8772061116891597512098326450504850663371859585885077427179882578819842555696,12.433,647.305,sha256:50c5f26d2c05b460aa702d89700b74f817ea4adce9d64a5abacaae7a9bb671c8,9a7829fe2584259f1dd0dc45cf73c5ce904fce7e61e964fb7958826f156b43be,ok,
campaign-20260925T060607Z,S20260925T060607Z,cpu8,4d3e78e963d1,primary,campaign-20260925T060607Z/cpu8/primary2a1/m4,2,1,4,2,0,,plonk,14,0,2026-09-25T06:37:23.251Z,41.967,16.621,19247.897,8.234,7.377,19314.718,19314.745,101787276,61d7365d9163bc99ded1dfbd03499b9283c2947715292debbde41b3796b6b916,1,1,1,12582151698735550891927690128793622813383487692593364506314066026947547425304,12582151698735550891927690128793622813383487692593364506314066026947547425304,12.711,885.383,sha256:50c5f26d2c05b460aa702d89700b74f817ea4adce9d64a5abacaae7a9bb671c8,9a7829fe2584259f1dd0dc45cf73c5ce904fce7e61e964fb7958826f156b43be,ok,
campaign-20260925T060607Z,S20260925T060607Z,cpu8,4d3e78e963d1,primary,campaign-20260925T060607Z/cpu8/primary2a1/m5,2,1,5,2,0,,groth16,5,0,2026-09-25T06:37:42.591Z,6.552,13.76,102.175,6.327,5.764,128.815,128.837,1133343,41c7636150900ee72cf6323930dd506bd0fc015a94a20905cc61c856b4fe919a,1,1,1,8772061116891597512098326450504850663371859585885077427179882578819842555696,8772061116891597512098326450504850663371859585885077427179882578819842555696,13.658,574.797,sha256:50c5f26d2c05b460aa702d89700b74f817ea4adce9d64a5abacaae7a9bb671c8,9a7829fe2584259f1dd0dc45cf73c5ce904fce7e61e964fb7958826f156b43be,ok,
campaign-20260925T060607Z,S20260925T060607Z,cpu8,4d3e78e963d1,primary,campaign-20260925T060607Z/cpu8/primary2a1/m6,2,1,6,2,0,,groth16,10,0,2026-09-25T06:37:42.739Z,2.664,13.639,155.51,6.082,6.089,177.896,177.914,1866675,656d9ee8dd285db6410e0a4b4317201829a1347f7cc3ef6d8de625e8f99f432a,1,1,1,5493694120516454304625833950804950714434791624469988248149691492887491269863,5493694120516454304625833950804950714434791624469988248149691492887491269863,12.253,588.34,sha256:50c5f26d2c05b460aa702d89700b74f817ea4adce9d64a5abacaae7a9bb671c8,9a7829fe2584259f1dd0dc45cf73c5ce904fce7e61e964fb7958826f156b43be,ok,
campaign-20260925T060607Z,S20260925T060607Z,cpu8,4d3e78e963d1,primary,campaign-20260925T060607Z/cpu8/primary2a1/m7,2,1,7,2,0,,plonk,12,0,2026-09-25T06:37:42.938Z,15.067,16.509,19061.914,7.849,7.329,19101.339,19101.366,101406468,ac66b87842b1343c8548cf4e922c1ee3249b5519daa07857ea88621896f01c1d,1,1,1,1305120659341908565283217195273270415919492373288777814091321905738895669205,1305120659341908565283217195273270415919492373288777814091321905738895669205,12.469,726.574,sha256:50c5f26d2c05b460aa702d89700b74f817ea4adce9d64a5abacaae7a9bb671c8,9a7829fe2584259f1dd0dc45cf73c5ce904fce7e61e964fb7958826f156b43be,ok,
campaign-20260925T060607Z,S20260925T060607Z,cpu8,4d3e78e963d1,primary,campaign-20260925T060607Z/cpu8/primary2a1/m8,2,1,8,2,0,,plonk,6,0,2026-09-25T06:38:02.067Z,0.819,12.952,9741.263,7.711,7.317,9762.746,9762.76,50980972,75b0f7800ba9bbd996a5aba5e02258e755536462dae72897fb9805a733486612,1,1,1,4563221289370828604205089111471170542583263583412968862519466540084840336910,4563221289370828604205089111471170542583263583412968862519466540084840336910,12.473,726.672,sha256:50c5f26d2c05b460aa702d89700b74f817ea4adce9d64a5abacaae7a9bb671c8,9a7829fe2584259f1dd0dc45cf73c5ce904fce7e61e964fb7958826f156b43be,ok,
campaign-20260925T060607Z,S20260925T060607Z,cpu8,4d3e78e963d1,primary,campaign-20260925T060607Z/cpu8/primary2a1/m9,2,1,9,2,0,,plonk,11,0,2026-09-25T06:38:11.855Z,5.639,14.16,19027.235,7.884,7.413,19054.919,19054.937,101216064,55b85a8c273635d0f8f2cdda0e7ce81b35231792d5212b770681d612dbf1c56a,1,1,1,13741875541804146615197212471377989082753334180286662970428373142262333549779,13741875541804146615197212471377989082753334180286662970428373142262333549779,12.439,727.09,sha256:50c5f26d2c05b460aa702d89700b74f817ea4adce9d64a5abacaae7a9bb671c8,9a7829fe2584259f1dd0dc45cf73c5ce904fce7e61e964fb7958826f156b43be,ok,
campaign-20260925T060607Z,S20260925T060607Z,cpu8,4d3e78e963d1,primary,campaign-20260925T060607Z/cpu8/primary2a1/m10,2,1,10,2,0,,groth16,9,0,2026-09-25T06:38:30.937Z,1.991,14.04,146.533,5.827,5.988,168.391,168.41,1746223,b211630d00c7c2d0e5309876a16c72ad66909d7301385d4da830c4a8d71e391e,1,1,1,20121159957847147921812141654231982941331816397431355682788233457047980505218,20121159957847147921812141654231982941331816397431355682788233457047980505218,12.127,703.422,sha256:50c5f26d2c05b460aa702d89700b74f817ea4adce9d64a5abacaae7a9bb671c8,9a7829fe2584259f1dd0dc45cf73c5ce904fce7e61e964fb7958826f156b43be,ok,
campaign-20260925T060607Z,S20260925T060607Z,cpu8,4d3e78e963d1,primary,campaign-20260925T060607Z/cpu8/primary2a1/m11,2,1,11,2,0,,groth16,11,0,2026-09-25T06:38:31.126Z,6.689,13.416,160.566,5.724,6.203,186.395,186.414,1987127,1241508317856e8cb42cf71f43cafeb13e26a2553d595182aefca30b78a5b754,1,1,1,13741875541804146615197212471377989082753334180286662970428373142262333549779,13741875541804146615197212471377989082753334180286662970428373142262333549779,12.451,703.363,sha256:50c5f26d2c05b460aa702d89700b74f817ea4adce9d64a5abacaae7a9bb671c8,9a7829fe2584259f1dd0dc45cf73c5ce904fce7e61e964fb7958826f156b43be,ok,
campaign-20260925T060607Z,S20260925T060607Z,cpu8,4d3e78e963d1,primary,campaign-20260925T060607Z/cpu8/primary2a1/m12,2,1,12,2,0,,groth16,13,0,2026-09-25T06:38:31.333Z,30.858,17.079,179.244,6.215,5.717,233.396,233.425,2228031,53cbdd1f02a65121d6c7044031c6cfa4c6ce66c0b9712dd28fe86ef4c6512c1b,1,1,1,2070900789261900884480134887764693608718732168760920549200296856627754794354,2070900789261900884480134887764693608718732168760920549200296856627754794354,14,703.004,sha256:50c5f26d2c05b460aa702d89700b74f817ea4adce9d64a5abacaae7a9bb671c8,9a7829fe2584259f1dd0dc45cf73c5ce904fce7e61e964fb7958826f156b43be,ok,
campaign-20260925T060607Z,S20260925T060607Z,cpu8,4d3e78e963d1,primary,campaign-20260925T060607Z/cpu8/primary2a1/m13,2,1,13,2,0,,groth16,15,0,2026-09-25T06:38:31.586Z,118.295,19.76,192.641,6.158,5.88,336.853,336.879,2468935,d6be53096894f276c29d0702fcead9cafd5a510db26c6b563aa91a72f3a7c974,1,1,1,16175814224772832097117886582757018531876340808696504341109560169071733404932,16175814224772832097117886582757018531876340808696504341109560169071733404932,12.073,703.891,sha256:50c5f26d2c05b460aa702d89700b74f817ea4adce9d64a5abacaae7a9bb671c8,9a7829fe2584259f1dd0dc45cf73c5ce904fce7e61e964fb7958826f156b43be,ok,
campaign-20260925T060607Z,S20260925T060607Z,cpu8,4d3e78e963d1,primary,campaign-20260925T060607Z/cpu8/primary2a1/m14,2,1,14,2,0,,plonk,10,0,2026-09-25T06:38:31.943Z,2.619,13.099,9748.811,7.666,7.243,9772.196,9772.213,51742588,bebeabf9a0c71095a0054d8bd4225201a55744b4b0560ef0825703d4931d0ced,1,1,1,5493694120516454304625833950804950714434791624469988248149691492887491269863,5493694120516454304625833950804950714434791624469988248149691492887491269863,12.639,778.734,sha256:50c5f26d2c05b460aa702d89700b74f817ea4adce9d64a5abacaae7a9bb671c8,9a7829fe2584259f1dd0dc45cf73c5ce904fce7e61e964fb7958826f156b43be,ok,
campaign-20260925T060607Z,S20260925T060607Z,cpu8,4d3e78e963d1,primary,campaign-20260925T060607Z/cpu8/primary2a1/m15,2,1,15,2,0,,groth16,6,0,2026-09-25T06:38:41.740Z,0.89,13.199,110.118,6.813,5.771,131.019,131.037,1253795,ea2368c5701f4885dc1bd9120ebd0b3419c495066983d2c215030506b1968bd4,1,1,1,4563221289370828604205089111471170542583263583412968862519466540084840336910,4563221289370828604205089111471170542583263583412968862519466540084840336910,14.065,753.855,sha256:50c5f26d2c05b460aa702d89700b74f817ea4adce9d64a5abacaae7a9bb671c8,9a7829fe2584259f1dd0dc45cf73c5ce904fce7e61e964fb7958826f156b43be,ok,
campaign-20260925T060607Z,S20260925T060607Z,cpu8,4d3e78e963d1,primary,campaign-20260925T060607Z/cpu8/primary2a1/m16,2,1,16,2,0,,plonk,15,0,2026-09-25T06:38:41.891Z,117.865,19.623,18990.498,7.553,7.23,19135.54,19135.566,101977680,590ecdca303cbdece71bd9566d50ed9ad6168b343d2955edb57da417b966d08b,1,1,1,16175814224772832097117886582757018531876340808696504341109560169071733404932,16175814224772832097117886582757018531876340808696504341109560169071733404932,12.631,739.867,sha256:50c5f26d2c05b460aa702d89700b74f817ea4adce9d64a5abacaae7a9bb671c8,9a7829fe2584259f1dd0dc45cf73c5ce904fce7e61e964fb7958826f156b43be,ok,
campaign-20260925T060607Z,S20260925T060607Z,cpu8,4d3e78e963d1,primary,campaign-20260925T060607Z/cpu8/primary2a1/m17,2,1,17,2,0,,groth16,12,0,2026-09-25T06:39:01.054Z,8.948,14.355,171.628,5.732,5.828,200.663,200.689,2107579,3fdb01845d81a3cdbbba88fcf45b948195abf01ba68c30be8a5f3e3546d4e81e,1,1,1,1305120659341908565283217195273270415919492373288777814091321905738895669205,1305120659341908565283217195273270415919492373288777814091321905738895669205,14.068,716.809,sha256:50c5f26d2c05b460aa702d89700b74f817ea4adce9d64a5abacaae7a9bb671c8,9a7829fe2584259f1dd0dc45cf73c5ce904fce7e61e964fb7958826f156b43be,ok,
campaign-20260925T060607Z,S20260925T060607Z,cpu8,4d3e78e963d1,primary,campaign-20260925T060607Z/cpu8/primary2a1/m18,2,1,18,2,0,,plonk,9,0,2026-09-25T06:39:01.275Z,1.755,13.543,9686.901,7.581,7.13,9709.78,9709.796,51552184,9dc1fed4ae801e210c410e345557301925ad182187f5f64aedebb0ef6a13cf67,1,1,1,20121159957847147921812141654231982941331816397431355682788233457047980505218,20121159957847147921812141654231982941331816397431355682788233457047980505218,12.736,792.324,sha256:50c5f26d2c05b460aa702d89700b74f817ea4adce9d64a5abacaae7a9bb671c8,9a7829fe2584259f1dd0dc45cf73c5ce904fce7e61e964fb7958826f156b43be,ok,
campaign-20260925T060607Z,S20260925T060607Z,cpu8,4d3e78e963d1,primary,campaign-20260925T060607Z/cpu8/primary2a1/m19,2,1,19,2,0,,plonk,13,0,2026-09-25T06:39:11.009Z,23.167,20.78,18795.585,7.759,7.233,18847.29,18847.317,101596872,ecc4eb82a5958bf47b7b157e77ed7abc103fb2ebeec94211db85c4d20c7c607c,1,1,1,2070900789261900884480134887764693608718732168760920549200296856627754794354,2070900789261900884480134887764693608718732168760920549200296856627754794354,12.655,791.219,sha256:50c5f26d2c05b460aa702d89700b74f817ea4adce9d64a5abacaae7a9bb671c8,9a7829fe2584259f1dd0dc45cf73c5ce904fce7e61e964fb7958826f156b43be,ok,
campaign-20260925T060607Z,S20260925T060607Z,cpu8,4d3e78e963d1,primary,campaign-20260925T060607Z/cpu8/primary2a1/m20,2,1,20,2,0,,plonk,7,0,2026-09-25T06:39:29.882Z,0.991,13.085,9650.937,7.707,7.329,9672.72,9672.738,51171376,e601552aba9f4692ef0f1d2d75ceade0e48da52ddad45690306a402c03eb810f,1,1,1,6834760395900399403843817083005722754930321299301222295483199499696193022453,6834760395900399403843817083005722754930321299301222295483199499696193022453,12.789,801.578,sha256:50c5f26d2c05b460aa702d89700b74f817ea4adce9d64a5abacaae7a9bb671c8,9a7829fe2584259f1dd0dc45cf73c5ce904fce7e61e964fb7958826f156b43be,ok,
campaign-20260925T060607Z,S20260925T060607Z,cpu8,4d3e78e963d1,primary,campaign-20260925T060607Z/cpu8/primary2a1/m21,2,1,21,2,0,,groth16,14,0,2026-09-25T06:39:39.580Z,45.726,16.973,188.165,6.128,5.799,256.992,257.016,2348483,b0be38259edaa109196790233512dc26d29f0e31a9506021bad97c60834e4df2,1,1,1,12582151698735550891927690128793622813383487692593364506314066026947547425304,12582151698735550891927690128793622813383487692593364506314066026947547425304,12.366,777.301,sha256:50c5f26d2c05b460aa702d89700b74f817ea4adce9d64a5abacaae7a9bb671c8,9a7829fe2584259f1dd0dc45cf73c5ce904fce7e61e964fb7958826f156b43be,ok,
campaign-20260925T060607Z,S20260925T060607Z,cpu8,4d3e78e963d1,primary,campaign-20260925T060607Z/cpu8/primary2a1/m22,2,1,22,2,0,,groth16,7,0,2026-09-25T06:39:39.857Z,0.758,12.294,120.545,6.063,5.996,139.66,139.674,1374247,c0f6d8c4ac9fa282780a2c229d7d086f87e26be62a3eefceb9f801e5076843aa,1,1,1,6834760395900399403843817083005722754930321299301222295483199499696193022453,6834760395900399403843817083005722754930321299301222295483199499696193022453,13.294,780.859,sha256:50c5f26d2c05b460aa702d89700b74f817ea4adce9d64a5abacaae7a9bb671c8,9a7829fe2584259f1dd0dc45cf73c5ce904fce7e61e964fb7958826f156b43be,ok,
campaign-20260925T060607Z,S20260925T060607Z,cpu8,32224d32ef8d,primary,campaign-20260925T060607Z/cpu8/primary3a1/in_process1,3,1,1,3,1,in_process,groth16,5,0,2026-09-25T06:39:41.537Z,0.528,14.708,243.449,7.061,6.83,265.746,265.762,1133343,41c7636150900ee72cf6323930dd506bd0fc015a94a20905cc61c856b4fe919a,1,1,1,8772061116891597512098326450504850663371859585885077427179882578819842555696,8772061116891597512098326450504850663371859585885077427179882578819842555696,19.672,248.84,sha256:50c5f26d2c05b460aa702d89700b74f817ea4adce9d64a5abacaae7a9bb671c8,9a7829fe2584259f1dd0dc45cf73c5ce904fce7e61e964fb7958826f156b43be,ok,
campaign-20260925T060607Z,S20260925T060607Z,cpu8,32224d32ef8d,primary,campaign-20260925T060607Z/cpu8/primary3a1/in_process2,3,1,2,3,1,in_process,plonk,5,0,2026-09-25T06:39:41.826Z,0.947,13.219,9471.861,7.912,7.274,9493.938,9493.958,50790568,8b7d89ef154d0704a4a5fb8df978ea728f0decad61374b1d3a80a026ad357fec,1,1,1,8772061116891597512098326450504850663371859585885077427179882578819842555696,8772061116891597512098326450504850663371859585885077427179882578819842555696,13.251,647.684,sha256:50c5f26d2c05b460aa702d89700b74f817ea4adce9d64a5abacaae7a9bb671c8,9a7829fe2584259f1dd0dc45cf73c5ce904fce7e61e964fb7958826f156b43be,ok,
campaign-20260925T060607Z,S20260925T060607Z,cpu8,32224d32ef8d,primary,campaign-20260925T060607Z/cpu8/primary3a1/m1,3,1,1,3,0,,groth16,15,0,2026-09-25T06:39:51.344Z,100.476,26.923,191.144,6.104,5.986,324.647,324.686,2468935,d6be53096894f276c29d0702fcead9cafd5a510db26c6b563aa91a72f3a7c974,1,1,1,16175814224772832097117886582757018531876340808696504341109560169071733404932,16175814224772832097117886582757018531876340808696504341109560169071733404932,15.953,511.313,sha256:50c5f26d2c05b460aa702d89700b74f817ea4adce9d64a5abacaae7a9bb671c8,9a7829fe2584259f1dd0dc45cf73c5ce904fce7e61e964fb7958826f156b43be,ok,
campaign-20260925T060607Z,S20260925T060607Z,cpu8,32224d32ef8d,primary,campaign-20260925T060607Z/cpu8/primary3a1/m2,3,1,2,3,0,,groth16,14,0,2026-09-25T06:39:51.691Z,53.113,20.933,187.64,7.071,6.158,268.756,268.781,2348483,b0be38259edaa109196790233512dc26d29f0e31a9506021bad97c60834e4df2,1,1,1,12582151698735550891927690128793622813383487692593364506314066026947547425304,12582151698735550891927690128793622813383487692593364506314066026947547425304,13.218,493.934,sha256:50c5f26d2c05b460aa702d89700b74f817ea4adce9d64a5abacaae7a9bb671c8,9a7829fe2584259f1dd0dc45cf73c5ce904fce7e61e964fb7958826f156b43be,ok,
campaign-20260925T060607Z,S20260925T060607Z,cpu8,32224d32ef8d,primary,campaign-20260925T060607Z/cpu8/primary3a1/m3,3,1,3,3,0,,groth16,10,0,2026-09-25T06:39:51.981Z,2.712,13.718,157.907,6.359,5.931,180.696,180.715,1866675,656d9ee8dd285db6410e0a4b4317201829a1347f7cc3ef6d8de625e8f99f432a,1,1,1,5493694120516454304625833950804950714434791624469988248149691492887491269863,5493694120516454304625833950804950714434791624469988248149691492887491269863,13.447,493.285,sha256:50c5f26d2c05b460aa702d89700b74f817ea4adce9d64a5abacaae7a9bb671c8,9a7829fe2584259f1dd0dc45cf73c5ce904fce7e61e964fb7958826f156b43be,ok,
campaign-20260925T060607Z,S20260925T060607Z,cpu8,32224d32ef8d,primary,campaign-20260925T060607Z/cpu8/primary3a1/m4,3,1,4,3,0,,groth16,8,0,2026-09-25T06:39:52.182Z,1.048,12.763,141.654,6.139,6.02,161.603,161.619,1625771,5ed3b83d5f5aad4ca7fa25c79bc0fa86d421d2202a7e7054079f14b9e1c2f4cd,1,1,1,4202603041571593097755192347734702907906852554209131907104891159135181794540,4202603041571593097755192347734702907906852554209131907104891159135181794540,13.155,491.434,sha256:50c5f26d2c05b460aa702d89700b74f817ea4adce9d64a5abacaae7a9bb671c8,9a7829fe2584259f1dd0dc45cf73c5ce904fce7e61e964fb7958826f156b43be,ok,
campaign-20260925T060607Z,S20260925T060607Z,cpu8,32224d32ef8d,primary,campaign-20260925T060607Z/cpu8/primary3a1/m5,3,1,5,3,0,,plonk,9,0,2026-09-25T06:39:52.364Z,1.603,13.718,9618.068,7.866,7.605,9641.254,9641.269,51552184,9dc1fed4ae801e210c410e345557301925ad182187f5f64aedebb0ef6a13cf67,1,1,1,20121159957847147921812141654231982941331816397431355682788233457047980505218,20121159957847147921812141654231982941331816397431355682788233457047980505218,12.89,578.637,sha256:50c5f26d2c05b460aa702d89700b74f817ea4adce9d64a5abacaae7a9bb671c8,9a7829fe2584259f1dd0dc45cf73c5ce904fce7e61e964fb7958826f156b43be,ok,
campaign-20260925T060607Z,S20260925T060607Z,cpu8,32224d32ef8d,primary,campaign-20260925T060607Z/cpu8/primary3a1/m6,3,1,6,3,0,,plonk,13,0,2026-09-25T06:40:02.032Z,22.268,17.3,18692.25,7.59,7.278,18739.407,18739.433,101596872,ecc4eb82a5958bf47b7b157e77ed7abc103fb2ebeec94211db85c4d20c7c607c,1,1,1,2070900789261900884480134887764693608718732168760920549200296856627754794354,2070900789261900884480134887764693608718732168760920549200296856627754794354,12.79,732.777,sha256:50c5f26d2c05b460aa702d89700b74f817ea4adce9d64a5abacaae7a9bb671c8,9a7829fe2584259f1dd0dc45cf73c5ce904fce7e61e964fb7958826f156b43be,ok,
campaign-20260925T060607Z,S20260925T060607Z,cpu8,32224d32ef8d,primary,campaign-20260925T060607Z/cpu8/primary3a1/m7,3,1,7,3,0,,plonk,12,0,2026-09-25T06:40:20.796Z,10.923,14.359,18584.003,7.878,7.342,18617.162,18617.184,101406468,ac66b87842b1343c8548cf4e922c1ee3249b5519daa07857ea88621896f01c1d,1,1,1,1305120659341908565283217195273270415919492373288777814091321905738895669205,1305120659341908565283217195273270415919492373288777814091321905738895669205,12.746,739.723,sha256:50c5f26d2c05b460aa702d89700b74f817ea4adce9d64a5abacaae7a9bb671c8,9a7829fe2584259f1dd0dc45cf73c5ce904fce7e61e964fb7958826f156b43be,ok,
campaign-20260925T060607Z,S20260925T060607Z,cpu8,32224d32ef8d,primary,campaign-20260925T060607Z/cpu8/primary3a1/m8,3,1,8,3,0,,groth16,13,0,2026-09-25T06:40:39.439Z,24.789,20.062,177.44,5.881,5.775,228.171,228.195,2228031,53cbdd1f02a65121d6c7044031c6cfa4c6ce66c0b9712dd28fe86ef4c6512c1b,1,1,1,2070900789261900884480134887764693608718732168760920549200296856627754794354,2070900789261900884480134887764693608718732168760920549200296856627754794354,16.313,744.477,sha256:50c5f26d2c05b460aa702d89700b74f817ea4adce9d64a5abacaae7a9bb671c8,9a7829fe2584259f1dd0dc45cf73c5ce904fce7e61e964fb7958826f156b43be,ok,
campaign-20260925T060607Z,S20260925T060607Z,cpu8,32224d32ef8d,primary,campaign-20260925T060607Z/cpu8/primary3a1/m9,3,1,9,3,0,,groth16,7,0,2026-09-25T06:40:39.687Z,1.401,13.96,119.38,6.274,5.697,141.016,141.032,1374247,c0f6d8c4ac9fa282780a2c229d7d086f87e26be62a3eefceb9f801e5076843aa,1,1,1,6834760395900399403843817083005722754930321299301222295483199499696193022453,6834760395900399403843817083005722754930321299301222295483199499696193022453,12.235,716.098,sha256:50c5f26d2c05b460aa702d89700b74f817ea4adce9d64a5abacaae7a9bb671c8,9a7829fe2584259f1dd0dc45cf73c5ce904fce7e61e964fb7958826f156b43be,ok,
campaign-20260925T060607Z,S20260925T060607Z,cpu8,32224d32ef8d,primary,campaign-20260925T060607Z/cpu8/primary3a1/m10,3,1,10,3,0,,plonk,5,0,2026-09-25T06:40:39.848Z,0.639,11.72,9455.586,7.787,7.316,9475.732,9475.752,50790568,8b7d89ef154d0704a4a5fb8df978ea728f0decad61374b1d3a80a026ad357fec,1,1,1,8772061116891597512098326450504850663371859585885077427179882578819842555696,8772061116891597512098326450504850663371859585885077427179882578819842555696,12.699,743.527,sha256:50c5f26d2c05b460aa702d89700b74f817ea4adce9d64a5abacaae7a9bb671c8,9a7829fe2584259f1dd0dc45cf73c5ce904fce7e61e964fb7958826f156b43be,ok,
campaign-20260925T060607Z,S20260925T060607Z,cpu8,32224d32ef8d,primary,campaign-20260925T060607Z/cpu8/primary3a1/m11,3,1,11,3,0,,plonk,6,0,2026-09-25T06:40:49.348Z,0.883,13.232,9510.247,7.882,7.432,9532.244,9532.259,50980972,75b0f7800ba9bbd996a5aba5e02258e755536462dae72897fb9805a733486612,1,1,1,4563221289370828604205089111471170542583263583412968862519466540084840336910,4563221289370828604205089111471170542583263583412968862519466540084840336910,12.837,748.066,sha256:50c5f26d2c05b460aa702d89700b74f817ea4adce9d64a5abacaae7a9bb671c8,9a7829fe2584259f1dd0dc45cf73c5ce904fce7e61e964fb7958826f156b43be,ok,
campaign-20260925T060607Z,S20260925T060607Z,cpu8,32224d32ef8d,primary,campaign-20260925T060607Z/cpu8/primary3a1/m12,3,1,12,3,0,,groth16,5,0,2026-09-25T06:40:58.905Z,0.74,12.676,101.698,6.261,6.074,121.374,121.393,1133343,41c7636150900ee72cf6323930dd506bd0fc015a94a20905cc61c856b4fe919a,1,1,1,8772061116891597512098326450504850663371859585885077427179882578819842555696,8772061116891597512098326450504850663371859585885077427179882578819842555696,14.328,722.41,sha256:50c5f26d2c05b460aa702d89700b74f817ea4adce9d64a5abacaae7a9bb671c8,9a7829fe2584259f1dd0dc45cf73c5ce904fce7e61e964fb7958826f156b43be,ok,
campaign-20260925T060607Z,S20260925T060607Z,cpu8,32224d32ef8d,primary,campaign-20260925T060607Z/cpu8/primary3a1/m13,3,1,13,3,0,,plonk,7,0,2026-09-25T06:40:59.047Z,0.928,12.912,9459.999,7.863,7.219,9481.702,9481.716,51171376,e601552aba9f4692ef0f1d2d75ceade0e48da52ddad45690306a402c03eb810f,1,1,1,6834760395900399403843817083005722754930321299301222295483199499696193022453,6834760395900399403843817083005722754930321299301222295483199499696193022453,12.892,749.035,sha256:50c5f26d2c05b460aa702d89700b74f817ea4adce9d64a5abacaae7a9bb671c8,9a7829fe2584259f1dd0dc45cf73c5ce904fce7e61e964fb7958826f156b43be,ok,
campaign-20260925T060607Z,S20260925T060607Z,cpu8,32224d32ef8d,primary,campaign-20260925T060607Z/cpu8/primary3a1/m14,3,1,14,3,0,,groth16,6,0,2026-09-25T06:41:08.554Z,0.854,13.289,109.354,6.275,5.905,129.771,129.785,1253795,ea2368c5701f4885dc1bd9120ebd0b3419c495066983d2c215030506b1968bd4,1,1,1,4563221289370828604205089111471170542583263583412968862519466540084840336910,4563221289370828604205089111471170542583263583412968862519466540084840336910,14.285,725.672,sha256:50c5f26d2c05b460aa702d89700b74f817ea4adce9d64a5abacaae7a9bb671c8,9a7829fe2584259f1dd0dc45cf73c5ce904fce7e61e964fb7958826f156b43be,ok,
campaign-20260925T060607Z,S20260925T060607Z,cpu8,32224d32ef8d,primary,campaign-20260925T060607Z/cpu8/primary3a1/m15,3,1,15,3,0,,groth16,11,0,2026-09-25T06:41:08.703Z,7.106,15.965,161.24,5.747,5.851,190.059,190.078,1987127,1241508317856e8cb42cf71f43cafeb13e26a2553d595182aefca30b78a5b754,1,1,1,13741875541804146615197212471377989082753334180286662970428373142262333549779,13741875541804146615197212471377989082753334180286662970428373142262333549779,12.837,729.301,sha256:50c5f26d2c05b460aa702d89700b74f817ea4adce9d64a5abacaae7a9bb671c8,9a7829fe2584259f1dd0dc45cf73c5ce904fce7e61e964fb7958826f156b43be,ok,
campaign-20260925T060607Z,S20260925T060607Z,cpu8,32224d32ef8d,primary,campaign-20260925T060607Z/cpu8/primary3a1/m16,3,1,16,3,0,,plonk,10,0,2026-09-25T06:41:08.914Z,3.376,13.725,9471.368,7.59,7.25,9496.059,9496.075,51742588,bebeabf9a0c71095a0054d8bd4225201a55744b4b0560ef0825703d4931d0ced,1,1,1,5493694120516454304625833950804950714434791624469988248149691492887491269863,5493694120516454304625833950804950714434791624469988248149691492887491269863,12.998,748.863,sha256:50c5f26d2c05b460aa702d89700b74f817ea4adce9d64a5abacaae7a9bb671c8,9a7829fe2584259f1dd0dc45cf73c5ce904fce7e61e964fb7958826f156b43be,ok,
campaign-20260925T060607Z,S20260925T060607Z,cpu8,32224d32ef8d,primary,campaign-20260925T060607Z/cpu8/primary3a1/m17,3,1,17,3,0,,plonk,14,0,2026-09-25T06:41:18.435Z,45.013,16.908,18570.853,7.61,7.233,18640.384,18640.409,101787276,61d7365d9163bc99ded1dfbd03499b9283c2947715292debbde41b3796b6b916,1,1,1,12582151698735550891927690128793622813383487692593364506314066026947547425304,12582151698735550891927690128793622813383487692593364506314066026947547425304,12.893,749.316,sha256:50c5f26d2c05b460aa702d89700b74f817ea4adce9d64a5abacaae7a9bb671c8,9a7829fe2584259f1dd0dc45cf73c5ce904fce7e61e964fb7958826f156b43be,ok,
campaign-20260925T060607Z,S20260925T060607Z,cpu8,32224d32ef8d,primary,campaign-20260925T060607Z/cpu8/primary3a1/m18,3,1,18,3,0,,plonk,8,0,2026-09-25T06:41:37.100Z,1.17,13.571,9453.361,7.611,7.201,9475.714,9475.73,51361780,42dce5eab9336cf59161d106dd2c9da704b3a453c67dc5f6a284a94331eca87c,1,1,1,4202603041571593097755192347734702907906852554209131907104891159135181794540,4202603041571593097755192347734702907906852554209131907104891159135181794540,13.051,756.168,sha256:50c5f26d2c05b460aa702d89700b74f817ea4adce9d64a5abacaae7a9bb671c8,9a7829fe2584259f1dd0dc45cf73c5ce904fce7e61e964fb7958826f156b43be,ok,
campaign-20260925T060607Z,S20260925T060607Z,cpu8,32224d32ef8d,primary,campaign-20260925T060607Z/cpu8/primary3a1/m19,3,1,19,3,0,,groth16,12,0,2026-09-25T06:41:46.600Z,8.804,14.179,170.958,5.897,5.877,199.837,199.859,2107579,3fdb01845d81a3cdbbba88fcf45b948195abf01ba68c30be8a5f3e3546d4e81e,1,1,1,1305120659341908565283217195273270415919492373288777814091321905738895669205,1305120659341908565283217195273270415919492373288777814091321905738895669205,12.939,733.309,sha256:50c5f26d2c05b460aa702d89700b74f817ea4adce9d64a5abacaae7a9bb671c8,9a7829fe2584259f1dd0dc45cf73c5ce904fce7e61e964fb7958826f156b43be,ok,
campaign-20260925T060607Z,S20260925T060607Z,cpu8,32224d32ef8d,primary,campaign-20260925T060607Z/cpu8/primary3a1/m20,3,1,20,3,0,,groth16,9,0,2026-09-25T06:41:46.820Z,1.864,12.476,150.141,5.916,5.874,170.397,170.412,1746223,b211630d00c7c2d0e5309876a16c72ad66909d7301385d4da830c4a8d71e391e,1,1,1,20121159957847147921812141654231982941331816397431355682788233457047980505218,20121159957847147921812141654231982941331816397431355682788233457047980505218,13.525,735.359,sha256:50c5f26d2c05b460aa702d89700b74f817ea4adce9d64a5abacaae7a9bb671c8,9a7829fe2584259f1dd0dc45cf73c5ce904fce7e61e964fb7958826f156b43be,ok,
campaign-20260925T060607Z,S20260925T060607Z,cpu8,32224d32ef8d,primary,campaign-20260925T060607Z/cpu8/primary3a1/m21,3,1,21,3,0,,plonk,11,0,2026-09-25T06:41:47.011Z,6.649,15.235,18540.399,7.706,7.396,18569.989,18570.014,101216064,55b85a8c273635d0f8f2cdda0e7ce81b35231792d5212b770681d612dbf1c56a,1,1,1,13741875541804146615197212471377989082753334180286662970428373142262333549779,13741875541804146615197212471377989082753334180286662970428373142262333549779,12.968,742.172,sha256:50c5f26d2c05b460aa702d89700b74f817ea4adce9d64a5abacaae7a9bb671c8,9a7829fe2584259f1dd0dc45cf73c5ce904fce7e61e964fb7958826f156b43be,ok,
campaign-20260925T060607Z,S20260925T060607Z,cpu8,32224d32ef8d,primary,campaign-20260925T060607Z/cpu8/primary3a1/m22,3,1,22,3,0,,plonk,15,0,2026-09-25T06:42:05.608Z,98.982,24.971,18488.716,7.737,7.257,18620.406,18620.431,101977680,590ecdca303cbdece71bd9566d50ed9ad6168b343d2955edb57da417b966d08b,1,1,1,16175814224772832097117886582757018531876340808696504341109560169071733404932,16175814224772832097117886582757018531876340808696504341109560169071733404932,13.137,753.773,sha256:50c5f26d2c05b460aa702d89700b74f817ea4adce9d64a5abacaae7a9bb671c8,9a7829fe2584259f1dd0dc45cf73c5ce904fce7e61e964fb7958826f156b43be,ok,
campaign-20260925T060607Z,S20260925T060607Z,cpu8,05131265b884,primary,campaign-20260925T060607Z/cpu8/primary4a1/in_process1,4,1,1,4,1,in_process,groth16,5,0,2026-09-25T06:55:17.663Z,0.576,15.779,242.072,9.798,7.137,268.225,268.242,1133343,41c7636150900ee72cf6323930dd506bd0fc015a94a20905cc61c856b4fe919a,1,1,1,8772061116891597512098326450504850663371859585885077427179882578819842555696,8772061116891597512098326450504850663371859585885077427179882578819842555696,18.347,250.465,sha256:50c5f26d2c05b460aa702d89700b74f817ea4adce9d64a5abacaae7a9bb671c8,9a7829fe2584259f1dd0dc45cf73c5ce904fce7e61e964fb7958826f156b43be,ok,
campaign-20260925T060607Z,S20260925T060607Z,cpu8,05131265b884,primary,campaign-20260925T060607Z/cpu8/primary4a1/in_process2,4,1,2,4,1,in_process,plonk,5,0,2026-09-25T06:55:17.956Z,1.116,12.815,9478.249,8.03,7.446,9500.21,9500.23,50790568,8b7d89ef154d0704a4a5fb8df978ea728f0decad61374b1d3a80a026ad357fec,1,1,1,8772061116891597512098326450504850663371859585885077427179882578819842555696,8772061116891597512098326450504850663371859585885077427179882578819842555696,14.714,647.727,sha256:50c5f26d2c05b460aa702d89700b74f817ea4adce9d64a5abacaae7a9bb671c8,9a7829fe2584259f1dd0dc45cf73c5ce904fce7e61e964fb7958826f156b43be,ok,
campaign-20260925T060607Z,S20260925T060607Z,cpu8,05131265b884,primary,campaign-20260925T060607Z/cpu8/primary4a1/m1,4,1,1,4,0,,plonk,13,0,2026-09-25T06:55:27.481Z,23.978,17.911,18508.534,7.98,7.547,18558.402,18558.427,101596872,ecc4eb82a5958bf47b7b157e77ed7abc103fb2ebeec94211db85c4d20c7c607c,1,1,1,2070900789261900884480134887764693608718732168760920549200296856627754794354,2070900789261900884480134887764693608718732168760920549200296856627754794354,14.336,714.508,sha256:50c5f26d2c05b460aa702d89700b74f817ea4adce9d64a5abacaae7a9bb671c8,9a7829fe2584259f1dd0dc45cf73c5ce904fce7e61e964fb7958826f156b43be,ok,
campaign-20260925T060607Z,S20260925T060607Z,cpu8,05131265b884,primary,campaign-20260925T060607Z/cpu8/primary4a1/m2,4,1,2,4,0,,groth16,5,0,2026-09-25T06:55:46.065Z,0.868,16.088,106.033,6.396,6.331,129.386,129.409,1133343,41c7636150900ee72cf6323930dd506bd0fc015a94a20905cc61c856b4fe919a,1,1,1,8772061116891597512098326450504850663371859585885077427179882578819842555696,8772061116891597512098326450504850663371859585885077427179882578819842555696,13.871,625.223,sha256:50c5f26d2c05b460aa702d89700b74f817ea4adce9d64a5abacaae7a9bb671c8,9a7829fe2584259f1dd0dc45cf73c5ce904fce7e61e964fb7958826f156b43be,ok,
campaign-20260925T060607Z,S20260925T060607Z,cpu8,05131265b884,primary,campaign-20260925T060607Z/cpu8/primary4a1/m3,4,1,3,4,0,,groth16,15,0,2026-09-25T06:55:46.222Z,120.565,21.003,197.5,9.92,6.463,348.988,349.014,2468935,d6be53096894f276c29d0702fcead9cafd5a510db26c6b563aa91a72f3a7c974,1,1,1,16175814224772832097117886582757018531876340808696504341109560169071733404932,16175814224772832097117886582757018531876340808696504341109560169071733404932,14.765,625.313,sha256:50c5f26d2c05b460aa702d89700b74f817ea4adce9d64a5abacaae7a9bb671c8,9a7829fe2584259f1dd0dc45cf73c5ce904fce7e61e964fb7958826f156b43be,ok,
campaign-20260925T060607Z,S20260925T060607Z,cpu8,05131265b884,primary,campaign-20260925T060607Z/cpu8/primary4a1/m4,4,1,4,4,0,,groth16,7,0,2026-09-25T06:55:46.593Z,0.942,14.504,123.189,7.391,6.292,146.026,146.044,1374247,c0f6d8c4ac9fa282780a2c229d7d086f87e26be62a3eefceb9f801e5076843aa,1,1,1,6834760395900399403843817083005722754930321299301222295483199499696193022453,6834760395900399403843817083005722754930321299301222295483199499696193022453,14.709,624.375,sha256:50c5f26d2c05b460aa702d89700b74f817ea4adce9d64a5abacaae7a9bb671c8,9a7829fe2584259f1dd0dc45cf73c5ce904fce7e61e964fb7958826f156b43be,ok,
campaign-20260925T060607Z,S20260925T060607Z,cpu8,05131265b884,primary,campaign-20260925T060607Z/cpu8/primary4a1/m5,4,1,5,4,0,,plonk,9,0,2026-09-25T06:55:46.760Z,1.711,15.031,9532.95,7.899,7.385,9557.591,9557.612,51552184,9dc1fed4ae801e210c410e345557301925ad182187f5f64aedebb0ef6a13cf67,1,1,1,20121159957847147921812141654231982941331816397431355682788233457047980505218,20121159957847147921812141654231982941331816397431355682788233457047980505218,14.334,652.199,sha256:50c5f26d2c05b460aa702d89700b74f817ea4adce9d64a5abacaae7a9bb671c8,9a7829fe2584259f1dd0dc45cf73c5ce904fce7e61e964fb7958826f156b43be,ok,
campaign-20260925T060607Z,S20260925T060607Z,cpu8,05131265b884,primary,campaign-20260925T060607Z/cpu8/primary4a1/m6,4,1,6,4,0,,plonk,5,0,2026-09-25T06:55:56.344Z,0.908,13.154,9473.726,7.823,7.297,9495.61,9495.631,50790568,8b7d89ef154d0704a4a5fb8df978ea728f0decad61374b1d3a80a026ad357fec,1,1,1,8772061116891597512098326450504850663371859585885077427179882578819842555696,8772061116891597512098326450504850663371859585885077427179882578819842555696,14.126,670.41,sha256:50c5f26d2c05b460aa702d89700b74f817ea4adce9d64a5abacaae7a9bb671c8,9a7829fe2584259f1dd0dc45cf73c5ce904fce7e61e964fb7958826f156b43be,ok,
campaign-20260925T060607Z,S20260925T060607Z,cpu8,05131265b884,primary,campaign-20260925T060607Z/cpu8/primary4a1/m7,4,1,7,4,0,,plonk,15,0,2026-09-25T06:56:05.865Z,100.993,24.945,18463.128,7.565,7.336,18596.631,18596.658,101977680,590ecdca303cbdece71bd9566d50ed9ad6168b343d2955edb57da417b966d08b,1,1,1,16175814224772832097117886582757018531876340808696504341109560169071733404932,16175814224772832097117886582757018531876340808696504341109560169071733404932,14.232,743.098,sha256:50c5f26d2c05b460aa702d89700b74f817ea4adce9d64a5abacaae7a9bb671c8,9a7829fe2584259f1dd0dc45cf73c5ce904fce7e61e964fb7958826f156b43be,ok,
campaign-20260925T060607Z,S20260925T060607Z,cpu8,05131265b884,primary,campaign-20260925T060607Z/cpu8/primary4a1/m8,4,1,8,4,0,,plonk,7,0,2026-09-25T06:56:24.488Z,0.842,13.893,9519.283,7.651,7.187,9541.669,9541.682,51171376,e601552aba9f4692ef0f1d2d75ceade0e48da52ddad45690306a402c03eb810f,1,1,1,6834760395900399403843817083005722754930321299301222295483199499696193022453,6834760395900399403843817083005722754930321299301222295483199499696193022453,14.276,748.277,sha256:50c5f26d2c05b460aa702d89700b74f817ea4adce9d64a5abacaae7a9bb671c8,9a7829fe2584259f1dd0dc45cf73c5ce904fce7e61e964fb7958826f156b43be,ok,
campaign-20260925T060607Z,S20260925T060607Z,cpu8,05131265b884,primary,campaign-20260925T060607Z/cpu8/primary4a1/m9,4,1,9,4,0,,plonk,8,0,2026-09-25T06:56:34.055Z,1.242,13.861,9470.952,7.727,7.224,9493.782,9493.8,51361780,42dce5eab9336cf59161d106dd2c9da704b3a453c67dc5f6a284a94331eca87c,1,1,1,4202603041571593097755192347734702907906852554209131907104891159135181794540,4202603041571593097755192347734702907906852554209131907104891159135181794540,14.275,748.391,sha256:50c5f26d2c05b460aa702d89700b74f817ea4adce9d64a5abacaae7a9bb671c8,9a7829fe2584259f1dd0dc45cf73c5ce904fce7e61e964fb7958826f156b43be,ok,
campaign-20260925T060607Z,S20260925T060607Z,cpu8,05131265b884,primary,campaign-20260925T060607Z/cpu8/primary4a1/m10,4,1,10,4,0,,groth16,13,0,2026-09-25T06:56:43.573Z,22.255,19.617,178.472,5.827,5.755,226.171,226.195,2228031,53cbdd1f02a65121d6c7044031c6cfa4c6ce66c0b9712dd28fe86ef4c6512c1b,1,1,1,2070900789261900884480134887764693608718732168760920549200296856627754794354,2070900789261900884480134887764693608718732168760920549200296856627754794354,17.386,752.973,sha256:50c5f26d2c05b460aa702d89700b74f817ea4adce9d64a5abacaae7a9bb671c8,9a7829fe2584259f1dd0dc45cf73c5ce904fce7e61e964fb7958826f156b43be,ok,
campaign-20260925T060607Z,S20260925T060607Z,cpu8,05131265b884,primary,campaign-20260925T060607Z/cpu8/primary4a1/m11,4,1,11,4,0,,groth16,9,0,2026-09-25T06:56:43.820Z,2.459,13.948,148.082,6.071,6.059,170.56,170.576,1746223,b211630d00c7c2d0e5309876a16c72ad66909d7301385d4da830c4a8d71e391e,1,1,1,20121159957847147921812141654231982941331816397431355682788233457047980505218,20121159957847147921812141654231982941331816397431355682788233457047980505218,13.973,724.277,sha256:50c5f26d2c05b460aa702d89700b74f817ea4adce9d64a5abacaae7a9bb671c8,9a7829fe2584259f1dd0dc45cf73c5ce904fce7e61e964fb7958826f156b43be,ok,
campaign-20260925T060607Z,S20260925T060607Z,cpu8,05131265b884,primary,campaign-20260925T060607Z/cpu8/primary4a1/m12,4,1,12,4,0,,plonk,12,0,2026-09-25T06:56:44.011Z,17.189,31.875,18606.329,7.655,7.19,18663.047,18663.07,101406468,ac66b87842b1343c8548cf4e922c1ee3249b5519daa07857ea88621896f01c1d,1,1,1,1305120659341908565283217195273270415919492373288777814091321905738895669205,1305120659341908565283217195273270415919492373288777814091321905738895669205,14.237,761.602,sha256:50c5f26d2c05b460aa702d89700b74f817ea4adce9d64a5abacaae7a9bb671c8,9a7829fe2584259f1dd0dc45cf73c5ce904fce7e61e964fb7958826f156b43be,ok,
campaign-20260925T060607Z,S20260925T060607Z,cpu8,05131265b884,primary,campaign-20260925T060607Z/cpu8/primary4a1/m13,4,1,13,4,0,,plonk,6,0,2026-09-25T06:57:02.700Z,0.927,12.65,9437.929,7.609,7.459,9459.115,9459.132,50980972,75b0f7800ba9bbd996a5aba5e02258e755536462dae72897fb9805a733486612,1,1,1,4563221289370828604205089111471170542583263583412968862519466540084840336910,4563221289370828604205089111471170542583263583412968862519466540084840336910,14.233,761.648,sha256:50c5f26d2c05b460aa702d89700b74f817ea4adce9d64a5abacaae7a9bb671c8,9a7829fe2584259f1dd0dc45cf73c5ce904fce7e61e964fb7958826f156b43be,ok,
campaign-20260925T060607Z,S20260925T060607Z,cpu8,05131265b884,primary,campaign-20260925T060607Z/cpu8/primary4a1/m14,4,1,14,4,0,,groth16,8,0,2026-09-25T06:57:12.185Z,1.404,13.613,138.392,5.856,6.072,159.264,159.28,1625771,5ed3b83d5f5aad4ca7fa25c79bc0fa86d421d2202a7e7054079f14b9e1c2f4cd,1,1,1,4202603041571593097755192347734702907906852554209131907104891159135181794540,4202603041571593097755192347734702907906852554209131907104891159135181794540,13.867,737.742,sha256:50c5f26d2c05b460aa702d89700b74f817ea4adce9d64a5abacaae7a9bb671c8,9a7829fe2584259f1dd0dc45cf73c5ce904fce7e61e964fb7958826f156b43be,ok,
campaign-20260925T060607Z,S20260925T060607Z,cpu8,05131265b884,primary,campaign-20260925T060607Z/cpu8/primary4a1/m15,4,1,15,4,0,,groth16,6,0,2026-09-25T06:57:12.364Z,0.643,13.309,111.659,6.242,6.151,131.852,131.865,1253795,ea2368c5701f4885dc1bd9120ebd0b3419c495066983d2c215030506b1968bd4,1,1,1,4563221289370828604205089111471170542583263583412968862519466540084840336910,4563221289370828604205089111471170542583263583412968862519466540084840336910,15.521,735.152,sha256:50c5f26d2c05b460aa702d89700b74f817ea4adce9d64a5abacaae7a9bb671c8,9a7829fe2584259f1dd0dc45cf73c5ce904fce7e61e964fb7958826f156b43be,ok,
campaign-20260925T060607Z,S20260925T060607Z,cpu8,05131265b884,primary,campaign-20260925T060607Z/cpu8/primary4a1/m16,4,1,16,4,0,,groth16,11,0,2026-09-25T06:57:12.517Z,7.457,13.731,163.651,5.926,5.956,190.765,190.786,1987127,1241508317856e8cb42cf71f43cafeb13e26a2553d595182aefca30b78a5b754,1,1,1,13741875541804146615197212471377989082753334180286662970428373142262333549779,13741875541804146615197212471377989082753334180286662970428373142262333549779,14.403,741.121,sha256:50c5f26d2c05b460aa702d89700b74f817ea4adce9d64a5abacaae7a9bb671c8,9a7829fe2584259f1dd0dc45cf73c5ce904fce7e61e964fb7958826f156b43be,ok,
campaign-20260925T060607Z,S20260925T060607Z,cpu8,05131265b884,primary,campaign-20260925T060607Z/cpu8/primary4a1/m17,4,1,17,4,0,,groth16,14,0,2026-09-25T06:57:12.729Z,54.661,17.683,185.944,6.017,6.05,264.305,264.33,2348483,b0be38259edaa109196790233512dc26d29f0e31a9506021bad97c60834e4df2,1,1,1,12582151698735550891927690128793622813383487692593364506314066026947547425304,12582151698735550891927690128793622813383487692593364506314066026947547425304,14.143,735.566,sha256:50c5f26d2c05b460aa702d89700b74f817ea4adce9d64a5abacaae7a9bb671c8,9a7829fe2584259f1dd0dc45cf73c5ce904fce7e61e964fb7958826f156b43be,ok,
campaign-20260925T060607Z,S20260925T060607Z,cpu8,05131265b884,primary,campaign-20260925T060607Z/cpu8/primary4a1/m18,4,1,18,4,0,,plonk,11,0,2026-09-25T06:57:13.014Z,5.75,13.852,19021.382,9.673,7.467,19050.656,19050.677,101216064,55b85a8c273635d0f8f2cdda0e7ce81b35231792d5212b770681d612dbf1c56a,1,1,1,13741875541804146615197212471377989082753334180286662970428373142262333549779,13741875541804146615197212471377989082753334180286662970428373142262333549779,14.549,763.82,sha256:50c5f26d2c05b460aa702d89700b74f817ea4adce9d64a5abacaae7a9bb671c8,9a7829fe2584259f1dd0dc45cf73c5ce904fce7e61e964fb7958826f156b43be,ok,
campaign-20260925T060607Z,S20260925T060607Z,cpu8,05131265b884,primary,campaign-20260925T060607Z/cpu8/primary4a1/m19,4,1,19,4,0,,plonk,14,0,2026-09-25T06:57:32.090Z,44.191,17.489,18591.235,7.616,7.383,18660.531,18660.556,101787276,61d7365d9163bc99ded1dfbd03499b9283c2947715292debbde41b3796b6b916,1,1,1,12582151698735550891927690128793622813383487692593364506314066026947547425304,12582151698735550891927690128793622813383487692593364506314066026947547425304,14.375,766.449,sha256:50c5f26d2c05b460aa702d89700b74f817ea4adce9d64a5abacaae7a9bb671c8,9a7829fe2584259f1dd0dc45cf73c5ce904fce7e61e964fb7958826f156b43be,ok,
campaign-20260925T060607Z,S20260925T060607Z,cpu8,05131265b884,primary,campaign-20260925T060607Z/cpu8/primary4a1/m20,4,1,20,4,0,,plonk,10,0,2026-09-25T06:57:50.777Z,2.935,14.453,9482.459,7.644,7.19,9507.491,9507.51,51742588,bebeabf9a0c71095a0054d8bd4225201a55744b4b0560ef0825703d4931d0ced,1,1,1,5493694120516454304625833950804950714434791624469988248149691492887491269863,5493694120516454304625833950804950714434791624469988248149691492887491269863,14.482,769.707,sha256:50c5f26d2c05b460aa702d89700b74f817ea4adce9d64a5abacaae7a9bb671c8,9a7829fe2584259f1dd0dc45cf73c5ce904fce7e61e964fb7958826f156b43be,ok,
campaign-20260925T060607Z,S20260925T060607Z,cpu8,05131265b884,primary,campaign-20260925T060607Z/cpu8/primary4a1/m21,4,1,21,4,0,,groth16,10,0,2026-09-25T06:58:00.311Z,2.94,14.586,154.238,5.767,5.788,177.531,177.548,1866675,656d9ee8dd285db6410e0a4b4317201829a1347f7cc3ef6d8de625e8f99f432a,1,1,1,5493694120516454304625833950804950714434791624469988248149691492887491269863,5493694120516454304625833950804950714434791624469988248149691492887491269863,14.383,744.676,sha256:50c5f26d2c05b460aa702d89700b74f817ea4adce9d64a5abacaae7a9bb671c8,9a7829fe2584259f1dd0dc45cf73c5ce904fce7e61e964fb7958826f156b43be,ok,
campaign-20260925T060607Z,S20260925T060607Z,cpu8,05131265b884,primary,campaign-20260925T060607Z/cpu8/primary4a1/m22,4,1,22,4,0,,groth16,12,0,2026-09-25T06:58:00.509Z,15.925,16.628,172.069,5.902,6.021,210.524,210.549,2107579,3fdb01845d81a3cdbbba88fcf45b948195abf01ba68c30be8a5f3e3546d4e81e,1,1,1,1305120659341908565283217195273270415919492373288777814091321905738895669205,1305120659341908565283217195273270415919492373288777814091321905738895669205,14.324,749.258,sha256:50c5f26d2c05b460aa702d89700b74f817ea4adce9d64a5abacaae7a9bb671c8,9a7829fe2584259f1dd0dc45cf73c5ce904fce7e61e964fb7958826f156b43be,ok,
campaign-20260925T060607Z,S20260925T060607Z,cpu8,8a18a7812b65,primary,campaign-20260925T060607Z/cpu8/primary5a1/in_process1,5,1,1,5,1,in_process,groth16,5,0,2026-09-25T06:58:02.303Z,0.56,14.85,243.055,7.147,6.746,265.612,265.63,1133343,41c7636150900ee72cf6323930dd506bd0fc015a94a20905cc61c856b4fe919a,1,1,1,8772061116891597512098326450504850663371859585885077427179882578819842555696,8772061116891597512098326450504850663371859585885077427179882578819842555696,17.586,250.984,sha256:50c5f26d2c05b460aa702d89700b74f817ea4adce9d64a5abacaae7a9bb671c8,9a7829fe2584259f1dd0dc45cf73c5ce904fce7e61e964fb7958826f156b43be,ok,
campaign-20260925T060607Z,S20260925T060607Z,cpu8,8a18a7812b65,primary,campaign-20260925T060607Z/cpu8/primary5a1/in_process2,5,1,2,5,1,in_process,plonk,5,0,2026-09-25T06:58:02.592Z,0.877,13.005,9493.336,8.117,7.353,9515.334,9515.357,50790568,8b7d89ef154d0704a4a5fb8df978ea728f0decad61374b1d3a80a026ad357fec,1,1,1,8772061116891597512098326450504850663371859585885077427179882578819842555696,8772061116891597512098326450504850663371859585885077427179882578819842555696,14.977,647.32,sha256:50c5f26d2c05b460aa702d89700b74f817ea4adce9d64a5abacaae7a9bb671c8,9a7829fe2584259f1dd0dc45cf73c5ce904fce7e61e964fb7958826f156b43be,ok,
campaign-20260925T060607Z,S20260925T060607Z,cpu8,8a18a7812b65,primary,campaign-20260925T060607Z/cpu8/primary5a1/m1,5,1,1,5,0,,plonk,8,0,2026-09-25T06:58:12.133Z,2.701,14.061,9624.805,8.005,7.287,9649.572,9649.59,51361780,42dce5eab9336cf59161d106dd2c9da704b3a453c67dc5f6a284a94331eca87c,1,1,1,4202603041571593097755192347734702907906852554209131907104891159135181794540,4202603041571593097755192347734702907906852554209131907104891159135181794540,14.379,608.578,sha256:50c5f26d2c05b460aa702d89700b74f817ea4adce9d64a5abacaae7a9bb671c8,9a7829fe2584259f1dd0dc45cf73c5ce904fce7e61e964fb7958826f156b43be,ok,
campaign-20260925T060607Z,S20260925T060607Z,cpu8,8a18a7812b65,primary,campaign-20260925T060607Z/cpu8/primary5a1/m2,5,1,2,5,0,,groth16,7,0,2026-09-25T06:58:21.808Z,0.915,14.154,117.765,6.509,7.737,139.343,139.356,1374247,c0f6d8c4ac9fa282780a2c229d7d086f87e26be62a3eefceb9f801e5076843aa,1,1,1,6834760395900399403843817083005722754930321299301222295483199499696193022453,6834760395900399403843817083005722754930321299301222295483199499696193022453,13.924,586.102,sha256:50c5f26d2c05b460aa702d89700b74f817ea4adce9d64a5abacaae7a9bb671c8,9a7829fe2584259f1dd0dc45cf73c5ce904fce7e61e964fb7958826f156b43be,ok,
campaign-20260925T060607Z,S20260925T060607Z,cpu8,8a18a7812b65,primary,campaign-20260925T060607Z/cpu8/primary5a1/m3,5,1,3,5,0,,plonk,15,0,2026-09-25T06:58:21.974Z,116.38,20.152,18924.527,7.769,7.373,19068.828,19068.857,101977680,590ecdca303cbdece71bd9566d50ed9ad6168b343d2955edb57da417b966d08b,1,1,1,16175814224772832097117886582757018531876340808696504341109560169071733404932,16175814224772832097117886582757018531876340808696504341109560169071733404932,14.42,682.148,sha256:50c5f26d2c05b460aa702d89700b74f817ea4adce9d64a5abacaae7a9bb671c8,9a7829fe2584259f1dd0dc45cf73c5ce904fce7e61e964fb7958826f156b43be,ok,
campaign-20260925T060607Z,S20260925T060607Z,cpu8,8a18a7812b65,primary,campaign-20260925T060607Z/cpu8/primary5a1/m4,5,1,4,5,0,,groth16,8,0,2026-09-25T06:58:41.070Z,1.219,13.971,138.635,5.917,5.958,159.742,159.758,1625771,5ed3b83d5f5aad4ca7fa25c79bc0fa86d421d2202a7e7054079f14b9e1c2f4cd,1,1,1,4202603041571593097755192347734702907906852554209131907104891159135181794540,4202603041571593097755192347734702907906852554209131907104891159135181794540,14.113,657.383,sha256:50c5f26d2c05b460aa702d89700b74f817ea4adce9d64a5abacaae7a9bb671c8,9a7829fe2584259f1dd0dc45cf73c5ce904fce7e61e964fb7958826f156b43be,ok,
campaign-20260925T060607Z,S20260925T060607Z,cpu8,8a18a7812b65,primary,campaign-20260925T060607Z/cpu8/primary5a1/m5,5,1,5,5,0,,plonk,10,0,2026-09-25T06:58:41.251Z,2.718,15.371,9768.019,7.919,7.283,9794.026,9794.044,51742588,bebeabf9a0c71095a0054d8bd4225201a55744b4b0560ef0825703d4931d0ced,1,1,1,5493694120516454304625833950804950714434791624469988248149691492887491269863,5493694120516454304625833950804950714434791624469988248149691492887491269863,14.524,732.754,sha256:50c5f26d2c05b460aa702d89700b74f817ea4adce9d64a5abacaae7a9bb671c8,9a7829fe2584259f1dd0dc45cf73c5ce904fce7e61e964fb7958826f156b43be,ok,
campaign-20260925T060607Z,S20260925T060607Z,cpu8,8a18a7812b65,primary,campaign-20260925T060607Z/cpu8/primary5a1/m6,5,1,6,5,0,,plonk,9,0,2026-09-25T06:58:51.070Z,1.889,14.299,9790.25,7.752,7.287,9814.19,9814.207,51552184,9dc1fed4ae801e210c410e345557301925ad182187f5f64aedebb0ef6a13cf67,1,1,1,20121159957847147921812141654231982941331816397431355682788233457047980505218,20121159957847147921812141654231982941331816397431355682788233457047980505218,14.433,683.285,sha256:50c5f26d2c05b460aa702d89700b74f817ea4adce9d64a5abacaae7a9bb671c8,9a7829fe2584259f1dd0dc45cf73c5ce904fce7e61e964fb7958826f156b43be,ok,
campaign-20260925T060607Z,S20260925T060607Z,cpu8,8a18a7812b65,primary,campaign-20260925T060607Z/cpu8/primary5a1/m7,5,1,7,5,0,,groth16,12,0,2026-09-25T06:59:00.910Z,8.92,14.765,170.462,6.017,6.059,200.163,200.185,2107579,3fdb01845d81a3cdbbba88fcf45b948195abf01ba68c30be8a5f3e3546d4e81e,1,1,1,1305120659341908565283217195273270415919492373288777814091321905738895669205,1305120659341908565283217195273270415919492373288777814091321905738895669205,14.108,659.379,sha256:50c5f26d2c05b460aa702d89700b74f817ea4adce9d64a5abacaae7a9bb671c8,9a7829fe2584259f1dd0dc45cf73c5ce904fce7e61e964fb7958826f156b43be,ok,
campaign-20260925T060607Z,S20260925T060607Z,cpu8,8a18a7812b65,primary,campaign-20260925T060607Z/cpu8/primary5a1/m8,5,1,8,5,0,,groth16,13,0,2026-09-25T06:59:01.130Z,31.986,18.007,180.976,5.914,5.783,236.883,236.909,2228031,53cbdd1f02a65121d6c7044031c6cfa4c6ce66c0b9712dd28fe86ef4c6512c1b,1,1,1,2070900789261900884480134887764693608718732168760920549200296856627754794354,2070900789261900884480134887764693608718732168760920549200296856627754794354,14.102,659.742,sha256:50c5f26d2c05b460aa702d89700b74f817ea4adce9d64a5abacaae7a9bb671c8,9a7829fe2584259f1dd0dc45cf73c5ce904fce7e61e964fb7958826f156b43be,ok,
campaign-20260925T060607Z,S20260925T060607Z,cpu8,8a18a7812b65,primary,campaign-20260925T060607Z/cpu8/primary5a1/m9,5,1,9,5,0,,plonk,11,0,2026-09-25T06:59:01.388Z,6.977,14.217,19145.941,7.743,7.29,19174.877,19174.897,101216064,55b85a8c273635d0f8f2cdda0e7ce81b35231792d5212b770681d612dbf1c56a,1,1,1,13741875541804146615197212471377989082753334180286662970428373142262333549779,13741875541804146615197212471377989082753334180286662970428373142262333549779,14.499,693.809,sha256:50c5f26d2c05b460aa702d89700b74f817ea4adce9d64a5abacaae7a9bb671c8,9a7829fe2584259f1dd0dc45cf73c5ce904fce7e61e964fb7958826f156b43be,ok,
campaign-20260925T060607Z,S20260925T060607Z,cpu8,8a18a7812b65,primary,campaign-20260925T060607Z/cpu8/primary5a1/m10,5,1,10,5,0,,groth16,14,0,2026-09-25T06:59:20.614Z,46.719,16.742,189.017,5.821,5.866,258.3,258.327,2348483,b0be38259edaa109196790233512dc26d29f0e31a9506021bad97c60834e4df2,1,1,1,12582151698735550891927690128793622813383487692593364506314066026947547425304,12582151698735550891927690128793622813383487692593364506314066026947547425304,14.084,671.34,sha256:50c5f26d2c05b460aa702d89700b74f817ea4adce9d64a5abacaae7a9bb671c8,9a7829fe2584259f1dd0dc45cf73c5ce904fce7e61e964fb7958826f156b43be,ok,
campaign-20260925T060607Z,S20260925T060607Z,cpu8,8a18a7812b65,primary,campaign-20260925T060607Z/cpu8/primary5a1/m11,5,1,11,5,0,,plonk,5,0,2026-09-25T06:59:20.892Z,0.663,12.352,9776.067,7.947,7.322,9797.03,9797.047,50790568,8b7d89ef154d0704a4a5fb8df978ea728f0decad61374b1d3a80a026ad357fec,1,1,1,8772061116891597512098326450504850663371859585885077427179882578819842555696,8772061116891597512098326450504850663371859585885077427179882578819842555696,14.594,696.066,sha256:50c5f26d2c05b460aa702d89700b74f817ea4adce9d64a5abacaae7a9bb671c8,9a7829fe2584259f1dd0dc45cf73c5ce904fce7e61e964fb7958826f156b43be,ok,
campaign-20260925T060607Z,S20260925T060607Z,cpu8,8a18a7812b65,primary,campaign-20260925T060607Z/cpu8/primary5a1/m12,5,1,12,5,0,,plonk,6,0,2026-09-25T06:59:30.716Z,0.837,13.641,9749.309,7.668,7.261,9771.455,9771.471,50980972,75b0f7800ba9bbd996a5aba5e02258e755536462dae72897fb9805a733486612,1,1,1,4563221289370828604205089111471170542583263583412968862519466540084840336910,4563221289370828604205089111471170542583263583412968862519466540084840336910,14.479,694.898,sha256:50c5f26d2c05b460aa702d89700b74f817ea4adce9d64a5abacaae7a9bb671c8,9a7829fe2584259f1dd0dc45cf73c5ce904fce7e61e964fb7958826f156b43be,ok,
campaign-20260925T060607Z,S20260925T060607Z,cpu8,8a18a7812b65,primary,campaign-20260925T060607Z/cpu8/primary5a1/m13,5,1,13,5,0,,groth16,15,0,2026-09-25T06:59:40.513Z,100.812,24.596,188.058,7.004,5.717,320.469,320.494,2468935,d6be53096894f276c29d0702fcead9cafd5a510db26c6b563aa91a72f3a7c974,1,1,1,16175814224772832097117886582757018531876340808696504341109560169071733404932,16175814224772832097117886582757018531876340808696504341109560169071733404932,17.66,704.66,sha256:50c5f26d2c05b460aa702d89700b74f817ea4adce9d64a5abacaae7a9bb671c8,9a7829fe2584259f1dd0dc45cf73c5ce904fce7e61e964fb7958826f156b43be,ok,
campaign-20260925T060607Z,S20260925T060607Z,cpu8,8a18a7812b65,primary,campaign-20260925T060607Z/cpu8/primary5a1/m14,5,1,14,5,0,,plonk,12,0,2026-09-25T06:59:40.854Z,8.832,14.502,18924.916,7.692,7.235,18955.942,18955.962,101406468,ac66b87842b1343c8548cf4e922c1ee3249b5519daa07857ea88621896f01c1d,1,1,1,1305120659341908565283217195273270415919492373288777814091321905738895669205,1305120659341908565283217195273270415919492373288777814091321905738895669205,14.512,720.816,sha256:50c5f26d2c05b460aa702d89700b74f817ea4adce9d64a5abacaae7a9bb671c8,9a7829fe2584259f1dd0dc45cf73c5ce904fce7e61e964fb7958826f156b43be,ok,
campaign-20260925T060607Z,S20260925T060607Z,cpu8,8a18a7812b65,primary,campaign-20260925T060607Z/cpu8/primary5a1/m15,5,1,15,5,0,,plonk,13,0,2026-09-25T06:59:59.843Z,23.297,18.31,18796.125,7.694,7.367,18845.426,18845.45,101596872,ecc4eb82a5958bf47b7b157e77ed7abc103fb2ebeec94211db85c4d20c7c607c,1,1,1,2070900789261900884480134887764693608718732168760920549200296856627754794354,2070900789261900884480134887764693608718732168760920549200296856627754794354,14.713,766.121,sha256:50c5f26d2c05b460aa702d89700b74f817ea4adce9d64a5abacaae7a9bb671c8,9a7829fe2584259f1dd0dc45cf73c5ce904fce7e61e964fb7958826f156b43be,ok,
campaign-20260925T060607Z,S20260925T060607Z,cpu8,8a18a7812b65,primary,campaign-20260925T060607Z/cpu8/primary5a1/m16,5,1,16,5,0,,groth16,6,0,2026-09-25T07:00:18.717Z,0.816,13.761,110.641,6.891,5.824,132.109,132.122,1253795,ea2368c5701f4885dc1bd9120ebd0b3419c495066983d2c215030506b1968bd4,1,1,1,4563221289370828604205089111471170542583263583412968862519466540084840336910,4563221289370828604205089111471170542583263583412968862519466540084840336910,15.856,741.57,sha256:50c5f26d2c05b460aa702d89700b74f817ea4adce9d64a5abacaae7a9bb671c8,9a7829fe2584259f1dd0dc45cf73c5ce904fce7e61e964fb7958826f156b43be,ok,
campaign-20260925T060607Z,S20260925T060607Z,cpu8,8a18a7812b65,primary,campaign-20260925T060607Z/cpu8/primary5a1/m17,5,1,17,5,0,,plonk,14,0,2026-09-25T07:00:18.870Z,55.709,18.277,19306.235,7.631,7.384,19387.853,19387.883,101787276,61d7365d9163bc99ded1dfbd03499b9283c2947715292debbde41b3796b6b916,1,1,1,12582151698735550891927690128793622813383487692593364506314066026947547425304,12582151698735550891927690128793622813383487692593364506314066026947547425304,14.611,732.961,sha256:50c5f26d2c05b460aa702d89700b74f817ea4adce9d64a5abacaae7a9bb671c8,9a7829fe2584259f1dd0dc45cf73c5ce904fce7e61e964fb7958826f156b43be,ok,
campaign-20260925T060607Z,S20260925T060607Z,cpu8,8a18a7812b65,primary,campaign-20260925T060607Z/cpu8/primary5a1/m18,5,1,18,5,0,,groth16,5,0,2026-09-25T07:00:38.283Z,0.773,13.384,110.457,6.659,6.056,131.273,131.293,1133343,41c7636150900ee72cf6323930dd506bd0fc015a94a20905cc61c856b4fe919a,1,1,1,8772061116891597512098326450504850663371859585885077427179882578819842555696,8772061116891597512098326450504850663371859585885077427179882578819842555696,16.271,708.617,sha256:50c5f26d2c05b460aa702d89700b74f817ea4adce9d64a5abacaae7a9bb671c8,9a7829fe2584259f1dd0dc45cf73c5ce904fce7e61e964fb7958826f156b43be,ok,
campaign-20260925T060607Z,S20260925T060607Z,cpu8,8a18a7812b65,primary,campaign-20260925T060607Z/cpu8/primary5a1/m19,5,1,19,5,0,,plonk,7,0,2026-09-25T07:00:38.436Z,0.857,13.239,9748.596,7.684,7.256,9770.377,9770.393,51171376,e601552aba9f4692ef0f1d2d75ceade0e48da52ddad45690306a402c03eb810f,1,1,1,6834760395900399403843817083005722754930321299301222295483199499696193022453,6834760395900399403843817083005722754930321299301222295483199499696193022453,14.819,765.727,sha256:50c5f26d2c05b460aa702d89700b74f817ea4adce9d64a5abacaae7a9bb671c8,9a7829fe2584259f1dd0dc45cf73c5ce904fce7e61e964fb7958826f156b43be,ok,
campaign-20260925T060607Z,S20260925T060607Z,cpu8,8a18a7812b65,primary,campaign-20260925T060607Z/cpu8/primary5a1/m20,5,1,20,5,0,,groth16,9,0,2026-09-25T07:00:48.234Z,2.227,14.046,146.274,5.834,6.152,168.382,168.4,1746223,b211630d00c7c2d0e5309876a16c72ad66909d7301385d4da830c4a8d71e391e,1,1,1,20121159957847147921812141654231982941331816397431355682788233457047980505218,20121159957847147921812141654231982941331816397431355682788233457047980505218,14.83,741.395,sha256:50c5f26d2c05b460aa702d89700b74f817ea4adce9d64a5abacaae7a9bb671c8,9a7829fe2584259f1dd0dc45cf73c5ce904fce7e61e964fb7958826f156b43be,ok,
campaign-20260925T060607Z,S20260925T060607Z,cpu8,8a18a7812b65,primary,campaign-20260925T060607Z/cpu8/primary5a1/m21,5,1,21,5,0,,groth16,11,0,2026-09-25T07:00:48.424Z,6.123,13.901,162.463,6.117,6.06,188.604,188.623,1987127,1241508317856e8cb42cf71f43cafeb13e26a2553d595182aefca30b78a5b754,1,1,1,13741875541804146615197212471377989082753334180286662970428373142262333549779,13741875541804146615197212471377989082753334180286662970428373142262333549779,14.648,746.113,sha256:50c5f26d2c05b460aa702d89700b74f817ea4adce9d64a5abacaae7a9bb671c8,9a7829fe2584259f1dd0dc45cf73c5ce904fce7e61e964fb7958826f156b43be,ok,
campaign-20260925T060607Z,S20260925T060607Z,cpu8,8a18a7812b65,primary,campaign-20260925T060607Z/cpu8/primary5a1/m22,5,1,22,5,0,,groth16,10,0,2026-09-25T07:00:48.633Z,2.84,15.19,156.954,5.892,5.797,180.876,180.891,1866675,656d9ee8dd285db6410e0a4b4317201829a1347f7cc3ef6d8de625e8f99f432a,1,1,1,5493694120516454304625833950804950714434791624469988248149691492887491269863,5493694120516454304625833950804950714434791624469988248149691492887491269863,15.983,739.371,sha256:50c5f26d2c05b460aa702d89700b74f817ea4adce9d64a5abacaae7a9bb671c8,9a7829fe2584259f1dd0dc45cf73c5ce904fce7e61e964fb7958826f156b43be,ok,
campaign-20260925T060607Z,S20260925T060607Z,cpu8,a6a7da334c39,primary,campaign-20260925T060607Z/cpu8/primary6a1/in_process1,6,1,1,6,1,in_process,groth16,5,0,2026-09-25T07:07:50.487Z,0.526,15.023,249.873,7.51,6.73,272.931,272.955,1133343,41c7636150900ee72cf6323930dd506bd0fc015a94a20905cc61c856b4fe919a,1,1,1,8772061116891597512098326450504850663371859585885077427179882578819842555696,8772061116891597512098326450504850663371859585885077427179882578819842555696,19.397,230.414,sha256:50c5f26d2c05b460aa702d89700b74f817ea4adce9d64a5abacaae7a9bb671c8,9a7829fe2584259f1dd0dc45cf73c5ce904fce7e61e964fb7958826f156b43be,ok,
campaign-20260925T060607Z,S20260925T060607Z,cpu8,a6a7da334c39,primary,campaign-20260925T060607Z/cpu8/primary6a1/in_process2,6,1,2,6,1,in_process,plonk,5,0,2026-09-25T07:07:50.784Z,0.74,13.358,9543.281,8.049,7.233,9565.429,9565.453,50790568,8b7d89ef154d0704a4a5fb8df978ea728f0decad61374b1d3a80a026ad357fec,1,1,1,8772061116891597512098326450504850663371859585885077427179882578819842555696,8772061116891597512098326450504850663371859585885077427179882578819842555696,16.091,689.09,sha256:50c5f26d2c05b460aa702d89700b74f817ea4adce9d64a5abacaae7a9bb671c8,9a7829fe2584259f1dd0dc45cf73c5ce904fce7e61e964fb7958826f156b43be,ok,
campaign-20260925T060607Z,S20260925T060607Z,cpu8,a6a7da334c39,primary,campaign-20260925T060607Z/cpu8/primary6a1/m1,6,1,1,6,0,,groth16,5,0,2026-09-25T07:08:00.374Z,2.714,13.791,102.721,6.481,6.007,125.706,125.726,1133343,41c7636150900ee72cf6323930dd506bd0fc015a94a20905cc61c856b4fe919a,1,1,1,8772061116891597512098326450504850663371859585885077427179882578819842555696,8772061116891597512098326450504850663371859585885077427179882578819842555696,16.722,572.535,sha256:50c5f26d2c05b460aa702d89700b74f817ea4adce9d64a5abacaae7a9bb671c8,9a7829fe2584259f1dd0dc45cf73c5ce904fce7e61e964fb7958826f156b43be,ok,
campaign-20260925T060607Z,S20260925T060607Z,cpu8,a6a7da334c39,primary,campaign-20260925T060607Z/cpu8/primary6a1/m2,6,1,2,6,0,,groth16,13,0,2026-09-25T07:08:00.522Z,30.87,18.82,183.706,7.854,6.086,241.249,241.279,2228031,53cbdd1f02a65121d6c7044031c6cfa4c6ce66c0b9712dd28fe86ef4c6512c1b,1,1,1,2070900789261900884480134887764693608718732168760920549200296856627754794354,2070900789261900884480134887764693608718732168760920549200296856627754794354,15.21,576.004,sha256:50c5f26d2c05b460aa702d89700b74f817ea4adce9d64a5abacaae7a9bb671c8,9a7829fe2584259f1dd0dc45cf73c5ce904fce7e61e964fb7958826f156b43be,ok,
campaign-20260925T060607Z,S20260925T060607Z,cpu8,a6a7da334c39,primary,campaign-20260925T060607Z/cpu8/primary6a1/m3,6,1,3,6,0,,groth16,6,0,2026-09-25T07:08:00.786Z,0.747,13.493,114.761,6.1,6.168,135.101,135.118,1253795,ea2368c5701f4885dc1bd9120ebd0b3419c495066983d2c215030506b1968bd4,1,1,1,4563221289370828604205089111471170542583263583412968862519466540084840336910,4563221289370828604205089111471170542583263583412968862519466540084840336910,15.868,576.535,sha256:50c5f26d2c05b460aa702d89700b74f817ea4adce9d64a5abacaae7a9bb671c8,9a7829fe2584259f1dd0dc45cf73c5ce904fce7e61e964fb7958826f156b43be,ok,
campaign-20260925T060607Z,S20260925T060607Z,cpu8,a6a7da334c39,primary,campaign-20260925T060607Z/cpu8/primary6a1/m4,6,1,4,6,0,,groth16,7,0,2026-09-25T07:08:00.943Z,0.799,13.239,120.973,6.22,6.022,141.229,141.246,1374247,c0f6d8c4ac9fa282780a2c229d7d086f87e26be62a3eefceb9f801e5076843aa,1,1,1,6834760395900399403843817083005722754930321299301222295483199499696193022453,6834760395900399403843817083005722754930321299301222295483199499696193022453,16.238,577.223,sha256:50c5f26d2c05b460aa702d89700b74f817ea4adce9d64a5abacaae7a9bb671c8,9a7829fe2584259f1dd0dc45cf73c5ce904fce7e61e964fb7958826f156b43be,ok,
campaign-20260925T060607Z,S20260925T060607Z,cpu8,a6a7da334c39,primary,campaign-20260925T060607Z/cpu8/primary6a1/m5,6,1,5,6,0,,groth16,8,0,2026-09-25T07:08:01.105Z,1.17,13.805,145.044,6.774,6.241,166.794,166.81,1625771,5ed3b83d5f5aad4ca7fa25c79bc0fa86d421d2202a7e7054079f14b9e1c2f4cd,1,1,1,4202603041571593097755192347734702907906852554209131907104891159135181794540,4202603041571593097755192347734702907906852554209131907104891159135181794540,16.23,576.406,sha256:50c5f26d2c05b460aa702d89700b74f817ea4adce9d64a5abacaae7a9bb671c8,9a7829fe2584259f1dd0dc45cf73c5ce904fce7e61e964fb7958826f156b43be,ok,
campaign-20260925T060607Z,S20260925T060607Z,cpu8,a6a7da334c39,primary,campaign-20260925T060607Z/cpu8/primary6a1/m6,6,1,6,6,0,,groth16,11,0,2026-09-25T07:08:01.293Z,7.312,14.057,165.203,6.089,6.199,192.662,192.685,1987127,1241508317856e8cb42cf71f43cafeb13e26a2553d595182aefca30b78a5b754,1,1,1,13741875541804146615197212471377989082753334180286662970428373142262333549779,13741875541804146615197212471377989082753334180286662970428373142262333549779,15.26,577.563,sha256:50c5f26d2c05b460aa702d89700b74f817ea4adce9d64a5abacaae7a9bb671c8,9a7829fe2584259f1dd0dc45cf73c5ce904fce7e61e964fb7958826f156b43be,ok,
campaign-20260925T060607Z,S20260925T060607Z,cpu8,a6a7da334c39,primary,campaign-20260925T060607Z/cpu8/primary6a1/m7,6,1,7,6,0,,groth16,10,0,2026-09-25T07:08:01.507Z,3.402,15.633,158.025,5.896,5.91,182.957,182.974,1866675,656d9ee8dd285db6410e0a4b4317201829a1347f7cc3ef6d8de625e8f99f432a,1,1,1,5493694120516454304625833950804950714434791624469988248149691492887491269863,5493694120516454304625833950804950714434791624469988248149691492887491269863,14.93,580.176,sha256:50c5f26d2c05b460aa702d89700b74f817ea4adce9d64a5abacaae7a9bb671c8,9a7829fe2584259f1dd0dc45cf73c5ce904fce7e61e964fb7958826f156b43be,ok,
campaign-20260925T060607Z,S20260925T060607Z,cpu8,a6a7da334c39,primary,campaign-20260925T060607Z/cpu8/primary6a1/m8,6,1,8,6,0,,groth16,15,0,2026-09-25T07:08:01.711Z,119.992,20.986,197.416,5.958,6.004,344.351,344.379,2468935,d6be53096894f276c29d0702fcead9cafd5a510db26c6b563aa91a72f3a7c974,1,1,1,16175814224772832097117886582757018531876340808696504341109560169071733404932,16175814224772832097117886582757018531876340808696504341109560169071733404932,15.079,583.586,sha256:50c5f26d2c05b460aa702d89700b74f817ea4adce9d64a5abacaae7a9bb671c8,9a7829fe2584259f1dd0dc45cf73c5ce904fce7e61e964fb7958826f156b43be,ok,
campaign-20260925T060607Z,S20260925T060607Z,cpu8,a6a7da334c39,primary,campaign-20260925T060607Z/cpu8/primary6a1/m9,6,1,9,6,0,,groth16,9,0,2026-09-25T07:08:02.076Z,1.889,14.066,152.491,6.36,6.158,174.806,174.824,1746223,b211630d00c7c2d0e5309876a16c72ad66909d7301385d4da830c4a8d71e391e,1,1,1,20121159957847147921812141654231982941331816397431355682788233457047980505218,20121159957847147921812141654231982941331816397431355682788233457047980505218,16.061,584.359,sha256:50c5f26d2c05b460aa702d89700b74f817ea4adce9d64a5abacaae7a9bb671c8,9a7829fe2584259f1dd0dc45cf73c5ce904fce7e61e964fb7958826f156b43be,ok,
campaign-20260925T060607Z,S20260925T060607Z,cpu8,a6a7da334c39,primary,campaign-20260925T060607Z/cpu8/primary6a1/m10,6,1,10,6,0,,groth16,12,0,2026-09-25T07:08:02.272Z,15.673,16.949,173.918,6.075,6.174,212.615,212.641,2107579,3fdb01845d81a3cdbbba88fcf45b948195abf01ba68c30be8a5f3e3546d4e81e,1,1,1,1305120659341908565283217195273270415919492373288777814091321905738895669205,1305120659341908565283217195273270415919492373288777814091321905738895669205,16.638,588.375,sha256:50c5f26d2c05b460aa702d89700b74f817ea4adce9d64a5abacaae7a9bb671c8,9a7829fe2584259f1dd0dc45cf73c5ce904fce7e61e964fb7958826f156b43be,ok,
campaign-20260925T060607Z,S20260925T060607Z,cpu8,a6a7da334c39,primary,campaign-20260925T060607Z/cpu8/primary6a1/m11,6,1,11,6,0,,groth16,14,0,2026-09-25T07:08:02.507Z,52.58,17.834,188.82,6.145,5.849,265.38,265.407,2348483,b0be38259edaa109196790233512dc26d29f0e31a9506021bad97c60834e4df2,1,1,1,12582151698735550891927690128793622813383487692593364506314066026947547425304,12582151698735550891927690128793622813383487692593364506314066026947547425304,15.479,590.316,sha256:50c5f26d2c05b460aa702d89700b74f817ea4adce9d64a5abacaae7a9bb671c8,9a7829fe2584259f1dd0dc45cf73c5ce904fce7e61e964fb7958826f156b43be,ok,
campaign-20260925T060607Z,S20260925T060607Z,cpu8,0b01ff2d07b0,primary,campaign-20260925T060607Z/cpu8/primary7a1/in_process1,7,1,1,7,1,in_process,groth16,5,0,2026-09-25T07:08:21.774Z,0.496,15.378,238.522,7.198,6.778,261.595,261.612,1133343,41c7636150900ee72cf6323930dd506bd0fc015a94a20905cc61c856b4fe919a,1,1,1,8772061116891597512098326450504850663371859585885077427179882578819842555696,8772061116891597512098326450504850663371859585885077427179882578819842555696,18.814,244.691,sha256:50c5f26d2c05b460aa702d89700b74f817ea4adce9d64a5abacaae7a9bb671c8,9a7829fe2584259f1dd0dc45cf73c5ce904fce7e61e964fb7958826f156b43be,ok,
campaign-20260925T060607Z,S20260925T060607Z,cpu8,0b01ff2d07b0,primary,campaign-20260925T060607Z/cpu8/primary7a1/in_process2,7,1,2,7,1,in_process,plonk,5,0,2026-09-25T07:08:22.060Z,0.741,13.328,9553.24,7.905,7.264,9575.214,9575.237,50790568,8b7d89ef154d0704a4a5fb8df978ea728f0decad61374b1d3a80a026ad357fec,1,1,1,8772061116891597512098326450504850663371859585885077427179882578819842555696,8772061116891597512098326450504850663371859585885077427179882578819842555696,16.237,644.469,sha256:50c5f26d2c05b460aa702d89700b74f817ea4adce9d64a5abacaae7a9bb671c8,9a7829fe2584259f1dd0dc45cf73c5ce904fce7e61e964fb7958826f156b43be,ok,
campaign-20260925T060607Z,S20260925T060607Z,cpu8,0b01ff2d07b0,primary,campaign-20260925T060607Z/cpu8/primary7a1/m1,7,1,1,7,0,,groth16,9,0,2026-09-25T07:08:31.660Z,2.429,14.678,147.902,6.036,6.53,171.045,171.062,1746223,b211630d00c7c2d0e5309876a16c72ad66909d7301385d4da830c4a8d71e391e,1,1,1,20121159957847147921812141654231982941331816397431355682788233457047980505218,20121159957847147921812141654231982941331816397431355682788233457047980505218,15.529,567.023,sha256:50c5f26d2c05b460aa702d89700b74f817ea4adce9d64a5abacaae7a9bb671c8,9a7829fe2584259f1dd0dc45cf73c5ce904fce7e61e964fb7958826f156b43be,ok,
campaign-20260925T060607Z,S20260925T060607Z,cpu8,0b01ff2d07b0,primary,campaign-20260925T060607Z/cpu8/primary7a1/m2,7,1,2,7,0,,groth16,5,0,2026-09-25T07:08:31.854Z,0.537,12.561,108.398,8.756,6.421,130.252,130.268,1133343,41c7636150900ee72cf6323930dd506bd0fc015a94a20905cc61c856b4fe919a,1,1,1,8772061116891597512098326450504850663371859585885077427179882578819842555696,8772061116891597512098326450504850663371859585885077427179882578819842555696,15.528,552.023,sha256:50c5f26d2c05b460aa702d89700b74f817ea4adce9d64a5abacaae7a9bb671c8,9a7829fe2584259f1dd0dc45cf73c5ce904fce7e61e964fb7958826f156b43be,ok,
campaign-20260925T060607Z,S20260925T060607Z,cpu8,0b01ff2d07b0,primary,campaign-20260925T060607Z/cpu8/primary7a1/m3,7,1,3,7,0,,groth16,11,0,2026-09-25T07:08:32.006Z,5.69,14.123,166.016,9.034,6.063,194.863,194.885,1987127,1241508317856e8cb42cf71f43cafeb13e26a2553d595182aefca30b78a5b754,1,1,1,13741875541804146615197212471377989082753334180286662970428373142262333549779,13741875541804146615197212471377989082753334180286662970428373142262333549779,15.472,471.867,sha256:50c5f26d2c05b460aa702d89700b74f817ea4adce9d64a5abacaae7a9bb671c8,9a7829fe2584259f1dd0dc45cf73c5ce904fce7e61e964fb7958826f156b43be,ok,
campaign-20260925T060607Z,S20260925T060607Z,cpu8,0b01ff2d07b0,primary,campaign-20260925T060607Z/cpu8/primary7a1/m4,7,1,4,7,0,,groth16,12,0,2026-09-25T07:08:32.222Z,14.71,18.72,172.574,6.334,5.903,212.338,212.361,2107579,3fdb01845d81a3cdbbba88fcf45b948195abf01ba68c30be8a5f3e3546d4e81e,1,1,1,1305120659341908565283217195273270415919492373288777814091321905738895669205,1305120659341908565283217195273270415919492373288777814091321905738895669205,15.608,441.105,sha256:50c5f26d2c05b460aa702d89700b74f817ea4adce9d64a5abacaae7a9bb671c8,9a7829fe2584259f1dd0dc45cf73c5ce904fce7e61e964fb7958826f156b43be,ok,
campaign-20260925T060607Z,S20260925T060607Z,cpu8,0b01ff2d07b0,primary,campaign-20260925T060607Z/cpu8/primary7a1/m5,7,1,5,7,0,,groth16,13,0,2026-09-25T07:08:32.455Z,31.306,19.156,178.241,6.302,5.986,235.006,235.035,2228031,53cbdd1f02a65121d6c7044031c6cfa4c6ce66c0b9712dd28fe86ef4c6512c1b,1,1,1,2070900789261900884480134887764693608718732168760920549200296856627754794354,2070900789261900884480134887764693608718732168760920549200296856627754794354,15.342,452.719,sha256:50c5f26d2c05b460aa702d89700b74f817ea4adce9d64a5abacaae7a9bb671c8,9a7829fe2584259f1dd0dc45cf73c5ce904fce7e61e964fb7958826f156b43be,ok,
campaign-20260925T060607Z,S20260925T060607Z,cpu8,0b01ff2d07b0,primary,campaign-20260925T060607Z/cpu8/primary7a1/m6,7,1,6,7,0,,groth16,15,0,2026-09-25T07:08:32.711Z,119.255,21.644,194.035,5.867,6.135,340.802,340.827,2468935,d6be53096894f276c29d0702fcead9cafd5a510db26c6b563aa91a72f3a7c974,1,1,1,16175814224772832097117886582757018531876340808696504341109560169071733404932,16175814224772832097117886582757018531876340808696504341109560169071733404932,16.335,456.492,sha256:50c5f26d2c05b460aa702d89700b74f817ea4adce9d64a5abacaae7a9bb671c8,9a7829fe2584259f1dd0dc45cf73c5ce904fce7e61e964fb7958826f156b43be,ok,
campaign-20260925T060607Z,S20260925T060607Z,cpu8,0b01ff2d07b0,primary,campaign-20260925T060607Z/cpu8/primary7a1/m7,7,1,7,7,0,,groth16,10,0,2026-09-25T07:08:33.074Z,2.75,16.772,160.616,5.991,5.879,186.129,186.145,1866675,656d9ee8dd285db6410e0a4b4317201829a1347f7cc3ef6d8de625e8f99f432a,1,1,1,5493694120516454304625833950804950714434791624469988248149691492887491269863,5493694120516454304625833950804950714434791624469988248149691492887491269863,15.119,460.484,sha256:50c5f26d2c05b460aa702d89700b74f817ea4adce9d64a5abacaae7a9bb671c8,9a7829fe2584259f1dd0dc45cf73c5ce904fce7e61e964fb7958826f156b43be,ok,
campaign-20260925T060607Z,S20260925T060607Z,cpu8,0b01ff2d07b0,primary,campaign-20260925T060607Z/cpu8/primary7a1/m8,7,1,8,7,0,,groth16,14,0,2026-09-25T07:08:33.281Z,52.628,17.953,189.366,6.076,6.119,266.023,266.046,2348483,b0be38259edaa109196790233512dc26d29f0e31a9506021bad97c60834e4df2,1,1,1,12582151698735550891927690128793622813383487692593364506314066026947547425304,12582151698735550891927690128793622813383487692593364506314066026947547425304,15.401,461.953,sha256:50c5f26d2c05b460aa702d89700b74f817ea4adce9d64a5abacaae7a9bb671c8,9a7829fe2584259f1dd0dc45cf73c5ce904fce7e61e964fb7958826f156b43be,ok,
campaign-20260925T060607Z,S20260925T060607Z,cpu8,0b01ff2d07b0,primary,campaign-20260925T060607Z/cpu8/primary7a1/m9,7,1,9,7,0,,groth16,6,0,2026-09-25T07:08:33.568Z,0.757,13.067,112.423,6.268,5.946,132.514,132.531,1253795,ea2368c5701f4885dc1bd9120ebd0b3419c495066983d2c215030506b1968bd4,1,1,1,4563221289370828604205089111471170542583263583412968862519466540084840336910,4563221289370828604205089111471170542583263583412968862519466540084840336910,17.151,466.094,sha256:50c5f26d2c05b460aa702d89700b74f817ea4adce9d64a5abacaae7a9bb671c8,9a7829fe2584259f1dd0dc45cf73c5ce904fce7e61e964fb7958826f156b43be,ok,
campaign-20260925T060607Z,S20260925T060607Z,cpu8,0b01ff2d07b0,primary,campaign-20260925T060607Z/cpu8/primary7a1/m10,7,1,10,7,0,,groth16,8,0,2026-09-25T07:08:33.721Z,1.015,13.442,141.662,6.087,6.481,162.206,162.222,1625771,5ed3b83d5f5aad4ca7fa25c79bc0fa86d421d2202a7e7054079f14b9e1c2f4cd,1,1,1,4202603041571593097755192347734702907906852554209131907104891159135181794540,4202603041571593097755192347734702907906852554209131907104891159135181794540,15.212,468.73,sha256:50c5f26d2c05b460aa702d89700b74f817ea4adce9d64a5abacaae7a9bb671c8,9a7829fe2584259f1dd0dc45cf73c5ce904fce7e61e964fb7958826f156b43be,ok,
campaign-20260925T060607Z,S20260925T060607Z,cpu8,0b01ff2d07b0,primary,campaign-20260925T060607Z/cpu8/primary7a1/m11,7,1,11,7,0,,groth16,7,0,2026-09-25T07:08:33.905Z,0.739,14.361,133.431,8.828,5.832,157.358,157.375,1374247,c0f6d8c4ac9fa282780a2c229d7d086f87e26be62a3eefceb9f801e5076843aa,1,1,1,6834760395900399403843817083005722754930321299301222295483199499696193022453,6834760395900399403843817083005722754930321299301222295483199499696193022453,16.127,471.477,sha256:50c5f26d2c05b460aa702d89700b74f817ea4adce9d64a5abacaae7a9bb671c8,9a7829fe2584259f1dd0dc45cf73c5ce904fce7e61e964fb7958826f156b43be,ok,
campaign-20260925T060607Z,S20260925T060607Z,cpu8,a7bb63fa271a,primary,campaign-20260925T060607Z/cpu8/primary8a1/in_process1,8,1,1,8,1,in_process,groth16,5,0,2026-09-25T07:09:39.614Z,0.578,14.647,249.982,8.547,7.9,273.753,273.771,1133343,41c7636150900ee72cf6323930dd506bd0fc015a94a20905cc61c856b4fe919a,1,1,1,8772061116891597512098326450504850663371859585885077427179882578819842555696,8772061116891597512098326450504850663371859585885077427179882578819842555696,21.287,263.93,sha256:50c5f26d2c05b460aa702d89700b74f817ea4adce9d64a5abacaae7a9bb671c8,9a7829fe2584259f1dd0dc45cf73c5ce904fce7e61e964fb7958826f156b43be,ok,
campaign-20260925T060607Z,S20260925T060607Z,cpu8,a7bb63fa271a,primary,campaign-20260925T060607Z/cpu8/primary8a1/in_process2,8,1,2,8,1,in_process,plonk,5,0,2026-09-25T07:09:39.916Z,1.036,13.802,9605.68,8.126,7.337,9628.645,9628.667,50790568,8b7d89ef154d0704a4a5fb8df978ea728f0decad61374b1d3a80a026ad357fec,1,1,1,8772061116891597512098326450504850663371859585885077427179882578819842555696,8772061116891597512098326450504850663371859585885077427179882578819842555696,17.237,643.996,sha256:50c5f26d2c05b460aa702d89700b74f817ea4adce9d64a5abacaae7a9bb671c8,9a7829fe2584259f1dd0dc45cf73c5ce904fce7e61e964fb7958826f156b43be,ok,
campaign-20260925T060607Z,S20260925T060607Z,cpu8,a7bb63fa271a,primary,campaign-20260925T060607Z/cpu8/primary8a1/m1,8,1,1,8,0,,groth16,13,0,2026-09-25T07:09:49.570Z,25.546,18.805,178.488,6.125,5.915,228.964,228.99,2228031,53cbdd1f02a65121d6c7044031c6cfa4c6ce66c0b9712dd28fe86ef4c6512c1b,1,1,1,2070900789261900884480134887764693608718732168760920549200296856627754794354,2070900789261900884480134887764693608718732168760920549200296856627754794354,25.137,550.273,sha256:50c5f26d2c05b460aa702d89700b74f817ea4adce9d64a5abacaae7a9bb671c8,9a7829fe2584259f1dd0dc45cf73c5ce904fce7e61e964fb7958826f156b43be,ok,
campaign-20260925T060607Z,S20260925T060607Z,cpu8,a7bb63fa271a,primary,campaign-20260925T060607Z/cpu8/primary8a1/m2,8,1,2,8,0,,groth16,8,0,2026-09-25T07:09:49.820Z,1.788,14.423,142.641,7.262,6.224,166.113,166.132,1625771,5ed3b83d5f5aad4ca7fa25c79bc0fa86d421d2202a7e7054079f14b9e1c2f4cd,1,1,1,4202603041571593097755192347734702907906852554209131907104891159135181794540,4202603041571593097755192347734702907906852554209131907104891159135181794540,16.361,522.844,sha256:50c5f26d2c05b460aa702d89700b74f817ea4adce9d64a5abacaae7a9bb671c8,9a7829fe2584259f1dd0dc45cf73c5ce904fce7e61e964fb7958826f156b43be,ok,
campaign-20260925T060607Z,S20260925T060607Z,cpu8,a7bb63fa271a,primary,campaign-20260925T060607Z/cpu8/primary8a1/m3,8,1,3,8,0,,groth16,12,0,2026-09-25T07:09:50.010Z,16.931,19.711,178.151,5.951,6.06,220.744,220.767,2107579,3fdb01845d81a3cdbbba88fcf45b948195abf01ba68c30be8a5f3e3546d4e81e,1,1,1,1305120659341908565283217195273270415919492373288777814091321905738895669205,1305120659341908565283217195273270415919492373288777814091321905738895669205,16.57,520.645,sha256:50c5f26d2c05b460aa702d89700b74f817ea4adce9d64a5abacaae7a9bb671c8,9a7829fe2584259f1dd0dc45cf73c5ce904fce7e61e964fb7958826f156b43be,ok,
campaign-20260925T060607Z,S20260925T060607Z,cpu8,a7bb63fa271a,primary,campaign-20260925T060607Z/cpu8/primary8a1/m4,8,1,4,8,0,,groth16,11,0,2026-09-25T07:09:50.253Z,6.929,17.321,168.123,5.971,6.026,198.343,198.363,1987127,1241508317856e8cb42cf71f43cafeb13e26a2553d595182aefca30b78a5b754,1,1,1,13741875541804146615197212471377989082753334180286662970428373142262333549779,13741875541804146615197212471377989082753334180286662970428373142262333549779,16.815,525.242,sha256:50c5f26d2c05b460aa702d89700b74f817ea4adce9d64a5abacaae7a9bb671c8,9a7829fe2584259f1dd0dc45cf73c5ce904fce7e61e964fb7958826f156b43be,ok,
campaign-20260925T060607Z,S20260925T060607Z,cpu8,a7bb63fa271a,primary,campaign-20260925T060607Z/cpu8/primary8a1/m5,8,1,5,8,0,,groth16,5,0,2026-09-25T07:09:50.472Z,0.76,13.021,104.539,5.802,5.76,124.122,124.139,1133343,41c7636150900ee72cf6323930dd506bd0fc015a94a20905cc61c856b4fe919a,1,1,1,8772061116891597512098326450504850663371859585885077427179882578819842555696,8772061116891597512098326450504850663371859585885077427179882578819842555696,17.922,524.926,sha256:50c5f26d2c05b460aa702d89700b74f817ea4adce9d64a5abacaae7a9bb671c8,9a7829fe2584259f1dd0dc45cf73c5ce904fce7e61e964fb7958826f156b43be,ok,
campaign-20260925T060607Z,S20260925T060607Z,cpu8,a7bb63fa271a,primary,campaign-20260925T060607Z/cpu8/primary8a1/m6,8,1,6,8,0,,groth16,7,0,2026-09-25T07:09:50.617Z,1.157,13.514,121.415,6.25,6.032,142.336,142.351,1374247,c0f6d8c4ac9fa282780a2c229d7d086f87e26be62a3eefceb9f801e5076843aa,1,1,1,6834760395900399403843817083005722754930321299301222295483199499696193022453,6834760395900399403843817083005722754930321299301222295483199499696193022453,16.829,521.879,sha256:50c5f26d2c05b460aa702d89700b74f817ea4adce9d64a5abacaae7a9bb671c8,9a7829fe2584259f1dd0dc45cf73c5ce904fce7e61e964fb7958826f156b43be,ok,
campaign-20260925T060607Z,S20260925T060607Z,cpu8,a7bb63fa271a,primary,campaign-20260925T060607Z/cpu8/primary8a1/m7,8,1,7,8,0,,groth16,15,0,2026-09-25T07:09:50.781Z,117.717,21.436,200.492,6.584,6.163,346.228,346.252,2468935,d6be53096894f276c29d0702fcead9cafd5a510db26c6b563aa91a72f3a7c974,1,1,1,16175814224772832097117886582757018531876340808696504341109560169071733404932,16175814224772832097117886582757018531876340808696504341109560169071733404932,17.239,529.598,sha256:50c5f26d2c05b460aa702d89700b74f817ea4adce9d64a5abacaae7a9bb671c8,9a7829fe2584259f1dd0dc45cf73c5ce904fce7e61e964fb7958826f156b43be,ok,
campaign-20260925T060607Z,S20260925T060607Z,cpu8,a7bb63fa271a,primary,campaign-20260925T060607Z/cpu8/primary8a1/m8,8,1,8,8,0,,groth16,14,0,2026-09-25T07:09:51.149Z,48.486,19.185,185.147,5.893,5.992,258.711,258.739,2348483,b0be38259edaa109196790233512dc26d29f0e31a9506021bad97c60834e4df2,1,1,1,12582151698735550891927690128793622813383487692593364506314066026947547425304,12582151698735550891927690128793622813383487692593364506314066026947547425304,17.909,532.898,sha256:50c5f26d2c05b460aa702d89700b74f817ea4adce9d64a5abacaae7a9bb671c8,9a7829fe2584259f1dd0dc45cf73c5ce904fce7e61e964fb7958826f156b43be,ok,
campaign-20260925T060607Z,S20260925T060607Z,cpu8,a7bb63fa271a,primary,campaign-20260925T060607Z/cpu8/primary8a1/m9,8,1,9,8,0,,groth16,9,0,2026-09-25T07:09:51.429Z,1.685,14.353,148.934,5.858,5.687,170.829,170.847,1746223,b211630d00c7c2d0e5309876a16c72ad66909d7301385d4da830c4a8d71e391e,1,1,1,20121159957847147921812141654231982941331816397431355682788233457047980505218,20121159957847147921812141654231982941331816397431355682788233457047980505218,16.064,536.719,sha256:50c5f26d2c05b460aa702d89700b74f817ea4adce9d64a5abacaae7a9bb671c8,9a7829fe2584259f1dd0dc45cf73c5ce904fce7e61e964fb7958826f156b43be,ok,
campaign-20260925T060607Z,S20260925T060607Z,cpu8,a7bb63fa271a,primary,campaign-20260925T060607Z/cpu8/primary8a1/m10,8,1,10,8,0,,groth16,10,0,2026-09-25T07:09:51.621Z,2.633,15.455,156.815,6.137,5.993,181.039,181.055,1866675,656d9ee8dd285db6410e0a4b4317201829a1347f7cc3ef6d8de625e8f99f432a,1,1,1,5493694120516454304625833950804950714434791624469988248149691492887491269863,5493694120516454304625833950804950714434791624469988248149691492887491269863,17.447,538.422,sha256:50c5f26d2c05b460aa702d89700b74f817ea4adce9d64a5abacaae7a9bb671c8,9a7829fe2584259f1dd0dc45cf73c5ce904fce7e61e964fb7958826f156b43be,ok,
campaign-20260925T060607Z,S20260925T060607Z,cpu8,a7bb63fa271a,primary,campaign-20260925T060607Z/cpu8/primary8a1/m11,8,1,11,8,0,,groth16,6,0,2026-09-25T07:09:51.823Z,0.807,14.167,112.179,6.292,5.916,133.446,133.462,1253795,ea2368c5701f4885dc1bd9120ebd0b3419c495066983d2c215030506b1968bd4,1,1,1,4563221289370828604205089111471170542583263583412968862519466540084840336910,4563221289370828604205089111471170542583263583412968862519466540084840336910,17.763,537.656,sha256:50c5f26d2c05b460aa702d89700b74f817ea4adce9d64a5abacaae7a9bb671c8,9a7829fe2584259f1dd0dc45cf73c5ce904fce7e61e964fb7958826f156b43be,ok,
campaign-20260925T060607Z,S20260925T060607Z,cpu8,bf4709d0c19e,primary,campaign-20260925T060607Z/cpu8/primary9a1/in_process1,9,1,1,9,1,in_process,groth16,5,0,2026-09-25T07:10:07.004Z,0.561,14.875,242.811,8.347,6.98,266.594,266.611,1133343,41c7636150900ee72cf6323930dd506bd0fc015a94a20905cc61c856b4fe919a,1,1,1,8772061116891597512098326450504850663371859585885077427179882578819842555696,8772061116891597512098326450504850663371859585885077427179882578819842555696,27.873,255.902,sha256:50c5f26d2c05b460aa702d89700b74f817ea4adce9d64a5abacaae7a9bb671c8,9a7829fe2584259f1dd0dc45cf73c5ce904fce7e61e964fb7958826f156b43be,ok,
campaign-20260925T060607Z,S20260925T060607Z,cpu8,bf4709d0c19e,primary,campaign-20260925T060607Z/cpu8/primary9a1/in_process2,9,1,2,9,1,in_process,plonk,5,0,2026-09-25T07:10:07.295Z,0.837,14.125,9615.261,7.985,7.261,9638.209,9638.235,50790568,8b7d89ef154d0704a4a5fb8df978ea728f0decad61374b1d3a80a026ad357fec,1,1,1,8772061116891597512098326450504850663371859585885077427179882578819842555696,8772061116891597512098326450504850663371859585885077427179882578819842555696,17.461,646.672,sha256:50c5f26d2c05b460aa702d89700b74f817ea4adce9d64a5abacaae7a9bb671c8,9a7829fe2584259f1dd0dc45cf73c5ce904fce7e61e964fb7958826f156b43be,ok,
campaign-20260925T060607Z,S20260925T060607Z,cpu8,bf4709d0c19e,primary,campaign-20260925T060607Z/cpu8/primary9a1/m1,9,1,1,9,0,,groth16,10,0,2026-09-25T07:10:16.959Z,4.762,15.025,156.749,6.027,6.562,182.563,182.586,1866675,656d9ee8dd285db6410e0a4b4317201829a1347f7cc3ef6d8de625e8f99f432a,1,1,1,5493694120516454304625833950804950714434791624469988248149691492887491269863,5493694120516454304625833950804950714434791624469988248149691492887491269863,17.097,552.738,sha256:50c5f26d2c05b460aa702d89700b74f817ea4adce9d64a5abacaae7a9bb671c8,9a7829fe2584259f1dd0dc45cf73c5ce904fce7e61e964fb7958826f156b43be,ok,
campaign-20260925T060607Z,S20260925T060607Z,cpu8,bf4709d0c19e,primary,campaign-20260925T060607Z/cpu8/primary9a1/m2,9,1,2,9,0,,groth16,11,0,2026-09-25T07:10:17.164Z,5.627,15.942,166.619,7.396,7.635,195.584,195.604,1987127,1241508317856e8cb42cf71f43cafeb13e26a2553d595182aefca30b78a5b754,1,1,1,13741875541804146615197212471377989082753334180286662970428373142262333549779,13741875541804146615197212471377989082753334180286662970428373142262333549779,16.736,553.727,sha256:50c5f26d2c05b460aa702d89700b74f817ea4adce9d64a5abacaae7a9bb671c8,9a7829fe2584259f1dd0dc45cf73c5ce904fce7e61e964fb7958826f156b43be,ok,
campaign-20260925T060607Z,S20260925T060607Z,cpu8,bf4709d0c19e,primary,campaign-20260925T060607Z/cpu8/primary9a1/m3,9,1,3,9,0,,groth16,13,0,2026-09-25T07:10:17.385Z,29.904,19.573,224.393,5.934,6.303,279.804,279.832,2228031,53cbdd1f02a65121d6c7044031c6cfa4c6ce66c0b9712dd28fe86ef4c6512c1b,1,1,1,2070900789261900884480134887764693608718732168760920549200296856627754794354,2070900789261900884480134887764693608718732168760920549200296856627754794354,17.343,553.996,sha256:50c5f26d2c05b460aa702d89700b74f817ea4adce9d64a5abacaae7a9bb671c8,9a7829fe2584259f1dd0dc45cf73c5ce904fce7e61e964fb7958826f156b43be,ok,
campaign-20260925T060607Z,S20260925T060607Z,cpu8,bf4709d0c19e,primary,campaign-20260925T060607Z/cpu8/primary9a1/m4,9,1,4,9,0,,groth16,12,0,2026-09-25T07:10:17.687Z,17.718,20.291,173.113,5.941,6.147,217.063,217.095,2107579,3fdb01845d81a3cdbbba88fcf45b948195abf01ba68c30be8a5f3e3546d4e81e,1,1,1,1305120659341908565283217195273270415919492373288777814091321905738895669205,1305120659341908565283217195273270415919492373288777814091321905738895669205,17.347,552.906,sha256:50c5f26d2c05b460aa702d89700b74f817ea4adce9d64a5abacaae7a9bb671c8,9a7829fe2584259f1dd0dc45cf73c5ce904fce7e61e964fb7958826f156b43be,ok,
campaign-20260925T060607Z,S20260925T060607Z,cpu8,bf4709d0c19e,primary,campaign-20260925T060607Z/cpu8/primary9a1/m5,9,1,5,9,0,,groth16,6,0,2026-09-25T07:10:17.925Z,0.775,12.83,112.4,6.62,5.709,132.626,132.639,1253795,ea2368c5701f4885dc1bd9120ebd0b3419c495066983d2c215030506b1968bd4,1,1,1,4563221289370828604205089111471170542583263583412968862519466540084840336910,4563221289370828604205089111471170542583263583412968862519466540084840336910,17.87,552.863,sha256:50c5f26d2c05b460aa702d89700b74f817ea4adce9d64a5abacaae7a9bb671c8,9a7829fe2584259f1dd0dc45cf73c5ce904fce7e61e964fb7958826f156b43be,ok,
campaign-20260925T060607Z,S20260925T060607Z,cpu8,bf4709d0c19e,primary,campaign-20260925T060607Z/cpu8/primary9a1/m6,9,1,6,9,0,,groth16,8,0,2026-09-25T07:10:18.079Z,1.433,14.025,144.474,6.033,5.905,165.965,165.984,1625771,5ed3b83d5f5aad4ca7fa25c79bc0fa86d421d2202a7e7054079f14b9e1c2f4cd,1,1,1,4202603041571593097755192347734702907906852554209131907104891159135181794540,4202603041571593097755192347734702907906852554209131907104891159135181794540,17.452,551.059,sha256:50c5f26d2c05b460aa702d89700b74f817ea4adce9d64a5abacaae7a9bb671c8,9a7829fe2584259f1dd0dc45cf73c5ce904fce7e61e964fb7958826f156b43be,ok,
campaign-20260925T060607Z,S20260925T060607Z,cpu8,bf4709d0c19e,primary,campaign-20260925T060607Z/cpu8/primary9a1/m7,9,1,7,9,0,,groth16,14,0,2026-09-25T07:10:18.266Z,55.313,18.083,187.261,5.823,5.895,266.48,266.516,2348483,b0be38259edaa109196790233512dc26d29f0e31a9506021bad97c60834e4df2,1,1,1,12582151698735550891927690128793622813383487692593364506314066026947547425304,12582151698735550891927690128793622813383487692593364506314066026947547425304,16.336,558.285,sha256:50c5f26d2c05b460aa702d89700b74f817ea4adce9d64a5abacaae7a9bb671c8,9a7829fe2584259f1dd0dc45cf73c5ce904fce7e61e964fb7958826f156b43be,ok,
campaign-20260925T060607Z,S20260925T060607Z,cpu8,bf4709d0c19e,primary,campaign-20260925T060607Z/cpu8/primary9a1/m8,9,1,8,9,0,,groth16,9,0,2026-09-25T07:10:18.553Z,1.697,14.321,152.804,6.07,6.297,174.894,174.919,1746223,b211630d00c7c2d0e5309876a16c72ad66909d7301385d4da830c4a8d71e391e,1,1,1,20121159957847147921812141654231982941331816397431355682788233457047980505218,20121159957847147921812141654231982941331816397431355682788233457047980505218,17.277,559.465,sha256:50c5f26d2c05b460aa702d89700b74f817ea4adce9d64a5abacaae7a9bb671c8,9a7829fe2584259f1dd0dc45cf73c5ce904fce7e61e964fb7958826f156b43be,ok,
campaign-20260925T060607Z,S20260925T060607Z,cpu8,bf4709d0c19e,primary,campaign-20260925T060607Z/cpu8/primary9a1/m9,9,1,9,9,0,,groth16,7,0,2026-09-25T07:10:18.750Z,0.872,14.442,122.086,6.219,6.041,143.619,143.634,1374247,c0f6d8c4ac9fa282780a2c229d7d086f87e26be62a3eefceb9f801e5076843aa,1,1,1,6834760395900399403843817083005722754930321299301222295483199499696193022453,6834760395900399403843817083005722754930321299301222295483199499696193022453,18.093,564.023,sha256:50c5f26d2c05b460aa702d89700b74f817ea4adce9d64a5abacaae7a9bb671c8,9a7829fe2584259f1dd0dc45cf73c5ce904fce7e61e964fb7958826f156b43be,ok,
campaign-20260925T060607Z,S20260925T060607Z,cpu8,bf4709d0c19e,primary,campaign-20260925T060607Z/cpu8/primary9a1/m10,9,1,10,9,0,,groth16,5,0,2026-09-25T07:10:18.915Z,0.685,12.836,103.806,6.222,7.174,123.549,123.564,1133343,41c7636150900ee72cf6323930dd506bd0fc015a94a20905cc61c856b4fe919a,1,1,1,8772061116891597512098326450504850663371859585885077427179882578819842555696,8772061116891597512098326450504850663371859585885077427179882578819842555696,17.217,565.316,sha256:50c5f26d2c05b460aa702d89700b74f817ea4adce9d64a5abacaae7a9bb671c8,9a7829fe2584259f1dd0dc45cf73c5ce904fce7e61e964fb7958826f156b43be,ok,
campaign-20260925T060607Z,S20260925T060607Z,cpu8,bf4709d0c19e,primary,campaign-20260925T060607Z/cpu8/primary9a1/m11,9,1,11,9,0,,groth16,15,0,2026-09-25T07:10:19.062Z,116.917,20.745,198.768,5.982,5.781,342.412,342.437,2468935,d6be53096894f276c29d0702fcead9cafd5a510db26c6b563aa91a72f3a7c974,1,1,1,16175814224772832097117886582757018531876340808696504341109560169071733404932,16175814224772832097117886582757018531876340808696504341109560169071733404932,16.385,567.441,sha256:50c5f26d2c05b460aa702d89700b74f817ea4adce9d64a5abacaae7a9bb671c8,9a7829fe2584259f1dd0dc45cf73c5ce904fce7e61e964fb7958826f156b43be,ok,
campaign-20260925T060607Z,S20260925T060607Z,cpu8,066162c0b92d,primary,campaign-20260925T060607Z/cpu8/primary10a1/in_process1,10,1,1,10,1,in_process,groth16,5,0,2026-09-25T07:10:38.325Z,0.567,15.717,239.67,7.271,6.783,263.225,263.241,1133343,41c7636150900ee72cf6323930dd506bd0fc015a94a20905cc61c856b4fe919a,1,1,1,8772061116891597512098326450504850663371859585885077427179882578819842555696,8772061116891597512098326450504850663371859585885077427179882578819842555696,26.7,262.621,sha256:50c5f26d2c05b460aa702d89700b74f817ea4adce9d64a5abacaae7a9bb671c8,9a7829fe2584259f1dd0dc45cf73c5ce904fce7e61e964fb7958826f156b43be,ok,
campaign-20260925T060607Z,S20260925T060607Z,cpu8,066162c0b92d,primary,campaign-20260925T060607Z/cpu8/primary10a1/in_process2,10,1,2,10,1,in_process,plonk,5,0,2026-09-25T07:10:38.612Z,1.014,13.697,9641.12,8.021,7.306,9663.851,9663.874,50790568,8b7d89ef154d0704a4a5fb8df978ea728f0decad61374b1d3a80a026ad357fec,1,1,1,8772061116891597512098326450504850663371859585885077427179882578819842555696,8772061116891597512098326450504850663371859585885077427179882578819842555696,17.812,658.414,sha256:50c5f26d2c05b460aa702d89700b74f817ea4adce9d64a5abacaae7a9bb671c8,9a7829fe2584259f1dd0dc45cf73c5ce904fce7e61e964fb7958826f156b43be,ok,
campaign-20260925T060607Z,S20260925T060607Z,cpu8,066162c0b92d,primary,campaign-20260925T060607Z/cpu8/primary10a1/m1,10,1,1,10,0,,groth16,7,0,2026-09-25T07:10:48.302Z,3.924,15.75,122.609,6.677,6.026,148.959,148.98,1374247,c0f6d8c4ac9fa282780a2c229d7d086f87e26be62a3eefceb9f801e5076843aa,1,1,1,6834760395900399403843817083005722754930321299301222295483199499696193022453,6834760395900399403843817083005722754930321299301222295483199499696193022453,18.351,529.02,sha256:50c5f26d2c05b460aa702d89700b74f817ea4adce9d64a5abacaae7a9bb671c8,9a7829fe2584259f1dd0dc45cf73c5ce904fce7e61e964fb7958826f156b43be,ok,
campaign-20260925T060607Z,S20260925T060607Z,cpu8,066162c0b92d,primary,campaign-20260925T060607Z/cpu8/primary10a1/m2,10,1,2,10,0,,groth16,15,0,2026-09-25T07:10:48.473Z,114.228,21.406,196.521,9.77,6.167,341.926,341.962,2468935,d6be53096894f276c29d0702fcead9cafd5a510db26c6b563aa91a72f3a7c974,1,1,1,16175814224772832097117886582757018531876340808696504341109560169071733404932,16175814224772832097117886582757018531876340808696504341109560169071733404932,16.804,533.246,sha256:50c5f26d2c05b460aa702d89700b74f817ea4adce9d64a5abacaae7a9bb671c8,9a7829fe2584259f1dd0dc45cf73c5ce904fce7e61e964fb7958826f156b43be,ok,
campaign-20260925T060607Z,S20260925T060607Z,cpu8,066162c0b92d,primary,campaign-20260925T060607Z/cpu8/primary10a1/m3,10,1,3,10,0,,groth16,5,0,2026-09-25T07:10:48.837Z,0.753,15.539,104.318,6.065,5.948,126.675,126.696,1133343,41c7636150900ee72cf6323930dd506bd0fc015a94a20905cc61c856b4fe919a,1,1,1,8772061116891597512098326450504850663371859585885077427179882578819842555696,8772061116891597512098326450504850663371859585885077427179882578819842555696,17.968,530.945,sha256:50c5f26d2c05b460aa702d89700b74f817ea4adce9d64a5abacaae7a9bb671c8,9a7829fe2584259f1dd0dc45cf73c5ce904fce7e61e964fb7958826f156b43be,ok,
campaign-20260925T060607Z,S20260925T060607Z,cpu8,066162c0b92d,primary,campaign-20260925T060607Z/cpu8/primary10a1/m4,10,1,4,10,0,,groth16,12,0,2026-09-25T07:10:48.984Z,14.873,19.234,173.987,6.057,5.86,214.151,214.18,2107579,3fdb01845d81a3cdbbba88fcf45b948195abf01ba68c30be8a5f3e3546d4e81e,1,1,1,1305120659341908565283217195273270415919492373288777814091321905738895669205,1305120659341908565283217195273270415919492373288777814091321905738895669205,18.539,532.621,sha256:50c5f26d2c05b460aa702d89700b74f817ea4adce9d64a5abacaae7a9bb671c8,9a7829fe2584259f1dd0dc45cf73c5ce904fce7e61e964fb7958826f156b43be,ok,
campaign-20260925T060607Z,S20260925T060607Z,cpu8,066162c0b92d,primary,campaign-20260925T060607Z/cpu8/primary10a1/m5,10,1,5,10,0,,groth16,10,0,2026-09-25T07:10:49.220Z,3.11,14.072,157.373,5.771,6.012,180.327,180.344,1866675,656d9ee8dd285db6410e0a4b4317201829a1347f7cc3ef6d8de625e8f99f432a,1,1,1,5493694120516454304625833950804950714434791624469988248149691492887491269863,5493694120516454304625833950804950714434791624469988248149691492887491269863,17.572,530.598,sha256:50c5f26d2c05b460aa702d89700b74f817ea4adce9d64a5abacaae7a9bb671c8,9a7829fe2584259f1dd0dc45cf73c5ce904fce7e61e964fb7958826f156b43be,ok,
campaign-20260925T060607Z,S20260925T060607Z,cpu8,066162c0b92d,primary,campaign-20260925T060607Z/cpu8/primary10a1/m6,10,1,6,10,0,,groth16,14,0,2026-09-25T07:10:49.422Z,53.521,17.99,188.339,5.853,5.804,265.704,265.734,2348483,b0be38259edaa109196790233512dc26d29f0e31a9506021bad97c60834e4df2,1,1,1,12582151698735550891927690128793622813383487692593364506314066026947547425304,12582151698735550891927690128793622813383487692593364506314066026947547425304,16.605,532.461,sha256:50c5f26d2c05b460aa702d89700b74f817ea4adce9d64a5abacaae7a9bb671c8,9a7829fe2584259f1dd0dc45cf73c5ce904fce7e61e964fb7958826f156b43be,ok,
campaign-20260925T060607Z,S20260925T060607Z,cpu8,066162c0b92d,primary,campaign-20260925T060607Z/cpu8/primary10a1/m7,10,1,7,10,0,,groth16,11,0,2026-09-25T07:10:49.708Z,5.83,14.409,166.636,6.093,6.024,192.968,192.99,1987127,1241508317856e8cb42cf71f43cafeb13e26a2553d595182aefca30b78a5b754,1,1,1,13741875541804146615197212471377989082753334180286662970428373142262333549779,13741875541804146615197212471377989082753334180286662970428373142262333549779,16.622,535.469,sha256:50c5f26d2c05b460aa702d89700b74f817ea4adce9d64a5abacaae7a9bb671c8,9a7829fe2584259f1dd0dc45cf73c5ce904fce7e61e964fb7958826f156b43be,ok,
campaign-20260925T060607Z,S20260925T060607Z,cpu8,066162c0b92d,primary,campaign-20260925T060607Z/cpu8/primary10a1/m8,10,1,8,10,0,,groth16,6,0,2026-09-25T07:10:49.923Z,0.658,13.741,112.342,6.395,6.213,133.136,133.15,1253795,ea2368c5701f4885dc1bd9120ebd0b3419c495066983d2c215030506b1968bd4,1,1,1,4563221289370828604205089111471170542583263583412968862519466540084840336910,4563221289370828604205089111471170542583263583412968862519466540084840336910,18.223,536.359,sha256:50c5f26d2c05b460aa702d89700b74f817ea4adce9d64a5abacaae7a9bb671c8,9a7829fe2584259f1dd0dc45cf73c5ce904fce7e61e964fb7958826f156b43be,ok,
campaign-20260925T060607Z,S20260925T060607Z,cpu8,066162c0b92d,primary,campaign-20260925T060607Z/cpu8/primary10a1/m9,10,1,9,10,0,,groth16,9,0,2026-09-25T07:10:50.078Z,1.95,14.203,151.815,6.027,5.9,173.995,174.011,1746223,b211630d00c7c2d0e5309876a16c72ad66909d7301385d4da830c4a8d71e391e,1,1,1,20121159957847147921812141654231982941331816397431355682788233457047980505218,20121159957847147921812141654231982941331816397431355682788233457047980505218,17.798,541.68,sha256:50c5f26d2c05b460aa702d89700b74f817ea4adce9d64a5abacaae7a9bb671c8,9a7829fe2584259f1dd0dc45cf73c5ce904fce7e61e964fb7958826f156b43be,ok,
campaign-20260925T060607Z,S20260925T060607Z,cpu8,066162c0b92d,primary,campaign-20260925T060607Z/cpu8/primary10a1/m10,10,1,10,10,0,,groth16,8,0,2026-09-25T07:10:50.273Z,1.16,14.016,144.33,6.068,6.115,165.575,165.591,1625771,5ed3b83d5f5aad4ca7fa25c79bc0fa86d421d2202a7e7054079f14b9e1c2f4cd,1,1,1,4202603041571593097755192347734702907906852554209131907104891159135181794540,4202603041571593097755192347734702907906852554209131907104891159135181794540,17.45,544.965,sha256:50c5f26d2c05b460aa702d89700b74f817ea4adce9d64a5abacaae7a9bb671c8,9a7829fe2584259f1dd0dc45cf73c5ce904fce7e61e964fb7958826f156b43be,ok,
campaign-20260925T060607Z,S20260925T060607Z,cpu8,066162c0b92d,primary,campaign-20260925T060607Z/cpu8/primary10a1/m11,10,1,11,10,0,,groth16,13,0,2026-09-25T07:10:50.459Z,31.786,19.271,180.949,5.886,5.811,237.892,237.919,2228031,53cbdd1f02a65121d6c7044031c6cfa4c6ce66c0b9712dd28fe86ef4c6512c1b,1,1,1,2070900789261900884480134887764693608718732168760920549200296856627754794354,2070900789261900884480134887764693608718732168760920549200296856627754794354,16.791,547.426,sha256:50c5f26d2c05b460aa702d89700b74f817ea4adce9d64a5abacaae7a9bb671c8,9a7829fe2584259f1dd0dc45cf73c5ce904fce7e61e964fb7958826f156b43be,ok,
campaign-20260925T060607Z,S20260925T060607Z,cpu8,1477b2d35e70,diag,campaign-20260925T060607Z/cpu8/diag1a1/in_process1,1,1,1,101,1,in_process,groth16,5,0,2026-09-25T07:16:17.556Z,0.451,16.343,245.469,7.078,6.943,269.341,269.357,1133343,41c7636150900ee72cf6323930dd506bd0fc015a94a20905cc61c856b4fe919a,1,1,1,8772061116891597512098326450504850663371859585885077427179882578819842555696,8772061116891597512098326450504850663371859585885077427179882578819842555696,25.028,232.07,sha256:50c5f26d2c05b460aa702d89700b74f817ea4adce9d64a5abacaae7a9bb671c8,9a7829fe2584259f1dd0dc45cf73c5ce904fce7e61e964fb7958826f156b43be,ok,
campaign-20260925T060607Z,S20260925T060607Z,cpu8,1477b2d35e70,diag,campaign-20260925T060607Z/cpu8/diag1a1/in_process2,1,1,2,101,1,in_process,plonk,5,0,2026-09-25T07:16:17.850Z,1.14,13.984,9507.814,7.888,7.413,9530.826,9530.847,50790568,8b7d89ef154d0704a4a5fb8df978ea728f0decad61374b1d3a80a026ad357fec,1,1,1,8772061116891597512098326450504850663371859585885077427179882578819842555696,8772061116891597512098326450504850663371859585885077427179882578819842555696,18.357,637.082,sha256:50c5f26d2c05b460aa702d89700b74f817ea4adce9d64a5abacaae7a9bb671c8,9a7829fe2584259f1dd0dc45cf73c5ce904fce7e61e964fb7958826f156b43be,ok,
campaign-20260925T060607Z,S20260925T060607Z,cpu8,538c1ae3bc01,diag,campaign-20260925T060607Z/cpu8/diag2a1/in_process1,2,1,1,102,1,in_process,groth16,5,0,2026-09-25T07:20:35.830Z,0.589,16.156,250.671,7.747,6.9,275.162,275.181,1133343,41c7636150900ee72cf6323930dd506bd0fc015a94a20905cc61c856b4fe919a,1,1,1,8772061116891597512098326450504850663371859585885077427179882578819842555696,8772061116891597512098326450504850663371859585885077427179882578819842555696,22.346,226.844,sha256:50c5f26d2c05b460aa702d89700b74f817ea4adce9d64a5abacaae7a9bb671c8,9a7829fe2584259f1dd0dc45cf73c5ce904fce7e61e964fb7958826f156b43be,ok,
campaign-20260925T060607Z,S20260925T060607Z,cpu8,538c1ae3bc01,diag,campaign-20260925T060607Z/cpu8/diag2a1/in_process2,2,1,2,102,1,in_process,plonk,5,0,2026-09-25T07:20:36.131Z,1.014,13.847,9491.738,8.068,7.274,9514.667,9514.69,50790568,8b7d89ef154d0704a4a5fb8df978ea728f0decad61374b1d3a80a026ad357fec,1,1,1,8772061116891597512098326450504850663371859585885077427179882578819842555696,8772061116891597512098326450504850663371859585885077427179882578819842555696,18.644,622.848,sha256:50c5f26d2c05b460aa702d89700b74f817ea4adce9d64a5abacaae7a9bb671c8,9a7829fe2584259f1dd0dc45cf73c5ce904fce7e61e964fb7958826f156b43be,ok,
campaign-20260925T060607Z,S20260925T060607Z,cpu8,d6c1374e422e,diag,campaign-20260925T060607Z/cpu8/diag3a1/in_process1,3,1,1,103,1,in_process,groth16,5,0,2026-09-25T07:25:17.027Z,0.531,15.848,239.222,7.064,6.884,262.666,262.684,1133343,41c7636150900ee72cf6323930dd506bd0fc015a94a20905cc61c856b4fe919a,1,1,1,8772061116891597512098326450504850663371859585885077427179882578819842555696,8772061116891597512098326450504850663371859585885077427179882578819842555696,27.165,231.492,sha256:50c5f26d2c05b460aa702d89700b74f817ea4adce9d64a5abacaae7a9bb671c8,9a7829fe2584259f1dd0dc45cf73c5ce904fce7e61e964fb7958826f156b43be,ok,
campaign-20260925T060607Z,S20260925T060607Z,cpu8,d6c1374e422e,diag,campaign-20260925T060607Z/cpu8/diag3a1/in_process2,3,1,2,103,1,in_process,plonk,5,0,2026-09-25T07:25:17.314Z,0.949,14.853,9488.004,7.962,7.384,9511.768,9511.796,50790568,8b7d89ef154d0704a4a5fb8df978ea728f0decad61374b1d3a80a026ad357fec,1,1,1,8772061116891597512098326450504850663371859585885077427179882578819842555696,8772061116891597512098326450504850663371859585885077427179882578819842555696,19.017,661.016,sha256:50c5f26d2c05b460aa702d89700b74f817ea4adce9d64a5abacaae7a9bb671c8,9a7829fe2584259f1dd0dc45cf73c5ce904fce7e61e964fb7958826f156b43be,ok,
campaign-20260925T060607Z,S20260925T060607Z,cpu8,50f01a829b47,diag,campaign-20260925T060607Z/cpu8/diag4a1/in_process1,4,1,1,104,1,in_process,groth16,5,0,2026-09-25T07:34:34.888Z,0.555,17.16,245.821,7.016,6.555,270.552,270.568,1133343,41c7636150900ee72cf6323930dd506bd0fc015a94a20905cc61c856b4fe919a,1,1,1,8772061116891597512098326450504850663371859585885077427179882578819842555696,8772061116891597512098326450504850663371859585885077427179882578819842555696,28.275,225.813,sha256:50c5f26d2c05b460aa702d89700b74f817ea4adce9d64a5abacaae7a9bb671c8,9a7829fe2584259f1dd0dc45cf73c5ce904fce7e61e964fb7958826f156b43be,ok,
campaign-20260925T060607Z,S20260925T060607Z,cpu8,50f01a829b47,diag,campaign-20260925T060607Z/cpu8/diag4a1/in_process2,4,1,2,104,1,in_process,plonk,5,0,2026-09-25T07:34:35.182Z,0.871,14.346,9520.761,7.949,7.553,9543.926,9543.949,50790568,8b7d89ef154d0704a4a5fb8df978ea728f0decad61374b1d3a80a026ad357fec,1,1,1,8772061116891597512098326450504850663371859585885077427179882578819842555696,8772061116891597512098326450504850663371859585885077427179882578819842555696,19.575,651.043,sha256:50c5f26d2c05b460aa702d89700b74f817ea4adce9d64a5abacaae7a9bb671c8,9a7829fe2584259f1dd0dc45cf73c5ce904fce7e61e964fb7958826f156b43be,ok,
campaign-20260925T060607Z,S20260925T060607Z,cpu8,e97caca2c566,diag,campaign-20260925T060607Z/cpu8/diag5a1/in_process1,5,1,1,105,1,in_process,groth16,5,0,2026-09-25T07:39:17.478Z,0.583,15.972,241.002,7.093,6.758,264.649,264.667,1133343,41c7636150900ee72cf6323930dd506bd0fc015a94a20905cc61c856b4fe919a,1,1,1,8772061116891597512098326450504850663371859585885077427179882578819842555696,8772061116891597512098326450504850663371859585885077427179882578819842555696,29.971,233.469,sha256:50c5f26d2c05b460aa702d89700b74f817ea4adce9d64a5abacaae7a9bb671c8,9a7829fe2584259f1dd0dc45cf73c5ce904fce7e61e964fb7958826f156b43be,ok,
campaign-20260925T060607Z,S20260925T060607Z,cpu8,e97caca2c566,diag,campaign-20260925T060607Z/cpu8/diag5a1/in_process2,5,1,2,105,1,in_process,plonk,5,0,2026-09-25T07:39:17.766Z,0.747,14.234,9493.222,7.902,7.305,9516.106,9516.136,50790568,8b7d89ef154d0704a4a5fb8df978ea728f0decad61374b1d3a80a026ad357fec,1,1,1,8772061116891597512098326450504850663371859585885077427179882578819842555696,8772061116891597512098326450504850663371859585885077427179882578819842555696,19.819,651.707,sha256:50c5f26d2c05b460aa702d89700b74f817ea4adce9d64a5abacaae7a9bb671c8,9a7829fe2584259f1dd0dc45cf73c5ce904fce7e61e964fb7958826f156b43be,ok,
