campaign_id,session_id,profile_id,container_id,kind,run_id,round,round_attempt,order_in_round,seed,is_warmup,warmup_kind,backend,depth,leaf_index,started_at_utc,input_ms,witness_ms,prove_ms,verify_first_ms,verify_steady_ms,stage_sum_ms,wall_ms,zkey_bytes,zkey_sha256,proof_valid,root_matches,input_matches_committed,public_root,expected_root,heap_used_mb,rss_mb,image_id,manifest_sha256,status,error
campaign-20260925T060607Z,S20260925T060607Z,cpu4,665d56a3a1e5,primary,campaign-20260925T060607Z/cpu4/primary0a1/in_process1,0,1,1,0,1,in_process,groth16,5,0,2026-09-25T06:18:04.751Z,0.479,16.621,272.307,7.771,9.376,297.177,297.193,1133343,41c7636150900ee72cf6323930dd506bd0fc015a94a20905cc61c856b4fe919a,1,1,1,8772061116891597512098326450504850663371859585885077427179882578819842555696,8772061116891597512098326450504850663371859585885077427179882578819842555696,11.946,175.898,sha256:50c5f26d2c05b460aa702d89700b74f817ea4adce9d64a5abacaae7a9bb671c8,9a7829fe2584259f1dd0dc45cf73c5ce904fce7e61e964fb7958826f156b43be,ok,
campaign-20260925T060607Z,S20260925T060607Z,cpu4,665d56a3a1e5,primary,campaign-20260925T060607Z/cpu4/primary0a1/in_process2,0,1,2,0,1,in_process,plonk,5,0,2026-09-25T06:18:05.079Z,0.587,13.837,10127.184,7.912,7.232,10149.52,10149.542,50790568,8b7d89ef154d0704a4a5fb8df978ea728f0decad61374b1d3a80a026ad357fec,1,1,1,8772061116891597512098326450504850663371859585885077427179882578819842555696,8772061116891597512098326450504850663371859585885077427179882578819842555696,11.379,473.48,sha256:50c5f26d2c05b460aa702d89700b74f817ea4adce9d64a5abacaae7a9bb671c8,9a7829fe2584259f1dd0dc45cf73c5ce904fce7e61e964fb7958826f156b43be,ok,
campaign-20260925T060607Z,S20260925T060607Z,cpu4,665d56a3a1e5,primary,campaign-20260925T060607Z/cpu4/primary0a1/round01,0,1,1,0,1,round0,plonk,14,0,2026-09-25T06:18:15.252Z,43.271,18.187,19584.016,8.116,7.316,19653.589,19653.617,101787276,61d7365d9163bc99ded1dfbd03499b9283c2947715292debbde41b3796b6b916,1,1,1,12582151698735550891927690128793622813383487692593364506314066026947547425304,12582151698735550891927690128793622813383487692593364506314066026947547425304,10.537,513.941,sha256:50c5f26d2c05b460aa702d89700b74f817ea4adce9d64a5abacaae7a9bb671c8,9a7829fe2584259f1dd0dc45cf73c5ce904fce7e61e964fb7958826f156b43be,ok,
campaign-20260925T060607Z,S20260925T060607Z,cpu4,665d56a3a1e5,primary,campaign-20260925T060607Z/cpu4/primary0a1/round02,0,1,2,0,1,round0,plonk,10,0,2026-09-25T06:18:34.931Z,2.79,17.401,10183.852,9.902,7.085,10213.945,10213.963,51742588,bebeabf9a0c71095a0054d8bd4225201a55744b4b0560ef0825703d4931d0ced,1,1,1,5493694120516454304625833950804950714434791624469988248149691492887491269863,5493694120516454304625833950804950714434791624469988248149691492887491269863,10.706,458.289,sha256:50c5f26d2c05b460aa702d89700b74f817ea4adce9d64a5abacaae7a9bb671c8,9a7829fe2584259f1dd0dc45cf73c5ce904fce7e61e964fb7958826f156b43be,ok,
campaign-20260925T060607Z,S20260925T060607Z,cpu4,665d56a3a1e5,primary,campaign-20260925T060607Z/cpu4/primary0a1/round03,0,1,3,0,1,round0,groth16,7,0,2026-09-25T06:18:45.169Z,0.932,14.48,166.218,8.077,6.716,189.707,189.725,1374247,c0f6d8c4ac9fa282780a2c229d7d086f87e26be62a3eefceb9f801e5076843aa,1,1,1,6834760395900399403843817083005722754930321299301222295483199499696193022453,6834760395900399403843817083005722754930321299301222295483199499696193022453,11.903,431.043,sha256:50c5f26d2c05b460aa702d89700b74f817ea4adce9d64a5abacaae7a9bb671c8,9a7829fe2584259f1dd0dc45cf73c5ce904fce7e61e964fb7958826f156b43be,ok,
campaign-20260925T060607Z,S20260925T060607Z,cpu4,665d56a3a1e5,primary,campaign-20260925T060607Z/cpu4/primary0a1/round04,0,1,4,0,1,round0,groth16,10,0,2026-09-25T06:18:45.380Z,2.648,18.47,212.209,8.254,7.187,241.581,241.597,1866675,656d9ee8dd285db6410e0a4b4317201829a1347f7cc3ef6d8de625e8f99f432a,1,1,1,5493694120516454304625833950804950714434791624469988248149691492887491269863,5493694120516454304625833950804950714434791624469988248149691492887491269863,10.139,433.188,sha256:50c5f26d2c05b460aa702d89700b74f817ea4adce9d64a5abacaae7a9bb671c8,9a7829fe2584259f1dd0dc45cf73c5ce904fce7e61e964fb7958826f156b43be,ok,
campaign-20260925T060607Z,S20260925T060607Z,cpu4,665d56a3a1e5,primary,campaign-20260925T060607Z/cpu4/primary0a1/round05,0,1,5,0,1,round0,plonk,9,0,2026-09-25T06:18:45.645Z,1.72,14.531,10224.82,9.765,7.164,10250.837,10250.854,51552184,9dc1fed4ae801e210c410e345557301925ad182187f5f64aedebb0ef6a13cf67,1,1,1,20121159957847147921812141654231982941331816397431355682788233457047980505218,20121159957847147921812141654231982941331816397431355682788233457047980505218,10.819,459.277,sha256:50c5f26d2c05b460aa702d89700b74f817ea4adce9d64a5abacaae7a9bb671c8,9a7829fe2584259f1dd0dc45cf73c5ce904fce7e61e964fb7958826f156b43be,ok,
campaign-20260925T060607Z,S20260925T060607Z,cpu4,665d56a3a1e5,primary,campaign-20260925T060607Z/cpu4/primary0a1/round06,0,1,6,0,1,round0,groth16,8,0,2026-09-25T06:18:55.920Z,1.212,17.147,190.092,7.807,7.863,216.258,216.276,1625771,5ed3b83d5f5aad4ca7fa25c79bc0fa86d421d2202a7e7054079f14b9e1c2f4cd,1,1,1,4202603041571593097755192347734702907906852554209131907104891159135181794540,4202603041571593097755192347734702907906852554209131907104891159135181794540,12.016,433.422,sha256:50c5f26d2c05b460aa702d89700b74f817ea4adce9d64a5abacaae7a9bb671c8,9a7829fe2584259f1dd0dc45cf73c5ce904fce7e61e964fb7958826f156b43be,ok,
campaign-20260925T060607Z,S20260925T060607Z,cpu4,665d56a3a1e5,primary,campaign-20260925T060607Z/cpu4/primary0a1/round07,0,1,7,0,1,round0,groth16,12,0,2026-09-25T06:18:56.161Z,14.263,15.425,237.621,8.042,7.212,275.351,275.373,2107579,3fdb01845d81a3cdbbba88fcf45b948195abf01ba68c30be8a5f3e3546d4e81e,1,1,1,1305120659341908565283217195273270415919492373288777814091321905738895669205,1305120659341908565283217195273270415919492373288777814091321905738895669205,11.949,432.82,sha256:50c5f26d2c05b460aa702d89700b74f817ea4adce9d64a5abacaae7a9bb671c8,9a7829fe2584259f1dd0dc45cf73c5ce904fce7e61e964fb7958826f156b43be,ok,
campaign-20260925T060607Z,S20260925T060607Z,cpu4,665d56a3a1e5,primary,campaign-20260925T060607Z/cpu4/primary0a1/round08,0,1,8,0,1,round0,plonk,12,0,2026-09-25T06:18:56.459Z,15.493,16.985,19587.235,7.718,7.251,19627.43,19627.451,101406468,ac66b87842b1343c8548cf4e922c1ee3249b5519daa07857ea88621896f01c1d,1,1,1,1305120659341908565283217195273270415919492373288777814091321905738895669205,1305120659341908565283217195273270415919492373288777814091321905738895669205,10.619,472.492,sha256:50c5f26d2c05b460aa702d89700b74f817ea4adce9d64a5abacaae7a9bb671c8,9a7829fe2584259f1dd0dc45cf73c5ce904fce7e61e964fb7958826f156b43be,ok,
campaign-20260925T060607Z,S20260925T060607Z,cpu4,665d56a3a1e5,primary,campaign-20260925T060607Z/cpu4/primary0a1/round09,0,1,9,0,1,round0,groth16,6,0,2026-09-25T06:19:16.113Z,1.047,15.722,152.851,7.818,7.025,177.438,177.454,1253795,ea2368c5701f4885dc1bd9120ebd0b3419c495066983d2c215030506b1968bd4,1,1,1,4563221289370828604205089111471170542583263583412968862519466540084840336910,4563221289370828604205089111471170542583263583412968862519466540084840336910,11.843,446.059,sha256:50c5f26d2c05b460aa702d89700b74f817ea4adce9d64a5abacaae7a9bb671c8,9a7829fe2584259f1dd0dc45cf73c5ce904fce7e61e964fb7958826f156b43be,ok,
campaign-20260925T060607Z,S20260925T060607Z,cpu4,665d56a3a1e5,primary,campaign-20260925T060607Z/cpu4/primary0a1/round010,0,1,10,0,1,round0,plonk,15,0,2026-09-25T06:19:16.313Z,114.333,21.286,19912.612,9.411,7.317,20057.643,20057.674,101977680,590ecdca303cbdece71bd9566d50ed9ad6168b343d2955edb57da417b966d08b,1,1,1,16175814224772832097117886582757018531876340808696504341109560169071733404932,16175814224772832097117886582757018531876340808696504341109560169071733404932,10.871,584.848,sha256:50c5f26d2c05b460aa702d89700b74f817ea4adce9d64a5abacaae7a9bb671c8,9a7829fe2584259f1dd0dc45cf73c5ce904fce7e61e964fb7958826f156b43be,ok,
campaign-20260925T060607Z,S20260925T060607Z,cpu4,665d56a3a1e5,primary,campaign-20260925T060607Z/cpu4/primary0a1/round011,0,1,11,0,1,round0,plonk,8,0,2026-09-25T06:19:36.395Z,1.225,16.478,10294.397,7.582,7.216,10319.682,10319.708,51361780,42dce5eab9336cf59161d106dd2c9da704b3a453c67dc5f6a284a94331eca87c,1,1,1,4202603041571593097755192347734702907906852554209131907104891159135181794540,4202603041571593097755192347734702907906852554209131907104891159135181794540,10.77,522.52,sha256:50c5f26d2c05b460aa702d89700b74f817ea4adce9d64a5abacaae7a9bb671c8,9a7829fe2584259f1dd0dc45cf73c5ce904fce7e61e964fb7958826f156b43be,ok,
campaign-20260925T060607Z,S20260925T060607Z,cpu4,665d56a3a1e5,primary,campaign-20260925T060607Z/cpu4/primary0a1/round012,0,1,12,0,1,round0,plonk,11,0,2026-09-25T06:19:46.739Z,4.999,16.017,19754.464,7.877,7.182,19783.357,19783.376,101216064,55b85a8c273635d0f8f2cdda0e7ce81b35231792d5212b770681d612dbf1c56a,1,1,1,13741875541804146615197212471377989082753334180286662970428373142262333549779,13741875541804146615197212471377989082753334180286662970428373142262333549779,10.854,509.375,sha256:50c5f26d2c05b460aa702d89700b74f817ea4adce9d64a5abacaae7a9bb671c8,9a7829fe2584259f1dd0dc45cf73c5ce904fce7e61e964fb7958826f156b43be,ok,
campaign-20260925T060607Z,S20260925T060607Z,cpu4,665d56a3a1e5,primary,campaign-20260925T060607Z/cpu4/primary0a1/round013,0,1,13,0,1,round0,groth16,15,0,2026-09-25T06:20:06.548Z,100.076,25.041,269.587,8.647,7.22,403.351,403.377,2468935,d6be53096894f276c29d0702fcead9cafd5a510db26c6b563aa91a72f3a7c974,1,1,1,16175814224772832097117886582757018531876340808696504341109560169071733404932,16175814224772832097117886582757018531876340808696504341109560169071733404932,14.596,511.063,sha256:50c5f26d2c05b460aa702d89700b74f817ea4adce9d64a5abacaae7a9bb671c8,9a7829fe2584259f1dd0dc45cf73c5ce904fce7e61e964fb7958826f156b43be,ok,
campaign-20260925T060607Z,S20260925T060607Z,cpu4,665d56a3a1e5,primary,campaign-20260925T060607Z/cpu4/primary0a1/round014,0,1,14,0,1,round0,plonk,5,0,2026-09-25T06:20:06.975Z,0.999,13.27,10209.367,7.498,7.148,10231.134,10231.15,50790568,8b7d89ef154d0704a4a5fb8df978ea728f0decad61374b1d3a80a026ad357fec,1,1,1,8772061116891597512098326450504850663371859585885077427179882578819842555696,8772061116891597512098326450504850663371859585885077427179882578819842555696,10.844,530.836,sha256:50c5f26d2c05b460aa702d89700b74f817ea4adce9d64a5abacaae7a9bb671c8,9a7829fe2584259f1dd0dc45cf73c5ce904fce7e61e964fb7958826f156b43be,ok,
campaign-20260925T060607Z,S20260925T060607Z,cpu4,665d56a3a1e5,primary,campaign-20260925T060607Z/cpu4/primary0a1/round015,0,1,15,0,1,round0,groth16,9,0,2026-09-25T06:20:17.230Z,1.814,14.121,202.155,7.672,7.109,225.762,225.781,1746223,b211630d00c7c2d0e5309876a16c72ad66909d7301385d4da830c4a8d71e391e,1,1,1,20121159957847147921812141654231982941331816397431355682788233457047980505218,20121159957847147921812141654231982941331816397431355682788233457047980505218,11.973,504.504,sha256:50c5f26d2c05b460aa702d89700b74f817ea4adce9d64a5abacaae7a9bb671c8,9a7829fe2584259f1dd0dc45cf73c5ce904fce7e61e964fb7958826f156b43be,ok,
campaign-20260925T060607Z,S20260925T060607Z,cpu4,665d56a3a1e5,primary,campaign-20260925T060607Z/cpu4/primary0a1/round016,0,1,16,0,1,round0,groth16,5,0,2026-09-25T06:20:17.478Z,0.639,13.343,139.196,7.087,7.204,160.265,160.283,1133343,41c7636150900ee72cf6323930dd506bd0fc015a94a20905cc61c856b4fe919a,1,1,1,8772061116891597512098326450504850663371859585885077427179882578819842555696,8772061116891597512098326450504850663371859585885077427179882578819842555696,11.516,508.383,sha256:50c5f26d2c05b460aa702d89700b74f817ea4adce9d64a5abacaae7a9bb671c8,9a7829fe2584259f1dd0dc45cf73c5ce904fce7e61e964fb7958826f156b43be,ok,
campaign-20260925T060607Z,S20260925T060607Z,cpu4,665d56a3a1e5,primary,campaign-20260925T060607Z/cpu4/primary0a1/round017,0,1,17,0,1,round0,plonk,7,0,2026-09-25T06:20:17.662Z,0.756,12.766,10208.246,8.737,7.156,10230.505,10230.522,51171376,e601552aba9f4692ef0f1d2d75ceade0e48da52ddad45690306a402c03eb810f,1,1,1,6834760395900399403843817083005722754930321299301222295483199499696193022453,6834760395900399403843817083005722754930321299301222295483199499696193022453,10.991,532.086,sha256:50c5f26d2c05b460aa702d89700b74f817ea4adce9d64a5abacaae7a9bb671c8,9a7829fe2584259f1dd0dc45cf73c5ce904fce7e61e964fb7958826f156b43be,ok,
campaign-20260925T060607Z,S20260925T060607Z,cpu4,665d56a3a1e5,primary,campaign-20260925T060607Z/cpu4/primary0a1/round018,0,1,18,0,1,round0,groth16,13,0,2026-09-25T06:20:27.917Z,22.564,20.736,255.638,7.544,6.944,306.483,306.508,2228031,53cbdd1f02a65121d6c7044031c6cfa4c6ce66c0b9712dd28fe86ef4c6512c1b,1,1,1,2070900789261900884480134887764693608718732168760920549200296856627754794354,2070900789261900884480134887764693608718732168760920549200296856627754794354,12.266,505.371,sha256:50c5f26d2c05b460aa702d89700b74f817ea4adce9d64a5abacaae7a9bb671c8,9a7829fe2584259f1dd0dc45cf73c5ce904fce7e61e964fb7958826f156b43be,ok,
campaign-20260925T060607Z,S20260925T060607Z,cpu4,665d56a3a1e5,primary,campaign-20260925T060607Z/cpu4/primary0a1/round019,0,1,19,0,1,round0,groth16,11,0,2026-09-25T06:20:28.246Z,7.106,14.959,222.778,6.253,7.073,251.097,251.118,1987127,1241508317856e8cb42cf71f43cafeb13e26a2553d595182aefca30b78a5b754,1,1,1,13741875541804146615197212471377989082753334180286662970428373142262333549779,13741875541804146615197212471377989082753334180286662970428373142262333549779,11.836,508.703,sha256:50c5f26d2c05b460aa702d89700b74f817ea4adce9d64a5abacaae7a9bb671c8,9a7829fe2584259f1dd0dc45cf73c5ce904fce7e61e964fb7958826f156b43be,ok,
campaign-20260925T060607Z,S20260925T060607Z,cpu4,665d56a3a1e5,primary,campaign-20260925T060607Z/cpu4/primary0a1/round020,0,1,20,0,1,round0,groth16,14,0,2026-09-25T06:20:28.520Z,51.164,19.307,258.691,8.496,6.482,337.658,337.682,2348483,b0be38259edaa109196790233512dc26d29f0e31a9506021bad97c60834e4df2,1,1,1,12582151698735550891927690128793622813383487692593364506314066026947547425304,12582151698735550891927690128793622813383487692593364506314066026947547425304,10.57,508.316,sha256:50c5f26d2c05b460aa702d89700b74f817ea4adce9d64a5abacaae7a9bb671c8,9a7829fe2584259f1dd0dc45cf73c5ce904fce7e61e964fb7958826f156b43be,ok,
campaign-20260925T060607Z,S20260925T060607Z,cpu4,665d56a3a1e5,primary,campaign-20260925T060607Z/cpu4/primary0a1/round021,0,1,21,0,1,round0,plonk,13,0,2026-09-25T06:20:28.879Z,29.32,17.639,19732.666,7.567,7.068,19787.192,19787.216,101596872,ecc4eb82a5958bf47b7b157e77ed7abc103fb2ebeec94211db85c4d20c7c607c,1,1,1,2070900789261900884480134887764693608718732168760920549200296856627754794354,2070900789261900884480134887764693608718732168760920549200296856627754794354,11.575,649.469,sha256:50c5f26d2c05b460aa702d89700b74f817ea4adce9d64a5abacaae7a9bb671c8,9a7829fe2584259f1dd0dc45cf73c5ce904fce7e61e964fb7958826f156b43be,ok,
campaign-20260925T060607Z,S20260925T060607Z,cpu4,665d56a3a1e5,primary,campaign-20260925T060607Z/cpu4/primary0a1/round022,0,1,22,0,1,round0,plonk,6,0,2026-09-25T06:20:48.690Z,2.812,13.105,10277.941,7.733,7.176,10301.59,10301.607,50980972,75b0f7800ba9bbd996a5aba5e02258e755536462dae72897fb9805a733486612,1,1,1,4563221289370828604205089111471170542583263583412968862519466540084840336910,4563221289370828604205089111471170542583263583412968862519466540084840336910,10.957,539.461,sha256:50c5f26d2c05b460aa702d89700b74f817ea4adce9d64a5abacaae7a9bb671c8,9a7829fe2584259f1dd0dc45cf73c5ce904fce7e61e964fb7958826f156b43be,ok,
campaign-20260925T060607Z,S20260925T060607Z,cpu4,56245007ba4f,primary,campaign-20260925T060607Z/cpu4/primary1a1/in_process1,1,1,1,1,1,in_process,groth16,5,0,2026-09-25T06:21:00.471Z,0.595,14.502,271.157,6.801,7.794,293.054,293.069,1133343,41c7636150900ee72cf6323930dd506bd0fc015a94a20905cc61c856b4fe919a,1,1,1,8772061116891597512098326450504850663371859585885077427179882578819842555696,8772061116891597512098326450504850663371859585885077427179882578819842555696,10.909,215.566,sha256:50c5f26d2c05b460aa702d89700b74f817ea4adce9d64a5abacaae7a9bb671c8,9a7829fe2584259f1dd0dc45cf73c5ce904fce7e61e964fb7958826f156b43be,ok,
campaign-20260925T060607Z,S20260925T060607Z,cpu4,56245007ba4f,primary,campaign-20260925T060607Z/cpu4/primary1a1/in_process2,1,1,2,1,1,in_process,plonk,5,0,2026-09-25T06:21:00.791Z,0.574,16.179,10242.937,7.911,7.284,10267.601,10267.625,50790568,8b7d89ef154d0704a4a5fb8df978ea728f0decad61374b1d3a80a026ad357fec,1,1,1,8772061116891597512098326450504850663371859585885077427179882578819842555696,8772061116891597512098326450504850663371859585885077427179882578819842555696,11.525,475.324,sha256:50c5f26d2c05b460aa702d89700b74f817ea4adce9d64a5abacaae7a9bb671c8,9a7829fe2584259f1dd0dc45cf73c5ce904fce7e61e964fb7958826f156b43be,ok,
campaign-20260925T060607Z,S20260925T060607Z,cpu4,56245007ba4f,primary,campaign-20260925T060607Z/cpu4/primary1a1/m1,1,1,1,1,0,,groth16,7,0,2026-09-25T06:21:11.083Z,2.927,16.982,164.982,7.52,9.86,192.411,192.426,1374247,c0f6d8c4ac9fa282780a2c229d7d086f87e26be62a3eefceb9f801e5076843aa,1,1,1,6834760395900399403843817083005722754930321299301222295483199499696193022453,6834760395900399403843817083005722754930321299301222295483199499696193022453,12.289,374.629,sha256:50c5f26d2c05b460aa702d89700b74f817ea4adce9d64a5abacaae7a9bb671c8,9a7829fe2584259f1dd0dc45cf73c5ce904fce7e61e964fb7958826f156b43be,ok,
campaign-20260925T060607Z,S20260925T060607Z,cpu4,56245007ba4f,primary,campaign-20260925T060607Z/cpu4/primary1a1/m2,1,1,2,1,0,,groth16,8,0,2026-09-25T06:21:11.308Z,1.06,13.537,202.269,7.997,6.416,224.862,224.878,1625771,5ed3b83d5f5aad4ca7fa25c79bc0fa86d421d2202a7e7054079f14b9e1c2f4cd,1,1,1,4202603041571593097755192347734702907906852554209131907104891159135181794540,4202603041571593097755192347734702907906852554209131907104891159135181794540,12.134,376.844,sha256:50c5f26d2c05b460aa702d89700b74f817ea4adce9d64a5abacaae7a9bb671c8,9a7829fe2584259f1dd0dc45cf73c5ce904fce7e61e964fb7958826f156b43be,ok,
campaign-20260925T060607Z,S20260925T060607Z,cpu4,56245007ba4f,primary,campaign-20260925T060607Z/cpu4/primary1a1/m3,1,1,3,1,0,,plonk,14,0,2026-09-25T06:21:11.555Z,47.145,21.111,19584.503,7.701,7.294,19660.461,19660.487,101787276,61d7365d9163bc99ded1dfbd03499b9283c2947715292debbde41b3796b6b916,1,1,1,12582151698735550891927690128793622813383487692593364506314066026947547425304,12582151698735550891927690128793622813383487692593364506314066026947547425304,10.904,522.004,sha256:50c5f26d2c05b460aa702d89700b74f817ea4adce9d64a5abacaae7a9bb671c8,9a7829fe2584259f1dd0dc45cf73c5ce904fce7e61e964fb7958826f156b43be,ok,
campaign-20260925T060607Z,S20260925T060607Z,cpu4,56245007ba4f,primary,campaign-20260925T060607Z/cpu4/primary1a1/m4,1,1,4,1,0,,groth16,6,0,2026-09-25T06:21:31.240Z,0.806,14.125,156.046,7.774,7.18,178.75,178.765,1253795,ea2368c5701f4885dc1bd9120ebd0b3419c495066983d2c215030506b1968bd4,1,1,1,4563221289370828604205089111471170542583263583412968862519466540084840336910,4563221289370828604205089111471170542583263583412968862519466540084840336910,12.177,495.516,sha256:50c5f26d2c05b460aa702d89700b74f817ea4adce9d64a5abacaae7a9bb671c8,9a7829fe2584259f1dd0dc45cf73c5ce904fce7e61e964fb7958826f156b43be,ok,
campaign-20260925T060607Z,S20260925T060607Z,cpu4,56245007ba4f,primary,campaign-20260925T060607Z/cpu4/primary1a1/m5,1,1,5,1,0,,plonk,11,0,2026-09-25T06:21:31.442Z,5.904,16.9,19512.09,7.871,7.304,19542.765,19542.786,101216064,55b85a8c273635d0f8f2cdda0e7ce81b35231792d5212b770681d612dbf1c56a,1,1,1,13741875541804146615197212471377989082753334180286662970428373142262333549779,13741875541804146615197212471377989082753334180286662970428373142262333549779,11.354,638.766,sha256:50c5f26d2c05b460aa702d89700b74f817ea4adce9d64a5abacaae7a9bb671c8,9a7829fe2584259f1dd0dc45cf73c5ce904fce7e61e964fb7958826f156b43be,ok,
campaign-20260925T060607Z,S20260925T060607Z,cpu4,56245007ba4f,primary,campaign-20260925T060607Z/cpu4/primary1a1/m6,1,1,6,1,0,,plonk,7,0,2026-09-25T06:21:51.009Z,2.701,14.007,10178.367,8.298,7.161,10203.374,10203.462,51171376,e601552aba9f4692ef0f1d2d75ceade0e48da52ddad45690306a402c03eb810f,1,1,1,6834760395900399403843817083005722754930321299301222295483199499696193022453,6834760395900399403843817083005722754930321299301222295483199499696193022453,11.095,528.816,sha256:50c5f26d2c05b460aa702d89700b74f817ea4adce9d64a5abacaae7a9bb671c8,9a7829fe2584259f1dd0dc45cf73c5ce904fce7e61e964fb7958826f156b43be,ok,
campaign-20260925T060607Z,S20260925T060607Z,cpu4,56245007ba4f,primary,campaign-20260925T060607Z/cpu4/primary1a1/m7,1,1,7,1,0,,groth16,5,0,2026-09-25T06:22:01.236Z,0.796,13.258,135.868,7.844,6.545,157.766,157.783,1133343,41c7636150900ee72cf6323930dd506bd0fc015a94a20905cc61c856b4fe919a,1,1,1,8772061116891597512098326450504850663371859585885077427179882578819842555696,8772061116891597512098326450504850663371859585885077427179882578819842555696,12.19,502.316,sha256:50c5f26d2c05b460aa702d89700b74f817ea4adce9d64a5abacaae7a9bb671c8,9a7829fe2584259f1dd0dc45cf73c5ce904fce7e61e964fb7958826f156b43be,ok,
campaign-20260925T060607Z,S20260925T060607Z,cpu4,56245007ba4f,primary,campaign-20260925T060607Z/cpu4/primary1a1/m8,1,1,8,1,0,,plonk,15,0,2026-09-25T06:22:01.416Z,113.114,20.308,19643.551,7.764,7.209,19784.737,19784.761,101977680,590ecdca303cbdece71bd9566d50ed9ad6168b343d2955edb57da417b966d08b,1,1,1,16175814224772832097117886582757018531876340808696504341109560169071733404932,16175814224772832097117886582757018531876340808696504341109560169071733404932,10.897,538.66,sha256:50c5f26d2c05b460aa702d89700b74f817ea4adce9d64a5abacaae7a9bb671c8,9a7829fe2584259f1dd0dc45cf73c5ce904fce7e61e964fb7958826f156b43be,ok,
campaign-20260925T060607Z,S20260925T060607Z,cpu4,56245007ba4f,primary,campaign-20260925T060607Z/cpu4/primary1a1/m9,1,1,9,1,0,,plonk,5,0,2026-09-25T06:22:21.226Z,0.799,13.971,10109.749,8.088,7.279,10132.608,10132.63,50790568,8b7d89ef154d0704a4a5fb8df978ea728f0decad61374b1d3a80a026ad357fec,1,1,1,8772061116891597512098326450504850663371859585885077427179882578819842555696,8772061116891597512098326450504850663371859585885077427179882578819842555696,11.042,539.07,sha256:50c5f26d2c05b460aa702d89700b74f817ea4adce9d64a5abacaae7a9bb671c8,9a7829fe2584259f1dd0dc45cf73c5ce904fce7e61e964fb7958826f156b43be,ok,
campaign-20260925T060607Z,S20260925T060607Z,cpu4,56245007ba4f,primary,campaign-20260925T060607Z/cpu4/primary1a1/m10,1,1,10,1,0,,plonk,6,0,2026-09-25T06:22:31.382Z,0.763,14.11,10163.384,7.672,7.202,10185.929,10185.943,50980972,75b0f7800ba9bbd996a5aba5e02258e755536462dae72897fb9805a733486612,1,1,1,4563221289370828604205089111471170542583263583412968862519466540084840336910,4563221289370828604205089111471170542583263583412968862519466540084840336910,11.081,538.75,sha256:50c5f26d2c05b460aa702d89700b74f817ea4adce9d64a5abacaae7a9bb671c8,9a7829fe2584259f1dd0dc45cf73c5ce904fce7e61e964fb7958826f156b43be,ok,
campaign-20260925T060607Z,S20260925T060607Z,cpu4,56245007ba4f,primary,campaign-20260925T060607Z/cpu4/primary1a1/m11,1,1,11,1,0,,plonk,8,0,2026-09-25T06:22:41.592Z,1.171,14.761,10242.538,8.838,7.293,10267.307,10267.323,51361780,42dce5eab9336cf59161d106dd2c9da704b3a453c67dc5f6a284a94331eca87c,1,1,1,4202603041571593097755192347734702907906852554209131907104891159135181794540,4202603041571593097755192347734702907906852554209131907104891159135181794540,11.103,538.828,sha256:50c5f26d2c05b460aa702d89700b74f817ea4adce9d64a5abacaae7a9bb671c8,9a7829fe2584259f1dd0dc45cf73c5ce904fce7e61e964fb7958826f156b43be,ok,
campaign-20260925T060607Z,S20260925T060607Z,cpu4,56245007ba4f,primary,campaign-20260925T060607Z/cpu4/primary1a1/m12,1,1,12,1,0,,plonk,13,0,2026-09-25T06:22:51.884Z,22.112,19.065,19755.951,7.745,7.272,19804.873,19804.896,101596872,ecc4eb82a5958bf47b7b157e77ed7abc103fb2ebeec94211db85c4d20c7c607c,1,1,1,2070900789261900884480134887764693608718732168760920549200296856627754794354,2070900789261900884480134887764693608718732168760920549200296856627754794354,11.034,591.566,sha256:50c5f26d2c05b460aa702d89700b74f817ea4adce9d64a5abacaae7a9bb671c8,9a7829fe2584259f1dd0dc45cf73c5ce904fce7e61e964fb7958826f156b43be,ok,
campaign-20260925T060607Z,S20260925T060607Z,cpu4,56245007ba4f,primary,campaign-20260925T060607Z/cpu4/primary1a1/m13,1,1,13,1,0,,plonk,10,0,2026-09-25T06:23:11.713Z,3.542,14.751,10236.819,7.943,7.216,10263.055,10263.071,51742588,bebeabf9a0c71095a0054d8bd4225201a55744b4b0560ef0825703d4931d0ced,1,1,1,5493694120516454304625833950804950714434791624469988248149691492887491269863,5493694120516454304625833950804950714434791624469988248149691492887491269863,11.025,591.234,sha256:50c5f26d2c05b460aa702d89700b74f817ea4adce9d64a5abacaae7a9bb671c8,9a7829fe2584259f1dd0dc45cf73c5ce904fce7e61e964fb7958826f156b43be,ok,
campaign-20260925T060607Z,S20260925T060607Z,cpu4,56245007ba4f,primary,campaign-20260925T060607Z/cpu4/primary1a1/m14,1,1,14,1,0,,groth16,15,0,2026-09-25T06:23:22.000Z,103.793,25.659,270.266,6.29,7.053,406.007,406.033,2468935,d6be53096894f276c29d0702fcead9cafd5a510db26c6b563aa91a72f3a7c974,1,1,1,16175814224772832097117886582757018531876340808696504341109560169071733404932,16175814224772832097117886582757018531876340808696504341109560169071733404932,14.634,593.133,sha256:50c5f26d2c05b460aa702d89700b74f817ea4adce9d64a5abacaae7a9bb671c8,9a7829fe2584259f1dd0dc45cf73c5ce904fce7e61e964fb7958826f156b43be,ok,
campaign-20260925T060607Z,S20260925T060607Z,cpu4,56245007ba4f,primary,campaign-20260925T060607Z/cpu4/primary1a1/m15,1,1,15,1,0,,plonk,9,0,2026-09-25T06:23:22.430Z,1.975,15.732,10202.115,8.537,7.172,10228.359,10228.373,51552184,9dc1fed4ae801e210c410e345557301925ad182187f5f64aedebb0ef6a13cf67,1,1,1,20121159957847147921812141654231982941331816397431355682788233457047980505218,20121159957847147921812141654231982941331816397431355682788233457047980505218,11.294,591.918,sha256:50c5f26d2c05b460aa702d89700b74f817ea4adce9d64a5abacaae7a9bb671c8,9a7829fe2584259f1dd0dc45cf73c5ce904fce7e61e964fb7958826f156b43be,ok,
campaign-20260925T060607Z,S20260925T060607Z,cpu4,56245007ba4f,primary,campaign-20260925T060607Z/cpu4/primary1a1/m16,1,1,16,1,0,,groth16,14,0,2026-09-25T06:23:32.682Z,41.74,19.981,257.439,6.461,6.063,325.622,325.646,2348483,b0be38259edaa109196790233512dc26d29f0e31a9506021bad97c60834e4df2,1,1,1,12582151698735550891927690128793622813383487692593364506314066026947547425304,12582151698735550891927690128793622813383487692593364506314066026947547425304,12.661,565.23,sha256:50c5f26d2c05b460aa702d89700b74f817ea4adce9d64a5abacaae7a9bb671c8,9a7829fe2584259f1dd0dc45cf73c5ce904fce7e61e964fb7958826f156b43be,ok,
campaign-20260925T060607Z,S20260925T060607Z,cpu4,56245007ba4f,primary,campaign-20260925T060607Z/cpu4/primary1a1/m17,1,1,17,1,0,,groth16,12,0,2026-09-25T06:23:33.029Z,14.507,15.363,244.651,7.531,6.77,282.052,282.072,2107579,3fdb01845d81a3cdbbba88fcf45b948195abf01ba68c30be8a5f3e3546d4e81e,1,1,1,1305120659341908565283217195273270415919492373288777814091321905738895669205,1305120659341908565283217195273270415919492373288777814091321905738895669205,12.348,564.754,sha256:50c5f26d2c05b460aa702d89700b74f817ea4adce9d64a5abacaae7a9bb671c8,9a7829fe2584259f1dd0dc45cf73c5ce904fce7e61e964fb7958826f156b43be,ok,
campaign-20260925T060607Z,S20260925T060607Z,cpu4,56245007ba4f,primary,campaign-20260925T060607Z/cpu4/primary1a1/m18,1,1,18,1,0,,groth16,10,0,2026-09-25T06:23:33.334Z,3.015,14.795,214.977,7.048,7.031,239.835,239.852,1866675,656d9ee8dd285db6410e0a4b4317201829a1347f7cc3ef6d8de625e8f99f432a,1,1,1,5493694120516454304625833950804950714434791624469988248149691492887491269863,5493694120516454304625833950804950714434791624469988248149691492887491269863,11.952,571.93,sha256:50c5f26d2c05b460aa702d89700b74f817ea4adce9d64a5abacaae7a9bb671c8,9a7829fe2584259f1dd0dc45cf73c5ce904fce7e61e964fb7958826f156b43be,ok,
campaign-20260925T060607Z,S20260925T060607Z,cpu4,56245007ba4f,primary,campaign-20260925T060607Z/cpu4/primary1a1/m19,1,1,19,1,0,,groth16,13,0,2026-09-25T06:23:33.597Z,30.691,17.013,238.301,7.703,6.857,293.708,293.731,2228031,53cbdd1f02a65121d6c7044031c6cfa4c6ce66c0b9712dd28fe86ef4c6512c1b,1,1,1,2070900789261900884480134887764693608718732168760920549200296856627754794354,2070900789261900884480134887764693608718732168760920549200296856627754794354,12.498,570.891,sha256:50c5f26d2c05b460aa702d89700b74f817ea4adce9d64a5abacaae7a9bb671c8,9a7829fe2584259f1dd0dc45cf73c5ce904fce7e61e964fb7958826f156b43be,ok,
campaign-20260925T060607Z,S20260925T060607Z,cpu4,56245007ba4f,primary,campaign-20260925T060607Z/cpu4/primary1a1/m20,1,1,20,1,0,,plonk,12,0,2026-09-25T06:23:33.914Z,16.99,15.342,19690.721,9.864,7.053,19732.918,19732.94,101406468,ac66b87842b1343c8548cf4e922c1ee3249b5519daa07857ea88621896f01c1d,1,1,1,1305120659341908565283217195273270415919492373288777814091321905738895669205,1305120659341908565283217195273270415919492373288777814091321905738895669205,11.381,542.676,sha256:50c5f26d2c05b460aa702d89700b74f817ea4adce9d64a5abacaae7a9bb671c8,9a7829fe2584259f1dd0dc45cf73c5ce904fce7e61e964fb7958826f156b43be,ok,
campaign-20260925T060607Z,S20260925T060607Z,cpu4,56245007ba4f,primary,campaign-20260925T060607Z/cpu4/primary1a1/m21,1,1,21,1,0,,groth16,9,0,2026-09-25T06:23:53.670Z,2.07,14.927,209.758,6.208,6.985,232.963,232.982,1746223,b211630d00c7c2d0e5309876a16c72ad66909d7301385d4da830c4a8d71e391e,1,1,1,20121159957847147921812141654231982941331816397431355682788233457047980505218,20121159957847147921812141654231982941331816397431355682788233457047980505218,12.364,516.336,sha256:50c5f26d2c05b460aa702d89700b74f817ea4adce9d64a5abacaae7a9bb671c8,9a7829fe2584259f1dd0dc45cf73c5ce904fce7e61e964fb7958826f156b43be,ok,
campaign-20260925T060607Z,S20260925T060607Z,cpu4,56245007ba4f,primary,campaign-20260925T060607Z/cpu4/primary1a1/m22,1,1,22,1,0,,groth16,11,0,2026-09-25T06:23:53.925Z,6.732,14.206,233.548,7.451,7.21,261.937,261.954,1987127,1241508317856e8cb42cf71f43cafeb13e26a2553d595182aefca30b78a5b754,1,1,1,13741875541804146615197212471377989082753334180286662970428373142262333549779,13741875541804146615197212471377989082753334180286662970428373142262333549779,11.468,523.496,sha256:50c5f26d2c05b460aa702d89700b74f817ea4adce9d64a5abacaae7a9bb671c8,9a7829fe2584259f1dd0dc45cf73c5ce904fce7e61e964fb7958826f156b43be,ok,
campaign-20260925T060607Z,S20260925T060607Z,cpu4,44818fcd4216,primary,campaign-20260925T060607Z/cpu4/primary2a1/in_process1,2,1,1,2,1,in_process,groth16,5,0,2026-09-25T06:33:59.426Z,0.534,15.124,288.728,7.721,8.682,312.108,312.123,1133343,41c7636150900ee72cf6323930dd506bd0fc015a94a20905cc61c856b4fe919a,1,1,1,8772061116891597512098326450504850663371859585885077427179882578819842555696,8772061116891597512098326450504850663371859585885077427179882578819842555696,15.5,197.051,sha256:50c5f26d2c05b460aa702d89700b74f817ea4adce9d64a5abacaae7a9bb671c8,9a7829fe2584259f1dd0dc45cf73c5ce904fce7e61e964fb7958826f156b43be,ok,
campaign-20260925T060607Z,S20260925T060607Z,cpu4,44818fcd4216,primary,campaign-20260925T060607Z/cpu4/primary2a1/in_process2,2,1,2,2,1,in_process,plonk,5,0,2026-09-25T06:33:59.770Z,0.637,16.723,10026.912,7.967,7.221,10052.24,10052.259,50790568,8b7d89ef154d0704a4a5fb8df978ea728f0decad61374b1d3a80a026ad357fec,1,1,1,8772061116891597512098326450504850663371859585885077427179882578819842555696,8772061116891597512098326450504850663371859585885077427179882578819842555696,12.792,468.199,sha256:50c5f26d2c05b460aa702d89700b74f817ea4adce9d64a5abacaae7a9bb671c8,9a7829fe2584259f1dd0dc45cf73c5ce904fce7e61e964fb7958826f156b43be,ok,
campaign-20260925T060607Z,S20260925T060607Z,cpu4,44818fcd4216,primary,campaign-20260925T060607Z/cpu4/primary2a1/m1,2,1,1,2,0,,groth16,8,0,2026-09-25T06:34:09.847Z,1.195,16.966,188.156,7.997,8.536,214.314,214.332,1625771,5ed3b83d5f5aad4ca7fa25c79bc0fa86d421d2202a7e7054079f14b9e1c2f4cd,1,1,1,4202603041571593097755192347734702907906852554209131907104891159135181794540,4202603041571593097755192347734702907906852554209131907104891159135181794540,13.391,445.711,sha256:50c5f26d2c05b460aa702d89700b74f817ea4adce9d64a5abacaae7a9bb671c8,9a7829fe2584259f1dd0dc45cf73c5ce904fce7e61e964fb7958826f156b43be,ok,
campaign-20260925T060607Z,S20260925T060607Z,cpu4,44818fcd4216,primary,campaign-20260925T060607Z/cpu4/primary2a1/m2,2,1,2,2,0,,plonk,8,0,2026-09-25T06:34:10.089Z,1.052,13.681,10143.488,7.714,7.202,10165.936,10165.951,51361780,42dce5eab9336cf59161d106dd2c9da704b3a453c67dc5f6a284a94331eca87c,1,1,1,4202603041571593097755192347734702907906852554209131907104891159135181794540,4202603041571593097755192347734702907906852554209131907104891159135181794540,11.911,480.195,sha256:50c5f26d2c05b460aa702d89700b74f817ea4adce9d64a5abacaae7a9bb671c8,9a7829fe2584259f1dd0dc45cf73c5ce904fce7e61e964fb7958826f156b43be,ok,
campaign-20260925T060607Z,S20260925T060607Z,cpu4,44818fcd4216,primary,campaign-20260925T060607Z/cpu4/primary2a1/m3,2,1,3,2,0,,plonk,5,0,2026-09-25T06:34:20.280Z,0.794,16.718,10109.233,7.75,7.239,10134.495,10134.516,50790568,8b7d89ef154d0704a4a5fb8df978ea728f0decad61374b1d3a80a026ad357fec,1,1,1,8772061116891597512098326450504850663371859585885077427179882578819842555696,8772061116891597512098326450504850663371859585885077427179882578819842555696,11.947,481.402,sha256:50c5f26d2c05b460aa702d89700b74f817ea4adce9d64a5abacaae7a9bb671c8,9a7829fe2584259f1dd0dc45cf73c5ce904fce7e61e964fb7958826f156b43be,ok,
campaign-20260925T060607Z,S20260925T060607Z,cpu4,44818fcd4216,primary,campaign-20260925T060607Z/cpu4/primary2a1/m4,2,1,4,2,0,,plonk,14,0,2026-09-25T06:34:30.439Z,40.808,19.383,19457.551,10.647,7.119,19528.388,19528.415,101787276,61d7365d9163bc99ded1dfbd03499b9283c2947715292debbde41b3796b6b916,1,1,1,12582151698735550891927690128793622813383487692593364506314066026947547425304,12582151698735550891927690128793622813383487692593364506314066026947547425304,12.178,469.211,sha256:50c5f26d2c05b460aa702d89700b74f817ea4adce9d64a5abacaae7a9bb671c8,9a7829fe2584259f1dd0dc45cf73c5ce904fce7e61e964fb7958826f156b43be,ok,
campaign-20260925T060607Z,S20260925T060607Z,cpu4,44818fcd4216,primary,campaign-20260925T060607Z/cpu4/primary2a1/m5,2,1,5,2,0,,groth16,5,0,2026-09-25T06:34:49.991Z,1.096,12.968,142.555,8.012,6.593,164.631,164.656,1133343,41c7636150900ee72cf6323930dd506bd0fc015a94a20905cc61c856b4fe919a,1,1,1,8772061116891597512098326450504850663371859585885077427179882578819842555696,8772061116891597512098326450504850663371859585885077427179882578819842555696,13.549,443.539,sha256:50c5f26d2c05b460aa702d89700b74f817ea4adce9d64a5abacaae7a9bb671c8,9a7829fe2584259f1dd0dc45cf73c5ce904fce7e61e964fb7958826f156b43be,ok,
campaign-20260925T060607Z,S20260925T060607Z,cpu4,44818fcd4216,primary,campaign-20260925T060607Z/cpu4/primary2a1/m6,2,1,6,2,0,,groth16,10,0,2026-09-25T06:34:50.177Z,2.644,15.371,215.918,7.138,7.351,241.071,241.086,1866675,656d9ee8dd285db6410e0a4b4317201829a1347f7cc3ef6d8de625e8f99f432a,1,1,1,5493694120516454304625833950804950714434791624469988248149691492887491269863,5493694120516454304625833950804950714434791624469988248149691492887491269863,13.353,446.469,sha256:50c5f26d2c05b460aa702d89700b74f817ea4adce9d64a5abacaae7a9bb671c8,9a7829fe2584259f1dd0dc45cf73c5ce904fce7e61e964fb7958826f156b43be,ok,
campaign-20260925T060607Z,S20260925T060607Z,cpu4,44818fcd4216,primary,campaign-20260925T060607Z/cpu4/primary2a1/m7,2,1,7,2,0,,plonk,12,0,2026-09-25T06:34:50.442Z,14.557,17.229,19642.635,8.844,7.149,19683.265,19683.288,101406468,ac66b87842b1343c8548cf4e922c1ee3249b5519daa07857ea88621896f01c1d,1,1,1,1305120659341908565283217195273270415919492373288777814091321905738895669205,1305120659341908565283217195273270415919492373288777814091321905738895669205,12.212,495.129,sha256:50c5f26d2c05b460aa702d89700b74f817ea4adce9d64a5abacaae7a9bb671c8,9a7829fe2584259f1dd0dc45cf73c5ce904fce7e61e964fb7958826f156b43be,ok,
campaign-20260925T060607Z,S20260925T060607Z,cpu4,44818fcd4216,primary,campaign-20260925T060607Z/cpu4/primary2a1/m8,2,1,8,2,0,,plonk,6,0,2026-09-25T06:35:10.151Z,0.874,15.01,10220.468,8.739,7.081,10245.092,10245.106,50980972,75b0f7800ba9bbd996a5aba5e02258e755536462dae72897fb9805a733486612,1,1,1,4563221289370828604205089111471170542583263583412968862519466540084840336910,4563221289370828604205089111471170542583263583412968862519466540084840336910,12.255,526.211,sha256:50c5f26d2c05b460aa702d89700b74f817ea4adce9d64a5abacaae7a9bb671c8,9a7829fe2584259f1dd0dc45cf73c5ce904fce7e61e964fb7958826f156b43be,ok,
campaign-20260925T060607Z,S20260925T060607Z,cpu4,44818fcd4216,primary,campaign-20260925T060607Z/cpu4/primary2a1/m9,2,1,9,2,0,,plonk,11,0,2026-09-25T06:35:20.420Z,5.673,15.646,19662.624,8.176,7.253,19692.118,19692.135,101216064,55b85a8c273635d0f8f2cdda0e7ce81b35231792d5212b770681d612dbf1c56a,1,1,1,13741875541804146615197212471377989082753334180286662970428373142262333549779,13741875541804146615197212471377989082753334180286662970428373142262333549779,12.034,507.277,sha256:50c5f26d2c05b460aa702d89700b74f817ea4adce9d64a5abacaae7a9bb671c8,9a7829fe2584259f1dd0dc45cf73c5ce904fce7e61e964fb7958826f156b43be,ok,
campaign-20260925T060607Z,S20260925T060607Z,cpu4,44818fcd4216,primary,campaign-20260925T060607Z/cpu4/primary2a1/m10,2,1,10,2,0,,groth16,9,0,2026-09-25T06:35:40.138Z,2.016,15.981,208.878,7.836,7.118,234.71,234.726,1746223,b211630d00c7c2d0e5309876a16c72ad66909d7301385d4da830c4a8d71e391e,1,1,1,20121159957847147921812141654231982941331816397431355682788233457047980505218,20121159957847147921812141654231982941331816397431355682788233457047980505218,13.287,481.129,sha256:50c5f26d2c05b460aa702d89700b74f817ea4adce9d64a5abacaae7a9bb671c8,9a7829fe2584259f1dd0dc45cf73c5ce904fce7e61e964fb7958826f156b43be,ok,
campaign-20260925T060607Z,S20260925T060607Z,cpu4,44818fcd4216,primary,campaign-20260925T060607Z/cpu4/primary2a1/m11,2,1,11,2,0,,groth16,11,0,2026-09-25T06:35:40.396Z,6.478,14.424,228.88,7.985,6.455,257.768,257.787,1987127,1241508317856e8cb42cf71f43cafeb13e26a2553d595182aefca30b78a5b754,1,1,1,13741875541804146615197212471377989082753334180286662970428373142262333549779,13741875541804146615197212471377989082753334180286662970428373142262333549779,11.681,484.289,sha256:50c5f26d2c05b460aa702d89700b74f817ea4adce9d64a5abacaae7a9bb671c8,9a7829fe2584259f1dd0dc45cf73c5ce904fce7e61e964fb7958826f156b43be,ok,
campaign-20260925T060607Z,S20260925T060607Z,cpu4,44818fcd4216,primary,campaign-20260925T060607Z/cpu4/primary2a1/m12,2,1,12,2,0,,groth16,13,0,2026-09-25T06:35:40.676Z,29.616,18.864,242.266,7.876,7.167,298.622,298.649,2228031,53cbdd1f02a65121d6c7044031c6cfa4c6ce66c0b9712dd28fe86ef4c6512c1b,1,1,1,2070900789261900884480134887764693608718732168760920549200296856627754794354,2070900789261900884480134887764693608718732168760920549200296856627754794354,11.873,486.523,sha256:50c5f26d2c05b460aa702d89700b74f817ea4adce9d64a5abacaae7a9bb671c8,9a7829fe2584259f1dd0dc45cf73c5ce904fce7e61e964fb7958826f156b43be,ok,
campaign-20260925T060607Z,S20260925T060607Z,cpu4,44818fcd4216,primary,campaign-20260925T060607Z/cpu4/primary2a1/m13,2,1,13,2,0,,groth16,15,0,2026-09-25T06:35:40.999Z,117.122,20.103,273.446,7.105,6.871,417.776,417.799,2468935,d6be53096894f276c29d0702fcead9cafd5a510db26c6b563aa91a72f3a7c974,1,1,1,16175814224772832097117886582757018531876340808696504341109560169071733404932,16175814224772832097117886582757018531876340808696504341109560169071733404932,13.363,486.621,sha256:50c5f26d2c05b460aa702d89700b74f817ea4adce9d64a5abacaae7a9bb671c8,9a7829fe2584259f1dd0dc45cf73c5ce904fce7e61e964fb7958826f156b43be,ok,
campaign-20260925T060607Z,S20260925T060607Z,cpu4,44818fcd4216,primary,campaign-20260925T060607Z/cpu4/primary2a1/m14,2,1,14,2,0,,plonk,10,0,2026-09-25T06:35:41.440Z,2.797,15.644,10102.562,8.655,7.2,10129.658,10129.676,51742588,bebeabf9a0c71095a0054d8bd4225201a55744b4b0560ef0825703d4931d0ced,1,1,1,5493694120516454304625833950804950714434791624469988248149691492887491269863,5493694120516454304625833950804950714434791624469988248149691492887491269863,12.327,523.738,sha256:50c5f26d2c05b460aa702d89700b74f817ea4adce9d64a5abacaae7a9bb671c8,9a7829fe2584259f1dd0dc45cf73c5ce904fce7e61e964fb7958826f156b43be,ok,
campaign-20260925T060607Z,S20260925T060607Z,cpu4,44818fcd4216,primary,campaign-20260925T060607Z/cpu4/primary2a1/m15,2,1,15,2,0,,groth16,6,0,2026-09-25T06:35:51.593Z,0.792,13.585,152.142,7.676,7.149,174.195,174.211,1253795,ea2368c5701f4885dc1bd9120ebd0b3419c495066983d2c215030506b1968bd4,1,1,1,4563221289370828604205089111471170542583263583412968862519466540084840336910,4563221289370828604205089111471170542583263583412968862519466540084840336910,13.496,496.602,sha256:50c5f26d2c05b460aa702d89700b74f817ea4adce9d64a5abacaae7a9bb671c8,9a7829fe2584259f1dd0dc45cf73c5ce904fce7e61e964fb7958826f156b43be,ok,
campaign-20260925T060607Z,S20260925T060607Z,cpu4,44818fcd4216,primary,campaign-20260925T060607Z/cpu4/primary2a1/m16,2,1,16,2,0,,plonk,15,0,2026-09-25T06:35:51.791Z,114.811,23.964,19515.104,7.753,7.271,19661.632,19661.659,101977680,590ecdca303cbdece71bd9566d50ed9ad6168b343d2955edb57da417b966d08b,1,1,1,16175814224772832097117886582757018531876340808696504341109560169071733404932,16175814224772832097117886582757018531876340808696504341109560169071733404932,12.31,512.797,sha256:50c5f26d2c05b460aa702d89700b74f817ea4adce9d64a5abacaae7a9bb671c8,9a7829fe2584259f1dd0dc45cf73c5ce904fce7e61e964fb7958826f156b43be,ok,
campaign-20260925T060607Z,S20260925T060607Z,cpu4,44818fcd4216,primary,campaign-20260925T060607Z/cpu4/primary2a1/m17,2,1,17,2,0,,groth16,12,0,2026-09-25T06:36:11.479Z,8.72,15.942,251.717,7.099,6.153,283.479,283.5,2107579,3fdb01845d81a3cdbbba88fcf45b948195abf01ba68c30be8a5f3e3546d4e81e,1,1,1,1305120659341908565283217195273270415919492373288777814091321905738895669205,1305120659341908565283217195273270415919492373288777814091321905738895669205,15.849,514.145,sha256:50c5f26d2c05b460aa702d89700b74f817ea4adce9d64a5abacaae7a9bb671c8,9a7829fe2584259f1dd0dc45cf73c5ce904fce7e61e964fb7958826f156b43be,ok,
campaign-20260925T060607Z,S20260925T060607Z,cpu4,44818fcd4216,primary,campaign-20260925T060607Z/cpu4/primary2a1/m18,2,1,18,2,0,,plonk,9,0,2026-09-25T06:36:11.785Z,2.132,15.273,10257.965,7.585,7.228,10282.955,10282.972,51552184,9dc1fed4ae801e210c410e345557301925ad182187f5f64aedebb0ef6a13cf67,1,1,1,20121159957847147921812141654231982941331816397431355682788233457047980505218,20121159957847147921812141654231982941331816397431355682788233457047980505218,12.332,534.176,sha256:50c5f26d2c05b460aa702d89700b74f817ea4adce9d64a5abacaae7a9bb671c8,9a7829fe2584259f1dd0dc45cf73c5ce904fce7e61e964fb7958826f156b43be,ok,
campaign-20260925T060607Z,S20260925T060607Z,cpu4,44818fcd4216,primary,campaign-20260925T060607Z/cpu4/primary2a1/m19,2,1,19,2,0,,plonk,13,0,2026-09-25T06:36:22.092Z,23.464,19.274,19605.421,9.578,7.058,19657.738,19657.772,101596872,ecc4eb82a5958bf47b7b157e77ed7abc103fb2ebeec94211db85c4d20c7c607c,1,1,1,2070900789261900884480134887764693608718732168760920549200296856627754794354,2070900789261900884480134887764693608718732168760920549200296856627754794354,12.432,591.594,sha256:50c5f26d2c05b460aa702d89700b74f817ea4adce9d64a5abacaae7a9bb671c8,9a7829fe2584259f1dd0dc45cf73c5ce904fce7e61e964fb7958826f156b43be,ok,
campaign-20260925T060607Z,S20260925T060607Z,cpu4,44818fcd4216,primary,campaign-20260925T060607Z/cpu4/primary2a1/m20,2,1,20,2,0,,plonk,7,0,2026-09-25T06:36:41.773Z,1.075,14.657,10191.728,7.573,7.235,10215.032,10215.047,51171376,e601552aba9f4692ef0f1d2d75ceade0e48da52ddad45690306a402c03eb810f,1,1,1,6834760395900399403843817083005722754930321299301222295483199499696193022453,6834760395900399403843817083005722754930321299301222295483199499696193022453,12.365,591.496,sha256:50c5f26d2c05b460aa702d89700b74f817ea4adce9d64a5abacaae7a9bb671c8,9a7829fe2584259f1dd0dc45cf73c5ce904fce7e61e964fb7958826f156b43be,ok,
campaign-20260925T060607Z,S20260925T060607Z,cpu4,44818fcd4216,primary,campaign-20260925T060607Z/cpu4/primary2a1/m21,2,1,21,2,0,,groth16,14,0,2026-09-25T06:36:52.012Z,45.318,19.28,251.668,6.186,6.736,322.451,322.476,2348483,b0be38259edaa109196790233512dc26d29f0e31a9506021bad97c60834e4df2,1,1,1,12582151698735550891927690128793622813383487692593364506314066026947547425304,12582151698735550891927690128793622813383487692593364506314066026947547425304,13.553,564.574,sha256:50c5f26d2c05b460aa702d89700b74f817ea4adce9d64a5abacaae7a9bb671c8,9a7829fe2584259f1dd0dc45cf73c5ce904fce7e61e964fb7958826f156b43be,ok,
campaign-20260925T060607Z,S20260925T060607Z,cpu4,44818fcd4216,primary,campaign-20260925T060607Z/cpu4/primary2a1/m22,2,1,22,2,0,,groth16,7,0,2026-09-25T06:36:52.358Z,0.889,14.671,173.022,7.287,6.812,195.869,195.889,1374247,c0f6d8c4ac9fa282780a2c229d7d086f87e26be62a3eefceb9f801e5076843aa,1,1,1,6834760395900399403843817083005722754930321299301222295483199499696193022453,6834760395900399403843817083005722754930321299301222295483199499696193022453,12.729,567.754,sha256:50c5f26d2c05b460aa702d89700b74f817ea4adce9d64a5abacaae7a9bb671c8,9a7829fe2584259f1dd0dc45cf73c5ce904fce7e61e964fb7958826f156b43be,ok,
campaign-20260925T060607Z,S20260925T060607Z,cpu4,845d3dc3a36c,primary,campaign-20260925T060607Z/cpu4/primary3a1/in_process1,3,1,1,3,1,in_process,groth16,5,0,2026-09-25T06:45:56.805Z,0.56,14.205,266.69,8.25,8.603,289.705,289.722,1133343,41c7636150900ee72cf6323930dd506bd0fc015a94a20905cc61c856b4fe919a,1,1,1,8772061116891597512098326450504850663371859585885077427179882578819842555696,8772061116891597512098326450504850663371859585885077427179882578819842555696,14.587,209.863,sha256:50c5f26d2c05b460aa702d89700b74f817ea4adce9d64a5abacaae7a9bb671c8,9a7829fe2584259f1dd0dc45cf73c5ce904fce7e61e964fb7958826f156b43be,ok,
campaign-20260925T060607Z,S20260925T060607Z,cpu4,845d3dc3a36c,primary,campaign-20260925T060607Z/cpu4/primary3a1/in_process2,3,1,2,3,1,in_process,plonk,5,0,2026-09-25T06:45:57.123Z,0.619,14.444,10272.275,7.886,7.297,10295.225,10295.248,50790568,8b7d89ef154d0704a4a5fb8df978ea728f0decad61374b1d3a80a026ad357fec,1,1,1,8772061116891597512098326450504850663371859585885077427179882578819842555696,8772061116891597512098326450504850663371859585885077427179882578819842555696,13.795,468.375,sha256:50c5f26d2c05b460aa702d89700b74f817ea4adce9d64a5abacaae7a9bb671c8,9a7829fe2584259f1dd0dc45cf73c5ce904fce7e61e964fb7958826f156b43be,ok,
campaign-20260925T060607Z,S20260925T060607Z,cpu4,845d3dc3a36c,primary,campaign-20260925T060607Z/cpu4/primary3a1/m1,3,1,1,3,0,,groth16,15,0,2026-09-25T06:46:07.443Z,101.977,26.611,262.49,7.15,11.458,398.228,398.259,2468935,d6be53096894f276c29d0702fcead9cafd5a510db26c6b563aa91a72f3a7c974,1,1,1,16175814224772832097117886582757018531876340808696504341109560169071733404932,16175814224772832097117886582757018531876340808696504341109560169071733404932,16.188,334.277,sha256:50c5f26d2c05b460aa702d89700b74f817ea4adce9d64a5abacaae7a9bb671c8,9a7829fe2584259f1dd0dc45cf73c5ce904fce7e61e964fb7958826f156b43be,ok,
campaign-20260925T060607Z,S20260925T060607Z,cpu4,845d3dc3a36c,primary,campaign-20260925T060607Z/cpu4/primary3a1/m2,3,1,2,3,0,,groth16,14,0,2026-09-25T06:46:07.876Z,51.376,23.338,257.209,8.082,7.367,340.005,340.03,2348483,b0be38259edaa109196790233512dc26d29f0e31a9506021bad97c60834e4df2,1,1,1,12582151698735550891927690128793622813383487692593364506314066026947547425304,12582151698735550891927690128793622813383487692593364506314066026947547425304,14.406,319.668,sha256:50c5f26d2c05b460aa702d89700b74f817ea4adce9d64a5abacaae7a9bb671c8,9a7829fe2584259f1dd0dc45cf73c5ce904fce7e61e964fb7958826f156b43be,ok,
campaign-20260925T060607Z,S20260925T060607Z,cpu4,845d3dc3a36c,primary,campaign-20260925T060607Z/cpu4/primary3a1/m3,3,1,3,3,0,,groth16,10,0,2026-09-25T06:46:08.240Z,2.671,15.093,223.442,7.775,7.016,248.981,249.001,1866675,656d9ee8dd285db6410e0a4b4317201829a1347f7cc3ef6d8de625e8f99f432a,1,1,1,5493694120516454304625833950804950714434791624469988248149691492887491269863,5493694120516454304625833950804950714434791624469988248149691492887491269863,14.602,325.203,sha256:50c5f26d2c05b460aa702d89700b74f817ea4adce9d64a5abacaae7a9bb671c8,9a7829fe2584259f1dd0dc45cf73c5ce904fce7e61e964fb7958826f156b43be,ok,
campaign-20260925T060607Z,S20260925T060607Z,cpu4,845d3dc3a36c,primary,campaign-20260925T060607Z/cpu4/primary3a1/m4,3,1,4,3,0,,groth16,8,0,2026-09-25T06:46:08.513Z,1.18,13.695,200.678,7.788,7.353,223.342,223.357,1625771,5ed3b83d5f5aad4ca7fa25c79bc0fa86d421d2202a7e7054079f14b9e1c2f4cd,1,1,1,4202603041571593097755192347734702907906852554209131907104891159135181794540,4202603041571593097755192347734702907906852554209131907104891159135181794540,14.612,325.535,sha256:50c5f26d2c05b460aa702d89700b74f817ea4adce9d64a5abacaae7a9bb671c8,9a7829fe2584259f1dd0dc45cf73c5ce904fce7e61e964fb7958826f156b43be,ok,
campaign-20260925T060607Z,S20260925T060607Z,cpu4,845d3dc3a36c,primary,campaign-20260925T060607Z/cpu4/primary3a1/m5,3,1,5,3,0,,plonk,9,0,2026-09-25T06:46:08.761Z,1.725,16.295,10219.908,7.575,7.323,10245.503,10245.517,51552184,9dc1fed4ae801e210c410e345557301925ad182187f5f64aedebb0ef6a13cf67,1,1,1,20121159957847147921812141654231982941331816397431355682788233457047980505218,20121159957847147921812141654231982941331816397431355682788233457047980505218,13.451,475.414,sha256:50c5f26d2c05b460aa702d89700b74f817ea4adce9d64a5abacaae7a9bb671c8,9a7829fe2584259f1dd0dc45cf73c5ce904fce7e61e964fb7958826f156b43be,ok,
campaign-20260925T060607Z,S20260925T060607Z,cpu4,845d3dc3a36c,primary,campaign-20260925T060607Z/cpu4/primary3a1/m6,3,1,6,3,0,,plonk,13,0,2026-09-25T06:46:19.031Z,22.496,21.583,19999.855,7.969,7.344,20051.904,20051.93,101596872,ecc4eb82a5958bf47b7b157e77ed7abc103fb2ebeec94211db85c4d20c7c607c,1,1,1,2070900789261900884480134887764693608718732168760920549200296856627754794354,2070900789261900884480134887764693608718732168760920549200296856627754794354,13.287,452.926,sha256:50c5f26d2c05b460aa702d89700b74f817ea4adce9d64a5abacaae7a9bb671c8,9a7829fe2584259f1dd0dc45cf73c5ce904fce7e61e964fb7958826f156b43be,ok,
campaign-20260925T060607Z,S20260925T060607Z,cpu4,845d3dc3a36c,primary,campaign-20260925T060607Z/cpu4/primary3a1/m7,3,1,7,3,0,,plonk,12,0,2026-09-25T06:46:39.110Z,11.049,18.142,19680.475,9.315,7.382,19718.98,19719.005,101406468,ac66b87842b1343c8548cf4e922c1ee3249b5519daa07857ea88621896f01c1d,1,1,1,1305120659341908565283217195273270415919492373288777814091321905738895669205,1305120659341908565283217195273270415919492373288777814091321905738895669205,13.167,588.008,sha256:50c5f26d2c05b460aa702d89700b74f817ea4adce9d64a5abacaae7a9bb671c8,9a7829fe2584259f1dd0dc45cf73c5ce904fce7e61e964fb7958826f156b43be,ok,
campaign-20260925T060607Z,S20260925T060607Z,cpu4,845d3dc3a36c,primary,campaign-20260925T060607Z/cpu4/primary3a1/m8,3,1,8,3,0,,groth16,13,0,2026-09-25T06:46:58.855Z,25.65,21.069,256.981,7.563,5.971,311.263,311.292,2228031,53cbdd1f02a65121d6c7044031c6cfa4c6ce66c0b9712dd28fe86ef4c6512c1b,1,1,1,2070900789261900884480134887764693608718732168760920549200296856627754794354,2070900789261900884480134887764693608718732168760920549200296856627754794354,16.954,463.266,sha256:50c5f26d2c05b460aa702d89700b74f817ea4adce9d64a5abacaae7a9bb671c8,9a7829fe2584259f1dd0dc45cf73c5ce904fce7e61e964fb7958826f156b43be,ok,
campaign-20260925T060607Z,S20260925T060607Z,cpu4,845d3dc3a36c,primary,campaign-20260925T060607Z/cpu4/primary3a1/m9,3,1,9,3,0,,groth16,7,0,2026-09-25T06:46:59.187Z,1.174,14.984,168.793,7.823,7.148,192.774,192.791,1374247,c0f6d8c4ac9fa282780a2c229d7d086f87e26be62a3eefceb9f801e5076843aa,1,1,1,6834760395900399403843817083005722754930321299301222295483199499696193022453,6834760395900399403843817083005722754930321299301222295483199499696193022453,12.678,437.824,sha256:50c5f26d2c05b460aa702d89700b74f817ea4adce9d64a5abacaae7a9bb671c8,9a7829fe2584259f1dd0dc45cf73c5ce904fce7e61e964fb7958826f156b43be,ok,
campaign-20260925T060607Z,S20260925T060607Z,cpu4,845d3dc3a36c,primary,campaign-20260925T060607Z/cpu4/primary3a1/m10,3,1,10,3,0,,plonk,5,0,2026-09-25T06:46:59.403Z,0.651,13.779,10463.289,7.511,7.264,10485.23,10485.25,50790568,8b7d89ef154d0704a4a5fb8df978ea728f0decad61374b1d3a80a026ad357fec,1,1,1,8772061116891597512098326450504850663371859585885077427179882578819842555696,8772061116891597512098326450504850663371859585885077427179882578819842555696,13.383,476.805,sha256:50c5f26d2c05b460aa702d89700b74f817ea4adce9d64a5abacaae7a9bb671c8,9a7829fe2584259f1dd0dc45cf73c5ce904fce7e61e964fb7958826f156b43be,ok,
campaign-20260925T060607Z,S20260925T060607Z,cpu4,845d3dc3a36c,primary,campaign-20260925T060607Z/cpu4/primary3a1/m11,3,1,11,3,0,,plonk,6,0,2026-09-25T06:47:09.913Z,0.882,15.232,10290.249,8.648,7.269,10315.012,10315.027,50980972,75b0f7800ba9bbd996a5aba5e02258e755536462dae72897fb9805a733486612,1,1,1,4563221289370828604205089111471170542583263583412968862519466540084840336910,4563221289370828604205089111471170542583263583412968862519466540084840336910,13.23,476.488,sha256:50c5f26d2c05b460aa702d89700b74f817ea4adce9d64a5abacaae7a9bb671c8,9a7829fe2584259f1dd0dc45cf73c5ce904fce7e61e964fb7958826f156b43be,ok,
campaign-20260925T060607Z,S20260925T060607Z,cpu4,845d3dc3a36c,primary,campaign-20260925T060607Z/cpu4/primary3a1/m12,3,1,12,3,0,,groth16,5,0,2026-09-25T06:47:20.254Z,0.786,15.773,142.351,7.835,5.937,166.745,166.763,1133343,41c7636150900ee72cf6323930dd506bd0fc015a94a20905cc61c856b4fe919a,1,1,1,8772061116891597512098326450504850663371859585885077427179882578819842555696,8772061116891597512098326450504850663371859585885077427179882578819842555696,14.587,450.363,sha256:50c5f26d2c05b460aa702d89700b74f817ea4adce9d64a5abacaae7a9bb671c8,9a7829fe2584259f1dd0dc45cf73c5ce904fce7e61e964fb7958826f156b43be,ok,
campaign-20260925T060607Z,S20260925T060607Z,cpu4,845d3dc3a36c,primary,campaign-20260925T060607Z/cpu4/primary3a1/m13,3,1,13,3,0,,plonk,7,0,2026-09-25T06:47:20.444Z,0.86,13.635,10938.72,7.823,7.238,10961.038,10961.052,51171376,e601552aba9f4692ef0f1d2d75ceade0e48da52ddad45690306a402c03eb810f,1,1,1,6834760395900399403843817083005722754930321299301222295483199499696193022453,6834760395900399403843817083005722754930321299301222295483199499696193022453,13.406,457.316,sha256:50c5f26d2c05b460aa702d89700b74f817ea4adce9d64a5abacaae7a9bb671c8,9a7829fe2584259f1dd0dc45cf73c5ce904fce7e61e964fb7958826f156b43be,ok,
campaign-20260925T060607Z,S20260925T060607Z,cpu4,845d3dc3a36c,primary,campaign-20260925T060607Z/cpu4/primary3a1/m14,3,1,14,3,0,,groth16,6,0,2026-09-25T06:47:31.430Z,0.903,14.292,158.127,6.436,7.321,179.759,179.777,1253795,ea2368c5701f4885dc1bd9120ebd0b3419c495066983d2c215030506b1968bd4,1,1,1,4563221289370828604205089111471170542583263583412968862519466540084840336910,4563221289370828604205089111471170542583263583412968862519466540084840336910,14.654,431.008,sha256:50c5f26d2c05b460aa702d89700b74f817ea4adce9d64a5abacaae7a9bb671c8,9a7829fe2584259f1dd0dc45cf73c5ce904fce7e61e964fb7958826f156b43be,ok,
campaign-20260925T060607Z,S20260925T060607Z,cpu4,845d3dc3a36c,primary,campaign-20260925T060607Z/cpu4/primary3a1/m15,3,1,15,3,0,,groth16,11,0,2026-09-25T06:47:31.633Z,7.161,15.328,233.041,8.21,7.349,263.741,263.76,1987127,1241508317856e8cb42cf71f43cafeb13e26a2553d595182aefca30b78a5b754,1,1,1,13741875541804146615197212471377989082753334180286662970428373142262333549779,13741875541804146615197212471377989082753334180286662970428373142262333549779,14.815,430.887,sha256:50c5f26d2c05b460aa702d89700b74f817ea4adce9d64a5abacaae7a9bb671c8,9a7829fe2584259f1dd0dc45cf73c5ce904fce7e61e964fb7958826f156b43be,ok,
campaign-20260925T060607Z,S20260925T060607Z,cpu4,845d3dc3a36c,primary,campaign-20260925T060607Z/cpu4/primary3a1/m16,3,1,16,3,0,,plonk,10,0,2026-09-25T06:47:31.920Z,3.536,16.739,10336.385,9.24,7.107,10365.9,10365.917,51742588,bebeabf9a0c71095a0054d8bd4225201a55744b4b0560ef0825703d4931d0ced,1,1,1,5493694120516454304625833950804950714434791624469988248149691492887491269863,5493694120516454304625833950804950714434791624469988248149691492887491269863,13.582,453.887,sha256:50c5f26d2c05b460aa702d89700b74f817ea4adce9d64a5abacaae7a9bb671c8,9a7829fe2584259f1dd0dc45cf73c5ce904fce7e61e964fb7958826f156b43be,ok,
campaign-20260925T060607Z,S20260925T060607Z,cpu4,845d3dc3a36c,primary,campaign-20260925T060607Z/cpu4/primary3a1/m17,3,1,17,3,0,,plonk,14,0,2026-09-25T06:47:42.310Z,45.064,16.874,20041.854,7.815,7.325,20111.608,20111.633,101787276,61d7365d9163bc99ded1dfbd03499b9283c2947715292debbde41b3796b6b916,1,1,1,12582151698735550891927690128793622813383487692593364506314066026947547425304,12582151698735550891927690128793622813383487692593364506314066026947547425304,13.48,521.199,sha256:50c5f26d2c05b460aa702d89700b74f817ea4adce9d64a5abacaae7a9bb671c8,9a7829fe2584259f1dd0dc45cf73c5ce904fce7e61e964fb7958826f156b43be,ok,
campaign-20260925T060607Z,S20260925T060607Z,cpu4,845d3dc3a36c,primary,campaign-20260925T060607Z/cpu4/primary3a1/m18,3,1,18,3,0,,plonk,8,0,2026-09-25T06:48:02.447Z,1.199,15.843,10272.501,8.11,7.183,10297.653,10297.674,51361780,42dce5eab9336cf59161d106dd2c9da704b3a453c67dc5f6a284a94331eca87c,1,1,1,4202603041571593097755192347734702907906852554209131907104891159135181794540,4202603041571593097755192347734702907906852554209131907104891159135181794540,13.528,465.082,sha256:50c5f26d2c05b460aa702d89700b74f817ea4adce9d64a5abacaae7a9bb671c8,9a7829fe2584259f1dd0dc45cf73c5ce904fce7e61e964fb7958826f156b43be,ok,
campaign-20260925T060607Z,S20260925T060607Z,cpu4,845d3dc3a36c,primary,campaign-20260925T060607Z/cpu4/primary3a1/m19,3,1,19,3,0,,groth16,12,0,2026-09-25T06:48:12.771Z,8.953,17.734,242.922,7.196,5.899,276.804,276.825,2107579,3fdb01845d81a3cdbbba88fcf45b948195abf01ba68c30be8a5f3e3546d4e81e,1,1,1,1305120659341908565283217195273270415919492373288777814091321905738895669205,1305120659341908565283217195273270415919492373288777814091321905738895669205,16.828,466.559,sha256:50c5f26d2c05b460aa702d89700b74f817ea4adce9d64a5abacaae7a9bb671c8,9a7829fe2584259f1dd0dc45cf73c5ce904fce7e61e964fb7958826f156b43be,ok,
campaign-20260925T060607Z,S20260925T060607Z,cpu4,845d3dc3a36c,primary,campaign-20260925T060607Z/cpu4/primary3a1/m20,3,1,20,3,0,,groth16,9,0,2026-09-25T06:48:13.068Z,2.274,15.565,206.655,7.772,7.033,232.266,232.28,1746223,b211630d00c7c2d0e5309876a16c72ad66909d7301385d4da830c4a8d71e391e,1,1,1,20121159957847147921812141654231982941331816397431355682788233457047980505218,20121159957847147921812141654231982941331816397431355682788233457047980505218,13.12,438.641,sha256:50c5f26d2c05b460aa702d89700b74f817ea4adce9d64a5abacaae7a9bb671c8,9a7829fe2584259f1dd0dc45cf73c5ce904fce7e61e964fb7958826f156b43be,ok,
campaign-20260925T060607Z,S20260925T060607Z,cpu4,845d3dc3a36c,primary,campaign-20260925T060607Z/cpu4/primary3a1/m21,3,1,21,3,0,,plonk,11,0,2026-09-25T06:48:13.324Z,6.15,15.299,19924.481,7.752,7.256,19953.681,19953.701,101216064,55b85a8c273635d0f8f2cdda0e7ce81b35231792d5212b770681d612dbf1c56a,1,1,1,13741875541804146615197212471377989082753334180286662970428373142262333549779,13741875541804146615197212471377989082753334180286662970428373142262333549779,13.535,595.152,sha256:50c5f26d2c05b460aa702d89700b74f817ea4adce9d64a5abacaae7a9bb671c8,9a7829fe2584259f1dd0dc45cf73c5ce904fce7e61e964fb7958826f156b43be,ok,
campaign-20260925T060607Z,S20260925T060607Z,cpu4,845d3dc3a36c,primary,campaign-20260925T060607Z/cpu4/primary3a1/m22,3,1,22,3,0,,plonk,15,0,2026-09-25T06:48:33.303Z,100.347,28.286,19879.637,7.689,7.081,20015.958,20015.982,101977680,590ecdca303cbdece71bd9566d50ed9ad6168b343d2955edb57da417b966d08b,1,1,1,16175814224772832097117886582757018531876340808696504341109560169071733404932,16175814224772832097117886582757018531876340808696504341109560169071733404932,13.441,593.684,sha256:50c5f26d2c05b460aa702d89700b74f817ea4adce9d64a5abacaae7a9bb671c8,9a7829fe2584259f1dd0dc45cf73c5ce904fce7e61e964fb7958826f156b43be,ok,
campaign-20260925T060607Z,S20260925T060607Z,cpu4,a9a1203d4287,primary,campaign-20260925T060607Z/cpu4/primary4a1/in_process1,4,1,1,4,1,in_process,groth16,5,0,2026-09-25T06:52:22.528Z,0.549,15.73,284.874,6.435,7.878,307.588,307.604,1133343,41c7636150900ee72cf6323930dd506bd0fc015a94a20905cc61c856b4fe919a,1,1,1,8772061116891597512098326450504850663371859585885077427179882578819842555696,8772061116891597512098326450504850663371859585885077427179882578819842555696,13.701,202.793,sha256:50c5f26d2c05b460aa702d89700b74f817ea4adce9d64a5abacaae7a9bb671c8,9a7829fe2584259f1dd0dc45cf73c5ce904fce7e61e964fb7958826f156b43be,ok,
campaign-20260925T060607Z,S20260925T060607Z,cpu4,a9a1203d4287,primary,campaign-20260925T060607Z/cpu4/primary4a1/in_process2,4,1,2,4,1,in_process,plonk,5,0,2026-09-25T06:52:22.864Z,0.62,13.063,10140.623,7.913,7.239,10162.219,10162.242,50790568,8b7d89ef154d0704a4a5fb8df978ea728f0decad61374b1d3a80a026ad357fec,1,1,1,8772061116891597512098326450504850663371859585885077427179882578819842555696,8772061116891597512098326450504850663371859585885077427179882578819842555696,14.298,475.367,sha256:50c5f26d2c05b460aa702d89700b74f817ea4adce9d64a5abacaae7a9bb671c8,9a7829fe2584259f1dd0dc45cf73c5ce904fce7e61e964fb7958826f156b43be,ok,
campaign-20260925T060607Z,S20260925T060607Z,cpu4,a9a1203d4287,primary,campaign-20260925T060607Z/cpu4/primary4a1/m1,4,1,1,4,0,,plonk,13,0,2026-09-25T06:52:33.051Z,24.042,18.526,19521.15,7.774,7.265,19571.492,19571.525,101596872,ecc4eb82a5958bf47b7b157e77ed7abc103fb2ebeec94211db85c4d20c7c607c,1,1,1,2070900789261900884480134887764693608718732168760920549200296856627754794354,2070900789261900884480134887764693608718732168760920549200296856627754794354,13.694,446.867,sha256:50c5f26d2c05b460aa702d89700b74f817ea4adce9d64a5abacaae7a9bb671c8,9a7829fe2584259f1dd0dc45cf73c5ce904fce7e61e964fb7958826f156b43be,ok,
campaign-20260925T060607Z,S20260925T060607Z,cpu4,a9a1203d4287,primary,campaign-20260925T060607Z/cpu4/primary4a1/m2,4,1,2,4,0,,groth16,5,0,2026-09-25T06:52:52.652Z,0.826,14.835,143.702,7.586,7.2,166.949,166.968,1133343,41c7636150900ee72cf6323930dd506bd0fc015a94a20905cc61c856b4fe919a,1,1,1,8772061116891597512098326450504850663371859585885077427179882578819842555696,8772061116891597512098326450504850663371859585885077427179882578819842555696,15.348,419.02,sha256:50c5f26d2c05b460aa702d89700b74f817ea4adce9d64a5abacaae7a9bb671c8,9a7829fe2584259f1dd0dc45cf73c5ce904fce7e61e964fb7958826f156b43be,ok,
campaign-20260925T060607Z,S20260925T060607Z,cpu4,a9a1203d4287,primary,campaign-20260925T060607Z/cpu4/primary4a1/m3,4,1,3,4,0,,groth16,15,0,2026-09-25T06:52:52.843Z,115.365,23.803,264.833,6.338,7.313,410.338,410.365,2468935,d6be53096894f276c29d0702fcead9cafd5a510db26c6b563aa91a72f3a7c974,1,1,1,16175814224772832097117886582757018531876340808696504341109560169071733404932,16175814224772832097117886582757018531876340808696504341109560169071733404932,13.423,425.383,sha256:50c5f26d2c05b460aa702d89700b74f817ea4adce9d64a5abacaae7a9bb671c8,9a7829fe2584259f1dd0dc45cf73c5ce904fce7e61e964fb7958826f156b43be,ok,
campaign-20260925T060607Z,S20260925T060607Z,cpu4,a9a1203d4287,primary,campaign-20260925T060607Z/cpu4/primary4a1/m4,4,1,4,4,0,,groth16,7,0,2026-09-25T06:52:53.277Z,0.782,16.031,167.951,7.267,7.178,192.032,192.045,1374247,c0f6d8c4ac9fa282780a2c229d7d086f87e26be62a3eefceb9f801e5076843aa,1,1,1,6834760395900399403843817083005722754930321299301222295483199499696193022453,6834760395900399403843817083005722754930321299301222295483199499696193022453,15.276,428.664,sha256:50c5f26d2c05b460aa702d89700b74f817ea4adce9d64a5abacaae7a9bb671c8,9a7829fe2584259f1dd0dc45cf73c5ce904fce7e61e964fb7958826f156b43be,ok,
campaign-20260925T060607Z,S20260925T060607Z,cpu4,a9a1203d4287,primary,campaign-20260925T060607Z/cpu4/primary4a1/m5,4,1,5,4,0,,plonk,9,0,2026-09-25T06:52:53.494Z,1.799,16.879,10200.581,9.15,7.268,10228.409,10228.429,51552184,9dc1fed4ae801e210c410e345557301925ad182187f5f64aedebb0ef6a13cf67,1,1,1,20121159957847147921812141654231982941331816397431355682788233457047980505218,20121159957847147921812141654231982941331816397431355682788233457047980505218,14.103,528.871,sha256:50c5f26d2c05b460aa702d89700b74f817ea4adce9d64a5abacaae7a9bb671c8,9a7829fe2584259f1dd0dc45cf73c5ce904fce7e61e964fb7958826f156b43be,ok,
campaign-20260925T060607Z,S20260925T060607Z,cpu4,a9a1203d4287,primary,campaign-20260925T060607Z/cpu4/primary4a1/m6,4,1,6,4,0,,plonk,5,0,2026-09-25T06:53:03.747Z,0.843,14.591,10206.052,7.792,7.276,10229.278,10229.299,50790568,8b7d89ef154d0704a4a5fb8df978ea728f0decad61374b1d3a80a026ad357fec,1,1,1,8772061116891597512098326450504850663371859585885077427179882578819842555696,8772061116891597512098326450504850663371859585885077427179882578819842555696,13.867,450.59,sha256:50c5f26d2c05b460aa702d89700b74f817ea4adce9d64a5abacaae7a9bb671c8,9a7829fe2584259f1dd0dc45cf73c5ce904fce7e61e964fb7958826f156b43be,ok,
campaign-20260925T060607Z,S20260925T060607Z,cpu4,a9a1203d4287,primary,campaign-20260925T060607Z/cpu4/primary4a1/m7,4,1,7,4,0,,plonk,15,0,2026-09-25T06:53:14.002Z,100.757,25.058,19734.895,8.319,7.347,19869.029,19869.055,101977680,590ecdca303cbdece71bd9566d50ed9ad6168b343d2955edb57da417b966d08b,1,1,1,16175814224772832097117886582757018531876340808696504341109560169071733404932,16175814224772832097117886582757018531876340808696504341109560169071733404932,14.099,655.254,sha256:50c5f26d2c05b460aa702d89700b74f817ea4adce9d64a5abacaae7a9bb671c8,9a7829fe2584259f1dd0dc45cf73c5ce904fce7e61e964fb7958826f156b43be,ok,
campaign-20260925T060607Z,S20260925T060607Z,cpu4,a9a1203d4287,primary,campaign-20260925T060607Z/cpu4/primary4a1/m8,4,1,8,4,0,,plonk,7,0,2026-09-25T06:53:33.896Z,6.186,15.053,10298.39,8.968,7.3,10328.596,10328.614,51171376,e601552aba9f4692ef0f1d2d75ceade0e48da52ddad45690306a402c03eb810f,1,1,1,6834760395900399403843817083005722754930321299301222295483199499696193022453,6834760395900399403843817083005722754930321299301222295483199499696193022453,13.892,471.781,sha256:50c5f26d2c05b460aa702d89700b74f817ea4adce9d64a5abacaae7a9bb671c8,9a7829fe2584259f1dd0dc45cf73c5ce904fce7e61e964fb7958826f156b43be,ok,
campaign-20260925T060607Z,S20260925T060607Z,cpu4,a9a1203d4287,primary,campaign-20260925T060607Z/cpu4/primary4a1/m9,4,1,9,4,0,,plonk,8,0,2026-09-25T06:53:44.250Z,1.148,15.013,10166.785,8.959,7.288,10191.905,10191.921,51361780,42dce5eab9336cf59161d106dd2c9da704b3a453c67dc5f6a284a94331eca87c,1,1,1,4202603041571593097755192347734702907906852554209131907104891159135181794540,4202603041571593097755192347734702907906852554209131907104891159135181794540,14.215,470.723,sha256:50c5f26d2c05b460aa702d89700b74f817ea4adce9d64a5abacaae7a9bb671c8,9a7829fe2584259f1dd0dc45cf73c5ce904fce7e61e964fb7958826f156b43be,ok,
campaign-20260925T060607Z,S20260925T060607Z,cpu4,a9a1203d4287,primary,campaign-20260925T060607Z/cpu4/primary4a1/m10,4,1,10,4,0,,groth16,13,0,2026-09-25T06:53:54.468Z,22.88,20.945,247.282,7.843,7.204,298.95,298.973,2228031,53cbdd1f02a65121d6c7044031c6cfa4c6ce66c0b9712dd28fe86ef4c6512c1b,1,1,1,2070900789261900884480134887764693608718732168760920549200296856627754794354,2070900789261900884480134887764693608718732168760920549200296856627754794354,13.439,444.219,sha256:50c5f26d2c05b460aa702d89700b74f817ea4adce9d64a5abacaae7a9bb671c8,9a7829fe2584259f1dd0dc45cf73c5ce904fce7e61e964fb7958826f156b43be,ok,
campaign-20260925T060607Z,S20260925T060607Z,cpu4,a9a1203d4287,primary,campaign-20260925T060607Z/cpu4/primary4a1/m11,4,1,11,4,0,,groth16,9,0,2026-09-25T06:53:54.791Z,2.013,14.434,204.047,7.925,7.062,228.419,228.434,1746223,b211630d00c7c2d0e5309876a16c72ad66909d7301385d4da830c4a8d71e391e,1,1,1,20121159957847147921812141654231982941331816397431355682788233457047980505218,20121159957847147921812141654231982941331816397431355682788233457047980505218,14.219,442.352,sha256:50c5f26d2c05b460aa702d89700b74f817ea4adce9d64a5abacaae7a9bb671c8,9a7829fe2584259f1dd0dc45cf73c5ce904fce7e61e964fb7958826f156b43be,ok,
campaign-20260925T060607Z,S20260925T060607Z,cpu4,a9a1203d4287,primary,campaign-20260925T060607Z/cpu4/primary4a1/m12,4,1,12,4,0,,plonk,12,0,2026-09-25T06:53:55.042Z,17.227,18.752,19613.676,12.434,7.231,19662.089,19662.112,101406468,ac66b87842b1343c8548cf4e922c1ee3249b5519daa07857ea88621896f01c1d,1,1,1,1305120659341908565283217195273270415919492373288777814091321905738895669205,1305120659341908565283217195273270415919492373288777814091321905738895669205,14.082,456.105,sha256:50c5f26d2c05b460aa702d89700b74f817ea4adce9d64a5abacaae7a9bb671c8,9a7829fe2584259f1dd0dc45cf73c5ce904fce7e61e964fb7958826f156b43be,ok,
campaign-20260925T060607Z,S20260925T060607Z,cpu4,a9a1203d4287,primary,campaign-20260925T060607Z/cpu4/primary4a1/m13,4,1,13,4,0,,plonk,6,0,2026-09-25T06:54:14.729Z,0.897,14.098,10136.729,9.649,7.319,10161.373,10161.398,50980972,75b0f7800ba9bbd996a5aba5e02258e755536462dae72897fb9805a733486612,1,1,1,4563221289370828604205089111471170542583263583412968862519466540084840336910,4563221289370828604205089111471170542583263583412968862519466540084840336910,13.973,484.328,sha256:50c5f26d2c05b460aa702d89700b74f817ea4adce9d64a5abacaae7a9bb671c8,9a7829fe2584259f1dd0dc45cf73c5ce904fce7e61e964fb7958826f156b43be,ok,
campaign-20260925T060607Z,S20260925T060607Z,cpu4,a9a1203d4287,primary,campaign-20260925T060607Z/cpu4/primary4a1/m14,4,1,14,4,0,,groth16,8,0,2026-09-25T06:54:24.916Z,1.415,16.903,195.949,6.505,6.922,220.773,220.79,1625771,5ed3b83d5f5aad4ca7fa25c79bc0fa86d421d2202a7e7054079f14b9e1c2f4cd,1,1,1,4202603041571593097755192347734702907906852554209131907104891159135181794540,4202603041571593097755192347734702907906852554209131907104891159135181794540,15.132,458.059,sha256:50c5f26d2c05b460aa702d89700b74f817ea4adce9d64a5abacaae7a9bb671c8,9a7829fe2584259f1dd0dc45cf73c5ce904fce7e61e964fb7958826f156b43be,ok,
campaign-20260925T060607Z,S20260925T060607Z,cpu4,a9a1203d4287,primary,campaign-20260925T060607Z/cpu4/primary4a1/m15,4,1,15,4,0,,groth16,6,0,2026-09-25T06:54:25.160Z,0.71,14.839,162.277,6.22,6.559,184.047,184.063,1253795,ea2368c5701f4885dc1bd9120ebd0b3419c495066983d2c215030506b1968bd4,1,1,1,4563221289370828604205089111471170542583263583412968862519466540084840336910,4563221289370828604205089111471170542583263583412968862519466540084840336910,14.275,457.055,sha256:50c5f26d2c05b460aa702d89700b74f817ea4adce9d64a5abacaae7a9bb671c8,9a7829fe2584259f1dd0dc45cf73c5ce904fce7e61e964fb7958826f156b43be,ok,
campaign-20260925T060607Z,S20260925T060607Z,cpu4,a9a1203d4287,primary,campaign-20260925T060607Z/cpu4/primary4a1/m16,4,1,16,4,0,,groth16,11,0,2026-09-25T06:54:25.366Z,7.356,15.747,232.063,6.407,7.089,261.572,261.593,1987127,1241508317856e8cb42cf71f43cafeb13e26a2553d595182aefca30b78a5b754,1,1,1,13741875541804146615197212471377989082753334180286662970428373142262333549779,13741875541804146615197212471377989082753334180286662970428373142262333549779,15.504,465.398,sha256:50c5f26d2c05b460aa702d89700b74f817ea4adce9d64a5abacaae7a9bb671c8,9a7829fe2584259f1dd0dc45cf73c5ce904fce7e61e964fb7958826f156b43be,ok,
campaign-20260925T060607Z,S20260925T060607Z,cpu4,a9a1203d4287,primary,campaign-20260925T060607Z/cpu4/primary4a1/m17,4,1,17,4,0,,groth16,14,0,2026-09-25T06:54:25.651Z,54.575,18.918,261.114,7.591,6.996,342.198,342.223,2348483,b0be38259edaa109196790233512dc26d29f0e31a9506021bad97c60834e4df2,1,1,1,12582151698735550891927690128793622813383487692593364506314066026947547425304,12582151698735550891927690128793622813383487692593364506314066026947547425304,15.21,462.602,sha256:50c5f26d2c05b460aa702d89700b74f817ea4adce9d64a5abacaae7a9bb671c8,9a7829fe2584259f1dd0dc45cf73c5ce904fce7e61e964fb7958826f156b43be,ok,
campaign-20260925T060607Z,S20260925T060607Z,cpu4,a9a1203d4287,primary,campaign-20260925T060607Z/cpu4/primary4a1/m18,4,1,18,4,0,,plonk,11,0,2026-09-25T06:54:26.017Z,5.76,16.738,19747.795,13.321,7.232,19783.613,19783.635,101216064,55b85a8c273635d0f8f2cdda0e7ce81b35231792d5212b770681d612dbf1c56a,1,1,1,13741875541804146615197212471377989082753334180286662970428373142262333549779,13741875541804146615197212471377989082753334180286662970428373142262333549779,14.204,484.012,sha256:50c5f26d2c05b460aa702d89700b74f817ea4adce9d64a5abacaae7a9bb671c8,9a7829fe2584259f1dd0dc45cf73c5ce904fce7e61e964fb7958826f156b43be,ok,
campaign-20260925T060607Z,S20260925T060607Z,cpu4,a9a1203d4287,primary,campaign-20260925T060607Z/cpu4/primary4a1/m19,4,1,19,4,0,,plonk,14,0,2026-09-25T06:54:45.826Z,43.021,18.753,19609.663,7.764,7.225,19679.2,19679.226,101787276,61d7365d9163bc99ded1dfbd03499b9283c2947715292debbde41b3796b6b916,1,1,1,12582151698735550891927690128793622813383487692593364506314066026947547425304,12582151698735550891927690128793622813383487692593364506314066026947547425304,14.065,546.934,sha256:50c5f26d2c05b460aa702d89700b74f817ea4adce9d64a5abacaae7a9bb671c8,9a7829fe2584259f1dd0dc45cf73c5ce904fce7e61e964fb7958826f156b43be,ok,
campaign-20260925T060607Z,S20260925T060607Z,cpu4,a9a1203d4287,primary,campaign-20260925T060607Z/cpu4/primary4a1/m20,4,1,20,4,0,,plonk,10,0,2026-09-25T06:55:05.530Z,2.875,15.24,10212.19,7.588,7.228,10237.892,10237.909,51742588,bebeabf9a0c71095a0054d8bd4225201a55744b4b0560ef0825703d4931d0ced,1,1,1,5493694120516454304625833950804950714434791624469988248149691492887491269863,5493694120516454304625833950804950714434791624469988248149691492887491269863,14.118,547.238,sha256:50c5f26d2c05b460aa702d89700b74f817ea4adce9d64a5abacaae7a9bb671c8,9a7829fe2584259f1dd0dc45cf73c5ce904fce7e61e964fb7958826f156b43be,ok,
campaign-20260925T060607Z,S20260925T060607Z,cpu4,a9a1203d4287,primary,campaign-20260925T060607Z/cpu4/primary4a1/m21,4,1,21,4,0,,groth16,10,0,2026-09-25T06:55:15.793Z,2.807,14.452,217.05,7.242,6.196,241.55,241.566,1866675,656d9ee8dd285db6410e0a4b4317201829a1347f7cc3ef6d8de625e8f99f432a,1,1,1,5493694120516454304625833950804950714434791624469988248149691492887491269863,5493694120516454304625833950804950714434791624469988248149691492887491269863,13.664,520.379,sha256:50c5f26d2c05b460aa702d89700b74f817ea4adce9d64a5abacaae7a9bb671c8,9a7829fe2584259f1dd0dc45cf73c5ce904fce7e61e964fb7958826f156b43be,ok,
campaign-20260925T060607Z,S20260925T060607Z,cpu4,a9a1203d4287,primary,campaign-20260925T060607Z/cpu4/primary4a1/m22,4,1,22,4,0,,groth16,12,0,2026-09-25T06:55:16.056Z,15.176,17.01,234.038,6.625,7.206,272.849,272.872,2107579,3fdb01845d81a3cdbbba88fcf45b948195abf01ba68c30be8a5f3e3546d4e81e,1,1,1,1305120659341908565283217195273270415919492373288777814091321905738895669205,1305120659341908565283217195273270415919492373288777814091321905738895669205,13.8,525.145,sha256:50c5f26d2c05b460aa702d89700b74f817ea4adce9d64a5abacaae7a9bb671c8,9a7829fe2584259f1dd0dc45cf73c5ce904fce7e61e964fb7958826f156b43be,ok,
campaign-20260925T060607Z,S20260925T060607Z,cpu4,16b834243129,primary,campaign-20260925T060607Z/cpu4/primary5a1/in_process1,5,1,1,5,1,in_process,groth16,5,0,2026-09-25T07:04:22.275Z,0.532,16.25,308.224,7.677,9.006,332.683,332.7,1133343,41c7636150900ee72cf6323930dd506bd0fc015a94a20905cc61c856b4fe919a,1,1,1,8772061116891597512098326450504850663371859585885077427179882578819842555696,8772061116891597512098326450504850663371859585885077427179882578819842555696,19.508,221.266,sha256:50c5f26d2c05b460aa702d89700b74f817ea4adce9d64a5abacaae7a9bb671c8,9a7829fe2584259f1dd0dc45cf73c5ce904fce7e61e964fb7958826f156b43be,ok,
campaign-20260925T060607Z,S20260925T060607Z,cpu4,16b834243129,primary,campaign-20260925T060607Z/cpu4/primary5a1/in_process2,5,1,2,5,1,in_process,plonk,5,0,2026-09-25T07:04:22.640Z,0.778,14.87,10111.512,7.874,7.324,10135.034,10135.056,50790568,8b7d89ef154d0704a4a5fb8df978ea728f0decad61374b1d3a80a026ad357fec,1,1,1,8772061116891597512098326450504850663371859585885077427179882578819842555696,8772061116891597512098326450504850663371859585885077427179882578819842555696,15.519,477.625,sha256:50c5f26d2c05b460aa702d89700b74f817ea4adce9d64a5abacaae7a9bb671c8,9a7829fe2584259f1dd0dc45cf73c5ce904fce7e61e964fb7958826f156b43be,ok,
campaign-20260925T060607Z,S20260925T060607Z,cpu4,16b834243129,primary,campaign-20260925T060607Z/cpu4/primary5a1/m1,5,1,1,5,0,,plonk,8,0,2026-09-25T07:04:32.801Z,1.273,15.314,10262.81,7.743,7.298,10287.139,10287.155,51361780,42dce5eab9336cf59161d106dd2c9da704b3a453c67dc5f6a284a94331eca87c,1,1,1,4202603041571593097755192347734702907906852554209131907104891159135181794540,4202603041571593097755192347734702907906852554209131907104891159135181794540,14.837,483.707,sha256:50c5f26d2c05b460aa702d89700b74f817ea4adce9d64a5abacaae7a9bb671c8,9a7829fe2584259f1dd0dc45cf73c5ce904fce7e61e964fb7958826f156b43be,ok,
campaign-20260925T060607Z,S20260925T060607Z,cpu4,16b834243129,primary,campaign-20260925T060607Z/cpu4/primary5a1/m2,5,1,2,5,0,,groth16,7,0,2026-09-25T07:04:43.113Z,0.875,14.218,178.113,7.601,7.507,200.807,200.823,1374247,c0f6d8c4ac9fa282780a2c229d7d086f87e26be62a3eefceb9f801e5076843aa,1,1,1,6834760395900399403843817083005722754930321299301222295483199499696193022453,6834760395900399403843817083005722754930321299301222295483199499696193022453,16.405,458.082,sha256:50c5f26d2c05b460aa702d89700b74f817ea4adce9d64a5abacaae7a9bb671c8,9a7829fe2584259f1dd0dc45cf73c5ce904fce7e61e964fb7958826f156b43be,ok,
campaign-20260925T060607Z,S20260925T060607Z,cpu4,16b834243129,primary,campaign-20260925T060607Z/cpu4/primary5a1/m3,5,1,3,5,0,,plonk,15,0,2026-09-25T07:04:43.339Z,111.103,20.893,22216.288,10.468,7.146,22358.752,22358.778,101977680,590ecdca303cbdece71bd9566d50ed9ad6168b343d2955edb57da417b966d08b,1,1,1,16175814224772832097117886582757018531876340808696504341109560169071733404932,16175814224772832097117886582757018531876340808696504341109560169071733404932,15.249,575.801,sha256:50c5f26d2c05b460aa702d89700b74f817ea4adce9d64a5abacaae7a9bb671c8,9a7829fe2584259f1dd0dc45cf73c5ce904fce7e61e964fb7958826f156b43be,ok,
campaign-20260925T060607Z,S20260925T060607Z,cpu4,16b834243129,primary,campaign-20260925T060607Z/cpu4/primary5a1/m4,5,1,4,5,0,,groth16,8,0,2026-09-25T07:05:05.722Z,1.202,16.767,196.465,7.197,7.441,221.632,221.649,1625771,5ed3b83d5f5aad4ca7fa25c79bc0fa86d421d2202a7e7054079f14b9e1c2f4cd,1,1,1,4202603041571593097755192347734702907906852554209131907104891159135181794540,4202603041571593097755192347734702907906852554209131907104891159135181794540,14.461,449.07,sha256:50c5f26d2c05b460aa702d89700b74f817ea4adce9d64a5abacaae7a9bb671c8,9a7829fe2584259f1dd0dc45cf73c5ce904fce7e61e964fb7958826f156b43be,ok,
campaign-20260925T060607Z,S20260925T060607Z,cpu4,16b834243129,primary,campaign-20260925T060607Z/cpu4/primary5a1/m5,5,1,5,5,0,,plonk,10,0,2026-09-25T07:05:05.968Z,2.712,17.345,11453.297,7.594,7.328,11480.949,11480.968,51742588,bebeabf9a0c71095a0054d8bd4225201a55744b4b0560ef0825703d4931d0ced,1,1,1,5493694120516454304625833950804950714434791624469988248149691492887491269863,5493694120516454304625833950804950714434791624469988248149691492887491269863,15.007,522.168,sha256:50c5f26d2c05b460aa702d89700b74f817ea4adce9d64a5abacaae7a9bb671c8,9a7829fe2584259f1dd0dc45cf73c5ce904fce7e61e964fb7958826f156b43be,ok,
campaign-20260925T060607Z,S20260925T060607Z,cpu4,16b834243129,primary,campaign-20260925T060607Z/cpu4/primary5a1/m6,5,1,6,5,0,,plonk,9,0,2026-09-25T07:05:17.474Z,1.825,15.445,11449.937,9.683,7.222,11476.89,11476.907,51552184,9dc1fed4ae801e210c410e345557301925ad182187f5f64aedebb0ef6a13cf67,1,1,1,20121159957847147921812141654231982941331816397431355682788233457047980505218,20121159957847147921812141654231982941331816397431355682788233457047980505218,15.082,524.773,sha256:50c5f26d2c05b460aa702d89700b74f817ea4adce9d64a5abacaae7a9bb671c8,9a7829fe2584259f1dd0dc45cf73c5ce904fce7e61e964fb7958826f156b43be,ok,
campaign-20260925T060607Z,S20260925T060607Z,cpu4,16b834243129,primary,campaign-20260925T060607Z/cpu4/primary5a1/m7,5,1,7,5,0,,groth16,12,0,2026-09-25T07:05:28.976Z,8.956,16.983,245.447,7.948,6.447,279.334,279.355,2107579,3fdb01845d81a3cdbbba88fcf45b948195abf01ba68c30be8a5f3e3546d4e81e,1,1,1,1305120659341908565283217195273270415919492373288777814091321905738895669205,1305120659341908565283217195273270415919492373288777814091321905738895669205,18.275,526.41,sha256:50c5f26d2c05b460aa702d89700b74f817ea4adce9d64a5abacaae7a9bb671c8,9a7829fe2584259f1dd0dc45cf73c5ce904fce7e61e964fb7958826f156b43be,ok,
campaign-20260925T060607Z,S20260925T060607Z,cpu4,16b834243129,primary,campaign-20260925T060607Z/cpu4/primary5a1/m8,5,1,8,5,0,,groth16,13,0,2026-09-25T07:05:29.279Z,23.548,20.728,252.617,8.021,7.129,304.913,304.938,2228031,53cbdd1f02a65121d6c7044031c6cfa4c6ce66c0b9712dd28fe86ef4c6512c1b,1,1,1,2070900789261900884480134887764693608718732168760920549200296856627754794354,2070900789261900884480134887764693608718732168760920549200296856627754794354,18.588,527.59,sha256:50c5f26d2c05b460aa702d89700b74f817ea4adce9d64a5abacaae7a9bb671c8,9a7829fe2584259f1dd0dc45cf73c5ce904fce7e61e964fb7958826f156b43be,ok,
campaign-20260925T060607Z,S20260925T060607Z,cpu4,16b834243129,primary,campaign-20260925T060607Z/cpu4/primary5a1/m9,5,1,9,5,0,,plonk,11,0,2026-09-25T07:05:29.607Z,6.592,16.783,22122.791,7.98,7.312,22154.146,22154.163,101216064,55b85a8c273635d0f8f2cdda0e7ce81b35231792d5212b770681d612dbf1c56a,1,1,1,13741875541804146615197212471377989082753334180286662970428373142262333549779,13741875541804146615197212471377989082753334180286662970428373142262333549779,15.034,527.672,sha256:50c5f26d2c05b460aa702d89700b74f817ea4adce9d64a5abacaae7a9bb671c8,9a7829fe2584259f1dd0dc45cf73c5ce904fce7e61e964fb7958826f156b43be,ok,
campaign-20260925T060607Z,S20260925T060607Z,cpu4,16b834243129,primary,campaign-20260925T060607Z/cpu4/primary5a1/m10,5,1,10,5,0,,groth16,14,0,2026-09-25T07:05:51.788Z,45.818,17.925,260.205,6.514,6.158,330.462,330.488,2348483,b0be38259edaa109196790233512dc26d29f0e31a9506021bad97c60834e4df2,1,1,1,12582151698735550891927690128793622813383487692593364506314066026947547425304,12582151698735550891927690128793622813383487692593364506314066026947547425304,14.539,501.195,sha256:50c5f26d2c05b460aa702d89700b74f817ea4adce9d64a5abacaae7a9bb671c8,9a7829fe2584259f1dd0dc45cf73c5ce904fce7e61e964fb7958826f156b43be,ok,
campaign-20260925T060607Z,S20260925T060607Z,cpu4,16b834243129,primary,campaign-20260925T060607Z/cpu4/primary5a1/m11,5,1,11,5,0,,plonk,5,0,2026-09-25T07:05:52.140Z,0.7,16.079,11492.293,7.652,7.177,11516.725,11516.745,50790568,8b7d89ef154d0704a4a5fb8df978ea728f0decad61374b1d3a80a026ad357fec,1,1,1,8772061116891597512098326450504850663371859585885077427179882578819842555696,8772061116891597512098326450504850663371859585885077427179882578819842555696,14.996,531.84,sha256:50c5f26d2c05b460aa702d89700b74f817ea4adce9d64a5abacaae7a9bb671c8,9a7829fe2584259f1dd0dc45cf73c5ce904fce7e61e964fb7958826f156b43be,ok,
campaign-20260925T060607Z,S20260925T060607Z,cpu4,16b834243129,primary,campaign-20260925T060607Z/cpu4/primary5a1/m12,5,1,12,5,0,,plonk,6,0,2026-09-25T07:06:03.681Z,0.82,15.404,11458.655,7.873,7.289,11482.752,11482.767,50980972,75b0f7800ba9bbd996a5aba5e02258e755536462dae72897fb9805a733486612,1,1,1,4563221289370828604205089111471170542583263583412968862519466540084840336910,4563221289370828604205089111471170542583263583412968862519466540084840336910,15.049,532.5,sha256:50c5f26d2c05b460aa702d89700b74f817ea4adce9d64a5abacaae7a9bb671c8,9a7829fe2584259f1dd0dc45cf73c5ce904fce7e61e964fb7958826f156b43be,ok,
campaign-20260925T060607Z,S20260925T060607Z,cpu4,16b834243129,primary,campaign-20260925T060607Z/cpu4/primary5a1/m13,5,1,13,5,0,,groth16,15,0,2026-09-25T07:06:15.189Z,107.43,27.677,269.27,6.877,6.432,411.254,411.282,2468935,d6be53096894f276c29d0702fcead9cafd5a510db26c6b563aa91a72f3a7c974,1,1,1,16175814224772832097117886582757018531876340808696504341109560169071733404932,16175814224772832097117886582757018531876340808696504341109560169071733404932,18.152,539.719,sha256:50c5f26d2c05b460aa702d89700b74f817ea4adce9d64a5abacaae7a9bb671c8,9a7829fe2584259f1dd0dc45cf73c5ce904fce7e61e964fb7958826f156b43be,ok,
campaign-20260925T060607Z,S20260925T060607Z,cpu4,16b834243129,primary,campaign-20260925T060607Z/cpu4/primary5a1/m14,5,1,14,5,0,,plonk,12,0,2026-09-25T07:06:15.623Z,8.956,15.452,22069.767,7.935,7.246,22102.109,22102.131,101406468,ac66b87842b1343c8548cf4e922c1ee3249b5519daa07857ea88621896f01c1d,1,1,1,1305120659341908565283217195273270415919492373288777814091321905738895669205,1305120659341908565283217195273270415919492373288777814091321905738895669205,15.108,542.047,sha256:50c5f26d2c05b460aa702d89700b74f817ea4adce9d64a5abacaae7a9bb671c8,9a7829fe2584259f1dd0dc45cf73c5ce904fce7e61e964fb7958826f156b43be,ok,
campaign-20260925T060607Z,S20260925T060607Z,cpu4,16b834243129,primary,campaign-20260925T060607Z/cpu4/primary5a1/m15,5,1,15,5,0,,plonk,13,0,2026-09-25T07:06:37.751Z,23.326,18.758,22138.993,8.076,7.16,22189.153,22189.175,101596872,ecc4eb82a5958bf47b7b157e77ed7abc103fb2ebeec94211db85c4d20c7c607c,1,1,1,2070900789261900884480134887764693608718732168760920549200296856627754794354,2070900789261900884480134887764693608718732168760920549200296856627754794354,15.126,488.992,sha256:50c5f26d2c05b460aa702d89700b74f817ea4adce9d64a5abacaae7a9bb671c8,9a7829fe2584259f1dd0dc45cf73c5ce904fce7e61e964fb7958826f156b43be,ok,
campaign-20260925T060607Z,S20260925T060607Z,cpu4,16b834243129,primary,campaign-20260925T060607Z/cpu4/primary5a1/m16,5,1,16,5,0,,groth16,6,0,2026-09-25T07:06:59.969Z,0.829,15.177,157.698,7.838,6.67,181.542,181.56,1253795,ea2368c5701f4885dc1bd9120ebd0b3419c495066983d2c215030506b1968bd4,1,1,1,4563221289370828604205089111471170542583263583412968862519466540084840336910,4563221289370828604205089111471170542583263583412968862519466540084840336910,14.67,463.043,sha256:50c5f26d2c05b460aa702d89700b74f817ea4adce9d64a5abacaae7a9bb671c8,9a7829fe2584259f1dd0dc45cf73c5ce904fce7e61e964fb7958826f156b43be,ok,
campaign-20260925T060607Z,S20260925T060607Z,cpu4,16b834243129,primary,campaign-20260925T060607Z/cpu4/primary5a1/m17,5,1,17,5,0,,plonk,14,0,2026-09-25T07:07:00.173Z,56.662,18.534,22124.977,9.351,7.233,22209.523,22209.554,101787276,61d7365d9163bc99ded1dfbd03499b9283c2947715292debbde41b3796b6b916,1,1,1,12582151698735550891927690128793622813383487692593364506314066026947547425304,12582151698735550891927690128793622813383487692593364506314066026947547425304,15.16,501.848,sha256:50c5f26d2c05b460aa702d89700b74f817ea4adce9d64a5abacaae7a9bb671c8,9a7829fe2584259f1dd0dc45cf73c5ce904fce7e61e964fb7958826f156b43be,ok,
campaign-20260925T060607Z,S20260925T060607Z,cpu4,16b834243129,primary,campaign-20260925T060607Z/cpu4/primary5a1/m18,5,1,18,5,0,,groth16,5,0,2026-09-25T07:07:22.410Z,0.792,15.905,144.848,7.052,7.273,168.597,168.617,1133343,41c7636150900ee72cf6323930dd506bd0fc015a94a20905cc61c856b4fe919a,1,1,1,8772061116891597512098326450504850663371859585885077427179882578819842555696,8772061116891597512098326450504850663371859585885077427179882578819842555696,16.44,475.715,sha256:50c5f26d2c05b460aa702d89700b74f817ea4adce9d64a5abacaae7a9bb671c8,9a7829fe2584259f1dd0dc45cf73c5ce904fce7e61e964fb7958826f156b43be,ok,
campaign-20260925T060607Z,S20260925T060607Z,cpu4,16b834243129,primary,campaign-20260925T060607Z/cpu4/primary5a1/m19,5,1,19,5,0,,plonk,7,0,2026-09-25T07:07:22.603Z,0.798,13.22,11916.768,7.658,7.228,11938.444,11938.458,51171376,e601552aba9f4692ef0f1d2d75ceade0e48da52ddad45690306a402c03eb810f,1,1,1,6834760395900399403843817083005722754930321299301222295483199499696193022453,6834760395900399403843817083005722754930321299301222295483199499696193022453,15.132,487.277,sha256:50c5f26d2c05b460aa702d89700b74f817ea4adce9d64a5abacaae7a9bb671c8,9a7829fe2584259f1dd0dc45cf73c5ce904fce7e61e964fb7958826f156b43be,ok,
campaign-20260925T060607Z,S20260925T060607Z,cpu4,16b834243129,primary,campaign-20260925T060607Z/cpu4/primary5a1/m20,5,1,20,5,0,,groth16,9,0,2026-09-25T07:07:34.567Z,1.866,14.81,205.601,7.779,7.122,230.056,230.074,1746223,b211630d00c7c2d0e5309876a16c72ad66909d7301385d4da830c4a8d71e391e,1,1,1,20121159957847147921812141654231982941331816397431355682788233457047980505218,20121159957847147921812141654231982941331816397431355682788233457047980505218,16.654,460.637,sha256:50c5f26d2c05b460aa702d89700b74f817ea4adce9d64a5abacaae7a9bb671c8,9a7829fe2584259f1dd0dc45cf73c5ce904fce7e61e964fb7958826f156b43be,ok,
campaign-20260925T060607Z,S20260925T060607Z,cpu4,16b834243129,primary,campaign-20260925T060607Z/cpu4/primary5a1/m21,5,1,21,5,0,,groth16,11,0,2026-09-25T07:07:34.821Z,5.456,16.065,240.494,10.988,7.378,273.002,273.024,1987127,1241508317856e8cb42cf71f43cafeb13e26a2553d595182aefca30b78a5b754,1,1,1,13741875541804146615197212471377989082753334180286662970428373142262333549779,13741875541804146615197212471377989082753334180286662970428373142262333549779,14.925,460.824,sha256:50c5f26d2c05b460aa702d89700b74f817ea4adce9d64a5abacaae7a9bb671c8,9a7829fe2584259f1dd0dc45cf73c5ce904fce7e61e964fb7958826f156b43be,ok,
campaign-20260925T060607Z,S20260925T060607Z,cpu4,16b834243129,primary,campaign-20260925T060607Z/cpu4/primary5a1/m22,5,1,22,5,0,,groth16,10,0,2026-09-25T07:07:35.117Z,3.056,16.837,221.835,7.39,7.104,249.118,249.136,1866675,656d9ee8dd285db6410e0a4b4317201829a1347f7cc3ef6d8de625e8f99f432a,1,1,1,5493694120516454304625833950804950714434791624469988248149691492887491269863,5493694120516454304625833950804950714434791624469988248149691492887491269863,14.912,467.613,sha256:50c5f26d2c05b460aa702d89700b74f817ea4adce9d64a5abacaae7a9bb671c8,9a7829fe2584259f1dd0dc45cf73c5ce904fce7e61e964fb7958826f156b43be,ok,
campaign-20260925T060607Z,S20260925T060607Z,cpu4,8347d6822f42,primary,campaign-20260925T060607Z/cpu4/primary6a1/in_process1,6,1,1,6,1,in_process,groth16,5,0,2026-09-25T07:07:36.069Z,0.554,16.721,283.513,7.053,7.85,307.842,307.858,1133343,41c7636150900ee72cf6323930dd506bd0fc015a94a20905cc61c856b4fe919a,1,1,1,8772061116891597512098326450504850663371859585885077427179882578819842555696,8772061116891597512098326450504850663371859585885077427179882578819842555696,18.39,200.313,sha256:50c5f26d2c05b460aa702d89700b74f817ea4adce9d64a5abacaae7a9bb671c8,9a7829fe2584259f1dd0dc45cf73c5ce904fce7e61e964fb7958826f156b43be,ok,
campaign-20260925T060607Z,S20260925T060607Z,cpu4,8347d6822f42,primary,campaign-20260925T060607Z/cpu4/primary6a1/in_process2,6,1,2,6,1,in_process,plonk,5,0,2026-09-25T07:07:36.404Z,0.77,13.45,10398.072,7.904,7.271,10420.196,10420.219,50790568,8b7d89ef154d0704a4a5fb8df978ea728f0decad61374b1d3a80a026ad357fec,1,1,1,8772061116891597512098326450504850663371859585885077427179882578819842555696,8772061116891597512098326450504850663371859585885077427179882578819842555696,15.655,474.309,sha256:50c5f26d2c05b460aa702d89700b74f817ea4adce9d64a5abacaae7a9bb671c8,9a7829fe2584259f1dd0dc45cf73c5ce904fce7e61e964fb7958826f156b43be,ok,
campaign-20260925T060607Z,S20260925T060607Z,cpu4,8347d6822f42,primary,campaign-20260925T060607Z/cpu4/primary6a1/m1,6,1,1,6,0,,groth16,5,0,2026-09-25T07:07:46.849Z,0.83,15.189,145.952,6.725,8.292,168.696,168.719,1133343,41c7636150900ee72cf6323930dd506bd0fc015a94a20905cc61c856b4fe919a,1,1,1,8772061116891597512098326450504850663371859585885077427179882578819842555696,8772061116891597512098326450504850663371859585885077427179882578819842555696,16.378,451.742,sha256:50c5f26d2c05b460aa702d89700b74f817ea4adce9d64a5abacaae7a9bb671c8,9a7829fe2584259f1dd0dc45cf73c5ce904fce7e61e964fb7958826f156b43be,ok,
campaign-20260925T060607Z,S20260925T060607Z,cpu4,8347d6822f42,primary,campaign-20260925T060607Z/cpu4/primary6a1/m2,6,1,2,6,0,,groth16,13,0,2026-09-25T07:07:47.050Z,29.096,22.728,251.641,8.276,6.622,311.741,311.766,2228031,53cbdd1f02a65121d6c7044031c6cfa4c6ce66c0b9712dd28fe86ef4c6512c1b,1,1,1,2070900789261900884480134887764693608718732168760920549200296856627754794354,2070900789261900884480134887764693608718732168760920549200296856627754794354,16.368,374.656,sha256:50c5f26d2c05b460aa702d89700b74f817ea4adce9d64a5abacaae7a9bb671c8,9a7829fe2584259f1dd0dc45cf73c5ce904fce7e61e964fb7958826f156b43be,ok,
campaign-20260925T060607Z,S20260925T060607Z,cpu4,8347d6822f42,primary,campaign-20260925T060607Z/cpu4/primary6a1/m3,6,1,3,6,0,,groth16,6,0,2026-09-25T07:07:47.384Z,0.813,17.1,173.615,7.909,7.424,199.437,199.455,1253795,ea2368c5701f4885dc1bd9120ebd0b3419c495066983d2c215030506b1968bd4,1,1,1,4563221289370828604205089111471170542583263583412968862519466540084840336910,4563221289370828604205089111471170542583263583412968862519466540084840336910,15.575,378.617,sha256:50c5f26d2c05b460aa702d89700b74f817ea4adce9d64a5abacaae7a9bb671c8,9a7829fe2584259f1dd0dc45cf73c5ce904fce7e61e964fb7958826f156b43be,ok,
campaign-20260925T060607Z,S20260925T060607Z,cpu4,8347d6822f42,primary,campaign-20260925T060607Z/cpu4/primary6a1/m4,6,1,4,6,0,,groth16,7,0,2026-09-25T07:07:47.609Z,0.988,17.049,176.512,7.791,7.582,202.34,202.358,1374247,c0f6d8c4ac9fa282780a2c229d7d086f87e26be62a3eefceb9f801e5076843aa,1,1,1,6834760395900399403843817083005722754930321299301222295483199499696193022453,6834760395900399403843817083005722754930321299301222295483199499696193022453,16.537,380.5,sha256:50c5f26d2c05b460aa702d89700b74f817ea4adce9d64a5abacaae7a9bb671c8,9a7829fe2584259f1dd0dc45cf73c5ce904fce7e61e964fb7958826f156b43be,ok,
campaign-20260925T060607Z,S20260925T060607Z,cpu4,8347d6822f42,primary,campaign-20260925T060607Z/cpu4/primary6a1/m5,6,1,5,6,0,,groth16,8,0,2026-09-25T07:07:47.838Z,1.341,14.954,202.258,6.374,6.669,224.926,224.944,1625771,5ed3b83d5f5aad4ca7fa25c79bc0fa86d421d2202a7e7054079f14b9e1c2f4cd,1,1,1,4202603041571593097755192347734702907906852554209131907104891159135181794540,4202603041571593097755192347734702907906852554209131907104891159135181794540,15.632,379.824,sha256:50c5f26d2c05b460aa702d89700b74f817ea4adce9d64a5abacaae7a9bb671c8,9a7829fe2584259f1dd0dc45cf73c5ce904fce7e61e964fb7958826f156b43be,ok,
campaign-20260925T060607Z,S20260925T060607Z,cpu4,8347d6822f42,primary,campaign-20260925T060607Z/cpu4/primary6a1/m6,6,1,6,6,0,,groth16,11,0,2026-09-25T07:07:48.085Z,7.461,15.937,228.422,7.603,6.758,259.423,259.446,1987127,1241508317856e8cb42cf71f43cafeb13e26a2553d595182aefca30b78a5b754,1,1,1,13741875541804146615197212471377989082753334180286662970428373142262333549779,13741875541804146615197212471377989082753334180286662970428373142262333549779,16.411,382.129,sha256:50c5f26d2c05b460aa702d89700b74f817ea4adce9d64a5abacaae7a9bb671c8,9a7829fe2584259f1dd0dc45cf73c5ce904fce7e61e964fb7958826f156b43be,ok,
campaign-20260925T060607Z,S20260925T060607Z,cpu4,8347d6822f42,primary,campaign-20260925T060607Z/cpu4/primary6a1/m7,6,1,7,6,0,,groth16,10,0,2026-09-25T07:07:48.367Z,3.446,16.229,223.619,7.844,6.879,251.137,251.154,1866675,656d9ee8dd285db6410e0a4b4317201829a1347f7cc3ef6d8de625e8f99f432a,1,1,1,5493694120516454304625833950804950714434791624469988248149691492887491269863,5493694120516454304625833950804950714434791624469988248149691492887491269863,15.403,382.926,sha256:50c5f26d2c05b460aa702d89700b74f817ea4adce9d64a5abacaae7a9bb671c8,9a7829fe2584259f1dd0dc45cf73c5ce904fce7e61e964fb7958826f156b43be,ok,
campaign-20260925T060607Z,S20260925T060607Z,cpu4,8347d6822f42,primary,campaign-20260925T060607Z/cpu4/primary6a1/m8,6,1,8,6,0,,groth16,15,0,2026-09-25T07:07:48.642Z,116.056,23.46,268.036,6.172,7.257,413.724,413.758,2468935,d6be53096894f276c29d0702fcead9cafd5a510db26c6b563aa91a72f3a7c974,1,1,1,16175814224772832097117886582757018531876340808696504341109560169071733404932,16175814224772832097117886582757018531876340808696504341109560169071733404932,16.527,383.949,sha256:50c5f26d2c05b460aa702d89700b74f817ea4adce9d64a5abacaae7a9bb671c8,9a7829fe2584259f1dd0dc45cf73c5ce904fce7e61e964fb7958826f156b43be,ok,
campaign-20260925T060607Z,S20260925T060607Z,cpu4,8347d6822f42,primary,campaign-20260925T060607Z/cpu4/primary6a1/m9,6,1,9,6,0,,groth16,9,0,2026-09-25T07:07:49.079Z,1.874,15.262,207.767,7.605,5.993,232.508,232.525,1746223,b211630d00c7c2d0e5309876a16c72ad66909d7301385d4da830c4a8d71e391e,1,1,1,20121159957847147921812141654231982941331816397431355682788233457047980505218,20121159957847147921812141654231982941331816397431355682788233457047980505218,14.62,384.102,sha256:50c5f26d2c05b460aa702d89700b74f817ea4adce9d64a5abacaae7a9bb671c8,9a7829fe2584259f1dd0dc45cf73c5ce904fce7e61e964fb7958826f156b43be,ok,
campaign-20260925T060607Z,S20260925T060607Z,cpu4,8347d6822f42,primary,campaign-20260925T060607Z/cpu4/primary6a1/m10,6,1,10,6,0,,groth16,12,0,2026-09-25T07:07:49.332Z,14.837,19.035,245.781,7.641,6.917,287.295,287.318,2107579,3fdb01845d81a3cdbbba88fcf45b948195abf01ba68c30be8a5f3e3546d4e81e,1,1,1,1305120659341908565283217195273270415919492373288777814091321905738895669205,1305120659341908565283217195273270415919492373288777814091321905738895669205,16.391,384.113,sha256:50c5f26d2c05b460aa702d89700b74f817ea4adce9d64a5abacaae7a9bb671c8,9a7829fe2584259f1dd0dc45cf73c5ce904fce7e61e964fb7958826f156b43be,ok,
campaign-20260925T060607Z,S20260925T060607Z,cpu4,8347d6822f42,primary,campaign-20260925T060607Z/cpu4/primary6a1/m11,6,1,11,6,0,,groth16,14,0,2026-09-25T07:07:49.644Z,50.271,18.877,263.329,7.686,6.955,340.163,340.186,2348483,b0be38259edaa109196790233512dc26d29f0e31a9506021bad97c60834e4df2,1,1,1,12582151698735550891927690128793622813383487692593364506314066026947547425304,12582151698735550891927690128793622813383487692593364506314066026947547425304,14.746,384.168,sha256:50c5f26d2c05b460aa702d89700b74f817ea4adce9d64a5abacaae7a9bb671c8,9a7829fe2584259f1dd0dc45cf73c5ce904fce7e61e964fb7958826f156b43be,ok,
campaign-20260925T060607Z,S20260925T060607Z,cpu4,0bafa4a643a8,primary,campaign-20260925T060607Z/cpu4/primary7a1/in_process1,7,1,1,7,1,in_process,groth16,5,0,2026-09-25T07:08:52.824Z,0.547,15.047,275.662,6.616,8.772,297.871,297.89,1133343,41c7636150900ee72cf6323930dd506bd0fc015a94a20905cc61c856b4fe919a,1,1,1,8772061116891597512098326450504850663371859585885077427179882578819842555696,8772061116891597512098326450504850663371859585885077427179882578819842555696,16.979,184.891,sha256:50c5f26d2c05b460aa702d89700b74f817ea4adce9d64a5abacaae7a9bb671c8,9a7829fe2584259f1dd0dc45cf73c5ce904fce7e61e964fb7958826f156b43be,ok,
campaign-20260925T060607Z,S20260925T060607Z,cpu4,0bafa4a643a8,primary,campaign-20260925T060607Z/cpu4/primary7a1/in_process2,7,1,2,7,1,in_process,plonk,5,0,2026-09-25T07:08:53.150Z,0.595,17.812,10160.214,7.957,7.238,10186.579,10186.6,50790568,8b7d89ef154d0704a4a5fb8df978ea728f0decad61374b1d3a80a026ad357fec,1,1,1,8772061116891597512098326450504850663371859585885077427179882578819842555696,8772061116891597512098326450504850663371859585885077427179882578819842555696,16.467,479.063,sha256:50c5f26d2c05b460aa702d89700b74f817ea4adce9d64a5abacaae7a9bb671c8,9a7829fe2584259f1dd0dc45cf73c5ce904fce7e61e964fb7958826f156b43be,ok,
campaign-20260925T060607Z,S20260925T060607Z,cpu4,0bafa4a643a8,primary,campaign-20260925T060607Z/cpu4/primary7a1/m1,7,1,1,7,0,,groth16,9,0,2026-09-25T07:09:03.361Z,1.866,15.722,219.382,7.636,11.755,244.605,244.621,1746223,b211630d00c7c2d0e5309876a16c72ad66909d7301385d4da830c4a8d71e391e,1,1,1,20121159957847147921812141654231982941331816397431355682788233457047980505218,20121159957847147921812141654231982941331816397431355682788233457047980505218,15.617,307.027,sha256:50c5f26d2c05b460aa702d89700b74f817ea4adce9d64a5abacaae7a9bb671c8,9a7829fe2584259f1dd0dc45cf73c5ce904fce7e61e964fb7958826f156b43be,ok,
campaign-20260925T060607Z,S20260925T060607Z,cpu4,0bafa4a643a8,primary,campaign-20260925T060607Z/cpu4/primary7a1/m2,7,1,2,7,0,,groth16,5,0,2026-09-25T07:09:03.642Z,0.603,14.311,143.244,7.989,6.63,166.146,166.163,1133343,41c7636150900ee72cf6323930dd506bd0fc015a94a20905cc61c856b4fe919a,1,1,1,8772061116891597512098326450504850663371859585885077427179882578819842555696,8772061116891597512098326450504850663371859585885077427179882578819842555696,16.569,309.363,sha256:50c5f26d2c05b460aa702d89700b74f817ea4adce9d64a5abacaae7a9bb671c8,9a7829fe2584259f1dd0dc45cf73c5ce904fce7e61e964fb7958826f156b43be,ok,
campaign-20260925T060607Z,S20260925T060607Z,cpu4,0bafa4a643a8,primary,campaign-20260925T060607Z/cpu4/primary7a1/m3,7,1,3,7,0,,groth16,11,0,2026-09-25T07:09:03.831Z,5.948,17.374,241.443,7.766,6.925,272.531,272.555,1987127,1241508317856e8cb42cf71f43cafeb13e26a2553d595182aefca30b78a5b754,1,1,1,13741875541804146615197212471377989082753334180286662970428373142262333549779,13741875541804146615197212471377989082753334180286662970428373142262333549779,17.186,314.441,sha256:50c5f26d2c05b460aa702d89700b74f817ea4adce9d64a5abacaae7a9bb671c8,9a7829fe2584259f1dd0dc45cf73c5ce904fce7e61e964fb7958826f156b43be,ok,
campaign-20260925T060607Z,S20260925T060607Z,cpu4,0bafa4a643a8,primary,campaign-20260925T060607Z/cpu4/primary7a1/m4,7,1,4,7,0,,groth16,12,0,2026-09-25T07:09:04.128Z,14.589,18.462,235.349,7.564,7.05,275.964,275.984,2107579,3fdb01845d81a3cdbbba88fcf45b948195abf01ba68c30be8a5f3e3546d4e81e,1,1,1,1305120659341908565283217195273270415919492373288777814091321905738895669205,1305120659341908565283217195273270415919492373288777814091321905738895669205,15.428,314.941,sha256:50c5f26d2c05b460aa702d89700b74f817ea4adce9d64a5abacaae7a9bb671c8,9a7829fe2584259f1dd0dc45cf73c5ce904fce7e61e964fb7958826f156b43be,ok,
campaign-20260925T060607Z,S20260925T060607Z,cpu4,0bafa4a643a8,primary,campaign-20260925T060607Z/cpu4/primary7a1/m5,7,1,5,7,0,,groth16,13,0,2026-09-25T07:09:04.428Z,29.711,22.94,250.665,8.558,7.384,311.874,311.898,2228031,53cbdd1f02a65121d6c7044031c6cfa4c6ce66c0b9712dd28fe86ef4c6512c1b,1,1,1,2070900789261900884480134887764693608718732168760920549200296856627754794354,2070900789261900884480134887764693608718732168760920549200296856627754794354,15.809,316.832,sha256:50c5f26d2c05b460aa702d89700b74f817ea4adce9d64a5abacaae7a9bb671c8,9a7829fe2584259f1dd0dc45cf73c5ce904fce7e61e964fb7958826f156b43be,ok,
campaign-20260925T060607Z,S20260925T060607Z,cpu4,0bafa4a643a8,primary,campaign-20260925T060607Z/cpu4/primary7a1/m6,7,1,6,7,0,,groth16,15,0,2026-09-25T07:09:04.763Z,117.424,21.86,287.616,7.258,7.041,434.157,434.182,2468935,d6be53096894f276c29d0702fcead9cafd5a510db26c6b563aa91a72f3a7c974,1,1,1,16175814224772832097117886582757018531876340808696504341109560169071733404932,16175814224772832097117886582757018531876340808696504341109560169071733404932,16.73,316.773,sha256:50c5f26d2c05b460aa702d89700b74f817ea4adce9d64a5abacaae7a9bb671c8,9a7829fe2584259f1dd0dc45cf73c5ce904fce7e61e964fb7958826f156b43be,ok,
campaign-20260925T060607Z,S20260925T060607Z,cpu4,0bafa4a643a8,primary,campaign-20260925T060607Z/cpu4/primary7a1/m7,7,1,7,7,0,,groth16,10,0,2026-09-25T07:09:05.221Z,2.725,18.458,219.457,7.806,7.534,248.445,248.462,1866675,656d9ee8dd285db6410e0a4b4317201829a1347f7cc3ef6d8de625e8f99f432a,1,1,1,5493694120516454304625833950804950714434791624469988248149691492887491269863,5493694120516454304625833950804950714434791624469988248149691492887491269863,17.211,316.895,sha256:50c5f26d2c05b460aa702d89700b74f817ea4adce9d64a5abacaae7a9bb671c8,9a7829fe2584259f1dd0dc45cf73c5ce904fce7e61e964fb7958826f156b43be,ok,
campaign-20260925T060607Z,S20260925T060607Z,cpu4,0bafa4a643a8,primary,campaign-20260925T060607Z/cpu4/primary7a1/m8,7,1,8,7,0,,groth16,14,0,2026-09-25T07:09:05.495Z,51.064,21.768,255.249,7.687,7.326,335.768,335.789,2348483,b0be38259edaa109196790233512dc26d29f0e31a9506021bad97c60834e4df2,1,1,1,12582151698735550891927690128793622813383487692593364506314066026947547425304,12582151698735550891927690128793622813383487692593364506314066026947547425304,15.758,322.164,sha256:50c5f26d2c05b460aa702d89700b74f817ea4adce9d64a5abacaae7a9bb671c8,9a7829fe2584259f1dd0dc45cf73c5ce904fce7e61e964fb7958826f156b43be,ok,
campaign-20260925T060607Z,S20260925T060607Z,cpu4,0bafa4a643a8,primary,campaign-20260925T060607Z/cpu4/primary7a1/m9,7,1,9,7,0,,groth16,6,0,2026-09-25T07:09:05.854Z,0.802,15.572,153.866,7.559,6.866,177.8,177.816,1253795,ea2368c5701f4885dc1bd9120ebd0b3419c495066983d2c215030506b1968bd4,1,1,1,4563221289370828604205089111471170542583263583412968862519466540084840336910,4563221289370828604205089111471170542583263583412968862519466540084840336910,16.726,320.934,sha256:50c5f26d2c05b460aa702d89700b74f817ea4adce9d64a5abacaae7a9bb671c8,9a7829fe2584259f1dd0dc45cf73c5ce904fce7e61e964fb7958826f156b43be,ok,
campaign-20260925T060607Z,S20260925T060607Z,cpu4,0bafa4a643a8,primary,campaign-20260925T060607Z/cpu4/primary7a1/m10,7,1,10,7,0,,groth16,8,0,2026-09-25T07:09:06.055Z,1.027,13.241,192.651,7.561,6.842,214.481,214.497,1625771,5ed3b83d5f5aad4ca7fa25c79bc0fa86d421d2202a7e7054079f14b9e1c2f4cd,1,1,1,4202603041571593097755192347734702907906852554209131907104891159135181794540,4202603041571593097755192347734702907906852554209131907104891159135181794540,15.889,321.176,sha256:50c5f26d2c05b460aa702d89700b74f817ea4adce9d64a5abacaae7a9bb671c8,9a7829fe2584259f1dd0dc45cf73c5ce904fce7e61e964fb7958826f156b43be,ok,
campaign-20260925T060607Z,S20260925T060607Z,cpu4,0bafa4a643a8,primary,campaign-20260925T060607Z/cpu4/primary7a1/m11,7,1,11,7,0,,groth16,7,0,2026-09-25T07:09:06.292Z,0.854,14.472,165.595,7.56,7.209,188.481,188.496,1374247,c0f6d8c4ac9fa282780a2c229d7d086f87e26be62a3eefceb9f801e5076843aa,1,1,1,6834760395900399403843817083005722754930321299301222295483199499696193022453,6834760395900399403843817083005722754930321299301222295483199499696193022453,15.755,321.305,sha256:50c5f26d2c05b460aa702d89700b74f817ea4adce9d64a5abacaae7a9bb671c8,9a7829fe2584259f1dd0dc45cf73c5ce904fce7e61e964fb7958826f156b43be,ok,
campaign-20260925T060607Z,S20260925T060607Z,cpu4,f9d0afea4179,primary,campaign-20260925T060607Z/cpu4/primary8a1/in_process1,8,1,1,8,1,in_process,groth16,5,0,2026-09-25T07:09:25.492Z,0.568,15.177,280.765,8.202,7.795,304.712,304.729,1133343,41c7636150900ee72cf6323930dd506bd0fc015a94a20905cc61c856b4fe919a,1,1,1,8772061116891597512098326450504850663371859585885077427179882578819842555696,8772061116891597512098326450504850663371859585885077427179882578819842555696,20.333,222.469,sha256:50c5f26d2c05b460aa702d89700b74f817ea4adce9d64a5abacaae7a9bb671c8,9a7829fe2584259f1dd0dc45cf73c5ce904fce7e61e964fb7958826f156b43be,ok,
campaign-20260925T060607Z,S20260925T060607Z,cpu4,f9d0afea4179,primary,campaign-20260925T060607Z/cpu4/primary8a1/in_process2,8,1,2,8,1,in_process,plonk,5,0,2026-09-25T07:09:25.828Z,1.153,15.743,10103.323,7.955,7.236,10128.174,10128.196,50790568,8b7d89ef154d0704a4a5fb8df978ea728f0decad61374b1d3a80a026ad357fec,1,1,1,8772061116891597512098326450504850663371859585885077427179882578819842555696,8772061116891597512098326450504850663371859585885077427179882578819842555696,16.924,470.336,sha256:50c5f26d2c05b460aa702d89700b74f817ea4adce9d64a5abacaae7a9bb671c8,9a7829fe2584259f1dd0dc45cf73c5ce904fce7e61e964fb7958826f156b43be,ok,
campaign-20260925T060607Z,S20260925T060607Z,cpu4,f9d0afea4179,primary,campaign-20260925T060607Z/cpu4/primary8a1/m1,8,1,1,8,0,,groth16,13,0,2026-09-25T07:09:35.982Z,23.495,22.164,251.577,7.951,8.63,305.186,305.21,2228031,53cbdd1f02a65121d6c7044031c6cfa4c6ce66c0b9712dd28fe86ef4c6512c1b,1,1,1,2070900789261900884480134887764693608718732168760920549200296856627754794354,2070900789261900884480134887764693608718732168760920549200296856627754794354,15.882,389.816,sha256:50c5f26d2c05b460aa702d89700b74f817ea4adce9d64a5abacaae7a9bb671c8,9a7829fe2584259f1dd0dc45cf73c5ce904fce7e61e964fb7958826f156b43be,ok,
campaign-20260925T060607Z,S20260925T060607Z,cpu4,f9d0afea4179,primary,campaign-20260925T060607Z/cpu4/primary8a1/m2,8,1,2,8,0,,groth16,8,0,2026-09-25T07:09:36.316Z,1.258,15.166,197.927,7.611,7.489,221.962,221.978,1625771,5ed3b83d5f5aad4ca7fa25c79bc0fa86d421d2202a7e7054079f14b9e1c2f4cd,1,1,1,4202603041571593097755192347734702907906852554209131907104891159135181794540,4202603041571593097755192347734702907906852554209131907104891159135181794540,16.779,392.242,sha256:50c5f26d2c05b460aa702d89700b74f817ea4adce9d64a5abacaae7a9bb671c8,9a7829fe2584259f1dd0dc45cf73c5ce904fce7e61e964fb7958826f156b43be,ok,
campaign-20260925T060607Z,S20260925T060607Z,cpu4,f9d0afea4179,primary,campaign-20260925T060607Z/cpu4/primary8a1/m3,8,1,3,8,0,,groth16,12,0,2026-09-25T07:09:36.563Z,17.148,20.04,245.793,7.526,6.808,290.506,290.534,2107579,3fdb01845d81a3cdbbba88fcf45b948195abf01ba68c30be8a5f3e3546d4e81e,1,1,1,1305120659341908565283217195273270415919492373288777814091321905738895669205,1305120659341908565283217195273270415919492373288777814091321905738895669205,17.577,397.078,sha256:50c5f26d2c05b460aa702d89700b74f817ea4adce9d64a5abacaae7a9bb671c8,9a7829fe2584259f1dd0dc45cf73c5ce904fce7e61e964fb7958826f156b43be,ok,
campaign-20260925T060607Z,S20260925T060607Z,cpu4,f9d0afea4179,primary,campaign-20260925T060607Z/cpu4/primary8a1/m4,8,1,4,8,0,,groth16,11,0,2026-09-25T07:09:36.876Z,6.696,17.688,220.027,7.685,7.342,252.095,252.115,1987127,1241508317856e8cb42cf71f43cafeb13e26a2553d595182aefca30b78a5b754,1,1,1,13741875541804146615197212471377989082753334180286662970428373142262333549779,13741875541804146615197212471377989082753334180286662970428373142262333549779,15.979,402.23,sha256:50c5f26d2c05b460aa702d89700b74f817ea4adce9d64a5abacaae7a9bb671c8,9a7829fe2584259f1dd0dc45cf73c5ce904fce7e61e964fb7958826f156b43be,ok,
campaign-20260925T060607Z,S20260925T060607Z,cpu4,f9d0afea4179,primary,campaign-20260925T060607Z/cpu4/primary8a1/m5,8,1,5,8,0,,groth16,5,0,2026-09-25T07:09:37.155Z,0.787,15.998,147.84,7.048,7.519,171.673,171.689,1133343,41c7636150900ee72cf6323930dd506bd0fc015a94a20905cc61c856b4fe919a,1,1,1,8772061116891597512098326450504850663371859585885077427179882578819842555696,8772061116891597512098326450504850663371859585885077427179882578819842555696,16.823,399.75,sha256:50c5f26d2c05b460aa702d89700b74f817ea4adce9d64a5abacaae7a9bb671c8,9a7829fe2584259f1dd0dc45cf73c5ce904fce7e61e964fb7958826f156b43be,ok,
campaign-20260925T060607Z,S20260925T060607Z,cpu4,f9d0afea4179,primary,campaign-20260925T060607Z/cpu4/primary8a1/m6,8,1,6,8,0,,groth16,7,0,2026-09-25T07:09:37.352Z,0.886,14.567,174.172,7.288,6.57,196.913,196.927,1374247,c0f6d8c4ac9fa282780a2c229d7d086f87e26be62a3eefceb9f801e5076843aa,1,1,1,6834760395900399403843817083005722754930321299301222295483199499696193022453,6834760395900399403843817083005722754930321299301222295483199499696193022453,16.561,398.816,sha256:50c5f26d2c05b460aa702d89700b74f817ea4adce9d64a5abacaae7a9bb671c8,9a7829fe2584259f1dd0dc45cf73c5ce904fce7e61e964fb7958826f156b43be,ok,
campaign-20260925T060607Z,S20260925T060607Z,cpu4,f9d0afea4179,primary,campaign-20260925T060607Z/cpu4/primary8a1/m7,8,1,7,8,0,,groth16,15,0,2026-09-25T07:09:37.572Z,116.042,26.461,264.823,6.504,7.039,413.83,413.854,2468935,d6be53096894f276c29d0702fcead9cafd5a510db26c6b563aa91a72f3a7c974,1,1,1,16175814224772832097117886582757018531876340808696504341109560169071733404932,16175814224772832097117886582757018531876340808696504341109560169071733404932,17.507,400.59,sha256:50c5f26d2c05b460aa702d89700b74f817ea4adce9d64a5abacaae7a9bb671c8,9a7829fe2584259f1dd0dc45cf73c5ce904fce7e61e964fb7958826f156b43be,ok,
campaign-20260925T060607Z,S20260925T060607Z,cpu4,f9d0afea4179,primary,campaign-20260925T060607Z/cpu4/primary8a1/m8,8,1,8,8,0,,groth16,14,0,2026-09-25T07:09:38.011Z,49.561,20.471,259.148,7.716,7.507,336.895,336.923,2348483,b0be38259edaa109196790233512dc26d29f0e31a9506021bad97c60834e4df2,1,1,1,12582151698735550891927690128793622813383487692593364506314066026947547425304,12582151698735550891927690128793622813383487692593364506314066026947547425304,16.067,400.703,sha256:50c5f26d2c05b460aa702d89700b74f817ea4adce9d64a5abacaae7a9bb671c8,9a7829fe2584259f1dd0dc45cf73c5ce904fce7e61e964fb7958826f156b43be,ok,
campaign-20260925T060607Z,S20260925T060607Z,cpu4,f9d0afea4179,primary,campaign-20260925T060607Z/cpu4/primary8a1/m9,8,1,9,8,0,,groth16,9,0,2026-09-25T07:09:38.372Z,1.734,15.424,209.561,7.802,7.029,234.521,234.535,1746223,b211630d00c7c2d0e5309876a16c72ad66909d7301385d4da830c4a8d71e391e,1,1,1,20121159957847147921812141654231982941331816397431355682788233457047980505218,20121159957847147921812141654231982941331816397431355682788233457047980505218,17.51,400.637,sha256:50c5f26d2c05b460aa702d89700b74f817ea4adce9d64a5abacaae7a9bb671c8,9a7829fe2584259f1dd0dc45cf73c5ce904fce7e61e964fb7958826f156b43be,ok,
campaign-20260925T060607Z,S20260925T060607Z,cpu4,f9d0afea4179,primary,campaign-20260925T060607Z/cpu4/primary8a1/m10,8,1,10,8,0,,groth16,10,0,2026-09-25T07:09:38.631Z,2.816,18.293,222.318,7.621,6.894,251.047,251.063,1866675,656d9ee8dd285db6410e0a4b4317201829a1347f7cc3ef6d8de625e8f99f432a,1,1,1,5493694120516454304625833950804950714434791624469988248149691492887491269863,5493694120516454304625833950804950714434791624469988248149691492887491269863,17.49,400.742,sha256:50c5f26d2c05b460aa702d89700b74f817ea4adce9d64a5abacaae7a9bb671c8,9a7829fe2584259f1dd0dc45cf73c5ce904fce7e61e964fb7958826f156b43be,ok,
campaign-20260925T060607Z,S20260925T060607Z,cpu4,f9d0afea4179,primary,campaign-20260925T060607Z/cpu4/primary8a1/m11,8,1,11,8,0,,groth16,6,0,2026-09-25T07:09:38.906Z,0.902,15.8,178.109,10.358,7.47,205.169,205.184,1253795,ea2368c5701f4885dc1bd9120ebd0b3419c495066983d2c215030506b1968bd4,1,1,1,4563221289370828604205089111471170542583263583412968862519466540084840336910,4563221289370828604205089111471170542583263583412968862519466540084840336910,16.601,399.637,sha256:50c5f26d2c05b460aa702d89700b74f817ea4adce9d64a5abacaae7a9bb671c8,9a7829fe2584259f1dd0dc45cf73c5ce904fce7e61e964fb7958826f156b43be,ok,
campaign-20260925T060607Z,S20260925T060607Z,cpu4,92d5c2a2b690,primary,campaign-20260925T060607Z/cpu4/primary9a1/in_process1,9,1,1,9,1,in_process,groth16,5,0,2026-09-25T07:09:52.646Z,0.619,14.553,274.944,7.505,8.419,297.62,297.635,1133343,41c7636150900ee72cf6323930dd506bd0fc015a94a20905cc61c856b4fe919a,1,1,1,8772061116891597512098326450504850663371859585885077427179882578819842555696,8772061116891597512098326450504850663371859585885077427179882578819842555696,20.749,201.68,sha256:50c5f26d2c05b460aa702d89700b74f817ea4adce9d64a5abacaae7a9bb671c8,9a7829fe2584259f1dd0dc45cf73c5ce904fce7e61e964fb7958826f156b43be,ok,
campaign-20260925T060607Z,S20260925T060607Z,cpu4,92d5c2a2b690,primary,campaign-20260925T060607Z/cpu4/primary9a1/in_process2,9,1,2,9,1,in_process,plonk,5,0,2026-09-25T07:09:52.973Z,0.951,14.715,10330.442,7.922,7.298,10354.03,10354.052,50790568,8b7d89ef154d0704a4a5fb8df978ea728f0decad61374b1d3a80a026ad357fec,1,1,1,8772061116891597512098326450504850663371859585885077427179882578819842555696,8772061116891597512098326450504850663371859585885077427179882578819842555696,17.194,473.254,sha256:50c5f26d2c05b460aa702d89700b74f817ea4adce9d64a5abacaae7a9bb671c8,9a7829fe2584259f1dd0dc45cf73c5ce904fce7e61e964fb7958826f156b43be,ok,
campaign-20260925T060607Z,S20260925T060607Z,cpu4,92d5c2a2b690,primary,campaign-20260925T060607Z/cpu4/primary9a1/m1,9,1,1,9,0,,groth16,10,0,2026-09-25T07:10:03.352Z,4.444,16.501,218.942,8.076,8.968,247.963,247.981,1866675,656d9ee8dd285db6410e0a4b4317201829a1347f7cc3ef6d8de625e8f99f432a,1,1,1,5493694120516454304625833950804950714434791624469988248149691492887491269863,5493694120516454304625833950804950714434791624469988248149691492887491269863,16.335,395.273,sha256:50c5f26d2c05b460aa702d89700b74f817ea4adce9d64a5abacaae7a9bb671c8,9a7829fe2584259f1dd0dc45cf73c5ce904fce7e61e964fb7958826f156b43be,ok,
campaign-20260925T060607Z,S20260925T060607Z,cpu4,92d5c2a2b690,primary,campaign-20260925T060607Z/cpu4/primary9a1/m2,9,1,2,9,0,,groth16,11,0,2026-09-25T07:10:03.631Z,5.518,20.436,228.696,6.236,7.141,260.886,260.911,1987127,1241508317856e8cb42cf71f43cafeb13e26a2553d595182aefca30b78a5b754,1,1,1,13741875541804146615197212471377989082753334180286662970428373142262333549779,13741875541804146615197212471377989082753334180286662970428373142262333549779,17.746,405.285,sha256:50c5f26d2c05b460aa702d89700b74f817ea4adce9d64a5abacaae7a9bb671c8,9a7829fe2584259f1dd0dc45cf73c5ce904fce7e61e964fb7958826f156b43be,ok,
campaign-20260925T060607Z,S20260925T060607Z,cpu4,92d5c2a2b690,primary,campaign-20260925T060607Z/cpu4/primary9a1/m3,9,1,3,9,0,,groth16,13,0,2026-09-25T07:10:03.918Z,27.495,21.386,251.472,8.259,7.063,308.611,308.634,2228031,53cbdd1f02a65121d6c7044031c6cfa4c6ce66c0b9712dd28fe86ef4c6512c1b,1,1,1,2070900789261900884480134887764693608718732168760920549200296856627754794354,2070900789261900884480134887764693608718732168760920549200296856627754794354,16.273,403.941,sha256:50c5f26d2c05b460aa702d89700b74f817ea4adce9d64a5abacaae7a9bb671c8,9a7829fe2584259f1dd0dc45cf73c5ce904fce7e61e964fb7958826f156b43be,ok,
campaign-20260925T060607Z,S20260925T060607Z,cpu4,92d5c2a2b690,primary,campaign-20260925T060607Z/cpu4/primary9a1/m4,9,1,4,9,0,,groth16,12,0,2026-09-25T07:10:04.251Z,16.914,20.962,235.709,7.843,7.338,281.428,281.451,2107579,3fdb01845d81a3cdbbba88fcf45b948195abf01ba68c30be8a5f3e3546d4e81e,1,1,1,1305120659341908565283217195273270415919492373288777814091321905738895669205,1305120659341908565283217195273270415919492373288777814091321905738895669205,16.384,404.691,sha256:50c5f26d2c05b460aa702d89700b74f817ea4adce9d64a5abacaae7a9bb671c8,9a7829fe2584259f1dd0dc45cf73c5ce904fce7e61e964fb7958826f156b43be,ok,
campaign-20260925T060607Z,S20260925T060607Z,cpu4,92d5c2a2b690,primary,campaign-20260925T060607Z/cpu4/primary9a1/m5,9,1,5,9,0,,groth16,6,0,2026-09-25T07:10:04.560Z,0.786,13.305,165.474,7.653,7.49,187.218,187.233,1253795,ea2368c5701f4885dc1bd9120ebd0b3419c495066983d2c215030506b1968bd4,1,1,1,4563221289370828604205089111471170542583263583412968862519466540084840336910,4563221289370828604205089111471170542583263583412968862519466540084840336910,17.378,404.398,sha256:50c5f26d2c05b460aa702d89700b74f817ea4adce9d64a5abacaae7a9bb671c8,9a7829fe2584259f1dd0dc45cf73c5ce904fce7e61e964fb7958826f156b43be,ok,
campaign-20260925T060607Z,S20260925T060607Z,cpu4,92d5c2a2b690,primary,campaign-20260925T060607Z/cpu4/primary9a1/m6,9,1,6,9,0,,groth16,8,0,2026-09-25T07:10:04.773Z,1.331,16.767,197.171,7.394,6.712,222.663,222.678,1625771,5ed3b83d5f5aad4ca7fa25c79bc0fa86d421d2202a7e7054079f14b9e1c2f4cd,1,1,1,4202603041571593097755192347734702907906852554209131907104891159135181794540,4202603041571593097755192347734702907906852554209131907104891159135181794540,17.144,404.086,sha256:50c5f26d2c05b460aa702d89700b74f817ea4adce9d64a5abacaae7a9bb671c8,9a7829fe2584259f1dd0dc45cf73c5ce904fce7e61e964fb7958826f156b43be,ok,
campaign-20260925T060607Z,S20260925T060607Z,cpu4,92d5c2a2b690,primary,campaign-20260925T060607Z/cpu4/primary9a1/m7,9,1,7,9,0,,groth16,14,0,2026-09-25T07:10:05.018Z,55.612,18.896,268.617,7.354,6.994,350.48,350.503,2348483,b0be38259edaa109196790233512dc26d29f0e31a9506021bad97c60834e4df2,1,1,1,12582151698735550891927690128793622813383487692593364506314066026947547425304,12582151698735550891927690128793622813383487692593364506314066026947547425304,16.097,405.316,sha256:50c5f26d2c05b460aa702d89700b74f817ea4adce9d64a5abacaae7a9bb671c8,9a7829fe2584259f1dd0dc45cf73c5ce904fce7e61e964fb7958826f156b43be,ok,
campaign-20260925T060607Z,S20260925T060607Z,cpu4,92d5c2a2b690,primary,campaign-20260925T060607Z/cpu4/primary9a1/m8,9,1,8,9,0,,groth16,9,0,2026-09-25T07:10:05.393Z,1.733,17.937,211.492,7.633,7.146,238.795,238.81,1746223,b211630d00c7c2d0e5309876a16c72ad66909d7301385d4da830c4a8d71e391e,1,1,1,20121159957847147921812141654231982941331816397431355682788233457047980505218,20121159957847147921812141654231982941331816397431355682788233457047980505218,16.205,408.297,sha256:50c5f26d2c05b460aa702d89700b74f817ea4adce9d64a5abacaae7a9bb671c8,9a7829fe2584259f1dd0dc45cf73c5ce904fce7e61e964fb7958826f156b43be,ok,
campaign-20260925T060607Z,S20260925T060607Z,cpu4,92d5c2a2b690,primary,campaign-20260925T060607Z/cpu4/primary9a1/m9,9,1,9,9,0,,groth16,7,0,2026-09-25T07:10:05.656Z,0.911,14.728,171.584,7.647,7.147,194.87,194.885,1374247,c0f6d8c4ac9fa282780a2c229d7d086f87e26be62a3eefceb9f801e5076843aa,1,1,1,6834760395900399403843817083005722754930321299301222295483199499696193022453,6834760395900399403843817083005722754930321299301222295483199499696193022453,17.789,407.375,sha256:50c5f26d2c05b460aa702d89700b74f817ea4adce9d64a5abacaae7a9bb671c8,9a7829fe2584259f1dd0dc45cf73c5ce904fce7e61e964fb7958826f156b43be,ok,
campaign-20260925T060607Z,S20260925T060607Z,cpu4,92d5c2a2b690,primary,campaign-20260925T060607Z/cpu4/primary9a1/m10,9,1,10,9,0,,groth16,5,0,2026-09-25T07:10:05.876Z,0.79,16.218,144.064,7.652,6.426,168.725,168.742,1133343,41c7636150900ee72cf6323930dd506bd0fc015a94a20905cc61c856b4fe919a,1,1,1,8772061116891597512098326450504850663371859585885077427179882578819842555696,8772061116891597512098326450504850663371859585885077427179882578819842555696,17.264,407.234,sha256:50c5f26d2c05b460aa702d89700b74f817ea4adce9d64a5abacaae7a9bb671c8,9a7829fe2584259f1dd0dc45cf73c5ce904fce7e61e964fb7958826f156b43be,ok,
campaign-20260925T060607Z,S20260925T060607Z,cpu4,92d5c2a2b690,primary,campaign-20260925T060607Z/cpu4/primary9a1/m11,9,1,11,9,0,,groth16,15,0,2026-09-25T07:10:06.067Z,115.998,23.92,277.056,7.669,7.058,424.643,424.672,2468935,d6be53096894f276c29d0702fcead9cafd5a510db26c6b563aa91a72f3a7c974,1,1,1,16175814224772832097117886582757018531876340808696504341109560169071733404932,16175814224772832097117886582757018531876340808696504341109560169071733404932,17.802,409.109,sha256:50c5f26d2c05b460aa702d89700b74f817ea4adce9d64a5abacaae7a9bb671c8,9a7829fe2584259f1dd0dc45cf73c5ce904fce7e61e964fb7958826f156b43be,ok,
campaign-20260925T060607Z,S20260925T060607Z,cpu4,42a960b41699,primary,campaign-20260925T060607Z/cpu4/primary10a1/in_process1,10,1,1,10,1,in_process,groth16,5,0,2026-09-25T07:11:09.451Z,0.536,20.377,261.542,6.706,8.415,289.162,289.179,1133343,41c7636150900ee72cf6323930dd506bd0fc015a94a20905cc61c856b4fe919a,1,1,1,8772061116891597512098326450504850663371859585885077427179882578819842555696,8772061116891597512098326450504850663371859585885077427179882578819842555696,28.049,219.098,sha256:50c5f26d2c05b460aa702d89700b74f817ea4adce9d64a5abacaae7a9bb671c8,9a7829fe2584259f1dd0dc45cf73c5ce904fce7e61e964fb7958826f156b43be,ok,
campaign-20260925T060607Z,S20260925T060607Z,cpu4,42a960b41699,primary,campaign-20260925T060607Z/cpu4/primary10a1/in_process2,10,1,2,10,1,in_process,plonk,5,0,2026-09-25T07:11:09.770Z,0.741,16.855,10285.133,7.948,7.256,10310.677,10310.704,50790568,8b7d89ef154d0704a4a5fb8df978ea728f0decad61374b1d3a80a026ad357fec,1,1,1,8772061116891597512098326450504850663371859585885077427179882578819842555696,8772061116891597512098326450504850663371859585885077427179882578819842555696,18.064,468.414,sha256:50c5f26d2c05b460aa702d89700b74f817ea4adce9d64a5abacaae7a9bb671c8,9a7829fe2584259f1dd0dc45cf73c5ce904fce7e61e964fb7958826f156b43be,ok,
campaign-20260925T060607Z,S20260925T060607Z,cpu4,42a960b41699,primary,campaign-20260925T060607Z/cpu4/primary10a1/m1,10,1,1,10,0,,groth16,7,0,2026-09-25T07:11:20.106Z,4.763,15.656,167.282,7.666,8.255,195.367,195.383,1374247,c0f6d8c4ac9fa282780a2c229d7d086f87e26be62a3eefceb9f801e5076843aa,1,1,1,6834760395900399403843817083005722754930321299301222295483199499696193022453,6834760395900399403843817083005722754930321299301222295483199499696193022453,16.906,284.531,sha256:50c5f26d2c05b460aa702d89700b74f817ea4adce9d64a5abacaae7a9bb671c8,9a7829fe2584259f1dd0dc45cf73c5ce904fce7e61e964fb7958826f156b43be,ok,
campaign-20260925T060607Z,S20260925T060607Z,cpu4,42a960b41699,primary,campaign-20260925T060607Z/cpu4/primary10a1/m2,10,1,2,10,0,,groth16,15,0,2026-09-25T07:11:20.333Z,112.594,25.68,274.166,7.55,7.524,419.99,420.017,2468935,d6be53096894f276c29d0702fcead9cafd5a510db26c6b563aa91a72f3a7c974,1,1,1,16175814224772832097117886582757018531876340808696504341109560169071733404932,16175814224772832097117886582757018531876340808696504341109560169071733404932,17.003,301.496,sha256:50c5f26d2c05b460aa702d89700b74f817ea4adce9d64a5abacaae7a9bb671c8,9a7829fe2584259f1dd0dc45cf73c5ce904fce7e61e964fb7958826f156b43be,ok,
campaign-20260925T060607Z,S20260925T060607Z,cpu4,42a960b41699,primary,campaign-20260925T060607Z/cpu4/primary10a1/m3,10,1,3,10,0,,groth16,5,0,2026-09-25T07:11:20.779Z,0.701,16.666,152.085,6.853,7.265,176.305,176.323,1133343,41c7636150900ee72cf6323930dd506bd0fc015a94a20905cc61c856b4fe919a,1,1,1,8772061116891597512098326450504850663371859585885077427179882578819842555696,8772061116891597512098326450504850663371859585885077427179882578819842555696,16.812,306.008,sha256:50c5f26d2c05b460aa702d89700b74f817ea4adce9d64a5abacaae7a9bb671c8,9a7829fe2584259f1dd0dc45cf73c5ce904fce7e61e964fb7958826f156b43be,ok,
campaign-20260925T060607Z,S20260925T060607Z,cpu4,42a960b41699,primary,campaign-20260925T060607Z/cpu4/primary10a1/m4,10,1,4,10,0,,groth16,12,0,2026-09-25T07:11:20.981Z,14.557,21.694,238.51,7.619,7.35,282.38,282.405,2107579,3fdb01845d81a3cdbbba88fcf45b948195abf01ba68c30be8a5f3e3546d4e81e,1,1,1,1305120659341908565283217195273270415919492373288777814091321905738895669205,1305120659341908565283217195273270415919492373288777814091321905738895669205,17.009,309.055,sha256:50c5f26d2c05b460aa702d89700b74f817ea4adce9d64a5abacaae7a9bb671c8,9a7829fe2584259f1dd0dc45cf73c5ce904fce7e61e964fb7958826f156b43be,ok,
campaign-20260925T060607Z,S20260925T060607Z,cpu4,42a960b41699,primary,campaign-20260925T060607Z/cpu4/primary10a1/m5,10,1,5,10,0,,groth16,10,0,2026-09-25T07:11:21.290Z,3.127,19.881,219.512,7.391,7.323,249.911,249.927,1866675,656d9ee8dd285db6410e0a4b4317201829a1347f7cc3ef6d8de625e8f99f432a,1,1,1,5493694120516454304625833950804950714434791624469988248149691492887491269863,5493694120516454304625833950804950714434791624469988248149691492887491269863,18.354,308.629,sha256:50c5f26d2c05b460aa702d89700b74f817ea4adce9d64a5abacaae7a9bb671c8,9a7829fe2584259f1dd0dc45cf73c5ce904fce7e61e964fb7958826f156b43be,ok,
campaign-20260925T060607Z,S20260925T060607Z,cpu4,42a960b41699,primary,campaign-20260925T060607Z/cpu4/primary10a1/m6,10,1,6,10,0,,groth16,14,0,2026-09-25T07:11:21.565Z,51.15,18.055,251.347,7.713,7.039,328.265,328.292,2348483,b0be38259edaa109196790233512dc26d29f0e31a9506021bad97c60834e4df2,1,1,1,12582151698735550891927690128793622813383487692593364506314066026947547425304,12582151698735550891927690128793622813383487692593364506314066026947547425304,16.996,314.797,sha256:50c5f26d2c05b460aa702d89700b74f817ea4adce9d64a5abacaae7a9bb671c8,9a7829fe2584259f1dd0dc45cf73c5ce904fce7e61e964fb7958826f156b43be,ok,
campaign-20260925T060607Z,S20260925T060607Z,cpu4,42a960b41699,primary,campaign-20260925T060607Z/cpu4/primary10a1/m7,10,1,7,10,0,,groth16,11,0,2026-09-25T07:11:21.917Z,5.87,18.177,231.668,7.208,6.877,262.922,262.94,1987127,1241508317856e8cb42cf71f43cafeb13e26a2553d595182aefca30b78a5b754,1,1,1,13741875541804146615197212471377989082753334180286662970428373142262333549779,13741875541804146615197212471377989082753334180286662970428373142262333549779,18.579,319.113,sha256:50c5f26d2c05b460aa702d89700b74f817ea4adce9d64a5abacaae7a9bb671c8,9a7829fe2584259f1dd0dc45cf73c5ce904fce7e61e964fb7958826f156b43be,ok,
campaign-20260925T060607Z,S20260925T060607Z,cpu4,42a960b41699,primary,campaign-20260925T060607Z/cpu4/primary10a1/m8,10,1,8,10,0,,groth16,6,0,2026-09-25T07:11:22.204Z,0.897,16.834,159.385,6.411,6.101,183.527,183.543,1253795,ea2368c5701f4885dc1bd9120ebd0b3419c495066983d2c215030506b1968bd4,1,1,1,4563221289370828604205089111471170542583263583412968862519466540084840336910,4563221289370828604205089111471170542583263583412968862519466540084840336910,18.77,314.902,sha256:50c5f26d2c05b460aa702d89700b74f817ea4adce9d64a5abacaae7a9bb671c8,9a7829fe2584259f1dd0dc45cf73c5ce904fce7e61e964fb7958826f156b43be,ok,
campaign-20260925T060607Z,S20260925T060607Z,cpu4,42a960b41699,primary,campaign-20260925T060607Z/cpu4/primary10a1/m9,10,1,9,10,0,,groth16,9,0,2026-09-25T07:11:22.411Z,1.911,14.309,214.319,7.685,7.059,238.224,238.24,1746223,b211630d00c7c2d0e5309876a16c72ad66909d7301385d4da830c4a8d71e391e,1,1,1,20121159957847147921812141654231982941331816397431355682788233457047980505218,20121159957847147921812141654231982941331816397431355682788233457047980505218,17.027,314.938,sha256:50c5f26d2c05b460aa702d89700b74f817ea4adce9d64a5abacaae7a9bb671c8,9a7829fe2584259f1dd0dc45cf73c5ce904fce7e61e964fb7958826f156b43be,ok,
campaign-20260925T060607Z,S20260925T060607Z,cpu4,42a960b41699,primary,campaign-20260925T060607Z/cpu4/primary10a1/m10,10,1,10,10,0,,groth16,8,0,2026-09-25T07:11:22.673Z,1.202,16.243,198.892,7.602,7.257,223.939,223.954,1625771,5ed3b83d5f5aad4ca7fa25c79bc0fa86d421d2202a7e7054079f14b9e1c2f4cd,1,1,1,4202603041571593097755192347734702907906852554209131907104891159135181794540,4202603041571593097755192347734702907906852554209131907104891159135181794540,17.957,314.219,sha256:50c5f26d2c05b460aa702d89700b74f817ea4adce9d64a5abacaae7a9bb671c8,9a7829fe2584259f1dd0dc45cf73c5ce904fce7e61e964fb7958826f156b43be,ok,
campaign-20260925T060607Z,S20260925T060607Z,cpu4,42a960b41699,primary,campaign-20260925T060607Z/cpu4/primary10a1/m11,10,1,11,10,0,,groth16,13,0,2026-09-25T07:11:22.922Z,29.684,23.325,251.79,6.976,6.408,311.775,311.8,2228031,53cbdd1f02a65121d6c7044031c6cfa4c6ce66c0b9712dd28fe86ef4c6512c1b,1,1,1,2070900789261900884480134887764693608718732168760920549200296856627754794354,2070900789261900884480134887764693608718732168760920549200296856627754794354,17.017,315.203,sha256:50c5f26d2c05b460aa702d89700b74f817ea4adce9d64a5abacaae7a9bb671c8,9a7829fe2584259f1dd0dc45cf73c5ce904fce7e61e964fb7958826f156b43be,ok,
campaign-20260925T060607Z,S20260925T060607Z,cpu4,817afecd3806,diag,campaign-20260925T060607Z/cpu4/diag1a1/in_process1,1,1,1,101,1,in_process,groth16,5,0,2026-09-25T07:14:03.451Z,0.503,18.468,277.83,6.58,7.87,303.381,303.399,1133343,41c7636150900ee72cf6323930dd506bd0fc015a94a20905cc61c856b4fe919a,1,1,1,8772061116891597512098326450504850663371859585885077427179882578819842555696,8772061116891597512098326450504850663371859585885077427179882578819842555696,22.751,183.926,sha256:50c5f26d2c05b460aa702d89700b74f817ea4adce9d64a5abacaae7a9bb671c8,9a7829fe2584259f1dd0dc45cf73c5ce904fce7e61e964fb7958826f156b43be,ok,
campaign-20260925T060607Z,S20260925T060607Z,cpu4,817afecd3806,diag,campaign-20260925T060607Z/cpu4/diag1a1/in_process2,1,1,2,101,1,in_process,plonk,5,0,2026-09-25T07:14:03.784Z,0.623,14.465,10145.184,7.84,7.212,10168.112,10168.134,50790568,8b7d89ef154d0704a4a5fb8df978ea728f0decad61374b1d3a80a026ad357fec,1,1,1,8772061116891597512098326450504850663371859585885077427179882578819842555696,8772061116891597512098326450504850663371859585885077427179882578819842555696,18.123,462.363,sha256:50c5f26d2c05b460aa702d89700b74f817ea4adce9d64a5abacaae7a9bb671c8,9a7829fe2584259f1dd0dc45cf73c5ce904fce7e61e964fb7958826f156b43be,ok,
campaign-20260925T060607Z,S20260925T060607Z,cpu4,f23446eac032,diag,campaign-20260925T060607Z/cpu4/diag2a1/in_process1,2,1,1,102,1,in_process,groth16,5,0,2026-09-25T07:18:23.204Z,0.562,16.18,274.346,6.858,8.93,297.945,297.961,1133343,41c7636150900ee72cf6323930dd506bd0fc015a94a20905cc61c856b4fe919a,1,1,1,8772061116891597512098326450504850663371859585885077427179882578819842555696,8772061116891597512098326450504850663371859585885077427179882578819842555696,17.798,189.215,sha256:50c5f26d2c05b460aa702d89700b74f817ea4adce9d64a5abacaae7a9bb671c8,9a7829fe2584259f1dd0dc45cf73c5ce904fce7e61e964fb7958826f156b43be,ok,
campaign-20260925T060607Z,S20260925T060607Z,cpu4,f23446eac032,diag,campaign-20260925T060607Z/cpu4/diag2a1/in_process2,2,1,2,102,1,in_process,plonk,5,0,2026-09-25T07:18:23.530Z,0.59,16.35,10203.376,7.914,7.257,10228.23,10228.252,50790568,8b7d89ef154d0704a4a5fb8df978ea728f0decad61374b1d3a80a026ad357fec,1,1,1,8772061116891597512098326450504850663371859585885077427179882578819842555696,8772061116891597512098326450504850663371859585885077427179882578819842555696,18.388,467.164,sha256:50c5f26d2c05b460aa702d89700b74f817ea4adce9d64a5abacaae7a9bb671c8,9a7829fe2584259f1dd0dc45cf73c5ce904fce7e61e964fb7958826f156b43be,ok,
campaign-20260925T060607Z,S20260925T060607Z,cpu4,d107445d7cfd,diag,campaign-20260925T060607Z/cpu4/diag3a1/in_process1,3,1,1,103,1,in_process,groth16,5,0,2026-09-25T07:29:58.505Z,0.583,17.033,282.556,8.019,7.329,308.192,308.207,1133343,41c7636150900ee72cf6323930dd506bd0fc015a94a20905cc61c856b4fe919a,1,1,1,8772061116891597512098326450504850663371859585885077427179882578819842555696,8772061116891597512098326450504850663371859585885077427179882578819842555696,27.955,183.07,sha256:50c5f26d2c05b460aa702d89700b74f817ea4adce9d64a5abacaae7a9bb671c8,9a7829fe2584259f1dd0dc45cf73c5ce904fce7e61e964fb7958826f156b43be,ok,
campaign-20260925T060607Z,S20260925T060607Z,cpu4,d107445d7cfd,diag,campaign-20260925T060607Z/cpu4/diag3a1/in_process2,3,1,2,103,1,in_process,plonk,5,0,2026-09-25T07:29:58.839Z,1.146,14.537,10190.1,7.892,7.318,10213.676,10213.706,50790568,8b7d89ef154d0704a4a5fb8df978ea728f0decad61374b1d3a80a026ad357fec,1,1,1,8772061116891597512098326450504850663371859585885077427179882578819842555696,8772061116891597512098326450504850663371859585885077427179882578819842555696,19.204,460.156,sha256:50c5f26d2c05b460aa702d89700b74f817ea4adce9d64a5abacaae7a9bb671c8,9a7829fe2584259f1dd0dc45cf73c5ce904fce7e61e964fb7958826f156b43be,ok,
campaign-20260925T060607Z,S20260925T060607Z,cpu4,1b09200f6e55,diag,campaign-20260925T060607Z/cpu4/diag4a1/in_process1,4,1,1,104,1,in_process,groth16,5,0,2026-09-25T07:32:22.641Z,0.638,15.218,271.871,6.738,8.081,294.465,294.482,1133343,41c7636150900ee72cf6323930dd506bd0fc015a94a20905cc61c856b4fe919a,1,1,1,8772061116891597512098326450504850663371859585885077427179882578819842555696,8772061116891597512098326450504850663371859585885077427179882578819842555696,18.606,181.125,sha256:50c5f26d2c05b460aa702d89700b74f817ea4adce9d64a5abacaae7a9bb671c8,9a7829fe2584259f1dd0dc45cf73c5ce904fce7e61e964fb7958826f156b43be,ok,
campaign-20260925T060607Z,S20260925T060607Z,cpu4,1b09200f6e55,diag,campaign-20260925T060607Z/cpu4/diag4a1/in_process2,4,1,2,104,1,in_process,plonk,5,0,2026-09-25T07:32:22.964Z,0.659,17.092,10170.662,7.882,7.254,10196.296,10196.316,50790568,8b7d89ef154d0704a4a5fb8df978ea728f0decad61374b1d3a80a026ad357fec,1,1,1,8772061116891597512098326450504850663371859585885077427179882578819842555696,8772061116891597512098326450504850663371859585885077427179882578819842555696,19.269,476.566,sha256:50c5f26d2c05b460aa702d89700b74f817ea4adce9d64a5abacaae7a9bb671c8,9a7829fe2584259f1dd0dc45cf73c5ce904fce7e61e964fb7958826f156b43be,ok,
campaign-20260925T060607Z,S20260925T060607Z,cpu4,2ee0721bee4d,diag,campaign-20260925T060607Z/cpu4/diag5a1/in_process1,5,1,1,105,1,in_process,groth16,5,0,2026-09-25T07:44:06.667Z,0.612,16.76,280.996,7.162,7.8,305.531,305.547,1133343,41c7636150900ee72cf6323930dd506bd0fc015a94a20905cc61c856b4fe919a,1,1,1,8772061116891597512098326450504850663371859585885077427179882578819842555696,8772061116891597512098326450504850663371859585885077427179882578819842555696,29.315,193.84,sha256:50c5f26d2c05b460aa702d89700b74f817ea4adce9d64a5abacaae7a9bb671c8,9a7829fe2584259f1dd0dc45cf73c5ce904fce7e61e964fb7958826f156b43be,ok,
campaign-20260925T060607Z,S20260925T060607Z,cpu4,2ee0721bee4d,diag,campaign-20260925T060607Z/cpu4/diag5a1/in_process2,5,1,2,105,1,in_process,plonk,5,0,2026-09-25T07:44:07.005Z,1.005,15.657,10222.585,7.98,7.294,10247.227,10247.251,50790568,8b7d89ef154d0704a4a5fb8df978ea728f0decad61374b1d3a80a026ad357fec,1,1,1,8772061116891597512098326450504850663371859585885077427179882578819842555696,8772061116891597512098326450504850663371859585885077427179882578819842555696,19.969,463.723,sha256:50c5f26d2c05b460aa702d89700b74f817ea4adce9d64a5abacaae7a9bb671c8,9a7829fe2584259f1dd0dc45cf73c5ce904fce7e61e964fb7958826f156b43be,ok,
