quantity,profile,backend,depth,round,value,definition
prove_ms,cpu2,groth16,5,1,278.562,"measured prove_ms (accepted attempt, no warm-up)"
prove_ms,cpu2,groth16,5,2,239.769,"measured prove_ms (accepted attempt, no warm-up)"
prove_ms,cpu2,groth16,5,3,256.783,"measured prove_ms (accepted attempt, no warm-up)"
prove_ms,cpu2,groth16,5,4,248.817,"measured prove_ms (accepted attempt, no warm-up)"
prove_ms,cpu2,groth16,5,5,237.506,"measured prove_ms (accepted attempt, no warm-up)"
prove_ms,cpu2,groth16,5,6,271.877,"measured prove_ms (accepted attempt, no warm-up)"
prove_ms,cpu2,groth16,5,7,269.317,"measured prove_ms (accepted attempt, no warm-up)"
prove_ms,cpu2,groth16,5,8,263.482,"measured prove_ms (accepted attempt, no warm-up)"
prove_ms,cpu2,groth16,5,9,270.863,"measured prove_ms (accepted attempt, no warm-up)"
prove_ms,cpu2,groth16,5,10,281.181,"measured prove_ms (accepted attempt, no warm-up)"
norm_d5,cpu2,groth16,5,1,1,"T_r(d)/T_r(5), prove_ms, same round and container"
norm_d5,cpu2,groth16,5,2,1,"T_r(d)/T_r(5), prove_ms, same round and container"
norm_d5,cpu2,groth16,5,3,1,"T_r(d)/T_r(5), prove_ms, same round and container"
norm_d5,cpu2,groth16,5,4,1,"T_r(d)/T_r(5), prove_ms, same round and container"
norm_d5,cpu2,groth16,5,5,1,"T_r(d)/T_r(5), prove_ms, same round and container"
norm_d5,cpu2,groth16,5,6,1,"T_r(d)/T_r(5), prove_ms, same round and container"
norm_d5,cpu2,groth16,5,7,1,"T_r(d)/T_r(5), prove_ms, same round and container"
norm_d5,cpu2,groth16,5,8,1,"T_r(d)/T_r(5), prove_ms, same round and container"
norm_d5,cpu2,groth16,5,9,1,"T_r(d)/T_r(5), prove_ms, same round and container"
norm_d5,cpu2,groth16,5,10,1,"T_r(d)/T_r(5), prove_ms, same round and container"
prove_ms,cpu2,groth16,6,1,241.397,"measured prove_ms (accepted attempt, no warm-up)"
prove_ms,cpu2,groth16,6,2,277.851,"measured prove_ms (accepted attempt, no warm-up)"
prove_ms,cpu2,groth16,6,3,297.15,"measured prove_ms (accepted attempt, no warm-up)"
prove_ms,cpu2,groth16,6,4,299.423,"measured prove_ms (accepted attempt, no warm-up)"
prove_ms,cpu2,groth16,6,5,289.735,"measured prove_ms (accepted attempt, no warm-up)"
prove_ms,cpu2,groth16,6,6,277.157,"measured prove_ms (accepted attempt, no warm-up)"
prove_ms,cpu2,groth16,6,7,285.184,"measured prove_ms (accepted attempt, no warm-up)"
prove_ms,cpu2,groth16,6,8,281.213,"measured prove_ms (accepted attempt, no warm-up)"
prove_ms,cpu2,groth16,6,9,287.029,"measured prove_ms (accepted attempt, no warm-up)"
prove_ms,cpu2,groth16,6,10,297.232,"measured prove_ms (accepted attempt, no warm-up)"
norm_d5,cpu2,groth16,6,1,0.8665826638,"T_r(d)/T_r(5), prove_ms, same round and container"
norm_d5,cpu2,groth16,6,2,1.158827872,"T_r(d)/T_r(5), prove_ms, same round and container"
norm_d5,cpu2,groth16,6,3,1.157202774,"T_r(d)/T_r(5), prove_ms, same round and container"
norm_d5,cpu2,groth16,6,4,1.203386425,"T_r(d)/T_r(5), prove_ms, same round and container"
norm_d5,cpu2,groth16,6,5,1.219906023,"T_r(d)/T_r(5), prove_ms, same round and container"
norm_d5,cpu2,groth16,6,6,1.019420547,"T_r(d)/T_r(5), prove_ms, same round and container"
norm_d5,cpu2,groth16,6,7,1.058915702,"T_r(d)/T_r(5), prove_ms, same round and container"
norm_d5,cpu2,groth16,6,8,1.06729492,"T_r(d)/T_r(5), prove_ms, same round and container"
norm_d5,cpu2,groth16,6,9,1.059683309,"T_r(d)/T_r(5), prove_ms, same round and container"
norm_d5,cpu2,groth16,6,10,1.057084227,"T_r(d)/T_r(5), prove_ms, same round and container"
prove_ms,cpu2,groth16,7,1,269.96,"measured prove_ms (accepted attempt, no warm-up)"
prove_ms,cpu2,groth16,7,2,293.379,"measured prove_ms (accepted attempt, no warm-up)"
prove_ms,cpu2,groth16,7,3,275.804,"measured prove_ms (accepted attempt, no warm-up)"
prove_ms,cpu2,groth16,7,4,294.262,"measured prove_ms (accepted attempt, no warm-up)"
prove_ms,cpu2,groth16,7,5,322.461,"measured prove_ms (accepted attempt, no warm-up)"
prove_ms,cpu2,groth16,7,6,295.378,"measured prove_ms (accepted attempt, no warm-up)"
prove_ms,cpu2,groth16,7,7,293.886,"measured prove_ms (accepted attempt, no warm-up)"
prove_ms,cpu2,groth16,7,8,303.021,"measured prove_ms (accepted attempt, no warm-up)"
prove_ms,cpu2,groth16,7,9,299.192,"measured prove_ms (accepted attempt, no warm-up)"
prove_ms,cpu2,groth16,7,10,343.581,"measured prove_ms (accepted attempt, no warm-up)"
norm_d5,cpu2,groth16,7,1,0.9691199805,"T_r(d)/T_r(5), prove_ms, same round and container"
norm_d5,cpu2,groth16,7,2,1.223590206,"T_r(d)/T_r(5), prove_ms, same round and container"
norm_d5,cpu2,groth16,7,3,1.074074218,"T_r(d)/T_r(5), prove_ms, same round and container"
norm_d5,cpu2,groth16,7,4,1.182644273,"T_r(d)/T_r(5), prove_ms, same round and container"
norm_d5,cpu2,groth16,7,5,1.357696227,"T_r(d)/T_r(5), prove_ms, same round and container"
norm_d5,cpu2,groth16,7,6,1.086439824,"T_r(d)/T_r(5), prove_ms, same round and container"
norm_d5,cpu2,groth16,7,7,1.091227067,"T_r(d)/T_r(5), prove_ms, same round and container"
norm_d5,cpu2,groth16,7,8,1.150063382,"T_r(d)/T_r(5), prove_ms, same round and container"
norm_d5,cpu2,groth16,7,9,1.104587928,"T_r(d)/T_r(5), prove_ms, same round and container"
norm_d5,cpu2,groth16,7,10,1.221921111,"T_r(d)/T_r(5), prove_ms, same round and container"
prove_ms,cpu2,groth16,8,1,353.993,"measured prove_ms (accepted attempt, no warm-up)"
prove_ms,cpu2,groth16,8,2,349.255,"measured prove_ms (accepted attempt, no warm-up)"
prove_ms,cpu2,groth16,8,3,339.162,"measured prove_ms (accepted attempt, no warm-up)"
prove_ms,cpu2,groth16,8,4,314.891,"measured prove_ms (accepted attempt, no warm-up)"
prove_ms,cpu2,groth16,8,5,325.044,"measured prove_ms (accepted attempt, no warm-up)"
prove_ms,cpu2,groth16,8,6,335.329,"measured prove_ms (accepted attempt, no warm-up)"
prove_ms,cpu2,groth16,8,7,339.364,"measured prove_ms (accepted attempt, no warm-up)"
prove_ms,cpu2,groth16,8,8,348.867,"measured prove_ms (accepted attempt, no warm-up)"
prove_ms,cpu2,groth16,8,9,319.017,"measured prove_ms (accepted attempt, no warm-up)"
prove_ms,cpu2,groth16,8,10,343.398,"measured prove_ms (accepted attempt, no warm-up)"
norm_d5,cpu2,groth16,8,1,1.270787114,"T_r(d)/T_r(5), prove_ms, same round and container"
norm_d5,cpu2,groth16,8,2,1.456631174,"T_r(d)/T_r(5), prove_ms, same round and container"
norm_d5,cpu2,groth16,8,3,1.320811736,"T_r(d)/T_r(5), prove_ms, same round and container"
norm_d5,cpu2,groth16,8,4,1.265552595,"T_r(d)/T_r(5), prove_ms, same round and container"
norm_d5,cpu2,groth16,8,5,1.368571741,"T_r(d)/T_r(5), prove_ms, same round and container"
norm_d5,cpu2,groth16,8,6,1.23338495,"T_r(d)/T_r(5), prove_ms, same round and container"
norm_d5,cpu2,groth16,8,7,1.260091268,"T_r(d)/T_r(5), prove_ms, same round and container"
norm_d5,cpu2,groth16,8,8,1.324063883,"T_r(d)/T_r(5), prove_ms, same round and container"
norm_d5,cpu2,groth16,8,9,1.177779911,"T_r(d)/T_r(5), prove_ms, same round and container"
norm_d5,cpu2,groth16,8,10,1.221270285,"T_r(d)/T_r(5), prove_ms, same round and container"
prove_ms,cpu2,groth16,9,1,380.506,"measured prove_ms (accepted attempt, no warm-up)"
prove_ms,cpu2,groth16,9,2,340.759,"measured prove_ms (accepted attempt, no warm-up)"
prove_ms,cpu2,groth16,9,3,344.037,"measured prove_ms (accepted attempt, no warm-up)"
prove_ms,cpu2,groth16,9,4,371.353,"measured prove_ms (accepted attempt, no warm-up)"
prove_ms,cpu2,groth16,9,5,345.742,"measured prove_ms (accepted attempt, no warm-up)"
prove_ms,cpu2,groth16,9,6,379.366,"measured prove_ms (accepted attempt, no warm-up)"
prove_ms,cpu2,groth16,9,7,357.528,"measured prove_ms (accepted attempt, no warm-up)"
prove_ms,cpu2,groth16,9,8,361.413,"measured prove_ms (accepted attempt, no warm-up)"
prove_ms,cpu2,groth16,9,9,353.334,"measured prove_ms (accepted attempt, no warm-up)"
prove_ms,cpu2,groth16,9,10,360.597,"measured prove_ms (accepted attempt, no warm-up)"
norm_d5,cpu2,groth16,9,1,1.365965207,"T_r(d)/T_r(5), prove_ms, same round and container"
norm_d5,cpu2,groth16,9,2,1.421197069,"T_r(d)/T_r(5), prove_ms, same round and container"
norm_d5,cpu2,groth16,9,3,1.339796638,"T_r(d)/T_r(5), prove_ms, same round and container"
norm_d5,cpu2,groth16,9,4,1.492474389,"T_r(d)/T_r(5), prove_ms, same round and container"
norm_d5,cpu2,groth16,9,5,1.455719013,"T_r(d)/T_r(5), prove_ms, same round and container"
norm_d5,cpu2,groth16,9,6,1.395358931,"T_r(d)/T_r(5), prove_ms, same round and container"
norm_d5,cpu2,groth16,9,7,1.327535952,"T_r(d)/T_r(5), prove_ms, same round and container"
norm_d5,cpu2,groth16,9,8,1.371680039,"T_r(d)/T_r(5), prove_ms, same round and container"
norm_d5,cpu2,groth16,9,9,1.304474956,"T_r(d)/T_r(5), prove_ms, same round and container"
norm_d5,cpu2,groth16,9,10,1.282437291,"T_r(d)/T_r(5), prove_ms, same round and container"
prove_ms,cpu2,groth16,10,1,378.158,"measured prove_ms (accepted attempt, no warm-up)"
prove_ms,cpu2,groth16,10,2,394.638,"measured prove_ms (accepted attempt, no warm-up)"
prove_ms,cpu2,groth16,10,3,372.856,"measured prove_ms (accepted attempt, no warm-up)"
prove_ms,cpu2,groth16,10,4,365.872,"measured prove_ms (accepted attempt, no warm-up)"
prove_ms,cpu2,groth16,10,5,398.882,"measured prove_ms (accepted attempt, no warm-up)"
prove_ms,cpu2,groth16,10,6,383.348,"measured prove_ms (accepted attempt, no warm-up)"
prove_ms,cpu2,groth16,10,7,353.367,"measured prove_ms (accepted attempt, no warm-up)"
prove_ms,cpu2,groth16,10,8,375.492,"measured prove_ms (accepted attempt, no warm-up)"
prove_ms,cpu2,groth16,10,9,383.503,"measured prove_ms (accepted attempt, no warm-up)"
prove_ms,cpu2,groth16,10,10,396.43,"measured prove_ms (accepted attempt, no warm-up)"
norm_d5,cpu2,groth16,10,1,1.357536204,"T_r(d)/T_r(5), prove_ms, same round and container"
norm_d5,cpu2,groth16,10,2,1.645909188,"T_r(d)/T_r(5), prove_ms, same round and container"
norm_d5,cpu2,groth16,10,3,1.452027587,"T_r(d)/T_r(5), prove_ms, same round and container"
norm_d5,cpu2,groth16,10,4,1.470446151,"T_r(d)/T_r(5), prove_ms, same round and container"
norm_d5,cpu2,groth16,10,5,1.679460729,"T_r(d)/T_r(5), prove_ms, same round and container"
norm_d5,cpu2,groth16,10,6,1.41000526,"T_r(d)/T_r(5), prove_ms, same round and container"
norm_d5,cpu2,groth16,10,7,1.312085758,"T_r(d)/T_r(5), prove_ms, same round and container"
norm_d5,cpu2,groth16,10,8,1.425114429,"T_r(d)/T_r(5), prove_ms, same round and container"
norm_d5,cpu2,groth16,10,9,1.415855986,"T_r(d)/T_r(5), prove_ms, same round and container"
norm_d5,cpu2,groth16,10,10,1.409874778,"T_r(d)/T_r(5), prove_ms, same round and container"
prove_ms,cpu2,groth16,11,1,378.363,"measured prove_ms (accepted attempt, no warm-up)"
prove_ms,cpu2,groth16,11,2,379.045,"measured prove_ms (accepted attempt, no warm-up)"
prove_ms,cpu2,groth16,11,3,383.707,"measured prove_ms (accepted attempt, no warm-up)"
prove_ms,cpu2,groth16,11,4,360.047,"measured prove_ms (accepted attempt, no warm-up)"
prove_ms,cpu2,groth16,11,5,391.83,"measured prove_ms (accepted attempt, no warm-up)"
prove_ms,cpu2,groth16,11,6,422.118,"measured prove_ms (accepted attempt, no warm-up)"
prove_ms,cpu2,groth16,11,7,398.752,"measured prove_ms (accepted attempt, no warm-up)"
prove_ms,cpu2,groth16,11,8,429.876,"measured prove_ms (accepted attempt, no warm-up)"
prove_ms,cpu2,groth16,11,9,374.74,"measured prove_ms (accepted attempt, no warm-up)"
prove_ms,cpu2,groth16,11,10,408.246,"measured prove_ms (accepted attempt, no warm-up)"
norm_d5,cpu2,groth16,11,1,1.358272126,"T_r(d)/T_r(5), prove_ms, same round and container"
norm_d5,cpu2,groth16,11,2,1.58087576,"T_r(d)/T_r(5), prove_ms, same round and container"
norm_d5,cpu2,groth16,11,3,1.494285058,"T_r(d)/T_r(5), prove_ms, same round and container"
norm_d5,cpu2,groth16,11,4,1.447035371,"T_r(d)/T_r(5), prove_ms, same round and container"
norm_d5,cpu2,groth16,11,5,1.649768848,"T_r(d)/T_r(5), prove_ms, same round and container"
norm_d5,cpu2,groth16,11,6,1.55260651,"T_r(d)/T_r(5), prove_ms, same round and container"
norm_d5,cpu2,groth16,11,7,1.480604641,"T_r(d)/T_r(5), prove_ms, same round and container"
norm_d5,cpu2,groth16,11,8,1.631519421,"T_r(d)/T_r(5), prove_ms, same round and container"
norm_d5,cpu2,groth16,11,9,1.383503838,"T_r(d)/T_r(5), prove_ms, same round and container"
norm_d5,cpu2,groth16,11,10,1.451897532,"T_r(d)/T_r(5), prove_ms, same round and container"
prove_ms,cpu2,groth16,12,1,419.104,"measured prove_ms (accepted attempt, no warm-up)"
prove_ms,cpu2,groth16,12,2,419.57,"measured prove_ms (accepted attempt, no warm-up)"
prove_ms,cpu2,groth16,12,3,402.793,"measured prove_ms (accepted attempt, no warm-up)"
prove_ms,cpu2,groth16,12,4,419.528,"measured prove_ms (accepted attempt, no warm-up)"
prove_ms,cpu2,groth16,12,5,414.073,"measured prove_ms (accepted attempt, no warm-up)"
prove_ms,cpu2,groth16,12,6,418.443,"measured prove_ms (accepted attempt, no warm-up)"
prove_ms,cpu2,groth16,12,7,416.829,"measured prove_ms (accepted attempt, no warm-up)"
prove_ms,cpu2,groth16,12,8,398.655,"measured prove_ms (accepted attempt, no warm-up)"
prove_ms,cpu2,groth16,12,9,414.313,"measured prove_ms (accepted attempt, no warm-up)"
prove_ms,cpu2,groth16,12,10,429.451,"measured prove_ms (accepted attempt, no warm-up)"
norm_d5,cpu2,groth16,12,1,1.50452682,"T_r(d)/T_r(5), prove_ms, same round and container"
norm_d5,cpu2,groth16,12,2,1.749892605,"T_r(d)/T_r(5), prove_ms, same round and container"
norm_d5,cpu2,groth16,12,3,1.568612408,"T_r(d)/T_r(5), prove_ms, same round and container"
norm_d5,cpu2,groth16,12,4,1.686090581,"T_r(d)/T_r(5), prove_ms, same round and container"
norm_d5,cpu2,groth16,12,5,1.743421219,"T_r(d)/T_r(5), prove_ms, same round and container"
norm_d5,cpu2,groth16,12,6,1.539089368,"T_r(d)/T_r(5), prove_ms, same round and container"
norm_d5,cpu2,groth16,12,7,1.547726285,"T_r(d)/T_r(5), prove_ms, same round and container"
norm_d5,cpu2,groth16,12,8,1.513025558,"T_r(d)/T_r(5), prove_ms, same round and container"
norm_d5,cpu2,groth16,12,9,1.529603527,"T_r(d)/T_r(5), prove_ms, same round and container"
norm_d5,cpu2,groth16,12,10,1.527311589,"T_r(d)/T_r(5), prove_ms, same round and container"
prove_ms,cpu2,groth16,13,1,472.125,"measured prove_ms (accepted attempt, no warm-up)"
prove_ms,cpu2,groth16,13,2,419.861,"measured prove_ms (accepted attempt, no warm-up)"
prove_ms,cpu2,groth16,13,3,421.178,"measured prove_ms (accepted attempt, no warm-up)"
prove_ms,cpu2,groth16,13,4,437.801,"measured prove_ms (accepted attempt, no warm-up)"
prove_ms,cpu2,groth16,13,5,445.386,"measured prove_ms (accepted attempt, no warm-up)"
prove_ms,cpu2,groth16,13,6,457.194,"measured prove_ms (accepted attempt, no warm-up)"
prove_ms,cpu2,groth16,13,7,443.873,"measured prove_ms (accepted attempt, no warm-up)"
prove_ms,cpu2,groth16,13,8,460.375,"measured prove_ms (accepted attempt, no warm-up)"
prove_ms,cpu2,groth16,13,9,407.386,"measured prove_ms (accepted attempt, no warm-up)"
prove_ms,cpu2,groth16,13,10,440.027,"measured prove_ms (accepted attempt, no warm-up)"
norm_d5,cpu2,groth16,13,1,1.694865057,"T_r(d)/T_r(5), prove_ms, same round and container"
norm_d5,cpu2,groth16,13,2,1.751106273,"T_r(d)/T_r(5), prove_ms, same round and container"
norm_d5,cpu2,groth16,13,3,1.640209827,"T_r(d)/T_r(5), prove_ms, same round and container"
norm_d5,cpu2,groth16,13,4,1.759530096,"T_r(d)/T_r(5), prove_ms, same round and container"
norm_d5,cpu2,groth16,13,5,1.875262099,"T_r(d)/T_r(5), prove_ms, same round and container"
norm_d5,cpu2,groth16,13,6,1.681620733,"T_r(d)/T_r(5), prove_ms, same round and container"
norm_d5,cpu2,groth16,13,7,1.648143266,"T_r(d)/T_r(5), prove_ms, same round and container"
norm_d5,cpu2,groth16,13,8,1.747273059,"T_r(d)/T_r(5), prove_ms, same round and container"
norm_d5,cpu2,groth16,13,9,1.504029712,"T_r(d)/T_r(5), prove_ms, same round and container"
norm_d5,cpu2,groth16,13,10,1.564924373,"T_r(d)/T_r(5), prove_ms, same round and container"
prove_ms,cpu2,groth16,14,1,466.12,"measured prove_ms (accepted attempt, no warm-up)"
prove_ms,cpu2,groth16,14,2,459.962,"measured prove_ms (accepted attempt, no warm-up)"
prove_ms,cpu2,groth16,14,3,433.028,"measured prove_ms (accepted attempt, no warm-up)"
prove_ms,cpu2,groth16,14,4,439.296,"measured prove_ms (accepted attempt, no warm-up)"
prove_ms,cpu2,groth16,14,5,435.423,"measured prove_ms (accepted attempt, no warm-up)"
prove_ms,cpu2,groth16,14,6,451.118,"measured prove_ms (accepted attempt, no warm-up)"
prove_ms,cpu2,groth16,14,7,470.475,"measured prove_ms (accepted attempt, no warm-up)"
prove_ms,cpu2,groth16,14,8,449.032,"measured prove_ms (accepted attempt, no warm-up)"
prove_ms,cpu2,groth16,14,9,486.352,"measured prove_ms (accepted attempt, no warm-up)"
prove_ms,cpu2,groth16,14,10,468.961,"measured prove_ms (accepted attempt, no warm-up)"
norm_d5,cpu2,groth16,14,1,1.673307917,"T_r(d)/T_r(5), prove_ms, same round and container"
norm_d5,cpu2,groth16,14,2,1.91835475,"T_r(d)/T_r(5), prove_ms, same round and container"
norm_d5,cpu2,groth16,14,3,1.686357742,"T_r(d)/T_r(5), prove_ms, same round and container"
norm_d5,cpu2,groth16,14,4,1.765538528,"T_r(d)/T_r(5), prove_ms, same round and container"
norm_d5,cpu2,groth16,14,5,1.833313685,"T_r(d)/T_r(5), prove_ms, same round and container"
norm_d5,cpu2,groth16,14,6,1.659272392,"T_r(d)/T_r(5), prove_ms, same round and container"
norm_d5,cpu2,groth16,14,7,1.746919058,"T_r(d)/T_r(5), prove_ms, same round and container"
norm_d5,cpu2,groth16,14,8,1.704222679,"T_r(d)/T_r(5), prove_ms, same round and container"
norm_d5,cpu2,groth16,14,9,1.795564547,"T_r(d)/T_r(5), prove_ms, same round and container"
norm_d5,cpu2,groth16,14,10,1.667826062,"T_r(d)/T_r(5), prove_ms, same round and container"
prove_ms,cpu2,groth16,15,1,498.429,"measured prove_ms (accepted attempt, no warm-up)"
prove_ms,cpu2,groth16,15,2,489.492,"measured prove_ms (accepted attempt, no warm-up)"
prove_ms,cpu2,groth16,15,3,488.365,"measured prove_ms (accepted attempt, no warm-up)"
prove_ms,cpu2,groth16,15,4,504.173,"measured prove_ms (accepted attempt, no warm-up)"
prove_ms,cpu2,groth16,15,5,490.249,"measured prove_ms (accepted attempt, no warm-up)"
prove_ms,cpu2,groth16,15,6,444.303,"measured prove_ms (accepted attempt, no warm-up)"
prove_ms,cpu2,groth16,15,7,483.153,"measured prove_ms (accepted attempt, no warm-up)"
prove_ms,cpu2,groth16,15,8,459.272,"measured prove_ms (accepted attempt, no warm-up)"
prove_ms,cpu2,groth16,15,9,470.207,"measured prove_ms (accepted attempt, no warm-up)"
prove_ms,cpu2,groth16,15,10,473.459,"measured prove_ms (accepted attempt, no warm-up)"
norm_d5,cpu2,groth16,15,1,1.789292868,"T_r(d)/T_r(5), prove_ms, same round and container"
norm_d5,cpu2,groth16,15,2,2.041514958,"T_r(d)/T_r(5), prove_ms, same round and container"
norm_d5,cpu2,groth16,15,3,1.901858768,"T_r(d)/T_r(5), prove_ms, same round and container"
norm_d5,cpu2,groth16,15,4,2.026280359,"T_r(d)/T_r(5), prove_ms, same round and container"
norm_d5,cpu2,groth16,15,5,2.064154169,"T_r(d)/T_r(5), prove_ms, same round and container"
norm_d5,cpu2,groth16,15,6,1.634205909,"T_r(d)/T_r(5), prove_ms, same round and container"
norm_d5,cpu2,groth16,15,7,1.793993695,"T_r(d)/T_r(5), prove_ms, same round and container"
norm_d5,cpu2,groth16,15,8,1.743086814,"T_r(d)/T_r(5), prove_ms, same round and container"
norm_d5,cpu2,groth16,15,9,1.735958769,"T_r(d)/T_r(5), prove_ms, same round and container"
norm_d5,cpu2,groth16,15,10,1.683822876,"T_r(d)/T_r(5), prove_ms, same round and container"
prove_ms,cpu2,plonk,5,1,13302.837,"measured prove_ms (accepted attempt, no warm-up)"
prove_ms,cpu2,plonk,5,2,12045.394,"measured prove_ms (accepted attempt, no warm-up)"
prove_ms,cpu2,plonk,5,3,12936.25,"measured prove_ms (accepted attempt, no warm-up)"
prove_ms,cpu2,plonk,5,4,11890.7,"measured prove_ms (accepted attempt, no warm-up)"
prove_ms,cpu2,plonk,5,5,12301.899,"measured prove_ms (accepted attempt, no warm-up)"
norm_d5,cpu2,plonk,5,1,1,"T_r(d)/T_r(5), prove_ms, same round and container"
norm_d5,cpu2,plonk,5,2,1,"T_r(d)/T_r(5), prove_ms, same round and container"
norm_d5,cpu2,plonk,5,3,1,"T_r(d)/T_r(5), prove_ms, same round and container"
norm_d5,cpu2,plonk,5,4,1,"T_r(d)/T_r(5), prove_ms, same round and container"
norm_d5,cpu2,plonk,5,5,1,"T_r(d)/T_r(5), prove_ms, same round and container"
prove_ms,cpu2,plonk,6,1,13316.157,"measured prove_ms (accepted attempt, no warm-up)"
prove_ms,cpu2,plonk,6,2,12110.281,"measured prove_ms (accepted attempt, no warm-up)"
prove_ms,cpu2,plonk,6,3,12232.353,"measured prove_ms (accepted attempt, no warm-up)"
prove_ms,cpu2,plonk,6,4,11945.082,"measured prove_ms (accepted attempt, no warm-up)"
prove_ms,cpu2,plonk,6,5,12108.401,"measured prove_ms (accepted attempt, no warm-up)"
norm_d5,cpu2,plonk,6,1,1.00100129,"T_r(d)/T_r(5), prove_ms, same round and container"
norm_d5,cpu2,plonk,6,2,1.005386872,"T_r(d)/T_r(5), prove_ms, same round and container"
norm_d5,cpu2,plonk,6,3,0.9455872451,"T_r(d)/T_r(5), prove_ms, same round and container"
norm_d5,cpu2,plonk,6,4,1.00457349,"T_r(d)/T_r(5), prove_ms, same round and container"
norm_d5,cpu2,plonk,6,5,0.9842708837,"T_r(d)/T_r(5), prove_ms, same round and container"
prove_ms,cpu2,plonk,7,1,13309.828,"measured prove_ms (accepted attempt, no warm-up)"
prove_ms,cpu2,plonk,7,2,12072.599,"measured prove_ms (accepted attempt, no warm-up)"
prove_ms,cpu2,plonk,7,3,12271.556,"measured prove_ms (accepted attempt, no warm-up)"
prove_ms,cpu2,plonk,7,4,12027.385,"measured prove_ms (accepted attempt, no warm-up)"
prove_ms,cpu2,plonk,7,5,12228.419,"measured prove_ms (accepted attempt, no warm-up)"
norm_d5,cpu2,plonk,7,1,1.000525527,"T_r(d)/T_r(5), prove_ms, same round and container"
norm_d5,cpu2,plonk,7,2,1.00225854,"T_r(d)/T_r(5), prove_ms, same round and container"
norm_d5,cpu2,plonk,7,3,0.9486177215,"T_r(d)/T_r(5), prove_ms, same round and container"
norm_d5,cpu2,plonk,7,4,1.011495118,"T_r(d)/T_r(5), prove_ms, same round and container"
norm_d5,cpu2,plonk,7,5,0.9940269384,"T_r(d)/T_r(5), prove_ms, same round and container"
prove_ms,cpu2,plonk,8,1,13347.106,"measured prove_ms (accepted attempt, no warm-up)"
prove_ms,cpu2,plonk,8,2,12086.757,"measured prove_ms (accepted attempt, no warm-up)"
prove_ms,cpu2,plonk,8,3,12260.338,"measured prove_ms (accepted attempt, no warm-up)"
prove_ms,cpu2,plonk,8,4,12053.747,"measured prove_ms (accepted attempt, no warm-up)"
prove_ms,cpu2,plonk,8,5,12298.691,"measured prove_ms (accepted attempt, no warm-up)"
norm_d5,cpu2,plonk,8,1,1.003327786,"T_r(d)/T_r(5), prove_ms, same round and container"
norm_d5,cpu2,plonk,8,2,1.003433927,"T_r(d)/T_r(5), prove_ms, same round and container"
norm_d5,cpu2,plonk,8,3,0.9477505459,"T_r(d)/T_r(5), prove_ms, same round and container"
norm_d5,cpu2,plonk,8,4,1.013712145,"T_r(d)/T_r(5), prove_ms, same round and container"
norm_d5,cpu2,plonk,8,5,0.9997392273,"T_r(d)/T_r(5), prove_ms, same round and container"
prove_ms,cpu2,plonk,9,1,13306.09,"measured prove_ms (accepted attempt, no warm-up)"
prove_ms,cpu2,plonk,9,2,12144.197,"measured prove_ms (accepted attempt, no warm-up)"
prove_ms,cpu2,plonk,9,3,12163.975,"measured prove_ms (accepted attempt, no warm-up)"
prove_ms,cpu2,plonk,9,4,12012.094,"measured prove_ms (accepted attempt, no warm-up)"
prove_ms,cpu2,plonk,9,5,12387.402,"measured prove_ms (accepted attempt, no warm-up)"
norm_d5,cpu2,plonk,9,1,1.000244534,"T_r(d)/T_r(5), prove_ms, same round and container"
norm_d5,cpu2,plonk,9,2,1.008202554,"T_r(d)/T_r(5), prove_ms, same round and container"
norm_d5,cpu2,plonk,9,3,0.9403014784,"T_r(d)/T_r(5), prove_ms, same round and container"
norm_d5,cpu2,plonk,9,4,1.010209155,"T_r(d)/T_r(5), prove_ms, same round and container"
norm_d5,cpu2,plonk,9,5,1.00695039,"T_r(d)/T_r(5), prove_ms, same round and container"
prove_ms,cpu2,plonk,10,1,13395.1,"measured prove_ms (accepted attempt, no warm-up)"
prove_ms,cpu2,plonk,10,2,12114.778,"measured prove_ms (accepted attempt, no warm-up)"
prove_ms,cpu2,plonk,10,3,12203.378,"measured prove_ms (accepted attempt, no warm-up)"
prove_ms,cpu2,plonk,10,4,12047.79,"measured prove_ms (accepted attempt, no warm-up)"
prove_ms,cpu2,plonk,10,5,12223.677,"measured prove_ms (accepted attempt, no warm-up)"
norm_d5,cpu2,plonk,10,1,1.006935588,"T_r(d)/T_r(5), prove_ms, same round and container"
norm_d5,cpu2,plonk,10,2,1.00576021,"T_r(d)/T_r(5), prove_ms, same round and container"
norm_d5,cpu2,plonk,10,3,0.9433474152,"T_r(d)/T_r(5), prove_ms, same round and container"
norm_d5,cpu2,plonk,10,4,1.013211165,"T_r(d)/T_r(5), prove_ms, same round and container"
norm_d5,cpu2,plonk,10,5,0.9936414695,"T_r(d)/T_r(5), prove_ms, same round and container"
prove_ms,cpu2,plonk,11,1,26083.025,"measured prove_ms (accepted attempt, no warm-up)"
prove_ms,cpu2,plonk,11,2,23298.578,"measured prove_ms (accepted attempt, no warm-up)"
prove_ms,cpu2,plonk,11,3,23521.395,"measured prove_ms (accepted attempt, no warm-up)"
prove_ms,cpu2,plonk,11,4,23140.082,"measured prove_ms (accepted attempt, no warm-up)"
prove_ms,cpu2,plonk,11,5,23695.524,"measured prove_ms (accepted attempt, no warm-up)"
norm_d5,cpu2,plonk,11,1,1.960711463,"T_r(d)/T_r(5), prove_ms, same round and container"
norm_d5,cpu2,plonk,11,2,1.934231292,"T_r(d)/T_r(5), prove_ms, same round and container"
norm_d5,cpu2,plonk,11,3,1.818254517,"T_r(d)/T_r(5), prove_ms, same round and container"
norm_d5,cpu2,plonk,11,4,1.946065581,"T_r(d)/T_r(5), prove_ms, same round and container"
norm_d5,cpu2,plonk,11,5,1.926167984,"T_r(d)/T_r(5), prove_ms, same round and container"
prove_ms,cpu2,plonk,12,1,25884.557,"measured prove_ms (accepted attempt, no warm-up)"
prove_ms,cpu2,plonk,12,2,23320.812,"measured prove_ms (accepted attempt, no warm-up)"
prove_ms,cpu2,plonk,12,3,23398.957,"measured prove_ms (accepted attempt, no warm-up)"
prove_ms,cpu2,plonk,12,4,23112.58,"measured prove_ms (accepted attempt, no warm-up)"
prove_ms,cpu2,plonk,12,5,23481.457,"measured prove_ms (accepted attempt, no warm-up)"
norm_d5,cpu2,plonk,12,1,1.94579224,"T_r(d)/T_r(5), prove_ms, same round and container"
norm_d5,cpu2,plonk,12,2,1.936077143,"T_r(d)/T_r(5), prove_ms, same round and container"
norm_d5,cpu2,plonk,12,3,1.808789796,"T_r(d)/T_r(5), prove_ms, same round and container"
norm_d5,cpu2,plonk,12,4,1.943752681,"T_r(d)/T_r(5), prove_ms, same round and container"
norm_d5,cpu2,plonk,12,5,1.90876685,"T_r(d)/T_r(5), prove_ms, same round and container"
prove_ms,cpu2,plonk,13,1,25686.631,"measured prove_ms (accepted attempt, no warm-up)"
prove_ms,cpu2,plonk,13,2,23348.562,"measured prove_ms (accepted attempt, no warm-up)"
prove_ms,cpu2,plonk,13,3,23519.202,"measured prove_ms (accepted attempt, no warm-up)"
prove_ms,cpu2,plonk,13,4,23066.196,"measured prove_ms (accepted attempt, no warm-up)"
prove_ms,cpu2,plonk,13,5,23422.755,"measured prove_ms (accepted attempt, no warm-up)"
norm_d5,cpu2,plonk,13,1,1.930913759,"T_r(d)/T_r(5), prove_ms, same round and container"
norm_d5,cpu2,plonk,13,2,1.938380928,"T_r(d)/T_r(5), prove_ms, same round and container"
norm_d5,cpu2,plonk,13,3,1.818084994,"T_r(d)/T_r(5), prove_ms, same round and container"
norm_d5,cpu2,plonk,13,4,1.939851817,"T_r(d)/T_r(5), prove_ms, same round and container"
norm_d5,cpu2,plonk,13,5,1.903995066,"T_r(d)/T_r(5), prove_ms, same round and container"
prove_ms,cpu2,plonk,14,1,25343.121,"measured prove_ms (accepted attempt, no warm-up)"
prove_ms,cpu2,plonk,14,2,23310.092,"measured prove_ms (accepted attempt, no warm-up)"
prove_ms,cpu2,plonk,14,3,23625.619,"measured prove_ms (accepted attempt, no warm-up)"
prove_ms,cpu2,plonk,14,4,23307.641,"measured prove_ms (accepted attempt, no warm-up)"
prove_ms,cpu2,plonk,14,5,23689.972,"measured prove_ms (accepted attempt, no warm-up)"
norm_d5,cpu2,plonk,14,1,1.905091448,"T_r(d)/T_r(5), prove_ms, same round and container"
norm_d5,cpu2,plonk,14,2,1.935187176,"T_r(d)/T_r(5), prove_ms, same round and container"
norm_d5,cpu2,plonk,14,3,1.826311257,"T_r(d)/T_r(5), prove_ms, same round and container"
norm_d5,cpu2,plonk,14,4,1.960157182,"T_r(d)/T_r(5), prove_ms, same round and container"
norm_d5,cpu2,plonk,14,5,1.925716672,"T_r(d)/T_r(5), prove_ms, same round and container"
prove_ms,cpu2,plonk,15,1,25857.661,"measured prove_ms (accepted attempt, no warm-up)"
prove_ms,cpu2,plonk,15,2,23256.403,"measured prove_ms (accepted attempt, no warm-up)"
prove_ms,cpu2,plonk,15,3,23338.579,"measured prove_ms (accepted attempt, no warm-up)"
prove_ms,cpu2,plonk,15,4,23126.733,"measured prove_ms (accepted attempt, no warm-up)"
prove_ms,cpu2,plonk,15,5,24114.279,"measured prove_ms (accepted attempt, no warm-up)"
norm_d5,cpu2,plonk,15,1,1.943770415,"T_r(d)/T_r(5), prove_ms, same round and container"
norm_d5,cpu2,plonk,15,2,1.930729954,"T_r(d)/T_r(5), prove_ms, same round and container"
norm_d5,cpu2,plonk,15,3,1.804122447,"T_r(d)/T_r(5), prove_ms, same round and container"
norm_d5,cpu2,plonk,15,4,1.944942939,"T_r(d)/T_r(5), prove_ms, same round and container"
norm_d5,cpu2,plonk,15,5,1.960207851,"T_r(d)/T_r(5), prove_ms, same round and container"
prove_ms,cpu4,groth16,5,1,135.868,"measured prove_ms (accepted attempt, no warm-up)"
prove_ms,cpu4,groth16,5,2,142.555,"measured prove_ms (accepted attempt, no warm-up)"
prove_ms,cpu4,groth16,5,3,142.351,"measured prove_ms (accepted attempt, no warm-up)"
prove_ms,cpu4,groth16,5,4,143.702,"measured prove_ms (accepted attempt, no warm-up)"
prove_ms,cpu4,groth16,5,5,144.848,"measured prove_ms (accepted attempt, no warm-up)"
prove_ms,cpu4,groth16,5,6,145.952,"measured prove_ms (accepted attempt, no warm-up)"
prove_ms,cpu4,groth16,5,7,143.244,"measured prove_ms (accepted attempt, no warm-up)"
prove_ms,cpu4,groth16,5,8,147.84,"measured prove_ms (accepted attempt, no warm-up)"
prove_ms,cpu4,groth16,5,9,144.064,"measured prove_ms (accepted attempt, no warm-up)"
prove_ms,cpu4,groth16,5,10,152.085,"measured prove_ms (accepted attempt, no warm-up)"
norm_d5,cpu4,groth16,5,1,1,"T_r(d)/T_r(5), prove_ms, same round and container"
norm_d5,cpu4,groth16,5,2,1,"T_r(d)/T_r(5), prove_ms, same round and container"
norm_d5,cpu4,groth16,5,3,1,"T_r(d)/T_r(5), prove_ms, same round and container"
norm_d5,cpu4,groth16,5,4,1,"T_r(d)/T_r(5), prove_ms, same round and container"
norm_d5,cpu4,groth16,5,5,1,"T_r(d)/T_r(5), prove_ms, same round and container"
norm_d5,cpu4,groth16,5,6,1,"T_r(d)/T_r(5), prove_ms, same round and container"
norm_d5,cpu4,groth16,5,7,1,"T_r(d)/T_r(5), prove_ms, same round and container"
norm_d5,cpu4,groth16,5,8,1,"T_r(d)/T_r(5), prove_ms, same round and container"
norm_d5,cpu4,groth16,5,9,1,"T_r(d)/T_r(5), prove_ms, same round and container"
norm_d5,cpu4,groth16,5,10,1,"T_r(d)/T_r(5), prove_ms, same round and container"
prove_ms,cpu4,groth16,6,1,156.046,"measured prove_ms (accepted attempt, no warm-up)"
prove_ms,cpu4,groth16,6,2,152.142,"measured prove_ms (accepted attempt, no warm-up)"
prove_ms,cpu4,groth16,6,3,158.127,"measured prove_ms (accepted attempt, no warm-up)"
prove_ms,cpu4,groth16,6,4,162.277,"measured prove_ms (accepted attempt, no warm-up)"
prove_ms,cpu4,groth16,6,5,157.698,"measured prove_ms (accepted attempt, no warm-up)"
prove_ms,cpu4,groth16,6,6,173.615,"measured prove_ms (accepted attempt, no warm-up)"
prove_ms,cpu4,groth16,6,7,153.866,"measured prove_ms (accepted attempt, no warm-up)"
prove_ms,cpu4,groth16,6,8,178.109,"measured prove_ms (accepted attempt, no warm-up)"
prove_ms,cpu4,groth16,6,9,165.474,"measured prove_ms (accepted attempt, no warm-up)"
prove_ms,cpu4,groth16,6,10,159.385,"measured prove_ms (accepted attempt, no warm-up)"
norm_d5,cpu4,groth16,6,1,1.148511791,"T_r(d)/T_r(5), prove_ms, same round and container"
norm_d5,cpu4,groth16,6,2,1.067251236,"T_r(d)/T_r(5), prove_ms, same round and container"
norm_d5,cpu4,groth16,6,3,1.110824652,"T_r(d)/T_r(5), prove_ms, same round and container"
norm_d5,cpu4,groth16,6,4,1.129260553,"T_r(d)/T_r(5), prove_ms, same round and container"
norm_d5,cpu4,groth16,6,5,1.088713686,"T_r(d)/T_r(5), prove_ms, same round and container"
norm_d5,cpu4,groth16,6,6,1.189534916,"T_r(d)/T_r(5), prove_ms, same round and container"
norm_d5,cpu4,groth16,6,7,1.074153193,"T_r(d)/T_r(5), prove_ms, same round and container"
norm_d5,cpu4,groth16,6,8,1.204741613,"T_r(d)/T_r(5), prove_ms, same round and container"
norm_d5,cpu4,groth16,6,9,1.148614505,"T_r(d)/T_r(5), prove_ms, same round and container"
norm_d5,cpu4,groth16,6,10,1.047999474,"T_r(d)/T_r(5), prove_ms, same round and container"
prove_ms,cpu4,groth16,7,1,164.982,"measured prove_ms (accepted attempt, no warm-up)"
prove_ms,cpu4,groth16,7,2,173.022,"measured prove_ms (accepted attempt, no warm-up)"
prove_ms,cpu4,groth16,7,3,168.793,"measured prove_ms (accepted attempt, no warm-up)"
prove_ms,cpu4,groth16,7,4,167.951,"measured prove_ms (accepted attempt, no warm-up)"
prove_ms,cpu4,groth16,7,5,178.113,"measured prove_ms (accepted attempt, no warm-up)"
prove_ms,cpu4,groth16,7,6,176.512,"measured prove_ms (accepted attempt, no warm-up)"
prove_ms,cpu4,groth16,7,7,165.595,"measured prove_ms (accepted attempt, no warm-up)"
prove_ms,cpu4,groth16,7,8,174.172,"measured prove_ms (accepted attempt, no warm-up)"
prove_ms,cpu4,groth16,7,9,171.584,"measured prove_ms (accepted attempt, no warm-up)"
prove_ms,cpu4,groth16,7,10,167.282,"measured prove_ms (accepted attempt, no warm-up)"
norm_d5,cpu4,groth16,7,1,1.214281509,"T_r(d)/T_r(5), prove_ms, same round and container"
norm_d5,cpu4,groth16,7,2,1.21372102,"T_r(d)/T_r(5), prove_ms, same round and container"
norm_d5,cpu4,groth16,7,3,1.18575212,"T_r(d)/T_r(5), prove_ms, same round and container"
norm_d5,cpu4,groth16,7,4,1.168745042,"T_r(d)/T_r(5), prove_ms, same round and container"
norm_d5,cpu4,groth16,7,5,1.229654534,"T_r(d)/T_r(5), prove_ms, same round and container"
norm_d5,cpu4,groth16,7,6,1.209383907,"T_r(d)/T_r(5), prove_ms, same round and container"
norm_d5,cpu4,groth16,7,7,1.156034459,"T_r(d)/T_r(5), prove_ms, same round and container"
norm_d5,cpu4,groth16,7,8,1.178111472,"T_r(d)/T_r(5), prove_ms, same round and container"
norm_d5,cpu4,groth16,7,9,1.191026211,"T_r(d)/T_r(5), prove_ms, same round and container"
norm_d5,cpu4,groth16,7,10,1.099924384,"T_r(d)/T_r(5), prove_ms, same round and container"
prove_ms,cpu4,groth16,8,1,202.269,"measured prove_ms (accepted attempt, no warm-up)"
prove_ms,cpu4,groth16,8,2,188.156,"measured prove_ms (accepted attempt, no warm-up)"
prove_ms,cpu4,groth16,8,3,200.678,"measured prove_ms (accepted attempt, no warm-up)"
prove_ms,cpu4,groth16,8,4,195.949,"measured prove_ms (accepted attempt, no warm-up)"
prove_ms,cpu4,groth16,8,5,196.465,"measured prove_ms (accepted attempt, no warm-up)"
prove_ms,cpu4,groth16,8,6,202.258,"measured prove_ms (accepted attempt, no warm-up)"
prove_ms,cpu4,groth16,8,7,192.651,"measured prove_ms (accepted attempt, no warm-up)"
prove_ms,cpu4,groth16,8,8,197.927,"measured prove_ms (accepted attempt, no warm-up)"
prove_ms,cpu4,groth16,8,9,197.171,"measured prove_ms (accepted attempt, no warm-up)"
prove_ms,cpu4,groth16,8,10,198.892,"measured prove_ms (accepted attempt, no warm-up)"
norm_d5,cpu4,groth16,8,1,1.48871699,"T_r(d)/T_r(5), prove_ms, same round and container"
norm_d5,cpu4,groth16,8,2,1.319883554,"T_r(d)/T_r(5), prove_ms, same round and container"
norm_d5,cpu4,groth16,8,3,1.409740711,"T_r(d)/T_r(5), prove_ms, same round and container"
norm_d5,cpu4,groth16,8,4,1.363578795,"T_r(d)/T_r(5), prove_ms, same round and container"
norm_d5,cpu4,groth16,8,5,1.356352866,"T_r(d)/T_r(5), prove_ms, same round and container"
norm_d5,cpu4,groth16,8,6,1.385784367,"T_r(d)/T_r(5), prove_ms, same round and container"
norm_d5,cpu4,groth16,8,7,1.34491497,"T_r(d)/T_r(5), prove_ms, same round and container"
norm_d5,cpu4,groth16,8,8,1.338791937,"T_r(d)/T_r(5), prove_ms, same round and container"
norm_d5,cpu4,groth16,8,9,1.368634773,"T_r(d)/T_r(5), prove_ms, same round and container"
norm_d5,cpu4,groth16,8,10,1.307768682,"T_r(d)/T_r(5), prove_ms, same round and container"
prove_ms,cpu4,groth16,9,1,209.758,"measured prove_ms (accepted attempt, no warm-up)"
prove_ms,cpu4,groth16,9,2,208.878,"measured prove_ms (accepted attempt, no warm-up)"
prove_ms,cpu4,groth16,9,3,206.655,"measured prove_ms (accepted attempt, no warm-up)"
prove_ms,cpu4,groth16,9,4,204.047,"measured prove_ms (accepted attempt, no warm-up)"
prove_ms,cpu4,groth16,9,5,205.601,"measured prove_ms (accepted attempt, no warm-up)"
prove_ms,cpu4,groth16,9,6,207.767,"measured prove_ms (accepted attempt, no warm-up)"
prove_ms,cpu4,groth16,9,7,219.382,"measured prove_ms (accepted attempt, no warm-up)"
prove_ms,cpu4,groth16,9,8,209.561,"measured prove_ms (accepted attempt, no warm-up)"
prove_ms,cpu4,groth16,9,9,211.492,"measured prove_ms (accepted attempt, no warm-up)"
prove_ms,cpu4,groth16,9,10,214.319,"measured prove_ms (accepted attempt, no warm-up)"
norm_d5,cpu4,groth16,9,1,1.543836665,"T_r(d)/T_r(5), prove_ms, same round and container"
norm_d5,cpu4,groth16,9,2,1.465244993,"T_r(d)/T_r(5), prove_ms, same round and container"
norm_d5,cpu4,groth16,9,3,1.451728474,"T_r(d)/T_r(5), prove_ms, same round and container"
norm_d5,cpu4,groth16,9,4,1.419931525,"T_r(d)/T_r(5), prove_ms, same round and container"
norm_d5,cpu4,groth16,9,5,1.419425881,"T_r(d)/T_r(5), prove_ms, same round and container"
norm_d5,cpu4,groth16,9,6,1.423529654,"T_r(d)/T_r(5), prove_ms, same round and container"
norm_d5,cpu4,groth16,9,7,1.531526626,"T_r(d)/T_r(5), prove_ms, same round and container"
norm_d5,cpu4,groth16,9,8,1.417485119,"T_r(d)/T_r(5), prove_ms, same round and container"
norm_d5,cpu4,groth16,9,9,1.468041981,"T_r(d)/T_r(5), prove_ms, same round and container"
norm_d5,cpu4,groth16,9,10,1.409205379,"T_r(d)/T_r(5), prove_ms, same round and container"
prove_ms,cpu4,groth16,10,1,214.977,"measured prove_ms (accepted attempt, no warm-up)"
prove_ms,cpu4,groth16,10,2,215.918,"measured prove_ms (accepted attempt, no warm-up)"
prove_ms,cpu4,groth16,10,3,223.442,"measured prove_ms (accepted attempt, no warm-up)"
prove_ms,cpu4,groth16,10,4,217.05,"measured prove_ms (accepted attempt, no warm-up)"
prove_ms,cpu4,groth16,10,5,221.835,"measured prove_ms (accepted attempt, no warm-up)"
prove_ms,cpu4,groth16,10,6,223.619,"measured prove_ms (accepted attempt, no warm-up)"
prove_ms,cpu4,groth16,10,7,219.457,"measured prove_ms (accepted attempt, no warm-up)"
prove_ms,cpu4,groth16,10,8,222.318,"measured prove_ms (accepted attempt, no warm-up)"
prove_ms,cpu4,groth16,10,9,218.942,"measured prove_ms (accepted attempt, no warm-up)"
prove_ms,cpu4,groth16,10,10,219.512,"measured prove_ms (accepted attempt, no warm-up)"
norm_d5,cpu4,groth16,10,1,1.582248948,"T_r(d)/T_r(5), prove_ms, same round and container"
norm_d5,cpu4,groth16,10,2,1.514629441,"T_r(d)/T_r(5), prove_ms, same round and container"
norm_d5,cpu4,groth16,10,3,1.569655289,"T_r(d)/T_r(5), prove_ms, same round and container"
norm_d5,cpu4,groth16,10,4,1.510417392,"T_r(d)/T_r(5), prove_ms, same round and container"
norm_d5,cpu4,groth16,10,5,1.531501988,"T_r(d)/T_r(5), prove_ms, same round and container"
norm_d5,cpu4,groth16,10,6,1.532140704,"T_r(d)/T_r(5), prove_ms, same round and container"
norm_d5,cpu4,groth16,10,7,1.532050208,"T_r(d)/T_r(5), prove_ms, same round and container"
norm_d5,cpu4,groth16,10,8,1.503774351,"T_r(d)/T_r(5), prove_ms, same round and container"
norm_d5,cpu4,groth16,10,9,1.519755109,"T_r(d)/T_r(5), prove_ms, same round and container"
norm_d5,cpu4,groth16,10,10,1.443350758,"T_r(d)/T_r(5), prove_ms, same round and container"
prove_ms,cpu4,groth16,11,1,233.548,"measured prove_ms (accepted attempt, no warm-up)"
prove_ms,cpu4,groth16,11,2,228.88,"measured prove_ms (accepted attempt, no warm-up)"
prove_ms,cpu4,groth16,11,3,233.041,"measured prove_ms (accepted attempt, no warm-up)"
prove_ms,cpu4,groth16,11,4,232.063,"measured prove_ms (accepted attempt, no warm-up)"
prove_ms,cpu4,groth16,11,5,240.494,"measured prove_ms (accepted attempt, no warm-up)"
prove_ms,cpu4,groth16,11,6,228.422,"measured prove_ms (accepted attempt, no warm-up)"
prove_ms,cpu4,groth16,11,7,241.443,"measured prove_ms (accepted attempt, no warm-up)"
prove_ms,cpu4,groth16,11,8,220.027,"measured prove_ms (accepted attempt, no warm-up)"
prove_ms,cpu4,groth16,11,9,228.696,"measured prove_ms (accepted attempt, no warm-up)"
prove_ms,cpu4,groth16,11,10,231.668,"measured prove_ms (accepted attempt, no warm-up)"
norm_d5,cpu4,groth16,11,1,1.718933082,"T_r(d)/T_r(5), prove_ms, same round and container"
norm_d5,cpu4,groth16,11,2,1.60555575,"T_r(d)/T_r(5), prove_ms, same round and container"
norm_d5,cpu4,groth16,11,3,1.6370872,"T_r(d)/T_r(5), prove_ms, same round and container"
norm_d5,cpu4,groth16,11,4,1.614890537,"T_r(d)/T_r(5), prove_ms, same round and container"
norm_d5,cpu4,groth16,11,5,1.660319783,"T_r(d)/T_r(5), prove_ms, same round and container"
norm_d5,cpu4,groth16,11,6,1.565048783,"T_r(d)/T_r(5), prove_ms, same round and container"
norm_d5,cpu4,groth16,11,7,1.685536567,"T_r(d)/T_r(5), prove_ms, same round and container"
norm_d5,cpu4,groth16,11,8,1.488277868,"T_r(d)/T_r(5), prove_ms, same round and container"
norm_d5,cpu4,groth16,11,9,1.587461128,"T_r(d)/T_r(5), prove_ms, same round and container"
norm_d5,cpu4,groth16,11,10,1.523279745,"T_r(d)/T_r(5), prove_ms, same round and container"
prove_ms,cpu4,groth16,12,1,244.651,"measured prove_ms (accepted attempt, no warm-up)"
prove_ms,cpu4,groth16,12,2,251.717,"measured prove_ms (accepted attempt, no warm-up)"
prove_ms,cpu4,groth16,12,3,242.922,"measured prove_ms (accepted attempt, no warm-up)"
prove_ms,cpu4,groth16,12,4,234.038,"measured prove_ms (accepted attempt, no warm-up)"
prove_ms,cpu4,groth16,12,5,245.447,"measured prove_ms (accepted attempt, no warm-up)"
prove_ms,cpu4,groth16,12,6,245.781,"measured prove_ms (accepted attempt, no warm-up)"
prove_ms,cpu4,groth16,12,7,235.349,"measured prove_ms (accepted attempt, no warm-up)"
prove_ms,cpu4,groth16,12,8,245.793,"measured prove_ms (accepted attempt, no warm-up)"
prove_ms,cpu4,groth16,12,9,235.709,"measured prove_ms (accepted attempt, no warm-up)"
prove_ms,cpu4,groth16,12,10,238.51,"measured prove_ms (accepted attempt, no warm-up)"
norm_d5,cpu4,groth16,12,1,1.800652104,"T_r(d)/T_r(5), prove_ms, same round and container"
norm_d5,cpu4,groth16,12,2,1.765753569,"T_r(d)/T_r(5), prove_ms, same round and container"
norm_d5,cpu4,groth16,12,3,1.70650013,"T_r(d)/T_r(5), prove_ms, same round and container"
norm_d5,cpu4,groth16,12,4,1.628634257,"T_r(d)/T_r(5), prove_ms, same round and container"
norm_d5,cpu4,groth16,12,5,1.694514249,"T_r(d)/T_r(5), prove_ms, same round and container"
norm_d5,cpu4,groth16,12,6,1.683985146,"T_r(d)/T_r(5), prove_ms, same round and container"
norm_d5,cpu4,groth16,12,7,1.642993773,"T_r(d)/T_r(5), prove_ms, same round and container"
norm_d5,cpu4,groth16,12,8,1.662560877,"T_r(d)/T_r(5), prove_ms, same round and container"
norm_d5,cpu4,groth16,12,9,1.636140882,"T_r(d)/T_r(5), prove_ms, same round and container"
norm_d5,cpu4,groth16,12,10,1.568267745,"T_r(d)/T_r(5), prove_ms, same round and container"
prove_ms,cpu4,groth16,13,1,238.301,"measured prove_ms (accepted attempt, no warm-up)"
prove_ms,cpu4,groth16,13,2,242.266,"measured prove_ms (accepted attempt, no warm-up)"
prove_ms,cpu4,groth16,13,3,256.981,"measured prove_ms (accepted attempt, no warm-up)"
prove_ms,cpu4,groth16,13,4,247.282,"measured prove_ms (accepted attempt, no warm-up)"
prove_ms,cpu4,groth16,13,5,252.617,"measured prove_ms (accepted attempt, no warm-up)"
prove_ms,cpu4,groth16,13,6,251.641,"measured prove_ms (accepted attempt, no warm-up)"
prove_ms,cpu4,groth16,13,7,250.665,"measured prove_ms (accepted attempt, no warm-up)"
prove_ms,cpu4,groth16,13,8,251.577,"measured prove_ms (accepted attempt, no warm-up)"
prove_ms,cpu4,groth16,13,9,251.472,"measured prove_ms (accepted attempt, no warm-up)"
prove_ms,cpu4,groth16,13,10,251.79,"measured prove_ms (accepted attempt, no warm-up)"
norm_d5,cpu4,groth16,13,1,1.753915565,"T_r(d)/T_r(5), prove_ms, same round and container"
norm_d5,cpu4,groth16,13,2,1.69945635,"T_r(d)/T_r(5), prove_ms, same round and container"
norm_d5,cpu4,groth16,13,3,1.805263047,"T_r(d)/T_r(5), prove_ms, same round and container"
norm_d5,cpu4,groth16,13,4,1.720797205,"T_r(d)/T_r(5), prove_ms, same round and container"
norm_d5,cpu4,groth16,13,5,1.744014415,"T_r(d)/T_r(5), prove_ms, same round and container"
norm_d5,cpu4,groth16,13,6,1.724135332,"T_r(d)/T_r(5), prove_ms, same round and container"
norm_d5,cpu4,groth16,13,7,1.749916227,"T_r(d)/T_r(5), prove_ms, same round and container"
norm_d5,cpu4,groth16,13,8,1.701684253,"T_r(d)/T_r(5), prove_ms, same round and container"
norm_d5,cpu4,groth16,13,9,1.74555753,"T_r(d)/T_r(5), prove_ms, same round and container"
norm_d5,cpu4,groth16,13,10,1.655587336,"T_r(d)/T_r(5), prove_ms, same round and container"
prove_ms,cpu4,groth16,14,1,257.439,"measured prove_ms (accepted attempt, no warm-up)"
prove_ms,cpu4,groth16,14,2,251.668,"measured prove_ms (accepted attempt, no warm-up)"
prove_ms,cpu4,groth16,14,3,257.209,"measured prove_ms (accepted attempt, no warm-up)"
prove_ms,cpu4,groth16,14,4,261.114,"measured prove_ms (accepted attempt, no warm-up)"
prove_ms,cpu4,groth16,14,5,260.205,"measured prove_ms (accepted attempt, no warm-up)"
prove_ms,cpu4,groth16,14,6,263.329,"measured prove_ms (accepted attempt, no warm-up)"
prove_ms,cpu4,groth16,14,7,255.249,"measured prove_ms (accepted attempt, no warm-up)"
prove_ms,cpu4,groth16,14,8,259.148,"measured prove_ms (accepted attempt, no warm-up)"
prove_ms,cpu4,groth16,14,9,268.617,"measured prove_ms (accepted attempt, no warm-up)"
prove_ms,cpu4,groth16,14,10,251.347,"measured prove_ms (accepted attempt, no warm-up)"
norm_d5,cpu4,groth16,14,1,1.894772868,"T_r(d)/T_r(5), prove_ms, same round and container"
norm_d5,cpu4,groth16,14,2,1.765409842,"T_r(d)/T_r(5), prove_ms, same round and container"
norm_d5,cpu4,groth16,14,3,1.806864722,"T_r(d)/T_r(5), prove_ms, same round and container"
norm_d5,cpu4,groth16,14,4,1.817051955,"T_r(d)/T_r(5), prove_ms, same round and container"
norm_d5,cpu4,groth16,14,5,1.796400365,"T_r(d)/T_r(5), prove_ms, same round and container"
norm_d5,cpu4,groth16,14,6,1.804216455,"T_r(d)/T_r(5), prove_ms, same round and container"
norm_d5,cpu4,groth16,14,7,1.781917567,"T_r(d)/T_r(5), prove_ms, same round and container"
norm_d5,cpu4,groth16,14,8,1.752895022,"T_r(d)/T_r(5), prove_ms, same round and container"
norm_d5,cpu4,groth16,14,9,1.864567137,"T_r(d)/T_r(5), prove_ms, same round and container"
norm_d5,cpu4,groth16,14,10,1.652674491,"T_r(d)/T_r(5), prove_ms, same round and container"
prove_ms,cpu4,groth16,15,1,270.266,"measured prove_ms (accepted attempt, no warm-up)"
prove_ms,cpu4,groth16,15,2,273.446,"measured prove_ms (accepted attempt, no warm-up)"
prove_ms,cpu4,groth16,15,3,262.49,"measured prove_ms (accepted attempt, no warm-up)"
prove_ms,cpu4,groth16,15,4,264.833,"measured prove_ms (accepted attempt, no warm-up)"
prove_ms,cpu4,groth16,15,5,269.27,"measured prove_ms (accepted attempt, no warm-up)"
prove_ms,cpu4,groth16,15,6,268.036,"measured prove_ms (accepted attempt, no warm-up)"
prove_ms,cpu4,groth16,15,7,287.616,"measured prove_ms (accepted attempt, no warm-up)"
prove_ms,cpu4,groth16,15,8,264.823,"measured prove_ms (accepted attempt, no warm-up)"
prove_ms,cpu4,groth16,15,9,277.056,"measured prove_ms (accepted attempt, no warm-up)"
prove_ms,cpu4,groth16,15,10,274.166,"measured prove_ms (accepted attempt, no warm-up)"
norm_d5,cpu4,groth16,15,1,1.989180675,"T_r(d)/T_r(5), prove_ms, same round and container"
norm_d5,cpu4,groth16,15,2,1.918178948,"T_r(d)/T_r(5), prove_ms, same round and container"
norm_d5,cpu4,groth16,15,3,1.843963161,"T_r(d)/T_r(5), prove_ms, same round and container"
norm_d5,cpu4,groth16,15,4,1.842931901,"T_r(d)/T_r(5), prove_ms, same round and container"
norm_d5,cpu4,groth16,15,5,1.85898321,"T_r(d)/T_r(5), prove_ms, same round and container"
norm_d5,cpu4,groth16,15,6,1.836466784,"T_r(d)/T_r(5), prove_ms, same round and container"
norm_d5,cpu4,groth16,15,7,2.007874675,"T_r(d)/T_r(5), prove_ms, same round and container"
norm_d5,cpu4,groth16,15,8,1.791281115,"T_r(d)/T_r(5), prove_ms, same round and container"
norm_d5,cpu4,groth16,15,9,1.923145269,"T_r(d)/T_r(5), prove_ms, same round and container"
norm_d5,cpu4,groth16,15,10,1.802715587,"T_r(d)/T_r(5), prove_ms, same round and container"
prove_ms,cpu4,plonk,5,1,10109.749,"measured prove_ms (accepted attempt, no warm-up)"
prove_ms,cpu4,plonk,5,2,10109.233,"measured prove_ms (accepted attempt, no warm-up)"
prove_ms,cpu4,plonk,5,3,10463.289,"measured prove_ms (accepted attempt, no warm-up)"
prove_ms,cpu4,plonk,5,4,10206.052,"measured prove_ms (accepted attempt, no warm-up)"
prove_ms,cpu4,plonk,5,5,11492.293,"measured prove_ms (accepted attempt, no warm-up)"
norm_d5,cpu4,plonk,5,1,1,"T_r(d)/T_r(5), prove_ms, same round and container"
norm_d5,cpu4,plonk,5,2,1,"T_r(d)/T_r(5), prove_ms, same round and container"
norm_d5,cpu4,plonk,5,3,1,"T_r(d)/T_r(5), prove_ms, same round and container"
norm_d5,cpu4,plonk,5,4,1,"T_r(d)/T_r(5), prove_ms, same round and container"
norm_d5,cpu4,plonk,5,5,1,"T_r(d)/T_r(5), prove_ms, same round and container"
prove_ms,cpu4,plonk,6,1,10163.384,"measured prove_ms (accepted attempt, no warm-up)"
prove_ms,cpu4,plonk,6,2,10220.468,"measured prove_ms (accepted attempt, no warm-up)"
prove_ms,cpu4,plonk,6,3,10290.249,"measured prove_ms (accepted attempt, no warm-up)"
prove_ms,cpu4,plonk,6,4,10136.729,"measured prove_ms (accepted attempt, no warm-up)"
prove_ms,cpu4,plonk,6,5,11458.655,"measured prove_ms (accepted attempt, no warm-up)"
norm_d5,cpu4,plonk,6,1,1.005305275,"T_r(d)/T_r(5), prove_ms, same round and container"
norm_d5,cpu4,plonk,6,2,1.011003308,"T_r(d)/T_r(5), prove_ms, same round and container"
norm_d5,cpu4,plonk,6,3,0.9834621791,"T_r(d)/T_r(5), prove_ms, same round and container"
norm_d5,cpu4,plonk,6,4,0.9932076576,"T_r(d)/T_r(5), prove_ms, same round and container"
norm_d5,cpu4,plonk,6,5,0.9970729949,"T_r(d)/T_r(5), prove_ms, same round and container"
prove_ms,cpu4,plonk,7,1,10178.367,"measured prove_ms (accepted attempt, no warm-up)"
prove_ms,cpu4,plonk,7,2,10191.728,"measured prove_ms (accepted attempt, no warm-up)"
prove_ms,cpu4,plonk,7,3,10938.72,"measured prove_ms (accepted attempt, no warm-up)"
prove_ms,cpu4,plonk,7,4,10298.39,"measured prove_ms (accepted attempt, no warm-up)"
prove_ms,cpu4,plonk,7,5,11916.768,"measured prove_ms (accepted attempt, no warm-up)"
norm_d5,cpu4,plonk,7,1,1.00678731,"T_r(d)/T_r(5), prove_ms, same round and container"
norm_d5,cpu4,plonk,7,2,1.008160362,"T_r(d)/T_r(5), prove_ms, same round and container"
norm_d5,cpu4,plonk,7,3,1.045438007,"T_r(d)/T_r(5), prove_ms, same round and container"
norm_d5,cpu4,plonk,7,4,1.009047377,"T_r(d)/T_r(5), prove_ms, same round and container"
norm_d5,cpu4,plonk,7,5,1.036935623,"T_r(d)/T_r(5), prove_ms, same round and container"
prove_ms,cpu4,plonk,8,1,10242.538,"measured prove_ms (accepted attempt, no warm-up)"
prove_ms,cpu4,plonk,8,2,10143.488,"measured prove_ms (accepted attempt, no warm-up)"
prove_ms,cpu4,plonk,8,3,10272.501,"measured prove_ms (accepted attempt, no warm-up)"
prove_ms,cpu4,plonk,8,4,10166.785,"measured prove_ms (accepted attempt, no warm-up)"
prove_ms,cpu4,plonk,8,5,10262.81,"measured prove_ms (accepted attempt, no warm-up)"
norm_d5,cpu4,plonk,8,1,1.013134747,"T_r(d)/T_r(5), prove_ms, same round and container"
norm_d5,cpu4,plonk,8,2,1.003388487,"T_r(d)/T_r(5), prove_ms, same round and container"
norm_d5,cpu4,plonk,8,3,0.9817659629,"T_r(d)/T_r(5), prove_ms, same round and container"
norm_d5,cpu4,plonk,8,4,0.9961525769,"T_r(d)/T_r(5), prove_ms, same round and container"
norm_d5,cpu4,plonk,8,5,0.8930167374,"T_r(d)/T_r(5), prove_ms, same round and container"
prove_ms,cpu4,plonk,9,1,10202.115,"measured prove_ms (accepted attempt, no warm-up)"
prove_ms,cpu4,plonk,9,2,10257.965,"measured prove_ms (accepted attempt, no warm-up)"
prove_ms,cpu4,plonk,9,3,10219.908,"measured prove_ms (accepted attempt, no warm-up)"
prove_ms,cpu4,plonk,9,4,10200.581,"measured prove_ms (accepted attempt, no warm-up)"
prove_ms,cpu4,plonk,9,5,11449.937,"measured prove_ms (accepted attempt, no warm-up)"
norm_d5,cpu4,plonk,9,1,1.00913633,"T_r(d)/T_r(5), prove_ms, same round and container"
norm_d5,cpu4,plonk,9,2,1.014712491,"T_r(d)/T_r(5), prove_ms, same round and container"
norm_d5,cpu4,plonk,9,3,0.9767395319,"T_r(d)/T_r(5), prove_ms, same round and container"
norm_d5,cpu4,plonk,9,4,0.9994639455,"T_r(d)/T_r(5), prove_ms, same round and container"
norm_d5,cpu4,plonk,9,5,0.9963143996,"T_r(d)/T_r(5), prove_ms, same round and container"
prove_ms,cpu4,plonk,10,1,10236.819,"measured prove_ms (accepted attempt, no warm-up)"
prove_ms,cpu4,plonk,10,2,10102.562,"measured prove_ms (accepted attempt, no warm-up)"
prove_ms,cpu4,plonk,10,3,10336.385,"measured prove_ms (accepted attempt, no warm-up)"
prove_ms,cpu4,plonk,10,4,10212.19,"measured prove_ms (accepted attempt, no warm-up)"
prove_ms,cpu4,plonk,10,5,11453.297,"measured prove_ms (accepted attempt, no warm-up)"
norm_d5,cpu4,plonk,10,1,1.012569056,"T_r(d)/T_r(5), prove_ms, same round and container"
norm_d5,cpu4,plonk,10,2,0.9993401082,"T_r(d)/T_r(5), prove_ms, same round and container"
norm_d5,cpu4,plonk,10,3,0.9878715001,"T_r(d)/T_r(5), prove_ms, same round and container"
norm_d5,cpu4,plonk,10,4,1.000601408,"T_r(d)/T_r(5), prove_ms, same round and container"
norm_d5,cpu4,plonk,10,5,0.9966067694,"T_r(d)/T_r(5), prove_ms, same round and container"
prove_ms,cpu4,plonk,11,1,19512.09,"measured prove_ms (accepted attempt, no warm-up)"
prove_ms,cpu4,plonk,11,2,19662.624,"measured prove_ms (accepted attempt, no warm-up)"
prove_ms,cpu4,plonk,11,3,19924.481,"measured prove_ms (accepted attempt, no warm-up)"
prove_ms,cpu4,plonk,11,4,19747.795,"measured prove_ms (accepted attempt, no warm-up)"
prove_ms,cpu4,plonk,11,5,22122.791,"measured prove_ms (accepted attempt, no warm-up)"
norm_d5,cpu4,plonk,11,1,1.930027145,"T_r(d)/T_r(5), prove_ms, same round and container"
norm_d5,cpu4,plonk,11,2,1.945016402,"T_r(d)/T_r(5), prove_ms, same round and container"
norm_d5,cpu4,plonk,11,3,1.904227342,"T_r(d)/T_r(5), prove_ms, same round and container"
norm_d5,cpu4,plonk,11,4,1.934910287,"T_r(d)/T_r(5), prove_ms, same round and container"
norm_d5,cpu4,plonk,11,5,1.925011049,"T_r(d)/T_r(5), prove_ms, same round and container"
prove_ms,cpu4,plonk,12,1,19690.721,"measured prove_ms (accepted attempt, no warm-up)"
prove_ms,cpu4,plonk,12,2,19642.635,"measured prove_ms (accepted attempt, no warm-up)"
prove_ms,cpu4,plonk,12,3,19680.475,"measured prove_ms (accepted attempt, no warm-up)"
prove_ms,cpu4,plonk,12,4,19613.676,"measured prove_ms (accepted attempt, no warm-up)"
prove_ms,cpu4,plonk,12,5,22069.767,"measured prove_ms (accepted attempt, no warm-up)"
norm_d5,cpu4,plonk,12,1,1.947696328,"T_r(d)/T_r(5), prove_ms, same round and container"
norm_d5,cpu4,plonk,12,2,1.943039101,"T_r(d)/T_r(5), prove_ms, same round and container"
norm_d5,cpu4,plonk,12,3,1.880907141,"T_r(d)/T_r(5), prove_ms, same round and container"
norm_d5,cpu4,plonk,12,4,1.921769162,"T_r(d)/T_r(5), prove_ms, same round and container"
norm_d5,cpu4,plonk,12,5,1.920397174,"T_r(d)/T_r(5), prove_ms, same round and container"
prove_ms,cpu4,plonk,13,1,19755.951,"measured prove_ms (accepted attempt, no warm-up)"
prove_ms,cpu4,plonk,13,2,19605.421,"measured prove_ms (accepted attempt, no warm-up)"
prove_ms,cpu4,plonk,13,3,19999.855,"measured prove_ms (accepted attempt, no warm-up)"
prove_ms,cpu4,plonk,13,4,19521.15,"measured prove_ms (accepted attempt, no warm-up)"
prove_ms,cpu4,plonk,13,5,22138.993,"measured prove_ms (accepted attempt, no warm-up)"
norm_d5,cpu4,plonk,13,1,1.954148515,"T_r(d)/T_r(5), prove_ms, same round and container"
norm_d5,cpu4,plonk,13,2,1.939357912,"T_r(d)/T_r(5), prove_ms, same round and container"
norm_d5,cpu4,plonk,13,3,1.911431004,"T_r(d)/T_r(5), prove_ms, same round and container"
norm_d5,cpu4,plonk,13,4,1.912703365,"T_r(d)/T_r(5), prove_ms, same round and container"
norm_d5,cpu4,plonk,13,5,1.926420863,"T_r(d)/T_r(5), prove_ms, same round and container"
prove_ms,cpu4,plonk,14,1,19584.503,"measured prove_ms (accepted attempt, no warm-up)"
prove_ms,cpu4,plonk,14,2,19457.551,"measured prove_ms (accepted attempt, no warm-up)"
prove_ms,cpu4,plonk,14,3,20041.854,"measured prove_ms (accepted attempt, no warm-up)"
prove_ms,cpu4,plonk,14,4,19609.663,"measured prove_ms (accepted attempt, no warm-up)"
prove_ms,cpu4,plonk,14,5,22124.977,"measured prove_ms (accepted attempt, no warm-up)"
norm_d5,cpu4,plonk,14,1,1.937189835,"T_r(d)/T_r(5), prove_ms, same round and container"
norm_d5,cpu4,plonk,14,2,1.924730689,"T_r(d)/T_r(5), prove_ms, same round and container"
norm_d5,cpu4,plonk,14,3,1.915444943,"T_r(d)/T_r(5), prove_ms, same round and container"
norm_d5,cpu4,plonk,14,4,1.921375964,"T_r(d)/T_r(5), prove_ms, same round and container"
norm_d5,cpu4,plonk,14,5,1.925201263,"T_r(d)/T_r(5), prove_ms, same round and container"
prove_ms,cpu4,plonk,15,1,19643.551,"measured prove_ms (accepted attempt, no warm-up)"
prove_ms,cpu4,plonk,15,2,19515.104,"measured prove_ms (accepted attempt, no warm-up)"
prove_ms,cpu4,plonk,15,3,19879.637,"measured prove_ms (accepted attempt, no warm-up)"
prove_ms,cpu4,plonk,15,4,19734.895,"measured prove_ms (accepted attempt, no warm-up)"
prove_ms,cpu4,plonk,15,5,22216.288,"measured prove_ms (accepted attempt, no warm-up)"
norm_d5,cpu4,plonk,15,1,1.943030534,"T_r(d)/T_r(5), prove_ms, same round and container"
norm_d5,cpu4,plonk,15,2,1.930423802,"T_r(d)/T_r(5), prove_ms, same round and container"
norm_d5,cpu4,plonk,15,3,1.8999415,"T_r(d)/T_r(5), prove_ms, same round and container"
norm_d5,cpu4,plonk,15,4,1.933646331,"T_r(d)/T_r(5), prove_ms, same round and container"
norm_d5,cpu4,plonk,15,5,1.933146675,"T_r(d)/T_r(5), prove_ms, same round and container"
prove_ms,cpu8,groth16,5,1,103.902,"measured prove_ms (accepted attempt, no warm-up)"
prove_ms,cpu8,groth16,5,2,102.175,"measured prove_ms (accepted attempt, no warm-up)"
prove_ms,cpu8,groth16,5,3,101.698,"measured prove_ms (accepted attempt, no warm-up)"
prove_ms,cpu8,groth16,5,4,106.033,"measured prove_ms (accepted attempt, no warm-up)"
prove_ms,cpu8,groth16,5,5,110.457,"measured prove_ms (accepted attempt, no warm-up)"
prove_ms,cpu8,groth16,5,6,102.721,"measured prove_ms (accepted attempt, no warm-up)"
prove_ms,cpu8,groth16,5,7,108.398,"measured prove_ms (accepted attempt, no warm-up)"
prove_ms,cpu8,groth16,5,8,104.539,"measured prove_ms (accepted attempt, no warm-up)"
prove_ms,cpu8,groth16,5,9,103.806,"measured prove_ms (accepted attempt, no warm-up)"
prove_ms,cpu8,groth16,5,10,104.318,"measured prove_ms (accepted attempt, no warm-up)"
norm_d5,cpu8,groth16,5,1,1,"T_r(d)/T_r(5), prove_ms, same round and container"
norm_d5,cpu8,groth16,5,2,1,"T_r(d)/T_r(5), prove_ms, same round and container"
norm_d5,cpu8,groth16,5,3,1,"T_r(d)/T_r(5), prove_ms, same round and container"
norm_d5,cpu8,groth16,5,4,1,"T_r(d)/T_r(5), prove_ms, same round and container"
norm_d5,cpu8,groth16,5,5,1,"T_r(d)/T_r(5), prove_ms, same round and container"
norm_d5,cpu8,groth16,5,6,1,"T_r(d)/T_r(5), prove_ms, same round and container"
norm_d5,cpu8,groth16,5,7,1,"T_r(d)/T_r(5), prove_ms, same round and container"
norm_d5,cpu8,groth16,5,8,1,"T_r(d)/T_r(5), prove_ms, same round and container"
norm_d5,cpu8,groth16,5,9,1,"T_r(d)/T_r(5), prove_ms, same round and container"
norm_d5,cpu8,groth16,5,10,1,"T_r(d)/T_r(5), prove_ms, same round and container"
prove_ms,cpu8,groth16,6,1,109.663,"measured prove_ms (accepted attempt, no warm-up)"
prove_ms,cpu8,groth16,6,2,110.118,"measured prove_ms (accepted attempt, no warm-up)"
prove_ms,cpu8,groth16,6,3,109.354,"measured prove_ms (accepted attempt, no warm-up)"
prove_ms,cpu8,groth16,6,4,111.659,"measured prove_ms (accepted attempt, no warm-up)"
prove_ms,cpu8,groth16,6,5,110.641,"measured prove_ms (accepted attempt, no warm-up)"
prove_ms,cpu8,groth16,6,6,114.761,"measured prove_ms (accepted attempt, no warm-up)"
prove_ms,cpu8,groth16,6,7,112.423,"measured prove_ms (accepted attempt, no warm-up)"
prove_ms,cpu8,groth16,6,8,112.179,"measured prove_ms (accepted attempt, no warm-up)"
prove_ms,cpu8,groth16,6,9,112.4,"measured prove_ms (accepted attempt, no warm-up)"
prove_ms,cpu8,groth16,6,10,112.342,"measured prove_ms (accepted attempt, no warm-up)"
norm_d5,cpu8,groth16,6,1,1.055446478,"T_r(d)/T_r(5), prove_ms, same round and container"
norm_d5,cpu8,groth16,6,2,1.077739173,"T_r(d)/T_r(5), prove_ms, same round and container"
norm_d5,cpu8,groth16,6,3,1.075281716,"T_r(d)/T_r(5), prove_ms, same round and container"
norm_d5,cpu8,groth16,6,4,1.053058953,"T_r(d)/T_r(5), prove_ms, same round and container"
norm_d5,cpu8,groth16,6,5,1.001665807,"T_r(d)/T_r(5), prove_ms, same round and container"
norm_d5,cpu8,groth16,6,6,1.117210697,"T_r(d)/T_r(5), prove_ms, same round and container"
norm_d5,cpu8,groth16,6,7,1.037131681,"T_r(d)/T_r(5), prove_ms, same round and container"
norm_d5,cpu8,groth16,6,8,1.073082773,"T_r(d)/T_r(5), prove_ms, same round and container"
norm_d5,cpu8,groth16,6,9,1.082789049,"T_r(d)/T_r(5), prove_ms, same round and container"
norm_d5,cpu8,groth16,6,10,1.076918653,"T_r(d)/T_r(5), prove_ms, same round and container"
prove_ms,cpu8,groth16,7,1,116.686,"measured prove_ms (accepted attempt, no warm-up)"
prove_ms,cpu8,groth16,7,2,120.545,"measured prove_ms (accepted attempt, no warm-up)"
prove_ms,cpu8,groth16,7,3,119.38,"measured prove_ms (accepted attempt, no warm-up)"
prove_ms,cpu8,groth16,7,4,123.189,"measured prove_ms (accepted attempt, no warm-up)"
prove_ms,cpu8,groth16,7,5,117.765,"measured prove_ms (accepted attempt, no warm-up)"
prove_ms,cpu8,groth16,7,6,120.973,"measured prove_ms (accepted attempt, no warm-up)"
prove_ms,cpu8,groth16,7,7,133.431,"measured prove_ms (accepted attempt, no warm-up)"
prove_ms,cpu8,groth16,7,8,121.415,"measured prove_ms (accepted attempt, no warm-up)"
prove_ms,cpu8,groth16,7,9,122.086,"measured prove_ms (accepted attempt, no warm-up)"
prove_ms,cpu8,groth16,7,10,122.609,"measured prove_ms (accepted attempt, no warm-up)"
norm_d5,cpu8,groth16,7,1,1.123039018,"T_r(d)/T_r(5), prove_ms, same round and container"
norm_d5,cpu8,groth16,7,2,1.179789577,"T_r(d)/T_r(5), prove_ms, same round and container"
norm_d5,cpu8,groth16,7,3,1.173867726,"T_r(d)/T_r(5), prove_ms, same round and container"
norm_d5,cpu8,groth16,7,4,1.161798685,"T_r(d)/T_r(5), prove_ms, same round and container"
norm_d5,cpu8,groth16,7,5,1.066161493,"T_r(d)/T_r(5), prove_ms, same round and container"
norm_d5,cpu8,groth16,7,6,1.177685186,"T_r(d)/T_r(5), prove_ms, same round and container"
norm_d5,cpu8,groth16,7,7,1.230935995,"T_r(d)/T_r(5), prove_ms, same round and container"
norm_d5,cpu8,groth16,7,8,1.161432575,"T_r(d)/T_r(5), prove_ms, same round and container"
norm_d5,cpu8,groth16,7,9,1.176097721,"T_r(d)/T_r(5), prove_ms, same round and container"
norm_d5,cpu8,groth16,7,10,1.175338868,"T_r(d)/T_r(5), prove_ms, same round and container"
prove_ms,cpu8,groth16,8,1,143.87,"measured prove_ms (accepted attempt, no warm-up)"
prove_ms,cpu8,groth16,8,2,141.347,"measured prove_ms (accepted attempt, no warm-up)"
prove_ms,cpu8,groth16,8,3,141.654,"measured prove_ms (accepted attempt, no warm-up)"
prove_ms,cpu8,groth16,8,4,138.392,"measured prove_ms (accepted attempt, no warm-up)"
prove_ms,cpu8,groth16,8,5,138.635,"measured prove_ms (accepted attempt, no warm-up)"
prove_ms,cpu8,groth16,8,6,145.044,"measured prove_ms (accepted attempt, no warm-up)"
prove_ms,cpu8,groth16,8,7,141.662,"measured prove_ms (accepted attempt, no warm-up)"
prove_ms,cpu8,groth16,8,8,142.641,"measured prove_ms (accepted attempt, no warm-up)"
prove_ms,cpu8,groth16,8,9,144.474,"measured prove_ms (accepted attempt, no warm-up)"
prove_ms,cpu8,groth16,8,10,144.33,"measured prove_ms (accepted attempt, no warm-up)"
norm_d5,cpu8,groth16,8,1,1.38467017,"T_r(d)/T_r(5), prove_ms, same round and container"
norm_d5,cpu8,groth16,8,2,1.383381453,"T_r(d)/T_r(5), prove_ms, same round and container"
norm_d5,cpu8,groth16,8,3,1.392888749,"T_r(d)/T_r(5), prove_ms, same round and container"
norm_d5,cpu8,groth16,8,4,1.305178576,"T_r(d)/T_r(5), prove_ms, same round and container"
norm_d5,cpu8,groth16,8,5,1.255103796,"T_r(d)/T_r(5), prove_ms, same round and container"
norm_d5,cpu8,groth16,8,6,1.412018964,"T_r(d)/T_r(5), prove_ms, same round and container"
norm_d5,cpu8,groth16,8,7,1.30686913,"T_r(d)/T_r(5), prove_ms, same round and container"
norm_d5,cpu8,groth16,8,8,1.364476416,"T_r(d)/T_r(5), prove_ms, same round and container"
norm_d5,cpu8,groth16,8,9,1.391769262,"T_r(d)/T_r(5), prove_ms, same round and container"
norm_d5,cpu8,groth16,8,10,1.383557967,"T_r(d)/T_r(5), prove_ms, same round and container"
prove_ms,cpu8,groth16,9,1,146.798,"measured prove_ms (accepted attempt, no warm-up)"
prove_ms,cpu8,groth16,9,2,146.533,"measured prove_ms (accepted attempt, no warm-up)"
prove_ms,cpu8,groth16,9,3,150.141,"measured prove_ms (accepted attempt, no warm-up)"
prove_ms,cpu8,groth16,9,4,148.082,"measured prove_ms (accepted attempt, no warm-up)"
prove_ms,cpu8,groth16,9,5,146.274,"measured prove_ms (accepted attempt, no warm-up)"
prove_ms,cpu8,groth16,9,6,152.491,"measured prove_ms (accepted attempt, no warm-up)"
prove_ms,cpu8,groth16,9,7,147.902,"measured prove_ms (accepted attempt, no warm-up)"
prove_ms,cpu8,groth16,9,8,148.934,"measured prove_ms (accepted attempt, no warm-up)"
prove_ms,cpu8,groth16,9,9,152.804,"measured prove_ms (accepted attempt, no warm-up)"
prove_ms,cpu8,groth16,9,10,151.815,"measured prove_ms (accepted attempt, no warm-up)"
norm_d5,cpu8,groth16,9,1,1.412850571,"T_r(d)/T_r(5), prove_ms, same round and container"
norm_d5,cpu8,groth16,9,2,1.434137509,"T_r(d)/T_r(5), prove_ms, same round and container"
norm_d5,cpu8,groth16,9,3,1.476341718,"T_r(d)/T_r(5), prove_ms, same round and container"
norm_d5,cpu8,groth16,9,4,1.39656522,"T_r(d)/T_r(5), prove_ms, same round and container"
norm_d5,cpu8,groth16,9,5,1.32426193,"T_r(d)/T_r(5), prove_ms, same round and container"
norm_d5,cpu8,groth16,9,6,1.484516311,"T_r(d)/T_r(5), prove_ms, same round and container"
norm_d5,cpu8,groth16,9,7,1.364434768,"T_r(d)/T_r(5), prove_ms, same round and container"
norm_d5,cpu8,groth16,9,8,1.424674045,"T_r(d)/T_r(5), prove_ms, same round and container"
norm_d5,cpu8,groth16,9,9,1.472015105,"T_r(d)/T_r(5), prove_ms, same round and container"
norm_d5,cpu8,groth16,9,10,1.455309726,"T_r(d)/T_r(5), prove_ms, same round and container"
prove_ms,cpu8,groth16,10,1,154.791,"measured prove_ms (accepted attempt, no warm-up)"
prove_ms,cpu8,groth16,10,2,155.51,"measured prove_ms (accepted attempt, no warm-up)"
prove_ms,cpu8,groth16,10,3,157.907,"measured prove_ms (accepted attempt, no warm-up)"
prove_ms,cpu8,groth16,10,4,154.238,"measured prove_ms (accepted attempt, no warm-up)"
prove_ms,cpu8,groth16,10,5,156.954,"measured prove_ms (accepted attempt, no warm-up)"
prove_ms,cpu8,groth16,10,6,158.025,"measured prove_ms (accepted attempt, no warm-up)"
prove_ms,cpu8,groth16,10,7,160.616,"measured prove_ms (accepted attempt, no warm-up)"
prove_ms,cpu8,groth16,10,8,156.815,"measured prove_ms (accepted attempt, no warm-up)"
prove_ms,cpu8,groth16,10,9,156.749,"measured prove_ms (accepted attempt, no warm-up)"
prove_ms,cpu8,groth16,10,10,157.373,"measured prove_ms (accepted attempt, no warm-up)"
norm_d5,cpu8,groth16,10,1,1.48977883,"T_r(d)/T_r(5), prove_ms, same round and container"
norm_d5,cpu8,groth16,10,2,1.521996575,"T_r(d)/T_r(5), prove_ms, same round and container"
norm_d5,cpu8,groth16,10,3,1.552705068,"T_r(d)/T_r(5), prove_ms, same round and container"
norm_d5,cpu8,groth16,10,4,1.454622617,"T_r(d)/T_r(5), prove_ms, same round and container"
norm_d5,cpu8,groth16,10,5,1.420951139,"T_r(d)/T_r(5), prove_ms, same round and container"
norm_d5,cpu8,groth16,10,6,1.538390397,"T_r(d)/T_r(5), prove_ms, same round and container"
norm_d5,cpu8,groth16,10,7,1.481724755,"T_r(d)/T_r(5), prove_ms, same round and container"
norm_d5,cpu8,groth16,10,8,1.500062178,"T_r(d)/T_r(5), prove_ms, same round and container"
norm_d5,cpu8,groth16,10,9,1.510018689,"T_r(d)/T_r(5), prove_ms, same round and container"
norm_d5,cpu8,groth16,10,10,1.508589122,"T_r(d)/T_r(5), prove_ms, same round and container"
prove_ms,cpu8,groth16,11,1,163.875,"measured prove_ms (accepted attempt, no warm-up)"
prove_ms,cpu8,groth16,11,2,160.566,"measured prove_ms (accepted attempt, no warm-up)"
prove_ms,cpu8,groth16,11,3,161.24,"measured prove_ms (accepted attempt, no warm-up)"
prove_ms,cpu8,groth16,11,4,163.651,"measured prove_ms (accepted attempt, no warm-up)"
prove_ms,cpu8,groth16,11,5,162.463,"measured prove_ms (accepted attempt, no warm-up)"
prove_ms,cpu8,groth16,11,6,165.203,"measured prove_ms (accepted attempt, no warm-up)"
prove_ms,cpu8,groth16,11,7,166.016,"measured prove_ms (accepted attempt, no warm-up)"
prove_ms,cpu8,groth16,11,8,168.123,"measured prove_ms (accepted attempt, no warm-up)"
prove_ms,cpu8,groth16,11,9,166.619,"measured prove_ms (accepted attempt, no warm-up)"
prove_ms,cpu8,groth16,11,10,166.636,"measured prove_ms (accepted attempt, no warm-up)"
norm_d5,cpu8,groth16,11,1,1.577207368,"T_r(d)/T_r(5), prove_ms, same round and container"
norm_d5,cpu8,groth16,11,2,1.571480303,"T_r(d)/T_r(5), prove_ms, same round and container"
norm_d5,cpu8,groth16,11,3,1.585478574,"T_r(d)/T_r(5), prove_ms, same round and container"
norm_d5,cpu8,groth16,11,4,1.543396867,"T_r(d)/T_r(5), prove_ms, same round and container"
norm_d5,cpu8,groth16,11,5,1.470825751,"T_r(d)/T_r(5), prove_ms, same round and container"
norm_d5,cpu8,groth16,11,6,1.608269,"T_r(d)/T_r(5), prove_ms, same round and container"
norm_d5,cpu8,groth16,11,7,1.531541172,"T_r(d)/T_r(5), prove_ms, same round and container"
norm_d5,cpu8,groth16,11,8,1.608232334,"T_r(d)/T_r(5), prove_ms, same round and container"
norm_d5,cpu8,groth16,11,9,1.605099898,"T_r(d)/T_r(5), prove_ms, same round and container"
norm_d5,cpu8,groth16,11,10,1.597384919,"T_r(d)/T_r(5), prove_ms, same round and container"
prove_ms,cpu8,groth16,12,1,170.982,"measured prove_ms (accepted attempt, no warm-up)"
prove_ms,cpu8,groth16,12,2,171.628,"measured prove_ms (accepted attempt, no warm-up)"
prove_ms,cpu8,groth16,12,3,170.958,"measured prove_ms (accepted attempt, no warm-up)"
prove_ms,cpu8,groth16,12,4,172.069,"measured prove_ms (accepted attempt, no warm-up)"
prove_ms,cpu8,groth16,12,5,170.462,"measured prove_ms (accepted attempt, no warm-up)"
prove_ms,cpu8,groth16,12,6,173.918,"measured prove_ms (accepted attempt, no warm-up)"
prove_ms,cpu8,groth16,12,7,172.574,"measured prove_ms (accepted attempt, no warm-up)"
prove_ms,cpu8,groth16,12,8,178.151,"measured prove_ms (accepted attempt, no warm-up)"
prove_ms,cpu8,groth16,12,9,173.113,"measured prove_ms (accepted attempt, no warm-up)"
prove_ms,cpu8,groth16,12,10,173.987,"measured prove_ms (accepted attempt, no warm-up)"
norm_d5,cpu8,groth16,12,1,1.645608362,"T_r(d)/T_r(5), prove_ms, same round and container"
norm_d5,cpu8,groth16,12,2,1.679745535,"T_r(d)/T_r(5), prove_ms, same round and container"
norm_d5,cpu8,groth16,12,3,1.681036009,"T_r(d)/T_r(5), prove_ms, same round and container"
norm_d5,cpu8,groth16,12,4,1.622787245,"T_r(d)/T_r(5), prove_ms, same round and container"
norm_d5,cpu8,groth16,12,5,1.543243072,"T_r(d)/T_r(5), prove_ms, same round and container"
norm_d5,cpu8,groth16,12,6,1.693110464,"T_r(d)/T_r(5), prove_ms, same round and container"
norm_d5,cpu8,groth16,12,7,1.592040444,"T_r(d)/T_r(5), prove_ms, same round and container"
norm_d5,cpu8,groth16,12,8,1.704158257,"T_r(d)/T_r(5), prove_ms, same round and container"
norm_d5,cpu8,groth16,12,9,1.667658902,"T_r(d)/T_r(5), prove_ms, same round and container"
norm_d5,cpu8,groth16,12,10,1.667852144,"T_r(d)/T_r(5), prove_ms, same round and container"
prove_ms,cpu8,groth16,13,1,178.872,"measured prove_ms (accepted attempt, no warm-up)"
prove_ms,cpu8,groth16,13,2,179.244,"measured prove_ms (accepted attempt, no warm-up)"
prove_ms,cpu8,groth16,13,3,177.44,"measured prove_ms (accepted attempt, no warm-up)"
prove_ms,cpu8,groth16,13,4,178.472,"measured prove_ms (accepted attempt, no warm-up)"
prove_ms,cpu8,groth16,13,5,180.976,"measured prove_ms (accepted attempt, no warm-up)"
prove_ms,cpu8,groth16,13,6,183.706,"measured prove_ms (accepted attempt, no warm-up)"
prove_ms,cpu8,groth16,13,7,178.241,"measured prove_ms (accepted attempt, no warm-up)"
prove_ms,cpu8,groth16,13,8,178.488,"measured prove_ms (accepted attempt, no warm-up)"
prove_ms,cpu8,groth16,13,9,224.393,"measured prove_ms (accepted attempt, no warm-up)"
prove_ms,cpu8,groth16,13,10,180.949,"measured prove_ms (accepted attempt, no warm-up)"
norm_d5,cpu8,groth16,13,1,1.721545302,"T_r(d)/T_r(5), prove_ms, same round and container"
norm_d5,cpu8,groth16,13,2,1.754284316,"T_r(d)/T_r(5), prove_ms, same round and container"
norm_d5,cpu8,groth16,13,3,1.744773742,"T_r(d)/T_r(5), prove_ms, same round and container"
norm_d5,cpu8,groth16,13,4,1.683174106,"T_r(d)/T_r(5), prove_ms, same round and container"
norm_d5,cpu8,groth16,13,5,1.638429434,"T_r(d)/T_r(5), prove_ms, same round and container"
norm_d5,cpu8,groth16,13,6,1.788397699,"T_r(d)/T_r(5), prove_ms, same round and container"
norm_d5,cpu8,groth16,13,7,1.644320006,"T_r(d)/T_r(5), prove_ms, same round and container"
norm_d5,cpu8,groth16,13,8,1.707381934,"T_r(d)/T_r(5), prove_ms, same round and container"
norm_d5,cpu8,groth16,13,9,2.161657322,"T_r(d)/T_r(5), prove_ms, same round and container"
norm_d5,cpu8,groth16,13,10,1.734590387,"T_r(d)/T_r(5), prove_ms, same round and container"
prove_ms,cpu8,groth16,14,1,184.804,"measured prove_ms (accepted attempt, no warm-up)"
prove_ms,cpu8,groth16,14,2,188.165,"measured prove_ms (accepted attempt, no warm-up)"
prove_ms,cpu8,groth16,14,3,187.64,"measured prove_ms (accepted attempt, no warm-up)"
prove_ms,cpu8,groth16,14,4,185.944,"measured prove_ms (accepted attempt, no warm-up)"
prove_ms,cpu8,groth16,14,5,189.017,"measured prove_ms (accepted attempt, no warm-up)"
prove_ms,cpu8,groth16,14,6,188.82,"measured prove_ms (accepted attempt, no warm-up)"
prove_ms,cpu8,groth16,14,7,189.366,"measured prove_ms (accepted attempt, no warm-up)"
prove_ms,cpu8,groth16,14,8,185.147,"measured prove_ms (accepted attempt, no warm-up)"
prove_ms,cpu8,groth16,14,9,187.261,"measured prove_ms (accepted attempt, no warm-up)"
prove_ms,cpu8,groth16,14,10,188.339,"measured prove_ms (accepted attempt, no warm-up)"
norm_d5,cpu8,groth16,14,1,1.778637562,"T_r(d)/T_r(5), prove_ms, same round and container"
norm_d5,cpu8,groth16,14,2,1.841595302,"T_r(d)/T_r(5), prove_ms, same round and container"
norm_d5,cpu8,groth16,14,3,1.8450707,"T_r(d)/T_r(5), prove_ms, same round and container"
norm_d5,cpu8,groth16,14,4,1.753642734,"T_r(d)/T_r(5), prove_ms, same round and container"
norm_d5,cpu8,groth16,14,5,1.711226993,"T_r(d)/T_r(5), prove_ms, same round and container"
norm_d5,cpu8,groth16,14,6,1.838183039,"T_r(d)/T_r(5), prove_ms, same round and container"
norm_d5,cpu8,groth16,14,7,1.746951051,"T_r(d)/T_r(5), prove_ms, same round and container"
norm_d5,cpu8,groth16,14,8,1.771080649,"T_r(d)/T_r(5), prove_ms, same round and container"
norm_d5,cpu8,groth16,14,9,1.803951602,"T_r(d)/T_r(5), prove_ms, same round and container"
norm_d5,cpu8,groth16,14,10,1.805431469,"T_r(d)/T_r(5), prove_ms, same round and container"
prove_ms,cpu8,groth16,15,1,194.144,"measured prove_ms (accepted attempt, no warm-up)"
prove_ms,cpu8,groth16,15,2,192.641,"measured prove_ms (accepted attempt, no warm-up)"
prove_ms,cpu8,groth16,15,3,191.144,"measured prove_ms (accepted attempt, no warm-up)"
prove_ms,cpu8,groth16,15,4,197.5,"measured prove_ms (accepted attempt, no warm-up)"
prove_ms,cpu8,groth16,15,5,188.058,"measured prove_ms (accepted attempt, no warm-up)"
prove_ms,cpu8,groth16,15,6,197.416,"measured prove_ms (accepted attempt, no warm-up)"
prove_ms,cpu8,groth16,15,7,194.035,"measured prove_ms (accepted attempt, no warm-up)"
prove_ms,cpu8,groth16,15,8,200.492,"measured prove_ms (accepted attempt, no warm-up)"
prove_ms,cpu8,groth16,15,9,198.768,"measured prove_ms (accepted attempt, no warm-up)"
prove_ms,cpu8,groth16,15,10,196.521,"measured prove_ms (accepted attempt, no warm-up)"
norm_d5,cpu8,groth16,15,1,1.868529961,"T_r(d)/T_r(5), prove_ms, same round and container"
norm_d5,cpu8,groth16,15,2,1.885402496,"T_r(d)/T_r(5), prove_ms, same round and container"
norm_d5,cpu8,groth16,15,3,1.879525654,"T_r(d)/T_r(5), prove_ms, same round and container"
norm_d5,cpu8,groth16,15,4,1.862627673,"T_r(d)/T_r(5), prove_ms, same round and container"
norm_d5,cpu8,groth16,15,5,1.702544882,"T_r(d)/T_r(5), prove_ms, same round and container"
norm_d5,cpu8,groth16,15,6,1.921866025,"T_r(d)/T_r(5), prove_ms, same round and container"
norm_d5,cpu8,groth16,15,7,1.790023801,"T_r(d)/T_r(5), prove_ms, same round and container"
norm_d5,cpu8,groth16,15,8,1.917867973,"T_r(d)/T_r(5), prove_ms, same round and container"
norm_d5,cpu8,groth16,15,9,1.914802613,"T_r(d)/T_r(5), prove_ms, same round and container"
norm_d5,cpu8,groth16,15,10,1.883864721,"T_r(d)/T_r(5), prove_ms, same round and container"
prove_ms,cpu8,plonk,5,1,9537.429,"measured prove_ms (accepted attempt, no warm-up)"
prove_ms,cpu8,plonk,5,2,9593.857,"measured prove_ms (accepted attempt, no warm-up)"
prove_ms,cpu8,plonk,5,3,9455.586,"measured prove_ms (accepted attempt, no warm-up)"
prove_ms,cpu8,plonk,5,4,9473.726,"measured prove_ms (accepted attempt, no warm-up)"
prove_ms,cpu8,plonk,5,5,9776.067,"measured prove_ms (accepted attempt, no warm-up)"
norm_d5,cpu8,plonk,5,1,1,"T_r(d)/T_r(5), prove_ms, same round and container"
norm_d5,cpu8,plonk,5,2,1,"T_r(d)/T_r(5), prove_ms, same round and container"
norm_d5,cpu8,plonk,5,3,1,"T_r(d)/T_r(5), prove_ms, same round and container"
norm_d5,cpu8,plonk,5,4,1,"T_r(d)/T_r(5), prove_ms, same round and container"
norm_d5,cpu8,plonk,5,5,1,"T_r(d)/T_r(5), prove_ms, same round and container"
prove_ms,cpu8,plonk,6,1,9602.147,"measured prove_ms (accepted attempt, no warm-up)"
prove_ms,cpu8,plonk,6,2,9741.263,"measured prove_ms (accepted attempt, no warm-up)"
prove_ms,cpu8,plonk,6,3,9510.247,"measured prove_ms (accepted attempt, no warm-up)"
prove_ms,cpu8,plonk,6,4,9437.929,"measured prove_ms (accepted attempt, no warm-up)"
prove_ms,cpu8,plonk,6,5,9749.309,"measured prove_ms (accepted attempt, no warm-up)"
norm_d5,cpu8,plonk,6,1,1.006785686,"T_r(d)/T_r(5), prove_ms, same round and container"
norm_d5,cpu8,plonk,6,2,1.015364623,"T_r(d)/T_r(5), prove_ms, same round and container"
norm_d5,cpu8,plonk,6,3,1.005780816,"T_r(d)/T_r(5), prove_ms, same round and container"
norm_d5,cpu8,plonk,6,4,0.9962214444,"T_r(d)/T_r(5), prove_ms, same round and container"
norm_d5,cpu8,plonk,6,5,0.9972629075,"T_r(d)/T_r(5), prove_ms, same round and container"
prove_ms,cpu8,plonk,7,1,9621.122,"measured prove_ms (accepted attempt, no warm-up)"
prove_ms,cpu8,plonk,7,2,9650.937,"measured prove_ms (accepted attempt, no warm-up)"
prove_ms,cpu8,plonk,7,3,9459.999,"measured prove_ms (accepted attempt, no warm-up)"
prove_ms,cpu8,plonk,7,4,9519.283,"measured prove_ms (accepted attempt, no warm-up)"
prove_ms,cpu8,plonk,7,5,9748.596,"measured prove_ms (accepted attempt, no warm-up)"
norm_d5,cpu8,plonk,7,1,1.008775216,"T_r(d)/T_r(5), prove_ms, same round and container"
norm_d5,cpu8,plonk,7,2,1.00594964,"T_r(d)/T_r(5), prove_ms, same round and container"
norm_d5,cpu8,plonk,7,3,1.000466708,"T_r(d)/T_r(5), prove_ms, same round and container"
norm_d5,cpu8,plonk,7,4,1.004808773,"T_r(d)/T_r(5), prove_ms, same round and container"
norm_d5,cpu8,plonk,7,5,0.9971899743,"T_r(d)/T_r(5), prove_ms, same round and container"
prove_ms,cpu8,plonk,8,1,9702.806,"measured prove_ms (accepted attempt, no warm-up)"
prove_ms,cpu8,plonk,8,2,9569.4,"measured prove_ms (accepted attempt, no warm-up)"
prove_ms,cpu8,plonk,8,3,9453.361,"measured prove_ms (accepted attempt, no warm-up)"
prove_ms,cpu8,plonk,8,4,9470.952,"measured prove_ms (accepted attempt, no warm-up)"
prove_ms,cpu8,plonk,8,5,9624.805,"measured prove_ms (accepted attempt, no warm-up)"
norm_d5,cpu8,plonk,8,1,1.017339788,"T_r(d)/T_r(5), prove_ms, same round and container"
norm_d5,cpu8,plonk,8,2,0.9974507646,"T_r(d)/T_r(5), prove_ms, same round and container"
norm_d5,cpu8,plonk,8,3,0.9997646894,"T_r(d)/T_r(5), prove_ms, same round and container"
norm_d5,cpu8,plonk,8,4,0.9997071902,"T_r(d)/T_r(5), prove_ms, same round and container"
norm_d5,cpu8,plonk,8,5,0.9845273155,"T_r(d)/T_r(5), prove_ms, same round and container"
prove_ms,cpu8,plonk,9,1,9590.379,"measured prove_ms (accepted attempt, no warm-up)"
prove_ms,cpu8,plonk,9,2,9686.901,"measured prove_ms (accepted attempt, no warm-up)"
prove_ms,cpu8,plonk,9,3,9618.068,"measured prove_ms (accepted attempt, no warm-up)"
prove_ms,cpu8,plonk,9,4,9532.95,"measured prove_ms (accepted attempt, no warm-up)"
prove_ms,cpu8,plonk,9,5,9790.25,"measured prove_ms (accepted attempt, no warm-up)"
norm_d5,cpu8,plonk,9,1,1.005551811,"T_r(d)/T_r(5), prove_ms, same round and container"
norm_d5,cpu8,plonk,9,2,1.009698289,"T_r(d)/T_r(5), prove_ms, same round and container"
norm_d5,cpu8,plonk,9,3,1.017183705,"T_r(d)/T_r(5), prove_ms, same round and container"
norm_d5,cpu8,plonk,9,4,1.006251395,"T_r(d)/T_r(5), prove_ms, same round and container"
norm_d5,cpu8,plonk,9,5,1.001450788,"T_r(d)/T_r(5), prove_ms, same round and container"
prove_ms,cpu8,plonk,10,1,9668.27,"measured prove_ms (accepted attempt, no warm-up)"
prove_ms,cpu8,plonk,10,2,9748.811,"measured prove_ms (accepted attempt, no warm-up)"
prove_ms,cpu8,plonk,10,3,9471.368,"measured prove_ms (accepted attempt, no warm-up)"
prove_ms,cpu8,plonk,10,4,9482.459,"measured prove_ms (accepted attempt, no warm-up)"
prove_ms,cpu8,plonk,10,5,9768.019,"measured prove_ms (accepted attempt, no warm-up)"
norm_d5,cpu8,plonk,10,1,1.013718687,"T_r(d)/T_r(5), prove_ms, same round and container"
norm_d5,cpu8,plonk,10,2,1.016151377,"T_r(d)/T_r(5), prove_ms, same round and container"
norm_d5,cpu8,plonk,10,3,1.001669066,"T_r(d)/T_r(5), prove_ms, same round and container"
norm_d5,cpu8,plonk,10,4,1.000921813,"T_r(d)/T_r(5), prove_ms, same round and container"
norm_d5,cpu8,plonk,10,5,0.9991767651,"T_r(d)/T_r(5), prove_ms, same round and container"
prove_ms,cpu8,plonk,11,1,18815.917,"measured prove_ms (accepted attempt, no warm-up)"
prove_ms,cpu8,plonk,11,2,19027.235,"measured prove_ms (accepted attempt, no warm-up)"
prove_ms,cpu8,plonk,11,3,18540.399,"measured prove_ms (accepted attempt, no warm-up)"
prove_ms,cpu8,plonk,11,4,19021.382,"measured prove_ms (accepted attempt, no warm-up)"
prove_ms,cpu8,plonk,11,5,19145.941,"measured prove_ms (accepted attempt, no warm-up)"
norm_d5,cpu8,plonk,11,1,1.972850021,"T_r(d)/T_r(5), prove_ms, same round and container"
norm_d5,cpu8,plonk,11,2,1.983272734,"T_r(d)/T_r(5), prove_ms, same round and container"
norm_d5,cpu8,plonk,11,3,1.960787941,"T_r(d)/T_r(5), prove_ms, same round and container"
norm_d5,cpu8,plonk,11,4,2.007803688,"T_r(d)/T_r(5), prove_ms, same round and container"
norm_d5,cpu8,plonk,11,5,1.958450264,"T_r(d)/T_r(5), prove_ms, same round and container"
prove_ms,cpu8,plonk,12,1,18787.839,"measured prove_ms (accepted attempt, no warm-up)"
prove_ms,cpu8,plonk,12,2,19061.914,"measured prove_ms (accepted attempt, no warm-up)"
prove_ms,cpu8,plonk,12,3,18584.003,"measured prove_ms (accepted attempt, no warm-up)"
prove_ms,cpu8,plonk,12,4,18606.329,"measured prove_ms (accepted attempt, no warm-up)"
prove_ms,cpu8,plonk,12,5,18924.916,"measured prove_ms (accepted attempt, no warm-up)"
norm_d5,cpu8,plonk,12,1,1.969906041,"T_r(d)/T_r(5), prove_ms, same round and container"
norm_d5,cpu8,plonk,12,2,1.986887443,"T_r(d)/T_r(5), prove_ms, same round and container"
norm_d5,cpu8,plonk,12,3,1.965399395,"T_r(d)/T_r(5), prove_ms, same round and container"
norm_d5,cpu8,plonk,12,4,1.963992731,"T_r(d)/T_r(5), prove_ms, same round and container"
norm_d5,cpu8,plonk,12,5,1.935841479,"T_r(d)/T_r(5), prove_ms, same round and container"
prove_ms,cpu8,plonk,13,1,18599.263,"measured prove_ms (accepted attempt, no warm-up)"
prove_ms,cpu8,plonk,13,2,18795.585,"measured prove_ms (accepted attempt, no warm-up)"
prove_ms,cpu8,plonk,13,3,18692.25,"measured prove_ms (accepted attempt, no warm-up)"
prove_ms,cpu8,plonk,13,4,18508.534,"measured prove_ms (accepted attempt, no warm-up)"
prove_ms,cpu8,plonk,13,5,18796.125,"measured prove_ms (accepted attempt, no warm-up)"
norm_d5,cpu8,plonk,13,1,1.950133836,"T_r(d)/T_r(5), prove_ms, same round and container"
norm_d5,cpu8,plonk,13,2,1.959127075,"T_r(d)/T_r(5), prove_ms, same round and container"
norm_d5,cpu8,plonk,13,3,1.976847337,"T_r(d)/T_r(5), prove_ms, same round and container"
norm_d5,cpu8,plonk,13,4,1.953669971,"T_r(d)/T_r(5), prove_ms, same round and container"
norm_d5,cpu8,plonk,13,5,1.922667367,"T_r(d)/T_r(5), prove_ms, same round and container"
prove_ms,cpu8,plonk,14,1,18736.518,"measured prove_ms (accepted attempt, no warm-up)"
prove_ms,cpu8,plonk,14,2,19247.897,"measured prove_ms (accepted attempt, no warm-up)"
prove_ms,cpu8,plonk,14,3,18570.853,"measured prove_ms (accepted attempt, no warm-up)"
prove_ms,cpu8,plonk,14,4,18591.235,"measured prove_ms (accepted attempt, no warm-up)"
prove_ms,cpu8,plonk,14,5,19306.235,"measured prove_ms (accepted attempt, no warm-up)"
norm_d5,cpu8,plonk,14,1,1.964525031,"T_r(d)/T_r(5), prove_ms, same round and container"
norm_d5,cpu8,plonk,14,2,2.006273077,"T_r(d)/T_r(5), prove_ms, same round and container"
norm_d5,cpu8,plonk,14,3,1.964008682,"T_r(d)/T_r(5), prove_ms, same round and container"
norm_d5,cpu8,plonk,14,4,1.962399483,"T_r(d)/T_r(5), prove_ms, same round and container"
norm_d5,cpu8,plonk,14,5,1.974846838,"T_r(d)/T_r(5), prove_ms, same round and container"
prove_ms,cpu8,plonk,15,1,19218.305,"measured prove_ms (accepted attempt, no warm-up)"
prove_ms,cpu8,plonk,15,2,18990.498,"measured prove_ms (accepted attempt, no warm-up)"
prove_ms,cpu8,plonk,15,3,18488.716,"measured prove_ms (accepted attempt, no warm-up)"
prove_ms,cpu8,plonk,15,4,18463.128,"measured prove_ms (accepted attempt, no warm-up)"
prove_ms,cpu8,plonk,15,5,18924.527,"measured prove_ms (accepted attempt, no warm-up)"
norm_d5,cpu8,plonk,15,1,2.015040427,"T_r(d)/T_r(5), prove_ms, same round and container"
norm_d5,cpu8,plonk,15,2,1.979443513,"T_r(d)/T_r(5), prove_ms, same round and container"
norm_d5,cpu8,plonk,15,3,1.955322071,"T_r(d)/T_r(5), prove_ms, same round and container"
norm_d5,cpu8,plonk,15,4,1.948877137,"T_r(d)/T_r(5), prove_ms, same round and container"
norm_d5,cpu8,plonk,15,5,1.935801688,"T_r(d)/T_r(5), prove_ms, same round and container"
plonk_minus_groth16_s,cpu2,plonk-groth16,5,1,13.024275,"(PLONK_r(d) - Groth16_r(d)) / 1000, prove_ms, same round and allocation"
plonk_minus_groth16_s,cpu2,plonk-groth16,5,2,11.805625,"(PLONK_r(d) - Groth16_r(d)) / 1000, prove_ms, same round and allocation"
plonk_minus_groth16_s,cpu2,plonk-groth16,5,3,12.679467,"(PLONK_r(d) - Groth16_r(d)) / 1000, prove_ms, same round and allocation"
plonk_minus_groth16_s,cpu2,plonk-groth16,5,4,11.641883,"(PLONK_r(d) - Groth16_r(d)) / 1000, prove_ms, same round and allocation"
plonk_minus_groth16_s,cpu2,plonk-groth16,5,5,12.064393,"(PLONK_r(d) - Groth16_r(d)) / 1000, prove_ms, same round and allocation"
plonk_minus_groth16_s,cpu2,plonk-groth16,6,1,13.07476,"(PLONK_r(d) - Groth16_r(d)) / 1000, prove_ms, same round and allocation"
plonk_minus_groth16_s,cpu2,plonk-groth16,6,2,11.83243,"(PLONK_r(d) - Groth16_r(d)) / 1000, prove_ms, same round and allocation"
plonk_minus_groth16_s,cpu2,plonk-groth16,6,3,11.935203,"(PLONK_r(d) - Groth16_r(d)) / 1000, prove_ms, same round and allocation"
plonk_minus_groth16_s,cpu2,plonk-groth16,6,4,11.645659,"(PLONK_r(d) - Groth16_r(d)) / 1000, prove_ms, same round and allocation"
plonk_minus_groth16_s,cpu2,plonk-groth16,6,5,11.818666,"(PLONK_r(d) - Groth16_r(d)) / 1000, prove_ms, same round and allocation"
plonk_minus_groth16_s,cpu2,plonk-groth16,7,1,13.039868,"(PLONK_r(d) - Groth16_r(d)) / 1000, prove_ms, same round and allocation"
plonk_minus_groth16_s,cpu2,plonk-groth16,7,2,11.77922,"(PLONK_r(d) - Groth16_r(d)) / 1000, prove_ms, same round and allocation"
plonk_minus_groth16_s,cpu2,plonk-groth16,7,3,11.995752,"(PLONK_r(d) - Groth16_r(d)) / 1000, prove_ms, same round and allocation"
plonk_minus_groth16_s,cpu2,plonk-groth16,7,4,11.733123,"(PLONK_r(d) - Groth16_r(d)) / 1000, prove_ms, same round and allocation"
plonk_minus_groth16_s,cpu2,plonk-groth16,7,5,11.905958,"(PLONK_r(d) - Groth16_r(d)) / 1000, prove_ms, same round and allocation"
plonk_minus_groth16_s,cpu2,plonk-groth16,8,1,12.993113,"(PLONK_r(d) - Groth16_r(d)) / 1000, prove_ms, same round and allocation"
plonk_minus_groth16_s,cpu2,plonk-groth16,8,2,11.737502,"(PLONK_r(d) - Groth16_r(d)) / 1000, prove_ms, same round and allocation"
plonk_minus_groth16_s,cpu2,plonk-groth16,8,3,11.921176,"(PLONK_r(d) - Groth16_r(d)) / 1000, prove_ms, same round and allocation"
plonk_minus_groth16_s,cpu2,plonk-groth16,8,4,11.738856,"(PLONK_r(d) - Groth16_r(d)) / 1000, prove_ms, same round and allocation"
plonk_minus_groth16_s,cpu2,plonk-groth16,8,5,11.973647,"(PLONK_r(d) - Groth16_r(d)) / 1000, prove_ms, same round and allocation"
plonk_minus_groth16_s,cpu2,plonk-groth16,9,1,12.925584,"(PLONK_r(d) - Groth16_r(d)) / 1000, prove_ms, same round and allocation"
plonk_minus_groth16_s,cpu2,plonk-groth16,9,2,11.803438,"(PLONK_r(d) - Groth16_r(d)) / 1000, prove_ms, same round and allocation"
plonk_minus_groth16_s,cpu2,plonk-groth16,9,3,11.819938,"(PLONK_r(d) - Groth16_r(d)) / 1000, prove_ms, same round and allocation"
plonk_minus_groth16_s,cpu2,plonk-groth16,9,4,11.640741,"(PLONK_r(d) - Groth16_r(d)) / 1000, prove_ms, same round and allocation"
plonk_minus_groth16_s,cpu2,plonk-groth16,9,5,12.04166,"(PLONK_r(d) - Groth16_r(d)) / 1000, prove_ms, same round and allocation"
plonk_minus_groth16_s,cpu2,plonk-groth16,10,1,13.016942,"(PLONK_r(d) - Groth16_r(d)) / 1000, prove_ms, same round and allocation"
plonk_minus_groth16_s,cpu2,plonk-groth16,10,2,11.72014,"(PLONK_r(d) - Groth16_r(d)) / 1000, prove_ms, same round and allocation"
plonk_minus_groth16_s,cpu2,plonk-groth16,10,3,11.830522,"(PLONK_r(d) - Groth16_r(d)) / 1000, prove_ms, same round and allocation"
plonk_minus_groth16_s,cpu2,plonk-groth16,10,4,11.681918,"(PLONK_r(d) - Groth16_r(d)) / 1000, prove_ms, same round and allocation"
plonk_minus_groth16_s,cpu2,plonk-groth16,10,5,11.824795,"(PLONK_r(d) - Groth16_r(d)) / 1000, prove_ms, same round and allocation"
plonk_minus_groth16_s,cpu2,plonk-groth16,11,1,25.704662,"(PLONK_r(d) - Groth16_r(d)) / 1000, prove_ms, same round and allocation"
plonk_minus_groth16_s,cpu2,plonk-groth16,11,2,22.919533,"(PLONK_r(d) - Groth16_r(d)) / 1000, prove_ms, same round and allocation"
plonk_minus_groth16_s,cpu2,plonk-groth16,11,3,23.137688,"(PLONK_r(d) - Groth16_r(d)) / 1000, prove_ms, same round and allocation"
plonk_minus_groth16_s,cpu2,plonk-groth16,11,4,22.780035,"(PLONK_r(d) - Groth16_r(d)) / 1000, prove_ms, same round and allocation"
plonk_minus_groth16_s,cpu2,plonk-groth16,11,5,23.303694,"(PLONK_r(d) - Groth16_r(d)) / 1000, prove_ms, same round and allocation"
plonk_minus_groth16_s,cpu2,plonk-groth16,12,1,25.465453,"(PLONK_r(d) - Groth16_r(d)) / 1000, prove_ms, same round and allocation"
plonk_minus_groth16_s,cpu2,plonk-groth16,12,2,22.901242,"(PLONK_r(d) - Groth16_r(d)) / 1000, prove_ms, same round and allocation"
plonk_minus_groth16_s,cpu2,plonk-groth16,12,3,22.996164,"(PLONK_r(d) - Groth16_r(d)) / 1000, prove_ms, same round and allocation"
plonk_minus_groth16_s,cpu2,plonk-groth16,12,4,22.693052,"(PLONK_r(d) - Groth16_r(d)) / 1000, prove_ms, same round and allocation"
plonk_minus_groth16_s,cpu2,plonk-groth16,12,5,23.067384,"(PLONK_r(d) - Groth16_r(d)) / 1000, prove_ms, same round and allocation"
plonk_minus_groth16_s,cpu2,plonk-groth16,13,1,25.214506,"(PLONK_r(d) - Groth16_r(d)) / 1000, prove_ms, same round and allocation"
plonk_minus_groth16_s,cpu2,plonk-groth16,13,2,22.928701,"(PLONK_r(d) - Groth16_r(d)) / 1000, prove_ms, same round and allocation"
plonk_minus_groth16_s,cpu2,plonk-groth16,13,3,23.098024,"(PLONK_r(d) - Groth16_r(d)) / 1000, prove_ms, same round and allocation"
plonk_minus_groth16_s,cpu2,plonk-groth16,13,4,22.628395,"(PLONK_r(d) - Groth16_r(d)) / 1000, prove_ms, same round and allocation"
plonk_minus_groth16_s,cpu2,plonk-groth16,13,5,22.977369,"(PLONK_r(d) - Groth16_r(d)) / 1000, prove_ms, same round and allocation"
plonk_minus_groth16_s,cpu2,plonk-groth16,14,1,24.877001,"(PLONK_r(d) - Groth16_r(d)) / 1000, prove_ms, same round and allocation"
plonk_minus_groth16_s,cpu2,plonk-groth16,14,2,22.85013,"(PLONK_r(d) - Groth16_r(d)) / 1000, prove_ms, same round and allocation"
plonk_minus_groth16_s,cpu2,plonk-groth16,14,3,23.192591,"(PLONK_r(d) - Groth16_r(d)) / 1000, prove_ms, same round and allocation"
plonk_minus_groth16_s,cpu2,plonk-groth16,14,4,22.868345,"(PLONK_r(d) - Groth16_r(d)) / 1000, prove_ms, same round and allocation"
plonk_minus_groth16_s,cpu2,plonk-groth16,14,5,23.254549,"(PLONK_r(d) - Groth16_r(d)) / 1000, prove_ms, same round and allocation"
plonk_minus_groth16_s,cpu2,plonk-groth16,15,1,25.359232,"(PLONK_r(d) - Groth16_r(d)) / 1000, prove_ms, same round and allocation"
plonk_minus_groth16_s,cpu2,plonk-groth16,15,2,22.766911,"(PLONK_r(d) - Groth16_r(d)) / 1000, prove_ms, same round and allocation"
plonk_minus_groth16_s,cpu2,plonk-groth16,15,3,22.850214,"(PLONK_r(d) - Groth16_r(d)) / 1000, prove_ms, same round and allocation"
plonk_minus_groth16_s,cpu2,plonk-groth16,15,4,22.62256,"(PLONK_r(d) - Groth16_r(d)) / 1000, prove_ms, same round and allocation"
plonk_minus_groth16_s,cpu2,plonk-groth16,15,5,23.62403,"(PLONK_r(d) - Groth16_r(d)) / 1000, prove_ms, same round and allocation"
plonk_minus_groth16_s,cpu4,plonk-groth16,5,1,9.973881,"(PLONK_r(d) - Groth16_r(d)) / 1000, prove_ms, same round and allocation"
plonk_minus_groth16_s,cpu4,plonk-groth16,5,2,9.966678,"(PLONK_r(d) - Groth16_r(d)) / 1000, prove_ms, same round and allocation"
plonk_minus_groth16_s,cpu4,plonk-groth16,5,3,10.320938,"(PLONK_r(d) - Groth16_r(d)) / 1000, prove_ms, same round and allocation"
plonk_minus_groth16_s,cpu4,plonk-groth16,5,4,10.06235,"(PLONK_r(d) - Groth16_r(d)) / 1000, prove_ms, same round and allocation"
plonk_minus_groth16_s,cpu4,plonk-groth16,5,5,11.347445,"(PLONK_r(d) - Groth16_r(d)) / 1000, prove_ms, same round and allocation"
plonk_minus_groth16_s,cpu4,plonk-groth16,6,1,10.007338,"(PLONK_r(d) - Groth16_r(d)) / 1000, prove_ms, same round and allocation"
plonk_minus_groth16_s,cpu4,plonk-groth16,6,2,10.068326,"(PLONK_r(d) - Groth16_r(d)) / 1000, prove_ms, same round and allocation"
plonk_minus_groth16_s,cpu4,plonk-groth16,6,3,10.132122,"(PLONK_r(d) - Groth16_r(d)) / 1000, prove_ms, same round and allocation"
plonk_minus_groth16_s,cpu4,plonk-groth16,6,4,9.974452,"(PLONK_r(d) - Groth16_r(d)) / 1000, prove_ms, same round and allocation"
plonk_minus_groth16_s,cpu4,plonk-groth16,6,5,11.300957,"(PLONK_r(d) - Groth16_r(d)) / 1000, prove_ms, same round and allocation"
plonk_minus_groth16_s,cpu4,plonk-groth16,7,1,10.013385,"(PLONK_r(d) - Groth16_r(d)) / 1000, prove_ms, same round and allocation"
plonk_minus_groth16_s,cpu4,plonk-groth16,7,2,10.018706,"(PLONK_r(d) - Groth16_r(d)) / 1000, prove_ms, same round and allocation"
plonk_minus_groth16_s,cpu4,plonk-groth16,7,3,10.769927,"(PLONK_r(d) - Groth16_r(d)) / 1000, prove_ms, same round and allocation"
plonk_minus_groth16_s,cpu4,plonk-groth16,7,4,10.130439,"(PLONK_r(d) - Groth16_r(d)) / 1000, prove_ms, same round and allocation"
plonk_minus_groth16_s,cpu4,plonk-groth16,7,5,11.738655,"(PLONK_r(d) - Groth16_r(d)) / 1000, prove_ms, same round and allocation"
plonk_minus_groth16_s,cpu4,plonk-groth16,8,1,10.040269,"(PLONK_r(d) - Groth16_r(d)) / 1000, prove_ms, same round and allocation"
plonk_minus_groth16_s,cpu4,plonk-groth16,8,2,9.955332,"(PLONK_r(d) - Groth16_r(d)) / 1000, prove_ms, same round and allocation"
plonk_minus_groth16_s,cpu4,plonk-groth16,8,3,10.071823,"(PLONK_r(d) - Groth16_r(d)) / 1000, prove_ms, same round and allocation"
plonk_minus_groth16_s,cpu4,plonk-groth16,8,4,9.970836,"(PLONK_r(d) - Groth16_r(d)) / 1000, prove_ms, same round and allocation"
plonk_minus_groth16_s,cpu4,plonk-groth16,8,5,10.066345,"(PLONK_r(d) - Groth16_r(d)) / 1000, prove_ms, same round and allocation"
plonk_minus_groth16_s,cpu4,plonk-groth16,9,1,9.992357,"(PLONK_r(d) - Groth16_r(d)) / 1000, prove_ms, same round and allocation"
plonk_minus_groth16_s,cpu4,plonk-groth16,9,2,10.049087,"(PLONK_r(d) - Groth16_r(d)) / 1000, prove_ms, same round and allocation"
plonk_minus_groth16_s,cpu4,plonk-groth16,9,3,10.013253,"(PLONK_r(d) - Groth16_r(d)) / 1000, prove_ms, same round and allocation"
plonk_minus_groth16_s,cpu4,plonk-groth16,9,4,9.996534,"(PLONK_r(d) - Groth16_r(d)) / 1000, prove_ms, same round and allocation"
plonk_minus_groth16_s,cpu4,plonk-groth16,9,5,11.244336,"(PLONK_r(d) - Groth16_r(d)) / 1000, prove_ms, same round and allocation"
plonk_minus_groth16_s,cpu4,plonk-groth16,10,1,10.021842,"(PLONK_r(d) - Groth16_r(d)) / 1000, prove_ms, same round and allocation"
plonk_minus_groth16_s,cpu4,plonk-groth16,10,2,9.886644,"(PLONK_r(d) - Groth16_r(d)) / 1000, prove_ms, same round and allocation"
plonk_minus_groth16_s,cpu4,plonk-groth16,10,3,10.112943,"(PLONK_r(d) - Groth16_r(d)) / 1000, prove_ms, same round and allocation"
plonk_minus_groth16_s,cpu4,plonk-groth16,10,4,9.99514,"(PLONK_r(d) - Groth16_r(d)) / 1000, prove_ms, same round and allocation"
plonk_minus_groth16_s,cpu4,plonk-groth16,10,5,11.231462,"(PLONK_r(d) - Groth16_r(d)) / 1000, prove_ms, same round and allocation"
plonk_minus_groth16_s,cpu4,plonk-groth16,11,1,19.278542,"(PLONK_r(d) - Groth16_r(d)) / 1000, prove_ms, same round and allocation"
plonk_minus_groth16_s,cpu4,plonk-groth16,11,2,19.433744,"(PLONK_r(d) - Groth16_r(d)) / 1000, prove_ms, same round and allocation"
plonk_minus_groth16_s,cpu4,plonk-groth16,11,3,19.69144,"(PLONK_r(d) - Groth16_r(d)) / 1000, prove_ms, same round and allocation"
plonk_minus_groth16_s,cpu4,plonk-groth16,11,4,19.515732,"(PLONK_r(d) - Groth16_r(d)) / 1000, prove_ms, same round and allocation"
plonk_minus_groth16_s,cpu4,plonk-groth16,11,5,21.882297,"(PLONK_r(d) - Groth16_r(d)) / 1000, prove_ms, same round and allocation"
plonk_minus_groth16_s,cpu4,plonk-groth16,12,1,19.44607,"(PLONK_r(d) - Groth16_r(d)) / 1000, prove_ms, same round and allocation"
plonk_minus_groth16_s,cpu4,plonk-groth16,12,2,19.390918,"(PLONK_r(d) - Groth16_r(d)) / 1000, prove_ms, same round and allocation"
plonk_minus_groth16_s,cpu4,plonk-groth16,12,3,19.437553,"(PLONK_r(d) - Groth16_r(d)) / 1000, prove_ms, same round and allocation"
plonk_minus_groth16_s,cpu4,plonk-groth16,12,4,19.379638,"(PLONK_r(d) - Groth16_r(d)) / 1000, prove_ms, same round and allocation"
plonk_minus_groth16_s,cpu4,plonk-groth16,12,5,21.82432,"(PLONK_r(d) - Groth16_r(d)) / 1000, prove_ms, same round and allocation"
plonk_minus_groth16_s,cpu4,plonk-groth16,13,1,19.51765,"(PLONK_r(d) - Groth16_r(d)) / 1000, prove_ms, same round and allocation"
plonk_minus_groth16_s,cpu4,plonk-groth16,13,2,19.363155,"(PLONK_r(d) - Groth16_r(d)) / 1000, prove_ms, same round and allocation"
plonk_minus_groth16_s,cpu4,plonk-groth16,13,3,19.742874,"(PLONK_r(d) - Groth16_r(d)) / 1000, prove_ms, same round and allocation"
plonk_minus_groth16_s,cpu4,plonk-groth16,13,4,19.273868,"(PLONK_r(d) - Groth16_r(d)) / 1000, prove_ms, same round and allocation"
plonk_minus_groth16_s,cpu4,plonk-groth16,13,5,21.886376,"(PLONK_r(d) - Groth16_r(d)) / 1000, prove_ms, same round and allocation"
plonk_minus_groth16_s,cpu4,plonk-groth16,14,1,19.327064,"(PLONK_r(d) - Groth16_r(d)) / 1000, prove_ms, same round and allocation"
plonk_minus_groth16_s,cpu4,plonk-groth16,14,2,19.205883,"(PLONK_r(d) - Groth16_r(d)) / 1000, prove_ms, same round and allocation"
plonk_minus_groth16_s,cpu4,plonk-groth16,14,3,19.784645,"(PLONK_r(d) - Groth16_r(d)) / 1000, prove_ms, same round and allocation"
plonk_minus_groth16_s,cpu4,plonk-groth16,14,4,19.348549,"(PLONK_r(d) - Groth16_r(d)) / 1000, prove_ms, same round and allocation"
plonk_minus_groth16_s,cpu4,plonk-groth16,14,5,21.864772,"(PLONK_r(d) - Groth16_r(d)) / 1000, prove_ms, same round and allocation"
plonk_minus_groth16_s,cpu4,plonk-groth16,15,1,19.373285,"(PLONK_r(d) - Groth16_r(d)) / 1000, prove_ms, same round and allocation"
plonk_minus_groth16_s,cpu4,plonk-groth16,15,2,19.241658,"(PLONK_r(d) - Groth16_r(d)) / 1000, prove_ms, same round and allocation"
plonk_minus_groth16_s,cpu4,plonk-groth16,15,3,19.617147,"(PLONK_r(d) - Groth16_r(d)) / 1000, prove_ms, same round and allocation"
plonk_minus_groth16_s,cpu4,plonk-groth16,15,4,19.470062,"(PLONK_r(d) - Groth16_r(d)) / 1000, prove_ms, same round and allocation"
plonk_minus_groth16_s,cpu4,plonk-groth16,15,5,21.947018,"(PLONK_r(d) - Groth16_r(d)) / 1000, prove_ms, same round and allocation"
plonk_minus_groth16_s,cpu8,plonk-groth16,5,1,9.433527,"(PLONK_r(d) - Groth16_r(d)) / 1000, prove_ms, same round and allocation"
plonk_minus_groth16_s,cpu8,plonk-groth16,5,2,9.491682,"(PLONK_r(d) - Groth16_r(d)) / 1000, prove_ms, same round and allocation"
plonk_minus_groth16_s,cpu8,plonk-groth16,5,3,9.353888,"(PLONK_r(d) - Groth16_r(d)) / 1000, prove_ms, same round and allocation"
plonk_minus_groth16_s,cpu8,plonk-groth16,5,4,9.367693,"(PLONK_r(d) - Groth16_r(d)) / 1000, prove_ms, same round and allocation"
plonk_minus_groth16_s,cpu8,plonk-groth16,5,5,9.66561,"(PLONK_r(d) - Groth16_r(d)) / 1000, prove_ms, same round and allocation"
plonk_minus_groth16_s,cpu8,plonk-groth16,6,1,9.492484,"(PLONK_r(d) - Groth16_r(d)) / 1000, prove_ms, same round and allocation"
plonk_minus_groth16_s,cpu8,plonk-groth16,6,2,9.631145,"(PLONK_r(d) - Groth16_r(d)) / 1000, prove_ms, same round and allocation"
plonk_minus_groth16_s,cpu8,plonk-groth16,6,3,9.400893,"(PLONK_r(d) - Groth16_r(d)) / 1000, prove_ms, same round and allocation"
plonk_minus_groth16_s,cpu8,plonk-groth16,6,4,9.32627,"(PLONK_r(d) - Groth16_r(d)) / 1000, prove_ms, same round and allocation"
plonk_minus_groth16_s,cpu8,plonk-groth16,6,5,9.638668,"(PLONK_r(d) - Groth16_r(d)) / 1000, prove_ms, same round and allocation"
plonk_minus_groth16_s,cpu8,plonk-groth16,7,1,9.504436,"(PLONK_r(d) - Groth16_r(d)) / 1000, prove_ms, same round and allocation"
plonk_minus_groth16_s,cpu8,plonk-groth16,7,2,9.530392,"(PLONK_r(d) - Groth16_r(d)) / 1000, prove_ms, same round and allocation"
plonk_minus_groth16_s,cpu8,plonk-groth16,7,3,9.340619,"(PLONK_r(d) - Groth16_r(d)) / 1000, prove_ms, same round and allocation"
plonk_minus_groth16_s,cpu8,plonk-groth16,7,4,9.396094,"(PLONK_r(d) - Groth16_r(d)) / 1000, prove_ms, same round and allocation"
plonk_minus_groth16_s,cpu8,plonk-groth16,7,5,9.630831,"(PLONK_r(d) - Groth16_r(d)) / 1000, prove_ms, same round and allocation"
plonk_minus_groth16_s,cpu8,plonk-groth16,8,1,9.558936,"(PLONK_r(d) - Groth16_r(d)) / 1000, prove_ms, same round and allocation"
plonk_minus_groth16_s,cpu8,plonk-groth16,8,2,9.428053,"(PLONK_r(d) - Groth16_r(d)) / 1000, prove_ms, same round and allocation"
plonk_minus_groth16_s,cpu8,plonk-groth16,8,3,9.311707,"(PLONK_r(d) - Groth16_r(d)) / 1000, prove_ms, same round and allocation"
plonk_minus_groth16_s,cpu8,plonk-groth16,8,4,9.33256,"(PLONK_r(d) - Groth16_r(d)) / 1000, prove_ms, same round and allocation"
plonk_minus_groth16_s,cpu8,plonk-groth16,8,5,9.48617,"(PLONK_r(d) - Groth16_r(d)) / 1000, prove_ms, same round and allocation"
plonk_minus_groth16_s,cpu8,plonk-groth16,9,1,9.443581,"(PLONK_r(d) - Groth16_r(d)) / 1000, prove_ms, same round and allocation"
plonk_minus_groth16_s,cpu8,plonk-groth16,9,2,9.540368,"(PLONK_r(d) - Groth16_r(d)) / 1000, prove_ms, same round and allocation"
plonk_minus_groth16_s,cpu8,plonk-groth16,9,3,9.467927,"(PLONK_r(d) - Groth16_r(d)) / 1000, prove_ms, same round and allocation"
plonk_minus_groth16_s,cpu8,plonk-groth16,9,4,9.384868,"(PLONK_r(d) - Groth16_r(d)) / 1000, prove_ms, same round and allocation"
plonk_minus_groth16_s,cpu8,plonk-groth16,9,5,9.643976,"(PLONK_r(d) - Groth16_r(d)) / 1000, prove_ms, same round and allocation"
plonk_minus_groth16_s,cpu8,plonk-groth16,10,1,9.513479,"(PLONK_r(d) - Groth16_r(d)) / 1000, prove_ms, same round and allocation"
plonk_minus_groth16_s,cpu8,plonk-groth16,10,2,9.593301,"(PLONK_r(d) - Groth16_r(d)) / 1000, prove_ms, same round and allocation"
plonk_minus_groth16_s,cpu8,plonk-groth16,10,3,9.313461,"(PLONK_r(d) - Groth16_r(d)) / 1000, prove_ms, same round and allocation"
plonk_minus_groth16_s,cpu8,plonk-groth16,10,4,9.328221,"(PLONK_r(d) - Groth16_r(d)) / 1000, prove_ms, same round and allocation"
plonk_minus_groth16_s,cpu8,plonk-groth16,10,5,9.611065,"(PLONK_r(d) - Groth16_r(d)) / 1000, prove_ms, same round and allocation"
plonk_minus_groth16_s,cpu8,plonk-groth16,11,1,18.652042,"(PLONK_r(d) - Groth16_r(d)) / 1000, prove_ms, same round and allocation"
plonk_minus_groth16_s,cpu8,plonk-groth16,11,2,18.866669,"(PLONK_r(d) - Groth16_r(d)) / 1000, prove_ms, same round and allocation"
plonk_minus_groth16_s,cpu8,plonk-groth16,11,3,18.379159,"(PLONK_r(d) - Groth16_r(d)) / 1000, prove_ms, same round and allocation"
plonk_minus_groth16_s,cpu8,plonk-groth16,11,4,18.857731,"(PLONK_r(d) - Groth16_r(d)) / 1000, prove_ms, same round and allocation"
plonk_minus_groth16_s,cpu8,plonk-groth16,11,5,18.983478,"(PLONK_r(d) - Groth16_r(d)) / 1000, prove_ms, same round and allocation"
plonk_minus_groth16_s,cpu8,plonk-groth16,12,1,18.616857,"(PLONK_r(d) - Groth16_r(d)) / 1000, prove_ms, same round and allocation"
plonk_minus_groth16_s,cpu8,plonk-groth16,12,2,18.890286,"(PLONK_r(d) - Groth16_r(d)) / 1000, prove_ms, same round and allocation"
plonk_minus_groth16_s,cpu8,plonk-groth16,12,3,18.413045,"(PLONK_r(d) - Groth16_r(d)) / 1000, prove_ms, same round and allocation"
plonk_minus_groth16_s,cpu8,plonk-groth16,12,4,18.43426,"(PLONK_r(d) - Groth16_r(d)) / 1000, prove_ms, same round and allocation"
plonk_minus_groth16_s,cpu8,plonk-groth16,12,5,18.754454,"(PLONK_r(d) - Groth16_r(d)) / 1000, prove_ms, same round and allocation"
plonk_minus_groth16_s,cpu8,plonk-groth16,13,1,18.420391,"(PLONK_r(d) - Groth16_r(d)) / 1000, prove_ms, same round and allocation"
plonk_minus_groth16_s,cpu8,plonk-groth16,13,2,18.616341,"(PLONK_r(d) - Groth16_r(d)) / 1000, prove_ms, same round and allocation"
plonk_minus_groth16_s,cpu8,plonk-groth16,13,3,18.51481,"(PLONK_r(d) - Groth16_r(d)) / 1000, prove_ms, same round and allocation"
plonk_minus_groth16_s,cpu8,plonk-groth16,13,4,18.330062,"(PLONK_r(d) - Groth16_r(d)) / 1000, prove_ms, same round and allocation"
plonk_minus_groth16_s,cpu8,plonk-groth16,13,5,18.615149,"(PLONK_r(d) - Groth16_r(d)) / 1000, prove_ms, same round and allocation"
plonk_minus_groth16_s,cpu8,plonk-groth16,14,1,18.551714,"(PLONK_r(d) - Groth16_r(d)) / 1000, prove_ms, same round and allocation"
plonk_minus_groth16_s,cpu8,plonk-groth16,14,2,19.059732,"(PLONK_r(d) - Groth16_r(d)) / 1000, prove_ms, same round and allocation"
plonk_minus_groth16_s,cpu8,plonk-groth16,14,3,18.383213,"(PLONK_r(d) - Groth16_r(d)) / 1000, prove_ms, same round and allocation"
plonk_minus_groth16_s,cpu8,plonk-groth16,14,4,18.405291,"(PLONK_r(d) - Groth16_r(d)) / 1000, prove_ms, same round and allocation"
plonk_minus_groth16_s,cpu8,plonk-groth16,14,5,19.117218,"(PLONK_r(d) - Groth16_r(d)) / 1000, prove_ms, same round and allocation"
plonk_minus_groth16_s,cpu8,plonk-groth16,15,1,19.024161,"(PLONK_r(d) - Groth16_r(d)) / 1000, prove_ms, same round and allocation"
plonk_minus_groth16_s,cpu8,plonk-groth16,15,2,18.797857,"(PLONK_r(d) - Groth16_r(d)) / 1000, prove_ms, same round and allocation"
plonk_minus_groth16_s,cpu8,plonk-groth16,15,3,18.297572,"(PLONK_r(d) - Groth16_r(d)) / 1000, prove_ms, same round and allocation"
plonk_minus_groth16_s,cpu8,plonk-groth16,15,4,18.265628,"(PLONK_r(d) - Groth16_r(d)) / 1000, prove_ms, same round and allocation"
plonk_minus_groth16_s,cpu8,plonk-groth16,15,5,18.736469,"(PLONK_r(d) - Groth16_r(d)) / 1000, prove_ms, same round and allocation"
gap_reduction_cpu2_to_cpu8_pct,cpu2->cpu8,plonk-groth16,5,1,27.56965743,"100 * (1 - gap_r(d, cpu8) / gap_r(d, cpu2)), same round"
gap_reduction_cpu2_to_cpu8_pct,cpu2->cpu8,plonk-groth16,5,2,19.60034306,"100 * (1 - gap_r(d, cpu8) / gap_r(d, cpu2)), same round"
gap_reduction_cpu2_to_cpu8_pct,cpu2->cpu8,plonk-groth16,5,3,26.22806621,"100 * (1 - gap_r(d, cpu8) / gap_r(d, cpu2)), same round"
gap_reduction_cpu2_to_cpu8_pct,cpu2->cpu8,plonk-groth16,5,4,19.53455468,"100 * (1 - gap_r(d, cpu8) / gap_r(d, cpu2)), same round"
gap_reduction_cpu2_to_cpu8_pct,cpu2->cpu8,plonk-groth16,5,5,19.88316362,"100 * (1 - gap_r(d, cpu8) / gap_r(d, cpu2)), same round"
gap_reduction_cpu2_to_cpu8_pct,cpu2->cpu8,plonk-groth16,6,1,27.39840731,"100 * (1 - gap_r(d, cpu8) / gap_r(d, cpu2)), same round"
gap_reduction_cpu2_to_cpu8_pct,cpu2->cpu8,plonk-groth16,6,2,18.60382863,"100 * (1 - gap_r(d, cpu8) / gap_r(d, cpu2)), same round"
gap_reduction_cpu2_to_cpu8_pct,cpu2->cpu8,plonk-groth16,6,3,21.23390779,"100 * (1 - gap_r(d, cpu8) / gap_r(d, cpu2)), same round"
gap_reduction_cpu2_to_cpu8_pct,cpu2->cpu8,plonk-groth16,6,4,19.91633964,"100 * (1 - gap_r(d, cpu8) / gap_r(d, cpu2)), same round"
gap_reduction_cpu2_to_cpu8_pct,cpu2->cpu8,plonk-groth16,6,5,18.44538123,"100 * (1 - gap_r(d, cpu8) / gap_r(d, cpu2)), same round"
gap_reduction_cpu2_to_cpu8_pct,cpu2->cpu8,plonk-groth16,7,1,27.11248304,"100 * (1 - gap_r(d, cpu8) / gap_r(d, cpu2)), same round"
gap_reduction_cpu2_to_cpu8_pct,cpu2->cpu8,plonk-groth16,7,2,19.09148484,"100 * (1 - gap_r(d, cpu8) / gap_r(d, cpu2)), same round"
gap_reduction_cpu2_to_cpu8_pct,cpu2->cpu8,plonk-groth16,7,3,22.13394375,"100 * (1 - gap_r(d, cpu8) / gap_r(d, cpu2)), same round"
gap_reduction_cpu2_to_cpu8_pct,cpu2->cpu8,plonk-groth16,7,4,19.91821785,"100 * (1 - gap_r(d, cpu8) / gap_r(d, cpu2)), same round"
gap_reduction_cpu2_to_cpu8_pct,cpu2->cpu8,plonk-groth16,7,5,19.10914687,"100 * (1 - gap_r(d, cpu8) / gap_r(d, cpu2)), same round"
gap_reduction_cpu2_to_cpu8_pct,cpu2->cpu8,plonk-groth16,8,1,26.43074835,"100 * (1 - gap_r(d, cpu8) / gap_r(d, cpu2)), same round"
gap_reduction_cpu2_to_cpu8_pct,cpu2->cpu8,plonk-groth16,8,2,19.67581347,"100 * (1 - gap_r(d, cpu8) / gap_r(d, cpu2)), same round"
gap_reduction_cpu2_to_cpu8_pct,cpu2->cpu8,plonk-groth16,8,3,21.8893589,"100 * (1 - gap_r(d, cpu8) / gap_r(d, cpu2)), same round"
gap_reduction_cpu2_to_cpu8_pct,cpu2->cpu8,plonk-groth16,8,4,20.49855625,"100 * (1 - gap_r(d, cpu8) / gap_r(d, cpu2)), same round"
gap_reduction_cpu2_to_cpu8_pct,cpu2->cpu8,plonk-groth16,8,5,20.77459775,"100 * (1 - gap_r(d, cpu8) / gap_r(d, cpu2)), same round"
gap_reduction_cpu2_to_cpu8_pct,cpu2->cpu8,plonk-groth16,9,1,26.9388447,"100 * (1 - gap_r(d, cpu8) / gap_r(d, cpu2)), same round"
gap_reduction_cpu2_to_cpu8_pct,cpu2->cpu8,plonk-groth16,9,2,19.17297316,"100 * (1 - gap_r(d, cpu8) / gap_r(d, cpu2)), same round"
gap_reduction_cpu2_to_cpu8_pct,cpu2->cpu8,plonk-groth16,9,3,19.8986746,"100 * (1 - gap_r(d, cpu8) / gap_r(d, cpu2)), same round"
gap_reduction_cpu2_to_cpu8_pct,cpu2->cpu8,plonk-groth16,9,4,19.37911856,"100 * (1 - gap_r(d, cpu8) / gap_r(d, cpu2)), same round"
gap_reduction_cpu2_to_cpu8_pct,cpu2->cpu8,plonk-groth16,9,5,19.91157365,"100 * (1 - gap_r(d, cpu8) / gap_r(d, cpu2)), same round"
gap_reduction_cpu2_to_cpu8_pct,cpu2->cpu8,plonk-groth16,10,1,26.9146394,"100 * (1 - gap_r(d, cpu8) / gap_r(d, cpu2)), same round"
gap_reduction_cpu2_to_cpu8_pct,cpu2->cpu8,plonk-groth16,10,2,18.14687367,"100 * (1 - gap_r(d, cpu8) / gap_r(d, cpu2)), same round"
gap_reduction_cpu2_to_cpu8_pct,cpu2->cpu8,plonk-groth16,10,3,21.27599272,"100 * (1 - gap_r(d, cpu8) / gap_r(d, cpu2)), same round"
gap_reduction_cpu2_to_cpu8_pct,cpu2->cpu8,plonk-groth16,10,4,20.14820683,"100 * (1 - gap_r(d, cpu8) / gap_r(d, cpu2)), same round"
gap_reduction_cpu2_to_cpu8_pct,cpu2->cpu8,plonk-groth16,10,5,18.72108565,"100 * (1 - gap_r(d, cpu8) / gap_r(d, cpu2)), same round"
gap_reduction_cpu2_to_cpu8_pct,cpu2->cpu8,plonk-groth16,11,1,27.43712405,"100 * (1 - gap_r(d, cpu8) / gap_r(d, cpu2)), same round"
gap_reduction_cpu2_to_cpu8_pct,cpu2->cpu8,plonk-groth16,11,2,17.683013,"100 * (1 - gap_r(d, cpu8) / gap_r(d, cpu2)), same round"
gap_reduction_cpu2_to_cpu8_pct,cpu2->cpu8,plonk-groth16,11,3,20.56613867,"100 * (1 - gap_r(d, cpu8) / gap_r(d, cpu2)), same round"
gap_reduction_cpu2_to_cpu8_pct,cpu2->cpu8,plonk-groth16,11,4,17.21816494,"100 * (1 - gap_r(d, cpu8) / gap_r(d, cpu2)), same round"
gap_reduction_cpu2_to_cpu8_pct,cpu2->cpu8,plonk-groth16,11,5,18.53876042,"100 * (1 - gap_r(d, cpu8) / gap_r(d, cpu2)), same round"
gap_reduction_cpu2_to_cpu8_pct,cpu2->cpu8,plonk-groth16,12,1,26.89367434,"100 * (1 - gap_r(d, cpu8) / gap_r(d, cpu2)), same round"
gap_reduction_cpu2_to_cpu8_pct,cpu2->cpu8,plonk-groth16,12,2,17.51414181,"100 * (1 - gap_r(d, cpu8) / gap_r(d, cpu2)), same round"
gap_reduction_cpu2_to_cpu8_pct,cpu2->cpu8,plonk-groth16,12,3,19.92992831,"100 * (1 - gap_r(d, cpu8) / gap_r(d, cpu2)), same round"
gap_reduction_cpu2_to_cpu8_pct,cpu2->cpu8,plonk-groth16,12,4,18.76694241,"100 * (1 - gap_r(d, cpu8) / gap_r(d, cpu2)), same round"
gap_reduction_cpu2_to_cpu8_pct,cpu2->cpu8,plonk-groth16,12,5,18.69709196,"100 * (1 - gap_r(d, cpu8) / gap_r(d, cpu2)), same round"
gap_reduction_cpu2_to_cpu8_pct,cpu2->cpu8,plonk-groth16,13,1,26.94526318,"100 * (1 - gap_r(d, cpu8) / gap_r(d, cpu2)), same round"
gap_reduction_cpu2_to_cpu8_pct,cpu2->cpu8,plonk-groth16,13,2,18.80769434,"100 * (1 - gap_r(d, cpu8) / gap_r(d, cpu2)), same round"
gap_reduction_cpu2_to_cpu8_pct,cpu2->cpu8,plonk-groth16,13,3,19.84245059,"100 * (1 - gap_r(d, cpu8) / gap_r(d, cpu2)), same round"
gap_reduction_cpu2_to_cpu8_pct,cpu2->cpu8,plonk-groth16,13,4,18.99530656,"100 * (1 - gap_r(d, cpu8) / gap_r(d, cpu2)), same round"
gap_reduction_cpu2_to_cpu8_pct,cpu2->cpu8,plonk-groth16,13,5,18.98485418,"100 * (1 - gap_r(d, cpu8) / gap_r(d, cpu2)), same round"
gap_reduction_cpu2_to_cpu8_pct,cpu2->cpu8,plonk-groth16,14,1,25.4262441,"100 * (1 - gap_r(d, cpu8) / gap_r(d, cpu2)), same round"
gap_reduction_cpu2_to_cpu8_pct,cpu2->cpu8,plonk-groth16,14,2,16.58808068,"100 * (1 - gap_r(d, cpu8) / gap_r(d, cpu2)), same round"
gap_reduction_cpu2_to_cpu8_pct,cpu2->cpu8,plonk-groth16,14,3,20.73669992,"100 * (1 - gap_r(d, cpu8) / gap_r(d, cpu2)), same round"
gap_reduction_cpu2_to_cpu8_pct,cpu2->cpu8,plonk-groth16,14,4,19.51629644,"100 * (1 - gap_r(d, cpu8) / gap_r(d, cpu2)), same round"
gap_reduction_cpu2_to_cpu8_pct,cpu2->cpu8,plonk-groth16,14,5,17.79149103,"100 * (1 - gap_r(d, cpu8) / gap_r(d, cpu2)), same round"
gap_reduction_cpu2_to_cpu8_pct,cpu2->cpu8,plonk-groth16,15,1,24.98132041,"100 * (1 - gap_r(d, cpu8) / gap_r(d, cpu2)), same round"
gap_reduction_cpu2_to_cpu8_pct,cpu2->cpu8,plonk-groth16,15,2,17.43343223,"100 * (1 - gap_r(d, cpu8) / gap_r(d, cpu2)), same round"
gap_reduction_cpu2_to_cpu8_pct,cpu2->cpu8,plonk-groth16,15,3,19.92384842,"100 * (1 - gap_r(d, cpu8) / gap_r(d, cpu2)), same round"
gap_reduction_cpu2_to_cpu8_pct,cpu2->cpu8,plonk-groth16,15,4,19.25923503,"100 * (1 - gap_r(d, cpu8) / gap_r(d, cpu2)), same round"
gap_reduction_cpu2_to_cpu8_pct,cpu2->cpu8,plonk-groth16,15,5,20.68893834,"100 * (1 - gap_r(d, cpu8) / gap_r(d, cpu2)), same round"
